Coluna;Mês Desligamento
Município;Não desligado ano;Janeiro;Fevereiro;Março;Abril;Maio;Junho;Julho;Agosto;Setembro;Outubro;Novembro;Dezembro;Total
110001;864;28;25;51;36;24;31;29;46;25;15;18;43;1235
110002;5474;238;251;275;260;282;361;216;322;295;249;299;530;9052
110003;268;3;0;4;1;3;4;2;13;4;6;3;3;314
110004;5832;258;218;285;231;303;361;296;345;348;242;344;324;9387
110005;916;24;45;23;43;47;43;41;47;28;39;43;80;1419
110006;945;33;71;24;39;34;31;31;43;25;34;19;203;1532
110007;276;0;0;1;3;3;4;1;1;6;0;3;3;301
110008;269;3;5;11;7;5;5;0;6;6;3;2;20;342
110009;1055;30;26;38;60;48;63;42;58;22;36;32;118;1628
110010;30134;198;101;108;257;167;154;169;149;98;144;115;69;31863
110011;3090;147;119;155;134;142;164;152;167;172;128;154;187;4911
110012;11008;399;414;1129;566;572;588;537;546;479;479;445;514;17676
110013;452;4;16;26;20;28;11;15;10;6;7;15;1;611
110014;428;6;15;31;10;7;37;15;14;10;11;13;5;602
110015;2398;78;89;87;165;80;73;83;133;75;83;91;102;3537
110018;3437;133;118;195;161;129;203;146;162;185;195;261;226;5551
110020;49789;1634;1412;1660;1361;1339;2317;1646;1814;1382;1459;1496;1705;69014
110025;1064;17;24;23;56;32;36;20;35;55;17;20;13;1412
110026;91;0;0;2;0;0;0;0;0;0;0;0;30;123
110028;2770;135;75;88;161;96;109;105;117;135;91;100;161;4143
110029;320;4;5;5;13;16;9;10;22;15;8;10;19;456
110030;5737;341;293;273;275;287;318;270;341;243;264;330;317;9289
110032;460;11;22;11;27;11;18;25;19;14;7;9;19;653
110033;317;4;3;3;3;2;3;4;10;2;16;5;3;375
110034;675;24;18;13;39;14;19;14;22;12;12;30;32;924
110037;136;0;2;1;3;1;2;2;5;2;2;0;0;156
110040;187;0;3;9;4;18;8;9;7;25;1;3;156;430
110045;200;8;8;28;35;21;15;18;10;21;15;22;59;460
110050;221;0;0;2;11;0;1;1;3;2;16;48;0;305
110060;129;3;1;6;2;2;1;4;7;7;5;3;31;201
110070;104;8;5;6;9;3;2;7;1;9;9;10;1;174
110080;279;10;13;11;33;10;15;6;20;13;18;11;6;445
110090;152;4;10;7;11;12;16;5;3;6;2;7;4;239
110092;335;17;13;21;18;17;11;14;17;14;11;20;7;515
110094;200;13;17;20;14;8;15;20;23;15;15;12;18;390
110100;192;0;7;4;13;2;1;0;0;1;6;2;12;240
110110;298;11;5;5;4;6;4;5;6;2;17;9;1;373
110120;222;1;2;3;2;0;0;0;5;3;7;3;1;249
110130;340;7;17;19;10;22;9;18;18;7;3;11;15;496
110140;407;7;5;23;10;9;19;112;8;7;18;12;3;640
110143;7;0;0;0;1;0;0;1;0;1;0;0;0;10
110145;94;0;0;0;0;0;0;2;0;0;0;0;5;101
110146;75;37;0;0;0;4;1;0;0;1;0;2;1;121
110147;78;0;0;0;1;0;3;0;1;1;8;6;1;99
110148;89;13;1;0;0;1;0;0;9;13;0;7;0;133
110149;186;4;8;20;22;9;12;17;10;8;9;15;75;395
110150;68;7;6;5;6;21;4;5;5;9;1;10;3;150
110155;37;4;4;3;1;6;3;4;4;5;1;2;1;75
110160;279;12;4;51;12;20;3;8;3;5;4;12;21;434
110170;230;1;2;3;0;0;1;1;10;0;3;1;3;255
110175;168;4;2;39;0;4;16;69;1;1;1;2;2;309
110180;200;0;7;17;10;6;9;7;8;7;1;18;2;292
120001;177;1;1;1;2;0;2;0;0;0;1;0;2;187
120005;118;0;0;0;0;1;1;1;0;0;0;0;0;121
120010;335;4;3;4;3;15;9;4;2;2;0;5;6;392
120013;273;3;7;14;6;11;6;5;7;2;10;7;2;353
120017;95;0;2;1;1;3;0;0;0;1;1;1;0;105
120020;2059;32;29;31;42;33;47;43;37;38;46;30;62;2529
120025;167;1;1;1;2;2;2;1;1;3;2;2;0;185
120030;382;2;1;1;0;7;3;3;6;2;1;1;2;411
120033;146;0;0;0;2;0;1;2;0;0;0;0;1;152
120034;67;0;0;0;3;0;0;1;0;0;2;1;0;74
120035;115;0;0;0;0;0;0;0;0;0;0;0;0;115
120038;259;0;1;3;4;9;4;3;3;1;1;1;3;292
120039;94;0;0;0;0;0;0;0;0;0;0;0;0;94
120040;53565;579;543;864;748;967;694;810;751;708;1037;801;1043;63110
120042;136;0;0;0;0;0;0;0;0;0;0;0;0;136
120043;297;9;8;11;7;19;9;13;18;13;23;10;16;453
120045;410;5;5;4;9;9;10;4;10;7;9;10;9;501
120050;510;1;5;5;4;17;3;15;17;9;26;7;30;649
120060;486;7;3;4;3;19;3;5;7;5;7;5;8;562
120070;356;2;1;1;1;6;5;2;0;4;3;6;6;393
120080;129;4;0;1;1;1;1;1;0;0;0;1;1;140
130002;96;0;0;0;0;0;0;0;0;0;0;0;0;96
130006;181;1;19;3;3;1;4;0;0;1;0;0;1;214
130008;1;0;0;0;0;0;0;0;1;0;1;0;0;3
130010;18;0;0;0;0;0;0;0;0;0;0;1;1;20
130014;287;4;0;0;3;3;1;3;2;1;4;2;3;313
130020;3;0;1;0;0;0;0;0;0;0;0;0;0;4
130030;62;3;0;0;0;0;1;0;0;2;0;0;0;68
130040;113;0;0;0;0;0;0;0;0;0;0;2;0;115
130050;113;0;0;0;0;1;1;0;0;0;0;0;1;116
130060;370;1;0;1;0;0;0;0;0;0;5;1;0;378
130063;1;0;0;0;0;0;0;0;0;0;0;0;0;1
130068;101;0;0;0;0;0;0;0;0;0;0;0;0;101
130070;247;1;0;0;0;0;0;0;1;5;0;2;1;257
130080;198;0;0;0;0;0;2;0;0;1;0;9;2;212
130083;197;0;0;0;0;0;0;0;0;0;0;0;0;197
130090;2;0;0;0;0;0;0;0;0;0;0;0;0;2
130100;440;0;2;12;2;11;12;4;5;5;13;5;9;520
130110;357;0;0;0;1;0;2;9;2;4;3;2;3;383
130115;7;0;0;0;0;0;0;0;0;0;0;0;0;7
130120;2393;172;224;143;111;88;199;123;165;184;278;270;184;4534
130130;138;0;0;0;0;0;0;0;0;0;0;0;0;138
130140;155;0;0;0;2;1;0;0;0;0;3;2;2;165
130150;43;0;0;0;0;0;0;0;0;0;0;0;0;43
130160;79;0;0;0;0;0;0;0;0;0;0;1;0;80
130165;8;1;0;0;0;0;0;0;0;0;1;0;0;10
130170;1016;15;9;5;15;11;13;13;16;14;10;21;28;1186
130180;124;0;0;0;0;0;0;0;0;0;0;1;0;125
130185;891;75;27;26;22;18;14;18;15;39;28;77;77;1327
130190;3742;160;241;110;87;288;147;116;87;64;100;120;174;5436
130195;3;0;0;0;0;0;0;0;0;0;0;0;0;3
130200;142;0;0;0;0;0;0;0;0;0;0;3;1;146
130210;1;0;0;0;0;0;0;0;0;0;0;0;0;1
130220;1;0;0;0;0;0;0;0;0;0;0;0;0;1
130230;8;0;0;0;0;0;0;0;0;0;0;1;0;9
130240;155;3;1;1;10;1;0;0;0;1;2;1;2;177
130250;600;39;23;18;19;39;27;21;16;110;91;83;29;1115
130255;1186;10;7;4;4;8;7;9;8;7;8;10;15;1283
130260;215714;7085;5914;6501;6266;6935;6739;7586;6178;6415;7016;7465;8539;298353
130270;329;2;4;6;5;2;2;1;1;1;3;5;8;369
130280;1;0;0;0;0;0;0;0;0;0;0;0;0;1
130290;808;2;22;22;101;34;3;4;3;71;2;15;31;1118
130300;256;0;1;2;0;1;0;1;0;0;1;0;4;266
130310;335;1;1;2;0;4;0;1;1;0;1;0;2;348
130320;28;1;0;7;0;1;0;2;2;0;0;6;1;48
130330;23;0;0;0;0;0;0;0;0;0;1;0;0;24
130340;584;19;10;18;8;5;12;32;9;36;18;14;19;784
130350;74;0;0;3;0;0;0;0;0;0;0;0;0;77
130353;2480;39;82;46;34;42;50;98;61;107;160;95;270;3564
130356;301;8;2;2;3;5;3;1;3;0;8;5;3;344
130360;17;0;0;0;0;0;0;2;0;0;0;2;0;21
130370;13;0;0;0;0;0;0;0;0;0;0;0;0;13
130380;430;1;1;1;3;5;5;3;5;4;6;2;2;468
130390;22;0;0;0;0;0;0;0;1;0;0;0;0;23
130395;10;0;0;2;0;0;0;0;1;0;0;0;0;13
130400;32;0;0;0;0;0;0;0;0;1;0;0;0;33
130406;195;0;0;3;2;3;4;0;7;6;3;4;14;241
130410;195;0;0;0;0;0;0;0;0;0;0;0;0;195
130420;1055;18;14;34;20;21;712;36;81;69;128;159;171;2518
130423;1;0;0;0;0;0;0;0;0;0;0;0;0;1
130426;3;0;0;0;0;0;0;0;0;0;0;0;0;3
130430;205;3;12;5;1;2;0;2;1;1;3;6;2;243
130440;437;1;0;0;0;0;0;1;1;0;0;0;1;441
140005;48;0;0;0;5;13;3;8;11;11;21;22;12;154
140010;25123;513;567;698;672;583;607;631;699;685;758;718;1151;33405
140015;19;0;0;5;1;0;0;0;0;0;0;0;8;33
140017;36;0;0;0;3;0;0;0;0;1;0;0;0;40
140020;351;4;8;8;22;9;14;28;9;17;37;28;30;565
140028;18;0;0;2;0;0;0;0;0;0;0;0;0;20
140030;65;4;1;2;0;1;1;1;3;0;2;0;8;88
140040;2;0;0;0;0;0;0;0;0;0;0;0;1;3
140045;17;4;2;0;0;4;2;1;3;0;2;4;4;43
140047;5;0;0;0;0;0;0;0;1;0;0;0;0;6
140050;12;0;1;0;1;2;0;1;0;0;1;1;0;19
140060;51;0;0;3;4;2;1;2;1;1;6;2;6;79
150010;2000;36;34;25;50;32;28;37;73;31;48;34;75;2503
150013;111;0;1;7;4;1;1;5;2;4;0;4;5;145
150020;510;0;1;0;3;0;2;4;0;2;2;2;0;526
150030;306;10;5;23;8;21;34;21;16;69;7;9;9;538
150034;156;6;0;5;6;5;4;1;4;3;1;0;0;191
150040;518;3;6;5;6;2;2;1;3;12;9;15;35;617
150050;5858;187;130;188;152;153;128;152;141;204;155;157;145;7750
150060;2717;104;64;73;202;84;79;62;93;68;64;83;127;3820
150070;23;0;0;1;0;0;0;0;0;0;2;0;0;26
150080;19997;811;622;710;694;640;768;713;881;716;708;736;887;28883
150090;269;1;1;6;1;1;2;1;1;1;0;3;2;289
150095;378;3;6;9;12;13;6;3;6;5;7;12;16;476
150100;134;0;1;0;0;1;0;0;0;0;1;0;0;137
150110;5;0;0;0;0;0;0;0;0;0;0;0;0;5
150120;102;0;1;0;0;0;61;1;0;2;0;1;12;180
150125;1;0;0;0;0;0;0;0;0;0;0;0;1;2
150130;5361;225;134;173;106;72;145;117;194;97;84;113;153;6974
150140;261582;5564;4467;5798;4777;5895;6019;4979;5114;5376;5258;7040;8457;330326
150145;1410;8;15;18;6;19;18;21;14;9;10;19;10;1577
150150;1343;43;31;32;29;56;33;25;34;25;104;67;30;1852
150157;3114;33;39;41;50;36;53;36;37;37;67;32;48;3623
150160;16;3;0;2;1;0;2;1;0;0;4;1;1;31
150170;1386;31;15;28;15;28;27;31;31;27;25;23;33;1700
150172;88;0;0;0;0;0;3;2;2;1;0;0;14;110
150175;377;2;0;0;0;0;0;0;1;0;0;0;0;380
150178;568;95;27;29;25;23;20;108;46;38;19;17;101;1116
150180;2188;123;316;132;52;150;42;48;39;56;51;30;32;3259
150190;263;0;0;1;0;0;2;2;0;1;4;0;0;273
150195;3;0;0;0;0;0;0;0;0;0;0;0;0;3
150200;347;1;0;0;1;0;1;0;1;0;2;0;1;354
150210;787;7;2;2;7;12;3;7;41;4;3;45;5;925
150215;100;0;0;0;0;0;0;0;0;0;7;1;8;116
150220;2704;55;61;48;46;28;49;41;51;35;45;89;69;3321
150230;488;2;0;7;12;3;12;5;4;4;4;11;18;570
150240;9738;189;231;233;205;229;207;236;286;219;364;309;265;12711
150250;316;3;1;2;0;2;3;3;3;1;1;0;2;337
150260;2;0;1;0;0;1;0;0;0;0;0;0;0;4
150270;1109;23;7;17;13;15;11;16;36;15;20;19;8;1309
150275;670;5;14;10;6;3;4;15;10;5;6;7;15;770
150276;286;15;24;35;32;18;42;125;60;45;51;81;62;876
150277;288;11;10;18;8;17;15;18;8;70;19;55;88;625
150280;119;0;0;0;0;0;0;0;0;0;0;0;0;119
150285;10;0;0;0;0;0;0;0;0;0;0;0;0;10
150290;294;3;1;3;0;0;4;5;4;0;3;3;0;320
150293;1753;56;42;62;101;43;55;133;52;80;45;37;73;2532
150295;403;12;11;2;4;3;238;3;1;1;0;3;1;682
150300;150;67;0;0;0;0;1;0;0;1;0;1;0;220
150304;221;0;1;1;1;5;1;1;0;3;0;0;20;254
150307;34;0;1;1;0;0;0;1;0;0;1;0;0;38
150309;239;3;9;4;4;5;14;7;10;20;15;7;17;354
150310;19;3;0;0;1;0;0;0;0;1;0;1;0;25
150320;517;4;8;9;9;4;9;3;6;15;8;5;12;609
150330;719;0;1;0;0;1;0;5;1;9;4;4;29;773
150340;207;0;1;4;2;1;1;0;1;1;0;1;0;219
150345;275;8;8;6;3;5;6;7;5;22;8;21;15;389
150350;311;3;2;3;8;3;0;2;5;7;15;10;0;369
150360;3276;45;53;119;66;60;62;49;64;53;54;42;54;3997
150370;130;1;3;10;0;1;0;0;1;0;5;1;3;155
150375;28;0;0;0;0;0;1;0;0;0;0;0;0;29
150380;1109;28;33;24;15;38;31;32;30;50;38;78;120;1626
150390;128;5;1;1;0;1;0;1;1;1;0;1;2;142
150400;20;4;0;0;0;0;0;0;0;0;0;0;0;24
150405;258;7;7;6;16;4;2;14;5;7;18;7;4;355
150410;189;0;0;3;0;0;0;0;0;1;1;2;2;198
150420;8302;238;247;269;249;222;291;310;283;276;298;325;387;11697
150430;170;2;4;1;0;0;1;2;1;0;1;1;2;185
150440;448;1;3;0;1;2;9;0;0;1;2;2;5;474
150442;1969;28;12;27;34;21;53;24;45;29;22;20;37;2321
150445;503;4;4;9;0;5;1;3;10;5;3;1;1;549
150450;7;0;0;0;0;0;0;0;0;0;0;0;0;7
150460;23;2;1;0;0;1;1;0;0;1;0;0;0;29
150470;1498;12;62;84;26;26;34;82;36;63;54;24;56;2057
150480;803;3;8;5;3;4;2;4;7;1;5;6;7;858
150490;332;0;1;0;0;1;1;4;1;1;1;3;2;347
150495;72;2;2;7;3;16;5;1;3;3;1;0;0;115
150497;68;0;1;2;5;0;0;3;1;11;2;1;23;117
150500;416;2;2;1;0;2;1;1;3;2;1;2;3;436
150503;283;3;9;9;2;5;3;10;9;13;33;17;36;432
150506;219;8;9;31;24;24;5;5;5;10;4;3;19;366
150510;787;2;0;12;5;3;6;10;70;36;11;4;15;961
150520;196;4;0;0;0;0;0;0;0;0;0;0;0;200
150530;3334;85;67;102;74;96;134;93;79;103;128;122;133;4550
150540;247;1;2;0;0;0;0;1;0;0;0;2;0;253
150543;220;6;2;6;5;1;4;2;2;0;1;1;9;259
150548;60;0;0;0;0;1;1;2;24;0;0;0;1;89
150549;103;0;0;0;0;0;0;0;0;0;0;0;8;111
150550;7204;366;389;513;394;450;419;410;430;467;424;463;805;12734
150553;5932;197;248;219;177;156;399;246;307;293;219;300;348;9041
150555;13;0;2;4;1;1;1;0;0;1;0;1;0;24
150560;106;1;0;1;0;2;1;1;0;0;0;0;1;113
150563;241;1;0;1;1;2;2;2;4;2;0;2;1;259
150565;5;0;0;0;0;0;0;0;0;0;0;0;0;5
150570;407;1;0;0;1;3;1;0;0;2;1;2;1;419
150580;436;37;34;60;82;449;24;41;26;94;37;30;24;1374
150590;45;0;0;2;1;3;1;0;3;1;0;1;2;59
150600;423;5;3;4;2;0;6;2;7;2;11;20;4;489
150610;307;0;1;2;2;0;1;2;0;1;0;0;1;317
150611;199;2;0;2;1;0;0;0;1;4;0;0;0;209
150613;3343;115;137;173;91;129;146;132;123;116;202;116;158;4981
150616;457;11;7;13;10;15;5;10;9;3;6;7;92;645
150618;2372;132;48;48;60;99;125;121;120;86;121;94;198;3624
150619;221;2;2;1;1;1;3;0;4;0;0;0;3;238
150620;798;8;14;10;3;13;19;23;32;27;13;43;39;1042
150630;291;2;2;0;1;1;5;1;0;0;0;4;3;310
150635;1067;38;22;57;19;49;33;40;76;103;29;18;51;1602
150640;32;0;1;1;3;0;0;0;0;0;0;1;0;38
150650;3223;147;76;70;71;67;80;80;78;75;66;89;126;4248
150655;278;0;1;0;0;0;1;3;0;0;0;0;0;283
150658;118;21;13;76;19;13;19;15;12;11;14;9;8;348
150660;410;1;3;7;2;1;6;3;5;6;1;4;6;455
150670;863;9;16;21;33;18;47;43;59;45;47;87;126;1414
150680;11065;417;334;335;278;446;312;322;317;412;317;398;414;15367
150690;8;0;0;0;0;3;0;0;0;0;0;0;0;11
150700;787;36;37;15;23;28;14;12;6;11;10;15;24;1018
150710;559;0;1;0;1;0;1;1;2;0;1;0;1;567
150715;31;1;0;0;4;0;1;1;0;1;2;0;2;43
150720;693;1;5;4;1;3;1;4;3;4;2;4;0;725
150730;131;8;2;3;1;6;25;21;17;20;29;38;30;331
150740;276;3;2;3;0;2;6;1;4;3;3;1;6;310
150745;277;32;18;7;11;65;48;16;19;7;10;3;14;527
150746;90;0;0;0;0;0;0;0;0;0;0;0;0;90
150747;345;1;0;6;4;1;2;3;2;3;5;0;7;379
150750;14;0;1;1;0;2;0;0;1;1;0;1;0;21
150760;1823;33;23;36;29;42;87;30;52;39;32;49;58;2333
150770;59;1;0;0;0;0;0;0;0;0;0;0;0;60
150775;58;11;7;28;22;5;34;62;37;14;21;9;6;314
150780;350;6;1;4;1;3;3;2;2;2;3;1;3;381
150790;477;5;13;6;4;3;4;1;7;12;2;10;4;548
150795;1992;66;95;51;41;97;87;76;77;98;91;158;132;3061
150796;163;0;0;0;0;0;1;0;1;0;0;0;0;165
150797;38;0;0;1;0;0;0;1;0;3;0;0;0;43
150800;2032;45;43;65;37;31;40;60;47;43;40;41;169;2693
150803;227;0;0;0;1;0;0;0;0;1;3;0;1;233
150805;150;1;0;2;2;2;2;1;5;2;3;2;6;178
150808;193;58;35;3;3;6;8;29;2;2;7;3;14;363
150810;4860;155;73;146;100;75;122;134;75;186;187;192;279;6584
150812;1367;94;70;48;34;121;169;53;47;82;66;438;69;2658
150815;421;6;18;7;4;16;18;16;10;13;19;26;13;587
150820;571;2;8;7;6;1;4;8;7;5;12;59;14;704
150830;928;1;1;1;7;2;10;7;8;4;6;2;4;981
150835;9;0;0;0;0;0;0;1;0;0;0;0;1;11
150840;1569;36;57;62;71;63;96;55;85;118;104;132;212;2660
160005;205;11;9;13;15;7;1;10;22;16;12;7;40;368
160010;208;5;7;5;6;2;3;2;4;1;2;2;3;250
160015;47;0;0;0;0;0;2;0;0;0;1;0;0;50
160020;68;2;6;4;1;0;0;0;1;0;1;0;1;84
160021;136;0;6;6;1;0;0;3;0;0;1;2;1;156
160023;118;1;1;0;0;1;2;0;0;0;0;1;1;125
160025;17;1;0;0;0;0;0;0;0;0;0;0;0;18
160027;323;0;7;3;9;8;7;8;3;5;12;16;23;424
160030;37937;818;695;1492;599;721;937;904;809;690;681;736;1054;48073
160040;315;8;4;8;3;2;4;0;11;6;6;4;5;376
160050;160;0;2;1;1;2;7;1;1;3;2;1;1;182
160053;672;59;17;37;50;31;16;11;16;25;13;19;42;1008
160055;28;0;8;0;0;0;0;1;0;1;0;0;1;39
160060;3344;266;93;82;83;94;194;94;78;82;112;69;117;4708
160070;213;5;38;6;4;4;2;1;2;4;5;11;2;297
160080;77;0;4;0;0;0;0;0;0;0;0;0;2;83
170025;2;0;0;0;0;0;0;0;0;0;0;0;0;2
170030;93;0;0;0;0;0;1;1;0;3;4;1;3;106
170035;247;7;4;9;6;6;1;13;10;9;5;5;18;340
170040;124;3;0;2;2;1;4;7;3;2;20;3;1;172
170070;454;13;4;9;2;10;13;15;11;9;20;13;20;593
170100;129;11;2;7;2;1;1;4;1;3;2;7;62;232
170105;47;0;2;2;8;4;3;2;0;0;0;0;2;70
170110;23;0;0;0;1;2;5;1;0;0;0;2;10;44
170130;131;3;0;1;1;3;1;3;5;4;3;3;12;170
170190;124;1;1;4;1;1;21;2;1;2;5;1;33;197
170200;580;91;94;58;103;114;21;17;16;17;16;56;35;1218
170210;8210;270;325;274;284;280;385;340;359;291;307;323;418;12066
170215;48;4;0;3;1;1;0;0;1;2;0;2;2;64
170220;362;4;2;8;3;17;2;4;6;2;9;6;21;446
170230;236;3;3;4;3;3;5;9;2;5;4;2;11;290
170240;263;2;3;27;115;19;13;42;11;487;26;71;18;1097
170255;314;5;2;2;4;2;4;4;3;1;2;7;38;388
170270;4;0;0;0;0;0;0;0;0;0;1;0;0;5
170290;154;1;3;1;6;18;0;0;11;7;13;8;26;248
170300;178;0;0;2;0;0;2;2;0;2;1;1;1;189
170305;6;0;0;0;0;0;0;1;1;1;0;0;0;9
170307;12;0;0;0;0;0;0;0;0;0;0;0;0;12
170310;138;2;1;1;1;2;2;3;4;1;2;1;4;162
170320;98;0;1;3;5;8;1;3;2;3;0;3;0;127
170330;62;0;0;0;0;0;0;0;0;1;0;0;1;64
170360;60;0;0;0;0;0;0;0;0;0;0;0;0;60
170370;136;1;0;2;0;0;1;4;1;2;4;4;1;156
170380;36;1;2;0;4;11;39;4;1;0;0;1;3;102
170382;35;0;0;0;0;0;0;0;0;0;0;0;0;35
170384;87;0;0;0;0;0;0;0;1;1;0;5;1;95
170386;249;1;4;14;8;9;2;12;15;14;12;12;5;357
170388;62;1;1;1;0;1;0;0;1;0;1;1;0;69
170389;46;0;0;1;1;0;0;0;1;0;0;0;2;51
170390;119;2;0;1;1;2;0;3;0;1;2;3;6;140
170410;1;0;0;0;0;0;0;0;0;0;0;0;0;1
170460;61;0;0;0;0;1;0;0;0;0;0;0;0;62
170510;7;0;0;0;0;0;0;0;0;0;0;0;0;7
170550;1403;28;32;143;116;38;41;50;48;48;62;47;156;2212
170555;61;0;0;3;0;0;20;3;0;2;3;1;0;93
170560;4;0;0;0;0;0;0;1;0;0;1;2;0;8
170600;27;0;3;2;0;0;1;4;5;1;0;3;3;49
170610;408;7;6;3;10;29;3;4;8;2;23;10;5;518
170625;56;0;1;0;0;0;0;0;0;0;0;1;0;58
170650;28;0;0;2;0;5;2;0;1;1;0;0;1;40
170700;478;17;8;13;17;20;17;40;24;10;29;10;39;722
170710;232;2;1;1;3;1;2;3;4;6;2;4;8;269
170720;102;2;1;0;0;1;1;3;0;1;2;0;0;113
170730;170;4;0;2;1;4;3;6;2;7;8;3;7;217
170740;1;0;0;0;0;0;1;0;0;0;0;0;5;7
170755;57;3;0;0;1;3;2;0;0;0;0;4;1;71
170765;274;2;6;2;3;7;3;11;3;10;3;3;17;344
170770;134;2;1;1;1;4;5;0;1;1;5;0;0;155
170820;1427;21;15;36;114;84;73;31;28;23;37;33;58;1980
170825;124;0;0;0;0;1;1;1;0;4;1;0;0;132
170830;33;0;0;1;0;0;1;0;0;0;2;1;0;38
170900;188;0;1;4;0;3;1;3;0;2;0;1;12;215
170930;968;12;17;28;34;26;24;31;28;23;28;36;30;1285
170950;7624;250;234;273;259;264;282;304;330;352;325;422;744;11663
170980;2;0;0;0;0;0;0;0;0;0;0;0;0;2
171050;95;1;0;0;0;3;0;0;1;0;0;0;2;102
171070;73;0;0;0;0;1;0;0;0;0;0;0;0;74
171090;12;0;0;0;0;0;0;0;1;0;2;0;1;16
171110;134;0;0;1;3;0;0;0;1;1;2;1;2;145
171150;73;2;0;0;0;1;0;0;1;8;0;0;2;87
171180;1;1;0;0;0;2;0;1;1;0;0;0;0;6
171190;298;10;3;12;30;50;34;20;14;31;14;19;28;563
171195;39;0;0;0;0;0;1;0;0;0;0;0;0;40
171200;42;0;2;11;3;8;0;1;1;0;1;0;3;72
171240;4;0;0;0;0;0;0;0;1;0;0;0;0;5
171245;16;0;0;0;1;0;0;0;0;1;0;1;0;19
171250;201;0;0;3;1;0;4;1;5;4;4;1;4;228
171270;23;0;0;0;0;0;0;0;0;0;0;0;0;23
171280;34;2;0;0;0;0;3;1;0;0;1;0;0;41
171320;1496;10;13;24;29;54;51;60;120;136;174;175;216;2558
171330;496;5;8;7;9;26;23;30;27;18;45;34;24;752
171360;141;3;1;4;1;2;4;5;4;2;2;2;1;172
171370;22;0;0;0;0;0;0;0;0;0;8;1;3;34
171380;46;0;0;1;0;0;2;0;0;3;2;0;1;55
171395;69;0;0;1;0;1;2;0;0;0;0;0;0;73
171420;125;2;34;1;8;8;12;30;29;2;6;16;6;279
171430;43;0;0;0;0;0;0;0;0;1;0;0;0;44
171488;187;5;4;3;10;8;1;5;7;7;7;3;3;250
171500;105;1;2;2;1;2;0;1;5;1;1;0;0;121
171510;76;1;1;0;0;0;0;2;0;0;0;0;0;80
171515;41;0;0;0;0;0;0;0;0;0;0;0;0;41
171525;57;1;6;1;0;1;1;0;5;1;7;1;1;82
171550;26;0;0;0;0;0;0;0;0;0;0;0;0;26
171570;1;0;0;0;0;0;0;0;0;1;0;0;1;3
171575;226;0;1;1;1;3;0;4;4;1;7;1;5;254
171610;3353;106;211;139;122;119;173;219;219;236;250;315;321;5783
171620;93;0;0;0;2;0;1;0;0;0;1;0;4;101
171630;54;0;0;0;1;0;0;0;2;0;0;0;0;57
171650;270;5;30;7;18;35;16;20;15;21;12;11;24;484
171660;254;9;6;1;1;1;2;5;7;7;3;3;5;304
171665;78;5;2;1;6;0;1;1;0;0;3;0;3;100
171670;178;3;6;1;1;5;2;1;0;1;2;1;3;204
171700;22;0;0;0;0;0;0;1;0;1;0;0;0;24
171720;201;0;3;3;1;1;2;0;4;1;4;3;0;223
171750;335;6;7;12;6;4;6;2;9;7;10;2;9;415
171780;15;0;1;1;1;1;0;2;0;1;0;0;0;22
171790;102;0;0;0;5;1;2;1;0;1;0;0;18;130
171800;54;0;0;0;0;1;0;0;1;0;1;0;0;57
171820;2376;105;127;141;160;124;138;157;168;180;166;134;210;4186
171830;1;0;0;0;0;0;0;0;0;0;0;0;0;1
171840;138;0;1;1;2;0;3;0;0;0;1;3;0;149
171845;113;2;4;5;2;6;2;1;3;10;2;2;7;159
171850;40;0;0;0;0;0;0;0;0;0;0;0;1;41
171855;1;2;0;0;0;0;0;0;0;0;0;0;0;3
171865;54;0;0;0;1;1;0;0;1;0;1;0;0;58
171870;17;0;1;1;0;0;2;1;0;0;0;1;0;23
171875;9;0;0;1;0;0;0;0;0;0;1;0;1;12
171880;1;0;0;0;0;0;0;0;0;0;0;0;1;2
171884;70;6;3;9;1;0;4;1;2;0;4;2;4;106
171886;154;15;4;8;1;2;11;1;16;10;7;6;20;255
171888;9;0;0;0;0;0;0;0;0;1;0;0;1;11
171889;25;0;0;0;0;8;0;0;0;0;0;0;0;33
171890;7;0;0;0;0;0;0;0;0;0;0;0;0;7
171900;3;0;0;1;0;0;0;0;1;0;0;0;0;5
172000;1;0;0;0;0;0;0;0;0;0;0;0;0;1
172010;3;0;0;0;0;0;0;0;0;0;1;0;13;17
172015;1;0;0;0;0;0;0;0;0;0;0;0;0;1
172020;87;1;2;0;0;0;0;1;0;0;0;0;0;91
172025;49;0;0;0;0;0;0;0;0;0;0;0;0;49
172030;1;0;0;0;0;0;0;0;0;0;0;0;1;2
172049;152;3;0;1;0;0;0;0;1;1;0;2;2;162
172065;21;0;0;0;5;2;0;3;2;0;0;0;4;37
172080;116;0;0;0;0;0;1;0;0;0;0;1;2;120
172085;38;0;0;0;0;0;1;0;0;3;0;1;0;43
172090;246;2;2;3;4;8;5;7;4;9;17;6;24;337
172093;6;0;0;1;0;0;0;0;0;0;0;0;0;7
172097;30;0;0;0;1;0;0;0;2;3;1;0;1;38
172100;49475;837;1122;804;734;1364;1115;1118;978;839;894;932;2075;62287
172110;138;0;3;3;1;4;0;1;0;2;1;0;1;154
172120;515;9;6;20;9;17;18;7;11;10;14;25;33;694
172125;69;3;0;1;1;1;0;0;0;0;0;0;1;76
172130;81;0;0;2;0;0;0;0;0;0;0;1;0;84
172208;278;4;6;3;2;8;3;6;3;8;2;7;23;353
172210;259;9;6;3;7;9;10;11;6;24;36;51;50;481
210005;4362;164;246;222;241;272;307;207;362;574;897;285;174;8313
210010;1;0;0;0;0;0;0;0;0;0;0;0;0;1
210020;372;2;2;2;1;15;4;35;11;0;0;0;1;445
210030;124;0;2;2;0;1;1;0;1;0;0;0;0;131
210040;22;0;0;1;0;0;0;0;2;11;0;1;0;37
210043;228;0;0;0;0;1;1;1;6;0;0;0;0;237
210047;118;0;1;0;0;0;0;0;0;0;0;0;0;119
210050;83;0;0;1;5;3;6;2;1;0;4;5;2;112
210055;10;0;0;0;0;1;0;0;0;0;0;0;0;11
210060;32;0;0;1;0;0;1;0;1;0;1;0;0;36
210070;17;0;0;0;0;1;0;0;0;0;0;0;0;18
210080;150;0;0;0;0;0;1;0;1;0;0;3;1;156
210087;6;0;0;0;0;0;0;0;0;0;0;0;0;6
210090;400;0;5;2;2;0;0;0;1;4;3;2;0;419
210095;42;1;0;1;0;0;0;0;0;3;1;4;0;52
210100;839;0;2;0;0;0;0;1;0;0;1;0;0;843
210110;228;0;0;0;0;0;0;1;0;0;0;0;0;229
210120;4122;63;89;104;76;64;88;98;60;121;100;95;96;5176
210125;439;16;12;10;13;24;18;14;22;29;20;28;20;665
210130;8;0;0;0;2;0;0;0;0;0;0;1;0;11
210135;1;0;0;0;0;0;0;0;0;0;0;0;0;1
210140;2182;91;94;89;84;115;88;75;51;87;64;68;77;3165
210150;439;0;2;11;1;6;0;10;0;1;3;2;5;480
210160;1317;7;56;48;42;63;23;40;14;19;80;19;163;1891
210170;642;0;0;1;2;4;0;3;1;0;1;1;0;655
210180;7;0;0;0;0;0;0;0;0;0;0;0;0;7
210190;414;0;0;0;0;0;0;0;0;1;1;0;0;416
210193;26;0;0;0;0;0;0;0;0;0;0;0;0;26
210200;310;2;3;5;2;4;0;2;0;4;4;2;9;347
210203;81;0;0;2;1;0;0;0;1;3;1;1;1;91
210210;488;0;1;2;3;0;0;3;0;0;1;1;4;503
210220;14;1;0;1;0;0;0;0;1;0;0;0;0;17
210230;66;0;0;0;1;0;1;0;0;0;4;0;0;72
210232;190;0;0;4;6;0;4;3;4;5;5;11;9;241
210235;156;0;0;0;0;0;0;0;0;0;0;0;0;156
210237;76;0;0;0;0;0;0;0;0;0;0;0;14;90
210240;192;0;0;0;0;0;1;0;0;1;0;0;3;197
210250;5;2;1;2;4;2;2;0;4;1;0;25;3;51
210255;557;71;49;53;52;15;14;34;66;26;229;59;116;1341
210260;22;0;0;0;0;0;0;0;0;0;0;0;0;22
210270;128;1;1;0;0;1;1;1;0;3;0;0;0;136
210275;34;1;0;0;0;3;0;0;0;1;0;0;1;40
210280;972;26;12;14;5;10;12;10;15;10;12;16;37;1151
210290;301;29;60;20;19;20;29;16;26;13;19;24;38;614
210300;4788;81;71;71;96;67;90;75;104;108;77;97;174;5899
210310;4;0;0;0;0;0;0;0;0;0;0;0;0;4
210317;4;0;1;0;0;0;0;1;1;0;0;0;1;8
210320;2229;6;8;8;5;7;9;10;10;10;1;5;11;2319
210325;33;102;56;92;47;75;38;39;35;9;14;52;60;652
210330;3280;47;51;47;49;50;44;30;45;47;49;28;51;3818
210340;2098;16;14;274;99;20;22;14;1326;80;14;142;40;4159
210350;256;7;2;1;6;3;2;0;1;3;2;2;4;289
210355;10;0;0;0;0;0;0;0;0;0;0;0;0;10
210360;1863;7;5;8;7;6;9;14;8;7;8;5;7;1954
210370;780;6;11;6;11;3;2;4;0;2;3;1;2;831
210375;124;0;0;0;0;0;0;0;0;0;0;0;0;124
210380;358;2;3;4;1;1;4;10;4;12;6;4;2;411
210390;53;0;0;0;0;0;0;0;0;0;0;0;0;53
210400;263;0;0;1;0;0;1;0;0;0;0;1;0;266
210405;684;7;4;6;2;11;10;7;10;10;13;4;13;781
210408;23;0;0;0;0;0;0;0;0;0;0;0;0;23
210410;309;0;0;0;0;0;0;0;0;0;0;0;0;309
210420;124;0;0;0;0;0;0;0;0;0;0;0;0;124
210430;15;2;1;0;0;0;0;13;0;3;0;1;13;48
210440;11;0;0;0;0;1;0;0;0;1;0;0;0;13
210450;126;0;3;1;2;0;0;0;2;3;0;0;5;142
210455;213;1;0;0;0;8;1;0;0;0;6;1;0;230
210460;244;1;29;26;6;0;0;0;0;0;0;0;1;307
210462;43;0;0;0;0;0;0;0;0;0;0;0;0;43
210467;32;3;1;0;0;2;0;0;2;0;0;0;1;41
210470;10;0;0;1;0;0;0;0;0;0;0;0;0;11
210480;541;7;18;48;19;13;18;2;15;47;6;5;95;834
210490;11;0;0;0;0;0;0;0;0;0;0;0;0;11
210500;147;0;0;0;0;0;0;0;0;0;0;0;0;147
210510;285;0;0;0;0;0;0;0;0;0;0;0;0;285
210515;101;0;0;0;0;0;0;0;0;0;0;0;0;101
210520;190;0;0;1;0;0;1;0;0;1;1;2;0;196
210530;16251;491;637;798;582;669;755;666;605;754;819;657;788;24472
210535;54;0;0;0;0;0;0;0;0;0;0;0;0;54
210540;1472;13;10;12;5;8;7;7;9;5;28;15;8;1599
210542;1000;63;58;91;38;71;63;80;58;55;70;39;40;1726
210547;25;0;0;0;0;0;0;0;0;0;0;0;0;25
210550;160;1;7;2;6;8;15;6;7;3;2;13;7;237
210560;129;0;0;0;2;0;1;0;0;0;0;0;0;132
210570;602;2;3;7;11;17;4;0;1;5;0;1;6;659
210580;135;0;0;0;0;0;0;0;0;0;0;0;0;135
210590;15;1;0;0;0;2;2;0;0;0;0;1;0;21
210594;1;0;0;0;0;0;0;0;0;0;0;0;0;1
210596;45;0;0;0;0;0;0;0;0;0;0;0;0;45
210598;3;0;0;0;0;0;0;0;0;0;0;0;0;3
210600;244;0;0;1;0;0;0;0;0;0;0;0;0;245
210610;58;0;0;0;2;0;1;0;1;0;0;0;0;62
210620;2;0;0;0;0;0;0;0;0;0;0;0;0;2
210630;93;0;0;1;1;0;1;0;1;2;0;2;0;101
210632;4;0;0;0;0;0;1;0;0;0;0;0;1;6
210640;233;0;0;0;0;0;0;3;0;0;0;1;0;237
210650;933;0;0;1;0;0;0;0;0;0;0;0;0;934
210660;562;0;0;1;0;0;1;7;2;1;5;5;39;623
210670;15;0;0;0;0;0;0;0;1;1;1;0;0;18
210675;218;1;3;4;0;2;4;0;1;3;1;0;12;249
210680;171;19;0;0;0;0;0;1;1;0;0;0;0;192
210690;20;0;0;0;0;1;0;0;0;0;0;0;0;21
210700;336;1;1;7;4;12;39;40;55;79;162;113;31;880
210710;117;1;0;25;0;0;9;10;1;1;1;5;2;172
210720;138;0;0;0;0;0;0;1;0;0;0;1;0;140
210725;100;2;2;0;0;1;9;5;4;1;0;0;1;125
210730;5;0;0;0;0;0;0;0;0;0;0;0;0;5
210735;20;0;0;0;0;0;1;2;0;0;1;0;0;24
210740;203;0;1;1;1;0;0;0;1;0;0;1;0;208
210745;126;0;0;0;0;0;0;0;0;0;0;0;0;126
210750;1309;23;18;9;21;108;14;17;24;29;20;18;15;1625
210760;41;0;3;2;0;1;4;2;0;1;0;0;0;54
210770;434;2;1;0;1;1;0;0;1;0;0;0;0;440
210780;793;1;0;0;2;0;0;1;0;1;1;0;2;801
210790;42;0;1;1;2;1;0;0;0;0;1;0;0;48
210800;215;0;0;0;0;0;0;0;0;0;0;0;1;216
210810;46;0;0;1;2;0;0;0;0;0;0;0;2;51
210820;2081;57;30;60;21;36;35;53;34;42;37;50;40;2576
210830;56;0;0;0;0;0;0;0;0;0;0;0;0;56
210840;73;0;0;0;0;0;0;0;0;0;0;0;1;74
210845;65;3;2;4;0;6;1;5;0;1;0;4;1;92
210850;291;11;6;15;10;8;12;12;12;30;7;19;11;444
210860;1976;28;22;41;31;24;14;24;12;26;14;21;37;2270
210870;267;0;1;0;0;1;1;3;0;0;0;1;0;274
210880;7;0;0;1;0;0;0;0;0;1;0;0;0;9
210890;421;1;0;5;18;1;1;0;2;0;1;0;0;450
210900;453;1;1;2;2;2;1;2;4;1;5;2;2;478
210905;42;0;0;0;0;0;0;0;0;0;0;0;0;42
210910;665;13;20;17;15;11;16;30;15;13;11;22;20;868
210920;177;0;0;0;0;0;0;0;0;0;0;0;0;177
210923;4;0;0;0;0;0;0;1;0;0;0;0;0;5
210927;119;0;0;0;0;0;0;0;0;0;0;0;0;119
210930;189;1;0;0;1;0;1;3;4;8;7;3;3;220
210940;57;0;0;0;0;0;0;0;0;0;0;0;0;57
210945;373;6;2;2;9;3;29;4;2;3;21;7;22;483
210950;91;2;2;2;8;7;1;1;2;1;13;0;1;131
210955;86;0;0;0;0;0;1;0;0;0;1;0;0;88
210960;1172;0;7;62;50;6;9;7;9;8;9;9;11;1359
210970;63;2;5;2;1;2;2;1;2;4;4;10;17;115
210980;463;0;1;0;0;0;0;0;0;1;0;0;0;465
210990;3420;82;112;126;93;139;83;92;84;83;111;114;136;4675
211000;845;3;2;108;4;0;9;2;9;8;3;2;15;1010
211003;161;4;4;3;1;4;6;6;7;3;4;2;1;206
211010;185;0;1;0;4;2;0;1;10;3;0;2;1;209
211020;90;1;2;1;2;1;0;6;2;2;0;0;1;108
211023;9;0;1;0;0;0;0;0;0;0;0;0;0;10
211030;303;0;0;0;1;0;0;0;0;0;0;0;1;305
211040;861;0;0;0;0;1;0;0;0;0;0;0;0;862
211050;402;0;0;0;0;1;0;1;0;1;1;2;0;408
211060;281;0;0;1;0;1;0;1;1;1;1;0;0;287
211070;87;3;2;1;3;1;1;1;1;0;1;0;0;101
211080;2;0;0;0;0;0;0;0;0;0;0;0;0;2
211085;3;0;0;0;0;0;0;0;0;0;0;0;0;3
211090;78;0;0;0;1;0;0;0;0;0;0;0;0;79
211100;6;0;0;1;0;0;0;1;0;0;0;0;0;8
211102;4;0;0;0;0;0;0;0;0;0;0;0;1;5
211105;8;0;0;0;0;0;0;0;0;0;0;0;40;48
211107;73;0;0;0;0;0;0;0;0;0;0;0;0;73
211110;671;6;3;2;6;3;0;1;3;3;0;5;2;705
211120;2752;68;47;61;52;79;94;74;100;121;134;91;96;3769
211125;4;0;0;0;0;0;1;0;0;0;0;0;0;5
211130;174974;2977;3235;3292;2933;2969;3765;3217;3344;3724;3382;3496;4276;215584
211140;605;0;2;0;2;2;2;4;0;0;0;0;1;618
211150;712;187;85;113;29;38;9;12;32;244;47;25;10;1543
211153;17;0;0;0;0;0;0;2;0;0;0;0;0;19
211160;407;1;5;68;713;58;97;90;57;89;70;659;40;2354
211163;76;0;0;0;0;0;0;0;0;0;0;0;0;76
211167;67;4;7;2;3;5;2;2;2;4;2;1;2;103
211170;352;0;0;0;0;0;0;0;0;0;0;0;0;352
211172;31;0;0;0;0;0;0;0;0;0;0;0;0;31
211176;0;0;0;0;0;1;0;0;0;0;1;0;0;2
211180;30;0;0;0;0;0;0;0;0;0;0;0;0;30
211190;156;0;0;0;0;0;0;0;0;0;0;0;0;156
211195;91;0;0;1;0;0;0;0;0;0;0;0;0;92
211200;212;16;6;4;31;30;19;8;2;4;0;3;12;347
211210;550;0;0;2;0;0;1;0;1;0;0;0;0;554
211220;4346;141;46;107;975;137;82;87;79;157;88;93;128;6466
211223;175;2;0;1;1;0;1;1;4;0;3;0;0;188
211227;32;0;0;0;0;0;0;0;0;0;0;0;0;32
211230;156;4;1;1;2;3;1;0;2;1;0;1;0;172
211240;317;0;0;0;0;0;2;0;0;0;1;0;0;320
211250;1973;0;0;0;0;0;0;0;2;0;0;0;1;1976
211260;177;0;0;1;1;3;14;0;0;1;0;1;0;198
211270;552;0;1;1;1;0;6;2;1;2;3;2;3;574
211280;612;3;1;4;6;0;2;3;2;1;1;0;16;651
211285;141;0;20;4;13;7;66;6;48;2;0;0;0;307
211290;436;1;0;1;1;13;3;2;2;3;13;20;14;509
211300;562;2;2;4;3;0;4;0;2;1;1;8;1;590
211400;394;5;3;3;2;7;0;0;7;10;3;9;4;447
220010;139;0;0;0;0;0;0;0;0;0;0;0;0;139
220020;317;2;1;7;2;1;1;2;3;6;1;4;2;349
220025;147;0;0;0;0;0;0;0;0;1;0;0;0;148
220027;107;0;0;0;1;0;0;0;0;0;0;1;14;123
220030;408;6;9;6;2;4;2;5;5;6;6;33;7;499
220040;959;16;9;22;10;15;76;20;15;11;7;14;15;1189
220045;106;0;0;0;0;0;0;0;0;0;0;0;0;106
220050;329;1;2;0;0;0;1;0;1;1;0;1;1;337
220060;172;2;1;2;3;2;2;0;0;0;1;2;2;189
220070;24;0;0;1;0;0;0;0;0;0;0;0;0;25
220080;107;2;0;0;0;0;1;0;1;0;1;2;0;114
220090;209;0;4;1;0;0;2;15;1;2;1;0;1;236
220100;137;0;0;0;0;0;0;0;0;0;0;0;0;137
220105;36;0;0;0;0;0;0;0;0;0;0;0;0;36
220110;112;0;0;0;0;0;0;0;0;0;0;0;0;112
220115;294;11;5;10;5;16;11;4;2;6;8;8;23;403
220117;72;0;0;2;0;0;0;1;0;6;1;0;0;82
220120;892;6;3;2;4;6;3;1;5;1;1;52;5;981
220130;4;0;0;0;0;0;0;0;0;0;0;0;0;4
220140;302;1;0;0;0;0;0;1;0;0;0;0;4;308
220150;179;1;2;0;0;0;1;1;0;0;1;0;0;185
220155;81;0;2;0;0;0;0;1;1;1;0;1;40;127
220157;5;0;0;0;0;0;0;0;0;0;0;0;0;5
220160;203;0;0;0;0;0;0;0;0;0;0;0;0;203
220170;82;1;0;0;0;0;0;0;0;0;1;0;0;84
220177;85;0;0;0;0;0;0;0;0;0;0;0;0;85
220180;130;24;0;0;0;0;1;0;0;0;0;0;0;155
220190;388;6;10;22;17;11;3;6;3;35;4;4;2;511
220191;210;0;0;1;1;0;0;0;0;0;0;5;1;218
220192;34;0;0;0;0;0;0;0;0;0;0;0;0;34
220194;62;0;0;0;0;0;0;0;0;0;0;0;0;62
220196;66;1;1;0;0;0;0;0;0;0;0;0;0;68
220200;270;1;2;3;0;1;0;1;0;0;0;4;1;283
220202;95;0;0;0;1;0;0;0;0;0;0;0;0;96
220205;107;0;0;0;0;0;0;0;0;0;0;0;0;107
220207;43;0;0;0;0;0;0;0;0;0;0;0;0;43
220208;13;0;0;2;1;2;0;0;0;7;0;1;0;26
220209;87;0;0;0;0;1;0;0;0;0;1;0;1;90
220210;159;0;0;0;0;0;0;0;0;0;0;0;0;159
220217;9;0;0;0;0;0;0;0;0;0;0;0;0;9
220220;1032;45;32;25;34;29;18;35;40;42;37;34;41;1444
220230;174;4;0;0;2;1;3;3;1;3;1;1;4;197
220240;162;0;1;0;0;0;0;0;0;0;0;0;0;163
220250;3;0;0;0;0;0;0;0;0;0;0;0;0;3
220253;93;0;0;0;0;0;0;0;0;0;0;0;0;93
220255;74;0;0;0;0;0;0;0;0;0;0;0;0;74
220260;226;0;5;2;4;0;4;1;9;12;5;64;4;336
220265;86;0;0;1;0;0;0;0;0;0;1;0;0;88
220270;361;4;27;0;2;1;0;0;2;2;1;2;1;403
220271;65;0;0;0;0;0;0;0;0;1;0;0;0;66
220272;75;0;5;1;0;1;5;0;0;2;0;1;1;91
220273;85;0;0;0;0;0;0;0;0;0;0;0;0;85
220275;112;1;1;0;16;0;7;0;2;1;0;3;5;148
220277;7;0;0;0;1;0;0;0;0;0;1;0;0;9
220280;133;2;1;1;2;2;7;13;42;10;82;100;37;432
220285;111;0;0;1;0;3;0;0;0;0;0;0;0;115
220290;262;14;8;5;6;3;5;7;2;6;5;5;8;336
220300;3;0;0;0;0;0;0;0;0;0;0;0;0;3
220310;136;8;6;4;5;5;5;9;6;4;5;8;15;216
220320;188;1;1;0;1;0;0;0;0;0;0;0;0;191
220325;22;0;0;0;0;0;0;0;0;0;0;0;0;22
220327;17;0;0;0;0;0;0;0;0;0;0;0;0;17
220330;324;0;1;3;5;5;2;3;4;4;2;2;3;358
220335;76;0;0;0;0;0;0;0;0;0;0;0;0;76
220340;183;1;13;0;0;1;1;1;1;1;2;2;2;208
220342;104;0;0;0;0;0;0;0;0;0;0;0;1;105
220345;80;0;0;0;0;0;0;0;0;0;0;0;0;80
220350;269;1;1;0;1;1;1;1;0;1;2;1;0;279
220360;85;0;0;0;0;0;0;0;0;0;0;0;0;85
220370;701;5;2;5;7;4;2;3;9;2;7;4;7;758
220375;36;0;0;0;0;0;0;0;0;1;0;0;0;37
220380;41;0;0;0;0;0;0;0;0;0;0;0;0;41
220385;34;0;0;0;0;0;0;0;0;0;0;0;0;34
220390;3000;69;56;88;58;62;75;77;71;52;88;66;63;3825
220400;193;1;1;0;0;0;0;0;1;0;0;0;0;196
220410;108;0;0;0;0;0;0;0;0;0;0;0;0;108
220420;80;0;0;5;5;5;1;0;3;0;0;1;1;101
220430;448;2;10;5;1;3;2;1;0;4;2;1;3;482
220435;109;0;0;0;0;0;0;0;0;0;0;0;0;109
220440;141;0;0;1;0;1;1;1;4;7;37;27;40;260
220450;399;13;12;7;8;6;7;9;11;10;51;67;9;609
220460;143;0;0;0;0;0;0;0;0;0;0;0;0;143
220465;50;0;0;0;0;0;0;0;0;0;0;0;0;50
220470;191;0;2;0;0;0;1;0;0;0;0;1;0;195
220480;178;0;0;4;1;0;0;1;0;0;0;0;0;184
220490;129;0;0;0;0;0;0;0;0;0;0;2;0;131
220500;71;0;0;0;0;0;0;0;2;0;0;0;0;73
220510;123;1;0;3;0;0;0;1;1;0;0;0;1;130
220515;20;0;0;0;0;0;0;0;0;0;0;0;0;20
220520;57;0;2;0;1;0;1;0;0;0;0;0;0;61
220525;83;0;0;0;0;0;0;0;0;0;0;0;0;83
220527;30;0;0;0;0;0;0;0;0;0;0;0;0;30
220530;131;1;0;0;0;0;0;0;0;0;0;0;0;132
220540;206;0;0;0;0;0;0;0;0;0;0;0;0;206
220550;411;7;1;0;3;17;1;3;16;6;3;2;3;473
220552;84;0;0;0;0;0;0;0;1;0;0;0;0;85
220553;42;0;0;0;0;0;0;0;0;0;0;0;0;42
220554;31;0;0;0;0;0;0;0;0;0;0;0;0;31
220555;133;0;0;1;0;0;0;0;0;0;0;0;0;134
220556;37;0;0;0;0;0;0;0;0;0;0;0;0;37
220557;77;0;0;0;0;0;0;0;0;0;0;0;0;77
220558;100;1;1;2;2;2;56;0;9;3;0;38;69;283
220559;106;0;0;0;0;0;0;0;0;0;0;0;0;106
220560;148;0;0;0;0;0;0;0;1;0;0;0;0;149
220570;1936;4;3;6;5;11;1;2;4;7;6;3;0;1988
220580;146;0;1;0;1;1;0;1;0;0;1;2;0;153
220585;130;0;0;0;0;0;0;0;0;0;0;0;0;130
220590;168;0;0;0;0;0;0;0;0;1;0;1;2;172
220595;94;0;0;0;0;0;0;0;0;0;0;0;0;94
220600;52;0;0;0;0;0;0;0;0;0;0;0;0;52
220610;77;0;0;0;0;0;0;0;0;0;0;0;0;77
220620;476;37;6;3;6;3;8;16;6;35;85;35;11;727
220630;30;0;0;0;0;0;0;0;0;0;0;0;0;30
220635;28;0;0;0;0;0;0;0;0;0;0;0;1;29
220640;159;0;1;0;0;4;0;0;0;0;0;0;1;165
220650;77;0;0;0;0;0;0;0;0;0;0;0;0;77
220660;63;0;0;0;0;0;0;0;0;0;0;0;0;63
220667;2;0;0;0;0;0;0;0;0;0;0;0;0;2
220669;131;0;0;0;0;0;0;0;0;0;0;0;0;131
220670;93;0;0;0;1;0;0;0;0;0;0;0;2;96
220675;17;0;0;0;0;0;0;0;0;0;0;0;0;17
220680;111;0;0;0;0;0;0;0;0;0;0;0;0;111
220690;153;0;0;1;0;0;0;0;0;0;0;0;1;155
220695;66;0;0;0;0;0;0;0;0;0;0;0;0;66
220700;689;10;11;16;14;16;10;17;20;20;19;11;8;861
220710;28;0;0;0;0;0;0;0;0;0;0;0;0;28
220720;65;0;0;0;0;1;1;0;0;0;1;0;0;68
220730;66;0;0;0;0;0;0;0;0;0;0;0;0;66
220735;33;0;0;0;0;0;0;0;0;0;0;0;0;33
220740;44;0;0;0;1;0;4;0;0;0;0;0;0;49
220750;199;0;0;1;0;0;0;2;0;0;0;1;1;204
220760;36;0;0;0;0;0;0;0;0;0;0;0;0;36
220770;8370;193;182;167;194;230;210;234;369;327;219;251;246;11192
220775;52;0;0;0;0;0;0;0;1;0;0;0;0;53
220777;12;0;0;0;0;0;0;0;0;0;0;0;0;12
220780;371;2;7;2;3;10;8;3;3;2;3;3;1;418
220785;63;0;0;25;6;0;0;0;0;0;0;0;0;94
220790;568;3;0;2;2;2;0;4;4;1;2;11;31;630
220795;90;0;0;0;1;0;0;1;0;0;0;0;0;92
220800;3710;236;86;132;77;65;92;109;119;121;113;101;101;5062
220810;390;0;0;0;0;0;0;1;0;0;0;0;0;391
220820;713;256;20;7;1;3;7;4;5;17;26;30;37;1126
220830;505;3;6;11;2;18;11;10;6;13;14;4;13;616
220840;1505;44;34;22;20;23;28;24;34;32;32;42;62;1902
220850;200;0;0;0;0;0;0;0;0;0;0;0;0;200
220860;65;0;2;0;1;1;0;0;0;0;0;0;0;69
220865;89;2;0;0;0;0;2;0;0;0;4;3;49;149
220870;4;0;0;0;0;0;0;0;0;0;0;0;0;4
220880;262;2;0;2;2;0;1;2;1;0;0;2;0;274
220885;42;0;0;0;0;0;0;0;0;0;0;0;0;42
220890;106;9;5;2;8;5;35;17;7;5;2;15;21;237
220900;40;0;0;0;0;0;0;1;0;0;0;0;0;41
220910;190;0;0;0;0;0;0;0;0;0;0;0;0;190
220915;128;0;0;0;0;0;0;0;0;0;0;0;0;128
220920;47;0;0;0;0;0;0;0;0;0;0;0;0;47
220930;140;0;0;0;0;0;0;0;0;0;0;0;0;140
220935;139;0;0;3;0;0;0;0;0;0;1;2;3;148
220937;81;0;0;0;0;0;0;0;0;0;0;0;0;81
220940;76;0;0;0;2;10;0;2;0;2;27;0;0;119
220945;53;0;0;0;0;0;0;0;0;0;0;0;0;53
220950;24;0;0;0;0;0;0;0;0;0;0;0;0;24
220955;61;2;0;0;3;0;3;2;1;0;0;0;0;72
220960;219;0;0;1;0;0;3;0;0;1;1;0;1;226
220965;73;0;0;0;0;0;0;0;0;0;0;0;0;73
220970;4;0;0;0;0;0;0;0;0;0;0;0;0;4
220975;37;0;0;0;0;0;0;1;0;0;0;0;0;38
220980;106;0;1;0;0;0;0;0;0;0;0;0;0;107
220985;6;0;0;0;1;0;0;0;0;0;0;0;0;7
220987;77;1;1;0;0;0;0;0;0;0;1;1;0;81
220990;59;0;0;0;0;0;0;0;0;0;0;0;0;59
220995;79;0;0;0;0;0;0;0;0;1;0;0;0;80
220997;30;0;0;0;0;0;0;0;0;0;0;0;0;30
221000;609;2;6;10;6;7;7;5;20;19;16;23;28;758
221005;41;0;0;0;0;0;0;0;0;0;0;0;0;41
221010;47;0;0;0;0;0;0;0;0;0;0;0;0;47
221020;151;0;1;0;0;0;0;0;1;0;0;0;0;153
221030;232;0;1;0;0;0;0;0;0;0;0;0;0;233
221035;5;0;0;0;0;0;0;0;1;0;0;0;1;7
221037;54;0;0;0;0;0;0;0;0;0;0;0;0;54
221038;148;0;0;0;0;0;0;0;0;0;0;0;0;148
221039;27;0;0;0;0;0;0;0;0;0;0;0;0;27
221040;202;4;7;1;1;1;4;4;4;0;0;2;2;232
221050;385;0;0;0;1;0;0;0;1;0;1;0;0;388
221060;872;13;12;17;9;4;57;240;85;7;442;19;20;1797
221063;2;0;0;0;0;0;0;0;0;0;0;0;0;2
221065;47;0;0;0;0;0;0;0;0;0;0;0;0;47
221070;172;1;0;0;0;1;1;0;0;4;2;0;2;183
221080;149;2;1;3;0;1;0;1;1;0;3;0;1;162
221090;38;0;0;0;0;0;0;0;0;0;0;0;0;38
221093;103;0;0;0;0;0;0;0;0;0;0;0;0;103
221095;6;0;0;0;0;0;0;0;0;0;0;0;0;6
221097;43;0;0;0;0;0;0;0;0;0;0;0;0;43
221100;147450;2935;2841;3134;2529;2909;3208;3300;3165;3621;2665;2761;3124;183642
221110;1215;77;20;55;81;25;1364;20;32;28;295;125;1056;4393
221120;132;22;4;1;1;2;4;1;1;0;1;1;5;175
221130;634;4;5;5;9;0;2;6;3;1;3;4;18;694
221135;29;0;0;0;0;0;0;0;0;0;0;0;0;29
221140;108;1;0;2;1;0;0;0;0;0;4;1;0;117
221150;9;0;0;0;0;0;0;0;0;0;0;0;0;9
221160;116;1;0;0;1;0;1;0;1;0;0;0;1;121
230010;309;2;1;1;1;0;2;4;3;1;2;5;3;334
230015;880;20;19;11;61;5;7;14;21;11;19;21;30;1119
230020;538;2;4;3;0;4;1;0;4;9;16;37;27;645
230030;978;385;555;63;16;11;9;17;13;18;9;11;11;2096
230040;501;4;2;1;1;1;2;0;0;9;0;7;2;530
230050;432;0;0;0;0;0;0;0;0;0;0;0;0;432
230060;129;0;0;1;0;2;1;3;0;1;1;0;3;141
230070;834;40;54;61;62;66;93;94;120;106;260;30;13;1833
230075;945;27;119;18;22;12;10;7;48;65;13;18;7;1311
230080;133;1;0;1;0;1;1;1;0;0;1;0;1;140
230090;308;2;1;3;1;0;3;0;0;0;0;0;0;318
230100;3685;292;220;142;100;172;248;227;119;115;103;125;132;5680
230110;3186;122;78;130;128;144;49;87;140;155;73;88;126;4506
230120;661;3;2;2;7;3;2;1;3;1;1;2;1;689
230125;187;0;0;0;0;0;0;0;0;0;0;0;0;187
230130;479;0;4;1;3;0;5;1;1;0;3;1;7;505
230140;455;27;6;5;0;3;1;3;0;0;1;0;2;503
230150;276;0;0;1;0;0;0;0;0;0;0;0;0;277
230160;502;1;13;37;29;8;45;6;2;10;1;1;2;657
230170;705;28;5;2;7;7;4;3;3;11;3;9;22;809
230180;260;1;0;1;0;0;0;0;0;0;0;0;0;262
230185;470;5;1;4;1;9;1;1;0;0;2;5;10;509
230190;2825;87;45;61;92;121;84;61;121;420;52;92;71;4132
230195;463;3;15;2;1;4;5;2;0;10;6;5;5;521
230200;654;0;1;15;1;3;6;3;17;5;7;4;0;716
230205;249;1;2;0;0;3;1;0;0;0;0;0;0;256
230210;1202;44;40;21;8;12;18;12;21;9;21;14;13;1435
230220;1004;18;43;26;12;19;6;8;14;16;26;26;20;1238
230230;738;22;20;1;4;9;4;15;16;4;3;4;17;857
230240;1402;10;3;7;6;9;13;2;14;6;11;11;19;1513
230250;1380;31;27;26;19;19;239;30;17;12;22;29;20;1871
230260;3332;60;10;17;11;15;21;11;12;28;10;5;14;3546
230270;1110;6;6;13;2;21;3;10;8;3;3;8;2;1195
230280;2023;22;13;39;27;26;14;18;22;18;22;16;11;2271
230290;447;1;0;3;6;0;1;0;0;2;1;0;0;461
230300;55;1;5;8;1;1;13;6;10;1;4;0;0;105
230310;340;0;1;8;0;1;2;1;0;0;1;0;2;356
230320;681;10;3;3;1;0;3;0;0;1;0;1;1;704
230330;425;0;1;3;0;0;2;1;4;2;0;9;1;448
230340;389;0;0;0;0;8;0;0;0;1;0;0;0;398
230350;3522;275;69;38;64;48;52;59;54;57;108;297;61;4704
230360;265;9;0;1;3;1;2;2;2;1;3;6;9;304
230365;388;0;0;1;0;0;0;0;1;0;0;0;0;390
230370;10204;364;315;349;272;358;332;331;318;347;1145;456;965;15756
230380;644;4;2;7;4;9;8;0;1;4;4;1;11;699
230390;905;0;1;0;7;1;2;3;3;0;0;0;53;975
230393;250;1;0;1;0;0;0;0;2;0;5;0;0;259
230395;952;338;97;54;10;21;21;27;14;13;66;115;43;1771
230400;1178;1;1;0;0;1;0;1;1;1;1;0;0;1185
230410;2150;60;58;43;33;27;41;48;51;56;105;46;127;2845
230420;8764;262;293;328;350;226;280;207;513;279;250;182;176;12110
230423;250;0;0;0;2;1;0;0;0;0;2;0;0;255
230425;394;1;0;1;0;0;0;0;1;0;0;0;2;399
230426;267;0;1;1;0;0;1;0;1;0;0;0;0;271
230427;288;1;0;0;0;1;1;0;0;0;0;0;0;291
230428;13116;627;586;724;524;482;461;522;533;667;859;503;607;20211
230430;876;0;2;6;21;3;2;4;5;16;7;17;12;971
230435;762;2;10;11;3;9;7;2;5;7;2;5;14;839
230440;398274;12615;11911;13584;10755;12227;12228;11547;12922;11758;13449;11961;13097;546328
230445;236;11;1;0;0;2;15;3;3;1;2;30;57;361
230450;312;4;9;0;1;12;1;3;0;0;3;0;0;345
230460;225;0;0;0;1;0;0;0;0;0;0;0;0;226
230465;357;0;0;0;0;0;0;0;0;0;0;0;0;357
230470;739;1;3;4;3;2;0;0;0;1;1;0;1;755
230480;271;0;0;0;0;0;0;0;0;0;0;0;0;271
230490;369;0;0;0;0;0;0;0;0;3;0;1;0;373
230495;603;17;8;10;5;6;8;5;20;9;9;4;7;711
230500;1109;1;7;2;16;2;3;8;7;5;4;6;8;1178
230510;224;2;2;1;1;2;3;4;1;1;2;2;4;249
230520;417;0;7;1;1;1;1;2;0;1;1;2;0;434
230523;5380;143;158;135;121;169;203;204;217;231;212;158;182;7513
230526;268;0;0;2;3;2;6;9;16;37;33;44;59;479
230530;297;2;0;9;2;3;0;2;3;2;3;6;17;346
230533;368;0;5;0;0;0;11;11;0;1;2;0;7;405
230535;444;22;6;0;0;0;3;7;2;6;2;6;14;512
230540;1145;27;9;12;7;6;4;17;5;8;12;14;5;1271
230550;5560;108;144;161;153;125;127;119;117;134;93;137;87;7065
230560;583;5;4;6;11;11;13;9;13;21;13;9;63;761
230565;397;0;0;0;0;0;0;0;0;0;0;0;0;397
230570;322;1;6;1;1;6;3;2;2;1;0;1;1;347
230580;758;9;12;117;11;10;2;10;5;5;21;7;28;995
230590;761;0;4;13;9;6;16;7;1;6;2;1;11;837
230600;258;3;9;12;3;7;2;2;0;0;0;0;10;306
230610;601;18;2;2;0;3;3;2;5;6;1;3;6;652
230620;397;5;4;1;1;5;3;2;2;4;6;3;5;438
230625;1108;21;13;28;10;30;28;23;54;47;14;45;27;1448
230630;980;9;16;7;7;6;27;12;13;9;30;23;20;1159
230640;2991;48;39;48;27;47;23;25;54;20;28;25;39;3414
230650;398;0;2;0;0;0;1;2;0;0;0;1;0;404
230655;291;1;0;18;6;0;0;2;0;0;2;0;3;323
230660;274;0;0;0;0;0;0;0;0;0;5;1;7;287
230670;505;7;0;6;0;0;0;2;0;0;0;0;0;520
230680;183;1;10;2;0;1;0;0;0;0;0;0;0;197
230690;1335;13;29;27;12;10;18;19;11;26;12;5;17;1534
230700;1597;51;35;108;28;20;13;8;13;40;46;48;43;2050
230710;536;0;0;0;0;0;0;1;0;0;0;1;0;538
230720;410;0;0;1;0;1;1;0;0;1;0;0;0;414
230725;13;0;0;0;0;0;0;0;0;0;1;2;0;16
230730;14896;575;562;580;539;561;721;636;572;563;597;510;583;21895
230740;314;4;13;8;1;19;2;4;1;3;1;3;4;377
230750;1479;12;16;4;1;0;1;4;0;0;1;4;6;1528
230760;2200;45;33;395;106;242;129;32;38;43;32;36;53;3384
230763;449;1;3;0;1;1;1;22;2;1;2;0;1;484
230765;25209;808;814;675;644;874;928;924;738;729;1423;1228;950;35944
230770;7002;206;119;182;164;285;200;286;113;257;201;152;182;9349
230780;658;2;0;0;9;3;1;6;5;4;0;14;3;705
230790;250;19;0;0;5;0;0;0;0;0;0;0;2;276
230800;537;6;3;5;8;3;1;2;1;5;2;18;4;595
230810;516;9;7;9;6;6;6;0;3;1;11;6;0;580
230820;434;3;0;2;0;0;4;1;2;2;1;0;0;449
230830;908;30;6;43;11;11;6;8;3;12;5;8;81;1132
230835;235;0;2;1;1;0;1;0;1;1;0;3;1;246
230837;340;0;1;0;0;0;0;0;0;0;0;0;0;341
230840;689;9;7;7;0;1;3;2;1;4;1;2;1;727
230850;1451;14;29;33;14;46;80;23;7;17;24;6;6;1750
230860;679;19;2;2;2;0;3;3;1;6;2;0;9;728
230870;2736;122;427;161;41;48;88;92;18;18;28;40;30;3849
230880;558;0;0;0;1;0;0;0;0;0;0;0;3;562
230890;440;0;1;2;6;1;0;0;1;1;1;6;2;461
230900;386;0;1;0;0;0;0;0;0;0;0;0;0;387
230910;276;0;2;1;3;1;2;3;1;3;1;2;1;296
230920;399;10;6;3;9;7;7;3;6;6;7;7;11;481
230930;828;14;3;3;5;3;8;2;6;4;2;3;6;887
230940;676;0;2;137;2;1;0;5;0;1;0;0;0;824
230945;1810;26;16;25;25;39;12;13;26;18;9;23;15;2057
230950;918;0;2;2;0;3;3;3;4;2;2;2;2;943
230960;3768;178;158;113;177;162;274;101;80;72;99;148;108;5438
230970;3815;76;407;319;118;87;89;124;139;72;76;111;62;5495
230980;369;5;12;3;4;2;4;0;2;1;0;3;3;408
230990;377;1;2;1;0;0;1;3;2;1;2;2;2;394
231000;372;1;3;0;6;3;9;1;7;0;1;0;0;403
231010;335;2;8;1;3;0;1;2;2;2;1;5;3;365
231020;3730;149;58;58;70;98;148;76;78;126;177;130;146;5044
231025;626;1;10;1;3;4;2;14;3;2;2;5;3;676
231030;406;11;0;1;1;3;0;0;0;1;1;0;5;429
231040;409;0;2;2;0;0;0;1;0;1;1;1;0;417
231050;1165;0;2;0;3;1;1;2;36;0;1;2;0;1213
231060;252;1;0;2;0;0;0;1;0;0;0;5;0;261
231070;617;12;5;3;2;2;11;5;13;7;6;7;12;702
231080;477;7;8;0;2;0;1;1;1;1;2;2;1;503
231085;571;26;8;7;3;8;8;11;3;4;3;16;20;688
231090;164;0;0;2;2;0;0;0;0;5;9;5;6;193
231095;112;0;0;0;0;0;0;0;0;0;0;0;0;112
231100;379;1;2;7;1;0;4;0;0;1;1;1;2;399
231110;182;0;2;1;0;0;0;0;2;0;1;0;1;189
231120;220;0;4;0;0;0;0;0;0;0;0;1;0;225
231123;96;0;2;2;1;0;0;0;0;0;0;0;0;101
231126;153;0;0;0;0;1;2;0;1;1;2;0;7;167
231130;3045;86;51;66;43;32;63;44;44;47;35;47;77;3680
231135;449;0;2;0;2;0;3;0;25;0;1;2;13;497
231140;2094;38;18;17;21;20;23;7;14;18;12;22;15;2319
231150;656;1;4;2;4;3;3;3;1;1;2;2;3;685
231160;1146;10;13;16;9;10;9;1;6;3;10;29;6;1268
231170;346;3;0;1;1;0;2;1;1;1;2;4;0;362
231180;2634;95;173;37;34;93;72;85;54;41;52;177;70;3617
231190;120;1;0;0;3;0;0;0;0;0;0;0;1;125
231195;115;0;0;0;1;0;1;0;1;0;0;0;0;118
231200;591;4;3;0;5;0;3;0;3;1;4;1;2;617
231210;296;12;16;16;1;28;21;4;1;2;1;10;0;408
231220;607;6;5;5;20;8;15;5;6;3;2;13;14;709
231230;647;9;2;2;24;7;15;8;11;10;6;14;6;761
231240;2155;136;86;50;130;79;99;99;174;85;137;101;105;3436
231250;307;1;1;12;0;0;4;0;4;3;2;2;2;338
231260;246;0;1;2;2;1;0;0;4;1;0;0;11;268
231270;785;8;14;10;5;4;7;1;7;7;6;59;11;924
231280;210;0;0;0;0;0;0;0;0;0;0;0;0;210
231290;18552;328;665;580;510;513;1261;2023;531;478;566;541;695;27243
231300;321;10;1;8;1;4;7;1;7;3;3;3;3;372
231310;913;12;12;14;11;13;7;8;9;8;10;13;6;1036
231320;513;1;0;1;0;0;0;0;0;0;0;0;0;515
231325;1268;2;4;5;3;1;11;0;1;4;3;1;0;1303
231330;1106;57;18;17;23;11;27;5;14;9;14;7;24;1332
231335;448;0;3;4;0;5;6;1;0;0;0;1;0;468
231340;2183;46;13;17;21;17;24;6;18;65;62;37;20;2529
231350;509;18;1;1;0;0;2;1;0;1;2;12;3;550
231355;307;1;1;0;0;1;0;0;0;1;4;0;0;315
231360;1052;4;9;3;12;3;3;5;8;1;2;3;13;1118
231370;309;0;1;0;0;1;1;0;0;5;0;1;6;324
231375;381;0;0;1;0;1;0;0;0;0;0;0;0;383
231380;933;21;4;37;23;14;26;8;47;9;10;168;51;1351
231390;9;0;0;1;0;0;0;0;1;0;0;0;0;11
231395;454;0;5;0;0;2;0;0;3;4;3;1;3;475
231400;946;1;4;2;1;1;3;4;1;0;2;2;8;975
231410;928;4;5;4;1;3;3;5;4;4;12;2;11;986
240010;576;17;4;4;11;5;12;10;7;11;7;11;19;694
240020;2484;67;67;54;63;70;58;117;72;92;64;108;103;3419
240030;435;0;0;2;2;0;0;1;4;4;1;2;3;454
240040;177;0;0;0;0;0;0;0;0;0;0;0;0;177
240050;404;0;0;0;0;0;1;1;0;39;0;5;0;450
240060;163;0;0;0;0;0;0;0;0;0;0;0;1;164
240070;966;7;4;25;12;29;24;18;16;31;37;22;18;1209
240080;405;0;0;0;2;5;2;4;10;6;26;5;2;467
240090;106;0;3;13;19;44;29;37;26;14;19;9;117;436
240100;849;18;6;2;8;1;5;6;3;7;8;11;9;933
240110;1921;32;35;59;27;20;32;34;31;71;22;45;44;2373
240120;2543;29;509;188;24;56;17;14;24;149;85;63;164;3865
240130;483;2;2;5;1;0;0;1;2;9;30;76;114;725
240140;858;262;80;33;28;20;7;8;11;27;25;27;38;1424
240145;1453;110;112;135;94;34;14;21;35;80;96;67;113;2364
240150;98;0;1;0;1;0;0;1;0;0;0;0;0;101
240160;78;0;0;0;0;0;0;0;0;0;0;1;0;79
240165;60;0;0;0;0;0;0;0;0;0;0;0;0;60
240170;214;1;1;0;0;1;4;2;5;1;3;1;2;235
240180;193;1;0;0;0;0;0;0;0;6;0;0;0;200
240185;58;0;0;0;0;0;0;0;0;0;0;0;0;58
240190;145;0;0;2;0;0;1;0;1;1;1;0;2;153
240200;4667;91;62;99;114;95;67;75;101;81;106;148;120;5826
240210;160;0;0;0;0;0;0;0;0;1;0;0;1;162
240220;3326;79;1387;119;54;74;154;106;110;85;108;196;403;6201
240230;1209;3;4;3;2;5;2;1;4;4;1;3;7;1248
240240;575;15;22;24;18;20;25;71;20;12;17;18;21;858
240250;804;39;30;62;70;33;13;10;6;15;24;41;234;1381
240260;3311;24;16;43;38;24;19;21;32;37;54;215;98;3932
240270;439;8;33;11;5;3;6;38;34;1;8;4;23;613
240280;74;0;0;9;0;0;0;0;0;0;63;0;15;161
240290;80;0;0;0;0;0;0;0;0;0;0;0;1;81
240300;419;2;8;2;4;7;2;9;16;5;11;11;10;506
240310;2714;59;63;67;45;55;47;33;71;83;32;73;72;3414
240320;142;0;1;2;1;5;5;2;7;2;10;1;0;178
240325;10742;303;302;592;378;362;369;456;368;452;500;405;637;15866
240330;111;0;0;1;0;0;0;0;0;1;0;0;0;113
240340;173;0;3;2;0;0;0;0;4;0;0;6;9;197
240350;120;0;0;0;0;0;0;0;0;0;0;0;0;120
240360;766;44;65;65;41;24;35;59;63;43;35;23;23;1286
240370;220;0;0;2;0;0;1;0;0;0;0;0;4;227
240375;2;0;0;0;0;0;0;0;0;0;0;0;37;39
240380;270;0;4;4;0;0;0;1;0;1;0;2;0;282
240390;121;1;0;0;0;0;0;0;0;1;0;3;0;126
240400;213;3;1;2;1;0;1;2;0;0;0;7;0;230
240410;84;0;1;6;4;9;2;1;1;1;1;0;4;114
240420;676;139;8;76;8;22;4;15;15;23;32;10;19;1047
240430;308;9;10;7;3;1;5;1;4;5;3;2;19;377
240440;415;15;7;14;8;7;10;8;11;17;19;13;34;578
240450;600;12;5;10;3;7;9;15;8;19;7;28;12;735
240460;209;0;3;0;0;0;0;0;0;0;0;1;0;213
240470;1507;22;149;67;47;42;41;56;53;103;72;62;64;2285
240480;81;0;0;0;0;0;0;0;0;0;0;0;2;83
240485;221;1;7;4;11;5;6;22;32;13;16;13;15;366
240490;256;0;0;0;1;0;0;0;6;2;3;0;1;269
240500;173;1;0;0;2;0;1;1;2;1;0;1;0;182
240510;177;0;0;0;0;0;0;0;0;0;0;0;0;177
240520;196;1;1;1;0;0;0;0;0;0;0;0;0;199
240530;199;0;0;0;0;0;0;0;0;0;1;0;0;200
240540;168;0;0;0;0;0;0;0;0;0;0;0;0;168
240550;2;0;0;0;0;0;0;0;0;0;0;0;0;2
240560;355;1;0;3;0;30;4;1;1;4;2;6;1;408
240570;777;12;14;10;5;5;9;15;14;13;6;52;10;942
240580;780;4;15;16;6;6;7;2;3;6;5;4;3;857
240590;130;0;0;0;0;0;0;0;0;0;0;0;10;140
240600;159;0;0;0;0;0;0;0;0;0;0;1;1;161
240610;446;0;0;22;1;0;0;2;14;3;0;0;1;489
240620;172;1;0;1;1;0;1;1;3;3;0;1;4;188
240630;78;0;1;0;0;0;0;0;0;0;1;0;0;80
240640;125;1;0;0;0;2;1;0;0;0;0;0;5;134
240650;244;0;0;1;0;0;0;1;0;0;0;0;1;247
240660;14;0;0;0;0;0;0;0;0;0;0;0;0;14
240670;429;2;15;25;17;74;146;28;17;7;3;2;7;772
240680;110;0;2;0;0;0;0;0;0;0;0;0;0;112
240690;109;0;2;0;0;0;1;1;0;0;0;0;0;113
240700;99;0;0;0;3;0;0;0;0;0;0;0;0;102
240710;2241;32;45;54;54;49;126;85;90;71;91;82;120;3140
240720;2334;28;59;50;41;38;48;41;35;23;22;43;77;2839
240725;52;1;0;0;0;0;0;0;0;0;0;0;0;53
240730;307;0;1;1;1;1;1;0;1;2;0;1;60;376
240740;247;0;0;2;1;1;0;0;1;0;1;1;1;255
240750;259;9;0;9;11;13;15;20;10;23;20;15;42;446
240760;160;0;0;0;0;0;0;0;5;0;0;0;50;215
240770;184;0;0;0;0;0;0;0;0;0;0;0;0;184
240780;1046;2;13;21;53;23;28;47;42;85;166;46;28;1600
240790;151;0;0;0;0;0;0;0;1;0;0;0;1;153
240800;25138;840;914;1112;999;848;903;824;715;768;913;1024;1125;36123
240810;171312;3308;3465;4407;3730;3595;4489;3905;4276;4010;5147;4439;5039;221122
240820;749;17;21;8;34;6;7;13;20;19;19;24;13;950
240830;435;9;14;14;15;10;8;8;15;30;28;11;10;607
240840;110;0;0;0;0;0;0;0;0;0;0;0;10;120
240850;164;0;1;3;1;1;2;0;0;1;2;2;1;178
240860;118;0;0;0;0;0;0;0;0;0;0;0;0;118
240870;118;0;0;0;0;0;0;0;0;0;0;0;0;118
240880;159;1;0;0;1;0;0;1;0;0;0;0;2;164
240890;1141;47;28;46;20;89;62;80;53;24;42;29;43;1704
240895;13;1;0;0;0;1;0;2;1;0;0;0;0;18
240910;293;14;2;25;7;7;5;30;16;13;31;29;13;485
240920;144;0;0;2;0;1;0;6;1;2;0;0;1;157
240930;320;1;1;3;1;2;14;32;0;0;3;1;0;378
240933;111;0;0;0;0;0;0;0;1;0;1;0;0;113
240940;1220;8;9;12;5;10;9;24;18;10;28;8;25;1386
240950;159;0;0;0;0;0;0;0;0;0;0;0;0;159
240960;150;0;0;1;0;0;0;0;3;0;0;0;0;154
240970;195;0;1;1;1;6;2;0;1;0;0;0;4;211
240980;233;0;0;1;0;2;1;1;2;1;0;0;14;255
240990;682;13;4;2;7;7;14;15;3;16;3;14;10;790
241000;115;0;0;0;0;0;0;0;0;0;0;0;0;115
241010;293;0;1;0;1;0;0;0;0;0;0;0;1;296
241020;117;1;1;2;2;0;1;1;0;0;0;1;0;126
241025;143;0;0;0;0;0;0;0;0;0;0;2;0;145
241030;84;0;0;0;0;0;1;0;0;0;0;1;0;86
241040;159;0;0;0;0;0;0;0;0;0;0;0;0;159
241050;145;0;0;0;0;0;0;0;0;0;0;0;0;145
241060;95;0;0;0;0;1;0;0;2;0;0;0;0;98
241070;76;2;0;0;0;0;0;0;0;0;0;0;0;78
241080;189;0;0;0;0;0;0;0;0;0;0;0;0;189
241090;289;2;2;0;2;1;0;1;0;5;2;2;2;308
241100;224;1;2;2;0;1;1;0;1;1;0;0;7;240
241105;43;0;0;0;0;2;0;0;5;3;0;4;0;57
241110;252;0;0;0;0;0;0;0;0;1;0;0;0;253
241120;1798;22;45;41;22;79;32;39;85;32;162;16;84;2457
241140;427;1;1;2;0;2;2;2;3;0;3;3;4;450
241142;154;3;0;0;1;3;0;3;3;0;0;13;0;180
241150;583;7;3;10;10;4;4;7;8;5;4;5;11;661
241160;139;0;2;0;3;0;0;0;4;0;1;0;1;150
241170;178;0;0;0;0;0;0;0;0;0;0;0;0;178
241180;104;1;0;1;0;0;0;1;0;1;0;0;2;110
241190;165;0;0;0;0;0;0;0;0;1;0;0;1;167
241200;7582;147;1584;230;204;193;206;251;325;510;279;335;185;12031
241210;167;1;1;2;0;1;4;3;1;1;0;0;0;181
241220;1260;43;16;32;19;23;26;49;35;40;32;38;45;1658
241230;388;0;0;1;2;0;12;28;37;27;43;61;2;601
241240;172;1;0;4;1;2;1;3;4;1;2;7;3;201
241250;314;0;4;1;2;0;3;2;0;2;3;1;0;332
241255;101;0;0;2;0;1;2;0;0;0;0;0;1;107
241260;445;15;4;14;4;20;5;3;16;22;19;15;26;608
241270;197;0;1;1;0;0;2;1;1;0;0;0;1;204
241280;135;3;1;0;0;2;1;3;3;3;0;6;5;162
241290;343;4;3;6;9;6;2;7;1;0;13;2;6;402
241300;169;0;0;0;1;0;0;5;1;0;0;3;1;180
241310;207;0;4;1;0;0;0;1;1;0;0;0;0;214
241320;130;0;0;0;0;0;0;0;0;1;0;0;0;131
241330;186;4;0;1;3;0;1;0;1;0;3;0;0;199
241335;57;0;0;0;0;0;0;0;0;0;0;1;0;58
241340;157;0;0;1;0;0;0;0;0;4;4;1;7;174
241350;78;0;1;0;0;0;3;0;1;0;0;1;2;86
241355;126;0;0;1;0;0;1;0;0;0;0;0;1;129
241360;264;1;1;0;3;4;4;11;5;6;0;3;2;304
241370;101;0;0;0;1;0;0;0;0;0;0;0;0;102
241380;77;0;0;0;0;0;0;0;0;0;0;0;0;77
241390;347;4;86;4;24;4;6;3;12;4;6;7;10;517
241400;453;11;1;5;4;3;19;23;4;5;3;1;2;534
241410;206;0;0;0;0;0;0;0;0;0;0;0;0;206
241415;151;1;0;0;0;0;0;0;0;0;0;0;0;152
241420;334;46;6;35;8;7;21;8;3;10;15;24;18;535
241430;30;2;0;0;0;0;0;0;0;0;0;0;0;32
241440;682;3;1;4;2;4;4;6;3;16;6;7;6;744
241445;87;0;0;4;0;1;0;0;0;2;0;0;0;94
241450;311;4;1;3;1;1;2;0;1;0;0;1;31;356
241460;227;2;1;0;0;0;0;3;0;0;0;0;2;235
241470;155;0;2;0;0;0;0;0;0;0;0;0;1;158
241475;144;0;0;0;0;0;0;0;0;0;0;0;0;144
241480;187;0;0;0;0;0;0;0;1;1;1;25;54;269
241490;2;0;0;0;0;0;0;0;0;0;0;0;0;2
241500;10;0;0;0;0;0;0;0;0;24;0;0;0;34
250010;126;1;0;0;0;0;0;0;0;0;0;0;0;127
250020;384;1;0;2;0;0;1;0;0;1;2;1;0;392
250030;581;9;11;1;3;6;2;5;2;5;7;5;7;644
250040;531;3;1;32;4;7;2;26;2;2;8;3;8;629
250050;253;1;2;1;1;1;1;2;1;2;2;1;0;268
250053;3;0;0;0;0;0;0;0;0;0;0;0;0;3
250057;81;0;0;0;0;1;1;0;0;1;0;0;1;85
250060;1147;56;39;44;22;43;47;36;92;113;24;16;27;1706
250070;635;4;4;1;13;3;6;14;0;0;3;3;2;688
250073;37;0;0;0;0;0;0;0;0;0;0;0;0;37
250077;99;1;0;0;0;0;0;0;0;0;1;0;0;101
250080;577;0;1;0;1;1;1;1;0;1;5;2;2;592
250090;292;7;0;0;1;0;0;0;0;0;1;0;0;301
250100;658;4;1;0;4;3;6;4;8;2;4;2;0;696
250110;835;7;6;13;2;5;4;7;4;7;7;10;3;910
250115;113;0;0;0;0;0;0;0;0;0;0;0;0;113
250120;316;0;3;0;0;1;0;1;0;0;0;0;0;321
250130;475;0;1;1;5;1;11;5;0;5;1;1;1;507
250135;5;0;0;0;0;0;0;0;0;0;0;0;0;5
250140;242;2;1;2;0;2;2;2;0;0;0;0;0;253
250150;428;8;4;3;9;8;8;4;2;8;5;20;6;513
250153;95;0;0;0;0;0;0;0;0;0;0;0;1;96
250157;17;0;0;0;0;0;0;0;0;0;0;2;0;19
250160;404;4;0;5;5;0;1;3;5;5;0;3;3;438
250170;90;0;0;1;0;0;0;1;0;0;0;1;0;93
250180;6005;150;197;136;188;272;189;176;150;146;122;185;473;8389
250190;426;6;2;4;1;3;2;1;3;4;3;5;4;464
250200;138;0;1;0;0;0;0;0;0;0;0;1;0;140
250205;168;0;0;0;0;0;0;0;0;0;0;0;0;168
250210;95;0;0;0;0;0;0;0;0;0;0;0;0;95
250215;275;5;5;12;9;11;5;5;4;9;8;8;34;390
250220;473;0;2;0;0;0;3;0;0;1;0;0;0;479
250230;184;0;0;0;0;0;0;0;0;0;0;0;0;184
250240;550;1;4;1;1;1;0;0;2;0;1;1;1;563
250250;514;10;3;10;12;2;5;12;2;3;1;0;3;577
250260;252;0;0;0;0;0;1;0;0;0;0;0;0;253
250270;242;3;1;0;0;1;1;1;1;0;1;0;1;252
250280;381;0;39;0;4;2;18;2;6;2;6;9;10;479
250290;710;0;0;0;0;0;0;0;0;0;0;0;0;710
250300;3300;191;184;58;90;66;62;34;646;126;46;92;171;5066
250310;241;2;10;3;7;1;6;0;0;1;0;3;1;275
250320;6939;251;230;247;184;171;209;195;174;181;140;222;216;9359
250330;336;1;0;0;4;1;0;0;0;1;0;0;1;344
250340;77;0;0;0;0;0;0;0;0;0;0;0;0;77
250350;279;1;0;0;0;0;0;0;1;0;4;0;2;287
250360;329;15;8;2;1;4;5;2;2;2;6;3;2;381
250370;3442;88;323;84;150;86;67;84;96;107;87;88;136;4838
250375;109;0;0;0;0;0;0;0;0;0;0;0;0;109
250380;224;1;0;0;2;1;1;4;1;1;0;0;0;235
250390;205;0;0;0;0;0;0;0;1;0;0;0;0;206
250400;39222;1153;1210;1263;1047;945;1111;1084;1280;1311;1021;1189;1487;53323
250403;26;0;0;0;0;0;0;0;0;0;0;0;0;26
250407;106;0;0;2;0;0;0;0;1;0;0;0;0;109
250410;109;0;0;0;0;0;0;0;0;0;0;0;0;109
250415;148;0;0;0;0;0;2;0;0;0;1;0;0;151
250420;104;0;0;0;0;0;0;0;0;1;0;0;0;105
250430;928;18;12;16;9;24;14;18;13;7;17;10;8;1094
250435;99;0;0;0;0;1;0;0;1;0;0;0;0;101
250440;491;1;3;3;0;1;2;0;0;1;0;0;4;506
250450;150;0;0;1;0;0;4;0;2;4;0;0;1;162
250460;974;13;24;9;21;16;32;29;18;15;22;24;18;1215
250470;91;0;0;0;0;0;0;1;1;0;0;0;0;93
250480;796;23;18;101;15;22;387;52;52;6;0;3;2;1477
250490;709;15;19;12;18;14;12;14;19;7;11;31;50;931
250500;268;0;0;0;0;0;0;0;0;0;0;1;0;269
250510;677;5;4;11;14;16;19;8;30;1;5;5;2;797
250520;277;1;0;5;23;1;0;1;0;0;2;0;1;311
250523;104;29;0;1;0;0;0;2;0;0;0;0;10;146
250527;135;0;0;0;1;1;0;0;0;0;0;8;1;146
250530;99;0;0;0;0;0;0;0;0;0;0;0;0;99
250535;43;0;0;0;0;0;0;0;0;0;0;0;0;43
250540;56;0;2;0;0;0;0;0;0;0;0;0;0;58
250550;36;0;0;0;0;0;0;0;0;0;0;0;0;36
250560;137;0;0;1;0;0;0;0;0;0;1;0;0;139
250570;249;0;1;1;0;0;2;1;0;1;0;0;0;255
250580;172;3;2;2;3;1;1;0;1;1;1;0;5;192
250590;142;0;0;0;5;1;0;0;3;0;0;0;0;151
250600;1651;146;40;17;35;18;16;18;14;15;21;46;25;2062
250610;439;3;3;1;0;3;1;2;2;2;2;0;0;458
250620;86;0;0;0;0;0;0;0;0;0;0;0;2;88
250625;45;0;0;0;0;0;0;0;0;0;0;0;0;45
250630;3454;87;97;85;65;71;86;75;76;78;94;121;89;4478
250640;529;4;1;0;4;1;1;4;19;2;5;10;4;584
250650;69;1;0;0;0;0;0;0;0;0;0;0;0;70
250660;108;9;1;2;3;0;1;0;2;0;0;0;3;129
250670;308;0;0;0;0;0;0;0;0;0;0;0;0;308
250680;647;160;7;11;6;7;4;6;8;5;5;2;3;871
250690;1198;5;18;21;20;20;14;48;23;4;20;11;13;1415
250700;706;4;3;1;2;9;5;4;2;3;6;9;8;762
250710;606;6;7;0;5;1;0;3;1;1;1;3;0;634
250720;232;8;1;0;1;1;2;1;2;5;0;1;0;254
250730;58;0;1;3;0;1;3;4;2;1;1;0;0;74
250740;194;3;1;0;1;0;0;6;3;1;2;0;0;211
250750;167556;2713;2684;3449;2964;2749;3048;3175;3139;3128;3230;3565;3676;205076
250760;388;1;0;5;1;1;0;1;1;3;3;0;2;406
250770;508;5;6;3;8;8;4;15;17;32;70;46;9;731
250780;353;3;1;1;3;2;1;1;3;1;4;2;1;376
250790;426;107;31;4;14;8;4;1;1;2;14;1;4;617
250800;152;4;2;2;0;11;1;0;0;4;0;0;2;178
250810;489;0;0;0;0;0;0;0;0;0;0;0;0;489
250820;262;1;2;0;0;5;1;0;1;0;0;0;0;272
250830;572;11;9;37;17;7;2;5;9;8;8;6;8;699
250840;252;0;0;0;0;0;0;0;0;0;0;0;2;254
250850;197;0;0;1;0;0;0;0;0;0;0;0;4;202
250855;42;0;0;0;0;0;0;1;0;1;0;0;0;44
250860;1031;22;20;32;18;53;61;45;68;24;20;24;11;1429
250870;141;0;0;0;0;0;0;1;0;0;0;0;0;142
250880;162;0;0;0;0;0;0;0;0;0;0;0;0;162
250890;2072;521;182;200;64;61;33;25;49;59;42;94;73;3475
250900;145;1;1;2;1;1;0;1;1;0;0;0;3;156
250905;160;0;0;0;0;0;0;0;0;0;0;0;1;161
250910;526;5;1;1;4;0;2;4;1;73;13;28;6;664
250915;10;0;0;1;1;0;0;3;0;1;1;0;2;19
250920;690;214;7;6;11;6;21;8;4;12;11;20;15;1025
250930;336;4;5;5;3;5;11;5;2;5;4;4;1;390
250933;139;1;0;0;0;1;0;0;1;2;0;0;2;146
250937;97;0;0;0;0;0;0;0;0;0;0;0;0;97
250939;79;0;1;0;0;0;0;0;0;0;0;0;0;80
250940;438;4;0;5;2;1;2;0;1;0;0;1;3;457
250950;170;0;0;0;0;3;0;0;0;0;1;0;5;179
250960;136;0;0;0;0;0;0;0;0;0;0;0;0;136
250970;958;11;4;6;7;5;2;8;8;5;5;3;9;1031
250980;440;1;2;3;1;8;2;3;5;2;2;6;5;480
250990;124;0;0;1;0;0;0;0;0;0;0;0;1;126
251000;265;0;1;0;0;0;1;0;1;0;0;0;0;268
251010;360;0;11;1;3;1;1;1;0;1;0;3;4;386
251020;397;1;0;0;0;0;0;0;0;0;0;0;0;398
251030;270;5;0;0;1;0;0;0;8;1;7;0;0;292
251040;343;0;0;0;0;0;1;23;2;1;0;0;0;370
251050;173;3;0;2;0;1;0;0;1;0;0;0;4;184
251060;115;0;0;0;0;0;0;0;0;0;0;0;0;115
251065;110;0;0;0;0;0;0;0;0;0;0;0;0;110
251070;86;0;1;1;0;1;0;1;13;1;2;4;3;113
251080;5151;85;118;122;81;122;152;134;119;116;126;89;248;6663
251090;294;1;0;1;0;4;0;2;1;3;10;3;0;319
251100;166;0;0;0;0;0;0;0;0;0;0;0;0;166
251110;299;1;1;2;10;4;1;2;2;10;0;0;22;354
251120;2762;908;119;42;61;49;46;56;80;93;206;113;77;4612
251130;1445;3;1;0;4;0;1;3;2;2;0;2;3;1466
251140;693;8;15;5;17;10;9;7;9;1;12;5;9;800
251150;367;4;2;3;1;1;5;4;1;3;2;6;3;402
251160;183;0;0;0;0;0;0;0;0;0;0;0;0;183
251170;277;1;1;4;5;1;0;2;0;1;2;0;1;295
251180;443;0;2;1;0;2;2;4;0;3;0;3;2;462
251190;200;3;5;2;1;2;2;4;2;5;2;6;7;241
251200;2345;195;68;34;41;46;44;140;46;21;45;35;34;3094
251203;106;0;0;0;0;0;0;0;0;0;0;0;0;106
251207;62;0;0;0;0;0;0;0;0;0;0;0;0;62
251210;817;11;12;7;9;9;14;13;7;10;6;32;15;962
251220;102;0;0;0;0;0;0;0;0;0;0;0;0;102
251230;543;1;0;2;4;3;2;4;4;1;3;1;2;570
251240;531;5;0;4;4;4;2;7;8;6;2;5;2;580
251250;1809;48;25;21;20;35;25;29;24;27;38;24;20;2145
251260;90;0;0;0;0;0;0;0;0;0;0;0;0;90
251270;385;3;0;2;1;0;2;2;2;2;3;4;1;407
251272;164;0;0;2;0;0;0;2;1;0;0;0;0;169
251274;42;0;0;0;3;0;1;0;0;0;0;0;0;46
251275;2;0;0;0;0;0;0;0;0;0;0;0;0;2
251276;41;0;0;0;0;0;0;0;0;0;0;0;0;41
251278;2;0;0;0;0;0;0;0;0;1;0;0;0;3
251280;154;0;1;1;1;0;0;0;0;1;0;0;0;158
251290;2764;128;27;24;7;23;15;25;23;14;6;28;11;3095
251300;118;1;0;6;4;0;1;1;0;4;2;2;0;139
251310;1005;0;0;1;0;0;0;0;2;0;0;1;0;1009
251315;131;0;0;0;0;0;0;0;0;0;0;0;0;131
251320;240;0;1;1;9;1;0;0;8;0;3;0;0;263
251330;332;0;0;1;1;0;1;0;0;0;4;0;0;339
251335;115;0;0;0;0;0;0;0;0;0;0;0;0;115
251340;740;17;12;14;15;17;14;48;76;19;22;9;8;1011
251350;100;0;12;0;0;0;0;0;0;1;0;1;32;146
251360;298;0;0;0;0;0;0;0;3;0;0;0;0;301
251365;179;0;0;0;0;0;0;0;0;0;0;0;0;179
251370;11780;1596;1400;637;286;361;258;364;232;395;356;314;548;18527
251380;160;1;2;0;0;1;0;0;2;1;0;1;1;169
251385;106;0;0;0;0;0;0;0;0;0;0;0;0;106
251390;778;20;9;11;10;22;11;47;19;10;20;23;23;1003
251392;125;0;0;0;0;0;0;0;0;0;0;0;0;125
251396;101;0;0;0;0;0;0;0;0;0;0;0;0;101
251398;1;0;0;0;0;0;0;0;0;0;0;0;0;1
251400;376;2;7;8;8;11;25;5;2;57;3;0;7;511
251410;134;0;1;0;1;0;0;0;0;0;0;0;0;136
251420;203;1;1;0;1;0;0;1;0;2;2;0;24;235
251430;84;0;0;0;0;0;0;0;0;0;0;0;0;84
251440;74;1;1;0;0;1;1;0;0;0;1;0;0;79
251445;138;0;0;0;0;0;0;0;1;0;0;0;1;140
251450;826;0;1;1;3;0;0;0;0;9;1;1;0;842
251455;43;0;0;0;0;0;0;0;0;0;0;0;0;43
251460;77;0;0;0;0;0;0;0;0;0;0;0;0;77
251465;37;0;0;0;0;0;0;0;0;0;0;0;0;37
251470;251;2;2;1;0;0;0;2;3;0;1;3;1;266
251480;157;0;0;0;0;0;0;0;0;1;0;0;0;158
251490;526;9;7;10;4;21;6;7;2;6;10;11;22;641
251500;94;37;1;3;0;6;0;0;0;0;2;3;72;218
251510;404;1;1;0;0;1;0;0;1;0;1;0;7;416
251520;43;0;0;0;0;0;0;0;0;0;0;0;0;43
251530;2084;107;39;34;128;119;42;40;77;28;47;189;103;3037
251540;259;3;2;1;13;0;0;0;0;0;0;0;0;278
251550;392;1;4;1;2;1;2;6;1;0;0;2;1;413
251560;169;0;0;0;0;0;0;0;0;0;0;0;0;169
251570;143;8;0;0;0;0;0;0;0;0;0;0;0;151
251580;439;134;4;8;7;10;3;6;6;6;0;8;3;634
251590;287;0;0;0;0;0;1;0;1;0;0;1;0;290
251593;106;3;1;0;0;1;0;0;0;0;1;1;1;114
251597;203;0;0;0;0;0;0;0;0;0;0;0;0;203
251600;790;13;5;4;7;6;8;4;5;1;6;2;4;855
251610;802;178;10;9;7;10;5;10;9;4;5;5;6;1060
251615;119;0;0;0;1;0;0;1;1;0;0;0;0;122
251620;3552;50;63;73;76;67;89;74;51;105;96;89;79;4464
251630;358;2;1;2;5;0;1;0;3;3;5;0;4;384
251640;285;0;0;2;0;0;0;1;2;0;0;1;0;291
251650;543;3;4;2;3;6;2;8;3;2;2;5;5;588
251660;224;0;0;0;0;0;0;0;0;0;0;0;0;224
251670;299;4;0;1;0;0;0;0;0;2;0;4;2;312
251675;38;0;0;0;0;0;0;1;0;0;0;0;0;39
251680;202;0;0;0;0;0;0;0;0;0;0;0;0;202
251690;682;1;2;0;1;0;0;4;1;1;1;1;0;694
251700;168;0;0;0;0;0;0;0;0;0;1;0;0;169
251710;200;13;0;3;0;3;3;3;2;1;3;2;3;236
251720;105;0;0;0;0;0;0;0;0;0;0;0;0;105
251740;58;0;0;0;0;0;0;0;0;0;0;0;0;58
260005;5703;218;199;173;137;177;197;171;191;169;117;159;202;7813
260010;1510;11;15;22;9;32;7;6;18;8;17;12;21;1688
260020;223;0;0;1;3;2;1;0;3;0;0;0;186;419
260030;828;4;10;6;5;3;8;2;8;7;2;5;6;894
260040;1818;45;140;16;9;17;78;10;9;10;9;12;12;2185
260050;981;10;7;7;6;11;7;7;5;2;13;4;2;1062
260060;395;0;2;1;1;0;2;0;0;0;0;0;0;401
260070;2659;208;339;31;35;37;29;74;39;20;26;34;39;3570
260080;652;2;0;0;2;0;1;6;1;1;1;1;4;671
260090;771;34;65;0;3;8;1;6;1;0;18;3;17;927
260100;262;2;0;111;1;0;0;0;0;2;1;0;1;380
260105;14;1;4;1;2;0;1;1;0;1;0;0;0;25
260110;3331;79;68;90;79;98;128;99;84;69;89;124;131;4469
260120;3542;82;57;81;83;56;63;54;67;75;51;62;75;4348
260130;299;5;10;10;7;10;2;8;37;1;2;0;7;398
260140;4541;9;9;48;17;16;13;21;18;14;16;14;30;4766
260150;409;7;0;0;0;3;1;1;1;1;0;2;1;426
260160;853;11;3;4;4;10;3;1;2;5;5;9;43;953
260170;5486;105;131;100;114;107;80;116;102;116;135;105;127;6824
260180;328;0;0;1;10;2;0;3;0;0;0;1;2;347
260190;2412;36;99;63;40;37;36;60;52;44;47;60;17;3003
260200;703;4;1;4;2;4;2;4;2;1;2;0;1;730
260210;1093;7;3;6;5;9;6;5;7;3;5;6;5;1160
260220;913;8;9;10;7;6;4;12;5;6;6;8;1;995
260230;1327;46;10;9;8;10;9;3;20;12;7;23;3;1487
260240;303;4;0;4;0;1;0;2;2;1;1;1;2;321
260250;160;0;0;0;0;0;1;0;1;0;0;0;0;162
260260;861;10;18;1;5;5;5;3;3;9;15;9;12;956
260270;502;86;4;36;31;22;29;37;6;18;7;6;13;797
260280;855;0;1;3;2;0;1;3;1;3;7;1;1;878
260290;13577;1337;572;348;348;405;442;275;457;370;529;565;561;19786
260300;1035;12;0;2;5;3;7;0;0;2;2;2;3;1073
260310;513;3;6;2;0;3;2;1;4;2;5;3;0;544
260320;496;0;2;0;1;1;0;2;7;2;0;1;0;512
260330;267;1;1;0;0;1;0;0;1;1;2;1;0;275
260340;348;0;0;0;0;0;0;0;0;0;0;0;0;348
260345;5951;173;166;270;119;189;144;143;109;113;267;180;166;7990
260350;470;4;4;1;3;11;3;1;2;1;2;3;1;506
260360;2069;640;633;35;10;3;12;9;19;7;13;29;738;4217
260370;688;8;21;28;3;3;1;6;9;7;5;5;13;797
260380;344;1;1;0;0;0;0;0;0;0;0;0;0;346
260390;402;1;0;1;0;1;0;0;1;0;2;0;2;410
260392;149;0;0;0;0;0;0;0;0;0;0;0;0;149
260400;4624;293;117;101;89;160;86;194;70;93;112;100;140;6179
260410;20786;528;507;598;588;843;755;658;604;607;671;569;613;28327
260415;423;0;1;16;1;2;4;1;1;1;0;1;0;451
260420;3942;21;117;13;8;15;143;13;33;15;22;14;176;4532
260430;424;6;4;0;0;0;2;0;3;1;0;0;1;441
260440;718;109;96;149;35;10;13;10;5;11;4;13;11;1184
260450;627;0;5;11;9;3;6;11;16;9;7;5;7;716
260460;696;8;47;3;5;7;9;4;8;7;4;6;2;806
260470;572;8;1;3;3;2;21;0;3;21;22;9;14;679
260480;926;17;166;0;3;5;12;6;1;0;4;5;12;1157
260490;431;1;4;2;4;2;6;3;2;1;3;0;5;464
260500;472;0;2;3;2;3;8;2;4;5;1;1;3;506
260510;1324;15;8;11;9;10;6;19;11;10;37;10;20;1490
260515;383;25;0;10;0;5;0;0;21;0;0;0;6;450
260520;6019;1257;255;330;145;102;77;62;82;147;325;268;172;9241
260530;1010;0;0;0;0;0;0;0;0;0;0;0;0;1010
260540;486;1;2;3;2;3;2;6;2;1;6;5;3;522
260545;281;7;27;9;18;14;12;57;20;23;32;16;27;543
260550;622;40;9;7;7;17;19;14;13;6;10;44;43;851
260560;483;0;0;1;0;0;0;0;0;0;0;0;0;484
260570;909;2;33;18;35;18;52;42;58;70;95;26;34;1392
260580;173;0;0;0;0;0;2;0;0;0;1;64;0;240
260590;1455;63;47;17;3;5;7;1;5;22;3;6;10;1644
260600;7858;284;189;199;216;192;190;220;207;215;177;201;251;10399
260610;794;9;3;3;4;0;1;4;7;6;0;3;4;838
260620;7128;122;1426;426;112;74;76;104;85;90;982;114;273;11012
260630;216;2;0;3;1;3;1;0;1;2;1;0;0;230
260640;3029;71;72;64;72;53;60;74;65;47;69;56;52;3784
260650;146;0;0;1;0;1;0;1;3;2;2;0;0;156
260660;460;11;1;2;0;1;0;0;1;0;1;3;3;483
260670;116;0;0;0;0;0;0;0;0;0;0;0;0;116
260680;10006;346;2358;192;227;220;244;203;288;175;240;197;255;14951
260690;468;0;3;5;5;5;1;4;4;0;0;2;1;498
260700;426;0;0;1;1;0;0;1;1;0;0;0;0;430
260710;220;0;0;0;0;0;0;0;0;0;1;0;0;221
260720;9198;742;2521;266;162;169;275;151;105;209;488;284;273;14843
260730;552;10;21;16;14;8;16;6;3;6;11;10;7;680
260740;48;0;0;0;0;0;0;0;0;0;0;0;0;48
260750;61;0;0;0;0;0;1;3;5;2;0;2;0;74
260760;735;24;6;20;20;22;14;16;16;9;15;24;31;952
260765;2334;179;15;32;16;21;27;38;29;42;18;38;100;2889
260770;403;0;3;2;2;2;3;2;2;0;2;29;0;450
260775;2048;28;18;29;31;47;89;72;64;79;104;152;253;3014
260780;736;28;27;14;14;8;1;9;5;11;34;6;23;916
260790;51268;1618;1565;2452;1463;1615;1369;1448;1665;1339;1772;1527;1758;70859
260795;990;12;96;198;12;8;3;16;30;58;26;33;6;1488
260800;542;1;6;2;7;2;3;1;2;3;4;3;3;579
260805;501;2;2;1;1;0;0;1;1;3;3;2;27;544
260810;500;20;17;14;16;13;8;15;14;8;6;6;24;661
260820;5219;64;3176;25;22;22;18;10;32;207;101;73;251;9220
260825;161;0;0;0;0;0;0;0;0;0;0;0;0;161
260830;289;1;2;2;1;1;0;0;0;0;0;1;1;298
260840;277;2;1;1;0;1;0;4;2;1;1;1;0;291
260845;631;13;2;5;3;2;4;4;7;10;4;27;19;731
260850;3446;34;1418;192;30;37;79;60;26;32;56;42;84;5536
260860;243;0;0;0;0;1;0;0;0;1;0;0;0;245
260870;345;0;1;0;1;0;0;0;0;1;0;0;0;348
260875;1160;14;27;44;91;34;65;50;59;56;104;53;36;1793
260880;938;7;15;12;6;11;7;8;22;7;15;12;9;1069
260890;2965;79;123;72;57;53;63;60;52;70;58;42;65;3759
260900;1451;11;17;51;15;95;28;21;15;10;40;8;19;1781
260910;61;1;5;1;1;2;1;0;2;1;1;2;1;79
260915;145;0;0;0;0;0;0;0;0;0;0;0;0;145
260920;2628;123;134;158;32;64;59;30;20;42;39;27;15;3371
260930;513;0;2;0;0;1;0;0;2;0;0;1;2;521
260940;2755;49;214;48;45;23;408;39;38;55;61;29;48;3812
260950;4577;291;2132;88;63;43;39;50;304;58;67;82;96;7890
260960;45019;953;940;1187;1157;1242;1089;1131;1165;1013;1203;1184;1237;58520
260970;626;7;6;8;6;6;15;12;7;8;2;4;271;978
260980;381;0;0;0;0;2;0;1;1;3;0;1;9;398
260990;1605;43;36;40;41;37;27;32;37;38;59;115;109;2219
261000;3126;51;209;53;64;133;70;63;60;48;83;112;61;4133
261010;420;2;2;2;1;2;0;1;2;4;0;1;2;439
261020;578;1;1;1;0;2;2;2;0;2;0;2;0;591
261030;250;0;0;0;0;7;0;1;0;0;1;0;1;260
261040;576;3;2;4;1;4;3;0;2;2;0;0;3;600
261050;483;1;6;5;3;4;4;6;4;7;15;17;7;562
261060;2802;174;86;94;107;91;74;92;112;102;75;101;80;3990
261070;16218;396;339;618;404;335;457;371;477;375;628;518;688;21824
261080;588;4;1;0;0;0;1;0;0;0;0;0;1;595
261090;2873;64;47;58;41;49;48;79;51;35;163;187;58;3753
261100;2631;27;43;111;52;53;36;32;49;23;71;53;109;3290
261110;21272;693;499;584;752;939;726;1006;775;832;960;1037;1457;31532
261120;355;3;0;2;1;4;2;1;0;1;2;1;1;373
261130;939;7;7;112;14;12;10;13;8;9;6;7;9;1153
261140;1368;29;48;85;11;15;20;7;9;10;7;27;14;1650
261150;493;2;1;3;1;3;4;6;1;11;2;4;1;532
261153;299;1;2;0;1;0;3;1;2;1;2;1;0;313
261160;403564;10856;9418;10665;10186;10352;9052;9774;12370;9501;10741;11004;10265;527748
261170;674;6;8;7;2;4;3;5;9;7;7;4;5;741
261180;3028;137;481;71;25;22;19;26;26;21;38;86;49;4029
261190;5192;81;1830;156;51;267;30;15;23;70;83;139;121;8058
261200;316;1;0;1;0;0;1;0;2;0;1;0;2;324
261210;165;0;1;2;0;1;0;1;0;0;0;1;1;172
261220;2604;66;64;67;92;85;74;84;95;170;86;90;95;3672
261230;242;1;0;3;0;1;1;0;1;0;1;1;1;252
261240;895;2;0;3;3;0;2;4;5;4;2;1;1;922
261245;50;0;0;1;3;0;0;2;5;2;5;0;1;69
261247;268;0;0;0;0;1;0;0;0;0;0;0;1;270
261250;1760;20;13;21;12;29;43;22;43;48;36;48;55;2150
261255;267;0;0;3;0;1;1;2;0;1;2;1;0;278
261260;2021;16;36;22;62;115;77;93;79;92;114;141;158;3026
261270;247;0;1;1;0;0;0;3;0;0;1;1;1;255
261280;401;0;1;0;0;0;0;0;0;0;0;1;1;404
261290;382;0;3;8;1;1;0;5;2;1;2;0;7;412
261300;1530;24;30;29;25;25;13;43;16;21;22;18;27;1823
261310;915;17;12;19;20;9;23;28;8;12;13;7;17;1100
261320;398;3;2;4;2;0;2;0;0;0;2;0;1;414
261330;604;0;3;0;0;2;2;2;5;21;78;1;30;748
261340;626;8;11;3;0;1;5;2;4;1;1;3;2;667
261350;1657;7;7;7;1;1;3;4;5;4;15;12;7;1730
261360;1102;13;11;13;20;5;7;21;11;10;22;14;13;1262
261370;5040;166;108;227;136;115;132;125;138;113;259;187;310;7056
261380;870;13;17;8;14;15;10;20;4;9;14;11;6;1011
261390;4156;84;52;83;53;74;116;77;95;68;85;49;93;5085
261400;355;2;0;0;1;0;1;0;0;0;1;0;0;360
261410;981;6;11;9;6;7;57;9;12;7;26;7;17;1155
261420;5756;124;81;1519;381;512;52;188;1135;763;129;189;59;10888
261430;537;1;3;1;2;4;0;0;0;1;1;0;3;553
261440;159;0;0;0;0;0;0;0;0;0;0;0;0;159
261450;2343;33;17;36;27;36;24;35;33;23;34;21;25;2687
261460;601;6;3;4;6;4;5;4;7;2;4;0;6;652
261470;461;2;6;8;5;5;3;6;9;3;2;4;4;518
261480;612;2;2;4;1;0;3;0;2;1;0;0;0;627
261485;578;5;6;3;3;8;6;8;5;38;4;20;15;699
261500;663;3;1;1;10;4;4;4;6;9;5;6;2;718
261510;136;1;0;0;0;0;0;0;0;0;0;0;1;138
261520;179;0;0;1;0;0;0;0;0;1;0;0;0;181
261530;5326;221;1418;68;69;60;69;143;79;78;76;85;100;7792
261540;795;12;6;7;16;13;24;30;34;35;18;19;24;1033
261550;572;105;44;8;7;6;0;2;2;2;7;7;94;856
261560;924;43;25;24;37;48;47;30;40;40;34;46;49;1387
261570;542;14;2;1;16;3;4;1;2;4;2;2;6;599
261580;250;1;0;0;2;1;0;0;0;4;1;1;0;260
261590;380;0;1;2;1;1;3;1;3;3;3;1;3;402
261600;601;0;0;0;2;1;0;0;0;1;0;1;0;606
261610;408;0;1;0;1;1;2;0;2;2;0;0;0;417
261618;305;4;4;5;2;7;4;0;7;12;4;1;2;357
261620;310;1;0;1;1;2;2;0;3;1;0;2;1;324
261630;3562;1424;87;49;33;41;38;29;16;40;19;29;33;5400
261640;6610;145;118;335;151;189;131;129;96;148;106;124;133;8415
261650;490;0;4;4;2;4;9;5;1;2;2;3;7;533
270010;460;0;0;1;1;0;0;0;1;0;1;1;6;471
270020;563;0;3;2;0;2;0;2;1;1;1;0;0;575
270030;11461;244;263;230;244;257;318;960;338;421;249;340;291;15616
270040;3230;24;569;77;27;26;20;14;20;21;13;21;24;4086
270050;467;9;8;7;5;8;3;4;5;1;4;1;4;526
270060;354;4;3;9;7;6;7;23;14;2;8;7;12;456
270070;402;5;7;24;104;8;10;3;7;3;10;4;0;587
270080;406;6;7;15;9;5;5;11;10;14;9;2;4;503
270090;165;0;0;1;1;1;0;0;0;1;2;0;0;171
270100;4064;307;62;831;425;32;22;15;53;15;45;236;45;6152
270110;249;2;2;4;1;3;4;0;1;0;0;0;3;269
270120;508;4;5;2;1;8;1;5;0;2;1;6;5;548
270130;1899;45;142;82;40;37;21;27;34;28;22;42;38;2457
270135;103;1;1;5;1;1;0;2;3;2;0;2;0;121
270140;4305;47;56;852;255;331;172;214;53;57;52;237;199;6830
270150;202;0;0;1;0;1;0;1;0;1;1;0;2;209
270160;164;1;1;0;0;1;1;0;0;1;1;1;0;171
270170;1307;8;15;74;14;13;9;90;7;8;4;15;7;1571
270180;278;0;1;0;2;0;1;1;0;0;0;0;1;284
270190;295;1;2;0;0;0;0;0;0;0;0;0;0;298
270200;399;3;0;0;0;0;0;0;17;0;0;2;0;421
270210;2064;121;80;332;126;26;35;30;32;8;26;30;80;2990
270220;132;0;0;0;0;0;0;1;0;0;0;1;1;135
270230;6897;118;720;2453;206;292;82;70;101;69;195;256;254;11713
270235;372;0;0;0;0;0;0;0;0;5;1;0;0;378
270240;1876;21;24;31;24;12;18;18;26;30;31;22;71;2204
270250;255;0;0;0;0;0;0;0;0;0;0;0;0;255
270255;147;0;0;0;0;0;1;0;0;0;0;0;0;148
270260;138;8;0;0;0;0;0;0;0;0;0;0;10;156
270270;175;0;0;0;0;0;0;0;0;0;1;0;0;176
270280;947;8;1;3;3;3;5;2;6;3;9;12;1;1003
270290;877;10;7;16;12;18;26;12;20;22;37;7;11;1075
270300;147;1;0;0;0;0;0;0;0;1;0;1;0;150
270310;221;0;1;0;2;1;2;3;1;0;1;0;2;234
270320;1875;13;21;734;52;10;288;9;11;16;31;14;13;3087
270330;281;0;0;0;0;0;0;0;1;0;0;0;0;282
270340;168;0;0;0;2;0;0;0;0;0;0;0;2;172
270350;270;29;2;9;2;6;2;6;9;16;8;15;5;379
270360;687;40;15;103;117;34;77;14;5;39;22;17;18;1188
270370;284;0;1;2;1;1;2;0;1;1;0;0;1;294
270380;677;2;3;34;4;6;7;1;4;16;6;48;9;817
270390;198;0;0;0;5;0;0;22;3;0;0;1;1;230
270400;858;15;4;13;15;16;37;11;52;17;1;7;16;1062
270410;726;125;0;7;198;143;2;5;125;80;59;110;9;1589
270420;632;6;9;5;3;2;1;3;2;7;11;5;11;697
270430;134743;2686;2884;3773;5041;3083;2950;2803;2698;2850;2844;2885;3571;172811
270440;419;5;0;4;2;0;1;7;2;0;0;1;5;446
270450;1471;15;30;115;31;34;25;25;30;24;35;55;39;1929
270460;223;0;0;1;0;0;0;0;0;0;0;1;0;225
270470;6529;175;85;562;188;139;98;194;50;57;81;178;82;8418
270480;483;0;1;2;2;1;1;1;2;1;0;0;2;496
270490;211;0;2;0;1;1;0;1;0;0;1;1;0;218
270500;538;0;1;1;0;0;0;0;0;0;0;1;0;541
270510;1478;9;22;142;18;33;11;13;10;9;19;15;42;1821
270520;393;1;3;12;3;21;8;6;3;5;2;32;18;507
270530;131;0;0;0;2;1;2;1;0;1;0;3;8;149
270540;108;0;0;4;1;0;1;2;1;0;0;1;0;118
270550;852;2;4;6;6;3;3;5;6;7;5;6;2;907
270560;438;5;3;39;8;2;2;6;7;5;5;4;2;526
270570;929;9;8;14;7;8;7;19;9;6;8;8;16;1048
270580;88;0;0;0;0;0;0;0;0;0;0;0;0;88
270590;2;0;0;0;0;0;0;0;0;0;0;0;0;2
270600;184;0;0;0;3;0;0;0;1;0;0;0;0;188
270610;336;0;0;0;0;0;1;0;0;2;0;0;0;339
270620;1;0;0;0;0;0;0;0;0;0;0;0;0;1
270630;2528;46;38;65;46;30;34;51;37;35;23;42;36;3011
270640;622;2;0;2;2;9;2;5;6;3;3;2;1;659
270642;150;0;0;0;0;0;0;0;0;0;0;0;0;150
270644;131;1;4;24;45;25;5;13;7;20;24;37;26;362
270650;386;4;6;11;8;10;3;3;4;2;3;5;3;448
270660;414;0;0;0;8;8;97;38;18;3;22;25;89;722
270670;3930;53;52;557;47;57;87;234;40;90;207;111;100;5565
270680;612;3;1;5;1;4;6;2;1;1;2;1;1;640
270690;1687;17;12;15;17;74;14;24;14;15;17;17;12;1935
270700;4;0;0;0;0;0;0;0;0;0;0;0;0;4
270710;256;4;4;9;4;7;4;7;3;2;1;18;12;331
270720;188;0;0;0;0;0;0;0;0;0;0;0;0;188
270730;1590;35;75;333;71;34;23;23;35;16;39;71;101;2446
270740;186;3;6;3;2;1;0;0;0;1;1;0;1;204
270750;195;0;0;0;0;0;0;0;0;0;0;0;0;195
270760;337;1;1;2;0;0;0;2;0;1;0;0;1;345
270770;5001;117;203;511;338;134;78;124;112;123;322;235;131;7429
270780;185;118;3;3;0;1;3;6;3;1;0;17;4;344
270790;25;0;1;0;0;0;0;0;1;0;2;10;1;40
270800;1545;17;13;17;13;21;17;18;19;20;12;9;13;1734
270810;391;0;0;1;0;0;0;0;0;0;0;0;1;393
270820;127;0;0;0;0;0;0;0;0;0;0;0;0;127
270830;4302;254;184;1430;63;102;297;121;127;448;77;197;254;7856
270840;556;0;0;1;0;0;47;0;0;0;2;1;0;607
270850;3828;13;53;169;40;46;26;29;30;29;28;27;43;4361
270860;10428;185;1837;2009;289;148;78;77;100;88;225;415;522;16401
270870;242;1;0;0;1;0;1;0;0;0;1;0;4;250
270880;449;2;2;3;4;1;3;3;1;2;4;4;1;479
270890;735;8;17;12;9;11;7;7;12;13;20;14;17;882
270895;123;0;0;0;0;0;0;0;0;0;0;0;0;123
270900;244;2;0;1;0;2;0;0;0;0;0;0;1;250
270910;341;94;1;2;0;0;0;0;1;12;1;1;0;453
270915;3681;29;68;1188;261;12;6;13;8;8;18;75;104;5471
270920;986;0;2;1;0;0;17;1;0;0;1;1;0;1009
270930;4246;28;451;316;81;67;63;49;46;50;27;60;59;5543
270940;849;7;7;4;9;7;9;12;13;8;14;16;9;964
280010;50;0;0;0;0;0;0;0;0;0;0;0;1;51
280020;537;8;1;4;5;0;1;2;2;1;3;13;4;581
280030;126706;2944;3324;3465;3330;3272;3449;3680;3901;3439;4236;4420;4230;170396
280040;420;3;4;2;0;6;4;1;6;2;6;31;6;491
280050;679;26;200;17;10;20;25;36;71;103;55;14;20;1276
280060;885;15;25;48;22;37;33;24;27;24;17;27;72;1256
280067;1026;14;12;24;12;14;16;9;10;6;9;19;16;1187
280070;77;1;0;1;0;0;0;0;0;0;0;1;0;80
280100;827;8;7;8;2;9;10;18;12;2;7;6;11;927
280110;50;0;0;0;0;0;0;0;0;0;0;0;0;50
280120;597;8;23;16;19;4;8;7;9;17;11;10;12;741
280130;1106;19;15;38;18;37;12;30;14;13;12;27;14;1355
280140;727;5;5;4;3;5;7;6;10;9;32;2;2;817
280150;1036;45;27;60;95;13;33;49;60;33;23;59;33;1566
280160;185;0;2;0;0;0;0;0;0;0;0;0;1;188
280170;446;1;2;6;0;2;2;3;8;2;4;3;8;487
280190;227;1;4;74;1;2;3;0;2;0;1;0;1;316
280200;305;2;2;0;0;0;1;0;0;1;0;0;2;313
280210;4833;79;179;173;152;141;241;133;125;158;131;255;197;6797
280220;224;0;0;0;0;0;1;0;1;0;0;1;0;227
280230;554;2;1;3;2;4;3;2;4;4;2;4;2;587
280240;254;0;0;0;0;0;0;0;4;1;0;0;0;259
280250;312;3;9;14;14;5;12;3;89;20;5;10;4;500
280260;21;1;0;2;1;0;0;0;0;0;0;1;0;26
280270;320;0;1;2;1;1;0;1;0;0;0;1;0;327
280280;423;2;1;5;0;2;4;3;4;5;2;4;3;458
280290;3321;65;73;78;72;87;79;115;116;97;133;81;117;4434
280300;1860;8;5;21;15;23;17;16;7;12;20;35;18;2057
280310;160;6;0;0;1;1;0;2;0;0;0;0;0;170
280320;1632;18;20;17;37;30;36;27;31;49;49;29;26;2001
280330;1385;23;20;27;48;360;46;62;25;20;11;9;15;2051
280340;135;1;11;6;2;3;1;3;0;0;1;1;2;166
280350;4479;51;77;108;67;104;116;82;91;113;128;109;145;5670
280360;2780;141;342;260;404;34;103;34;29;51;90;27;39;4334
280370;194;0;0;0;1;0;0;0;1;0;0;0;3;199
280380;51;1;1;2;2;2;2;7;1;8;2;2;1;82
280390;321;0;0;2;1;1;2;5;0;0;2;4;0;338
280400;753;52;66;9;25;12;22;7;7;22;14;5;11;1005
280410;244;2;1;2;3;1;2;1;2;3;3;0;15;279
280420;373;1;0;4;3;2;9;2;2;2;1;1;3;403
280430;213;0;1;0;9;4;4;11;0;0;0;0;0;242
280440;1344;29;2;9;14;12;27;13;21;9;14;11;16;1521
280445;247;0;0;0;0;0;1;0;0;0;0;0;0;248
280450;832;6;5;0;4;7;6;3;6;7;20;7;6;909
280460;571;4;7;69;3;6;8;2;5;2;2;2;1;682
280470;96;0;0;0;0;20;0;0;0;0;0;1;0;117
280480;9758;247;361;323;248;371;278;388;368;342;374;381;516;13955
280490;1441;57;27;205;67;19;22;21;36;31;25;43;46;2040
280500;137;0;0;0;1;0;0;0;0;0;0;0;0;138
280510;140;3;3;2;0;0;1;1;0;2;7;0;0;159
280520;200;0;0;2;1;0;0;0;0;0;2;0;1;206
280530;222;0;1;1;2;5;5;0;2;3;4;7;6;258
280540;235;1;4;1;1;1;1;1;0;0;0;1;4;250
280550;157;0;1;18;8;0;3;5;3;13;17;26;0;251
280560;595;1;3;12;3;4;3;2;2;3;11;3;5;647
280570;1788;35;36;185;24;25;23;30;43;30;33;35;34;2321
280580;611;0;1;1;0;1;2;2;8;7;6;3;0;642
280590;805;11;43;15;18;12;43;13;11;10;11;11;19;1022
280600;616;5;2;1;1;2;1;3;9;2;7;4;3;656
280610;889;8;11;7;8;7;11;10;8;39;10;7;4;1019
280620;635;4;5;6;5;3;7;5;6;10;3;5;9;703
280630;597;2;2;2;13;5;26;9;11;11;27;26;29;760
280640;161;1;0;0;0;0;0;0;2;0;1;0;1;166
280650;194;0;18;5;0;0;0;1;0;0;1;0;0;219
280660;392;13;28;10;42;7;9;7;3;5;9;5;20;550
280670;5195;125;208;223;354;193;323;235;348;320;282;279;392;8477
280680;396;1;1;6;10;1;6;2;9;4;7;7;3;453
280690;144;0;0;0;0;0;0;0;0;0;0;0;0;144
280700;150;0;0;0;0;0;0;0;0;0;0;0;0;150
280710;1060;14;9;13;14;6;6;14;14;33;10;15;6;1214
280720;365;10;12;8;5;7;8;2;7;4;5;11;12;456
280730;151;16;0;8;1;2;0;0;0;0;0;1;0;179
280740;1223;10;11;21;5;7;16;12;10;9;10;29;19;1382
280750;330;3;0;0;1;1;2;0;0;0;1;0;2;340
280760;665;4;5;9;5;8;4;7;3;5;3;5;6;729
290010;153;0;1;0;1;0;0;1;0;2;1;0;0;159
290020;301;1;7;1;5;4;2;0;3;5;9;14;45;397
290030;185;0;0;0;1;1;0;2;0;0;1;1;0;191
290035;21;4;9;5;17;26;7;59;33;37;42;32;7;299
290040;263;0;2;2;3;3;1;4;1;4;4;2;4;293
290050;107;0;0;0;0;0;0;0;1;0;0;0;0;108
290060;296;9;4;3;1;2;0;4;3;1;6;5;2;336
290070;8165;204;230;236;209;232;256;251;225;231;255;175;257;10926
290080;1013;20;28;33;16;25;40;33;35;33;21;48;27;1372
290090;283;19;30;8;30;11;9;2;2;1;2;5;4;406
290100;981;19;13;19;29;14;13;23;11;13;15;24;20;1194
290110;3491;72;80;1109;88;175;169;114;231;223;127;96;52;6027
290115;80;1;2;1;0;0;0;0;0;0;0;0;0;84
290120;612;3;5;4;2;9;2;5;6;6;4;3;1;662
290130;47;0;0;0;0;0;1;0;0;4;0;0;0;52
290135;297;3;3;4;1;1;1;2;14;4;6;101;5;442
290140;55;0;2;1;0;1;1;1;1;2;5;1;3;73
290150;22;1;0;0;0;1;0;0;1;0;0;1;0;26
290160;248;0;0;0;1;1;0;0;2;0;0;1;0;253
290170;315;2;1;0;0;2;1;1;3;1;1;0;11;338
290180;40;1;1;2;1;1;0;0;0;1;2;0;0;49
290190;149;3;1;0;0;0;2;1;0;1;9;0;0;166
290195;290;6;4;0;5;0;1;7;4;5;2;4;2;330
290200;280;2;12;1;2;0;2;1;1;1;3;2;3;310
290205;98;1;1;1;2;0;0;1;3;7;3;4;1;122
290210;1033;3;0;3;3;6;10;11;8;16;21;9;6;1129
290220;160;0;1;1;15;30;17;20;55;4;13;2;4;322
290225;437;40;50;32;32;26;21;37;68;31;23;25;36;858
290230;299;1;0;3;0;0;0;1;0;0;1;0;1;306
290240;455;2;3;11;3;13;6;7;5;6;3;3;8;525
290250;24;1;0;0;1;0;0;1;0;2;0;0;0;29
290260;385;3;1;4;1;2;3;6;0;0;4;4;7;420
290265;212;0;1;2;2;1;0;0;0;1;0;0;0;219
290270;542;3;1;2;3;1;1;2;2;2;7;4;10;580
290280;407;7;3;5;2;1;4;5;3;7;4;0;1;449
290290;943;20;14;12;9;22;23;16;7;32;28;21;23;1170
290300;444;0;0;2;0;0;0;0;0;0;0;1;0;447
290310;542;7;4;10;3;3;1;0;6;13;3;3;4;599
290320;9739;421;539;466;572;477;519;493;468;536;478;379;455;15542
290323;106;0;0;0;0;0;1;0;0;1;0;0;0;108
290330;472;5;21;7;6;5;16;1;3;5;3;7;4;555
290340;825;19;12;12;18;16;16;15;16;15;13;18;11;1006
290350;309;0;4;0;3;2;1;2;0;0;2;0;0;323
290360;345;2;1;0;0;0;1;0;1;0;0;0;0;350
290370;38;0;1;1;0;0;2;1;0;0;0;0;0;43
290380;397;6;1;2;1;1;0;1;1;0;0;3;1;414
290390;1979;29;59;51;81;51;51;94;73;50;124;100;59;2801
290395;43;1;0;0;0;0;0;0;0;2;2;1;1;50
290400;168;0;1;1;1;0;0;3;0;0;0;0;0;174
290405;230;1;2;5;5;7;5;6;12;6;4;3;19;305
290410;258;8;4;4;2;4;12;5;19;21;1;1;2;341
290420;114;0;0;0;0;0;0;1;0;0;2;1;0;118
290430;380;3;3;2;5;7;6;4;4;7;2;2;3;428
290440;9;0;0;0;0;1;0;0;0;0;0;0;0;10
290450;221;1;0;0;1;0;0;1;0;0;0;0;0;224
290460;4404;175;79;152;116;129;133;108;159;139;102;136;648;6480
290470;500;26;13;18;27;9;21;16;30;18;25;25;17;745
290475;467;0;1;1;0;0;2;0;2;1;7;0;2;483
290480;242;1;0;1;1;0;0;0;2;0;2;0;0;249
290485;427;2;0;4;4;0;2;1;1;1;1;1;3;447
290490;1657;21;24;129;14;186;62;21;27;31;44;37;135;2388
290500;673;12;8;9;9;11;8;7;4;7;13;2;12;775
290510;266;0;0;0;0;1;0;2;2;1;0;1;0;273
290515;88;2;1;1;0;0;3;0;1;0;0;0;0;96
290520;1857;23;23;33;29;39;28;25;15;35;27;31;74;2239
290530;13;2;1;1;1;2;0;0;1;0;0;0;0;21
290540;415;8;5;19;11;12;2;6;9;13;51;6;15;572
290550;48;0;0;0;0;0;0;1;0;0;0;0;0;49
290560;1677;23;31;39;38;71;53;59;49;44;36;33;35;2188
290570;24940;1868;2013;2438;1503;1025;1213;993;1315;867;806;872;1354;41207
290580;1078;9;16;14;18;18;20;17;6;12;19;10;22;1259
290590;3;0;0;0;0;0;0;0;0;0;1;0;0;4
290600;983;23;19;28;41;49;95;33;59;27;41;33;42;1473
290610;16;0;0;0;0;0;0;1;0;0;0;0;0;17
290620;53;2;0;0;1;1;0;0;0;2;0;0;0;59
290630;1120;27;18;16;11;22;16;10;12;25;20;12;18;1327
290640;18;0;1;3;0;0;0;0;0;0;0;0;0;22
290650;8348;146;167;192;178;168;286;163;225;235;183;233;221;10745
290660;281;2;0;0;0;2;0;0;0;2;0;2;4;293
290670;412;1;0;0;2;2;8;0;2;2;4;1;2;436
290680;466;6;2;3;0;0;7;8;4;4;6;4;6;516
290682;178;0;4;2;26;3;3;9;15;21;81;83;2;427
290685;266;1;0;1;0;0;1;1;0;0;0;0;0;270
290687;619;3;9;7;5;10;2;8;5;15;8;8;4;703
290689;16;0;0;2;0;0;2;0;1;3;0;0;0;24
290690;1162;26;52;46;44;59;43;53;81;47;68;55;69;1805
290700;109;1;1;2;1;1;3;1;0;0;0;1;1;121
290710;90;1;0;0;1;0;0;0;0;0;0;0;0;92
290720;1579;61;29;53;93;79;111;88;61;65;151;138;233;2741
290730;820;11;9;5;36;10;13;13;7;8;9;13;78;1032
290740;3;0;0;0;0;0;0;0;0;0;0;0;0;3
290750;4732;180;94;96;526;136;149;89;74;85;92;55;84;6392
290755;5;0;0;0;0;0;0;0;0;0;0;4;36;45
290760;68;2;0;1;2;0;0;1;0;0;1;0;0;75
290770;107;0;1;0;0;0;0;0;0;0;0;0;0;108
290780;1048;1;5;2;5;0;3;3;2;5;7;1;1;1083
290790;131;0;0;2;0;1;1;0;0;0;1;0;0;136
290800;1191;16;13;12;20;12;35;14;8;13;10;11;14;1369
290810;26;1;0;1;0;1;2;1;0;0;1;0;0;33
290820;1090;38;26;25;15;22;58;29;29;34;31;18;26;1441
290830;685;10;37;72;10;15;9;9;9;7;12;33;3;911
290840;2136;19;22;31;40;22;24;20;25;15;17;17;87;2475
290850;2436;42;57;91;77;50;80;71;62;177;63;75;73;3354
290860;140;3;5;19;25;5;5;4;4;0;5;6;10;231
290870;675;7;14;11;10;19;10;10;9;11;12;8;13;809
290880;118;0;1;0;1;0;0;0;0;0;0;0;5;125
290890;284;1;2;2;5;3;3;4;2;66;3;0;6;381
290900;208;0;0;0;0;0;3;1;1;0;0;0;0;213
290910;93;0;0;0;0;0;0;0;1;0;1;0;0;95
290920;44;0;0;0;0;0;0;0;1;2;4;0;1;52
290930;567;23;29;23;28;87;38;16;26;27;36;23;33;956
290940;118;1;3;1;2;2;1;1;4;1;2;2;3;141
290950;380;0;2;0;0;1;12;1;0;3;2;1;0;402
290960;45;0;0;0;0;0;0;0;2;0;1;1;0;49
290970;62;0;2;0;0;1;0;0;0;0;0;1;0;66
290980;5121;377;117;435;90;126;279;137;141;713;667;312;185;8700
290990;613;5;2;8;39;23;4;13;11;9;21;35;19;802
291000;89;0;0;2;3;1;1;4;0;6;0;2;0;108
291005;9150;879;1111;1082;802;906;707;964;684;658;701;1015;632;19291
291010;249;3;1;2;1;2;0;0;1;1;0;0;1;261
291020;200;0;1;1;0;0;1;0;0;0;0;0;1;204
291030;157;0;0;1;0;0;0;4;1;4;1;1;1;170
291040;332;13;6;4;4;7;11;5;3;4;6;4;5;404
291050;1708;24;42;84;69;99;63;61;42;55;63;46;66;2422
291060;1561;18;32;31;78;37;51;32;38;39;69;57;76;2119
291070;970;23;10;11;7;13;10;15;8;7;12;35;15;1136
291072;7471;272;397;387;400;458;387;449;394;329;368;400;443;12155
291075;174;1;0;1;0;0;1;1;0;0;0;0;0;178
291077;6;0;0;0;0;0;0;0;0;0;0;0;0;6
291080;42978;1335;1279;1358;1208;1327;1213;1420;1636;1712;1435;1373;1525;59799
291085;93;7;2;10;2;3;2;5;17;3;1;0;7;152
291090;248;3;2;1;0;6;0;1;3;0;2;1;3;270
291100;598;6;5;9;3;6;7;3;29;3;4;4;16;693
291110;183;3;40;5;13;7;3;7;9;4;7;6;5;292
291120;1346;44;40;35;40;26;21;27;20;31;30;37;38;1735
291125;6;0;0;0;1;0;1;1;0;0;0;0;0;9
291130;32;0;0;0;0;0;1;0;0;0;0;0;0;33
291140;302;2;2;0;1;1;0;1;2;2;0;1;0;314
291150;93;3;5;0;2;1;0;3;4;2;2;5;7;127
291160;592;13;9;3;7;2;7;10;83;140;43;9;7;925
291165;70;0;0;0;0;0;0;1;0;0;0;0;0;71
291170;3361;60;50;93;88;85;82;124;78;101;74;143;108;4447
291180;234;4;1;6;6;3;7;9;10;5;4;5;13;307
291185;148;0;1;0;1;2;0;0;1;0;0;0;1;154
291190;617;10;17;15;23;4;10;18;15;14;21;9;14;787
291200;348;0;2;4;3;0;1;0;0;3;4;16;1;382
291210;1216;24;22;24;13;22;24;57;29;23;22;27;41;1544
291220;379;7;14;5;12;8;31;9;7;13;4;15;8;512
291230;575;1;1;4;3;6;3;7;4;3;3;3;6;619
291240;154;3;4;10;3;6;23;8;4;7;3;6;10;241
291250;11;0;0;1;0;0;2;0;0;0;0;0;0;14
291260;24;0;0;0;1;0;0;0;0;0;2;0;0;27
291270;304;17;10;7;5;6;2;17;6;3;1;6;4;388
291280;565;13;21;11;12;14;15;13;15;15;8;13;17;732
291290;956;45;15;16;17;17;13;9;8;9;9;10;23;1147
291300;187;2;0;1;4;1;1;6;1;1;1;4;2;211
291310;94;0;4;0;2;0;0;0;0;0;0;0;0;100
291320;656;1;8;22;14;25;15;29;27;31;16;17;28;889
291330;137;2;2;0;0;3;2;2;2;0;0;0;0;150
291340;242;0;0;2;0;0;3;0;7;0;1;0;0;255
291345;1286;30;18;40;43;46;40;57;49;30;32;28;68;1767
291350;335;4;2;2;3;3;0;22;4;1;2;2;6;386
291360;16723;518;526;583;498;473;482;513;536;572;565;578;644;23211
291370;746;21;8;12;11;12;4;26;15;14;4;10;7;890
291380;394;1;0;0;1;1;0;0;0;0;0;0;0;397
291390;2657;57;53;81;55;98;42;57;72;65;47;66;73;3423
291400;1273;2;3;16;7;5;3;4;9;9;10;8;6;1355
291410;66;0;2;0;2;1;3;0;0;0;7;4;4;89
291420;156;4;6;3;9;3;7;3;4;11;2;2;3;213
291430;105;3;1;0;0;2;1;0;1;1;0;0;4;118
291440;355;1;2;1;3;1;1;1;2;1;1;1;3;373
291450;848;5;12;10;14;11;7;82;8;4;32;8;8;1049
291460;2634;53;67;61;46;52;56;49;41;40;46;41;64;3250
291465;851;27;30;29;13;64;22;34;31;27;17;32;22;1199
291470;2504;112;87;95;73;75;64;61;71;85;70;74;110;3481
291480;20485;639;570;652;574;560;734;629;619;605;548;575;669;27859
291490;626;12;9;15;15;13;13;9;9;7;20;16;5;769
291500;69;0;0;0;0;0;0;0;0;0;1;0;0;70
291510;429;2;1;1;2;7;1;5;3;3;1;6;2;463
291520;737;8;13;13;49;6;4;33;26;17;5;8;19;938
291530;130;2;11;4;5;2;4;10;5;2;5;5;5;190
291535;18;1;1;2;2;0;3;0;3;0;2;0;0;32
291540;482;7;4;9;13;10;14;13;7;7;13;8;10;597
291550;1250;27;12;18;18;42;35;24;28;28;58;27;20;1587
291560;4350;133;129;180;162;209;161;219;173;159;149;118;199;6341
291570;81;0;1;2;1;1;5;1;3;2;2;0;2;101
291580;827;11;5;9;9;21;5;4;6;9;15;24;2;947
291590;53;0;0;0;0;1;0;1;0;0;0;0;2;57
291600;731;12;17;6;12;6;9;4;5;3;3;7;8;823
291610;837;11;24;50;22;20;19;43;23;8;15;12;13;1097
291620;565;13;10;11;5;3;7;5;8;8;7;8;13;663
291630;311;2;2;5;7;9;8;1;6;3;2;5;4;365
291640;4695;88;81;146;113;87;156;162;171;139;117;124;125;6204
291650;273;1;0;0;0;0;0;1;0;0;2;0;0;277
291660;348;7;5;6;6;3;5;6;5;9;3;7;3;413
291670;249;1;37;0;0;0;2;0;1;0;0;0;0;290
291680;550;22;10;9;9;14;8;10;9;3;4;10;15;673
291685;274;5;3;9;8;7;2;0;0;4;0;15;0;327
291690;231;1;0;6;1;3;12;3;3;2;1;6;1;270
291700;533;1;3;0;2;2;1;0;9;2;6;0;3;562
291710;1057;12;17;19;10;8;15;10;22;4;9;8;23;1214
291720;254;1;1;3;4;0;2;3;2;0;1;0;8;279
291730;1117;81;64;61;39;18;36;36;29;55;34;34;72;1676
291733;111;0;0;1;1;0;1;3;1;1;1;3;0;123
291735;21;0;1;0;0;0;1;2;1;1;0;1;1;29
291740;73;0;0;0;0;0;1;1;1;2;0;17;0;95
291750;4061;145;79;103;97;105;80;77;81;77;183;156;316;5560
291760;1358;7;16;19;15;12;23;16;16;21;20;30;21;1574
291770;1282;15;26;40;26;21;35;47;37;84;101;57;73;1844
291780;430;4;5;5;1;3;2;2;0;6;13;7;4;482
291790;43;0;1;3;2;1;2;2;7;1;1;3;0;66
291800;9156;245;235;288;263;234;247;270;272;252;259;307;391;12419
291810;464;5;0;6;6;3;7;3;58;28;2;3;6;591
291820;235;15;8;3;0;0;0;2;1;0;1;0;3;268
291830;556;0;0;4;1;0;1;0;2;1;1;1;1;568
291835;367;2;1;2;1;1;1;0;1;1;3;2;4;386
291840;17557;1031;614;648;638;727;814;725;664;917;1111;2040;1222;28708
291845;172;1;1;1;3;1;1;2;2;3;2;3;4;196
291850;7;0;0;0;1;1;1;0;0;0;0;0;0;10
291855;477;16;9;9;2;10;6;5;3;6;6;13;6;568
291860;239;0;0;1;0;0;0;0;0;0;0;0;1;241
291870;186;0;0;0;0;2;0;0;0;1;0;1;0;190
291875;7;0;0;0;0;0;0;1;0;0;0;0;1;9
291880;445;3;0;9;1;1;4;2;4;1;4;1;2;477
291890;217;2;4;12;6;15;16;10;7;4;18;18;30;359
291900;52;0;0;0;0;1;0;0;0;0;0;0;0;53
291905;193;0;0;1;0;0;0;0;0;0;0;0;0;194
291910;26;0;0;4;0;0;5;1;0;0;0;3;0;39
291915;52;0;2;1;2;2;6;0;2;0;1;2;4;74
291920;35324;1333;1165;1534;1681;1204;1375;1434;1623;1414;1533;1299;2165;53084
291930;219;14;17;21;15;248;20;6;10;12;12;3;15;612
291940;454;10;0;26;3;4;2;3;3;3;1;2;4;515
291950;960;14;23;12;30;8;8;17;11;11;33;12;15;1154
291960;171;3;1;2;2;0;0;2;4;0;0;0;21;206
291970;556;6;1;7;6;4;7;4;7;3;7;6;3;617
291980;744;4;3;2;8;2;4;6;4;7;12;5;9;810
291990;4;1;0;0;1;0;0;0;0;0;0;0;0;6
291992;1234;22;33;30;16;32;14;20;21;51;27;7;28;1535
291995;7;0;0;0;1;0;0;0;0;0;0;0;0;8
292000;120;3;5;1;5;4;1;9;3;1;1;4;6;163
292010;390;3;2;1;2;1;2;0;1;1;1;2;7;413
292020;211;0;1;2;0;5;7;5;5;5;12;3;9;265
292030;85;3;0;1;1;1;1;0;0;0;0;1;0;93
292040;348;1;4;0;4;0;2;1;4;0;0;0;1;365
292045;24;0;0;0;0;0;0;0;0;0;0;0;0;24
292050;536;1;1;0;2;1;1;3;1;2;0;3;5;556
292060;891;3;5;17;6;6;8;5;3;2;7;9;6;968
292070;549;17;8;6;11;15;11;12;14;14;47;16;101;821
292080;99;1;1;2;0;1;0;2;1;0;0;0;2;109
292090;465;6;1;11;7;39;12;15;12;5;14;10;7;604
292100;4798;72;74;76;78;61;44;64;100;83;127;69;104;5750
292105;249;0;0;2;8;7;1;8;9;4;1;2;0;291
292110;1375;55;80;55;70;170;144;53;162;43;41;46;245;2539
292120;815;1;3;3;4;3;2;5;2;2;6;8;6;860
292130;460;9;10;13;7;3;15;10;17;27;13;7;16;607
292140;267;1;0;1;4;1;4;1;2;0;1;0;2;284
292145;118;0;0;1;0;2;3;1;0;0;0;2;70;197
292150;797;1;0;0;0;0;1;0;0;2;0;3;0;804
292160;8;0;0;1;0;0;0;0;0;0;0;0;0;9
292170;293;0;5;9;5;2;13;3;1;3;2;3;2;341
292180;159;0;1;0;1;0;0;0;0;0;0;1;1;163
292190;315;2;6;1;2;0;6;2;1;2;10;2;3;352
292200;2938;85;174;87;160;312;117;170;139;168;395;194;166;5105
292205;42;2;0;0;3;0;3;3;1;2;3;3;1;63
292210;479;4;0;3;3;3;3;3;0;0;5;2;2;507
292220;253;1;2;1;0;1;2;1;2;2;2;1;0;268
292225;187;0;1;0;0;0;2;2;0;1;0;0;4;197
292230;855;10;8;15;8;9;6;8;6;4;14;7;140;1090
292240;588;16;2;2;5;5;21;6;3;2;4;7;3;664
292250;1488;20;22;13;42;29;24;16;12;36;22;21;27;1772
292260;181;2;3;1;9;2;3;9;3;6;4;4;6;233
292265;129;0;0;2;0;0;1;0;0;0;0;2;5;139
292270;465;8;3;5;19;5;5;3;5;1;8;1;11;539
292273;263;0;95;0;0;0;0;0;0;0;0;0;2;360
292275;72;7;4;2;1;9;2;1;3;2;2;0;6;111
292280;30;0;0;0;0;0;1;0;2;0;0;0;1;34
292285;6;0;0;3;0;0;0;0;0;0;0;1;1;11
292290;590;1;5;4;1;1;0;2;5;3;4;2;0;618
292300;2073;127;126;148;134;123;132;165;217;146;250;88;152;3881
292305;285;99;16;1;6;1;0;0;1;1;30;3;0;443
292310;300;2;2;19;8;0;2;0;1;3;3;35;1;376
292320;179;1;0;1;0;2;0;2;1;5;1;1;0;193
292330;229;0;8;6;1;3;81;35;2;2;8;3;1;379
292335;168;2;1;7;9;8;10;4;4;5;4;1;3;226
292340;395;0;4;5;18;25;2;2;1;1;3;2;0;458
292350;158;1;1;1;0;2;0;0;5;0;1;0;0;169
292360;529;4;3;3;9;4;0;0;3;0;2;2;5;564
292370;68;0;1;3;2;1;0;0;0;3;1;5;2;86
292380;425;2;0;2;3;1;3;4;1;2;2;2;119;566
292390;506;14;12;7;11;14;4;9;13;7;5;8;11;621
292400;7246;250;206;479;325;404;290;279;208;220;245;249;548;10949
292405;311;3;1;2;1;1;1;1;1;1;1;1;0;325
292410;146;2;1;2;1;2;0;1;2;2;3;1;0;163
292420;6;0;0;0;0;0;0;0;0;0;0;0;0;6
292430;23;0;0;10;6;11;38;21;11;26;0;0;0;146
292440;29;0;0;0;0;0;0;0;0;0;0;1;0;30
292450;151;1;0;0;0;0;0;0;0;0;0;0;0;152
292460;480;0;2;0;0;0;1;0;0;3;0;0;1;487
292465;157;0;0;0;7;0;4;5;1;0;0;0;0;174
292467;38;0;1;1;0;2;3;0;2;0;0;1;0;48
292470;4561;8;10;1;9;10;7;8;5;4;6;8;10;4647
292480;555;6;2;5;1;2;3;4;3;6;4;12;9;612
292490;16;1;0;1;2;0;0;0;1;1;0;2;0;24
292500;776;6;7;11;5;13;16;8;7;8;11;8;17;893
292510;994;12;11;61;17;12;11;28;29;18;13;17;24;1247
292520;2276;61;78;85;78;38;68;75;70;61;220;79;113;3302
292525;68;0;0;0;0;0;0;1;2;1;0;0;2;74
292530;7022;308;415;596;404;336;365;497;389;308;317;280;480;11717
292540;265;10;4;18;5;5;3;1;3;2;5;4;7;332
292550;1705;48;62;89;78;56;76;54;71;45;53;53;60;2450
292560;46;0;2;0;0;0;1;0;0;0;1;0;0;50
292570;54;0;1;3;0;0;0;0;0;0;0;2;1;61
292575;463;5;6;4;3;6;1;10;5;5;5;5;3;521
292580;704;18;48;9;1;4;19;16;27;5;4;6;8;869
292590;657;0;1;3;0;1;0;1;3;3;2;1;2;674
292593;281;0;0;0;0;0;0;0;0;0;0;0;1;282
292595;454;1;1;2;5;1;2;3;2;2;0;10;5;488
292600;502;7;10;60;4;7;3;5;4;6;3;12;12;635
292610;678;0;4;0;4;1;0;1;3;11;1;2;5;710
292620;403;21;35;25;16;39;16;15;25;33;40;33;17;718
292630;790;20;12;10;14;10;6;6;2;9;9;8;9;905
292640;510;1;0;2;0;1;0;1;1;1;2;0;0;519
292650;7;0;0;0;0;1;0;0;0;0;0;0;0;8
292660;1115;20;29;37;39;40;68;46;38;37;51;55;20;1595
292665;257;1;4;0;2;2;1;0;1;2;1;1;3;275
292670;156;0;1;1;3;0;0;1;0;0;1;2;0;165
292680;229;0;0;1;0;1;0;0;1;0;0;0;0;232
292690;101;1;0;1;3;1;1;2;0;0;0;0;2;112
292700;877;11;5;24;21;11;13;14;4;8;12;10;10;1020
292710;91;0;0;0;0;1;0;0;0;0;0;0;0;92
292720;1024;23;12;8;13;10;9;5;8;4;11;12;37;1176
292730;294;5;3;0;2;2;4;1;2;3;5;1;2;324
292740;544925;11771;12880;15487;14086;12919;14449;14031;13357;13116;14157;14564;16261;712003
292750;470;1;11;5;1;7;7;7;16;3;1;4;4;537
292760;147;0;0;0;0;0;0;1;0;0;0;0;0;148
292770;1115;63;59;53;52;83;64;51;40;45;60;69;70;1824
292780;329;10;7;9;4;5;5;5;4;6;11;4;11;410
292790;226;1;1;0;6;1;1;1;1;1;3;2;0;244
292800;935;9;2;24;8;14;24;5;15;11;11;1;48;1107
292805;380;3;8;4;2;14;2;2;4;7;4;7;4;441
292810;678;4;13;10;13;7;7;10;5;4;9;7;8;775
292820;726;3;8;4;6;3;8;4;5;3;4;1;3;778
292830;215;3;1;1;1;2;1;0;1;0;0;0;0;225
292840;169;0;0;1;1;0;1;4;1;3;1;1;1;183
292850;227;0;0;74;0;1;0;1;1;0;1;3;0;308
292860;3422;828;62;105;54;50;127;74;44;96;108;96;61;5127
292870;6710;215;583;194;261;203;244;184;158;196;163;134;185;9430
292880;946;13;9;12;15;4;16;13;7;16;23;17;19;1110
292890;716;41;37;26;53;68;29;23;26;60;30;35;43;1187
292895;118;1;2;1;0;3;1;2;2;0;2;2;0;134
292900;606;7;5;8;3;5;6;11;6;2;7;7;2;675
292905;186;3;3;3;3;5;1;4;3;5;5;9;21;251
292910;477;3;4;6;7;0;2;2;5;2;3;5;7;523
292920;4306;359;436;591;334;93;286;221;114;250;516;505;1041;9052
292925;522;95;11;10;2;3;2;11;66;16;25;24;25;812
292930;965;43;29;29;13;154;13;47;16;62;160;13;23;1567
292935;263;7;5;5;5;5;3;5;2;6;4;3;7;320
292937;201;1;1;1;1;0;0;0;0;0;1;1;0;207
292940;188;1;1;4;4;1;0;1;0;4;1;1;2;208
292950;2016;46;76;50;45;31;40;48;33;49;67;48;50;2599
292960;566;3;2;1;8;12;11;2;3;2;4;0;1;615
292970;202;0;1;6;10;1;2;7;8;1;0;1;0;239
292975;301;2;28;3;0;4;25;10;2;8;18;38;0;439
292980;517;5;8;14;7;2;6;3;2;2;2;0;0;568
292990;954;15;19;12;10;15;31;10;11;5;13;11;9;1115
293000;147;0;1;3;2;0;1;0;1;1;3;0;0;159
293010;2754;61;81;56;69;69;46;93;66;51;51;47;80;3524
293015;220;1;1;2;1;4;4;0;0;0;0;3;2;238
293020;806;10;20;20;17;47;35;40;34;20;18;36;38;1141
293030;77;1;1;0;1;2;2;1;0;1;4;1;2;93
293040;240;0;1;1;2;2;1;0;0;0;2;2;0;251
293050;3121;84;64;87;100;79;78;102;124;101;98;81;106;4225
293060;216;1;0;0;2;1;0;0;1;0;0;1;0;222
293070;18385;568;537;616;633;523;591;498;645;614;496;548;568;25222
293075;67;2;0;5;1;7;10;19;0;9;2;0;9;131
293076;309;1;0;0;0;0;0;0;2;1;0;0;0;313
293077;667;5;8;3;9;6;5;10;10;16;18;107;139;1003
293080;174;0;0;0;1;0;0;0;0;0;1;0;0;176
293090;89;0;2;0;0;0;0;0;0;0;0;0;6;97
293100;399;1;3;4;2;5;5;1;2;0;0;6;8;436
293105;179;18;1;0;0;0;2;0;0;0;0;2;0;202
293110;279;0;1;0;0;1;2;0;2;0;2;1;5;293
293120;483;4;7;10;9;9;27;7;10;3;14;5;12;600
293130;160;2;1;1;9;2;4;3;6;1;1;1;2;193
293135;7846;303;287;368;247;381;323;299;311;405;312;244;691;12017
293140;240;1;5;0;7;2;3;2;3;0;0;1;0;264
293150;636;4;0;7;9;6;9;3;15;13;18;45;20;785
293160;730;2;3;7;6;6;8;5;14;3;9;7;1;801
293170;481;2;20;4;7;0;3;1;11;1;5;5;41;581
293180;72;0;1;0;0;6;0;1;3;0;0;0;1;84
293190;598;0;0;1;1;1;3;2;0;0;1;1;1;609
293200;366;1;1;0;2;0;1;3;2;1;0;0;6;383
293210;676;3;2;3;2;3;1;4;2;4;5;7;6;718
293220;1040;10;27;17;34;33;9;14;28;25;30;12;22;1301
293230;532;9;2;10;7;11;6;7;10;8;7;9;9;627
293240;183;0;3;2;0;0;0;0;0;0;1;2;0;191
293250;2387;94;107;94;138;154;138;128;98;66;88;64;75;3631
293260;340;2;3;10;7;4;4;22;24;4;1;32;5;458
293270;619;26;25;17;8;22;16;39;18;12;20;23;12;857
293280;337;7;1;9;4;5;4;5;3;1;4;1;4;385
293290;4307;108;86;99;104;111;98;92;58;106;97;88;100;5454
293300;1159;19;13;20;25;18;21;19;23;18;23;25;23;1406
293305;239;0;2;1;0;1;0;1;0;5;2;0;0;251
293310;97;0;1;0;0;0;0;0;0;0;0;0;0;98
293315;280;2;18;7;3;5;1;0;2;0;1;1;0;320
293317;206;0;0;0;2;0;0;2;0;0;1;1;1;213
293320;2037;23;15;30;60;67;31;21;23;22;32;22;43;2426
293325;285;3;5;1;4;2;4;4;5;7;3;10;9;342
293330;22374;649;560;774;601;774;857;742;831;801;688;710;804;31165
293340;106;0;1;1;1;0;0;1;0;0;0;1;0;111
293345;133;0;0;2;1;0;1;0;1;0;0;0;0;138
293350;261;9;24;28;27;7;3;5;5;2;8;8;11;398
293360;1004;55;95;36;36;23;11;14;6;7;10;28;24;1349
310010;561;16;10;9;12;11;5;12;8;14;13;10;12;693
310020;2852;98;106;155;97;74;110;96;94;106;115;123;75;4101
310030;697;11;10;10;23;12;17;18;29;17;20;20;137;1021
310040;159;2;2;5;7;3;7;4;4;2;4;2;5;206
310050;457;61;7;16;3;8;6;12;9;6;20;13;10;628
310060;477;6;9;6;25;6;16;28;58;168;139;4;3;945
310070;283;3;11;7;6;28;2;8;5;5;17;9;4;388
310080;346;7;4;7;4;4;6;9;19;34;11;5;15;471
310090;540;4;14;7;3;3;7;6;3;4;9;7;9;616
310100;293;8;10;14;7;17;11;4;24;9;14;11;14;436
310110;1920;55;62;195;55;49;122;53;123;46;63;72;41;2856
310120;471;5;3;5;15;8;3;13;8;9;5;11;8;564
310130;134;0;1;0;0;1;1;2;1;0;1;1;0;142
310140;238;3;7;2;3;0;5;7;14;10;2;6;9;306
310150;4456;100;103;128;98;96;218;115;110;102;96;89;123;5834
310160;10580;416;445;485;444;757;885;941;1093;2724;1228;726;1148;21872
310163;318;10;21;16;8;10;7;13;79;21;6;3;50;562
310170;1831;47;38;39;28;41;36;29;42;52;35;50;44;2312
310180;364;13;9;11;7;4;13;6;14;7;5;6;11;470
310190;1161;13;28;47;33;31;33;24;30;162;37;14;60;1673
310200;696;15;25;24;12;22;31;46;35;145;102;22;74;1249
310205;206;2;1;8;3;0;2;2;0;0;9;3;9;245
310210;309;3;4;4;2;4;12;8;5;3;3;0;102;459
310220;181;9;6;3;1;4;3;10;3;1;0;1;9;231
310230;893;20;14;19;18;15;22;16;40;22;26;26;19;1150
310240;88;0;1;0;4;0;8;0;6;0;0;0;0;107
310250;313;7;4;9;11;17;35;133;9;14;16;20;12;600
310260;5252;86;175;138;143;119;142;140;155;137;98;140;160;6885
310270;301;5;4;3;3;5;8;5;5;2;22;5;3;371
310280;876;13;10;23;14;17;7;16;13;31;19;16;39;1094
310285;146;0;0;1;0;1;1;1;0;1;2;1;1;155
310290;935;12;14;20;17;11;22;18;19;21;22;28;55;1194
310300;523;88;59;63;52;39;41;57;20;9;22;14;77;1064
310310;95;3;1;4;3;0;1;1;4;9;1;2;15;139
310320;249;8;0;7;7;3;6;5;10;6;6;3;30;340
310330;122;0;0;1;0;0;0;0;0;0;1;0;5;129
310340;1519;78;41;49;50;50;148;71;166;49;115;469;146;2951
310350;12194;467;426;452;491;492;786;830;979;545;592;385;541;19180
310360;152;0;2;1;0;3;0;0;1;0;1;0;1;161
310370;177;3;2;1;1;0;4;1;69;45;168;2;8;481
310375;1338;144;58;203;107;70;67;131;72;107;53;68;428;2846
310380;156;2;2;0;5;0;1;1;0;2;2;3;0;174
310390;506;8;10;15;10;4;9;11;12;18;25;10;17;655
310400;12724;579;779;685;793;750;854;851;1057;860;1144;659;998;22733
310410;1215;146;123;58;105;81;169;110;87;365;138;82;53;2732
310420;4714;195;143;197;139;150;192;181;226;218;213;166;230;6964
310430;904;22;41;31;36;55;54;351;219;294;116;238;559;2920
310440;350;10;8;5;5;3;7;8;3;7;5;5;20;436
310445;71;0;0;0;0;0;0;0;0;0;0;0;0;71
310450;561;18;7;8;12;5;18;12;9;18;28;8;7;711
310460;1461;48;31;79;42;39;48;78;60;82;87;100;85;2240
310470;612;3;4;8;12;2;4;7;11;12;6;4;4;689
310480;639;34;11;20;24;19;22;23;28;20;20;15;24;899
310490;1945;48;50;52;32;54;58;142;100;225;202;248;86;3242
310500;398;2;2;1;4;3;10;3;2;5;6;8;6;450
310510;1759;39;26;46;54;41;39;34;71;79;42;61;83;2374
310520;47;1;0;1;4;3;4;0;1;2;3;0;0;66
310530;301;7;6;9;16;2;25;20;34;12;18;15;4;469
310540;2579;70;71;102;107;101;111;157;124;148;153;232;291;4246
310550;324;5;8;17;6;8;6;5;8;11;5;7;36;446
310560;16915;478;476;648;769;476;452;453;438;434;476;400;489;22904
310570;288;6;2;3;4;8;5;4;3;8;2;6;3;342
310590;1956;41;51;104;74;141;51;76;116;66;101;65;143;2985
310600;669;29;22;22;19;28;27;25;15;30;24;32;115;1057
310610;394;10;9;13;36;50;4;4;16;7;10;2;9;564
310620;921519;27741;29254;36610;32364;31964;33271;35466;34866;35264;33885;36121;61152;1349477
310630;2980;87;52;85;41;62;113;63;114;49;72;214;385;4317
310640;336;31;29;30;22;13;16;27;42;35;20;36;118;755
310650;279;0;2;2;3;1;3;0;1;0;0;0;2;293
310660;143;1;0;1;0;3;1;0;1;0;0;2;0;152
310665;8;0;0;0;0;0;0;4;0;0;0;5;0;17
310670;56689;1647;2508;3778;2594;1604;1762;2860;1991;5373;4196;4896;3734;93632
310680;201;2;3;6;0;2;5;3;1;2;2;1;16;244
310690;1406;45;26;37;35;42;46;69;57;55;46;38;56;1958
310700;154;0;0;6;1;2;2;2;2;1;7;0;1;178
310710;4354;121;129;140;154;291;795;810;920;1730;1402;1049;244;12139
310720;311;3;3;9;0;5;1;1;1;1;2;4;1;342
310730;3632;163;188;147;187;163;213;178;302;293;289;436;157;6348
310740;5514;259;265;233;202;210;195;236;274;241;226;251;330;8436
310750;270;9;3;10;13;54;16;12;4;28;13;2;14;448
310760;268;3;4;3;5;8;10;1;5;92;5;2;16;422
310770;409;8;11;13;16;10;10;15;9;10;15;5;6;537
310780;381;3;6;6;8;8;7;9;7;2;10;20;26;493
310790;327;1;3;2;19;5;4;9;5;2;6;8;25;416
310800;1297;41;27;55;70;38;60;33;37;93;29;63;59;1902
310810;273;6;4;3;6;7;7;8;3;5;7;8;7;344
310820;489;29;6;4;22;7;4;29;15;105;11;21;61;803
310825;20;0;0;0;2;1;0;1;6;3;2;0;112;147
310830;1303;57;32;59;43;28;26;55;35;113;52;51;95;1949
310840;1861;87;38;52;62;71;181;185;426;493;253;183;115;4007
310850;78;2;0;2;1;2;6;1;4;1;0;6;28;131
310855;572;16;23;25;25;30;34;51;274;313;48;38;74;1523
310860;461;1;5;7;6;15;13;11;22;6;7;18;18;590
310870;173;2;0;3;5;2;2;6;0;6;0;0;3;202
310880;132;1;0;0;0;1;1;1;3;0;1;1;0;141
310890;1131;15;17;24;21;22;21;25;24;22;10;18;24;1374
310900;2850;124;197;223;135;140;225;131;156;110;111;173;508;5083
310910;492;6;15;18;13;9;9;38;13;7;4;8;35;667
310920;424;9;6;7;6;10;5;11;9;4;12;7;73;583
310925;3;0;0;0;1;0;0;0;0;0;0;0;1;5
310930;1020;37;11;39;50;168;45;71;63;75;51;26;219;1875
310940;2107;87;86;146;81;168;101;168;155;119;182;110;130;3640
310945;153;2;0;4;2;0;2;0;1;0;7;3;25;199
310950;1867;78;93;82;149;163;468;450;729;1702;708;396;105;6990
310960;676;20;11;58;14;31;6;21;16;16;32;13;24;938
310970;1015;21;30;53;55;48;40;76;55;155;155;91;55;1849
310980;384;11;9;24;14;16;8;4;3;5;10;11;15;514
310990;1217;28;33;47;31;32;47;33;47;34;37;38;62;1686
311000;2945;73;116;90;83;72;95;94;74;96;68;60;129;3995
311010;170;1;1;3;2;2;0;2;1;1;3;1;4;191
311020;200;2;2;1;1;1;30;119;1;5;2;1;10;375
311030;1182;21;26;33;34;34;61;33;35;22;32;34;62;1609
311040;227;6;9;2;1;1;8;2;1;50;7;3;6;323
311050;1576;65;45;42;38;39;53;38;53;60;79;56;104;2248
311060;3320;34;62;75;60;37;144;39;51;33;30;68;35;3988
311070;1458;96;47;76;62;60;82;111;183;192;381;235;99;3082
311080;232;6;0;1;2;5;3;2;16;3;7;0;4;281
311090;2056;62;76;86;88;147;297;129;144;166;178;184;231;3844
311100;1835;65;61;70;86;90;234;328;238;778;505;138;187;4615
311110;1514;55;39;64;153;56;50;52;37;56;78;31;157;2342
311115;7;2;0;0;0;0;0;1;0;0;0;1;0;11
311120;5873;256;248;285;239;252;214;233;234;254;202;192;244;8726
311130;771;50;11;16;9;24;47;122;144;258;27;7;22;1508
311140;533;16;9;19;19;18;14;14;18;23;44;32;20;779
311150;1253;58;48;49;41;64;65;100;230;206;486;205;143;2948
311160;2577;82;94;63;133;142;199;383;522;794;498;160;108;5755
311170;193;9;2;5;2;3;16;16;159;5;4;1;9;424
311180;1736;40;75;61;90;50;50;107;130;82;80;832;74;3407
311190;320;2;1;0;2;0;1;1;3;9;8;48;4;399
311200;1300;26;17;21;27;33;34;54;32;28;34;28;36;1670
311205;19;0;0;1;0;0;0;0;0;0;0;0;86;106
311210;221;12;6;9;46;3;0;3;1;13;11;2;0;327
311220;119;0;0;0;0;1;1;0;2;1;4;1;45;174
311230;1856;49;48;83;58;32;63;52;133;78;118;335;28;2933
311240;448;29;10;9;11;16;12;17;10;29;6;72;7;676
311250;356;8;2;5;9;3;22;10;10;29;10;8;28;500
311260;1696;49;53;49;40;70;69;125;58;62;129;73;58;2531
311265;87;1;0;1;5;2;1;2;1;0;1;0;4;105
311270;909;16;10;9;7;9;14;16;10;7;89;7;11;1114
311280;818;14;31;18;22;17;16;15;25;11;15;14;25;1041
311290;237;3;7;8;4;5;6;39;4;49;2;4;3;371
311300;674;3;2;1;2;1;3;3;5;9;3;10;17;733
311310;185;0;3;2;1;3;2;0;1;2;1;1;0;201
311320;2148;65;72;82;75;63;89;124;76;77;86;67;133;3157
311330;3133;91;76;106;93;63;95;67;84;86;118;86;148;4246
311340;7976;222;189;276;219;181;240;263;258;256;277;269;321;10947
311350;366;10;16;61;25;14;24;37;89;68;77;53;19;859
311360;702;14;63;58;42;54;60;145;81;84;96;95;35;1529
311370;1995;59;45;75;64;53;80;50;57;57;51;71;77;2734
311380;97;2;1;2;0;1;0;0;0;2;0;0;1;106
311390;1668;42;37;53;56;45;63;86;169;438;561;301;108;3627
311400;1169;40;23;38;54;60;70;37;77;53;42;47;50;1760
311410;1608;10;36;24;27;17;14;31;99;329;62;78;50;2385
311420;2314;61;79;109;56;48;68;63;54;98;68;71;141;3230
311430;2891;110;72;118;107;153;369;598;778;1639;905;104;137;7981
311440;2018;57;67;64;59;78;55;123;127;182;244;331;69;3474
311450;919;28;22;18;24;26;21;25;28;18;22;35;33;1219
311455;780;25;13;14;19;13;18;15;11;19;26;85;18;1056
311460;288;6;1;3;7;2;0;3;4;4;2;2;26;348
311470;246;8;7;11;6;5;9;7;7;8;7;3;3;327
311480;270;2;2;2;3;4;5;2;1;2;2;2;2;299
311490;164;3;2;4;4;2;0;1;3;3;16;16;7;225
311500;249;3;3;10;13;9;27;25;109;3;19;0;7;477
311510;1673;42;59;67;58;61;55;64;50;56;38;34;84;2341
311520;141;2;2;1;0;1;0;2;1;8;2;1;20;181
311530;11046;715;305;334;367;284;306;337;324;285;303;345;345;15296
311535;256;0;2;7;3;4;2;4;0;1;3;6;10;298
311540;127;2;1;0;0;1;1;0;1;0;1;0;0;134
311545;228;4;3;8;3;3;6;7;19;11;1;2;4;299
311547;1;1;0;0;0;0;0;0;0;0;1;0;0;3
311550;3123;154;188;132;135;178;166;120;173;242;170;182;119;5082
311560;106;2;0;0;1;1;0;0;2;0;2;0;16;130
311570;146;7;4;3;1;2;1;2;5;0;1;2;1;175
311580;632;16;12;21;25;32;48;72;70;93;32;28;424;1505
311590;87;2;0;3;3;4;2;2;2;5;1;2;7;120
311600;73;0;0;0;1;1;0;0;7;0;0;0;0;82
311610;37;0;0;0;1;1;2;0;0;6;0;1;1;49
311615;17;0;2;0;1;2;0;6;4;4;13;1;35;85
311620;213;5;5;3;2;4;2;2;0;5;1;2;9;253
311630;187;0;1;0;0;0;0;0;1;0;1;1;0;191
311640;377;54;28;8;4;9;9;27;50;16;91;16;11;700
311650;246;14;4;7;8;14;14;8;10;27;18;14;8;392
311660;3331;114;109;157;157;147;133;167;186;153;102;158;271;5185
311670;429;8;8;7;4;5;6;113;9;9;12;11;12;633
311680;46;2;1;0;1;2;1;0;1;1;2;1;1;59
311690;525;18;17;12;9;23;11;13;36;10;17;17;15;723
311700;9;0;1;0;0;0;1;0;0;0;2;0;0;13
311710;544;17;11;21;6;22;56;19;54;120;88;79;16;1053
311720;181;0;1;2;0;0;1;1;2;3;1;2;1;195
311730;1250;28;19;31;53;37;35;21;52;27;42;31;64;1690
311740;138;0;1;0;0;2;0;0;0;0;0;1;3;145
311750;584;10;5;13;8;12;44;11;32;15;63;93;36;926
311760;544;18;24;14;13;14;11;20;33;13;25;42;36;807
311770;1533;55;38;97;54;106;158;155;203;222;474;86;193;3374
311780;812;10;54;11;21;16;35;24;64;94;37;42;37;1257
311783;87;1;1;0;0;0;0;0;0;0;0;0;0;89
311787;630;20;15;15;47;11;7;11;11;10;6;8;9;800
311790;652;30;14;16;19;18;8;15;21;24;23;78;15;933
311800;5124;125;278;299;133;184;233;182;142;147;141;180;150;7318
311810;199;1;0;0;1;0;0;0;0;1;0;0;0;202
311820;1285;57;93;149;158;213;67;100;88;570;62;141;372;3355
311830;9403;348;227;301;233;251;305;363;229;304;304;288;488;13044
311840;1801;43;44;66;50;41;38;38;42;36;42;35;72;2348
311850;79;2;1;1;1;0;1;1;0;0;0;1;0;87
311860;96800;5562;4946;6164;5563;5316;5362;6191;5768;5769;6017;5563;6604;165625
311870;1043;27;43;36;40;53;167;121;129;283;195;154;82;2373
311880;685;16;14;24;38;32;19;38;43;38;52;45;58;1102
311890;480;9;11;7;11;12;6;12;8;22;16;8;19;621
311900;316;8;6;7;9;9;15;16;8;36;43;50;27;550
311910;1998;88;62;78;89;78;76;75;84;82;84;43;111;2948
311920;313;5;0;4;1;4;1;7;2;5;6;4;5;357
311930;2940;136;288;224;167;381;528;821;806;1096;861;151;164;8563
311940;9689;419;372;526;584;427;424;514;414;575;546;493;537;15520
311950;336;2;1;0;0;2;0;0;1;0;5;1;1;349
311960;281;8;2;6;9;10;2;4;8;9;6;3;31;379
311970;169;1;1;5;3;3;9;8;6;23;7;2;8;245
311980;298;4;4;1;2;3;4;4;5;5;19;5;4;358
311990;129;0;0;0;0;1;0;1;1;0;0;0;2;134
311995;403;23;15;19;18;7;20;11;7;19;13;21;47;623
312000;110;22;12;30;21;20;24;42;32;33;50;79;20;495
312010;431;6;2;24;5;1;3;2;4;2;6;6;0;492
312015;47;2;0;0;1;0;2;1;0;1;3;0;1;58
312020;763;17;16;41;34;32;22;20;31;135;50;28;165;1354
312030;167;4;4;10;11;13;8;6;12;5;3;6;11;260
312040;435;16;17;40;50;30;40;5;8;45;10;8;19;723
312050;776;5;9;11;8;10;8;7;10;4;8;6;5;867
312060;171;4;2;1;5;3;1;1;10;3;7;2;7;217
312070;220;2;2;3;7;4;2;62;5;87;4;2;15;415
312080;1090;26;34;24;15;18;26;18;56;81;27;19;28;1462
312083;116;0;0;0;0;0;0;0;0;0;0;0;1;117
312087;164;2;10;2;6;1;6;3;1;7;6;4;2;214
312090;8509;276;299;391;291;330;321;288;269;341;316;361;397;12389
312100;184;3;3;0;0;1;0;0;0;1;0;0;1;193
312110;742;14;15;31;7;10;11;15;13;22;18;15;9;922
312120;502;8;8;8;8;21;35;14;69;8;10;9;19;719
312125;919;67;65;21;337;48;94;94;100;50;37;61;1564;3457
312130;498;12;6;5;10;16;9;37;7;8;10;48;15;681
312140;180;1;6;3;0;0;3;2;0;1;4;0;3;203
312150;213;1;36;3;0;2;2;1;0;1;3;0;2;264
312160;3462;99;82;59;104;91;56;49;45;61;87;69;75;4339
312170;115;0;2;0;6;0;1;2;2;0;0;5;0;133
312180;400;17;13;20;15;18;18;13;39;41;46;35;99;774
312190;147;0;2;1;1;2;1;1;0;0;1;1;2;159
312200;636;12;7;16;15;13;7;20;31;9;15;10;42;833
312210;141;0;3;1;1;6;5;3;0;3;5;28;23;219
312220;79;4;0;1;1;0;2;1;2;0;1;1;4;96
312230;30764;1069;1205;1464;1304;1266;1045;1839;1221;1331;1380;1253;1904;47045
312235;302;12;3;7;3;3;4;3;7;9;38;7;4;402
312240;368;8;8;7;9;20;36;30;20;93;59;6;12;676
312245;158;2;0;0;1;0;1;0;1;0;1;1;9;174
312247;197;0;3;1;2;10;52;9;7;3;12;7;14;317
312250;190;5;7;1;21;0;2;4;0;6;5;1;1;243
312260;125;0;4;0;1;1;1;0;0;0;2;2;4;140
312270;549;24;12;14;5;5;6;16;7;7;8;11;40;704
312280;240;3;2;1;1;3;3;2;9;20;3;4;16;307
312290;276;9;13;15;4;4;7;5;6;5;5;4;6;359
312300;1150;35;27;32;15;23;21;16;26;22;30;24;66;1487
312310;160;3;4;2;4;5;2;2;4;2;3;0;61;252
312320;1320;49;32;51;41;51;33;46;40;47;46;47;54;1857
312330;135;0;0;1;0;1;3;1;0;1;2;1;3;148
312340;145;2;1;2;2;3;2;4;5;0;2;4;3;175
312350;141;0;4;1;1;3;0;9;3;3;2;2;0;169
312352;171;1;2;7;12;5;27;16;3;38;4;26;10;322
312360;2554;103;107;60;82;112;127;137;99;375;191;89;86;4122
312370;503;14;14;27;29;19;21;13;19;20;11;24;27;741
312380;356;21;6;7;6;14;7;7;12;21;15;20;66;558
312385;107;0;0;6;1;1;1;2;0;3;2;0;28;151
312390;800;20;14;15;13;22;10;63;21;17;12;19;41;1067
312400;718;6;37;22;20;5;23;148;38;16;21;24;23;1101
312410;3231;110;116;125;100;113;109;131;95;90;107;151;218;4696
312420;1090;35;17;15;27;13;19;24;13;31;16;41;21;1362
312430;736;3;6;12;7;11;8;12;13;11;0;5;10;834
312440;251;1;4;3;4;5;3;0;4;3;3;4;13;298
312450;565;20;12;19;17;52;14;28;8;10;7;5;30;787
312460;291;5;3;8;5;10;3;1;5;5;1;3;3;343
312470;462;10;6;9;6;9;13;17;8;17;22;27;26;632
312480;669;16;9;17;13;63;88;201;115;237;25;44;44;1541
312490;615;14;12;13;15;14;29;14;17;15;15;13;12;798
312500;424;6;7;20;14;21;25;39;66;77;154;28;262;1143
312510;2988;120;140;163;132;65;110;163;115;107;87;82;163;4435
312520;253;5;3;6;12;12;25;53;58;22;150;6;4;609
312530;351;4;5;4;5;2;6;5;5;3;10;5;2;407
312540;169;0;0;0;1;0;0;1;0;0;0;0;4;175
312550;158;0;1;0;1;0;0;0;1;1;2;0;1;165
312560;161;1;1;1;3;1;0;1;1;1;3;0;0;174
312570;1103;45;33;38;48;55;22;33;42;71;89;44;93;1716
312580;265;11;3;12;3;8;7;14;3;63;6;13;3;411
312590;614;24;7;12;9;18;8;9;12;15;9;13;4;754
312595;308;1;1;9;20;9;11;7;7;6;9;5;15;408
312600;558;29;28;19;15;18;22;13;14;16;11;11;27;781
312610;8799;361;378;410;314;333;313;368;302;319;312;348;447;13004
312620;204;7;8;8;15;18;18;15;16;18;17;5;8;357
312630;544;59;25;16;47;40;85;95;17;19;45;221;68;1281
312640;225;7;15;5;7;5;9;5;5;6;7;6;38;340
312650;218;0;4;0;1;1;0;0;0;1;0;2;1;228
312660;232;7;12;9;13;21;13;12;7;15;12;23;52;428
312670;1065;46;50;65;40;55;89;60;61;71;89;79;91;1861
312675;6;0;0;0;0;1;0;0;0;0;0;0;1;8
312680;329;8;3;6;2;5;3;7;3;4;6;9;25;410
312690;550;12;4;16;17;12;9;8;12;14;11;12;14;691
312695;90;0;0;0;0;1;0;0;1;0;2;0;0;94
312700;716;21;18;42;259;42;56;51;32;47;32;23;580;1919
312705;11;0;1;1;0;0;1;0;0;0;2;1;1;18
312707;188;0;1;0;80;0;0;0;3;1;0;1;6;280
312710;5053;161;169;193;179;173;188;189;165;233;238;197;282;7420
312720;255;6;10;11;5;8;9;7;14;7;4;7;10;353
312730;378;9;11;8;4;7;7;10;13;7;8;8;10;480
312733;33;1;1;1;0;0;0;0;0;0;0;0;1;37
312735;126;0;0;2;16;0;2;1;2;1;1;2;0;153
312737;126;0;0;0;1;0;0;0;6;0;0;0;2;135
312738;198;4;6;7;7;6;6;6;5;8;5;6;5;269
312740;199;6;1;3;0;1;3;12;1;5;1;2;5;239
312750;114;0;0;0;1;1;1;0;2;0;1;0;30;150
312760;1175;72;27;14;15;15;26;36;12;10;10;15;19;1446
312770;32299;1201;1382;1436;1265;1238;1270;1278;1392;1416;1326;1235;1506;48244
312780;618;37;53;31;35;42;39;61;22;40;54;34;11;1077
312790;206;0;1;0;1;1;1;0;0;1;2;0;1;214
312800;3258;105;171;275;154;70;97;74;103;79;104;124;268;4882
312810;1168;47;52;43;37;83;167;247;432;484;98;185;37;3080
312820;380;16;18;5;3;21;65;79;53;15;8;32;19;714
312825;144;0;1;0;0;1;0;6;6;2;3;7;9;179
312830;3595;137;154;176;153;237;273;401;520;518;519;290;408;7381
312840;953;23;20;35;34;28;33;42;16;27;35;28;42;1316
312850;417;22;42;22;34;22;22;14;5;21;30;13;39;703
312860;638;22;20;14;12;10;30;101;32;21;16;20;17;953
312870;9326;342;454;624;466;709;1023;681;775;865;1368;717;600;17950
312880;571;19;11;10;9;12;12;6;8;13;10;14;9;704
312890;525;13;64;27;15;65;22;38;195;73;864;35;30;1966
312900;527;14;27;40;7;16;9;7;13;14;16;20;27;737
312910;604;19;19;25;17;19;27;16;13;13;19;8;24;823
312920;597;14;21;24;22;20;41;40;19;130;95;29;42;1094
312930;160;5;6;3;4;3;1;3;1;4;5;1;3;199
312940;349;3;2;8;1;1;3;4;8;11;5;21;57;473
312950;2166;143;91;104;83;146;216;198;301;292;168;147;115;4170
312960;206;1;9;1;1;15;1;4;6;3;4;3;2;256
312965;9;0;0;0;0;0;0;0;0;0;0;0;0;9
312970;1128;53;32;41;37;91;48;168;356;116;58;53;54;2235
312980;5246;191;180;267;205;235;247;308;220;272;188;222;247;8028
312990;200;1;5;1;6;11;7;4;25;12;7;4;3;286
313000;166;6;2;5;24;3;5;6;6;11;17;2;24;277
313005;10;1;0;1;0;1;1;1;0;0;1;1;0;17
313010;2146;49;60;96;117;73;83;67;96;89;98;232;284;3490
313020;945;24;30;36;22;22;22;16;22;25;25;33;29;1251
313030;1051;20;20;15;10;10;19;21;12;12;16;24;18;1248
313040;491;4;15;8;5;6;10;6;7;11;10;11;15;599
313050;1111;25;40;23;36;38;68;49;46;195;154;114;92;1991
313055;113;4;4;2;5;3;5;13;7;3;10;6;1;176
313060;453;14;10;11;23;14;11;17;33;29;64;16;55;750
313065;15;5;0;3;2;4;1;2;0;1;3;2;0;38
313070;659;47;40;92;64;69;82;201;179;174;54;12;24;1697
313080;430;4;8;16;39;15;12;13;30;103;16;5;64;755
313090;659;13;10;26;7;12;8;14;19;8;5;13;158;952
313100;534;11;20;14;14;13;9;10;8;12;9;9;14;677
313110;393;20;8;14;6;5;6;15;10;13;10;7;18;525
313115;478;5;14;10;32;22;40;39;28;33;43;32;53;829
313120;729;6;16;16;12;16;27;39;16;15;19;8;18;937
313130;43719;1833;1878;2038;2055;2272;2576;1993;1884;1924;2299;1893;2293;68657
313140;332;6;8;6;4;7;81;10;6;5;8;8;4;485
313150;513;7;2;13;10;6;10;48;26;104;17;16;10;782
313160;537;6;9;5;5;21;17;106;67;69;75;3;4;924
313170;13669;492;408;455;407;383;347;398;479;565;520;479;677;19279
313180;227;1;2;1;4;2;6;4;2;2;8;2;8;269
313190;6296;317;229;255;235;183;573;194;263;218;300;214;170;9447
313200;208;8;7;10;12;22;91;29;20;31;20;75;54;587
313210;1408;18;15;16;16;27;17;29;19;42;29;135;58;1829
313220;1062;27;21;18;19;31;14;28;21;38;38;21;44;1382
313230;266;4;4;6;6;7;2;21;6;1;18;4;4;349
313240;13983;448;597;607;510;481;538;524;487;563;447;463;497;20145
313250;1151;40;31;43;48;40;52;143;77;278;149;44;118;2214
313260;297;2;5;7;3;2;3;0;8;4;2;2;0;335
313270;829;13;40;33;37;19;25;23;17;24;42;18;29;1149
313280;135;3;4;3;0;3;2;0;0;4;0;2;0;156
313290;812;27;15;32;20;44;107;136;213;218;410;63;29;2126
313300;1593;43;29;42;20;33;28;54;38;20;34;24;22;1980
313310;2179;122;57;67;55;60;66;34;64;82;47;50;113;2996
313320;432;5;7;4;8;3;4;12;14;6;15;13;94;617
313330;1114;27;18;31;14;16;35;36;23;21;23;19;25;1402
313340;687;13;13;15;21;18;8;23;19;8;10;15;10;860
313350;1902;42;31;87;71;28;37;53;41;41;45;32;49;2459
313360;561;25;25;29;29;33;30;46;28;24;82;74;9;995
313370;1323;41;50;58;53;47;40;39;89;86;51;78;70;2025
313375;2392;112;80;110;93;78;112;115;106;117;122;112;197;3746
313380;13291;456;451;520;497;458;468;409;521;430;441;429;848;19219
313390;95;3;0;0;1;1;0;0;0;4;2;0;9;115
313400;365;5;5;9;3;2;5;3;5;4;5;18;5;434
313410;185;1;1;6;2;7;7;2;2;1;1;4;26;245
313420;11265;337;354;373;382;438;367;387;336;404;370;379;437;15829
313430;312;2;2;1;0;7;1;0;2;0;0;4;5;336
313440;3581;86;87;139;102;210;254;265;261;137;158;208;1563;7051
313450;213;2;2;7;5;6;4;1;2;6;5;1;8;262
313460;1097;22;16;41;35;30;14;13;19;30;16;21;17;1371
313470;449;3;5;3;5;2;4;3;3;2;1;3;4;487
313480;592;40;37;44;52;89;70;45;55;49;45;50;45;1213
313490;2725;116;86;119;121;117;156;385;146;122;137;112;128;4470
313500;220;1;11;10;4;5;1;3;2;4;13;3;7;284
313505;969;19;21;46;22;24;11;26;24;98;32;21;38;1351
313507;392;7;12;10;7;6;10;12;7;4;14;8;11;500
313510;4441;104;114;156;128;123;108;141;117;135;126;86;152;5931
313520;1953;70;77;66;82;53;73;74;44;36;57;48;65;2698
313530;232;3;6;5;4;3;0;4;1;11;5;11;6;291
313535;45;0;0;0;0;0;5;0;0;0;0;0;0;50
313540;140;14;9;4;8;3;1;4;6;6;3;2;6;206
313545;49;0;0;1;0;0;0;0;0;0;0;1;0;51
313550;888;9;14;20;15;13;16;23;22;27;20;40;22;1129
313560;324;4;2;7;4;2;5;5;3;1;5;2;1;365
313570;483;11;12;26;11;13;9;14;12;12;29;22;11;665
313580;951;19;17;18;14;14;19;23;18;15;10;16;51;1185
313590;512;3;30;8;7;8;13;12;13;14;24;2;3;649
313600;585;6;10;13;6;7;6;15;5;6;6;10;15;690
313610;108;0;0;0;0;0;1;1;0;2;1;1;0;114
313620;10101;434;405;580;428;478;471;477;514;476;428;378;530;15700
313630;3151;133;143;165;226;201;243;249;280;690;529;359;161;6530
313640;302;16;24;8;10;39;10;5;8;11;2;5;32;472
313650;295;4;2;2;9;6;1;2;3;2;2;2;6;336
313652;21;0;0;0;0;0;0;0;0;0;0;0;0;21
313655;101;1;1;2;2;2;2;4;0;3;5;4;1;128
313657;159;0;0;2;5;1;3;2;2;0;0;1;16;191
313660;336;7;8;3;22;11;12;10;5;15;8;10;4;451
313665;1698;83;74;100;207;183;73;89;76;85;84;40;65;2857
313670;88776;3590;3849;4361;3622;3721;4213;4147;3786;4370;3701;3880;4964;136980
313680;178;0;0;3;3;1;4;1;0;1;0;0;2;193
313690;422;16;14;3;6;10;5;9;15;67;9;4;16;596
313695;11;0;0;0;0;0;0;0;0;0;0;0;1;12
313700;328;1;12;2;5;2;7;0;2;2;4;0;7;372
313710;419;10;11;7;8;10;6;16;14;9;11;14;22;557
313720;3818;104;100;98;98;110;173;185;143;118;115;1237;163;6462
313730;65;2;1;3;1;2;1;1;0;0;0;0;1;77
313740;456;4;3;12;7;8;6;12;7;10;8;1;105;639
313750;849;17;28;9;13;20;13;57;326;360;20;37;21;1770
313753;798;65;84;85;136;74;76;67;82;110;105;60;106;1848
313760;4764;137;190;302;220;169;149;176;157;145;154;160;426;7149
313770;687;73;16;13;28;24;90;177;50;46;15;11;70;1300
313780;1758;36;37;64;82;46;40;25;46;73;62;75;67;2411
313790;64;1;4;2;5;2;6;5;6;15;8;7;94;219
313800;248;9;6;10;7;4;5;2;4;3;2;6;4;310
313810;399;14;6;21;18;19;87;7;10;16;10;4;34;645
313820;12758;525;446;465;466;488;481;534;634;602;793;447;780;19419
313830;163;8;5;2;3;3;13;2;5;3;5;3;7;222
313835;143;1;1;0;1;0;2;0;0;1;0;0;1;150
313840;6982;199;272;262;199;280;235;185;285;265;276;225;282;9947
313850;4756;19;34;12;89;19;24;25;24;20;14;10;25;5071
313860;1476;69;77;52;153;56;99;89;64;46;110;50;69;2410
313862;362;18;8;7;7;8;6;7;9;19;7;4;45;507
313865;18;0;2;2;0;1;0;0;0;0;0;1;0;24
313867;164;1;4;41;3;2;1;1;2;0;4;0;2;225
313868;34;1;1;2;0;3;4;5;4;4;2;5;1;66
313870;486;15;17;8;15;12;15;25;30;81;42;299;12;1057
313880;1803;112;75;69;81;62;47;73;60;73;69;127;78;2729
313890;220;2;0;2;0;2;8;12;2;3;2;1;12;266
313900;6214;158;222;282;248;289;415;605;761;1080;1026;475;357;12132
313910;290;3;7;7;5;2;9;1;5;7;3;1;9;349
313920;611;5;3;5;13;8;2;12;12;6;9;17;11;714
313925;109;0;1;0;0;0;0;0;0;0;0;0;1;111
313930;908;13;13;12;3;16;3;9;22;170;46;34;24;1273
313940;7792;294;307;323;340;365;396;552;738;754;635;266;410;13172
313950;2078;58;58;64;50;50;121;153;218;339;58;89;88;3424
313960;2075;28;39;52;53;71;26;29;46;53;45;33;40;2590
313970;399;17;19;28;12;12;19;15;23;12;18;50;53;677
313980;1197;39;25;28;24;31;27;115;30;33;33;28;134;1744
313990;949;13;10;24;21;22;36;29;21;20;20;22;14;1201
314000;4543;177;111;176;145;111;171;142;108;128;127;171;302;6412
314010;202;1;0;8;2;2;0;0;1;2;1;0;1;220
314015;307;4;8;20;12;7;22;10;14;13;8;17;48;490
314020;255;19;11;16;62;22;12;9;13;21;5;10;15;470
314030;500;6;16;5;5;8;9;11;9;5;33;7;42;656
314040;194;2;5;0;0;1;2;1;2;4;4;2;0;217
314050;1180;57;46;84;71;93;83;119;73;133;168;97;90;2294
314053;246;16;4;15;21;24;20;17;51;98;20;17;13;562
314055;204;1;1;2;6;6;1;4;0;2;3;1;13;244
314060;172;5;2;3;0;1;0;0;0;1;1;1;18;204
314070;3511;136;183;120;134;96;89;84;132;240;306;141;111;5283
314080;1197;42;78;63;55;53;61;91;51;106;109;50;70;2026
314085;430;21;12;2;6;7;4;15;15;23;54;27;85;701
314090;742;28;25;28;37;28;25;28;28;97;39;21;49;1175
314100;81;1;0;3;2;11;2;2;1;6;1;0;1;111
314110;4515;223;336;330;226;278;497;327;288;232;326;298;576;8452
314120;207;6;4;12;3;4;3;3;5;1;2;1;4;255
314130;203;6;0;2;4;7;7;0;3;2;2;2;9;247
314140;1070;13;26;21;20;20;39;153;16;47;18;27;47;1517
314150;188;3;2;10;3;5;10;34;5;4;3;5;29;301
314160;508;11;14;13;11;7;24;14;10;10;14;12;59;707
314170;116;2;1;3;3;2;1;1;1;0;2;0;2;134
314180;781;34;27;33;29;26;94;30;24;31;173;12;158;1452
314190;328;6;13;7;6;3;5;14;3;5;4;3;4;401
314200;366;20;3;0;3;2;8;2;1;5;4;5;18;437
314210;851;7;20;26;24;22;18;30;13;18;22;33;22;1106
314220;1463;94;30;52;41;33;48;33;35;30;29;18;39;1945
314225;165;12;4;6;2;6;1;1;5;1;3;4;4;214
314230;218;8;10;8;37;9;5;4;4;3;2;3;2;313
314240;401;5;22;15;13;18;8;9;21;46;29;13;15;615
314250;247;6;4;6;3;1;1;2;1;3;1;11;5;291
314260;1152;27;29;35;49;62;41;78;51;44;147;54;31;1800
314270;114;2;3;2;2;0;1;2;5;2;1;1;3;138
314280;1679;69;95;63;41;61;46;116;61;88;71;55;60;2505
314290;508;15;6;14;14;34;16;9;1;0;5;1;8;631
314300;2511;56;154;126;420;326;459;715;427;560;683;2413;288;9138
314310;5658;280;359;258;375;536;1031;1418;2055;2373;1575;896;231;17045
314315;43;0;1;0;0;0;0;0;0;0;0;0;0;44
314320;2831;96;65;81;110;180;312;395;437;972;597;135;133;6344
314330;34661;1144;1171;1622;994;1094;1332;1332;1381;1514;1357;1335;1675;50612
314340;1929;36;58;72;50;57;57;66;80;144;74;55;80;2758
314345;81;21;40;32;27;10;6;3;16;8;14;22;9;289
314350;913;69;58;42;30;31;22;45;35;36;39;16;20;1356
314360;285;5;9;5;4;5;3;4;8;4;24;3;12;371
314370;234;0;1;0;1;0;0;1;1;0;3;2;0;243
314380;458;21;13;20;11;10;7;3;3;9;20;12;12;599
314390;12966;322;340;464;329;413;362;374;339;370;326;409;557;17571
314400;909;32;15;14;8;14;15;11;16;9;20;11;27;1101
314410;2198;117;192;95;79;108;136;173;164;334;307;107;99;4109
314420;69;0;1;0;0;1;0;0;0;0;0;2;1;74
314430;3789;117;121;157;131;114;100;127;83;140;232;238;270;5619
314435;119;2;2;5;5;7;7;3;4;1;5;2;7;169
314437;88;1;1;1;0;0;0;0;0;1;1;0;1;94
314440;550;5;11;2;3;6;5;8;3;5;9;2;4;613
314450;416;10;9;11;16;7;4;4;3;3;11;13;3;510
314460;2667;75;50;53;58;55;153;245;250;511;395;190;87;4789
314465;3;0;0;0;0;0;0;0;0;0;0;0;0;3
314467;108;0;0;1;0;3;0;0;0;10;0;1;10;133
314470;2097;132;74;137;119;83;125;88;126;97;79;107;207;3471
314480;11676;388;393;473;415;510;487;439;464;497;423;386;549;17100
314490;135;0;2;15;2;4;0;6;3;0;2;1;2;172
314500;1213;46;41;34;38;34;74;151;138;59;96;48;56;2028
314505;579;7;16;14;14;13;51;33;30;7;11;38;8;821
314510;609;16;7;15;11;11;12;62;22;27;15;21;30;858
314520;6255;132;234;220;239;248;247;208;189;203;204;156;688;9223
314530;625;20;11;21;9;6;72;52;701;58;223;15;12;1825
314535;139;3;1;5;3;18;4;6;8;1;4;2;12;206
314537;61;3;2;5;1;1;1;0;0;2;0;2;0;78
314540;14;0;0;0;0;0;2;1;2;0;1;1;0;21
314545;280;20;31;28;37;19;20;43;32;19;35;12;9;585
314550;324;5;1;1;2;2;5;1;2;12;1;5;0;361
314560;4696;111;137;175;123;142;134;139;192;194;146;200;177;6566
314570;156;2;3;0;1;2;0;0;1;0;0;3;1;169
314580;230;9;4;2;4;4;4;1;3;6;6;5;7;285
314585;188;3;1;43;6;12;115;4;1;1;12;6;49;441
314587;99;1;0;0;0;2;2;2;0;0;0;0;3;109
314590;7647;198;185;622;166;206;255;351;187;382;282;236;632;11349
314600;4293;144;210;165;154;162;166;199;284;368;450;231;243;7069
314610;9512;237;293;284;234;959;320;353;271;313;327;334;330;13767
314620;97;2;1;1;2;0;3;0;0;0;2;0;0;108
314625;249;9;12;14;18;6;20;4;8;5;13;10;5;373
314630;328;12;9;7;11;6;5;2;6;9;7;18;54;474
314640;329;7;10;11;11;3;9;8;6;7;15;11;5;432
314650;996;29;31;28;37;24;45;28;40;25;28;44;59;1414
314655;5;0;0;0;1;0;1;0;0;0;0;0;3;10
314660;126;0;0;3;0;0;14;1;0;2;1;1;28;176
314670;409;8;7;10;2;10;2;5;5;7;2;4;14;485
314675;50;1;0;0;3;1;1;0;0;3;2;1;1;63
314690;1656;70;89;67;53;57;85;85;60;79;63;56;90;2510
314700;7441;279;298;269;356;294;509;465;519;415;328;428;498;12099
314710;12134;438;402;465;466;470;448;502;375;491;499;396;427;17513
314720;2207;65;109;139;69;92;151;227;320;402;224;195;149;4349
314730;3441;114;261;79;47;135;68;78;33;75;167;37;63;4598
314740;2144;68;253;94;121;79;156;93;98;133;93;89;232;3653
314750;101;1;1;1;0;0;0;0;0;0;1;1;0;106
314760;1964;75;64;69;58;56;86;84;58;40;70;41;57;2722
314770;571;12;6;16;7;11;8;12;12;9;19;9;60;752
314780;142;3;3;1;3;2;3;7;2;4;4;3;28;205
314790;14205;517;451;516;417;516;705;814;717;1513;1120;542;629;22662
314795;108;0;0;0;0;0;0;0;0;1;2;2;0;113
314800;19383;721;733;955;868;755;1112;1403;1829;1931;1145;1563;998;33396
314810;10436;526;558;619;864;766;1632;3010;3330;5315;3479;1221;557;32313
314820;585;8;11;9;14;6;9;30;6;7;10;10;49;754
314830;403;7;3;6;4;22;26;20;60;92;6;24;42;715
314840;131;0;0;1;1;0;1;0;4;3;0;1;1;143
314850;366;5;4;7;4;5;16;15;51;8;6;3;19;509
314860;1054;16;20;28;15;33;24;12;31;26;31;20;20;1330
314870;1281;7;13;10;26;28;63;166;29;16;23;19;21;1702
314875;52;1;2;6;5;1;3;3;3;1;0;1;121;199
314880;191;0;2;1;3;1;0;1;0;1;1;3;3;207
314890;411;9;3;10;7;6;4;1;10;7;11;2;6;487
314900;71;1;3;1;1;0;1;1;0;0;1;0;3;83
314910;1034;14;13;18;17;10;22;13;36;113;43;23;43;1399
314915;160;2;2;4;3;7;19;12;8;4;16;9;59;305
314920;322;10;7;2;11;7;13;12;5;64;18;12;13;496
314930;8635;441;476;510;514;443;481;478;457;679;620;528;655;14917
314940;111;0;0;1;1;0;1;0;2;0;0;1;18;135
314950;384;14;23;16;23;20;12;12;9;23;16;7;10;569
314960;324;3;6;13;8;11;11;5;14;9;8;9;9;430
314970;546;15;11;25;21;17;18;15;25;18;21;68;31;831
314980;1587;72;54;57;85;54;296;453;578;342;86;147;105;3916
314990;2003;50;64;68;62;48;67;64;51;48;61;119;73;2778
314995;20;2;1;0;0;1;2;0;0;1;3;1;3;34
315000;183;3;2;2;1;2;4;4;14;34;11;4;2;266
315010;108;3;1;2;1;6;2;2;6;2;3;1;2;139
315015;164;1;2;4;3;3;5;1;4;1;5;9;6;208
315020;341;8;8;8;7;4;8;34;6;10;21;13;28;496
315030;228;1;1;1;0;1;1;4;3;1;4;1;2;248
315040;162;22;6;2;1;2;2;1;1;0;0;2;3;204
315050;918;25;45;23;20;111;197;230;144;637;30;34;40;2454
315053;113;1;0;1;1;1;3;1;1;3;3;8;3;139
315057;1;0;0;0;0;0;0;0;0;0;0;0;0;1
315060;358;9;2;3;5;1;12;8;7;11;4;12;7;439
315070;553;12;10;23;53;45;18;38;24;27;21;25;249;1098
315080;371;4;27;5;5;3;5;4;5;6;4;6;14;459
315090;294;1;3;1;6;4;3;6;4;9;4;5;3;343
315100;532;6;10;16;13;17;13;9;46;76;46;41;10;835
315110;1300;20;20;38;14;24;20;26;19;22;21;34;72;1630
315120;6582;226;196;386;213;262;312;257;243;248;261;172;506;9864
315130;859;18;31;24;20;59;15;23;31;22;27;31;43;1203
315140;2913;82;145;132;90;108;71;130;162;137;91;254;236;4551
315150;2717;101;68;83;52;129;101;104;135;174;88;78;130;3960
315160;609;14;21;12;24;7;11;5;8;12;9;14;26;772
315170;912;12;13;20;22;18;23;31;18;12;17;24;25;1147
315180;29551;1278;1045;1332;1254;1176;1199;1381;1372;1368;1157;1203;1375;44691
315190;145;0;1;1;3;4;3;4;1;4;3;1;3;173
315200;2974;105;99;113;88;100;139;97;98;109;88;161;99;4270
315210;8331;285;240;287;339;524;283;420;292;274;294;227;405;12201
315217;15;1;4;0;0;0;0;3;1;1;10;1;2;38
315220;1337;16;34;20;11;10;16;17;18;24;23;25;32;1583
315230;263;2;1;6;3;1;2;3;4;5;11;4;19;324
315240;448;11;9;12;4;5;6;20;70;34;118;74;90;901
315250;20243;890;735;850;754;908;856;1014;899;995;995;933;1077;31149
315260;610;6;10;17;12;19;10;14;20;10;9;10;9;756
315270;517;5;5;17;4;12;5;5;7;13;4;8;9;611
315280;2707;76;117;114;118;73;124;94;126;72;95;69;216;4001
315290;655;15;16;34;77;24;37;83;68;31;30;22;141;1233
315300;204;1;4;4;1;0;5;2;3;11;19;1;0;255
315310;247;2;3;4;4;0;2;5;5;2;1;3;0;278
315320;310;18;5;6;13;12;10;9;4;12;9;8;12;428
315330;158;0;0;1;0;0;0;2;1;1;0;0;0;163
315340;1764;154;133;395;177;170;143;166;843;536;50;120;505;5156
315350;350;7;8;6;11;5;10;13;7;12;16;18;15;478
315360;1265;75;55;110;95;57;177;56;90;53;161;37;61;2292
315370;172;50;4;7;4;6;3;5;4;1;6;9;87;358
315380;261;4;4;2;3;5;2;2;6;4;5;6;1;305
315390;425;11;9;5;4;6;3;10;9;11;4;12;36;545
315400;1736;35;30;48;56;56;39;51;108;107;111;66;99;2542
315410;770;12;17;10;13;17;12;6;15;8;8;6;15;909
315415;293;4;7;16;13;23;81;78;38;225;23;8;4;813
315420;410;22;7;5;13;14;13;4;9;9;6;21;53;586
315430;1296;47;58;67;50;62;51;82;90;54;68;109;215;2249
315440;408;16;9;8;3;7;5;4;26;4;3;14;31;538
315445;230;12;3;9;9;8;4;15;6;9;16;12;43;376
315450;115;10;5;16;9;18;16;15;17;17;21;6;17;282
315460;8494;322;325;357;332;320;360;308;362;390;366;405;400;12741
315470;377;13;15;17;9;11;13;11;6;16;19;14;22;543
315480;563;13;15;59;20;11;18;26;39;16;14;16;15;825
315490;1650;94;70;69;69;75;55;83;56;53;49;83;174;2580
315500;156;3;0;4;0;2;4;3;0;1;1;3;1;178
315510;33;1;0;0;3;0;1;1;0;0;1;0;0;40
315520;114;0;0;1;0;0;0;1;0;0;5;0;1;122
315530;143;1;1;3;0;1;1;3;3;1;1;1;8;167
315540;1031;22;26;37;39;65;21;30;37;22;23;26;21;1400
315550;2467;128;130;227;128;165;313;431;597;977;462;719;195;6939
315560;791;32;39;44;68;41;54;42;60;59;43;38;58;1369
315570;1761;69;34;146;101;105;64;110;144;106;56;70;50;2816
315580;1608;44;35;34;35;36;34;51;66;218;34;79;63;2337
315590;330;7;8;7;10;5;6;5;6;7;11;7;43;452
315600;455;6;4;1;0;1;4;2;2;0;1;2;11;489
315610;234;3;2;5;6;3;3;8;6;9;2;6;9;296
315620;229;5;3;23;9;4;13;12;7;10;8;8;6;337
315630;1024;53;40;63;35;59;32;38;44;39;27;42;108;1604
315640;552;11;10;21;16;59;269;256;423;578;189;20;32;2436
315645;154;2;1;2;4;1;3;5;3;3;6;2;6;192
315650;43;24;21;1;1;1;3;5;3;3;14;21;0;140
315660;297;1;6;4;5;2;5;4;1;6;1;4;2;338
315670;7241;223;195;395;312;260;286;212;259;228;262;259;273;10405
315680;657;9;13;20;17;8;8;4;11;11;6;9;12;785
315690;2729;125;118;95;60;96;105;86;213;102;92;79;142;4042
315700;2215;97;50;130;81;82;83;56;66;63;72;67;90;3152
315710;416;8;6;10;7;3;2;7;6;3;5;8;8;489
315720;3687;183;189;258;223;179;204;181;198;217;178;227;496;6420
315725;382;3;2;10;4;5;2;5;10;2;4;4;13;446
315727;187;2;1;1;0;0;3;99;0;13;82;55;53;496
315730;112;3;1;0;4;3;1;3;1;0;1;4;41;174
315733;214;4;5;4;5;2;3;10;6;5;4;1;4;267
315737;55;1;12;2;4;1;0;0;0;1;1;10;2;89
315740;406;25;19;27;9;94;170;19;10;19;12;8;13;831
315750;175;0;0;0;0;0;0;0;2;22;14;143;71;427
315760;4;0;0;0;0;0;0;0;0;0;0;0;0;4
315765;119;0;0;0;0;0;0;0;0;0;0;0;0;119
315770;824;20;66;37;42;85;43;38;42;68;209;49;119;1642
315780;11457;407;434;584;395;362;566;603;471;466;390;426;450;17011
315790;489;15;6;6;10;3;2;3;6;7;3;8;5;563
315800;944;35;17;17;17;20;14;17;24;20;46;15;17;1203
315810;255;0;1;2;0;0;2;1;0;0;2;0;0;263
315820;416;9;6;4;1;3;8;6;4;3;8;8;7;483
315830;1256;42;32;37;63;80;132;117;156;243;355;92;52;2657
315840;151;3;0;3;0;0;1;2;4;2;2;3;0;171
315850;188;4;3;12;0;2;3;5;5;2;4;2;2;232
315860;281;6;41;10;13;3;18;35;14;8;2;8;22;461
315870;121;1;0;0;0;1;2;0;8;3;0;0;57;193
315880;385;4;9;10;5;9;5;9;5;15;5;3;8;472
315890;233;2;0;3;8;1;2;1;5;2;2;2;1;262
315895;1492;101;77;53;95;75;120;137;129;201;104;110;78;2772
315900;152;2;1;2;1;1;4;2;0;4;3;5;5;182
315910;140;1;1;3;3;0;0;3;0;0;3;2;1;157
315920;463;11;3;10;4;9;5;7;9;6;6;4;4;541
315930;416;5;6;2;9;7;4;13;7;6;6;11;28;520
315935;277;10;10;8;7;10;3;10;17;7;7;7;10;383
315940;171;1;0;2;3;6;2;4;5;3;2;3;4;206
315950;204;1;5;59;10;4;3;0;1;2;1;2;11;303
315960;6702;307;303;333;443;337;384;454;597;581;391;455;725;12012
315970;219;1;3;2;2;4;11;25;9;24;100;6;2;408
315980;1972;89;40;45;46;46;37;49;56;71;51;45;54;2601
315990;1292;19;17;20;44;34;30;21;20;19;50;25;24;1615
316000;140;2;2;1;5;4;4;2;1;1;2;2;54;220
316010;309;14;13;21;5;11;12;31;9;13;16;21;35;510
316020;212;0;4;2;7;1;6;4;2;2;3;18;0;261
316030;24;0;0;1;0;0;0;0;0;0;0;0;0;25
316040;3779;166;135;139;120;104;104;113;165;144;136;106;103;5314
316045;79;0;0;0;0;0;0;0;0;0;0;0;0;79
316050;97;1;1;0;2;2;1;0;0;1;0;0;2;107
316060;245;7;3;5;5;5;4;4;1;5;2;1;7;294
316070;4071;126;113;136;105;113;143;127;104;99;119;91;358;5705
316080;185;3;2;4;5;2;5;5;3;1;15;9;6;245
316090;207;3;3;8;10;40;1;4;0;5;4;4;46;335
316095;105;0;1;2;1;0;1;1;0;0;1;1;1;114
316100;1074;26;18;23;19;16;20;20;25;28;26;19;27;1341
316105;80;0;0;0;0;0;0;0;0;0;0;0;0;80
316110;1290;102;33;42;44;66;32;73;40;37;72;50;40;1921
316120;571;15;10;8;16;11;15;34;123;219;13;41;12;1088
316130;601;14;12;15;16;10;25;8;8;17;12;11;11;760
316140;149;5;0;0;2;1;3;0;1;1;1;4;4;171
316150;729;20;13;9;16;16;17;20;18;20;14;22;21;935
316160;148;1;0;0;6;1;2;2;1;3;3;14;4;185
316165;100;5;0;2;2;2;22;0;1;1;1;1;9;146
316170;562;12;18;64;53;51;26;56;175;131;15;19;96;1278
316180;1232;49;32;48;47;33;34;35;37;24;43;52;29;1695
316190;420;7;19;27;6;10;8;19;37;8;11;8;39;619
316200;2760;113;125;109;91;138;207;200;201;289;412;314;271;5230
316210;1965;71;69;65;68;136;127;116;185;273;360;234;260;3929
316220;804;16;12;24;38;22;28;29;25;63;20;23;26;1130
316225;26;0;0;0;0;1;0;0;1;1;0;0;0;29
316230;169;3;3;9;5;3;2;5;3;2;3;8;13;228
316240;309;4;11;11;23;18;15;29;16;14;15;21;8;494
316245;1;0;0;0;0;0;0;1;0;0;0;1;0;3
316250;9511;351;364;495;361;446;282;390;286;309;333;298;1075;14501
316255;374;3;5;4;5;6;14;19;131;23;1;3;6;594
316257;162;0;5;2;8;1;2;0;1;2;3;0;2;188
316260;389;6;2;10;5;3;9;8;5;6;8;1;6;458
316265;11;0;0;0;1;0;0;0;0;0;0;0;0;12
316270;857;29;59;42;61;32;63;77;84;68;99;80;81;1632
316280;552;9;9;7;7;3;11;8;11;5;11;19;7;659
316290;3649;105;130;130;120;99;109;103;87;85;116;83;101;4917
316292;1414;45;36;124;34;46;29;58;143;166;195;84;150;2524
316294;492;22;22;7;5;24;56;48;31;331;74;18;41;1171
316295;1761;76;48;49;49;41;132;126;124;111;107;57;89;2770
316300;65;5;2;1;2;3;2;0;4;1;2;0;2;89
316310;385;14;7;14;3;6;8;10;9;6;9;14;11;496
316320;184;1;0;1;3;2;3;1;6;1;5;7;4;218
316330;135;1;1;0;1;0;1;3;0;0;2;1;0;145
316340;736;46;36;35;30;141;41;41;48;34;89;49;49;1375
316350;42;0;0;1;0;0;0;0;1;0;1;0;0;45
316360;147;0;0;0;1;1;0;0;1;0;0;0;0;150
316370;5275;196;169;211;171;196;226;190;159;206;203;148;335;7685
316380;213;5;4;4;4;56;57;19;8;23;2;7;42;444
316390;296;2;4;6;3;2;3;6;22;11;35;4;10;404
316400;907;30;25;32;196;37;107;107;80;679;81;239;69;2589
316410;139;1;3;1;1;0;1;0;3;2;3;0;34;188
316420;270;4;2;4;2;1;13;4;4;1;0;4;70;379
316430;230;2;1;0;14;9;2;2;7;2;0;0;17;286
316440;587;16;16;27;19;14;17;54;18;63;40;62;29;962
316443;111;0;0;1;0;0;0;3;0;0;0;0;0;115
316447;142;0;3;1;3;1;0;4;2;2;3;0;0;161
316450;93;0;0;0;0;1;0;0;0;0;0;0;0;94
316460;470;14;8;31;14;26;8;5;12;13;17;17;8;643
316470;9180;331;325;406;318;366;464;483;480;689;536;398;305;14281
316480;10;0;1;1;0;2;0;0;0;0;1;0;0;15
316490;142;2;1;3;3;3;4;1;2;1;2;4;2;170
316500;624;15;8;13;6;12;12;5;7;15;20;4;5;746
316510;813;14;17;9;16;17;81;57;111;173;32;39;55;1434
316520;1024;19;20;22;22;26;13;24;33;16;23;20;50;1312
316530;723;18;11;21;12;15;12;50;12;17;17;20;74;1002
316540;533;23;50;10;17;14;13;9;14;3;12;6;8;712
316550;162;0;0;0;0;0;0;0;0;0;3;0;0;165
316553;702;24;30;24;26;26;24;23;20;27;29;23;186;1164
316555;109;3;0;2;0;0;0;0;0;0;1;0;0;115
316556;97;0;1;0;0;0;0;1;0;0;0;0;5;104
316557;153;0;2;3;3;3;4;1;2;4;2;0;1;178
316560;155;2;4;39;26;2;16;0;5;6;5;2;2;264
316570;349;4;7;12;6;14;10;6;102;4;1;7;3;525
316580;143;7;6;0;0;1;0;0;0;1;0;2;8;168
316590;127;0;1;0;0;0;0;1;7;2;0;2;0;140
316600;187;4;1;0;0;2;0;2;0;0;11;4;13;224
316610;92;3;0;0;1;0;0;0;1;1;1;1;3;103
316620;202;1;2;3;2;2;1;2;1;4;12;4;5;241
316630;173;6;2;1;1;0;0;3;2;4;0;0;2;194
316640;24;2;0;1;0;1;1;0;1;0;1;0;1;32
316650;79;0;0;2;0;1;0;0;0;1;0;0;0;83
316660;123;3;1;0;1;1;0;2;1;0;4;0;1;137
316670;431;9;4;17;8;2;24;32;13;12;286;30;50;918
316680;822;19;26;15;34;55;156;169;393;868;212;58;49;2876
316690;884;40;45;43;60;67;84;141;126;366;189;27;50;2122
316695;18;0;0;0;0;1;0;0;0;0;10;0;2;31
316700;314;4;2;3;1;2;0;0;3;0;1;0;0;330
316710;1203;19;11;16;12;9;7;10;23;5;16;16;19;1366
316720;26329;860;958;1169;1006;1115;1193;1253;1043;1323;1500;1293;2356;41398
316730;164;1;2;4;1;5;2;8;3;1;2;0;2;195
316740;497;19;9;14;19;22;8;26;68;49;79;19;8;837
316750;334;6;14;16;7;8;9;8;6;6;5;8;5;432
316760;430;11;4;4;2;1;6;22;1;2;21;11;3;518
316770;350;6;7;5;3;4;5;3;6;9;5;17;33;453
316780;384;16;4;10;15;9;7;5;4;3;5;2;3;467
316790;306;5;5;12;11;7;7;2;7;10;6;5;9;392
316800;1477;196;157;190;150;114;102;160;109;133;155;198;209;3350
316805;124;2;3;5;12;0;2;2;1;0;0;1;1;153
316810;1005;31;40;48;15;34;25;38;52;60;26;21;57;1452
316820;188;6;0;9;1;2;2;14;13;24;39;1;2;301
316830;209;4;3;2;10;6;9;14;9;22;14;17;11;330
316840;553;6;9;9;2;3;3;5;18;8;19;6;5;646
316850;475;22;13;16;12;24;163;276;108;14;9;17;351;1500
316860;12923;426;454;540;480;408;467;905;442;460;458;412;775;19150
316870;13443;775;1190;1299;924;1117;1173;1222;1200;1147;1054;1088;785;26417
316880;613;18;30;19;11;22;19;11;19;11;17;8;18;816
316890;451;100;10;9;4;8;3;7;48;245;10;0;5;900
316900;1644;45;31;34;28;44;36;62;46;49;29;33;41;2122
316905;171;1;0;2;1;1;0;12;1;1;1;0;13;204
316910;14;0;0;0;0;0;0;0;0;0;3;3;0;20
316920;931;27;28;24;16;30;35;20;33;10;23;16;23;1216
316930;9099;393;302;507;303;289;317;319;515;612;496;409;415;13976
316935;2537;122;62;76;57;79;71;55;64;48;63;252;164;3650
316940;8859;282;433;352;286;484;639;756;871;1428;1656;946;579;17571
316950;198;7;9;7;10;5;3;2;9;5;3;0;1;259
316960;2410;64;67;98;111;101;69;71;72;84;75;94;158;3474
316970;711;20;30;34;42;26;33;27;24;45;48;38;28;1106
316980;386;5;9;7;7;43;7;44;45;20;12;115;6;706
316990;13886;513;618;636;624;483;417;455;476;431;499;494;571;20103
317000;48;0;3;0;0;0;2;0;1;1;0;0;1;56
317005;343;5;9;7;8;7;6;6;5;10;9;8;57;480
317010;46838;2036;1990;2300;2157;2640;2247;2266;2558;2219;2543;2223;3120;75137
317020;88076;3740;3937;4476;3820;3959;4337;4044;4764;4546;5308;5044;5522;141573
317030;206;1;0;1;1;2;0;0;2;3;2;0;1;219
317040;6290;230;197;230;179;195;250;233;301;418;325;443;263;9554
317043;229;6;16;1;8;8;91;6;4;7;4;13;5;398
317047;164;9;1;2;2;3;6;1;1;3;2;3;61;258
317050;2206;47;33;27;35;84;78;78;72;137;186;80;470;3533
317052;72;1;3;1;13;4;12;6;24;4;9;2;4;155
317057;93;0;2;1;5;3;7;9;4;3;1;0;5;133
317060;131;1;2;2;3;2;10;24;28;33;24;3;72;335
317065;127;0;7;2;7;3;2;4;5;1;3;2;6;169
317070;21549;1095;1289;985;1065;925;1116;1384;1411;1716;2106;1350;1300;37291
317075;364;9;14;5;6;5;2;10;24;8;11;6;9;473
317080;3643;83;136;175;152;142;110;115;121;132;124;87;102;5122
317090;218;1;1;2;2;2;0;1;1;3;2;35;9;277
317100;2043;95;59;135;50;112;37;60;37;69;69;83;117;2966
317103;84;1;1;1;4;0;4;2;2;0;1;5;1;106
317107;9;0;0;0;0;2;1;5;2;25;5;4;0;53
317110;417;14;23;12;17;8;18;23;31;37;27;18;40;685
317115;122;3;11;13;6;11;8;7;1;1;2;25;65;275
317120;7124;183;254;272;251;258;256;248;257;299;306;313;432;10453
317130;7638;186;210;230;215;249;278;461;389;274;256;174;227;10787
317140;173;0;3;2;3;4;2;20;2;4;3;2;13;231
317150;154;1;1;1;4;1;6;3;1;0;1;2;1;176
317160;326;4;3;2;8;3;4;8;4;4;3;9;20;398
317170;526;6;8;31;6;4;7;2;9;7;5;14;3;628
317180;319;4;12;9;6;7;6;4;3;6;19;6;7;408
317190;13;0;2;4;1;0;1;2;1;0;0;0;0;24
317200;5263;154;137;141;159;123;170;147;146;201;153;200;236;7230
317210;475;16;8;8;13;21;7;10;21;18;11;12;41;661
317220;214;4;6;3;7;7;3;2;5;17;2;0;2;272
320010;1325;10;23;38;18;39;24;26;17;21;28;21;146;1736
320013;425;2;5;12;3;6;16;8;11;17;15;10;63;593
320016;366;4;3;3;4;1;8;1;3;121;4;6;70;594
320020;1741;36;30;36;46;43;233;25;36;42;33;41;256;2598
320030;633;7;19;10;31;12;9;16;10;21;11;7;21;807
320035;364;6;6;6;34;4;42;12;16;11;5;8;139;653
320040;2475;64;74;127;175;89;110;210;73;126;94;101;115;3833
320050;485;4;4;5;8;5;12;4;5;8;3;4;5;552
320060;11121;399;631;563;549;1142;417;544;495;677;868;378;1199;18983
320070;983;37;42;38;33;30;35;41;28;42;35;25;23;1392
320080;2440;74;171;124;158;138;223;572;311;644;59;46;106;5066
320090;2565;81;84;116;76;86;107;109;130;59;71;74;155;3713
320100;689;46;49;48;58;61;57;67;148;82;174;8;60;1547
320110;723;20;10;19;24;6;15;12;9;10;7;7;9;871
320115;144;2;2;2;3;8;29;4;3;6;13;2;18;236
320120;27453;830;839;1379;868;822;1087;857;911;964;838;901;1287;39036
320130;26081;1373;961;1318;1035;1508;887;906;1034;1044;889;1247;3050;41333
320140;3067;91;58;99;63;85;106;98;76;77;81;58;76;4035
320150;19247;501;728;706;691;625;607;680;578;629;587;528;740;26847
320160;1573;138;53;150;106;75;112;520;431;958;127;101;98;4442
320170;541;6;17;17;6;15;11;14;15;5;5;15;8;675
320180;226;4;3;2;2;9;6;5;1;1;2;1;0;262
320190;2002;98;106;82;65;54;44;69;68;49;55;67;286;3045
320200;260;2;4;5;3;0;11;3;11;1;5;5;52;362
320210;1226;37;20;43;31;28;48;29;37;48;50;49;77;1723
320220;1023;36;27;29;19;43;35;40;24;55;48;29;30;1438
320230;2320;73;88;76;52;62;55;58;50;60;58;48;121;3121
320240;11663;564;635;942;506;511;445;398;508;369;392;414;397;17744
320245;557;16;7;27;13;18;21;61;64;80;49;26;274;1213
320250;4209;199;256;319;298;224;257;272;210;425;405;237;198;7509
320255;186;3;0;2;4;3;6;1;5;1;2;4;8;225
320260;1316;23;26;27;25;20;27;38;24;25;24;31;50;1656
320265;212;4;1;0;1;4;1;2;2;35;2;3;86;353
320270;1063;13;10;15;20;12;16;34;16;19;16;15;22;1271
320280;3061;84;67;135;106;71;468;363;117;70;789;171;172;5674
320290;455;4;7;5;9;8;3;6;6;6;3;1;1;514
320300;1419;29;33;59;83;47;84;111;110;228;197;68;412;2880
320305;1232;25;37;34;38;25;53;129;60;73;45;58;107;1916
320310;426;22;9;18;12;8;29;51;20;18;12;9;23;657
320313;1663;63;64;62;44;51;66;58;80;51;59;40;344;2645
320316;301;1;1;3;1;1;9;4;0;4;3;39;10;377
320320;17669;769;639;728;649;909;659;772;1276;792;491;586;699;26638
320330;353;11;5;9;3;9;14;14;4;9;3;9;107;550
320332;1275;66;102;84;71;38;33;36;44;38;65;63;78;1993
320334;1394;22;16;47;43;41;35;32;28;32;47;30;99;1866
320335;514;11;9;10;17;15;23;17;4;15;9;7;7;658
320340;1809;23;28;35;19;52;39;34;39;27;32;21;44;2202
320350;952;16;24;20;16;14;33;67;16;12;33;23;70;1296
320360;487;22;6;12;16;9;23;6;7;29;16;10;15;658
320370;688;18;9;12;9;14;6;36;5;9;7;18;27;858
320380;856;10;9;16;9;18;12;16;11;9;11;12;7;996
320390;3829;128;87;122;100;118;123;122;101;95;105;95;272;5297
320400;1016;27;10;21;25;17;24;41;27;24;13;22;60;1327
320405;1265;29;26;30;24;26;34;67;123;330;593;40;41;2628
320410;1445;48;36;73;39;32;57;48;48;50;29;47;224;2176
320420;776;43;54;56;22;16;19;16;8;6;8;38;95;1157
320425;211;13;1;3;1;3;13;4;3;5;23;1;24;305
320430;521;15;3;8;7;7;12;11;6;7;11;12;14;634
320435;729;9;11;4;6;7;14;9;2;4;5;9;51;860
320440;836;8;12;22;13;19;18;20;7;16;13;17;25;1026
320450;494;23;12;38;19;12;14;12;9;19;5;15;55;727
320455;1321;52;34;30;25;73;24;20;27;37;34;53;163;1893
320460;1862;122;62;58;56;76;54;62;42;53;58;30;272;2807
320465;288;4;8;5;6;6;15;16;4;12;4;6;94;468
320470;3156;83;164;130;138;111;97;143;107;109;106;164;114;4622
320480;1203;12;46;25;25;22;20;96;49;51;69;31;46;1695
320490;8206;470;370;355;342;341;410;364;340;451;380;351;766;13146
320495;1075;13;18;29;5;24;89;26;17;17;15;12;25;1365
320500;41489;2577;2229;2662;2352;2137;2256;2394;2547;2105;2352;2191;1943;69234
320501;710;18;32;16;17;58;46;22;42;50;29;44;105;1189
320503;1309;17;23;35;25;33;22;33;41;46;22;19;123;1748
320506;1865;50;55;68;50;51;47;51;86;58;51;37;106;2575
320510;5599;166;141;253;138;181;147;151;174;260;185;339;332;8066
320515;312;7;12;10;6;10;71;8;9;7;3;6;6;467
320517;386;8;13;11;15;10;9;10;14;6;13;8;7;510
320520;42411;1737;1901;2115;1754;1916;1860;1819;1700;1788;1743;1685;1993;64422
320530;144399;3918;4169;4987;3460;3675;4418;3659;3791;3477;3397;4206;4772;192328
330010;20615;626;672;1239;817;1095;805;586;1000;677;915;1177;952;31176
330015;748;14;11;10;11;10;47;9;2;10;7;3;8;890
330020;8011;223;217;299;233;203;374;228;234;233;314;219;352;11140
330022;2191;86;64;116;46;79;67;104;173;102;108;44;47;3227
330023;2713;115;163;213;123;155;77;112;99;119;105;94;114;4202
330025;3264;272;443;275;203;237;156;156;125;137;185;218;136;5807
330030;11209;356;472;551;357;339;414;383;380;432;382;330;372;15977
330040;22355;698;597;924;666;751;629;767;644;604;691;811;831;30968
330045;13356;431;417;491;414;540;382;425;495;429;549;393;445;18767
330050;2470;52;40;55;43;51;39;67;49;60;48;37;65;3076
330060;3965;115;87;116;412;108;82;81;79;86;69;58;124;5382
330070;16711;539;578;899;547;514;642;487;484;524;503;528;726;23682
330080;5564;184;181;197;195;277;147;194;180;184;174;123;132;7732
330090;1055;4;2;8;11;5;5;8;6;7;5;10;4;1130
330093;930;17;5;10;29;8;13;61;49;40;56;135;62;1415
330095;1117;122;68;56;260;135;56;81;50;74;67;61;68;2215
330100;42649;1485;1529;1540;1377;1473;1645;2460;1598;1700;2428;2811;3480;66175
330110;3188;54;65;73;63;61;49;60;59;44;56;49;63;3884
330115;951;64;8;45;8;305;15;14;23;11;16;21;84;1565
330120;1765;23;29;25;29;21;29;16;31;22;21;26;24;2061
330130;1855;35;37;42;68;44;27;46;44;22;42;33;325;2620
330140;1146;24;18;24;18;13;16;6;17;17;12;19;35;1365
330150;2236;72;64;152;96;79;66;112;91;103;86;78;108;3343
330160;899;21;10;10;13;6;13;22;26;33;17;19;29;1118
330170;78904;3059;2652;4855;3270;3419;3034;4379;3398;3254;2810;2859;3092;118985
330180;1390;19;22;64;18;21;23;33;45;23;13;28;28;1727
330185;2500;92;91;119;93;117;137;81;122;93;78;61;103;3687
330187;1058;26;13;19;26;18;24;26;14;20;15;11;41;1311
330190;13113;358;420;413;364;358;366;375;385;373;363;377;366;17631
330200;14356;381;459;460;519;600;537;444;580;406;530;529;391;20192
330205;1132;52;55;35;9;18;25;25;21;18;34;8;10;1442
330210;1967;31;24;25;24;35;29;23;36;26;21;38;25;2304
330220;10365;369;302;356;370;289;279;311;281;274;249;270;336;14051
330225;4258;93;102;158;111;97;137;140;105;94;137;96;155;5683
330227;1407;51;15;10;5;27;12;27;17;15;14;13;42;1655
330230;524;8;1;7;4;6;5;4;4;6;6;7;2;584
330240;31504;1084;1114;1000;1078;1370;1363;1240;1232;1289;1776;1027;1063;46140
330245;625;9;5;10;10;10;3;7;14;5;3;10;8;719
330250;10090;315;353;337;349;343;269;256;280;328;300;268;282;13770
330260;4736;247;100;148;111;119;99;105;151;336;96;86;133;6467
330270;5928;210;149;171;161;150;156;161;158;146;138;138;229;7895
330280;1739;28;29;31;38;27;27;21;38;30;27;33;25;2093
330290;2417;65;82;62;57;64;89;68;39;38;55;62;67;3165
330300;2267;41;67;55;43;31;49;205;52;62;50;41;38;3001
330310;1768;23;11;20;11;16;16;16;42;15;19;36;19;2012
330320;15424;413;350;399;397;377;354;393;330;346;410;320;314;19827
330330;110775;3853;3694;4909;3992;3755;3727;3728;3752;3871;4386;4080;3868;158390
330340;32313;923;887;1058;904;1014;908;989;848;1408;1024;888;1229;44393
330350;63124;2425;2070;2649;2290;2245;2205;2164;2554;2140;2309;1882;2217;90274
330360;4609;61;152;57;65;50;54;111;53;48;53;37;37;5387
330370;4332;120;114;163;149;89;85;123;144;99;130;100;116;5764
330380;2604;72;78;131;83;82;97;107;69;107;87;81;110;3708
330385;1563;45;36;19;27;20;23;24;34;16;43;30;45;1925
330390;49291;1724;1465;1782;1538;1418;1483;1731;1717;1745;1640;1245;1907;68686
330395;1129;64;20;27;34;18;20;19;17;33;26;15;88;1510
330400;3846;55;91;84;67;66;93;61;66;74;77;88;69;4737
330410;1186;18;27;30;22;25;22;16;33;29;21;16;20;1465
330411;900;29;41;86;133;65;67;19;23;15;27;11;15;1431
330412;1089;32;60;62;23;59;29;28;37;55;55;27;171;1727
330414;6344;204;183;371;281;182;224;167;192;206;175;204;128;8861
330415;2107;16;21;15;19;21;13;13;16;18;28;29;98;2414
330420;18843;766;706;850;976;863;819;781;851;872;951;833;1007;29118
330430;8041;229;247;260;222;167;223;178;205;271;217;191;281;10732
330440;1140;21;26;40;17;93;21;36;17;24;20;22;22;1499
330450;1154;26;17;22;29;28;16;16;26;23;10;16;29;1412
330452;3485;252;133;135;168;151;100;116;147;87;108;120;127;5129
330455;1757366;56912;51305;61238;58585;55882;59554;57487;58246;55733;56328;55285;57367;2441288
330460;833;24;14;18;14;19;17;9;9;16;9;7;17;1006
330470;4857;133;114;112;131;80;61;124;95;105;115;136;141;6204
330475;1031;11;8;22;32;14;14;13;15;8;10;9;17;1204
330480;3177;51;52;55;53;44;107;43;86;65;71;62;155;4021
330490;68718;2025;2132;2700;2619;2254;2311;2475;2891;2334;2333;2097;2233;97122
330500;2730;108;67;54;73;38;49;111;202;144;222;505;309;4612
330510;32201;1631;1298;1488;1447;1213;1402;1541;1338;1233;1271;1433;2785;50281
330513;157;0;0;1;4;6;1;3;9;2;6;2;180;371
330515;1634;41;44;80;35;45;49;89;90;184;27;40;54;2412
330520;3680;79;106;113;90;80;160;68;62;55;89;63;79;4724
330530;374;7;4;5;3;2;1;0;7;3;6;3;223;638
330540;2052;44;53;38;40;56;40;40;46;48;77;36;53;2623
330550;3785;79;87;121;78;78;81;74;80;76;69;65;86;4759
330555;3861;37;42;63;56;55;62;53;111;86;46;84;85;4641
330560;2092;58;17;63;36;35;27;41;38;43;39;31;45;2565
330570;784;73;8;6;10;8;8;6;8;6;11;13;5;946
330575;2013;46;52;53;42;34;43;40;32;35;26;24;30;2470
330580;18788;667;682;778;665;595;834;680;764;823;671;611;683;27241
330590;1020;8;6;8;4;4;10;11;5;10;7;10;5;1108
330600;14822;793;701;629;611;509;543;472;471;488;498;431;468;21436
330610;9917;209;237;244;157;216;187;255;212;263;189;201;337;12624
330615;656;1;0;1;1;4;0;1;8;4;2;2;3;683
330620;4266;103;82;125;70;66;61;112;119;85;57;73;97;5316
330630;49252;1684;1966;1670;1734;1820;1613;2334;2254;1871;1592;1546;2146;71482
350010;5452;170;243;200;173;220;521;345;180;229;115;149;774;8771
350020;323;268;4;20;6;21;21;36;34;23;26;19;200;1001
350030;3822;165;199;135;171;157;175;184;274;338;109;135;106;5970
350040;856;15;20;22;18;19;19;22;48;138;15;8;39;1239
350050;2613;99;88;78;330;73;96;75;89;69;62;80;90;3842
350055;818;30;22;47;26;30;21;14;15;11;25;28;26;1113
350060;773;45;18;17;11;20;22;21;16;31;22;27;16;1039
350070;4646;167;188;123;139;299;457;266;347;245;176;159;627;7839
350075;254;4;13;4;4;7;8;10;3;2;1;5;5;320
350080;207;5;1;6;8;5;0;1;2;1;0;0;3;239
350090;576;27;14;26;14;11;14;93;68;87;69;248;293;1540
350100;2483;253;65;113;131;171;342;404;604;1122;444;565;453;7150
350110;419;23;8;13;14;6;10;4;4;6;8;10;7;532
350115;4890;48;38;67;64;48;33;67;51;36;120;54;30;5546
350120;260;16;6;9;5;5;11;3;4;10;2;2;4;337
350130;1265;45;41;36;51;36;55;42;89;46;30;42;91;1869
350140;539;9;13;26;28;43;42;34;53;196;17;19;12;1031
350150;291;6;3;8;6;15;16;69;51;213;77;34;15;804
350160;44478;1752;1931;1919;2043;1598;1774;1695;1959;1534;1408;1439;1822;65352
350170;3539;140;1165;179;166;133;140;113;172;101;80;65;601;6594
350180;461;21;7;8;9;8;14;10;12;10;16;10;42;628
350190;14919;499;423;410;397;388;409;487;417;374;371;421;433;19948
350200;620;136;144;13;15;28;32;38;87;37;83;30;419;1682
350210;5865;162;187;176;170;490;245;282;166;176;248;858;330;9355
350220;2289;67;63;68;90;71;82;64;60;97;57;71;143;3222
350230;469;5;5;7;11;14;9;14;16;15;21;5;15;606
350240;241;7;6;8;7;2;4;4;6;14;3;9;7;318
350250;5527;223;258;242;207;260;279;431;178;176;169;193;326;8469
350260;244;8;2;1;2;2;1;3;3;7;1;4;22;300
350270;1893;168;96;82;54;90;33;82;73;93;66;65;83;2878
350275;2001;60;67;88;69;51;61;59;78;46;169;45;106;2900
350280;29597;1445;1262;1482;1083;1256;1438;1410;1454;1769;1605;1437;3368;48606
350290;1623;83;109;75;110;98;91;90;85;106;81;70;122;2743
350300;245;9;1;5;8;7;9;5;7;5;5;4;30;340
350310;1094;29;25;40;27;38;42;85;76;118;158;248;39;2019
350315;266;6;6;8;5;5;4;7;12;7;3;3;5;337
350320;37344;1810;1415;1681;1718;2703;1689;1841;1802;1926;1593;1564;4267;61353
350330;22119;620;611;717;2182;558;749;668;674;943;685;890;3194;34610
350335;126;8;33;6;2;1;0;1;12;2;10;5;3;209
350340;628;8;16;10;27;20;11;21;7;14;13;26;10;811
350350;394;14;29;88;26;7;5;8;6;8;6;8;13;612
350360;723;35;26;37;82;94;34;68;34;41;77;18;27;1296
350370;2577;761;107;206;234;768;443;251;229;112;168;356;4283;10495
350380;4825;236;231;235;157;158;177;308;194;271;177;160;241;7370
350390;7955;266;258;347;422;350;376;353;404;444;281;532;216;12204
350395;227;0;2;5;4;6;5;2;2;5;0;7;6;271
350400;12059;378;382;468;381;327;388;363;362;444;415;450;497;16914
350410;16206;517;679;669;723;1215;488;445;421;508;418;398;465;23152
350420;1840;37;44;35;30;26;27;27;24;33;17;23;38;2201
350430;366;3;8;16;9;21;16;25;21;24;21;10;20;560
350440;936;20;28;36;39;15;32;43;33;33;29;48;156;1448
350450;9472;342;479;415;362;285;406;375;467;369;341;297;408;14018
350460;1179;34;37;40;34;31;29;23;33;34;53;34;25;1586
350470;166;1;0;1;2;2;4;0;3;3;2;2;0;186
350480;1432;116;32;26;25;42;30;26;36;61;43;24;61;1954
350490;828;12;18;19;13;14;20;20;7;14;12;27;30;1034
350500;135;0;0;1;2;0;0;1;2;0;0;1;2;144
350510;489;22;14;18;23;10;19;27;20;14;35;13;155;859
350520;4282;228;143;203;128;160;161;259;205;256;227;163;1488;7903
350530;11563;376;228;219;223;240;246;213;256;293;216;473;681;15227
350535;94;5;3;3;5;10;10;15;1;1;2;1;0;150
350540;87;5;1;4;3;2;5;12;4;3;2;2;5;135
350550;12405;663;438;491;461;377;396;581;439;620;575;563;1252;19261
350560;968;56;93;90;281;84;46;142;88;110;94;68;643;2763
350570;105102;4125;4280;5217;4284;4900;4998;5001;4970;4419;4542;4248;5104;161190
350580;4613;239;273;171;130;118;147;120;94;129;89;183;163;6469
350590;8204;199;223;260;278;299;346;349;388;312;212;646;402;12118
350600;57211;2137;2233;2451;2114;2599;1993;2147;2157;2190;2029;2102;2921;84284
350610;11156;666;374;339;383;416;382;468;377;424;331;333;1076;16725
350620;528;9;8;9;37;31;64;30;39;36;14;86;910;1801
350630;1031;30;29;40;167;21;73;65;20;64;82;61;42;1725
350635;3645;120;107;139;131;107;81;111;106;84;80;86;112;4909
350640;709;10;18;13;10;10;11;8;13;5;9;7;6;829
350650;21542;534;914;869;868;870;888;887;911;836;777;1123;2658;33677
350660;1546;54;51;57;43;35;29;29;121;32;46;42;47;2132
350670;2092;106;43;60;61;73;80;139;94;144;154;282;257;3585
350680;2366;69;129;127;130;116;117;159;163;138;140;90;489;4233
350690;771;25;30;23;32;17;35;65;33;18;17;18;28;1112
350700;6361;297;331;275;274;238;340;300;310;307;360;561;1022;10976
350710;1771;48;46;73;58;103;50;57;128;53;47;48;53;2535
350715;285;6;10;9;51;9;8;18;8;13;4;17;61;499
350720;176;2;3;4;1;11;3;2;3;3;2;0;4;214
350730;806;54;72;81;60;140;238;285;331;203;173;124;1166;3733
350740;1222;151;40;43;47;46;35;41;49;43;22;41;234;2014
350745;719;137;150;88;119;95;125;113;101;81;64;63;121;1976
350750;18935;599;682;825;659;1618;624;744;758;639;745;893;782;28503
350760;19548;584;746;706;770;1233;659;771;767;806;743;911;913;29157
350770;285;3;7;5;6;5;2;6;4;5;3;3;5;339
350775;445;2;18;9;10;13;4;5;14;28;9;14;14;585
350780;1738;54;80;45;174;64;58;72;56;55;36;43;43;2518
350790;3151;114;100;124;97;180;125;117;111;121;95;116;476;4927
350800;1833;64;64;77;95;89;56;49;41;32;84;65;64;2613
350810;1327;64;64;53;43;46;51;44;39;38;31;23;72;1895
350820;501;11;14;20;21;95;12;40;13;12;13;181;23;956
350830;822;36;25;26;27;37;23;47;21;49;46;53;22;1234
350840;5356;106;170;203;312;154;144;173;135;140;156;110;129;7288
350850;10567;398;371;490;399;285;408;495;407;378;301;409;385;15293
350860;2380;39;59;47;33;45;140;43;38;45;37;60;60;3026
350870;1463;55;35;44;50;57;75;108;121;94;259;77;206;2644
350880;1890;91;40;52;53;37;42;35;38;48;50;27;63;2466
350890;636;7;28;76;71;156;90;48;37;31;22;22;1253;2477
350900;8477;399;334;378;351;350;323;314;368;362;291;328;340;12615
350910;380;9;6;4;4;3;4;19;15;14;18;286;7;769
350920;37691;1561;2239;1965;1558;3073;1934;1966;2459;2055;1813;1833;2434;62581
350925;3114;249;180;173;160;119;111;103;80;134;91;92;254;4860
350930;848;17;19;18;59;11;27;45;86;54;47;103;138;1472
350940;2315;60;59;74;136;123;142;191;121;339;133;294;622;4609
350945;976;22;53;35;115;45;59;65;58;55;70;134;123;1810
350950;223368;7460;8041;8587;8133;9400;7906;7811;7899;8159;7895;7505;8943;321107
350960;7050;147;132;176;163;150;117;174;137;119;346;324;221;9256
350970;7679;209;192;231;228;219;274;302;376;288;270;205;261;10734
350980;253;1;3;4;2;6;2;21;0;3;7;3;6;311
350990;771;25;14;16;26;12;16;11;7;11;47;23;7;986
350995;227;4;3;2;4;4;7;1;5;4;3;2;1;267
351000;2243;92;74;234;139;91;121;96;106;79;112;92;375;3854
351010;278;4;3;2;5;7;9;1;5;8;2;1;3;328
351015;670;31;35;41;56;32;44;30;18;30;27;40;17;1071
351020;4221;174;182;181;158;171;238;121;170;127;143;165;206;6257
351030;1093;19;32;29;11;12;25;17;19;20;26;25;26;1354
351040;8153;426;295;271;297;234;323;326;363;298;200;246;1657;13089
351050;7583;288;399;348;299;301;285;231;267;294;262;277;463;11297
351060;15771;664;922;945;877;744;840;826;852;774;1208;798;1393;26614
351070;743;26;18;18;10;12;12;15;14;16;11;43;54;992
351080;3461;174;111;118;93;113;88;119;116;110;91;125;165;4884
351090;273;8;2;18;12;8;3;4;5;8;5;6;7;359
351100;1821;43;40;49;49;53;87;292;42;43;54;134;78;2785
351110;19080;867;770;687;825;900;1112;1040;693;660;583;2652;2799;32668
351120;545;17;11;12;106;16;10;14;12;10;8;14;229;1004
351130;863;16;28;36;31;21;38;26;22;22;34;40;35;1212
351140;2387;71;98;114;120;91;190;146;155;93;195;114;307;4081
351150;5593;150;151;158;187;138;154;199;192;205;133;120;1079;8459
351160;1257;40;29;48;30;69;21;34;42;38;63;71;318;2060
351170;1181;57;65;53;71;80;108;90;59;94;96;225;705;2884
351190;859;12;13;15;15;58;49;128;25;27;17;22;990;2230
351200;2163;285;62;77;83;134;55;79;96;45;52;56;200;3387
351210;947;32;17;15;31;20;28;26;37;35;26;32;37;1283
351220;1839;199;150;119;136;116;58;76;74;280;150;179;192;3568
351230;1726;71;74;86;56;70;62;64;41;47;69;60;48;2474
351240;4071;93;121;94;219;106;142;136;153;119;79;185;418;5936
351250;1010;39;30;67;44;44;50;27;28;47;41;54;79;1560
351260;378;6;7;9;12;8;5;8;2;4;5;9;4;457
351270;776;24;29;36;23;23;18;28;30;26;24;19;18;1074
351280;6122;238;225;269;370;370;424;353;626;391;304;252;1662;11606
351290;390;40;8;11;2;8;15;12;5;7;8;8;45;559
351300;30101;1062;1303;1460;1149;1563;1260;1327;1488;1303;1380;1645;2274;47315
351310;3043;76;75;136;71;130;122;182;263;84;133;206;90;4611
351320;910;27;24;50;50;67;70;128;69;102;33;44;85;1659
351330;283;6;5;2;3;6;7;1;3;2;2;7;7;334
351340;9731;284;364;338;399;278;286;259;322;343;623;277;421;13925
351350;27208;1034;1035;1497;1246;1204;1021;1170;1044;1119;1316;1169;1612;41675
351360;748;4;4;14;14;14;16;16;9;13;8;11;7;878
351370;5712;332;243;276;280;191;245;215;176;176;228;278;617;8969
351380;70775;2199;2311;2685;2303;2065;2094;2546;2519;2467;2426;2475;2322;99187
351385;185;0;1;3;2;1;1;2;1;4;0;3;0;203
351390;819;15;14;11;23;13;13;12;6;9;18;19;20;992
351400;289;21;5;14;8;13;5;9;16;21;15;2;9;427
351410;2610;70;43;651;76;104;161;144;166;144;111;316;779;5375
351420;247;2;4;5;3;2;2;7;2;2;8;10;5;299
351430;1040;59;43;22;43;39;63;34;29;59;99;78;108;1716
351440;5642;193;223;191;136;130;142;195;175;196;144;161;211;7739
351450;1440;49;57;64;56;51;40;54;69;93;31;46;49;2099
351460;909;17;28;19;286;46;131;113;98;136;68;49;1113;3013
351470;855;23;28;25;33;26;18;81;169;119;25;14;11;1427
351480;937;22;28;25;12;17;18;24;22;27;31;22;45;1230
351490;2061;79;38;48;63;66;105;136;123;76;46;88;873;3802
351492;226;1;8;4;10;12;16;5;6;33;5;0;59;385
351495;541;65;13;16;16;6;13;9;27;28;14;93;87;928
351500;48057;2728;3332;3439;3198;3197;3556;4022;3478;3702;3945;3163;4515;90332
351510;5094;376;374;335;268;358;239;199;238;307;214;164;223;8389
351512;173;1;1;6;7;2;5;3;4;1;1;6;3;213
351515;1156;17;19;26;24;19;24;18;24;26;11;7;60;1431
351518;7505;235;263;254;251;218;217;267;286;266;230;211;256;10459
351519;374;92;22;19;34;36;100;201;224;116;102;787;467;2574
351520;1138;14;22;24;20;13;25;24;18;21;16;27;38;1400
351530;202;1;2;2;3;4;3;6;6;9;1;1;12;252
351535;393;3;3;2;8;13;2;5;4;7;5;6;142;593
351540;1345;51;48;100;43;72;56;47;159;57;49;48;52;2127
351550;7461;230;299;250;190;287;245;422;248;234;264;222;1233;11585
351560;400;41;6;9;5;7;5;10;5;6;8;5;14;521
351565;95;2;1;0;0;2;2;1;6;10;1;7;19;146
351570;9266;380;342;365;347;332;258;371;298;258;294;277;323;13111
351580;195;16;5;1;2;2;4;2;5;1;4;3;2;242
351590;264;4;33;2;6;6;6;3;3;7;38;8;1;381
351600;862;14;18;33;110;101;66;55;47;15;17;48;1116;2502
351610;372;9;7;7;14;38;20;13;8;4;23;10;89;614
351620;41489;1346;2475;1967;1616;1694;1986;2203;2499;2879;2396;2100;5872;70522
351630;3241;92;91;99;123;174;374;114;74;84;90;92;106;4754
351640;6238;190;173;218;185;159;160;164;273;210;181;169;199;8519
351650;735;5;9;16;9;6;13;10;11;12;8;19;12;865
351660;1128;43;44;125;135;76;120;213;145;807;93;39;24;2992
351670;6982;297;279;272;291;314;445;684;1298;958;429;361;275;12885
351680;230;7;5;4;6;4;4;6;5;5;5;6;40;327
351685;85;15;6;10;58;8;7;6;2;1;3;2;6;209
351690;1874;35;17;16;27;21;32;50;34;38;33;21;30;2228
351700;963;153;33;59;28;34;35;36;51;46;40;53;210;1741
351710;543;11;12;18;15;18;24;13;19;25;14;17;10;739
351720;955;67;96;44;44;27;23;56;52;81;42;25;57;1569
351730;441;8;5;10;18;15;9;27;32;82;15;17;11;690
351740;4914;103;122;173;1798;149;285;275;216;281;197;294;3765;12572
351750;2795;104;79;78;59;86;48;194;64;110;81;172;49;3919
351760;1164;50;29;23;40;25;28;53;23;26;19;25;30;1535
351770;1313;142;52;28;34;31;61;142;85;64;28;23;148;2151
351780;919;40;29;29;20;28;40;19;27;15;23;18;20;1227
351790;987;49;25;26;54;67;75;50;61;47;31;443;165;2080
351800;150;3;3;1;3;5;2;7;0;0;0;0;3;177
351810;830;33;27;34;35;39;31;37;34;34;25;25;40;1224
351820;3536;341;101;77;149;124;153;202;207;171;147;1487;144;6839
351830;2762;88;132;174;170;117;163;88;109;98;85;147;85;4218
351840;21388;485;571;541;503;544;522;605;485;530;475;452;600;27701
351850;956;19;44;41;48;57;61;41;32;24;36;45;34;1438
351860;4904;147;285;208;838;244;222;241;238;191;169;161;3149;10997
351870;27684;744;1187;1244;760;708;920;877;692;645;679;666;707;37513
351880;183791;6735;7421;7523;8347;7659;7100;9464;8386;7152;7809;7422;9716;278525
351885;647;16;18;11;24;19;18;33;18;13;25;16;40;898
351890;235;1;9;5;1;3;2;1;5;7;4;5;1;279
351900;673;20;21;31;17;24;15;18;17;20;13;12;6;887
351905;4631;215;169;222;187;156;157;197;191;134;182;141;222;6804
351907;9932;504;485;488;529;371;318;348;373;325;467;349;819;15308
351910;948;27;42;32;26;33;48;23;32;26;20;28;26;1311
351920;679;15;35;22;29;21;12;24;20;20;13;11;21;922
351925;268;11;12;16;5;9;44;15;6;11;13;11;19;440
351930;2054;118;63;58;58;85;177;246;143;178;135;112;1324;4751
351940;980;231;53;21;36;23;40;54;38;42;43;44;302;1907
351950;778;16;29;42;34;78;196;115;130;72;61;341;726;2618
351960;6627;235;234;215;221;222;215;321;279;330;212;223;193;9527
351970;5738;214;171;196;189;140;156;137;139;130;162;128;177;7677
351980;592;22;10;43;22;20;47;22;21;48;11;15;10;883
351990;1350;36;16;39;26;32;27;40;40;36;70;29;41;1782
352000;1339;44;40;45;43;30;44;36;26;45;45;51;62;1850
352010;3534;94;195;208;442;393;307;333;302;161;173;924;1992;9058
352020;677;13;19;28;16;13;10;10;18;10;5;16;16;851
352030;1596;29;38;41;30;28;16;18;15;19;20;28;16;1894
352040;1694;43;33;56;43;36;46;72;30;69;43;35;46;2246
352042;1696;17;75;35;15;23;21;50;40;19;86;118;38;2233
352044;3161;39;78;87;70;55;60;76;65;96;135;63;156;4141
352050;24398;632;909;828;890;794;765;872;871;887;970;811;863;34490
352060;568;7;15;15;15;14;28;18;23;11;22;14;5;755
352070;386;9;8;9;11;12;8;6;6;7;12;17;36;527
352080;556;19;14;4;12;14;2;7;21;4;3;8;10;674
352090;1895;38;57;67;88;113;53;94;88;61;90;41;1018;3703
352100;1916;57;101;55;58;62;82;82;110;102;107;78;66;2876
352110;797;17;22;19;19;18;25;26;30;29;69;118;28;1217
352115;444;82;13;34;6;17;16;10;17;14;18;9;123;803
352120;278;19;14;6;5;7;3;13;4;2;4;4;7;366
352130;1269;18;17;44;45;37;37;36;57;54;36;30;160;1840
352140;3277;434;199;380;493;164;326;408;278;1073;226;200;2925;10383
352150;532;11;20;23;23;35;20;19;26;15;22;9;134;889
352160;473;4;4;6;8;6;6;4;10;7;5;18;6;557
352170;1225;25;82;17;20;25;18;16;23;19;42;24;24;1560
352180;2364;199;105;82;45;97;110;107;93;92;139;109;590;4132
352190;1173;29;48;69;45;52;55;41;43;44;27;50;64;1740
352200;257;5;4;2;7;3;2;5;2;1;10;14;5;317
352210;6390;202;310;374;219;559;249;174;175;125;149;121;198;9245
352215;204;5;6;7;4;7;3;0;6;3;3;0;9;257
352220;11265;338;392;459;377;369;353;305;377;350;449;376;502;15912
352230;19170;719;669;770;743;1175;666;702;732;633;1217;673;1227;29096
352240;8722;312;350;376;482;626;436;375;440;535;415;351;488;13908
352250;11922;524;463;484;551;567;525;537;741;594;709;570;611;18798
352260;11981;327;352;440;349;355;407;521;435;342;354;1564;559;17986
352265;156;1;2;1;2;1;3;1;1;1;0;0;10;179
352270;3938;420;240;143;120;85;171;374;181;157;150;148;659;6786
352280;760;14;10;17;11;22;32;12;10;19;19;7;17;950
352290;1777;57;75;68;38;67;55;61;74;50;79;61;151;2613
352300;269;7;6;5;5;4;1;1;19;4;13;2;10;346
352310;20202;849;864;879;731;673;740;682;763;703;665;798;874;29423
352320;4996;219;205;276;184;213;146;250;170;179;225;144;215;7422
352330;797;31;31;36;30;28;18;14;16;17;8;22;19;1067
352340;19847;688;749;870;640;626;665;829;931;773;578;633;1043;28872
352350;2744;130;119;160;150;173;158;171;120;136;90;72;188;4411
352360;1600;73;98;130;62;59;50;155;97;67;74;46;52;2563
352370;451;14;6;15;12;26;34;53;120;85;75;16;15;922
352380;544;6;15;18;18;59;65;25;67;8;9;18;15;867
352390;31379;1028;1070;1896;1325;1112;1288;1121;1265;1123;1350;1133;1201;46291
352400;4816;186;230;158;287;149;227;140;191;147;112;185;172;7000
352410;3829;146;86;133;133;153;147;117;134;93;90;88;132;5281
352420;485;10;11;13;12;10;9;11;7;16;10;18;21;633
352430;13095;229;241;742;876;307;262;232;313;294;377;1542;1054;19564
352440;28730;1286;1274;1514;1336;1463;1419;1408;1313;1933;1115;1395;1504;45690
352450;787;15;22;30;15;7;16;43;23;21;20;26;35;1060
352460;1836;87;93;95;83;81;74;62;82;56;69;70;41;2729
352470;8733;394;232;265;230;333;242;246;341;377;288;307;709;12697
352480;5150;124;136;181;137;183;165;145;153;136;96;106;176;6888
352490;619;8;13;11;14;10;9;19;7;18;9;7;11;755
352500;6641;223;284;292;223;351;258;250;231;283;220;213;227;9696
352510;4834;475;201;229;450;311;397;248;305;260;423;484;1453;10070
352520;1543;56;54;53;44;85;53;45;64;54;52;64;78;2245
352530;21551;643;904;813;722;1002;874;869;749;745;801;950;2231;32854
352540;279;6;6;13;4;6;6;7;17;18;8;13;11;394
352550;1000;29;23;26;25;31;28;31;20;21;28;25;36;1323
352560;331;3;13;7;8;11;37;4;2;8;7;7;4;442
352570;3650;189;151;160;86;75;72;82;85;87;108;87;73;4905
352580;299;2;7;2;6;2;6;7;7;36;21;7;3;405
352585;346;7;10;10;15;6;15;7;8;10;11;9;9;463
352590;76040;3045;3265;3411;3139;3174;3041;3388;3349;3181;3132;3069;3282;114516
352600;1349;27;45;35;29;45;36;76;101;56;686;26;42;2553
352610;1925;88;101;79;86;94;56;87;109;76;48;35;41;2825
352620;5178;154;308;366;223;298;408;259;644;298;302;434;369;9241
352630;245;6;3;3;1;3;3;3;4;2;4;0;4;281
352640;4851;243;256;203;205;190;245;201;207;248;207;182;277;7515
352650;473;9;10;9;8;5;15;8;11;7;10;10;22;597
352660;544;8;15;11;16;14;14;19;26;12;11;13;10;713
352670;10339;327;715;399;714;470;488;703;418;336;460;529;1622;17520
352680;15162;585;417;458;462;528;827;716;648;662;388;418;646;21917
352690;41277;1621;1317;1410;1507;1147;1408;1632;1336;1275;1081;1350;1704;58065
352700;1031;28;32;54;54;25;72;40;20;26;17;30;55;1484
352710;11254;376;390;594;344;350;463;347;338;385;321;427;397;15986
352720;9249;341;315;305;306;340;261;334;366;472;288;296;382;13255
352725;133;2;2;31;11;0;5;2;15;3;1;0;2;207
352730;5199;148;195;174;393;135;147;133;210;163;161;119;167;7344
352740;2443;65;104;116;57;61;70;668;60;76;88;246;723;4777
352750;283;2;6;9;7;14;9;7;11;17;7;10;3;385
352760;1926;85;67;75;75;206;197;279;304;252;99;602;1926;6093
352770;224;0;3;1;1;7;5;6;4;2;7;6;7;273
352780;597;13;35;18;24;30;45;96;83;144;70;21;15;1191
352790;330;9;7;9;10;1;6;6;3;6;4;4;7;402
352800;6571;404;272;229;171;175;530;356;299;238;193;427;388;10253
352810;502;9;8;7;9;9;2;9;7;2;4;5;12;585
352820;424;6;8;8;2;3;3;4;11;7;9;7;4;496
352830;314;4;6;3;7;5;6;8;3;4;4;2;5;371
352840;5896;194;258;206;181;175;208;305;197;172;165;204;232;8393
352850;6886;781;857;1072;1139;1198;1318;945;647;504;569;649;607;17172
352860;1026;90;48;65;72;63;62;62;107;30;112;24;36;1797
352870;362;96;10;7;4;5;9;19;11;21;78;189;4;815
352880;2512;62;56;59;82;69;51;56;44;68;64;54;910;4087
352885;202;19;57;31;369;45;144;91;42;28;25;22;1617;2692
352890;200;14;2;4;1;1;5;3;4;12;1;2;1;250
352900;34907;1276;1138;1262;1034;1130;1129;1156;1239;1196;1072;970;1044;48553
352910;207;0;0;0;0;3;1;4;0;2;1;4;0;222
352920;1565;56;45;46;44;105;59;62;56;84;28;37;96;2283
352930;13060;1054;780;963;519;413;535;584;707;1356;1008;2534;4948;28461
352940;29451;1109;914;951;1035;793;1065;1090;817;898;733;1069;1304;41229
352950;216;3;1;3;7;7;1;14;5;14;8;2;2;283
352960;740;17;17;15;15;21;11;15;24;26;11;17;61;990
352965;196;1;1;3;3;4;0;1;2;5;5;53;0;274
352970;1565;34;37;59;74;38;227;29;47;38;32;32;286;2498
352980;834;53;34;100;48;112;156;142;45;68;57;93;417;2159
352990;1541;37;53;38;34;41;38;33;39;38;61;47;26;2026
353000;261;3;1;5;6;2;4;2;2;3;2;2;3;296
353010;2505;57;88;73;102;133;170;150;148;98;81;1365;157;5127
353020;1324;8;23;28;22;17;63;54;23;36;39;134;53;1824
353030;7577;382;272;302;210;185;222;234;238;206;254;232;185;10499
353040;226;8;4;3;5;3;10;3;7;6;4;4;7;290
353050;10846;402;321;467;420;363;329;319;431;482;365;707;664;16116
353060;43522;1679;1831;2163;1786;1641;1867;1899;1853;1555;1849;1644;1627;64916
353070;18779;1853;856;1045;912;940;1092;1424;2217;1915;1123;928;2294;35378
353080;15155;432;450;536;493;504;435;496;553;532;528;451;593;21158
353090;310;24;11;14;8;20;30;71;48;48;45;69;192;890
353100;164;2;0;1;2;5;3;1;0;1;3;1;10;193
353110;2709;95;115;123;99;75;94;107;94;75;74;92;81;3833
353120;959;34;17;29;20;33;14;10;13;10;19;8;12;1178
353130;7457;279;301;353;197;196;183;244;244;196;274;182;465;10571
353140;1907;48;49;46;26;50;64;96;87;81;68;72;705;3299
353150;2279;330;73;112;45;98;110;95;75;109;82;59;435;3902
353160;276;4;20;3;1;4;8;5;0;3;9;9;4;346
353170;808;45;26;62;19;47;35;35;87;65;62;60;154;1505
353180;4206;145;136;176;323;170;214;218;280;261;260;338;622;7349
353190;3348;87;46;48;122;95;361;382;42;61;63;124;2468;7247
353200;17747;1098;1071;1122;1070;1309;1610;1180;1243;1002;1052;1350;1174;32028
353205;1163;13;30;17;17;19;22;19;21;17;10;24;583;1955
353210;367;11;5;11;8;3;3;6;2;1;4;6;6;433
353215;127;3;4;2;30;15;15;3;17;4;0;0;10;230
353220;338;3;8;4;4;1;8;2;13;7;5;10;11;414
353230;433;8;6;14;23;8;11;6;8;15;11;8;6;557
353240;4424;170;137;163;247;452;211;177;201;167;138;172;255;6914
353250;822;20;17;18;42;14;12;19;8;13;10;12;34;1041
353260;920;17;16;19;15;30;37;16;22;22;26;46;29;1215
353270;259;41;21;10;30;7;14;13;9;6;6;7;33;456
353280;387;13;8;18;16;20;5;7;9;13;9;18;19;542
353282;1037;52;53;40;41;38;51;63;35;44;66;41;76;1637
353284;93;0;9;0;0;1;2;1;6;3;1;1;5;122
353286;93;2;0;0;2;1;1;1;1;2;2;1;0;106
353290;1885;23;50;22;36;31;41;51;40;34;17;34;506;2770
353300;1241;43;53;41;27;34;35;31;62;31;53;45;74;1770
353310;168;2;1;2;1;3;7;5;2;3;4;1;3;202
353320;178;1;3;3;1;2;6;1;0;1;1;1;1;199
353325;184;3;5;3;0;5;4;1;2;0;1;2;42;252
353330;116;3;3;3;0;0;2;1;0;0;2;0;9;139
353340;8717;265;349;449;300;274;339;341;436;299;322;205;272;12568
353350;3904;123;98;98;142;216;167;122;105;94;71;85;1528;6753
353360;1165;58;41;66;37;27;28;69;47;42;129;35;162;1906
353370;487;17;17;27;17;21;49;47;83;133;27;22;15;962
353380;242;4;0;7;3;3;5;4;1;0;4;12;1;286
353390;7058;422;214;207;214;202;272;239;218;229;150;399;1458;11282
353400;854;14;6;19;12;12;37;29;21;28;19;29;592;1672
353410;1110;71;38;49;55;50;161;212;39;47;36;22;45;1935
353420;486;11;8;19;62;104;171;127;62;46;26;11;2171;3304
353430;6479;132;172;239;393;531;260;223;283;196;167;710;826;10611
353440;92809;2891;3156;3365;3308;3130;3272;2928;4196;3053;3023;2817;3131;131079
353450;345;10;15;9;9;7;0;9;2;4;3;3;3;419
353460;3884;181;128;152;96;103;114;139;165;126;133;115;178;5514
353470;14158;506;565;490;437;387;466;403;434;489;366;412;757;19870
353475;544;9;5;15;14;10;10;9;9;22;24;6;15;692
353480;456;9;16;14;7;18;7;13;9;14;7;9;25;604
353490;637;30;22;32;26;23;38;23;26;42;19;16;22;956
353500;546;13;15;18;14;15;7;10;12;27;26;14;45;762
353510;338;5;14;8;5;23;8;11;2;9;4;35;16;478
353520;510;3;4;6;6;12;5;5;6;6;12;5;6;586
353530;2643;75;49;71;110;124;112;75;80;107;96;102;330;3974
353540;1440;90;77;63;63;61;37;70;55;55;53;48;64;2176
353550;6238;121;515;250;168;201;290;261;156;170;174;186;923;9653
353560;1371;31;20;58;36;47;48;71;55;33;40;37;86;1933
353570;420;61;21;26;82;29;49;57;29;43;20;65;873;1775
353580;2473;376;100;81;58;71;108;71;101;68;101;146;208;3962
353590;572;22;13;16;10;25;8;8;22;16;5;14;12;743
353600;1826;25;40;277;16;37;48;31;38;31;34;29;40;2472
353610;1145;43;69;44;47;34;36;22;57;36;28;37;16;1614
353620;2358;51;58;51;65;59;100;65;65;62;44;49;51;3078
353625;167;0;1;0;2;0;0;3;7;3;5;0;0;188
353630;1179;84;175;44;51;85;118;79;93;303;341;66;287;2905
353640;503;7;11;15;9;17;14;12;7;9;7;16;16;643
353650;18073;652;661;1115;644;564;630;655;630;1024;696;704;842;26890
353657;163;7;8;7;2;9;7;5;5;1;4;11;39;268
353660;642;43;27;17;17;19;35;19;15;21;27;8;77;967
353670;6151;173;126;228;233;343;711;906;429;467;325;265;2438;12795
353680;252;1;6;7;5;7;2;5;5;6;1;4;0;301
353690;237;3;3;9;3;5;0;5;9;5;3;5;0;287
353700;2109;149;71;60;76;125;185;335;475;257;51;53;131;4077
353710;7658;204;239;225;184;191;221;322;249;233;211;165;273;10375
353715;427;11;5;24;34;9;19;10;7;26;18;28;18;636
353720;487;6;13;9;11;8;6;13;12;25;9;10;14;623
353730;10809;605;309;294;264;243;426;548;546;351;493;568;801;16257
353740;3076;104;145;148;110;73;53;69;74;66;88;90;140;4236
353750;1146;31;38;31;76;58;31;28;36;26;49;27;57;1634
353760;3568;122;159;200;161;150;162;94;160;284;102;138;144;5444
353770;324;5;4;11;6;4;7;11;2;4;8;10;4;400
353780;15058;2193;1038;1474;1960;2804;2801;2185;2347;1967;2075;4063;5931;45896
353790;21166;1858;1269;1544;1593;2098;2437;1873;2810;1691;2356;1999;2021;44715
353800;18040;821;659;666;587;567;723;767;749;714;592;823;991;26699
353810;1044;15;21;27;28;33;46;21;46;38;78;144;47;1588
353820;531;12;12;7;6;10;4;9;9;9;18;9;5;641
353830;538;247;155;14;25;43;18;48;57;11;17;10;16;1199
353850;1254;27;51;33;22;16;22;22;12;8;16;9;15;1507
353860;1697;116;40;38;51;40;125;45;65;48;28;36;49;2378
353870;64278;2256;2276;2491;2511;2752;2428;2472;2424;2597;2299;2579;3501;94864
353880;3870;112;132;148;112;141;123;130;90;144;155;118;143;5418
353890;2234;78;134;81;94;114;83;101;164;117;63;117;72;3452
353900;1012;50;17;18;28;24;44;25;26;22;33;76;51;1426
353910;1084;37;41;56;66;49;53;38;50;47;36;41;54;1652
353920;2328;43;36;61;32;33;68;107;40;90;62;34;32;2966
353930;12135;444;469;472;433;374;359;423;278;398;389;412;581;17167
353940;2032;65;61;216;125;104;139;92;61;93;83;96;97;3264
353950;4740;72;129;213;306;184;176;189;157;157;161;404;3319;10207
353960;360;12;6;6;7;11;4;9;8;6;3;2;5;439
353970;1298;43;57;73;47;125;69;107;67;77;114;86;223;2386
353980;25570;1575;1538;1493;1506;2731;1672;1563;1826;1815;1844;2030;1947;47110
353990;276;25;5;13;5;7;5;10;6;7;8;9;71;447
354000;4711;73;57;69;54;71;79;85;145;73;94;82;117;5710
354010;298;7;1;6;9;0;7;12;13;2;4;5;25;389
354020;3811;141;138;178;186;183;292;222;192;160;195;62;3845;9605
354025;221;5;0;8;5;0;4;21;12;1;2;6;6;291
354030;314;28;7;3;5;5;5;3;3;9;1;18;77;478
354040;352;9;4;10;4;4;7;7;7;7;6;6;12;435
354050;573;13;10;12;15;21;18;16;15;18;22;15;7;755
354060;6314;204;200;263;237;157;221;179;192;194;213;230;680;9284
354070;8813;296;374;382;560;355;358;335;411;454;244;655;1107;14344
354075;459;10;17;12;14;11;15;10;18;14;5;5;22;612
354080;967;14;17;10;12;13;14;33;11;9;18;11;8;1137
354085;94;0;0;0;3;2;1;0;33;3;2;42;27;207
354090;4663;51;163;92;136;102;105;140;111;91;107;417;394;6572
354100;20335;744;883;930;724;674;743;2301;651;667;688;584;829;30753
354105;306;14;14;9;10;8;5;10;15;11;6;6;15;429
354110;556;15;17;39;24;68;66;81;40;41;78;657;46;1728
354120;1201;20;23;21;16;18;12;9;19;18;22;34;39;1452
354130;4451;106;103;123;101;99;127;98;141;125;151;161;96;5882
354140;35940;1237;1460;1477;1338;1463;1388;1602;1408;1295;1193;1321;1366;52488
354150;4772;142;161;158;159;130;115;175;179;206;137;552;151;7037
354160;6177;299;396;191;162;188;256;424;168;361;150;152;1257;10181
354165;60;2;0;0;1;2;1;3;5;2;1;1;4;82
354170;3370;325;45;45;64;81;202;245;73;124;29;79;111;4793
354180;376;10;12;12;3;6;12;10;34;8;14;13;16;526
354190;851;33;30;25;31;16;20;31;11;24;19;18;78;1187
354200;649;20;23;32;33;21;18;17;10;6;29;21;41;920
354210;2575;59;178;86;65;287;183;207;329;162;113;113;1360;5717
354220;3696;177;187;136;96;104;103;92;117;100;134;128;140;5210
354230;258;5;4;4;5;3;2;3;4;3;4;1;1;297
354240;4841;49;52;72;63;46;49;55;143;62;62;78;88;5660
354250;541;22;18;22;23;36;32;24;11;13;38;20;22;822
354260;7065;408;310;350;351;535;380;1597;229;226;270;262;296;12279
354270;505;27;25;26;72;84;52;90;121;235;59;52;26;1374
354280;216;4;2;3;2;0;1;5;3;2;3;2;1;244
354290;1442;27;42;58;35;55;32;26;23;40;36;54;52;1922
354300;1092;16;19;28;21;27;9;19;14;24;18;25;38;1350
354310;260;7;1;4;10;3;5;29;48;122;26;2;8;525
354320;620;24;26;7;14;13;7;12;11;18;17;17;59;845
354323;125;1;0;1;0;0;0;3;0;10;9;4;11;164
354325;832;19;9;9;15;21;30;23;28;36;19;19;50;1110
354330;12998;364;410;458;417;325;540;362;379;384;408;442;413;17900
354340;106273;3836;4023;4208;3731;4098;3619;3802;3838;3911;3786;3748;4983;153856
354350;385;2;25;22;5;4;7;19;5;7;33;9;7;530
354360;320;7;5;6;10;1;4;9;6;5;6;7;20;406
354370;1040;25;51;30;31;49;41;47;42;48;25;85;47;1561
354380;797;12;19;11;12;18;15;14;3;18;15;9;24;967
354390;31432;1141;1091;1107;1043;1942;983;2223;1144;1020;1036;1253;1312;46727
354400;4135;134;103;212;223;175;265;304;241;178;162;547;2488;9167
354410;1408;45;117;71;31;40;41;65;107;55;54;57;42;2133
354420;351;5;9;9;9;37;18;4;18;13;5;23;15;516
354425;2134;83;156;55;135;120;88;184;67;65;56;109;83;3335
354430;981;28;22;32;36;27;68;29;22;38;26;35;37;1381
354440;205;2;6;1;6;4;2;4;4;3;4;5;9;255
354450;328;9;8;4;6;9;24;3;7;4;5;6;14;427
354460;279;9;7;11;9;4;13;4;29;7;7;1;7;387
354470;887;23;26;34;33;31;28;27;20;33;24;36;23;1225
354480;352;3;3;6;4;6;4;5;10;8;7;4;25;437
354490;937;33;20;19;56;31;17;18;43;12;24;16;238;1464
354500;1074;33;45;40;52;40;40;39;38;38;40;17;100;1596
354510;255;2;1;4;3;2;2;3;2;6;4;52;7;343
354515;894;19;43;59;81;55;69;39;25;36;50;29;57;1456
354520;14545;427;470;561;435;348;421;521;378;410;408;533;479;19936
354530;2604;69;91;67;149;57;62;54;40;56;50;100;56;3455
354540;766;14;23;33;20;15;30;32;23;17;16;32;20;1041
354550;396;6;9;5;5;5;2;2;6;2;1;3;10;452
354560;1232;115;38;60;57;277;69;63;54;34;42;378;149;2568
354570;362;5;7;3;10;5;3;10;6;7;9;7;5;439
354580;18538;698;701;732;838;752;619;747;782;742;591;770;1563;28073
354600;1611;103;76;62;51;61;51;42;107;44;37;50;77;2372
354610;219;4;2;3;2;2;45;9;12;2;11;5;5;321
354620;607;18;20;24;22;28;9;23;37;63;15;27;26;919
354625;87;1;1;1;0;1;1;0;0;0;0;0;1;93
354630;2920;85;92;107;962;175;185;292;179;92;184;236;1410;6919
354640;6442;232;173;236;217;197;234;288;205;269;279;338;510;9620
354650;227;6;4;7;4;8;14;2;4;4;2;4;6;292
354660;2958;72;90;62;50;52;113;54;46;71;65;57;86;3776
354670;3274;70;74;94;128;149;175;94;115;109;48;136;93;4559
354680;4062;174;117;219;141;115;120;215;108;128;111;97;129;5736
354690;599;12;36;23;44;36;27;10;6;6;21;19;125;964
354700;430;8;15;48;8;12;21;13;6;9;15;17;51;653
354710;259;5;6;2;4;3;1;3;6;4;2;1;2;298
354720;162;3;3;1;1;0;0;1;0;0;0;2;3;176
354730;18971;653;972;855;1166;1593;1071;946;969;1300;1058;1049;1225;31828
354740;210;0;2;2;1;2;2;0;2;1;3;0;1;226
354750;3533;174;108;176;171;290;204;238;182;234;127;117;1818;7372
354760;2770;85;539;161;60;90;84;74;107;100;113;308;147;4638
354765;82;0;0;1;0;0;1;1;0;3;1;0;2;91
354770;2032;79;63;39;47;43;45;39;36;90;45;42;53;2653
354780;108545;4651;4613;4647;4343;4347;4544;5418;5342;5051;4800;4988;5410;166699
354790;431;10;9;51;11;6;25;8;36;18;12;9;12;638
354800;3379;258;251;237;254;349;268;275;273;336;244;317;358;6799
354805;1139;64;52;28;18;35;46;59;75;36;28;175;1417;3172
354810;744;23;42;45;33;31;32;21;15;22;18;33;20;1079
354820;443;13;6;5;9;8;6;7;11;2;9;8;30;557
354830;149;1;6;5;20;2;4;4;10;2;1;1;1;206
354840;273;3;1;5;3;6;5;7;1;4;2;2;4;316
354850;114094;4194;4278;4391;5077;5141;4435;3764;3790;3289;3595;3262;4434;163744
354860;530;16;10;9;11;4;7;9;11;3;13;4;28;655
354870;171773;7839;6747;6251;5421;5481;5815;5943;5904;6496;6416;7061;8861;250008
354880;75774;2903;3372;3759;2916;3385;3603;2959;4298;3026;3608;3510;3703;116816
354890;40816;1368;1473;1459;1271;1390;1382;1812;1356;1368;1225;1248;1676;57844
354900;178;5;7;0;2;3;7;0;12;2;5;0;1;222
354910;13257;486;467;502;1046;623;706;553;775;596;667;453;1088;21219
354920;216;1;1;2;6;3;2;1;7;5;13;3;7;267
354925;159;1;14;2;5;0;3;0;0;1;2;2;1;190
354930;192;3;3;0;1;1;5;4;1;5;2;3;3;223
354940;7510;178;295;283;1468;242;264;324;216;247;282;1464;1468;14241
354950;482;25;15;20;7;18;31;42;110;154;16;14;63;997
354960;293;3;12;2;1;3;1;2;0;6;1;3;5;332
354970;9532;385;324;331;295;307;334;318;331;490;360;383;456;13846
354980;63151;2368;2424;2612;2329;2344;2891;3325;2405;2822;2557;2854;2645;94727
354990;109887;4038;4353;4466;4047;4296;4458;4477;4518;4275;5924;6065;6036;166840
354995;1779;229;259;261;356;280;305;205;268;247;235;280;347;5051
355000;610;26;26;29;24;34;27;15;18;22;29;17;37;914
355010;6669;176;187;218;209;221;217;236;252;331;275;137;273;9401
355020;2549;112;62;91;74;74;65;52;72;63;105;44;37;3400
355030;3156731;88202;96419;103779;96282;96244;95902;93666;99020;96362;95954;85278;102521;4306360
355040;2901;150;122;146;103;202;143;171;134;125;325;104;428;5054
355050;762;17;22;18;3;13;17;97;39;43;45;40;39;1155
355060;9699;327;508;404;269;287;278;297;279;353;244;364;385;13694
355070;7287;180;217;278;183;362;226;184;171;192;192;220;454;10146
355080;2523;130;99;86;117;105;85;141;159;291;219;114;153;4222
355090;2045;71;82;99;72;78;84;53;61;98;59;66;58;2926
355100;23705;868;701;980;802;748;799;819;760;656;867;808;948;33461
355110;766;26;132;16;22;22;21;14;21;24;15;27;35;1141
355120;111;7;4;7;14;8;3;3;2;2;6;8;0;175
355130;337;8;5;9;7;4;4;7;6;4;7;15;7;420
355140;887;24;26;28;30;33;27;41;40;53;86;42;38;1355
355150;4214;134;274;324;419;170;239;228;194;216;160;972;433;7977
355160;4279;126;162;163;115;142;116;88;139;160;145;139;132;5906
355170;19288;562;576;921;1256;930;765;658;691;836;707;997;4195;32382
355180;897;27;20;26;35;19;12;24;24;28;28;25;19;1184
355190;1291;23;95;62;59;28;93;56;99;43;52;124;320;2345
355200;404;26;14;13;7;9;4;3;3;7;8;5;11;514
355210;4015;116;96;120;87;112;132;160;125;111;101;105;131;5411
355220;86595;3070;3422;3630;3201;3315;3512;3471;3686;3377;3615;3942;4072;128908
355230;1018;13;22;85;31;51;92;110;39;35;32;895;202;2625
355240;18620;646;754;1093;775;1836;709;736;908;1587;625;789;900;29978
355250;30040;948;929;968;963;1367;919;984;1031;1076;1536;1139;838;42738
355255;181;6;5;3;3;5;4;5;5;2;3;1;4;227
355260;1314;58;64;45;41;68;106;51;54;41;54;46;145;2087
355270;920;101;32;25;19;27;31;58;29;59;25;38;56;1420
355280;24677;793;844;945;857;916;898;967;1048;854;960;1094;1120;35973
355290;639;9;13;2;12;14;16;26;20;32;63;27;131;1004
355300;1254;31;25;29;32;34;29;24;28;38;18;19;24;1585
355310;510;10;15;10;11;8;19;8;13;7;7;9;26;653
355320;492;7;13;18;9;12;10;23;23;9;17;15;39;687
355330;4246;140;114;116;153;138;87;120;161;151;137;175;343;6081
355340;2116;85;94;71;56;60;40;49;67;55;48;42;161;2944
355350;654;9;19;19;31;43;14;24;19;11;15;27;30;915
355360;3042;141;113;81;70;167;314;248;186;468;323;479;122;5754
355365;173;4;1;0;2;0;9;6;4;4;10;4;5;222
355370;5910;171;194;185;201;205;136;176;186;188;189;308;216;8265
355380;1942;61;63;69;70;46;38;48;42;52;63;34;112;2640
355385;613;43;40;24;178;37;38;27;109;25;20;10;19;1183
355390;389;4;8;8;10;17;9;9;2;7;7;18;13;501
355395;2990;61;64;76;209;170;130;154;167;88;71;105;2069;6354
355400;14111;427;451;496;568;453;481;526;560;509;546;504;611;20243
355410;44507;2698;1690;1854;1645;1511;1657;1606;1687;1683;1446;1641;1698;65323
355420;290;14;3;8;9;9;11;14;9;15;7;24;5;418
355430;4889;719;619;329;641;1026;647;219;227;163;459;790;376;11104
355440;557;9;24;16;45;12;7;6;3;8;7;9;42;745
355450;7449;226;271;238;239;197;203;230;195;243;239;263;240;10233
355460;236;5;2;6;11;13;5;3;4;7;11;2;5;310
355465;127;2;0;2;0;5;1;0;1;0;1;2;4;145
355470;1005;59;63;35;71;45;36;48;58;107;23;20;53;1623
355475;140;6;2;19;4;4;6;1;6;9;4;0;23;224
355480;3214;131;124;134;127;136;142;168;147;163;181;116;193;4976
355490;331;5;4;4;5;2;43;6;14;8;12;5;14;453
355495;342;8;10;11;8;13;1;3;7;8;5;5;9;430
355500;9880;347;312;421;367;339;278;294;328;312;296;309;376;13859
355510;1687;38;27;28;24;71;32;31;38;36;29;39;52;2132
355520;220;2;5;9;6;6;2;0;3;5;2;5;5;270
355530;200;0;2;0;1;3;0;1;3;4;4;2;1;221
355535;793;23;32;17;19;38;47;90;85;47;88;41;332;1652
355540;7210;286;336;387;298;256;212;198;168;203;233;218;456;10461
355550;433;7;10;23;31;19;25;19;16;55;10;11;18;677
355560;775;13;67;33;17;11;22;20;25;17;10;16;30;1056
355570;182;7;3;4;10;3;14;5;4;1;15;6;5;259
355580;668;14;15;18;27;15;8;15;29;20;11;16;32;888
355590;231;4;5;10;3;5;8;0;5;4;6;13;39;333
355600;963;229;17;16;40;23;32;39;37;21;47;24;169;1657
355610;1318;161;76;103;53;49;75;80;53;73;48;67;269;2425
355620;20118;891;885;1061;780;870;863;843;1054;973;841;922;2135;32236
355630;1850;151;36;40;418;69;78;64;408;100;224;110;1397;4945
355635;279;6;4;2;9;1;5;4;6;3;12;1;5;337
355640;4333;108;149;174;134;131;125;130;196;153;115;176;152;6076
355645;6702;248;224;300;206;266;207;257;337;216;249;211;238;9661
355650;7427;174;235;207;199;283;244;223;180;220;180;305;238;10115
355660;929;35;77;43;27;33;41;55;175;122;38;51;49;1675
355670;10660;335;334;348;279;273;250;265;324;251;268;296;462;14345
355680;1071;34;79;76;149;63;32;51;53;65;16;24;73;1786
355690;603;5;6;5;13;17;6;10;7;7;3;180;19;881
355695;72;1;0;0;1;1;0;0;1;0;0;0;1;77
355700;8780;260;284;269;755;208;303;259;228;239;223;185;246;12239
355710;11139;312;383;485;315;698;484;511;432;336;284;383;339;16101
355715;257;3;6;4;2;6;14;7;12;5;3;2;11;332
355720;2557;188;751;981;89;310;413;432;498;205;146;129;1188;7887
355730;1095;28;21;30;32;25;22;24;21;37;32;20;8;1395
410010;514;16;7;13;12;11;13;9;12;20;17;4;17;665
410020;425;17;9;9;1;5;8;6;18;11;5;23;4;541
410030;313;13;5;12;21;6;6;5;11;24;3;7;5;431
410040;5196;169;192;226;194;195;202;233;302;272;267;294;241;7983
410045;302;3;1;7;2;2;2;2;0;5;7;2;15;350
410050;1017;27;18;31;23;25;20;17;23;26;14;29;42;1312
410060;1116;28;26;33;20;27;73;30;25;20;24;26;12;1460
410070;592;6;14;11;11;11;10;8;7;5;12;7;38;732
410080;935;12;14;18;15;17;16;18;18;16;17;55;5;1156
410090;358;8;3;2;6;6;4;1;2;8;3;3;14;418
410100;2247;64;60;53;69;47;58;63;59;50;49;59;66;2944
410105;154;1;1;0;0;1;0;3;3;0;1;1;1;166
410110;3316;104;112;443;171;229;72;68;62;71;226;53;129;5056
410115;165;5;7;6;2;1;11;3;4;7;19;2;13;245
410120;4075;89;75;116;90;120;160;243;158;157;194;190;405;6072
410130;279;8;4;1;1;5;4;9;7;4;1;3;2;328
410140;17073;604;747;982;816;515;542;657;545;828;659;585;659;25212
410150;17637;569;691;552;507;587;602;683;578;841;577;500;520;24844
410160;3127;55;108;99;132;127;74;61;91;58;141;86;82;4241
410165;113;0;5;0;2;1;4;1;0;4;2;2;0;134
410170;1581;44;30;36;35;40;42;49;34;33;27;42;25;2018
410180;18194;548;645;652;854;956;1294;961;802;693;803;895;918;28215
410185;105;0;3;2;1;2;5;1;2;1;1;2;1;126
410190;1854;151;39;39;81;48;43;43;30;35;34;83;63;2543
410200;3205;54;78;90;163;51;53;111;62;64;59;67;47;4104
410210;3071;95;79;119;97;139;123;103;141;117;99;96;870;5149
410220;393;6;10;3;25;13;9;6;20;15;15;5;15;535
410230;1230;23;31;31;17;28;27;32;23;26;22;13;16;1519
410240;4727;147;151;127;129;292;311;255;171;325;148;113;2948;9844
410250;747;7;18;11;13;12;12;15;9;13;12;111;17;997
410260;620;21;13;14;2;15;27;21;13;20;25;11;156;958
410270;170;4;1;6;8;8;1;1;3;0;2;12;10;226
410275;426;10;18;29;15;13;18;69;13;21;19;17;15;683
410280;1310;43;27;30;33;26;33;48;25;76;123;35;46;1855
410290;1595;42;81;63;36;110;92;119;52;40;38;42;39;2349
410300;334;3;8;2;5;5;2;4;3;7;3;4;4;384
410302;19;2;2;3;4;0;0;1;0;0;1;0;1;33
410304;233;7;9;4;5;1;2;3;3;2;6;12;32;319
410305;416;5;7;5;3;4;8;6;6;8;4;11;14;497
410310;595;20;25;31;40;27;20;24;17;26;24;27;48;924
410315;85;3;0;0;1;1;0;11;2;0;0;2;4;109
410320;1994;8;8;31;64;77;109;148;65;143;91;19;24;2781
410322;329;7;7;1;3;4;6;0;1;1;1;0;2;362
410330;474;8;15;19;12;11;5;4;15;10;20;19;12;624
410335;315;5;2;3;7;7;7;8;3;11;6;5;4;383
410337;233;4;4;0;2;0;3;2;0;4;4;2;8;266
410340;228;2;6;4;1;1;5;5;28;13;3;1;1;298
410345;3344;35;60;66;76;51;59;99;104;53;115;58;66;4186
410347;228;4;4;5;3;4;3;1;1;2;1;5;4;265
410350;635;13;15;15;15;12;20;14;3;5;39;20;24;830
410360;4235;162;381;110;100;94;177;181;204;135;158;132;198;6267
410370;10659;299;308;448;292;419;351;361;365;349;358;309;494;15012
410380;476;15;18;12;14;13;9;43;9;12;7;4;5;637
410390;1031;31;52;26;35;19;27;21;32;16;21;12;17;1340
410395;303;16;22;6;5;1;3;4;6;2;5;9;2;384
410400;6789;188;214;304;396;306;279;331;299;309;262;323;384;10384
410405;309;4;10;8;1;11;1;4;1;31;2;6;1;389
410410;716;21;32;38;16;19;25;34;36;22;43;20;51;1073
410420;12914;369;440;507;397;417;494;464;399;459;460;403;477;18200
410425;1144;32;18;30;20;18;29;38;23;28;23;29;36;1468
410430;15019;474;451;469;418;448;469;426;407;553;464;360;592;20550
410440;633;20;19;10;8;15;21;10;12;10;4;6;9;777
410442;880;11;22;22;23;29;30;25;21;11;21;14;32;1141
410445;709;16;22;19;10;22;8;14;14;13;19;17;22;905
410450;1577;65;75;61;46;84;48;33;46;38;45;61;68;2247
410460;1138;29;27;52;15;36;41;33;52;73;59;27;43;1625
410465;6990;131;107;112;100;110;80;100;132;92;195;136;103;8388
410470;1144;24;29;27;27;28;27;29;38;23;20;32;33;1481
410480;41542;2019;1800;2022;1745;1448;1801;1923;1805;1777;2023;1676;2731;64312
410490;7766;311;264;254;259;215;213;179;186;243;511;234;244;10879
410500;505;7;8;14;6;10;15;10;13;19;9;8;15;639
410510;1922;43;37;32;45;65;54;162;67;98;86;62;57;2730
410520;640;13;33;8;9;13;9;38;10;16;26;16;9;840
410530;1235;29;45;30;40;34;40;38;22;21;42;27;47;1650
410540;1441;50;60;50;40;48;44;45;50;28;50;39;100;2045
410550;9657;227;309;364;429;323;877;538;380;405;468;406;1084;15467
410560;1465;23;253;122;159;203;366;125;163;89;97;76;1094;4235
410570;1651;61;49;54;33;40;38;58;43;51;65;52;86;2281
410580;16087;1206;1321;1729;1819;1687;1879;1417;1235;1604;1374;1363;3720;36441
410590;3962;96;94;156;122;572;128;159;142;151;136;95;2086;7899
410600;642;21;35;13;15;15;14;36;89;26;84;63;9;1062
410610;303;61;16;5;4;2;2;3;3;4;4;2;4;413
410620;928;22;25;21;16;22;26;73;26;28;17;19;32;1255
410630;1378;25;24;29;62;44;63;34;30;69;48;38;32;1876
410640;8014;179;249;302;603;521;385;440;711;755;636;526;337;13658
410645;314;6;13;6;0;5;5;3;9;3;3;4;6;377
410650;1811;49;89;63;68;90;85;56;85;67;53;66;63;2645
410655;278;1;5;3;5;3;7;14;3;3;32;3;8;365
410657;146;2;1;6;1;1;2;2;6;27;4;6;5;209
410660;1463;30;48;30;37;28;20;14;25;27;28;29;27;1806
410670;546;8;12;9;9;7;10;3;10;3;9;10;9;645
410680;912;26;15;5;13;25;15;8;11;18;11;13;15;1087
410685;134;0;0;0;0;1;1;1;0;1;0;1;1;140
410690;560447;17993;17516;18862;17043;17104;18739;19059;18105;17292;19022;21922;21338;784442
410700;574;21;56;33;20;43;38;29;19;68;33;58;94;1086
410710;490;7;13;8;12;15;53;73;5;13;4;7;32;732
410712;139;0;3;1;2;0;3;0;1;1;0;1;0;151
410715;246;3;6;8;3;8;3;5;5;3;2;7;2;301
410720;4244;122;152;269;137;131;134;1548;173;129;92;121;112;7364
410725;662;9;12;11;9;7;29;8;30;11;15;17;6;826
410730;482;6;9;9;4;11;11;3;47;4;7;17;27;637
410740;400;2;9;4;5;3;5;7;6;7;3;2;9;462
410750;3458;103;223;239;72;145;113;151;150;127;116;85;167;5149
410752;107;0;2;1;0;1;0;2;0;0;1;0;3;117
410753;461;12;9;10;16;9;5;13;12;30;20;13;80;690
410754;173;13;35;3;1;2;1;5;1;1;6;2;6;249
410755;223;2;3;5;5;3;2;0;1;3;3;4;3;257
410760;1639;22;28;41;23;37;23;38;50;21;22;29;39;2012
410765;3399;155;164;165;148;121;143;178;171;204;171;125;150;5294
410770;297;4;1;7;3;1;0;10;7;3;2;2;8;345
410773;452;8;14;16;13;6;7;12;9;12;2;24;29;604
410775;787;39;52;37;23;17;46;17;7;20;12;18;13;1088
410780;459;8;3;8;7;10;3;7;3;8;4;7;6;533
410785;154;1;1;1;1;1;4;1;1;0;5;3;3;176
410790;418;6;10;21;13;5;6;9;14;2;8;8;6;526
410800;2235;22;27;31;62;56;101;35;86;33;40;79;334;3141
410810;229;7;5;6;3;3;1;7;1;1;1;7;5;276
410820;677;9;21;17;13;10;16;14;14;16;12;25;61;905
410830;30961;1097;1188;1341;1127;963;1094;1115;971;981;1081;909;1154;43982
410832;424;14;5;9;7;11;11;8;3;14;4;4;5;519
410840;9397;402;384;319;339;281;286;1212;255;293;246;253;379;14046
410845;240;7;6;6;4;4;1;4;2;4;33;7;10;328
410850;1518;108;78;47;47;121;75;71;81;101;73;51;85;2456
410855;188;0;0;0;1;2;2;0;0;2;0;0;0;195
410860;3874;91;87;113;110;226;302;180;226;219;261;152;1192;7033
410865;323;4;5;30;4;2;3;1;6;8;8;6;1;401
410870;553;14;20;118;2;2;3;8;15;19;10;4;12;780
410880;2710;107;120;111;83;54;84;86;61;75;51;61;95;3698
410890;401;10;3;12;8;5;8;6;3;7;6;10;13;492
410895;717;32;37;36;22;25;103;56;30;42;17;25;26;1168
410900;712;23;15;15;28;18;18;15;20;15;14;23;16;932
410910;131;7;3;4;3;1;0;3;1;1;4;2;1;161
410920;459;10;9;9;13;7;21;21;12;10;14;21;8;614
410930;1223;39;53;41;31;37;26;30;34;51;35;35;37;1672
410940;22045;818;844;930;816;890;1937;985;741;731;704;768;1176;33385
410950;490;4;1;0;2;2;0;3;5;3;0;6;3;519
410960;2467;93;208;217;62;76;60;47;53;44;58;65;62;3512
410965;341;6;6;7;8;5;9;7;8;9;5;1;13;425
410970;3374;149;235;90;121;73;164;149;168;120;158;113;196;5110
410975;623;25;21;21;19;7;8;14;13;17;43;10;19;840
410980;4745;230;114;188;199;146;171;145;144;139;112;115;164;6612
410990;826;18;31;22;14;30;49;63;38;36;51;120;303;1601
411000;1999;57;93;102;71;58;37;45;52;84;180;66;128;2972
411005;155;3;1;2;3;7;3;4;9;2;5;3;0;197
411007;444;21;12;14;17;14;20;17;17;12;14;29;13;644
411010;2935;143;102;123;112;136;140;141;121;118;127;166;110;4474
411020;1035;25;28;31;31;75;17;17;27;24;18;11;13;1352
411030;315;4;7;8;6;4;4;11;9;11;9;6;16;410
411040;304;4;4;9;8;6;7;2;3;16;75;4;9;451
411050;485;19;15;20;8;14;21;16;10;10;15;18;18;669
411060;1029;30;25;34;22;39;34;19;20;27;21;6;29;1335
411065;145;0;1;1;1;2;0;0;1;13;1;2;3;170
411070;6350;175;212;166;166;173;193;218;187;173;211;211;204;8639
411080;765;23;21;13;5;6;20;12;7;8;17;9;43;949
411090;310;5;13;4;4;13;8;4;3;4;7;4;13;392
411095;452;12;16;31;9;49;11;6;10;9;13;8;69;695
411100;429;2;7;7;17;9;8;9;13;10;19;0;8;538
411110;584;67;7;17;23;21;23;34;62;59;25;19;11;952
411120;547;13;12;10;9;11;14;20;10;16;14;18;10;704
411125;793;31;30;43;24;17;14;37;19;20;32;24;56;1140
411130;196;3;2;0;2;6;2;2;4;2;2;0;7;228
411140;503;5;12;16;4;10;4;8;8;9;9;12;10;610
411150;2863;87;68;95;97;41;51;71;63;53;48;53;104;3694
411155;2240;30;33;99;1196;89;82;79;61;56;41;47;110;4163
411160;404;4;7;2;8;6;0;6;9;12;3;4;4;469
411170;228;3;0;0;3;4;0;0;7;0;3;4;2;254
411180;7138;361;178;324;222;375;356;350;244;317;221;310;1717;12113
411190;1527;42;35;60;59;73;35;41;68;127;39;31;109;2246
411200;3567;125;119;123;136;120;143;117;106;127;125;112;175;5095
411210;3143;217;80;63;51;68;75;87;61;78;78;56;80;4137
411220;400;11;10;15;7;11;11;4;9;2;23;10;10;523
411230;225;3;7;6;2;1;8;2;3;7;1;4;1;270
411240;881;14;15;19;15;26;55;37;86;60;36;27;212;1483
411250;827;12;8;15;11;8;9;18;5;16;20;9;10;968
411260;112;2;0;2;0;1;1;0;1;1;1;0;1;122
411270;944;127;21;15;23;24;15;18;13;10;13;11;16;1250
411275;623;11;22;22;10;5;16;16;6;5;9;9;30;784
411280;872;26;26;25;21;31;28;14;24;29;19;18;45;1178
411290;331;1;38;9;7;2;3;7;2;5;9;7;5;426
411295;422;7;10;5;6;5;7;7;6;5;7;5;12;504
411300;647;5;18;15;11;8;10;6;17;15;35;7;39;833
411310;372;9;9;3;3;13;4;7;5;4;8;2;3;442
411320;4737;165;141;114;179;110;115;145;176;183;138;104;103;6410
411325;206;0;7;3;0;0;2;2;4;1;1;5;3;234
411330;2579;71;126;163;114;79;69;75;51;62;60;78;86;3613
411340;515;10;12;15;9;8;9;21;11;7;6;9;11;643
411342;235;3;2;2;3;0;1;3;3;2;0;1;0;255
411345;286;4;1;3;4;4;4;5;9;6;5;7;6;344
411350;2272;58;57;93;74;64;62;46;50;52;99;69;65;3061
411360;669;13;24;11;7;10;22;9;11;16;5;15;18;830
411370;90150;3602;3898;4149;4205;3529;3431;3831;4232;3928;3651;3307;5489;137402
411373;772;20;43;20;9;15;23;12;13;15;12;15;17;986
411375;366;5;19;5;4;4;8;5;2;3;0;13;5;439
411380;326;8;4;2;6;2;4;5;4;3;5;8;14;391
411390;1140;24;33;21;14;17;21;18;33;17;24;11;14;1387
411400;1234;26;23;18;38;28;37;22;45;40;31;30;33;1605
411410;1192;34;25;39;35;29;20;25;17;42;27;30;20;1535
411420;5032;132;170;179;128;164;133;154;152;146;153;243;188;6974
411430;1576;41;27;32;25;33;49;45;39;33;62;31;64;2057
411435;91;0;0;0;0;0;0;0;0;0;0;0;0;91
411440;1360;35;58;34;43;30;40;42;42;27;29;39;25;1804
411450;597;15;14;13;14;18;8;11;15;7;10;7;13;742
411460;6087;156;169;201;194;148;148;166;180;165;121;167;208;8110
411470;405;4;8;7;4;5;24;42;27;16;15;5;4;566
411480;3292;126;145;129;132;113;201;144;91;91;96;75;881;5516
411490;649;12;17;14;31;38;29;15;5;6;9;11;13;849
411500;343;5;5;3;3;2;17;17;13;7;5;4;5;429
411510;501;3;6;6;2;3;4;8;0;8;5;4;13;563
411520;66957;2357;2935;3343;4418;2731;3005;3123;3000;3413;2749;2804;4310;105145
411530;548;17;15;20;14;16;12;10;13;20;6;17;10;718
411535;935;18;22;27;29;16;19;17;23;24;37;33;15;1215
411540;831;24;29;32;21;26;20;42;14;19;11;45;19;1133
411545;147;14;4;5;4;1;2;5;2;0;1;24;2;211
411550;223;3;15;4;6;14;3;1;3;0;1;6;5;284
411560;1180;29;17;29;19;26;23;27;20;31;28;17;33;1479
411570;2435;128;214;190;67;50;51;64;57;64;56;56;58;3490
411573;125;1;3;3;1;1;2;1;2;0;1;2;11;153
411575;729;19;12;21;16;16;21;22;9;9;33;10;10;927
411580;6296;199;236;260;254;218;209;270;251;204;219;248;214;9078
411585;269;6;1;4;5;2;8;1;4;5;0;4;12;321
411590;158;4;1;1;2;3;2;2;0;0;3;6;2;184
411600;546;5;4;10;7;3;4;13;6;9;13;6;5;631
411605;870;30;24;11;20;26;13;22;9;37;21;26;42;1151
411610;907;11;10;10;10;6;7;10;7;18;14;12;42;1064
411620;943;32;24;31;15;16;23;26;20;23;20;22;29;1224
411630;90;7;14;3;1;5;3;19;14;4;1;2;3;166
411640;242;1;3;1;5;3;3;2;2;1;6;6;3;278
411650;133;2;3;6;2;2;2;1;2;4;0;1;2;160
411660;387;3;7;28;10;98;30;22;6;17;8;37;610;1263
411670;1067;17;28;30;28;21;16;28;14;16;31;33;26;1355
411680;439;8;5;6;12;14;10;10;6;4;4;7;16;541
411690;3014;68;67;94;68;68;41;62;83;61;71;62;47;3806
411695;214;1;4;5;2;1;3;62;3;0;3;2;12;312
411700;702;18;26;9;28;58;19;15;16;216;87;7;11;1212
411705;381;7;8;7;9;23;9;14;13;11;5;6;6;499
411710;2410;51;71;58;65;69;127;189;102;100;90;74;74;3480
411720;339;5;20;9;17;3;4;3;2;5;19;11;7;444
411721;65;0;2;1;1;0;0;0;2;0;0;2;8;81
411722;641;11;25;26;14;21;12;19;24;22;8;12;23;858
411725;571;11;18;11;11;7;3;8;12;7;7;20;37;723
411727;449;3;4;4;5;6;0;1;3;2;3;0;0;480
411729;88;3;0;2;0;3;2;0;0;1;0;1;0;100
411730;1252;49;35;91;39;49;58;33;37;34;59;27;42;1805
411740;261;0;9;1;1;1;3;5;1;4;2;2;7;297
411745;325;4;3;8;9;4;4;8;6;1;7;2;1;382
411750;1651;107;46;68;40;60;47;32;48;65;57;45;59;2325
411760;4273;184;219;219;180;175;144;254;174;159;144;119;330;6574
411770;3565;139;156;139;142;140;104;116;173;81;77;102;143;5077
411780;627;8;10;12;11;8;6;10;10;13;12;9;14;750
411790;3753;108;140;184;123;127;130;117;140;143;122;101;117;5305
411800;843;12;18;35;40;101;100;158;44;39;43;31;1689;3153
411810;2471;31;18;47;1108;60;57;126;41;72;40;34;30;4135
411820;20163;545;772;663;585;940;746;1245;858;585;559;1016;721;29398
411830;181;2;2;2;0;1;0;2;2;3;2;1;0;198
411840;8659;332;338;428;381;312;618;396;426;418;429;336;763;13836
411845;487;10;14;10;13;9;9;21;9;8;9;10;16;625
411850;10100;327;430;456;357;349;424;531;307;417;354;312;1059;15423
411860;350;21;8;9;7;10;6;15;7;20;8;7;14;482
411870;339;8;4;6;3;2;2;8;12;3;3;7;7;404
411880;1008;34;12;44;31;19;25;17;18;16;26;27;24;1301
411885;1057;18;42;274;37;317;71;152;70;114;101;64;717;3034
411890;722;21;22;17;9;19;14;10;56;19;18;20;61;1008
411900;365;10;15;5;6;3;4;32;2;6;2;6;4;460
411910;1022;20;39;22;11;13;28;27;25;33;18;13;33;1304
411915;14545;530;636;719;609;629;612;747;770;776;633;721;878;22805
411920;317;3;4;4;2;4;2;4;5;3;2;0;5;355
411925;147;3;8;4;3;5;8;3;3;3;3;4;4;198
411930;2291;71;77;61;42;91;45;69;42;51;24;64;80;3008
411940;2106;90;95;77;62;143;50;49;62;50;44;71;153;3052
411950;2894;57;72;196;83;67;68;83;88;57;80;96;42;3883
411960;2611;51;69;99;42;53;128;75;40;70;62;84;73;3457
411965;197;2;3;1;1;0;2;4;6;3;2;9;2;232
411970;350;9;15;11;9;11;17;17;5;9;7;7;7;474
411980;635;13;19;15;14;15;5;9;10;10;16;11;18;790
411990;44847;1879;1856;1832;1932;1809;1902;2238;2302;1677;1567;1848;2657;68346
411995;701;28;35;72;100;20;21;18;22;23;45;31;34;1150
412000;4897;74;76;84;110;138;90;87;124;85;67;359;164;6355
412010;827;12;20;21;15;15;53;17;20;20;20;19;13;1072
412015;117;1;1;3;2;1;0;0;1;3;1;5;0;135
412020;216;3;4;1;1;0;1;2;5;1;3;2;0;239
412030;451;19;23;19;12;7;19;21;17;14;22;16;13;653
412033;177;2;6;5;6;10;1;8;13;29;8;10;6;281
412035;506;8;9;9;18;12;16;14;20;7;12;13;10;654
412040;365;7;8;13;8;9;10;7;6;17;5;9;10;474
412050;763;10;10;3;18;10;21;8;8;4;3;5;23;886
412060;2804;62;94;78;95;98;86;105;49;68;91;61;211;3902
412065;307;50;7;3;14;6;3;2;5;4;5;14;3;423
412070;749;11;31;26;17;18;20;23;18;13;17;27;20;990
412080;7360;887;1164;921;1739;1294;1007;951;1140;1136;1313;1219;1793;21924
412085;465;11;17;13;7;14;16;19;22;10;16;23;48;681
412090;3119;135;165;202;105;144;153;151;108;146;97;105;156;4786
412100;653;14;17;23;24;16;12;7;7;14;7;14;11;819
412110;451;7;10;4;7;6;11;8;18;10;89;3;18;642
412120;372;11;13;9;4;8;4;4;11;7;12;4;49;508
412125;167;4;5;2;3;4;4;2;10;3;8;3;2;217
412130;216;3;6;17;7;4;4;4;7;2;3;3;8;284
412135;164;17;2;1;3;2;2;2;7;2;1;0;1;204
412140;1560;35;43;51;42;46;47;51;41;58;62;31;75;2142
412150;745;24;19;44;10;13;26;7;11;10;8;9;28;954
412160;470;8;7;5;18;8;30;26;19;9;8;8;41;657
412170;763;27;22;27;21;36;17;28;19;20;13;19;29;1041
412175;567;9;8;17;4;12;5;12;12;11;14;12;13;696
412180;1297;25;25;36;25;33;41;48;72;29;106;50;32;1819
412190;1612;81;66;122;155;282;268;201;128;142;135;379;142;3713
412200;625;6;13;13;9;27;28;20;8;9;6;6;14;784
412210;217;1;3;2;2;4;3;3;2;10;4;5;5;261
412215;284;2;11;11;8;12;6;14;9;5;3;2;94;461
412217;143;1;1;0;3;1;2;10;3;0;1;1;1;167
412220;2897;86;100;54;87;75;129;619;84;187;85;85;89;4577
412230;4963;176;251;220;267;615;176;186;212;162;130;148;214;7720
412240;9460;257;340;270;394;313;359;412;371;360;311;290;1253;14390
412250;562;6;8;9;11;6;7;14;19;11;18;12;17;700
412260;2144;21;20;24;194;144;153;193;117;87;94;73;108;3372
412265;253;3;5;4;6;1;0;2;4;2;2;2;8;292
412270;624;16;16;23;16;11;10;13;12;17;18;9;11;796
412280;344;9;10;8;7;18;13;10;17;8;5;5;4;458
412290;224;3;1;5;3;2;1;4;4;1;3;2;2;255
412300;633;9;19;25;22;16;7;15;15;24;6;15;43;849
412310;416;6;9;18;22;9;4;8;9;3;8;8;4;524
412320;271;5;9;4;7;2;5;27;7;4;2;3;3;349
412330;507;11;6;9;8;4;9;10;10;4;9;8;18;613
412340;995;22;36;56;37;39;53;22;26;30;23;24;49;1412
412350;2051;52;40;47;42;52;49;59;40;30;37;61;61;2621
412360;160;4;3;3;3;5;2;0;7;0;1;3;0;191
412370;765;10;19;35;26;26;12;21;15;9;18;14;17;987
412380;736;27;18;14;11;11;9;17;11;11;7;19;32;923
412382;168;0;0;2;0;0;0;0;3;4;0;1;6;184
412385;346;12;30;30;11;2;5;3;3;6;5;12;5;470
412390;1508;58;33;36;60;127;77;217;131;219;138;34;59;2697
412395;192;2;1;2;2;2;1;3;0;0;6;0;3;214
412400;292;10;5;4;4;1;3;4;9;17;12;5;4;370
412402;401;14;9;10;10;11;11;8;16;22;8;11;8;539
412405;1267;35;34;25;28;43;33;26;53;24;27;22;31;1648
412410;4140;229;120;144;141;124;185;227;165;168;200;250;216;6309
412420;260;0;4;2;4;4;6;3;3;2;2;2;15;307
412430;253;3;4;3;1;3;10;4;4;0;0;3;3;291
412440;1576;43;38;45;41;51;49;48;33;45;47;38;57;2111
412450;523;14;7;9;9;16;15;7;8;13;19;13;13;666
412460;909;5;12;21;24;16;28;36;39;19;29;37;292;1467
412470;565;7;11;4;3;6;8;5;5;2;19;3;15;653
412480;958;11;15;10;26;19;20;21;22;26;23;23;32;1206
412490;530;10;7;4;14;5;6;8;4;6;10;1;11;616
412500;803;11;16;17;25;34;14;13;16;22;11;8;22;1012
412510;691;11;12;11;3;16;175;15;15;26;7;14;5;1001
412520;471;13;15;11;7;9;8;12;9;12;12;5;9;593
412530;625;2;5;7;13;17;8;3;9;26;3;11;6;735
412535;413;6;3;3;41;7;4;6;3;6;4;7;2;505
412540;292;7;8;3;4;2;2;4;1;8;1;7;6;345
412545;176;3;4;2;5;0;0;1;3;1;1;1;6;203
412550;31276;1116;1478;1290;1249;1085;1294;1320;1347;1597;1632;1382;1468;47534
412555;136;2;1;0;0;0;0;3;0;1;1;8;3;155
412560;3456;218;108;128;92;107;119;227;121;139;110;107;431;5363
412570;2151;78;74;128;92;58;78;104;75;91;67;74;141;3211
412575;350;6;2;4;4;3;5;12;7;0;6;2;4;405
412580;2518;243;49;48;64;78;88;94;84;106;126;129;87;3714
412590;267;2;2;6;2;1;5;6;0;0;5;8;4;308
412600;586;7;12;43;18;79;20;7;12;51;9;13;67;924
412610;1072;13;18;29;29;112;34;62;48;57;24;24;307;1829
412620;351;3;7;6;4;6;3;3;3;5;5;7;13;416
412625;4946;121;146;163;189;188;161;170;213;174;187;181;167;7006
412627;288;3;22;2;2;3;5;2;2;9;2;3;25;368
412630;2509;76;116;120;94;117;109;156;72;77;48;38;57;3589
412635;241;3;9;7;7;2;3;64;8;7;5;4;0;360
412640;807;21;13;23;86;29;11;7;11;33;65;43;40;1189
412650;1898;39;43;88;77;81;42;47;41;72;113;50;49;2640
412660;1750;72;42;72;40;31;43;60;42;57;49;74;97;2429
412665;122;1;1;4;2;2;3;1;1;1;0;3;0;141
412667;466;10;23;16;7;15;8;8;15;11;12;8;20;619
412670;232;7;6;6;4;2;4;3;7;6;5;3;5;290
412680;3322;41;37;37;1289;120;181;81;69;65;113;73;130;5558
412690;274;3;2;3;6;4;2;3;21;6;5;7;12;348
412700;737;18;21;26;15;13;19;36;27;16;35;25;41;1029
412710;10324;397;1145;464;445;335;401;361;335;401;417;856;469;16350
412720;1472;42;35;40;46;32;35;30;23;43;47;80;177;2102
412730;1057;31;33;29;27;18;26;17;25;19;20;24;30;1356
412740;1146;28;30;44;51;33;22;30;12;34;27;26;25;1508
412750;1754;43;42;49;39;45;32;41;46;40;52;25;43;2251
412760;663;17;17;42;16;56;18;22;29;28;50;17;15;990
412770;17414;389;490;538;436;463;486;4325;489;442;502;514;1059;27547
412780;680;20;19;8;17;17;13;32;14;10;11;11;19;871
412785;204;5;5;5;8;5;8;13;5;6;4;15;8;291
412788;326;5;18;13;21;9;13;8;27;18;12;8;5;483
412790;520;12;10;8;16;10;12;10;15;14;23;11;15;676
412795;549;9;12;9;12;9;7;8;19;11;16;11;17;689
412796;977;18;23;38;47;24;21;25;33;33;19;25;45;1328
412800;1903;35;39;67;46;51;39;40;33;27;25;20;35;2360
412810;13557;437;501;504;467;431;472;379;372;389;474;467;897;19347
412820;7705;280;397;337;241;422;332;309;290;352;307;324;303;11599
412830;201;2;6;5;2;0;1;2;1;0;3;1;3;227
412840;1168;26;44;28;34;19;38;63;20;28;17;17;36;1538
412850;1384;52;37;29;25;22;45;35;35;23;34;52;52;1825
412853;415;12;13;18;12;23;39;10;11;5;18;9;5;590
412855;571;16;17;11;22;20;11;13;14;6;8;7;10;726
412860;464;5;11;8;4;5;10;4;4;15;7;2;20;559
412862;421;6;9;4;1;8;9;9;8;3;5;6;12;501
412863;373;23;31;17;17;20;48;25;21;19;6;15;22;637
412865;217;6;19;10;9;2;5;6;6;4;6;8;18;316
412870;591;9;12;13;11;12;6;14;23;11;7;6;19;734
412880;187;3;1;1;3;4;3;2;4;1;5;3;2;219
420005;111;7;2;2;1;1;3;1;2;2;2;1;20;155
420010;1293;61;60;59;53;73;65;49;45;44;61;68;57;1988
420020;1287;44;44;59;51;46;36;57;55;47;49;43;53;1871
420030;3308;55;97;130;139;123;102;120;137;100;122;117;132;4682
420040;652;31;22;32;29;23;44;31;12;30;22;22;109;1059
420050;183;10;8;3;3;5;4;5;4;4;4;3;11;247
420055;137;1;1;3;2;0;2;1;3;5;4;2;6;167
420060;271;4;7;13;12;18;5;9;5;5;4;15;17;385
420070;413;16;6;12;14;10;10;14;12;11;51;20;49;638
420075;119;0;0;0;0;1;0;0;0;1;3;0;1;125
420080;412;10;7;13;8;16;4;12;9;8;10;6;51;566
420090;311;10;8;5;5;7;5;6;5;5;3;9;36;415
420100;355;7;1;6;5;4;12;5;11;9;5;4;94;518
420110;667;11;20;12;10;9;9;10;10;9;7;15;48;837
420120;619;33;152;13;26;27;47;20;17;14;16;13;26;1023
420125;1648;37;38;54;75;56;71;38;88;42;51;51;81;2330
420127;157;2;7;7;4;5;6;4;4;3;8;3;14;224
420130;1626;66;99;57;39;36;36;44;48;50;34;28;47;2210
420140;5784;278;282;282;260;205;300;260;238;210;202;241;261;8803
420150;857;15;13;10;13;13;19;22;13;19;10;35;53;1092
420160;391;18;22;8;13;6;8;17;6;10;6;9;14;528
420165;82;1;1;2;2;0;0;1;1;0;3;4;1;98
420170;1887;28;43;46;50;39;49;58;51;82;57;67;83;2540
420180;338;11;9;12;15;12;10;9;11;15;8;5;15;470
420190;300;11;14;17;31;35;8;3;8;6;5;5;32;475
420195;233;14;27;43;10;6;3;3;1;5;6;6;6;363
420200;13730;951;1337;1521;928;668;590;515;594;629;643;618;993;23717
420205;230;10;14;14;12;12;6;14;18;11;13;6;25;385
420207;236;12;28;29;5;10;14;7;6;6;2;10;15;380
420208;54;3;2;0;1;2;2;0;2;2;2;1;24;95
420209;13;0;0;0;0;0;0;0;0;0;0;0;0;13
420210;1046;63;71;68;33;35;36;31;40;32;56;25;22;1558
420213;157;21;20;7;6;9;3;7;13;3;2;1;28;277
420215;108;0;2;0;0;1;0;3;1;1;1;5;3;125
420220;2014;34;62;56;61;64;54;58;60;46;50;60;51;2670
420230;4304;148;207;258;192;163;151;230;184;222;212;207;232;6710
420240;67666;2250;2756;2488;2894;3028;3271;2814;2694;2808;2713;2665;3981;102028
420243;175;7;3;4;2;3;4;1;3;2;3;3;27;237
420245;807;101;178;110;48;34;29;35;35;14;22;22;126;1561
420250;298;16;8;7;6;7;33;11;8;1;7;6;6;414
420253;103;2;3;4;2;0;1;1;1;2;4;2;8;133
420257;41;1;0;0;2;0;1;0;2;0;4;5;11;67
420260;1097;30;31;30;40;24;48;31;19;20;28;31;126;1555
420270;456;1;8;5;9;6;14;9;16;2;5;9;5;545
420280;4355;124;123;154;114;166;135;149;163;169;152;120;211;6135
420285;636;6;9;10;11;5;22;18;14;8;2;9;33;783
420287;138;14;1;4;6;1;4;2;0;2;5;3;24;204
420290;19768;704;792;535;484;504;541;470;604;470;522;604;643;26641
420300;12782;514;516;700;423;372;368;496;393;424;314;489;446;18237
420310;439;11;10;14;11;37;18;12;13;9;7;7;32;620
420315;217;15;21;9;7;9;13;9;6;4;13;11;29;363
420320;2071;77;98;138;87;61;111;73;78;63;96;59;167;3179
420325;116;1;2;3;0;3;2;2;1;0;2;0;22;154
420330;2384;84;91;66;92;69;117;49;58;36;74;39;85;3244
420340;750;50;42;56;47;48;31;33;22;84;56;58;39;1316
420350;697;16;22;28;21;29;25;27;27;22;15;30;62;1021
420360;3565;125;93;115;124;100;112;120;106;102;114;102;315;5093
420370;1001;27;37;22;28;26;24;29;35;25;17;54;20;1345
420380;6893;251;223;265;188;272;237;276;195;234;212;194;331;9771
420390;4620;98;96;94;71;70;98;100;81;64;99;131;191;5813
420395;1595;43;66;161;68;75;48;95;126;60;232;54;123;2746
420400;1157;50;44;53;42;26;43;37;32;40;26;51;75;1676
420410;222;3;1;9;8;2;4;13;8;2;2;2;7;283
420415;111;0;1;2;2;1;1;4;0;1;1;16;39;179
420417;51;1;2;0;0;0;0;0;1;1;0;1;0;57
420419;187;0;0;0;0;0;0;0;0;0;0;0;14;201
420420;26245;835;1105;986;874;1010;923;4067;960;869;1019;977;1474;41344
420425;2574;88;76;86;68;120;72;114;77;85;98;60;200;3718
420430;9033;362;366;399;304;251;314;4527;349;341;312;4618;613;21789
420435;409;10;6;12;9;10;7;8;12;5;8;7;14;517
420440;1021;33;32;43;21;20;14;27;31;25;27;22;39;1355
420445;92;2;0;1;0;1;2;0;1;2;1;0;15;117
420450;2057;67;109;72;173;68;65;140;136;54;79;54;140;3214
420455;2286;57;51;61;47;90;118;113;83;99;96;61;178;3340
420460;31876;1105;1393;1335;1173;1205;1235;1229;1395;1225;1192;1328;1819;47510
420470;863;23;29;28;15;17;33;52;51;31;21;39;54;1256
420475;42;12;0;0;0;1;0;2;0;2;0;0;11;70
420480;4796;325;223;203;212;204;267;516;190;146;146;193;528;7949
420490;678;13;32;24;15;18;15;17;17;18;22;19;91;979
420500;682;31;25;13;10;13;41;13;12;14;36;18;43;951
420510;357;18;22;7;11;7;12;6;10;26;14;19;52;561
420515;410;7;7;11;10;13;12;16;13;23;17;26;12;577
420517;93;0;0;0;0;0;0;0;0;0;0;0;0;93
420519;108;0;1;1;0;16;0;1;1;2;1;1;7;139
420520;318;5;7;9;6;5;8;5;4;5;5;7;5;389
420530;1954;46;64;64;60;84;47;806;49;31;36;58;83;3382
420535;62;1;1;0;1;0;3;2;0;1;1;2;2;76
420540;157889;3543;4142;5055;4048;3967;4014;4233;4056;4079;4149;4219;13179;216573
420543;98;0;8;2;0;0;2;1;0;1;0;1;13;126
420545;2796;81;218;139;319;70;69;123;68;139;90;53;125;4290
420550;7300;816;1522;1763;2287;801;584;428;393;405;785;640;1226;18950
420555;139;5;3;3;4;2;14;5;3;1;2;1;29;211
420560;173;2;1;5;1;1;3;2;1;3;3;5;3;203
420570;941;64;54;89;39;28;62;51;25;17;25;27;47;1469
420580;938;26;44;24;35;22;17;35;43;40;39;38;66;1367
420590;8127;242;269;319;410;577;359;229;229;271;260;299;382;11973
420600;599;15;20;19;4;10;10;9;17;65;13;10;28;819
420610;608;41;17;17;11;20;17;24;10;20;21;12;31;849
420620;1170;30;34;51;33;35;38;68;44;67;24;41;37;1672
420630;1662;40;26;32;30;30;43;65;45;37;28;28;90;2156
420640;899;20;27;19;24;20;15;33;21;18;13;24;38;1171
420650;4040;95;175;111;126;163;142;169;135;122;134;99;206;5717
420660;616;25;20;13;10;19;22;24;30;25;16;30;53;903
420665;1188;28;45;17;13;30;19;28;19;18;19;27;32;1483
420670;2352;70;74;72;69;85;79;78;66;66;42;73;154;3280
420675;56;0;0;0;0;1;1;1;1;1;0;1;10;72
420680;276;9;6;4;8;9;9;3;5;3;2;7;4;345
420690;3399;94;149;138;122;119;148;148;89;89;91;84;100;4770
420700;4826;164;251;182;155;150;172;174;146;166;164;132;345;7027
420710;966;26;34;36;153;11;167;19;17;18;22;12;109;1590
420720;414;4;3;8;71;11;19;16;12;10;9;12;219;808
420730;3621;109;85;101;97;145;107;77;157;98;98;75;95;4865
420740;228;3;6;3;3;4;8;2;9;2;1;3;36;308
420750;8178;240;242;288;339;335;278;294;318;452;295;318;287;11864
420757;81;1;3;2;3;1;0;0;5;2;0;0;3;101
420760;192;5;3;6;7;4;1;9;5;5;2;3;21;263
420765;463;16;28;12;5;6;3;14;13;14;7;5;37;623
420768;180;5;10;8;7;2;5;2;4;6;1;2;20;252
420770;753;28;16;15;43;9;9;17;36;11;12;15;24;988
420775;242;2;1;1;6;4;3;3;8;1;7;2;20;300
420780;698;48;57;75;50;71;40;45;94;41;59;53;96;1427
420785;85;1;2;0;0;2;2;3;1;3;0;0;7;106
420790;394;33;11;9;9;15;16;16;24;10;11;5;22;575
420800;1301;26;46;125;95;124;78;76;87;79;76;138;107;2358
420810;1463;48;27;39;36;47;39;44;48;45;35;44;158;2073
420820;29952;1093;1316;1768;1369;1289;1268;1539;1649;1390;1198;1200;2345;47376
420830;4342;175;401;330;147;134;149;176;138;194;236;219;234;6875
420840;2152;63;77;43;57;35;56;29;32;56;38;33;79;2750
420845;417;23;37;38;16;19;10;16;14;14;12;18;64;698
420850;1942;184;63;76;93;77;58;58;83;248;64;57;126;3129
420860;287;8;18;8;9;5;5;6;3;6;5;3;35;398
420870;668;10;10;14;17;21;14;10;17;18;13;25;20;857
420880;1244;26;47;30;30;24;32;36;23;63;21;45;121;1742
420890;34485;663;899;844;738;983;859;1172;977;881;1013;830;1259;45603
420895;79;0;4;0;2;0;1;2;0;2;1;2;9;102
420900;7745;282;326;302;267;279;284;264;275;254;291;292;425;11286
420910;85903;2938;3464;3671;3173;3120;3269;5082;3075;3238;3228;2923;3906;126990
420915;648;11;8;63;15;8;15;13;13;13;9;8;25;849
420917;68;0;0;0;0;2;0;0;2;0;0;1;0;73
420920;208;0;4;8;3;5;2;3;5;2;2;3;1;246
420930;23794;947;1109;1195;992;837;923;1120;915;868;862;763;1870;36195
420940;3593;208;282;245;133;132;293;113;118;109;79;120;304;5729
420945;88;1;1;0;3;1;3;0;2;1;4;3;5;112
420950;608;12;16;13;15;20;6;18;34;17;14;17;40;830
420960;990;14;11;12;12;14;15;13;14;20;27;23;68;1233
420970;548;96;28;38;18;41;14;18;15;28;20;39;89;992
420980;127;2;1;2;1;3;2;1;2;2;2;2;26;173
420985;297;8;7;4;9;41;9;26;5;14;9;8;41;478
420990;958;37;39;27;31;68;57;58;40;30;42;23;37;1447
421000;1232;28;35;30;27;35;34;37;22;26;34;37;48;1625
421003;481;6;14;20;8;7;10;19;8;12;9;19;36;649
421005;151;1;2;2;4;4;2;0;2;4;2;4;3;181
421010;7191;473;300;347;269;292;261;228;235;257;302;326;405;10886
421020;309;19;4;4;5;3;4;7;7;8;2;2;6;380
421030;252;17;6;9;3;5;5;5;5;2;5;6;38;358
421040;693;67;43;35;30;30;42;33;34;31;24;26;22;1110
421050;2902;110;86;89;80;123;89;101;97;63;76;74;107;3997
421055;142;6;2;4;0;2;2;3;3;3;3;6;13;189
421060;1852;29;31;16;22;30;27;38;39;58;48;43;48;2281
421070;269;6;20;8;15;4;6;7;4;5;10;9;18;381
421080;463;10;8;13;9;13;2;8;7;11;16;14;37;611
421085;335;3;7;6;19;6;19;47;8;9;8;42;47;556
421090;505;12;26;22;9;24;18;12;10;12;18;16;22;706
421100;856;20;67;11;22;17;22;14;32;18;15;12;70;1176
421105;1309;68;180;159;679;107;65;67;46;53;41;44;520;3338
421110;477;32;17;15;15;18;12;25;23;19;27;22;22;724
421120;2901;115;123;131;100;117;117;87;100;132;106;103;235;4367
421125;152;1;1;2;1;2;3;1;2;7;9;1;4;186
421130;3997;133;272;223;163;171;230;186;259;220;165;147;428;6594
421140;418;14;10;7;15;6;14;37;11;10;12;28;28;610
421145;122;0;0;0;0;2;1;1;0;1;9;2;7;145
421150;1595;49;82;90;43;88;81;79;55;68;93;139;172;2634
421160;2342;88;77;88;58;58;92;115;130;80;86;68;124;3406
421165;104;1;2;0;3;0;2;0;2;1;2;1;3;121
421170;3363;169;110;177;328;122;230;110;113;98;106;108;214;5248
421175;2896;136;109;111;368;190;122;140;151;189;182;188;248;5030
421180;324;18;21;9;8;7;12;15;15;8;3;15;49;504
421185;179;5;6;4;7;8;2;1;4;2;2;0;7;227
421187;57;0;0;0;0;1;1;0;0;1;0;2;4;66
421189;72;0;1;0;6;1;8;0;0;0;0;0;22;110
421190;6841;294;282;311;233;283;255;286;256;273;296;285;436;10331
421200;681;18;50;8;11;131;18;23;10;30;8;9;74;1071
421205;168;4;3;2;2;4;4;0;3;3;0;0;1;194
421210;1169;27;61;40;46;67;35;34;27;30;31;37;48;1652
421220;1496;179;45;35;53;95;255;59;37;161;51;39;164;2669
421223;143;3;3;10;2;1;4;3;4;3;9;2;36;223
421225;207;3;7;12;4;3;5;7;2;5;7;7;1;270
421227;446;19;47;29;12;14;20;11;18;6;15;5;54;696
421230;1402;49;66;76;60;59;50;77;51;52;64;53;120;2179
421240;262;3;4;4;4;6;7;5;12;17;28;10;9;371
421250;1681;70;55;190;48;68;46;45;62;48;41;46;41;2441
421260;227;6;4;2;10;3;4;6;6;6;2;1;12;289
421270;365;8;8;5;20;5;6;1;8;8;4;7;4;449
421280;1179;49;118;92;47;42;101;40;46;42;40;41;38;1875
421290;2190;70;93;90;56;62;77;57;86;74;48;89;134;3126
421300;391;10;13;22;6;37;3;17;13;10;12;4;29;567
421310;546;19;56;28;30;38;25;19;30;21;18;26;50;906
421315;111;0;2;2;0;1;0;0;1;2;0;6;2;127
421320;6155;100;167;150;223;158;144;122;198;194;163;148;299;8221
421330;709;41;36;53;38;43;18;61;28;37;45;32;59;1200
421335;434;17;12;24;11;27;34;19;13;25;23;12;45;696
421340;1154;74;94;172;68;33;88;57;51;41;42;55;109;2038
421350;914;70;80;59;24;19;28;25;33;39;20;21;61;1393
421360;3393;133;124;132;111;96;134;164;101;114;119;86;175;4882
421370;1072;33;37;27;37;30;38;42;48;51;33;34;99;1581
421380;764;46;56;40;5;15;26;55;12;16;22;10;45;1112
421390;101;0;3;0;1;2;2;1;2;1;3;2;21;139
421400;2966;64;96;127;84;184;101;136;92;144;90;76;251;4411
421410;119;0;1;2;1;3;1;1;0;1;3;0;3;135
421415;72;1;3;1;2;3;0;4;2;1;4;1;21;115
421420;582;12;21;14;6;10;8;8;14;11;12;11;65;774
421430;847;23;21;16;23;30;19;26;25;18;21;14;20;1103
421440;517;16;15;14;11;18;12;6;23;13;15;10;19;689
421450;586;14;13;9;20;4;40;20;26;22;3;11;74;842
421460;686;15;21;32;23;21;24;22;24;14;26;16;35;959
421470;1679;43;34;59;32;58;54;54;57;71;65;40;69;2315
421480;11642;360;405;427;318;483;357;606;347;364;333;416;579;16637
421490;311;3;3;6;5;3;1;5;7;2;6;6;9;367
421500;8175;188;305;311;283;308;245;316;289;334;231;240;272;11497
421505;101;1;0;1;1;1;0;6;2;2;0;1;8;124
421507;180;7;9;2;2;0;3;5;4;6;0;2;19;239
421510;2612;67;62;78;78;97;104;71;97;67;86;56;87;3562
421520;276;1;4;48;17;4;6;1;3;4;6;6;40;416
421530;1282;41;45;33;30;35;25;30;46;26;59;54;40;1746
421535;52;1;12;0;0;0;1;2;2;0;1;0;21;92
421540;818;37;15;12;16;10;20;12;24;16;9;12;27;1028
421545;1087;22;26;38;26;41;40;28;38;41;21;31;84;1523
421550;1887;101;127;135;91;70;109;129;79;111;77;62;156;3134
421555;145;1;3;1;2;2;3;1;2;16;3;5;9;193
421560;148;0;1;3;2;6;2;3;0;2;12;2;10;191
421565;246;7;11;3;5;25;6;12;5;7;7;7;35;376
421567;152;13;3;1;1;1;4;2;1;2;9;4;50;243
421568;27;0;0;0;0;0;2;1;0;1;2;4;31;68
421569;51;4;0;0;0;0;3;0;0;0;0;0;2;60
421570;1530;55;79;48;44;30;41;53;48;40;70;39;124;2201
421575;71;0;5;0;3;0;1;1;1;0;2;3;12;99
421580;17402;389;677;444;440;461;433;439;599;463;464;385;694;23290
421590;209;2;4;2;1;0;3;8;1;1;3;0;7;241
421600;821;30;32;47;28;22;22;27;25;28;19;37;125;1263
421605;595;23;26;19;23;16;25;23;23;16;24;24;66;903
421610;833;33;76;22;18;20;23;31;23;23;24;14;20;1160
421620;3849;105;206;148;87;83;186;115;72;89;115;81;225;5361
421625;376;6;12;5;5;3;5;11;12;7;9;7;26;484
421630;1985;125;125;102;80;100;133;53;90;87;111;128;269;3388
421635;175;4;3;4;6;3;2;1;2;1;4;5;7;217
421640;228;3;6;7;7;3;4;1;4;3;3;5;40;314
421650;3228;169;111;139;447;715;98;85;108;84;91;214;322;5811
421660;29142;1251;1344;1441;1232;1318;1277;1389;1213;1263;1339;1457;1965;45631
421670;1430;35;57;48;31;44;25;52;33;41;47;42;93;1978
421680;507;33;24;12;7;7;19;35;8;20;13;11;17;713
421690;2813;64;103;98;77;86;72;99;80;94;75;73;140;3874
421700;2102;46;50;54;47;66;60;67;61;62;98;53;72;2838
421710;179;1;3;3;3;2;2;5;7;3;3;7;2;220
421715;67;0;0;0;2;0;1;4;2;1;0;0;4;81
421720;5170;177;157;156;97;131;146;140;155;153;163;117;255;7017
421725;157;3;7;13;6;10;6;2;3;4;7;5;26;249
421730;1091;51;40;40;30;24;44;49;47;33;32;31;112;1624
421740;1560;21;40;33;32;37;42;26;38;32;39;28;37;1965
421750;3106;56;109;158;614;230;53;53;57;51;61;46;172;4766
421755;275;6;2;7;1;3;3;6;4;0;3;5;3;318
421760;1994;39;55;28;52;53;67;40;70;54;45;38;96;2631
421770;3018;168;202;154;136;124;139;149;213;111;103;162;169;4848
421775;98;0;4;1;2;0;1;2;2;2;1;1;5;119
421780;2194;71;86;64;74;68;97;96;51;91;140;73;145;3250
421790;1025;34;38;35;37;18;23;26;28;16;33;12;78;1403
421795;21;0;19;0;0;0;0;0;1;1;0;0;11;53
421800;4132;165;179;178;157;131;209;161;138;152;215;166;243;6226
421810;366;42;13;8;5;7;2;2;11;7;3;7;17;490
421820;8233;167;297;213;213;271;265;234;228;212;229;240;292;11094
421825;562;7;41;17;16;6;8;18;14;7;36;16;45;793
421830;2452;148;103;86;63;82;105;193;81;104;91;41;238;3787
421835;197;5;5;9;3;3;2;2;4;2;0;0;2;234
421840;818;12;21;36;27;31;36;27;23;25;22;24;50;1152
421850;664;12;28;14;17;19;6;11;21;16;22;13;34;877
421860;940;24;20;15;20;22;27;49;27;23;25;17;24;1233
421870;18112;731;609;695;573;610;561;627;910;587;613;535;774;25937
421875;274;6;10;7;4;4;7;8;6;4;5;5;13;353
421880;1257;32;29;40;32;37;33;47;37;48;36;29;87;1744
421885;146;0;3;3;3;1;4;2;4;3;5;2;23;199
421890;650;10;13;11;27;23;14;11;7;9;14;3;7;799
421895;163;1;5;3;1;1;1;1;0;0;2;1;2;181
421900;3027;67;83;97;93;103;89;92;129;73;82;102;69;4106
421910;339;17;10;18;4;16;9;10;14;5;20;7;8;477
421915;207;7;4;8;7;2;9;8;4;6;6;5;9;282
421917;1330;27;34;52;26;42;56;54;62;55;50;69;69;1926
421920;389;7;4;10;19;25;5;10;12;3;4;5;31;524
421930;9603;259;278;399;277;293;271;285;574;278;279;267;734;13797
421935;293;3;1;6;1;4;6;5;11;7;7;6;18;368
421940;255;5;4;10;10;3;2;15;3;35;6;4;11;363
421950;5893;184;271;182;339;240;189;205;207;234;168;147;224;8483
421960;194;9;3;0;7;5;2;3;7;5;2;2;17;256
421970;3564;71;180;86;76;142;145;109;141;117;125;146;86;4988
421985;136;18;2;0;1;0;0;1;3;2;4;4;0;171
430005;218;2;2;1;3;4;2;7;7;4;5;7;5;267
430010;1363;31;23;39;39;56;42;46;32;32;43;31;49;1826
430020;560;9;10;11;12;10;13;19;8;6;6;8;8;680
430030;348;4;6;3;7;13;3;5;9;1;7;9;8;423
430040;9181;258;226;346;265;542;347;290;273;283;225;246;302;12784
430045;225;5;0;3;2;1;7;1;3;3;3;2;7;262
430050;344;6;8;7;4;7;6;10;8;2;2;3;30;437
430055;148;3;2;3;3;11;6;1;7;3;1;10;2;200
430057;346;7;10;8;9;9;16;10;18;10;18;12;11;484
430060;7133;200;228;275;205;246;256;297;310;351;290;278;290;10359
430063;193;1;0;2;3;4;0;0;0;2;1;3;44;253
430064;204;2;3;5;8;7;2;3;5;3;3;14;20;279
430066;211;5;3;5;2;1;6;5;6;6;3;6;12;271
430070;601;14;15;35;19;18;20;19;22;28;6;11;15;823
430080;2013;84;44;76;71;69;78;57;58;55;55;70;82;2812
430085;274;6;3;7;6;9;12;13;7;5;1;5;18;366
430087;669;28;53;46;94;49;173;19;30;29;33;30;22;1275
430090;2722;105;203;214;82;260;162;162;226;196;222;145;146;4845
430100;4231;124;118;99;121;119;119;149;101;125;134;131;190;5761
430105;475;21;305;72;18;13;29;8;4;13;7;6;23;994
430110;1243;52;38;151;45;41;45;39;28;70;59;66;123;2000
430120;1130;18;19;19;20;44;59;56;40;27;17;34;40;1523
430130;1776;68;48;83;179;212;55;84;42;45;79;86;86;2843
430140;535;35;46;37;20;163;16;12;16;11;6;5;49;951
430150;542;8;15;12;24;19;15;6;7;15;9;15;16;703
430155;250;6;7;3;6;2;4;7;6;4;4;5;1;305
430160;13285;345;305;407;388;363;388;325;353;356;353;355;485;17708
430163;355;25;56;45;18;10;33;16;7;15;11;9;64;664
430165;676;17;18;23;16;24;12;9;15;16;12;12;9;859
430170;451;7;13;15;10;12;8;11;13;17;11;8;13;589
430175;109;2;0;3;0;2;1;1;0;2;1;3;35;159
430180;337;8;5;7;3;19;16;6;7;12;8;7;15;450
430185;194;1;0;1;0;0;4;0;1;0;1;0;0;202
430187;209;8;6;3;10;26;61;12;5;5;9;3;12;369
430190;1459;23;28;74;69;90;60;44;35;44;37;47;58;2068
430192;94;1;0;0;1;0;1;2;2;1;0;0;1;103
430195;453;7;16;16;27;13;29;5;9;9;7;7;9;607
430200;462;6;1;9;4;5;3;6;4;2;4;5;6;517
430205;42;0;0;11;0;1;0;0;0;0;0;0;0;54
430210;24093;726;712;841;681;737;819;985;636;648;719;756;809;33162
430215;175;9;5;1;3;12;6;1;6;6;5;3;7;239
430220;634;21;17;33;15;5;8;16;19;13;16;11;12;820
430225;150;10;3;13;1;3;2;6;0;1;2;2;7;200
430230;1363;54;39;57;110;156;83;40;52;115;50;67;211;2397
430235;2267;44;49;47;65;55;58;65;44;42;44;52;68;2900
430237;241;2;6;51;4;12;4;0;6;0;8;5;10;349
430240;2887;80;81;101;112;91;70;64;52;35;93;88;88;3842
430245;294;1;12;13;3;4;1;9;11;7;5;5;17;382
430250;690;20;17;19;29;43;27;12;17;17;16;19;35;961
430260;253;5;0;5;2;5;10;7;4;8;4;45;1;349
430265;631;11;13;14;12;6;20;18;11;15;12;8;21;792
430270;3035;79;102;136;75;64;78;76;73;84;134;89;148;4173
430280;3627;71;70;97;81;105;74;78;77;106;87;81;153;4707
430290;1214;22;26;15;26;40;63;44;28;55;20;79;40;1672
430300;10345;262;290;288;315;385;363;417;280;214;239;234;326;13958
430310;16543;741;771;1163;1051;801;881;851;973;934;933;879;953;27474
430320;191;2;0;3;1;3;3;3;2;3;2;2;2;217
430330;634;9;30;8;12;30;9;11;3;6;4;12;18;786
430340;227;1;4;1;2;2;3;0;2;0;0;2;1;245
430350;6897;170;296;168;209;206;204;222;195;149;147;159;228;9250
430355;111;2;0;4;1;1;0;2;0;0;4;1;2;128
430360;805;34;24;30;30;19;29;33;34;45;37;20;20;1160
430367;232;6;6;3;7;8;5;3;3;6;6;5;4;294
430370;378;15;3;8;6;9;15;12;9;25;12;12;20;524
430380;564;13;16;10;9;8;18;8;8;6;4;11;2;677
430390;18486;682;669;895;838;746;695;773;907;751;742;670;748;27602
430400;636;55;13;16;30;20;45;34;42;56;55;58;219;1279
430410;247;1;3;2;1;21;16;5;2;5;3;15;11;332
430420;2018;52;84;73;56;59;58;134;47;55;54;50;145;2885
430430;441;10;12;27;9;12;11;16;12;14;15;15;14;608
430435;1479;29;55;31;23;23;28;82;51;29;31;34;26;1921
430440;5288;253;242;223;199;185;179;191;182;175;366;184;224;7891
430450;3016;133;155;86;129;88;90;112;104;80;72;147;462;4674
430460;47813;1812;1648;2232;2200;2785;2114;2797;2067;1972;2092;2108;2208;73848
430463;4136;272;990;750;266;122;142;143;205;236;122;162;233;7779
430466;1380;26;29;38;52;65;45;46;76;66;27;72;117;2039
430467;463;9;9;13;19;17;8;10;16;18;11;28;42;663
430468;810;32;13;19;16;20;17;8;10;39;15;12;16;1027
430469;450;11;12;9;8;19;5;9;3;5;8;11;0;550
430470;9009;269;264;315;341;380;324;266;358;336;255;262;383;12762
430471;236;7;16;308;2;4;1;0;6;6;0;8;18;612
430480;5480;101;118;102;88;320;116;110;100;76;117;88;245;7061
430485;88;0;0;3;1;0;0;1;0;1;2;0;3;99
430490;1358;45;55;41;70;21;26;36;41;51;57;40;39;1880
430495;236;1;6;8;2;2;3;12;7;8;2;7;9;303
430500;797;16;12;15;38;40;26;23;64;17;32;36;21;1137
430510;88921;2359;3123;4100;2986;2710;4288;3881;2905;3013;3234;2764;3308;127592
430511;101;5;2;0;1;1;1;7;2;3;0;0;0;123
430512;362;7;7;6;14;7;13;11;2;6;20;27;8;490
430513;268;3;2;6;10;3;4;5;2;3;3;2;8;319
430515;111;0;3;2;3;0;0;2;0;0;5;4;4;134
430517;194;6;3;5;4;2;3;5;9;2;8;4;72;317
430520;1659;30;54;61;36;61;44;34;37;56;26;33;39;2170
430530;1121;43;29;23;34;39;34;43;35;29;21;40;27;1518
430535;3904;80;82;132;171;132;171;137;151;165;284;169;184;5762
430537;128;2;1;4;0;1;8;2;5;4;0;0;8;163
430540;368;9;7;12;10;9;20;14;16;14;18;15;62;574
430543;722;15;9;27;12;17;30;18;18;16;23;25;32;964
430544;106;0;4;2;7;2;0;2;3;2;3;1;1;133
430545;1137;41;180;115;39;26;48;33;48;44;30;28;79;1848
430550;288;8;5;10;8;4;9;4;5;5;8;7;7;368
430558;158;1;5;1;4;0;5;5;5;2;5;7;11;209
430560;427;3;3;5;9;18;5;1;4;10;7;28;6;526
430570;744;21;25;25;21;59;35;36;31;15;17;19;39;1087
430580;822;8;11;21;24;32;30;38;21;23;24;28;84;1166
430585;97;8;1;2;8;1;3;3;4;6;2;1;20;156
430587;146;3;7;1;3;2;1;1;6;1;1;6;2;180
430590;631;7;9;18;11;12;15;21;6;4;15;14;25;788
430595;531;19;11;5;11;9;11;12;12;13;14;31;7;686
430597;294;8;14;11;5;35;13;17;10;10;6;6;12;441
430600;1516;28;31;61;35;32;27;24;25;23;29;16;67;1914
430605;1324;19;19;40;18;22;17;54;15;27;12;20;34;1621
430607;113;2;2;14;7;0;2;2;1;0;1;2;5;151
430610;8008;228;258;320;252;345;245;268;218;235;268;212;238;11095
430620;1029;40;31;23;43;28;30;38;29;25;22;34;20;1392
430630;232;1;6;4;7;1;4;3;2;3;0;1;3;267
430632;164;22;26;0;2;1;0;0;2;2;1;1;1;222
430635;134;0;2;0;1;4;2;1;1;1;1;0;1;148
430637;172;1;0;2;3;2;3;1;4;0;3;0;5;196
430640;8889;230;255;283;277;240;261;282;249;210;222;224;334;11956
430642;160;12;10;22;2;6;3;3;1;13;0;3;6;241
430645;195;1;4;6;2;8;3;1;1;3;4;6;4;238
430650;332;3;4;7;1;1;8;8;1;3;0;7;3;378
430655;94;4;2;17;4;1;0;1;0;4;0;9;1;137
430660;4803;123;88;118;137;343;171;124;132;80;111;143;136;6509
430670;251;1;0;2;7;8;2;4;2;0;0;1;3;281
430673;325;12;6;8;8;0;12;7;6;4;2;5;5;400
430675;48;0;0;2;0;7;0;2;1;3;0;0;0;63
430676;8704;242;246;378;206;249;303;294;454;238;231;251;222;12018
430680;4621;143;146;344;150;217;143;148;357;126;132;134;182;6843
430690;1930;128;64;75;72;96;60;109;67;93;74;131;158;3057
430692;81;3;0;3;4;2;0;0;0;0;0;0;11;104
430693;772;44;12;20;24;67;33;18;15;29;22;19;21;1096
430695;269;1;7;1;1;2;9;6;3;5;14;5;3;326
430697;288;2;5;2;9;5;10;9;9;5;2;6;19;371
430700;19409;655;712;799;633;720;796;724;795;708;699;651;740;28041
430705;325;6;26;4;11;8;9;8;8;3;4;6;7;425
430710;657;32;10;7;13;12;27;16;18;25;16;14;83;930
430720;218;5;4;6;1;3;1;5;0;1;1;1;5;251
430730;457;23;7;11;2;7;9;8;6;12;9;10;83;644
430740;273;6;10;13;10;7;12;15;5;6;6;8;19;390
430745;101;13;5;18;3;0;0;0;0;1;1;0;2;144
430750;1557;51;62;64;76;131;32;78;42;37;32;52;134;2348
430755;1438;38;46;41;27;27;30;40;30;33;35;36;41;1862
430760;7630;247;447;325;287;352;458;623;347;283;279;359;346;11983
430770;12593;626;526;603;1152;568;522;665;573;596;527;570;595;20116
430780;6414;246;302;271;266;213;280;293;224;242;253;326;431;9761
430781;126;11;7;0;4;3;0;7;2;1;1;1;3;166
430783;164;1;5;3;2;8;4;6;2;6;1;4;19;225
430786;261;4;5;3;6;17;4;2;1;7;2;4;8;324
430790;13045;394;412;455;468;642;397;515;448;398;766;352;466;18758
430800;669;13;11;18;12;14;16;9;13;21;12;12;19;839
430805;146;1;7;1;0;0;2;1;2;0;0;2;2;164
430807;214;20;4;15;20;15;18;6;12;13;13;8;11;369
430810;3312;60;55;95;99;100;93;95;77;99;72;89;62;4308
430820;4472;105;106;153;145;148;137;141;143;151;115;100;200;6116
430825;76;3;0;0;0;0;2;1;0;1;0;2;2;87
430830;713;23;12;21;8;14;16;7;23;8;29;22;45;941
430840;482;5;6;3;2;27;14;9;9;11;5;6;11;590
430845;613;6;6;9;9;47;27;20;20;10;9;17;10;803
430850;3257;148;126;133;153;112;100;116;152;121;123;119;191;4851
430860;7019;235;304;326;295;265;247;295;225;205;379;230;446;10471
430865;179;0;1;1;2;1;2;0;1;1;3;1;1;193
430870;447;10;13;5;8;20;11;10;6;14;8;2;19;573
430880;565;7;15;15;11;11;11;16;15;18;14;9;27;734
430885;118;3;0;0;2;2;1;4;1;0;2;1;5;139
430890;2191;69;55;51;34;35;86;58;71;35;41;40;83;2849
430900;1607;37;39;45;40;75;69;53;31;31;43;44;54;2168
430905;2374;63;70;78;59;108;117;60;46;60;112;160;176;3483
430910;7417;312;642;332;267;291;265;263;279;220;261;266;317;11132
430912;112;0;1;0;1;2;0;0;0;5;0;0;1;122
430915;108;0;0;1;0;3;1;3;0;3;6;1;9;135
430920;25238;730;777;832;827;1054;759;829;814;844;840;735;933;35212
430925;123;0;1;1;1;6;3;1;6;2;2;1;5;152
430930;11232;332;305;411;445;415;412;395;441;507;411;466;419;16191
430940;4475;206;148;275;178;194;211;196;215;150;141;108;171;6668
430950;1010;19;31;16;16;69;28;16;13;17;28;17;32;1312
430955;483;6;7;11;10;9;8;6;9;7;6;4;16;582
430957;85;6;4;1;2;0;1;0;5;1;2;1;11;119
430960;3452;62;67;101;80;72;58;72;64;93;55;64;82;4322
430965;457;10;21;22;45;14;13;10;30;12;12;16;60;722
430970;575;6;13;20;5;6;21;66;6;14;2;8;36;778
430975;270;7;2;4;2;4;0;7;0;6;6;6;39;353
430980;378;11;5;8;8;3;6;9;8;9;7;3;13;468
430990;575;19;18;14;11;11;12;14;6;8;8;8;26;730
430995;208;2;6;8;3;5;4;4;4;1;1;3;2;251
431000;2389;82;48;85;56;86;69;70;64;59;49;69;145;3271
431010;7889;247;380;350;364;494;471;299;353;398;492;475;433;12645
431020;11990;387;377;431;499;453;427;424;353;362;403;364;419;16889
431030;300;1;9;11;6;4;9;4;8;7;4;4;19;386
431033;943;81;327;197;60;57;29;35;32;41;108;76;70;2056
431036;505;9;9;14;26;50;14;9;8;28;7;10;24;713
431040;616;17;10;21;25;34;15;12;13;20;23;33;10;849
431041;152;2;0;1;6;6;2;3;1;0;1;0;19;193
431043;703;10;23;17;14;12;9;27;19;20;13;21;31;919
431046;170;1;4;5;0;2;3;2;0;3;0;2;5;197
431050;503;21;17;22;11;7;17;12;7;11;19;10;14;671
431053;480;3;5;12;1;6;3;6;8;7;14;18;10;573
431055;219;0;3;2;2;2;1;4;3;6;1;3;27;273
431057;85;21;6;1;1;0;0;0;2;0;2;0;15;133
431060;5102;132;132;165;118;257;252;157;148;125;129;89;221;7027
431070;202;11;5;3;1;7;2;9;4;31;12;1;13;301
431075;124;0;1;1;2;3;0;4;3;2;1;1;4;146
431080;4944;124;201;148;133;119;218;129;150;115;117;130;108;6636
431085;153;0;0;1;1;0;1;1;1;0;0;3;5;166
431090;371;5;5;4;12;23;13;4;11;5;5;4;11;473
431100;3186;96;109;119;151;98;75;62;92;73;90;130;205;4486
431110;954;17;16;16;12;13;12;13;14;7;11;9;17;1111
431112;527;14;15;6;9;16;10;15;22;13;12;21;14;694
431113;297;1;3;5;7;8;6;5;10;6;14;13;21;396
431115;491;13;1;7;13;29;13;7;9;11;2;12;13;621
431120;1780;84;58;105;51;68;156;59;73;67;54;63;203;2821
431125;185;0;14;1;2;2;1;0;0;1;2;0;23;231
431127;133;1;3;0;3;9;6;1;2;6;7;11;8;190
431130;3411;128;123;189;163;164;234;147;150;163;155;229;201;5457
431140;15877;714;463;557;468;513;617;702;524;525;435;461;567;22423
431142;94;0;0;0;0;0;5;0;1;0;1;0;3;104
431150;764;20;8;30;23;24;15;13;14;13;27;15;15;981
431160;261;0;1;1;0;4;3;1;1;0;5;3;7;287
431162;1306;40;36;52;54;43;68;58;48;45;42;47;68;1907
431164;75;1;1;2;5;1;0;2;0;2;2;2;0;93
431170;249;1;2;7;0;7;6;2;2;4;5;4;4;293
431171;158;0;2;6;3;2;10;0;10;4;5;2;41;243
431173;75;1;2;6;1;0;0;0;1;1;1;2;14;104
431175;389;7;7;16;11;30;10;16;30;14;18;14;62;624
431177;395;12;11;13;8;19;11;5;12;7;6;15;5;519
431179;193;4;3;3;3;10;4;6;9;3;3;4;10;255
431180;6765;162;217;198;201;173;218;243;237;195;155;170;292;9226
431190;460;21;8;14;7;14;11;12;10;11;22;13;22;625
431198;90;5;3;2;0;6;5;11;0;5;1;0;5;133
431200;148;1;3;3;2;3;14;3;1;2;2;1;1;184
431205;191;12;10;14;8;6;3;7;3;6;6;5;25;296
431210;269;9;6;4;8;3;7;6;8;4;5;4;2;335
431213;219;3;1;2;3;4;1;0;2;40;5;1;7;288
431215;528;8;14;8;17;24;21;24;39;10;13;9;16;731
431220;326;8;3;11;12;5;4;4;3;2;4;2;29;413
431225;501;34;14;31;17;17;20;15;7;10;17;15;14;712
431230;228;1;3;5;5;2;3;4;3;6;4;6;60;330
431235;94;3;2;0;0;1;2;1;3;0;0;1;1;108
431237;57;0;1;5;4;8;7;11;0;5;3;0;2;103
431238;88;2;2;2;1;2;1;4;1;5;2;2;13;125
431240;9161;345;317;328;349;320;388;427;350;380;428;457;364;13614
431242;6273;43;36;80;83;68;47;48;48;49;92;56;119;7042
431244;18;1;1;0;2;1;0;1;0;1;1;0;2;28
431245;1144;630;5;14;12;13;10;10;10;10;14;16;76;1964
431247;999;24;31;16;23;24;26;15;16;37;29;14;30;1284
431250;1125;34;28;34;163;124;52;14;15;16;15;33;30;1683
431260;955;14;20;16;25;20;15;58;11;32;31;24;21;1242
431261;127;1;2;3;4;2;1;3;3;2;12;43;1;204
431262;79;0;6;5;2;0;2;1;1;0;3;2;3;104
431265;2837;60;72;76;130;153;101;93;85;78;88;113;170;4056
431267;110;1;4;3;2;6;2;1;2;0;1;0;3;135
431270;995;36;22;23;24;30;36;23;25;24;20;21;18;1297
431275;163;5;1;1;6;4;2;2;6;8;7;1;14;220
431280;430;9;15;15;15;8;23;10;19;12;7;10;30;603
431290;2152;61;61;84;73;53;70;79;78;91;93;89;59;3043
431295;234;17;10;3;1;3;6;2;5;6;11;14;7;319
431300;220;5;9;7;9;2;0;1;6;1;16;2;6;284
431301;46;5;6;5;2;1;3;3;8;21;3;2;47;152
431303;1087;13;18;35;732;34;44;28;24;36;44;24;61;2180
431306;5291;94;189;215;187;237;322;237;205;201;179;197;233;7787
431308;97;2;1;4;0;3;2;1;0;2;0;1;13;126
431310;528;16;14;18;7;20;29;22;13;23;19;26;28;763
431320;4353;122;113;114;122;93;115;152;219;127;96;112;157;5895
431330;4232;118;133;117;133;99;129;121;128;109;112;131;126;5688
431333;78;16;1;3;1;4;3;22;2;2;2;7;9;150
431335;371;6;7;20;9;10;8;9;10;13;10;4;9;486
431337;1966;49;56;65;41;42;58;46;62;220;90;40;139;2874
431339;113;2;2;4;0;6;4;4;0;2;1;3;20;161
431340;53049;2119;2338;2310;2432;2219;2536;2617;2253;2273;2546;2349;2899;81940
431342;140;2;4;7;6;9;8;3;3;0;3;3;2;190
431344;97;4;1;1;0;0;0;1;1;0;0;0;2;107
431349;254;4;5;2;2;4;8;7;5;22;4;10;4;331
431350;6909;293;296;354;260;243;220;254;190;197;319;216;351;10102
431360;116;3;3;2;3;2;1;2;1;0;1;2;0;136
431365;1317;39;42;43;59;79;40;70;49;42;26;25;37;1868
431370;3875;113;93;110;73;197;121;106;95;108;113;117;127;5248
431380;508;8;9;10;9;4;14;11;7;5;22;16;22;645
431390;7101;262;343;283;227;236;189;249;296;221;274;210;269;10160
431395;1289;24;38;36;33;54;42;32;47;30;54;34;57;1770
431400;1060;32;23;24;25;19;35;23;24;24;17;21;40;1367
431402;439;9;11;7;6;8;2;5;7;8;3;7;13;525
431403;215;6;7;9;3;3;4;5;3;4;3;5;11;278
431405;12267;320;230;282;265;262;259;262;289;278;356;222;293;15585
431406;91;4;0;0;1;1;3;2;6;1;3;1;19;132
431407;212;9;2;6;4;8;7;8;7;7;4;4;10;288
431410;28499;1024;1023;1172;1157;1113;1065;1148;1180;987;1136;1127;1098;41729
431415;695;8;13;11;12;5;10;7;13;9;31;52;64;930
431420;770;27;15;18;11;21;17;22;28;19;18;22;31;1019
431430;280;6;8;11;2;13;10;3;3;6;12;15;10;379
431440;44087;3052;1661;1843;1871;2140;1540;1600;1613;1495;1388;1480;2231;66001
431442;1694;35;114;70;51;41;41;46;170;41;57;48;119;2527
431445;266;1;1;10;2;8;2;2;2;1;2;1;2;300
431447;268;6;0;2;2;8;3;2;6;1;1;2;19;320
431449;130;0;2;5;4;2;1;2;0;2;0;1;16;165
431450;1219;21;30;26;32;30;38;143;25;45;49;17;85;1760
431455;167;2;2;4;3;6;3;1;4;1;1;0;7;201
431460;2031;175;395;75;44;79;56;74;205;48;78;70;241;3571
431470;690;14;13;11;11;10;12;19;17;22;13;14;42;888
431475;139;0;1;2;1;1;5;2;1;0;2;2;4;160
431477;231;10;1;3;7;6;5;7;3;7;5;5;8;298
431478;73;0;8;0;3;1;1;1;0;0;2;0;5;94
431480;4423;255;123;131;137;146;182;162;162;145;192;158;130;6346
431490;544129;13391;12898;17071;16330;14817;16257;15384;15197;15253;15967;15235;18192;730121
431500;520;37;8;30;12;25;33;35;13;9;13;17;53;805
431505;134;0;1;2;5;8;0;5;2;0;4;3;0;164
431507;102;2;1;4;0;1;1;0;2;0;2;0;0;115
431510;791;18;25;29;29;68;95;78;133;144;38;64;68;1580
431513;99;0;1;13;2;4;3;4;1;2;3;1;15;148
431514;436;5;5;7;3;4;5;2;2;6;6;3;12;496
431515;272;4;1;4;2;6;2;17;2;4;2;1;9;326
431517;261;3;3;5;5;0;0;4;5;8;3;3;3;303
431520;273;5;12;7;6;3;6;3;8;3;4;6;14;350
431530;1506;49;48;40;74;60;49;37;50;54;50;43;44;2104
431532;142;1;2;1;2;1;1;1;3;0;5;4;1;164
431535;293;7;15;4;7;7;9;3;6;5;4;8;24;392
431540;357;8;54;4;1;6;3;9;23;40;5;4;5;519
431545;107;2;14;1;3;2;2;0;0;1;1;3;1;137
431550;1668;44;37;64;49;87;106;55;41;36;37;38;56;2318
431555;134;0;13;3;2;3;3;12;0;3;4;2;13;192
431560;26968;859;825;849;832;898;803;881;798;1006;773;871;742;37105
431570;3284;144;124;116;216;159;196;162;171;102;131;158;220;5183
431575;754;22;39;314;14;7;28;31;42;28;27;6;17;1329
431580;1944;88;125;166;96;80;94;60;146;62;38;59;43;3001
431590;563;14;13;12;13;16;33;19;7;10;16;10;15;741
431600;4491;288;284;144;157;181;192;141;236;264;241;262;226;7107
431610;536;17;18;15;13;46;26;9;9;13;16;23;20;761
431620;298;4;3;3;0;4;5;12;8;8;8;10;9;372
431630;448;2;10;7;12;16;7;16;6;4;6;8;4;546
431640;3595;127;116;127;109;291;207;111;110;119;126;109;151;5298
431642;105;1;0;1;0;0;0;0;0;0;0;1;0;108
431643;319;12;5;10;12;1;9;7;8;3;5;3;3;397
431645;454;17;22;20;15;23;18;16;26;12;12;80;16;731
431647;266;1;2;11;1;7;2;4;0;4;1;3;5;307
431650;1698;59;67;92;54;78;45;102;56;62;72;62;72;2519
431660;1821;27;25;48;23;34;43;38;24;42;29;18;41;2213
431670;1223;26;23;28;36;70;37;31;43;39;23;25;61;1665
431675;1702;59;72;53;44;56;36;58;54;47;55;51;44;2331
431680;24813;1039;1266;1273;1206;1202;1658;3131;1606;811;987;928;1626;41546
431690;32613;1136;1263;1390;1125;1221;1298;1260;1299;1196;1269;1182;1514;47766
431695;867;2;18;48;16;7;12;9;23;12;201;9;15;1239
431700;461;43;28;31;11;8;8;31;10;34;5;3;27;700
431710;10008;314;326;500;318;272;349;620;266;268;328;265;312;14146
431720;10540;319;311;387;442;436;334;321;305;274;319;398;360;14746
431725;182;5;4;9;1;4;9;3;2;2;3;1;6;231
431730;4498;154;116;177;652;357;171;105;136;128;200;197;295;7186
431740;4717;157;128;192;148;186;158;182;174;153;139;156;222;6712
431750;9151;251;288;420;437;314;276;300;304;301;302;330;411;13085
431755;168;5;4;5;3;2;3;1;1;6;1;2;12;213
431760;4240;185;97;150;212;128;102;583;129;153;151;124;209;6463
431770;763;16;13;20;9;30;42;21;26;21;18;33;35;1047
431775;167;4;3;8;1;7;4;5;23;16;3;3;7;251
431780;1725;45;42;69;101;152;72;48;49;46;43;48;52;2492
431790;1976;40;36;61;52;70;74;72;72;62;65;39;45;2664
431795;100;0;0;0;0;3;0;1;1;0;0;3;2;110
431800;6585;168;132;238;171;305;268;212;163;186;124;151;233;8936
431805;411;9;2;13;9;8;13;8;8;9;13;6;9;518
431810;2033;67;33;35;23;56;184;34;72;39;70;52;78;2776
431820;2757;128;120;100;91;95;178;123;77;128;78;111;125;4111
431830;6296;143;181;229;204;301;258;172;185;138;160;140;177;8584
431840;2123;70;53;56;57;43;59;45;53;37;52;74;140;2862
431842;232;5;3;6;5;5;1;7;1;7;2;4;4;282
431843;185;0;5;3;4;2;5;12;4;2;2;3;5;232
431844;217;18;10;28;26;19;18;11;263;1;3;2;1;617
431845;97;1;2;0;2;1;1;1;0;3;3;5;5;121
431846;180;3;10;2;5;7;5;3;5;8;9;1;2;240
431848;453;10;8;12;21;64;12;11;19;32;37;33;12;724
431849;182;21;2;5;10;0;4;4;2;9;6;0;6;251
431850;937;14;17;27;13;18;30;14;14;19;28;95;110;1336
431860;748;12;9;13;17;15;15;17;13;15;14;7;25;920
431862;353;5;8;30;30;13;11;10;9;9;19;24;53;574
431870;31640;1079;1015;1140;1084;1078;1252;1285;1089;1123;1141;1077;1401;45404
431880;3232;121;67;96;79;170;122;94;82;64;70;91;148;4436
431890;3626;80;74;110;75;113;116;93;110;80;82;97;116;4772
431900;4076;113;163;149;139;192;169;225;119;107;116;106;81;5755
431910;536;17;8;20;7;18;11;12;13;11;15;11;16;695
431912;196;9;4;4;5;7;3;4;2;1;4;3;2;244
431915;516;10;10;9;16;29;24;11;11;10;8;6;29;689
431920;365;8;29;9;8;12;9;8;11;9;5;5;11;489
431930;446;7;18;12;8;11;8;4;7;9;5;11;8;554
431935;611;18;10;19;12;12;12;9;14;17;16;8;6;764
431937;205;10;8;3;5;2;11;5;6;0;1;4;7;267
431940;1290;33;31;37;42;35;47;48;55;49;44;28;25;1764
431950;4833;137;138;123;104;137;134;128;110;106;106;89;111;6256
431960;2580;48;50;61;51;99;108;57;53;51;54;38;71;3321
431970;197;12;5;12;25;1;3;4;3;0;3;8;4;277
431971;126;1;1;2;0;0;0;2;1;0;1;6;1;141
431973;169;5;7;0;0;1;1;2;2;3;2;4;5;201
431975;288;4;6;9;7;8;5;12;8;4;6;4;6;367
431980;751;14;11;19;29;53;33;32;19;23;20;25;55;1084
431990;16389;632;1161;1001;749;691;750;733;738;651;740;707;550;25492
432000;12504;617;527;747;744;698;785;623;655;769;647;566;453;20335
432010;4751;107;187;156;171;144;129;111;215;98;120;218;129;6536
432020;620;16;17;13;19;11;12;15;23;10;6;12;86;860
432023;181;3;3;5;1;3;3;2;2;2;14;1;29;249
432026;220;1;26;6;6;1;3;7;0;4;1;6;32;313
432030;514;13;16;8;16;19;27;14;6;28;15;6;21;703
432032;178;6;7;4;5;8;7;1;4;9;8;11;33;281
432035;386;10;14;11;12;11;8;13;12;10;6;12;22;527
432040;2514;56;60;123;59;102;73;91;96;120;108;109;161;3672
432045;101;2;3;2;5;3;1;0;4;1;2;2;4;130
432050;602;6;8;9;12;16;16;5;11;6;9;12;10;722
432055;232;8;5;3;6;3;3;7;6;3;2;3;1;282
432057;92;0;0;2;0;1;2;10;5;14;1;4;2;133
432060;253;7;8;8;4;4;3;3;6;10;5;1;6;318
432065;198;5;9;4;3;2;8;5;6;2;11;2;7;262
432067;503;7;7;14;27;10;59;26;29;5;6;12;6;711
432070;1529;62;63;98;50;56;46;61;42;82;40;68;61;2258
432080;2647;74;74;102;84;69;111;87;100;151;110;119;134;3862
432085;150;1;3;11;12;2;3;11;5;8;3;2;1;212
432090;2056;80;53;64;72;86;55;83;48;62;64;151;72;2946
432100;1500;51;92;65;63;78;53;60;55;42;186;63;65;2373
432110;2615;123;115;177;83;111;101;88;66;101;106;91;115;3892
432120;7900;280;398;389;424;375;452;330;364;374;410;604;692;12992
432130;4351;250;145;222;189;224;286;210;184;197;643;236;269;7406
432132;176;1;3;6;1;12;1;3;11;1;5;0;6;226
432135;249;1;6;3;1;2;6;1;25;1;2;3;3;303
432140;1131;25;25;41;37;39;56;40;35;26;20;83;103;1661
432143;951;31;36;47;31;47;17;34;75;33;29;82;72;1485
432145;6949;137;143;210;165;224;217;140;286;112;134;163;321;9201
432147;99;3;0;3;1;0;5;1;1;0;4;1;1;119
432149;37;0;1;0;0;0;2;2;0;2;0;2;1;47
432150;3804;236;1032;640;209;145;129;180;207;175;172;174;175;7278
432160;3088;156;598;423;98;107;121;90;138;63;86;81;198;5247
432162;60;1;1;1;4;1;3;1;1;1;3;0;0;77
432163;180;2;3;2;4;0;4;3;1;0;1;7;3;210
432166;837;30;20;40;32;23;35;88;26;21;19;27;26;1224
432170;4870;147;165;168;146;198;306;147;204;220;168;213;269;7221
432180;3144;78;71;67;76;86;90;131;77;83;63;90;120;4176
432183;198;108;4;7;0;3;4;8;2;3;4;3;6;350
432185;239;6;3;4;8;11;11;7;3;0;5;3;21;321
432190;3571;64;85;132;91;107;124;585;89;187;123;71;131;5360
432195;250;3;5;7;4;8;3;5;7;5;5;4;2;308
432200;11137;358;349;411;499;366;534;514;450;615;785;615;791;17424
432210;574;12;9;26;20;20;18;17;18;14;12;8;24;772
432215;173;2;2;1;1;0;0;1;2;4;0;1;0;187
432218;101;2;2;1;2;5;2;1;0;1;3;0;4;124
432220;2396;71;87;119;95;194;144;64;59;74;57;84;117;3561
432225;397;3;3;5;16;12;7;8;14;6;9;2;3;485
432230;815;17;8;19;29;6;20;9;12;10;22;21;16;1004
432232;610;8;8;10;3;4;7;38;20;11;5;9;20;753
432234;106;1;0;4;1;1;3;1;0;1;2;3;9;132
432235;67;18;0;6;2;0;13;0;0;1;1;3;2;113
432237;123;1;1;2;3;0;0;3;2;1;0;2;2;140
432240;13402;408;440;553;648;914;626;500;426;394;415;469;459;19654
432250;10157;665;2361;1798;1281;2090;642;1066;917;489;513;894;1458;24331
432252;148;0;4;1;1;1;1;0;0;1;0;0;2;159
432253;288;7;7;6;3;9;7;4;5;6;5;3;3;353
432254;433;13;5;12;11;9;6;8;5;8;19;7;13;549
432255;148;5;0;2;3;1;1;2;0;4;2;4;1;173
432260;8509;370;474;577;628;1383;1310;2305;454;337;258;321;306;17232
432270;1931;192;92;69;50;79;759;73;43;39;67;53;132;3579
432280;4936;267;156;152;129;148;116;124;111;146;117;131;174;6707
432285;55;0;1;1;1;0;2;5;0;10;2;1;4;82
432290;311;8;4;10;4;5;3;4;5;6;11;5;5;381
432300;10492;291;285;358;311;295;328;401;314;320;316;310;428;14449
432310;204;2;4;5;2;2;2;4;0;0;0;3;20;248
432320;398;6;6;22;15;20;10;28;8;8;6;17;17;561
432330;433;5;10;12;11;12;10;9;7;16;11;8;9;553
432335;83;1;1;2;1;0;1;1;2;1;1;1;1;96
432340;384;24;17;4;13;6;13;4;19;17;14;7;28;550
432345;289;2;6;7;4;4;16;4;6;3;6;4;4;355
432350;111;1;1;0;4;1;0;0;2;1;2;0;4;127
432360;99;3;2;2;1;0;3;0;1;2;2;22;0;137
432370;160;1;3;2;3;2;6;3;3;2;1;4;19;209
432375;112;1;1;5;5;5;4;0;5;0;1;2;27;168
432380;946;44;250;217;36;41;47;37;23;21;32;36;66;1796
500020;2785;128;185;147;166;133;148;162;156;166;151;219;157;4703
500025;183;7;6;5;3;1;5;5;2;3;1;1;3;225
500060;2463;96;103;104;77;81;71;93;99;85;65;80;179;3596
500070;1038;30;35;35;27;19;38;26;41;33;39;41;94;1496
500080;894;54;25;24;39;22;19;19;14;19;27;19;34;1209
500085;565;17;16;19;9;10;8;13;12;18;15;11;13;726
500090;241;18;7;10;5;6;4;1;5;6;10;1;66;380
500100;2696;111;114;141;142;171;175;211;163;147;217;206;119;4613
500110;2582;121;106;123;100;108;115;116;93;90;130;102;173;3959
500124;339;12;7;6;11;4;10;5;10;7;48;28;9;496
500150;659;34;32;19;22;15;14;24;15;20;12;32;50;948
500190;1522;114;83;86;73;304;61;71;105;167;120;172;359;3237
500200;930;35;29;30;27;32;32;25;32;38;29;29;23;1291
500210;1105;7;24;21;16;24;14;16;28;29;16;15;104;1419
500215;565;11;19;22;10;12;12;9;10;16;12;9;41;748
500220;1343;45;59;42;23;57;29;29;28;40;35;65;66;1861
500230;2163;50;61;67;58;71;102;86;79;61;59;76;130;3063
500240;1679;56;38;66;54;37;47;57;37;40;60;76;81;2328
500260;1192;59;82;82;49;90;49;140;73;53;33;44;49;1995
500270;145936;4136;4041;5117;4473;4289;5282;5486;4937;4920;4801;5192;7016;205626
500280;139;6;6;5;6;2;6;1;0;2;5;4;4;186
500290;1756;49;61;58;36;51;51;54;62;42;38;38;48;2344
500295;2680;93;105;169;138;232;194;194;205;185;205;317;258;4975
500310;262;14;13;11;9;7;10;12;10;11;8;10;9;386
500315;337;9;14;5;6;11;10;8;14;8;25;14;21;482
500320;8511;243;334;302;257;245;276;305;273;251;461;364;438;12260
500325;1480;68;62;75;85;92;60;74;75;99;48;61;112;2391
500330;2683;109;84;94;76;94;73;83;157;82;73;90;129;3827
500345;500;19;20;20;16;22;19;36;30;22;26;18;13;761
500348;498;9;16;9;9;21;7;9;17;5;12;11;24;647
500350;260;4;3;4;3;0;1;4;2;4;2;1;4;292
500370;19908;777;798;768;670;657;699;735;699;669;605;647;816;28448
500375;974;43;27;42;30;31;19;36;27;24;22;23;33;1331
500380;1047;25;16;38;25;37;45;44;36;44;26;42;64;1489
500400;452;8;22;13;10;10;9;7;8;8;13;8;11;579
500410;597;16;10;13;6;17;15;12;22;22;19;19;48;816
500430;1355;64;55;60;66;40;51;44;47;55;79;43;70;2029
500440;729;36;20;30;23;38;24;45;25;32;30;26;23;1081
500450;1213;47;61;25;22;27;30;22;23;38;29;22;24;1583
500460;816;32;28;47;74;16;47;93;28;22;29;47;495;1774
500470;1562;51;51;30;47;29;33;32;51;23;59;33;81;2082
500480;83;3;4;6;6;4;8;7;5;6;10;2;2;146
500490;351;21;17;27;13;19;16;29;16;14;16;13;22;574
500500;840;60;31;43;24;21;27;38;27;39;22;36;46;1254
500510;467;17;10;13;18;10;9;5;13;11;17;11;14;615
500515;210;21;15;7;10;4;9;4;2;11;5;13;18;329
500520;1806;12;18;18;21;15;10;15;9;7;10;17;39;1997
500525;477;12;13;10;14;22;10;6;11;12;7;6;15;615
500540;2827;103;126;380;382;120;172;132;110;108;84;94;695;5333
500560;1621;25;41;33;52;108;50;48;54;30;50;42;38;2192
500568;1254;40;33;34;27;39;23;41;32;53;60;41;72;1749
500570;4377;123;393;185;222;142;238;286;158;156;146;167;1258;7851
500580;598;39;23;24;21;21;22;23;22;19;22;34;40;908
500600;1098;77;42;36;36;41;32;56;65;91;52;37;119;1782
500620;3758;171;175;168;181;200;175;182;174;269;151;208;167;5979
500625;266;10;10;4;7;4;6;1;4;1;8;8;17;346
500630;3626;137;137;174;150;193;128;148;126;154;127;162;166;5428
500635;309;4;0;1;3;8;0;2;5;7;5;8;28;380
500640;465;16;23;14;10;5;8;10;7;13;15;8;14;608
500660;4909;149;164;154;137;128;132;141;153;114;136;106;218;6641
500690;899;49;46;42;27;30;32;37;34;33;75;28;39;1371
500710;2084;118;96;137;93;143;130;147;192;124;107;149;293;3813
500720;2862;82;119;431;143;151;195;122;124;87;88;117;763;5284
500730;333;11;5;10;3;6;4;4;9;7;3;6;23;424
500740;1271;66;52;48;70;42;52;40;32;39;62;52;62;1888
500750;525;24;25;18;24;16;16;15;14;21;14;13;32;757
500755;761;35;26;35;21;26;31;34;30;16;27;17;59;1118
500769;2094;78;75;89;116;140;78;69;77;93;78;101;174;3262
500770;586;17;22;12;13;12;9;12;16;14;12;13;19;757
500780;700;24;28;28;19;23;19;12;30;16;14;23;21;957
500790;3199;90;174;113;134;99;100;167;103;139;108;114;232;4772
500793;971;91;77;27;76;94;86;133;91;119;62;1579;326;3732
500795;455;5;11;5;2;19;6;12;6;11;15;5;8;560
500797;261;3;3;11;4;3;6;10;4;3;9;1;6;324
500800;1177;40;47;43;52;43;23;37;24;40;35;45;43;1649
500830;9090;514;558;507;408;404;410;449;391;392;392;579;444;14538
500840;176;6;7;8;5;6;4;5;5;4;6;49;14;295
510010;117;5;1;4;2;8;0;2;2;4;6;0;53;204
510020;1429;51;47;62;43;67;58;75;46;44;54;30;49;2055
510025;3850;97;131;151;148;118;123;162;150;151;142;113;242;5578
510030;770;25;27;25;14;20;20;30;6;15;25;22;33;1032
510035;37;1;3;3;2;1;2;2;2;1;0;1;0;55
510040;606;10;15;11;13;39;14;23;13;18;15;25;29;831
510050;95;2;3;6;1;1;0;3;1;0;0;2;3;117
510060;493;15;14;9;25;44;33;27;22;14;11;32;66;805
510080;333;14;8;5;17;3;9;16;12;3;5;13;6;444
510100;258;9;12;8;5;4;8;11;7;5;10;13;143;493
510120;140;1;1;0;1;0;3;0;3;1;3;0;1;154
510125;1698;35;62;50;36;35;30;34;34;28;30;80;59;2211
510130;463;5;12;11;8;12;15;13;10;13;3;1;8;574
510140;814;23;44;56;58;42;17;35;33;39;35;49;65;1310
510160;121;3;4;2;7;2;1;7;2;1;6;8;6;170
510170;1742;183;53;62;63;100;133;198;207;154;234;2253;108;5490
510180;6193;498;221;224;213;333;255;244;229;281;213;183;448;9535
510190;774;24;28;33;38;25;42;39;34;22;17;19;38;1133
510250;6184;217;212;203;196;194;189;206;168;171;211;298;410;8859
510260;262;2;3;7;3;3;2;5;3;2;1;6;1;300
510263;2776;114;135;159;456;313;196;224;195;222;1332;194;237;6553
510267;1453;26;39;39;55;43;55;334;99;85;106;48;32;2414
510268;215;66;25;5;28;9;4;2;6;12;30;116;417;935
510269;22;4;0;2;1;0;0;1;1;0;1;1;0;33
510270;1314;35;44;30;43;55;65;66;68;67;55;37;186;2065
510279;308;11;6;3;15;9;18;19;13;19;24;24;12;481
510285;198;30;4;14;4;19;10;8;8;8;4;8;28;343
510300;1655;5;11;26;26;66;65;82;147;173;209;111;140;2716
510305;1318;59;82;44;76;75;66;91;55;47;53;60;66;2092
510310;224;13;8;12;10;5;12;13;7;15;14;15;23;371
510320;1766;65;53;45;60;62;61;87;94;71;66;70;172;2672
510330;878;36;30;51;50;22;44;46;71;35;59;39;47;1408
510335;255;3;2;35;24;41;186;266;29;496;22;116;21;1496
510337;432;29;28;20;28;23;23;33;20;31;25;40;22;754
510340;118753;4139;3305;4068;3203;3416;3478;3777;3809;3597;3801;4092;3991;163429
510345;296;4;11;13;13;12;18;13;28;13;23;10;11;465
510350;1849;67;43;75;171;167;145;109;108;125;100;80;784;3823
510360;476;24;6;27;39;11;19;20;54;25;8;15;24;748
510370;355;15;16;25;18;22;18;22;18;22;15;14;22;582
510380;134;1;0;1;1;3;1;1;4;6;0;0;1;153
510385;63;2;4;0;4;3;1;1;5;1;4;4;42;134
510390;225;9;6;5;4;4;3;7;6;22;6;24;10;331
510395;111;6;14;2;0;2;1;0;1;1;1;9;0;148
510410;985;52;43;49;75;52;41;42;32;34;46;64;152;1667
510420;793;23;15;11;42;19;19;20;8;25;28;11;20;1034
510450;18;0;0;1;1;1;1;0;0;1;1;1;1;26
510455;1318;29;71;30;49;44;43;35;52;31;28;41;31;1802
510460;1993;74;100;81;99;82;145;164;157;105;95;168;118;3381
510480;3167;63;39;111;71;92;118;96;149;98;1800;64;88;5956
510490;448;44;57;103;25;78;37;13;13;6;11;43;40;918
510500;377;6;10;12;1;14;3;8;3;2;8;11;25;480
510510;1624;35;42;44;80;55;68;53;37;43;44;48;62;2235
510515;1780;54;50;54;50;59;69;79;63;81;46;89;113;2587
510517;602;34;65;52;42;58;52;37;23;47;42;28;25;1107
510520;419;8;19;20;18;21;5;10;13;19;8;7;9;576
510523;232;5;2;2;5;4;18;24;41;22;14;552;51;972
510525;1533;38;49;54;62;55;71;70;55;92;67;58;148;2352
510530;112;1;1;8;5;0;2;5;1;1;0;0;0;136
510550;325;7;15;11;21;9;6;5;8;9;9;9;16;450
510558;957;40;75;63;56;62;68;63;50;57;54;76;89;1710
510560;530;24;49;12;23;19;30;21;22;14;26;25;13;808
510562;1545;50;35;59;61;41;45;115;56;66;41;32;83;2229
510590;789;10;20;16;25;19;26;23;22;28;60;61;21;1120
510600;268;4;3;7;3;4;3;7;2;5;6;5;4;321
510610;246;1;0;7;7;1;3;3;8;2;3;2;15;298
510615;107;1;2;0;0;3;6;3;7;1;10;1;2;143
510618;45;9;1;1;3;5;2;10;4;7;31;4;64;186
510620;142;2;2;2;2;3;2;3;1;2;0;4;0;165
510621;387;4;11;3;9;5;8;9;4;11;15;7;17;490
510622;1730;52;77;81;102;104;67;120;60;88;63;34;94;2672
510623;2877;50;61;75;2595;508;100;2030;141;114;2865;761;327;12504
510624;239;2;7;3;14;18;6;15;14;14;3;9;20;364
510625;916;31;24;34;31;73;24;30;23;22;35;30;45;1318
510626;130;6;1;3;3;3;6;14;27;4;3;11;4;215
510627;133;6;7;6;5;7;2;5;2;2;1;4;3;183
510628;637;26;34;35;61;40;61;63;63;50;83;41;98;1292
510629;509;11;4;4;11;10;8;54;13;12;18;13;18;685
510630;564;16;24;15;14;26;13;19;18;7;29;18;116;879
510637;1960;89;91;179;177;178;69;76;112;99;52;140;164;3386
510642;446;5;5;8;9;12;12;7;8;6;2;23;15;558
510645;7;6;1;0;0;2;1;2;6;1;0;1;4;31
510650;1091;33;15;17;42;33;49;68;262;94;110;211;510;2535
510665;132;8;4;4;2;3;6;6;1;4;2;4;16;192
510670;59;0;0;0;1;0;0;0;1;0;0;4;0;65
510675;2562;72;532;103;63;64;78;101;114;95;91;93;101;4069
510677;111;1;0;0;1;0;1;0;6;0;1;10;2;133
510680;487;43;40;15;22;18;19;26;24;26;29;20;28;797
510682;389;14;21;12;23;8;7;17;34;45;16;24;22;632
510685;99;1;1;0;3;0;0;0;2;0;0;0;0;106
510700;936;13;17;26;33;19;28;12;25;18;16;31;21;1195
510704;3449;181;180;215;344;222;196;239;255;247;223;209;388;6348
510706;514;32;23;23;30;38;38;43;36;42;31;35;70;955
510710;1888;60;63;64;45;70;81;96;88;48;59;47;133;2742
510715;66;1;0;2;0;1;1;1;1;1;0;0;0;74
510718;148;1;8;5;5;6;5;7;6;6;7;3;3;210
510719;65;0;1;0;0;0;0;0;0;0;0;0;2;68
510720;279;3;4;3;2;2;6;1;7;5;11;7;27;357
510724;392;33;21;29;31;18;30;29;37;26;44;24;26;740
510726;74;0;1;0;1;1;1;0;1;1;2;1;5;88
510729;123;1;0;4;1;1;2;2;0;2;1;0;3;140
510730;1291;105;53;62;71;70;70;81;76;84;58;87;86;2194
510735;161;2;5;4;6;2;4;14;6;15;4;9;32;264
510740;86;3;2;0;0;3;2;4;0;5;3;0;6;114
510760;16623;624;630;767;751;739;730;726;701;670;692;739;806;25198
510770;557;7;26;8;16;9;17;7;8;5;15;23;11;709
510775;181;0;1;1;2;0;0;1;0;1;0;0;3;190
510777;361;40;28;24;28;16;34;35;19;8;16;9;10;628
510780;6849;227;220;211;196;168;249;315;208;363;156;160;968;10290
510785;453;4;7;6;6;9;11;9;7;12;4;8;17;553
510787;838;39;48;55;154;70;81;59;69;64;66;53;92;1688
510790;10748;417;523;562;473;639;699;676;518;539;466;435;548;17243
510792;3798;104;172;178;376;249;175;185;147;167;161;163;299;6174
510794;123;1;4;7;3;3;9;4;2;3;2;3;3;167
510795;5792;197;257;205;251;216;267;322;354;257;284;247;252;8901
510800;426;11;17;16;25;19;25;24;18;30;25;23;28;687
510805;500;17;42;33;38;43;31;28;69;16;13;18;34;882
510810;125;2;3;1;5;3;2;4;1;3;0;3;3;155
510820;290;3;11;5;2;7;4;1;9;3;3;10;11;359
510830;169;9;16;12;12;8;5;9;13;7;9;25;11;305
510840;19380;682;542;832;907;736;749;2088;1024;899;1086;4601;955;34481
510850;1804;90;97;128;75;127;148;105;105;120;138;94;191;3222
510860;577;16;21;21;11;15;26;22;62;13;23;19;76;902
510880;129;5;4;4;2;6;11;3;3;22;4;3;59;255
510885;68;0;1;1;4;1;1;0;2;0;1;1;4;84
510890;290;2;7;5;13;13;16;16;8;24;15;30;35;474
510895;180;10;22;8;13;3;4;5;6;8;6;3;22;290
520005;96;0;3;7;16;4;6;7;10;17;8;5;18;197
520010;612;23;13;8;15;14;17;29;18;10;21;13;13;806
520013;1433;69;38;39;72;78;121;110;248;71;47;61;202;2589
520015;114;0;0;0;2;2;3;1;1;0;1;0;1;125
520017;290;5;5;7;32;2;7;3;4;3;5;4;13;380
520020;191;0;2;5;2;1;0;6;0;1;1;0;1;210
520025;1071;48;67;71;44;138;212;90;77;53;59;75;88;2093
520030;830;14;10;10;8;6;18;14;10;19;22;17;21;999
520050;63;0;0;0;0;0;0;0;0;0;0;1;1;65
520055;110;19;2;16;1;0;0;0;15;6;7;1;0;177
520060;460;15;12;16;9;8;17;17;16;12;10;12;13;617
520080;273;14;7;7;5;4;7;4;5;1;3;1;4;335
520082;73;13;0;5;6;4;11;3;14;5;4;1;21;160
520085;140;0;0;1;1;0;0;0;1;1;2;1;2;149
520090;170;1;2;0;0;1;1;1;1;2;0;2;4;185
520110;33494;2222;1100;1150;1152;1080;1061;1159;1122;1081;1233;1232;1395;48481
520120;152;3;2;1;1;3;1;1;2;0;3;2;1;172
520130;1491;47;52;367;41;124;136;64;70;77;704;52;65;3290
520140;26687;1710;1291;1236;1117;1209;1337;1458;1284;1322;1457;1533;1913;43554
520145;272;9;5;9;6;12;9;6;12;6;9;20;8;383
520150;414;14;20;21;30;16;11;17;19;15;14;11;17;619
520160;223;0;2;0;0;2;0;0;0;0;0;4;1;232
520170;298;5;6;7;8;11;5;11;28;4;15;9;31;438
520180;286;3;10;3;3;7;15;12;14;5;6;9;7;380
520215;194;6;1;3;1;2;2;5;4;4;5;0;2;229
520235;206;1;2;2;5;5;2;0;4;7;1;2;1;238
520250;419;10;12;12;18;1;8;5;5;4;6;20;3;523
520260;174;3;0;2;1;1;3;4;1;1;3;2;1;196
520280;127;2;1;2;2;1;0;1;2;0;4;0;3;145
520310;101;4;1;7;4;3;1;3;4;2;3;4;4;141
520320;470;6;18;17;5;10;6;3;10;3;15;13;9;585
520330;3726;129;156;187;136;214;198;181;127;180;162;192;178;5766
520340;272;2;4;4;2;4;1;2;5;9;2;6;5;318
520350;1491;51;38;89;133;98;46;39;75;38;60;44;50;2252
520355;250;7;2;6;5;4;7;12;10;8;12;5;58;386
520357;157;1;6;5;5;4;5;8;0;1;6;2;1;201
520360;160;1;5;5;6;9;8;19;4;6;5;5;1;234
520380;381;6;7;4;7;8;5;7;10;8;4;6;8;461
520390;477;6;11;9;7;3;12;6;7;12;7;9;8;574
520393;103;4;13;6;3;0;0;1;4;1;4;3;0;142
520396;669;0;4;1;4;7;22;24;11;26;168;31;6;973
520400;402;13;7;9;17;14;16;16;12;7;17;28;7;565
520410;788;12;14;14;34;29;21;29;28;31;43;38;35;1116
520420;90;0;0;1;0;4;0;2;0;1;2;0;3;103
520425;563;5;7;10;6;18;20;9;6;7;8;7;10;676
520430;791;24;8;24;10;18;12;16;18;15;28;23;23;1010
520440;788;21;14;19;23;28;18;20;17;32;30;15;40;1065
520450;5647;370;324;299;181;235;238;284;383;184;278;256;310;8989
520455;150;0;1;1;1;2;0;1;2;4;5;1;1;169
520460;142;3;2;4;1;2;0;1;7;1;3;6;1;173
520465;107;0;0;0;1;0;0;0;0;0;0;1;1;110
520470;328;5;5;9;4;16;9;5;3;5;4;9;4;406
520480;467;32;13;15;11;35;13;19;21;28;20;19;14;707
520490;740;16;16;18;14;23;9;19;17;29;16;37;14;968
520495;213;6;9;12;14;14;18;31;29;23;1;6;25;401
520500;448;2;9;0;5;1;2;9;27;127;2;14;31;677
520505;178;1;1;33;15;8;4;0;1;4;10;7;39;301
520510;7368;231;220;258;213;232;232;231;224;202;201;239;278;10129
520520;179;1;2;2;0;3;0;4;2;5;2;2;2;204
520530;361;2;3;3;6;3;2;94;7;1;1;1;0;484
520540;2148;54;55;37;37;46;61;52;42;34;49;38;86;2739
520545;489;31;20;15;65;4;51;89;48;20;76;37;62;1007
520547;665;11;21;28;40;51;18;21;48;53;16;29;68;1069
520549;1332;40;42;52;57;42;41;40;50;46;36;153;63;1994
520551;405;11;8;17;3;8;47;14;21;21;18;12;23;608
520552;306;81;103;80;135;46;57;37;15;3;1;3;2;869
520570;153;4;1;2;1;4;2;5;4;1;5;5;7;194
520580;369;1;3;1;0;1;2;4;3;4;3;5;4;400
520590;496;53;19;7;14;10;19;114;18;16;16;7;11;800
520620;2924;68;175;183;169;313;437;216;158;237;375;411;179;5845
520630;205;2;5;4;6;5;2;3;6;4;9;4;12;267
520640;1190;17;21;16;25;12;15;21;13;29;44;35;30;1468
520650;194;5;0;1;0;3;3;5;1;3;2;2;2;221
520660;268;3;6;6;6;6;0;4;3;8;1;9;13;333
520670;140;0;3;2;0;0;0;1;0;2;0;2;1;151
520680;123;0;0;1;0;0;0;0;0;0;0;0;2;126
520690;153;1;0;1;1;0;2;7;1;2;3;3;1;175
520710;154;2;5;1;0;1;1;0;3;0;0;0;11;178
520725;425;8;2;9;6;4;8;9;3;5;4;7;14;504
520735;264;5;11;4;1;4;5;4;2;4;5;2;4;315
520740;536;11;14;15;17;19;18;7;10;23;16;6;15;707
520750;170;7;5;0;4;4;4;2;5;1;2;1;4;209
520753;367;2;1;1;1;0;1;0;0;0;1;1;3;378
520760;280;19;2;3;4;1;2;2;2;5;5;0;1;326
520780;460;29;15;13;7;3;27;13;12;12;8;12;16;627
520790;221;0;2;2;6;4;7;5;8;4;13;1;1;274
520800;4499;130;159;124;163;163;147;136;143;247;117;125;149;6302
520810;211;2;0;2;0;1;1;1;2;4;0;1;12;237
520830;89;2;1;0;0;0;1;0;0;0;0;1;0;94
520840;319;7;9;6;9;11;1;8;13;16;9;9;8;425
520850;290;9;6;5;12;4;1;5;5;5;6;4;11;363
520860;4590;321;349;186;139;158;164;100;195;285;152;1870;184;8693
520870;303046;8768;9013;12129;9508;9725;9645;10808;11289;10793;10744;10684;12802;428954
520880;1495;51;68;65;77;62;74;66;87;75;48;33;252;2453
520890;2010;68;51;73;34;51;51;63;46;106;41;79;79;2752
520910;3347;69;79;118;338;250;261;123;184;106;191;152;960;6178
520915;361;14;9;10;19;9;3;4;7;11;6;9;11;473
520920;546;17;21;12;20;15;15;13;18;21;33;21;18;770
520929;150;1;0;1;0;0;1;1;1;4;3;1;0;163
520940;148;1;1;1;0;0;0;2;0;4;0;0;2;159
520945;29;0;0;0;0;0;0;0;0;0;1;0;0;30
520960;104;1;0;0;0;2;0;2;1;0;1;0;2;113
520970;919;47;48;40;27;41;35;57;40;48;55;57;60;1474
520980;249;0;3;1;1;0;0;0;5;0;2;0;1;262
520990;419;3;6;6;4;7;5;5;9;11;11;61;18;565
520993;321;2;2;9;5;10;12;6;1;3;3;2;7;383
520995;676;38;14;37;23;15;18;41;24;30;30;33;199;1178
521000;3871;83;70;136;106;78;129;142;153;171;145;452;268;5804
521010;2132;77;60;77;87;99;85;121;84;296;71;76;101;3366
521020;1788;25;39;32;29;35;36;42;37;51;46;38;37;2235
521030;192;1;1;3;0;0;1;2;6;0;4;1;0;211
521040;1572;22;24;47;52;58;43;21;29;26;14;32;42;1982
521056;153;1;1;0;2;1;1;0;0;1;13;1;0;174
521060;348;5;5;2;8;7;5;4;3;6;5;9;13;420
521080;534;14;29;15;15;14;10;13;8;19;25;19;31;746
521090;364;5;3;2;3;4;12;5;7;7;6;1;7;426
521100;618;11;14;13;10;7;10;6;9;6;9;14;8;735
521120;1303;25;7;15;11;19;65;11;23;23;36;25;27;1590
521130;400;10;18;11;12;15;14;5;9;11;16;11;13;545
521140;496;5;11;21;7;4;11;13;2;9;14;5;42;640
521150;11076;415;441;400;427;427;491;482;350;367;340;351;608;16175
521160;129;2;2;5;1;2;2;4;0;2;4;4;1;158
521170;770;16;16;14;9;20;24;28;36;31;16;12;983;1975
521180;2395;113;104;68;72;90;79;72;71;62;75;61;117;3379
521190;7937;352;230;454;383;297;281;323;363;287;366;275;355;11903
521200;155;3;3;2;5;1;3;9;3;11;2;1;25;223
521205;83;2;0;7;2;0;1;2;0;1;0;3;5;106
521210;443;4;10;23;13;16;43;14;16;13;45;86;26;752
521220;1284;26;39;28;24;31;31;18;24;43;28;29;51;1656
521230;481;9;4;20;8;21;16;9;16;17;20;8;23;652
521250;8800;269;240;286;293;265;256;265;326;274;259;260;312;12105
521260;170;2;3;2;1;5;4;3;3;2;1;2;3;201
521270;5;0;0;0;0;0;0;0;44;0;178;1;0;228
521280;486;5;8;2;4;7;8;12;6;9;56;13;16;632
521290;90;4;1;3;0;1;1;2;4;2;4;1;1;114
521295;280;2;5;3;1;2;6;8;2;4;4;4;4;325
521300;728;26;31;79;208;360;293;177;258;224;108;364;2038;4894
521305;154;7;3;2;8;2;4;1;4;3;2;8;1;199
521308;2137;124;134;256;125;91;219;123;218;156;296;92;94;4065
521310;3737;63;65;80;102;106;77;138;110;121;86;123;139;4947
521340;110;2;1;1;3;0;12;1;1;1;1;2;4;139
521350;196;1;1;4;6;0;2;0;3;2;2;0;0;217
521370;534;21;5;11;11;11;6;7;12;7;12;12;10;659
521375;776;34;16;19;54;41;50;35;57;36;33;59;207;1417
521377;105;2;1;1;3;0;1;0;2;3;0;0;0;118
521380;3165;130;70;87;126;98;123;108;108;143;127;115;139;4539
521385;108;0;0;1;0;1;1;2;0;0;0;0;1;114
521390;262;1;2;4;2;2;0;5;0;2;5;32;2;319
521400;369;5;8;7;9;7;4;12;4;3;6;13;18;465
521405;415;10;4;10;6;3;5;3;5;7;16;7;13;504
521410;180;0;4;5;0;3;0;2;1;0;0;2;7;204
521440;645;35;17;27;51;21;23;25;15;27;35;18;24;963
521450;2776;120;64;126;82;99;115;107;97;113;79;111;115;4004
521460;3099;81;110;132;143;100;136;97;134;116;167;254;223;4792
521470;110;4;1;1;2;0;13;1;2;1;0;0;1;136
521480;191;1;0;1;0;1;0;1;2;2;3;0;2;204
521483;790;17;17;12;14;32;22;12;17;19;32;15;18;1017
521486;475;2;4;7;89;27;26;5;9;14;42;20;64;784
521487;103;0;1;0;0;0;0;0;0;0;0;0;1;105
521490;110;0;0;1;0;19;1;1;0;0;3;1;0;136
521500;378;5;5;7;17;9;5;5;12;9;5;6;7;470
521520;160;2;1;2;3;1;4;2;0;0;12;4;1;192
521523;1379;18;14;27;26;53;16;30;32;20;19;37;82;1753
521525;223;2;1;1;1;0;2;1;3;5;5;4;4;252
521530;851;22;20;16;31;15;23;23;29;13;13;13;32;1101
521540;238;5;9;8;5;6;30;5;7;7;4;8;6;338
521550;520;4;5;6;9;10;7;11;7;8;5;1;6;599
521560;799;5;12;9;27;15;23;77;28;19;45;19;50;1128
521565;227;6;2;5;6;1;2;4;4;1;7;6;10;281
521570;979;24;33;24;20;15;41;26;24;24;20;28;18;1276
521580;284;2;2;4;7;7;9;3;6;9;22;17;6;378
521590;203;4;5;7;4;3;4;1;0;5;8;4;20;268
521600;150;0;1;0;0;1;2;3;3;2;1;0;2;165
521630;478;12;7;9;7;7;11;13;28;15;17;19;32;655
521640;852;25;38;30;21;28;31;39;46;25;28;24;34;1221
521645;225;5;8;3;2;8;8;5;7;8;11;1;3;294
521680;241;4;4;4;7;4;9;2;2;3;11;4;9;304
521690;118;1;1;0;1;0;1;4;2;2;2;0;1;133
521710;1503;48;31;21;25;20;28;40;36;67;42;47;55;1963
521720;805;16;42;25;20;25;28;31;62;77;31;22;46;1230
521730;1410;43;28;16;19;23;24;13;22;14;31;20;31;1694
521740;2299;115;62;62;68;65;53;64;53;58;82;78;85;3144
521760;1681;61;53;56;48;54;59;63;64;119;103;83;71;2515
521770;944;19;20;27;26;18;16;21;24;22;14;15;18;1184
521800;2698;63;38;62;54;56;83;80;91;75;53;65;77;3495
521805;163;1;2;6;4;8;19;24;7;5;2;9;3;253
521810;284;4;4;7;6;10;11;4;8;2;2;2;8;352
521830;1470;35;22;22;25;46;68;56;75;58;62;169;82;2190
521839;184;7;2;4;2;3;4;4;0;4;1;3;1;219
521850;3223;85;100;77;83;101;62;64;91;65;97;75;80;4203
521860;733;11;18;12;17;10;17;17;12;16;21;16;12;912
521870;217;2;7;4;7;6;7;12;7;13;9;2;4;297
521878;1022;32;33;48;45;36;45;86;39;47;43;61;54;1591
521880;13894;389;416;434;458;525;494;559;443;488;441;624;578;19743
521890;1161;12;26;142;22;16;25;51;41;22;16;713;39;2286
521900;482;12;13;6;12;1;15;5;9;10;4;15;9;593
521910;277;29;15;6;4;8;5;16;7;4;11;11;5;398
521920;86;2;4;4;4;6;4;0;5;3;4;4;4;130
521925;522;9;7;15;13;3;13;5;17;11;11;18;23;667
521930;3044;63;67;96;96;159;104;210;299;111;662;123;81;5115
521935;230;1;3;0;21;0;9;7;5;1;25;3;4;309
521940;379;48;29;24;7;37;13;14;10;17;27;29;18;652
521945;138;3;1;0;1;2;1;0;1;3;2;1;2;155
521950;111;0;0;1;1;1;0;0;1;0;1;0;1;117
521960;182;0;1;1;0;0;1;1;3;2;3;2;0;196
521970;494;2;6;2;2;2;1;0;1;2;0;3;0;515
521971;222;3;1;4;1;0;0;2;7;5;4;4;3;256
521973;538;3;6;10;5;5;6;4;4;19;4;10;21;635
521975;1351;31;39;32;35;37;43;43;47;42;35;45;57;1837
521980;215;0;1;2;1;1;0;1;1;0;9;11;1;243
521990;246;2;4;3;3;2;2;0;4;2;5;1;2;276
522000;342;9;7;4;4;5;3;12;6;3;5;6;5;411
522005;130;0;1;5;1;4;2;1;5;1;0;5;2;157
522010;2189;67;84;135;82;52;78;65;90;82;75;86;169;3254
522015;35;1;3;5;2;1;1;0;3;3;3;5;4;66
522020;1381;46;44;35;34;27;44;38;34;32;34;28;54;1831
522026;142;1;1;1;4;1;2;3;2;1;4;1;2;165
522028;86;0;0;0;1;0;0;1;0;0;1;1;1;91
522040;1013;18;14;59;9;22;70;20;12;15;11;10;17;1290
522045;1833;67;77;59;70;79;68;69;84;124;69;89;93;2781
522050;508;5;9;16;9;9;9;4;12;11;17;11;8;628
522060;1203;41;33;27;34;23;30;20;36;54;53;56;53;1663
522068;76;1;3;2;2;0;0;0;1;4;8;5;2;104
522070;9;0;0;0;0;0;3;0;0;0;0;0;0;12
522100;237;1;0;0;0;0;3;2;0;1;1;1;2;248
522108;35;1;0;0;2;0;0;0;0;1;0;0;1;40
522119;175;4;2;1;1;3;15;2;4;4;2;3;6;222
522130;169;6;9;30;24;3;0;2;3;2;3;4;7;262
522140;5719;347;247;246;244;356;250;261;262;277;271;280;277;9037
522145;177;3;3;0;1;3;0;0;0;0;2;0;1;190
522150;307;5;1;2;4;11;13;4;3;2;7;2;8;369
522155;470;13;13;92;167;71;47;48;15;30;35;51;274;1326
522157;199;0;1;2;1;0;0;1;1;0;0;1;2;208
522160;1812;56;52;34;62;45;58;62;51;57;37;76;50;2452
522170;522;5;5;6;3;8;7;3;9;7;6;3;3;587
522180;185;1;1;2;4;4;1;2;1;4;2;2;2;211
522185;3104;110;113;162;105;101;106;165;106;111;80;102;123;4488
522190;255;2;14;57;16;13;42;8;15;10;6;13;32;483
522200;789;19;21;20;30;33;20;20;7;21;21;16;20;1037
522205;493;6;10;5;16;23;16;9;14;12;15;13;9;641
522220;132;0;1;1;0;0;2;2;1;4;0;0;3;146
522230;125;1;4;2;3;5;2;4;4;4;3;1;8;166
530010;719483;10585;12147;14814;11070;12363;13248;13730;14065;13322;12893;13108;17287;878115
{ñ class};2430;54;45;62;39;42;27;47;41;70;74;59;57;3047
Total;24491635;780149;812006;902001;823403;823024;845235;887915;864616;867436;863370;871697;1176066;35008553
