Coluna;Mês Desligamento
Município;Não desligado ano;Janeiro;Fevereiro;Março;Abril;Maio;Junho;Julho;Agosto;Setembro;Outubro;Novembro;Dezembro;Total
110002;2890;126;176;175;159;165;193;180;223;160;162;173;148;4930
110004;4156;162;199;211;226;213;235;208;212;252;153;198;191;6616
110005;377;19;23;8;7;13;23;21;15;13;7;15;17;558
110006;694;15;46;26;23;33;24;30;25;21;22;19;16;994
110008;188;4;2;3;3;4;1;6;4;0;3;6;2;226
110009;542;12;13;41;31;26;22;27;22;26;23;17;84;886
110010;17821;228;218;345;360;499;366;371;492;183;218;184;165;21450
110011;2281;50;70;97;104;104;127;106;143;89;90;91;98;3450
110012;8463;258;377;429;411;517;510;464;460;416;374;451;566;13696
110014;4;0;0;0;0;0;1;0;0;0;1;0;0;6
110015;1886;116;52;79;56;83;77;87;89;83;61;61;75;2805
110018;1968;81;89;141;110;128;124;114;150;105;145;115;155;3425
110020;77736;1742;3058;2517;2419;2522;2299;2238;3051;2468;1913;2490;2374;106827
110025;369;6;13;19;8;18;13;19;16;16;12;10;44;563
110028;490;9;26;31;31;50;40;41;37;27;26;31;30;869
110029;94;3;3;6;7;4;5;5;3;0;7;3;15;155
110030;4518;190;207;254;243;319;302;291;286;263;255;301;274;7703
110033;6;0;0;1;0;1;0;5;1;3;1;1;2;21
119999;75;0;0;0;0;0;2;1;0;1;0;1;1;81
120005;8;0;0;0;0;0;0;0;0;0;0;0;0;8
120010;444;7;10;5;5;3;5;4;3;11;2;2;6;507
120020;1730;13;14;13;10;13;9;7;16;19;15;20;13;1892
120030;342;4;7;1;3;0;1;1;0;0;1;0;1;361
120033;10;0;0;0;0;0;0;0;0;0;0;3;0;13
120034;16;0;0;0;0;0;0;0;0;0;0;0;0;16
120038;44;2;0;2;1;0;0;3;2;0;2;1;0;57
120040;40886;692;570;850;685;719;767;654;730;676;1140;754;1035;50158
120045;229;2;0;4;1;5;2;8;3;5;1;4;3;267
120050;114;0;0;1;2;0;0;2;0;0;1;1;0;121
120060;105;0;0;0;0;0;0;0;0;1;0;0;1;107
120070;138;4;2;2;2;2;1;0;6;2;1;1;1;162
130002;8;0;0;0;0;0;0;0;0;0;0;0;0;8
130006;1;0;0;0;0;0;0;0;0;0;0;0;0;1
130008;1;0;0;0;0;0;0;0;0;0;0;0;0;1
130010;265;3;1;2;0;0;1;0;1;0;0;0;2;275
130020;28;4;1;1;2;5;0;0;0;0;0;0;0;41
130030;100;0;0;1;0;0;0;0;0;1;0;0;0;102
130040;13;0;0;0;0;0;0;0;0;0;0;0;0;13
130050;446;0;0;1;4;0;0;0;0;1;0;0;0;452
130060;945;10;9;12;6;9;7;6;7;6;6;13;3;1039
130063;1;0;0;0;0;0;0;0;0;0;0;0;0;1
130068;1;0;0;0;0;0;0;0;0;0;0;0;0;1
130070;498;3;0;1;2;2;1;3;3;0;8;2;0;523
130080;482;0;0;3;3;8;9;4;5;0;5;1;4;524
130083;1;0;0;0;0;0;0;0;0;0;0;0;0;1
130090;12;0;0;0;0;0;0;0;0;0;0;0;0;12
130100;470;4;0;5;1;1;6;2;6;1;1;3;2;502
130110;200;5;7;45;6;10;10;104;18;102;24;5;12;548
130120;996;19;40;28;5;8;8;5;7;22;13;14;20;1185
130130;382;0;0;1;0;2;1;1;29;19;0;5;1;441
130140;609;5;3;3;9;6;5;5;6;4;2;5;5;667
130150;62;0;0;0;0;0;0;0;0;0;0;0;0;62
130160;256;0;0;0;0;1;0;1;1;0;0;1;0;260
130170;966;42;12;26;15;25;21;25;133;91;40;5;9;1410
130180;123;0;0;0;0;0;0;0;0;0;0;0;1;124
130185;44;4;8;5;2;4;1;3;6;2;1;3;1;84
130190;5079;125;172;161;137;180;146;125;278;167;163;190;190;7113
130200;10;0;0;0;0;0;0;0;1;0;0;0;1;12
130210;16;0;0;0;0;0;2;0;0;0;0;0;0;18
130220;11;0;0;0;0;0;0;0;0;0;0;0;0;11
130230;6;0;0;0;0;0;0;0;0;0;0;0;0;6
130240;598;1;5;5;3;24;5;2;8;5;5;4;19;684
130250;1586;14;19;30;33;21;26;141;58;22;66;25;57;2098
130255;1;0;0;0;0;0;0;0;0;0;0;0;0;1
130260;246861;5712;6394;8161;7868;8562;8566;8261;9074;8663;8493;10105;8569;345289
130270;696;0;0;2;0;6;4;3;0;0;0;0;3;714
130280;7;0;1;0;0;0;0;0;0;0;0;0;0;8
130290;172;3;3;1;10;2;2;2;15;16;6;7;1;240
130300;10;0;0;0;0;0;0;0;0;0;1;0;0;11
130310;447;9;3;5;0;5;3;8;3;1;3;2;1;490
130320;89;9;1;6;0;1;2;4;1;3;4;1;11;132
130330;15;0;0;0;0;0;0;0;0;0;0;0;0;15
130340;2131;7;26;10;25;40;51;27;70;22;20;20;47;2496
130350;59;0;0;0;0;0;1;0;0;0;0;0;0;60
130353;1107;98;92;87;86;88;102;109;87;127;126;110;131;2350
130356;25;7;7;0;1;3;3;7;2;8;3;1;10;77
130360;5;0;0;0;0;0;0;1;0;0;0;0;0;6
130370;167;0;0;0;14;0;1;0;1;0;0;0;0;183
130380;2575;78;95;73;87;77;94;112;107;84;113;127;134;3756
130390;227;0;0;0;0;0;0;0;2;0;0;0;1;230
130395;1;0;0;0;0;0;0;0;0;0;0;0;0;1
130400;64;31;85;229;3;1;1;2;10;1;3;1;4;435
130406;104;3;2;4;2;2;1;2;6;2;2;3;4;137
130410;9;0;0;0;0;0;0;0;0;0;0;0;0;9
130420;1564;55;63;54;74;95;64;91;356;53;25;17;59;2570
130426;1;0;0;0;0;0;0;0;0;0;0;0;0;1
130430;352;0;1;4;1;2;1;2;0;1;2;0;3;369
130440;230;7;15;3;2;2;0;3;2;0;0;3;0;267
140005;180;16;1;2;1;5;0;1;1;0;5;2;2;216
140010;18912;323;362;468;457;457;532;405;517;469;437;446;549;24334
140015;29;1;0;2;1;0;1;3;2;0;3;2;0;44
140020;183;10;6;8;9;12;10;4;16;6;3;4;1;272
140030;11;0;0;0;0;0;0;0;0;2;0;0;0;13
140040;1;0;0;0;0;0;0;0;0;0;0;0;0;1
140050;5;0;0;0;0;0;0;0;0;0;0;0;0;5
140060;5;0;0;0;0;0;0;0;0;0;0;0;0;5
150010;2012;126;41;37;41;32;27;20;27;25;18;20;36;2462
150020;1295;98;72;193;91;146;123;136;81;91;106;118;131;2681
150030;159;4;6;5;1;7;5;7;17;15;15;2;6;249
150040;236;7;1;3;2;0;0;9;2;2;1;2;1;266
150050;8761;309;496;650;463;501;691;692;796;670;734;787;790;16340
150060;2869;54;79;76;67;90;77;97;145;133;86;81;123;3977
150070;10;0;0;1;0;0;2;2;1;1;0;3;0;20
150080;21095;835;1027;1118;1024;1155;1105;1118;1221;1105;949;1119;1230;34101
150090;259;3;0;0;0;0;1;0;0;0;0;0;0;263
150100;237;0;0;0;0;0;1;3;1;0;0;0;0;242
150110;4;0;0;0;0;0;0;0;0;0;0;0;0;4
150120;19;0;1;0;0;0;2;1;0;1;4;0;4;32
150130;9118;230;526;560;400;428;534;647;763;677;509;634;758;15784
150140;248476;5205;6111;6671;6637;7072;6933;6598;7103;6439;5799;6410;7497;326951
150150;2339;97;52;113;108;103;119;167;97;104;56;69;80;3504
150170;1424;15;25;25;12;25;25;45;27;19;16;26;28;1712
150175;11;1;2;0;1;1;1;0;1;1;0;1;2;22
150180;2067;43;51;67;67;98;101;90;169;95;102;74;67;3091
150190;144;12;3;116;8;5;5;2;2;3;2;2;2;306
150200;202;0;0;0;0;0;0;0;0;0;0;0;0;202
150210;1000;4;3;6;3;5;7;5;15;5;9;5;11;1078
150220;3185;53;75;71;71;84;92;78;93;53;46;49;35;3985
150230;654;6;3;10;4;8;2;10;5;9;4;4;12;731
150240;7699;256;367;364;413;276;370;236;314;302;334;229;252;11412
150250;23;0;0;0;0;0;0;0;0;5;0;1;0;29
150260;1;0;0;0;0;0;0;0;0;0;0;0;0;1
150270;2185;82;106;104;130;127;168;131;280;123;148;119;133;3836
150275;57;3;1;3;1;3;1;3;4;3;3;2;3;87
150280;68;0;0;1;0;0;3;1;0;0;0;0;0;73
150290;61;2;3;4;1;1;0;2;1;4;3;0;0;82
150293;39;0;1;1;0;0;2;0;0;0;0;1;1;45
150300;160;7;1;2;0;0;5;0;0;0;1;0;2;178
150307;119;10;0;23;7;6;8;2;5;9;3;7;2;201
150310;2;0;0;0;0;0;0;0;0;0;0;0;0;2
150320;319;0;4;3;8;4;0;0;0;6;0;4;3;351
150330;523;1;0;2;1;5;1;2;3;4;3;1;3;549
150340;112;0;0;1;0;1;0;1;0;0;0;0;1;116
150350;1158;128;52;64;72;79;48;36;28;38;46;22;41;1812
150360;2070;79;79;66;71;158;148;125;114;83;90;88;132;3303
150370;71;3;2;3;5;2;0;2;1;2;3;8;8;110
150380;171;4;4;6;8;10;8;6;9;5;9;4;13;257
150390;124;0;4;0;1;0;0;1;1;1;0;0;2;134
150400;2;0;0;0;0;0;0;0;0;0;0;0;0;2
150410;45;2;0;2;0;2;1;1;0;1;0;2;2;58
150420;12234;525;505;646;541;806;611;630;604;530;557;749;1015;19953
150430;217;7;9;8;27;5;11;5;19;4;1;6;6;325
150440;36;1;2;1;0;1;1;2;2;0;1;1;0;48
150450;14;0;0;0;0;0;0;0;0;0;0;0;0;14
150460;30;0;1;1;0;0;2;1;1;0;1;1;0;38
150470;1530;80;34;48;64;60;56;55;33;94;52;44;36;2186
150480;608;1;4;1;3;2;3;7;9;0;3;9;1;651
150490;105;7;2;3;5;2;12;5;4;40;7;0;1;193
150500;224;0;8;2;1;1;2;1;5;1;1;4;5;255
150510;731;38;18;41;12;15;28;33;32;23;7;78;14;1070
150520;1;0;0;0;0;0;0;0;0;0;0;0;0;1
150530;4141;221;260;358;281;454;402;455;456;300;315;212;211;8066
150540;130;2;5;3;2;3;4;3;3;14;3;4;1;177
150543;74;1;0;1;0;0;1;0;0;0;2;6;21;106
150548;50;0;0;0;0;0;1;9;1;7;1;1;0;70
150550;5530;274;261;550;331;341;318;347;363;375;347;308;423;9768
150553;27;0;0;0;0;0;0;3;1;0;0;0;0;31
150560;189;0;0;1;1;0;1;2;0;0;0;0;33;227
150570;234;6;1;1;0;0;0;1;4;0;0;2;0;249
150580;509;17;9;11;30;26;31;18;64;19;13;17;8;772
150590;66;3;1;6;2;1;0;1;1;3;3;0;0;87
150600;858;112;30;18;12;16;31;15;35;20;38;71;31;1287
150610;244;6;114;1;1;0;0;0;0;2;3;0;3;374
150613;1453;61;66;80;72;80;70;85;83;85;78;80;77;2370
150616;242;10;8;5;6;13;10;8;9;3;4;21;10;349
150618;1110;20;55;60;52;72;70;63;76;76;81;91;63;1889
150620;324;5;4;6;5;7;4;5;3;7;6;1;1;378
150630;216;3;3;1;3;5;3;2;2;0;1;0;2;241
150640;5;0;0;0;0;0;0;0;0;0;0;0;0;5
150650;2323;59;75;82;68;83;92;70;71;58;60;77;75;3193
150660;384;50;9;14;8;9;9;43;4;7;2;5;9;553
150670;970;68;48;57;91;66;60;78;74;68;87;52;65;1784
150680;15042;344;378;443;387;389;497;416;515;436;386;336;465;20034
150690;1;0;0;0;0;0;0;0;0;0;0;0;0;1
150700;212;14;23;18;10;6;9;11;5;3;9;5;12;337
150710;19;1;4;0;2;0;1;0;26;0;1;0;0;54
150720;495;2;8;5;4;5;9;9;19;7;2;12;13;590
150730;997;53;115;70;122;61;105;109;115;72;93;89;140;2141
150740;727;6;2;10;12;15;10;7;10;7;28;22;9;865
150745;21;1;2;2;5;4;1;16;1;4;3;0;2;62
150750;52;2;2;6;2;3;3;1;1;0;2;1;1;76
150760;1056;22;20;29;26;21;31;17;29;32;18;20;23;1344
150770;19;0;0;0;0;0;0;1;0;0;0;0;1;21
150780;248;12;36;6;14;10;4;15;5;14;9;11;10;394
150790;432;9;9;4;2;6;9;6;3;2;5;8;5;500
150800;935;75;25;39;42;35;51;51;25;37;63;22;74;1474
150810;7808;250;342;729;368;312;471;862;549;331;381;246;376;13025
150820;310;20;7;10;25;5;8;4;3;3;3;6;4;408
150830;130;6;11;6;12;3;10;9;22;8;3;7;8;235
150840;1402;65;72;97;76;145;129;115;107;88;73;143;448;2960
159999;520;6;28;23;13;20;21;18;15;16;24;32;37;773
160010;144;0;2;0;0;1;0;2;3;1;2;1;0;156
160020;29;0;3;3;0;0;0;2;0;4;1;0;2;44
160023;29;1;0;1;0;0;0;0;2;0;0;0;0;33
160027;1;0;0;0;0;0;0;0;0;0;0;0;1;2
160030;28890;391;416;570;418;707;589;557;602;533;478;671;499;35321
160040;32;0;1;2;1;2;1;2;4;2;3;4;8;62
160050;16;0;0;1;0;1;0;0;0;0;0;3;0;21
160060;2069;23;58;75;71;88;86;100;93;184;93;212;97;3249
170040;11;0;0;0;1;1;1;2;0;0;1;0;2;19
170070;185;1;8;1;5;2;3;6;7;0;4;8;3;233
170100;66;0;0;2;1;1;4;1;6;0;5;1;1;88
170190;36;0;1;3;3;2;2;1;2;2;3;4;0;59
170200;291;8;3;7;4;15;10;12;13;7;14;9;10;403
170210;5335;132;167;230;140;174;193;153;167;138;186;184;207;7406
170220;79;1;1;0;1;2;2;6;0;3;4;9;3;111
170230;39;0;0;0;0;1;1;1;1;0;0;1;1;45
170240;135;5;16;18;7;19;10;4;6;3;4;1;1;229
170255;29;0;0;0;0;0;0;1;0;0;0;0;0;30
170270;48;2;1;0;5;5;3;0;2;3;2;0;0;71
170290;46;12;9;0;0;0;1;1;0;0;0;0;0;69
170300;140;0;0;2;1;0;0;0;0;0;0;1;0;144
170310;15;0;0;2;0;0;2;0;0;0;0;0;2;21
170370;51;0;0;0;0;0;1;0;0;0;0;0;1;53
170390;12;0;1;0;1;2;2;0;0;2;3;0;0;23
170550;674;18;13;16;20;22;38;26;23;10;8;11;11;890
170560;9;0;0;1;0;0;0;0;1;0;1;0;1;13
170600;27;1;1;1;1;1;5;0;1;0;1;1;0;40
170610;86;1;1;1;5;1;4;2;1;1;2;0;3;108
170700;190;0;3;4;4;2;6;3;3;12;19;3;5;254
170720;6;0;0;0;0;0;0;0;0;0;0;0;0;6
170730;123;16;11;11;9;13;19;8;9;11;2;6;8;246
170755;18;0;0;0;1;1;1;0;0;0;0;0;2;23
170765;120;2;4;1;2;2;20;5;3;1;0;8;1;169
170770;16;0;0;0;0;0;0;1;2;1;0;0;0;20
170820;989;43;61;71;89;84;68;105;67;63;51;40;44;1775
170830;1;0;0;0;0;0;0;0;0;0;0;0;0;1
170900;138;0;0;0;0;0;0;1;0;1;3;1;17;161
170930;593;8;24;10;10;7;16;14;36;12;54;9;9;802
170950;3677;93;125;131;142;181;167;134;179;151;121;169;175;5445
171050;16;0;0;0;0;0;0;0;1;0;4;0;0;21
171070;15;0;5;1;5;1;2;0;1;1;0;0;0;31
171110;7;0;0;0;0;0;0;0;2;0;0;0;0;9
171240;3;0;0;0;0;0;0;0;0;0;0;0;0;3
171320;9941;5;17;35;29;77;55;92;132;139;73;144;230;10969
171330;207;0;1;3;1;1;1;5;8;4;3;4;2;240
171360;4;0;0;0;0;0;0;0;0;1;0;0;0;5
171420;72;6;6;4;1;2;8;1;0;3;3;1;0;107
171430;11;0;0;0;0;0;0;1;0;0;0;0;0;12
171488;34;1;9;2;2;0;2;12;2;1;1;1;3;70
171510;86;3;0;0;0;0;0;0;0;0;0;0;0;89
171575;61;1;3;0;0;1;1;2;3;0;3;2;2;79
171610;1122;22;24;28;40;32;38;34;59;33;34;21;28;1515
171620;21;0;0;0;0;0;0;0;0;0;0;0;0;21
171650;191;0;0;1;1;10;9;12;24;16;22;34;117;437
171660;228;11;5;13;9;4;9;11;4;1;3;2;4;304
171665;127;0;0;0;0;0;4;1;5;1;2;1;1;142
171670;31;0;0;0;1;1;1;2;0;2;1;0;0;39
171700;15;0;0;3;0;1;1;1;0;2;1;0;2;26
171750;151;1;1;1;0;6;5;1;0;1;2;0;2;171
171780;3;0;0;2;4;2;4;2;9;3;36;1;0;66
171790;10;0;0;0;0;0;0;1;0;0;0;0;0;11
171820;1293;24;33;30;20;31;36;59;56;48;45;174;58;1907
171840;31;0;0;2;1;1;0;0;1;2;3;1;0;42
171875;1;0;0;0;0;0;0;0;0;0;0;0;0;1
172030;16;0;0;0;0;0;0;0;0;0;0;8;0;24
172065;2;0;0;0;0;0;0;0;0;0;0;0;0;2
172080;170;0;0;0;1;0;0;0;0;0;0;0;0;171
172090;37;0;1;1;0;2;0;0;3;0;3;0;0;47
172110;96;0;0;4;8;2;1;7;7;0;0;0;0;125
172120;791;12;21;19;25;20;19;25;19;37;44;11;8;1051
172208;166;11;7;11;4;14;3;1;2;3;6;29;5;262
172210;213;8;22;26;16;10;8;7;3;1;4;2;2;322
179999;1;0;0;0;0;0;0;0;0;0;0;0;0;1
210005;3198;205;111;177;205;294;233;236;313;289;303;261;364;6189
210010;1;0;0;0;0;0;0;0;0;0;0;0;0;1
210020;1057;280;670;69;472;145;54;34;23;22;19;38;177;3060
210030;245;3;10;13;8;20;13;6;4;9;2;2;3;338
210040;7;0;0;0;0;0;0;0;0;0;0;0;0;7
210050;76;1;2;0;1;0;0;1;7;0;0;1;0;89
210060;21;0;0;0;0;1;0;0;0;0;1;0;0;23
210070;12;0;0;0;0;1;0;1;0;0;0;0;0;14
210080;2;0;0;0;0;0;0;0;0;0;0;0;0;2
210090;14;4;0;0;0;0;1;0;0;0;1;0;0;20
210100;26;1;20;0;4;0;1;0;2;4;0;2;2;62
210110;3;0;0;0;0;0;0;0;0;0;0;0;0;3
210120;3244;30;38;69;64;30;39;47;60;38;56;22;64;3801
210130;13;0;0;0;0;0;2;0;2;2;0;2;0;21
210140;1157;20;23;19;13;15;17;24;29;18;12;35;21;1403
210150;426;2;0;2;3;3;0;2;0;2;3;2;39;484
210160;1005;3;6;6;3;10;2;15;4;2;8;5;8;1077
210170;487;70;1;0;1;2;2;0;3;0;0;1;4;571
210180;1;0;0;0;0;0;0;0;0;0;0;0;0;1
210190;14;0;0;0;0;0;0;0;0;3;0;0;1;18
210200;193;7;10;2;4;7;5;50;9;5;8;7;7;314
210210;537;0;1;2;1;2;1;1;3;1;1;3;1;554
210220;17;0;0;0;0;0;0;0;0;0;0;1;0;18
210230;33;0;0;0;1;0;0;1;0;1;0;0;0;36
210240;268;0;0;0;0;0;0;0;0;0;0;0;0;268
210250;3;1;0;0;0;0;1;0;0;0;0;0;1;6
210260;23;0;1;0;2;2;0;0;0;1;1;1;2;33
210270;50;2;2;2;2;1;1;0;3;1;3;1;0;68
210280;933;25;21;10;17;10;7;10;15;12;10;8;14;1092
210290;15;0;2;2;1;1;1;0;1;0;0;4;0;27
210300;2525;27;36;32;33;46;52;45;46;48;26;38;83;3037
210310;1;0;0;0;0;0;0;0;0;0;0;0;0;1
210320;1596;1;5;4;4;3;2;4;5;20;5;5;10;1664
210330;3358;26;17;42;33;49;82;47;30;30;28;41;32;3815
210340;2630;106;112;75;70;52;58;78;116;76;74;70;252;3769
210360;1371;1;4;7;8;20;10;20;22;11;14;10;31;1529
210370;430;64;1;4;0;2;3;8;1;4;13;6;2;538
210380;217;3;1;4;3;4;0;13;2;22;3;1;6;279
210390;2;0;0;0;0;0;0;0;0;0;0;0;0;2
210400;1060;1;59;9;86;14;7;3;2;8;6;3;2;1260
210405;91;0;2;0;0;1;1;1;2;3;3;3;1;108
210410;204;0;0;0;1;0;0;0;1;1;0;0;0;207
210420;76;0;0;0;0;1;0;0;0;0;0;0;0;77
210430;135;1;4;2;11;10;9;2;7;9;7;10;51;258
210440;15;0;2;0;0;0;1;1;0;0;0;1;1;21
210450;11;0;0;0;0;0;0;0;0;0;1;1;0;13
210460;175;153;5;13;1;0;0;2;2;2;1;0;0;354
210470;1;0;0;0;0;0;0;0;0;0;0;0;0;1
210480;698;11;9;6;3;10;5;12;10;7;5;10;6;792
210490;12;0;0;0;0;0;0;0;1;0;0;0;0;13
210500;46;0;0;0;0;0;0;0;0;0;0;0;0;46
210510;1;0;0;0;0;0;0;0;0;0;0;0;0;1
210520;309;0;4;1;0;0;1;0;1;1;0;0;5;322
210530;15273;934;1084;1129;925;921;799;810;857;854;877;777;894;26134
210540;316;10;8;7;6;6;3;5;15;10;9;6;5;406
210550;438;16;12;19;18;16;10;12;13;14;56;14;61;699
210560;35;0;0;0;0;0;0;0;1;0;1;1;0;38
210570;229;0;3;1;0;2;4;4;1;6;0;4;1;255
210580;8;0;0;0;0;0;0;0;0;0;0;0;0;8
210590;1;0;0;0;0;0;0;1;0;0;0;0;0;2
210600;225;3;1;2;1;1;1;2;2;0;2;0;1;241
210610;2;0;0;0;0;0;0;0;0;0;0;0;0;2
210620;1;0;0;0;0;0;0;0;0;0;0;0;0;1
210630;6;0;0;0;0;0;0;0;0;0;0;0;0;6
210640;4;0;0;0;1;2;0;0;0;1;0;0;0;8
210650;4;0;0;0;1;0;0;0;0;0;0;0;0;5
210660;307;1;0;0;0;0;1;2;0;1;0;0;0;312
210670;11;0;0;0;0;0;0;0;0;0;0;0;0;11
210680;1;0;0;0;0;0;0;0;0;0;0;0;0;1
210690;225;3;2;3;3;4;2;7;2;6;2;1;1;261
210700;30;1;0;4;2;1;1;1;5;1;2;0;0;48
210710;52;0;0;0;0;0;0;0;0;0;0;1;0;53
210720;119;0;0;0;0;0;0;0;0;0;0;0;0;119
210730;1;0;0;0;0;0;0;0;0;0;0;0;0;1
210740;125;0;0;0;0;1;0;0;1;1;1;1;1;131
210750;877;4;8;17;7;6;17;13;5;5;9;6;19;993
210760;84;2;4;0;0;3;2;1;4;1;1;11;8;121
210770;23;0;0;0;0;0;0;0;2;3;1;0;0;29
210780;607;31;1;1;0;3;0;1;0;0;3;0;0;647
210790;24;3;0;2;1;0;1;0;0;0;0;0;0;31
210800;4;0;0;0;0;0;0;0;0;0;0;0;0;4
210810;25;0;0;0;0;0;0;1;0;0;1;0;1;28
210820;1896;27;50;175;36;41;45;52;36;29;28;32;39;2486
210830;55;1;3;8;2;6;5;2;5;1;2;2;0;92
210840;3;0;0;0;0;0;0;0;0;0;0;0;0;3
210850;145;6;1;3;3;5;2;3;2;4;3;2;17;196
210860;1936;28;28;16;31;16;22;18;24;37;26;33;25;2240
210870;401;1;1;1;1;3;2;1;7;1;2;3;1;425
210880;2;0;0;0;0;0;0;0;0;0;0;0;0;2
210890;536;0;1;3;2;0;3;1;2;1;0;2;0;551
210900;417;19;25;27;24;38;43;17;21;28;21;12;75;767
210910;489;6;9;2;6;12;11;6;12;31;20;2;2;608
210920;145;107;2;0;2;0;0;1;1;1;1;0;0;260
210930;41;1;0;0;0;2;1;1;2;0;3;0;0;51
210940;1;0;0;0;0;0;0;0;0;0;0;0;0;1
210950;21;0;3;0;4;0;1;0;0;1;0;0;0;30
210960;820;31;19;31;31;14;23;35;43;19;20;17;33;1136
210990;1797;184;25;39;30;50;84;35;43;41;45;49;62;2484
211000;748;80;45;54;89;28;44;32;30;53;32;42;63;1340
211010;2;0;0;0;0;1;0;0;0;0;0;0;1;4
211020;15;0;0;0;0;0;0;0;0;0;0;0;0;15
211030;190;1;0;3;0;1;0;0;0;2;1;0;0;198
211040;240;0;0;0;0;0;0;1;0;0;0;0;0;241
211050;501;333;161;33;32;10;22;20;31;55;180;102;36;1516
211060;175;10;0;2;0;0;0;0;0;1;0;0;0;188
211070;93;0;0;0;0;1;1;4;1;10;4;3;0;117
211080;1;0;0;0;0;0;1;0;0;0;0;0;0;2
211090;182;18;1;1;1;6;2;0;2;2;2;1;2;220
211100;11;0;0;0;0;0;0;0;1;1;1;0;1;15
211110;650;6;4;3;1;3;10;4;1;10;10;9;7;718
211120;1604;28;38;26;31;43;30;35;49;49;42;43;21;2039
211130;177342;3232;3640;4248;3651;3652;3729;3545;3651;3539;3384;3274;5135;222022
211140;164;0;0;0;0;0;0;0;0;0;0;0;0;164
211150;59;0;2;1;0;1;0;2;2;4;1;2;0;74
211160;14;0;0;0;0;0;0;0;0;0;0;0;0;14
211170;2;0;0;0;0;0;0;0;0;0;0;0;0;2
211180;41;1;0;0;0;2;0;2;0;2;0;0;0;48
211190;1;0;0;0;0;0;0;0;0;0;0;0;0;1
211200;20;0;0;0;0;0;0;0;7;2;0;4;2;35
211210;429;0;0;1;1;0;0;0;2;1;2;6;0;442
211220;961;39;29;64;47;62;50;37;80;46;23;19;26;1483
211230;175;0;7;2;6;6;8;5;5;8;2;5;1;230
211240;192;2;0;0;0;1;3;1;0;3;2;0;2;206
211250;2818;111;194;72;48;44;53;58;60;47;37;87;43;3672
211260;85;1;1;0;1;1;2;0;1;6;4;0;1;103
211270;551;0;0;0;0;0;0;4;2;1;1;6;2;567
211280;339;0;0;2;0;1;2;2;1;0;0;1;0;348
211290;72;0;0;0;1;2;0;1;1;0;0;0;0;77
211300;590;2;1;1;2;6;3;6;5;11;4;8;10;649
219999;624;19;2;4;4;3;4;5;3;2;15;2;3;690
220010;136;0;0;1;0;0;0;0;0;0;0;1;1;139
220020;491;34;4;4;3;3;3;11;3;4;3;2;16;581
220030;628;0;0;0;0;0;0;1;0;0;0;0;1;630
220040;674;4;4;1;5;3;8;3;3;9;25;12;9;760
220050;47;2;0;2;0;1;2;0;1;0;1;3;1;60
220060;228;2;3;3;0;2;3;1;1;2;0;0;0;245
220070;4;0;0;0;0;0;0;0;0;0;0;0;0;4
220080;94;1;1;0;0;0;0;0;1;0;1;0;3;101
220090;286;0;2;4;1;6;1;4;6;1;0;1;3;315
220100;3;0;0;0;0;0;0;0;0;0;0;0;0;3
220110;22;0;0;0;0;0;0;0;0;0;0;0;0;22
220120;696;1;1;0;1;0;0;0;5;1;7;0;1;713
220130;4;0;0;0;0;0;0;0;0;0;0;0;0;4
220140;206;0;1;0;0;0;1;0;1;0;0;0;0;209
220150;297;1;13;5;10;3;1;3;2;2;0;1;0;338
220160;190;0;0;0;0;0;0;0;1;0;0;0;0;191
220170;37;0;0;1;1;1;0;0;0;0;0;0;3;43
220180;24;8;58;2;1;2;0;1;0;0;1;0;0;97
220190;218;11;3;3;2;1;1;1;9;0;11;1;3;264
220200;422;29;39;10;11;5;10;3;2;4;4;2;2;543
220210;15;0;0;0;0;0;0;0;0;0;0;0;0;15
220220;1863;29;19;113;7;23;22;36;23;19;16;89;5;2264
220230;360;8;2;5;5;2;6;25;5;3;7;5;5;438
220240;80;0;1;0;0;0;0;1;0;0;0;0;0;82
220250;3;0;0;0;0;0;0;0;0;0;0;0;0;3
220260;178;3;1;0;0;0;1;0;2;0;2;0;3;190
220270;701;5;15;6;2;2;3;0;0;2;2;2;5;745
220280;30;0;0;0;0;0;0;0;0;1;0;0;0;31
220290;190;3;5;2;3;2;2;5;3;4;2;8;6;235
220300;4;0;0;0;0;0;0;0;0;0;0;0;0;4
220310;45;2;0;0;2;0;0;0;0;0;0;0;0;49
220320;40;0;0;1;0;1;1;0;0;0;0;0;0;43
220330;42;0;1;0;0;2;0;0;0;0;0;0;1;46
220335;16;0;0;0;0;0;0;0;0;0;0;1;0;17
220340;126;0;2;7;3;39;0;0;1;1;1;0;0;180
220342;2;0;0;0;0;0;0;0;0;0;0;0;0;2
220350;333;1;2;8;3;1;0;1;1;0;4;3;2;359
220360;100;0;0;0;0;1;0;1;0;0;0;0;0;102
220370;409;33;1;15;4;1;3;5;4;4;1;3;8;491
220380;16;0;0;0;0;0;0;0;0;0;0;0;0;16
220390;3436;46;50;40;58;52;50;39;52;43;52;60;58;4036
220400;178;0;0;0;0;0;0;0;0;0;0;0;0;178
220410;59;0;0;0;0;0;0;0;0;0;0;0;0;59
220420;60;0;0;0;0;0;0;0;0;1;1;0;0;62
220430;215;8;112;9;5;10;6;5;15;4;8;5;19;421
220440;34;1;1;0;0;1;0;3;1;2;1;0;0;44
220450;664;60;48;97;62;41;51;85;45;66;31;58;41;1349
220460;6;0;0;0;0;0;0;0;0;0;0;0;0;6
220470;188;1;0;0;3;0;1;1;0;0;1;0;1;196
220480;88;0;1;0;0;0;0;0;0;0;0;0;1;90
220490;11;0;0;0;0;0;0;0;0;0;0;0;0;11
220500;129;2;2;0;0;1;0;0;0;0;1;1;0;136
220510;126;0;0;0;0;0;0;2;0;0;0;0;0;128
220520;76;1;75;18;0;0;0;0;0;2;0;0;0;172
220530;161;0;0;0;0;0;0;0;0;0;0;0;0;161
220540;8;0;0;0;1;0;0;0;0;0;0;0;0;9
220550;335;0;0;0;1;1;0;4;3;1;2;2;3;352
220560;180;0;0;0;0;0;0;0;0;0;0;0;0;180
220570;1202;4;6;2;3;5;3;12;10;4;5;6;7;1269
220580;172;1;0;3;0;1;0;1;1;3;2;4;0;188
220590;240;0;0;1;0;0;0;0;0;0;0;0;0;241
220600;16;0;0;1;1;0;0;0;0;0;0;0;0;18
220610;7;0;0;0;0;0;0;0;0;0;0;0;0;7
220620;1077;56;65;65;28;12;29;16;27;30;30;34;49;1518
220630;25;0;0;0;0;2;1;1;0;0;0;0;0;29
220640;53;1;2;0;1;0;0;0;1;1;0;2;0;61
220650;58;0;0;0;0;0;0;0;0;0;0;0;0;58
220660;74;0;0;0;0;0;0;0;0;0;0;0;0;74
220670;108;1;0;0;0;0;0;0;0;0;0;0;0;109
220680;16;0;0;0;0;0;0;0;0;0;0;0;0;16
220690;162;0;0;0;1;0;0;0;1;0;0;0;0;164
220700;720;11;12;6;6;10;7;4;5;24;2;9;7;823
220720;45;0;0;0;1;0;2;0;0;0;1;0;2;51
220730;4;0;0;0;0;0;0;0;0;0;0;0;0;4
220740;3;0;0;0;0;0;0;0;0;0;0;0;0;3
220750;18;0;0;0;0;0;0;0;0;0;0;0;0;18
220760;10;0;0;0;0;0;0;0;0;0;1;0;0;11
220770;7509;118;139;123;143;137;141;163;130;197;207;154;125;9286
220780;305;1;1;6;1;2;3;4;4;5;6;3;15;356
220790;687;7;5;15;3;1;8;11;10;11;1;6;7;772
220800;5612;68;103;115;120;107;108;77;80;106;96;216;139;6947
220810;143;0;0;0;0;0;1;0;0;0;0;1;0;145
220820;545;3;15;9;43;19;15;19;8;9;9;6;5;705
220830;638;11;64;7;5;12;8;15;9;7;26;10;19;831
220840;1477;41;29;32;27;30;27;23;38;28;23;83;33;1891
220850;59;10;1;1;0;0;1;0;0;0;0;0;0;72
220860;72;0;0;0;0;0;0;2;0;1;1;0;0;76
220870;2;0;0;0;0;0;0;0;0;0;0;0;0;2
220880;51;3;0;0;0;0;1;3;1;0;1;0;0;60
220890;176;5;3;1;23;6;3;8;11;7;9;5;10;267
220900;98;0;1;0;0;1;0;1;0;1;0;0;0;102
220910;18;0;0;0;0;0;0;0;0;0;1;0;0;19
220920;5;0;0;0;0;0;0;0;0;0;0;0;0;5
220930;32;0;0;0;0;0;0;0;0;0;0;0;0;32
220940;120;0;0;0;0;0;0;0;1;0;3;0;0;124
220950;58;0;0;1;0;0;2;0;0;2;1;0;0;64
220960;303;47;15;5;1;3;1;0;1;4;0;0;0;380
220970;4;0;0;0;0;0;0;0;0;0;0;0;0;4
220980;217;0;0;0;0;4;2;2;0;0;0;0;0;225
220990;10;0;0;0;0;0;0;0;0;0;0;0;0;10
221000;378;6;2;1;0;9;4;2;1;6;4;2;3;418
221010;139;0;2;0;0;0;0;0;2;0;0;0;0;143
221020;14;0;2;0;0;0;0;0;0;1;0;1;0;18
221030;120;3;0;2;1;0;0;0;0;0;0;0;0;126
221040;78;5;1;2;5;2;4;1;2;1;7;0;0;108
221050;397;1;2;3;8;2;0;1;1;0;2;2;4;423
221060;654;7;3;7;2;5;4;1;4;4;3;2;11;707
221070;432;12;2;3;2;2;4;1;2;1;4;6;7;478
221080;139;2;2;1;2;2;0;1;0;4;3;2;0;158
221090;3;0;0;0;0;0;0;0;0;0;0;0;0;3
221100;136372;1832;2113;2545;2319;2866;2580;2445;2533;2725;2262;2376;2658;165626
221110;1012;11;14;10;6;16;10;24;48;39;22;19;156;1387
221120;81;3;0;1;0;0;0;4;1;2;9;4;0;105
221130;377;5;4;5;28;2;2;5;7;4;2;3;3;447
221140;5;0;0;0;0;0;0;0;0;0;0;0;0;5
230010;417;2;0;1;4;0;2;5;0;2;0;1;22;456
230020;1105;6;10;10;8;8;14;5;5;8;6;11;3;1199
230030;3492;7;9;4;5;3;7;6;10;13;9;6;4;3575
230040;1;0;0;0;0;0;0;0;0;0;0;0;0;1
230050;685;0;0;1;0;0;0;0;0;4;4;2;2;698
230060;285;3;2;2;1;1;1;2;0;0;1;1;1;300
230070;360;24;17;11;8;4;7;3;7;7;7;1;3;459
230075;22;0;0;0;0;0;0;2;0;1;0;1;3;29
230080;220;0;0;0;0;0;1;0;0;0;0;0;0;221
230090;149;29;1;0;0;0;0;0;0;0;0;0;10;189
230100;4336;231;109;125;94;277;132;128;114;115;164;121;180;6126
230110;3482;161;138;90;111;83;44;58;67;68;83;114;255;4754
230120;809;11;4;26;2;8;13;3;11;9;7;20;37;960
230130;476;51;0;1;0;0;2;2;0;0;1;0;18;551
230140;50;3;1;0;1;0;0;0;1;1;1;0;0;58
230150;442;6;1;1;0;1;2;3;0;1;0;2;4;463
230160;1059;143;64;36;7;15;18;16;12;8;6;8;7;1399
230170;1262;18;4;0;1;3;0;2;4;3;4;1;9;1311
230180;590;0;0;0;0;0;0;0;0;0;0;0;0;590
230190;2182;44;40;43;49;55;73;63;34;108;133;153;53;3030
230200;729;1;1;1;0;1;0;0;2;2;0;1;1;739
230210;884;15;4;12;11;14;26;9;15;23;7;9;38;1067
230220;187;2;6;2;4;1;2;1;3;2;4;3;2;219
230230;490;18;11;6;9;1;9;11;5;9;3;3;26;601
230240;1055;11;27;18;16;32;12;12;9;13;14;1;12;1232
230250;1265;7;8;12;9;11;26;32;6;30;9;15;14;1444
230260;1905;39;30;25;15;32;37;34;41;47;43;48;135;2431
230270;783;4;14;2;5;2;3;6;4;1;7;3;32;866
230280;2067;24;16;29;29;27;15;18;32;33;27;11;26;2354
230290;427;3;4;2;0;1;4;3;0;2;2;1;2;451
230300;174;2;1;0;1;0;2;3;1;2;3;1;1;191
230310;257;0;2;3;0;1;0;0;1;1;2;2;0;269
230320;690;143;1;1;0;0;0;1;0;0;1;0;4;841
230330;891;0;0;0;0;0;0;0;0;0;0;0;8;899
230340;295;0;0;1;1;0;0;4;0;0;0;0;2;303
230350;1729;69;40;66;31;44;32;61;48;33;65;53;87;2358
230360;527;0;1;0;1;1;1;3;2;0;1;0;0;537
230370;8740;461;333;423;287;358;406;294;331;317;319;321;287;12877
230380;775;24;42;187;8;7;15;10;5;4;11;7;11;1106
230390;786;4;4;2;4;7;7;3;4;2;2;0;3;828
230400;997;0;0;0;0;0;4;0;0;0;1;0;0;1002
230410;1985;21;17;21;46;30;25;18;20;23;19;11;28;2264
230420;6167;302;239;222;163;138;204;168;183;176;159;184;223;8528
230425;6;0;0;0;0;0;0;0;0;0;0;1;1;8
230430;780;0;1;0;0;1;0;0;0;0;1;2;0;785
230435;6;0;0;3;1;0;0;0;0;1;0;0;0;11
230440;384972;10460;9849;11654;10067;11299;11691;10471;11006;10691;10386;10998;11476;515020
230450;311;0;0;0;0;0;1;0;0;0;0;1;1;314
230460;162;6;2;2;0;1;0;0;0;0;0;0;1;174
230470;745;13;2;3;0;1;1;0;0;0;0;0;0;765
230480;1;0;0;0;0;0;0;0;0;0;0;0;0;1
230490;571;0;0;0;0;0;0;0;0;0;0;0;1;572
230500;837;0;2;0;1;3;5;1;1;2;1;2;2;857
230510;21;1;0;1;1;0;0;0;0;2;0;0;0;26
230520;19;0;1;0;0;0;1;0;0;0;0;0;0;21
230530;747;182;8;10;27;8;3;1;2;10;17;10;22;1047
230535;446;31;14;10;10;4;8;6;8;5;7;2;17;568
230540;1115;4;10;22;11;12;8;5;8;20;25;17;8;1265
230560;1540;0;1;2;0;1;2;1;1;1;3;2;3;1557
230570;312;3;2;7;0;1;2;1;0;0;3;1;1;333
230580;1112;8;9;7;13;4;5;2;3;9;5;4;7;1188
230590;1002;6;16;3;2;1;0;1;1;3;2;0;36;1073
230600;636;21;8;13;10;7;12;4;39;11;5;8;20;794
230610;771;2;5;3;4;6;1;3;5;2;2;1;4;809
230620;202;4;6;2;0;0;2;3;2;1;3;2;3;230
230630;1217;279;7;59;1;3;6;3;11;3;3;23;8;1623
230640;3165;87;186;77;54;102;43;37;38;48;54;41;30;3962
230650;385;4;0;0;0;0;0;1;1;0;1;1;5;398
230655;238;1;1;1;1;3;2;1;1;1;4;8;21;283
230660;390;4;3;5;5;6;4;6;6;3;3;9;15;459
230670;841;1;0;0;0;0;0;1;0;0;0;0;0;843
230680;256;1;0;0;0;0;2;2;2;0;0;1;1;265
230690;1177;19;16;16;11;8;16;14;13;17;18;11;10;1346
230700;778;37;14;26;4;9;4;12;29;51;31;12;21;1028
230710;336;0;5;39;15;4;21;9;11;7;6;1;7;461
230720;10;0;1;0;0;0;1;0;0;0;0;0;0;12
230730;10034;440;484;545;391;417;349;444;620;594;353;476;353;15500
230740;549;24;2;11;6;1;1;2;8;1;5;2;3;615
230750;1773;1;2;1;1;0;0;1;2;6;2;0;3;1792
230760;2133;42;27;67;34;27;25;44;32;32;90;243;44;2840
230765;9130;309;224;324;313;374;403;473;384;381;313;467;300;13395
230770;13507;322;326;349;266;349;503;318;363;363;233;353;393;17645
230780;945;21;6;8;3;3;4;5;4;4;5;2;3;1013
230790;66;3;2;0;0;0;1;2;0;0;0;0;0;74
230800;1459;2;1;2;0;0;1;0;1;0;0;0;2;1468
230810;88;0;0;0;0;0;2;1;0;2;1;0;0;94
230820;534;3;22;4;0;1;2;5;3;4;1;0;1;580
230830;548;3;10;479;14;7;125;6;8;10;9;7;5;1231
230835;408;12;11;9;3;2;1;2;2;2;0;1;0;453
230840;585;4;4;18;12;1;2;3;5;6;7;2;2;651
230850;1369;1;2;4;5;8;0;5;3;4;4;9;2;1416
230860;605;0;0;0;0;0;0;0;0;0;0;0;0;605
230870;2934;51;557;132;56;41;35;88;73;30;27;35;22;4081
230880;552;2;1;1;1;0;2;0;0;1;1;1;4;566
230890;483;0;0;0;0;1;1;0;1;0;0;0;0;486
230900;420;0;0;1;0;0;0;0;0;0;0;0;0;421
230910;130;0;0;2;0;0;1;0;0;1;0;0;0;134
230920;305;2;11;13;6;4;4;3;3;7;4;7;4;373
230930;606;22;70;36;3;237;4;5;11;17;4;3;8;1026
230940;541;87;94;152;30;15;1;2;3;0;1;2;13;941
230950;874;17;5;8;7;13;19;10;34;8;19;18;6;1038
230960;3065;25;36;52;105;72;77;95;90;59;76;102;70;3924
230970;1892;97;114;186;136;148;131;206;95;90;120;121;102;3438
230980;340;3;12;0;0;1;1;2;4;1;0;0;0;364
230990;311;0;0;0;0;0;0;0;0;0;0;0;0;311
231000;284;48;4;5;1;0;2;3;2;10;2;5;6;372
231010;256;16;3;8;2;5;1;0;10;5;1;2;2;311
231020;962;43;12;12;15;10;34;14;54;43;59;102;180;1540
231025;322;242;4;4;7;8;5;107;13;13;7;7;4;743
231030;892;1;0;1;2;1;5;3;2;1;2;1;5;916
231040;126;1;2;3;0;1;0;1;0;1;2;1;0;138
231050;790;0;0;3;0;1;0;1;0;0;2;4;4;805
231060;172;1;0;0;0;0;1;0;0;0;0;0;0;174
231070;679;28;9;8;5;5;47;5;6;1;5;5;2;805
231080;386;0;1;2;2;5;0;3;1;1;8;2;0;411
231090;254;2;2;7;4;3;1;5;2;1;4;5;3;293
231100;378;3;8;0;0;0;5;3;2;0;0;0;2;401
231110;255;0;0;0;0;1;0;0;0;1;0;0;1;258
231120;494;11;2;4;0;1;1;2;7;0;3;3;3;531
231130;2763;202;134;60;52;120;58;30;32;44;28;30;71;3624
231135;402;23;70;5;3;1;2;12;7;0;6;5;2;538
231140;2006;9;7;12;7;4;8;4;5;15;8;7;20;2112
231150;600;0;1;0;0;0;0;1;0;0;1;1;0;604
231160;1172;18;13;19;12;12;9;8;9;8;11;22;20;1333
231170;435;1;1;1;0;0;0;0;0;0;1;1;1;441
231180;1052;16;19;22;24;14;11;22;31;13;26;12;26;1288
231190;320;1;1;15;1;3;3;3;6;4;1;0;0;358
231200;385;25;2;66;4;4;0;0;4;2;1;2;1;496
231210;449;3;17;5;1;5;4;6;6;8;0;4;2;510
231220;1200;6;13;9;4;2;3;2;5;3;4;6;4;1261
231230;486;1;5;4;2;25;8;4;6;11;5;3;3;563
231240;285;15;6;10;14;15;2;3;2;8;3;16;3;382
231250;350;0;0;0;0;4;0;0;0;0;1;1;0;356
231260;457;5;0;0;9;2;6;0;2;3;1;0;0;485
231270;238;5;9;12;11;25;42;8;34;28;11;5;16;444
231280;519;35;0;1;2;0;1;1;1;1;0;0;4;565
231290;10667;261;228;298;299;225;283;335;357;301;273;231;256;14014
231300;781;6;5;11;3;128;9;1;4;5;2;3;2;960
231310;725;20;7;17;3;13;7;6;8;8;8;4;8;834
231320;1697;0;3;7;6;8;2;4;3;4;4;11;1;1750
231330;2135;2;4;6;15;2;9;7;10;5;14;10;9;2228
231340;1690;3;13;9;7;3;2;7;6;6;4;11;7;1768
231350;663;0;4;1;0;0;3;2;1;1;0;1;1;677
231360;645;6;4;2;1;0;3;2;4;4;6;1;2;680
231370;304;51;3;1;0;0;0;1;0;0;3;0;0;363
231375;25;0;1;1;0;0;2;1;0;1;0;0;3;34
231380;1292;130;6;16;26;122;22;21;15;33;21;17;49;1770
231390;701;0;2;3;0;3;1;1;3;2;1;1;0;718
231395;8;0;6;78;27;2;4;12;5;1;23;19;5;190
231400;196;4;2;2;0;2;4;0;2;6;3;6;31;258
231410;862;13;1;1;4;4;2;7;1;2;2;5;7;911
239999;6141;478;1913;254;164;154;213;385;180;151;121;149;266;10569
240010;277;3;3;2;1;2;0;2;2;0;3;0;0;295
240020;2885;42;63;52;40;41;58;88;74;61;47;63;79;3593
240030;190;0;7;4;1;3;4;0;1;0;2;0;1;213
240040;97;0;0;0;0;0;0;0;0;0;0;0;0;97
240050;371;0;0;0;0;0;0;2;3;1;0;1;0;378
240060;102;4;0;1;0;0;0;0;0;0;0;0;0;107
240070;467;9;9;14;10;12;15;46;6;4;60;17;95;764
240080;562;17;64;21;52;29;38;43;6;7;8;6;7;860
240090;3;0;0;0;0;0;0;0;0;0;0;0;0;3
240100;892;0;2;0;2;3;2;1;3;2;1;0;0;908
240110;2167;45;51;68;62;69;65;50;92;56;27;55;49;2856
240120;3808;316;92;126;128;122;194;112;88;131;118;125;163;5523
240130;425;17;3;2;0;3;1;3;0;1;1;2;0;458
240140;333;3;21;6;4;7;8;7;8;8;9;9;31;454
240145;17;0;1;0;0;1;0;2;2;0;0;0;0;23
240150;118;0;3;3;0;4;2;2;2;3;0;0;0;137
240160;136;5;0;3;1;6;0;0;1;0;1;0;0;153
240170;214;2;2;4;2;1;0;2;2;2;1;3;0;235
240180;85;0;0;0;1;0;1;0;0;0;0;2;0;89
240190;104;0;3;0;0;2;1;0;1;1;0;0;0;112
240200;2744;52;47;38;43;113;56;69;85;63;63;96;95;3564
240210;133;0;1;0;1;0;0;1;0;0;1;0;0;137
240220;722;30;11;30;21;29;27;8;14;20;47;64;202;1225
240230;400;6;20;17;13;18;15;9;12;15;6;9;10;550
240240;52;0;1;0;0;0;0;0;0;0;0;0;0;53
240250;205;0;0;0;0;1;0;1;0;0;1;2;0;210
240260;4681;287;83;92;88;72;68;45;112;91;111;71;84;5885
240270;384;3;5;0;2;11;1;2;12;3;1;3;0;427
240280;20;0;0;0;0;0;0;0;0;0;0;0;0;20
240290;25;0;0;0;0;0;0;0;0;0;0;0;0;25
240300;194;1;0;1;0;1;0;1;1;0;1;0;6;206
240310;2776;167;96;135;148;92;129;81;78;108;50;105;61;4026
240320;1;0;0;0;0;0;0;0;0;0;0;0;0;1
240325;8725;220;254;297;210;270;338;310;267;305;309;314;269;12088
240330;69;0;0;0;3;0;2;2;0;0;0;0;0;76
240340;93;0;1;1;2;1;3;1;0;0;0;0;1;103
240350;134;0;0;0;0;0;0;0;0;2;0;0;0;136
240360;285;7;17;25;24;13;12;35;20;13;21;19;15;506
240370;176;0;0;0;0;0;0;0;0;0;0;0;0;176
240380;307;16;3;7;2;1;2;6;2;2;1;2;3;354
240390;152;0;0;0;0;0;0;0;0;0;0;0;0;152
240400;111;10;0;0;0;0;0;0;0;1;0;1;7;130
240410;162;0;2;7;2;5;7;2;0;1;5;1;20;214
240420;339;3;19;14;12;6;7;1;7;5;14;5;8;440
240430;251;5;5;4;3;0;0;1;1;8;2;0;1;281
240440;286;9;20;22;4;8;5;6;9;15;12;24;138;558
240450;178;7;18;7;6;23;18;6;12;4;4;9;16;308
240460;163;1;3;1;5;2;3;3;1;1;1;0;2;186
240470;1137;9;22;51;30;38;19;51;70;244;73;133;165;2042
240480;91;0;0;0;0;0;0;0;0;0;0;0;0;91
240490;430;2;3;14;13;13;16;6;9;14;26;7;6;559
240500;171;0;1;0;2;0;1;0;0;0;0;0;1;176
240510;47;0;0;0;0;0;0;0;0;0;0;0;0;47
240520;251;0;1;2;4;6;1;1;1;1;5;1;2;276
240530;115;11;1;1;0;0;0;0;0;1;0;0;1;130
240540;185;0;0;0;0;0;0;0;0;0;0;0;0;185
240550;102;1;0;0;0;0;1;0;0;0;0;0;0;104
240560;276;17;4;5;3;2;41;30;4;2;1;3;3;391
240570;1086;4;13;15;5;17;9;15;6;10;13;5;13;1211
240580;689;13;51;2;8;27;8;2;11;5;5;1;15;837
240590;110;1;0;0;0;0;0;1;0;0;1;0;0;113
240600;109;2;8;1;1;0;1;1;0;1;0;0;1;125
240610;258;1;0;0;1;2;0;0;3;0;1;1;0;267
240620;115;0;2;0;1;0;0;0;0;0;0;0;0;118
240630;57;1;2;1;0;0;0;2;0;0;1;0;0;64
240640;95;2;2;2;1;0;0;0;0;0;2;0;0;104
240650;170;0;2;1;1;1;1;4;0;0;0;0;0;180
240660;4;0;0;0;0;0;0;0;0;0;0;0;0;4
240670;413;1;3;1;3;1;2;3;1;3;1;3;1;436
240680;149;0;0;2;0;0;2;0;1;2;0;2;0;158
240690;150;4;0;0;2;1;0;0;0;0;0;0;0;157
240700;165;0;0;0;1;1;0;0;0;0;0;0;1;168
240710;2761;63;89;106;77;85;72;66;67;73;68;58;34;3619
240720;3287;73;79;92;121;61;58;38;34;53;37;48;44;4025
240730;172;34;0;4;5;1;0;0;1;1;0;0;0;218
240740;134;0;0;0;1;0;0;1;1;0;1;0;3;141
240750;246;2;4;3;4;5;4;3;6;6;4;9;7;303
240760;166;1;0;0;0;0;2;0;2;1;3;1;3;179
240770;186;0;0;0;2;0;0;2;0;2;4;2;1;199
240780;197;1;0;0;0;2;1;0;1;2;1;2;1;208
240790;200;15;12;0;0;2;1;0;0;0;0;2;0;232
240800;19534;470;722;787;648;771;771;893;969;784;686;647;749;28431
240810;124995;2791;3314;3639;3561;3692;3715;3371;3385;3003;2937;2973;3707;165083
240820;416;8;3;6;12;22;15;8;8;3;25;19;2;547
240830;718;58;4;8;5;16;5;10;5;9;8;6;5;857
240840;121;0;5;2;0;0;0;0;0;2;0;0;0;130
240850;157;0;2;0;4;3;3;1;2;3;1;1;1;178
240860;113;5;2;7;3;4;1;3;4;3;5;6;3;159
240870;146;6;0;0;2;3;0;0;0;0;0;0;0;157
240880;68;1;1;0;1;4;0;2;1;1;3;1;0;83
240890;276;6;33;18;0;2;9;2;1;3;5;35;25;415
240910;142;4;0;0;0;2;0;0;2;0;0;0;0;150
240920;1;0;0;0;0;0;0;0;0;0;0;0;0;1
240930;317;0;3;2;1;0;4;2;3;1;1;4;2;340
240940;940;3;4;6;32;8;5;13;10;6;4;1;2;1034
240950;106;5;1;0;0;0;1;0;0;1;2;0;0;116
240960;124;1;2;1;1;1;0;0;0;0;0;0;0;130
240970;267;9;23;8;2;9;6;15;4;3;5;5;3;359
240980;318;3;0;1;3;4;6;0;5;6;4;2;8;360
240990;206;1;1;3;10;6;2;3;28;4;3;1;0;268
241000;90;2;0;0;0;0;0;0;0;0;0;0;4;96
241010;239;2;0;0;0;2;3;2;0;0;3;1;2;254
241020;63;0;0;0;0;0;0;0;1;0;0;0;0;64
241030;141;1;5;2;1;0;2;0;1;0;0;0;0;153
241040;115;0;2;1;1;3;3;8;3;3;0;1;0;140
241050;86;0;0;0;0;0;0;0;0;0;0;0;0;86
241060;138;0;0;4;1;3;0;3;2;4;2;0;2;159
241070;32;0;0;0;0;0;0;0;0;0;0;0;0;32
241080;175;0;0;0;0;0;0;0;0;0;0;0;0;175
241090;245;2;10;5;3;0;0;1;1;4;1;2;4;278
241100;100;0;0;0;0;0;0;0;0;0;0;0;1;101
241110;215;8;21;1;1;4;2;0;1;0;0;0;0;253
241140;397;32;69;0;3;1;7;4;2;4;0;1;4;524
241142;95;0;1;1;0;0;0;0;1;0;0;0;0;98
241150;334;2;7;1;1;2;0;5;0;1;3;2;0;358
241160;38;0;0;0;1;0;0;0;0;1;0;0;0;40
241170;187;1;0;0;0;0;0;3;1;0;0;0;1;193
241180;134;0;0;0;0;8;0;0;2;0;0;0;1;145
241190;1;0;0;0;0;0;0;0;0;0;0;0;0;1
241200;4870;83;115;109;125;128;109;119;119;129;177;114;190;6387
241210;127;0;1;1;0;1;1;1;0;0;0;0;0;132
241220;685;14;22;21;21;39;26;29;18;18;44;16;37;990
241230;248;0;0;6;3;1;3;2;1;1;3;4;2;274
241240;142;3;0;4;0;1;1;1;0;1;1;2;3;159
241250;116;0;1;1;1;0;0;0;0;0;1;0;0;120
241260;421;7;1;3;1;3;1;1;1;4;3;3;2;451
241270;168;0;8;6;5;0;3;1;0;1;0;0;0;192
241280;79;6;3;2;1;2;2;1;2;1;0;0;0;99
241290;348;8;4;12;5;3;1;3;5;20;5;4;3;421
241300;127;0;0;0;0;0;0;0;0;0;0;0;0;127
241310;33;2;2;0;0;0;0;0;0;0;0;1;0;38
241320;9;0;0;1;0;0;1;0;0;0;1;0;0;12
241330;243;1;0;2;0;2;0;3;1;0;1;0;2;255
241340;74;0;0;0;1;0;0;0;0;1;1;1;0;78
241350;116;0;0;0;0;1;0;0;2;0;0;0;0;119
241360;115;0;1;1;1;0;0;2;0;0;1;0;2;123
241370;166;5;0;3;0;2;1;1;2;1;0;0;1;182
241380;91;0;0;0;0;0;0;0;0;0;0;0;0;91
241390;48;1;0;1;0;0;0;0;0;1;1;0;0;52
241400;184;1;1;3;0;1;1;1;1;0;1;2;1;197
241410;18;0;0;0;0;0;1;0;4;0;1;3;0;27
241420;106;1;4;0;1;0;0;2;2;1;0;2;2;121
241430;1;0;0;0;0;0;0;0;0;0;0;0;0;1
241440;516;0;1;0;1;1;1;2;3;0;0;2;0;527
241450;240;2;2;3;7;3;5;1;4;1;2;3;0;273
241460;303;41;3;0;0;0;1;0;1;0;1;0;36;386
241470;59;0;0;0;0;0;0;0;0;0;0;0;0;59
241480;75;0;0;0;0;1;0;0;0;1;1;0;0;78
241490;1;0;0;0;0;0;0;0;0;0;0;0;0;1
241500;82;0;1;0;0;0;0;0;0;0;0;0;0;83
249999;625;0;4;13;14;8;8;11;4;3;5;7;2;704
250010;109;0;0;0;0;0;0;0;0;0;0;0;0;109
250020;412;2;0;3;3;1;0;1;4;0;2;1;5;434
250030;1007;33;15;19;9;12;5;6;6;15;6;4;4;1141
250040;608;0;1;3;2;3;3;2;2;2;1;3;0;630
250050;424;3;9;1;4;10;9;7;4;1;2;3;2;479
250060;733;19;23;26;30;28;28;33;31;20;22;47;14;1054
250070;1308;0;0;0;0;0;0;0;0;1;1;2;2;1314
250080;400;1;0;0;0;1;0;1;0;0;3;1;0;407
250090;294;32;1;3;1;0;2;1;1;4;3;3;1;346
250100;764;5;3;3;2;2;0;2;5;6;2;1;8;803
250110;2238;66;69;88;24;29;34;58;29;33;26;18;24;2736
250120;305;3;1;3;0;1;0;0;5;0;0;0;7;325
250130;892;23;18;5;7;8;10;4;13;6;2;6;6;1000
250140;217;0;1;1;0;1;0;0;0;0;1;0;0;221
250150;533;0;0;0;0;0;1;1;1;0;0;114;26;676
250160;516;8;8;13;6;14;3;5;5;5;1;3;9;596
250170;149;0;1;2;3;0;1;1;1;1;2;2;9;172
250180;7058;187;263;245;170;225;308;477;200;221;216;202;134;9906
250190;400;2;5;6;1;5;5;6;4;6;5;4;1;450
250200;87;1;1;3;0;0;1;0;0;2;0;0;3;98
250210;89;0;0;0;0;0;0;0;0;0;0;0;0;89
250220;279;3;4;0;2;0;1;1;0;0;0;1;4;295
250230;2;0;0;0;0;0;0;0;0;0;0;0;0;2
250240;754;2;4;0;4;3;6;1;5;1;4;2;0;786
250250;708;10;4;31;14;7;7;3;2;1;7;3;10;807
250260;440;15;3;2;4;2;2;3;1;5;2;1;3;483
250270;358;2;5;0;2;1;4;3;3;2;0;0;1;381
250280;396;0;0;2;1;0;0;2;1;13;2;1;0;418
250290;1;0;0;0;0;1;0;0;0;0;0;0;0;2
250300;3271;126;131;247;92;97;64;79;70;60;73;127;137;4574
250310;277;2;1;1;2;1;7;0;2;8;2;3;7;313
250320;4844;108;97;110;124;149;130;134;122;133;99;131;117;6298
250330;362;0;0;1;1;1;1;0;0;0;0;0;0;366
250340;134;0;0;0;0;0;0;0;0;0;0;0;0;134
250350;269;0;0;2;1;0;0;0;0;1;2;0;0;275
250360;567;6;4;6;4;6;3;1;2;4;4;1;1;609
250370;2558;25;98;97;41;41;27;55;44;44;37;114;42;3223
250380;91;1;0;0;0;0;0;0;0;0;0;0;0;92
250390;242;3;0;2;3;2;1;1;0;1;0;1;2;258
250400;35030;824;884;901;914;986;1010;1005;871;852;748;868;901;45794
250410;135;0;0;0;0;0;0;0;0;0;0;0;0;135
250420;62;0;0;0;0;0;0;0;0;0;0;0;0;62
250430;849;94;21;17;13;10;19;10;6;18;2;3;13;1075
250440;175;0;0;1;4;0;1;2;1;0;3;2;2;191
250450;36;0;0;0;0;0;0;0;0;0;0;0;1;37
250460;1070;58;46;52;55;67;53;58;37;28;28;23;18;1593
250470;125;0;0;0;0;0;0;0;0;0;0;0;0;125
250480;1255;11;11;15;3;6;7;9;4;5;4;3;6;1339
250490;731;0;0;0;0;0;0;1;0;0;0;0;0;732
250500;172;5;0;0;0;0;0;0;0;0;0;0;0;177
250510;728;9;2;0;2;0;12;4;11;5;3;6;0;782
250520;287;0;0;0;0;1;1;0;0;0;0;0;0;289
250530;123;0;0;0;0;0;0;0;0;0;0;0;0;123
250540;16;0;0;0;0;0;0;0;0;0;0;0;0;16
250550;100;0;0;0;0;0;0;0;0;0;0;0;0;100
250560;1;0;0;0;0;0;0;0;0;0;0;0;0;1
250570;227;1;0;1;1;0;1;0;0;1;0;0;0;232
250580;288;0;0;0;0;3;0;0;0;0;0;0;1;292
250590;1;0;0;0;0;0;0;0;0;0;0;0;0;1
250600;1019;30;36;30;27;23;44;23;12;9;6;15;22;1296
250610;319;6;2;1;1;2;2;0;0;0;0;2;1;336
250620;120;0;0;0;0;0;1;0;0;0;1;0;0;122
250630;3201;29;39;55;53;57;51;42;41;71;32;169;127;3967
250640;348;0;0;1;1;0;0;0;0;0;0;0;0;350
250650;1;0;0;0;0;0;1;0;0;0;0;0;0;2
250660;18;0;0;0;0;0;0;0;0;0;0;0;7;25
250670;23;0;0;0;0;1;0;0;0;0;0;0;0;24
250680;346;7;1;3;9;17;5;15;24;9;7;5;1;449
250690;1910;17;26;39;11;35;20;34;26;23;12;19;29;2201
250700;741;13;0;2;4;10;8;4;6;3;4;7;3;805
250710;570;1;0;2;4;3;0;0;0;3;0;5;3;591
250720;230;0;4;7;4;2;2;0;0;1;0;0;0;250
250730;748;55;1;1;4;1;0;1;1;1;1;2;3;819
250740;401;0;0;0;0;0;0;0;2;3;4;0;7;417
250750;157953;1986;2126;2649;2599;2634;2460;2392;2620;2579;2322;2484;2347;187151
250760;302;0;1;1;1;1;0;0;2;4;1;0;0;313
250770;376;2;6;3;3;7;5;0;3;1;3;1;7;417
250780;448;2;1;2;1;1;1;4;2;0;4;1;3;470
250790;217;3;4;3;12;5;3;2;7;4;5;1;4;270
250800;177;20;1;0;0;0;1;0;1;0;2;1;2;205
250810;186;0;0;0;0;0;0;0;0;0;0;0;0;186
250820;13;0;0;0;0;0;0;1;0;0;2;0;0;16
250830;474;4;80;5;8;4;6;5;5;0;1;2;4;598
250840;342;0;0;0;0;0;0;0;0;0;0;0;1;343
250850;156;0;0;0;0;0;3;0;0;0;0;0;0;159
250860;1043;21;49;28;47;51;62;21;17;23;17;26;21;1426
250870;1;0;0;0;0;0;0;0;0;1;0;0;0;2
250880;1;0;0;0;0;0;0;0;0;0;0;0;0;1
250890;1660;17;17;19;25;21;20;25;26;26;20;100;28;2004
250900;17;0;0;0;0;0;1;0;0;0;1;0;0;19
250910;678;1;4;2;4;1;1;5;0;9;2;0;3;710
250920;211;6;4;3;3;3;0;2;2;0;2;0;1;237
250930;553;7;90;3;6;8;4;5;6;7;6;5;9;709
250940;254;0;0;1;1;0;2;1;2;1;0;3;2;267
250950;226;1;2;1;2;1;0;0;0;2;2;1;0;238
250960;304;1;0;3;3;7;86;37;6;8;45;40;8;548
250970;1150;0;0;1;0;0;5;0;0;2;1;1;0;1160
250980;49;0;0;0;0;0;0;1;1;0;0;0;1;52
250990;163;0;0;0;0;0;0;0;0;0;0;0;0;163
251000;393;2;2;0;2;4;1;2;3;2;6;0;1;418
251010;104;0;1;3;1;0;1;1;3;1;0;1;1;117
251020;4;0;0;0;0;0;0;0;0;0;0;0;0;4
251030;210;1;0;0;1;1;0;0;1;0;0;0;1;215
251040;96;0;0;0;0;0;0;0;0;0;0;0;0;96
251050;125;0;0;0;0;0;0;0;0;0;1;1;0;127
251060;169;0;0;0;0;0;0;0;0;0;1;0;0;170
251070;165;0;0;0;0;0;0;0;0;0;0;0;0;165
251080;3425;58;56;53;55;63;59;65;61;73;76;61;110;4215
251090;88;0;0;0;0;1;0;1;0;0;0;0;0;90
251100;268;0;0;0;0;0;0;0;0;0;0;0;0;268
251110;221;14;10;8;2;4;4;2;1;2;1;0;2;271
251120;2269;242;58;47;85;55;42;60;38;45;36;32;25;3034
251130;1617;22;3;6;5;2;4;8;4;13;1;1;7;1693
251140;551;2;6;10;5;12;5;7;2;2;6;8;3;619
251150;230;0;4;3;1;3;3;2;8;1;0;3;1;259
251160;290;0;6;4;3;6;4;0;2;1;0;1;3;320
251170;450;3;2;0;0;0;0;0;0;1;3;3;4;466
251180;417;9;27;4;0;4;4;4;2;2;2;4;15;494
251190;80;0;0;2;4;1;2;0;0;1;0;0;1;91
251200;428;10;6;9;6;1;7;8;2;2;34;5;2;520
251210;1169;2;8;3;5;6;11;7;16;22;21;47;4;1321
251220;1;0;0;0;0;0;0;0;0;0;0;0;0;1
251230;347;2;5;1;1;1;2;2;2;1;8;1;0;373
251240;302;2;8;0;5;2;2;4;1;2;1;0;1;330
251250;1206;27;19;17;8;13;9;7;9;13;7;14;13;1362
251270;446;2;3;2;1;1;8;1;2;4;1;2;1;474
251280;620;0;0;1;0;0;0;0;0;0;0;0;0;621
251290;2457;48;75;55;142;258;25;27;51;64;45;74;46;3367
251300;1;0;0;0;0;0;0;0;0;0;0;0;0;1
251310;979;0;1;1;0;1;0;0;1;2;1;0;3;989
251320;89;0;0;0;4;0;0;0;0;0;0;0;0;93
251330;9;0;0;0;0;0;0;0;0;0;0;0;0;9
251340;418;4;10;11;3;3;5;18;2;2;2;1;0;479
251350;1;0;0;0;0;0;0;0;0;0;0;0;0;1
251360;416;0;0;1;2;1;0;0;0;0;0;0;0;420
251370;9588;494;640;293;213;271;185;366;178;228;290;340;313;13399
251380;164;1;3;0;0;0;1;1;0;1;0;1;1;173
251390;134;5;0;2;5;2;1;1;0;2;1;6;1;160
251400;517;2;4;13;9;4;12;6;10;2;5;1;10;595
251410;102;0;3;0;0;0;2;0;0;1;1;2;1;112
251420;346;0;1;0;0;3;1;2;0;1;0;0;0;354
251430;1;0;0;0;0;0;0;0;0;0;0;0;0;1
251440;80;0;0;0;0;0;0;0;0;0;0;0;0;80
251450;2341;1;2;1;1;2;0;0;1;2;2;2;0;2355
251460;230;0;0;0;0;0;0;0;0;0;0;0;0;230
251470;58;0;0;0;0;0;0;0;0;0;0;0;0;58
251480;228;0;0;0;1;0;1;0;0;0;0;0;1;231
251490;629;1;2;18;0;2;2;1;2;4;2;1;6;670
251500;72;55;2;0;0;0;0;0;1;1;0;1;0;132
251510;343;0;0;0;0;1;0;0;0;0;0;1;2;347
251520;77;0;0;0;0;0;0;0;0;0;0;0;0;77
251530;2947;29;17;24;33;26;21;23;20;78;18;33;25;3294
251540;226;0;0;0;0;0;0;0;0;0;0;0;0;226
251550;545;17;28;4;2;1;0;4;5;5;0;1;1;613
251560;1;0;0;0;0;0;0;0;0;0;0;0;0;1
251570;101;0;0;0;0;0;0;0;0;0;0;0;0;101
251580;191;0;0;0;0;0;0;0;0;0;0;0;0;191
251590;154;0;0;0;0;0;0;0;0;1;0;0;0;155
251600;769;4;3;11;5;6;4;4;10;31;2;1;12;862
251610;560;3;3;2;0;2;11;3;0;1;5;3;24;617
251620;3808;106;55;57;56;101;67;81;58;74;77;51;54;4645
251630;316;0;0;0;0;0;0;0;0;0;0;1;6;323
251640;391;0;0;0;0;1;0;0;0;0;0;0;0;392
251650;350;14;13;37;23;15;12;5;3;1;1;4;1;479
251660;40;0;0;2;1;0;0;2;0;0;0;0;0;45
251670;458;1;1;4;3;0;1;5;2;1;1;14;1;492
251680;2;0;0;0;0;0;0;0;0;0;0;0;0;2
251690;863;23;4;4;1;2;97;0;2;2;0;2;0;1000
251700;381;8;1;0;6;1;2;3;5;4;1;2;6;420
251710;79;3;0;0;0;2;0;0;0;0;0;0;1;85
259999;50;0;0;0;0;0;0;0;0;0;0;0;0;50
260005;1290;29;43;47;49;82;69;52;47;32;46;33;42;1861
260010;851;12;12;11;6;13;16;7;10;5;16;5;13;977
260020;53;0;2;0;1;1;1;0;1;2;1;1;0;63
260030;626;7;8;4;8;5;9;3;8;4;6;4;11;703
260040;1719;6;7;21;12;58;18;14;18;9;11;21;24;1938
260050;196;5;31;1;2;3;5;2;2;2;7;5;4;265
260060;458;2;3;0;1;2;1;1;6;1;0;2;2;479
260070;7409;127;90;495;472;348;108;45;59;91;163;166;108;9681
260080;623;0;5;0;2;2;1;2;0;0;1;1;0;637
260090;787;4;1;2;1;1;19;9;6;5;3;3;2;843
260100;196;1;1;1;1;2;0;1;1;0;0;0;0;204
260110;2004;79;27;71;58;61;40;51;41;33;32;50;37;2584
260120;3418;42;61;67;55;58;54;79;49;52;66;97;56;4154
260130;86;0;0;0;0;0;0;1;0;0;0;0;0;87
260140;6697;60;125;121;265;65;52;53;49;55;84;51;110;7787
260150;250;3;0;6;2;2;4;3;4;1;0;1;2;278
260160;371;10;11;11;4;7;5;9;9;9;6;12;3;467
260170;4501;79;136;134;193;146;134;87;140;112;140;113;135;6050
260180;144;45;6;1;0;2;8;0;1;1;0;0;10;218
260190;898;5;5;3;8;5;9;10;3;8;11;3;12;980
260200;266;3;2;5;1;15;0;7;1;6;0;1;0;307
260210;811;12;5;7;5;7;7;9;7;4;6;3;1;884
260220;406;4;13;3;4;8;30;6;15;0;7;6;4;506
260230;1411;64;178;131;111;23;41;61;32;32;49;32;55;2220
260240;97;1;0;0;0;0;0;0;1;0;0;0;1;100
260250;14;0;0;0;0;0;0;0;0;0;0;1;0;15
260260;332;1;3;16;0;1;3;1;4;0;2;2;1;366
260270;293;4;6;8;5;2;2;2;0;1;5;2;1;331
260280;568;0;0;1;4;0;0;1;2;1;3;2;3;585
260290;16717;364;279;406;369;434;448;350;493;535;384;382;356;21517
260300;589;20;15;18;6;7;3;5;8;6;11;7;15;710
260310;144;1;1;0;2;0;2;0;1;0;2;0;0;153
260320;206;0;2;0;1;0;0;0;0;0;0;0;0;209
260330;193;2;2;1;3;3;1;1;1;1;4;1;0;213
260340;38;0;0;1;0;1;0;1;0;0;1;0;0;42
260345;3483;45;82;84;122;106;108;91;58;51;84;67;58;4439
260350;188;0;4;1;5;2;1;0;0;1;1;1;2;206
260360;3240;921;40;60;13;34;81;43;28;37;27;51;44;4619
260370;521;7;4;6;1;1;6;4;3;2;2;0;1;558
260380;166;0;1;0;0;0;1;0;2;0;1;0;0;171
260390;220;2;0;5;1;0;2;2;1;1;5;1;0;240
260400;3974;140;106;65;60;64;82;84;70;85;93;83;95;5001
260410;16552;467;409;551;416;535;491;500;460;465;418;525;565;22354
260420;6858;42;77;230;118;97;96;116;128;136;50;70;29;8047
260430;201;0;0;0;0;0;0;0;1;0;0;0;0;202
260440;913;53;31;60;60;15;11;11;9;12;15;7;12;1209
260450;258;1;0;0;1;0;1;7;2;5;4;0;1;280
260460;402;2;3;2;1;6;7;10;7;3;4;7;10;464
260470;239;3;3;3;3;6;0;3;0;2;3;0;1;266
260480;3301;71;112;129;277;54;53;47;37;25;70;37;62;4275
260490;391;3;5;1;1;1;0;3;3;8;0;0;0;416
260500;271;1;2;1;2;0;2;0;0;2;1;1;1;284
260510;621;11;33;3;1;7;6;2;3;9;7;3;5;711
260520;13583;437;560;1025;1578;209;142;130;181;208;246;320;153;18772
260530;479;0;0;7;5;5;1;1;4;0;2;0;0;504
260540;431;1;0;2;1;1;0;1;0;1;1;0;1;440
260545;67;0;0;1;2;2;2;5;0;0;1;0;4;84
260550;406;2;13;2;5;5;3;2;2;3;1;4;5;453
260560;337;2;2;4;1;1;0;2;2;0;0;1;0;352
260570;196;0;2;1;2;1;1;2;1;1;0;5;0;212
260580;347;17;1;0;0;0;1;1;1;0;0;0;0;368
260590;540;11;9;13;17;3;10;8;7;8;4;6;7;643
260600;7069;166;171;235;209;211;182;167;175;216;148;175;159;9283
260610;390;21;7;7;6;51;6;3;6;5;3;2;0;507
260620;14827;387;700;1039;596;337;203;198;197;219;151;153;478;19485
260630;99;0;1;0;0;1;0;0;0;1;0;0;1;103
260640;2515;33;42;36;37;57;76;55;46;36;54;39;41;3067
260650;148;3;0;0;0;0;3;3;1;2;1;0;1;162
260660;193;2;0;9;1;7;3;2;2;2;3;3;9;236
260670;12;0;0;0;0;0;0;0;0;0;0;0;0;12
260680;9950;174;873;799;300;199;253;183;213;177;188;195;245;13749
260690;33;0;1;1;1;0;0;0;1;0;0;1;0;38
260700;94;0;0;1;1;0;0;2;1;1;0;0;0;100
260710;68;0;0;0;0;0;0;0;0;0;0;0;0;68
260720;8900;164;329;1331;118;96;175;85;112;176;157;165;161;11969
260730;367;2;6;5;1;4;4;8;1;2;9;5;7;421
260740;6;0;0;0;0;0;0;0;0;0;0;0;0;6
260750;301;2;3;1;1;34;25;12;1;2;4;1;2;389
260760;802;37;26;31;36;38;20;28;44;38;41;24;16;1181
260765;726;23;11;8;14;6;13;9;14;8;13;4;14;863
260770;615;0;2;0;0;2;0;0;0;0;2;0;0;621
260775;1138;4;5;11;10;32;10;41;22;17;14;20;17;1341
260780;408;6;54;16;3;2;5;3;2;3;5;1;7;515
260790;44874;1255;1389;1765;1983;1496;1334;1421;1231;1248;1366;1257;1322;61941
260800;332;0;2;0;0;0;0;1;3;1;1;0;0;340
260810;175;3;2;0;0;2;0;0;1;0;4;0;2;189
260820;6824;19;18;25;275;12;10;13;8;7;47;8;35;7301
260830;212;0;3;0;0;0;2;0;0;0;0;0;0;217
260840;21;0;0;0;0;0;0;0;0;0;0;0;0;21
260850;2795;8;6;5;7;11;11;6;10;8;74;26;40;3007
260860;155;0;0;0;0;0;0;0;0;0;0;0;0;155
260870;277;0;0;1;0;0;0;0;0;0;1;0;0;279
260880;651;5;2;3;5;6;7;2;7;4;4;2;8;706
260890;2904;67;44;80;58;51;32;65;46;67;59;55;91;3619
260900;1707;60;18;5;5;10;14;5;11;9;26;23;16;1909
260910;314;11;3;11;5;6;1;1;1;1;1;1;0;356
260920;3541;78;77;248;56;83;47;58;35;52;78;86;56;4495
260930;278;1;2;4;2;3;4;4;5;3;0;2;0;308
260940;2806;56;45;44;65;88;38;56;50;40;43;52;34;3417
260950;7897;360;1721;382;84;93;117;157;107;162;146;150;166;11542
260960;23752;774;811;923;783;930;1073;1038;996;817;896;837;674;34304
260970;309;1;1;2;0;2;1;2;0;1;2;2;0;323
260980;85;10;7;19;6;11;27;48;93;26;59;103;30;524
260990;479;10;8;15;11;11;30;19;5;4;8;7;2;609
261000;6036;154;175;148;314;126;117;155;156;205;178;177;147;8088
261010;267;3;8;6;2;2;4;4;0;3;4;2;1;306
261020;632;0;1;0;0;1;0;25;23;14;7;11;0;714
261030;14;0;0;0;0;0;0;0;0;0;0;0;1;15
261040;98;11;15;4;0;0;0;1;1;2;9;19;1;161
261050;549;45;4;7;10;1;0;8;1;0;5;1;2;633
261060;3077;67;151;65;80;95;78;63;82;74;84;76;119;4111
261070;24523;409;426;951;799;682;584;574;642;434;469;439;376;31308
261080;327;12;1;3;2;2;0;0;0;3;2;0;12;364
261090;3499;71;102;76;70;113;114;123;177;164;204;229;296;5238
261100;1976;191;154;138;77;69;49;112;324;198;146;130;162;3726
261110;13620;357;484;507;600;564;785;630;849;710;557;817;618;21098
261120;131;0;0;2;2;0;1;2;2;1;1;0;0;142
261130;2230;73;53;225;193;58;50;30;33;24;32;20;60;3081
261140;320;24;5;8;38;6;15;24;3;6;5;0;2;456
261150;1507;57;63;17;27;103;21;17;9;38;27;17;12;1915
261160;464210;10706;10405;12171;10675;12648;12002;10732;11236;10316;10779;10850;12323;599053
261170;2610;56;2;17;11;9;7;9;4;5;7;9;12;2758
261180;5232;145;173;357;53;455;61;53;81;82;97;95;105;6989
261190;3670;69;39;363;62;45;31;25;25;22;26;33;27;4437
261200;125;1;1;0;0;1;0;0;2;0;0;0;1;131
261210;102;4;1;2;0;0;0;1;1;0;1;0;0;112
261220;1992;20;47;45;44;37;42;29;57;47;44;37;41;2482
261230;30;0;1;0;0;1;0;1;1;0;1;0;0;35
261240;1084;0;1;0;0;0;1;1;0;1;1;0;1;1090
261250;581;10;5;10;16;14;10;10;18;8;15;5;6;708
261260;1163;54;198;62;81;61;56;52;63;124;154;94;39;2201
261270;129;0;1;3;14;0;0;1;3;0;0;1;0;152
261290;273;5;4;4;8;2;1;1;0;1;2;1;1;303
261300;1357;2;0;2;5;9;8;7;6;5;6;3;10;1420
261310;559;20;9;19;5;8;26;9;14;7;6;8;2;692
261320;244;0;1;0;0;0;1;0;2;1;0;1;0;250
261330;198;1;2;3;0;2;0;0;1;0;0;0;1;208
261340;308;5;2;22;9;8;2;5;6;4;7;2;10;390
261350;670;2;4;5;14;3;0;5;3;2;1;0;2;711
261360;912;7;7;9;12;20;8;9;13;14;6;6;11;1034
261370;8043;232;153;449;144;160;127;153;168;126;125;105;89;10074
261380;189;0;0;0;1;1;0;1;3;0;0;1;1;197
261390;4480;57;33;64;88;81;55;64;51;44;118;71;243;5449
261400;180;0;1;3;0;0;0;0;0;0;0;0;0;184
261410;897;8;21;20;9;10;10;9;4;17;12;9;50;1076
261420;6903;126;179;1709;188;41;25;18;18;27;53;58;173;9518
261430;10;0;0;0;0;1;0;0;0;0;0;0;0;11
261440;14;0;0;0;0;0;0;0;0;0;0;0;0;14
261450;1717;24;57;28;25;40;25;20;22;24;30;27;19;2058
261460;646;1;4;4;0;3;3;5;3;1;0;4;2;676
261470;231;10;11;9;6;7;9;5;6;3;7;6;6;316
261480;125;1;0;0;0;3;3;8;3;3;2;13;2;163
261500;560;19;29;104;12;12;12;87;18;35;5;11;30;934
261510;107;1;0;1;1;1;1;0;1;2;0;0;0;115
261520;124;0;0;0;0;0;0;0;0;0;0;0;0;124
261530;8332;160;379;437;134;109;158;183;154;204;196;189;178;10813
261540;233;1;0;3;0;3;1;4;6;4;35;2;1;293
261550;929;36;42;17;8;17;13;6;36;10;5;4;18;1141
261560;375;10;6;9;16;14;13;13;17;38;22;18;18;569
261570;535;7;8;0;0;3;3;1;4;3;2;1;3;570
261580;266;0;3;1;0;1;0;0;0;0;0;0;1;272
261590;174;4;0;2;0;2;2;1;1;0;3;1;0;190
261600;209;2;0;0;0;0;0;0;0;0;0;4;1;216
261610;94;0;0;0;0;0;0;1;0;0;1;0;0;96
261620;229;2;0;1;0;0;1;0;1;0;1;0;0;235
261630;4637;165;459;213;39;27;70;77;48;46;47;44;96;5968
261640;6919;119;128;173;227;226;147;111;157;100;116;127;161;8711
269999;161;6;1;1;1;0;1;2;0;1;2;1;0;177
270010;344;2;3;0;1;0;1;1;0;1;2;0;0;355
270020;543;1;2;0;4;1;1;1;2;3;1;0;3;562
270030;9988;447;214;491;535;807;1008;212;420;476;278;467;837;16180
270040;4114;120;108;142;231;137;96;92;112;91;98;99;115;5555
270050;91;0;2;2;0;2;2;0;1;1;5;0;0;106
270060;241;7;14;5;4;14;4;3;12;9;6;3;14;336
270070;101;0;0;1;3;0;0;0;1;0;2;2;0;110
270080;149;10;1;3;1;1;0;4;6;3;1;0;2;181
270090;103;37;3;1;0;4;2;3;1;0;1;7;3;165
270100;3649;129;55;378;188;54;52;31;58;201;52;70;104;5021
270110;161;6;1;3;0;1;2;0;0;0;0;1;0;175
270120;311;3;0;3;0;0;2;3;1;2;1;1;4;331
270130;1475;82;25;111;31;32;60;35;46;24;20;14;27;1982
270140;3212;98;108;211;68;52;58;39;33;40;58;45;44;4066
270150;111;0;0;0;0;0;0;0;0;0;0;0;65;176
270160;306;0;0;0;1;0;0;2;0;0;4;0;0;313
270170;1183;16;52;26;14;16;21;11;23;15;21;9;21;1428
270180;95;5;3;1;0;1;0;0;0;0;0;0;0;105
270190;131;0;6;2;2;0;0;0;0;0;0;0;0;141
270200;176;0;0;0;0;0;0;0;0;0;0;0;0;176
270210;2260;52;50;46;91;69;56;33;28;45;41;37;52;2860
270220;314;1;1;5;6;2;1;2;0;0;0;3;1;336
270230;7950;251;351;412;161;221;223;171;136;152;328;207;287;10850
270235;5;0;0;0;0;0;0;0;0;1;0;0;0;6
270240;2153;14;71;104;36;54;50;30;33;35;48;41;81;2750
270250;15;0;0;0;0;0;0;0;1;2;0;0;0;18
270260;227;0;0;0;0;0;0;2;0;0;1;0;1;231
270270;108;0;0;2;0;0;2;0;0;0;0;0;0;112
270280;670;5;9;24;55;33;39;17;5;22;25;9;4;917
270290;469;1;2;2;1;6;2;2;3;3;2;1;1;495
270300;10;0;1;0;0;0;0;0;0;0;0;0;0;11
270310;19;0;2;0;0;2;0;0;1;1;0;0;2;27
270320;1236;25;19;49;86;109;68;15;34;23;27;37;68;1796
270330;5;0;0;1;0;0;0;0;0;0;0;0;0;6
270340;87;0;3;4;4;0;0;1;0;0;0;2;0;101
270350;141;4;6;3;1;1;0;2;0;0;0;0;1;159
270360;1649;38;24;47;100;81;62;26;26;37;31;46;22;2189
270370;156;3;1;4;2;1;2;2;1;0;1;1;0;174
270380;1730;57;63;109;26;31;25;42;40;32;39;27;19;2240
270390;253;0;0;3;2;7;0;1;1;2;0;2;0;271
270400;1463;13;85;135;61;25;27;15;22;33;24;26;34;1963
270410;362;1;25;147;93;102;2;2;1;0;6;4;70;815
270420;260;6;1;4;3;0;2;0;3;1;1;1;0;282
270430;158421;2874;3148;4431;3245;3440;3298;3297;3323;3091;3215;3429;3975;199187
270440;242;0;5;4;5;4;3;3;1;10;0;3;1;281
270450;415;4;5;2;4;2;2;0;3;4;4;5;4;454
270460;122;9;0;0;1;2;2;0;1;3;1;1;0;142
270470;3129;81;74;92;86;94;228;87;280;30;33;40;26;4280
270480;620;1;1;5;0;2;1;2;0;1;3;0;2;638
270490;80;2;1;0;0;1;0;0;0;0;1;0;1;86
270500;796;6;0;0;0;0;1;0;0;0;0;1;1;805
270510;1191;26;47;30;100;24;30;23;22;29;31;29;27;1609
270520;783;19;15;13;8;10;22;10;7;9;11;18;22;947
270530;144;2;1;1;0;0;0;0;0;1;2;4;0;155
270540;11;0;0;0;0;0;0;0;0;0;0;0;0;11
270550;2142;177;33;116;40;41;58;50;46;65;43;38;35;2884
270560;547;29;11;8;7;13;7;8;6;12;13;10;10;681
270570;656;6;4;8;11;5;5;3;8;8;4;2;4;724
270580;305;0;0;2;14;2;1;0;1;0;0;0;0;325
270590;1;0;0;0;0;0;0;0;0;0;0;0;0;1
270600;116;0;0;0;0;0;0;0;0;0;0;0;0;116
270610;326;3;0;0;0;0;0;0;1;1;0;1;0;332
270620;87;0;0;0;0;0;0;0;1;0;0;0;1;89
270630;2909;32;47;67;57;61;61;41;61;68;41;48;53;3546
270640;588;31;4;0;7;2;0;2;1;1;2;8;0;646
270650;395;5;7;11;4;4;7;6;10;5;2;5;5;466
270660;130;7;5;0;3;1;3;11;1;0;3;0;0;164
270670;3148;80;50;49;46;57;43;26;50;39;39;36;59;3722
270680;63;1;0;0;2;1;1;2;2;0;0;3;1;76
270690;1054;12;21;9;23;13;9;13;2;7;7;19;8;1197
270700;2;0;0;0;0;0;0;0;0;0;0;0;0;2
270710;91;7;4;9;5;4;2;8;23;1;2;4;1;161
270720;12;0;0;0;0;0;1;0;0;0;0;0;1;14
270730;3094;73;52;88;54;34;35;45;49;40;52;46;56;3718
270740;256;0;0;0;1;0;1;0;0;0;0;1;0;259
270750;302;41;2;1;6;1;14;1;10;4;2;13;5;402
270760;24;1;0;1;0;1;2;0;1;0;0;1;0;31
270770;3240;126;135;123;257;110;104;81;79;140;116;93;94;4698
270780;414;28;14;19;53;12;17;11;10;8;31;26;18;661
270790;503;3;7;16;8;14;5;4;8;25;3;0;0;596
270800;1074;8;7;8;6;4;14;8;10;8;27;3;19;1196
270810;147;0;0;0;0;0;0;3;0;0;0;0;0;150
270820;79;0;0;0;0;0;0;0;0;0;0;0;0;79
270830;4220;67;35;41;117;104;58;66;57;55;91;74;50;5035
270840;348;2;1;0;0;0;2;2;0;0;0;1;0;356
270850;3996;234;124;157;161;66;58;59;69;99;101;98;111;5333
270860;8449;208;745;474;155;258;175;184;162;172;204;278;827;12291
270870;163;1;3;4;2;4;2;3;4;1;1;0;0;188
270880;417;1;3;3;3;3;1;1;0;3;3;2;1;441
270890;626;20;14;26;15;23;18;11;6;10;9;7;10;795
270895;5;0;0;0;0;0;0;0;1;0;1;0;0;7
270900;211;4;2;3;1;0;0;1;1;0;2;2;1;228
270910;391;2;1;3;2;0;1;1;1;1;3;0;1;407
270920;428;1;0;5;13;1;0;1;1;2;0;3;0;455
270930;4747;82;96;106;134;191;79;62;89;76;80;93;100;5935
270940;643;10;8;10;6;4;7;3;5;10;7;1;6;720
280010;13;0;0;0;0;0;0;0;0;0;0;0;0;13
280020;323;15;5;12;3;7;9;15;2;3;1;3;2;400
280030;137504;3401;3934;4474;4389;4522;4098;4245;4321;4226;3918;4442;4778;188252
280040;289;2;4;4;4;8;3;2;3;2;4;1;1;327
280050;202;2;4;1;4;2;3;1;1;2;2;4;2;230
280060;793;176;134;180;131;178;262;99;64;35;178;133;50;2413
280067;564;12;3;4;2;2;4;6;4;8;8;2;2;621
280070;6;0;0;0;1;0;0;0;0;0;0;0;0;7
280100;554;3;3;3;0;1;0;1;3;1;2;3;2;576
280110;7;0;0;0;0;0;0;0;0;0;1;0;0;8
280120;660;120;178;311;64;118;49;66;134;154;1284;1055;150;4343
280130;453;10;10;11;4;11;7;6;16;4;8;6;12;558
280140;232;2;2;2;4;1;2;5;4;1;2;7;1;265
280150;898;18;20;32;21;30;29;30;43;67;17;15;14;1234
280160;144;0;0;0;0;0;0;0;0;0;0;0;0;144
280170;185;1;3;3;1;0;1;1;4;2;2;4;0;207
280190;162;0;0;0;0;0;0;0;0;0;0;0;0;162
280200;128;1;3;36;0;0;3;0;0;0;0;1;1;173
280210;5477;220;223;284;243;192;206;136;146;296;126;165;108;7822
280220;21;0;0;0;0;0;0;0;0;0;0;0;0;21
280230;194;8;5;1;2;5;2;3;5;0;3;6;1;235
280240;220;0;1;0;0;0;0;0;0;0;0;0;0;221
280250;2;0;0;0;0;0;0;1;0;0;1;0;0;4
280260;3;0;0;0;0;0;0;0;0;0;0;0;0;3
280270;149;6;4;2;0;1;8;6;2;0;0;4;13;195
280280;111;0;0;1;0;0;0;0;0;1;1;0;3;117
280290;2286;48;48;85;59;68;58;71;64;69;68;52;53;3029
280300;788;7;12;5;3;6;4;2;8;6;8;5;13;867
280310;102;0;0;0;0;0;0;1;0;0;0;0;0;103
280320;1092;20;115;60;21;64;32;24;19;35;43;24;30;1579
280330;495;1;4;2;1;2;0;1;0;0;0;3;0;509
280340;36;0;0;0;0;0;0;1;1;0;0;0;1;39
280350;2524;109;31;52;53;41;53;43;36;52;33;54;95;3176
280360;3788;46;49;248;72;94;34;51;35;51;44;41;109;4662
280370;230;2;11;1;0;0;1;2;3;1;5;7;35;298
280380;34;0;3;1;0;1;0;1;2;1;1;3;0;47
280390;203;1;7;3;3;0;5;4;0;1;0;1;0;228
280400;919;5;17;18;14;13;13;11;16;17;10;8;10;1071
280410;145;1;0;1;1;0;0;0;3;1;0;0;0;152
280420;41;0;2;0;1;4;3;2;0;0;2;1;0;56
280430;3;0;0;0;0;0;0;0;0;0;0;0;0;3
280440;1557;49;128;40;29;40;39;41;59;39;46;28;8;2103
280445;238;1;2;4;1;0;0;0;4;0;0;0;0;250
280450;557;10;12;12;15;43;7;11;8;6;5;7;21;714
280460;249;3;3;5;5;5;7;4;7;2;0;3;7;300
280470;161;1;2;1;2;3;2;4;7;1;1;2;1;188
280480;3833;176;154;307;244;300;274;175;290;173;176;153;167;6422
280490;822;24;14;66;8;9;42;21;18;25;15;13;32;1109
280500;6;0;0;0;0;0;0;0;0;0;0;0;0;6
280510;128;2;0;2;0;1;0;0;0;0;3;0;1;137
280520;1;0;0;0;0;0;0;0;0;0;0;0;0;1
280530;116;0;0;0;2;1;2;2;4;1;1;0;1;130
280540;46;0;0;4;0;0;1;1;0;0;8;0;0;60
280550;110;0;0;1;2;1;1;3;4;1;0;3;0;126
280560;519;0;0;3;1;1;0;0;0;0;0;0;0;524
280570;1616;42;50;26;73;58;58;51;47;40;47;105;140;2353
280580;337;1;2;3;0;5;0;2;0;6;5;0;3;364
280590;900;32;32;42;37;55;35;34;33;46;42;24;13;1325
280600;318;0;1;2;1;0;1;1;2;0;0;2;11;339
280610;1877;139;219;219;176;254;245;243;233;175;383;431;171;4765
280620;358;4;1;8;4;4;3;1;3;2;3;4;0;395
280630;102;1;4;3;0;4;4;3;1;1;1;0;1;125
280650;3;0;0;0;0;0;0;0;0;0;0;0;0;3
280660;504;6;3;11;47;4;7;47;37;17;14;9;3;709
280670;2955;90;59;74;47;95;49;37;51;63;44;73;40;3677
280680;275;7;1;1;1;4;1;0;0;3;0;0;0;293
280690;2;0;0;0;0;1;0;0;0;0;0;0;0;3
280700;1;0;0;0;0;0;0;0;0;0;0;0;0;1
280710;1012;18;1;9;8;10;9;8;9;8;14;12;6;1124
280720;220;7;6;5;5;6;3;10;45;6;5;4;37;359
280730;30;0;0;0;0;0;0;0;0;0;0;0;0;30
280740;742;7;2;10;6;14;3;10;12;9;7;6;12;840
280750;179;0;0;0;0;2;0;0;0;3;1;0;1;186
280760;201;3;1;8;2;2;2;0;7;4;3;2;7;242
290010;135;0;0;0;2;0;0;1;0;0;0;0;0;138
290020;1;0;0;0;0;0;0;0;0;0;0;0;0;1
290030;32;0;1;0;0;1;3;0;0;0;10;1;0;48
290040;23;0;0;10;7;0;0;2;2;0;1;7;0;52
290050;41;0;0;0;0;0;0;0;0;0;0;0;0;41
290060;262;3;10;6;2;2;1;8;1;2;4;0;3;304
290070;8538;98;215;324;192;215;210;192;230;177;188;242;236;11057
290080;1317;71;58;72;77;51;35;52;61;26;55;77;43;1995
290090;127;11;2;3;3;0;1;0;1;2;0;0;0;150
290100;374;11;11;6;5;9;9;4;6;4;10;5;7;461
290110;2964;140;109;303;945;50;26;26;45;44;49;73;79;4853
290115;34;0;1;2;6;3;0;2;3;4;0;0;0;55
290120;320;1;12;2;9;3;3;5;3;3;2;8;5;376
290130;30;0;1;0;0;0;0;0;0;0;0;0;0;31
290135;1184;14;19;13;20;33;23;12;22;11;7;17;16;1391
290140;42;1;0;0;0;0;1;0;2;1;0;2;0;49
290150;45;0;2;0;1;0;0;1;0;0;0;0;1;50
290160;174;2;1;2;2;4;1;4;1;0;0;1;4;196
290170;227;0;0;0;1;0;1;0;0;1;0;3;0;233
290180;91;2;1;1;0;0;3;0;2;1;1;1;1;104
290190;15;0;1;0;0;1;2;0;0;0;1;2;0;22
290200;154;1;0;1;1;0;0;0;0;0;0;1;1;159
290205;49;1;1;3;4;5;2;3;0;1;3;0;6;78
290210;718;4;5;11;15;10;9;7;20;5;6;14;8;832
290220;122;0;0;0;0;0;0;0;0;0;0;0;0;122
290225;191;65;0;1;4;2;0;1;0;0;3;3;1;271
290230;141;6;4;5;1;5;4;2;3;3;0;1;1;176
290240;354;0;0;0;2;4;7;2;2;2;3;2;2;380
290250;12;0;0;0;0;0;0;0;0;0;0;0;0;12
290260;204;2;2;2;2;3;1;1;4;1;3;2;1;228
290270;344;3;1;2;3;8;5;0;5;7;5;8;3;394
290280;124;0;1;1;1;1;0;1;0;0;1;5;2;137
290290;390;10;10;9;8;8;8;3;7;7;2;13;4;479
290300;177;13;0;0;0;0;3;2;1;0;1;0;3;200
290310;175;4;4;3;0;1;23;1;2;1;2;0;6;222
290320;4545;91;137;161;191;226;256;212;234;215;224;304;302;7098
290327;6;0;0;0;0;0;0;0;0;0;1;0;0;7
290330;211;4;8;3;6;3;3;6;2;1;2;1;6;256
290350;245;3;3;6;1;2;0;2;1;2;4;3;0;272
290360;351;8;3;5;1;2;0;1;3;2;2;5;8;391
290370;126;3;2;6;2;1;2;3;2;2;1;2;29;181
290380;173;0;0;0;1;2;1;4;1;1;0;2;0;185
290390;2582;626;435;315;187;140;186;69;61;95;75;43;50;4864
290400;62;0;0;0;0;0;0;1;0;0;0;0;5;68
290410;1073;6;17;22;6;22;8;7;19;27;16;13;10;1246
290420;12;0;0;0;0;0;0;0;0;0;1;0;0;13
290430;275;3;1;1;7;5;12;4;6;15;9;8;22;368
290440;6;0;0;1;0;0;1;1;1;0;0;0;1;11
290450;2;0;0;0;0;0;0;0;0;0;1;0;0;3
290460;4032;61;132;141;76;51;69;111;81;81;67;81;51;5034
290470;590;1;12;6;4;2;9;15;10;4;7;10;13;683
290475;2;0;0;0;0;0;0;0;0;0;0;0;0;2
290480;2;0;1;1;1;0;0;0;0;0;0;1;6;12
290490;1760;9;70;20;25;28;147;50;36;28;28;22;20;2243
290500;492;102;17;32;18;9;9;13;8;9;2;4;13;728
290510;134;0;0;0;1;3;0;0;1;3;1;3;0;146
290520;1026;10;1;8;8;17;6;8;10;19;3;8;6;1130
290530;44;0;1;2;2;0;1;1;0;0;1;7;0;59
290540;40;0;0;1;0;2;1;0;0;5;5;1;0;55
290550;73;0;0;1;0;1;0;0;0;0;0;1;2;78
290560;1805;50;59;65;46;56;38;40;60;48;47;40;31;2385
290570;40261;810;951;1225;1890;1879;2028;1565;1712;1525;1438;1581;1503;58368
290580;3258;47;38;58;72;92;90;64;71;71;61;43;39;4004
290590;1;0;0;0;0;0;0;0;0;0;0;0;0;1
290600;1901;45;35;47;155;37;57;57;64;128;142;284;44;2996
290610;18;0;0;0;0;0;0;0;0;0;1;0;0;19
290620;24;0;0;1;0;0;0;1;0;0;0;0;0;26
290630;640;4;22;13;8;9;11;8;10;11;11;13;11;771
290640;14;0;0;0;0;0;0;0;0;0;0;1;0;15
290650;10450;138;245;309;204;232;373;269;270;223;228;236;1671;14848
290660;172;0;0;0;3;4;1;1;5;0;0;0;2;188
290670;321;130;1;4;5;4;0;5;4;17;2;10;19;522
290680;70;7;10;4;1;1;2;0;1;1;0;2;13;112
290682;11;1;2;22;9;0;0;1;1;0;0;0;0;47
290685;134;0;0;1;0;0;0;0;1;0;0;0;0;136
290687;125;1;0;4;7;4;5;3;4;6;3;1;2;165
290700;85;25;8;45;5;1;4;1;1;2;1;1;3;182
290710;61;1;0;0;1;0;3;2;2;0;4;0;0;74
290720;1113;146;11;4;8;5;6;7;13;11;48;9;16;1397
290730;717;46;39;24;23;33;17;17;23;13;14;15;8;989
290740;1;0;0;0;0;0;0;0;0;0;0;0;0;1
290750;2816;120;108;97;113;115;116;183;173;182;90;166;131;4410
290760;64;0;1;0;0;1;2;0;5;2;2;0;0;77
290770;1;0;0;0;0;0;0;0;0;0;0;0;0;1
290780;254;20;24;32;22;14;21;38;128;8;3;2;1;567
290790;58;2;0;2;0;2;0;1;0;1;0;0;5;71
290800;828;9;7;13;23;11;18;8;13;16;9;9;17;981
290810;115;5;0;2;0;1;3;2;4;1;0;3;0;136
290820;501;12;12;23;9;13;20;17;11;12;47;11;22;710
290830;646;37;7;23;33;43;25;18;17;53;140;63;10;1115
290840;2097;102;39;36;42;54;26;22;29;36;107;39;16;2645
290850;882;31;31;28;16;31;77;80;27;101;8;108;176;1596
290860;263;2;14;5;2;3;2;3;7;5;0;1;3;310
290870;281;1;1;0;1;2;3;4;2;6;5;5;5;316
290880;3;0;0;0;0;0;0;0;0;0;0;0;0;3
290890;57;0;2;0;6;1;3;1;2;2;0;0;0;74
290900;1;0;0;0;0;0;0;0;0;0;0;0;0;1
290910;132;0;0;0;1;1;5;3;2;1;3;1;8;157
290920;33;1;0;0;0;0;0;2;2;1;0;0;0;39
290930;153;2;1;2;7;4;6;3;3;3;5;6;4;199
290940;177;4;2;2;3;6;5;8;5;1;0;5;16;234
290950;204;1;3;7;2;5;0;0;1;0;0;1;0;224
290960;131;1;1;0;0;0;2;0;0;0;1;2;3;141
290970;11;0;0;0;0;2;0;0;0;3;0;3;0;19
290980;4497;378;104;180;283;181;384;181;494;422;413;491;314;8322
290990;331;0;1;5;6;3;3;1;2;4;5;4;24;389
291000;73;0;3;2;0;17;0;2;1;2;0;0;1;101
291005;661;23;22;26;43;23;23;32;29;39;198;12;20;1151
291010;156;7;0;0;0;0;0;2;0;0;0;0;0;165
291020;89;1;0;0;0;0;0;0;0;0;0;0;3;93
291030;4;0;0;1;0;0;0;0;0;0;0;0;0;5
291040;309;4;7;5;5;7;43;3;8;5;11;6;17;430
291050;1286;29;47;70;69;44;33;56;31;31;46;56;70;1868
291060;1258;27;39;27;19;33;29;22;49;22;22;18;9;1574
291070;1269;16;8;19;22;25;16;24;15;16;17;29;9;1485
291075;214;3;1;5;1;4;4;1;0;0;0;0;0;233
291080;37635;1250;1237;1285;1246;1464;1285;1479;1437;1338;1284;1176;1109;53225
291085;15;0;0;0;0;0;0;0;1;0;0;1;1;18
291090;174;2;0;2;2;2;5;0;1;0;2;0;2;192
291100;530;4;21;2;10;6;9;1;3;6;9;4;5;610
291110;111;3;1;1;0;1;0;3;4;8;7;2;2;143
291120;621;12;13;20;15;11;38;15;14;25;15;13;20;832
291130;63;0;0;0;0;0;0;0;0;0;0;0;0;63
291140;121;0;0;1;0;0;0;0;1;0;4;0;1;128
291150;22;8;9;3;5;9;1;6;2;0;12;2;7;86
291160;736;5;12;7;19;11;7;12;39;51;42;6;21;968
291165;38;0;0;0;0;0;0;0;0;0;0;0;0;38
291170;2157;28;36;37;56;69;60;81;92;75;60;36;63;2850
291180;78;1;1;2;5;1;2;3;3;0;3;1;4;104
291185;83;0;0;0;0;0;0;0;0;0;0;0;0;83
291190;240;3;3;8;5;3;4;4;8;4;5;6;9;302
291200;259;0;0;0;0;1;0;9;2;0;2;0;5;278
291210;1195;18;24;44;19;19;16;18;18;9;20;16;23;1439
291220;108;0;0;0;0;0;0;0;0;0;0;0;0;108
291230;326;0;0;1;1;2;10;2;1;3;0;0;0;346
291240;22;0;0;0;0;0;0;0;0;0;0;0;0;22
291250;1;0;0;0;0;0;0;0;0;0;0;0;0;1
291260;6;0;0;0;0;0;0;0;0;0;0;0;0;6
291270;111;4;9;7;2;3;6;4;4;6;4;5;3;168
291280;269;40;5;5;3;9;1;7;8;4;5;4;1;361
291290;177;0;3;3;1;4;6;2;5;2;5;1;5;214
291300;173;17;10;13;4;1;1;2;5;0;0;2;37;265
291310;113;0;4;0;0;3;0;2;6;0;2;4;1;135
291320;290;5;4;2;1;8;4;7;7;20;5;4;6;363
291330;3;0;0;0;0;0;0;0;0;0;0;0;0;3
291340;316;0;1;0;1;3;2;0;3;1;3;3;9;342
291350;100;0;1;3;5;0;0;0;1;3;2;8;2;125
291360;16110;304;318;431;461;473;378;410;396;384;430;490;545;21130
291370;618;8;6;9;45;9;6;2;9;9;11;13;4;749
291380;390;0;1;0;0;0;1;0;0;0;0;0;0;392
291390;2223;34;46;59;58;63;64;51;36;44;59;23;48;2808
291400;1410;3;10;11;21;6;3;7;4;4;6;7;5;1497
291410;10;0;0;0;0;0;0;0;0;0;0;0;0;10
291420;167;0;0;0;0;0;0;0;0;0;1;0;0;168
291430;113;2;0;0;2;0;1;1;0;0;2;0;8;129
291440;30;0;1;0;0;0;0;0;0;1;0;6;0;38
291450;756;9;12;10;19;25;11;21;15;10;12;17;11;928
291460;2707;62;47;65;82;55;69;57;44;56;59;70;67;3440
291470;1910;24;34;34;34;46;47;38;50;36;56;37;43;2389
291480;24772;1187;596;725;825;814;831;742;813;773;821;861;815;34575
291490;364;13;1;6;1;5;1;7;1;3;2;1;14;419
291500;6;0;0;0;0;0;0;0;0;1;0;15;0;22
291510;39;0;0;1;1;0;1;0;0;0;3;0;1;46
291520;416;20;19;22;10;19;16;18;14;6;13;13;7;593
291530;103;0;4;2;0;7;4;5;0;1;2;3;2;133
291540;155;9;2;3;6;0;3;1;4;1;0;0;5;189
291550;1208;2;4;7;15;28;8;15;7;11;15;6;15;1341
291560;2492;116;99;116;137;139;120;185;125;127;110;109;157;4032
291570;27;1;0;0;1;0;0;0;0;2;0;0;0;31
291580;735;3;8;11;3;7;9;4;6;3;10;2;8;809
291590;102;2;1;1;2;4;1;0;0;3;2;0;2;120
291600;443;40;4;3;3;4;3;3;1;5;5;3;4;521
291610;925;26;41;68;30;24;29;39;32;10;17;20;13;1274
291620;285;1;16;2;1;1;1;0;2;1;1;3;3;317
291630;102;6;5;5;6;8;5;12;10;10;6;6;6;187
291640;3751;51;49;70;72;59;89;70;74;73;60;74;85;4577
291650;31;0;2;0;2;1;1;3;0;3;0;2;3;48
291660;279;27;0;2;2;1;6;1;6;3;2;0;11;340
291670;186;1;1;0;0;0;26;0;0;1;1;0;1;217
291680;387;6;9;3;5;5;3;4;4;2;1;1;1;431
291690;70;2;3;2;5;2;1;1;3;2;0;3;0;94
291700;972;7;6;11;5;6;2;4;9;7;8;10;4;1051
291710;925;14;9;10;16;9;10;4;13;8;15;6;11;1050
291720;242;2;0;3;0;6;1;0;1;2;3;1;4;265
291730;1146;38;32;49;48;35;40;44;32;45;60;28;70;1667
291740;153;0;1;2;0;0;0;0;0;1;9;0;0;166
291750;4479;80;70;111;154;88;97;297;451;535;340;252;200;7154
291760;710;11;10;15;19;11;7;11;9;7;7;7;13;837
291770;1222;21;22;27;30;33;32;21;25;18;44;25;14;1534
291780;122;5;3;4;2;3;6;2;20;0;3;1;18;189
291790;1;0;0;0;0;0;0;0;0;0;0;0;0;1
291800;8113;192;149;190;182;183;307;161;223;187;282;316;322;10807
291810;629;3;2;0;0;1;4;4;4;5;8;3;8;671
291820;140;1;2;5;2;0;3;2;6;1;0;0;1;163
291830;78;0;2;2;7;4;0;1;5;0;1;1;7;108
291835;29;2;1;0;2;0;0;0;0;0;0;0;2;36
291840;13397;363;437;734;625;634;668;770;661;532;565;2283;711;22380
291850;30;0;1;0;0;3;6;0;0;0;0;0;0;40
291855;289;2;2;5;3;6;4;7;13;7;13;12;7;370
291860;57;8;0;0;0;0;0;0;1;0;0;1;0;67
291870;114;0;3;5;0;1;3;3;1;2;0;1;7;140
291880;52;1;7;7;1;0;1;2;4;6;2;3;1;87
291890;64;5;2;1;1;0;1;0;1;1;0;0;3;79
291900;12;0;0;1;1;0;0;1;0;0;0;0;0;15
291910;49;0;0;0;0;0;0;0;0;0;0;0;0;49
291920;10034;805;885;788;760;688;833;745;809;835;749;1011;729;19671
291930;193;1;11;6;12;13;5;3;6;8;18;32;7;315
291940;608;4;2;3;4;14;5;14;6;2;2;12;6;682
291950;278;56;4;0;8;2;3;14;2;0;5;11;2;385
291960;69;0;0;0;1;0;0;0;0;0;0;0;0;70
291970;318;3;1;5;0;0;0;2;0;1;3;1;2;336
291980;273;2;0;4;7;0;1;2;4;2;7;3;0;305
291990;1;0;0;0;0;0;0;0;0;0;0;0;0;1
291995;2;0;0;0;0;0;0;0;0;0;0;0;0;2
292000;83;0;3;1;5;5;0;1;2;1;1;1;1;104
292010;245;7;57;38;47;58;51;39;76;53;65;46;23;805
292020;54;2;1;1;1;2;0;0;0;1;10;2;0;74
292030;85;4;3;0;0;0;0;0;0;0;0;0;0;92
292040;257;22;14;9;0;3;8;2;2;4;1;2;8;332
292045;1;0;0;0;0;0;0;0;0;0;0;0;0;1
292050;254;8;4;10;3;8;3;1;2;6;3;1;13;316
292060;461;2;11;3;36;11;5;10;5;24;4;6;7;585
292070;147;0;4;3;5;5;2;8;8;9;6;10;6;213
292080;15;0;0;0;0;0;0;0;0;0;0;0;0;15
292090;402;11;13;39;12;21;8;12;9;19;5;7;14;572
292100;1720;50;250;82;41;47;64;30;41;57;38;38;52;2510
292110;681;31;15;21;16;20;34;32;26;56;17;12;52;1013
292120;691;3;1;2;2;3;4;3;5;4;2;7;3;730
292130;380;12;5;4;9;7;6;6;7;3;5;4;10;458
292140;72;1;0;1;0;0;0;1;0;3;0;0;0;78
292150;330;1;1;0;0;0;0;2;1;2;1;2;2;342
292160;5;0;0;0;0;0;0;0;0;0;0;0;0;5
292170;150;2;1;1;2;5;1;0;2;1;1;1;2;169
292180;88;2;2;11;1;1;1;0;1;2;1;2;0;112
292190;95;1;1;5;0;2;7;2;1;1;1;7;0;123
292200;2145;2;7;10;11;17;10;18;44;83;190;171;188;2896
292210;97;4;1;0;0;0;3;2;1;0;2;2;1;113
292220;198;10;5;5;2;0;0;4;1;2;1;1;1;230
292230;849;28;30;35;34;60;8;26;13;12;8;9;208;1320
292240;397;7;7;7;8;9;3;10;8;8;5;8;16;493
292250;1286;14;25;17;34;25;39;25;27;21;13;22;19;1567
292260;131;0;0;1;1;1;1;2;0;2;0;0;1;140
292265;2;0;0;0;0;0;0;0;0;0;0;0;0;2
292270;231;4;0;2;2;2;3;1;4;3;9;0;5;266
292280;11;1;0;0;0;0;0;0;0;1;0;0;1;14
292290;436;5;9;17;54;8;4;10;5;21;3;13;10;595
292300;1611;42;39;59;60;91;40;40;19;28;32;24;21;2106
292310;367;10;3;7;0;54;2;7;1;2;6;2;21;482
292320;121;0;0;1;2;0;0;0;1;0;0;7;1;133
292330;55;0;2;0;0;4;1;0;0;3;2;3;0;70
292340;181;2;9;0;1;1;1;0;1;0;6;0;2;204
292350;120;2;3;0;2;1;1;1;2;1;0;0;0;133
292360;166;1;1;2;1;1;0;0;0;1;0;1;0;174
292370;410;1;5;0;0;0;0;2;10;0;1;2;13;444
292380;160;5;3;6;3;4;3;1;2;1;2;10;0;200
292390;74;0;2;3;0;3;1;2;3;1;3;3;0;95
292400;7234;330;252;204;234;257;306;285;265;176;425;269;243;10480
292405;162;2;1;0;3;1;1;1;2;2;0;0;1;176
292410;164;0;0;0;0;0;0;0;0;0;1;0;0;165
292420;4;0;0;0;0;0;2;0;0;0;0;0;0;6
292430;1;0;0;0;0;0;0;0;0;0;0;0;0;1
292440;18;0;0;0;0;0;0;0;0;1;0;0;0;19
292450;96;0;0;0;0;0;0;0;0;0;0;0;0;96
292460;172;4;1;1;1;3;3;7;3;2;1;5;3;206
292465;1;1;0;0;0;0;0;0;0;0;0;1;0;3
292470;48;1;0;0;0;0;0;0;0;0;0;0;0;49
292480;253;8;1;0;2;1;6;5;2;0;1;0;2;281
292490;27;0;1;1;0;0;0;1;0;0;1;0;1;32
292500;713;5;4;5;5;9;8;10;10;2;6;8;17;802
292510;771;24;18;18;13;11;11;13;16;15;16;18;48;992
292520;5326;218;224;213;292;255;265;391;520;204;250;579;191;8928
292530;1469;59;85;97;82;76;95;81;277;73;65;68;147;2674
292540;243;8;2;3;0;2;2;4;1;2;4;1;4;276
292550;1633;57;53;75;84;82;37;54;64;50;27;48;59;2323
292560;28;3;0;0;0;0;0;2;1;0;0;0;1;35
292570;1;0;0;0;0;0;0;0;0;0;0;0;0;1
292580;333;2;2;6;0;1;1;0;13;3;1;9;19;390
292590;334;2;0;1;0;6;1;2;4;2;0;2;5;359
292595;30;1;1;0;1;0;0;1;3;1;0;1;1;40
292600;284;5;6;5;8;6;4;1;3;12;7;4;11;356
292610;266;2;1;1;0;2;1;3;0;4;1;4;8;293
292620;257;8;3;2;2;1;14;0;3;3;1;9;3;306
292630;939;32;23;51;15;25;31;22;14;17;16;12;80;1277
292640;61;0;3;0;1;3;2;0;0;0;2;0;0;72
292650;16;0;3;0;0;0;0;0;0;0;0;0;0;19
292660;622;6;10;5;5;9;6;3;5;16;11;19;19;736
292670;24;0;1;1;0;1;0;0;0;1;2;0;0;30
292680;224;0;0;0;0;0;1;0;1;0;0;0;11;237
292690;71;1;1;2;1;0;0;0;0;0;0;0;0;76
292700;895;54;46;183;69;57;28;27;37;50;42;92;45;1625
292710;164;15;29;25;102;21;17;71;180;77;152;19;133;1005
292720;607;1;5;6;4;2;7;3;12;5;4;5;10;671
292730;71;0;1;0;1;0;0;1;0;0;0;1;0;75
292740;534120;12523;12371;16036;16061;20907;16634;15934;15834;14730;14532;14206;19896;723784
292750;209;8;6;2;1;0;4;1;1;0;1;2;5;240
292760;6;0;0;0;0;0;0;0;0;0;0;1;0;7
292770;326;13;15;13;16;11;14;23;16;11;14;22;18;512
292780;169;3;1;4;3;1;1;0;1;1;0;0;0;184
292790;94;0;1;0;0;0;0;0;0;0;0;0;1;96
292800;669;0;3;7;3;13;8;11;8;7;8;48;2;787
292805;51;0;0;3;0;8;1;0;3;2;6;2;2;78
292810;534;7;9;10;7;9;15;15;32;10;10;13;5;676
292820;181;5;6;0;3;5;2;1;1;1;5;2;4;216
292830;104;0;0;0;1;0;2;1;0;0;0;0;1;109
292840;78;0;0;0;0;0;0;1;0;0;1;2;2;84
292850;188;5;7;6;13;0;1;6;0;0;1;1;50;278
292860;4864;49;159;500;158;86;74;67;187;77;102;56;93;6472
292870;4681;84;104;155;118;153;116;124;148;117;121;143;470;6534
292880;387;12;11;8;7;9;5;11;7;12;7;13;10;499
292890;430;7;2;7;10;9;28;8;14;7;18;17;32;589
292900;714;4;6;6;7;4;8;8;6;5;2;5;9;784
292910;484;5;7;3;3;4;4;2;7;3;1;3;6;532
292920;5509;20;118;109;73;222;217;129;118;89;134;191;227;7156
292925;2;0;0;0;0;0;0;0;1;0;0;0;0;3
292930;1427;16;49;40;40;28;8;30;10;43;30;259;37;2017
292940;153;1;0;0;1;0;0;0;1;0;0;0;0;156
292950;1197;109;33;275;71;52;59;39;66;79;79;30;55;2144
292960;407;14;22;2;13;4;14;7;13;9;13;5;7;530
292970;10;0;0;0;0;1;0;0;1;0;1;10;0;23
292980;92;0;0;0;0;2;1;1;0;0;2;0;0;98
292990;256;2;2;4;3;3;2;4;10;7;1;3;4;301
293000;16;9;15;5;2;1;1;3;0;0;0;0;0;52
293010;2577;158;87;84;91;60;73;80;78;109;64;74;177;3712
293020;196;114;0;0;3;4;33;4;12;6;6;10;2;390
293030;72;1;0;0;4;0;0;2;6;3;4;0;4;96
293040;9;1;0;0;0;0;0;0;0;0;0;0;0;10
293050;1917;21;36;37;21;39;25;36;32;47;17;25;24;2277
293060;168;0;2;0;0;4;2;0;0;1;1;0;1;179
293070;21074;581;608;706;850;804;685;592;862;730;1069;1116;788;30465
293080;16;0;0;0;0;0;0;0;0;0;0;0;0;16
293090;4;0;0;0;0;0;0;0;0;0;0;0;0;4
293100;103;5;1;6;2;4;0;1;1;0;13;5;1;142
293105;2;0;0;0;0;0;0;0;0;0;0;0;0;2
293110;245;1;2;0;2;1;5;1;3;3;1;0;0;264
293120;549;30;11;12;12;10;2;9;12;8;13;10;15;693
293130;32;1;1;0;0;4;0;0;1;0;0;0;0;39
293135;3137;112;103;121;100;109;100;110;182;129;116;114;183;4616
293140;296;18;11;6;12;23;17;24;103;3;0;6;7;526
293150;713;4;7;3;7;10;16;12;5;15;28;22;9;851
293160;32;0;0;0;0;0;0;0;0;0;0;0;0;32
293170;378;24;3;4;1;4;0;4;2;1;1;4;2;428
293180;58;5;1;4;0;0;1;1;1;0;0;0;14;85
293190;178;0;2;4;0;3;1;2;7;2;3;0;0;202
293200;485;0;1;0;1;1;2;2;2;0;0;0;0;494
293210;437;1;3;6;6;10;4;2;5;6;1;0;4;485
293220;1262;15;17;10;17;19;29;32;20;23;49;32;28;1553
293230;263;5;16;11;12;9;10;5;9;6;16;7;8;377
293240;151;1;0;6;0;0;0;1;0;0;2;0;0;161
293250;2667;142;173;193;142;120;149;163;125;126;79;98;267;4444
293260;94;1;1;2;2;0;3;1;5;3;1;4;2;119
293270;683;13;8;27;12;21;14;11;9;7;5;12;27;849
293280;389;10;33;18;7;19;10;7;20;14;17;17;12;573
293290;4727;141;135;136;110;153;133;101;139;110;112;116;134;6247
293300;558;3;3;11;3;4;7;3;6;7;6;5;8;624
293305;6;0;0;0;1;0;0;0;0;0;0;0;0;7
293310;75;2;0;1;0;2;0;0;0;0;0;0;0;80
293315;32;2;0;0;0;0;0;0;1;0;1;0;1;37
293320;1248;25;19;25;28;95;15;26;22;18;15;44;38;1618
293330;17690;528;536;650;525;608;669;623;572;598;565;421;588;24573
293340;2;0;0;0;0;0;0;0;0;1;0;0;0;3
293345;23;0;0;0;1;1;2;1;0;1;3;1;2;35
293350;71;0;0;9;2;5;1;3;1;6;2;1;0;101
293360;519;2;3;6;5;9;6;5;7;6;7;13;5;593
299999;6451;213;214;295;303;340;439;375;377;300;323;333;440;10403
310010;244;25;8;8;5;5;4;3;0;4;14;7;14;341
310020;1721;22;43;39;36;37;33;28;68;37;50;40;46;2200
310030;397;11;13;18;6;15;22;7;6;9;11;57;3;575
310040;107;1;4;4;1;0;0;0;2;0;0;1;1;121
310050;839;16;21;42;25;30;23;11;13;19;12;6;15;1072
310060;42;0;0;0;0;1;1;2;0;0;1;1;1;49
310070;83;2;11;5;10;0;3;4;2;1;3;3;0;127
310080;47;0;0;1;0;0;0;1;0;1;0;2;0;52
310090;435;11;7;13;8;8;11;14;3;6;5;5;10;536
310100;1222;5;8;15;13;60;74;122;147;141;176;178;191;2352
310110;23952;874;954;1177;1082;1189;1192;1098;1241;1296;1286;1262;1623;38226
310120;244;1;6;6;4;4;4;3;10;5;6;3;14;310
310130;104;0;1;0;1;0;1;0;3;2;2;0;0;114
310140;75;9;0;2;1;5;2;0;0;2;1;0;0;97
310150;3189;120;111;121;92;99;159;122;103;139;120;114;94;4583
310160;9957;368;456;1056;614;720;498;456;513;565;448;479;505;16635
310170;1127;13;17;17;16;17;31;26;15;12;22;19;11;1343
310180;119;11;9;3;2;5;14;1;5;2;4;3;2;180
310190;1331;24;25;28;28;46;37;27;15;31;17;24;23;1656
310200;299;27;13;6;15;6;11;8;7;6;4;8;8;418
310210;272;0;1;2;1;1;7;1;3;0;2;2;4;296
310220;39;2;0;1;1;1;1;0;1;0;0;0;0;46
310230;1459;15;25;19;16;23;21;26;21;28;31;22;14;1720
310240;69;2;0;5;1;25;0;0;0;0;0;0;0;102
310250;152;4;2;4;0;6;1;7;3;5;16;3;2;205
310260;4107;152;107;126;129;159;194;145;145;134;113;104;92;5707
310270;157;2;2;0;3;7;1;9;4;5;9;1;2;202
310280;688;7;22;17;12;18;13;21;7;12;12;8;11;848
310290;1202;92;24;48;34;97;37;35;47;48;68;71;94;1897
310300;259;16;15;28;5;7;5;6;4;2;3;1;1;352
310310;47;0;3;0;0;2;1;0;1;1;0;0;0;55
310320;453;20;13;17;14;7;3;13;4;6;9;8;8;575
310330;64;2;7;0;2;2;1;3;1;0;0;1;1;84
310340;1011;23;22;14;14;37;21;30;19;18;13;21;36;1279
310350;10774;502;397;446;443;478;508;510;525;472;407;481;398;16341
310360;67;7;1;0;2;0;1;1;0;0;1;0;2;82
310370;68;0;0;0;0;1;0;0;1;0;2;0;0;72
310380;138;1;4;2;0;3;8;1;7;3;5;2;1;175
310390;263;0;11;4;5;8;4;8;6;5;7;4;6;331
310400;9703;253;254;409;355;446;325;326;374;302;316;345;294;13702
310410;619;16;35;34;32;25;16;23;23;26;30;24;19;922
310420;4035;106;130;119;95;130;150;130;241;118;145;142;106;5647
310430;450;12;7;10;12;14;14;12;10;11;9;14;9;584
310440;274;10;5;4;6;5;4;6;4;6;4;4;1;333
310450;240;3;10;5;3;5;1;15;10;8;1;5;6;312
310460;2058;42;56;106;58;112;106;133;130;133;128;108;470;3640
310470;389;13;7;9;4;3;4;11;4;12;4;8;24;492
310480;375;3;3;2;9;8;14;13;11;5;2;4;4;453
310490;1223;13;33;44;28;38;34;30;36;29;48;56;65;1677
310500;597;9;5;6;5;4;5;3;11;5;7;1;3;661
310510;1487;30;31;35;46;32;27;35;19;30;32;26;51;1881
310520;4;0;0;0;0;0;0;0;0;0;0;0;0;4
310530;200;4;5;10;3;4;5;3;2;6;2;5;5;254
310540;1744;102;43;55;43;80;57;50;68;45;64;68;66;2485
310550;116;0;1;0;1;1;2;1;0;0;1;1;0;124
310560;16306;417;407;522;407;499;453;478;449;490;444;389;419;21680
310570;195;1;0;1;0;1;0;0;1;2;1;0;1;203
310590;2675;97;245;161;145;154;90;54;87;63;58;37;61;3927
310600;300;4;7;8;5;6;6;2;5;9;3;6;6;367
310610;416;11;21;13;4;12;4;5;15;7;13;5;7;533
310620;856079;31683;30446;37553;32621;34969;36093;35122;36946;33706;32994;33762;35969;1267943
310630;2467;15;89;70;34;92;28;50;36;47;39;67;33;3067
310640;213;0;7;4;4;3;1;5;0;1;1;5;2;246
310650;225;3;6;9;2;9;2;5;1;1;2;3;2;270
310660;17;0;1;1;0;0;0;0;0;0;0;1;0;20
310670;36248;832;801;1078;1096;1082;1104;1300;1174;1025;970;1081;848;48639
310680;168;2;0;2;2;1;1;3;0;1;3;0;0;183
310690;2223;170;71;100;69;60;62;76;96;61;56;66;55;3165
310700;101;0;0;0;1;0;1;1;0;1;0;0;0;105
310710;3331;54;100;93;119;118;123;92;75;82;88;185;89;4549
310720;139;0;3;5;3;2;5;2;1;0;4;3;6;173
310730;6009;269;284;352;318;356;306;270;464;323;683;329;302;10265
310740;5711;273;199;230;356;422;252;256;256;200;204;211;238;8808
310750;408;47;11;22;10;24;17;15;12;6;22;20;7;621
310760;151;1;0;1;0;0;1;3;0;3;1;5;4;170
310770;204;3;4;9;11;5;4;4;9;11;6;3;15;288
310780;311;3;3;0;0;1;2;0;4;2;0;2;1;329
310790;148;3;4;6;3;6;5;1;0;2;4;1;1;184
310800;978;16;37;45;18;17;21;24;20;26;16;14;25;1257
310810;54;1;0;1;2;1;0;0;3;3;2;3;3;73
310820;167;43;4;3;5;14;6;3;6;10;7;21;0;289
310830;817;45;18;28;22;30;29;12;13;21;18;16;11;1080
310840;832;31;36;28;33;36;35;33;52;80;24;24;30;1274
310850;89;0;0;1;0;0;1;2;2;1;3;2;2;103
310860;432;12;8;9;11;19;6;5;7;7;4;18;2;540
310870;138;1;1;1;1;0;2;0;3;2;1;3;13;166
310880;59;1;0;0;1;0;0;1;1;0;2;0;2;67
310890;586;21;17;78;59;6;15;9;22;13;10;20;13;869
310900;3904;217;326;266;216;246;243;190;254;233;276;159;244;6774
310910;275;7;6;9;11;7;8;2;6;4;4;3;12;354
310920;152;2;5;2;3;10;13;4;5;1;3;5;2;207
310930;295;3;4;5;8;6;6;6;9;7;11;21;11;392
310940;1564;131;107;77;55;58;111;97;173;117;89;75;58;2712
310950;1397;20;39;30;46;80;39;43;50;136;79;38;34;2031
310960;1932;44;44;28;50;41;42;51;58;45;41;32;55;2463
310970;560;16;26;25;16;32;31;23;14;15;10;9;17;794
310980;74;0;19;0;0;1;4;0;1;13;1;3;1;117
310990;1330;28;27;33;33;20;24;37;26;18;34;24;18;1652
311000;4101;93;136;151;201;152;164;183;112;106;102;115;133;5749
311010;107;5;0;0;4;0;1;2;2;1;0;0;5;127
311020;60;0;0;0;0;0;0;0;0;0;0;0;0;60
311030;1639;29;39;42;48;28;41;39;45;46;42;36;69;2143
311040;159;5;2;3;0;2;8;3;0;1;0;1;0;184
311050;1192;43;44;51;31;36;30;44;80;43;51;45;47;1737
311060;2260;44;56;69;66;86;96;65;94;72;74;47;63;3092
311070;1050;33;19;37;43;23;40;34;36;51;156;39;27;1588
311080;94;2;1;5;2;4;4;8;4;13;0;1;5;143
311090;1742;32;45;56;51;55;54;46;65;65;52;47;56;2366
311100;1398;25;28;33;38;42;41;25;35;47;50;46;23;1831
311110;997;32;28;26;20;25;6;12;26;16;18;23;12;1241
311120;4476;137;134;151;176;193;150;118;152;149;140;140;192;6308
311130;1579;129;70;62;78;127;103;111;69;478;142;27;17;2992
311140;323;11;30;33;24;25;18;17;15;10;25;17;12;560
311150;574;33;5;17;8;22;12;15;15;17;13;15;27;773
311160;784;15;8;27;10;14;8;13;14;12;21;14;19;959
311170;47;0;0;6;1;0;0;2;0;2;1;1;1;61
311180;702;65;52;49;32;77;36;48;40;108;72;35;13;1329
311190;131;2;3;5;2;1;1;1;0;3;4;1;3;157
311200;671;29;34;79;32;28;48;30;32;17;54;36;32;1122
311210;127;2;1;0;2;4;11;1;1;3;2;2;7;163
311220;116;8;1;1;1;1;0;0;1;0;0;0;0;129
311230;1415;12;13;16;27;62;28;71;38;49;45;21;16;1813
311240;161;4;5;14;14;12;1;4;3;5;4;2;3;232
311250;368;18;53;10;22;12;25;16;24;26;27;33;27;661
311260;1445;54;50;85;50;39;53;70;49;135;65;59;86;2240
311270;686;20;67;57;21;47;28;23;25;20;50;27;26;1097
311280;604;21;32;25;37;33;30;27;24;25;30;32;39;959
311290;128;2;2;1;2;7;2;1;3;3;1;1;5;158
311300;215;3;5;1;1;0;1;3;2;1;5;2;3;242
311310;104;0;14;1;0;3;5;11;0;0;2;0;0;140
311320;1430;54;26;47;39;36;32;27;41;32;42;42;57;1905
311330;2630;91;104;121;86;80;152;83;81;77;60;84;71;3720
311340;7351;248;273;286;324;287;310;289;318;296;285;311;294;10872
311350;829;67;46;59;43;55;56;99;47;44;20;40;36;1441
311360;366;10;7;20;11;15;8;7;11;9;14;10;12;500
311370;1430;42;107;58;73;66;42;32;47;54;122;30;31;2134
311380;102;1;0;1;0;0;0;1;1;0;1;1;3;111
311390;668;18;60;23;16;18;21;11;10;15;4;16;17;897
311400;693;11;31;19;18;47;28;14;21;10;25;20;30;967
311410;908;11;15;19;13;18;21;19;18;20;13;10;36;1121
311420;1128;50;38;57;50;42;40;48;55;78;49;38;51;1724
311430;1817;36;57;64;61;73;72;45;50;56;49;55;75;2510
311440;858;19;25;22;16;32;24;28;34;52;22;15;22;1169
311450;518;9;8;10;7;13;8;5;8;7;11;8;8;620
311460;151;0;0;0;1;1;0;0;1;0;0;1;0;155
311470;89;6;1;2;1;4;1;2;0;2;1;0;0;109
311480;179;3;1;1;3;1;2;2;3;1;0;0;5;201
311490;74;0;11;1;1;0;1;0;0;2;0;1;0;91
311500;63;2;5;0;1;1;3;8;0;1;2;1;2;89
311510;1339;51;51;56;85;61;52;62;45;54;43;43;36;1978
311520;152;2;0;1;3;1;1;0;0;1;1;0;0;162
311530;12741;444;426;451;420;444;415;414;467;391;392;382;489;17876
311540;81;0;0;0;1;0;0;0;0;0;0;0;0;82
311550;3066;118;136;111;180;140;138;215;116;144;121;136;91;4712
311560;40;11;1;0;0;3;0;1;1;2;0;0;0;59
311570;101;0;0;1;1;1;1;3;1;1;0;0;1;111
311580;466;10;21;50;42;32;12;17;33;25;17;16;16;757
311590;160;3;1;14;7;4;6;14;10;2;3;3;3;230
311600;20;0;0;0;2;0;2;2;1;0;3;1;0;31
311610;41;0;1;1;1;2;1;1;0;0;3;1;1;53
311620;175;0;2;3;4;0;2;0;2;1;3;1;2;195
311630;96;9;2;0;0;0;0;1;2;0;0;1;1;112
311640;252;21;17;17;6;21;14;13;9;10;11;4;9;404
311650;193;2;2;2;2;1;0;5;1;4;4;0;3;219
311660;2337;81;91;106;93;119;86;121;112;118;101;112;117;3594
311670;62;2;0;1;0;3;1;0;1;2;1;8;2;83
311680;82;3;0;0;0;0;0;2;0;0;0;0;0;87
311690;325;6;4;10;2;16;3;19;2;4;13;3;3;410
311700;30;0;0;1;2;0;5;2;1;1;5;2;0;49
311710;389;47;20;22;28;23;17;18;6;14;3;35;11;633
311720;89;0;4;1;0;0;2;0;1;0;1;1;2;101
311730;712;28;13;25;21;15;32;32;33;19;50;20;63;1063
311740;72;0;0;2;0;0;0;0;0;0;1;0;1;76
311750;470;15;22;5;9;11;11;9;3;5;4;3;1;568
311760;402;40;38;15;30;14;14;9;11;14;19;27;11;644
311770;800;18;35;35;10;14;23;25;60;158;51;24;13;1266
311780;477;7;20;18;8;20;12;18;11;13;6;15;13;638
311790;387;2;10;14;9;10;15;12;12;11;9;5;4;500
311800;8689;239;171;293;260;374;322;449;524;512;513;505;415;13266
311810;68;1;3;2;2;5;1;1;1;1;1;4;2;92
311820;662;27;19;22;23;54;22;73;63;617;61;46;203;1892
311830;8134;306;215;373;289;337;309;317;353;352;309;280;353;11927
311840;1188;30;36;38;26;29;24;18;20;36;15;13;14;1487
311850;69;4;8;1;2;2;1;2;2;3;2;4;2;102
311860;94364;3725;3661;4889;4652;4670;4938;4780;4919;4351;4273;4416;4434;148072
311870;341;9;10;2;9;2;9;6;1;3;0;3;9;404
311880;540;7;9;8;4;1;3;6;21;5;5;2;1;612
311890;301;6;8;5;4;16;7;14;12;8;7;24;13;425
311900;117;2;2;2;0;1;6;2;2;0;3;1;4;142
311910;1524;27;35;30;26;41;40;38;43;39;30;58;44;1975
311920;104;0;0;4;0;0;0;0;3;1;0;0;4;116
311930;1518;39;67;49;60;51;41;46;50;46;36;80;63;2146
311940;9374;286;620;366;399;428;399;496;435;379;380;296;481;14339
311950;264;14;8;10;14;10;9;10;9;4;1;10;4;367
311960;596;7;4;4;6;5;23;10;0;13;15;10;1;694
311970;112;2;0;3;1;1;1;1;1;0;0;0;0;122
311980;195;6;3;2;4;5;2;2;8;1;4;4;5;241
311990;78;6;12;4;0;0;0;4;2;27;2;1;0;136
312000;925;3;7;22;14;5;6;9;6;0;5;7;5;1014
312010;54;1;2;2;2;1;3;2;1;1;0;1;1;71
312020;192;3;3;3;3;1;2;16;3;5;4;3;3;241
312030;138;2;5;1;3;2;1;1;4;1;1;2;2;163
312040;378;3;19;5;13;8;9;9;11;5;10;10;11;491
312050;396;5;5;5;4;3;4;6;9;7;10;5;12;471
312060;110;6;3;10;1;3;2;12;9;5;7;11;14;193
312070;195;0;13;3;2;1;3;1;3;3;1;5;1;231
312080;699;16;16;17;12;8;17;11;14;10;14;13;14;861
312090;7647;270;296;298;252;277;249;271;442;246;224;243;319;11034
312100;135;0;0;0;0;1;0;0;1;0;1;0;0;138
312110;630;13;16;24;21;19;16;29;27;30;25;13;12;875
312120;253;7;6;9;5;8;9;5;8;3;5;6;5;329
312130;207;2;1;1;1;1;2;1;7;7;8;0;5;243
312140;53;0;0;0;1;0;0;0;0;0;0;0;1;55
312150;73;1;0;1;0;0;2;1;0;0;0;1;0;79
312160;3647;124;130;152;112;143;127;139;101;473;97;88;122;5455
312170;2;0;0;0;0;0;0;0;0;0;0;1;0;3
312180;2648;181;119;129;155;161;158;128;126;127;112;110;126;4280
312190;96;0;1;0;1;1;0;1;0;2;3;5;0;110
312200;519;10;9;8;8;21;6;13;7;6;8;4;8;627
312210;52;1;1;2;1;1;1;11;2;0;0;1;0;73
312220;97;2;1;0;1;2;0;0;2;2;0;1;2;110
312230;26569;1102;1055;1465;1175;1316;1165;1405;1326;1192;1349;1255;1448;41822
312240;179;0;1;3;1;5;3;4;2;1;1;0;2;202
312250;116;1;7;6;4;4;6;2;1;0;2;2;6;157
312260;52;0;2;0;0;0;0;0;0;0;0;1;0;55
312270;414;5;15;7;9;2;4;6;9;4;1;11;5;492
312280;74;1;9;4;4;2;3;1;0;0;0;2;1;101
312290;217;47;5;2;4;6;9;8;12;2;6;3;3;324
312300;1185;19;18;27;56;19;19;37;32;28;33;19;31;1523
312310;89;1;0;0;11;3;0;0;2;2;0;8;1;117
312320;992;51;58;52;39;53;38;59;60;28;30;25;37;1522
312330;110;12;19;5;3;2;0;3;0;0;9;1;3;167
312340;117;2;10;0;1;4;2;3;1;0;0;1;5;146
312350;42;0;0;0;0;1;2;0;0;0;1;0;0;46
312360;1828;77;60;58;51;77;58;62;78;58;84;48;76;2615
312370;276;4;26;18;6;12;9;7;10;3;7;5;11;394
312380;210;5;5;8;10;1;36;8;8;6;10;55;5;367
312390;467;10;5;10;5;7;11;8;8;8;19;4;14;576
312400;317;10;3;2;2;6;3;4;7;3;4;6;8;375
312410;1764;59;90;77;96;53;41;75;87;54;59;53;45;2553
312420;685;11;6;15;10;23;9;16;13;10;14;13;6;831
312430;704;27;7;8;9;10;38;3;9;8;8;6;33;870
312440;82;0;0;1;0;4;1;0;1;1;0;0;0;90
312450;378;11;7;11;6;8;9;9;8;10;3;4;6;470
312460;133;1;3;0;2;2;1;2;3;2;2;0;0;151
312470;202;24;11;5;5;6;4;3;4;3;2;1;3;273
312480;437;3;9;8;11;8;12;25;5;8;7;7;6;546
312490;165;8;4;2;2;5;5;3;0;4;5;10;1;214
312500;212;8;19;7;8;5;10;6;10;4;7;6;15;317
312510;2152;58;113;78;73;83;81;80;86;53;66;46;53;3022
312520;110;4;1;0;0;3;2;6;0;2;2;3;1;134
312530;215;3;1;3;1;4;2;5;5;3;3;11;9;265
312540;154;1;1;0;1;0;0;2;1;0;1;1;0;162
312550;109;1;1;0;2;3;0;0;2;1;3;1;0;123
312560;56;0;0;0;1;0;1;1;0;0;1;2;1;63
312570;910;21;19;33;47;28;33;30;62;18;22;21;19;1263
312580;101;2;2;5;0;2;0;0;2;1;0;0;0;115
312590;326;12;5;10;8;7;7;8;5;5;10;5;3;411
312600;197;8;10;6;4;8;8;2;18;8;5;3;3;280
312610;6321;258;197;278;269;243;258;285;293;315;440;413;378;9948
312620;104;0;0;0;0;0;0;0;0;0;0;0;2;106
312630;127;3;1;4;5;4;1;4;0;1;1;5;11;167
312640;85;1;6;3;3;1;1;0;1;0;1;1;4;107
312650;57;4;1;1;3;0;0;1;0;0;0;2;2;71
312660;78;1;0;0;0;2;1;0;0;0;0;0;0;82
312670;301;32;12;32;10;9;15;9;7;17;6;9;10;469
312680;37;0;0;1;0;0;1;0;0;0;0;1;0;40
312690;396;7;82;11;16;12;11;10;9;8;10;12;17;601
312700;784;21;19;21;17;72;47;115;79;81;58;397;84;1795
312705;17;0;0;0;1;0;0;0;0;0;0;0;0;18
312710;3625;172;141;159;173;175;134;141;136;134;166;117;133;5406
312720;147;9;3;11;12;9;4;7;9;1;5;1;7;225
312730;260;1;6;1;3;1;3;2;1;6;2;1;1;288
312740;131;2;1;5;2;3;1;1;0;0;0;5;1;152
312750;94;1;0;0;0;8;3;0;0;0;0;0;0;106
312760;1460;27;33;38;45;53;39;39;55;20;21;26;32;1888
312770;29001;1084;1205;1658;1665;1437;1482;1499;1493;1358;1216;1298;1439;45835
312780;693;46;21;28;17;31;12;25;14;14;8;8;34;951
312790;56;5;6;1;1;1;2;1;0;0;3;0;3;79
312800;3122;56;44;32;45;44;30;64;37;36;55;35;35;3635
312810;252;14;3;5;6;2;8;3;8;7;5;3;9;325
312820;262;10;2;12;11;5;4;0;1;3;1;2;1;314
312830;2267;107;93;108;133;174;141;152;189;188;231;60;103;3946
312840;454;5;14;8;10;11;7;11;22;19;12;19;53;645
312850;1374;24;29;32;26;38;44;25;29;35;24;18;26;1724
312860;300;18;23;12;17;16;19;28;12;9;11;11;15;491
312870;7964;221;215;255;306;289;252;257;295;291;259;309;254;11167
312880;225;1;3;3;3;5;3;3;2;4;1;3;1;257
312890;211;10;6;5;3;16;4;6;6;2;13;4;4;290
312900;282;6;9;4;3;5;3;5;9;12;8;12;1;359
312910;277;2;10;7;3;2;3;1;2;0;3;3;1;314
312920;174;22;55;17;3;12;17;8;10;4;24;4;40;390
312930;107;2;2;0;4;0;1;2;4;1;1;1;3;128
312940;257;10;9;11;8;9;8;8;11;3;6;16;52;408
312950;1479;45;63;53;29;29;32;31;35;34;26;24;45;1925
312960;172;1;2;3;1;2;1;1;3;8;6;0;15;215
312970;432;8;4;12;13;11;11;9;8;12;4;9;10;543
312980;2744;101;71;142;121;124;110;122;114;132;146;123;105;4155
312990;93;0;1;2;1;1;2;3;4;1;0;0;0;108
313000;115;0;3;0;1;0;6;0;1;2;5;0;0;133
313010;2784;132;103;204;152;104;103;228;153;94;100;102;90;4349
313020;761;30;32;34;54;29;24;52;38;30;36;17;46;1183
313030;913;24;19;24;20;27;16;14;16;40;464;59;32;1668
313040;315;6;7;12;9;9;8;11;12;6;9;10;12;426
313050;338;6;6;5;8;8;1;0;5;1;1;5;8;392
313060;271;16;21;5;7;9;11;6;4;2;3;1;29;385
313070;276;5;9;20;24;10;16;16;16;5;10;5;3;415
313080;67;3;1;4;3;7;1;1;2;2;0;0;2;93
313090;675;17;16;18;16;23;11;17;13;8;23;6;14;857
313100;325;167;90;69;52;20;60;37;23;12;46;11;15;927
313110;1008;8;10;17;13;8;8;12;8;9;8;6;12;1127
313120;615;14;16;14;6;9;22;14;25;18;57;6;10;826
313130;40602;1038;981;1180;987;1096;1263;1335;1840;1753;1792;1184;1787;56838
313140;192;28;10;11;4;4;5;3;12;6;4;5;4;288
313150;210;1;3;1;2;3;4;15;4;2;4;2;4;255
313160;221;3;4;12;11;8;22;4;2;4;5;6;0;302
313170;16127;401;453;515;359;528;363;340;499;496;362;438;411;21292
313180;154;7;1;0;2;1;4;0;1;0;8;2;7;187
313190;5034;153;147;182;176;246;172;185;321;200;152;221;135;7324
313200;94;0;1;1;0;2;3;8;8;6;2;2;0;127
313210;310;11;6;17;12;12;11;8;13;6;15;8;12;441
313220;672;20;16;18;18;15;12;17;18;15;8;8;32;869
313230;213;5;2;4;3;5;1;2;0;4;2;1;4;246
313240;15578;651;578;648;622;694;680;647;700;619;578;542;556;23093
313250;1433;5;16;12;13;7;17;18;12;29;31;13;14;1620
313260;159;16;31;3;3;18;10;5;1;6;1;1;4;258
313270;818;8;12;17;9;12;7;15;19;15;15;13;8;968
313280;92;1;1;0;0;0;2;1;5;0;1;1;2;106
313290;320;30;17;7;9;10;5;9;30;9;7;1;15;469
313300;943;35;35;24;21;19;35;18;14;26;11;12;19;1212
313310;2713;94;89;118;112;109;115;120;111;123;108;88;134;4034
313320;346;5;6;6;0;5;1;5;5;7;1;0;3;390
313330;818;105;70;67;45;34;42;35;26;27;21;65;16;1371
313340;400;11;18;20;5;7;16;9;9;8;7;8;8;526
313350;1869;48;38;57;38;64;37;30;42;33;61;44;35;2396
313360;210;8;13;8;3;8;4;12;3;2;10;11;4;296
313370;653;18;19;23;18;61;19;28;22;13;27;11;23;935
313380;15572;470;516;820;735;714;802;668;742;604;624;603;595;23465
313390;86;29;1;4;8;0;1;2;1;2;8;5;2;149
313400;406;19;26;22;10;14;8;9;9;2;8;3;10;546
313410;141;6;7;4;4;0;0;2;2;5;0;1;6;178
313420;10132;335;333;352;313;361;345;378;497;407;367;362;397;14579
313430;161;2;1;2;2;4;2;0;1;2;3;1;2;183
313440;1663;208;221;166;255;303;373;259;325;218;175;1339;305;5810
313450;139;6;1;2;1;3;2;1;2;1;11;1;1;171
313460;391;6;9;6;10;2;7;12;8;7;5;7;4;474
313470;282;1;5;0;0;2;4;7;1;1;3;1;7;314
313480;246;2;10;8;15;2;7;6;5;3;5;0;3;312
313490;1953;99;72;91;72;81;59;53;61;77;92;62;54;2826
313500;82;2;0;1;0;2;2;0;0;0;0;1;0;90
313510;2394;73;78;50;98;74;116;104;74;198;81;68;72;3480
313520;1816;34;28;24;46;42;47;60;64;24;37;60;59;2341
313530;145;13;3;1;0;4;4;1;3;1;1;0;3;179
313540;129;2;1;0;2;0;2;0;2;1;1;2;2;144
313550;227;19;40;22;10;15;9;9;11;10;9;16;12;409
313560;529;17;21;20;11;16;13;8;8;17;17;116;31;824
313570;198;9;3;0;9;7;9;4;2;2;3;8;10;264
313580;605;6;7;22;8;45;31;11;6;7;6;9;8;771
313590;161;8;3;4;0;3;1;0;4;4;2;0;2;192
313600;284;5;1;6;4;4;4;10;5;5;4;4;2;338
313610;50;0;1;0;0;0;0;30;1;1;2;1;0;86
313620;13341;344;383;420;527;585;545;500;796;800;904;613;641;20399
313630;2327;95;100;117;235;73;103;146;115;124;89;606;75;4205
313640;121;0;1;1;1;6;2;1;1;1;0;3;3;141
313650;73;2;0;0;1;1;1;1;2;1;0;0;0;82
313660;182;5;8;7;5;7;4;10;12;4;19;10;4;277
313670;92828;3399;3370;4162;3700;3949;3932;3814;3872;3549;3663;3327;3862;137427
313680;170;8;15;5;3;2;7;5;4;1;1;2;4;227
313690;58;1;0;0;1;0;0;0;2;0;1;0;0;63
313700;132;6;0;2;0;2;1;4;5;1;2;1;0;156
313710;271;4;8;8;13;4;5;4;13;4;9;18;8;369
313720;5200;206;94;111;233;206;191;324;366;363;319;206;820;8639
313730;24;1;0;0;0;0;0;0;0;0;0;1;2;28
313740;211;2;4;4;2;2;3;3;4;4;3;1;1;244
313750;453;9;5;2;6;6;4;12;4;3;8;10;4;526
313760;6270;218;320;240;256;307;296;256;268;205;178;173;219;9206
313770;479;4;7;8;2;3;3;8;5;5;7;2;1;534
313780;1682;49;49;59;44;62;77;42;48;41;45;33;43;2274
313790;99;0;0;0;0;0;0;0;0;0;0;0;1;100
313810;473;14;21;19;21;15;36;20;26;55;17;19;21;757
313820;10970;308;295;508;333;361;381;351;378;342;374;402;510;15513
313830;103;0;0;0;1;1;0;0;0;3;4;5;0;117
313840;7166;207;201;224;234;248;225;241;233;225;327;241;345;10117
313850;224;5;4;10;4;6;3;4;5;3;0;3;8;279
313860;760;4;14;9;9;21;20;14;16;15;12;9;11;914
313870;393;16;15;12;18;19;3;3;16;5;4;6;11;521
313880;1091;29;58;51;42;65;37;38;45;40;32;32;50;1610
313890;57;0;0;2;0;1;1;0;2;0;0;1;0;64
313900;4216;102;136;155;153;184;133;131;222;310;219;145;163;6269
313910;93;0;0;1;2;2;1;0;0;0;0;0;0;99
313920;163;1;1;0;1;0;4;1;3;1;2;3;2;182
313930;674;30;11;24;27;55;22;19;23;30;24;25;20;984
313940;6194;204;253;285;240;265;260;311;304;295;274;282;370;9537
313950;1851;40;87;50;43;105;52;61;51;37;36;28;70;2511
313960;1428;28;18;36;21;44;55;22;28;27;25;18;19;1769
313970;209;3;3;15;5;2;13;13;11;13;2;7;5;301
313980;1574;26;28;46;44;44;55;43;31;39;50;44;34;2058
313990;633;17;15;19;26;28;10;20;15;9;25;16;16;849
314000;3903;103;98;137;114;114;130;111;163;76;95;82;105;5231
314010;136;0;0;0;1;0;0;0;0;0;0;0;0;137
314020;163;4;1;0;2;1;1;25;4;1;0;1;2;205
314030;94;3;1;1;1;2;9;12;2;24;8;0;1;158
314040;121;6;8;0;4;1;1;3;1;0;1;1;1;148
314050;687;26;33;41;34;39;52;41;43;40;56;56;160;1308
314060;60;0;1;0;2;1;0;1;1;0;0;0;1;67
314070;3228;142;140;138;157;183;167;131;152;118;123;85;86;4850
314080;1016;37;49;74;49;44;74;61;72;67;41;118;77;1779
314090;456;8;21;15;13;12;10;16;11;10;5;5;7;589
314100;75;2;2;4;3;4;7;2;1;4;2;2;3;111
314110;4291;147;191;274;223;249;212;233;199;140;138;230;180;6707
314120;144;0;0;0;4;0;1;1;2;2;3;1;7;165
314130;25;0;0;0;0;0;0;0;0;1;0;1;2;29
314140;314;21;7;6;3;5;9;33;9;19;13;18;18;475
314150;231;1;1;2;2;11;9;6;13;3;8;2;1;290
314160;305;5;5;4;3;6;0;2;4;2;4;1;3;344
314170;1527;45;57;44;55;57;39;95;65;52;51;26;45;2158
314180;415;15;14;11;14;7;6;12;7;24;12;5;12;554
314190;269;2;1;3;2;2;1;4;5;0;5;0;2;296
314200;154;2;0;0;0;1;0;0;0;2;1;6;5;171
314210;473;13;12;6;19;16;5;15;12;20;21;12;16;640
314220;1195;17;19;18;20;19;18;27;37;17;18;11;16;1432
314230;94;1;2;0;2;4;1;3;1;2;1;1;0;112
314240;189;18;11;8;8;8;8;11;17;8;12;19;14;331
314250;174;0;2;3;2;0;1;2;5;10;1;2;2;204
314260;680;28;40;33;28;28;39;28;31;25;35;24;24;1043
314270;116;2;2;3;0;2;10;1;8;0;3;1;8;156
314280;1191;64;31;51;51;39;49;107;104;57;205;40;48;2037
314290;679;2;10;13;29;54;27;18;26;50;16;17;19;960
314300;1396;32;37;87;78;131;113;113;162;88;62;82;167;2548
314310;3404;102;117;145;109;141;136;155;203;120;148;108;202;5090
314320;2460;49;91;61;68;114;120;75;117;82;99;75;64;3475
314330;27226;946;898;1346;1100;1183;1143;1063;1238;1441;1013;1189;1107;40893
314340;1043;19;27;37;30;24;19;22;39;34;45;33;47;1419
314350;322;4;1;5;4;10;6;6;6;4;7;4;14;393
314360;139;2;12;9;3;5;1;3;4;4;15;6;1;204
314370;82;0;0;0;0;0;1;1;0;0;0;1;0;85
314380;27;0;0;1;1;0;0;2;0;0;0;1;0;32
314390;9982;348;297;374;329;359;335;349;385;327;297;325;403;14110
314400;634;9;11;0;6;4;5;17;8;19;7;6;8;734
314410;1549;30;54;38;38;54;52;36;50;36;30;49;66;2082
314420;14;0;1;1;0;2;0;3;0;0;2;0;0;23
314430;4281;127;250;183;190;156;306;136;209;307;180;189;140;6654
314440;173;5;1;2;4;4;4;4;2;0;1;4;1;205
314450;459;5;3;3;9;2;6;5;10;6;6;3;10;527
314460;1988;25;24;39;29;55;35;46;48;36;42;43;28;2438
314470;2752;33;64;67;51;95;81;51;74;49;63;53;61;3494
314480;14080;346;294;409;383;362;471;323;349;302;383;326;493;18521
314490;23;1;1;0;0;1;1;0;1;1;3;1;0;33
314500;605;33;36;78;42;43;80;59;42;45;78;100;38;1279
314510;360;10;10;7;7;8;15;6;5;7;9;7;6;457
314520;2297;108;128;146;126;132;115;132;114;119;215;230;308;4170
314530;565;12;51;11;58;14;17;16;220;64;6;95;5;1134
314540;130;2;2;1;0;1;2;2;0;1;0;2;0;143
314550;80;3;2;1;0;1;2;0;6;1;5;1;1;103
314560;3859;70;89;88;99;86;65;95;95;112;125;105;125;5013
314570;153;0;4;0;0;4;1;0;0;1;0;0;0;163
314580;170;5;4;6;2;7;6;6;3;2;3;2;5;221
314590;12419;203;248;262;236;268;363;364;399;363;271;206;200;15802
314600;2421;85;101;114;122;138;145;90;117;101;93;65;87;3679
314610;12689;323;289;341;372;298;280;266;294;299;288;321;375;16435
314620;69;0;0;0;1;0;0;0;0;1;0;0;0;71
314630;233;7;7;2;3;1;2;2;4;6;4;7;7;285
314640;150;29;27;8;0;0;3;4;3;11;14;5;33;287
314650;769;31;30;29;28;50;39;44;36;33;51;65;48;1253
314660;80;1;2;2;1;0;0;0;0;0;2;0;0;88
314670;246;5;5;7;3;1;3;4;4;1;2;3;8;292
314690;738;31;62;49;42;44;36;52;44;34;43;40;74;1289
314700;4928;160;204;180;173;244;204;187;163;139;340;162;190;7274
314710;12440;412;406;488;564;503;515;450;510;432;349;443;461;17973
314720;1649;80;46;62;77;70;72;73;60;65;78;185;53;2570
314730;1768;47;41;46;30;38;63;49;68;52;41;56;32;2331
314740;2401;57;55;78;76;60;49;83;68;61;48;79;76;3191
314750;63;0;1;0;0;0;0;0;0;0;0;0;0;64
314760;1243;24;55;53;45;46;54;51;53;58;54;43;92;1871
314770;395;2;5;4;2;6;13;11;12;8;12;5;9;484
314780;185;3;0;0;1;0;0;3;0;0;0;3;2;197
314790;14898;510;610;675;630;869;805;956;986;789;1029;554;614;23925
314800;11893;417;469;506;426;467;593;403;455;489;522;586;531;17757
314810;6563;266;354;296;239;327;311;281;279;228;317;313;363;10137
314820;278;2;0;7;2;2;6;4;5;4;1;10;2;323
314830;156;12;3;1;0;2;0;0;0;1;2;0;1;178
314840;37;0;1;0;0;0;0;0;0;0;0;0;0;38
314850;232;1;0;0;3;1;1;0;0;1;2;0;1;242
314860;534;0;9;10;11;14;5;8;9;5;12;5;5;627
314870;1301;8;10;18;25;42;33;33;27;28;22;13;17;1577
314880;107;2;3;0;1;0;0;1;0;0;2;0;2;118
314890;103;3;1;1;2;2;1;1;3;9;3;4;0;133
314900;60;2;1;0;1;0;1;1;2;0;1;1;2;72
314910;716;16;12;14;15;16;14;12;18;18;6;14;13;884
314920;86;0;1;0;0;0;1;0;4;3;0;0;6;101
314930;8081;296;308;308;225;341;241;263;326;331;307;256;244;11527
314940;199;8;11;6;1;6;2;10;3;4;1;2;4;257
314950;398;16;12;26;25;21;8;18;21;20;16;29;10;620
314960;105;1;0;1;0;1;0;3;3;1;2;3;0;120
314970;229;4;13;9;10;3;1;7;2;6;4;4;3;295
314980;771;23;35;20;112;24;105;23;28;32;14;40;25;1252
314990;1577;33;24;42;44;53;49;46;40;44;42;33;58;2085
315000;136;4;4;1;3;8;5;6;5;3;5;4;3;187
315010;105;0;11;7;0;1;3;1;3;4;1;0;1;137
315020;260;16;9;11;19;3;4;10;8;6;11;12;10;379
315030;133;0;1;1;4;1;10;1;1;1;1;2;2;158
315040;30;0;0;0;0;0;0;0;0;1;0;0;0;31
315050;205;16;25;19;4;13;7;2;9;11;15;24;6;356
315060;177;2;1;2;2;3;0;3;1;1;1;1;2;196
315070;218;3;5;3;5;17;56;34;21;37;78;8;10;495
315080;197;4;18;11;2;2;3;2;4;1;4;3;2;253
315090;173;8;5;7;5;5;7;5;6;5;10;2;2;240
315100;205;2;1;9;5;6;3;5;5;1;1;1;0;244
315110;988;41;22;30;25;30;39;37;54;27;26;26;28;1373
315120;8603;333;300;312;311;273;324;302;364;322;281;317;321;12363
315130;359;6;8;19;4;13;8;5;6;7;8;12;31;486
315140;2927;81;89;71;133;142;85;91;88;90;72;94;78;4041
315150;1571;68;68;82;89;82;83;95;227;58;62;62;73;2620
315160;320;11;5;1;5;5;9;14;3;8;3;5;3;392
315170;500;13;4;7;3;21;11;18;7;7;8;4;16;619
315180;25166;879;976;1243;1059;1095;1074;1050;967;994;1010;915;909;37337
315190;173;3;5;1;1;0;0;0;1;2;0;0;1;187
315200;1172;41;25;64;37;36;60;60;85;149;174;40;31;1974
315210;10105;367;411;427;400;475;383;470;422;334;352;274;450;14870
315220;1288;41;70;30;70;47;50;47;55;46;53;96;35;1928
315230;98;0;12;0;1;0;0;1;2;3;0;0;3;120
315240;150;5;0;2;4;3;2;2;4;4;5;1;0;182
315250;17317;689;772;955;843;1027;1019;995;1325;937;993;1202;750;28824
315260;360;4;4;10;7;6;8;12;6;6;8;8;8;447
315270;331;8;9;3;4;5;6;8;3;6;3;2;1;389
315280;1472;35;58;68;67;74;77;75;68;68;33;41;44;2180
315290;934;21;33;39;73;36;31;25;52;26;10;14;14;1308
315300;69;1;3;2;2;0;0;2;0;2;0;1;0;82
315310;122;0;5;2;6;3;3;0;4;0;1;0;2;148
315320;158;5;3;5;4;3;3;6;4;3;2;1;1;198
315330;89;1;2;0;2;3;1;0;0;0;0;2;0;100
315340;1206;41;36;32;35;47;40;46;48;24;50;21;29;1655
315350;251;12;5;4;4;3;3;4;10;9;24;3;8;340
315360;662;105;27;49;44;51;45;61;26;20;26;31;18;1165
315370;238;11;3;6;2;1;5;4;3;3;7;3;3;289
315380;56;0;1;0;5;0;0;0;0;0;1;0;0;63
315390;181;0;2;2;1;9;3;6;5;2;2;5;1;219
315400;1294;33;48;37;42;42;31;33;30;42;33;52;59;1776
315410;587;27;14;15;18;13;13;8;16;22;14;20;9;776
315420;328;15;3;11;8;9;5;13;11;5;8;6;10;432
315430;892;23;28;31;25;23;21;19;25;22;44;40;26;1219
315440;606;10;22;20;61;6;14;5;23;13;8;5;9;802
315450;305;10;15;8;10;6;3;22;11;8;2;2;2;404
315460;3353;132;137;171;164;205;171;139;297;172;200;141;139;5421
315470;194;4;2;7;0;5;4;4;4;3;2;1;8;238
315480;482;21;11;9;16;12;22;38;23;8;49;48;7;746
315490;1569;75;56;68;66;87;58;61;80;54;47;76;37;2334
315500;100;1;2;0;0;1;0;0;3;0;2;1;0;110
315510;73;1;1;2;0;6;0;0;5;0;0;1;2;91
315520;126;0;1;0;0;0;0;0;0;1;0;0;0;128
315530;76;0;1;0;1;1;3;1;0;0;2;0;1;86
315540;604;12;16;23;18;20;35;16;25;51;12;11;27;870
315550;499;8;2;16;12;11;5;7;11;6;10;14;8;609
315560;608;9;8;19;7;41;13;39;14;6;10;7;7;788
315570;947;74;34;60;52;28;42;71;26;35;49;87;29;1534
315580;1342;28;37;25;17;35;25;29;33;19;41;25;37;1693
315590;242;6;6;11;6;2;9;2;11;3;7;2;6;313
315600;187;6;1;0;2;1;2;4;2;0;1;0;0;206
315610;184;2;5;10;1;4;3;8;1;5;3;5;0;231
315620;176;1;5;4;2;8;8;4;4;1;2;1;1;217
315630;340;15;11;14;8;28;24;17;15;11;41;5;6;535
315640;39;0;0;2;2;0;1;2;0;0;0;0;0;46
315650;22;1;0;0;0;3;1;0;0;0;0;3;0;30
315660;242;4;5;4;3;2;7;4;2;3;6;3;11;296
315670;6040;231;210;257;300;323;277;233;307;225;223;209;231;9066
315680;421;2;17;13;4;9;15;7;14;8;7;14;4;535
315690;1602;81;105;65;117;80;89;101;84;87;70;81;117;2679
315700;1376;50;34;49;32;34;44;43;42;54;50;42;87;1937
315710;200;1;0;0;0;0;0;0;0;0;0;0;0;201
315720;6253;151;153;216;127;132;194;106;155;142;110;146;124;8009
315730;96;1;2;1;3;0;0;1;1;0;0;0;2;107
315740;198;10;5;3;8;11;5;9;7;3;10;10;1;280
315750;67;0;7;2;0;0;7;0;1;0;1;0;3;88
315760;4;0;0;0;0;0;0;0;0;0;0;0;0;4
315770;273;2;5;11;11;37;63;10;2;6;5;2;5;432
315780;12289;416;454;557;558;594;542;533;528;519;410;445;403;18248
315790;293;2;3;6;2;19;7;4;5;2;3;0;11;357
315800;443;17;9;10;22;8;10;7;22;12;15;45;9;629
315810;69;3;0;1;1;0;1;0;0;1;3;1;7;87
315820;235;5;10;10;4;5;3;1;6;9;2;7;11;308
315830;279;6;5;8;27;17;5;4;6;4;3;4;2;370
315840;34;1;0;2;1;2;1;2;2;3;2;2;0;52
315850;172;1;2;1;2;2;5;1;8;2;2;3;3;204
315860;286;17;8;15;2;5;4;5;2;1;2;0;4;351
315870;89;1;0;0;1;1;0;0;1;0;0;0;1;94
315880;162;13;0;1;2;1;5;4;2;3;0;0;5;198
315890;49;0;1;0;0;0;1;2;1;1;0;0;0;55
315900;165;3;6;4;9;5;32;1;5;3;3;2;2;240
315910;40;0;0;0;0;2;0;1;0;1;0;0;3;47
315920;460;15;9;67;13;10;5;12;9;5;10;3;9;627
315930;396;9;5;6;5;13;0;7;1;0;3;9;5;459
315940;124;5;0;0;3;1;0;8;3;1;2;1;1;149
315950;63;0;1;0;0;0;0;0;0;1;0;0;1;66
315960;5814;200;196;218;208;250;268;240;235;241;163;148;182;8363
315970;99;1;1;2;0;2;1;1;3;1;0;0;0;111
315980;788;34;119;41;23;33;25;16;13;25;15;13;16;1161
315990;679;16;13;19;7;13;15;7;8;11;14;16;18;836
316000;170;0;0;3;4;1;4;4;1;2;3;2;2;196
316010;161;8;21;10;8;6;10;3;2;2;5;3;10;249
316020;102;1;4;0;0;0;1;1;2;0;1;1;5;118
316030;19;0;0;0;1;0;3;0;1;2;1;0;0;27
316040;1571;72;38;87;59;61;60;66;66;79;71;55;51;2336
316050;41;0;2;4;1;0;0;2;2;0;0;0;0;52
316060;243;6;2;1;3;9;3;1;3;3;7;15;0;296
316070;3793;255;95;113;134;91;81;79;73;82;95;61;150;5102
316080;103;2;0;11;3;3;0;1;5;2;0;0;1;131
316090;99;1;4;4;2;5;1;2;1;2;4;1;3;129
316100;606;15;11;15;8;19;9;13;17;10;20;10;6;759
316110;547;7;9;10;10;13;11;6;16;16;16;15;10;686
316120;225;3;3;4;3;2;2;8;7;5;4;3;6;275
316130;80;2;2;3;0;0;2;1;0;1;3;0;1;95
316140;93;1;1;1;0;1;0;1;3;2;2;5;1;111
316150;233;2;12;4;10;4;1;3;10;10;8;10;7;314
316160;78;2;6;1;2;1;3;2;1;1;0;0;0;97
316170;381;19;17;11;16;16;7;8;15;8;10;11;19;538
316180;665;23;15;37;22;30;25;21;24;26;33;27;42;990
316190;353;6;3;3;12;12;4;8;5;6;10;6;9;437
316200;2470;72;49;77;78;96;100;54;72;69;49;44;80;3310
316210;1843;42;61;58;57;68;78;79;90;46;51;78;62;2613
316220;460;18;13;11;16;16;14;11;12;10;16;7;17;621
316230;83;0;0;1;1;0;0;0;2;0;2;1;0;90
316240;157;24;5;7;6;3;8;8;4;17;4;8;0;251
316250;10754;408;518;585;832;613;490;426;369;462;338;361;397;16553
316260;139;4;5;3;5;4;9;13;5;6;4;6;5;208
316270;427;3;4;2;11;9;8;38;8;11;2;8;2;533
316280;401;10;4;2;7;8;9;6;6;8;4;4;8;477
316290;3925;107;107;111;123;83;129;101;99;156;135;132;183;5391
316300;6;0;0;0;0;0;0;0;0;0;0;0;0;6
316310;100;0;9;6;2;2;4;5;3;3;2;3;3;142
316320;102;0;0;1;1;0;0;1;2;1;1;0;0;109
316330;61;1;0;2;0;0;0;0;0;0;0;0;0;64
316340;269;9;8;16;8;24;6;10;6;11;13;9;14;403
316350;3;0;0;0;0;0;0;0;0;0;0;0;0;3
316360;8;0;0;0;0;0;1;1;0;0;0;0;0;10
316370;5099;215;250;223;198;197;245;239;166;204;205;182;208;7631
316380;50;0;2;0;0;1;0;0;0;0;1;1;7;62
316390;117;3;7;5;4;3;7;2;0;1;2;5;4;160
316400;1276;39;41;147;76;60;55;124;158;118;357;98;162;2711
316410;47;1;1;3;0;1;0;1;1;0;0;0;0;55
316420;207;2;4;2;1;9;2;3;3;3;4;0;7;247
316430;122;0;0;5;1;0;2;1;2;2;1;1;0;137
316440;196;3;4;6;4;5;17;7;4;2;7;2;6;263
316450;55;3;0;0;0;1;0;0;0;0;0;0;3;62
316460;303;7;15;34;28;20;8;6;14;5;21;24;18;503
316470;6504;177;182;234;248;244;226;223;241;193;237;249;224;9182
316480;59;0;0;0;0;0;0;0;0;0;0;0;0;59
316490;58;0;2;4;0;0;2;0;0;0;1;2;1;70
316500;315;46;5;8;8;4;0;1;5;1;2;1;2;398
316510;281;10;5;2;8;14;15;5;10;6;5;5;5;371
316520;558;2;7;14;12;8;7;2;33;5;8;8;6;670
316530;331;2;4;4;6;5;4;2;1;5;3;11;6;384
316540;201;0;3;5;3;3;5;3;2;6;9;1;2;243
316550;51;0;0;0;0;0;0;0;0;0;0;0;0;51
316560;182;4;6;6;9;3;6;7;6;6;4;0;8;247
316570;160;0;0;1;0;0;0;0;0;0;1;3;1;166
316580;76;4;1;1;0;1;1;1;4;0;0;0;0;89
316590;23;6;0;1;4;0;0;0;0;0;0;0;2;36
316600;121;6;1;8;1;4;7;6;8;4;3;59;4;232
316610;43;0;1;5;0;0;0;0;1;2;1;0;0;53
316620;123;2;0;0;1;1;1;1;7;0;1;1;0;138
316630;113;0;0;0;0;0;1;2;0;1;1;0;1;119
316640;124;1;0;7;2;1;0;1;0;0;3;0;1;140
316650;64;0;0;0;0;0;1;0;0;0;0;1;0;66
316660;24;0;0;0;1;0;0;0;1;1;1;0;1;29
316670;312;10;14;18;17;14;14;28;26;17;23;137;37;667
316680;229;7;6;12;8;5;5;9;13;5;6;4;7;316
316690;572;55;19;19;20;18;35;24;19;24;11;26;5;847
316700;101;6;4;0;2;4;0;0;1;1;0;2;1;122
316710;576;36;10;6;5;3;8;7;7;8;8;3;9;686
316720;28343;1258;1307;1856;1493;1505;1650;1524;1764;1229;1220;1391;1316;45856
316730;69;0;0;1;0;1;4;0;0;0;0;0;0;75
316740;270;6;2;3;6;6;5;5;7;2;3;3;6;324
316750;155;2;3;5;7;5;5;11;4;4;1;5;6;213
316760;102;1;1;0;1;5;1;1;2;7;3;2;3;129
316770;205;5;7;3;5;5;2;2;4;4;3;2;0;247
316780;190;4;7;1;8;0;1;4;3;2;3;1;7;231
316790;130;8;10;1;0;0;1;2;4;0;2;2;3;163
316800;2156;16;24;47;52;40;70;75;61;54;30;62;16;2703
316810;1385;78;56;258;26;9;11;11;17;8;6;17;34;1916
316820;105;0;5;0;1;2;1;0;2;0;0;2;3;121
316830;101;6;2;4;1;4;4;0;3;2;2;2;4;135
316840;203;3;6;1;4;0;2;7;5;3;3;6;1;244
316850;265;2;7;6;6;6;6;3;5;5;3;5;6;325
316860;12035;413;380;660;518;507;420;486;446;376;441;490;524;17696
316870;15586;260;283;304;302;340;367;356;392;673;934;612;488;20897
316880;392;12;20;22;13;11;11;6;12;8;11;11;7;536
316890;167;9;14;10;13;3;5;2;4;31;1;3;2;264
316900;853;62;21;40;28;26;27;40;24;26;68;42;43;1300
316910;45;1;5;2;0;1;1;2;1;0;1;1;1;61
316920;256;2;8;2;4;3;2;6;3;7;3;5;9;310
316930;8642;220;230;254;267;241;290;278;285;235;217;241;229;11629
316935;3762;125;151;92;189;113;100;194;142;138;95;149;103;5353
316940;8070;232;348;344;369;535;455;377;471;478;430;690;1452;14251
316950;179;8;6;14;17;5;5;4;5;3;5;3;6;260
316960;2966;85;160;165;185;141;110;183;227;257;183;504;424;5590
316970;479;21;7;15;11;6;10;8;11;11;9;11;5;604
316980;103;1;9;0;1;6;9;3;8;2;0;1;3;146
316990;11416;338;357;427;440;502;465;430;460;424;424;492;458;16633
317000;58;0;5;1;1;0;2;3;3;2;1;3;0;79
317010;38081;1641;1619;2191;1758;2335;2083;2123;2077;1936;2428;2061;2220;62553
317020;70641;2856;2871;3308;3071;3608;3366;3314;3611;3370;3479;3289;3717;110501
317030;49;0;0;0;1;1;1;0;1;0;1;0;0;54
317040;3897;124;156;137;100;164;122;139;174;156;124;115;99;5507
317050;2509;200;89;99;97;141;166;128;129;147;45;245;234;4229
317070;21091;776;746;992;837;985;964;1025;1017;934;971;770;892;32000
317080;3691;139;150;91;97;87;77;106;152;107;74;97;71;4939
317090;115;15;1;5;4;2;10;1;0;0;3;4;4;164
317100;3035;86;149;104;177;94;127;104;69;126;61;60;85;4277
317110;129;1;1;3;3;3;5;2;0;1;2;4;5;159
317120;6878;158;155;223;230;192;204;214;183;175;193;159;196;9160
317130;8668;145;139;169;197;294;199;180;142;129;149;138;155;10704
317140;121;0;0;0;1;0;1;0;2;0;0;0;3;128
317150;76;4;2;3;2;0;2;3;0;0;3;0;0;95
317160;207;0;4;8;3;3;1;1;2;3;0;1;3;236
317170;409;1;3;1;7;3;3;6;3;1;3;2;2;444
317180;386;11;12;8;13;3;2;7;9;10;4;10;8;483
317190;97;0;1;8;0;1;0;0;1;0;1;0;1;110
317200;5027;108;114;168;158;148;176;173;290;239;182;222;151;7156
317210;297;6;8;7;6;10;9;11;12;7;4;3;1;381
317220;156;4;3;6;4;4;4;3;3;2;0;1;4;194
319999;1711;29;40;64;60;65;88;37;50;32;39;37;51;2303
320010;1288;33;53;93;19;34;27;18;14;25;22;19;15;1660
320020;1796;67;38;37;31;42;40;24;46;36;18;24;59;2258
320030;452;11;13;9;10;11;36;9;5;4;9;4;3;576
320040;1744;50;65;62;79;50;60;49;70;34;56;100;76;2495
320050;264;1;3;3;0;5;1;3;4;0;3;0;1;288
320060;14387;331;688;607;490;595;889;565;965;717;653;635;807;22329
320070;280;16;7;11;15;6;10;7;3;15;2;8;18;398
320080;2184;56;67;87;67;106;49;38;41;33;47;46;48;2869
320090;1528;22;21;31;30;17;24;24;25;30;24;29;25;1830
320100;719;14;31;29;23;18;28;59;30;11;102;23;37;1124
320110;377;6;14;5;3;5;4;6;5;13;9;4;3;454
320120;27144;1146;903;1178;899;1010;904;865;1103;881;810;795;1053;38691
320130;33904;1370;1262;1537;1351;1411;1712;1315;1329;1209;1361;1324;1970;51055
320140;2094;71;51;100;77;74;44;57;54;43;32;59;35;2791
320150;16584;471;510;865;709;708;622;636;683;589;681;607;739;24404
320160;4582;111;133;181;121;111;88;161;146;157;171;266;290;6518
320170;349;7;137;28;27;55;23;8;7;7;8;9;14;679
320180;118;0;0;1;4;2;2;1;1;1;0;6;1;137
320200;127;10;0;3;1;3;38;4;1;0;1;0;0;188
320210;710;9;17;24;15;9;18;13;11;32;11;15;28;912
320220;886;34;58;56;302;32;61;55;30;30;23;20;43;1630
320230;1723;42;59;52;42;43;39;39;36;36;39;28;35;2213
320240;6963;276;333;379;308;294;291;326;342;296;268;345;370;10791
320245;152;5;1;1;0;10;4;8;3;5;3;6;8;206
320250;1325;146;78;59;56;46;69;96;71;74;77;114;61;2272
320260;566;12;21;15;11;19;17;12;9;14;16;10;11;733
320270;785;11;15;13;18;20;6;13;11;17;15;8;23;955
320280;2842;350;200;178;171;276;147;235;101;119;107;93;161;4980
320290;435;6;12;19;6;2;7;12;8;3;8;17;16;551
320300;1293;29;59;40;55;57;108;28;27;31;34;19;69;1849
320305;263;26;13;29;19;13;18;13;15;8;9;13;19;458
320310;527;12;10;19;11;7;10;13;13;7;13;22;14;678
320320;11926;555;518;687;576;688;953;642;724;569;594;530;755;19717
320330;332;3;18;11;3;3;6;3;8;5;2;1;6;401
320335;222;8;5;3;3;9;2;2;4;7;3;2;5;275
320340;760;28;9;16;13;10;15;10;22;7;9;10;22;931
320350;698;9;7;18;17;25;13;14;14;12;8;14;20;869
320360;346;18;4;8;3;4;5;3;1;3;0;4;4;403
320370;552;5;26;6;11;14;59;10;12;9;6;6;8;724
320380;748;10;10;25;11;19;40;83;15;28;7;15;6;1017
320390;2870;95;67;148;93;77;130;71;93;72;56;58;81;3911
320400;850;37;33;82;53;24;30;33;33;12;22;27;37;1273
320405;323;5;10;3;6;7;13;8;11;11;19;15;17;448
320410;847;4;2;12;7;10;12;4;13;5;17;6;9;948
320420;363;18;32;19;20;11;9;25;23;16;2;5;39;582
320430;100;2;1;4;2;2;4;3;3;5;7;2;1;136
320435;69;3;0;5;1;2;0;2;1;3;0;2;1;89
320440;375;2;7;12;6;2;7;7;12;10;5;5;3;453
320450;559;16;9;9;19;11;1;15;10;18;6;15;11;699
320470;1972;50;45;100;39;58;54;62;39;44;45;31;68;2607
320480;606;6;7;4;3;13;2;9;13;4;3;8;16;694
320490;7724;223;232;307;266;240;260;246;243;247;229;269;215;10701
320500;40651;1902;2000;2438;2072;2796;3952;2206;2242;1977;1719;1584;2227;67766
320510;6059;139;130;156;209;231;219;228;210;187;160;212;235;8375
320520;31218;1269;1268;1492;1323;1281;1467;1436;1561;1437;1337;1229;1347;47665
320530;151378;3787;3821;4869;4429;4663;5288;4805;5117;4052;3723;4673;4299;204904
329999;6113;161;150;193;151;189;176;148;154;119;145;141;140;7980
330010;16728;568;1047;1132;552;526;453;843;931;422;660;688;583;25133
330020;5926;191;169;213;166;176;133;205;202;163;151;106;240;8041
330025;708;36;44;115;105;102;177;123;137;137;134;253;148;2219
330030;13280;506;685;593;705;499;490;608;561;426;414;385;653;19805
330040;25363;825;814;855;713;851;754;806;877;779;1223;778;1052;35690
330050;1315;28;27;24;38;44;27;40;28;12;26;28;34;1671
330060;3553;62;65;70;47;64;85;53;44;73;63;87;86;4352
330070;14935;643;658;998;708;733;858;911;677;597;618;732;838;23906
330080;4451;125;75;92;116;88;132;111;164;118;111;108;141;5832
330090;714;10;135;74;6;8;13;3;11;7;16;4;184;1185
330100;52147;3619;1400;1379;1223;1463;1335;1750;1697;1372;1349;4612;5953;79299
330110;3622;57;79;80;82;91;92;72;86;40;58;68;99;4526
330120;1713;50;39;52;31;29;37;32;40;39;50;45;63;2220
330130;3015;73;67;85;90;86;83;88;100;151;68;118;100;4124
330140;828;8;57;20;19;24;27;14;12;18;10;4;8;1049
330150;1607;34;30;40;30;44;63;45;56;31;50;46;51;2127
330160;279;2;5;4;9;9;7;8;6;5;9;7;12;362
330170;82106;2962;3080;3550;3610;3428;3995;3816;3691;3343;3228;3352;3557;123718
330180;1527;33;35;42;31;39;29;28;28;27;25;35;46;1925
330190;10149;390;403;424;423;367;325;366;354;379;378;356;334;14648
330200;6015;152;175;220;182;308;186;204;224;197;315;198;249;8625
330205;950;134;22;27;27;22;7;19;19;8;11;12;20;1278
330210;1980;47;47;62;86;75;48;58;50;52;63;52;50;2670
330220;7834;188;213;250;212;213;257;235;293;229;294;233;331;10782
330230;322;61;14;16;5;3;24;4;3;0;2;3;7;464
330240;25255;1044;967;1180;872;1045;1402;1179;1129;1062;1038;1166;1277;38616
330250;13209;291;307;417;404;458;413;335;327;429;309;316;527;17742
330260;4168;73;82;117;109;118;113;95;72;109;93;166;156;5471
330270;4405;158;155;107;166;162;217;160;168;137;140;133;152;6260
330280;1682;67;72;58;44;40;40;34;37;38;26;26;108;2272
330290;1431;29;29;35;16;35;33;27;33;17;24;28;68;1805
330300;2114;37;36;70;40;39;26;104;52;41;30;34;43;2666
330310;1523;10;18;23;31;34;42;17;27;20;11;9;22;1787
330320;11051;348;419;689;424;441;394;352;389;372;337;353;395;15964
330330;123853;4116;4255;5435;5090;5253;5108;4861;5326;5241;4182;4402;4607;181729
330340;29866;1055;1049;1042;997;1075;1052;960;1064;872;1026;908;1066;42032
330350;73553;3049;2838;3827;3319;3451;3397;3293;3131;3012;2745;2523;3097;111235
330360;4683;105;119;141;156;111;127;129;101;56;123;75;72;5998
330370;3674;103;84;71;84;90;104;91;125;82;90;67;93;4758
330380;1964;65;74;110;70;80;77;72;57;57;92;55;65;2838
330390;55644;1807;1886;2500;2420;2556;2464;2480;2414;2163;2233;1993;2301;82861
330400;5083;117;78;83;93;101;47;125;247;90;78;69;167;6378
330410;1139;30;15;21;21;33;31;28;18;20;17;19;93;1485
330420;19494;977;985;881;975;1022;779;966;835;718;947;885;878;30342
330430;6429;276;268;273;250;229;192;174;178;179;127;167;340;9082
330440;600;8;22;22;13;11;8;8;13;8;9;4;10;736
330450;423;3;1;5;5;2;3;1;10;3;6;1;18;481
330455;2157316;61885;60498;75210;69736;76634;74701;72509;76173;65309;67039;67891;75150;3000051
330460;636;3;5;4;5;4;0;14;4;4;1;3;1;684
330470;3760;187;114;124;85;115;94;97;133;77;83;110;92;5071
330480;2640;57;43;83;50;49;46;53;55;78;36;52;42;3284
330490;53027;1824;1977;2212;2261;2007;2135;3284;2410;2023;1938;1892;2151;79141
330500;3572;38;39;56;63;40;34;59;59;73;64;239;324;4660
330510;31742;1088;1243;1431;1289;1500;1329;1308;1444;1247;1354;1234;1406;47615
330520;5275;64;129;119;93;131;78;110;77;78;80;163;89;6486
330530;33;0;1;1;0;1;1;0;0;0;0;0;0;37
330540;1402;23;26;35;30;29;69;29;29;21;26;30;22;1771
330550;2175;42;62;73;60;62;95;59;65;82;58;79;145;3057
330560;1079;31;26;42;46;56;30;33;33;18;81;24;56;1555
330570;335;4;4;3;8;8;9;3;5;1;6;1;7;394
330580;18246;898;592;808;707;835;795;788;1012;772;691;694;698;27536
330590;560;17;10;9;8;5;3;4;1;4;10;2;76;709
330600;17364;535;590;837;550;569;490;660;778;601;515;530;615;24634
330610;8533;157;198;242;192;214;212;191;204;179;178;187;191;10878
330620;4455;134;248;280;132;153;137;321;219;271;191;122;142;6805
330630;64184;1840;2244;2360;2340;2132;2466;1871;2197;1830;1810;2065;1813;89152
350010;4624;251;157;157;135;110;279;217;161;158;129;173;326;6877
350020;214;2;6;3;2;6;6;6;1;2;6;0;3;257
350030;2741;192;171;113;130;96;121;129;82;120;81;122;98;4196
350040;697;57;18;24;25;19;17;29;16;22;31;31;14;1000
350050;2378;98;100;121;124;182;130;113;101;111;123;101;115;3797
350055;506;22;27;15;13;14;14;23;22;18;36;26;10;746
350060;605;9;16;20;25;32;43;25;32;23;18;15;20;883
350070;4464;103;102;146;162;165;170;1235;183;101;114;111;82;7138
350080;125;3;4;4;1;8;2;1;3;1;1;0;2;155
350090;241;3;2;9;7;7;4;10;10;4;19;6;4;326
350100;1579;57;28;61;55;51;49;35;43;58;53;38;44;2151
350110;164;4;6;1;1;1;3;0;1;0;4;2;3;190
350120;136;1;4;2;2;1;1;0;0;1;2;0;3;153
350130;928;50;35;34;19;35;33;43;33;21;44;38;55;1368
350140;122;2;3;1;9;9;2;2;5;4;5;7;1;172
350150;117;1;0;1;1;0;0;1;1;2;0;1;0;125
350160;56715;2028;2158;2612;2581;2573;2591;2700;2818;2487;2532;2674;2796;87265
350170;4572;214;252;339;551;436;304;289;263;267;1140;589;145;9361
350180;355;26;14;8;3;10;3;3;7;6;6;2;23;466
350190;14009;440;420;493;550;548;535;540;522;492;488;425;418;19880
350200;593;16;28;16;11;30;28;32;36;18;26;13;27;874
350210;7574;281;207;264;293;373;253;278;221;182;201;194;221;10542
350220;2118;96;76;53;63;93;116;103;148;98;75;96;62;3197
350230;347;9;27;15;16;21;45;9;15;40;8;24;17;593
350240;121;5;0;3;2;1;1;2;2;0;0;2;0;139
350250;4833;155;172;219;213;168;175;204;235;190;146;156;145;7011
350260;195;4;8;9;9;7;6;5;7;6;4;3;5;268
350270;2238;45;86;81;55;88;118;72;84;45;73;48;67;3100
350280;29885;1124;1190;1413;1181;1182;1500;1554;1657;1477;1735;3928;1360;49186
350290;1065;27;36;50;40;44;34;46;38;43;60;44;27;1554
350300;196;5;15;9;2;7;0;9;15;9;13;51;9;340
350310;467;12;13;9;16;13;9;11;12;12;13;13;10;610
350320;43399;1835;1952;2208;2572;2727;2798;3324;3074;2802;3496;3975;4234;78396
350330;25709;669;682;2643;838;1315;1069;1087;1253;1310;4289;1094;2111;44069
350340;297;5;9;4;12;9;10;8;8;3;5;6;9;385
350350;200;0;0;1;0;0;1;1;1;0;2;4;2;212
350360;364;8;11;19;44;31;33;38;37;25;22;28;8;668
350370;2122;86;109;218;229;1836;550;474;574;282;317;1492;3419;11708
350380;3969;109;115;110;106;115;135;137;164;105;156;216;117;5554
350390;7424;345;440;435;394;449;589;571;579;472;446;386;362;12892
350400;14441;634;618;869;597;690;753;701;644;623;690;1852;698;23810
350410;13041;630;620;736;581;615;621;594;650;551;500;500;587;20226
350420;1341;33;49;68;31;37;27;35;42;42;53;34;62;1854
350430;209;1;5;4;9;3;4;4;3;4;10;3;20;279
350440;1074;48;23;29;30;35;50;65;66;50;60;30;143;1703
350450;9932;365;408;437;390;395;407;430;465;463;474;385;401;14952
350460;367;20;12;12;12;18;16;18;13;24;20;23;10;565
350470;116;0;0;1;1;0;1;0;3;0;0;0;1;123
350480;318;3;36;3;3;5;1;11;15;15;10;7;8;435
350490;840;14;16;10;16;14;17;13;16;9;19;20;28;1032
350500;103;0;1;2;0;3;2;2;2;0;2;0;0;117
350510;337;10;12;14;8;15;10;10;8;8;12;12;10;466
350520;2475;72;79;71;51;116;121;93;78;64;73;213;58;3564
350530;9051;264;268;309;369;374;389;330;348;333;312;413;365;13125
350540;138;4;3;5;2;1;6;3;4;4;7;4;6;187
350550;15491;834;985;1254;1895;1454;849;2982;849;715;721;790;862;29681
350560;858;24;13;24;25;30;30;41;69;48;191;80;152;1585
350570;53551;1991;2253;2938;2993;2807;2797;2752;3321;2611;2749;2587;2452;85802
350580;4295;125;89;142;111;104;153;99;94;129;117;91;92;5641
350590;6294;125;241;188;249;301;320;286;267;294;355;227;228;9375
350600;57031;1882;1889;2268;2011;2275;2499;2306;2386;2019;2099;2034;2114;82813
350610;24382;497;714;5448;2875;596;903;4828;1054;1256;1161;1147;1919;46780
350620;393;7;0;4;3;11;37;65;78;49;38;43;571;1299
350630;981;14;27;26;29;48;69;51;49;23;30;25;43;1415
350640;525;13;17;18;8;8;10;7;15;18;35;13;31;718
350650;19074;642;1022;1153;915;967;868;1003;1095;1095;1123;1184;1245;31386
350660;590;21;13;17;16;18;12;11;14;13;9;17;21;772
350670;2096;110;105;123;154;192;142;98;99;125;108;60;115;3527
350680;1681;42;49;58;180;364;143;106;92;108;101;56;429;3409
350690;524;22;25;37;103;33;35;21;11;23;17;22;36;909
350700;4642;237;210;184;200;291;235;246;204;228;194;279;449;7599
350710;1252;55;49;57;73;79;59;64;45;52;49;49;35;1918
350720;141;22;7;10;28;58;20;7;11;43;3;5;5;360
350730;231;23;16;12;10;11;12;10;27;26;17;46;41;482
350740;718;26;18;27;62;27;26;20;25;21;42;12;20;1044
350750;22562;542;600;666;642;677;704;702;723;630;677;555;1114;30794
350760;18469;602;637;750;719;729;849;847;800;800;753;700;759;27414
350770;164;3;0;5;6;7;16;2;1;1;3;0;1;209
350780;1168;25;30;34;54;29;54;40;52;42;43;29;40;1640
350790;2124;115;75;70;80;77;71;106;112;115;97;54;81;3177
350800;1661;100;80;94;163;93;75;72;66;73;75;57;94;2703
350810;1018;36;45;36;48;43;37;36;42;39;47;37;54;1518
350820;105;3;4;5;5;1;3;5;5;1;3;3;0;143
350830;554;38;31;56;42;27;26;40;26;33;29;17;20;939
350840;4342;93;145;135;125;168;156;129;205;158;128;137;164;6085
350850;9030;317;390;512;600;433;450;451;503;433;943;360;556;14978
350860;2130;42;85;124;60;66;122;89;115;61;47;105;61;3107
350870;961;14;11;28;33;46;19;17;26;18;35;25;24;1257
350880;1553;34;66;26;40;40;47;39;30;27;41;27;37;2007
350890;369;3;5;11;7;13;15;27;25;48;28;31;465;1047
350900;8175;320;322;387;402;412;413;410;439;405;360;416;392;12853
350910;287;0;2;18;6;6;5;9;9;9;6;108;4;469
350920;26928;1871;1897;2151;2201;2210;2000;2043;2152;1960;1870;1719;1596;50598
350930;337;101;18;109;12;9;18;93;80;189;20;58;10;1054
350940;1947;39;72;97;110;169;164;176;122;124;147;214;258;3639
350950;246544;8949;10446;11130;11418;11987;12297;12218;12022;11486;11735;11804;12041;384077
350960;8018;359;309;181;151;326;332;214;259;199;176;238;226;10988
350970;6103;312;314;362;324;339;330;338;336;295;266;229;306;9854
350980;118;3;3;6;4;1;0;0;0;1;2;2;0;140
350990;683;16;59;47;27;19;23;21;19;21;22;20;21;998
351000;1995;87;35;75;76;72;66;71;84;55;52;62;59;2789
351010;234;15;7;26;1;20;5;13;31;16;48;44;100;560
351020;5670;197;180;198;158;172;172;190;210;163;185;124;146;7765
351030;1606;43;153;180;190;98;85;117;97;81;128;99;81;2958
351040;7165;298;276;343;438;575;482;461;483;472;538;957;1432;13920
351050;4716;280;232;281;224;221;256;249;277;245;235;239;263;7718
351060;12618;610;605;683;719;717;702;881;691;648;564;643;587;20668
351070;545;17;25;23;12;15;8;8;27;15;5;7;13;720
351080;2949;110;94;101;109;119;123;133;185;120;115;127;120;4405
351090;79;4;0;2;1;4;0;0;2;3;0;1;1;97
351100;1348;14;15;16;16;8;17;19;11;26;16;13;14;1533
351110;20099;749;698;807;859;1102;1021;1458;1074;923;1059;1417;1663;32929
351120;276;3;6;5;10;11;4;3;16;20;22;73;14;463
351130;358;3;6;6;7;7;7;7;22;9;6;10;9;457
351140;1105;31;39;41;59;52;54;41;32;54;42;48;57;1655
351150;4698;112;231;135;124;173;170;197;225;178;228;692;148;7311
351160;1001;24;31;39;65;79;104;86;99;51;45;83;659;2366
351170;732;47;31;52;46;24;34;37;22;24;34;19;36;1138
351190;507;5;52;55;9;22;44;68;60;48;23;683;46;1622
351200;2614;68;97;122;178;119;91;60;46;82;55;45;80;3657
351210;981;6;16;35;18;44;26;38;23;13;47;21;21;1289
351220;2606;308;830;352;246;246;330;1184;203;286;173;142;119;7025
351230;974;31;38;58;27;47;37;42;41;35;92;37;35;1494
351240;3715;170;125;142;167;207;177;173;261;175;179;144;151;5786
351250;656;20;26;34;42;38;29;41;39;29;16;11;22;1003
351260;193;4;5;0;1;0;2;1;8;0;4;0;3;221
351270;378;29;13;20;21;21;8;13;16;15;17;22;18;591
351280;6180;244;235;243;1052;262;279;457;363;318;227;1825;390;12075
351290;197;2;6;1;1;3;1;1;5;0;3;1;1;222
351300;29311;965;1130;1181;1494;1215;1829;1521;1625;1343;1245;1209;1320;45388
351310;2625;69;54;90;91;90;241;89;106;101;76;86;78;3796
351320;353;11;10;14;21;14;12;26;14;16;13;10;12;526
351330;716;10;14;17;16;16;27;18;22;18;18;24;20;936
351340;10793;353;333;283;323;364;375;250;345;323;281;253;309;14585
351350;45278;1754;1694;1980;1974;2145;2285;2015;3171;2298;2497;2072;2150;71313
351360;390;3;3;0;9;1;3;8;4;9;12;6;10;458
351370;5649;178;292;247;179;265;241;308;231;204;615;177;154;8740
351380;102953;3467;4631;4235;4411;5744;5345;5214;5640;5235;4961;4900;4838;161574
351390;668;15;34;38;19;25;31;22;13;10;14;5;16;910
351400;4353;110;350;66;719;130;189;344;535;370;1118;340;452;9076
351410;3282;71;80;78;84;105;128;248;183;121;90;629;66;5165
351420;138;1;2;1;0;1;1;1;3;1;0;1;3;153
351430;1118;60;88;115;84;144;151;101;59;92;67;150;45;2274
351440;5183;140;150;187;144;157;148;223;165;158;129;215;179;7178
351450;1470;35;24;33;32;36;25;29;43;26;37;31;28;1849
351460;648;6;20;21;34;42;26;38;49;28;42;21;15;990
351470;386;8;6;7;9;3;5;3;8;6;14;5;11;471
351480;563;26;30;22;22;15;17;25;12;16;13;13;16;790
351490;1662;83;61;112;124;61;88;95;124;126;127;217;120;3000
351500;52287;3420;3841;4264;4579;4805;5149;5604;6053;5230;5307;4791;4678;110008
351510;4503;204;275;248;194;243;254;296;325;229;256;268;324;7619
351518;7808;195;251;264;307;297;244;278;304;216;276;224;312;10976
351520;790;15;23;36;19;28;20;25;30;29;21;16;22;1074
351530;133;1;11;6;2;4;5;6;2;3;5;1;0;179
351540;922;18;26;38;29;17;27;20;26;28;34;25;20;1230
351550;7460;177;262;234;230;297;260;304;327;322;308;598;252;11031
351560;226;4;6;4;7;5;5;11;6;7;4;3;5;293
351570;10968;644;486;560;602;736;900;1235;836;828;914;933;1107;20749
351580;151;3;5;4;2;0;0;0;1;1;0;2;5;174
351590;194;9;7;4;5;7;4;3;2;7;1;2;7;252
351600;582;37;25;8;7;25;10;13;33;43;45;10;429;1267
351610;231;4;8;27;20;21;12;14;5;8;31;21;13;415
351620;52861;1650;2427;2758;2622;3150;3328;3080;3406;3335;3915;3723;4291;90546
351630;1867;71;94;115;97;102;140;119;102;107;90;98;99;3101
351640;5358;215;219;241;227;219;237;221;294;234;189;173;245;8072
351650;78;1;0;0;0;0;0;0;0;0;0;0;0;79
351660;1139;50;28;41;31;25;32;34;32;25;55;49;29;1570
351670;6469;169;227;243;238;318;228;230;230;440;235;199;189;9415
351680;164;16;3;3;4;5;0;2;1;2;1;4;1;206
351690;775;6;37;18;5;13;49;33;37;49;24;511;28;1585
351700;658;7;12;17;15;12;16;6;9;11;7;7;13;790
351710;228;3;4;10;7;16;20;7;7;4;11;4;1;322
351720;503;20;34;14;12;43;13;19;25;47;24;18;8;780
351730;285;3;9;10;12;15;15;6;14;52;122;11;62;616
351740;3806;81;89;129;213;220;243;246;187;147;310;485;123;6279
351750;1216;34;64;52;37;28;20;68;67;37;67;47;38;1775
351760;1165;28;20;19;30;20;28;37;34;20;30;38;44;1513
351770;964;21;20;24;20;127;35;23;37;23;52;52;26;1424
351780;772;25;34;38;45;83;27;27;41;28;21;22;33;1196
351790;507;13;13;22;41;130;17;27;43;39;16;137;14;1019
351800;153;7;6;1;0;3;1;0;1;0;0;1;4;177
351810;355;14;36;12;15;10;8;11;4;8;6;4;8;491
351820;3424;85;101;103;93;86;172;204;196;102;1204;73;174;6017
351830;1761;77;59;67;85;64;76;54;86;67;63;38;58;2555
351840;20930;762;691;616;623;605;634;644;606;557;542;503;636;28349
351850;417;20;9;30;13;12;8;17;8;8;6;9;6;563
351860;4840;121;156;188;1516;235;195;226;353;502;4305;269;96;13002
351870;26784;1191;1730;1831;1491;1501;1334;1343;1418;1238;1309;1327;1439;43936
351880;207940;7826;8033;9224;8779;9658;10673;11064;11279;9713;8929;9444;9969;322531
351890;104;3;2;2;1;1;0;1;0;1;0;0;3;118
351900;244;3;5;4;1;5;5;5;6;1;7;8;7;301
351910;481;9;7;28;18;22;26;10;11;12;10;10;18;662
351920;365;9;9;10;8;4;13;6;8;6;4;10;4;456
351930;4511;257;381;304;361;294;189;310;300;196;241;936;496;8776
351940;421;10;7;6;8;6;7;4;9;4;7;3;5;497
351950;663;37;47;54;59;48;105;99;77;71;89;347;80;1776
351960;3850;98;124;154;141;184;150;235;138;164;167;153;102;5660
351970;3048;70;71;114;107;129;116;109;118;86;106;71;87;4232
351980;474;25;24;28;13;25;25;15;21;29;20;25;31;755
351990;555;28;12;16;17;23;32;18;21;21;25;34;35;837
352000;5736;148;106;143;94;146;96;124;110;87;88;47;87;7012
352010;3579;201;181;262;303;276;157;220;188;238;486;1105;625;7821
352020;273;8;6;15;10;9;15;10;17;17;8;5;4;397
352030;1503;40;48;58;40;40;39;37;75;35;57;45;35;2052
352040;905;23;46;51;48;45;75;46;36;53;43;53;59;1483
352050;22076;758;906;778;965;1002;977;973;1026;805;817;841;725;32649
352060;439;13;24;11;9;10;7;10;12;14;9;14;10;582
352070;289;3;25;4;3;9;5;3;8;3;4;6;5;367
352080;186;2;0;2;4;1;1;1;0;0;2;0;2;201
352090;1798;132;189;67;102;64;152;183;117;99;87;96;289;3375
352100;1004;20;24;21;33;35;39;20;47;42;48;42;29;1404
352110;330;15;8;18;6;7;9;11;11;6;4;10;8;443
352120;135;3;2;5;4;1;2;1;2;2;4;0;2;163
352130;859;44;27;27;53;52;83;54;61;68;62;197;17;1604
352140;4969;95;87;154;100;258;155;138;130;138;170;739;387;7520
352150;176;2;4;1;4;1;0;2;1;1;2;2;0;196
352160;454;6;11;17;8;6;11;11;7;5;8;5;7;556
352170;1197;32;26;58;53;58;41;33;44;23;31;36;41;1673
352180;1119;34;37;28;49;22;47;37;59;26;36;33;67;1594
352190;1108;46;29;53;73;243;52;42;70;55;69;226;100;2166
352200;94;3;2;1;3;1;0;1;0;2;0;2;0;109
352210;5197;180;226;245;214;211;183;172;169;196;132;157;165;7447
352220;10874;436;410;489;515;645;526;614;624;468;418;474;368;16861
352230;18974;545;631;784;755;717;685;1665;837;766;750;780;631;28520
352240;10521;390;376;517;375;436;386;431;395;404;337;423;515;15506
352250;8201;493;411;1065;532;585;750;1316;1090;692;720;993;576;17424
352260;11088;314;325;414;1300;544;624;710;603;548;413;2180;992;20055
352270;7640;119;128;153;96;113;122;123;182;193;291;154;193;9507
352280;494;14;8;7;11;6;9;4;6;12;14;5;9;599
352290;1609;90;86;105;125;119;226;125;184;85;76;48;127;3005
352300;175;4;3;5;0;2;1;2;4;0;3;1;6;206
352310;20454;953;871;1056;1019;1307;1409;1414;1465;1356;1290;1160;1266;35020
352320;4044;243;231;244;243;213;191;228;216;266;235;209;196;6759
352330;692;36;37;29;32;21;12;28;25;22;34;27;16;1011
352340;15442;787;652;742;717;828;790;798;757;641;702;674;664;24194
352350;1602;99;102;113;104;138;88;164;148;100;101;105;111;2975
352360;1565;85;65;88;94;86;65;105;156;111;99;157;84;2760
352370;146;2;2;4;2;3;2;11;3;5;13;2;4;199
352380;370;11;5;5;10;14;26;8;3;9;15;6;8;490
352390;32862;1513;1462;1853;2285;2066;1926;1946;1971;1612;1684;1685;1586;54451
352400;2842;70;154;150;131;136;139;155;131;111;109;134;106;4368
352410;3311;92;88;80;105;263;178;194;87;103;78;121;72;4772
352420;309;4;12;10;5;2;2;4;6;4;9;8;11;386
352430;14178;388;389;495;2395;687;707;593;728;925;2321;1839;349;25994
352440;30509;1334;2260;1600;1487;1731;1840;1492;1629;1493;1230;1740;1373;49718
352450;169;14;1;6;2;4;3;2;1;3;7;2;6;220
352460;4617;292;236;291;211;312;245;243;195;328;151;193;233;7547
352470;6332;217;221;272;254;358;275;352;319;396;398;227;253;9874
352480;4595;132;152;145;131;210;289;159;136;164;135;165;178;6591
352490;449;39;35;33;16;31;34;13;21;21;19;19;28;758
352500;7848;309;282;409;382;391;417;456;434;347;332;309;398;12314
352510;2902;92;99;108;141;185;116;119;199;167;117;214;104;4563
352520;726;25;32;35;47;33;29;38;28;36;81;36;20;1166
352530;25673;1242;1320;1132;1113;1245;1246;1255;1453;1054;1634;1354;1144;40865
352540;123;0;2;1;1;2;1;7;10;0;3;1;2;153
352550;1231;46;68;56;55;54;56;64;67;50;51;43;59;1900
352560;83;4;1;2;0;3;3;0;2;2;1;0;5;106
352570;3133;69;112;125;109;102;116;147;175;180;376;102;236;4982
352580;273;13;5;10;10;8;16;4;5;3;5;6;4;362
352590;84567;3011;3178;4041;3696;4407;4216;4172;4560;4075;4286;4184;4405;132798
352600;1398;34;49;48;40;88;40;45;42;35;85;610;77;2591
352610;1412;84;90;160;204;88;179;151;108;89;55;45;82;2747
352620;967;38;23;37;56;23;44;28;27;29;31;23;32;1358
352630;237;21;2;0;2;1;1;0;2;3;0;0;3;272
352640;4144;157;171;206;185;295;210;197;214;217;196;207;191;6590
352650;309;9;6;10;4;9;18;4;4;4;5;2;2;386
352660;411;41;8;9;7;9;11;6;6;7;7;7;8;537
352670;10011;307;1220;556;677;581;518;443;430;390;2070;451;1255;18909
352680;14908;515;460;547;484;536;710;946;591;566;527;650;608;22048
352690;50475;1361;1759;1678;1677;2199;1950;1905;2093;1980;2105;1931;1699;72812
352700;855;38;54;67;61;41;54;36;40;41;13;25;21;1346
352710;10649;456;607;627;648;602;576;553;608;575;576;652;715;17844
352720;8951;408;389;374;400;478;506;419;600;496;400;386;492;14299
352730;3071;95;86;93;147;142;139;124;130;113;150;105;118;4513
352740;3743;103;119;144;93;127;112;116;139;116;123;154;209;5298
352750;108;0;3;5;5;0;14;3;16;8;0;2;2;166
352760;2109;147;79;103;101;439;165;103;135;223;49;590;56;4299
352770;102;1;1;0;2;1;3;1;1;1;0;1;1;115
352780;175;1;0;2;2;1;3;2;3;1;4;2;3;199
352790;135;3;9;5;2;3;4;0;0;1;2;0;1;165
352800;7272;259;305;344;255;314;288;385;316;338;199;210;603;11088
352810;248;8;16;7;4;7;12;4;7;9;8;3;7;340
352820;124;0;0;3;2;1;3;0;1;4;4;4;5;151
352830;323;0;2;8;5;14;16;5;10;6;9;5;13;416
352840;13143;207;305;274;336;328;307;399;391;288;182;383;266;16809
352850;6006;203;403;263;251;278;277;252;364;268;257;235;258;9315
352860;527;15;17;18;18;35;20;21;19;20;16;28;41;795
352870;317;3;9;6;6;4;10;3;6;10;5;7;9;395
352880;2220;138;114;153;133;191;235;130;106;114;123;570;91;4318
352890;107;1;5;2;1;1;0;1;0;0;0;1;1;120
352900;30695;1015;1057;1080;1108;1375;1267;1205;1182;1142;1348;1131;1217;44822
352910;81;0;0;6;2;1;0;0;0;0;0;1;0;91
352920;1350;77;42;34;41;47;117;98;38;42;71;52;18;2027
352930;21488;748;871;731;1069;927;1036;2218;722;847;832;1063;882;33434
352940;33885;968;1163;1102;1308;1576;1431;1442;1438;1217;1286;1302;1520;49638
352950;138;3;1;1;5;2;1;3;0;4;4;2;1;165
352960;139;0;2;0;2;1;2;1;1;0;5;12;1;166
352970;736;20;39;18;9;15;21;15;19;17;16;9;18;952
352980;740;71;81;96;52;67;52;85;73;86;111;211;135;1860
352990;1038;35;41;51;76;45;41;47;37;57;53;40;50;1611
353000;108;0;1;1;1;0;0;0;0;0;2;0;6;119
353010;2099;50;63;58;55;125;71;115;82;90;766;53;50;3677
353020;916;63;32;42;15;18;50;33;28;43;32;52;69;1393
353030;8469;236;326;353;348;372;385;339;453;316;326;660;563;13146
353040;102;1;7;4;1;4;1;2;3;0;2;3;2;132
353050;10293;311;318;316;391;407;409;346;389;467;555;284;259;14745
353060;48894;2027;2024;2086;2612;2731;2456;2467;3200;2314;2008;2070;2287;77176
353070;21660;662;682;704;703;638;630;729;854;889;801;738;1005;30695
353080;17671;553;555;605;533;726;623;624;781;535;490;569;484;24749
353090;207;13;6;3;5;7;5;12;7;5;4;10;7;291
353100;26;0;0;0;0;0;0;0;0;0;0;0;0;26
353110;1930;83;74;74;73;65;71;64;75;84;88;117;156;2954
353120;1090;20;19;14;21;14;26;24;33;34;33;14;19;1361
353130;7789;251;219;267;303;302;271;241;360;268;298;296;366;11231
353140;1830;71;115;65;114;104;112;131;117;137;87;584;71;3538
353150;2808;85;78;91;112;91;113;141;132;177;114;75;223;4240
353160;228;7;3;2;2;12;4;2;8;4;4;7;4;287
353170;221;1;4;2;5;5;2;4;5;2;3;4;3;261
353180;2699;141;139;138;174;135;126;135;150;175;134;66;194;4406
353190;2670;28;32;52;88;77;63;81;63;89;256;128;345;3972
353200;15077;551;435;641;598;676;827;758;692;820;659;560;554;22848
353210;242;5;2;1;7;3;1;1;1;0;3;0;3;269
353220;278;2;4;4;7;8;4;6;7;10;5;70;16;421
353230;173;1;1;0;4;1;2;3;2;2;1;1;4;195
353240;1596;82;45;98;106;101;125;183;134;103;100;100;108;2881
353250;507;7;10;9;14;23;17;9;13;25;15;25;13;687
353260;689;9;12;19;13;15;22;10;10;15;11;15;21;861
353270;106;2;11;1;1;3;2;1;6;6;4;0;3;146
353280;183;4;2;6;1;2;6;3;7;2;4;1;3;224
353290;1697;50;53;54;64;63;47;66;77;57;218;66;44;2556
353300;1403;20;20;39;45;17;27;26;55;64;59;61;157;1993
353310;154;13;46;6;10;4;3;3;2;0;3;1;1;246
353320;88;1;0;4;1;2;1;0;5;0;2;3;1;108
353330;74;0;4;1;6;1;0;1;3;1;0;1;17;109
353340;10197;286;391;422;448;495;442;469;483;395;363;465;365;15221
353350;2480;48;32;57;48;81;52;133;72;66;115;180;371;3735
353360;618;2;5;8;2;20;12;9;22;16;24;7;22;767
353370;180;5;4;5;2;9;7;5;10;3;7;2;3;242
353380;101;0;0;0;5;2;4;1;3;1;1;1;1;120
353390;6406;154;214;251;701;301;274;229;284;315;231;433;193;9986
353400;576;22;151;113;436;164;64;606;25;12;12;168;165;2514
353410;1368;12;8;21;34;45;97;191;109;123;756;41;490;3295
353420;1220;118;17;19;19;38;36;35;57;52;46;98;47;1802
353430;8540;341;324;483;794;712;414;361;372;658;375;1246;672;15292
353440;99955;5948;4931;4910;4805;4831;5100;5322;5070;4122;4288;4511;4682;158475
353450;208;0;1;8;5;2;4;4;2;1;2;1;4;242
353460;3661;112;126;141;126;160;204;108;135;119;104;384;197;5577
353470;13936;503;479;620;607;711;662;651;730;633;775;593;746;21646
353480;209;1;4;2;1;1;0;1;1;3;3;2;3;231
353490;785;38;38;43;29;32;21;75;20;39;24;24;26;1194
353500;410;5;9;16;17;11;11;16;9;18;7;13;10;552
353510;205;7;2;7;3;5;21;38;35;12;40;68;2;445
353520;441;10;21;5;8;8;16;7;4;5;7;6;6;544
353540;924;25;35;48;42;52;37;31;39;46;52;41;57;1429
353550;5666;258;310;280;258;269;350;298;302;255;277;382;317;9222
353560;584;12;14;24;13;14;21;15;17;25;13;14;21;787
353570;242;11;9;10;12;41;56;75;36;35;57;190;11;785
353580;1413;73;81;79;58;42;81;50;54;58;31;53;46;2119
353590;247;11;20;14;2;2;2;17;2;1;2;13;2;335
353600;888;22;41;109;27;21;16;20;22;22;20;17;16;1241
353610;579;20;18;20;24;27;25;21;27;29;23;22;21;856
353620;1006;35;56;41;59;72;60;55;34;45;32;42;53;1590
353630;880;19;36;41;29;53;37;38;35;40;40;47;71;1366
353640;311;4;0;1;6;12;4;10;5;10;8;3;11;385
353650;16956;469;386;548;588;617;605;572;770;571;536;565;579;23762
353660;334;18;4;9;8;10;56;9;7;7;9;11;11;493
353670;5013;239;192;218;190;215;247;201;231;271;243;265;294;7819
353680;166;1;1;2;1;2;4;1;2;2;0;0;1;183
353690;45;0;1;0;2;1;0;0;1;2;3;2;1;58
353700;1017;15;38;24;21;33;42;19;16;26;33;14;26;1324
353710;7594;240;245;324;326;319;359;338;380;276;267;250;338;11256
353720;333;5;9;5;5;9;8;5;7;10;13;6;4;419
353730;8068;338;272;342;379;252;279;381;316;292;260;280;379;11838
353740;5293;142;119;110;101;108;172;129;101;96;132;107;122;6732
353750;355;21;5;10;9;11;6;6;12;12;20;15;12;494
353760;2713;130;164;173;161;163;153;119;119;147;165;155;134;4496
353770;159;3;4;5;1;3;4;1;4;2;2;2;3;193
353780;9005;515;442;641;623;839;690;737;634;887;695;736;1050;17494
353790;29675;859;1177;1376;1495;1876;2098;1931;2045;1808;2010;1676;1506;49532
353800;18837;575;494;578;554;769;579;590;748;598;506;550;600;25978
353810;821;41;35;30;51;148;62;37;44;46;41;96;47;1499
353820;371;7;28;12;9;7;9;12;10;14;5;11;21;516
353830;156;1;0;0;2;3;1;3;4;4;1;2;5;182
353850;2255;30;26;44;39;42;62;44;36;47;65;39;32;2761
353860;2321;75;88;70;68;74;61;79;90;100;86;71;54;3237
353870;68724;2287;2344;2720;2775;2889;3334;3038;3410;3053;2717;4092;3121;104504
353880;3150;68;98;103;127;96;117;96;102;85;101;82;81;4306
353890;1880;120;62;77;160;110;98;72;91;63;123;85;68;3009
353900;778;30;32;33;36;40;39;26;34;27;37;40;36;1188
353910;1560;131;73;151;94;67;117;82;90;80;51;54;126;2676
353920;2857;118;118;110;130;144;132;126;110;82;93;112;119;4251
353930;13675;290;313;329;451;551;680;643;546;410;1583;1411;427;21309
353940;1128;32;34;66;55;86;36;33;59;59;84;53;57;1782
353950;3140;74;132;176;270;581;307;288;351;336;1462;1975;263;9355
353960;151;2;32;16;4;5;2;2;3;2;4;3;3;229
353970;192;4;10;4;1;5;3;8;5;3;3;11;10;259
353980;7736;386;382;424;420;469;397;407;472;332;389;319;285;12418
353990;352;22;2;4;12;12;13;19;14;12;15;13;43;533
354000;3066;86;85;74;51;64;71;65;70;60;64;83;184;4023
354010;158;11;7;4;6;4;4;2;2;0;4;1;3;206
354020;3311;96;124;166;250;238;317;404;296;449;601;2451;1748;10451
354030;329;25;8;7;18;6;43;2;5;2;9;6;8;468
354040;189;2;5;6;2;8;7;4;0;2;2;1;6;234
354050;236;2;6;7;12;8;9;7;9;12;9;4;7;328
354060;6393;221;246;183;199;233;228;275;282;261;317;452;373;9663
354070;9230;300;496;717;616;668;563;1800;1165;516;765;798;790;18424
354080;567;13;9;12;17;29;15;10;16;10;4;8;10;720
354090;8362;97;115;137;5086;159;103;99;108;72;5678;83;69;20168
354100;11505;514;744;699;596;574;609;636;637;611;615;520;715;18975
354110;904;57;103;66;42;47;43;52;48;73;22;15;25;1497
354120;1091;19;37;31;22;32;22;25;36;35;70;44;129;1593
354130;4378;123;173;215;217;290;181;178;204;220;273;130;162;6744
354140;34951;1409;1359;1710;1511;1644;1609;1562;1851;1550;1581;2086;1740;54563
354150;4824;231;156;164;303;266;258;403;334;414;247;1012;291;8903
354160;6275;236;180;362;207;259;262;365;348;343;313;266;1025;10441
354170;2536;77;66;102;96;80;63;226;81;65;41;120;64;3617
354180;85;0;0;1;0;1;0;3;1;0;0;0;2;93
354190;707;66;44;25;30;15;40;15;13;13;19;14;20;1021
354200;352;6;2;5;8;8;6;6;7;7;10;9;18;444
354210;2123;60;68;75;114;127;60;71;113;104;92;250;122;3379
354220;3694;103;139;154;165;181;390;201;119;97;146;113;197;5699
354230;175;2;1;0;2;2;1;6;2;0;0;0;4;195
354240;1462;56;64;67;63;56;56;76;98;67;78;520;53;2716
354250;395;6;7;11;10;9;12;4;10;8;7;17;12;508
354260;6282;223;246;327;296;320;315;295;290;228;213;225;264;9524
354270;156;4;4;10;5;9;4;8;3;8;8;4;18;241
354280;313;6;14;10;8;6;10;7;10;6;4;3;10;407
354290;1521;41;43;53;44;42;52;44;49;41;57;78;63;2128
354300;499;9;11;11;14;10;22;28;21;18;6;7;12;668
354310;123;6;10;6;2;4;6;3;2;4;4;4;12;186
354320;160;1;8;2;1;0;0;3;3;3;1;1;24;207
354330;17761;675;731;747;701;818;791;788;844;692;683;580;551;26362
354340;104055;4242;4502;5367;5143;5513;5416;5333;5459;5139;4889;4962;6837;166857
354350;93;4;2;1;3;3;3;0;3;0;1;2;0;115
354360;126;2;4;4;0;2;6;3;2;1;1;3;0;154
354370;1252;53;66;76;117;129;92;73;55;65;100;194;54;2326
354380;713;15;19;17;23;15;10;20;12;12;7;18;17;898
354390;29390;927;970;1227;1149;1209;1190;1201;1259;1294;1241;1244;1409;43710
354400;4888;157;126;148;229;226;209;317;331;226;284;618;277;8036
354410;2215;108;150;88;58;114;81;98;95;60;71;73;71;3282
354420;286;6;6;9;5;10;4;10;4;0;3;10;8;361
354430;654;20;30;33;21;24;21;19;21;19;26;16;18;922
354440;78;0;0;0;1;0;1;0;0;0;0;0;3;83
354450;140;15;3;0;0;0;1;0;0;3;2;0;2;166
354460;179;4;7;5;4;10;2;1;4;4;2;2;3;227
354470;90;2;1;0;0;0;0;2;0;0;1;0;1;97
354480;117;2;5;1;1;2;1;4;5;0;4;0;3;145
354490;808;10;16;14;18;28;26;27;18;26;26;88;20;1125
354500;1062;44;29;45;44;26;32;57;44;60;56;50;57;1606
354510;117;10;6;3;3;3;0;1;0;1;1;1;0;146
354520;18682;654;592;788;931;858;765;752;760;669;656;824;892;27823
354530;2685;123;93;91;90;109;117;135;106;71;76;72;133;3901
354540;522;17;10;9;7;40;17;12;22;14;21;12;19;722
354550;883;29;105;114;82;108;320;314;345;70;55;95;76;2596
354560;1446;37;43;141;126;191;123;132;135;132;92;256;209;3063
354570;236;6;6;7;8;4;4;5;4;10;3;4;5;302
354580;23276;769;861;1221;898;1064;1106;1070;1021;1258;824;1658;912;35938
354600;1605;48;41;36;66;41;54;60;74;46;51;67;39;2228
354610;93;1;0;1;0;0;0;1;0;1;2;1;2;102
354620;248;6;7;10;11;12;5;6;10;13;14;9;5;356
354630;1824;41;58;61;79;70;69;80;116;107;116;78;86;2785
354640;6868;351;304;442;331;356;428;451;441;536;482;527;978;12495
354650;185;3;6;6;3;3;6;4;1;2;7;2;3;231
354660;1846;69;47;71;38;46;49;69;50;49;35;49;49;2467
354670;4836;1138;124;688;709;219;237;2640;195;283;342;345;372;12128
354680;6147;143;216;267;265;255;303;391;342;277;293;276;326;9501
354690;731;21;49;61;64;80;49;31;60;45;42;148;6;1387
354700;171;3;7;12;3;6;5;5;4;5;1;6;5;233
354710;93;1;4;2;0;3;0;1;1;1;1;2;2;111
354720;111;2;18;5;8;3;3;3;2;0;2;3;0;160
354730;6998;311;382;521;366;368;394;398;419;396;358;523;723;12157
354740;138;3;21;0;0;3;2;1;0;0;2;0;2;172
354750;4321;156;241;221;1057;341;508;369;232;1854;231;147;179;9857
354760;4955;128;107;177;222;147;228;232;229;197;236;541;324;7723
354770;2021;51;96;72;75;158;168;69;74;41;50;234;74;3183
354780;146947;5573;6223;6967;6764;7345;7909;7460;7947;7207;7284;7497;7284;232407
354790;202;13;9;8;2;6;5;4;2;5;2;1;7;266
354800;1229;51;55;84;38;56;171;62;66;170;58;56;67;2163
354810;1093;82;77;78;141;68;55;41;68;60;51;61;56;1931
354820;234;4;1;3;4;9;9;6;2;0;2;1;5;280
354830;75;3;18;2;1;1;5;0;5;0;1;1;2;114
354840;179;1;2;2;3;0;4;2;1;2;1;0;4;201
354850;135175;5139;6602;6970;6533;7311;6823;6758;7120;6313;6296;6049;6789;213878
354860;665;14;21;20;13;26;15;16;20;18;12;9;23;872
354870;223596;6661;7717;7470;7336;8776;8845;8969;9626;8530;7202;7211;8972;320911
354880;74647;2755;2824;3331;3249;3733;3505;3431;3716;3180;3036;3256;2853;113516
354890;41836;1398;1583;1584;1447;1906;1908;1784;1764;1778;1751;1776;1609;62124
354900;102;1;5;6;1;1;1;3;2;4;1;1;1;129
354910;13803;529;779;605;606;689;738;706;629;551;842;1356;743;22576
354920;96;7;0;2;8;0;1;0;0;0;1;0;0;115
354930;109;0;0;1;0;0;0;1;0;1;1;0;1;114
354940;5921;141;200;232;873;374;240;243;239;197;245;1298;637;10840
354950;186;4;6;2;4;7;11;7;6;6;22;4;6;271
354960;123;2;0;0;1;2;2;4;0;0;1;0;1;136
354970;7438;205;294;277;268;288;253;244;249;231;315;265;225;10552
354980;60723;2638;2749;3624;2751;3335;3150;3383;3296;3113;2927;2872;3094;97655
354990;123262;4034;4950;4361;4123;5314;4895;4727;4723;4392;4765;4329;5066;178941
355000;470;38;13;12;26;43;14;6;13;11;5;16;15;682
355010;9031;206;274;304;366;2284;297;370;351;398;301;316;414;14912
355020;1887;64;107;90;106;92;71;89;54;53;58;56;109;2836
355030;3795576;126503;139154;167381;154063;169242;172533;165023;176540;158220;154249;147809;158153;5684446
355040;2016;121;122;87;86;76;109;88;98;114;107;153;107;3284
355050;419;19;16;16;13;15;28;19;14;6;11;11;13;600
355060;12587;488;477;623;532;525;530;499;594;561;505;498;543;18962
355070;4546;154;205;279;215;218;247;302;197;161;193;134;214;7065
355080;1003;34;59;34;44;38;46;20;24;24;17;22;35;1400
355090;1971;101;67;83;102;88;91;89;110;102;79;64;67;3014
355100;21258;1183;1170;1280;1183;1161;1171;1316;1362;1154;1189;1058;1304;35789
355110;421;12;20;12;16;12;13;16;20;11;15;5;11;584
355120;136;0;2;0;0;0;0;2;1;0;0;1;1;143
355130;146;8;12;18;9;10;6;12;2;7;5;7;3;245
355140;379;33;49;53;51;31;29;20;53;22;11;27;22;780
355150;5853;160;236;596;268;386;282;401;290;670;476;955;253;10826
355160;3072;126;137;155;153;176;146;138;149;116;216;129;128;4841
355170;22347;673;739;862;1126;1091;1258;1120;1014;1150;3054;5524;974;40932
355180;680;21;30;29;22;17;19;15;10;27;19;10;15;914
355190;2641;146;487;407;1487;273;505;3068;610;601;808;1072;1046;13151
355200;227;1;1;2;1;3;1;0;3;1;3;2;0;245
355210;3391;137;152;182;177;177;228;197;185;196;168;147;199;5536
355220;95734;3710;3611;4214;4126;4357;4277;4392;4422;4242;3845;3987;4419;145336
355230;1155;23;154;22;38;36;42;42;24;45;121;42;56;1800
355240;28543;860;819;1309;896;940;1066;989;1021;838;888;952;825;39946
355250;31142;1180;1267;1721;1324;1443;1530;1497;1552;1290;1285;1120;1182;47533
355260;1164;30;44;37;44;77;52;47;54;31;29;36;45;1690
355270;667;27;25;22;17;31;32;21;33;28;25;20;39;987
355280;41091;3225;2962;3259;3438;3807;3638;3399;3188;3503;2752;3360;2546;80168
355290;65;2;1;3;1;0;2;2;1;3;2;20;2;104
355300;426;7;5;4;10;8;8;37;3;9;4;11;5;537
355310;308;2;3;4;7;25;17;7;14;47;6;5;5;450
355320;558;27;31;11;25;38;36;31;23;22;14;22;24;862
355330;4046;142;174;157;209;182;203;158;186;155;128;166;194;6100
355340;2197;62;53;105;89;54;114;67;72;95;55;72;125;3160
355350;381;9;23;22;14;11;17;15;16;9;8;8;19;552
355360;4480;195;247;286;234;283;226;246;336;181;214;1564;148;8640
355370;5955;213;302;398;506;339;436;1097;354;481;346;320;307;11054
355380;1192;34;61;27;42;38;50;45;38;28;51;24;29;1659
355390;298;17;10;9;23;31;20;59;7;12;9;22;12;529
355400;12294;529;460;546;521;534;575;539;579;468;458;489;505;18497
355410;38544;1408;1214;1351;1351;1644;1246;1445;1476;1324;1488;1671;1833;55995
355420;93;0;15;34;0;0;1;5;6;3;1;3;2;163
355430;7781;220;347;606;346;318;416;352;314;313;255;389;291;11948
355440;374;12;26;19;14;14;28;14;9;6;6;4;7;533
355450;5982;225;237;356;400;368;292;323;332;322;300;425;384;9946
355460;99;4;1;0;1;2;0;0;2;1;2;2;1;115
355470;670;30;27;34;25;29;38;26;16;53;38;19;29;1034
355480;1766;36;51;59;66;60;49;46;77;47;45;65;106;2473
355490;291;4;8;6;6;11;3;11;7;3;3;4;6;363
355500;9270;359;329;314;339;351;314;315;334;598;327;419;340;13609
355510;1296;24;29;37;36;44;63;35;38;37;25;29;26;1719
355520;187;3;1;0;3;4;1;2;6;2;1;1;11;222
355530;170;0;1;6;3;3;2;2;6;2;3;80;1;279
355540;4819;259;290;318;262;269;377;265;289;214;199;216;313;8090
355550;131;9;0;2;5;2;6;5;4;1;8;1;3;177
355560;550;8;2;2;8;13;9;11;15;14;19;2;7;660
355570;142;9;1;5;5;3;0;2;2;2;0;1;2;174
355580;568;11;2;4;5;8;46;10;8;16;16;36;6;736
355590;103;1;3;1;0;0;0;1;0;1;0;0;1;111
355600;623;7;20;23;22;15;13;13;17;21;9;16;14;813
355610;256;3;17;8;10;6;8;13;20;7;15;13;7;383
355620;20493;676;702;859;776;971;848;870;780;711;684;769;844;29983
355630;1762;43;30;53;82;142;300;328;286;118;1161;535;419;5259
355640;2996;74;82;107;114;112;83;93;91;77;104;99;102;4134
355645;2653;132;103;137;106;136;187;144;154;115;123;182;136;4308
355650;7962;329;190;326;233;351;403;340;336;257;239;352;310;11628
355660;881;6;20;24;39;37;22;11;33;26;18;30;31;1178
355670;10111;384;317;382;393;484;493;482;474;382;452;385;421;15160
355680;879;23;35;20;27;20;18;19;29;35;37;99;31;1272
355690;465;7;20;17;18;16;13;44;25;21;19;71;15;751
355700;10745;561;563;443;415;537;680;471;436;364;292;380;292;16179
355710;9820;569;427;521;435;404;433;393;556;491;554;573;528;15704
355720;2076;89;63;132;113;73;92;63;65;65;67;113;141;3152
359999;1807;75;77;53;71;51;63;76;60;61;59;115;103;2671
410010;390;10;9;13;20;14;7;10;18;30;9;13;9;552
410020;496;17;11;31;16;9;19;15;48;14;12;10;21;719
410030;185;3;2;9;6;3;1;2;3;3;3;2;1;223
410040;3286;168;166;257;263;312;326;243;277;340;347;293;228;6506
410045;211;2;6;2;5;6;5;6;1;4;6;0;60;314
410050;1118;27;27;39;27;16;14;30;22;18;16;20;36;1410
410060;591;17;24;18;6;7;14;12;17;25;21;22;26;800
410070;775;25;39;31;17;19;15;12;17;6;7;17;52;1032
410080;1026;11;14;32;16;14;14;8;12;12;19;8;46;1232
410090;199;3;2;3;0;3;1;0;0;2;2;2;3;220
410100;705;14;28;24;25;25;23;14;26;20;15;23;44;986
410110;2477;87;145;106;152;135;120;207;124;126;102;145;167;4093
410120;1158;20;18;34;32;30;30;31;37;46;27;36;128;1627
410130;225;3;4;4;6;9;4;2;0;3;4;1;18;283
410140;18051;651;787;922;781;786;797;864;822;701;826;756;842;27586
410150;11827;669;485;779;524;522;572;571;595;517;497;544;531;18633
410160;2652;381;24;30;45;65;47;56;123;69;96;82;128;3798
410170;942;27;31;31;23;27;23;28;26;28;17;19;14;1236
410180;12750;400;481;507;540;573;555;733;1185;658;558;431;619;19990
410190;2187;82;69;127;100;82;238;230;78;96;81;60;124;3554
410200;3515;160;162;154;142;145;270;118;132;103;95;112;101;5209
410210;2562;69;93;106;112;98;82;122;141;92;326;208;98;4109
410220;218;9;23;7;0;8;2;2;3;4;25;3;1;305
410230;726;26;21;27;22;43;48;18;27;22;19;19;12;1030
410240;7730;136;223;210;217;224;689;440;390;374;364;443;425;11865
410250;790;20;52;46;20;23;14;22;26;20;11;21;29;1094
410260;555;15;15;20;15;10;9;12;14;23;14;11;18;731
410270;157;3;1;1;2;12;12;3;0;2;0;8;1;202
410280;1188;20;32;48;24;30;21;14;25;34;41;40;113;1630
410290;1243;69;52;46;51;79;58;59;61;89;114;84;89;2094
410300;333;7;18;22;6;15;3;15;6;6;5;2;5;443
410305;86;5;3;4;4;2;2;3;6;5;2;2;3;127
410310;438;10;9;11;12;15;14;8;7;8;6;6;35;579
410320;458;11;1;7;1;8;27;8;8;5;7;2;13;556
410330;517;15;7;17;18;19;23;17;38;14;11;9;66;771
410335;92;3;4;4;2;6;3;4;6;2;4;5;1;136
410340;112;2;1;0;3;2;0;1;1;0;4;0;1;127
410345;1192;27;39;32;30;32;31;29;32;15;13;25;16;1513
410350;456;14;28;14;18;17;18;11;11;10;25;18;13;653
410360;2995;107;109;113;117;96;139;214;132;172;138;72;86;4490
410370;7293;205;229;275;357;251;236;319;351;267;240;230;254;10507
410380;374;7;11;18;21;11;10;13;14;6;5;10;14;514
410390;1047;74;159;79;80;152;234;113;58;17;26;34;43;2116
410400;6246;319;346;361;336;347;388;380;375;310;366;438;325;10537
410410;228;17;12;6;29;10;2;10;4;12;29;7;37;403
410420;13660;316;398;424;383;452;454;513;457;399;431;380;359;18626
410430;14040;590;776;734;719;749;841;744;1412;632;526;580;658;23001
410440;324;12;7;3;14;4;7;5;16;7;12;8;49;468
410445;356;10;18;8;25;20;16;29;17;22;15;10;22;568
410450;1187;62;129;58;43;62;78;39;32;35;31;53;88;1897
410460;771;29;30;15;12;12;22;21;18;20;12;13;94;1069
410470;578;63;45;32;13;11;16;13;17;10;15;11;115;939
410480;34476;1733;1754;2137;1973;1927;2019;1827;1819;1719;1855;1689;1907;56835
410490;11288;558;475;468;461;494;394;381;400;357;356;311;370;16313
410500;1318;48;85;107;61;53;73;44;37;20;31;30;51;1958
410510;732;21;36;30;18;92;27;28;30;20;16;15;92;1157
410520;854;14;20;26;48;35;14;25;27;22;18;30;47;1180
410530;958;36;26;47;50;37;37;37;23;25;25;30;108;1439
410540;1252;53;76;69;46;29;64;48;68;78;49;45;80;1957
410550;8015;226;198;306;228;309;366;299;240;294;261;230;297;11269
410560;579;11;77;18;12;17;16;26;26;20;15;17;114;948
410570;2133;99;107;93;76;107;101;91;96;71;79;78;81;3212
410580;19381;541;536;609;507;573;604;578;518;575;575;566;583;26146
410590;2213;48;50;54;79;85;267;307;261;224;316;2223;87;6214
410600;358;6;17;7;8;6;6;2;3;4;3;3;9;432
410610;153;1;1;1;7;1;0;1;0;2;4;0;2;173
410620;888;30;66;51;39;46;22;49;28;53;36;26;24;1358
410630;1588;44;51;54;53;70;51;72;60;45;51;87;123;2349
410640;10178;270;312;391;323;356;309;357;410;316;345;279;289;14135
410650;1558;55;55;67;40;93;53;64;75;80;70;77;138;2425
410660;1280;38;60;48;35;26;24;35;37;27;19;40;145;1814
410670;163;5;0;12;2;4;2;3;2;1;1;1;2;198
410680;732;30;33;28;26;15;37;23;30;12;19;18;36;1039
410690;518697;19146;20821;24274;22925;21944;22636;23015;22282;20209;19995;19637;22981;778562
410700;982;40;46;73;37;32;13;29;64;31;139;111;46;1643
410710;550;28;24;15;15;27;13;10;1;16;8;15;61;783
410720;4304;112;123;116;102;133;146;164;148;96;120;87;134;5785
410725;266;5;13;9;7;10;2;5;7;6;5;1;46;382
410730;481;9;17;4;11;26;6;15;11;9;24;16;7;636
410740;258;6;30;15;8;9;8;12;15;5;2;6;81;455
410750;2178;45;79;63;28;46;48;110;80;127;85;106;155;3150
410760;1341;41;32;58;53;70;69;57;37;61;57;55;47;1978
410770;283;2;8;10;2;1;4;3;4;7;2;1;3;330
410775;418;14;19;19;20;12;17;13;9;12;12;10;9;584
410780;380;11;8;7;6;15;10;4;2;3;4;9;5;464
410790;237;7;3;6;3;10;4;3;6;9;7;8;15;318
410800;598;7;9;10;9;6;15;7;11;9;4;82;24;791
410810;107;3;1;1;0;1;2;0;2;0;2;0;3;122
410820;596;25;14;23;12;17;25;19;14;16;14;7;91;873
410830;33965;2458;1880;2121;1889;2691;2313;2090;2307;2048;1979;2155;3496;61392
410832;317;7;5;6;6;2;4;3;2;6;3;4;2;367
410840;8968;355;395;414;513;555;421;370;454;321;335;358;359;13818
410850;1910;135;96;120;88;120;86;81;127;133;70;100;66;3132
410860;3966;94;116;136;146;229;474;161;120;129;117;84;124;5896
410870;394;120;12;24;19;10;13;13;21;17;11;9;95;758
410880;2685;98;182;132;233;85;202;108;91;76;88;103;205;4288
410890;279;7;3;3;8;0;2;3;4;3;3;2;10;327
410900;288;8;3;7;3;9;5;4;8;4;6;5;8;358
410910;69;3;9;12;2;5;2;1;3;5;0;0;2;113
410920;260;13;11;3;8;7;8;9;5;1;1;3;2;331
410930;1320;39;49;40;65;59;52;51;37;37;42;54;176;2021
410940;25016;866;1049;1380;1307;1381;1096;1184;1215;1025;1127;1115;1141;38902
410950;361;4;3;8;5;2;10;7;4;4;5;5;9;427
410960;1262;59;203;105;56;59;55;53;34;38;52;41;45;2062
410970;2173;157;92;75;176;73;60;64;58;61;77;74;78;3218
410980;3320;139;134;146;348;182;158;156;175;143;113;132;152;5298
410990;786;37;183;95;70;51;26;33;15;28;10;11;10;1355
411000;252;6;10;8;3;5;2;3;13;8;2;5;11;328
411010;1532;40;60;49;45;59;44;59;51;69;29;40;80;2157
411020;887;20;27;24;16;22;25;29;25;22;31;33;29;1190
411030;134;3;1;0;0;1;1;0;0;2;0;0;1;143
411040;331;10;21;22;35;12;6;4;13;5;8;4;7;478
411050;288;6;19;7;7;6;5;8;1;5;3;2;7;364
411060;1042;56;66;64;29;33;49;33;29;28;15;27;21;1492
411070;5668;288;197;240;196;203;188;222;246;208;213;206;252;8327
411080;581;9;11;14;19;22;12;9;15;23;12;9;18;754
411090;157;3;7;15;11;20;14;11;12;4;2;1;30;287
411100;324;14;12;7;4;13;10;9;4;3;8;8;6;422
411110;350;13;4;11;10;14;5;7;7;9;6;34;4;474
411120;403;54;27;8;10;9;9;17;6;8;10;11;7;579
411130;168;0;4;1;6;3;1;0;1;2;4;4;1;195
411140;425;14;8;13;5;7;7;3;9;5;11;7;61;575
411150;3120;169;205;233;245;245;208;278;239;130;130;96;262;5560
411160;183;8;5;3;6;1;7;9;4;1;1;6;7;241
411170;144;2;1;0;1;3;0;3;1;0;0;0;0;155
411180;9122;353;199;271;282;282;344;357;298;374;288;263;484;12917
411190;833;17;15;31;12;17;10;10;17;14;32;12;13;1033
411200;3452;77;86;99;120;103;280;149;212;126;110;147;550;5511
411210;2667;63;120;107;89;87;106;86;86;110;97;93;212;3923
411220;376;12;19;24;16;24;89;15;8;6;9;4;6;608
411230;183;10;5;9;1;3;3;3;2;1;1;1;3;225
411240;514;15;26;15;12;11;9;16;5;13;17;9;16;678
411250;733;39;22;20;12;26;34;33;34;24;26;70;20;1093
411260;64;0;1;0;2;0;2;0;1;0;0;0;1;71
411270;1006;29;17;39;45;75;86;157;37;22;36;26;32;1607
411275;539;9;7;6;13;6;12;18;13;5;4;9;19;660
411280;561;19;20;16;19;13;11;14;8;13;17;17;14;742
411290;287;11;12;14;16;20;3;8;3;0;3;1;10;388
411295;277;8;6;6;5;5;3;6;7;8;4;9;7;351
411300;1698;83;138;91;100;37;80;84;84;106;97;109;125;2832
411310;316;8;8;11;21;5;8;5;15;6;4;3;31;441
411320;4703;155;197;158;143;167;132;152;156;115;155;131;151;6515
411330;2724;142;121;119;108;116;113;118;106;125;115;123;285;4315
411340;321;9;11;16;7;16;12;4;6;1;4;3;4;414
411350;1427;43;43;44;40;31;47;30;23;31;52;35;36;1882
411360;218;9;4;3;1;1;3;4;1;2;2;9;2;259
411370;90562;4007;4363;5098;5008;4927;5422;4943;4993;4360;4602;4381;4964;147630
411375;111;0;0;0;8;1;15;1;1;5;1;2;6;151
411380;182;1;4;1;4;9;4;5;4;8;34;3;6;265
411390;960;28;21;49;26;20;18;17;21;24;24;20;49;1277
411400;1338;46;53;118;51;62;56;42;41;46;37;31;55;1976
411410;591;30;28;19;14;12;18;31;18;23;17;16;13;830
411420;5477;180;308;293;229;237;234;236;316;251;296;290;190;8537
411430;1774;83;62;101;90;79;63;78;81;89;84;269;77;2930
411440;1319;112;53;76;73;44;69;49;100;42;61;22;31;2051
411450;597;64;107;114;19;18;12;62;67;118;21;13;62;1274
411460;6140;245;255;301;208;356;290;268;254;223;214;227;192;9173
411470;360;37;8;13;13;9;8;9;11;7;3;8;50;536
411480;2565;86;80;67;92;115;66;84;96;68;73;98;110;3600
411490;966;43;59;62;27;39;30;37;48;42;38;34;127;1552
411500;186;15;6;6;2;5;2;4;5;3;4;4;5;247
411510;487;18;20;10;14;53;15;20;10;2;10;29;11;699
411520;62427;2641;3351;3566;3567;3357;3575;3689;3593;3425;3449;3136;3812;103588
411530;527;23;16;11;14;13;15;13;17;16;15;12;21;713
411540;821;36;35;35;31;39;36;30;33;28;28;33;25;1210
411550;304;6;8;10;9;4;5;11;8;5;4;4;6;384
411560;1042;31;68;41;41;43;54;33;27;31;39;32;117;1599
411570;1158;80;105;72;56;35;40;42;29;36;42;48;133;1876
411580;5724;278;404;315;275;278;294;195;249;205;248;207;349;9021
411590;145;1;0;0;3;1;4;3;2;2;1;1;2;165
411600;330;7;17;11;3;9;4;6;2;7;11;4;6;417
411605;554;12;25;30;16;24;11;18;22;19;13;8;89;841
411610;1229;20;32;38;31;17;32;22;48;21;21;26;51;1588
411620;921;24;68;59;34;34;37;28;37;20;52;12;74;1400
411630;232;5;7;5;3;3;3;2;2;0;2;3;10;277
411640;139;5;2;1;1;1;0;3;1;3;0;1;0;157
411650;33;0;0;0;0;1;0;0;0;1;0;0;0;35
411660;191;37;10;5;2;2;10;11;5;1;1;2;57;334
411670;900;30;63;29;18;21;21;14;20;25;20;22;10;1193
411680;447;72;18;11;9;8;10;28;16;7;4;5;10;645
411690;2591;98;91;98;90;100;85;70;85;93;118;84;89;3692
411700;761;17;11;24;28;17;15;25;13;22;13;20;18;984
411710;1312;46;45;42;49;60;41;49;82;64;42;48;50;1930
411720;192;5;0;3;3;2;4;8;2;8;3;5;14;249
411722;375;21;14;14;13;16;12;8;21;11;15;14;12;546
411725;364;23;21;14;10;14;17;13;6;8;13;10;56;569
411730;670;30;24;33;29;38;43;17;16;16;13;10;187;1126
411740;152;2;9;7;6;1;1;3;1;0;1;2;1;186
411750;1025;74;63;81;31;47;49;48;62;61;43;25;35;1644
411760;4169;199;217;275;221;216;210;196;194;208;233;197;299;6834
411770;4005;165;190;170;120;123;125;104;123;123;135;110;137;5630
411790;4234;137;145;181;164;160;178;146;146;128;158;161;156;6094
411800;582;14;25;17;35;73;24;22;22;22;10;19;30;895
411810;544;13;8;12;4;12;14;10;15;15;21;10;20;698
411820;18275;731;793;928;760;877;774;713;1029;776;603;571;834;27664
411830;200;2;5;1;3;2;1;1;2;1;4;2;0;224
411840;8614;276;289;351;378;344;373;339;373;338;382;338;301;12696
411850;8706;376;532;454;478;508;501;448;490;447;388;430;454;14212
411860;223;13;12;9;5;9;9;8;9;10;8;2;18;335
411870;248;8;15;15;7;5;6;7;2;4;4;4;6;331
411880;905;29;32;25;32;18;27;26;19;17;3;22;21;1176
411890;668;22;42;26;15;18;18;7;17;12;13;15;77;950
411900;452;9;17;15;17;19;20;8;14;13;13;13;52;662
411910;516;19;44;20;24;12;26;18;22;21;21;11;15;769
411920;239;5;6;3;3;3;1;6;6;6;6;4;8;296
411930;1225;71;55;47;57;65;56;75;82;60;53;54;271;2171
411940;1837;46;39;47;55;28;53;67;39;38;27;27;145;2448
411950;11779;733;881;793;647;693;665;731;833;707;701;568;659;20390
411960;2685;93;134;64;105;72;56;73;89;179;68;73;67;3758
411970;158;2;5;4;1;2;0;4;3;1;3;2;2;187
411980;491;33;31;34;20;17;15;11;24;17;13;10;32;748
411990;40079;1422;1580;1948;1780;1899;1835;1896;2074;1771;1744;1682;2074;61784
412000;4768;153;161;161;123;138;181;176;173;166;262;439;158;7059
412010;859;47;34;61;58;44;63;46;30;34;24;35;27;1362
412020;131;5;6;1;4;0;3;0;5;3;0;4;3;165
412030;470;21;19;20;34;32;30;24;11;19;20;28;20;748
412035;311;12;18;12;19;15;18;14;13;6;10;13;59;520
412040;220;8;6;8;5;12;10;4;6;10;3;5;8;305
412050;785;12;28;26;23;24;13;28;14;13;14;13;91;1084
412060;2081;66;93;67;62;62;45;55;44;48;65;46;204;2938
412070;399;28;13;7;10;6;10;3;12;6;12;6;11;523
412080;6789;485;448;618;708;974;933;889;783;575;1369;725;968;16264
412090;3711;158;202;174;124;148;223;163;172;250;174;145;246;5890
412100;353;6;12;20;17;28;15;6;40;10;5;3;10;525
412110;360;6;10;13;9;8;7;6;18;13;8;13;19;490
412120;470;15;15;9;9;10;10;10;4;16;7;7;15;597
412130;225;4;11;4;5;5;4;2;3;1;7;6;0;277
412140;1536;75;102;78;82;99;60;64;68;59;64;58;71;2416
412150;527;31;10;19;17;12;11;17;14;11;6;12;17;704
412160;302;19;13;14;7;12;10;15;5;14;9;8;23;451
412170;594;13;30;9;19;19;36;13;16;10;19;4;18;800
412180;823;20;29;14;16;20;23;24;29;17;22;22;41;1100
412190;1382;25;36;58;37;37;45;18;35;27;24;36;70;1830
412200;425;6;19;8;6;17;18;14;8;4;16;6;43;590
412210;223;1;3;6;0;3;6;7;7;8;0;0;0;264
412220;3271;98;125;147;140;165;90;152;127;98;93;78;158;4742
412230;4661;209;197;261;238;432;869;298;207;222;176;215;225;8210
412240;7446;248;226;332;253;235;298;263;269;232;367;291;323;10783
412250;693;92;36;16;16;20;39;22;24;16;10;15;15;1014
412260;412;5;11;5;7;16;7;6;16;3;10;7;2;507
412270;237;8;8;11;3;2;5;6;7;10;10;1;7;315
412280;291;16;23;3;8;11;9;5;3;3;2;5;10;389
412290;135;4;5;6;2;5;3;0;0;2;0;0;0;162
412300;499;17;26;42;20;25;20;17;15;16;21;16;26;760
412310;275;2;7;6;13;8;36;6;3;2;6;3;2;369
412320;347;5;9;2;9;15;5;45;4;0;2;1;1;445
412330;422;28;21;10;4;10;12;4;7;5;9;8;8;548
412340;478;6;12;21;11;10;15;8;32;5;7;12;8;625
412350;1010;55;58;55;35;40;36;33;33;31;17;22;20;1445
412360;116;3;5;6;6;4;2;4;4;0;1;1;1;153
412370;552;8;20;17;20;11;19;10;16;15;6;2;10;706
412380;511;18;23;16;13;25;25;12;13;5;8;17;66;752
412390;1240;42;46;34;38;36;22;28;34;39;37;38;32;1666
412400;404;6;27;59;22;22;36;21;18;13;23;27;27;705
412405;586;31;33;25;27;23;17;27;28;34;24;24;19;898
412410;4495;197;281;268;271;193;167;222;245;187;155;163;610;7454
412420;170;1;1;0;2;3;1;0;0;1;3;2;2;186
412430;154;1;5;9;6;1;4;0;1;5;2;0;1;189
412440;1007;31;42;84;55;37;31;41;35;41;28;31;95;1558
412450;282;8;6;7;20;29;5;10;10;1;2;2;5;387
412460;381;5;7;4;3;6;5;2;6;10;6;2;121;558
412470;442;41;24;12;5;9;7;13;7;3;2;3;4;572
412480;925;24;30;26;36;37;47;28;27;32;25;28;23;1288
412490;230;5;4;4;5;5;5;2;3;5;0;8;2;278
412500;1069;24;40;27;28;33;29;19;43;23;37;24;18;1414
412510;434;20;11;14;9;11;18;13;30;19;11;8;7;605
412520;374;14;13;16;10;15;13;14;10;9;6;5;5;504
412530;416;8;13;15;7;15;9;3;5;2;18;8;11;530
412535;90;4;3;7;1;6;6;2;3;2;2;5;6;137
412540;229;3;12;7;2;3;4;7;3;12;20;12;10;324
412545;51;2;1;0;3;3;0;2;3;2;1;0;3;71
412550;19366;888;1164;1131;999;1269;1235;1316;1334;1131;1171;1332;1657;33993
412560;3069;101;121;102;81;193;142;151;202;175;267;219;170;4993
412570;1637;73;97;94;94;87;73;77;63;61;52;128;190;2726
412580;1160;30;34;23;27;46;22;21;22;32;30;28;36;1511
412590;122;5;7;2;3;1;1;2;2;0;3;0;0;148
412600;397;3;15;1;8;11;2;6;10;10;3;3;7;476
412610;741;46;56;52;52;39;27;23;40;31;27;36;95;1265
412620;209;5;3;10;10;8;4;1;2;2;2;3;9;268
412625;2503;122;109;121;117;129;126;131;122;113;123;113;132;3961
412630;1735;75;89;88;79;65;70;78;63;72;71;65;59;2609
412640;659;3;25;23;11;31;15;21;18;19;53;40;25;943
412650;1183;67;34;51;52;35;34;36;37;33;50;31;50;1693
412660;715;11;14;25;14;22;31;19;13;16;26;13;9;928
412670;175;4;1;8;1;4;3;1;2;5;1;3;5;213
412680;1280;58;102;28;27;25;34;27;42;43;43;120;85;1914
412690;297;2;2;7;5;4;1;5;1;4;8;1;6;343
412700;712;17;28;18;7;32;15;21;16;19;21;20;49;975
412710;12217;293;315;395;380;343;489;385;3887;462;357;278;392;20193
412720;1994;36;55;58;51;54;61;57;45;71;52;70;64;2668
412730;715;27;20;28;12;22;18;10;9;18;28;12;36;955
412740;1372;94;62;80;77;63;116;45;50;71;32;43;69;2174
412750;1203;19;21;38;44;35;37;36;32;30;24;60;34;1613
412760;408;15;18;4;8;14;14;12;12;12;8;16;14;555
412770;15736;432;519;566;530;588;579;466;478;461;519;579;633;22086
412780;390;18;18;5;8;14;12;13;3;7;11;3;7;509
412785;409;22;24;6;10;9;8;5;9;9;9;9;1;530
412790;490;18;6;7;10;9;7;6;9;6;6;7;4;585
412795;400;11;23;3;8;7;8;11;4;6;10;3;14;508
412796;193;8;19;10;12;7;10;14;9;6;12;7;7;314
412800;2211;56;66;120;95;118;59;182;70;73;72;48;68;3238
412810;12097;447;486;566;490;519;628;655;574;450;492;470;853;18727
412820;9435;487;556;534;475;556;475;478;517;501;465;426;506;15411
412830;159;1;2;4;4;2;10;7;31;3;2;6;1;232
412840;1526;63;94;100;67;102;171;53;103;39;31;50;33;2432
412850;1020;16;31;32;28;34;18;26;25;17;34;23;36;1340
412855;474;11;17;7;11;17;20;11;18;8;13;19;14;640
412860;272;12;15;5;5;10;10;17;7;2;6;0;8;369
412870;338;12;16;12;10;11;8;18;16;11;11;8;15;486
412880;271;4;44;23;10;6;5;8;4;5;1;3;38;422
419999;1255;22;26;35;17;23;27;23;29;27;19;16;31;1550
420010;1102;72;42;57;54;44;66;37;53;39;48;50;96;1760
420020;862;36;65;29;12;21;30;17;27;32;24;16;29;1200
420030;243;13;18;7;6;6;5;5;12;5;6;5;3;334
420040;633;24;20;29;24;27;33;22;20;33;14;16;20;915
420050;177;2;3;8;3;1;7;2;2;1;3;4;2;215
420060;229;10;12;12;16;10;11;17;4;10;9;12;13;365
420070;347;18;6;15;5;6;6;5;14;10;12;7;13;464
420080;391;7;11;9;9;16;8;16;13;14;11;15;19;539
420090;235;0;4;6;2;1;2;5;3;3;3;4;4;272
420100;499;18;29;24;13;22;21;21;13;12;12;10;39;733
420110;158;6;2;4;1;3;3;5;1;1;0;1;0;185
420120;302;11;8;14;4;10;10;11;11;6;7;4;4;402
420125;4;0;1;0;1;0;0;0;1;0;0;0;0;7
420130;1092;47;56;58;33;41;42;66;53;32;50;39;59;1668
420140;6816;348;442;602;365;449;430;432;397;308;329;339;358;11615
420150;279;10;8;5;9;6;6;3;4;3;1;4;1;339
420160;193;2;5;4;7;4;8;2;9;5;8;4;11;262
420170;1142;28;28;28;18;24;17;27;40;38;31;35;29;1485
420180;118;16;5;5;5;3;1;3;1;4;1;3;4;169
420190;160;1;7;1;3;6;5;3;10;5;4;4;2;211
420200;8013;574;1004;1043;658;552;530;486;481;439;504;532;630;15446
420210;817;39;57;59;49;35;33;30;22;28;36;23;31;1259
420220;1994;67;85;68;74;67;86;68;92;58;61;60;63;2843
420230;2655;101;111;130;127;156;151;154;185;185;148;143;121;4367
420240;83346;2970;3139;5186;4497;4228;4024;4082;3930;2920;3567;3020;3429;128338
420250;304;35;31;15;4;8;10;8;17;8;4;8;9;461
420260;551;39;36;21;17;14;34;18;12;12;13;67;20;854
420270;468;24;23;19;13;14;15;15;18;11;9;10;21;660
420280;2260;65;59;92;95;80;86;89;78;87;135;81;56;3263
420290;20678;717;687;794;766;953;968;755;830;764;682;645;688;29927
420300;13678;784;955;975;916;972;982;913;914;796;786;703;776;24150
420310;363;13;21;8;10;18;11;8;9;1;5;10;6;483
420320;1179;66;111;122;78;86;94;79;96;87;104;84;75;2261
420330;944;20;42;23;28;37;35;38;39;30;37;26;34;1333
420340;697;15;28;24;24;20;11;12;55;18;15;16;11;946
420350;886;15;34;56;40;92;62;24;39;29;25;30;61;1393
420360;4937;227;337;311;268;257;261;240;431;228;208;202;252;8159
420370;986;35;39;44;44;36;37;37;38;43;15;39;49;1442
420380;9664;651;540;591;481;500;499;501;556;421;388;367;404;15563
420390;3820;105;146;174;105;111;97;116;127;112;115;93;117;5238
420400;3425;145;121;181;170;150;159;114;140;197;130;144;130;5206
420410;248;6;3;7;4;0;11;9;7;3;4;5;24;331
420420;21978;893;853;998;904;1029;1128;1077;1024;883;968;959;1064;33758
420430;11644;246;333;314;284;327;351;318;340;317;338;305;319;15436
420440;733;41;27;29;25;36;27;26;23;16;28;12;21;1044
420450;1540;46;60;67;60;64;61;50;59;72;61;47;61;2248
420455;2961;153;145;99;93;121;160;79;91;71;145;101;92;4311
420460;42280;1662;1979;2194;2066;2230;2412;2564;2336;2132;2257;1997;2208;68317
420470;1057;32;37;36;28;38;23;28;28;31;25;27;42;1432
420480;6165;241;253;291;256;244;236;227;249;235;236;203;214;9050
420490;862;32;46;46;54;25;34;24;22;47;28;30;21;1271
420500;565;59;36;47;11;26;25;12;15;22;11;16;7;852
420510;192;6;7;4;10;7;5;6;2;3;4;2;8;256
420520;293;6;3;9;10;1;5;8;9;3;6;8;9;370
420530;1912;57;61;62;40;52;52;57;57;63;41;67;63;2584
420540;157284;3224;3441;4428;3940;4436;4183;3688;3837;3609;3433;3963;4082;203548
420550;7454;476;466;540;565;470;472;481;452;329;407;359;306;12777
420560;226;13;23;8;6;7;12;7;9;7;3;4;6;331
420570;545;18;59;46;24;12;17;12;11;10;15;10;17;796
420580;1033;74;76;71;79;87;84;59;76;57;50;60;63;1869
420590;9267;262;288;560;405;356;336;381;397;303;337;321;268;13481
420600;284;11;8;14;19;15;7;9;12;3;25;34;49;490
420610;272;16;6;11;3;5;5;5;5;1;2;6;7;344
420620;965;28;50;43;34;64;51;39;39;23;35;18;25;1414
420630;1119;39;34;77;48;37;55;34;44;35;35;29;40;1626
420640;681;29;52;45;21;25;24;25;19;28;31;17;23;1020
420650;2928;70;108;113;122;133;196;133;128;134;128;100;105;4398
420660;266;7;19;12;8;13;9;7;10;8;4;3;10;376
420670;1791;35;61;79;65;62;58;43;65;59;66;49;41;2474
420680;254;9;33;13;8;10;8;5;12;51;15;13;8;439
420690;4311;179;205;152;173;167;172;173;147;157;240;91;139;6306
420700;2733;107;137;136;128;150;182;192;148;139;145;131;174;4502
420710;1771;51;120;46;53;31;86;64;87;69;53;114;85;2630
420720;590;10;11;19;13;18;38;17;15;16;7;14;6;774
420730;4527;126;98;126;128;174;111;142;131;118;179;131;124;6115
420740;140;6;4;1;1;5;3;2;4;0;2;0;4;172
420750;9134;342;280;499;442;528;472;496;473;385;381;322;383;14137
420760;136;1;5;3;3;4;4;4;0;4;4;2;2;172
420770;417;6;9;7;13;3;11;10;6;7;6;7;5;507
420775;1;0;0;0;1;0;1;0;0;0;0;0;0;3
420780;265;18;13;19;16;13;18;12;13;11;33;15;14;460
420790;392;11;11;15;12;8;6;6;19;13;10;13;5;521
420800;432;20;52;37;24;28;22;25;21;33;21;19;31;765
420810;1298;56;41;40;64;46;35;44;43;37;49;32;39;1824
420820;26619;1297;1631;1840;1700;1675;1801;1842;1853;1620;1514;1542;2591;47525
420830;1396;51;128;71;82;52;52;56;60;48;63;51;67;2177
420840;3051;110;96;99;79;97;111;116;75;61;74;66;78;4113
420850;1326;45;52;60;51;42;44;37;49;64;47;41;42;1900
420860;280;6;11;7;3;5;12;2;13;1;17;2;6;365
420870;611;11;15;51;67;31;32;10;12;16;16;25;18;915
420880;1182;39;43;41;34;32;54;54;40;29;43;80;43;1714
420890;29420;768;1279;1432;1017;1669;1202;1108;1306;1127;1000;801;881;43010
420900;8175;352;346;388;377;382;373;365;352;292;381;272;370;12425
420910;100426;3257;3790;4038;4357;4121;4671;4699;4891;4501;4209;4032;5784;152776
420915;4;0;0;0;0;0;0;0;0;0;0;0;0;4
420920;156;3;1;1;2;3;7;8;3;3;2;1;1;191
420930;26031;1030;1121;1282;1172;1184;1419;1209;1226;1060;970;1116;1084;39904
420940;3240;162;200;242;176;138;125;177;156;168;141;107;168;5200
420950;317;7;20;10;10;20;12;9;11;14;23;27;24;504
420960;1282;27;26;25;12;24;23;38;23;30;47;21;25;1603
420970;681;49;55;44;19;25;45;37;22;33;29;16;38;1093
420980;93;0;2;2;3;0;2;0;1;1;1;2;4;111
420990;539;23;37;37;27;19;20;27;34;22;20;22;17;844
421000;684;14;21;16;18;18;23;40;19;16;21;19;15;924
421010;7014;480;415;390;353;326;385;420;359;330;311;283;348;11414
421020;135;4;4;3;2;5;1;5;6;4;2;0;3;174
421030;363;5;12;8;5;14;12;8;17;31;21;3;11;510
421040;356;20;22;24;47;15;23;17;16;13;6;21;26;606
421050;2520;115;110;160;118;124;121;113;97;97;74;92;100;3841
421060;1309;41;38;38;20;48;45;37;38;45;47;26;26;1758
421070;524;20;18;42;28;32;38;21;43;36;17;18;27;864
421080;577;11;17;28;11;14;21;11;18;17;13;10;20;768
421090;561;9;22;18;21;19;27;21;27;14;22;12;38;811
421100;1208;29;43;28;54;79;33;35;28;30;20;22;32;1641
421110;532;22;50;36;18;27;36;27;20;12;24;18;50;872
421120;2170;78;94;95;74;89;92;91;99;124;69;77;76;3228
421130;2171;129;226;195;183;201;215;238;255;275;188;171;475;4922
421140;212;4;4;6;2;3;1;1;9;3;5;3;8;261
421150;1636;157;198;215;163;195;149;167;183;181;203;234;313;3994
421160;1466;59;81;73;76;77;123;62;74;66;58;75;68;2358
421170;1938;80;93;83;68;58;76;56;64;72;63;66;61;2778
421175;2525;22;42;33;22;62;92;51;49;49;49;49;86;3131
421180;364;15;10;15;10;15;11;5;11;11;18;10;16;511
421190;3974;273;210;243;204;174;233;233;230;203;219;240;306;6742
421200;660;14;29;31;20;31;28;16;64;14;27;19;19;972
421210;1139;74;52;42;34;38;43;37;44;43;26;32;39;1643
421220;1416;70;80;75;78;93;91;65;62;72;53;41;83;2279
421230;1929;115;59;94;122;100;95;107;112;77;79;86;89;3064
421240;386;4;6;3;7;6;7;10;3;10;9;7;7;465
421250;896;41;33;51;35;44;48;35;44;38;30;15;14;1324
421260;167;2;3;9;2;0;2;0;4;2;4;3;6;204
421270;230;10;8;4;10;218;12;8;12;5;7;6;6;536
421280;803;64;122;95;72;47;55;52;42;42;35;34;32;1495
421290;1076;35;39;57;33;46;39;46;37;27;37;45;41;1558
421300;330;11;20;24;7;7;11;10;11;13;8;5;16;473
421310;205;5;6;4;6;6;6;6;16;8;8;7;12;295
421320;5335;140;197;212;210;205;221;215;215;191;165;141;134;7581
421330;317;8;5;5;8;12;14;7;10;2;7;9;7;411
421340;1468;114;82;90;108;102;88;82;87;84;90;68;71;2534
421350;620;24;45;36;26;36;21;21;26;18;20;24;14;931
421360;3756;236;229;215;188;190;187;172;205;205;191;178;224;6176
421370;846;52;41;57;38;56;50;35;88;34;27;25;39;1388
421380;629;56;34;56;15;45;42;16;10;20;12;16;24;975
421390;78;2;0;2;0;0;3;3;3;0;0;2;1;94
421400;1698;62;70;89;79;232;95;82;77;81;63;43;53;2724
421410;90;4;15;15;0;5;4;1;2;3;1;0;2;142
421420;803;39;24;36;34;21;29;23;21;23;20;17;30;1120
421430;152;1;4;5;2;3;4;1;4;2;4;1;5;188
421440;329;22;18;17;19;14;13;18;9;20;17;8;11;515
421450;372;6;12;14;15;9;13;10;8;10;16;12;8;505
421460;425;15;13;10;16;13;15;21;10;13;10;10;11;582
421470;1227;65;56;59;53;63;45;59;55;43;29;30;30;1814
421480;12462;423;515;598;568;635;631;559;526;501;517;539;540;19014
421490;164;4;1;2;2;0;3;2;1;3;2;1;0;185
421500;8043;325;464;489;428;462;489;466;471;400;396;392;353;13178
421510;2837;74;54;57;75;68;66;99;86;76;56;54;52;3654
421520;318;13;23;39;14;29;22;14;7;2;7;7;7;502
421530;1292;44;52;62;66;86;75;66;81;49;58;81;71;2083
421540;560;16;22;31;15;12;18;16;16;11;13;11;7;748
421550;2981;155;158;163;194;259;134;175;229;190;175;189;200;5202
421560;73;0;0;0;2;0;0;1;2;2;1;0;1;82
421570;1453;40;50;65;53;43;47;50;68;40;53;53;45;2060
421580;18247;671;931;976;920;883;865;834;855;781;728;687;665;28043
421590;190;5;7;3;1;3;3;7;5;2;1;2;2;231
421600;778;21;12;31;18;24;22;31;26;24;19;13;28;1047
421610;752;20;31;35;16;23;25;30;23;21;19;19;22;1036
421620;3204;84;123;123;105;93;110;108;93;71;91;77;78;4360
421630;1866;62;104;98;86;77;74;204;70;55;80;72;158;3006
421640;180;8;8;4;2;2;4;11;4;2;3;2;6;236
421650;2599;76;80;116;73;105;125;144;102;116;78;73;136;3823
421660;21450;1065;1056;1260;1095;1124;1094;1080;1168;1046;1093;1005;1070;34606
421670;946;46;42;36;30;31;29;30;37;39;35;19;38;1358
421680;347;13;16;20;26;17;19;16;8;8;13;8;9;520
421690;1614;66;66;51;45;61;52;48;52;58;65;49;87;2314
421700;676;19;25;23;21;33;39;30;28;28;20;39;40;1021
421710;115;2;0;3;1;0;5;0;2;3;0;1;4;136
421720;5254;252;204;283;287;213;245;251;231;204;182;184;327;8117
421730;646;18;15;31;16;30;10;24;26;16;22;16;26;896
421740;1059;23;37;31;22;30;21;31;32;22;27;29;11;1375
421750;2198;46;59;67;71;73;61;67;82;54;49;48;50;2925
421760;1693;51;51;77;50;56;52;91;64;55;102;69;288;2699
421770;3217;119;203;247;215;239;225;263;226;166;210;229;306;5865
421780;2102;139;86;99;99;81;80;90;88;73;62;64;80;3143
421790;980;46;40;37;38;105;36;34;38;30;32;28;33;1477
421800;3444;130;147;158;153;168;107;123;155;101;143;159;127;5115
421810;283;5;16;21;22;16;11;14;4;4;7;4;4;411
421820;8503;272;305;362;451;679;592;540;455;275;263;236;243;13176
421830;2593;140;140;143;102;132;131;116;83;94;96;73;92;3935
421840;421;13;20;12;10;10;9;21;24;17;20;8;16;601
421850;385;25;14;20;18;18;14;17;16;16;14;12;17;586
421860;1267;45;63;57;64;53;50;52;42;56;43;38;31;1861
421870;20903;796;913;1416;1200;1029;1494;950;859;793;883;976;1122;33334
421880;896;28;40;35;30;48;39;17;29;18;22;19;39;1260
421885;0;0;0;0;1;0;0;0;0;1;0;0;2;4
421890;697;23;20;27;20;14;15;11;27;17;24;12;16;923
421900;8337;191;201;264;710;264;325;328;295;245;307;259;240;11966
421910;142;2;4;4;7;3;3;4;2;2;3;6;3;185
421920;184;10;12;6;8;3;9;10;5;7;3;8;5;270
421930;9480;376;352;746;462;614;440;368;383;438;313;295;385;14652
421940;183;6;2;9;5;5;4;4;3;7;2;0;4;234
421950;5216;211;202;276;205;290;228;225;272;215;219;217;277;8053
421960;145;10;6;4;4;3;8;5;6;4;5;4;1;205
421970;3306;62;103;118;80;142;109;120;116;97;144;95;153;4645
430010;966;32;14;21;26;30;53;27;39;21;23;27;34;1313
430030;382;8;11;12;6;10;9;7;6;10;12;13;10;496
430040;9726;385;350;497;768;660;491;491;354;327;338;298;384;15069
430050;326;32;12;10;4;16;12;11;4;5;13;4;9;458
430060;6801;280;290;379;348;348;345;341;385;349;283;302;305;10756
430070;447;11;15;19;17;19;18;11;17;18;25;20;21;658
430080;1895;95;76;96;83;65;89;94;83;127;76;71;67;2917
430090;416;8;12;9;7;9;9;12;9;4;9;6;6;516
430100;4526;158;167;152;203;181;194;187;135;152;122;103;139;6419
430105;684;23;15;25;33;28;21;20;15;18;15;12;21;930
430110;6979;42;203;305;256;286;319;241;339;313;251;272;259;10065
430120;945;12;47;39;28;78;30;24;38;38;62;30;32;1403
430130;1767;55;45;80;82;72;74;46;60;51;60;74;67;2533
430140;756;32;23;34;17;21;31;19;21;42;27;26;28;1077
430150;319;14;4;10;27;26;16;5;8;12;3;19;9;472
430160;20461;664;742;1022;876;757;969;759;919;636;613;792;804;30014
430170;388;10;16;16;13;14;13;7;12;8;12;9;23;541
430180;285;9;3;10;2;13;5;6;6;4;4;2;10;359
430190;1425;123;84;120;558;90;69;125;64;51;65;62;61;2897
430200;410;5;18;9;5;7;3;9;8;10;1;5;6;496
430210;23751;1080;1297;1692;1351;1366;1390;1433;1560;1393;1298;1542;1460;40613
430220;614;15;13;18;12;21;27;12;8;5;16;9;19;789
430230;2109;86;126;123;132;124;112;146;111;97;109;146;121;3542
430235;1532;85;57;108;77;84;59;67;62;80;85;76;87;2459
430240;3133;153;92;178;311;166;169;152;151;160;122;123;130;5040
430250;467;12;4;5;6;17;17;4;15;8;8;30;29;622
430260;255;1;3;6;3;22;6;4;5;3;5;10;9;332
430270;2939;173;174;163;880;99;108;100;62;64;80;67;84;4993
430280;3279;65;68;86;101;127;100;70;74;87;104;100;133;4394
430290;1002;26;35;28;38;70;43;38;14;16;13;30;18;1371
430300;11798;368;416;511;412;463;435;438;518;358;419;359;562;17057
430310;15197;490;503;684;600;722;898;842;891;848;886;934;1205;24700
430320;205;7;1;6;3;4;3;4;1;3;5;1;2;245
430330;519;10;16;33;16;9;8;9;13;3;19;23;16;694
430340;141;4;5;6;3;0;3;1;1;0;2;1;1;168
430350;7151;258;259;368;390;494;300;337;351;251;313;330;333;11135
430360;1680;67;149;127;84;88;79;71;79;99;78;77;78;2756
430370;310;13;7;7;7;6;7;8;5;8;10;2;7;397
430380;474;19;22;19;17;8;9;10;6;8;7;7;69;675
430390;21246;1418;1164;1977;1717;2049;1489;1772;1744;1721;1630;1714;1797;41438
430400;788;39;23;27;22;31;40;19;23;23;23;28;21;1107
430420;2077;77;75;83;87;105;70;86;79;53;71;63;71;2997
430430;343;6;7;9;7;13;3;8;4;3;12;3;5;423
430440;4709;248;241;340;256;270;315;303;327;253;313;284;306;8165
430450;2230;234;124;133;118;102;102;74;101;67;76;85;103;3549
430460;51915;1788;2437;2526;2176;2265;2284;2282;2648;2256;2188;2189;2548;79502
430463;2217;195;693;388;163;132;119;118;117;127;110;139;182;4700
430466;2643;338;192;243;270;318;277;234;296;133;63;86;225;5318
430468;19;1;3;0;2;0;0;0;0;0;0;0;0;25
430470;9254;343;321;433;438;474;416;402;457;408;370;357;438;14111
430480;4084;120;117;168;146;206;328;183;171;144;122;230;75;6094
430490;1039;38;32;39;36;46;49;40;54;60;43;31;42;1549
430500;850;34;21;38;29;52;31;35;41;33;5;10;33;1212
430510;89593;3738;3767;4869;4281;4170;4445;4705;5516;4585;4537;4604;5136;143946
430520;2085;79;92;119;106;93;85;84;88;117;92;78;105;3223
430530;527;18;17;36;27;25;34;21;17;12;17;18;36;805
430535;5485;159;57;57;43;58;63;43;39;53;61;59;81;6258
430540;436;5;6;35;23;42;25;6;8;7;13;14;6;626
430550;246;7;0;6;3;14;7;1;3;1;2;3;9;302
430560;367;6;4;4;6;40;12;45;9;4;4;6;7;514
430570;463;17;17;19;14;41;17;13;12;3;7;8;12;643
430580;723;14;19;21;18;46;30;28;25;23;22;51;25;1045
430590;710;11;32;38;29;28;43;22;13;8;21;16;36;1007
430595;456;8;6;7;12;10;10;6;7;15;5;5;8;555
430600;1594;75;24;123;75;106;40;63;109;275;48;44;81;2657
430610;7924;319;318;497;336;379;432;360;270;320;278;375;475;12283
430620;1592;89;102;150;98;101;100;91;77;78;102;105;99;2784
430630;178;1;7;3;2;3;6;2;2;5;1;1;1;212
430640;6359;320;314;440;490;452;509;369;362;400;263;240;351;10869
430650;283;2;2;10;3;7;6;6;9;5;5;3;11;352
430660;4641;184;165;220;277;307;192;153;141;140;132;136;211;6899
430670;227;4;4;4;0;5;8;8;5;5;4;4;4;282
430680;4016;181;147;225;191;168;179;126;198;156;158;186;204;6135
430690;1712;34;54;67;71;81;73;38;65;92;58;50;86;2481
430700;16184;680;716;924;738;811;888;780;789;691;719;758;891;25569
430710;371;7;6;10;5;3;5;3;9;7;10;2;6;444
430720;201;4;2;3;3;5;5;2;4;5;5;1;3;243
430730;439;16;13;16;13;23;25;12;21;14;12;11;44;659
430740;244;2;5;9;3;10;10;2;7;0;8;6;6;312
430750;1806;58;40;68;152;137;47;57;36;39;49;71;54;2614
430760;11709;815;846;967;852;880;789;819;894;696;902;764;881;21814
430770;13473;756;706;811;1021;954;916;980;1039;825;925;877;1166;24449
430780;8582;356;320;449;431;368;403;349;569;539;336;292;344;13338
430786;124;2;0;2;2;3;1;2;2;2;0;0;0;140
430790;16191;581;702;946;712;762;709;748;814;724;803;686;705;25083
430800;782;23;13;23;8;33;17;19;16;10;16;14;28;1002
430810;3459;142;77;185;149;196;50;163;123;124;128;91;179;5066
430820;3607;98;96;195;203;142;164;121;167;137;135;118;151;5334
430830;848;56;39;49;37;33;26;23;32;35;41;65;66;1350
430840;316;1;2;2;6;21;26;2;2;7;2;3;10;400
430845;210;0;4;4;4;3;4;7;5;3;3;4;9;260
430850;2758;145;112;153;136;180;128;113;103;110;421;131;155;4645
430860;5446;301;211;522;286;273;289;282;291;244;275;201;375;8996
430870;544;3;10;19;9;13;12;8;11;7;7;14;8;665
430880;669;47;34;60;25;40;31;16;40;31;39;33;56;1121
430890;2491;48;77;103;52;112;65;85;83;82;71;88;121;3478
430900;2222;93;83;116;108;144;104;80;65;55;61;61;110;3302
430910;7669;369;389;534;433;479;514;456;492;536;448;424;426;13169
430920;24579;707;886;1057;850;901;875;849;937;852;776;814;969;35052
430930;15900;662;1154;883;771;834;860;1006;939;641;721;693;1534;26598
430940;4538;181;197;258;264;238;224;264;249;253;252;179;311;7408
430950;861;38;39;16;22;26;21;30;21;14;15;21;33;1157
430960;3181;80;85;89;91;95;102;92;75;95;79;70;102;4236
430970;659;22;17;36;35;42;25;31;28;27;25;27;20;994
430975;179;0;4;13;5;14;3;3;1;0;3;15;6;246
430980;283;14;2;1;8;3;9;5;5;5;1;1;3;340
430990;731;6;16;18;7;11;24;10;27;13;33;25;25;946
431000;2555;98;83;102;94;93;95;99;63;71;74;76;88;3591
431010;6634;540;710;818;763;766;736;594;649;825;649;540;454;14678
431020;12370;502;484;668;683;790;556;626;634;535;749;622;725;19944
431030;167;2;6;11;6;7;5;6;11;5;7;8;9;250
431040;383;44;35;25;18;36;28;21;16;10;17;16;20;669
431043;86;0;0;1;0;2;1;2;0;2;0;0;2;96
431050;605;23;16;25;20;25;11;19;11;19;12;8;17;811
431060;4334;165;120;180;234;209;208;171;173;198;203;201;166;6562
431070;205;0;10;2;0;4;3;4;7;5;7;4;13;264
431080;5987;320;323;340;326;404;301;311;377;387;301;270;270;9917
431090;298;4;6;10;3;14;7;9;1;7;3;2;17;381
431100;3393;91;127;151;260;161;132;96;94;94;134;142;158;5033
431110;830;26;19;12;21;38;25;10;10;11;10;17;33;1062
431115;370;14;13;20;9;13;7;7;8;7;7;12;10;497
431120;2238;120;123;115;71;194;63;142;68;64;91;42;113;3444
431130;3204;115;198;223;211;193;171;164;169;127;157;176;208;5316
431140;20411;772;810;1061;954;862;873;909;861;768;754;804;876;30715
431150;1308;4;8;14;14;14;10;14;31;9;6;6;15;1453
431160;265;4;10;8;7;8;4;8;11;4;4;3;2;338
431170;257;5;20;9;3;7;8;3;4;4;10;7;3;340
431180;4508;175;118;192;171;196;184;156;176;163;130;115;135;6419
431190;465;13;14;12;15;4;6;6;11;17;17;16;11;607
431200;153;4;0;4;1;0;4;0;2;1;5;8;6;188
431210;225;0;4;6;3;12;4;1;2;8;1;2;1;269
431220;290;13;7;13;6;7;10;7;12;6;5;5;4;385
431230;242;5;2;6;3;3;3;1;0;1;3;4;8;281
431240;10255;503;496;721;600;545;542;598;610;540;550;591;771;17322
431250;626;25;16;17;13;12;20;12;18;16;18;13;10;816
431260;1229;26;43;23;30;27;36;44;30;22;39;25;45;1619
431265;2614;85;66;81;82;156;95;95;87;73;77;76;152;3739
431270;1130;19;48;37;44;70;45;31;37;19;29;30;145;1684
431280;402;4;7;10;17;11;11;11;10;9;6;8;11;517
431290;1103;37;33;47;48;44;43;46;39;33;39;31;46;1589
431300;236;5;2;5;3;4;3;4;4;3;7;4;7;287
431310;335;8;9;6;10;8;12;17;4;10;4;14;12;449
431320;4430;118;118;130;168;176;178;136;170;232;208;141;259;6464
431330;2799;164;105;112;93;105;111;110;107;111;145;81;188;4231
431340;75424;5511;5625;6993;5814;6826;6488;6302;6998;6161;6327;5932;6499;150900
431350;7949;468;542;508;408;335;398;341;399;323;328;326;311;12636
431360;288;3;8;17;8;3;9;5;7;2;3;3;14;370
431365;904;51;64;62;57;49;36;37;39;37;41;83;47;1507
431370;4442;169;161;262;283;284;209;185;164;131;147;175;268;6880
431380;314;7;9;3;5;6;6;2;1;6;1;2;6;368
431390;7046;321;315;521;361;329;259;239;291;499;255;232;259;10927
431400;537;12;12;20;10;13;8;21;21;11;14;15;39;733
431405;9394;355;614;640;661;612;520;537;507;620;479;413;432;15784
431410;28804;991;1086;1442;1288;1371;1356;1243;1389;1261;1286;1216;1366;44099
431420;1134;36;51;48;45;53;39;55;44;42;43;56;49;1695
431430;291;17;4;3;7;8;15;9;7;5;8;5;9;388
431440;65970;5575;5117;4473;3302;3311;2858;3079;3046;2688;2753;3164;4472;109808
431450;1380;24;16;32;17;20;20;30;22;11;15;12;44;1643
431460;2589;287;571;78;39;31;83;132;182;58;66;56;191;4363
431470;737;26;22;39;22;18;19;25;10;16;13;9;20;976
431480;5605;504;510;594;556;541;555;492;570;665;427;346;475;11840
431490;602901;16892;17264;23003;21105;21099;23375;22989;23875;21215;21294;20478;24793;860283
431500;436;12;18;30;9;29;17;18;23;6;26;8;18;650
431510;601;22;26;29;26;30;39;33;29;14;89;16;34;988
431520;358;3;4;4;1;6;7;12;14;10;14;8;7;448
431530;2273;105;236;94;82;60;100;70;81;79;60;68;75;3383
431535;57;1;0;0;2;2;1;0;1;1;2;0;0;67
431540;288;4;11;7;10;25;8;4;10;6;6;9;23;411
431550;1156;20;26;37;18;48;25;21;37;18;21;45;33;1505
431560;36933;1117;1103;1662;1405;1409;1240;1242;1207;1084;1137;1160;1640;52339
431570;5338;309;195;251;278;292;200;204;236;184;155;155;193;7990
431580;1792;117;89;145;100;135;109;107;92;82;87;105;273;3233
431590;399;9;13;13;23;6;11;16;4;2;7;10;12;525
431600;3799;187;182;191;213;237;247;197;242;154;150;136;141;6076
431610;691;26;32;28;23;46;51;35;15;15;10;21;44;1037
431620;292;5;4;10;14;6;6;3;9;11;0;0;5;365
431630;414;6;10;15;17;52;14;7;17;10;13;28;11;614
431640;4087;169;250;315;424;551;308;246;205;201;182;193;397;7528
431645;840;16;20;16;28;90;18;28;35;49;44;45;46;1275
431650;1933;59;71;68;68;94;79;76;75;89;89;69;105;2875
431660;1413;37;44;58;42;47;32;36;41;45;37;33;47;1912
431670;1301;48;60;62;60;72;47;41;42;32;26;51;47;1889
431680;23632;1258;1249;1592;1695;2581;3875;4357;1472;1188;1116;1052;1237;46304
431690;37587;1117;1051;1445;1149;1312;1471;1291;1405;1227;1251;1212;1679;53197
431700;328;6;6;5;5;3;2;1;8;0;3;1;4;372
431710;16523;540;715;860;590;805;816;545;1607;490;612;450;2330;26883
431720;10170;406;410;512;566;471;490;431;387;387;408;394;537;15569
431730;5965;221;272;444;700;515;274;207;238;220;310;402;343;10111
431740;5600;133;172;188;179;174;182;155;155;188;158;200;154;7638
431750;11198;413;409;585;485;500;473;464;500;443;437;488;504;16899
431760;4817;172;162;254;261;190;224;196;206;196;196;168;180;7222
431770;657;5;5;10;8;14;27;15;10;13;14;34;17;829
431780;2172;117;118;138;160;174;118;148;138;75;78;102;100;3638
431790;1255;36;45;50;43;38;59;39;42;44;36;30;36;1753
431800;6472;246;229;301;400;401;273;253;204;178;181;164;312;9614
431805;89;4;6;2;2;4;6;1;2;6;3;3;1;129
431810;1537;14;21;31;54;49;27;44;20;18;40;20;28;1903
431820;2409;140;110;143;122;95;110;130;110;120;96;90;113;3788
431830;6020;216;187;333;301;509;263;319;240;197;197;174;201;9157
431840;4221;93;127;151;118;151;101;86;115;100;125;99;169;5656
431842;496;19;16;26;7;43;21;23;60;30;12;0;16;769
431850;1162;13;39;32;35;22;37;29;25;22;28;25;45;1514
431860;823;13;23;34;12;13;21;11;20;5;11;8;29;1023
431870;39434;1946;2114;2583;2408;2435;2322;2248;2721;2281;2339;2152;2339;67322
431880;3206;76;101;118;126;141;148;98;86;91;77;90;160;4518
431890;5142;211;134;155;155;224;166;197;142;131;354;135;182;7328
431900;3785;172;198;192;162;179;248;185;176;173;163;166;175;5974
431910;503;12;34;33;27;38;21;21;15;15;23;22;30;794
431920;335;8;13;9;21;17;15;12;9;15;10;11;3;478
431930;411;27;31;20;20;18;13;24;26;13;8;13;22;646
431940;1427;84;39;43;34;93;39;21;35;50;49;32;42;1988
431950;3520;198;175;220;189;220;181;172;201;161;197;170;187;5791
431960;2739;50;48;80;72;198;92;88;57;50;76;54;78;3682
431970;320;22;11;15;5;7;11;7;5;8;6;13;15;445
431975;46;1;1;1;0;0;0;2;2;1;1;0;1;56
431980;468;6;3;13;8;9;2;3;5;3;4;5;7;536
431990;23319;1295;1374;1731;2045;1954;1972;1859;2102;1720;1718;1460;1988;44537
432000;14837;549;573;818;845;832;802;815;862;687;811;732;715;23878
432010;2797;87;123;135;135;149;110;114;123;147;91;135;124;4270
432020;517;21;48;12;26;9;12;14;9;9;7;17;42;743
432030;437;14;14;19;30;24;11;14;10;6;10;5;14;608
432040;2287;70;56;63;84;144;101;96;123;84;91;93;96;3388
432050;678;12;10;15;9;7;8;22;8;8;10;6;25;818
432060;194;3;4;6;5;4;5;2;5;3;2;2;3;238
432065;14;1;0;0;0;0;1;0;0;1;1;0;0;18
432070;1574;94;65;171;60;90;87;76;59;48;56;56;74;2510
432080;3467;125;128;239;166;152;175;182;198;167;153;148;170;5470
432090;1699;68;46;90;68;60;62;55;68;38;57;45;72;2428
432100;2150;75;86;113;180;263;82;72;94;64;78;95;138;3490
432110;1951;134;88;159;234;188;128;116;127;110;93;87;308;3723
432120;10447;609;703;877;790;799;739;631;667;807;624;602;590;18885
432130;4375;288;238;272;215;222;230;188;164;208;192;235;269;7096
432135;139;1;8;4;2;1;1;1;1;0;0;2;0;160
432140;1128;34;59;74;28;46;27;38;30;19;27;45;83;1638
432145;4069;203;181;213;291;303;238;270;283;211;242;265;247;7016
432150;3621;149;1118;593;164;159;109;118;147;131;124;162;177;6772
432160;3125;581;555;535;196;162;121;94;145;169;120;141;181;6125
432170;4602;249;355;334;355;339;350;289;303;299;228;252;288;8243
432180;3479;156;230;193;160;197;128;144;142;142;144;129;149;5393
432190;4673;105;117;149;135;137;135;112;117;129;137;123;201;6270
432200;8726;377;234;256;243;489;326;330;436;382;378;248;382;12807
432210;802;36;46;52;60;41;32;22;26;26;25;31;25;1224
432220;2063;63;47;62;94;215;118;90;47;65;51;111;173;3199
432230;908;40;22;48;35;36;32;30;39;16;20;20;78;1324
432240;15713;860;811;944;792;856;962;679;628;610;605;641;729;24830
432250;9720;365;417;471;398;492;377;380;388;340;388;369;461;14566
432255;44;0;1;0;0;0;0;2;3;0;0;0;1;51
432260;8718;612;560;693;694;824;729;1799;742;863;1043;526;705;18508
432270;2414;169;144;301;161;400;527;995;123;148;72;142;129;5725
432280;4949;118;114;137;151;154;164;152;215;147;130;153;127;6711
432290;265;7;20;10;15;2;3;2;7;7;4;1;6;349
432300;7572;289;276;343;290;334;377;348;332;306;274;304;327;11372
432310;213;12;6;17;9;7;5;4;3;2;1;1;6;286
432320;312;5;5;11;15;39;10;9;9;6;15;7;34;477
439999;19271;1168;1006;1190;906;981;992;767;706;874;643;776;948;30228
500020;3078;77;213;23;131;44;160;47;53;49;56;45;63;4039
500060;1437;60;74;55;50;46;50;45;44;45;54;43;56;2059
500070;1203;53;68;92;72;41;33;62;48;49;113;26;38;1898
500080;185;2;2;15;6;4;5;7;5;9;2;1;8;251
500085;193;11;5;7;6;11;10;7;15;2;3;7;4;281
500090;106;3;2;7;7;4;3;3;3;3;0;0;4;145
500100;1016;67;28;26;38;29;41;49;37;73;146;91;29;1670
500110;2558;87;71;103;86;95;95;80;69;97;91;68;104;3604
500124;164;5;9;11;8;4;6;3;4;4;4;1;6;229
500150;316;4;7;4;13;13;15;9;7;8;7;7;17;427
500190;866;30;33;44;47;41;33;50;44;39;48;36;45;1356
500200;340;4;9;13;8;9;5;2;6;5;5;3;3;412
500210;861;35;91;55;45;56;39;22;35;30;27;22;30;1348
500215;278;15;37;27;13;42;12;8;12;9;15;6;48;522
500220;623;21;57;29;43;28;32;43;21;44;24;26;19;1010
500230;1195;105;113;52;66;91;147;228;210;136;277;222;124;2966
500240;1251;78;47;44;28;47;42;37;46;40;36;116;34;1846
500260;862;37;38;34;26;63;56;38;55;41;40;34;33;1357
500270;134146;6221;4916;6008;5517;5884;6095;5322;5344;5072;5331;5140;5997;200993
500280;88;6;39;4;1;5;3;33;1;1;4;1;1;187
500290;1868;90;83;90;83;97;72;56;75;69;72;78;89;2822
500310;97;2;5;7;2;2;3;1;4;0;1;4;2;130
500320;8018;234;215;272;257;266;290;250;294;301;302;291;298;11288
500325;681;25;24;28;28;26;30;20;26;17;21;33;45;1004
500330;1643;51;74;57;59;66;76;50;47;31;45;47;53;2299
500345;305;6;5;7;11;20;9;9;5;9;5;5;3;399
500350;28;0;0;0;0;3;0;4;0;0;1;0;2;38
500370;16850;735;845;930;819;1047;815;864;852;695;776;831;913;26972
500375;496;29;15;23;21;29;20;13;14;17;17;16;18;728
500380;1373;133;29;57;54;52;88;116;77;44;56;58;65;2202
500400;442;13;11;17;20;28;18;25;45;11;16;12;19;677
500410;400;9;18;9;12;3;12;10;12;12;8;5;3;513
500430;491;69;21;23;18;22;20;25;29;17;17;51;16;819
500440;129;2;2;2;1;5;8;2;0;0;2;3;5;161
500450;653;30;21;29;21;28;13;11;17;11;24;16;16;890
500460;504;31;42;25;15;14;13;17;29;19;19;14;30;772
500470;1435;47;43;46;44;61;45;46;49;35;29;38;43;1961
500490;180;7;8;7;8;11;14;12;60;11;10;9;6;343
500500;816;32;45;38;19;33;36;28;19;18;17;16;19;1136
500510;93;0;2;2;2;3;2;2;2;3;2;0;2;115
500520;1728;6;20;10;15;30;11;8;9;10;7;45;9;1908
500540;1588;105;80;94;90;107;100;110;100;111;243;111;89;2928
500560;1470;46;38;54;59;30;36;58;44;37;49;42;61;2024
500568;1193;26;27;32;33;64;53;35;44;38;37;28;43;1653
500570;2449;96;90;100;125;117;118;169;182;94;86;116;166;3908
500580;148;15;13;21;4;4;5;10;7;4;9;7;3;250
500620;2774;77;126;147;108;105;100;97;110;91;191;137;113;4176
500630;2070;90;56;87;91;92;93;78;84;81;96;71;77;3066
500640;453;7;53;13;20;28;31;26;25;32;8;44;18;758
500660;5243;145;185;216;162;215;193;167;224;175;191;184;229;7529
500690;115;9;3;5;0;2;3;4;3;6;21;4;40;215
500710;1049;72;44;90;64;55;39;59;61;61;39;95;63;1791
500720;2422;152;165;161;277;271;296;231;274;178;370;1053;1066;6916
500730;169;3;2;1;3;2;19;0;1;7;1;3;5;216
500740;804;18;46;26;16;29;20;14;27;19;16;21;31;1087
500750;108;0;0;0;1;1;0;4;0;0;0;1;1;116
500769;987;46;50;75;59;155;74;66;70;51;56;44;68;1801
500770;502;18;18;43;34;16;43;38;27;23;22;14;12;810
500780;122;0;7;5;0;3;2;13;3;0;2;5;5;167
500790;1203;38;56;107;158;87;85;78;91;72;251;73;50;2349
500795;79;3;5;1;5;4;7;4;3;3;0;3;1;118
500797;95;21;9;20;6;4;6;2;2;2;1;0;0;168
500800;518;19;14;23;20;26;16;15;10;15;19;17;31;743
500830;6604;294;335;313;284;252;313;330;287;317;312;278;343;10262
509999;486;10;36;18;19;34;65;29;28;16;15;15;18;789
510010;39;0;0;2;2;0;0;0;0;0;0;0;16;59
510020;726;29;28;48;47;48;81;60;53;37;45;40;78;1320
510025;2977;114;181;136;154;153;162;191;187;166;125;154;140;4840
510030;1150;46;61;62;58;76;61;30;61;33;51;32;45;1766
510040;111;9;5;8;7;7;9;34;10;8;8;11;9;236
510050;242;2;4;4;4;6;3;9;7;3;2;5;7;298
510060;39;1;3;2;1;3;3;1;5;0;3;0;3;64
510100;4;0;0;0;0;0;0;0;0;0;0;0;0;4
510120;1;0;0;0;0;0;0;0;0;0;0;0;0;1
510125;848;21;21;21;28;29;34;29;37;44;28;29;43;1212
510130;310;6;22;7;12;13;11;17;16;12;9;18;28;481
510140;861;25;37;35;48;57;48;35;55;37;41;46;52;1377
510160;28;0;1;0;0;1;1;0;1;1;1;0;1;35
510170;1983;109;112;124;139;197;214;248;192;182;955;383;233;5071
510180;4607;175;175;156;194;209;153;171;186;200;173;162;165;6726
510190;41;1;1;3;0;0;1;0;3;4;0;0;0;54
510250;4293;157;139;159;159;168;198;193;152;133;154;141;197;6243
510260;7;0;0;0;0;0;0;0;0;0;0;0;0;7
510270;1001;111;59;49;77;106;107;69;68;48;54;46;65;1860
510300;934;184;349;87;58;87;157;96;188;131;87;320;90;2768
510310;75;0;0;1;0;2;0;0;1;2;3;2;0;86
510320;1680;53;59;81;71;78;86;132;82;86;71;88;82;2649
510330;107;1;5;6;8;13;10;5;5;13;2;3;4;182
510340;82360;2458;3155;3356;2959;3062;3058;3076;2901;2836;2886;2833;3333;118273
510345;336;6;15;13;15;20;23;17;16;14;17;26;15;533
510350;4104;248;328;374;341;381;341;344;376;355;338;225;308;8063
510360;297;13;4;14;17;17;14;5;18;5;10;13;17;444
510380;0;0;0;0;0;1;0;0;0;0;1;0;1;3
510390;1;0;0;0;0;0;0;0;0;0;0;0;0;1
510410;110;1;1;2;4;9;9;10;13;6;31;18;22;236
510420;462;8;16;11;20;19;15;14;9;7;13;3;14;611
510450;6;0;0;0;0;0;0;0;0;0;1;0;0;7
510455;55;7;1;2;5;3;4;1;3;1;3;1;0;86
510460;1325;57;55;42;54;151;87;38;49;73;57;54;59;2101
510480;1842;33;53;50;47;91;134;99;107;401;293;50;375;3575
510490;55;0;0;0;0;0;0;0;0;0;0;0;0;55
510500;148;1;2;4;8;8;2;7;5;3;4;9;8;209
510510;385;15;8;9;13;16;15;14;19;17;7;16;15;549
510515;1086;106;55;76;79;82;89;48;51;75;65;87;81;1980
510520;349;4;12;41;9;11;6;30;13;10;9;6;5;505
510530;458;5;16;23;18;25;13;26;24;22;19;29;11;689
510550;830;50;60;100;96;86;112;127;73;75;148;95;106;1958
510558;52;0;1;1;1;3;3;3;2;3;9;11;6;95
510562;1063;39;66;53;51;52;53;79;74;50;66;77;94;1817
510590;1919;127;115;236;175;158;165;155;198;180;182;232;141;3983
510600;318;7;8;9;18;29;11;14;25;9;16;9;8;481
510610;156;2;0;7;3;0;5;1;3;5;1;0;7;190
510620;48;1;1;0;0;0;3;2;1;0;1;1;0;58
510623;33;2;1;1;0;3;1;2;0;7;0;0;1;51
510625;652;21;48;35;30;44;26;30;21;14;21;13;35;990
510628;4;0;0;0;0;0;0;1;0;0;0;0;0;5
510629;77;2;2;0;2;1;1;1;1;2;1;9;2;101
510630;249;9;11;11;4;27;21;18;19;9;8;14;10;410
510637;468;4;29;12;11;7;19;17;11;11;14;13;10;626
510642;166;2;5;3;4;3;10;7;3;12;11;17;11;254
510650;649;43;51;40;33;41;23;19;34;49;72;34;179;1267
510670;81;1;1;2;0;0;2;0;3;0;0;3;1;94
510675;1451;68;101;61;72;77;72;84;76;61;67;67;44;2301
510680;492;21;23;30;33;32;33;36;29;20;32;23;22;826
510682;78;4;0;0;0;1;1;0;2;4;3;1;5;99
510700;767;11;32;15;34;33;27;26;30;19;19;33;22;1068
510704;376;13;16;36;31;30;45;29;17;26;25;28;12;684
510710;747;51;67;37;35;38;37;33;39;66;49;48;38;1285
510715;25;0;0;0;1;2;0;0;2;0;3;0;0;33
510720;761;21;26;52;21;22;20;41;31;29;25;18;33;1100
510730;617;28;21;31;22;35;29;18;46;35;45;29;36;992
510760;11579;451;652;665;683;705;755;600;587;590;598;606;701;19172
510770;542;4;8;8;9;5;6;11;25;21;14;15;12;680
510775;38;5;11;6;6;6;4;11;10;11;5;4;3;120
510777;721;34;54;67;62;66;95;106;110;71;60;309;60;1815
510780;210;5;8;19;8;11;14;19;11;14;9;5;6;339
510785;700;47;41;71;57;36;28;21;48;29;39;24;52;1193
510790;6160;416;372;408;421;423;457;403;469;413;440;405;460;11247
510792;666;17;46;64;47;34;62;42;63;53;46;34;68;1242
510795;2586;93;88;104;131;113;122;112;150;136;112;93;112;3952
510805;46;5;1;2;7;8;1;10;3;4;4;1;10;102
510810;7;0;0;1;0;0;0;0;0;1;0;0;0;9
510820;196;5;4;3;2;3;5;7;27;4;5;5;6;272
510840;12516;510;605;693;637;654;700;857;711;616;682;653;747;20581
510850;381;10;20;18;36;19;18;28;27;44;28;37;31;697
510860;26;0;0;1;2;1;0;0;1;0;0;1;2;34
519999;1513;64;74;88;78;123;115;75;97;98;89;99;123;2636
520010;291;4;5;3;9;8;6;3;4;8;4;5;7;357
520013;822;22;25;47;33;39;50;38;92;64;179;27;78;1516
520015;2;0;0;0;0;0;0;0;0;0;0;0;0;2
520020;1;0;0;0;0;0;0;0;0;0;0;0;0;1
520030;489;8;9;8;10;17;22;10;9;6;11;13;15;627
520050;50;1;0;0;0;0;1;0;1;0;0;0;0;53
520060;26;0;1;1;0;0;0;0;2;3;1;0;0;34
520080;127;3;1;2;3;2;0;0;0;7;9;4;1;159
520085;14;0;0;0;0;1;0;0;1;0;2;0;0;18
520090;129;1;1;1;3;9;7;1;3;1;1;2;0;159
520110;32362;1027;1194;1284;1152;1375;1515;1231;1474;1180;1111;1378;1567;47850
520120;88;13;17;8;3;7;9;6;8;0;4;5;7;175
520130;942;17;20;26;30;36;17;33;29;39;66;41;29;1325
520140;16117;682;918;894;1040;1022;1138;973;962;988;1008;1157;1040;27939
520150;162;0;14;5;2;3;6;6;13;4;8;6;2;231
520160;21;0;0;0;1;0;0;0;0;1;0;0;0;23
520170;297;11;4;5;2;6;4;9;4;7;6;3;14;372
520180;86;3;2;2;2;2;6;0;9;1;2;0;1;116
520215;43;0;0;2;0;2;0;0;4;3;0;2;2;58
520235;78;13;1;12;0;0;2;0;1;1;0;0;1;109
520250;82;0;4;3;0;3;0;3;2;1;2;3;3;106
520260;175;4;6;9;2;1;2;0;0;2;1;1;0;203
520280;89;0;4;2;0;0;0;0;0;0;0;1;0;96
520310;6;0;0;0;0;0;0;0;0;0;0;0;0;6
520320;286;3;27;7;3;2;3;0;4;4;3;1;27;370
520330;893;28;19;35;36;45;29;33;41;29;26;12;48;1274
520340;127;3;3;4;3;5;3;1;0;4;1;1;3;158
520350;730;46;86;50;87;69;43;39;20;16;28;18;36;1268
520355;8;0;0;1;1;0;0;0;1;0;0;0;0;11
520360;50;1;1;1;1;2;2;3;1;2;0;1;0;65
520380;114;3;3;3;3;5;5;1;4;2;1;5;4;153
520390;555;12;14;10;16;12;18;8;12;8;8;5;5;683
520400;113;0;1;9;7;11;11;3;6;27;22;1;9;220
520410;134;2;1;10;0;9;5;1;4;2;0;20;6;194
520420;2;0;0;0;0;0;0;0;0;1;0;3;1;7
520425;312;16;33;36;62;55;45;29;43;43;84;72;175;1005
520430;494;10;4;3;12;7;13;5;8;6;12;9;17;600
520440;550;5;5;11;9;13;11;8;9;4;14;11;40;690
520450;3855;379;210;293;216;357;178;206;316;158;153;284;193;6798
520460;79;3;2;5;1;1;2;3;1;1;0;1;0;99
520465;35;0;0;0;1;0;16;0;0;1;0;0;31;84
520470;69;1;0;2;3;0;2;1;1;1;2;6;3;91
520480;141;0;1;4;1;1;1;5;6;1;4;1;1;167
520490;193;3;2;12;14;14;10;9;8;11;5;14;11;306
520500;224;2;2;4;7;5;5;7;43;52;43;51;21;466
520510;4362;79;83;87;71;69;94;84;91;82;74;72;116;5364
520520;26;0;1;0;0;1;1;0;1;0;0;0;0;30
520530;265;10;8;7;2;34;7;8;50;77;72;120;93;753
520540;1491;77;69;55;36;44;32;48;36;31;30;25;28;2002
520552;1360;59;79;149;86;107;112;228;200;155;132;455;353;3475
520570;18;0;0;0;0;3;0;0;0;0;0;0;1;22
520580;416;3;2;10;1;5;5;9;7;5;5;9;3;480
520590;178;2;0;3;0;0;2;1;4;2;4;2;2;200
520620;1005;21;30;29;27;22;22;35;22;26;27;31;43;1340
520630;63;4;1;0;0;1;1;0;0;0;1;1;0;72
520640;956;30;53;47;62;76;103;133;171;145;126;186;124;2212
520650;87;1;2;4;0;1;0;1;3;3;2;3;0;107
520660;173;4;2;5;1;3;7;1;0;1;1;1;3;202
520670;1;0;0;0;0;0;0;0;0;0;0;0;0;1
520680;105;2;1;1;3;1;1;0;1;2;0;0;1;118
520690;72;2;16;3;3;0;3;1;1;1;1;1;1;105
520710;81;6;4;1;0;0;1;0;0;0;0;2;1;96
520725;128;0;1;1;2;2;2;2;2;2;1;0;15;158
520740;233;5;17;9;11;7;13;9;3;3;5;9;11;335
520750;109;2;3;3;0;1;1;1;1;2;0;2;0;125
520760;259;4;8;39;54;11;3;3;3;1;3;3;2;393
520780;187;4;3;2;3;7;2;2;3;2;0;2;3;220
520790;121;5;5;8;7;3;5;11;11;1;4;5;4;190
520800;2151;59;62;90;75;81;103;131;97;102;105;78;68;3202
520810;279;117;8;5;3;5;3;4;1;2;4;4;2;437
520830;36;0;1;1;1;0;3;1;5;2;7;2;0;59
520840;127;2;12;10;11;5;6;4;9;7;15;6;9;223
520850;169;4;1;3;1;1;2;0;2;0;1;1;1;186
520860;3139;116;71;87;100;114;182;220;170;182;195;218;250;5044
520870;281736;7369;7695;9714;8736;9455;10086;9063;9758;8653;8017;8354;10826;389462
520880;802;12;28;26;30;17;27;26;36;21;13;112;17;1167
520890;1370;36;41;44;42;39;40;39;42;23;41;54;103;1914
520910;2698;38;90;84;94;122;180;125;114;90;107;132;139;4013
520915;51;1;0;1;0;0;3;5;1;3;1;1;1;68
520920;353;5;10;7;7;12;4;7;7;18;5;11;6;452
520940;1;0;0;0;0;0;0;0;0;0;0;0;0;1
520960;65;59;0;1;1;0;0;0;0;0;0;1;1;128
520970;263;8;3;8;2;7;6;2;6;5;1;6;11;328
520980;30;0;1;0;2;0;1;0;1;1;1;0;1;38
520990;27;0;0;0;0;2;1;0;0;0;0;0;0;30
520995;312;6;12;20;14;16;18;12;19;13;14;6;9;471
521000;2194;57;66;60;74;92;97;83;87;83;75;131;51;3150
521010;1239;30;24;30;16;32;28;27;15;67;24;29;34;1595
521020;1532;24;37;28;36;44;34;26;18;27;19;29;24;1878
521030;24;0;0;0;0;0;0;3;0;0;0;0;0;27
521040;837;11;22;16;23;24;17;13;11;32;16;19;24;1065
521060;119;10;0;0;0;1;0;0;1;1;0;1;0;133
521080;268;7;7;3;4;6;2;1;1;8;6;1;2;316
521090;489;8;19;42;33;8;15;53;21;24;36;69;77;894
521100;176;1;4;2;2;0;2;3;7;1;3;2;2;205
521120;812;4;15;25;12;9;10;7;12;3;3;5;18;935
521130;63;0;6;4;6;3;2;0;3;4;1;3;3;98
521140;424;3;25;15;12;2;11;7;6;8;3;5;7;528
521150;8016;278;266;269;322;378;492;323;342;292;265;268;288;11799
521160;28;2;0;4;0;0;2;0;1;1;2;0;4;44
521170;536;15;15;16;14;19;20;16;12;13;153;14;29;872
521180;1180;9;11;14;13;4;10;17;11;17;13;12;28;1339
521190;4843;142;146;209;158;147;173;129;155;152;195;136;135;6720
521200;103;1;2;1;1;2;0;2;0;1;1;0;3;117
521210;283;1;2;2;3;5;7;2;3;4;3;0;9;324
521220;1038;41;33;25;31;28;42;21;30;26;29;22;87;1453
521230;172;8;17;6;7;10;19;5;7;6;8;6;2;273
521250;5202;187;229;225;230;246;296;292;283;259;253;234;266;8202
521260;67;0;0;0;0;0;0;0;0;0;0;0;0;67
521270;13;0;0;0;1;0;0;0;0;1;2;0;0;17
521280;283;17;17;14;13;6;12;4;3;1;4;8;7;389
521290;3;0;0;1;0;0;0;1;0;0;0;0;0;5
521295;9;0;0;0;0;0;0;0;0;1;0;0;0;10
521300;348;12;11;15;46;59;147;62;64;170;41;44;63;1082
521308;1837;102;61;39;36;35;46;27;55;40;41;41;132;2492
521310;2273;50;70;54;88;87;90;75;55;99;69;78;60;3148
521340;75;1;0;0;1;1;1;2;0;0;3;0;5;89
521350;25;0;0;0;0;0;1;0;0;1;0;0;0;27
521370;335;1;5;3;9;4;6;2;3;5;5;6;6;390
521380;1873;63;80;66;64;66;58;65;46;74;50;33;33;2571
521390;170;0;3;9;0;4;18;2;2;1;1;0;3;213
521400;206;1;5;4;1;7;3;5;1;2;0;1;1;237
521405;14;0;1;0;1;1;0;0;1;0;0;1;0;19
521410;144;5;4;1;2;2;3;3;0;3;2;0;0;169
521440;272;5;4;11;8;2;8;14;6;11;2;2;9;354
521450;431;11;25;28;20;9;20;11;18;5;12;7;9;606
521460;3309;142;60;74;65;66;73;107;118;117;65;54;112;4362
521470;4;0;0;0;0;0;0;0;0;0;0;0;0;4
521480;56;1;0;2;0;0;1;1;0;0;0;0;0;61
521483;185;1;1;5;2;0;0;1;2;0;1;2;1;201
521486;71;0;5;2;2;3;2;0;3;0;5;2;1;96
521490;5;1;0;0;0;0;0;0;0;0;0;0;0;6
521500;114;0;3;13;3;2;5;4;5;1;3;0;6;159
521520;35;0;0;1;0;0;0;0;0;0;0;0;0;36
521525;11;0;0;0;0;0;1;2;0;0;1;0;0;15
521530;348;3;6;3;6;8;5;7;10;2;1;4;5;408
521540;21;0;0;0;0;1;0;0;0;1;0;2;3;28
521550;1060;5;2;10;7;14;7;7;11;8;6;8;15;1160
521560;401;17;10;12;7;10;8;14;5;7;11;5;8;515
521570;1687;33;53;35;23;29;41;35;28;21;17;23;24;2049
521580;115;3;1;7;0;6;2;0;1;2;4;0;1;142
521590;37;0;0;0;0;0;0;1;1;1;0;0;1;41
521600;29;0;0;2;2;0;0;0;1;0;2;1;1;38
521630;182;2;5;9;6;7;2;6;4;4;9;4;4;244
521640;661;35;23;24;19;32;39;23;25;16;16;7;18;938
521680;199;15;13;9;19;21;25;20;15;39;27;12;2;416
521690;112;7;5;3;9;38;2;2;2;1;0;0;1;182
521710;916;14;14;32;21;18;17;20;22;24;13;22;18;1151
521720;331;9;10;18;15;9;5;9;20;11;20;9;2;468
521730;332;6;5;16;10;26;10;14;11;5;8;20;8;471
521740;1455;51;34;46;82;45;61;54;84;93;31;27;36;2099
521760;651;8;7;15;12;14;12;10;12;43;32;15;17;848
521770;303;8;6;8;17;7;17;9;8;4;9;3;9;408
521800;2197;66;58;74;50;74;69;89;57;76;55;35;59;2959
521810;157;6;8;6;8;16;8;12;2;6;7;6;7;249
521830;667;30;79;25;5;20;18;25;24;33;17;17;79;1039
521850;2526;369;222;153;131;122;180;158;100;96;87;120;177;4441
521860;497;8;7;10;5;12;11;11;6;11;11;6;2;597
521870;101;10;2;5;4;1;2;17;0;1;4;1;4;152
521880;9129;287;369;398;413;449;455;383;406;375;316;257;337;13574
521890;852;14;12;13;12;21;29;24;31;45;57;74;163;1347
521900;276;3;2;5;3;7;6;7;4;5;8;5;2;333
521910;440;7;5;8;2;21;14;11;23;12;12;7;14;576
521920;90;6;4;0;1;3;0;1;1;2;2;0;0;110
521925;79;0;0;0;0;0;0;0;0;0;0;0;0;79
521930;2707;127;124;87;138;98;111;212;150;122;578;161;82;4697
521935;146;2;2;32;9;1;2;2;4;3;8;1;1;213
521940;149;1;6;7;5;10;4;3;5;3;3;11;2;209
521950;24;0;0;0;0;1;0;1;0;0;0;0;0;26
521960;168;4;1;5;4;4;7;6;7;8;6;0;4;224
521970;442;4;4;9;10;6;7;11;10;6;15;2;3;529
521975;79;10;3;9;13;7;6;7;11;5;4;9;6;169
521980;116;1;3;4;5;0;2;5;2;1;3;4;1;147
521990;253;9;13;8;26;13;12;32;30;95;29;14;1;535
522000;55;3;1;2;2;10;10;2;10;3;2;1;3;104
522005;24;0;0;0;0;0;0;0;0;0;0;0;0;24
522010;1490;20;20;30;29;53;49;54;39;31;37;37;52;1941
522015;8;0;0;0;2;0;0;0;0;0;0;0;0;10
522020;1036;23;34;22;20;63;22;38;29;28;21;22;155;1513
522040;406;11;16;9;4;3;10;5;8;3;12;8;3;498
522045;30;0;3;1;5;8;5;7;9;5;5;0;5;83
522050;329;28;27;22;37;30;56;146;227;50;44;28;23;1047
522060;532;36;14;17;11;13;18;15;7;15;10;9;9;706
522070;19;0;0;0;0;0;0;0;0;0;0;0;0;19
522100;82;0;1;6;3;8;0;2;3;2;4;5;2;118
522130;21;0;0;2;0;0;1;0;0;0;0;0;0;24
522140;1462;36;59;72;55;62;62;52;87;43;51;43;82;2166
522150;112;5;19;2;1;3;7;1;2;1;2;0;2;157
522155;7;0;0;0;0;0;0;0;0;0;0;0;0;7
522160;1817;35;68;27;36;33;39;40;33;29;28;32;31;2248
522170;249;4;7;8;5;9;4;4;7;3;3;5;1;309
522180;148;1;2;0;0;0;1;0;0;0;0;1;1;154
522190;36;1;1;0;3;0;0;0;0;2;0;1;1;45
522200;107;1;1;0;3;1;1;2;3;5;3;3;3;133
522205;120;1;3;9;14;37;16;4;4;3;4;4;9;228
529999;558;7;8;12;22;33;29;14;15;18;18;4;13;751
530010;568515;11606;11918;15839;12807;14262;14585;13175;13661;15801;15125;13986;19240;740520
{ñ class};300764;7453;8855;10357;10747;11525;10915;11360;13717;13457;14543;15785;16603;446081
Total;24486568;804856;854520;1012000;945463;1005276;1001583;991089;1020329;921905;941493;954705;1033897;35973684
