Coluna;Mês Admissão
Município;Não admitido ano;Janeiro;Fevereiro;Março;Abril;Maio;Junho;Julho;Agosto;Setembro;Outubro;Novembro;Dezembro;Total
110001;881;17;28;13;28;64;37;51;34;21;26;18;17;1235
110002;5131;295;520;459;335;308;410;311;316;329;255;247;136;9052
110003;225;8;7;6;3;22;10;10;12;3;5;3;0;314
110004;5393;327;267;441;375;412;453;402;277;321;247;256;216;9387
110005;708;34;18;56;46;221;131;59;62;27;17;27;13;1419
110006;858;92;155;86;74;86;42;22;30;33;20;23;11;1532
110007;116;0;93;23;6;12;7;13;2;7;5;17;0;301
110008;224;1;2;2;62;21;18;7;3;0;1;1;0;342
110009;1030;70;52;42;63;112;37;62;31;30;33;21;45;1628
110010;30352;95;357;378;234;63;110;65;69;29;55;26;30;31863
110011;3211;118;102;133;105;203;185;186;156;133;135;167;77;4911
110012;9796;977;668;571;1374;794;699;651;556;400;441;435;314;17676
110013;476;7;2;28;24;20;12;7;9;7;6;10;3;611
110014;424;14;9;44;38;8;13;7;17;10;4;11;3;602
110015;2057;126;85;102;169;163;77;117;130;160;147;88;116;3537
110018;3243;185;224;174;175;238;215;216;211;200;188;179;103;5551
110020;48954;1593;2042;1775;1693;1912;1816;2071;1634;1473;1601;1308;1142;69014
110025;799;29;67;14;77;95;141;54;20;23;32;40;21;1412
110026;30;30;21;3;7;2;1;18;3;4;0;4;0;123
110028;2302;108;112;150;166;128;229;145;103;148;129;163;260;4143
110029;259;16;76;16;7;20;15;7;12;9;11;6;2;456
110030;5601;304;288;334;396;346;299;315;280;314;390;262;160;9289
110032;437;5;89;16;19;4;19;15;11;4;13;19;2;653
110033;311;5;9;7;11;1;2;1;9;6;8;4;1;375
110034;647;59;47;54;29;12;8;29;9;14;10;6;0;924
110037;3;79;40;8;7;6;4;4;0;1;0;1;3;156
110040;198;36;65;26;16;5;36;4;10;9;20;5;0;430
110045;242;16;11;37;25;26;25;10;28;7;25;7;1;460
110050;82;1;1;35;0;62;34;5;10;60;3;12;0;305
110060;54;29;45;24;4;2;8;16;1;9;2;3;4;201
110070;105;4;2;3;6;7;3;13;8;16;5;2;0;174
110080;269;17;8;18;28;29;18;14;8;3;19;5;9;445
110090;174;6;6;2;14;11;8;2;2;3;6;1;4;239
110092;255;62;5;58;25;26;13;12;12;11;10;7;19;515
110094;126;46;60;14;17;13;21;36;28;10;13;5;1;390
110100;131;0;0;22;61;9;8;3;1;2;0;2;1;240
110110;222;18;6;52;19;5;4;4;24;7;5;3;4;373
110120;159;2;2;42;8;7;5;6;7;5;1;4;1;249
110130;364;4;11;30;15;13;5;12;7;8;18;6;3;496
110140;306;57;54;16;20;10;6;4;111;29;19;7;1;640
110143;8;0;0;0;2;0;0;0;0;0;0;0;0;10
110145;0;3;0;50;24;6;8;4;1;0;1;3;1;101
110146;44;0;64;6;1;3;0;0;1;0;0;0;2;121
110147;4;0;24;26;11;7;8;10;0;3;6;0;0;99
110148;40;23;9;24;9;2;11;10;2;1;0;2;0;133
110149;96;18;101;21;64;24;15;36;5;2;2;11;0;395
110150;98;6;1;7;11;6;2;2;1;4;5;6;1;150
110155;42;2;7;4;4;8;0;2;2;0;0;2;2;75
110160;189;12;18;6;115;23;17;15;12;6;7;7;7;434
110170;203;0;8;9;13;6;1;2;2;0;8;3;0;255
110175;166;1;7;4;1;2;0;80;30;9;6;3;0;309
110180;182;0;3;4;19;45;11;5;2;12;3;6;0;292
120001;64;2;0;1;2;95;7;7;1;2;5;1;0;187
120005;112;8;0;0;0;0;0;0;0;0;1;0;0;121
120010;313;4;1;16;10;7;6;12;7;1;5;10;0;392
120013;220;9;16;24;9;24;7;9;15;3;6;3;8;353
120017;80;10;0;7;3;0;2;3;0;0;0;0;0;105
120020;1908;59;22;113;38;118;57;40;53;39;26;21;35;2529
120025;159;4;2;3;2;3;6;0;0;4;0;1;1;185
120030;399;0;0;4;0;2;4;1;1;0;0;0;0;411
120033;151;0;0;0;0;0;0;1;0;0;0;0;0;152
120034;69;5;0;0;0;0;0;0;0;0;0;0;0;74
120035;84;11;0;16;2;0;1;0;0;0;0;1;0;115
120038;236;3;0;3;0;5;7;15;16;2;2;3;0;292
120039;94;0;0;0;0;0;0;0;0;0;0;0;0;94
120040;50534;1721;1151;1805;1183;1153;1037;884;903;829;749;705;456;63110
120042;104;2;1;4;19;2;4;0;0;0;0;0;0;136
120043;275;14;11;24;26;14;21;33;13;6;3;5;8;453
120045;315;39;3;13;15;22;12;12;10;18;32;7;3;501
120050;512;14;3;6;5;13;9;57;9;6;6;2;7;649
120060;478;17;1;7;10;5;5;6;11;10;5;6;1;562
120070;333;1;2;32;0;3;7;3;3;4;2;3;0;393
120080;122;1;1;1;3;1;2;1;3;1;1;2;1;140
130002;32;17;46;0;0;0;0;0;1;0;0;0;0;96
130006;176;2;12;0;11;2;1;1;0;1;3;5;0;214
130008;1;0;0;0;0;0;0;0;0;1;0;0;1;3
130010;20;0;0;0;0;0;0;0;0;0;0;0;0;20
130014;189;4;102;10;2;4;1;0;0;0;0;1;0;313
130020;3;0;0;0;1;0;0;0;0;0;0;0;0;4
130030;66;1;1;0;0;0;0;0;0;0;0;0;0;68
130040;60;4;31;18;0;0;0;0;0;1;0;0;1;115
130050;83;1;0;0;31;1;0;0;0;0;0;0;0;116
130060;275;0;2;86;11;2;0;1;0;1;0;0;0;378
130063;0;0;0;0;0;0;0;0;1;0;0;0;0;1
130068;96;1;0;4;0;0;0;0;0;0;0;0;0;101
130070;245;2;0;0;2;1;1;0;4;1;1;0;0;257
130080;167;1;0;2;1;0;2;0;2;23;4;10;0;212
130083;192;0;0;4;0;0;0;1;0;0;0;0;0;197
130090;1;0;0;0;0;0;0;0;1;0;0;0;0;2
130100;219;120;32;16;18;14;9;9;9;21;16;15;22;520
130110;221;16;124;4;2;4;1;2;4;2;3;0;0;383
130115;4;0;0;0;0;1;0;0;0;1;0;1;0;7
130120;2546;473;144;172;160;250;190;108;133;230;71;49;8;4534
130130;130;1;1;1;0;3;2;0;0;0;0;0;0;138
130140;127;2;1;3;3;4;1;4;16;2;0;1;1;165
130150;33;2;0;0;3;2;0;0;1;0;0;2;0;43
130160;76;1;1;1;1;0;0;0;0;0;0;0;0;80
130165;3;0;0;0;4;1;2;0;0;0;0;0;0;10
130170;967;24;9;11;8;5;34;97;6;4;12;6;3;1186
130180;125;0;0;0;0;0;0;0;0;0;0;0;0;125
130185;682;30;11;118;60;18;25;72;170;68;16;45;12;1327
130190;4399;193;89;124;99;70;99;72;93;80;38;53;27;5436
130195;3;0;0;0;0;0;0;0;0;0;0;0;0;3
130200;146;0;0;0;0;0;0;0;0;0;0;0;0;146
130210;1;0;0;0;0;0;0;0;0;0;0;0;0;1
130220;1;0;0;0;0;0;0;0;0;0;0;0;0;1
130230;9;0;0;0;0;0;0;0;0;0;0;0;0;9
130240;141;3;0;1;0;1;10;2;4;1;2;10;2;177
130250;594;46;20;22;91;34;18;32;147;66;23;13;9;1115
130255;332;9;2;27;44;59;68;146;61;351;62;82;40;1283
130260;217739;7822;5534;7626;6941;7640;7158;7289;6847;6632;6332;7071;3722;298353
130270;262;35;4;26;4;17;3;2;3;7;5;1;0;369
130280;1;0;0;0;0;0;0;0;0;0;0;0;0;1
130290;743;29;85;88;29;12;29;53;7;8;30;3;2;1118
130300;242;1;1;3;3;0;0;0;0;6;4;6;0;266
130310;313;2;2;10;4;4;2;2;2;0;4;3;0;348
130320;31;1;0;1;0;0;0;0;0;7;0;2;6;48
130330;1;5;0;0;0;0;0;0;0;17;0;1;0;24
130340;481;54;42;19;25;21;42;18;20;17;14;18;13;784
130350;74;1;0;0;0;0;0;0;0;2;0;0;0;77
130353;2157;81;161;27;36;83;41;104;362;187;125;163;37;3564
130356;301;2;7;7;7;3;2;1;1;7;1;3;2;344
130360;10;0;4;0;3;0;1;0;2;0;0;1;0;21
130370;13;0;0;0;0;0;0;0;0;0;0;0;0;13
130380;440;2;3;1;2;4;4;4;1;0;4;1;2;468
130390;19;0;0;0;0;0;0;0;0;0;0;4;0;23
130395;11;0;0;0;1;1;0;0;0;0;0;0;0;13
130400;25;0;5;0;0;0;0;0;0;0;3;0;0;33
130406;166;3;1;1;3;5;0;5;1;10;1;45;0;241
130410;194;1;0;0;0;0;0;0;0;0;0;0;0;195
130420;1033;52;23;27;18;107;187;824;48;150;28;11;10;2518
130423;1;0;0;0;0;0;0;0;0;0;0;0;0;1
130426;3;0;0;0;0;0;0;0;0;0;0;0;0;3
130430;214;1;4;3;15;1;1;0;1;2;0;0;1;243
130440;386;2;0;0;0;1;28;7;0;17;0;0;0;441
140005;13;1;1;67;35;8;4;11;8;0;6;0;0;154
140010;24547;903;696;914;853;777;835;677;777;741;634;649;402;33405
140015;11;0;0;2;10;2;0;2;5;0;0;1;0;33
140017;27;0;0;0;0;0;2;3;0;1;0;4;3;40
140020;194;4;4;120;12;23;7;27;72;25;20;45;12;565
140028;16;0;0;0;0;3;0;0;0;0;0;0;1;20
140030;60;1;4;5;2;0;2;2;9;0;3;0;0;88
140040;3;0;0;0;0;0;0;0;0;0;0;0;0;3
140045;23;2;0;4;1;0;2;4;0;4;1;1;1;43
140047;1;0;0;0;0;0;0;0;0;0;0;5;0;6
140050;17;0;0;0;0;0;0;0;1;1;0;0;0;19
140060;51;5;4;0;2;3;0;1;4;4;4;1;0;79
150010;1840;35;20;48;70;114;45;35;68;60;71;44;53;2503
150013;72;1;4;1;28;10;0;12;1;7;0;0;9;145
150020;480;2;2;12;9;5;4;4;1;0;2;4;1;526
150030;387;4;77;12;7;7;7;13;8;8;1;4;3;538
150034;114;37;3;6;6;2;6;11;3;0;2;1;0;191
150040;555;12;5;13;7;5;5;3;5;1;5;1;0;617
150050;5615;286;196;168;100;181;241;214;131;122;224;152;120;7750
150060;2289;155;99;138;101;161;90;92;188;170;122;120;95;3820
150070;25;0;0;0;0;0;1;0;0;0;0;0;0;26
150080;18196;781;961;888;817;951;1025;867;803;1299;866;850;579;28883
150090;278;0;5;1;1;0;4;0;0;0;0;0;0;289
150095;411;10;3;24;2;2;6;2;1;0;5;10;0;476
150100;130;2;0;2;1;0;0;0;2;0;0;0;0;137
150110;5;0;0;0;0;0;0;0;0;0;0;0;0;5
150120;170;1;0;1;1;0;5;1;0;1;0;0;0;180
150125;0;1;0;0;0;0;0;0;1;0;0;0;0;2
150130;4979;123;154;212;141;265;124;208;150;117;222;151;128;6974
150140;258448;6814;6061;8253;5141;6429;7061;6392;5722;5768;5299;5139;3799;330326
150145;1326;30;41;12;23;29;11;19;12;15;10;13;36;1577
150150;1421;55;34;41;49;42;39;26;21;68;20;10;26;1852
150157;2432;21;46;64;58;40;42;42;72;74;55;641;36;3623
150160;26;0;0;2;0;0;0;1;2;0;0;0;0;31
150170;1360;19;53;83;20;21;29;19;27;18;20;18;13;1700
150172;47;6;51;3;0;0;0;0;2;0;0;0;1;110
150175;89;13;186;71;7;2;2;2;2;5;0;0;1;380
150178;810;61;26;48;18;22;10;27;21;23;14;36;0;1116
150180;2685;53;30;42;60;40;36;36;55;56;76;75;15;3259
150190;260;2;0;2;0;3;4;0;0;0;1;1;0;273
150195;0;3;0;0;0;0;0;0;0;0;0;0;0;3
150200;336;2;2;2;2;5;0;0;2;1;2;0;0;354
150210;726;12;3;99;12;34;14;7;8;1;4;3;2;925
150215;34;5;5;5;5;0;0;0;14;16;20;5;7;116
150220;2580;98;46;63;74;42;88;26;38;64;74;101;27;3321
150230;429;19;5;4;20;1;14;4;49;15;6;3;1;570
150240;8552;755;259;308;360;339;358;372;343;293;264;291;217;12711
150250;311;10;4;1;1;3;2;1;1;0;1;0;2;337
150260;4;0;0;0;0;0;0;0;0;0;0;0;0;4
150270;1048;25;16;57;24;25;14;27;15;13;16;12;17;1309
150275;592;33;42;11;15;28;6;11;20;6;3;1;2;770
150276;216;32;14;28;34;84;111;82;62;107;41;39;26;876
150277;180;16;7;36;15;20;26;28;97;52;41;95;12;625
150280;116;2;0;0;1;0;0;0;0;0;0;0;0;119
150285;9;0;0;0;0;0;0;0;0;0;1;0;0;10
150290;296;1;10;3;3;1;0;2;3;0;1;0;0;320
150293;1704;80;81;120;38;45;139;85;53;68;57;53;9;2532
150295;238;18;114;46;57;133;44;10;12;1;5;3;1;682
150300;83;0;123;11;0;1;0;0;2;0;0;0;0;220
150304;159;7;38;8;2;5;1;4;0;6;21;3;0;254
150307;19;0;0;0;0;0;13;0;4;0;0;0;2;38
150309;120;3;2;15;15;70;40;15;32;11;17;14;0;354
150310;17;2;0;2;0;1;1;1;0;1;0;0;0;25
150320;456;15;7;17;13;11;8;28;13;15;4;12;10;609
150330;708;13;6;7;6;3;8;0;0;5;4;8;5;773
150340;181;1;11;4;6;1;2;2;1;1;0;0;9;219
150345;253;14;10;26;9;8;21;11;5;6;11;2;13;389
150350;334;3;3;0;2;2;6;4;5;1;3;3;3;369
150360;3044;80;112;128;94;168;86;56;74;61;46;33;15;3997
150370;119;0;3;9;4;8;3;1;2;4;2;0;0;155
150375;22;0;1;0;1;0;4;0;0;0;0;1;0;29
150380;727;20;12;45;63;145;304;79;27;48;49;93;14;1626
150390;132;3;2;0;0;0;2;0;3;0;0;0;0;142
150400;18;4;0;0;0;2;0;0;0;0;0;0;0;24
150405;216;16;9;32;1;6;4;13;15;21;5;9;8;355
150410;184;13;0;0;0;0;0;1;0;0;0;0;0;198
150420;7724;321;219;284;329;367;356;370;426;384;315;344;258;11697
150430;170;0;0;2;2;2;1;1;2;1;3;0;1;185
150440;445;2;3;2;5;0;1;1;3;3;2;1;6;474
150442;1806;54;48;49;54;49;62;28;37;46;39;33;16;2321
150445;362;3;2;0;0;33;3;1;3;127;2;8;5;549
150450;7;0;0;0;0;0;0;0;0;0;0;0;0;7
150460;20;8;1;0;0;0;0;0;0;0;0;0;0;29
150470;1363;94;28;62;55;50;122;44;40;55;65;65;14;2057
150480;793;12;5;10;3;8;3;10;7;3;1;1;2;858
150490;341;1;0;0;0;0;0;0;0;0;0;5;0;347
150495;89;7;1;8;0;0;1;5;1;0;3;0;0;115
150497;61;5;0;1;0;9;21;8;3;2;1;5;1;117
150500;401;11;3;4;6;0;3;2;4;0;1;0;1;436
150503;194;14;8;1;10;24;100;12;34;15;13;3;4;432
150506;226;14;8;16;8;4;14;18;20;9;22;3;4;366
150510;781;5;2;2;79;32;27;5;2;17;7;1;1;961
150520;195;5;0;0;0;0;0;0;0;0;0;0;0;200
150530;3078;132;91;135;127;129;86;118;139;122;105;162;126;4550
150540;245;1;0;1;1;0;2;0;1;0;1;0;1;253
150543;200;3;1;4;2;1;39;4;0;0;0;4;1;259
150548;42;1;0;2;0;0;9;29;1;1;2;2;0;89
150549;104;6;1;0;0;0;0;0;0;0;0;0;0;111
150550;7961;395;352;542;345;384;447;489;609;394;348;307;161;12734
150553;5587;228;181;314;274;221;900;306;363;222;186;155;104;9041
150555;15;1;1;5;0;0;0;0;1;0;0;1;0;24
150560;109;0;0;1;0;0;0;1;1;1;0;0;0;113
150563;89;22;20;39;4;6;29;20;10;16;2;1;1;259
150565;0;0;0;0;0;1;0;4;0;0;0;0;0;5
150570;390;4;1;8;3;4;0;1;0;1;1;4;2;419
150580;1003;146;31;32;16;13;23;21;28;20;12;21;8;1374
150590;37;4;5;3;0;0;1;0;1;0;3;3;2;59
150600;375;5;3;6;1;45;10;7;14;7;8;7;1;489
150610;292;1;2;5;2;6;1;1;6;1;0;0;0;317
150611;174;14;5;12;1;2;1;0;0;0;0;0;0;209
150613;3092;136;131;166;164;184;337;160;233;107;114;85;72;4981
150616;428;80;41;8;26;12;13;12;11;5;2;4;3;645
150618;1993;110;37;166;158;93;153;197;166;233;185;96;37;3624
150619;206;2;5;2;0;7;9;1;1;0;4;1;0;238
150620;707;8;15;12;24;44;65;48;14;35;24;25;21;1042
150630;259;4;8;24;0;2;0;3;3;4;0;2;1;310
150635;1027;7;22;88;62;75;34;32;46;45;32;60;72;1602
150640;33;0;0;3;1;1;0;0;0;0;0;0;0;38
150650;3239;109;99;124;79;74;99;72;57;89;81;82;44;4248
150655;261;1;4;13;1;0;3;0;0;0;0;0;0;283
150658;164;5;62;15;15;5;34;9;6;15;4;10;4;348
150660;400;7;8;3;6;5;2;10;2;0;5;6;1;455
150670;586;63;34;30;78;43;67;72;62;249;95;26;9;1414
150680;10128;737;421;400;380;315;368;545;521;448;426;412;266;15367
150690;3;0;0;0;7;0;0;1;0;0;0;0;0;11
150700;758;28;21;19;12;23;14;27;10;27;15;34;30;1018
150710;495;1;9;20;15;5;17;4;0;1;0;0;0;567
150715;22;0;2;0;1;1;1;0;1;0;14;1;0;43
150720;677;4;1;21;3;5;2;0;7;2;0;3;0;725
150730;93;10;2;4;85;47;23;49;5;5;0;4;4;331
150740;259;5;1;5;0;4;6;9;4;5;4;3;5;310
150745;297;30;10;38;44;8;59;11;8;7;9;5;1;527
150746;81;0;2;0;2;2;0;1;0;0;1;0;1;90
150747;327;20;5;3;0;10;4;0;2;0;1;6;1;379
150750;13;1;0;1;0;2;2;0;0;0;2;0;0;21
150760;1575;42;41;86;44;85;90;53;75;75;75;55;37;2333
150770;58;2;0;0;0;0;0;0;0;0;0;0;0;60
150775;49;48;12;8;2;87;11;36;8;44;4;2;3;314
150780;185;17;0;16;65;10;6;15;14;33;12;7;1;381
150790;517;3;4;3;1;4;6;3;1;0;4;1;1;548
150795;1570;102;90;90;98;166;252;192;128;197;79;62;35;3061
150796;147;6;3;1;5;0;1;1;0;1;0;0;0;165
150797;37;0;1;0;0;0;0;0;0;0;0;1;4;43
150800;1685;133;91;58;56;74;98;117;122;118;88;29;24;2693
150803;66;0;0;163;0;1;0;0;1;0;0;2;0;233
150805;108;1;2;4;19;2;13;5;11;3;3;5;2;178
150808;226;8;3;6;12;6;27;52;9;5;1;2;6;363
150810;3178;128;51;102;73;119;180;443;927;557;279;394;153;6584
150812;1216;42;155;83;614;46;35;88;140;61;60;100;18;2658
150815;236;16;27;19;30;54;54;31;22;35;31;23;9;587
150820;442;58;10;47;33;31;14;6;9;12;16;13;13;704
150830;706;13;208;31;7;3;10;2;0;0;0;1;0;981
150835;5;1;0;0;0;0;0;1;0;2;2;0;0;11
150840;1178;100;62;76;79;152;186;132;220;126;169;104;76;2660
160005;218;39;28;35;4;3;13;7;11;4;3;2;1;368
160010;166;4;16;27;7;8;1;3;5;1;3;1;8;250
160015;21;0;9;13;0;0;1;0;0;5;0;1;0;50
160020;76;2;0;1;0;1;1;2;0;0;1;0;0;84
160021;111;8;14;7;6;3;5;0;0;1;0;1;0;156
160023;103;3;2;12;3;0;1;0;0;0;0;1;0;125
160025;2;0;0;14;0;2;0;0;0;0;0;0;0;18
160027;230;9;12;23;23;26;12;12;25;20;7;5;20;424
160030;36421;1058;1020;1311;1233;977;1016;1018;895;914;880;787;543;48073
160040;261;37;7;12;7;4;14;7;6;3;8;4;6;376
160050;96;12;7;2;6;3;1;25;13;12;2;2;1;182
160053;614;61;46;32;3;12;20;31;61;63;3;26;36;1008
160055;16;1;2;2;0;2;1;12;2;1;0;0;0;39
160060;2735;150;150;216;148;316;223;161;167;140;100;104;98;4708
160070;242;2;5;23;1;18;5;0;0;1;0;0;0;297
160080;55;1;19;3;0;0;5;0;0;0;0;0;0;83
170025;1;0;0;0;0;0;0;0;1;0;0;0;0;2
170030;73;4;5;5;10;1;2;1;0;0;0;4;1;106
170035;215;5;7;7;15;14;8;15;16;14;13;5;6;340
170040;44;5;13;15;10;5;2;3;31;5;33;4;2;172
170070;413;23;9;10;24;29;11;21;15;8;8;20;2;593
170100;169;7;10;1;0;7;15;5;9;3;4;2;0;232
170105;26;1;0;1;0;11;30;1;0;0;0;0;0;70
170110;19;0;11;3;2;0;1;1;1;0;6;0;0;44
170130;132;6;8;3;3;1;3;3;4;3;2;0;2;170
170190;157;5;8;1;2;3;5;4;4;4;1;2;1;197
170200;670;69;71;104;54;22;20;22;28;15;94;37;12;1218
170210;7888;316;241;303;475;463;331;351;414;363;334;350;237;12066
170215;37;2;1;4;1;1;4;3;2;2;3;1;3;64
170220;268;8;3;9;7;21;16;20;57;17;11;7;2;446
170230;192;8;5;4;6;5;12;34;2;11;2;5;4;290
170240;287;14;35;170;58;19;15;1;415;59;21;2;1;1097
170255;289;1;12;2;16;7;21;8;10;8;2;3;9;388
170270;4;0;0;0;0;0;0;0;1;0;0;0;0;5
170290;220;14;7;2;1;0;3;0;0;0;0;1;0;248
170300;162;4;2;0;0;8;1;0;4;5;2;1;0;189
170305;6;1;0;0;1;1;0;0;0;0;0;0;0;9
170307;3;2;0;3;1;1;0;0;2;0;0;0;0;12
170310;126;6;4;0;4;2;9;0;1;7;0;0;3;162
170320;94;1;9;4;0;4;2;0;9;3;0;0;1;127
170330;58;0;0;2;2;0;1;0;0;1;0;0;0;64
170360;58;0;0;0;0;0;2;0;0;0;0;0;0;60
170370;113;4;3;7;2;4;1;2;11;1;4;3;1;156
170380;55;5;17;13;4;7;1;0;0;0;0;0;0;102
170382;7;0;26;0;0;0;2;0;0;0;0;0;0;35
170384;83;0;0;0;0;0;0;0;9;1;1;1;0;95
170386;166;20;13;21;11;11;16;36;18;15;7;13;10;357
170388;59;1;0;0;0;2;0;0;1;0;3;1;2;69
170389;48;0;0;0;0;0;0;0;0;3;0;0;0;51
170390;103;1;1;5;1;2;5;5;4;4;5;2;2;140
170410;1;0;0;0;0;0;0;0;0;0;0;0;0;1
170460;9;18;29;1;0;1;0;0;1;2;1;0;0;62
170510;3;0;1;0;0;0;1;1;0;0;0;1;0;7
170550;1300;56;57;83;22;191;104;165;52;41;60;56;25;2212
170555;49;3;1;0;1;2;35;0;2;0;0;0;0;93
170560;3;2;2;1;0;0;0;0;0;0;0;0;0;8
170600;18;0;6;0;0;0;14;2;1;6;1;1;0;49
170610;351;16;11;38;34;16;18;8;9;3;5;5;4;518
170625;6;1;0;1;1;0;1;24;24;0;0;0;0;58
170650;23;4;0;0;5;5;0;2;0;0;0;0;1;40
170700;474;25;56;20;18;27;30;18;19;10;6;13;6;722
170710;155;10;45;4;4;13;10;5;4;4;8;2;5;269
170720;72;14;0;0;3;3;5;1;3;4;1;2;5;113
170730;149;3;3;4;3;4;16;4;8;8;6;6;3;217
170740;1;0;2;0;3;0;1;0;0;0;0;0;0;7
170755;51;5;0;3;1;0;3;0;5;0;0;2;1;71
170765;261;4;1;9;8;6;11;17;6;11;3;1;6;344
170770;148;0;1;2;0;0;0;0;3;0;0;0;1;155
170820;1310;33;62;142;43;53;33;53;84;60;52;37;18;1980
170825;106;0;1;0;14;0;2;2;1;5;1;0;0;132
170830;12;0;0;1;4;3;0;1;7;0;4;4;2;38
170900;172;1;11;15;3;6;1;2;2;2;0;0;0;215
170930;898;26;26;62;48;34;16;33;40;15;23;48;16;1285
170950;6334;423;480;518;535;481;500;545;605;373;377;313;179;11663
170980;1;0;0;0;0;0;0;1;0;0;0;0;0;2
171050;98;0;2;0;0;0;0;0;0;1;0;0;1;102
171070;64;2;0;0;0;1;0;0;0;1;6;0;0;74
171090;10;1;0;0;0;0;1;0;2;0;1;0;1;16
171110;132;0;4;1;0;4;0;1;0;0;2;1;0;145
171150;70;0;0;0;1;0;0;8;7;1;0;0;0;87
171180;5;0;0;0;0;0;0;0;1;0;0;0;0;6
171190;240;41;51;72;26;37;18;25;12;18;1;21;1;563
171195;40;0;0;0;0;0;0;0;0;0;0;0;0;40
171200;42;4;1;11;2;1;2;1;1;4;2;0;1;72
171240;4;0;0;0;1;0;0;0;0;0;0;0;0;5
171245;16;1;0;0;0;2;0;0;0;0;0;0;0;19
171250;183;1;5;3;4;5;3;7;8;2;7;0;0;228
171270;20;2;0;1;0;0;0;0;0;0;0;0;0;23
171280;41;0;0;0;0;0;0;0;0;0;0;0;0;41
171320;595;52;61;173;137;173;228;259;255;192;185;158;90;2558
171330;196;43;67;99;66;65;30;31;46;29;42;11;27;752
171360;126;7;15;6;1;0;4;1;3;2;3;3;1;172
171370;0;1;0;0;0;1;3;8;15;5;0;1;0;34
171380;38;0;0;0;0;1;1;4;11;0;0;0;0;55
171395;25;1;0;1;2;1;38;4;0;1;0;0;0;73
171420;151;25;4;6;2;35;15;15;6;11;5;4;0;279
171430;35;2;0;0;0;0;0;0;0;1;0;6;0;44
171488;169;12;1;17;5;5;6;7;6;8;4;3;7;250
171500;102;3;4;1;0;1;5;0;0;3;2;0;0;121
171510;14;8;35;15;4;1;0;1;2;0;0;0;0;80
171515;40;0;0;0;0;1;0;0;0;0;0;0;0;41
171525;51;5;2;9;7;1;4;3;0;0;0;0;0;82
171550;25;0;0;0;0;0;0;1;0;0;0;0;0;26
171570;1;0;0;1;0;0;0;0;0;1;0;0;0;3
171575;214;4;2;5;7;1;1;12;3;0;3;0;2;254
171610;2820;139;213;216;272;408;559;319;222;278;138;76;123;5783
171620;93;0;1;0;0;0;0;0;2;4;1;0;0;101
171630;57;0;0;0;0;0;0;0;0;0;0;0;0;57
171650;260;5;20;82;21;16;10;11;13;26;11;8;1;484
171660;236;4;3;4;7;7;6;12;11;7;2;5;0;304
171665;70;2;4;1;4;3;0;2;1;1;2;9;1;100
171670;179;0;2;7;3;0;0;0;1;3;5;2;2;204
171700;23;0;0;0;0;0;1;0;0;0;0;0;0;24
171720;172;8;3;3;5;3;5;6;11;1;4;0;2;223
171750;219;19;17;4;30;49;30;23;5;6;7;2;4;415
171780;17;2;0;0;0;0;0;0;0;0;2;0;1;22
171790;79;11;25;3;2;1;2;1;5;0;1;0;0;130
171800;57;0;0;0;0;0;0;0;0;0;0;0;0;57
171820;2186;166;311;249;141;187;196;184;125;98;141;136;66;4186
171830;1;0;0;0;0;0;0;0;0;0;0;0;0;1
171840;122;1;0;2;2;10;1;1;1;1;5;3;0;149
171845;89;30;14;0;9;3;3;3;0;0;6;0;2;159
171850;38;0;0;0;0;0;0;0;0;3;0;0;0;41
171855;2;0;0;0;1;0;0;0;0;0;0;0;0;3
171865;49;0;3;1;2;1;0;0;1;0;1;0;0;58
171870;12;0;0;1;8;1;0;0;0;1;0;0;0;23
171875;9;0;0;0;0;1;1;0;0;1;0;0;0;12
171880;0;0;0;0;0;0;0;0;0;0;2;0;0;2
171884;69;4;11;6;3;2;2;1;4;2;0;0;2;106
171886;196;6;3;2;5;5;4;13;0;8;8;4;1;255
171888;3;0;0;1;4;0;3;0;0;0;0;0;0;11
171889;24;0;7;0;2;0;0;0;0;0;0;0;0;33
171890;3;0;0;0;0;0;1;0;0;1;0;1;1;7
171900;2;0;0;0;0;2;0;0;0;1;0;0;0;5
172000;0;0;0;0;0;0;0;0;0;0;0;0;1;1
172010;6;0;1;1;0;1;1;0;1;3;2;1;0;17
172015;1;0;0;0;0;0;0;0;0;0;0;0;0;1
172020;70;1;0;0;0;15;0;5;0;0;0;0;0;91
172025;41;0;1;1;0;3;2;0;1;0;0;0;0;49
172030;1;0;0;0;0;0;0;1;0;0;0;0;0;2
172049;146;0;1;2;2;5;1;2;2;1;0;0;0;162
172065;21;1;1;3;2;1;1;0;1;4;2;0;0;37
172080;115;0;1;0;0;0;1;0;0;1;0;0;2;120
172085;29;2;0;0;0;3;1;3;1;1;3;0;0;43
172090;232;11;10;17;5;0;7;7;5;22;17;3;1;337
172093;5;0;0;0;1;0;0;0;0;0;0;1;0;7
172097;18;0;2;2;0;4;1;1;3;2;2;0;3;38
172100;45828;2442;1909;1559;1543;1515;1791;1201;1067;1006;941;945;540;62287
172110;127;0;0;14;3;2;4;0;1;0;0;2;1;154
172120;471;20;32;32;18;19;31;9;37;11;6;5;3;694
172125;60;2;0;5;2;5;2;0;0;0;0;0;0;76
172130;77;1;3;2;0;1;0;0;0;0;0;0;0;84
172208;292;10;4;9;13;4;2;7;2;3;0;7;0;353
172210;221;6;30;11;21;39;46;16;31;20;5;26;9;481
210005;5494;238;188;307;286;206;442;332;233;172;239;107;69;8313
210010;1;0;0;0;0;0;0;0;0;0;0;0;0;1
210020;371;45;7;11;4;1;0;0;0;1;2;3;0;445
210030;106;1;2;8;6;0;4;0;3;0;0;0;1;131
210040;36;0;0;1;0;0;0;0;0;0;0;0;0;37
210043;163;17;26;7;3;8;10;1;0;1;0;1;0;237
210047;113;0;2;2;0;0;0;0;1;1;0;0;0;119
210050;57;23;3;3;14;0;4;4;0;3;1;0;0;112
210055;10;0;0;0;0;1;0;0;0;0;0;0;0;11
210060;17;0;0;0;1;17;1;0;0;0;0;0;0;36
210070;14;2;0;0;0;2;0;0;0;0;0;0;0;18
210080;130;15;0;6;0;0;1;2;0;0;0;2;0;156
210087;0;6;0;0;0;0;0;0;0;0;0;0;0;6
210090;392;5;2;1;0;1;3;1;10;2;2;0;0;419
210095;44;5;1;0;1;1;0;0;0;0;0;0;0;52
210100;829;6;5;0;1;0;0;0;0;0;2;0;0;843
210110;196;13;0;18;0;2;0;0;0;0;0;0;0;229
210120;3968;104;83;121;80;129;94;68;165;89;88;120;67;5176
210125;387;21;19;35;21;36;26;2;12;15;50;26;15;665
210130;10;0;0;1;0;0;0;0;0;0;0;0;0;11
210135;1;0;0;0;0;0;0;0;0;0;0;0;0;1
210140;2033;98;36;148;97;74;65;75;143;85;118;132;61;3165
210150;457;2;0;6;0;5;2;0;0;1;7;0;0;480
210160;1430;46;134;31;15;44;64;44;30;19;12;14;8;1891
210170;592;11;2;24;11;5;5;0;2;1;0;2;0;655
210180;7;0;0;0;0;0;0;0;0;0;0;0;0;7
210190;413;1;0;0;0;1;0;0;0;0;1;0;0;416
210193;18;2;1;2;0;1;2;0;0;0;0;0;0;26
210200;234;44;23;11;3;8;5;10;3;3;2;0;1;347
210203;83;0;0;0;0;4;0;0;0;0;0;0;4;91
210210;479;3;7;6;0;1;0;1;3;2;0;1;0;503
210220;16;0;0;0;0;1;0;0;0;0;0;0;0;17
210230;71;0;0;0;1;0;0;0;0;0;0;0;0;72
210232;128;6;1;3;21;10;25;29;4;10;3;1;0;241
210235;13;12;101;20;5;3;2;0;0;0;0;0;0;156
210237;73;3;0;13;1;0;0;0;0;0;0;0;0;90
210240;197;0;0;0;0;0;0;0;0;0;0;0;0;197
210250;36;10;2;3;0;0;0;0;0;0;0;0;0;51
210255;680;78;53;48;22;27;192;113;67;6;3;50;2;1341
210260;22;0;0;0;0;0;0;0;0;0;0;0;0;22
210270;112;1;3;2;0;0;0;0;1;5;3;7;2;136
210275;25;0;1;0;2;4;0;0;0;1;5;0;2;40
210280;868;41;44;17;15;25;26;23;24;19;16;27;6;1151
210290;374;13;10;27;10;32;11;26;61;23;9;17;1;614
210300;4326;163;79;173;126;125;152;162;111;90;175;116;101;5899
210310;4;0;0;0;0;0;0;0;0;0;0;0;0;4
210317;7;0;0;0;0;0;0;1;0;0;0;0;0;8
210320;2177;27;5;37;8;8;5;11;14;12;6;9;0;2319
210325;258;166;45;23;56;9;24;13;17;14;22;1;4;652
210330;2906;47;143;202;70;79;56;64;57;59;76;45;14;3818
210340;1852;203;146;40;9;23;1634;143;5;57;14;19;14;4159
210350;203;10;9;30;6;4;9;5;2;6;2;1;2;289
210355;0;0;0;0;0;8;1;0;0;1;0;0;0;10
210360;1752;42;24;26;27;11;15;10;8;7;10;22;0;1954
210370;462;4;3;140;126;58;6;8;6;6;6;5;1;831
210375;12;1;1;106;3;0;0;0;1;0;0;0;0;124
210380;312;9;24;9;6;6;9;4;1;5;6;10;10;411
210390;53;0;0;0;0;0;0;0;0;0;0;0;0;53
210400;248;0;3;5;3;3;2;0;0;0;0;2;0;266
210405;588;7;20;50;7;11;27;12;35;9;10;2;3;781
210408;22;0;0;0;0;1;0;0;0;0;0;0;0;23
210410;292;0;1;8;1;0;0;0;0;1;1;5;0;309
210420;122;0;0;0;1;0;0;0;0;0;1;0;0;124
210430;22;0;0;0;0;0;1;24;1;0;0;0;0;48
210440;13;0;0;0;0;0;0;0;0;0;0;0;0;13
210450;95;1;0;0;1;2;3;5;7;1;23;4;0;142
210455;44;20;121;2;8;7;0;15;5;4;1;3;0;230
210460;226;11;1;63;2;2;0;0;1;0;1;0;0;307
210462;0;1;0;0;0;0;42;0;0;0;0;0;0;43
210467;19;0;0;2;1;10;5;0;1;0;1;2;0;41
210470;11;0;0;0;0;0;0;0;0;0;0;0;0;11
210480;380;109;97;83;32;11;18;9;64;17;10;3;1;834
210490;11;0;0;0;0;0;0;0;0;0;0;0;0;11
210500;141;4;0;2;0;0;0;0;0;0;0;0;0;147
210510;112;21;128;7;10;4;2;0;0;0;1;0;0;285
210515;69;6;6;8;2;2;1;0;3;4;0;0;0;101
210520;170;2;12;7;0;0;2;0;0;0;1;2;0;196
210530;14847;1006;1706;733;926;706;733;681;797;568;632;691;446;24472
210535;5;0;0;48;0;0;0;0;0;1;0;0;0;54
210540;1336;14;34;25;28;18;18;14;30;25;40;11;6;1599
210542;1087;36;67;26;27;30;212;128;41;24;26;20;2;1726
210547;24;1;0;0;0;0;0;0;0;0;0;0;0;25
210550;185;2;0;5;4;24;1;1;5;6;3;1;0;237
210560;128;0;0;0;0;0;0;4;0;0;0;0;0;132
210570;528;4;5;49;16;6;4;9;11;4;4;19;0;659
210580;132;2;0;0;0;0;1;0;0;0;0;0;0;135
210590;19;1;1;0;0;0;0;0;0;0;0;0;0;21
210594;0;0;0;0;1;0;0;0;0;0;0;0;0;1
210596;45;0;0;0;0;0;0;0;0;0;0;0;0;45
210598;3;0;0;0;0;0;0;0;0;0;0;0;0;3
210600;233;0;0;9;1;0;0;0;1;0;0;0;1;245
210610;45;0;0;2;4;1;1;0;0;0;9;0;0;62
210620;2;0;0;0;0;0;0;0;0;0;0;0;0;2
210630;82;6;0;1;1;0;0;2;3;3;2;1;0;101
210632;6;0;0;0;0;0;0;0;0;0;0;0;0;6
210640;234;2;0;1;0;0;0;0;0;0;0;0;0;237
210650;929;1;0;2;0;0;0;0;1;0;0;1;0;934
210660;224;86;9;47;134;61;27;6;3;12;14;0;0;623
210670;16;0;1;0;1;0;0;0;0;0;0;0;0;18
210675;192;19;0;0;2;2;13;1;1;2;15;2;0;249
210680;190;0;0;2;0;0;0;0;0;0;0;0;0;192
210690;18;0;0;0;0;0;0;1;0;2;0;0;0;21
210700;37;169;13;33;119;59;74;272;44;20;23;11;6;880
210710;112;1;7;14;29;4;2;2;0;1;0;0;0;172
210720;139;0;0;0;0;0;1;0;0;0;0;0;0;140
210725;84;1;1;2;1;1;6;6;4;1;2;13;3;125
210730;5;0;0;0;0;0;0;0;0;0;0;0;0;5
210735;22;0;0;0;0;0;0;1;0;0;1;0;0;24
210740;203;2;0;0;1;2;0;0;0;0;0;0;0;208
210745;119;5;0;0;1;1;0;0;0;0;0;0;0;126
210750;1253;22;24;17;23;105;53;24;27;35;17;18;7;1625
210760;50;0;0;1;0;0;3;0;0;0;0;0;0;54
210770;327;0;0;109;0;0;0;2;0;0;0;1;1;440
210780;715;3;9;28;7;6;5;3;8;15;0;1;1;801
210790;42;1;0;0;2;0;1;1;0;0;0;1;0;48
210800;193;11;2;0;0;0;0;0;0;9;0;1;0;216
210810;50;0;0;0;0;0;0;0;0;1;0;0;0;51
210820;1908;63;30;161;52;70;68;37;39;48;27;42;31;2576
210830;47;8;0;0;0;0;0;0;0;1;0;0;0;56
210840;74;0;0;0;0;0;0;0;0;0;0;0;0;74
210845;76;2;0;0;3;1;3;3;1;0;0;1;2;92
210850;296;14;23;16;23;17;6;8;11;5;9;5;11;444
210860;1985;20;23;25;25;38;26;35;23;27;15;22;6;2270
210870;248;7;2;9;6;0;1;0;0;1;0;0;0;274
210880;5;0;1;0;2;0;0;0;0;0;0;1;0;9
210890;437;1;1;5;1;0;2;0;1;0;2;0;0;450
210900;185;7;108;46;54;11;6;0;10;14;12;10;15;478
210905;0;42;0;0;0;0;0;0;0;0;0;0;0;42
210910;466;36;89;11;31;54;5;28;49;20;9;34;36;868
210920;177;0;0;0;0;0;0;0;0;0;0;0;0;177
210923;0;1;0;0;0;0;4;0;0;0;0;0;0;5
210927;92;3;0;14;6;2;0;1;1;0;0;0;0;119
210930;32;1;6;21;8;12;3;59;7;34;0;27;10;220
210940;56;0;0;0;0;0;0;0;0;1;0;0;0;57
210945;269;1;5;22;28;23;8;45;17;40;21;3;1;483
210950;94;4;1;1;9;7;0;2;3;2;4;4;0;131
210955;6;38;25;16;2;0;0;0;0;1;0;0;0;88
210960;1084;35;36;25;31;16;14;32;18;24;10;16;18;1359
210970;42;3;0;2;0;2;4;1;7;8;9;35;2;115
210980;463;0;0;0;0;0;0;0;0;0;2;0;0;465
210990;2901;123;87;293;151;194;124;192;113;201;103;115;78;4675
211000;676;2;2;33;4;116;20;112;2;33;3;2;5;1010
211003;155;4;1;4;3;6;3;8;10;7;3;2;0;206
211010;207;0;1;0;0;1;0;0;0;0;0;0;0;209
211020;86;0;3;1;3;3;0;0;0;3;3;1;5;108
211023;10;0;0;0;0;0;0;0;0;0;0;0;0;10
211030;273;16;2;6;0;1;0;1;1;0;3;1;1;305
211040;860;0;1;1;0;0;0;0;0;0;0;0;0;862
211050;372;2;4;10;9;3;2;0;1;3;0;1;1;408
211060;276;3;0;0;1;2;1;0;1;2;0;0;1;287
211070;96;0;0;0;0;2;0;0;1;2;0;0;0;101
211080;2;0;0;0;0;0;0;0;0;0;0;0;0;2
211085;3;0;0;0;0;0;0;0;0;0;0;0;0;3
211090;69;0;0;10;0;0;0;0;0;0;0;0;0;79
211100;8;0;0;0;0;0;0;0;0;0;0;0;0;8
211102;5;0;0;0;0;0;0;0;0;0;0;0;0;5
211105;14;32;1;0;0;0;0;0;1;0;0;0;0;48
211107;13;0;20;39;0;0;0;1;0;0;0;0;0;73
211110;606;6;9;32;7;4;11;6;8;2;6;6;2;705
211120;2519;137;96;127;150;86;118;110;180;76;85;51;34;3769
211125;4;0;0;0;0;1;0;0;0;0;0;0;0;5
211130;172047;4189;3322;4029;4237;4023;3412;3453;4266;3318;3457;3510;2321;215584
211140;607;0;0;0;0;0;1;3;3;0;0;4;0;618
211150;1047;21;1;28;44;182;115;23;28;11;20;16;7;1543
211153;9;1;3;0;0;2;0;0;2;0;1;1;0;19
211160;258;11;118;568;230;98;722;65;62;159;43;16;4;2354
211163;53;0;0;23;0;0;0;0;0;0;0;0;0;76
211167;66;5;3;1;1;1;1;8;2;1;5;1;8;103
211170;341;1;1;1;1;1;0;0;1;5;0;0;0;352
211172;0;0;0;31;0;0;0;0;0;0;0;0;0;31
211176;1;0;0;0;1;0;0;0;0;0;0;0;0;2
211180;25;0;0;2;0;1;0;2;0;0;0;0;0;30
211190;73;2;0;65;10;4;1;0;0;0;1;0;0;156
211195;16;1;0;0;70;0;1;1;3;0;0;0;0;92
211200;206;2;12;45;24;1;9;5;3;13;11;13;3;347
211210;543;1;2;0;0;2;0;4;0;1;1;0;0;554
211220;4886;158;134;172;124;93;130;107;153;136;117;126;130;6466
211223;152;13;3;7;5;1;2;2;0;1;0;0;2;188
211227;0;0;28;0;0;2;2;0;0;0;0;0;0;32
211230;141;5;1;0;1;15;0;3;3;0;0;2;1;172
211240;220;93;6;0;1;0;0;0;0;0;0;0;0;320
211250;1946;10;2;11;0;0;1;2;1;1;2;0;0;1976
211260;182;0;7;3;0;1;0;2;1;1;0;1;0;198
211270;532;7;4;4;1;4;5;8;3;1;1;4;0;574
211280;527;4;13;49;4;9;9;6;10;3;12;0;5;651
211285;156;103;22;17;4;4;1;0;0;0;0;0;0;307
211290;381;26;6;15;1;2;2;0;28;22;8;18;0;509
211300;548;2;5;10;5;1;2;1;7;2;3;2;2;590
211400;338;28;30;7;9;5;1;6;1;1;11;6;4;447
220010;139;0;0;0;0;0;0;0;0;0;0;0;0;139
220020;280;10;1;16;4;2;7;7;2;6;4;7;3;349
220025;126;1;1;0;0;0;0;14;5;1;0;0;0;148
220027;83;0;0;0;0;0;0;0;0;40;0;0;0;123
220030;404;15;0;17;9;3;5;10;3;11;12;9;1;499
220040;868;93;20;39;37;22;12;9;14;9;11;41;14;1189
220045;14;0;0;48;9;34;0;0;1;0;0;0;0;106
220050;281;0;4;33;14;0;2;0;0;1;1;1;0;337
220060;175;2;1;4;0;0;4;0;1;1;1;0;0;189
220070;24;0;0;0;0;0;1;0;0;0;0;0;0;25
220080;78;0;0;29;0;1;4;1;1;0;0;0;0;114
220090;214;1;0;1;1;0;0;16;1;1;0;1;0;236
220100;137;0;0;0;0;0;0;0;0;0;0;0;0;137
220105;30;1;0;0;0;2;0;1;0;1;1;0;0;36
220110;84;1;0;2;10;0;9;0;3;0;0;3;0;112
220115;162;24;30;16;3;7;8;8;57;20;28;28;12;403
220117;69;1;0;5;2;0;0;0;0;3;0;0;2;82
220120;846;17;13;9;6;37;5;30;14;2;2;0;0;981
220130;4;0;0;0;0;0;0;0;0;0;0;0;0;4
220140;303;0;0;0;0;0;0;1;0;4;0;0;0;308
220150;113;5;1;27;12;1;1;3;9;6;4;2;1;185
220155;88;0;31;0;1;0;1;0;1;3;0;1;1;127
220157;0;0;5;0;0;0;0;0;0;0;0;0;0;5
220160;174;0;0;24;0;0;1;0;2;1;1;0;0;203
220170;73;0;5;0;2;3;1;0;0;0;0;0;0;84
220177;11;48;0;17;0;0;0;0;9;0;0;0;0;85
220180;108;1;2;0;0;32;3;5;4;0;0;0;0;155
220190;419;4;6;24;16;7;16;4;2;4;0;7;2;511
220191;217;0;0;0;0;0;0;0;0;1;0;0;0;218
220192;34;0;0;0;0;0;0;0;0;0;0;0;0;34
220194;55;1;2;3;0;1;0;0;0;0;0;0;0;62
220196;62;2;0;4;0;0;0;0;0;0;0;0;0;68
220200;235;3;4;1;6;2;1;1;26;3;0;1;0;283
220202;13;0;6;0;71;1;4;0;1;0;0;0;0;96
220205;57;49;0;1;0;0;0;0;0;0;0;0;0;107
220207;2;0;35;0;2;1;0;1;2;0;0;0;0;43
220208;12;0;2;9;1;0;0;2;0;0;0;0;0;26
220209;85;0;2;2;0;1;0;0;0;0;0;0;0;90
220210;158;0;0;0;0;0;0;1;0;0;0;0;0;159
220217;9;0;0;0;0;0;0;0;0;0;0;0;0;9
220220;1044;36;34;19;29;26;45;14;75;61;25;21;15;1444
220230;170;3;3;6;2;0;3;0;5;2;0;3;0;197
220240;161;0;0;1;0;0;0;0;1;0;0;0;0;163
220250;3;0;0;0;0;0;0;0;0;0;0;0;0;3
220253;2;0;86;1;1;2;1;0;0;0;0;0;0;93
220255;64;0;0;9;0;0;1;0;0;0;0;0;0;74
220260;146;4;4;69;2;0;30;16;57;8;0;0;0;336
220265;88;0;0;0;0;0;0;0;0;0;0;0;0;88
220270;401;0;1;0;0;0;0;0;0;0;0;1;0;403
220271;54;0;4;3;3;0;0;0;1;0;0;1;0;66
220272;88;2;0;0;0;0;0;0;0;1;0;0;0;91
220273;28;0;20;33;0;0;4;0;0;0;0;0;0;85
220275;93;2;6;26;6;1;2;2;4;1;4;0;1;148
220277;9;0;0;0;0;0;0;0;0;0;0;0;0;9
220280;81;14;8;6;21;89;84;60;24;16;15;14;0;432
220285;104;1;0;6;1;0;2;0;1;0;0;0;0;115
220290;247;3;7;10;10;4;1;4;27;9;0;9;5;336
220300;3;0;0;0;0;0;0;0;0;0;0;0;0;3
220310;146;12;11;1;9;11;5;9;4;1;3;4;0;216
220320;131;3;2;51;1;0;0;0;0;3;0;0;0;191
220325;22;0;0;0;0;0;0;0;0;0;0;0;0;22
220327;17;0;0;0;0;0;0;0;0;0;0;0;0;17
220330;194;2;35;7;4;5;36;39;16;2;4;5;9;358
220335;76;0;0;0;0;0;0;0;0;0;0;0;0;76
220340;97;1;79;3;1;2;1;1;1;12;2;7;1;208
220342;101;0;1;3;0;0;0;0;0;0;0;0;0;105
220345;48;2;0;27;0;1;0;1;0;1;0;0;0;80
220350;264;3;1;0;2;3;1;0;0;0;2;3;0;279
220360;36;0;0;45;0;0;2;0;0;2;0;0;0;85
220370;667;7;15;9;13;7;8;10;4;4;4;8;2;758
220375;37;0;0;0;0;0;0;0;0;0;0;0;0;37
220380;31;0;7;3;0;0;0;0;0;0;0;0;0;41
220385;34;0;0;0;0;0;0;0;0;0;0;0;0;34
220390;2632;72;60;319;99;83;157;99;68;69;70;40;57;3825
220400;196;0;0;0;0;0;0;0;0;0;0;0;0;196
220410;70;0;19;2;10;1;1;1;3;1;0;0;0;108
220420;98;2;0;0;0;0;0;0;1;0;0;0;0;101
220430;350;0;4;8;12;6;8;2;1;8;66;12;5;482
220435;1;12;91;0;0;0;2;0;2;0;1;0;0;109
220440;122;0;1;7;13;0;2;67;29;11;7;0;1;260
220450;447;9;13;17;10;7;24;26;15;5;34;1;1;609
220460;134;7;1;0;0;1;0;0;0;0;0;0;0;143
220465;30;0;19;1;0;0;0;0;0;0;0;0;0;50
220470;181;0;8;3;2;0;0;0;1;0;0;0;0;195
220480;99;0;0;4;1;1;1;73;0;0;1;4;0;184
220490;123;0;0;8;0;0;0;0;0;0;0;0;0;131
220500;72;0;0;0;0;0;0;0;0;0;1;0;0;73
220510;80;40;0;0;2;6;0;0;1;0;1;0;0;130
220515;4;0;16;0;0;0;0;0;0;0;0;0;0;20
220520;60;0;0;0;0;0;1;0;0;0;0;0;0;61
220525;80;0;0;1;0;0;2;0;0;0;0;0;0;83
220527;29;0;0;1;0;0;0;0;0;0;0;0;0;30
220530;130;0;0;0;0;0;1;1;0;0;0;0;0;132
220540;90;44;4;1;1;0;38;1;1;4;1;21;0;206
220550;194;4;3;205;28;7;2;7;10;2;4;5;2;473
220552;83;2;0;0;0;0;0;0;0;0;0;0;0;85
220553;11;0;0;0;19;1;0;0;0;0;0;11;0;42
220554;28;1;0;2;0;0;0;0;0;0;0;0;0;31
220555;134;0;0;0;0;0;0;0;0;0;0;0;0;134
220556;36;0;0;0;0;1;0;0;0;0;0;0;0;37
220557;73;0;1;1;0;0;0;0;1;0;1;0;0;77
220558;130;4;5;78;31;6;15;0;1;4;0;8;1;283
220559;58;2;36;8;1;0;1;0;0;0;0;0;0;106
220560;135;1;2;7;0;0;0;1;1;2;0;0;0;149
220570;1827;3;18;18;13;10;16;7;9;17;22;23;5;1988
220580;145;1;2;0;0;1;0;0;2;0;0;1;1;153
220585;72;49;2;4;0;3;0;0;0;0;0;0;0;130
220590;170;0;0;0;0;1;0;1;0;0;0;0;0;172
220595;86;1;3;0;0;0;0;0;0;0;1;3;0;94
220600;18;0;28;0;0;0;6;0;0;0;0;0;0;52
220610;77;0;0;0;0;0;0;0;0;0;0;0;0;77
220620;329;7;1;89;19;67;70;41;49;34;2;16;3;727
220630;30;0;0;0;0;0;0;0;0;0;0;0;0;30
220635;24;0;0;2;0;0;2;0;1;0;0;0;0;29
220640;108;25;4;0;12;1;4;2;3;1;0;5;0;165
220650;37;0;33;0;0;3;0;3;1;0;0;0;0;77
220660;63;0;0;0;0;0;0;0;0;0;0;0;0;63
220667;2;0;0;0;0;0;0;0;0;0;0;0;0;2
220669;120;0;0;2;2;0;0;1;6;0;0;0;0;131
220670;93;0;0;1;0;1;0;1;0;0;0;0;0;96
220675;16;0;1;0;0;0;0;0;0;0;0;0;0;17
220680;109;0;0;0;1;0;0;1;0;0;0;0;0;111
220690;86;0;57;3;4;2;2;0;0;0;1;0;0;155
220695;65;0;0;1;0;0;0;0;0;0;0;0;0;66
220700;600;45;19;104;10;20;8;10;13;12;12;6;2;861
220710;26;2;0;0;0;0;0;0;0;0;0;0;0;28
220720;31;0;29;1;0;0;1;0;0;0;1;5;0;68
220730;50;3;12;0;0;0;1;0;0;0;0;0;0;66
220735;32;0;0;0;1;0;0;0;0;0;0;0;0;33
220740;46;0;0;0;0;1;2;0;0;0;0;0;0;49
220750;114;0;0;0;1;0;0;4;80;5;0;0;0;204
220760;35;0;0;0;0;1;0;0;0;0;0;0;0;36
220770;7811;331;283;240;231;346;293;346;376;319;223;215;178;11192
220775;50;1;0;0;0;0;0;0;0;0;2;0;0;53
220777;12;0;0;0;0;0;0;0;0;0;0;0;0;12
220780;286;8;2;78;3;0;8;6;9;5;2;10;1;418
220785;32;0;0;61;0;0;0;0;1;0;0;0;0;94
220790;571;4;2;1;4;0;6;8;5;6;2;20;1;630
220795;0;88;0;2;2;0;0;0;0;0;0;0;0;92
220800;3889;112;93;86;90;93;143;124;87;133;82;76;54;5062
220810;186;1;51;28;72;26;4;5;6;1;6;5;0;391
220820;736;64;15;7;47;9;32;82;66;59;9;0;0;1126
220830;506;5;1;12;2;28;14;6;15;14;9;3;1;616
220840;1310;61;34;51;83;64;46;40;25;86;36;52;14;1902
220850;173;7;0;12;1;0;3;0;4;0;0;0;0;200
220860;68;0;1;0;0;0;0;0;0;0;0;0;0;69
220865;119;1;9;2;0;7;6;1;1;0;2;1;0;149
220870;3;0;0;0;0;0;0;1;0;0;0;0;0;4
220880;209;1;1;56;2;1;1;1;0;1;1;0;0;274
220885;34;5;0;3;0;0;0;0;0;0;0;0;0;42
220890;163;0;0;8;10;18;4;1;7;3;5;18;0;237
220900;39;0;0;0;0;0;0;0;0;2;0;0;0;41
220910;185;0;2;2;0;0;0;1;0;0;0;0;0;190
220915;127;0;1;0;0;0;0;0;0;0;0;0;0;128
220920;6;29;0;0;12;0;0;0;0;0;0;0;0;47
220930;65;17;44;3;2;3;1;0;3;1;1;0;0;140
220935;117;19;1;0;7;0;1;2;1;0;0;0;0;148
220937;78;2;1;0;0;0;0;0;0;0;0;0;0;81
220940;71;0;0;2;38;6;0;0;2;0;0;0;0;119
220945;52;0;0;0;0;0;0;0;0;0;0;1;0;53
220950;19;1;0;4;0;0;0;0;0;0;0;0;0;24
220955;62;3;0;6;0;1;0;0;0;0;0;0;0;72
220960;223;0;1;0;0;2;0;0;0;0;0;0;0;226
220965;20;3;25;20;1;0;0;0;3;0;0;1;0;73
220970;4;0;0;0;0;0;0;0;0;0;0;0;0;4
220975;31;0;0;0;0;0;0;7;0;0;0;0;0;38
220980;103;0;0;4;0;0;0;0;0;0;0;0;0;107
220985;5;0;0;0;2;0;0;0;0;0;0;0;0;7
220987;77;0;0;3;0;0;1;0;0;0;0;0;0;81
220990;24;0;31;0;4;0;0;0;0;0;0;0;0;59
220995;54;1;0;22;1;1;0;1;0;0;0;0;0;80
220997;1;0;29;0;0;0;0;0;0;0;0;0;0;30
221000;481;12;41;7;6;19;22;10;55;50;17;26;12;758
221005;1;0;0;38;0;0;1;0;0;1;0;0;0;41
221010;45;2;0;0;0;0;0;0;0;0;0;0;0;47
221020;48;0;32;4;5;20;3;24;13;0;0;3;1;153
221030;218;2;8;3;0;0;0;2;0;0;0;0;0;233
221035;3;0;1;0;0;0;0;0;0;3;0;0;0;7
221037;53;0;1;0;0;0;0;0;0;0;0;0;0;54
221038;136;1;0;10;0;0;0;1;0;0;0;0;0;148
221039;26;1;0;0;0;0;0;0;0;0;0;0;0;27
221040;200;1;1;4;3;10;2;5;1;2;0;3;0;232
221050;324;0;58;4;1;0;0;0;1;0;0;0;0;388
221060;632;12;11;186;298;115;37;39;196;236;17;10;8;1797
221063;0;0;0;0;0;0;0;0;0;0;0;2;0;2
221065;47;0;0;0;0;0;0;0;0;0;0;0;0;47
221070;169;0;2;0;3;3;0;0;0;0;6;0;0;183
221080;100;3;1;33;5;4;1;3;3;2;7;0;0;162
221090;38;0;0;0;0;0;0;0;0;0;0;0;0;38
221093;88;0;0;1;2;0;9;0;3;0;0;0;0;103
221095;6;0;0;0;0;0;0;0;0;0;0;0;0;6
221097;28;13;0;2;0;0;0;0;0;0;0;0;0;43
221100;144508;3021;2941;3987;3196;3654;3622;3334;3770;3583;2863;3003;2160;183642
221110;1352;1395;129;51;11;15;13;1326;43;33;2;21;2;4393
221120;127;0;3;1;2;1;2;4;5;7;3;3;17;175
221130;584;11;25;6;1;4;17;20;9;4;5;1;7;694
221135;7;0;0;0;0;0;0;19;0;3;0;0;0;29
221140;110;0;0;2;1;0;1;0;1;1;1;0;0;117
221150;0;9;0;0;0;0;0;0;0;0;0;0;0;9
221160;108;1;0;0;10;1;0;0;0;1;0;0;0;121
230010;225;4;15;0;0;0;86;1;2;0;0;0;1;334
230015;787;15;6;15;9;23;95;59;34;28;12;18;18;1119
230020;310;4;7;87;2;47;26;17;61;43;16;10;15;645
230030;1854;15;72;10;12;7;4;45;24;17;8;21;7;2096
230040;521;3;0;0;0;0;0;2;0;1;2;1;0;530
230050;432;0;0;0;0;0;0;0;0;0;0;0;0;432
230060;119;1;18;0;0;1;2;0;0;0;0;0;0;141
230070;1369;153;58;86;15;5;21;7;1;6;1;61;50;1833
230075;812;28;37;15;19;52;33;208;81;9;6;5;6;1311
230080;121;15;0;1;0;0;2;0;0;0;0;1;0;140
230090;263;6;18;6;9;4;2;3;2;1;1;2;1;318
230100;3425;146;468;95;234;228;147;124;177;169;214;144;109;5680
230110;3369;105;94;126;93;171;88;71;76;87;122;78;26;4506
230120;567;4;64;16;6;0;7;3;3;8;4;3;4;689
230125;185;0;0;0;1;1;0;0;0;0;0;0;0;187
230130;395;1;39;3;12;8;4;38;2;2;1;0;0;505
230140;363;0;39;3;10;13;35;31;8;0;1;0;0;503
230150;277;0;0;0;0;0;0;0;0;0;0;0;0;277
230160;614;11;22;3;0;0;1;1;3;2;0;0;0;657
230170;651;1;16;10;44;1;1;0;39;14;8;21;3;809
230180;260;0;0;1;0;0;0;0;1;0;0;0;0;262
230185;466;4;33;0;1;1;0;0;1;1;0;1;1;509
230190;2568;54;111;84;64;219;467;89;70;111;154;62;79;4132
230195;398;23;42;6;16;2;2;10;1;3;7;9;2;521
230200;609;7;62;0;0;14;1;0;2;12;2;4;3;716
230205;146;1;108;0;0;0;0;0;0;0;0;1;0;256
230210;1104;59;64;32;46;9;19;24;12;16;29;14;7;1435
230220;933;29;89;9;5;24;45;18;10;39;10;22;5;1238
230230;727;6;55;6;6;5;0;0;51;1;0;0;0;857
230240;1407;5;5;2;8;12;12;11;12;23;7;6;3;1513
230250;1437;26;177;11;59;47;24;32;8;11;26;9;4;1871
230260;2388;72;157;27;76;171;43;212;242;55;34;40;29;3546
230270;660;119;108;77;2;27;0;13;105;56;5;22;1;1195
230280;1788;38;35;55;33;15;162;28;28;22;40;23;4;2271
230290;341;1;0;0;0;90;2;8;19;0;0;0;0;461
230300;44;0;5;2;19;1;8;0;0;5;14;2;5;105
230310;66;4;215;34;4;2;3;11;0;4;0;11;2;356
230320;261;3;330;62;2;1;2;0;2;4;16;18;3;704
230330;430;0;0;0;0;0;3;8;1;0;2;0;4;448
230340;176;23;10;180;1;1;1;2;1;0;3;0;0;398
230350;3573;218;37;28;21;91;326;52;136;65;82;51;24;4704
230360;92;0;167;16;11;13;5;0;0;0;0;0;0;304
230365;289;0;69;14;5;3;3;2;3;0;2;0;0;390
230370;10155;838;482;824;392;427;455;445;447;455;334;294;208;15756
230380;624;2;4;4;44;1;1;1;10;2;5;0;1;699
230390;601;2;311;10;9;13;4;6;3;7;4;3;2;975
230393;243;0;0;0;2;7;1;0;1;5;0;0;0;259
230395;1287;9;112;133;84;35;26;10;29;19;9;17;1;1771
230400;1082;4;80;0;3;13;2;0;0;1;0;0;0;1185
230410;1934;48;152;46;103;101;104;89;80;72;39;35;42;2845
230420;8297;342;391;252;284;227;242;396;223;386;277;527;266;12110
230423;190;0;0;0;0;0;0;64;0;0;0;1;0;255
230425;376;1;5;2;1;0;4;2;2;6;0;0;0;399
230426;260;1;5;0;0;1;2;1;1;0;0;0;0;271
230427;213;0;77;0;0;1;0;0;0;0;0;0;0;291
230428;11426;823;854;688;524;692;786;732;1227;758;544;612;545;20211
230430;682;4;74;108;12;7;8;42;18;1;9;3;3;971
230435;628;82;16;9;8;6;4;1;12;3;33;33;4;839
230440;391082;13192;10947;12617;13069;12764;13158;15089;15122;14717;13344;12682;8545;546328
230445;242;4;4;3;2;96;3;1;1;2;1;1;1;361
230450;307;4;0;0;0;6;1;10;12;5;0;0;0;345
230460;225;0;1;0;0;0;0;0;0;0;0;0;0;226
230465;357;0;0;0;0;0;0;0;0;0;0;0;0;357
230470;740;2;0;0;0;0;0;8;2;1;1;1;0;755
230480;271;0;0;0;0;0;0;0;0;0;0;0;0;271
230490;365;0;6;0;1;1;0;0;0;0;0;0;0;373
230495;525;8;29;2;5;4;92;19;7;10;7;2;1;711
230500;1052;26;36;12;4;10;0;14;7;4;9;3;1;1178
230510;100;64;30;2;1;9;18;0;1;24;0;0;0;249
230520;348;76;1;0;2;1;0;2;0;0;2;2;0;434
230523;4620;253;252;265;354;326;244;231;182;172;240;177;197;7513
230526;189;56;11;33;23;82;26;28;8;9;3;10;1;479
230530;290;6;27;0;0;4;0;1;16;0;2;0;0;346
230533;129;2;203;19;5;1;2;2;20;8;2;6;6;405
230535;458;1;3;2;0;23;9;3;0;1;4;4;4;512
230540;701;7;20;19;18;11;13;15;424;13;11;5;14;1271
230550;4266;109;253;202;288;220;305;353;292;152;349;223;53;7065
230560;566;46;20;11;19;15;31;13;11;25;3;1;0;761
230565;111;0;177;94;5;1;3;1;0;4;1;0;0;397
230570;312;6;8;9;1;2;0;2;0;1;2;2;2;347
230580;668;17;154;56;12;11;11;27;5;16;9;7;2;995
230590;575;8;14;7;3;6;4;21;192;4;2;1;0;837
230600;300;0;0;2;0;1;0;1;1;0;1;0;0;306
230610;478;2;101;2;2;18;15;2;9;10;3;9;1;652
230620;324;1;6;7;8;10;3;6;47;8;7;9;2;438
230625;832;44;30;39;94;28;27;54;135;49;53;44;19;1448
230630;861;22;8;18;6;10;36;55;45;26;27;16;29;1159
230640;2647;113;184;76;117;108;18;25;21;27;13;24;41;3414
230650;390;0;8;1;0;0;2;0;1;2;0;0;0;404
230655;230;77;2;0;4;3;5;1;1;0;0;0;0;323
230660;280;0;0;0;1;1;5;0;0;0;0;0;0;287
230670;416;34;53;1;0;1;3;4;0;1;2;1;4;520
230680;194;0;2;0;0;0;0;0;0;1;0;0;0;197
230690;1231;79;12;24;11;11;9;17;57;28;33;10;12;1534
230700;1508;15;48;10;41;36;74;70;63;78;38;40;29;2050
230710;422;4;1;1;104;1;3;0;0;2;0;0;0;538
230720;391;1;0;0;2;13;2;4;0;1;0;0;0;414
230725;9;1;0;0;0;1;0;1;4;0;0;0;0;16
230730;13412;776;1117;706;863;645;510;848;719;585;659;647;408;21895
230740;349;4;11;2;0;4;2;1;2;1;0;1;0;377
230750;1477;11;13;5;4;3;2;1;4;2;1;0;5;1528
230760;2278;82;85;52;26;384;99;44;99;115;54;29;37;3384
230763;113;1;270;1;3;2;0;23;6;60;2;2;1;484
230765;24189;1168;756;1131;1049;1080;998;1027;1236;923;922;766;699;35944
230770;5871;140;123;255;423;369;501;401;373;197;272;283;141;9349
230780;652;4;3;8;1;10;3;1;2;1;0;19;1;705
230790;263;7;0;0;1;1;0;0;0;4;0;0;0;276
230800;470;8;3;70;5;9;1;4;10;5;4;3;3;595
230810;548;4;2;0;2;4;0;8;4;5;2;0;1;580
230820;438;0;2;0;0;0;1;7;1;0;0;0;0;449
230830;535;6;58;37;288;10;109;37;18;3;20;9;2;1132
230835;195;0;2;1;5;1;3;1;36;1;0;1;0;246
230837;190;3;0;140;4;2;0;0;2;0;0;0;0;341
230840;476;2;120;4;7;85;13;5;7;1;5;1;1;727
230850;1529;64;18;10;23;21;12;6;17;10;3;13;24;1750
230860;623;59;6;4;4;5;1;5;11;1;6;3;0;728
230870;3064;66;242;87;53;68;26;43;57;34;50;37;22;3849
230880;554;1;1;0;0;0;3;0;0;0;3;0;0;562
230890;371;0;2;56;1;4;2;0;0;0;25;0;0;461
230900;379;3;3;1;0;0;0;0;0;0;0;1;0;387
230910;274;8;0;0;2;0;3;0;9;0;0;0;0;296
230920;282;135;10;6;1;7;5;14;5;6;1;1;8;481
230930;624;8;159;64;2;3;6;3;8;1;3;3;3;887
230940;639;2;0;0;10;169;0;0;2;1;0;1;0;824
230945;1628;40;50;41;28;24;78;42;28;42;11;30;15;2057
230950;896;7;7;9;8;4;1;3;1;1;2;0;4;943
230960;3689;103;155;368;62;98;112;124;144;202;161;150;70;5438
230970;3485;116;208;260;283;105;337;175;91;135;98;113;89;5495
230980;348;0;12;5;3;6;9;6;11;1;5;1;1;408
230990;356;8;4;1;1;6;0;8;1;5;3;0;1;394
231000;244;0;120;2;3;6;0;0;0;23;3;2;0;403
231010;331;1;19;4;2;0;4;0;1;0;3;0;0;365
231020;3224;148;219;110;87;92;138;158;244;231;123;162;108;5044
231025;625;4;8;3;5;2;1;7;7;4;2;7;1;676
231030;420;2;0;0;0;1;2;0;0;1;0;2;1;429
231040;359;13;21;4;3;2;4;0;6;1;3;1;0;417
231050;1114;72;5;0;1;0;1;3;2;3;0;8;4;1213
231060;236;1;12;2;1;0;0;0;3;0;6;0;0;261
231070;496;19;2;9;16;9;55;35;17;13;13;16;2;702
231080;448;15;12;13;5;0;3;1;4;0;2;0;0;503
231085;415;39;108;28;10;5;8;17;12;4;10;24;8;688
231090;148;12;6;0;0;0;0;13;8;2;2;2;0;193
231095;85;0;0;0;27;0;0;0;0;0;0;0;0;112
231100;398;0;0;0;0;0;0;0;0;0;0;1;0;399
231110;181;3;0;2;1;0;0;0;0;2;0;0;0;189
231120;207;2;7;3;0;1;0;0;2;1;0;2;0;225
231123;100;0;0;0;1;0;0;0;0;0;0;0;0;101
231126;144;1;4;1;0;7;1;2;7;0;0;0;0;167
231130;2878;63;134;56;49;45;82;49;70;73;88;39;54;3680
231135;262;19;102;4;8;5;26;2;31;3;6;27;2;497
231140;1929;70;83;58;17;29;21;17;27;13;28;11;16;2319
231150;581;2;1;2;0;2;1;0;16;57;1;21;1;685
231160;1016;18;46;7;5;20;34;20;10;21;16;46;9;1268
231170;348;3;3;6;0;1;1;0;0;0;0;0;0;362
231180;2024;45;30;53;98;112;301;146;77;153;372;133;73;3617
231190;115;2;2;0;0;2;0;2;2;0;0;0;0;125
231195;45;33;27;0;1;0;0;0;4;2;4;2;0;118
231200;427;0;161;1;0;1;1;0;3;11;2;9;1;617
231210;311;13;60;8;0;2;0;1;1;1;9;0;2;408
231220;588;13;21;4;39;8;8;6;3;1;5;12;1;709
231230;665;36;5;18;1;7;2;5;9;5;4;0;4;761
231240;1775;260;240;215;149;101;75;115;128;125;112;96;45;3436
231250;283;5;5;1;4;3;2;9;0;19;4;1;2;338
231260;237;1;0;0;0;0;0;0;1;25;1;0;3;268
231270;794;3;4;13;3;36;14;17;6;18;8;6;2;924
231280;201;3;4;0;0;0;0;0;2;0;0;0;0;210
231290;15942;451;808;1018;811;736;1005;1927;677;675;1165;998;1030;27243
231300;331;1;1;7;0;8;4;2;10;0;1;4;3;372
231310;803;15;17;26;13;13;23;9;47;25;29;10;6;1036
231320;418;41;7;0;0;2;0;6;40;1;0;0;0;515
231325;1253;8;3;0;1;4;2;10;6;6;4;0;6;1303
231330;1158;34;22;11;1;6;22;15;8;23;18;11;3;1332
231335;449;4;6;2;3;1;2;1;0;0;0;0;0;468
231340;1501;14;559;36;39;32;18;11;114;64;59;60;22;2529
231350;507;1;0;0;0;4;7;3;0;2;0;0;26;550
231355;307;0;2;1;0;0;0;0;0;5;0;0;0;315
231360;1012;5;8;6;3;16;7;6;14;9;17;12;3;1118
231370;316;0;0;0;0;0;0;0;0;1;6;1;0;324
231375;361;3;17;0;0;0;0;0;0;0;0;1;1;383
231380;761;270;33;4;10;32;29;19;9;85;56;28;15;1351
231390;7;0;0;1;0;1;0;0;1;0;0;1;0;11
231395;392;29;9;4;1;2;3;0;8;4;22;1;0;475
231400;922;0;3;4;0;7;8;3;8;5;3;12;0;975
231410;853;21;62;3;1;1;2;0;39;3;1;0;0;986
240010;533;5;12;17;12;33;30;9;13;5;10;12;3;694
240020;2360;108;70;110;63;144;95;87;91;52;130;51;58;3419
240030;385;8;9;3;0;12;1;10;7;3;5;5;6;454
240040;177;0;0;0;0;0;0;0;0;0;0;0;0;177
240050;393;2;0;0;2;20;22;4;0;0;6;1;0;450
240060;81;4;60;12;0;3;0;1;0;1;0;2;0;164
240070;863;17;59;10;76;13;10;31;38;15;60;15;2;1209
240080;376;5;5;2;3;12;4;10;21;6;14;5;4;467
240090;110;15;75;42;47;11;23;2;31;38;25;17;0;436
240100;695;14;60;44;19;4;12;2;5;8;21;8;41;933
240110;1699;105;67;99;49;60;38;42;39;31;68;45;31;2373
240120;2723;5;1;5;6;3;26;72;740;87;56;135;6;3865
240130;292;4;3;2;0;0;1;1;284;88;48;2;0;725
240140;934;5;23;6;15;14;36;43;38;177;92;33;8;1424
240145;1134;27;6;6;6;76;126;172;259;238;157;83;74;2364
240150;83;16;0;1;0;1;0;0;0;0;0;0;0;101
240160;75;0;0;2;0;0;0;0;1;0;1;0;0;79
240165;9;1;0;14;4;1;0;30;1;0;0;0;0;60
240170;187;4;1;2;6;1;16;1;4;2;4;4;3;235
240180;182;2;0;5;0;5;0;6;0;0;0;0;0;200
240185;2;9;0;33;6;1;3;0;1;3;0;0;0;58
240190;140;0;8;1;2;1;0;1;0;0;0;0;0;153
240200;4235;116;149;171;110;182;112;118;265;109;90;84;85;5826
240210;146;1;0;3;0;0;1;4;1;0;1;5;0;162
240220;3359;448;83;55;68;46;288;54;54;1457;185;84;20;6201
240230;1050;6;13;14;4;2;17;7;64;30;24;6;11;1248
240240;434;16;83;44;121;50;9;5;11;30;9;19;27;858
240250;892;71;31;39;21;3;3;80;40;56;92;50;3;1381
240260;2098;163;278;156;60;56;74;59;79;629;82;165;33;3932
240270;543;7;5;11;7;8;6;6;4;6;2;2;6;613
240280;161;0;0;0;0;0;0;0;0;0;0;0;0;161
240290;77;0;1;3;0;0;0;0;0;0;0;0;0;81
240300;344;5;0;3;5;16;4;87;29;2;3;7;1;506
240310;2180;52;84;91;36;40;69;288;107;115;55;237;60;3414
240320;78;0;15;53;10;8;1;12;1;0;0;0;0;178
240325;9312;582;548;465;527;465;508;610;483;619;586;765;396;15866
240330;111;0;0;0;0;2;0;0;0;0;0;0;0;113
240340;179;1;0;1;4;1;0;5;0;0;5;0;1;197
240350;116;0;0;1;1;2;0;0;0;0;0;0;0;120
240360;712;148;44;13;58;122;32;38;24;23;27;32;13;1286
240370;145;0;0;0;35;44;0;0;0;0;3;0;0;227
240375;0;37;1;0;0;0;0;1;0;0;0;0;0;39
240380;248;3;2;13;1;3;0;7;0;3;0;0;2;282
240390;126;0;0;0;0;0;0;0;0;0;0;0;0;126
240400;206;0;0;0;0;1;0;1;17;0;0;4;1;230
240410;53;20;13;2;17;0;3;0;1;1;3;1;0;114
240420;698;14;61;42;18;12;13;19;27;112;15;11;5;1047
240430;331;4;1;4;1;1;1;2;21;5;4;2;0;377
240440;383;42;18;18;16;12;10;9;5;9;22;20;14;578
240450;562;9;69;4;3;1;0;24;6;2;1;40;14;735
240460;187;0;0;0;2;1;0;0;12;10;0;0;1;213
240470;1306;54;41;62;49;70;49;63;114;179;144;118;36;2285
240480;70;0;0;0;10;3;0;0;0;0;0;0;0;83
240485;117;1;6;13;34;46;42;19;16;15;34;7;16;366
240490;141;1;0;108;3;0;2;8;3;1;1;0;1;269
240500;159;2;0;12;0;0;1;5;1;1;0;0;1;182
240510;174;1;0;0;0;1;0;0;1;0;0;0;0;177
240520;199;0;0;0;0;0;0;0;0;0;0;0;0;199
240530;175;0;0;21;1;0;0;1;1;0;0;1;0;200
240540;164;0;0;0;0;4;0;0;0;0;0;0;0;168
240550;1;0;0;0;0;0;0;0;0;0;0;0;1;2
240560;210;1;0;33;50;19;38;4;33;7;7;5;1;408
240570;738;32;14;36;22;28;26;27;10;2;2;2;3;942
240580;650;18;6;78;25;5;28;7;12;15;5;6;2;857
240590;118;0;0;0;0;0;0;0;0;10;0;12;0;140
240600;161;0;0;0;0;0;0;0;0;0;0;0;0;161
240610;214;65;50;84;53;9;9;1;1;3;0;0;0;489
240620;163;1;3;4;2;1;0;3;0;5;2;3;1;188
240630;66;0;1;2;1;3;1;2;0;0;3;1;0;80
240640;77;2;0;4;0;0;50;0;0;0;1;0;0;134
240650;163;3;0;19;15;14;19;7;6;1;0;0;0;247
240660;6;0;0;0;0;0;0;0;0;0;0;8;0;14
240670;456;45;39;101;86;21;0;9;0;9;1;4;1;772
240680;112;0;0;0;0;0;0;0;0;0;0;0;0;112
240690;86;0;0;13;0;0;0;1;13;0;0;0;0;113
240700;97;3;0;0;0;0;0;0;0;0;0;2;0;102
240710;1764;87;131;144;141;159;204;95;44;182;58;95;36;3140
240720;2174;57;116;52;88;54;44;42;35;64;60;29;24;2839
240725;52;1;0;0;0;0;0;0;0;0;0;0;0;53
240730;235;12;14;73;0;39;2;0;0;0;1;0;0;376
240740;130;3;1;0;95;8;9;3;3;1;1;1;0;255
240750;165;6;16;33;32;23;17;16;42;31;26;17;22;446
240760;161;0;0;8;16;22;3;4;1;0;0;0;0;215
240770;182;1;0;0;0;0;1;0;0;0;0;0;0;184
240780;1149;34;83;114;15;36;39;6;32;58;18;13;3;1600
240790;125;0;0;10;2;16;0;0;0;0;0;0;0;153
240800;24206;1191;846;982;972;580;734;1033;1278;1273;1197;1223;608;36123
240810;167204;4359;4171;4596;4502;4364;4466;4743;5141;5138;4996;4270;3172;221122
240820;720;11;11;59;31;11;15;10;11;27;13;29;2;950
240830;417;22;24;25;12;32;6;13;0;10;26;13;7;607
240840;55;0;0;14;27;5;19;0;0;0;0;0;0;120
240850;168;1;0;0;0;2;0;3;0;0;0;1;3;178
240860;118;0;0;0;0;0;0;0;0;0;0;0;0;118
240870;118;0;0;0;0;0;0;0;0;0;0;0;0;118
240880;57;0;106;0;0;0;0;0;0;0;0;0;1;164
240890;1230;25;28;75;41;85;25;11;55;33;21;55;20;1704
240895;12;0;0;0;0;0;1;0;1;0;0;2;2;18
240910;182;10;15;17;22;63;16;22;70;10;21;25;12;485
240920;153;0;1;0;0;0;0;3;0;0;0;0;0;157
240930;196;10;3;34;9;1;1;83;29;1;6;4;1;378
240933;2;0;31;75;2;1;1;0;0;0;1;0;0;113
240940;982;21;8;63;81;45;61;22;23;20;15;25;20;1386
240950;65;1;35;36;2;4;15;0;0;1;0;0;0;159
240960;83;0;0;54;11;1;2;0;0;0;3;0;0;154
240970;175;0;1;5;1;2;2;16;3;3;1;2;0;211
240980;226;0;4;9;9;0;0;3;2;1;1;0;0;255
240990;666;11;3;16;8;15;30;10;3;12;10;2;4;790
241000;108;0;3;4;0;0;0;0;0;0;0;0;0;115
241010;294;1;0;0;0;0;1;0;0;0;0;0;0;296
241020;122;0;0;1;1;0;0;0;0;0;0;2;0;126
241025;99;0;1;15;9;1;2;0;0;0;0;18;0;145
241030;80;0;0;0;0;0;0;1;1;0;0;3;1;86
241040;59;0;47;41;7;1;0;2;0;1;0;1;0;159
241050;74;0;1;55;3;1;1;3;6;1;0;0;0;145
241060;97;0;0;0;0;0;0;0;0;0;0;0;1;98
241070;78;0;0;0;0;0;0;0;0;0;0;0;0;78
241080;135;1;50;3;0;0;0;0;0;0;0;0;0;189
241090;268;1;2;1;2;0;4;5;1;16;7;0;1;308
241100;231;0;0;3;0;1;0;0;0;5;0;0;0;240
241105;34;1;0;1;0;0;0;15;2;1;0;3;0;57
241110;246;3;1;2;0;0;0;0;0;0;1;0;0;253
241120;1771;64;38;113;51;32;54;123;32;77;60;28;14;2457
241140;408;11;2;1;1;2;1;1;4;1;10;5;3;450
241142;177;0;0;0;0;1;2;0;0;0;0;0;0;180
241150;539;12;14;26;16;23;0;12;4;4;3;8;0;661
241160;149;1;0;0;0;0;0;0;0;0;0;0;0;150
241170;137;11;5;21;1;2;0;1;0;0;0;0;0;178
241180;105;0;0;1;1;0;1;1;0;0;1;0;0;110
241190;153;0;1;3;1;1;3;1;1;0;0;3;0;167
241200;7148;399;1572;523;332;305;470;246;269;295;197;153;122;12031
241210;128;2;0;1;20;22;2;0;2;0;2;1;1;181
241220;1095;95;42;22;45;42;27;73;38;56;67;30;26;1658
241230;345;4;0;3;31;78;52;62;17;6;3;0;0;601
241240;134;11;0;8;2;2;5;0;31;2;1;2;3;201
241250;289;2;0;0;16;0;1;17;2;3;0;1;1;332
241255;49;5;5;38;6;2;2;0;0;0;0;0;0;107
241260;443;8;21;40;19;18;13;2;13;8;6;9;8;608
241270;109;1;0;82;5;5;0;2;0;0;0;0;0;204
241280;120;13;1;10;8;2;2;3;0;0;0;3;0;162
241290;362;0;4;3;2;1;3;15;3;4;3;2;0;402
241300;145;0;0;2;1;20;0;0;0;9;1;2;0;180
241310;212;1;0;0;0;1;0;0;0;0;0;0;0;214
241320;128;1;1;0;0;1;0;0;0;0;0;0;0;131
241330;186;1;0;4;1;0;2;4;0;0;1;0;0;199
241335;57;0;0;0;0;0;0;0;0;0;0;1;0;58
241340;93;20;19;3;0;2;0;0;33;1;1;1;1;174
241350;53;3;0;13;0;0;0;1;5;2;2;4;3;86
241355;31;1;0;2;82;4;3;3;0;3;0;0;0;129
241360;164;46;11;57;9;1;2;3;0;4;7;0;0;304
241370;100;2;0;0;0;0;0;0;0;0;0;0;0;102
241380;77;0;0;0;0;0;0;0;0;0;0;0;0;77
241390;374;6;3;2;14;8;7;9;2;8;77;2;5;517
241400;367;5;10;22;17;8;2;64;3;30;2;2;2;534
241410;157;31;0;0;0;18;0;0;0;0;0;0;0;206
241415;146;0;2;0;1;0;0;1;0;1;1;0;0;152
241420;260;9;41;13;26;10;8;5;30;75;23;24;11;535
241430;32;0;0;0;0;0;0;0;0;0;0;0;0;32
241440;589;9;11;7;7;13;17;17;33;7;24;3;7;744
241445;83;1;0;9;1;0;0;0;0;0;0;0;0;94
241450;214;9;52;7;3;0;15;15;2;7;15;17;0;356
241460;214;0;0;0;15;0;0;2;0;0;0;0;4;235
241470;141;2;2;6;1;2;0;0;2;0;1;0;1;158
241475;94;0;0;43;0;3;2;2;0;0;0;0;0;144
241480;126;7;74;28;6;3;9;9;2;3;1;1;0;269
241490;2;0;0;0;0;0;0;0;0;0;0;0;0;2
241500;6;0;0;0;0;1;1;3;22;1;0;0;0;34
250010;123;0;1;2;0;1;0;0;0;0;0;0;0;127
250020;381;1;1;0;1;4;2;1;0;0;0;1;0;392
250030;559;4;5;4;1;6;11;2;9;17;4;18;4;644
250040;595;2;3;2;2;2;2;4;7;0;1;6;3;629
250050;236;0;1;3;1;2;4;9;4;1;1;5;1;268
250053;2;0;0;0;0;0;0;0;1;0;0;0;0;3
250057;78;2;2;0;1;0;1;1;0;0;0;0;0;85
250060;1170;21;55;100;46;26;34;36;21;61;29;16;91;1706
250070;539;31;38;33;21;4;10;1;1;6;2;2;0;688
250073;37;0;0;0;0;0;0;0;0;0;0;0;0;37
250077;9;10;5;60;7;0;0;6;4;0;0;0;0;101
250080;573;2;3;2;3;0;3;1;1;2;1;1;0;592
250090;281;0;13;0;1;0;1;0;1;2;2;0;0;301
250100;643;10;4;2;15;2;5;6;3;3;1;2;0;696
250110;848;12;3;14;4;1;2;12;6;2;2;3;1;910
250115;90;11;12;0;0;0;0;0;0;0;0;0;0;113
250120;317;1;0;0;0;1;1;0;1;0;0;0;0;321
250130;494;0;1;3;1;3;1;1;0;2;0;1;0;507
250135;0;4;0;0;1;0;0;0;0;0;0;0;0;5
250140;182;5;0;1;3;1;0;55;0;1;3;1;1;253
250150;438;11;8;6;7;8;6;17;0;8;0;3;1;513
250153;88;0;0;0;0;0;0;0;2;4;1;0;1;96
250157;5;11;0;0;0;0;0;3;0;0;0;0;0;19
250160;420;0;0;4;0;1;0;1;2;6;0;1;3;438
250170;88;0;0;0;0;0;0;0;3;0;2;0;0;93
250180;6333;146;149;198;245;196;209;184;160;194;185;110;80;8389
250190;354;3;14;4;56;3;4;6;2;14;1;1;2;464
250200;116;0;22;0;1;0;0;0;0;1;0;0;0;140
250205;2;15;138;6;1;5;0;0;0;0;1;0;0;168
250210;89;0;0;0;0;0;0;0;0;0;0;0;6;95
250215;272;14;13;20;10;12;5;9;14;11;5;5;0;390
250220;465;1;4;6;2;0;0;0;0;0;1;0;0;479
250230;79;0;74;0;27;0;0;0;2;1;0;1;0;184
250240;532;6;2;3;1;4;0;1;1;2;4;3;4;563
250250;507;23;9;2;8;8;2;1;3;4;0;1;9;577
250260;249;0;3;1;0;0;0;0;0;0;0;0;0;253
250270;188;33;21;1;1;0;1;0;1;1;0;5;0;252
250280;314;4;3;119;6;5;4;11;4;1;1;4;3;479
250290;696;0;0;0;0;0;0;0;1;0;13;0;0;710
250300;2655;23;78;73;47;56;59;63;81;1632;108;113;78;5066
250310;172;0;62;14;14;3;2;5;0;0;0;2;1;275
250320;6826;240;189;177;205;233;207;221;204;216;289;203;149;9359
250330;343;0;0;0;0;0;0;0;0;1;0;0;0;344
250340;72;1;2;1;1;0;0;0;0;0;0;0;0;77
250350;281;0;2;0;0;0;0;0;3;1;0;0;0;287
250360;317;1;1;3;16;6;6;3;5;5;7;6;5;381
250370;3502;168;199;122;85;101;82;101;110;92;64;120;92;4838
250375;11;0;90;3;0;0;0;0;4;0;1;0;0;109
250380;216;3;3;0;1;5;1;0;1;2;0;3;0;235
250390;205;0;0;0;0;0;0;0;0;0;1;0;0;206
250400;37832;1386;1369;1524;1223;1514;1035;1260;1479;1477;1216;1074;934;53323
250403;1;3;1;17;2;2;0;0;0;0;0;0;0;26
250407;109;0;0;0;0;0;0;0;0;0;0;0;0;109
250410;109;0;0;0;0;0;0;0;0;0;0;0;0;109
250415;26;69;31;7;4;0;5;0;1;1;2;0;5;151
250420;82;0;0;0;0;0;1;1;18;1;0;1;1;105
250430;903;19;21;22;16;10;13;25;14;14;13;19;5;1094
250435;6;21;62;5;1;0;1;1;0;3;0;1;0;101
250440;495;2;1;2;0;1;1;0;1;2;1;0;0;506
250450;52;0;88;0;16;5;0;0;0;0;0;1;0;162
250460;637;25;15;228;19;57;38;34;17;33;61;36;15;1215
250470;92;0;0;0;0;0;0;1;0;0;0;0;0;93
250480;1193;30;4;43;108;89;4;0;0;0;3;3;0;1477
250490;713;29;7;21;22;12;17;15;32;14;33;13;3;931
250500;209;20;1;30;3;2;1;0;1;0;0;1;1;269
250510;560;6;1;7;115;57;4;11;19;1;7;8;1;797
250520;239;24;35;11;1;0;1;0;0;0;0;0;0;311
250523;35;1;0;84;19;1;0;1;1;2;2;0;0;146
250527;126;0;8;1;0;1;0;1;1;0;8;0;0;146
250530;98;0;0;0;0;0;0;0;1;0;0;0;0;99
250535;27;0;16;0;0;0;0;0;0;0;0;0;0;43
250540;48;0;0;0;1;0;2;5;2;0;0;0;0;58
250550;32;0;0;4;0;0;0;0;0;0;0;0;0;36
250560;129;0;0;3;3;0;0;3;0;1;0;0;0;139
250570;245;4;1;1;0;1;0;0;0;0;0;3;0;255
250580;141;30;4;0;3;5;3;3;1;1;0;1;0;192
250590;143;0;0;0;0;8;0;0;0;0;0;0;0;151
250600;1545;57;158;34;22;53;42;27;23;23;22;31;25;2062
250610;220;0;188;40;5;1;2;1;0;0;1;0;0;458
250620;87;0;0;0;0;0;0;1;0;0;0;0;0;88
250625;0;0;0;0;0;0;0;45;0;0;0;0;0;45
250630;3292;99;82;145;98;87;71;80;76;84;141;105;118;4478
250640;292;6;99;106;10;4;23;0;4;8;16;12;4;584
250650;69;0;0;0;0;1;0;0;0;0;0;0;0;70
250660;129;0;0;0;0;0;0;0;0;0;0;0;0;129
250670;287;0;20;0;1;0;0;0;0;0;0;0;0;308
250680;507;2;166;11;5;15;5;88;54;6;9;2;1;871
250690;1252;6;15;19;20;10;41;8;15;6;7;13;3;1415
250700;655;8;13;9;18;12;5;6;7;2;5;21;1;762
250710;621;0;0;1;0;1;3;1;4;0;0;3;0;634
250720;240;4;0;3;0;0;3;0;0;0;4;0;0;254
250730;57;7;2;3;0;1;0;0;1;2;0;0;1;74
250740;183;16;3;3;2;1;0;0;2;0;0;0;1;211
250750;163212;3801;3227;3467;3795;4224;3276;3163;3469;3370;3900;3452;2720;205076
250760;195;4;156;17;4;2;9;3;2;1;6;0;7;406
250770;441;44;19;13;2;31;59;74;25;12;4;6;1;731
250780;294;0;9;8;41;0;3;6;5;1;7;1;1;376
250790;484;4;1;0;1;0;0;2;15;30;27;14;39;617
250800;176;0;0;0;0;0;2;0;0;0;0;0;0;178
250810;489;0;0;0;0;0;0;0;0;0;0;0;0;489
250820;161;1;66;4;0;0;38;0;0;0;0;2;0;272
250830;556;5;38;6;5;12;10;12;18;5;11;10;11;699
250840;254;0;0;0;0;0;0;0;0;0;0;0;0;254
250850;200;0;0;2;0;0;0;0;0;0;0;0;0;202
250855;41;0;0;0;0;0;0;1;0;1;0;1;0;44
250860;828;121;43;118;58;34;12;30;13;48;56;42;26;1429
250870;23;0;0;0;0;0;18;101;0;0;0;0;0;142
250880;57;29;67;1;5;1;1;0;1;0;0;0;0;162
250890;2558;47;29;60;55;43;78;31;58;76;280;67;93;3475
250900;127;0;8;0;15;4;0;0;0;2;0;0;0;156
250905;3;0;0;0;122;16;17;2;1;0;0;0;0;161
250910;479;7;1;6;3;0;2;25;134;4;1;2;0;664
250915;16;0;0;0;0;0;0;1;2;0;0;0;0;19
250920;409;1;333;94;51;18;12;8;8;52;7;29;3;1025
250930;339;6;5;5;1;9;8;4;1;5;4;2;1;390
250933;109;18;5;3;0;0;2;0;1;4;4;0;0;146
250937;0;19;44;1;27;5;1;0;0;0;0;0;0;97
250939;42;0;37;1;0;0;0;0;0;0;0;0;0;80
250940;250;70;103;1;1;1;2;3;1;0;2;8;15;457
250950;178;0;0;0;0;0;0;0;1;0;0;0;0;179
250960;136;0;0;0;0;0;0;0;0;0;0;0;0;136
250970;769;41;73;35;24;26;7;20;13;5;8;4;6;1031
250980;303;6;2;125;6;5;6;2;6;7;7;1;4;480
250990;122;0;1;1;0;0;0;0;0;1;1;0;0;126
251000;225;0;34;2;1;4;1;0;1;0;0;0;0;268
251010;175;12;72;87;21;13;1;1;0;0;1;3;0;386
251020;389;0;1;8;0;0;0;0;0;0;0;0;0;398
251030;289;0;0;2;1;0;0;0;0;0;0;0;0;292
251040;359;0;0;1;2;0;1;1;5;1;0;0;0;370
251050;173;0;1;5;4;0;0;0;1;0;0;0;0;184
251060;115;0;0;0;0;0;0;0;0;0;0;0;0;115
251065;4;0;44;38;12;3;2;0;1;6;0;0;0;110
251070;91;3;0;5;1;1;1;0;2;7;0;1;1;113
251080;4348;342;143;290;171;117;447;161;190;217;94;76;67;6663
251090;155;1;90;41;9;3;2;9;3;1;2;2;1;319
251100;166;0;0;0;0;0;0;0;0;0;0;0;0;166
251110;303;14;3;0;2;1;4;10;1;3;6;0;7;354
251120;2641;38;42;28;39;73;209;179;190;825;274;55;19;4612
251130;1441;0;3;6;2;1;1;0;0;7;4;1;0;1466
251140;736;7;9;8;2;1;7;2;4;6;9;2;7;800
251150;354;3;3;6;0;0;1;3;4;2;2;18;6;402
251160;170;0;0;13;0;0;0;0;0;0;0;0;0;183
251170;247;1;4;0;3;37;0;1;0;2;0;0;0;295
251180;291;8;16;61;9;33;1;13;4;4;19;3;0;462
251190;144;4;4;51;3;4;4;4;9;6;0;4;4;241
251200;2053;169;247;180;115;82;5;36;13;2;24;167;1;3094
251203;2;95;4;3;0;0;2;0;0;0;0;0;0;106
251207;1;1;60;0;0;0;0;0;0;0;0;0;0;62
251210;797;16;11;32;8;24;6;20;14;15;5;9;5;962
251220;102;0;0;0;0;0;0;0;0;0;0;0;0;102
251230;517;7;2;2;3;9;1;9;7;0;7;5;1;570
251240;387;6;13;110;7;14;2;25;4;1;3;4;4;580
251250;1511;217;41;37;36;53;63;35;42;34;38;27;11;2145
251260;88;1;0;0;0;0;0;0;1;0;0;0;0;90
251270;360;1;5;0;2;19;3;6;1;4;2;4;0;407
251272;151;0;10;7;0;0;0;0;0;1;0;0;0;169
251274;16;27;0;0;1;1;1;0;0;0;0;0;0;46
251275;2;0;0;0;0;0;0;0;0;0;0;0;0;2
251276;40;0;0;0;1;0;0;0;0;0;0;0;0;41
251278;3;0;0;0;0;0;0;0;0;0;0;0;0;3
251280;156;0;0;0;1;0;1;0;0;0;0;0;0;158
251290;911;20;14;122;90;44;65;60;838;446;204;219;62;3095
251300;113;2;3;2;4;0;5;1;3;2;2;1;1;139
251310;1007;1;0;0;0;0;0;0;1;0;0;0;0;1009
251315;128;0;1;1;0;0;1;0;0;0;0;0;0;131
251320;246;0;3;2;3;7;0;0;0;1;1;0;0;263
251330;289;0;39;2;3;0;0;6;0;0;0;0;0;339
251335;0;0;0;102;5;0;8;0;0;0;0;0;0;115
251340;583;10;55;130;46;12;74;20;5;7;16;24;29;1011
251350;53;0;23;0;0;0;0;0;27;31;10;2;0;146
251360;297;2;1;0;1;0;0;0;0;0;0;0;0;301
251365;0;43;1;68;65;0;2;0;0;0;0;0;0;179
251370;12070;200;254;683;319;227;214;337;661;1579;1457;304;222;18527
251380;99;2;40;5;0;1;2;2;12;2;0;1;3;169
251385;4;1;78;21;2;0;0;0;0;0;0;0;0;106
251390;608;56;14;43;15;46;39;19;29;47;37;32;18;1003
251392;0;42;79;3;1;0;0;0;0;0;0;0;0;125
251396;3;25;5;56;2;6;3;0;0;1;0;0;0;101
251398;0;0;0;0;0;1;0;0;0;0;0;0;0;1
251400;403;14;13;10;7;5;6;19;5;24;1;2;2;511
251410;136;0;0;0;0;0;0;0;0;0;0;0;0;136
251420;172;51;0;0;0;0;0;12;0;0;0;0;0;235
251430;84;0;0;0;0;0;0;0;0;0;0;0;0;84
251440;79;0;0;0;0;0;0;0;0;0;0;0;0;79
251445;58;0;57;23;2;0;0;0;0;0;0;0;0;140
251450;798;1;29;2;0;2;0;0;2;0;0;4;4;842
251455;43;0;0;0;0;0;0;0;0;0;0;0;0;43
251460;75;0;0;1;0;0;0;0;0;0;0;0;1;77
251465;35;1;0;1;0;0;0;0;0;0;0;0;0;37
251470;256;1;1;1;1;1;2;1;0;0;0;2;0;266
251480;156;0;0;0;1;0;0;1;0;0;0;0;0;158
251490;429;13;35;6;5;9;3;4;13;4;48;64;8;641
251500;138;0;0;0;4;0;0;0;0;2;74;0;0;218
251510;403;0;0;0;1;2;0;0;1;1;0;8;0;416
251520;43;0;0;0;0;0;0;0;0;0;0;0;0;43
251530;1961;19;16;55;172;30;41;84;61;93;340;122;43;3037
251540;270;0;1;0;0;0;4;1;0;2;0;0;0;278
251550;379;5;6;3;2;1;0;3;9;3;1;0;1;413
251560;168;0;0;1;0;0;0;0;0;0;0;0;0;169
251570;151;0;0;0;0;0;0;0;0;0;0;0;0;151
251580;437;2;135;14;7;8;1;4;5;2;5;14;0;634
251590;288;1;1;0;0;0;0;0;0;0;0;0;0;290
251593;72;19;12;3;0;1;0;2;1;0;0;3;1;114
251597;97;2;0;75;14;8;2;3;2;0;0;0;0;203
251600;466;267;46;13;8;5;7;2;4;3;3;4;27;855
251610;674;4;181;24;121;34;3;6;5;3;1;3;1;1060
251615;117;0;0;1;1;1;2;0;0;0;0;0;0;122
251620;3333;122;89;85;113;103;83;77;108;84;103;71;93;4464
251630;265;5;1;16;66;4;5;11;1;3;3;2;2;384
251640;279;9;1;1;0;0;0;0;0;1;0;0;0;291
251650;573;2;3;3;2;1;0;0;1;3;0;0;0;588
251660;81;58;73;2;0;8;0;0;1;1;0;0;0;224
251670;296;0;2;1;2;2;0;2;4;1;1;1;0;312
251675;36;0;0;0;0;0;0;0;3;0;0;0;0;39
251680;194;0;4;1;0;2;1;0;0;0;0;0;0;202
251690;601;7;0;44;18;8;8;1;0;0;0;3;4;694
251700;164;0;0;0;0;0;0;0;0;0;0;0;5;169
251710;124;68;5;0;1;1;13;0;9;5;2;4;4;236
251720;0;0;0;100;0;1;4;0;0;0;0;0;0;105
251740;0;0;3;48;4;0;0;0;0;1;2;0;0;58
260005;5456;230;247;223;230;207;180;200;166;197;212;143;122;7813
260010;1302;40;18;75;23;21;32;38;55;23;13;11;37;1688
260020;222;34;85;37;16;8;7;0;3;0;5;1;1;419
260030;734;71;6;9;3;8;6;12;10;12;7;13;3;894
260040;1904;4;6;22;80;2;5;3;2;6;89;58;4;2185
260050;955;4;5;19;13;13;6;13;4;6;8;7;9;1062
260060;389;1;1;3;0;0;2;1;0;2;0;2;0;401
260070;2842;28;18;39;30;19;90;8;35;80;271;105;5;3570
260080;452;1;1;2;1;2;193;0;4;8;5;2;0;671
260090;757;5;1;4;4;3;10;9;17;65;25;15;12;927
260100;323;5;0;0;1;2;3;0;2;1;38;1;4;380
260105;13;4;0;0;1;1;1;0;0;1;0;3;1;25
260110;2979;89;341;120;73;154;76;144;115;98;136;95;49;4469
260120;3360;63;66;97;94;113;78;63;100;103;76;85;50;4348
260130;306;2;9;19;14;18;10;3;0;7;3;7;0;398
260140;4330;52;20;13;22;21;48;9;17;34;35;122;43;4766
260150;404;3;7;2;1;0;1;0;5;0;2;0;1;426
260160;469;21;313;5;2;8;9;22;20;42;24;16;2;953
260170;4872;269;118;232;140;144;158;144;206;160;183;110;88;6824
260180;343;0;2;1;1;0;0;0;0;0;0;0;0;347
260190;2349;58;42;42;47;93;39;50;87;71;48;41;36;3003
260200;702;2;1;2;3;6;1;0;1;3;4;3;2;730
260210;1088;6;11;6;4;6;4;12;5;7;3;5;3;1160
260220;930;14;2;9;6;1;2;1;4;7;5;2;12;995
260230;1294;12;19;23;4;16;12;17;12;26;28;14;10;1487
260240;292;3;2;4;7;1;2;2;2;3;1;1;1;321
260250;158;0;1;2;1;0;0;0;0;0;0;0;0;162
260260;677;5;84;60;16;23;7;7;12;1;9;35;20;956
260270;553;11;51;50;13;10;22;1;2;18;45;19;2;797
260280;811;29;5;1;3;4;6;4;4;4;1;2;4;878
260290;13399;411;304;309;324;276;389;399;531;1598;972;639;235;19786
260300;991;14;0;6;7;8;10;4;6;17;4;3;3;1073
260310;509;3;2;3;7;7;1;0;4;3;2;1;2;544
260320;368;83;54;1;1;2;0;0;1;1;1;0;0;512
260330;244;1;1;0;0;1;1;26;0;1;0;0;0;275
260340;347;0;0;0;0;0;0;0;0;0;1;0;0;348
260345;5782;194;136;305;185;159;149;300;163;238;160;156;63;7990
260350;395;8;9;3;3;9;61;9;2;0;1;4;2;506
260360;2934;4;0;1;1;1;196;4;2;805;260;2;7;4217
260370;742;6;4;3;0;9;9;7;2;4;6;4;1;797
260380;334;2;0;0;0;0;6;1;0;0;2;1;0;346
260390;407;1;0;0;1;1;0;0;0;0;0;0;0;410
260392;149;0;0;0;0;0;0;0;0;0;0;0;0;149
260400;4358;207;154;206;105;128;147;117;132;132;242;173;78;6179
260410;19353;865;682;699;660;770;852;717;903;786;700;774;566;28327
260415;258;0;0;164;7;8;9;1;2;1;1;0;0;451
260420;2875;24;21;27;116;32;32;19;27;10;1185;161;3;4532
260430;383;0;0;0;0;1;0;40;11;0;0;4;2;441
260440;967;2;14;4;2;13;6;1;23;0;127;24;1;1184
260450;465;20;76;17;5;20;19;21;10;16;22;19;6;716
260460;733;0;1;1;5;10;0;1;2;1;8;38;6;806
260470;513;4;0;47;20;17;27;25;2;2;20;2;0;679
260480;818;4;3;12;2;2;2;91;14;177;23;8;1;1157
260490;437;1;2;0;23;0;0;1;0;0;0;0;0;464
260500;458;2;5;4;6;6;4;9;0;2;3;4;3;506
260510;1197;1;24;23;23;7;121;20;45;11;4;7;7;1490
260515;317;28;33;6;14;5;9;22;1;0;9;2;4;450
260520;6294;64;46;189;199;96;69;121;52;1016;669;281;145;9241
260530;996;2;0;0;0;2;0;1;4;2;1;0;2;1010
260540;455;3;4;2;0;3;30;13;3;3;0;4;2;522
260545;246;36;15;10;38;9;10;15;39;43;37;31;14;543
260550;645;3;12;34;19;9;1;9;5;88;17;7;2;851
260560;482;0;0;0;0;1;0;0;1;0;0;0;0;484
260570;661;189;53;34;22;83;121;39;77;57;4;42;10;1392
260580;231;0;0;0;0;3;4;2;0;0;0;0;0;240
260590;1183;5;2;2;3;2;4;5;17;153;196;43;29;1644
260600;7523;238;241;263;291;229;252;234;244;230;262;187;205;10399
260610;774;4;4;11;2;4;11;4;3;1;9;7;4;838
260620;7435;125;74;185;104;192;123;109;91;288;2036;148;102;11012
260630;215;6;0;4;2;0;0;0;0;2;0;1;0;230
260640;2893;80;52;60;76;93;78;82;94;68;69;65;74;3784
260650;155;0;0;0;0;0;0;0;0;0;0;1;0;156
260660;453;1;3;8;0;1;3;7;3;2;1;0;1;483
260670;101;0;0;0;0;13;0;0;2;0;0;0;0;116
260680;9781;180;336;636;190;260;245;217;228;962;888;773;255;14951
260690;462;2;0;1;19;7;1;0;1;4;0;0;1;498
260700;421;1;0;0;1;2;0;3;0;0;0;1;1;430
260710;109;1;0;3;72;1;1;0;0;1;13;11;9;221
260720;9819;359;80;81;136;128;402;194;220;2499;501;291;133;14843
260730;590;5;5;7;3;9;12;14;5;7;6;15;2;680
260740;47;0;0;0;0;0;0;0;0;0;0;1;0;48
260750;59;1;1;1;1;1;0;2;2;1;3;2;0;74
260760;733;15;30;30;26;18;14;17;13;15;14;23;4;952
260765;1845;17;17;26;29;32;21;31;59;158;590;56;8;2889
260770;363;2;1;1;0;1;31;51;0;0;0;0;0;450
260775;2061;96;76;119;54;103;49;137;166;41;48;39;25;3014
260780;739;10;5;2;2;7;21;6;3;3;50;64;4;916
260790;48163;1591;1709;2212;1822;1749;1746;1803;1803;2198;2452;2466;1145;70859
260795;1068;30;9;2;5;21;47;16;9;215;41;20;5;1488
260800;427;3;43;7;50;2;8;17;13;3;4;1;1;579
260805;170;108;116;47;13;40;10;7;7;9;9;3;5;544
260810;518;22;18;12;7;7;4;10;10;17;13;20;3;661
260820;6446;25;3;48;18;1;4;198;10;961;1168;290;48;9220
260825;156;1;2;0;0;0;0;0;0;1;1;0;0;161
260830;281;7;1;0;0;5;0;0;1;1;2;0;0;298
260840;279;1;3;0;0;1;1;0;1;3;1;1;0;291
260845;451;23;48;60;41;8;28;14;8;14;12;18;6;731
260850;3863;32;11;90;11;19;9;10;15;552;590;293;41;5536
260860;243;1;0;0;0;0;0;0;1;0;0;0;0;245
260870;338;0;0;0;2;0;2;0;0;0;5;1;0;348
260875;1220;47;17;28;62;93;54;47;89;55;24;33;24;1793
260880;899;9;26;20;14;12;14;16;12;14;11;16;6;1069
260890;3015;111;54;57;91;55;73;52;64;62;56;43;26;3759
260900;1509;9;30;10;20;13;52;1;5;7;94;17;14;1781
260910;50;2;2;6;0;0;0;2;0;4;10;3;0;79
260915;145;0;0;0;0;0;0;0;0;0;0;0;0;145
260920;3099;43;22;6;3;5;7;4;7;116;22;15;22;3371
260930;451;0;22;33;2;4;2;0;1;3;2;1;0;521
260940;3142;40;22;40;50;55;42;57;82;75;137;59;11;3812
260950;6361;45;37;54;38;42;43;141;54;823;117;97;38;7890
260960;43918;1322;1078;1270;1360;1302;1201;1034;1441;1403;1134;1144;913;58520
260970;839;4;33;45;30;1;6;11;0;5;2;0;2;978
260980;340;5;0;0;1;0;0;16;19;10;0;7;0;398
260990;1145;87;34;62;52;45;62;99;166;211;83;131;42;2219
261000;2876;206;100;74;55;56;51;127;125;161;92;174;36;4133
261010;437;0;0;0;0;0;0;1;0;1;0;0;0;439
261020;578;2;2;0;1;0;0;2;5;1;0;0;0;591
261030;237;1;8;2;0;0;0;0;0;0;10;2;0;260
261040;293;3;1;1;1;0;172;2;58;8;3;54;4;600
261050;476;23;2;4;2;13;5;7;13;7;2;6;2;562
261060;2651;131;164;117;90;110;68;89;104;102;128;143;93;3990
261070;15756;399;601;645;435;514;398;482;639;435;531;659;330;21824
261080;537;43;2;0;2;8;0;0;0;1;2;0;0;595
261090;2842;46;52;151;84;60;58;87;60;180;55;48;30;3753
261100;2555;32;46;29;39;40;96;56;130;66;109;69;23;3290
261110;19519;691;640;782;903;1115;1029;827;1911;1277;1119;992;727;31532
261120;317;1;0;0;0;45;2;2;0;1;5;0;0;373
261130;945;10;6;17;17;11;18;24;10;16;59;16;4;1153
261140;1439;14;10;1;39;6;14;6;7;36;65;9;4;1650
261150;510;8;4;0;0;1;2;3;1;0;1;2;0;532
261153;294;1;3;0;1;0;0;2;0;0;2;4;6;313
261160;393978;10911;9306;11740;12102;11512;10836;10632;14300;12426;10536;11233;8236;527748
261170;634;7;16;9;17;4;6;4;21;5;13;3;2;741
261180;3157;53;31;33;46;10;21;28;13;380;169;76;12;4029
261190;5608;16;9;23;6;16;4;9;58;1572;605;105;27;8058
261200;302;2;1;1;0;1;1;1;1;0;1;1;12;324
261210;148;1;0;16;6;0;0;0;0;0;0;1;0;172
261220;2493;85;95;55;114;85;104;183;108;77;76;86;111;3672
261230;236;2;1;0;0;0;0;0;0;4;0;7;2;252
261240;864;7;2;3;5;1;2;9;2;17;4;5;1;922
261245;10;0;0;0;0;0;0;27;14;12;0;6;0;69
261247;214;2;1;0;33;0;0;1;17;1;0;0;1;270
261250;914;32;39;105;108;50;147;143;80;165;199;80;88;2150
261255;172;7;71;5;1;11;1;4;2;1;1;2;0;278
261260;2521;23;65;20;17;56;16;73;68;87;30;34;16;3026
261270;250;0;0;0;1;2;0;1;1;0;0;0;0;255
261280;398;2;0;1;1;1;0;1;0;0;0;0;0;404
261290;376;0;0;3;1;0;0;30;1;0;1;0;0;412
261300;1429;6;7;19;8;26;28;36;72;74;50;53;15;1823
261310;897;27;17;20;9;11;35;16;15;23;18;6;6;1100
261320;403;2;4;0;1;0;1;1;0;1;1;0;0;414
261330;538;22;20;5;1;19;33;53;19;20;4;12;2;748
261340;494;12;8;4;1;4;114;11;4;6;4;4;1;667
261350;1210;46;285;37;22;7;9;27;24;20;17;18;8;1730
261360;806;251;7;28;11;28;19;16;28;16;21;17;14;1262
261370;4978;137;153;131;326;108;132;187;170;213;236;199;86;7056
261380;853;26;44;28;7;5;8;3;3;5;11;18;0;1011
261390;3811;129;93;119;108;134;174;119;90;91;100;64;53;5085
261400;134;0;74;110;35;0;0;0;3;2;2;0;0;360
261410;860;16;12;25;26;15;22;81;26;26;19;10;17;1155
261420;4588;102;76;63;164;830;719;391;450;2375;649;409;72;10888
261430;404;0;85;30;12;5;13;1;2;0;0;1;0;553
261440;159;0;0;0;0;0;0;0;0;0;0;0;0;159
261450;2071;57;27;42;55;34;129;131;37;31;40;21;12;2687
261460;528;5;6;5;7;5;7;6;24;29;4;19;7;652
261470;323;14;101;12;11;5;2;5;6;17;8;6;8;518
261480;395;1;51;150;11;1;5;9;1;1;1;1;0;627
261485;408;19;7;36;13;3;4;7;20;30;121;16;15;699
261500;443;5;4;4;84;40;18;40;17;12;40;10;1;718
261510;138;0;0;0;0;0;0;0;0;0;0;0;0;138
261520;181;0;0;0;0;0;0;0;0;0;0;0;0;181
261530;6492;89;154;64;62;61;79;74;47;69;279;266;56;7792
261540;567;44;35;28;48;50;119;17;53;16;26;17;13;1033
261550;708;18;0;0;1;2;1;1;2;42;66;15;0;856
261560;889;27;25;29;52;51;38;31;56;39;56;76;18;1387
261570;564;0;6;2;4;6;2;4;0;3;5;3;0;599
261580;236;0;6;1;15;0;1;0;0;1;0;0;0;260
261590;373;6;3;1;6;4;0;2;1;2;2;1;1;402
261600;584;18;0;0;0;1;2;1;0;0;0;0;0;606
261610;396;0;0;0;2;14;0;1;1;1;0;2;0;417
261618;308;3;5;4;0;4;6;16;0;2;0;4;5;357
261620;297;2;1;2;7;0;1;0;0;3;1;0;10;324
261630;4011;60;54;20;29;24;27;25;15;36;45;1042;12;5400
261640;6545;140;123;126;164;140;117;152;141;299;239;148;81;8415
261650;497;8;2;3;2;1;1;1;7;6;2;3;0;533
270010;452;0;6;2;2;0;0;0;1;1;6;0;1;471
270020;556;0;4;2;3;1;1;0;4;1;1;2;0;575
270030;10356;285;304;720;410;318;485;608;430;784;374;341;201;15616
270040;2872;39;16;28;21;40;18;10;21;21;351;407;242;4086
270050;453;16;8;8;1;1;4;4;5;2;18;4;2;526
270060;290;24;1;3;6;4;4;5;63;9;11;30;6;456
270070;403;75;29;33;2;3;8;7;4;6;8;7;2;587
270080;365;17;30;7;13;12;12;5;18;10;6;5;3;503
270090;159;0;0;3;3;2;3;0;0;0;0;1;0;171
270100;4116;35;379;87;12;15;17;30;35;20;1367;27;12;6152
270110;113;1;31;56;16;16;24;6;1;0;1;3;1;269
270120;487;3;1;7;0;16;1;24;4;2;2;1;0;548
270130;1809;32;22;8;3;4;100;48;3;23;294;65;46;2457
270135;98;0;16;2;0;0;1;1;0;2;0;0;1;121
270140;4250;23;32;13;22;15;214;494;21;143;1528;33;42;6830
270150;45;1;4;0;0;1;2;1;154;1;0;0;0;209
270160;164;0;1;3;0;1;0;0;0;1;0;0;1;171
270170;1172;24;19;12;12;18;9;14;149;5;101;24;12;1571
270180;184;3;0;2;95;0;0;0;0;0;0;0;0;284
270190;293;3;0;0;0;0;0;1;0;1;0;0;0;298
270200;311;0;0;0;0;0;0;109;0;0;0;1;0;421
270210;2174;21;12;6;8;3;0;24;199;217;188;128;10;2990
270220;97;1;0;0;0;0;0;35;0;0;2;0;0;135
270230;7159;64;14;35;45;64;48;36;28;1179;2207;672;162;11713
270235;336;25;1;1;0;2;6;1;5;0;1;0;0;378
270240;1545;230;24;15;50;60;24;20;21;59;89;58;9;2204
270250;253;0;0;0;0;0;0;1;1;0;0;0;0;255
270255;102;0;1;0;0;0;0;45;0;0;0;0;0;148
270260;142;2;0;0;0;0;2;9;1;0;0;0;0;156
270270;176;0;0;0;0;0;0;0;0;0;0;0;0;176
270280;974;6;2;0;7;5;0;1;2;0;3;2;1;1003
270290;929;11;12;23;4;39;6;8;25;2;6;8;2;1075
270300;147;1;0;1;0;0;0;0;0;0;1;0;0;150
270310;231;2;0;0;0;0;0;0;1;0;0;0;0;234
270320;2019;37;11;14;1;0;4;279;5;335;369;9;4;3087
270330;279;0;0;0;1;0;0;1;1;0;0;0;0;282
270340;168;0;0;1;1;0;0;1;0;1;0;0;0;172
270350;237;11;5;5;0;52;45;2;1;3;3;13;2;379
270360;927;53;19;21;31;14;5;14;4;1;95;1;3;1188
270370;264;1;1;2;0;4;1;9;7;1;3;1;0;294
270380;505;3;1;20;104;74;26;3;70;9;1;0;1;817
270390;170;0;0;1;0;4;0;42;1;0;0;12;0;230
270400;842;5;0;6;14;74;48;20;21;3;13;10;6;1062
270410;812;55;32;99;8;3;36;346;62;100;28;6;2;1589
270420;641;9;4;7;2;1;3;13;10;4;2;1;0;697
270430;129891;4230;3123;3826;3405;3567;3636;3698;3438;4907;3528;3232;2330;172811
270440;379;1;5;3;6;5;2;4;7;11;13;10;0;446
270450;1368;108;12;11;10;56;14;36;39;39;163;48;25;1929
270460;202;15;2;0;3;0;0;0;0;1;2;0;0;225
270470;6399;428;33;69;67;69;105;94;68;59;947;65;15;8418
270480;469;5;0;7;0;1;2;3;0;8;1;0;0;496
270490;213;1;0;0;0;0;0;3;1;0;0;0;0;218
270500;540;0;0;0;0;0;0;0;1;0;0;0;0;541
270510;1492;30;12;6;1;6;3;9;10;125;100;8;19;1821
270520;348;5;21;4;6;11;73;2;8;7;11;9;2;507
270530;134;2;0;1;0;0;0;4;1;0;0;0;7;149
270540;102;1;0;8;3;1;0;0;1;2;0;0;0;118
270550;789;20;4;10;13;9;6;12;7;7;12;6;12;907
270560;493;9;2;1;2;6;1;1;1;0;2;2;6;526
270570;616;12;24;9;14;2;13;280;9;10;17;20;22;1048
270580;85;0;0;0;0;0;0;0;0;0;3;0;0;88
270590;2;0;0;0;0;0;0;0;0;0;0;0;0;2
270600;175;0;2;8;1;2;0;0;0;0;0;0;0;188
270610;339;0;0;0;0;0;0;0;0;0;0;0;0;339
270620;1;0;0;0;0;0;0;0;0;0;0;0;0;1
270630;2455;47;57;61;44;51;42;60;48;44;44;33;25;3011
270640;616;4;1;4;1;3;3;0;10;7;5;4;1;659
270642;72;0;0;0;0;0;0;0;78;0;0;0;0;150
270644;66;24;81;16;8;18;20;38;17;26;7;18;23;362
270650;327;2;1;2;8;25;2;4;51;5;6;15;0;448
270660;394;4;71;87;59;17;0;3;0;71;12;4;0;722
270670;3927;49;58;165;40;74;104;84;223;16;762;30;33;5565
270680;424;0;0;1;0;0;0;6;94;19;4;92;0;640
270690;1676;17;8;32;19;7;42;10;27;8;69;9;11;1935
270700;4;0;0;0;0;0;0;0;0;0;0;0;0;4
270710;188;13;2;6;1;6;15;9;3;2;11;26;49;331
270720;184;4;0;0;0;0;0;0;0;0;0;0;0;188
270730;1862;29;12;12;2;12;8;11;16;167;249;54;12;2446
270740;185;1;0;0;0;3;1;7;2;0;2;2;1;204
270750;183;4;1;1;0;0;4;0;1;1;0;0;0;195
270760;291;1;1;3;0;0;0;4;40;2;0;3;0;345
270770;4351;240;116;185;24;37;232;207;502;217;961;253;104;7429
270780;276;1;1;53;0;1;1;1;1;3;4;1;1;344
270790;22;3;1;2;0;0;0;2;0;9;0;1;0;40
270800;1469;18;13;9;25;19;6;59;38;24;25;11;18;1734
270810;379;1;0;0;0;0;13;0;0;0;0;0;0;393
270820;87;40;0;0;0;0;0;0;0;0;0;0;0;127
270830;4190;245;117;18;8;612;347;24;9;152;1762;309;63;7856
270840;537;0;0;0;0;0;69;0;0;1;0;0;0;607
270850;3638;52;7;31;38;12;20;8;12;206;287;36;14;4361
270860;10392;122;125;149;342;98;86;293;104;785;3308;471;126;16401
270870;201;0;0;0;0;0;0;2;0;3;43;0;1;250
270880;426;8;5;4;5;1;10;2;2;3;5;3;5;479
270890;644;53;67;8;2;32;21;13;0;11;14;7;10;882
270895;119;0;0;0;0;0;2;2;0;0;0;0;0;123
270900;229;0;0;0;0;0;1;20;0;0;0;0;0;250
270910;344;1;0;88;2;1;0;11;1;0;0;4;1;453
270915;3089;3;4;14;11;18;9;5;316;67;1912;15;8;5471
270920;988;3;0;0;12;6;0;0;0;0;0;0;0;1009
270930;4342;58;17;119;84;63;52;45;43;51;271;329;69;5543
270940;825;18;6;13;9;12;8;8;6;14;8;8;29;964
280010;51;0;0;0;0;0;0;0;0;0;0;0;0;51
280020;461;2;4;35;5;9;7;4;5;5;5;36;3;581
280030;124029;3502;3710;4675;4306;3718;3210;4707;4738;4322;3665;3410;2404;170396
280040;320;5;7;42;10;10;4;5;3;39;40;6;0;491
280050;728;15;8;7;64;79;63;148;45;7;17;90;5;1276
280060;841;53;75;47;25;32;22;23;23;38;27;37;13;1256
280067;914;10;25;23;15;27;21;51;13;36;18;14;20;1187
280070;77;0;0;1;0;0;1;0;0;0;1;0;0;80
280100;769;12;3;6;11;51;9;17;10;17;5;7;10;927
280110;48;1;0;0;0;0;0;0;0;0;0;1;0;50
280120;400;14;27;8;3;101;3;6;126;10;16;3;24;741
280130;1032;34;45;23;29;36;51;36;34;7;10;14;4;1355
280140;722;17;10;12;14;12;5;4;8;3;3;2;5;817
280150;1043;42;45;27;25;39;37;80;50;90;44;15;29;1566
280160;181;1;0;2;0;0;0;0;0;1;3;0;0;188
280170;197;2;6;5;147;28;13;51;9;16;1;11;1;487
280190;299;0;1;2;1;1;0;7;3;2;0;0;0;316
280200;308;0;0;0;0;0;0;2;0;1;0;2;0;313
280210;4590;124;190;240;183;204;262;142;176;279;186;147;74;6797
280220;219;4;1;1;0;0;0;0;1;0;0;1;0;227
280230;523;2;7;6;6;4;4;2;3;12;7;7;4;587
280240;254;3;1;0;0;0;0;0;0;0;1;0;0;259
280250;138;9;0;78;124;2;5;96;4;8;12;22;2;500
280260;24;0;0;0;1;0;0;0;0;1;0;0;0;26
280270;268;2;47;1;0;4;2;0;1;0;1;1;0;327
280280;389;3;30;9;1;8;1;10;2;2;1;1;1;458
280290;3026;101;153;138;155;157;143;103;123;118;61;77;79;4434
280300;1451;21;10;16;219;61;5;6;44;116;52;51;5;2057
280310;166;1;1;0;0;0;1;0;0;0;1;0;0;170
280320;1643;24;21;23;34;44;18;25;38;46;40;36;9;2001
280330;1881;17;14;7;9;16;19;12;21;13;2;24;16;2051
280340;98;4;13;5;6;2;5;1;15;4;5;1;7;166
280350;3795;117;117;149;158;139;107;364;238;145;133;112;96;5670
280360;3515;39;15;31;35;10;90;79;32;35;326;101;26;4334
280370;150;0;41;3;0;1;0;0;0;0;0;1;3;199
280380;43;2;2;4;1;3;4;2;10;1;8;1;1;82
280390;292;0;1;1;4;28;4;1;0;7;0;0;0;338
280400;820;10;20;11;8;12;17;21;24;13;18;11;20;1005
280410;233;3;1;3;1;11;2;2;4;2;13;0;4;279
280420;290;6;12;20;43;14;4;2;2;5;5;0;0;403
280430;213;12;1;4;0;10;0;0;2;0;0;0;0;242
280440;1189;5;16;21;34;26;28;26;24;27;37;13;75;1521
280445;182;0;0;31;27;2;0;3;2;1;0;0;0;248
280450;770;10;13;15;9;8;15;16;14;11;5;14;9;909
280460;616;9;10;4;3;2;3;8;5;11;5;5;1;682
280470;114;0;0;0;0;0;0;3;0;0;0;0;0;117
280480;8711;410;291;355;420;458;353;268;441;552;907;426;363;13955
280490;1007;86;21;5;8;10;176;115;59;35;109;266;143;2040
280500;133;1;0;4;0;0;0;0;0;0;0;0;0;138
280510;146;1;0;0;0;4;2;3;0;2;0;1;0;159
280520;197;0;1;0;2;2;0;3;0;0;1;0;0;206
280530;157;1;0;3;2;23;10;19;13;20;3;4;3;258
280540;225;0;0;0;6;1;0;11;0;0;4;0;3;250
280550;167;0;0;44;18;8;2;4;0;5;1;2;0;251
280560;560;4;8;13;1;1;2;26;15;11;0;4;2;647
280570;1729;34;75;79;83;30;37;31;44;61;30;47;41;2321
280580;378;94;87;22;12;11;3;22;7;4;1;1;0;642
280590;839;1;10;11;19;12;26;41;11;14;5;24;9;1022
280600;591;3;3;6;9;3;6;13;4;1;6;6;5;656
280610;863;10;18;14;8;14;8;10;27;19;14;8;6;1019
280620;433;9;3;9;145;14;11;24;15;19;11;9;1;703
280630;287;5;3;87;33;40;20;33;69;64;48;40;31;760
280640;156;0;2;0;0;2;2;0;1;0;1;1;1;166
280650;195;0;0;0;0;0;0;0;0;1;0;23;0;219
280660;414;19;4;6;23;4;9;4;13;3;14;17;20;550
280670;4690;766;225;233;383;450;277;321;343;269;230;160;130;8477
280680;403;11;5;1;2;11;0;1;9;2;7;1;0;453
280690;141;1;0;0;0;0;2;0;0;0;0;0;0;144
280700;147;1;0;0;0;0;0;1;0;0;1;0;0;150
280710;1017;20;19;8;13;22;13;39;11;13;11;6;22;1214
280720;394;5;14;3;10;5;4;3;2;5;0;5;6;456
280730;179;0;0;0;0;0;0;0;0;0;0;0;0;179
280740;904;6;13;20;14;13;13;16;68;91;137;47;40;1382
280750;309;1;0;0;9;0;0;0;2;1;3;15;0;340
280760;365;4;5;2;1;12;4;33;148;138;9;2;6;729
290010;157;0;0;0;2;0;0;0;0;0;0;0;0;159
290020;261;2;2;7;6;9;3;2;9;62;26;7;1;397
290030;172;2;1;4;4;3;0;1;2;2;0;0;0;191
290035;91;83;33;21;24;17;10;11;3;0;1;4;1;299
290040;274;0;1;2;0;1;4;2;3;2;3;1;0;293
290050;106;0;0;1;0;0;0;0;0;1;0;0;0;108
290060;179;7;2;1;2;5;1;122;9;5;0;2;1;336
290070;7618;350;262;444;319;332;242;284;236;214;262;200;163;10926
290080;753;34;37;126;15;91;29;56;88;61;41;30;11;1372
290090;350;3;1;26;4;1;0;2;5;5;5;2;2;406
290100;931;31;11;19;20;10;12;25;63;20;18;19;15;1194
290110;3194;420;164;158;191;269;124;137;151;156;916;124;23;6027
290115;78;0;0;1;0;0;0;3;0;1;0;1;0;84
290120;555;10;6;28;12;18;8;10;7;3;0;0;5;662
290130;36;5;0;3;0;0;0;1;6;1;0;0;0;52
290135;365;6;8;4;7;15;8;6;6;7;2;0;8;442
290140;52;2;3;0;1;3;2;0;2;1;4;3;0;73
290150;18;0;2;0;1;2;0;0;1;2;0;0;0;26
290160;77;0;0;95;32;3;25;4;1;0;16;0;0;253
290170;328;1;1;0;0;0;0;0;5;3;0;0;0;338
290180;33;0;1;2;4;0;2;0;4;2;1;0;0;49
290190;162;2;0;0;0;0;1;0;0;0;1;0;0;166
290195;228;1;4;75;3;2;2;2;1;5;2;1;4;330
290200;291;2;1;2;1;3;0;2;3;1;1;2;1;310
290205;81;4;2;3;8;2;1;4;1;13;1;0;2;122
290210;1006;7;4;5;20;12;6;9;18;10;15;9;8;1129
290220;127;1;0;39;88;20;26;13;1;0;2;5;0;322
290225;442;32;54;101;17;29;10;5;12;50;37;43;26;858
290230;281;2;1;6;3;6;0;1;3;0;0;2;1;306
290240;298;20;73;58;15;13;4;12;11;5;4;10;2;525
290250;18;1;0;2;2;0;0;3;1;1;0;1;0;29
290260;401;1;6;4;2;0;1;0;1;1;2;1;0;420
290265;219;0;0;0;0;0;0;0;0;0;0;0;0;219
290270;466;14;10;10;14;13;4;2;8;3;8;26;2;580
290280;302;10;5;11;19;27;45;4;7;7;4;5;3;449
290290;849;24;13;22;18;27;24;67;38;24;23;12;29;1170
290300;411;0;1;19;4;9;0;2;0;1;0;0;0;447
290310;514;13;7;10;6;15;3;5;4;7;13;1;1;599
290320;9315;444;434;673;714;517;517;483;575;575;508;447;340;15542
290323;60;0;2;0;46;0;0;0;0;0;0;0;0;108
290330;426;4;2;9;11;5;3;3;4;12;2;22;52;555
290340;629;26;11;169;23;30;24;21;31;17;11;7;7;1006
290350;188;1;25;78;4;7;6;3;0;6;1;3;1;323
290360;303;3;10;24;4;1;0;1;3;1;0;0;0;350
290370;24;2;0;1;1;0;1;1;1;1;7;2;2;43
290380;344;4;1;1;5;14;2;4;0;1;0;9;29;414
290390;2019;30;89;112;59;59;108;91;58;47;34;68;27;2801
290395;44;0;0;2;1;2;0;0;0;1;0;0;0;50
290400;168;0;0;0;0;0;0;3;2;0;0;0;1;174
290405;216;9;16;4;10;9;6;7;9;3;3;4;9;305
290410;249;12;26;19;14;6;1;0;2;6;3;1;2;341
290420;113;2;0;0;0;2;0;0;0;1;0;0;0;118
290430;359;9;4;7;2;4;2;10;10;10;4;3;4;428
290440;9;0;0;0;0;0;0;0;0;0;0;1;0;10
290450;179;1;0;38;3;0;0;1;2;0;0;0;0;224
290460;4609;136;173;269;179;163;171;187;168;155;130;78;62;6480
290470;528;20;14;29;31;26;15;6;37;15;10;5;9;745
290475;409;0;0;22;0;1;1;1;1;21;6;0;21;483
290480;239;1;0;1;2;2;0;1;3;0;0;0;0;249
290485;411;2;2;18;0;6;2;3;0;1;1;1;0;447
290490;1642;19;23;94;31;26;20;31;24;218;187;56;17;2388
290500;643;12;8;26;10;16;5;5;13;15;3;15;4;775
290510;264;1;0;0;1;0;2;0;4;0;1;0;0;273
290515;95;0;0;0;0;1;0;0;0;0;0;0;0;96
290520;1636;41;43;129;56;50;48;46;41;56;34;38;21;2239
290530;19;0;1;0;0;0;1;0;0;0;0;0;0;21
290540;409;19;3;8;52;13;9;19;10;8;5;11;6;572
290550;43;0;1;0;0;1;0;0;3;1;0;0;0;49
290560;1680;85;84;52;45;36;45;23;35;24;35;24;20;2188
290570;27923;1760;1006;1463;1399;880;949;1202;1075;985;972;786;807;41207
290580;933;104;14;23;19;13;13;17;14;19;9;53;28;1259
290590;4;0;0;0;0;0;0;0;0;0;0;0;0;4
290600;1087;51;24;32;26;15;30;49;59;48;21;20;11;1473
290610;17;0;0;0;0;0;0;0;0;0;0;0;0;17
290620;45;0;1;7;0;0;0;0;2;1;0;1;2;59
290630;805;21;39;133;61;48;32;76;35;25;27;14;11;1327
290640;19;1;0;0;1;0;1;0;0;0;0;0;0;22
290650;8293;242;202;251;248;134;168;198;215;228;193;208;165;10745
290660;277;3;0;1;1;1;0;2;5;0;2;1;0;293
290670;411;3;2;2;1;2;1;8;1;3;1;0;1;436
290680;467;6;4;4;9;3;0;4;7;3;2;5;2;516
290682;22;104;18;19;15;14;61;31;32;19;17;1;74;427
290685;183;2;0;82;0;1;0;1;0;0;0;1;0;270
290687;581;7;2;3;18;9;5;23;9;4;12;17;13;703
290689;18;2;0;1;0;0;0;1;0;0;0;1;1;24
290690;784;89;38;83;76;227;92;116;56;55;40;65;84;1805
290700;110;3;0;0;1;1;1;0;1;1;3;0;0;121
290710;79;0;4;0;1;0;0;1;5;2;0;0;0;92
290720;1557;53;56;90;82;76;80;150;117;90;205;75;110;2741
290730;590;67;26;133;87;10;11;18;15;30;25;17;3;1032
290740;3;0;0;0;0;0;0;0;0;0;0;0;0;3
290750;4907;140;133;437;114;161;88;54;85;70;69;66;68;6392
290755;4;0;0;0;0;0;0;0;0;41;0;0;0;45
290760;72;0;0;0;0;0;0;0;0;0;3;0;0;75
290770;106;0;1;0;0;1;0;0;0;0;0;0;0;108
290780;1008;5;2;7;3;6;10;10;5;7;12;7;1;1083
290790;117;0;0;3;0;0;2;4;1;1;1;3;4;136
290800;1021;25;14;102;43;24;21;26;15;22;25;15;16;1369
290810;29;0;0;0;0;2;1;0;1;0;0;0;0;33
290820;929;38;63;129;42;43;26;28;33;20;39;15;36;1441
290830;762;28;6;6;9;26;12;12;12;13;10;10;5;911
290840;1938;41;29;174;43;24;19;79;37;27;31;14;19;2475
290850;2338;84;66;68;118;45;32;60;35;129;113;113;153;3354
290860;110;41;5;7;3;2;1;7;9;25;10;7;4;231
290870;547;20;20;17;24;14;11;13;13;15;42;29;44;809
290880;78;0;0;0;0;1;0;0;1;0;28;10;7;125
290890;285;4;0;2;2;2;3;2;60;6;4;11;0;381
290900;49;87;0;1;2;0;0;7;0;0;29;37;1;213
290910;93;0;0;0;0;1;0;0;0;1;0;0;0;95
290920;45;0;0;1;4;1;0;0;0;0;1;0;0;52
290930;534;41;20;38;36;81;29;12;25;58;25;30;27;956
290940;118;5;1;1;0;3;5;3;1;2;1;1;0;141
290950;383;5;2;3;1;4;1;1;0;0;2;0;0;402
290960;43;1;0;0;2;1;0;1;0;0;0;1;0;49
290970;52;0;0;0;0;0;11;1;0;1;1;0;0;66
290980;4313;590;227;212;259;427;387;815;415;212;217;322;304;8700
290990;573;8;9;15;21;21;19;47;34;25;25;5;0;802
291000;84;2;1;6;2;1;1;0;1;5;1;2;2;108
291005;8175;1567;850;1278;824;880;826;751;939;794;1046;828;533;19291
291010;229;1;1;10;2;1;3;3;3;2;2;3;1;261
291020;195;1;0;1;2;0;0;0;3;2;0;0;0;204
291030;155;0;3;3;2;3;0;2;0;1;0;1;0;170
291040;350;9;4;4;3;6;4;7;5;1;4;2;5;404
291050;1466;196;58;124;74;87;45;82;56;44;56;102;32;2422
291060;1427;43;50;42;29;65;53;26;55;43;82;54;150;2119
291070;901;13;5;13;16;11;7;93;14;22;21;15;5;1136
291072;6611;665;453;572;526;437;506;457;433;353;350;476;316;12155
291075;162;1;0;0;6;7;1;0;0;0;1;0;0;178
291077;4;0;1;0;0;0;0;1;0;0;0;0;0;6
291080;39983;1556;1436;1699;1753;1522;1650;1671;1992;1915;1660;1781;1181;59799
291085;73;4;70;0;2;0;2;0;0;0;0;0;1;152
291090;181;5;28;18;17;3;9;1;2;2;0;4;0;270
291100;352;37;5;5;198;18;18;14;7;26;1;2;10;693
291110;218;18;8;4;2;3;1;10;6;6;12;3;1;292
291120;1310;57;21;28;29;73;34;37;33;33;30;33;17;1735
291125;1;5;0;0;0;1;0;0;2;0;0;0;0;9
291130;33;0;0;0;0;0;0;0;0;0;0;0;0;33
291140;291;4;1;5;2;3;1;5;1;0;0;1;0;314
291150;75;14;3;5;0;6;3;1;3;9;2;6;0;127
291160;545;16;6;10;42;100;114;39;10;6;9;19;9;925
291165;68;1;0;0;0;0;0;1;1;0;0;0;0;71
291170;2628;91;64;427;85;244;93;282;133;141;122;81;56;4447
291180;220;8;5;1;20;8;15;5;6;10;5;2;2;307
291185;151;0;0;1;0;0;0;0;1;1;0;0;0;154
291190;596;23;16;29;9;22;23;10;15;16;10;11;7;787
291200;310;1;9;39;0;0;1;1;8;0;1;7;5;382
291210;1137;42;23;69;37;36;22;51;40;22;40;15;10;1544
291220;315;12;9;45;22;8;3;22;24;12;12;16;12;512
291230;574;7;3;4;6;3;3;3;3;7;1;3;2;619
291240;146;6;0;16;2;20;2;2;8;20;9;10;0;241
291250;11;0;2;0;0;0;0;0;0;0;0;1;0;14
291260;21;1;0;2;0;1;0;0;0;0;0;0;2;27
291270;312;21;6;5;5;4;13;6;3;3;1;9;0;388
291280;499;21;15;15;17;21;17;13;26;26;34;16;12;732
291290;996;23;14;8;24;14;11;8;14;10;8;6;11;1147
291300;187;4;0;0;1;6;4;3;0;0;1;3;2;211
291310;97;1;0;0;0;0;1;0;0;0;1;0;0;100
291320;601;11;50;90;62;16;10;15;5;2;9;13;5;889
291330;146;3;0;0;0;0;0;0;1;0;0;0;0;150
291340;232;0;1;4;6;2;9;1;0;0;0;0;0;255
291345;1263;31;58;107;55;49;48;41;46;21;11;20;17;1767
291350;327;12;4;3;5;4;2;18;2;5;3;1;0;386
291360;15233;847;580;742;562;674;666;740;639;684;602;690;552;23211
291370;753;12;5;8;10;13;39;6;15;8;11;8;2;890
291380;392;1;0;3;1;0;0;0;0;0;0;0;0;397
291390;2559;114;80;102;52;79;64;55;89;97;46;57;29;3423
291400;875;43;41;297;5;9;20;8;11;19;11;7;9;1355
291410;80;2;0;1;0;0;0;1;0;1;0;2;2;89
291420;171;3;2;0;3;6;4;4;10;2;4;2;2;213
291430;39;37;0;2;2;0;2;0;0;5;4;14;13;118
291440;241;2;0;1;114;3;3;3;0;1;5;0;0;373
291450;752;13;13;23;49;39;92;7;8;11;7;29;6;1049
291460;2266;119;58;75;185;58;103;45;66;78;68;93;36;3250
291465;645;75;24;187;45;56;41;28;25;20;23;16;14;1199
291470;2508;81;69;98;90;62;64;97;91;129;75;80;37;3481
291480;20014;693;620;786;622;699;747;711;668;695;654;516;434;27859
291490;586;26;22;9;8;24;12;15;9;14;29;7;8;769
291500;65;0;0;0;2;0;1;1;0;0;1;0;0;70
291510;406;21;2;8;3;4;3;0;5;0;4;1;6;463
291520;774;43;18;15;10;17;7;12;4;10;8;14;6;938
291530;151;6;3;3;0;3;1;2;3;3;2;4;9;190
291535;29;1;0;0;0;0;1;1;0;0;0;0;0;32
291540;484;16;10;6;14;12;7;10;11;12;8;6;1;597
291550;1168;53;16;17;48;40;48;58;57;49;16;9;8;1587
291560;3514;215;153;484;489;291;164;245;203;208;154;117;104;6341
291570;69;2;1;2;4;4;2;5;2;5;2;3;0;101
291580;865;17;3;8;8;13;6;4;5;5;5;5;3;947
291590;41;0;0;0;0;0;1;0;0;1;6;8;0;57
291600;666;59;3;3;11;16;18;14;4;12;7;5;5;823
291610;754;57;29;36;18;27;24;30;32;22;42;7;19;1097
291620;594;8;2;4;9;9;7;10;7;7;1;3;2;663
291630;305;9;7;6;6;5;8;0;4;8;4;2;1;365
291640;3626;147;100;329;287;112;161;207;206;206;261;381;181;6204
291650;255;4;1;10;1;4;1;0;0;1;0;0;0;277
291660;354;5;8;5;7;5;9;1;6;2;7;3;1;413
291670;93;2;191;0;1;0;0;1;0;2;0;0;0;290
291680;587;8;3;8;4;4;6;12;9;9;12;7;4;673
291685;282;9;3;2;2;2;3;4;3;6;11;0;0;327
291690;232;2;1;4;4;5;3;3;9;2;3;1;1;270
291700;521;3;3;1;4;5;2;8;5;4;3;3;0;562
291710;1031;8;6;12;20;19;45;23;15;12;11;4;8;1214
291720;184;7;1;7;43;7;6;12;1;9;1;1;0;279
291730;1155;33;54;26;66;49;39;57;57;40;40;40;20;1676
291733;100;1;0;1;1;1;3;1;0;4;3;5;3;123
291735;14;1;3;1;2;3;0;1;1;2;1;0;0;29
291740;75;2;0;1;9;8;0;0;0;0;0;0;0;95
291750;4168;100;107;131;102;92;149;139;169;114;103;62;124;5560
291760;1282;31;26;22;21;25;17;19;26;51;23;17;14;1574
291770;1432;55;72;36;36;20;52;35;10;28;24;23;21;1844
291780;359;1;5;7;68;11;9;5;5;4;1;0;7;482
291790;44;2;0;1;0;3;2;8;0;2;2;2;0;66
291800;8543;379;246;336;380;294;340;385;346;347;307;242;274;12419
291810;534;7;2;9;6;4;6;11;3;2;4;1;2;591
291820;217;3;1;21;5;5;1;4;6;2;0;3;0;268
291830;540;2;0;4;7;1;2;3;4;3;0;2;0;568
291835;352;2;2;3;6;0;1;2;1;7;5;2;3;386
291840;16920;813;701;652;1987;775;916;1087;1004;1156;1074;1015;608;28708
291845;160;9;3;2;4;5;2;1;3;4;2;0;1;196
291850;10;0;0;0;0;0;0;0;0;0;0;0;0;10
291855;461;6;3;4;9;7;2;2;1;18;35;20;0;568
291860;222;11;5;0;0;1;0;1;0;1;0;0;0;241
291870;185;1;0;0;1;1;1;0;0;1;0;0;0;190
291875;8;0;1;0;0;0;0;0;0;0;0;0;0;9
291880;249;3;4;2;151;41;4;4;6;3;6;1;3;477
291890;244;6;3;5;50;19;6;8;3;4;1;4;6;359
291900;35;8;4;4;0;0;0;2;0;0;0;0;0;53
291905;194;0;0;0;0;0;0;0;0;0;0;0;0;194
291910;23;0;0;0;10;3;0;0;0;0;0;0;3;39
291915;42;9;1;1;0;0;0;1;4;8;5;2;1;74
291920;27958;1914;1616;2256;2078;2014;1941;1941;2922;2045;2343;1894;2162;53084
291930;381;96;29;28;18;13;19;7;5;2;11;1;2;612
291940;272;1;6;183;4;5;11;10;2;11;2;6;2;515
291950;919;24;16;31;16;12;15;24;28;30;19;10;10;1154
291960;195;0;0;9;1;0;0;0;0;1;0;0;0;206
291970;513;57;4;8;6;4;0;3;6;7;3;4;2;617
291980;527;4;16;16;8;80;7;46;46;50;4;4;2;810
291990;5;0;0;0;0;1;0;0;0;0;0;0;0;6
291992;1168;61;32;72;13;26;27;41;24;15;12;31;13;1535
291995;5;0;0;0;0;0;0;1;2;0;0;0;0;8
292000;111;4;4;5;2;9;0;3;5;3;11;2;4;163
292010;346;5;0;21;10;15;4;1;4;2;4;1;0;413
292020;210;0;2;12;8;15;6;5;7;0;0;0;0;265
292030;87;3;1;0;1;1;0;0;0;0;0;0;0;93
292040;344;5;0;1;0;2;0;1;4;5;0;1;2;365
292045;11;0;0;0;0;0;0;0;0;0;13;0;0;24
292050;520;3;0;3;4;4;5;2;7;4;1;1;2;556
292060;806;41;15;6;13;15;4;7;5;26;17;8;5;968
292070;573;39;7;92;21;20;9;18;12;6;18;2;4;821
292080;93;5;1;1;0;2;0;0;1;6;0;0;0;109
292090;433;6;22;33;54;15;12;10;11;5;1;2;0;604
292100;1921;154;187;360;430;347;347;533;178;129;385;421;358;5750
292105;148;0;6;108;9;6;1;1;11;0;0;1;0;291
292110;1552;60;39;68;506;83;39;77;20;36;20;26;13;2539
292120;686;23;4;72;20;7;8;8;9;8;3;6;6;860
292130;501;4;7;22;6;3;11;11;7;14;9;4;8;607
292140;244;5;3;7;1;2;8;4;2;0;4;4;0;284
292145;146;4;2;29;3;4;2;3;0;2;1;1;0;197
292150;780;3;1;2;3;0;3;0;2;4;4;1;1;804
292160;9;0;0;0;0;0;0;0;0;0;0;0;0;9
292170;260;4;7;8;8;3;23;4;7;4;7;4;2;341
292180;66;1;0;79;0;1;0;5;0;1;9;1;0;163
292190;295;1;13;9;1;1;6;2;16;2;1;3;2;352
292200;2607;154;139;141;443;383;145;136;151;290;227;141;148;5105
292205;38;0;1;0;2;4;14;1;0;1;1;1;0;63
292210;435;10;1;14;13;6;2;2;4;5;2;5;8;507
292220;121;3;6;1;91;2;3;1;4;0;1;29;6;268
292225;37;3;0;124;15;4;2;4;1;2;0;5;0;197
292230;791;18;10;12;18;149;14;22;7;11;20;9;9;1090
292240;535;15;7;28;5;7;14;6;9;9;15;8;6;664
292250;1446;42;12;63;19;27;19;21;28;31;23;18;23;1772
292260;159;12;1;3;5;4;6;4;6;3;27;3;0;233
292265;102;0;0;27;0;1;0;8;1;0;0;0;0;139
292270;463;9;3;4;4;15;4;5;7;13;4;2;6;539
292273;295;1;0;51;4;0;0;7;1;1;0;0;0;360
292275;80;8;1;2;3;0;2;4;4;6;1;0;0;111
292280;22;0;0;1;1;0;0;6;1;0;0;2;1;34
292285;4;2;0;1;1;0;0;0;0;3;0;0;0;11
292290;583;4;0;3;2;9;1;1;2;6;4;2;1;618
292300;2220;164;182;159;162;233;152;110;105;120;73;139;62;3881
292305;321;2;0;0;71;23;7;14;4;0;0;1;0;443
292310;332;17;2;7;0;3;4;2;3;3;2;1;0;376
292320;158;5;0;1;0;4;5;7;4;0;1;7;1;193
292330;222;14;0;14;73;7;0;0;6;13;4;16;10;379
292335;171;1;8;2;10;12;3;2;4;6;4;1;2;226
292340;379;1;1;1;21;51;0;1;0;0;1;0;2;458
292350;161;0;0;3;1;3;1;0;0;0;0;0;0;169
292360;464;7;3;3;3;2;2;1;1;8;0;34;36;564
292370;67;1;2;2;2;1;2;3;2;0;3;1;0;86
292380;290;1;0;199;4;9;17;6;16;17;0;2;5;566
292390;512;6;12;4;7;12;0;28;9;8;10;8;5;621
292400;7572;411;283;459;408;322;254;260;206;245;203;161;165;10949
292405;90;1;1;0;0;8;78;141;4;2;0;0;0;325
292410;149;0;0;0;1;2;1;1;3;3;2;1;0;163
292420;6;0;0;0;0;0;0;0;0;0;0;0;0;6
292430;43;0;46;24;6;5;0;19;3;0;0;0;0;146
292440;22;1;0;0;0;0;0;0;1;3;0;1;2;30
292450;141;0;1;1;0;0;0;0;0;5;0;4;0;152
292460;212;255;3;11;0;1;3;0;0;0;2;0;0;487
292465;154;5;0;0;1;0;3;9;0;1;0;0;1;174
292467;19;0;4;8;4;7;1;0;0;1;1;2;1;48
292470;4516;31;70;8;4;2;5;8;2;0;0;1;0;4647
292480;441;37;11;88;3;11;4;1;4;3;5;3;1;612
292490;20;0;0;0;0;0;0;1;0;1;2;0;0;24
292500;556;53;6;110;29;24;22;26;14;10;28;7;8;893
292510;928;30;15;14;8;118;16;17;13;16;29;23;20;1247
292520;2513;87;43;62;58;84;47;42;83;50;93;117;23;3302
292525;16;0;2;0;0;0;0;0;0;0;0;39;17;74
292530;5680;772;322;757;500;519;397;358;429;422;421;527;613;11717
292540;253;6;2;4;22;11;8;9;5;6;3;3;0;332
292550;1463;61;77;190;64;56;100;81;65;126;40;66;61;2450
292560;46;0;0;1;0;1;0;0;0;0;1;0;1;50
292570;52;4;1;0;2;0;0;0;0;0;0;2;0;61
292575;362;6;5;11;4;5;88;16;6;11;4;2;1;521
292580;704;20;18;12;8;4;4;10;13;13;8;5;50;869
292590;558;68;11;20;1;4;2;4;4;0;0;2;0;674
292593;271;0;0;5;1;3;2;0;0;0;0;0;0;282
292595;323;83;5;2;1;14;13;13;16;5;8;4;1;488
292600;486;16;14;5;5;19;11;14;8;9;6;28;14;635
292610;429;0;1;163;25;5;9;2;0;6;4;4;62;710
292620;447;37;15;25;15;4;7;20;59;64;10;12;3;718
292630;777;16;5;17;9;14;9;15;10;14;7;10;2;905
292640;349;0;8;1;44;65;5;45;2;0;0;0;0;519
292650;6;0;0;0;1;0;0;0;1;0;0;0;0;8
292660;803;121;85;92;53;57;65;46;86;60;46;50;31;1595
292665;247;4;1;2;2;3;2;2;5;5;0;2;0;275
292670;151;4;2;0;2;1;1;0;2;0;2;0;0;165
292680;221;1;0;0;1;0;0;0;0;0;1;3;5;232
292690;95;6;0;4;2;0;0;2;0;1;1;1;0;112
292700;874;34;6;14;3;11;10;3;19;19;11;7;9;1020
292710;71;17;1;0;3;0;0;0;0;0;0;0;0;92
292720;1088;6;7;7;5;12;8;10;16;3;6;5;3;1176
292730;286;9;5;5;1;2;4;2;1;0;2;0;7;324
292740;535403;15734;12905;16095;15222;16877;14662;16610;15864;14297;13958;13859;10517;712003
292750;480;2;1;5;4;1;5;11;8;6;6;3;5;537
292760;139;0;3;1;2;2;0;0;0;0;0;1;0;148
292770;1002;71;51;185;73;45;26;60;66;116;72;37;20;1824
292780;304;10;15;7;14;9;23;4;3;2;1;4;14;410
292790;202;2;1;0;2;2;0;27;3;1;0;3;1;244
292800;879;17;17;29;15;12;40;33;17;6;20;17;5;1107
292805;344;11;6;31;4;12;8;4;10;3;5;1;2;441
292810;599;27;12;18;4;18;21;26;11;10;6;23;0;775
292820;631;7;46;37;1;3;9;7;9;5;13;8;2;778
292830;220;0;1;1;1;0;0;1;0;0;1;0;0;225
292840;148;8;0;24;0;2;0;1;0;0;0;0;0;183
292850;257;5;1;30;6;0;4;0;0;0;0;5;0;308
292860;3601;123;45;60;35;71;86;49;78;764;127;68;20;5127
292870;6522;168;143;500;262;256;187;285;214;235;165;321;172;9430
292880;794;21;10;32;25;36;47;48;11;19;25;20;22;1110
292890;725;14;33;50;47;24;33;44;49;31;41;64;32;1187
292895;113;2;2;0;4;1;3;1;2;0;4;1;1;134
292900;538;5;11;40;12;11;11;6;8;20;1;5;7;675
292905;149;6;5;8;8;6;6;7;8;26;6;5;11;251
292910;447;13;4;8;5;4;4;8;3;7;12;4;4;523
292920;6500;1077;68;129;151;165;111;385;218;84;31;111;22;9052
292925;398;1;1;1;18;15;36;59;23;46;64;100;50;812
292930;1003;52;17;159;16;9;33;151;32;14;15;52;14;1567
292935;125;8;4;6;149;3;2;6;5;4;1;2;5;320
292937;198;1;0;1;4;0;1;0;1;0;1;0;0;207
292940;200;0;0;3;2;0;0;2;0;1;0;0;0;208
292950;1941;50;35;99;27;47;48;79;83;29;65;72;24;2599
292960;533;6;7;23;2;4;7;4;6;3;5;6;9;615
292970;200;25;2;0;3;0;2;5;2;0;0;0;0;239
292975;248;4;2;132;40;1;1;7;2;1;0;0;1;439
292980;533;1;0;1;0;5;4;4;4;3;4;3;6;568
292990;965;11;20;16;7;15;19;11;13;11;10;11;6;1115
293000;144;3;3;0;0;0;3;1;2;0;0;1;2;159
293010;2614;77;86;123;89;57;58;79;69;55;59;100;58;3524
293015;195;4;4;13;2;5;6;0;1;1;5;1;1;238
293020;569;106;20;52;126;27;97;41;25;25;39;9;5;1141
293030;84;2;0;1;2;0;1;2;0;0;0;1;0;93
293040;229;7;1;5;1;1;1;2;2;1;1;0;0;251
293050;2926;169;116;185;89;94;61;119;112;81;80;123;70;4225
293060;214;1;1;0;0;1;0;2;0;1;2;0;0;222
293070;17705;574;510;596;579;639;696;854;1018;536;567;570;378;25222
293075;76;1;14;8;2;10;4;1;3;11;0;1;0;131
293076;311;0;0;0;1;0;0;0;0;0;1;0;0;313
293077;663;16;59;153;18;13;18;10;7;25;4;10;7;1003
293080;164;0;0;0;0;0;12;0;0;0;0;0;0;176
293090;82;0;0;9;0;0;0;0;0;6;0;0;0;97
293100;242;6;5;63;37;33;22;4;3;2;4;15;0;436
293105;189;1;1;0;0;2;0;2;6;1;0;0;0;202
293110;278;0;1;0;0;1;3;1;0;1;4;0;4;293
293120;458;13;15;33;11;5;7;10;2;8;14;17;7;600
293130;156;3;3;3;2;3;10;1;2;1;0;9;0;193
293135;7359;488;246;597;462;375;400;451;377;334;336;318;274;12017
293140;233;4;1;2;0;5;3;1;2;7;2;0;4;264
293150;370;16;15;170;10;30;13;31;48;33;22;16;11;785
293160;683;4;12;10;18;20;15;4;24;2;6;1;2;801
293170;421;5;4;34;1;3;3;12;5;2;58;23;10;581
293180;73;8;0;0;0;1;0;0;0;1;0;0;1;84
293190;514;4;1;54;3;5;3;5;6;8;0;5;1;609
293200;257;1;3;15;2;3;81;2;9;2;2;0;6;383
293210;626;7;4;5;16;16;11;20;4;5;4;0;0;718
293220;785;98;34;27;86;53;43;40;37;52;16;20;10;1301
293230;483;11;14;16;6;11;6;15;21;18;10;13;3;627
293240;167;3;0;2;1;14;1;1;0;0;2;0;0;191
293250;2115;164;95;260;221;162;90;92;55;83;103;140;51;3631
293260;381;3;22;21;7;7;4;3;5;3;2;0;0;458
293270;674;6;15;18;20;41;6;16;23;14;5;10;9;857
293280;307;18;18;18;2;5;8;1;2;4;2;0;0;385
293290;4252;181;91;106;138;123;81;91;79;108;88;62;54;5454
293300;965;22;7;6;15;126;36;23;16;75;22;62;31;1406
293305;198;12;6;13;6;7;2;1;4;1;0;0;1;251
293310;92;1;2;1;0;1;0;0;0;1;0;0;0;98
293315;250;13;1;1;1;2;13;33;5;1;0;0;0;320
293317;193;1;0;2;0;3;0;1;7;3;2;1;0;213
293320;1821;86;26;48;29;54;124;34;34;42;27;54;47;2426
293325;268;8;5;6;5;4;0;10;9;3;11;8;5;342
293330;20288;743;567;698;862;1431;967;1008;821;1050;1189;756;785;31165
293340;105;0;1;1;0;1;0;0;0;1;0;2;0;111
293345;34;103;0;0;0;0;0;1;0;0;0;0;0;138
293350;290;21;9;8;5;19;14;5;4;9;3;8;3;398
293360;1144;14;21;10;12;24;27;40;16;12;14;11;4;1349
310010;542;20;18;18;19;15;3;7;17;9;13;2;10;693
310020;2681;166;102;168;124;114;165;122;111;135;86;94;33;4101
310030;697;18;42;25;22;31;32;25;53;32;13;21;10;1021
310040;144;3;4;6;4;3;8;11;4;4;5;9;1;206
310050;449;8;27;15;12;22;16;31;11;16;9;8;4;628
310060;414;39;16;15;12;6;357;36;16;14;8;11;1;945
310070;221;9;16;28;18;33;5;12;7;7;8;17;7;388
310080;228;10;11;4;8;82;38;21;25;4;23;12;5;471
310090;494;14;2;10;5;2;26;9;3;11;9;17;14;616
310100;222;33;13;23;18;35;15;11;29;13;14;9;1;436
310110;1495;98;95;97;89;170;215;204;175;100;48;37;33;2856
310120;410;10;10;13;11;7;10;14;19;15;25;10;10;564
310130;130;1;0;0;2;2;4;0;2;0;1;0;0;142
310140;167;7;45;2;7;1;10;35;7;11;4;2;8;306
310150;4364;118;124;130;156;132;146;118;136;116;79;102;113;5834
310160;9936;574;583;668;1423;2050;1327;1280;1362;994;805;553;317;21872
310163;404;20;8;32;7;19;30;12;5;10;5;7;3;562
310170;1716;41;53;59;55;50;39;48;65;83;41;39;23;2312
310180;336;8;12;16;17;10;11;10;16;10;9;6;9;470
310190;1060;37;52;41;76;114;73;40;40;43;39;36;22;1673
310200;674;18;52;37;25;100;66;53;144;40;12;19;9;1249
310205;107;41;21;20;3;8;2;6;3;9;8;7;10;245
310210;338;9;20;22;3;17;9;8;11;4;8;10;0;459
310220;150;7;40;5;8;2;3;5;2;4;0;1;4;231
310230;748;12;49;48;52;62;28;33;22;57;13;20;6;1150
310240;99;0;0;1;2;0;0;1;2;1;1;0;0;107
310250;280;10;27;26;171;32;3;8;19;12;4;3;5;600
310260;4723;230;170;207;203;203;173;143;166;229;162;159;117;6885
310270;290;5;2;2;11;24;11;7;7;4;1;5;2;371
310280;790;21;40;23;30;30;16;26;19;55;24;10;10;1094
310285;40;31;49;8;6;5;8;1;4;2;1;0;0;155
310290;781;45;51;31;31;30;28;27;33;44;24;35;34;1194
310300;761;22;94;23;26;23;26;29;23;9;15;11;2;1064
310310;96;0;12;8;1;2;9;1;3;1;1;5;0;139
310320;245;7;16;6;9;3;24;12;8;3;5;2;0;340
310330;109;3;2;6;1;7;0;0;0;1;0;0;0;129
310340;1630;171;100;180;94;196;173;97;131;58;58;44;19;2951
310350;11889;448;479;587;649;1060;1125;661;484;514;489;461;334;19180
310360;139;0;1;3;0;5;0;2;0;2;4;1;4;161
310370;155;10;0;30;5;72;44;95;56;9;4;0;1;481
310375;1517;292;31;17;20;489;96;127;28;83;121;23;2;2846
310380;129;2;10;9;3;5;1;8;2;0;2;2;1;174
310390;387;30;27;41;36;13;10;16;38;23;15;15;4;655
310400;11661;697;1043;804;1532;972;902;891;1054;729;711;1143;594;22733
310410;1225;87;86;277;200;234;177;89;55;86;70;100;46;2732
310420;4517;132;166;166;176;303;259;204;216;271;241;149;164;6964
310430;735;53;30;72;276;511;362;264;237;183;80;79;38;2920
310440;323;10;24;17;4;6;10;13;5;4;8;7;5;436
310445;45;8;6;3;2;4;1;1;1;0;0;0;0;71
310450;559;10;12;20;15;18;13;14;10;10;16;12;2;711
310460;1116;23;68;124;92;99;143;103;208;107;89;49;19;2240
310470;498;9;74;31;9;9;15;7;16;8;3;7;3;689
310480;623;13;27;23;37;40;27;19;38;7;10;19;16;899
310490;1812;65;38;66;52;242;296;168;125;100;139;75;64;3242
310500;275;14;33;1;38;20;12;15;4;9;9;16;4;450
310510;1656;72;45;56;49;89;81;41;60;74;44;67;40;2374
310520;62;1;0;0;1;2;0;0;0;0;0;0;0;66
310530;260;11;20;13;20;53;32;19;12;14;10;4;1;469
310540;2064;92;230;237;203;232;167;164;245;160;127;270;55;4246
310550;320;10;29;12;9;11;5;11;12;7;8;10;2;446
310560;16397;515;472;716;679;581;588;530;614;525;553;409;325;22904
310570;296;4;3;5;6;2;3;5;5;1;3;3;6;342
310590;2003;61;114;180;130;105;77;49;70;92;42;23;39;2985
310600;652;13;37;40;29;83;56;42;22;22;33;18;10;1057
310610;470;4;9;9;9;9;10;8;7;6;8;7;8;564
310620;934948;33540;33138;41821;37185;35596;34959;38959;39856;37281;31983;28657;21554;1349477
310630;2439;200;187;105;308;106;81;51;72;137;71;522;38;4317
310640;472;24;54;30;23;13;33;21;36;13;7;25;4;755
310650;245;2;23;8;3;2;1;0;2;1;5;1;0;293
310660;143;0;0;2;0;1;1;1;0;3;0;0;1;152
310665;1;0;5;0;4;0;2;5;0;0;0;0;0;17
310670;65334;1689;1497;2097;3114;2270;1989;1945;2645;3215;3717;2082;2038;93632
310680;205;0;1;6;3;1;1;4;5;3;4;10;1;244
310690;1331;56;22;42;119;57;53;43;48;40;58;42;47;1958
310700;140;6;4;5;2;3;2;3;3;2;1;6;1;178
310710;3935;193;224;247;278;2246;1314;1014;1012;1006;357;193;120;12139
310720;264;6;28;7;6;7;3;2;4;5;3;3;4;342
310730;3627;318;344;226;262;569;223;152;181;135;99;71;141;6348
310740;5081;248;288;235;276;383;298;331;362;355;247;190;142;8436
310750;301;8;11;6;11;11;16;12;33;12;3;13;11;448
310760;232;4;12;1;16;3;8;9;102;3;5;14;13;422
310770;411;8;7;5;2;8;16;22;10;17;15;10;6;537
310780;348;17;17;10;20;8;10;6;24;7;20;4;2;493
310790;210;35;65;6;3;10;12;7;10;29;6;10;13;416
310800;1110;101;89;81;77;73;89;73;77;52;41;24;15;1902
310810;258;9;12;6;8;8;3;17;6;8;2;4;3;344
310820;445;36;37;14;13;42;94;34;26;10;39;11;2;803
310825;13;36;63;11;5;11;1;0;4;1;0;1;1;147
310830;1236;49;44;76;105;48;57;53;79;52;39;68;43;1949
310840;1678;140;48;72;129;585;520;411;225;67;48;48;36;4007
310850;73;2;4;9;14;9;9;3;0;4;3;0;1;131
310855;429;28;36;54;44;44;53;622;88;51;47;21;6;1523
310860;355;9;35;31;15;17;20;12;26;32;8;26;4;590
310870;168;21;2;1;2;2;0;1;4;1;0;0;0;202
310880;120;0;4;2;0;4;1;0;5;4;0;1;0;141
310890;926;33;52;24;131;26;29;25;31;45;21;27;4;1374
310900;3362;122;284;206;164;157;175;94;145;157;118;59;40;5083
310910;449;30;18;20;11;20;19;4;37;27;21;9;2;667
310920;406;13;24;27;13;21;24;16;15;10;6;6;2;583
310925;1;0;0;0;0;1;1;0;1;0;1;0;0;5
310930;960;34;148;120;110;88;140;58;60;33;61;43;20;1875
310940;1707;289;255;105;163;188;188;192;138;127;80;99;109;3640
310945;101;6;28;14;7;2;3;11;4;0;10;12;1;199
310950;1708;81;88;67;147;1040;1518;1021;468;311;238;129;174;6990
310960;570;24;57;98;20;28;22;34;14;16;20;23;12;938
310970;980;48;28;54;69;48;249;104;84;62;41;43;39;1849
310980;348;16;7;67;12;2;4;8;3;18;13;7;9;514
310990;1075;48;45;35;17;40;129;63;62;49;34;40;49;1686
311000;2579;70;131;184;101;152;139;144;117;117;108;118;35;3995
311010;175;1;5;2;1;0;2;0;1;0;4;0;0;191
311020;202;2;4;1;9;67;81;2;1;1;4;1;0;375
311030;1122;27;34;53;63;31;51;42;43;45;37;43;18;1609
311040;215;2;1;2;1;1;43;13;11;12;9;1;12;323
311050;1416;72;57;116;67;58;58;90;94;59;62;43;56;2248
311060;2774;147;100;176;120;78;97;94;100;137;65;56;44;3988
311070;1441;66;48;75;156;206;419;267;174;102;52;56;20;3082
311080;236;13;8;2;2;1;6;2;1;1;3;6;0;281
311090;2134;230;170;217;144;154;252;143;92;125;97;54;32;3844
311100;1766;50;93;62;215;546;651;431;325;164;113;129;70;4615
311110;1466;88;181;112;106;74;47;64;47;42;54;38;23;2342
311115;8;0;0;0;1;0;0;0;0;0;0;2;0;11
311120;5816;237;238;203;239;269;317;269;354;253;220;203;108;8726
311130;707;12;61;19;46;127;346;82;38;15;29;20;6;1508
311140;478;16;23;19;19;31;60;23;31;24;27;21;7;779
311150;1245;68;116;76;49;87;262;248;204;369;142;49;33;2948
311160;2326;101;172;220;125;733;769;466;357;167;82;97;140;5755
311170;200;8;1;2;5;59;52;81;1;4;4;4;3;424
311180;1694;158;85;72;67;672;362;78;62;71;50;23;13;3407
311190;293;3;5;9;3;17;1;7;5;51;2;3;0;399
311200;1181;68;38;35;34;66;59;33;40;44;36;21;15;1670
311205;81;0;9;3;1;5;3;1;2;0;0;0;1;106
311210;229;11;20;7;3;1;5;1;31;3;9;4;3;327
311220;133;3;22;5;2;5;0;0;1;3;0;0;0;174
311230;2066;44;111;74;43;104;197;95;56;89;19;17;18;2933
311240;427;21;10;14;10;6;104;13;35;14;7;6;9;676
311250;368;14;12;14;9;15;22;13;8;13;1;9;2;500
311260;1534;47;79;78;151;83;94;97;45;76;126;97;24;2531
311265;84;7;2;4;1;2;1;2;0;1;0;1;0;105
311270;903;81;25;16;17;7;15;10;6;10;11;9;4;1114
311280;718;29;43;22;36;22;53;15;16;32;34;17;4;1041
311290;232;2;11;8;28;1;18;48;10;6;3;3;1;371
311300;569;58;17;9;15;11;4;17;4;7;17;5;0;733
311310;175;0;1;3;1;1;3;3;4;1;8;1;0;201
311320;1999;84;136;71;81;95;56;56;177;213;67;67;55;3157
311330;2985;81;108;156;120;115;86;93;123;113;111;109;46;4246
311340;7000;272;314;283;486;327;295;346;377;337;413;296;201;10947
311350;518;16;22;30;24;36;51;26;47;37;8;16;28;859
311360;779;72;77;114;86;69;147;47;19;50;26;30;13;1529
311370;1889;101;80;59;63;82;92;68;82;47;60;63;48;2734
311380;81;6;0;4;1;2;4;4;1;3;0;0;0;106
311390;1513;64;62;56;83;225;454;347;314;383;52;33;41;3627
311400;1129;33;71;34;27;51;27;105;107;50;60;54;12;1760
311410;1362;49;36;31;42;50;43;530;115;29;35;43;20;2385
311420;2074;54;100;124;112;79;66;88;123;102;98;83;127;3230
311430;2373;125;218;161;199;408;1887;1111;836;274;142;119;128;7981
311440;1936;79;66;47;58;336;253;162;231;152;61;58;35;3474
311450;795;47;44;42;64;40;19;28;27;49;30;18;16;1219
311455;622;21;19;34;17;21;26;87;32;42;77;26;32;1056
311460;266;4;18;16;8;9;2;3;10;3;4;2;3;348
311470;228;9;30;11;6;4;4;5;10;8;6;4;2;327
311480;219;3;11;7;4;6;4;6;5;13;11;9;1;299
311490;184;3;22;2;0;2;1;1;3;1;4;1;1;225
311500;218;2;12;27;14;34;131;19;4;4;3;5;4;477
311510;1533;52;77;63;53;88;50;148;77;39;68;66;27;2341
311520;156;4;4;4;2;6;0;1;0;0;2;2;0;181
311530;10368;693;334;498;403;463;356;451;416;424;356;322;212;15296
311535;224;2;17;19;8;9;7;3;3;1;3;0;2;298
311540;121;2;1;1;0;1;1;0;3;2;2;0;0;134
311545;228;7;11;13;9;3;12;2;5;2;5;0;2;299
311547;1;0;1;0;0;0;0;0;0;1;0;0;0;3
311550;3074;202;157;158;134;218;153;278;167;139;147;109;146;5082
311560;99;4;7;3;2;1;2;2;4;3;2;1;0;130
311570;142;1;1;1;2;5;2;1;3;1;4;3;9;175
311580;589;16;18;17;90;209;253;70;35;69;57;72;10;1505
311590;63;4;16;6;3;5;0;5;6;1;10;0;1;120
311600;69;0;0;0;0;3;1;8;0;0;1;0;0;82
311610;30;1;0;0;2;0;4;1;8;2;0;0;1;49
311615;26;29;2;3;3;8;4;3;0;0;7;0;0;85
311620;212;5;4;5;3;3;5;2;6;3;1;2;2;253
311630;179;1;0;0;2;1;0;1;0;0;0;7;0;191
311640;336;9;55;21;9;9;68;21;20;27;19;95;11;700
311650;269;9;17;6;15;4;14;21;12;12;4;9;0;392
311660;3186;178;229;191;185;189;148;218;172;162;146;135;46;5185
311670;349;37;18;27;101;22;25;7;15;13;5;8;6;633
311680;38;3;5;1;1;1;2;2;3;1;1;1;0;59
311690;548;22;25;13;19;13;13;13;15;8;9;13;12;723
311700;9;0;0;0;0;1;0;0;1;0;2;0;0;13
311710;541;17;15;13;14;50;56;110;187;10;12;16;12;1053
311720;178;5;0;3;1;2;1;1;1;1;0;2;0;195
311730;1076;44;106;77;88;40;39;28;56;41;34;41;20;1690
311740;133;1;1;3;3;1;0;1;1;1;0;0;0;145
311750;627;10;15;17;6;14;9;10;59;104;33;10;12;926
311760;539;24;33;33;31;21;49;18;17;8;11;9;14;807
311770;1461;64;48;97;168;402;394;127;170;175;114;92;62;3374
311780;621;135;32;46;17;85;77;33;63;46;64;23;15;1257
311783;87;1;0;0;0;1;0;0;0;0;0;0;0;89
311787;637;10;11;16;23;27;12;18;10;16;8;4;8;800
311790;507;63;35;30;23;24;19;20;52;55;55;31;19;933
311800;4985;164;200;421;252;178;152;248;195;163;124;144;92;7318
311810;161;1;16;5;4;5;5;1;1;0;0;2;1;202
311820;1767;130;238;76;171;480;199;92;58;74;40;21;9;3355
311830;8652;429;331;497;427;366;251;283;403;416;382;351;256;13044
311840;1636;49;136;56;48;40;66;54;57;54;46;38;68;2348
311850;85;0;0;1;1;0;0;0;0;0;0;0;0;87
311860;100004;5905;4991;6962;6358;5920;5477;5718;5560;5397;5018;4493;3822;165625
311870;1055;46;61;61;52;440;248;129;149;55;20;29;28;2373
311880;614;31;19;57;64;53;53;44;56;58;22;20;11;1102
311890;436;16;21;19;24;13;12;25;7;11;14;12;11;621
311900;287;8;39;3;16;40;48;39;35;13;8;3;11;550
311910;1744;173;227;93;100;121;112;87;58;70;67;65;31;2948
311920;303;10;8;6;9;3;4;5;2;0;4;2;1;357
311930;2626;263;246;197;328;896;1262;828;596;485;242;339;255;8563
311940;9476;439;488;612;789;487;479;422;516;551;508;382;371;15520
311950;337;1;2;2;2;0;0;2;0;0;2;0;1;349
311960;266;5;26;18;8;6;4;10;11;6;11;3;5;379
311970;188;5;4;3;1;7;7;1;3;3;8;11;4;245
311980;261;16;16;10;5;4;10;4;16;5;8;3;0;358
311990;83;0;23;4;5;1;3;2;3;1;0;0;9;134
311995;321;25;18;18;20;62;23;30;40;17;21;20;8;623
312000;160;14;52;23;30;69;18;9;68;29;10;10;3;495
312010;405;5;10;3;7;8;2;4;19;12;5;9;3;492
312015;47;0;3;2;2;2;0;1;0;1;0;0;0;58
312020;801;41;51;29;36;40;74;67;94;75;20;15;11;1354
312030;133;14;5;8;13;18;18;15;6;2;14;6;8;260
312040;506;44;37;25;13;10;15;12;20;20;6;5;10;723
312050;694;20;8;8;42;19;10;9;25;10;5;13;4;867
312060;151;9;6;5;6;3;4;8;12;3;5;0;5;217
312070;196;2;14;4;7;4;105;39;12;16;6;4;6;415
312080;1089;18;23;17;30;29;47;90;33;27;26;21;12;1462
312083;85;2;13;2;8;0;2;3;2;0;0;0;0;117
312087;114;21;52;10;3;2;3;3;1;3;2;0;0;214
312090;8205;337;279;325;470;335;427;399;419;339;339;277;238;12389
312100;176;7;0;0;0;1;1;5;0;0;1;2;0;193
312110;705;20;36;22;14;16;13;25;8;21;17;21;4;922
312120;430;43;20;13;8;101;28;7;26;12;12;11;8;719
312125;1202;13;58;97;1388;155;123;205;150;19;24;21;2;3457
312130;427;19;28;31;9;16;19;39;28;6;8;43;8;681
312140;172;0;3;4;3;2;0;4;0;15;0;0;0;203
312150;163;2;20;42;4;4;6;8;3;3;1;5;3;264
312160;3347;51;104;109;160;86;49;41;86;80;97;63;66;4339
312170;90;17;7;6;4;0;1;1;3;1;2;1;0;133
312180;374;36;25;26;31;43;51;66;19;28;47;19;9;774
312190;138;2;1;2;1;1;1;2;3;5;0;2;1;159
312200;590;19;26;33;24;22;22;12;22;24;21;14;4;833
312210;171;16;3;6;5;3;3;1;4;0;4;3;0;219
312220;76;1;1;6;2;0;5;0;3;1;0;0;1;96
312230;29788;1419;1425;1580;1642;1630;1210;1323;1451;1627;1600;1531;819;47045
312235;212;55;46;6;3;25;5;23;12;3;7;0;5;402
312240;351;12;24;11;11;108;86;30;14;13;9;5;2;676
312245;126;11;8;5;7;1;5;2;7;2;0;0;0;174
312247;84;2;29;6;107;4;2;17;19;32;12;3;0;317
312250;160;22;1;4;5;5;15;7;5;5;6;4;4;243
312260;118;1;8;3;2;2;1;0;2;2;0;1;0;140
312270;569;12;10;10;15;13;33;8;8;10;12;4;0;704
312280;223;7;14;19;4;4;4;20;4;0;2;5;1;307
312290;206;3;10;17;9;15;13;7;22;30;8;11;8;359
312300;1093;17;25;58;92;71;40;13;24;16;20;10;8;1487
312310;187;2;33;4;9;3;2;2;5;2;3;0;0;252
312320;1246;39;56;50;109;59;44;45;54;54;37;31;33;1857
312330;129;3;0;2;1;2;6;0;1;1;2;0;1;148
312340;121;1;13;5;2;5;1;18;1;3;4;0;1;175
312350;144;1;0;0;1;1;0;0;15;3;1;0;3;169
312352;145;0;4;20;49;66;16;11;2;4;3;0;2;322
312360;2247;84;196;175;85;245;191;199;248;130;110;122;90;4122
312370;455;22;22;30;13;18;21;25;34;41;20;23;17;741
312380;364;20;22;10;15;7;15;18;28;10;7;24;18;558
312385;97;2;20;4;9;9;4;2;2;0;0;0;2;151
312390;763;25;36;25;36;21;19;32;26;23;19;36;6;1067
312400;587;4;10;45;44;165;83;63;23;28;15;19;15;1101
312410;3244;172;156;103;128;123;115;124;150;108;103;97;73;4696
312420;850;26;161;32;31;33;36;33;23;41;50;30;16;1362
312430;717;7;18;15;12;13;7;10;9;9;7;5;5;834
312440;198;11;17;25;3;10;4;10;7;1;2;9;1;298
312450;526;10;58;33;16;23;20;5;37;13;33;5;8;787
312460;269;5;10;2;4;5;11;9;10;11;4;2;1;343
312470;413;16;13;12;30;32;28;20;13;21;14;9;11;632
312480;564;38;23;25;27;156;444;101;35;48;43;13;24;1541
312490;556;8;44;17;20;27;15;23;22;24;13;19;10;798
312500;297;25;48;37;52;101;136;84;66;81;88;77;51;1143
312510;2854;182;144;180;137;113;188;96;147;162;87;96;49;4435
312520;229;8;3;7;23;93;71;35;53;59;9;10;9;609
312530;281;8;20;2;6;18;4;17;8;18;12;5;8;407
312540;170;1;0;1;1;0;1;0;0;0;0;1;0;175
312550;113;1;0;32;1;1;8;3;3;1;0;1;1;165
312560;157;3;1;4;1;0;0;4;1;1;0;0;2;174
312570;919;134;112;66;56;59;105;75;60;17;44;41;28;1716
312580;193;2;28;54;16;19;13;15;14;22;16;9;10;411
312590;594;19;13;24;15;10;10;27;9;11;11;5;6;754
312595;251;20;54;7;16;9;4;11;13;5;11;3;4;408
312600;543;35;30;18;15;15;19;24;19;22;9;19;13;781
312610;8323;390;361;364;326;504;498;514;448;388;384;272;232;13004
312620;224;16;8;15;8;11;16;8;14;16;9;7;5;357
312630;717;48;48;30;24;31;143;28;31;109;64;3;5;1281
312640;228;12;28;8;7;13;11;7;8;5;6;5;2;340
312650;213;1;0;5;1;0;1;1;1;1;2;1;1;228
312660;197;13;28;26;54;21;15;18;14;26;6;9;1;428
312670;929;57;60;84;56;150;40;47;114;127;120;32;45;1861
312675;4;0;0;0;0;2;1;0;0;1;0;0;0;8
312680;305;7;34;7;3;6;8;8;7;9;5;7;4;410
312690;452;8;10;7;8;6;13;40;17;22;43;29;36;691
312695;0;64;18;1;2;2;1;6;0;0;0;0;0;94
312700;551;25;271;87;452;151;60;33;75;175;27;9;3;1919
312705;15;0;0;1;0;0;1;0;0;0;0;1;0;18
312707;125;0;0;0;1;142;2;2;2;2;2;2;0;280
312710;3995;472;453;376;351;329;250;203;238;184;184;232;153;7420
312720;230;5;10;5;14;15;12;12;10;6;12;12;10;353
312730;330;4;11;11;9;45;17;12;5;17;10;8;1;480
312733;31;2;3;0;0;0;1;0;0;0;0;0;0;37
312735;93;1;16;3;1;6;7;17;6;1;2;0;0;153
312737;89;5;9;9;17;2;0;1;1;2;0;0;0;135
312738;157;6;5;15;1;14;9;24;11;6;10;6;5;269
312740;192;6;9;0;3;4;5;0;6;3;4;6;1;239
312750;130;2;4;1;1;0;0;2;2;7;0;1;0;150
312760;1188;32;20;22;17;50;39;10;22;8;22;15;1;1446
312770;30968;1308;1256;1542;1585;1575;1441;1374;1462;1557;1623;1471;1082;48244
312780;715;32;33;75;49;20;39;30;42;17;9;13;3;1077
312790;197;1;3;1;0;5;1;1;0;3;1;0;1;214
312800;2847;135;279;195;378;157;151;171;195;130;86;91;67;4882
312810;1145;33;55;46;90;679;376;303;147;104;55;31;16;3080
312820;350;2;30;38;64;83;63;38;11;15;8;7;5;714
312825;68;2;41;2;5;7;16;18;1;2;11;1;5;179
312830;3477;204;144;179;461;896;475;426;360;165;239;261;94;7381
312840;803;27;38;22;44;56;43;58;60;40;71;36;18;1316
312850;442;17;32;36;11;12;25;19;14;29;19;33;14;703
312860;557;15;38;37;22;20;109;17;56;38;21;18;5;953
312870;8697;418;452;550;872;1536;941;1197;745;877;723;508;434;17950
312880;531;16;23;13;7;7;13;25;17;17;19;6;10;704
312890;529;21;61;8;7;66;117;201;267;595;78;13;3;1966
312900;482;17;5;66;26;31;13;37;12;24;5;8;11;737
312910;604;14;16;16;26;26;25;24;13;17;16;13;13;823
312920;609;20;30;19;20;74;115;29;103;20;22;23;10;1094
312930;129;4;5;6;6;9;3;10;5;4;12;5;1;199
312940;344;12;46;25;6;6;4;6;3;5;9;6;1;473
312950;1933;129;162;206;125;265;435;272;197;132;147;77;90;4170
312960;213;16;1;6;0;1;10;1;1;2;3;1;1;256
312965;7;0;0;0;2;0;0;0;0;0;0;0;0;9
312970;1116;63;41;61;39;38;427;251;61;29;36;46;27;2235
312980;4638;210;386;480;320;294;298;395;281;232;230;160;104;8028
312990;148;16;4;3;18;52;18;7;6;6;3;1;4;286
313000;116;20;31;10;4;58;13;8;4;3;3;6;1;277
313005;9;2;0;3;0;1;1;1;0;0;0;0;0;17
313010;2203;161;85;96;112;97;104;113;164;112;73;118;52;3490
313020;779;31;30;30;21;25;27;53;114;47;27;44;23;1251
313030;992;23;40;33;8;19;25;14;27;24;22;16;5;1248
313040;411;9;23;17;5;21;28;13;16;13;5;11;27;599
313050;1070;30;43;56;24;144;190;164;131;43;34;29;33;1991
313055;104;11;7;2;8;4;6;2;7;10;5;3;7;176
313060;302;37;46;35;19;27;15;89;34;48;35;50;13;750
313065;15;1;0;7;0;4;3;2;0;1;3;2;0;38
313070;1101;65;52;52;71;112;109;43;15;13;35;23;6;1697
313080;435;8;36;53;25;15;116;33;15;9;2;6;2;755
313090;608;19;8;85;47;17;14;15;66;24;13;20;16;952
313100;434;45;43;21;15;27;13;15;11;15;20;12;6;677
313110;377;7;30;7;13;12;14;18;20;9;4;8;6;525
313115;332;13;37;31;52;38;50;60;68;52;43;31;22;829
313120;660;22;22;24;30;34;32;20;27;11;20;28;7;937
313130;41470;1934;2348;2564;2209;2514;1768;2529;2436;2870;2133;2291;1591;68657
313140;312;9;8;10;4;8;88;4;5;6;16;8;7;485
313150;381;20;6;6;18;11;50;13;11;182;37;14;33;782
313160;427;10;36;34;21;74;171;85;22;14;9;12;9;924
313170;13714;539;525;466;523;550;360;431;420;493;506;480;272;19279
313180;229;2;4;3;8;1;7;5;7;1;0;0;2;269
313190;6699;231;270;252;248;250;159;406;204;227;203;208;90;9447
313200;178;14;6;13;47;97;21;18;27;10;30;91;35;587
313210;1289;21;36;51;87;45;62;137;35;16;43;4;3;1829
313220;990;28;40;34;66;28;32;30;29;38;34;21;12;1382
313230;231;4;33;10;8;10;10;4;5;13;2;10;9;349
313240;13675;597;536;525;575;707;500;555;673;538;443;418;403;20145
313250;1211;44;85;96;132;111;238;148;73;32;27;14;3;2214
313260;287;2;0;5;2;2;6;2;5;4;10;8;2;335
313270;792;26;77;55;44;33;15;11;21;16;18;27;14;1149
313280;121;2;6;2;3;8;1;4;4;5;0;0;0;156
313290;772;17;54;20;99;163;357;169;113;269;31;46;16;2126
313300;1457;64;104;63;46;54;42;29;19;30;36;24;12;1980
313310;2046;47;96;88;66;73;77;127;92;56;103;70;55;2996
313320;413;23;40;24;18;23;19;18;23;1;5;7;3;617
313330;1020;45;41;66;28;17;18;46;26;28;25;29;13;1402
313340;645;16;16;18;22;25;25;15;13;18;21;17;9;860
313350;1807;61;62;64;66;48;49;47;61;73;43;44;34;2459
313360;588;47;48;54;56;56;25;17;24;32;12;24;12;995
313370;1200;67;95;46;111;74;112;75;116;56;29;30;14;2025
313375;1878;176;188;123;164;128;124;202;155;199;169;152;88;3746
313380;12705;737;632;564;445;617;564;483;484;486;570;572;360;19219
313390;84;2;2;0;4;4;1;12;6;0;0;0;0;115
313400;352;36;11;7;5;2;3;13;1;0;2;2;0;434
313410;180;3;22;7;7;7;4;6;4;0;4;0;1;245
313420;10694;491;427;377;582;447;473;396;576;376;404;309;277;15829
313430;288;1;2;7;4;3;3;6;9;4;3;4;2;336
313440;3230;162;221;312;637;975;520;179;162;211;219;165;58;7051
313450;210;4;2;5;5;9;6;4;2;4;7;4;0;262
313460;781;45;49;128;65;64;50;33;48;40;25;28;15;1371
313470;332;36;57;23;13;3;8;4;4;2;0;4;1;487
313480;473;42;50;74;60;113;89;37;35;62;49;70;59;1213
313490;2346;298;169;155;163;190;131;405;146;158;146;105;58;4470
313500;182;8;24;12;8;7;7;2;6;12;7;3;6;284
313505;943;50;44;94;39;21;42;39;10;30;12;11;16;1351
313507;287;9;19;26;11;29;29;20;27;18;9;11;5;500
313510;3847;158;238;161;223;194;144;163;213;151;134;174;131;5931
313520;1943;66;61;62;107;73;57;61;80;52;65;52;19;2698
313530;182;4;13;5;2;9;11;5;5;4;46;4;1;291
313535;24;0;0;1;6;6;1;9;0;0;0;3;0;50
313540;170;8;7;6;0;2;4;3;3;1;1;1;0;206
313545;43;2;0;1;0;2;1;1;0;0;0;1;0;51
313550;779;25;49;36;20;57;23;36;29;27;15;19;14;1129
313560;250;16;23;34;7;17;8;2;1;0;4;3;0;365
313570;431;9;24;19;14;30;14;24;28;25;18;17;12;665
313580;938;16;23;23;37;29;22;21;26;18;10;15;7;1185
313590;485;11;7;31;6;7;11;40;17;12;5;14;3;649
313600;532;9;33;8;15;27;9;14;7;12;7;13;4;690
313610;102;5;1;0;2;1;0;1;0;0;0;2;0;114
313620;9721;426;472;616;526;649;546;594;458;579;437;488;188;15700
313630;3178;189;278;291;396;360;318;314;557;178;220;135;116;6530
313640;211;57;99;7;17;4;7;4;14;15;4;31;2;472
313650;299;1;2;4;0;0;4;7;4;4;3;3;5;336
313652;13;1;1;0;1;0;1;0;0;1;2;1;0;21
313655;43;65;2;5;3;2;1;1;1;1;1;0;3;128
313657;121;4;30;8;6;1;3;2;3;0;12;1;0;191
313660;294;0;19;37;12;7;8;22;10;13;12;12;5;451
313665;1962;171;66;106;69;56;94;56;85;68;46;56;22;2857
313670;86843;4475;4342;4779;4620;4332;3767;4127;4478;4312;4039;3680;3186;136980
313680;154;2;2;13;8;5;2;6;0;1;0;0;0;193
313690;344;32;10;10;7;26;12;76;20;7;39;6;7;596
313695;11;0;0;0;0;0;0;0;0;0;0;0;1;12
313700;282;3;3;49;12;4;8;2;1;3;2;3;0;372
313710;359;5;6;20;14;42;9;36;16;27;6;10;7;557
313720;3834;103;103;93;115;1100;225;123;240;208;139;107;72;6462
313730;55;1;0;0;1;0;0;2;2;0;7;4;5;77
313740;388;4;79;12;18;24;18;31;16;28;14;5;2;639
313750;714;28;18;32;27;35;336;241;75;180;43;27;14;1770
313753;880;107;89;106;129;72;86;111;69;76;41;35;47;1848
313760;4807;214;340;165;193;204;182;194;242;232;175;103;98;7149
313770;611;25;107;20;29;270;117;68;14;9;9;9;12;1300
313780;1618;82;70;50;39;72;63;76;126;50;56;63;46;2411
313790;91;24;27;10;5;3;24;6;16;3;6;4;0;219
313800;251;6;5;1;9;7;3;8;6;3;5;0;6;310
313810;451;13;20;66;23;5;13;10;7;17;6;6;8;645
313820;12893;462;700;617;663;619;744;576;571;496;430;369;279;19419
313830;161;6;12;5;8;7;7;6;3;4;2;0;1;222
313835;92;4;22;5;6;1;9;1;5;2;1;2;0;150
313840;6369;262;208;277;434;339;249;419;292;304;319;268;207;9947
313850;4874;16;19;21;17;13;19;17;13;17;20;12;13;5071
313860;1600;97;79;75;57;59;91;77;73;52;50;68;32;2410
313862;325;20;16;36;10;16;23;4;21;14;13;5;4;507
313865;11;5;0;0;1;3;0;2;1;1;0;0;0;24
313867;110;6;1;2;64;4;5;16;6;0;3;5;3;225
313868;38;0;0;7;3;0;4;1;10;1;2;0;0;66
313870;476;5;7;8;7;114;207;24;53;44;96;11;5;1057
313880;1697;79;152;79;122;97;107;76;68;68;69;67;48;2729
313890;208;2;16;3;5;2;15;5;5;3;0;0;2;266
313900;5651;241;274;329;569;917;1333;891;576;447;438;344;122;12132
313910;261;9;20;4;1;11;4;12;2;6;8;6;5;349
313920;504;10;63;46;11;11;20;9;3;20;3;14;0;714
313925;108;0;0;0;0;0;0;0;0;1;0;2;0;111
313930;866;9;39;22;17;8;55;102;88;36;17;8;6;1273
313940;7213;377;500;337;459;991;639;641;538;482;349;394;252;13172
313950;1793;55;171;113;70;534;257;119;90;45;64;77;36;3424
313960;1489;75;111;112;76;71;58;219;117;58;69;50;85;2590
313970;379;14;14;15;20;28;22;21;34;19;68;30;13;677
313980;1133;25;25;36;69;40;140;27;81;49;36;32;51;1744
313990;901;21;20;42;30;34;22;32;28;30;18;18;5;1201
314000;3869;204;389;469;213;216;341;173;158;114;124;114;28;6412
314010;84;1;0;89;15;6;7;1;8;4;2;3;0;220
314015;246;16;42;22;12;16;9;36;34;12;17;14;14;490
314020;299;18;9;15;18;6;6;10;26;24;17;11;11;470
314030;374;4;67;22;24;21;23;32;24;17;29;13;6;656
314040;174;5;11;4;1;4;4;2;4;3;0;3;2;217
314050;1188;72;68;141;169;97;82;125;138;88;38;49;39;2294
314053;185;49;18;65;16;41;24;114;33;6;4;5;2;562
314055;144;6;21;9;19;4;2;8;9;5;1;7;9;244
314060;183;3;8;2;0;4;1;0;2;0;0;1;0;204
314070;4007;107;129;109;72;192;96;131;71;123;100;65;81;5283
314080;1124;49;92;111;80;36;96;65;74;48;107;64;80;2026
314085;402;5;27;43;12;29;20;51;34;15;32;27;4;701
314090;649;51;54;41;31;37;114;38;52;42;36;17;13;1175
314100;62;5;0;17;4;5;1;1;7;1;3;4;1;111
314110;4192;282;550;390;376;413;305;420;334;324;352;286;228;8452
314120;202;5;12;1;8;6;3;2;5;2;4;5;0;255
314130;178;1;30;3;3;5;7;4;4;2;3;2;5;247
314140;1008;28;98;41;23;26;31;25;113;47;46;21;10;1517
314150;193;12;15;5;19;4;13;11;1;12;0;6;10;301
314160;468;4;32;21;25;31;9;38;23;17;14;18;7;707
314170;116;1;1;2;3;1;0;3;4;0;1;2;0;134
314180;873;20;113;48;87;97;48;26;98;20;6;10;6;1452
314190;315;3;11;7;8;11;6;1;17;8;6;5;3;401
314200;366;1;9;24;2;1;0;5;6;6;2;2;13;437
314210;698;19;71;54;35;30;27;35;38;33;30;23;13;1106
314220;1471;59;60;61;36;50;46;30;21;30;37;28;16;1945
314225;143;2;11;20;5;7;5;4;5;10;2;0;0;214
314230;233;16;10;9;10;5;8;0;2;3;5;5;7;313
314240;358;24;13;15;18;18;21;23;40;22;23;16;24;615
314250;236;2;8;4;8;6;6;6;5;2;4;3;1;291
314260;966;50;55;52;45;53;165;74;51;76;84;73;56;1800
314270;124;1;0;2;1;3;0;0;1;2;3;1;0;138
314280;1624;69;56;50;138;116;62;118;64;67;67;46;28;2505
314290;505;30;14;19;22;6;9;11;3;4;4;2;2;631
314300;2184;149;190;311;936;1549;688;469;430;1197;567;235;233;9138
314310;5083;432;357;271;990;2180;3180;1312;1213;964;431;467;165;17045
314315;43;1;0;0;0;0;0;0;0;0;0;0;0;44
314320;2638;128;89;114;249;684;743;572;440;243;132;154;158;6344
314330;31426;1295;1408;1911;1861;1752;1692;1552;1707;1690;1699;1553;1066;50612
314340;1636;57;85;81;83;113;170;121;105;64;98;86;59;2758
314345;195;45;3;1;11;6;10;7;2;2;4;3;0;289
314350;849;49;107;74;34;43;39;31;25;34;24;27;20;1356
314360;237;4;41;8;3;4;6;27;20;15;4;2;0;371
314370;174;3;16;4;0;33;7;1;2;2;0;0;1;243
314380;386;25;12;26;19;7;11;3;36;25;14;11;24;599
314390;12015;428;611;487;544;516;417;401;421;469;439;481;342;17571
314400;711;22;16;12;76;119;35;20;32;18;15;18;7;1101
314410;2074;196;107;106;124;351;366;235;193;159;71;82;45;4109
314420;68;0;3;0;0;0;1;0;0;0;0;1;1;74
314430;3754;133;259;195;244;127;203;145;152;115;85;86;121;5619
314435;85;3;2;5;17;6;2;6;1;8;20;8;6;169
314437;9;12;0;0;0;0;0;69;1;2;0;1;0;94
314440;462;39;10;10;11;9;8;10;8;10;22;12;2;613
314450;385;14;18;2;10;19;9;9;16;4;11;11;2;510
314460;2550;121;84;76;68;373;704;230;254;154;80;49;46;4789
314465;0;0;0;0;0;0;0;2;1;0;0;0;0;3
314467;1;29;36;19;17;5;3;1;8;3;9;0;2;133
314470;2335;81;114;147;137;105;77;59;73;100;99;83;61;3471
314480;11340;412;585;605;584;522;516;452;542;577;400;298;267;17100
314490;152;14;4;0;0;0;0;0;0;0;0;2;0;172
314500;1060;47;87;71;84;63;55;262;67;74;85;56;17;2028
314505;516;16;29;77;14;12;44;24;12;10;8;31;28;821
314510;481;34;9;14;18;31;86;41;97;12;15;10;10;858
314520;4683;170;272;358;544;357;307;336;407;359;345;933;152;9223
314530;643;10;13;9;16;930;111;52;15;6;8;9;3;1825
314535;135;4;13;19;4;11;5;4;4;1;1;1;4;206
314537;60;1;1;1;5;3;1;0;3;1;2;0;0;78
314540;15;1;0;0;0;2;0;1;1;0;0;0;1;21
314545;285;58;46;43;19;28;17;27;10;28;15;4;5;585
314550;289;1;11;7;5;8;6;11;9;0;12;1;1;361
314560;4379;137;185;151;195;244;174;169;193;217;213;199;110;6566
314570;147;11;4;2;2;0;1;0;1;0;0;1;0;169
314580;231;8;7;4;2;7;3;5;2;5;3;2;6;285
314585;192;2;41;5;148;18;18;10;2;2;0;2;1;441
314587;45;0;0;42;3;6;6;0;1;0;5;0;1;109
314590;7334;433;323;608;269;301;371;332;345;310;221;207;295;11349
314600;3680;238;158;320;207;212;354;575;362;394;228;214;127;7069
314610;8890;241;267;541;262;728;519;414;547;365;466;307;220;13767
314620;102;2;2;1;0;0;0;0;0;0;1;0;0;108
314625;223;17;45;23;7;12;11;14;10;5;3;1;2;373
314630;371;11;14;5;8;7;5;1;5;6;21;8;12;474
314640;313;13;11;14;8;5;13;10;12;8;9;12;4;432
314650;914;14;39;88;38;54;44;51;44;51;31;28;18;1414
314655;9;0;0;0;0;1;0;0;0;0;0;0;0;10
314660;111;1;14;0;13;23;4;1;0;7;2;0;0;176
314670;362;3;49;10;4;9;13;4;5;10;5;9;2;485
314675;53;0;5;0;0;0;0;2;1;2;0;0;0;63
314690;1633;63;53;73;91;75;88;66;95;74;87;75;37;2510
314700;6523;631;432;387;556;406;571;396;659;544;388;394;212;12099
314710;12017;478;408;435;453;577;455;526;470;422;444;499;329;17513
314720;2087;73;182;102;151;281;586;222;162;179;148;113;63;4349
314730;3675;64;58;59;42;324;67;54;80;77;39;36;23;4598
314740;2524;99;106;98;107;97;60;83;79;86;116;119;79;3653
314750;100;1;1;1;0;0;0;0;1;0;1;1;0;106
314760;1745;94;57;90;112;73;103;92;50;88;89;64;65;2722
314770;553;28;41;14;23;14;9;15;12;14;10;10;9;752
314780;137;5;27;6;5;6;2;5;3;2;5;1;1;205
314790;13781;380;454;571;1022;2196;929;812;568;530;513;511;395;22662
314795;91;3;3;1;0;3;1;4;0;1;1;3;2;113
314800;17122;1155;1056;1252;1276;1245;2613;2060;1435;1310;1230;975;667;33396
314810;10113;680;554;686;1009;3185;5226;3832;2866;1981;647;1204;330;32313
314820;493;7;74;23;19;33;9;18;16;27;17;16;2;754
314830;438;13;18;4;8;131;55;23;7;6;5;4;3;715
314840;100;2;20;6;3;0;8;1;1;2;0;0;0;143
314850;428;23;8;7;5;6;6;3;8;7;3;4;1;509
314860;839;4;62;32;47;72;58;58;34;49;50;8;17;1330
314870;1298;36;40;38;72;54;33;48;32;11;11;24;5;1702
314875;148;14;16;13;4;1;1;1;0;0;0;0;1;199
314880;141;1;0;0;0;2;50;8;3;1;1;0;0;207
314890;321;6;12;11;24;20;7;17;28;15;8;9;9;487
314900;64;6;7;0;0;1;1;0;0;1;3;0;0;83
314910;916;12;47;27;18;66;55;96;62;30;26;29;15;1399
314915;153;11;46;26;8;24;10;4;7;7;4;2;3;305
314920;283;8;14;12;20;13;4;22;67;16;18;3;16;496
314930;8078;399;529;986;690;618;601;538;492;551;637;427;371;14917
314940;90;2;5;13;16;1;4;0;1;1;2;0;0;135
314950;315;16;18;2;16;68;18;24;34;15;14;15;14;569
314960;288;9;14;8;16;10;8;19;4;20;19;12;3;430
314970;443;11;49;56;83;22;26;9;33;20;55;17;7;831
314980;1449;75;74;48;44;524;858;308;103;181;71;112;69;3916
314990;1835;44;95;88;115;56;54;55;114;78;81;121;42;2778
314995;14;1;0;0;1;3;2;1;6;1;4;0;1;34
315000;234;5;5;2;3;7;0;3;1;3;0;3;0;266
315010;85;8;2;9;2;6;3;2;2;8;6;5;1;139
315015;68;0;5;10;26;9;7;32;20;23;6;1;1;208
315020;295;18;23;9;6;50;25;14;35;9;5;4;3;496
315030;205;2;12;2;3;7;4;2;3;2;5;0;1;248
315040;156;3;5;4;5;4;1;6;1;2;14;0;3;204
315050;661;39;34;14;18;477;462;242;220;39;26;174;48;2454
315053;84;1;19;4;2;4;12;4;1;2;2;4;0;139
315057;1;0;0;0;0;0;0;0;0;0;0;0;0;1
315060;333;14;12;9;9;21;10;5;6;10;5;2;3;439
315070;521;36;108;145;147;47;19;32;6;20;7;6;4;1098
315080;371;8;19;3;5;3;3;17;12;6;6;2;4;459
315090;258;5;8;7;8;10;10;12;5;4;9;4;3;343
315100;485;20;17;20;21;68;96;27;50;15;8;5;3;835
315110;1272;18;32;64;21;19;35;43;28;38;24;21;15;1630
315120;5986;199;291;753;464;408;486;300;240;226;213;171;127;9864
315130;641;16;45;49;27;54;23;88;43;53;73;71;20;1203
315140;2742;147;127;199;173;239;170;136;113;150;77;168;110;4551
315150;2396;125;89;125;88;292;168;136;105;166;126;81;63;3960
315160;496;26;40;36;28;29;30;24;44;5;6;5;3;772
315170;831;28;32;20;28;31;19;26;41;42;14;31;4;1147
315180;27603;1923;1430;1567;1570;1780;1409;1344;1369;1365;1216;1132;983;44691
315190;146;1;2;1;0;0;6;0;8;0;5;4;0;173
315200;2740;75;139;121;257;191;151;128;119;93;119;79;58;4270
315210;7825;288;392;452;658;379;259;417;347;338;301;321;224;12201
315217;17;0;1;3;3;1;0;2;0;2;6;3;0;38
315220;695;25;14;280;198;87;40;47;101;47;28;12;9;1583
315230;269;4;11;3;6;7;3;1;1;4;8;5;2;324
315240;491;18;46;28;16;123;47;38;42;32;17;1;2;901
315250;18866;1013;851;1059;1361;1107;1069;969;999;1164;957;1048;686;31149
315260;575;24;9;13;28;37;9;7;12;13;17;5;7;756
315270;495;7;19;2;15;6;7;15;10;18;8;7;2;611
315280;2624;93;180;143;101;140;80;105;99;136;123;78;99;4001
315290;847;98;36;27;24;29;26;41;34;29;18;13;11;1233
315300;132;4;18;14;14;21;18;11;9;5;3;5;1;255
315310;243;4;5;5;2;4;2;4;1;2;2;4;0;278
315320;313;14;20;4;10;1;15;4;11;11;6;15;4;428
315330;146;0;9;5;0;0;1;0;1;1;0;0;0;163
315340;1713;262;264;390;145;333;685;504;313;147;97;174;129;5156
315350;318;9;15;16;28;15;16;6;11;6;18;9;11;478
315360;1380;66;89;102;93;87;62;66;86;51;102;50;58;2292
315370;157;74;40;16;8;17;5;17;8;6;2;3;5;358
315380;150;19;9;10;2;7;8;6;6;15;7;38;28;305
315390;397;14;27;11;15;11;21;10;7;6;16;7;3;545
315400;1755;55;40;53;50;60;82;199;65;70;58;40;15;2542
315410;694;27;20;15;28;21;16;19;24;14;19;7;5;909
315415;242;17;33;23;23;141;118;147;50;9;4;4;2;813
315420;396;14;44;28;14;11;29;11;10;9;6;8;6;586
315430;1124;152;130;112;117;97;83;86;110;44;129;39;26;2249
315440;395;11;40;11;14;9;19;16;8;1;3;3;8;538
315445;219;3;19;8;19;13;2;33;14;16;29;1;0;376
315450;163;24;7;29;14;16;9;6;3;3;3;5;0;282
315460;7229;391;414;495;494;453;532;886;489;365;372;383;238;12741
315470;324;9;10;11;15;27;30;17;16;41;19;18;6;543
315480;516;18;46;14;24;15;15;58;40;30;31;7;11;825
315490;1714;44;140;130;107;62;68;59;81;69;40;42;24;2580
315500;151;2;6;2;1;6;1;2;3;1;2;1;0;178
315510;34;1;0;0;1;0;0;2;1;0;1;0;0;40
315520;113;0;3;0;2;1;1;2;0;0;0;0;0;122
315530;110;1;25;5;5;4;4;0;1;1;8;1;2;167
315540;982;37;63;26;28;45;50;37;41;27;25;27;12;1400
315550;1791;209;122;143;143;345;1099;1030;651;362;551;280;213;6939
315560;823;34;37;59;94;90;45;48;49;18;19;27;26;1369
315570;1520;112;259;135;196;101;96;106;88;105;41;37;20;2816
315580;1426;53;49;65;92;75;245;125;58;67;50;23;9;2337
315590;347;8;30;17;5;7;4;6;9;6;5;5;3;452
315600;438;2;17;10;3;1;2;1;7;1;6;1;0;489
315610;207;5;14;13;12;8;13;4;9;3;5;2;1;296
315620;279;8;2;8;10;2;3;3;3;8;6;4;1;337
315630;1092;40;36;37;36;53;56;47;43;53;33;49;29;1604
315640;397;5;13;23;42;519;749;374;149;30;17;47;71;2436
315645;71;10;48;9;7;13;9;3;5;8;1;6;2;192
315650;103;2;7;5;6;7;1;0;1;5;0;2;1;140
315660;282;5;3;12;6;5;5;5;4;2;3;3;3;338
315670;6478;428;360;419;451;347;412;334;267;290;262;204;153;10405
315680;650;21;12;14;3;12;16;12;5;22;9;6;3;785
315690;2233;463;156;92;136;145;279;109;96;86;110;86;51;4042
315700;2115;103;83;97;137;93;82;72;117;90;64;36;63;3152
315710;401;5;32;12;6;6;6;1;2;9;5;3;1;489
315720;4071;220;288;294;312;262;224;182;213;140;84;70;60;6420
315725;159;203;2;2;62;2;2;1;3;1;2;7;0;446
315727;134;5;15;5;8;1;1;4;158;90;57;15;3;496
315730;155;1;4;2;4;3;0;2;2;1;0;0;0;174
315733;182;16;11;8;5;11;3;10;2;7;3;4;5;267
315737;75;1;1;0;0;0;0;1;1;10;0;0;0;89
315740;386;13;44;16;230;51;12;18;16;17;15;4;9;831
315750;194;8;14;16;24;51;12;34;33;35;5;1;0;427
315760;2;1;0;1;0;0;0;0;0;0;0;0;0;4
315765;101;1;10;3;0;2;0;1;1;0;0;0;0;119
315770;655;62;50;114;88;92;39;134;157;81;72;41;57;1642
315780;11416;468;486;646;504;600;556;455;448;390;414;332;296;17011
315790;380;84;7;26;12;13;2;25;5;1;4;4;0;563
315800;830;13;28;23;17;31;92;34;29;29;37;25;15;1203
315810;219;18;0;1;3;2;6;1;10;0;2;1;0;263
315820;348;13;7;12;15;5;17;15;21;12;10;6;2;483
315830;1154;68;37;56;82;434;226;208;138;128;42;49;35;2657
315840;117;2;23;3;2;2;3;0;4;7;3;4;1;171
315850;193;2;5;4;2;2;7;4;4;2;5;2;0;232
315860;335;16;2;18;7;16;20;21;4;12;5;4;1;461
315870;139;1;13;15;2;3;15;3;1;0;0;0;1;193
315880;358;14;13;2;21;15;11;6;16;1;4;6;5;472
315890;218;5;4;1;0;1;1;8;5;2;11;2;4;262
315895;1507;78;108;130;127;116;161;158;135;75;112;41;24;2772
315900;143;3;5;0;0;6;2;4;9;5;3;0;2;182
315910;134;2;6;3;1;0;2;1;1;1;6;0;0;157
315920;395;12;19;5;13;11;11;7;17;11;17;20;3;541
315930;283;12;6;15;139;11;7;14;10;6;4;8;5;520
315935;200;21;20;19;15;20;24;12;14;14;9;7;8;383
315940;158;11;6;3;0;9;2;3;3;6;2;3;0;206
315950;201;57;8;13;1;8;0;3;7;2;1;2;0;303
315960;6332;477;397;417;643;740;570;440;430;312;505;416;333;12012
315970;200;3;7;12;4;2;108;10;27;9;13;11;2;408
315980;1899;53;49;64;101;91;56;59;45;48;46;56;34;2601
315990;1109;37;72;22;39;29;54;59;82;28;10;47;27;1615
316000;147;2;16;6;0;13;10;3;4;10;4;2;3;220
316010;272;15;37;12;15;48;46;12;9;12;18;10;4;510
316020;175;3;13;13;8;19;8;2;1;17;1;1;0;261
316030;21;2;0;1;0;0;1;0;0;0;0;0;0;25
316040;3399;149;124;155;136;267;133;108;182;212;184;85;180;5314
316045;35;0;40;0;3;1;0;0;0;0;0;0;0;79
316050;92;1;3;1;0;2;0;0;0;2;2;4;0;107
316060;272;1;2;1;2;3;2;1;2;5;1;2;0;294
316070;4009;108;236;180;200;141;118;119;115;126;122;135;96;5705
316080;169;6;8;7;7;8;13;5;7;4;3;6;2;245
316090;240;7;32;8;3;5;17;12;2;3;4;1;1;335
316095;26;27;34;11;0;0;1;3;1;0;0;10;1;114
316100;939;27;61;43;54;35;27;40;29;32;20;27;7;1341
316105;25;0;17;1;29;0;3;0;2;2;1;0;0;80
316110;1317;80;126;68;49;28;26;38;78;48;25;20;18;1921
316120;571;18;7;22;23;95;226;65;27;7;15;9;3;1088
316130;517;39;11;13;10;62;3;24;16;15;27;9;14;760
316140;158;0;1;0;3;2;0;2;1;2;1;1;0;171
316150;630;23;16;21;15;35;37;28;42;29;27;23;9;935
316160;127;0;13;0;10;8;7;0;0;4;0;0;16;185
316165;96;0;10;4;10;3;0;12;6;0;2;3;0;146
316170;474;23;82;124;56;32;298;58;34;43;14;29;11;1278
316180;1012;37;70;50;28;90;41;44;46;37;62;96;82;1695
316190;428;13;35;19;17;16;10;10;39;16;4;8;4;619
316200;2759;84;232;172;286;371;402;230;221;139;122;124;88;5230
316210;1770;95;146;153;170;149;406;246;122;277;255;84;56;3929
316220;706;33;40;26;78;67;52;21;32;19;27;17;12;1130
316225;20;0;2;2;1;0;0;0;1;1;1;0;1;29
316230;148;6;20;11;3;8;5;9;7;3;4;3;1;228
316240;245;25;10;23;28;41;23;31;7;20;15;24;2;494
316245;3;0;0;0;0;0;0;0;0;0;0;0;0;3
316250;10104;374;427;398;323;368;401;428;404;487;354;271;162;14501
316255;310;3;32;7;24;97;48;21;27;8;5;5;7;594
316257;103;1;21;4;10;14;17;11;1;3;3;0;0;188
316260;354;7;23;14;4;11;2;7;3;4;7;11;11;458
316265;11;0;0;0;0;0;0;0;1;0;0;0;0;12
316270;869;116;100;93;34;66;45;93;97;58;29;13;19;1632
316280;461;10;24;13;9;14;9;21;11;2;16;61;8;659
316290;3191;111;87;140;178;123;122;116;233;177;195;157;87;4917
316292;1845;34;102;59;43;53;86;81;37;37;50;89;8;2524
316294;559;9;15;18;16;253;46;87;92;57;10;3;6;1171
316295;1550;82;116;104;66;180;102;123;119;107;114;70;37;2770
316300;31;3;20;0;10;4;2;10;3;0;4;0;2;89
316310;354;10;12;10;13;24;11;13;16;13;10;7;3;496
316320;161;4;2;5;1;1;3;4;28;2;4;2;1;218
316330;136;0;0;5;0;2;1;0;1;0;0;0;0;145
316340;581;28;98;71;176;82;87;41;95;52;29;18;17;1375
316350;25;2;0;4;1;1;3;1;0;2;3;2;1;45
316360;111;3;19;7;2;3;3;1;0;1;0;0;0;150
316370;5119;281;223;212;199;193;242;233;227;227;209;193;127;7685
316380;204;8;17;6;35;91;13;5;34;2;9;18;2;444
316390;253;3;14;10;18;12;16;7;9;42;3;13;4;404
316400;846;17;139;129;70;740;160;98;95;45;204;20;26;2589
316410;143;7;13;6;4;0;2;4;3;1;2;3;0;188
316420;263;26;50;5;18;3;1;2;2;2;0;4;3;379
316430;207;0;16;1;8;6;8;7;5;1;2;22;3;286
316440;549;55;32;42;20;91;34;32;20;23;21;30;13;962
316443;75;9;9;2;5;1;1;3;5;3;0;1;1;115
316447;59;12;41;12;11;6;1;1;9;3;3;2;1;161
316450;88;3;1;1;0;0;0;0;0;0;1;0;0;94
316460;448;13;15;13;20;22;29;22;14;13;11;11;12;643
316470;8618;297;442;418;441;561;912;675;485;508;357;308;259;14281
316480;10;0;0;2;0;1;0;0;1;1;0;0;0;15
316490;155;1;2;0;3;1;1;1;0;2;2;2;0;170
316500;584;15;22;8;11;23;18;19;8;12;9;6;11;746
316510;663;13;24;26;18;154;209;84;77;18;76;46;26;1434
316520;938;25;64;32;14;21;24;57;31;31;31;33;11;1312
316530;601;27;75;27;16;24;41;11;48;59;22;43;8;1002
316540;455;28;27;34;31;28;17;17;20;11;19;18;7;712
316550;139;0;4;1;2;7;4;3;5;0;0;0;0;165
316553;821;33;37;34;39;39;32;33;14;26;27;17;12;1164
316555;64;6;23;1;2;2;3;2;4;5;1;0;2;115
316556;88;2;0;0;1;7;0;3;1;1;1;0;0;104
316557;142;1;0;5;9;5;1;0;3;6;4;2;0;178
316560;135;3;24;41;23;8;5;19;0;3;1;1;1;264
316570;304;13;11;6;16;120;23;3;2;3;10;9;5;525
316580;120;1;1;3;1;1;3;1;0;0;37;0;0;168
316590;138;0;0;0;1;1;0;0;0;0;0;0;0;140
316600;195;0;3;4;1;1;1;6;8;1;0;2;2;224
316610;72;1;17;1;1;0;1;2;4;1;0;3;0;103
316620;174;1;2;12;10;15;5;13;2;2;2;0;3;241
316630;96;3;56;2;6;0;4;6;7;14;0;0;0;194
316640;23;0;0;1;3;1;1;0;0;2;1;0;0;32
316650;75;1;0;0;0;2;2;0;3;0;0;0;0;83
316660;115;3;4;3;2;3;5;0;1;0;0;0;1;137
316670;479;44;7;15;103;127;30;46;8;24;12;5;18;918
316680;713;57;61;38;42;236;767;431;379;80;24;36;12;2876
316690;855;39;54;42;30;219;375;207;104;40;57;70;30;2122
316695;13;0;0;2;0;0;12;2;1;0;0;0;1;31
316700;290;0;14;3;5;3;0;3;1;3;7;1;0;330
316710;1104;47;25;17;27;34;20;25;15;19;19;12;2;1366
316720;27560;1117;1410;1432;1184;1286;1290;1263;1091;1164;999;908;694;41398
316730;149;9;1;3;1;8;6;2;3;2;8;3;0;195
316740;479;21;19;13;20;15;108;65;60;14;11;7;5;837
316750;314;8;18;5;16;12;11;10;10;3;7;15;3;432
316760;333;4;82;16;3;7;33;1;13;14;6;5;1;518
316770;297;1;5;31;9;10;12;44;10;8;7;13;6;453
316780;372;9;1;21;7;6;13;9;8;5;6;6;4;467
316790;287;12;23;9;5;2;4;13;18;4;6;4;5;392
316800;1916;137;131;177;176;142;149;139;159;73;66;62;23;3350
316805;86;24;12;5;13;6;1;0;3;1;2;0;0;153
316810;1023;35;48;26;28;39;39;45;19;13;66;47;24;1452
316820;175;16;3;14;4;0;37;40;4;5;2;1;0;301
316830;237;6;4;12;9;21;9;6;4;8;7;5;2;330
316840;256;10;189;37;25;23;28;25;14;19;9;7;4;646
316850;431;212;110;30;208;319;86;12;21;31;15;20;5;1500
316860;12190;489;683;752;980;837;465;537;560;461;450;456;290;19150
316870;15012;967;1011;1256;854;1199;1093;1374;973;952;553;734;439;26417
316880;525;18;30;44;31;33;20;27;24;27;9;14;14;816
316890;480;10;36;14;13;8;23;248;35;2;10;7;14;900
316900;1530;31;21;27;50;26;35;102;71;54;104;43;28;2122
316905;56;2;88;16;0;1;1;17;11;5;2;3;2;204
316910;9;1;0;0;0;0;0;4;0;1;5;0;0;20
316920;859;26;51;24;41;49;34;22;17;32;30;22;9;1216
316930;9236;442;376;357;349;573;461;500;517;380;292;271;222;13976
316935;2475;164;68;224;111;66;74;78;98;111;76;74;31;3650
316940;7951;494;524;492;673;2226;1572;886;853;609;585;470;236;17571
316950;190;8;2;10;5;6;5;6;3;12;5;2;5;259
316960;2007;334;107;178;215;107;92;88;67;81;75;72;51;3474
316970;715;30;43;59;52;39;42;70;15;10;17;10;4;1106
316980;311;34;25;10;42;77;48;56;28;55;12;6;2;706
316990;13206;407;571;654;572;676;607;548;617;629;639;556;421;20103
317000;45;1;0;0;1;0;1;0;0;3;0;5;0;56
317005;321;6;52;11;11;10;13;12;10;15;7;9;3;480
317010;45753;2351;3023;2904;3209;2905;2411;2384;2388;2383;1910;2054;1462;75137
317020;85208;3801;4822;5527;4746;5737;4640;5538;4760;4968;4516;4029;3281;141573
317030;174;1;15;5;5;7;1;2;1;2;3;1;2;219
317040;5468;253;276;298;429;441;338;336;441;485;413;232;144;9554
317043;206;3;22;8;11;17;9;7;62;34;8;7;4;398
317047;135;5;53;5;10;13;3;3;10;6;8;5;2;258
317050;2253;44;77;28;625;98;61;147;112;31;23;17;17;3533
317052;25;5;1;48;11;39;7;4;5;7;1;1;1;155
317057;80;4;3;1;6;8;10;7;5;5;1;0;3;133
317060;98;19;38;4;6;4;10;96;12;25;3;18;2;335
317065;30;88;19;5;9;8;2;4;0;4;0;0;0;169
317070;21385;1192;1326;1292;1273;1592;1901;1420;1340;1423;1298;1127;722;37291
317075;324;13;23;7;21;21;24;7;6;17;6;3;1;473
317080;3457;218;136;222;186;137;141;130;138;101;109;97;50;5122
317090;148;1;8;3;3;2;1;1;8;5;2;84;11;277
317100;1856;110;59;113;35;125;39;75;85;110;127;75;157;2966
317103;38;31;19;1;2;3;1;0;1;4;3;2;1;106
317107;4;0;0;0;4;7;8;1;28;0;0;1;0;53
317110;354;16;29;25;29;37;18;50;34;28;28;15;22;685
317115;195;4;18;14;5;7;11;17;2;2;0;0;0;275
317120;6970;353;323;347;294;265;225;299;349;285;315;276;152;10453
317130;6857;233;294;330;312;613;448;378;332;274;336;209;171;10787
317140;172;2;16;3;3;4;1;3;23;0;3;0;1;231
317150;133;5;4;4;3;4;2;2;3;3;6;2;5;176
317160;266;0;30;48;6;12;5;8;4;8;2;8;1;398
317170;443;12;35;9;18;5;38;23;10;16;11;7;1;628
317180;293;13;7;4;10;18;20;9;16;10;3;2;3;408
317190;16;5;0;0;2;0;0;1;0;0;0;0;0;24
317200;4491;181;208;256;292;250;284;378;267;193;174;146;110;7230
317210;509;7;7;13;23;26;26;11;9;9;9;8;4;661
317220;218;5;7;5;3;2;8;6;8;3;1;5;1;272
320010;1273;23;78;46;48;46;63;47;24;25;16;20;27;1736
320013;384;5;25;28;23;11;17;30;12;12;13;27;6;593
320016;347;5;68;5;14;9;11;10;41;13;66;3;2;594
320020;1674;41;194;78;79;53;224;52;41;39;43;27;53;2598
320030;630;12;31;17;23;16;6;12;12;11;15;12;10;807
320035;409;5;125;12;15;33;19;9;10;5;6;2;3;653
320040;2355;147;76;170;109;174;211;140;86;136;80;68;81;3833
320050;445;12;12;9;6;11;12;10;10;11;6;4;4;552
320060;11754;586;919;769;610;991;464;371;553;648;394;414;510;18983
320070;875;43;35;49;33;33;65;67;35;61;50;29;17;1392
320080;2282;143;372;133;375;242;616;462;199;43;90;64;45;5066
320090;1982;137;82;114;120;167;180;154;401;137;65;110;64;3713
320100;852;107;44;69;100;69;187;51;14;17;17;15;5;1547
320110;680;14;6;17;33;19;16;23;14;20;15;8;6;871
320115;106;10;22;2;7;1;6;54;2;5;14;5;2;236
320120;26789;899;774;920;1500;1090;1320;1077;1051;934;899;979;804;39036
320130;25113;2558;1833;1456;1453;1118;1346;1265;1101;1113;977;1184;816;41333
320140;2909;61;87;66;112;94;146;117;111;106;77;78;71;4035
320150;18568;765;679;830;763;801;685;663;895;651;582;566;399;26847
320160;1582;96;233;139;123;698;310;465;372;45;137;119;123;4442
320170;491;38;9;12;25;12;13;12;6;4;25;19;9;675
320180;217;7;3;3;3;4;6;7;2;3;1;5;1;262
320190;1752;63;199;215;182;110;70;107;81;72;71;73;50;3045
320200;207;24;41;13;7;12;15;8;3;3;8;6;15;362
320210;1184;61;70;13;54;49;81;56;37;39;30;37;12;1723
320220;866;47;48;56;42;58;41;49;23;105;50;38;15;1438
320230;2344;81;62;61;74;59;59;47;73;60;88;70;43;3121
320240;10638;1042;475;518;1188;541;433;443;396;381;418;419;852;17744
320245;497;140;19;165;23;135;48;106;9;19;15;24;13;1213
320250;3741;368;302;339;356;267;283;277;480;395;210;206;285;7509
320255;174;0;4;3;4;3;8;1;6;8;7;3;4;225
320260;1084;55;86;42;44;63;40;42;74;42;36;33;15;1656
320265;125;65;19;41;9;35;9;19;4;24;2;1;0;353
320270;890;92;17;28;20;55;39;13;53;20;16;17;11;1271
320280;3251;112;161;113;132;853;100;354;190;127;143;84;54;5674
320290;442;4;4;5;11;7;2;8;4;6;3;12;6;514
320300;1341;63;279;161;133;294;198;99;105;55;79;39;34;2880
320305;907;215;123;84;45;31;85;59;149;69;63;43;43;1916
320310;464;15;9;14;16;6;31;21;20;19;20;13;9;657
320313;1521;94;107;91;80;96;106;239;46;68;65;71;61;2645
320316;309;6;8;11;5;4;11;11;2;4;3;2;1;377
320320;16826;892;699;927;676;1640;807;819;714;823;694;753;368;26638
320330;350;16;69;9;14;19;16;20;6;15;8;6;2;550
320332;1178;86;57;132;51;47;43;58;76;56;76;63;70;1993
320334;1174;44;46;38;80;84;56;60;50;92;51;58;33;1866
320335;454;8;8;26;6;28;17;33;19;18;21;19;1;658
320340;1701;32;35;62;71;32;42;59;58;27;28;35;20;2202
320350;947;18;24;58;17;84;18;40;25;17;19;19;10;1296
320360;468;23;7;15;17;35;16;13;19;14;22;6;3;658
320370;578;14;16;11;19;17;11;25;93;22;23;17;12;858
320380;720;5;22;27;80;20;20;47;12;6;13;17;7;996
320390;3625;120;267;163;146;135;113;168;136;114;103;104;103;5297
320400;930;22;106;33;21;20;70;48;30;19;13;7;8;1327
320405;991;24;106;41;34;46;256;946;73;24;37;20;30;2628
320410;1336;64;165;95;45;63;80;71;54;41;60;55;47;2176
320420;739;93;59;28;22;31;23;33;24;18;13;42;32;1157
320425;87;57;4;10;61;21;16;10;4;4;27;2;2;305
320430;510;20;9;8;15;8;14;9;10;9;11;6;5;634
320435;618;9;63;10;24;33;18;16;29;9;16;8;7;860
320440;787;16;15;33;15;8;28;51;11;18;20;11;13;1026
320450;530;12;46;25;19;12;15;29;7;15;6;4;7;727
320455;1195;38;28;31;147;77;115;51;75;47;45;31;13;1893
320460;1998;62;49;55;107;57;33;80;67;84;77;75;63;2807
320465;285;14;52;28;12;40;12;7;2;8;2;3;3;468
320470;2937;91;164;151;118;94;139;197;126;203;218;94;90;4622
320480;751;33;11;128;112;172;72;78;143;65;51;34;45;1695
320490;8012;459;435;832;331;452;418;421;387;427;306;451;215;13146
320495;901;71;44;32;37;29;22;106;18;36;23;12;34;1365
320500;42552;2877;2278;2744;2191;2389;2373;2085;2273;2666;1772;1479;1555;69234
320501;460;55;116;172;46;45;45;65;43;26;42;59;15;1189
320503;1128;25;110;86;50;51;44;72;60;23;32;32;35;1748
320506;1678;81;59;110;71;103;64;81;72;93;63;47;53;2575
320510;5559;278;270;220;218;161;143;171;215;184;274;222;151;8066
320515;291;17;15;67;13;15;13;4;14;8;5;3;2;467
320517;258;89;29;25;17;21;16;21;9;15;6;3;1;510
320520;40827;1926;2030;2258;2259;1957;1672;1782;2243;2240;1924;1792;1512;64422
320530;142166;6432;4438;4364;4073;4108;3674;4338;4725;3715;3732;3405;3158;192328
330010;20171;974;1366;1027;899;812;980;1160;1042;855;804;627;459;31176
330015;711;4;10;42;13;7;9;18;16;21;15;17;7;890
330020;7122;304;317;454;277;240;310;291;389;395;331;428;282;11140
330022;2008;101;68;194;91;107;110;124;117;76;59;134;38;3227
330023;1904;610;315;157;152;130;94;101;130;109;149;196;155;4202
330025;3757;280;194;222;167;117;139;125;169;191;146;146;154;5807
330030;11559;388;369;366;409;389;362;427;498;356;298;324;232;15977
330040;21415;750;798;911;863;778;1001;821;901;759;691;764;516;30968
330045;12164;406;997;1069;767;396;473;437;473;512;386;382;305;18767
330050;2314;55;40;126;97;64;42;69;62;55;71;53;28;3076
330060;3810;135;83;95;122;246;239;114;185;85;88;102;78;5382
330070;16161;948;693;565;551;613;456;767;602;544;515;628;639;23682
330080;5662;270;180;218;159;284;197;164;154;104;126;128;86;7732
330090;927;11;34;18;9;30;27;11;10;12;13;23;5;1130
330093;1030;47;44;10;16;118;35;74;19;3;4;6;9;1415
330095;1409;203;46;79;54;47;33;112;40;53;49;57;33;2215
330100;42657;1712;1656;1774;2338;2766;3443;2734;1641;1481;1220;1348;1405;66175
330110;3125;71;63;77;53;71;83;84;65;59;51;56;26;3884
330115;1061;12;5;16;14;19;212;151;31;19;18;3;4;1565
330120;1716;32;30;21;42;34;23;21;32;46;35;10;19;2061
330130;1741;53;34;42;278;46;61;150;37;37;30;72;39;2620
330140;1108;15;23;41;14;17;33;18;18;31;29;7;11;1365
330150;2119;99;136;100;84;42;105;90;108;119;139;127;75;3343
330160;873;16;19;8;6;41;19;18;34;6;39;33;6;1118
330170;77508;3731;3105;3816;3336;3594;3568;3080;5117;3266;3214;3395;2255;118985
330180;1300;36;116;35;55;25;31;32;16;15;31;10;25;1727
330185;2050;129;347;172;145;130;151;117;105;116;88;102;35;3687
330187;866;32;65;59;47;30;19;19;34;40;48;23;29;1311
330190;11990;471;386;585;486;482;483;552;449;610;453;330;354;17631
330200;13199;531;633;521;712;738;605;416;904;570;609;411;343;20192
330205;1139;25;45;13;18;8;22;42;51;49;6;6;18;1442
330210;1854;44;50;41;24;27;28;60;30;51;33;33;29;2304
330220;10049;410;295;403;347;432;381;339;353;306;272;274;190;14051
330225;3776;326;145;170;173;192;117;137;180;159;127;105;76;5683
330227;1360;20;33;26;21;25;16;23;21;41;27;25;17;1655
330230;443;4;4;6;6;8;10;62;4;20;8;7;2;584
330240;31091;1478;889;1183;1080;1478;1599;1227;1158;1240;1642;1126;949;46140
330245;559;6;11;15;8;8;7;9;18;33;9;20;16;719
330250;9850;313;315;530;419;344;314;343;293;286;251;342;170;13770
330260;4825;198;109;115;107;120;163;114;177;85;104;106;244;6467
330270;5635;190;214;216;204;171;161;229;184;163;198;215;115;7895
330280;1560;45;63;51;40;45;33;68;72;26;34;29;27;2093
330290;2376;104;92;86;70;51;37;62;51;66;83;58;29;3165
330300;2495;54;54;35;27;60;31;44;52;53;39;37;20;3001
330310;1705;24;12;20;30;29;25;29;38;52;17;25;6;2012
330320;14815;381;419;556;515;436;415;401;392;408;345;472;272;19827
330330;107276;4161;4013;4689;5485;4452;3918;4186;4566;4178;3871;4376;3219;158390
330340;30661;896;1060;1180;1301;1189;1268;1292;1097;1114;1563;1018;754;44393
330350;62633;2540;2080;2616;2381;2332;2441;2366;2395;2898;1952;1936;1704;90274
330360;4341;56;110;96;97;107;114;145;74;89;46;60;52;5387
330370;4218;137;104;159;118;162;168;133;150;151;104;86;74;5764
330380;2570;105;105;114;114;100;82;105;79;74;102;70;88;3708
330385;1238;51;61;46;39;34;53;57;38;66;82;74;86;1925
330390;49416;1771;1718;1824;1714;1774;1530;1545;1733;1618;1509;1509;1025;68686
330395;979;40;70;47;58;45;67;62;46;32;36;20;8;1510
330400;3613;41;78;177;106;142;77;155;68;63;53;81;83;4737
330410;1157;19;20;31;17;18;50;34;23;47;23;13;13;1465
330411;884;64;109;133;49;30;20;38;24;22;16;30;12;1431
330412;1108;56;47;78;49;62;80;32;57;53;34;38;33;1727
330414;6441;206;189;267;271;202;192;212;186;170;209;201;115;8861
330415;1854;15;40;15;27;126;20;24;20;76;95;81;21;2414
330420;17715;1056;899;1090;969;1012;1319;1063;960;816;768;749;702;29118
330430;7573;259;242;283;204;180;220;275;270;397;257;245;327;10732
330440;1048;15;20;22;28;23;34;20;163;38;39;28;21;1499
330450;1146;30;17;27;25;28;21;18;32;23;28;12;5;1412
330452;2683;656;419;140;117;139;155;128;137;134;109;137;175;5129
330455;1733272;57621;63767;65870;62771;60050;66476;57070;63242;58618;54598;54311;43622;2441288
330460;794;15;28;10;16;28;13;28;25;15;12;16;6;1006
330470;4446;117;109;133;133;235;195;170;153;192;132;101;88;6204
330475;892;28;12;31;61;25;24;17;19;19;16;9;51;1204
330480;3066;73;98;68;82;74;84;96;103;74;98;64;41;4021
330490;64242;2445;2188;3191;3156;3000;3181;2738;2799;3040;2751;2607;1784;97122
330500;2965;186;76;67;85;278;432;165;65;115;79;37;62;4612
330510;31392;1783;1363;1698;1515;1593;1564;1458;1421;1334;1581;2380;1199;50281
330513;119;110;29;9;8;43;23;14;6;1;5;3;1;371
330515;1582;58;72;54;58;93;212;49;60;57;38;52;27;2412
330520;3668;94;71;92;110;89;72;89;90;67;94;100;88;4724
330530;584;6;3;2;8;11;1;3;5;2;4;1;8;638
330540;1922;59;57;46;63;65;52;68;76;60;55;63;37;2623
330550;3519;219;83;81;91;88;110;92;113;109;94;88;72;4759
330555;3738;97;81;103;80;66;95;35;91;92;60;77;26;4641
330560;1610;167;176;78;68;69;75;80;33;54;77;34;44;2565
330570;723;77;31;9;17;12;10;16;4;13;12;12;10;946
330575;1746;86;73;68;108;65;84;55;38;28;46;40;33;2470
330580;18504;795;724;876;877;826;753;649;742;697;608;639;551;27241
330590;968;7;5;9;16;15;5;23;23;16;7;8;6;1108
330600;15124;518;450;592;513;529;599;644;502;614;424;564;363;21436
330610;9442;253;221;311;308;353;353;285;264;285;216;200;133;12624
330615;641;4;2;1;10;1;2;4;4;4;4;1;5;683
330620;4063;94;116;82;93;94;125;103;140;108;104;130;64;5316
330630;51070;1882;1963;2060;1512;1909;1543;1636;1742;1870;1508;1503;1284;71482
350010;5269;439;256;225;951;305;195;356;166;166;139;219;85;8771
350020;606;3;2;14;4;196;78;32;31;23;7;3;2;1001
350030;3722;178;128;185;238;396;192;119;187;262;107;114;142;5970
350040;720;53;55;23;21;58;80;60;29;55;14;55;16;1239
350050;2549;108;137;119;73;301;101;89;75;74;77;70;69;3842
350055;705;57;48;48;35;33;26;21;10;33;32;39;26;1113
350060;702;30;57;39;28;32;14;23;25;35;14;27;13;1039
350070;4875;172;156;160;347;735;229;196;278;297;147;148;99;7839
350075;204;3;12;7;3;32;16;10;7;3;13;6;4;320
350080;207;2;3;4;2;1;2;4;1;6;3;1;3;239
350090;552;9;36;122;18;102;282;106;75;92;103;35;8;1540
350100;2380;146;106;117;159;657;1671;639;425;360;199;158;133;7150
350110;405;10;7;13;10;3;13;5;28;10;16;9;3;532
350115;4838;56;115;74;70;74;103;36;31;45;23;40;41;5546
350120;280;5;5;6;7;8;5;4;10;3;2;1;1;337
350130;1203;60;115;62;39;46;82;96;53;32;33;29;19;1869
350140;518;21;44;72;88;131;37;57;27;5;13;15;3;1031
350150;259;8;13;6;17;112;98;138;48;32;16;55;2;804
350160;44727;1641;2026;2147;1683;1887;1765;1685;1874;1831;1713;1468;905;65352
350170;4482;246;248;223;545;102;96;106;136;119;113;79;99;6594
350180;456;8;39;17;12;13;8;13;20;8;23;7;4;628
350190;14752;517;405;485;489;510;578;453;477;370;375;325;212;19948
350200;793;16;14;20;24;211;97;75;98;169;52;87;26;1682
350210;5833;267;272;226;221;1053;238;215;246;196;194;176;218;9355
350220;1966;57;53;161;148;121;143;111;93;77;138;84;70;3222
350230;410;31;10;8;14;10;21;18;38;16;20;6;4;606
350240;255;7;5;6;2;3;3;6;10;5;5;3;8;318
350250;5771;350;159;147;151;348;234;231;286;349;181;130;132;8469
350260;241;5;2;2;7;3;1;25;5;4;0;5;0;300
350270;1981;120;94;59;35;109;88;75;86;49;72;83;27;2878
350275;2000;66;100;80;63;78;91;91;90;70;65;47;59;2900
350280;28906;1446;1453;1451;2290;2467;2225;2045;2039;1422;1084;1094;684;48606
350290;1564;66;104;91;119;78;115;122;102;122;81;95;84;2743
350300;240;9;6;10;2;19;11;12;13;5;5;5;3;340
350310;1003;33;40;43;59;52;232;180;144;115;66;27;25;2019
350315;255;7;12;8;4;4;24;8;3;4;1;3;4;337
350320;38117;1423;1664;1775;2640;2256;2323;2318;2309;1752;1745;1801;1230;61353
350330;21506;2671;803;724;949;3125;843;804;717;644;899;477;448;34610
350335;95;8;55;5;8;5;18;5;2;3;1;1;3;209
350340;553;36;20;20;14;19;22;37;22;18;15;30;5;811
350350;360;6;45;77;45;7;9;3;32;16;3;7;2;612
350360;675;61;112;74;48;73;71;59;25;43;9;22;24;1296
350370;3271;1544;1113;1212;1192;1065;512;199;226;70;60;19;12;10495
350380;4329;190;298;317;254;245;388;538;193;194;163;162;99;7370
350390;7987;425;300;371;374;387;419;330;399;331;268;227;386;12204
350395;231;0;2;4;3;1;6;6;4;2;5;4;3;271
350400;11317;481;414;534;572;456;431;455;547;615;410;381;301;16914
350410;16116;574;683;916;618;584;575;506;615;600;540;499;326;23152
350420;1710;28;41;22;57;54;34;40;43;90;25;44;13;2201
350430;340;21;14;8;27;45;40;16;15;7;20;1;6;560
350440;880;33;39;31;14;182;55;70;37;34;31;33;9;1448
350450;9230;420;388;539;445;475;449;351;393;301;384;384;259;14018
350460;1007;47;34;53;47;42;42;56;45;50;78;58;27;1586
350470;137;1;2;3;24;5;2;0;4;0;5;3;0;186
350480;1565;15;26;52;28;41;62;75;31;24;20;9;6;1954
350490;811;10;23;23;6;17;9;24;7;15;23;17;49;1034
350500;114;4;2;4;5;2;3;4;3;0;0;1;2;144
350510;512;14;19;33;32;63;68;28;16;57;14;3;0;859
350520;3962;123;565;104;479;1346;252;311;150;155;173;206;77;7903
350530;12257;178;197;192;361;454;285;384;257;249;200;105;108;15227
350535;118;4;3;2;0;1;7;3;1;7;1;3;0;150
350540;86;4;4;7;2;8;2;0;4;2;3;3;10;135
350550;12327;493;460;543;573;1012;656;686;840;358;493;560;260;19261
350560;1119;373;111;96;110;326;96;173;81;32;157;42;47;2763
350570;99446;6295;5094;5634;5412;5467;5322;5518;5095;4982;4542;5084;3299;161190
350580;5068;156;191;125;122;108;120;153;92;106;82;80;66;6469
350590;8095;206;276;327;496;463;600;464;303;276;225;216;171;12118
350600;55696;2158;2234;2441;2499;2550;2295;2628;2582;2802;2249;2237;1913;84284
350610;10271;431;588;685;408;564;835;801;534;407;437;356;408;16725
350620;500;20;18;139;793;74;50;107;73;14;4;4;5;1801
350630;1043;89;56;75;103;133;39;43;46;29;28;26;15;1725
350635;3266;269;121;131;131;106;104;116;120;102;126;148;169;4909
350640;650;10;20;26;27;17;9;17;8;15;13;6;11;829
350650;20175;612;782;1280;2017;1424;980;1062;1434;1483;1185;958;285;33677
350660;1433;74;51;80;55;58;45;60;35;40;84;64;53;2132
350670;1912;55;65;56;49;276;339;184;178;137;142;155;37;3585
350680;2575;219;141;104;463;283;136;126;47;50;30;37;22;4233
350690;636;63;27;32;38;52;40;33;26;38;71;30;26;1112
350700;6279;364;374;336;294;775;511;397;534;429;262;212;209;10976
350710;1720;57;74;76;64;59;60;55;97;88;60;93;32;2535
350715;329;11;9;9;10;62;3;7;8;20;14;16;1;499
350720;168;3;6;4;2;1;3;3;7;3;6;5;3;214
350730;878;62;57;40;496;685;517;329;284;153;132;79;21;3733
350740;1338;21;54;69;115;46;82;61;37;66;59;39;27;2014
350745;779;179;74;104;108;123;88;82;79;76;88;98;98;1976
350750;20208;636;774;797;600;679;834;680;963;674;582;623;453;28503
350760;18786;719;783;844;878;1424;784;959;959;867;781;834;539;29157
350770;257;8;5;14;14;5;8;3;2;8;8;4;3;339
350775;355;12;17;7;8;15;9;12;18;68;19;17;28;585
350780;1579;80;96;202;79;102;62;67;88;49;56;34;24;2518
350790;3085;135;151;120;98;404;225;157;142;96;131;109;74;4927
350800;1784;94;90;45;52;41;75;97;81;83;53;81;37;2613
350810;1418;77;38;46;29;41;30;37;23;68;42;28;18;1895
350820;523;103;16;12;20;179;29;11;10;9;14;24;6;956
350830;867;33;32;27;27;38;51;38;34;34;13;24;16;1234
350840;5164;168;163;120;182;191;231;255;226;197;186;123;82;7288
350850;10819;378;447;428;298;433;509;432;341;342;439;265;162;15293
350860;2115;70;89;63;77;42;50;170;101;94;54;66;35;3026
350870;1493;52;86;66;73;115;162;147;83;114;95;128;30;2644
350880;1802;61;52;32;58;55;65;80;65;45;71;57;23;2466
350890;552;580;577;20;204;170;164;16;66;29;60;36;3;2477
350900;8064;365;370;393;345;419;454;332;358;399;454;366;296;12615
350910;298;4;7;4;6;6;92;309;25;8;4;4;2;769
350920;39043;2224;1898;2135;1983;2106;2288;2107;2161;2039;1691;1605;1301;62581
350925;2939;183;243;221;101;97;102;132;87;128;101;453;73;4860
350930;762;22;12;13;17;61;174;138;146;54;44;24;5;1472
350940;2142;134;79;99;264;456;684;296;162;97;84;66;46;4609
350945;481;76;114;133;106;144;105;98;135;112;140;61;105;1810
350950;215712;8994;8376;9833;9187;9148;8728;10019;10368;8621;8232;8245;5644;321107
350960;7307;161;221;249;213;170;193;139;166;155;110;113;59;9256
350970;6903;285;359;348;395;314;350;428;292;344;246;242;228;10734
350980;244;6;6;6;2;13;12;2;8;2;2;5;3;311
350990;627;12;13;23;27;24;13;20;10;10;9;107;91;986
350995;191;4;4;10;15;8;11;6;8;3;1;5;1;267
351000;2598;115;199;58;68;162;125;134;101;64;71;124;35;3854
351010;205;4;4;5;4;7;22;39;16;8;6;5;3;328
351015;613;40;53;91;34;39;36;61;73;13;11;7;0;1071
351020;4047;157;168;184;99;320;282;150;179;152;223;196;100;6257
351030;998;40;31;24;16;32;20;42;58;21;36;22;14;1354
351040;8035;247;284;275;382;1429;573;503;476;360;223;182;120;13089
351050;7206;423;453;389;287;287;298;247;356;311;248;341;451;11297
351060;15138;985;853;1108;976;973;950;976;947;1052;861;822;973;26614
351070;700;12;10;34;20;16;53;25;40;32;22;21;7;992
351080;3278;122;134;105;144;130;104;199;106;167;128;181;86;4884
351090;242;23;28;6;14;8;12;6;4;3;3;6;4;359
351100;1715;126;66;43;350;71;74;41;93;89;71;17;29;2785
351110;18831;1941;1252;1027;2615;2198;848;789;767;677;691;504;528;32668
351120;524;38;76;109;19;84;78;13;17;10;15;16;5;1004
351130;927;23;16;37;29;14;16;27;42;28;18;31;4;1212
351140;2427;105;85;126;100;187;156;232;160;126;93;129;155;4081
351150;5442;357;479;187;160;730;259;184;174;160;159;106;62;8459
351160;1167;42;69;89;35;70;123;198;54;45;101;55;12;2060
351170;1218;56;31;92;95;664;255;125;124;55;90;66;13;2884
351190;952;13;21;25;965;143;19;26;15;9;31;8;3;2230
351200;2418;97;137;92;42;64;152;57;87;33;60;36;112;3387
351210;935;34;23;40;18;30;52;25;45;19;18;23;21;1283
351220;1896;65;85;132;78;135;296;243;191;99;87;180;81;3568
351230;1592;83;62;95;60;83;88;116;70;71;58;67;29;2474
351240;3844;249;152;118;136;416;157;107;178;151;183;130;115;5936
351250;1036;90;31;31;44;37;25;34;23;53;90;33;33;1560
351260;375;10;5;10;8;10;8;8;3;6;10;1;3;457
351270;748;36;25;32;35;47;21;39;27;11;25;23;5;1074
351280;6370;213;308;308;548;885;424;531;302;430;439;597;251;11606
351290;434;8;2;10;6;41;8;6;14;7;9;10;4;559
351300;28628;1733;1946;1451;1328;1455;1676;1591;1753;1497;1630;1635;992;47315
351310;3036;118;123;103;134;307;179;117;116;125;122;83;48;4611
351320;901;50;55;58;79;140;181;50;21;48;32;26;18;1659
351330;278;7;4;10;5;8;2;8;3;3;2;3;1;334
351340;9859;526;374;331;283;315;385;353;337;235;273;345;309;13925
351350;29175;1107;1080;797;1545;788;1003;901;1214;613;1052;1578;822;41675
351360;693;26;14;20;14;10;16;17;17;23;14;10;4;878
351370;6045;375;178;160;471;167;227;237;267;255;165;268;154;8969
351380;73925;2420;1805;2169;2134;2165;2234;2609;2308;2137;2036;1901;1344;99187
351385;171;3;1;1;8;4;1;3;2;3;3;3;0;203
351390;742;26;24;29;19;22;23;29;11;23;19;19;6;992
351400;268;22;5;3;12;12;30;26;14;5;3;24;3;427
351410;3014;63;92;73;249;802;272;272;145;156;96;86;55;5375
351420;221;8;18;3;10;16;5;4;2;4;2;2;4;299
351430;1019;38;57;99;41;58;119;41;32;50;61;86;15;1716
351440;5660;154;191;237;139;177;202;191;149;198;181;140;120;7739
351450;1552;46;38;50;51;57;76;44;29;71;27;37;21;2099
351460;778;238;63;13;488;819;230;137;58;61;34;70;24;3013
351470;815;16;14;47;34;43;162;122;82;35;23;14;20;1427
351480;851;32;26;27;18;20;48;40;79;26;31;22;10;1230
351490;2108;43;125;110;598;275;90;94;58;138;55;86;22;3802
351492;231;25;6;11;27;20;10;37;5;8;4;1;0;385
351495;468;3;28;14;19;107;127;100;22;14;14;9;3;928
351500;46336;4074;3454;4105;3412;3350;3726;3627;3378;4144;3947;3776;3003;90332
351510;4929;497;285;461;309;343;239;275;259;224;196;215;157;8389
351512;177;2;1;1;2;3;10;10;1;1;3;2;0;213
351515;1022;35;80;39;60;37;30;27;29;18;22;12;20;1431
351518;7094;396;333;316;277;324;243;319;290;253;197;202;215;10459
351519;1037;7;19;24;3;602;409;187;140;71;69;4;2;2574
351520;977;32;49;33;52;43;36;42;44;23;23;24;22;1400
351530;190;11;7;7;4;3;10;2;9;3;2;3;1;252
351535;342;3;144;31;9;14;10;5;19;7;5;2;2;593
351540;1364;81;80;75;69;125;68;43;115;39;28;29;11;2127
351550;7383;192;389;369;334;248;1007;361;369;333;245;240;115;11585
351560;378;10;10;27;10;6;19;10;18;6;8;8;11;521
351565;89;4;0;1;7;7;2;1;2;21;7;4;1;146
351570;9711;372;286;383;356;288;322;277;264;322;247;183;100;13111
351580;215;4;6;0;7;1;4;0;1;3;1;0;0;242
351590;286;5;5;8;8;6;4;10;38;7;1;1;2;381
351600;659;279;97;202;878;180;116;27;31;12;8;11;2;2502
351610;363;8;14;8;42;62;25;30;25;12;11;10;4;614
351620;41507;1588;1643;2589;3278;3745;3120;2725;2804;2182;2245;2170;926;70522
351630;3461;101;161;112;135;138;89;93;116;86;82;131;49;4754
351640;5914;256;220;288;237;219;222;211;251;214;215;179;93;8519
351650;663;1;20;26;59;33;2;21;27;4;4;1;4;865
351660;1112;41;43;288;204;295;439;252;166;36;64;40;12;2992
351670;6706;256;296;493;535;1585;952;562;380;289;337;248;246;12885
351680;239;8;4;3;3;44;13;2;2;4;1;4;0;327
351685;135;3;8;5;1;33;7;6;6;2;2;0;1;209
351690;1057;39;39;138;598;189;26;19;26;20;58;10;9;2228
351700;999;34;55;26;46;32;178;86;108;82;43;40;12;1741
351710;413;34;39;26;14;24;24;20;32;17;27;24;45;739
351720;997;43;47;38;14;49;108;84;57;39;29;51;13;1569
351730;442;4;15;40;13;46;57;22;10;12;9;14;6;690
351740;4573;283;1686;480;3057;962;389;366;219;236;137;89;95;12572
351750;2567;64;67;64;106;148;65;255;199;128;88;133;35;3919
351760;1156;22;23;26;17;40;12;54;57;35;30;51;12;1535
351770;1382;46;32;82;122;49;96;120;72;25;70;22;33;2151
351780;937;38;23;31;14;22;19;30;26;50;13;9;15;1227
351790;884;26;130;138;108;250;139;84;94;114;46;36;31;2080
351800;150;3;2;2;4;3;5;2;1;0;0;3;2;177
351810;823;49;28;47;40;59;32;19;15;25;40;20;27;1224
351820;3815;136;121;216;1444;229;189;230;141;108;73;77;60;6839
351830;2732;130;136;141;153;165;103;148;179;99;92;72;68;4218
351840;20525;567;796;699;681;634;570;506;595;680;526;570;352;27701
351850;935;47;43;83;41;62;39;35;53;43;22;17;18;1438
351860;4860;1002;312;392;3076;299;187;179;245;127;137;138;43;10997
351870;27003;1148;980;941;824;841;732;872;867;690;715;696;1204;37513
351880;185745;8209;7335;8619;8357;8610;7376;8240;7841;7674;7680;7486;5353;278525
351885;609;22;37;23;21;23;16;30;41;21;21;27;7;898
351890;242;6;1;1;0;3;2;12;3;3;3;1;2;279
351900;609;28;26;31;53;20;24;20;12;16;19;18;11;887
351905;4615;160;196;196;228;209;202;168;201;154;168;185;122;6804
351907;10568;353;522;381;423;512;400;388;495;545;263;225;233;15308
351910;892;50;37;31;36;50;35;37;37;37;35;24;10;1311
351920;716;38;22;32;19;17;14;22;7;17;8;8;2;922
351925;310;5;10;22;7;11;11;10;21;11;14;5;3;440
351930;2049;49;103;59;476;1094;114;227;222;124;116;81;37;4751
351940;1066;32;50;64;47;166;139;46;64;98;25;41;69;1907
351950;649;103;31;38;75;1033;336;139;43;62;79;23;7;2618
351960;6153;273;332;328;316;337;409;401;226;231;230;175;116;9527
351970;4936;205;308;217;231;283;232;216;216;298;177;234;124;7677
351980;559;28;41;16;13;8;50;17;73;16;45;7;10;883
351990;818;110;39;19;22;50;536;83;36;44;16;6;3;1782
352000;1266;29;40;38;45;32;109;79;76;39;37;34;26;1850
352010;3561;418;858;338;2390;535;295;181;185;131;85;50;31;9058
352020;623;4;41;27;18;15;14;26;33;22;18;9;1;851
352030;1282;38;199;124;45;22;38;23;15;45;21;20;22;1894
352040;1590;64;52;62;67;49;33;61;48;60;32;67;61;2246
352042;1617;22;82;45;96;39;58;46;15;14;103;29;67;2233
352044;3067;81;140;85;94;180;83;69;80;100;43;85;34;4141
352050;22408;862;935;1251;1311;966;1031;1074;1278;1103;980;800;491;34490
352060;513;45;26;24;14;13;19;26;14;28;10;9;14;755
352070;339;26;9;18;10;6;7;31;7;37;24;8;5;527
352080;553;14;7;15;6;26;12;9;15;4;4;6;3;674
352090;1819;52;80;63;335;775;104;122;97;75;89;65;27;3703
352100;1457;63;131;121;74;105;100;252;124;174;108;125;42;2876
352110;701;15;16;28;50;118;135;27;51;28;17;13;18;1217
352115;451;4;5;31;47;93;62;25;18;10;32;16;9;803
352120;289;13;4;3;3;1;6;5;7;3;3;9;20;366
352130;1229;60;83;52;94;52;41;77;38;39;45;17;13;1840
352140;3476;766;191;143;131;2602;699;427;400;301;1009;181;57;10383
352150;522;41;13;25;128;28;51;26;13;7;16;9;10;889
352160;453;8;8;8;25;8;7;8;6;8;9;7;2;557
352170;1201;29;69;32;17;24;25;61;27;30;16;17;12;1560
352180;2079;184;113;130;349;558;160;110;121;165;85;42;36;4132
352190;1266;25;25;28;77;86;60;34;24;35;46;14;20;1740
352200;212;8;3;6;1;17;6;4;13;8;9;26;4;317
352210;6871;316;204;170;189;265;187;181;136;141;181;149;255;9245
352215;196;3;1;1;7;7;18;11;3;4;2;2;2;257
352220;10934;328;663;631;483;608;412;382;329;401;320;204;217;15912
352230;18010;799;767;707;762;1598;1263;863;914;1084;866;951;512;29096
352240;8779;336;420;432;775;366;605;407;349;526;365;293;255;13908
352250;10672;508;712;669;849;719;799;576;732;681;835;589;457;18798
352260;12112;624;390;459;574;1546;353;369;430;323;307;291;208;17986
352265;139;1;11;3;5;0;0;1;0;9;0;9;1;179
352270;3971;162;178;119;123;300;569;580;229;189;143;143;80;6786
352280;669;25;10;13;25;18;98;22;12;29;11;8;10;950
352290;1694;97;63;76;113;60;124;106;70;67;68;46;29;2613
352300;251;4;15;4;8;3;7;4;16;5;13;5;11;346
352310;20191;913;851;723;876;874;777;655;804;856;703;643;557;29423
352320;4884;235;215;231;260;230;219;258;216;248;164;160;102;7422
352330;759;43;34;33;30;12;20;19;29;27;25;17;19;1067
352340;17202;1327;1558;844;1110;980;791;934;1024;1150;911;586;455;28872
352350;3086;206;239;134;105;137;55;101;63;67;60;113;45;4411
352360;1660;108;112;72;73;60;54;78;153;58;57;52;26;2563
352370;427;23;17;12;13;143;177;49;26;4;15;6;10;922
352380;491;15;26;22;6;146;45;23;13;15;11;44;10;867
352390;30834;1451;1440;1600;1173;1445;1111;1229;1556;1324;1295;1205;628;46291
352400;4408;226;183;171;134;143;225;153;183;352;353;312;157;7000
352410;3700;104;133;249;137;101;84;123;129;199;168;98;56;5281
352420;521;8;9;8;23;18;6;3;17;9;4;5;2;633
352430;12475;1199;485;331;1999;637;531;384;325;358;350;292;198;19564
352440;29968;1294;1589;1741;1338;1145;1275;1255;1553;1400;1598;776;758;45690
352450;644;21;19;25;65;44;29;39;45;49;33;31;16;1060
352460;1784;111;88;77;78;83;73;91;85;73;96;54;36;2729
352470;8693;387;348;369;399;428;367;343;331;371;238;254;169;12697
352480;5215;151;200;170;149;154;117;174;172;136;85;88;77;6888
352490;450;4;16;24;20;16;17;13;6;10;29;24;126;755
352500;6311;320;301;308;398;340;270;292;243;261;248;215;189;9696
352510;5025;307;489;289;609;750;371;342;396;754;387;170;181;10070
352520;1553;42;53;52;85;50;67;58;73;81;77;32;22;2245
352530;21548;602;826;1164;1556;1634;937;801;960;908;699;702;517;32854
352540;254;21;26;15;7;9;22;7;14;10;6;2;1;394
352550;931;47;21;37;34;46;28;41;32;55;27;14;10;1323
352560;291;6;12;7;51;5;1;11;14;7;10;24;3;442
352570;3731;85;79;79;103;120;108;145;90;145;80;79;61;4905
352580;317;3;7;6;6;11;29;10;8;1;4;0;3;405
352585;261;40;16;13;25;14;10;10;17;25;13;13;6;463
352590;76236;3013;3359;3469;3317;3797;2904;3167;3896;2961;2701;3290;2406;114516
352600;1359;81;25;23;29;36;463;333;43;60;41;40;20;2553
352610;1812;150;113;64;72;151;117;88;61;64;60;47;26;2825
352620;4645;234;405;507;339;824;439;297;362;454;345;254;136;9241
352630;238;3;2;2;14;6;0;1;5;2;2;1;5;281
352640;4771;215;225;270;198;253;250;231;284;267;213;185;153;7515
352650;497;12;10;20;7;7;20;5;4;6;5;4;0;597
352660;564;17;25;19;17;16;12;10;8;6;11;5;3;713
352670;11099;1047;465;424;298;1332;654;458;427;430;453;231;202;17520
352680;14768;446;459;522;910;2068;455;619;415;438;393;207;217;21917
352690;41903;1276;1418;1650;1581;1430;1701;1395;1464;1270;1138;1080;759;58065
352700;1062;74;28;20;16;29;26;30;12;73;11;17;86;1484
352710;11411;248;469;598;382;538;385;504;351;412;250;237;201;15986
352720;9048;337;339;295;363;302;333;378;374;358;523;324;281;13255
352725;151;1;1;39;1;1;1;9;1;1;0;0;1;207
352730;5449;150;230;164;215;184;120;145;128;149;118;120;172;7344
352740;3219;85;115;129;81;538;160;102;103;80;110;34;21;4777
352750;283;9;7;9;17;13;6;8;10;8;6;3;6;385
352760;1896;38;148;121;1787;400;504;806;92;199;70;14;18;6093
352770;205;5;9;2;10;8;9;7;3;4;7;2;2;273
352780;514;41;36;41;45;251;82;66;48;16;25;14;12;1191
352790;334;5;5;12;5;7;3;0;7;5;10;7;2;402
352800;6749;135;93;203;270;1193;668;280;210;233;145;56;18;10253
352810;473;4;7;8;27;10;14;6;6;7;8;8;7;585
352820;320;10;6;6;5;32;7;15;16;6;20;27;26;496
352830;311;8;5;7;2;3;2;5;7;13;3;2;3;371
352840;5757;229;314;292;282;255;185;195;250;159;194;161;120;8393
352850;6998;1290;1243;1629;950;978;667;586;518;605;730;553;425;17172
352860;1256;75;78;61;73;32;44;27;23;18;44;38;28;1797
352870;392;16;6;7;5;10;76;138;34;63;59;7;2;815
352880;2620;168;186;76;378;163;121;60;64;93;68;83;7;4087
352885;1678;378;74;15;385;70;15;9;10;43;6;7;2;2692
352890;212;2;3;11;2;3;2;6;3;2;3;0;1;250
352900;34276;1165;1360;1480;1182;1279;1259;1296;1232;1221;1035;1019;749;48553
352910;151;0;4;6;3;4;0;53;0;0;1;0;0;222
352920;1566;28;99;137;106;33;85;59;40;26;42;44;18;2283
352930;13732;505;545;788;384;709;4152;2085;1991;1679;1161;439;291;28461
352940;30936;884;892;1118;1175;1026;894;987;845;800;620;646;406;41229
352950;232;5;8;11;1;1;4;4;3;2;3;6;3;283
352960;745;7;17;20;18;17;61;27;24;22;9;22;1;990
352965;152;1;5;5;12;40;6;22;7;0;9;8;7;274
352970;1501;52;101;97;192;46;61;222;63;35;85;28;15;2498
352980;857;56;40;28;620;193;99;93;88;40;26;16;3;2159
352990;1399;27;74;61;36;53;72;45;67;78;42;43;29;2026
353000;232;14;1;0;2;7;6;18;3;8;2;1;2;296
353010;2411;101;163;140;1310;207;131;161;251;86;49;49;68;5127
353020;873;32;18;30;21;30;607;76;39;24;21;19;34;1824
353030;7476;396;291;242;252;379;211;207;319;209;187;220;110;10499
353040;218;7;4;9;3;12;4;5;7;4;8;5;4;290
353050;11120;370;480;440;532;750;371;425;426;365;223;391;223;16116
353060;43577;1946;1885;2081;1769;2175;1914;2202;1884;1534;1496;1450;1003;64916
353070;20989;761;905;1022;867;1766;1492;1574;1207;1086;2058;1056;595;35378
353080;14099;559;537;591;498;672;634;769;602;637;471;499;590;21158
353090;330;12;18;9;6;240;62;74;88;28;11;7;5;890
353100;166;1;0;1;3;0;5;1;2;0;6;3;5;193
353110;2586;127;102;100;95;101;105;85;89;96;95;147;105;3833
353120;889;17;28;10;31;24;79;17;23;14;26;9;11;1178
353130;7879;334;265;259;212;257;241;275;225;224;159;166;75;10571
353140;1898;37;86;50;35;608;88;129;93;79;117;60;19;3299
353150;2503;106;97;105;61;334;193;144;89;81;65;87;37;3902
353160;274;7;3;9;3;14;0;8;10;4;0;10;4;346
353170;966;40;40;43;51;50;63;49;87;40;35;26;15;1505
353180;4231;276;217;201;240;392;263;258;446;352;177;149;147;7349
353190;3524;149;995;438;1258;310;198;76;67;67;91;47;27;7247
353200;16163;1426;1465;1320;1239;1213;1434;1310;1271;1228;1226;1311;1422;32028
353205;1187;25;16;64;528;59;17;12;16;15;8;4;4;1955
353210;347;23;3;9;8;5;7;6;4;8;5;7;1;433
353215;94;5;4;31;43;14;9;9;7;3;8;1;2;230
353220;299;4;10;2;18;9;4;10;36;6;6;6;4;414
353230;378;33;21;13;2;15;5;24;24;16;15;3;8;557
353240;3317;172;183;552;288;296;288;256;140;163;221;685;353;6914
353250;790;22;11;19;8;28;14;25;29;30;17;23;25;1041
353260;792;22;35;33;18;113;19;31;41;19;51;25;16;1215
353270;328;5;9;8;8;35;14;15;3;8;13;7;3;456
353280;352;21;19;28;12;20;16;23;8;4;13;7;19;542
353282;1055;33;46;55;29;87;48;58;60;65;44;29;28;1637
353284;109;0;2;2;0;0;2;4;2;0;0;1;0;122
353286;40;3;2;0;1;1;0;43;2;6;5;1;2;106
353290;1890;54;24;52;35;560;56;30;17;12;13;15;12;2770
353300;1262;35;50;35;40;39;29;38;80;67;42;32;21;1770
353310;178;1;0;2;2;4;8;0;3;1;2;1;0;202
353320;180;5;3;2;2;0;3;0;1;2;1;0;0;199
353325;129;47;15;10;16;16;0;9;1;5;1;1;2;252
353330;122;0;1;2;2;2;0;0;9;1;0;0;0;139
353340;9203;260;320;359;311;350;391;305;260;257;202;211;139;12568
353350;3865;122;358;152;685;894;165;84;86;159;67;74;42;6753
353360;1272;59;6;17;104;61;155;88;43;40;20;27;14;1906
353370;438;18;37;33;24;112;104;49;71;21;36;11;8;962
353380;238;4;0;7;0;4;11;11;0;6;2;3;0;286
353390;7252;162;692;258;619;669;452;330;224;188;205;124;107;11282
353400;789;23;10;38;624;8;10;8;33;30;27;64;8;1672
353410;1209;105;55;71;59;59;71;75;93;49;37;27;25;1935
353420;437;260;377;35;1772;252;118;31;6;6;3;7;0;3304
353430;6314;447;625;524;759;300;513;297;198;189;179;148;118;10611
353440;88946;2540;3465;3732;3888;5411;4162;2949;4268;3666;2944;3066;2042;131079
353450;315;9;24;10;3;6;19;8;10;8;4;1;2;419
353460;3888;145;206;188;124;175;103;110;117;144;133;109;72;5514
353470;13689;575;658;607;428;691;526;431;581;521;467;381;315;19870
353475;423;13;17;25;24;59;24;13;39;16;18;14;7;692
353480;434;16;47;9;11;11;12;15;11;11;17;5;5;604
353490;676;16;35;39;34;34;33;18;16;19;9;16;11;956
353500;505;16;9;25;24;18;12;19;57;35;22;7;13;762
353510;339;25;2;9;39;16;13;4;11;5;8;4;3;478
353520;425;8;6;13;16;56;34;6;7;4;8;1;2;586
353530;2200;77;126;82;311;438;252;137;67;102;73;86;23;3974
353540;1427;41;61;91;74;58;39;82;79;78;53;59;34;2176
353550;5709;188;511;343;1026;474;159;158;205;264;298;212;106;9653
353560;1363;31;47;48;54;39;64;40;77;53;65;29;23;1933
353570;490;246;331;54;48;299;135;61;31;53;17;7;3;1775
353580;2368;102;106;92;132;102;131;212;147;275;145;80;70;3962
353590;560;27;11;35;18;6;7;5;12;13;37;9;3;743
353600;1342;31;27;29;739;78;45;24;34;48;37;28;10;2472
353610;1041;35;40;77;59;41;50;31;49;89;52;27;23;1614
353620;2079;62;80;66;70;86;88;86;116;79;126;93;47;3078
353625;145;1;8;0;5;3;9;3;2;4;5;2;1;188
353630;1410;58;48;32;385;156;160;252;229;43;38;75;19;2905
353640;483;28;10;14;10;12;14;5;10;13;10;26;8;643
353650;18387;1133;559;661;679;643;553;868;1112;733;625;477;460;26890
353657;138;4;6;4;9;8;5;39;8;3;8;32;4;268
353660;689;26;17;31;14;31;10;12;42;18;41;19;17;967
353670;5041;407;704;362;1435;1644;715;713;552;475;233;204;310;12795
353680;220;19;12;13;1;3;4;10;1;1;6;7;4;301
353690;233;1;7;7;1;1;5;8;5;7;3;6;3;287
353700;1987;91;107;93;157;352;723;154;92;71;96;83;71;4077
353710;6948;274;242;278;305;248;473;283;362;328;211;274;149;10375
353715;382;11;55;14;10;13;9;95;28;6;5;4;4;636
353720;397;9;23;22;6;10;17;50;37;8;24;14;6;623
353730;9129;236;217;259;252;2864;828;593;545;523;288;324;199;16257
353740;3170;100;70;86;84;70;50;102;93;152;94;104;61;4236
353750;1044;60;36;58;61;49;44;53;40;43;49;66;31;1634
353760;3597;170;174;177;166;137;120;158;156;211;70;110;198;5444
353770;298;7;6;13;9;6;7;9;7;11;16;2;9;400
353780;10842;2454;1832;3205;2236;2440;2065;2459;3961;4050;2352;2916;5084;45896
353790;15345;1517;1619;1985;2514;2122;2865;2660;2453;2495;2614;2736;3790;44715
353800;17140;850;693;912;801;962;1088;1059;853;614;629;719;379;26699
353810;913;23;130;62;42;165;83;44;36;41;20;19;10;1588
353820;427;8;10;39;10;8;7;27;33;22;37;10;3;641
353830;971;15;11;14;12;11;59;25;14;14;29;10;14;1199
353850;1279;33;32;12;12;17;8;23;11;21;45;10;4;1507
353860;1762;34;85;72;58;73;63;36;39;42;30;60;24;2378
353870;63321;3211;2875;3197;2921;3247;2624;2597;2719;2337;1999;2315;1501;94864
353880;3700;157;171;201;163;173;152;168;168;124;103;80;58;5418
353890;2280;124;70;79;104;121;109;115;88;141;56;89;76;3452
353900;1011;29;26;18;45;62;45;36;44;32;37;27;14;1426
353910;1030;51;46;68;80;86;51;50;52;48;28;35;27;1652
353920;2313;47;33;40;47;39;69;101;87;58;28;59;45;2966
353930;12336;509;342;375;351;689;483;317;365;416;353;337;294;17167
353940;1776;134;106;106;152;128;102;152;144;128;149;90;97;3264
353950;4267;724;357;287;765;3037;318;178;106;77;41;38;12;10207
353960;356;7;12;7;13;11;9;1;6;3;8;6;0;439
353970;980;96;78;158;67;105;251;82;196;74;145;103;51;2386
353980;23175;2072;2183;2017;2015;2014;1723;1985;2307;2221;2080;1944;1374;47110
353990;321;2;6;3;5;48;13;5;9;9;23;2;1;447
354000;4637;75;115;122;116;153;104;137;57;80;45;43;26;5710
354010;283;11;3;17;5;5;25;7;15;8;6;4;0;389
354020;3646;1295;286;858;533;2118;231;128;221;139;80;37;33;9605
354025;188;2;14;11;4;10;22;23;0;2;1;14;0;291
354030;298;6;5;3;11;7;4;9;3;12;88;6;26;478
354040;331;6;20;5;3;13;16;10;5;11;9;3;3;435
354050;476;7;41;12;23;23;32;20;16;58;11;29;7;755
354060;6307;190;300;235;216;509;306;325;275;211;197;128;85;9284
354070;9177;437;544;394;768;916;423;377;276;341;268;266;157;14344
354075;383;23;51;29;21;10;6;18;13;14;16;16;12;612
354080;874;30;22;32;18;29;25;21;24;15;16;15;16;1137
354085;74;1;1;7;1;39;16;1;38;5;0;24;0;207
354090;4777;263;106;48;356;126;90;512;107;66;78;24;19;6572
354100;19409;1079;931;872;740;718;651;2063;675;734;588;783;1510;30753
354105;249;16;33;51;16;4;7;11;10;15;6;6;5;429
354110;683;15;213;31;23;535;72;59;38;42;3;8;6;1728
354120;1053;33;87;27;29;17;35;30;34;53;17;19;18;1452
354130;4320;141;113;174;139;152;136;88;197;136;80;107;99;5882
354140;37458;1457;1395;1433;1266;1158;1212;1159;1703;1209;1159;1118;761;52488
354150;4510;175;265;184;122;236;182;524;233;197;172;158;79;7037
354160;6726;136;108;153;656;888;270;185;195;161;223;353;127;10181
354165;42;1;3;2;3;8;4;2;10;2;2;2;1;82
354170;3654;29;38;59;757;103;32;28;21;43;18;8;3;4793
354180;374;11;12;14;24;10;21;3;14;17;10;6;10;526
354190;884;53;31;29;31;19;18;24;27;15;24;17;15;1187
354200;630;25;41;37;28;34;18;28;21;14;32;6;6;920
354210;2755;26;86;308;289;1495;94;92;199;261;68;35;9;5717
354220;2757;891;232;344;163;114;109;128;113;121;67;115;56;5210
354230;247;2;3;0;2;6;4;8;8;7;2;6;2;297
354240;3393;66;83;126;127;476;308;353;88;178;189;184;89;5660
354250;626;25;22;24;18;14;21;12;11;8;7;12;22;822
354260;6995;1152;1093;429;357;321;214;254;306;202;249;379;328;12279
354270;497;27;35;81;67;71;219;219;60;40;15;25;18;1374
354280;214;3;3;2;2;3;2;2;4;1;4;3;1;244
354290;1226;49;34;46;110;68;62;90;81;44;20;26;66;1922
354300;535;18;15;37;26;48;45;14;44;54;63;238;213;1350
354310;233;14;7;5;4;20;85;83;46;5;13;5;5;525
354320;638;10;13;6;9;3;60;39;35;12;6;11;3;845
354323;106;10;0;3;2;4;4;3;4;12;9;0;7;164
354325;879;14;18;19;34;21;7;34;50;13;8;10;3;1110
354330;13847;323;338;371;340;396;326;403;417;389;323;262;165;17900
354340;105628;4027;3979;4248;4919;4457;3860;3905;4352;4295;3808;3845;2533;153856
354350;364;10;3;31;24;16;16;9;19;16;17;5;0;530
354360;280;9;7;19;1;9;8;8;18;19;15;10;3;406
354370;1103;26;38;36;31;36;30;98;52;39;46;13;13;1561
354380;801;18;19;12;16;7;44;11;13;13;7;2;4;967
354390;32399;1117;1020;1131;1637;1322;1590;1272;1248;1240;1061;989;701;46727
354400;4306;209;149;249;519;2290;443;390;188;183;118;73;50;9167
354410;1438;147;57;24;70;53;39;29;39;71;66;32;68;2133
354420;315;4;10;16;30;14;38;7;16;19;17;16;14;516
354425;2174;107;123;278;131;121;98;110;53;47;38;35;20;3335
354430;977;49;19;33;27;24;30;44;44;44;37;30;23;1381
354440;198;5;9;3;3;8;7;1;2;8;1;8;2;255
354450;373;10;1;7;2;9;2;0;2;4;2;15;0;427
354460;305;5;24;5;2;5;17;9;4;0;8;1;2;387
354470;917;33;26;27;46;27;39;27;25;14;10;24;10;1225
354480;322;15;5;8;26;5;17;7;7;4;4;9;8;437
354490;945;50;13;98;56;135;24;22;43;29;30;12;7;1464
354500;1078;63;61;47;66;28;37;45;26;31;28;59;27;1596
354510;251;2;1;53;5;9;2;2;5;4;3;5;1;343
354515;973;83;60;89;41;34;32;22;29;31;13;38;11;1456
354520;14424;300;502;534;498;491;414;500;550;490;540;388;305;19936
354530;2752;45;63;66;65;68;41;50;59;55;79;87;25;3455
354540;735;29;30;38;30;29;19;33;18;22;17;26;15;1041
354550;380;5;2;4;6;10;6;7;11;0;17;3;1;452
354560;1288;221;132;49;53;461;157;49;45;34;24;27;28;2568
354570;353;11;2;5;3;10;15;26;3;2;5;2;2;439
354580;18711;968;737;719;1027;1319;791;677;698;677;632;745;372;28073
354600;1607;33;102;84;86;42;68;94;77;50;49;46;34;2372
354610;271;0;3;3;9;16;3;4;1;2;0;6;3;321
354620;599;21;11;27;17;25;80;39;21;14;31;16;18;919
354625;86;2;1;1;0;0;2;1;0;0;0;0;0;93
354630;3084;696;212;173;1417;517;230;94;139;104;116;93;44;6919
354640;6304;262;293;363;194;259;369;330;403;231;295;230;87;9620
354650;220;2;11;3;6;4;23;10;5;4;3;0;1;292
354660;2740;95;105;105;100;87;98;127;56;70;54;50;89;3776
354670;3335;112;132;89;101;103;89;102;86;107;106;97;100;4559
354680;4123;127;261;170;115;155;120;193;112;105;115;92;48;5736
354690;642;62;20;18;23;21;10;8;19;117;12;8;4;964
354700;411;41;20;30;8;19;20;35;19;13;15;21;1;653
354710;252;3;4;2;1;6;5;6;1;2;3;9;4;298
354720;163;0;2;1;1;1;0;0;2;1;4;1;0;176
354730;16298;1142;1578;1701;1430;1262;1416;1417;1499;1230;1277;902;676;31828
354740;197;3;1;3;3;2;1;7;3;2;1;2;1;226
354750;4205;283;179;139;290;209;1111;412;197;94;123;70;60;7372
354760;3050;140;83;112;105;161;127;347;139;105;126;87;56;4638
354765;72;0;5;0;1;1;0;8;4;0;0;0;0;91
354770;1960;53;52;89;45;52;158;58;38;61;36;27;24;2653
354780;111220;4488;4510;5461;4572;5005;4499;4683;5379;4943;4560;4116;3263;166699
354790;404;12;12;15;59;14;54;6;17;16;10;13;6;638
354800;3001;261;437;285;351;266;289;492;321;323;272;191;310;6799
354805;1060;19;18;16;980;380;179;219;141;24;115;14;7;3172
354810;725;31;34;21;36;23;47;27;30;39;29;23;14;1079
354820;405;13;18;15;20;8;12;10;26;13;5;6;6;557
354830;178;3;0;3;4;3;3;7;2;0;1;1;1;206
354840;254;1;5;5;4;7;1;10;4;5;5;3;12;316
354850;116211;4091;4480;4516;4584;4443;3913;4174;3802;3474;3461;3657;2938;163744
354860;542;5;25;5;18;5;8;20;12;5;4;5;1;655
354870;183045;6749;5946;6096;5736;5432;5674;5696;6165;5389;6097;4852;3131;250008
354880;74144;3392;3369;3979;3559;4409;3302;3191;4319;3700;3421;3452;2579;116816
354890;40374;1423;1554;1653;1611;1591;1485;1424;1606;1518;1246;1194;1165;57844
354900;172;3;6;7;4;2;3;9;0;11;2;0;3;222
354910;13243;1133;509;694;1262;975;684;628;534;398;491;405;263;21219
354920;194;0;3;4;3;3;2;15;2;2;31;7;1;267
354925;152;4;1;2;4;14;10;0;2;1;0;0;0;190
354930;205;2;0;0;0;1;1;2;4;4;0;4;0;223
354940;7547;1543;494;585;1901;306;278;336;232;234;243;157;385;14241
354950;417;29;35;36;34;59;68;79;119;41;8;11;61;997
354960;223;3;49;13;4;11;6;4;5;6;4;4;0;332
354970;9417;356;368;403;362;412;376;326;493;305;396;383;249;13846
354980;62223;2761;2845;2935;2846;2827;2467;2879;3227;2740;2884;2512;1581;94727
354990;108373;4914;4770;5086;4624;5290;4845;4728;5230;5016;5359;4713;3892;166840
354995;1414;302;326;315;316;234;291;272;541;261;296;292;191;5051
355000;613;27;27;43;26;26;27;21;34;28;14;16;12;914
355010;6330;261;232;262;396;348;358;251;269;275;175;139;105;9401
355020;2285;117;82;83;83;85;122;133;141;83;82;54;50;3400
355030;3065181;103822;118740;125183;114165;109548;106397;100153;117196;105144;95654;86995;58182;4306360
355040;2831;150;175;73;117;613;252;224;209;146;114;73;77;5054
355050;493;14;12;7;37;27;305;78;48;46;40;24;24;1155
355060;9696;341;417;431;375;326;405;298;336;313;321;266;169;13694
355070;6902;303;303;279;250;253;224;412;250;218;222;290;240;10146
355080;2487;130;128;121;104;154;197;237;313;136;70;100;45;4222
355090;1868;101;101;140;105;87;111;89;59;74;57;80;54;2926
355100;22431;839;1186;1207;1053;1068;826;855;836;771;774;726;889;33461
355110;723;32;128;27;19;30;26;15;39;39;24;21;18;1141
355120;116;4;9;1;3;3;1;4;13;4;2;14;1;175
355130;276;10;1;10;4;7;1;3;4;12;65;24;3;420
355140;733;28;36;28;35;55;61;72;58;68;86;59;36;1355
355150;4921;298;238;402;407;574;294;234;281;156;82;52;38;7977
355160;4101;176;136;194;176;171;143;191;177;141;111;132;57;5906
355170;19147;1053;1272;1071;2169;1795;984;980;1237;855;673;434;712;32382
355180;882;35;32;34;23;38;31;19;19;32;14;17;8;1184
355190;1341;50;28;34;46;346;111;175;96;58;34;12;14;2345
355200;351;7;8;19;29;19;10;21;13;7;7;20;3;514
355210;3578;202;151;152;159;171;199;143;155;120;145;142;94;5411
355220;83578;3613;4091;4181;3817;4160;3863;3847;4206;3905;3468;3810;2369;128908
355230;809;68;27;307;968;88;51;20;63;105;68;30;21;2625
355240;18142;747;1013;1421;911;1127;915;876;912;1712;640;976;586;29978
355250;29450;1330;1370;1172;1118;1121;1086;1200;1366;1333;929;812;451;42738
355255;175;2;11;5;9;5;5;2;4;0;5;1;3;227
355260;1319;56;111;63;90;75;64;72;100;44;37;42;14;2087
355270;915;65;23;28;40;48;58;63;34;56;34;45;11;1420
355280;24269;1023;855;1041;968;974;1103;1166;1203;1077;879;918;497;35973
355290;494;33;28;16;1;10;239;60;13;39;63;6;2;1004
355300;1081;44;23;72;49;51;60;75;43;20;43;17;7;1585
355310;472;19;12;7;4;19;14;31;16;21;9;17;12;653
355320;491;6;3;8;18;61;17;19;33;10;14;6;1;687
355330;4047;130;127;167;114;180;198;276;234;198;152;161;97;6081
355340;2184;58;71;89;49;81;140;62;63;40;61;34;12;2944
355350;613;22;43;27;18;30;36;37;31;26;13;13;6;915
355360;3217;88;74;101;459;597;357;264;207;114;120;117;39;5754
355365;44;55;19;16;9;7;3;19;15;25;1;4;5;222
355370;5635;246;202;190;178;177;356;274;376;192;171;150;118;8265
355380;1862;84;77;84;62;77;44;49;66;102;52;63;18;2640
355385;863;31;97;19;39;18;6;12;32;13;38;10;5;1183
355390;401;5;8;9;5;7;11;2;15;5;15;8;10;501
355395;2925;202;214;451;999;495;158;70;120;152;182;343;43;6354
355400;13465;523;552;583;677;667;693;591;540;585;679;401;287;20243
355410;44356;1834;2018;2158;1755;1873;1952;1688;1910;1560;1673;1563;983;65323
355420;255;3;71;6;6;14;8;12;7;14;10;7;5;418
355430;6447;98;266;1454;380;781;358;205;342;233;246;169;125;11104
355440;555;10;28;23;38;43;16;6;10;9;4;1;2;745
355450;6823;242;288;291;253;315;321;248;264;490;275;261;162;10233
355460;238;12;4;2;4;14;3;8;4;1;7;7;6;310
355465;108;3;2;1;4;10;0;5;5;6;1;0;0;145
355470;980;104;53;57;36;27;112;85;38;38;34;39;20;1623
355475;144;14;18;7;2;3;7;4;2;0;0;10;13;224
355480;2573;252;130;147;157;230;140;222;206;192;264;182;281;4976
355490;356;4;34;7;8;1;16;10;3;7;1;4;2;453
355495;250;4;24;11;6;19;9;13;40;7;9;26;12;430
355500;9540;352;421;448;410;307;508;383;319;321;304;323;223;13859
355510;1578;57;39;18;41;46;76;56;64;66;55;21;15;2132
355520;223;2;1;5;10;5;12;1;2;5;2;2;0;270
355530;174;0;3;3;4;2;1;1;13;12;5;3;0;221
355535;702;74;44;44;32;192;198;97;106;38;63;43;19;1652
355540;7048;426;279;212;218;241;203;217;238;263;256;259;601;10461
355550;349;26;28;77;49;51;20;10;31;13;13;10;0;677
355560;766;33;22;18;22;18;72;27;20;21;17;7;13;1056
355570;181;2;6;4;10;11;13;13;7;1;6;4;1;259
355580;635;17;16;32;51;30;27;9;16;24;10;17;4;888
355590;183;8;10;5;3;16;3;6;1;25;13;52;8;333
355600;1059;59;58;44;16;152;83;51;50;31;27;15;12;1657
355610;1299;56;75;43;30;126;235;111;104;83;108;107;48;2425
355620;21645;747;803;989;1042;1023;895;922;961;952;956;820;481;32236
355630;2253;40;82;149;1500;322;104;97;71;52;184;62;29;4945
355635;234;6;6;9;4;10;2;26;8;11;10;9;2;337
355640;4187;166;164;157;123;171;118;169;288;184;121;133;95;6076
355645;6148;346;304;323;401;296;236;319;338;345;280;175;150;9661
355650;7617;269;233;255;185;208;248;276;191;205;183;125;120;10115
355660;877;42;62;69;55;259;99;77;23;20;44;35;13;1675
355670;10494;320;426;385;287;340;338;289;434;316;263;268;185;14345
355680;1083;128;132;48;29;50;103;56;25;27;67;27;11;1786
355690;585;10;15;14;18;170;9;13;14;13;7;9;4;881
355695;70;0;1;1;0;1;3;0;0;1;0;0;0;77
355700;8577;275;324;250;850;247;224;295;263;237;257;277;163;12239
355710;11485;320;465;345;287;500;503;326;574;446;347;329;174;16101
355715;221;8;6;5;30;0;7;16;10;5;12;9;3;332
355720;2461;1770;208;81;733;915;487;468;280;208;174;88;14;7887
355730;1121;28;13;22;22;33;27;16;29;36;16;17;15;1395
410010;536;13;9;10;12;13;12;17;17;3;8;12;3;665
410020;481;9;8;10;9;8;3;3;4;1;2;3;0;541
410030;268;15;20;18;8;14;22;13;9;5;17;4;18;431
410040;5026;213;206;224;209;451;252;211;300;256;287;215;133;7983
410045;202;3;46;11;36;5;3;25;6;4;2;7;0;350
410050;996;33;27;33;15;40;31;21;28;26;31;8;23;1312
410060;1064;23;24;35;38;19;16;128;41;40;14;9;9;1460
410070;570;18;21;20;13;13;26;10;7;13;8;10;3;732
410080;888;35;10;41;34;25;36;12;22;26;12;14;1;1156
410090;328;12;7;8;12;12;6;5;6;5;8;8;1;418
410100;2130;31;28;32;140;133;93;59;99;96;58;24;21;2944
410105;138;0;2;13;0;0;1;0;6;4;1;1;0;166
410110;3384;254;229;133;74;128;120;89;138;133;216;92;66;5056
410115;170;10;2;7;14;8;3;10;4;7;5;4;1;245
410120;2368;245;188;194;353;292;291;283;234;473;298;321;532;6072
410130;272;1;2;7;3;5;19;2;4;7;4;0;2;328
410140;16245;729;1014;933;647;985;1119;724;583;690;602;505;436;25212
410150;17175;570;752;782;696;636;604;687;596;694;602;673;377;24844
410160;3226;83;86;79;66;65;70;90;119;179;66;70;42;4241
410165;32;24;52;4;1;1;10;1;1;4;0;4;0;134
410170;1416;27;49;36;38;79;50;49;97;56;69;38;14;2018
410180;17262;884;750;1037;1080;1292;703;1148;1170;846;716;815;512;28215
410185;82;0;0;4;5;3;0;22;2;4;1;3;0;126
410190;1898;30;43;89;66;26;36;110;89;79;38;19;20;2543
410200;3046;82;148;183;107;88;67;67;70;76;77;62;31;4104
410210;2857;107;181;227;810;159;169;128;118;104;122;99;68;5149
410220;388;14;26;7;15;5;19;5;7;6;9;16;18;535
410230;1098;19;38;22;32;30;39;22;124;39;29;10;17;1519
410240;5136;193;210;201;319;2611;304;226;179;148;181;90;46;9844
410250;799;10;26;12;17;13;11;21;31;15;11;25;6;997
410260;656;14;23;37;28;52;34;26;30;30;14;10;4;958
410270;165;17;7;14;3;2;12;0;3;1;1;0;1;226
410275;352;44;11;20;54;13;10;80;28;8;21;23;19;683
410280;1175;34;86;54;90;122;87;43;73;20;52;9;10;1855
410290;1522;88;97;64;53;52;151;55;42;48;104;60;13;2349
410300;325;9;7;7;1;3;7;4;4;5;4;3;5;384
410302;24;0;0;1;3;0;0;2;1;0;0;0;2;33
410304;231;3;6;16;6;3;2;23;11;8;7;1;2;319
410305;364;13;14;9;4;9;21;22;4;11;15;4;7;497
410310;588;39;35;69;39;34;22;16;27;16;14;20;5;924
410315;35;1;1;5;0;0;0;60;3;2;0;1;1;109
410320;556;24;14;187;1334;192;110;207;21;7;3;114;12;2781
410322;297;6;5;4;1;14;16;6;7;3;0;3;0;362
410330;454;6;51;7;13;24;13;14;13;8;13;1;7;624
410335;303;4;6;9;12;6;9;8;6;6;7;2;5;383
410337;203;4;9;11;0;4;11;8;7;5;1;1;2;266
410340;233;1;1;4;6;3;25;17;1;1;3;1;2;298
410345;2928;49;87;187;67;44;99;147;237;90;112;85;54;4186
410347;184;5;18;12;4;9;7;9;5;7;1;2;2;265
410350;581;11;31;22;26;20;20;24;31;14;5;36;9;830
410360;3254;154;201;166;107;739;226;286;161;298;310;195;170;6267
410370;9675;361;433;502;498;596;440;489;660;427;334;375;222;15012
410380;396;17;26;20;23;38;13;13;39;15;15;13;9;637
410390;1075;18;27;31;10;20;50;33;18;26;14;16;2;1340
410395;208;7;77;11;7;5;9;15;21;7;6;2;9;384
410400;6685;326;326;337;282;362;362;354;267;325;315;252;191;10384
410405;320;2;2;3;2;10;5;29;4;7;2;3;0;389
410410;557;106;22;23;61;42;22;41;20;38;51;78;12;1073
410420;12961;361;459;447;560;535;504;486;460;407;436;368;216;18200
410425;891;29;37;51;33;42;30;156;61;31;43;28;36;1468
410430;13664;588;1194;996;551;567;416;489;556;482;548;291;208;20550
410440;583;12;10;29;11;17;21;48;23;8;6;8;1;777
410442;824;26;54;31;25;16;30;23;34;30;16;25;7;1141
410445;626;15;59;41;14;36;16;43;22;13;10;9;1;905
410450;1529;29;55;56;92;77;60;76;63;44;60;40;66;2247
410460;976;90;50;77;48;57;60;59;98;44;40;21;5;1625
410465;4781;113;160;131;104;127;99;2278;177;132;106;94;86;8388
410470;998;41;32;45;36;43;50;46;30;66;40;34;20;1481
410480;40106;1787;2018;2614;1840;2173;2758;2059;2208;1944;1847;1723;1235;64312
410490;7922;210;275;242;196;247;208;249;263;224;177;539;127;10879
410500;479;8;10;40;18;8;9;18;11;16;7;10;5;639
410510;1351;32;32;61;16;102;893;149;36;18;16;14;10;2730
410520;643;14;16;13;8;15;4;12;25;16;13;6;55;840
410530;1095;42;53;44;35;48;133;45;42;33;37;23;20;1650
410540;1388;57;93;61;77;78;52;59;64;48;24;25;19;2045
410550;8904;394;463;953;675;722;549;918;672;428;312;322;155;15467
410560;999;16;964;178;641;443;269;344;155;95;82;46;3;4235
410570;1606;60;52;83;66;71;61;73;57;63;35;30;24;2281
410580;17277;1768;2020;2363;1821;1557;1342;1409;1398;1350;1920;1481;735;36441
410590;3908;718;50;89;1880;646;136;223;61;84;32;62;10;7899
410600;580;22;32;31;13;47;3;89;93;28;64;15;45;1062
410610;362;3;4;2;6;2;1;10;2;10;4;5;2;413
410620;865;41;23;38;20;37;40;24;32;29;36;14;56;1255
410630;1276;44;55;79;57;72;55;58;68;40;32;26;14;1876
410640;8009;275;456;522;574;1153;733;563;460;296;211;255;151;13658
410645;208;9;4;9;6;50;16;7;52;4;6;3;3;377
410650;1751;77;56;93;91;98;141;56;68;53;53;76;32;2645
410655;263;6;23;10;6;2;2;32;10;3;3;4;1;365
410657;134;11;4;3;1;10;25;10;6;3;1;1;0;209
410660;1501;34;28;28;33;21;22;27;48;30;18;14;2;1806
410670;482;9;11;12;10;15;22;21;11;19;14;8;11;645
410680;893;18;16;15;19;10;19;27;13;12;24;10;11;1087
410685;119;1;2;2;2;3;1;6;0;2;0;0;2;140
410690;551220;17896;26741;22719;19759;19629;19210;18498;19153;18305;17087;21760;12465;784442
410700;551;71;49;26;50;5;99;35;29;55;43;62;11;1086
410710;497;10;13;10;10;102;48;4;8;7;9;11;3;732
410712;102;2;37;1;0;1;2;2;1;1;0;1;1;151
410715;249;2;11;2;4;13;4;1;0;10;1;4;0;301
410720;4426;114;148;188;143;165;139;145;1550;136;74;96;40;7364
410725;610;14;14;13;15;22;8;32;23;8;21;18;28;826
410730;448;5;8;24;23;20;11;3;16;56;12;4;7;637
410740;351;9;10;15;9;12;12;6;10;13;5;7;3;462
410750;1837;123;406;332;455;478;593;70;139;219;59;161;277;5149
410752;45;36;18;5;3;5;3;1;0;0;1;0;0;117
410753;415;9;10;29;17;42;12;26;13;16;29;52;20;690
410754;89;1;4;106;10;4;15;7;1;3;7;1;1;249
410755;221;3;3;0;3;5;1;2;4;1;12;2;0;257
410760;1549;30;36;48;29;53;38;52;97;29;19;25;7;2012
410765;2782;209;187;250;189;236;331;256;258;193;205;104;94;5294
410770;250;1;3;3;1;58;4;1;6;6;5;5;2;345
410773;434;33;28;22;9;12;11;11;6;17;4;10;7;604
410775;831;18;22;18;11;16;22;71;20;22;18;12;7;1088
410780;422;8;6;10;3;7;15;26;11;7;5;9;4;533
410785;125;0;0;0;0;6;32;2;9;0;0;2;0;176
410790;384;14;12;29;6;17;11;13;13;6;14;5;2;526
410800;1453;58;25;114;10;1083;83;83;47;16;117;22;30;3141
410810;232;4;2;3;2;6;1;2;16;4;3;1;0;276
410820;696;16;30;27;19;7;18;13;23;21;30;4;1;905
410830;30791;1146;1133;1257;1051;1068;1044;1145;1100;998;983;1374;892;43982
410832;395;3;9;12;41;20;8;3;10;5;7;4;2;519
410840;9588;372;342;310;292;322;349;359;1180;259;284;245;144;14046
410845;192;10;13;11;7;7;8;5;7;7;5;56;0;328
410850;1704;75;53;91;60;74;87;75;57;64;57;44;15;2456
410855;160;2;1;1;0;0;1;23;3;1;2;0;1;195
410860;3657;79;146;391;1204;261;220;211;197;186;291;135;55;7033
410865;249;7;0;7;3;66;6;26;8;13;1;13;2;401
410870;396;64;58;132;26;16;12;34;10;8;8;15;1;780
410880;2741;50;81;124;65;72;97;97;120;91;70;57;33;3698
410890;372;17;17;14;5;13;3;7;5;8;6;21;4;492
410895;708;26;25;34;38;42;36;110;36;28;35;33;17;1168
410900;693;16;31;26;20;39;24;17;9;17;21;12;7;932
410910;147;0;2;0;2;2;2;1;0;1;2;1;1;161
410920;429;8;7;8;12;7;88;9;12;11;11;8;4;614
410930;1224;24;44;63;43;37;34;66;42;28;27;17;23;1672
410940;21933;1319;1349;1314;889;967;942;962;886;890;716;712;506;33385
410950;432;4;11;17;6;9;13;1;8;2;6;6;4;519
410960;2109;197;68;60;60;284;109;55;82;60;54;78;296;3512
410965;310;11;15;13;13;14;11;3;7;16;6;5;1;425
410970;2807;301;154;122;86;170;237;246;183;118;151;419;116;5110
410975;615;8;13;13;22;21;12;39;18;13;42;22;2;840
410980;4424;236;238;242;147;169;165;170;271;190;164;129;67;6612
410990;923;31;74;45;24;89;73;113;88;35;74;26;6;1601
411000;2008;68;146;82;77;38;46;69;49;122;88;70;109;2972
411005;132;0;13;2;3;0;33;2;1;1;5;3;2;197
411007;366;6;3;68;22;12;21;38;48;21;12;17;10;644
411010;2638;129;157;205;131;157;163;153;180;164;110;192;95;4474
411020;1089;15;15;32;15;67;16;21;37;17;10;7;11;1352
411030;280;7;12;11;3;13;7;10;26;19;10;8;4;410
411040;357;4;0;11;25;4;14;17;3;2;4;7;3;451
411050;433;21;18;17;14;31;11;11;11;26;35;29;12;669
411060;968;23;35;83;21;20;39;35;33;21;20;19;18;1335
411065;132;4;14;1;0;2;7;0;0;2;7;0;1;170
411070;5766;354;230;234;273;351;256;292;211;200;165;201;106;8639
411080;713;7;79;25;22;8;22;13;19;10;8;19;4;949
411090;290;18;8;13;17;10;10;8;1;2;4;4;7;392
411095;412;17;65;17;21;52;10;19;21;14;14;24;9;695
411100;405;1;20;7;10;4;39;18;12;4;8;9;1;538
411110;560;11;23;15;81;52;53;95;15;11;14;20;2;952
411120;538;17;14;13;14;7;11;23;25;18;8;13;3;704
411125;651;50;51;43;18;55;24;25;55;43;26;62;37;1140
411130;180;3;5;6;4;5;4;5;6;2;3;2;3;228
411140;490;12;21;20;7;10;8;7;11;14;5;4;1;610
411150;2616;58;127;68;118;66;102;108;57;121;137;70;46;3694
411155;1666;16;12;95;1627;111;65;92;28;131;85;77;158;4163
411160;393;11;9;12;17;3;0;2;5;8;3;6;0;469
411170;186;5;8;10;1;2;14;4;9;7;0;1;7;254
411180;6422;180;185;348;1897;837;471;526;336;267;206;360;78;12113
411190;1426;111;40;35;134;98;138;81;65;28;35;35;20;2246
411200;2980;195;218;200;125;163;139;134;230;287;175;152;97;5095
411210;2984;84;71;100;274;77;92;88;83;79;116;55;34;4137
411220;409;8;15;15;15;29;13;8;2;3;4;1;1;523
411230;189;1;3;9;7;23;2;10;4;2;1;16;3;270
411240;764;22;26;19;118;165;106;43;43;110;26;36;5;1483
411250;774;24;10;17;12;12;29;30;14;10;8;21;7;968
411260;94;0;12;2;1;0;0;0;1;1;9;2;0;122
411270;962;9;19;20;29;49;30;18;29;27;19;29;10;1250
411275;590;5;40;17;11;15;36;17;24;13;4;6;6;784
411280;836;13;31;30;34;69;30;33;31;17;16;23;15;1178
411290;350;14;9;9;8;6;9;5;2;5;6;3;0;426
411295;418;7;8;10;5;4;4;7;6;5;7;15;8;504
411300;640;7;23;53;11;7;9;6;12;6;39;7;13;833
411310;364;2;11;19;6;3;6;14;7;5;2;2;1;442
411320;4564;79;328;172;124;200;116;165;173;134;127;126;102;6410
411325;194;2;7;5;1;0;1;0;5;19;0;0;0;234
411330;2504;120;86;109;130;75;85;84;95;143;57;85;40;3613
411340;558;3;2;12;11;11;12;8;6;6;3;10;1;643
411342;211;0;4;5;5;3;3;3;1;12;3;2;3;255
411345;288;4;7;2;4;0;7;10;10;4;5;0;3;344
411350;2065;74;173;105;65;95;54;86;104;50;64;73;53;3061
411360;670;25;16;16;10;22;13;18;4;8;15;8;5;830
411370;88056;3739;4053;5316;4702;4095;4182;4438;4728;4097;3672;3581;2743;137402
411373;645;20;111;25;19;22;19;16;24;8;30;43;4;986
411375;336;19;9;4;5;7;5;27;13;7;3;2;2;439
411380;315;5;11;5;5;5;13;7;11;4;2;7;1;391
411390;1048;17;29;27;31;29;22;43;42;33;22;37;7;1387
411400;1160;24;40;55;26;56;51;31;42;31;38;34;17;1605
411410;959;40;30;177;52;34;41;51;25;50;32;32;12;1535
411420;4871;260;139;173;157;211;182;218;232;203;119;123;86;6974
411430;1260;58;48;59;49;85;57;65;64;56;78;118;60;2057
411435;40;0;0;29;5;0;3;0;7;6;1;0;0;91
411440;1330;38;46;62;44;27;41;69;41;45;30;15;16;1804
411450;534;21;19;34;20;18;48;11;12;7;6;7;5;742
411460;5709;218;282;239;225;253;199;213;189;175;153;165;90;8110
411470;423;19;29;17;5;19;17;16;8;9;2;0;2;566
411480;3708;132;162;111;397;181;156;130;120;109;103;160;47;5516
411490;707;14;18;20;14;9;15;11;15;5;7;9;5;849
411500;273;4;10;4;7;3;32;20;40;10;19;2;5;429
411510;492;7;6;8;5;4;10;9;2;7;6;4;3;563
411520;65018;3445;3197;3831;4913;3337;3231;3400;3260;3580;3141;2876;1916;105145
411530;521;12;19;20;22;19;13;28;17;17;9;12;9;718
411535;866;40;30;24;27;21;32;27;41;31;31;11;34;1215
411540;807;23;47;24;30;32;13;32;63;34;13;5;10;1133
411545;169;1;10;5;2;4;4;9;0;1;1;5;0;211
411550;214;4;8;12;7;6;3;3;16;1;6;4;0;284
411560;1094;33;47;83;19;41;26;32;23;30;26;14;11;1479
411570;2106;184;100;122;78;78;74;45;80;77;130;127;289;3490
411573;120;6;7;3;2;3;7;0;1;1;1;2;0;153
411575;630;13;66;55;19;25;18;29;19;17;15;17;4;927
411580;5790;382;323;408;259;254;279;300;293;233;219;228;110;9078
411585;271;4;2;6;4;9;3;4;7;2;8;1;0;321
411590;163;3;2;2;1;5;0;0;2;4;0;1;1;184
411600;446;1;2;5;0;1;149;20;4;1;1;0;1;631
411605;785;16;44;66;38;26;42;20;32;43;6;16;17;1151
411610;840;10;12;12;59;14;24;29;18;22;12;8;4;1064
411620;824;28;60;61;24;18;28;36;28;28;41;33;15;1224
411630;112;4;2;12;2;7;2;4;3;5;4;7;2;166
411640;205;8;5;3;17;9;1;4;8;4;2;11;1;278
411650;122;3;1;15;8;2;1;0;1;6;0;0;1;160
411660;383;87;56;12;8;417;136;34;38;65;8;19;0;1263
411670;1056;19;35;38;24;21;21;18;35;28;21;25;14;1355
411680;441;9;9;5;3;12;9;6;14;12;5;8;8;541
411690;2717;90;73;149;84;128;113;121;68;101;76;52;34;3806
411695;218;3;1;3;5;4;2;2;67;6;0;1;0;312
411700;726;21;12;36;41;188;59;63;23;3;22;16;2;1212
411705;368;9;5;20;5;42;20;9;8;4;4;4;1;499
411710;1568;73;91;91;797;170;221;123;56;88;54;131;17;3480
411720;296;42;8;12;21;15;12;4;3;9;15;7;0;444
411721;39;1;1;5;0;1;2;3;27;1;0;0;1;81
411722;593;26;35;23;23;12;16;33;15;17;9;35;21;858
411725;496;15;44;33;23;23;24;7;7;26;13;8;4;723
411727;316;8;0;118;11;7;4;0;9;1;3;2;1;480
411729;85;1;1;1;0;1;1;2;2;1;1;3;1;100
411730;1116;79;52;52;65;56;44;109;113;34;34;24;27;1805
411740;213;14;2;23;7;3;15;5;6;4;1;1;3;297
411745;288;9;7;8;11;22;5;8;5;8;2;7;2;382
411750;1611;104;102;41;65;41;70;70;64;57;54;22;24;2325
411760;4281;161;225;381;212;133;119;142;206;162;234;183;135;6574
411770;3587;98;150;191;128;204;82;79;188;122;147;50;51;5077
411780;616;4;8;17;10;9;13;16;12;15;19;6;5;750
411790;3574;239;169;143;131;149;148;170;119;118;122;134;89;5305
411800;701;19;165;290;1404;180;89;56;51;120;24;43;11;3153
411810;1838;16;21;30;1819;79;48;75;36;17;17;124;15;4135
411820;19344;918;847;1171;887;681;987;693;1284;865;561;543;617;29398
411830;173;3;2;2;2;3;2;0;4;1;3;1;2;198
411840;8860;412;406;499;434;420;416;301;698;456;355;349;230;13836
411845;436;13;12;20;19;17;32;22;20;9;12;9;4;625
411850;10093;439;461;703;619;526;498;412;453;387;338;309;185;15423
411860;327;15;15;11;7;8;17;7;32;4;14;16;9;482
411870;315;13;10;16;7;10;3;20;1;4;1;2;2;404
411880;1002;25;52;29;22;49;23;30;21;25;8;9;6;1301
411885;673;9;162;552;341;534;321;78;150;94;55;57;8;3034
411890;686;27;10;15;66;28;21;54;27;26;22;15;11;1008
411900;389;4;4;4;8;17;9;8;2;4;3;7;1;460
411910;719;58;50;36;45;67;69;41;13;61;45;60;40;1304
411915;14191;768;737;800;779;765;753;889;682;745;670;652;374;22805
411920;290;6;3;4;7;2;8;16;6;4;3;4;2;355
411925;144;4;2;4;2;12;2;4;4;6;6;4;4;198
411930;2228;44;106;69;78;69;63;56;73;77;42;75;28;3008
411940;1992;75;194;98;86;60;111;123;62;76;71;55;49;3052
411950;2590;68;110;309;109;158;94;97;115;91;54;59;29;3883
411960;2462;97;110;138;97;59;78;102;54;87;55;82;36;3457
411965;168;1;1;8;12;19;4;8;2;1;5;1;2;232
411970;365;11;7;8;9;14;10;12;3;12;7;10;6;474
411980;612;22;14;10;25;21;11;10;20;19;7;11;8;790
411990;43776;2088;2053;2616;2481;1851;1784;2293;2530;1906;1681;1897;1390;68346
411995;496;68;27;22;118;122;75;13;43;33;44;51;38;1150
412000;4196;247;111;90;64;345;1045;90;67;29;38;23;10;6355
412010;804;20;18;17;14;28;15;9;44;29;23;24;27;1072
412015;13;0;83;15;7;2;4;3;1;2;4;0;1;135
412020;199;4;3;1;4;5;8;7;0;1;1;5;1;239
412030;487;20;17;24;22;19;14;14;9;5;15;4;3;653
412033;127;25;18;10;4;6;36;11;21;9;7;7;0;281
412035;507;14;8;9;17;9;21;8;11;5;27;11;7;654
412040;335;16;10;30;20;13;18;4;11;11;1;3;2;474
412050;681;20;18;15;21;31;8;40;24;12;4;11;1;886
412060;2687;129;90;129;75;157;151;114;124;60;74;75;37;3902
412065;220;10;113;10;5;12;16;4;14;6;4;6;3;423
412070;659;48;65;34;28;23;16;20;19;17;25;22;14;990
412080;6248;1076;888;2237;1125;1204;1380;1191;1254;1079;1359;1379;1504;21924
412085;389;17;29;41;17;20;15;12;38;41;15;37;10;681
412090;3239;108;242;140;201;170;156;145;88;95;81;80;41;4786
412100;649;14;13;16;28;11;10;25;13;15;6;9;10;819
412110;438;1;10;19;14;7;7;90;22;12;14;7;1;642
412120;385;6;32;18;17;11;8;4;9;7;8;2;1;508
412125;183;1;3;8;4;0;3;3;0;3;1;8;0;217
412130;215;6;5;5;9;9;2;9;5;7;6;3;3;284
412135;143;2;6;4;16;18;1;4;7;2;1;0;0;204
412140;1446;54;58;64;64;80;39;54;50;46;59;77;51;2142
412150;770;18;11;30;16;11;19;22;5;15;14;16;7;954
412160;484;11;17;22;24;16;21;23;14;11;8;5;1;657
412170;725;15;33;30;37;14;14;20;17;41;46;40;9;1041
412175;493;21;11;15;11;18;27;10;7;70;9;3;1;696
412180;1230;35;76;41;50;118;113;33;30;22;29;33;9;1819
412190;1331;99;123;133;299;587;520;173;129;139;132;25;23;3713
412200;628;22;17;37;15;10;12;13;12;5;4;2;7;784
412210;219;5;3;0;6;6;1;2;3;4;5;6;1;261
412215;296;3;50;16;14;10;11;18;20;8;7;4;4;461
412217;134;2;7;5;0;2;1;5;5;2;3;1;0;167
412220;3349;72;93;86;185;101;116;181;99;70;71;86;68;4577
412230;4603;301;216;487;448;203;200;261;159;175;190;346;131;7720
412240;8634;338;362;509;560;1397;516;418;416;371;318;336;215;14390
412250;506;12;10;17;16;14;25;27;22;7;30;12;2;700
412260;811;19;27;211;1303;212;164;224;147;84;105;49;16;3372
412265;265;1;4;3;4;0;3;1;5;1;3;2;0;292
412270;562;12;10;26;15;40;18;16;16;31;9;22;19;796
412280;290;3;33;15;15;4;20;43;8;2;8;17;0;458
412290;208;5;2;4;3;1;7;1;6;12;4;1;1;255
412300;618;23;40;28;13;25;28;15;15;9;13;12;10;849
412310;352;13;22;7;15;23;13;34;10;12;8;11;4;524
412320;309;11;7;3;4;2;2;1;1;0;0;9;0;349
412330;489;12;5;23;8;10;11;9;13;9;8;7;9;613
412340;792;33;108;72;70;69;36;35;27;63;51;38;18;1412
412350;1649;46;54;60;60;236;144;61;87;66;57;76;25;2621
412360;169;2;1;1;3;3;4;0;3;2;0;2;1;191
412370;734;17;88;20;20;13;20;17;17;7;10;16;8;987
412380;641;44;24;41;13;24;28;18;32;20;11;24;3;923
412382;142;5;3;7;2;4;9;7;1;1;1;2;0;184
412385;338;5;11;43;9;7;9;25;5;4;9;4;1;470
412390;1341;44;89;177;221;356;61;99;105;73;69;23;39;2697
412395;158;1;2;1;4;16;1;7;7;0;2;15;0;214
412400;256;7;2;2;3;10;7;13;16;19;23;3;9;370
412402;358;8;15;46;10;7;15;15;17;10;19;12;7;539
412405;1193;43;48;50;41;39;26;54;40;34;36;27;17;1648
412410;4218;172;167;209;289;208;170;225;214;145;107;111;74;6309
412420;245;10;2;8;2;2;0;2;8;8;14;6;0;307
412430;257;3;3;7;1;3;1;3;3;2;5;1;2;291
412440;1356;71;161;68;46;64;63;41;58;58;43;54;28;2111
412450;519;7;12;23;11;11;15;18;10;9;14;10;7;666
412460;842;46;71;31;202;66;35;17;49;43;25;30;10;1467
412470;532;4;6;29;7;6;17;9;12;9;4;13;5;653
412480;845;21;16;31;48;48;64;46;19;13;36;10;9;1206
412490;485;30;7;11;12;4;5;16;26;10;5;4;1;616
412500;789;14;46;40;13;20;16;21;23;10;9;9;2;1012
412510;627;23;16;8;35;114;83;29;26;10;8;18;4;1001
412520;399;14;15;20;13;11;9;30;23;26;13;13;7;593
412530;547;19;19;16;23;12;15;15;25;9;21;7;7;735
412535;318;7;36;9;14;60;9;17;8;4;14;3;6;505
412540;245;4;19;7;10;6;17;5;6;8;4;12;2;345
412545;178;9;1;1;0;7;1;0;1;3;0;2;0;203
412550;29189;1319;1419;1598;1572;1594;1868;1646;1837;1609;1430;1383;1070;47534
412555;128;1;2;2;0;0;4;0;9;2;7;0;0;155
412560;3723;133;112;102;108;233;170;129;143;116;94;130;170;5363
412570;2177;107;96;75;87;142;99;73;84;119;42;72;38;3211
412575;272;8;7;6;10;7;3;38;27;18;2;4;3;405
412580;1599;102;46;82;590;472;177;145;53;86;88;223;51;3714
412590;240;7;3;4;8;5;12;11;8;4;2;2;2;308
412600;611;31;24;13;9;81;45;12;18;42;16;15;7;924
412610;754;13;22;236;442;87;55;36;67;62;38;14;3;1829
412620;315;2;1;11;6;7;16;7;6;8;11;21;5;416
412625;4516;309;230;316;155;184;236;203;249;161;150;182;115;7006
412627;281;7;1;6;19;12;14;10;5;5;4;0;4;368
412630;2539;100;129;149;98;77;84;88;78;95;61;57;34;3589
412635;163;40;33;6;6;7;1;54;13;26;5;6;0;360
412640;827;29;60;69;10;34;9;30;40;47;14;14;6;1189
412650;1788;60;98;138;31;64;103;102;96;44;50;34;32;2640
412660;1779;44;75;80;43;72;52;49;45;56;55;51;28;2429
412665;103;2;1;0;6;13;3;0;1;2;10;0;0;141
412667;350;79;15;19;27;11;26;12;30;13;19;5;13;619
412670;246;2;1;5;7;5;3;7;9;0;3;2;0;290
412680;2434;25;43;147;1551;233;163;139;160;323;87;87;166;5558
412690;278;5;9;2;13;11;6;1;2;11;3;4;3;348
412700;674;26;14;37;19;22;30;78;15;52;16;30;16;1029
412710;10127;442;526;980;584;417;452;405;407;479;809;498;224;16350
412720;1470;39;27;60;41;59;60;66;128;38;57;46;11;2102
412730;1037;18;33;32;31;30;22;30;38;27;19;16;23;1356
412740;1109;58;49;33;25;31;46;44;43;26;16;19;9;1508
412750;1512;45;65;81;49;43;39;59;109;111;69;48;21;2251
412760;607;39;42;27;27;31;78;25;22;37;23;17;15;990
412770;16477;496;835;707;543;465;740;648;639;582;538;637;4240;27547
412780;630;27;10;44;10;22;17;8;45;28;18;7;5;871
412785;195;4;3;9;21;10;6;13;9;8;7;3;3;291
412788;307;18;3;17;31;20;42;12;17;8;3;2;3;483
412790;538;7;9;5;8;21;21;23;12;19;9;4;0;676
412795;511;10;15;14;17;13;13;42;16;13;5;16;4;689
412796;961;30;26;59;36;27;43;42;23;29;17;24;11;1328
412800;1924;42;58;63;31;65;28;28;42;22;19;31;7;2360
412810;12896;372;555;929;562;506;554;433;508;600;565;533;334;19347
412820;8111;373;294;266;272;316;280;292;254;389;300;266;186;11599
412830;183;2;0;1;11;9;3;8;3;2;2;3;0;227
412840;1128;22;37;29;23;86;29;28;34;29;51;20;22;1538
412850;1239;35;79;75;45;72;26;40;42;56;51;37;28;1825
412853;375;12;32;51;35;11;8;17;9;11;4;14;11;590
412855;558;21;33;17;18;8;11;13;12;19;6;6;4;726
412860;364;5;2;2;13;13;21;8;16;14;6;77;18;559
412862;393;11;20;7;6;7;11;9;11;4;6;10;6;501
412863;328;43;39;48;22;23;25;20;11;31;34;11;2;637
412865;217;25;5;7;7;13;10;8;6;9;2;5;2;316
412870;466;76;22;39;30;16;17;15;15;7;9;11;11;734
412880;125;6;14;7;17;4;4;6;10;8;12;4;2;219
420005;124;4;16;2;2;1;0;0;1;0;2;3;0;155
420010;1134;40;131;101;59;66;48;66;49;104;107;59;24;1988
420020;1318;20;81;73;62;48;50;38;36;46;41;52;6;1871
420030;2743;146;170;122;143;157;133;166;232;233;119;154;164;4682
420040;695;36;54;45;28;50;26;23;17;27;18;26;14;1059
420050;187;3;9;8;3;8;13;2;2;1;2;3;6;247
420055;127;3;5;5;1;4;1;0;1;0;3;11;6;167
420060;260;12;34;3;4;3;18;10;12;6;11;7;5;385
420070;384;14;56;36;21;40;15;17;18;17;10;8;2;638
420075;65;10;30;6;3;1;1;0;0;6;1;1;1;125
420080;381;13;43;22;8;22;26;12;11;11;12;2;3;566
420090;300;9;23;13;14;10;7;11;3;4;8;4;9;415
420100;327;13;38;61;17;6;13;9;6;11;4;4;9;518
420110;587;14;34;54;16;9;15;33;16;21;18;14;6;837
420120;635;25;30;139;65;24;9;14;20;21;7;16;18;1023
420125;1447;63;139;111;61;72;55;85;110;68;63;51;5;2330
420127;180;1;8;9;4;0;4;2;5;1;6;3;1;224
420130;1460;86;78;70;66;71;67;73;80;55;49;33;22;2210
420140;5394;384;346;286;221;413;263;247;256;223;261;251;258;8803
420150;759;18;21;28;52;44;26;26;23;30;25;29;11;1092
420160;340;43;20;29;4;16;11;12;8;11;18;13;3;528
420165;73;1;7;0;9;5;1;2;0;0;0;0;0;98
420170;1869;32;64;57;59;29;53;53;57;83;112;56;16;2540
420180;310;7;20;13;11;24;18;15;12;15;15;9;1;470
420190;253;17;47;36;19;35;23;8;15;7;2;7;6;475
420195;182;43;16;9;3;5;7;7;4;15;4;24;44;363
420200;13005;1734;865;792;645;537;496;455;660;704;847;954;2023;23717
420205;210;22;10;14;19;13;16;13;9;5;12;23;19;385
420207;233;17;17;13;3;4;5;9;10;18;6;5;40;380
420208;49;2;1;25;3;5;2;2;0;0;4;2;0;95
420209;10;0;0;0;0;0;1;1;1;0;0;0;0;13
420210;1042;51;75;42;34;22;31;44;50;33;24;36;74;1558
420213;145;7;46;14;17;13;11;4;5;7;6;1;1;277
420215;98;0;14;3;2;1;2;2;1;1;0;0;1;125
420220;1874;43;45;71;71;106;94;66;71;97;54;59;19;2670
420230;3842;271;241;238;158;183;259;250;341;334;216;244;133;6710
420240;66912;2935;4128;3422;2966;3223;2993;2820;2928;3010;2685;2536;1470;102028
420243;75;44;47;13;7;4;9;8;4;2;5;16;3;237
420245;831;199;76;43;21;26;21;38;38;28;35;59;146;1561
420250;288;14;5;12;11;14;4;39;8;8;4;7;0;414
420253;82;1;19;1;1;3;1;3;1;16;3;1;1;133
420257;24;0;20;3;9;2;0;3;1;0;5;0;0;67
420260;970;38;140;38;54;42;77;43;40;33;31;27;22;1555
420270;425;15;10;16;15;15;10;11;6;7;9;3;3;545
420280;3885;136;124;278;257;207;158;211;188;195;173;175;148;6135
420285;608;26;33;16;7;14;21;11;22;8;7;7;3;783
420287;115;27;28;7;0;0;9;4;1;2;6;5;0;204
420290;19420;507;811;764;660;709;659;516;524;704;543;551;273;26641
420300;12632;430;555;669;461;434;407;602;550;463;414;368;252;18237
420310;417;42;44;21;13;11;13;5;12;12;9;10;11;620
420315;254;14;11;12;4;13;1;15;20;9;4;6;0;363
420320;1951;139;139;106;150;90;94;83;66;76;95;106;84;3179
420325;67;32;23;12;5;5;1;2;4;2;0;1;0;154
420330;2559;60;99;69;64;61;54;45;65;87;33;35;13;3244
420340;838;33;107;43;52;28;34;57;52;7;15;12;38;1316
420350;682;21;60;51;32;34;28;34;22;23;12;17;5;1021
420360;3451;120;275;190;115;88;103;176;113;113;152;127;70;5093
420370;983;26;20;44;38;29;30;50;15;57;31;12;10;1345
420380;6677;285;436;425;243;211;183;361;194;195;195;188;178;9771
420390;4602;82;127;132;89;64;71;116;159;68;86;146;71;5813
420395;1609;64;113;79;73;108;93;155;53;264;61;36;38;2746
420400;1060;56;78;46;41;47;46;61;52;51;37;76;25;1676
420410;226;3;7;12;11;5;1;4;3;3;5;0;3;283
420415;97;1;38;10;15;6;3;1;3;2;2;1;0;179
420417;47;1;2;0;1;3;0;0;0;2;1;0;0;57
420419;4;0;0;0;1;1;0;0;1;0;0;101;93;201
420420;25438;982;1258;1325;1077;1080;1079;1083;4220;1035;1059;960;748;41344
420425;2705;101;97;121;106;108;81;70;84;67;77;64;37;3718
420430;12336;409;675;482;349;364;396;532;4669;542;380;392;263;21789
420435;367;19;25;18;7;18;7;5;17;9;11;11;3;517
420440;930;35;44;37;42;28;26;23;48;53;30;36;23;1355
420445;97;0;13;1;0;0;0;1;3;2;0;0;0;117
420450;1998;112;103;96;142;99;72;234;82;106;90;32;48;3214
420455;2329;64;155;83;75;72;130;85;91;74;67;44;71;3340
420460;30818;1274;1575;1751;1455;1580;1357;1275;1360;1494;1302;1304;965;47510
420470;835;39;45;21;47;89;35;32;24;32;22;28;7;1256
420475;40;2;17;0;4;3;0;0;1;0;1;1;1;70
420480;4868;212;183;207;228;296;447;181;202;177;126;470;352;7949
420490;694;30;61;25;32;20;14;26;15;27;12;11;12;979
420500;591;44;70;39;45;34;22;29;11;19;14;17;16;951
420510;380;13;18;26;13;18;12;20;14;22;13;10;2;561
420515;309;7;12;21;21;14;81;13;24;45;15;13;2;577
420517;77;2;6;3;1;1;0;0;2;0;0;1;0;93
420519;94;1;2;17;1;8;6;2;2;4;1;0;1;139
420520;302;12;13;8;8;8;1;8;8;6;6;5;4;389
420530;1914;132;56;71;98;33;62;47;794;48;41;33;53;3382
420535;28;5;22;4;1;5;1;2;2;2;3;0;1;76
420540;165671;4790;4867;4715;3863;4057;4339;3877;4150;3957;4010;3789;4488;216573
420543;92;2;14;3;4;0;2;1;0;2;2;2;2;126
420545;3370;55;140;74;122;63;50;64;99;64;68;82;39;4290
420550;8020;1867;3221;956;445;188;309;239;559;625;703;1564;254;18950
420555;155;2;21;2;3;13;5;1;2;5;1;1;0;211
420560;168;0;5;3;5;4;4;2;2;1;2;5;2;203
420570;895;112;29;17;45;41;16;40;44;49;60;27;94;1469
420580;739;49;63;38;41;50;37;100;92;82;29;27;20;1367
420590;7799;295;496;502;456;487;381;225;316;326;328;255;107;11973
420600;542;32;7;19;9;19;20;25;26;24;70;6;20;819
420610;639;11;11;36;17;21;31;9;23;15;13;10;13;849
420620;1060;37;58;47;62;61;43;69;31;56;42;61;45;1672
420630;1593;40;97;27;74;52;59;41;65;35;30;29;14;2156
420640;846;16;47;30;27;37;26;50;39;15;14;16;8;1171
420650;3501;93;180;215;158;158;141;192;232;180;159;379;129;5717
420660;572;22;59;38;26;16;33;43;31;23;22;15;3;903
420665;1148;38;41;20;24;22;29;28;34;37;32;15;15;1483
420670;2357;84;160;80;90;99;77;56;58;73;66;42;38;3280
420675;23;24;7;3;2;2;2;2;2;2;3;0;0;72
420680;257;6;6;9;9;11;13;7;4;3;6;7;7;345
420690;3491;123;136;179;93;144;122;105;106;70;94;86;21;4770
420700;4524;189;381;208;173;215;215;149;248;203;180;163;179;7027
420710;1180;51;77;47;20;20;28;39;27;52;18;23;8;1590
420720;275;71;114;74;30;93;51;22;15;15;25;17;6;808
420730;3543;109;100;136;91;127;127;93;91;164;107;88;89;4865
420740;229;6;34;1;3;7;4;6;1;4;12;0;1;308
420750;7814;286;333;379;429;456;330;307;320;407;365;286;152;11864
420757;66;4;1;0;4;1;8;1;3;3;7;2;1;101
420760;179;2;21;7;5;11;13;3;10;3;4;4;1;263
420765;427;13;27;18;20;12;14;22;15;11;15;21;8;623
420768;147;24;37;8;13;7;2;0;3;2;6;2;1;252
420770;650;79;55;28;20;34;13;23;21;33;10;9;13;988
420775;224;4;14;12;17;5;13;3;4;0;3;1;0;300
420780;681;88;73;74;34;75;56;73;63;100;52;38;20;1427
420785;76;2;8;7;0;4;0;2;1;3;2;1;0;106
420790;423;12;24;24;6;8;25;12;15;7;9;4;6;575
420800;915;158;196;182;88;194;87;103;137;125;127;41;5;2358
420810;1550;33;100;72;46;57;46;50;27;30;24;19;19;2073
420820;28079;1586;1892;2077;1785;1482;1800;1374;1809;1613;1367;1449;1063;47376
420830;3004;298;210;252;320;310;279;327;254;343;300;394;584;6875
420840;2279;29;50;71;35;28;36;26;34;53;43;37;29;2750
420845;418;29;49;48;15;18;20;20;12;19;14;24;12;698
420850;1693;198;184;130;55;80;73;181;193;71;66;90;115;3129
420860;308;2;17;10;13;14;5;9;13;6;0;0;1;398
420870;561;23;17;20;13;33;34;16;21;66;20;27;6;857
420880;1083;31;63;113;28;77;42;42;70;91;43;36;23;1742
420890;32942;719;1304;1137;1054;1041;818;1441;1307;1265;1192;946;437;45603
420895;74;0;10;3;1;2;2;1;2;2;2;1;2;102
420900;7548;514;376;359;302;294;244;309;260;242;288;271;279;11286
420910;87784;3177;3811;4218;3787;3783;3592;2930;3299;3200;2903;2585;1921;126990
420915;660;26;34;6;11;15;24;3;18;24;13;9;6;849
420917;37;13;12;3;1;4;1;1;1;0;0;0;0;73
420920;205;3;5;8;3;5;2;3;3;4;2;3;0;246
420930;23523;1354;1855;1382;1063;980;958;995;860;858;810;963;594;36195
420940;3717;316;134;209;151;144;131;108;99;108;101;140;371;5729
420945;87;2;0;1;1;1;1;5;6;0;3;3;2;112
420950;582;29;35;23;16;36;28;16;10;11;12;26;6;830
420960;859;29;48;21;26;20;15;17;33;34;95;27;9;1233
420970;593;60;107;18;28;40;24;14;11;24;23;24;26;992
420980;127;2;19;1;5;6;5;3;1;2;1;0;1;173
420985;307;21;19;14;4;21;32;17;17;7;5;4;10;478
420990;836;80;50;31;60;84;55;33;54;55;55;38;16;1447
421000;1247;33;64;38;27;34;46;37;25;34;16;20;4;1625
421003;490;18;14;16;8;10;13;9;21;15;21;6;8;649
421005;122;15;15;6;5;3;3;2;1;6;1;1;1;181
421010;7399;303;351;314;358;254;253;248;261;266;320;240;319;10886
421020;277;11;11;16;8;9;6;7;6;11;4;9;5;380
421030;261;5;19;18;5;4;12;6;8;3;7;6;4;358
421040;590;72;52;61;47;52;26;27;40;35;24;27;57;1110
421050;2869;139;124;121;102;102;74;68;93;113;75;57;60;3997
421055;150;0;13;3;0;2;1;1;3;1;9;5;1;189
421060;1661;15;76;56;29;67;59;46;62;77;70;44;19;2281
421070;327;6;1;19;4;5;8;1;2;4;3;1;0;381
421080;412;7;36;23;16;12;5;19;24;18;28;8;3;611
421085;340;3;26;20;24;20;3;30;3;8;58;17;4;556
421090;463;17;29;35;21;30;9;30;13;9;18;17;15;706
421100;916;20;67;36;28;16;17;16;16;15;12;8;9;1176
421105;1395;44;902;81;108;58;59;42;31;50;24;520;24;3338
421110;522;15;27;29;7;9;33;30;8;27;10;1;6;724
421120;2734;120;185;107;107;147;166;183;127;111;135;155;90;4367
421125;136;2;5;8;6;2;8;3;2;1;4;4;5;186
421130;3762;394;266;418;224;254;203;221;198;197;220;115;122;6594
421140;343;22;18;19;17;16;40;37;17;22;12;27;20;610
421145;104;1;15;5;1;3;6;0;4;3;2;1;0;145
421150;1446;101;103;110;187;140;82;88;101;96;64;94;22;2634
421160;2118;61;143;97;127;120;112;134;110;143;113;71;57;3406
421165;98;1;0;0;1;4;10;0;2;0;3;0;2;121
421170;3472;113;154;170;170;168;103;157;111;121;319;104;86;5248
421175;2985;140;158;374;171;203;77;129;202;201;99;187;104;5030
421180;332;8;42;18;9;9;18;17;13;18;7;11;2;504
421185;176;3;14;2;10;3;6;5;0;5;2;1;0;227
421187;51;1;6;0;1;1;0;2;2;1;1;0;0;66
421189;30;5;10;14;9;14;10;7;5;3;1;0;2;110
421190;6048;413;485;338;359;393;327;317;463;374;350;283;181;10331
421200;818;17;49;25;10;42;7;7;23;15;37;12;9;1071
421205;102;6;50;11;6;5;3;0;1;3;0;5;2;194
421210;1184;95;75;55;25;24;18;26;28;24;44;39;15;1652
421220;1496;32;92;65;69;228;163;39;67;127;29;121;141;2669
421223;147;9;24;14;3;3;5;5;2;2;6;2;1;223
421225;155;21;3;3;21;12;5;8;8;4;4;8;18;270
421227;464;27;49;22;19;8;13;14;20;18;21;12;9;696
421230;1084;83;85;103;67;81;63;70;90;101;65;133;154;2179
421240;302;6;8;9;6;7;10;5;2;3;6;7;0;371
421250;1757;117;61;32;33;46;70;39;55;35;49;53;94;2441
421260;196;8;17;19;7;3;10;4;5;8;7;4;1;289
421270;317;9;36;11;11;4;11;2;4;8;3;4;29;449
421280;1007;72;67;50;44;48;80;85;112;52;40;47;171;1875
421290;1969;121;121;115;108;106;97;125;124;97;64;49;30;3126
421300;411;15;16;14;25;17;6;20;16;5;11;4;7;567
421310;433;62;79;34;33;31;28;26;48;42;37;36;17;906
421315;88;0;12;1;5;1;0;6;7;6;0;0;1;127
421320;5977;130;231;240;210;218;155;156;225;266;232;115;66;8221
421330;725;46;66;39;44;28;50;37;50;23;60;22;10;1200
421335;449;25;39;27;13;13;27;8;21;23;35;14;2;696
421340;1207;107;123;45;80;59;53;57;68;71;86;50;32;2038
421350;874;76;25;126;31;46;21;13;18;27;29;30;77;1393
421360;3429;142;227;166;119;165;74;118;109;84;83;102;64;4882
421370;1039;36;84;57;32;47;41;44;57;33;22;68;21;1581
421380;658;29;25;46;31;22;32;15;7;10;109;41;87;1112
421390;98;0;17;1;7;3;2;2;3;2;0;3;1;139
421400;2961;122;197;149;144;181;116;117;109;141;87;56;31;4411
421410;98;1;13;3;7;4;7;1;0;0;0;0;1;135
421415;55;5;24;6;0;7;6;4;2;2;2;2;0;115
421420;545;12;57;23;13;10;28;16;30;11;18;6;5;774
421430;728;57;24;53;29;44;29;28;32;27;19;8;25;1103
421440;404;17;43;36;30;27;28;16;21;17;22;12;16;689
421450;504;21;38;30;39;11;25;17;33;28;40;24;32;842
421460;641;23;24;40;32;21;33;15;14;42;32;29;13;959
421470;1588;67;103;85;51;101;52;31;71;69;55;26;16;2315
421480;11500;442;587;619;433;411;387;478;418;404;356;354;248;16637
421490;303;5;11;5;6;7;9;7;3;1;4;3;3;367
421500;8123;282;354;345;308;303;318;203;236;320;305;260;140;11497
421505;93;6;0;0;1;2;1;1;0;17;1;1;1;124
421507;173;6;16;12;3;8;5;7;3;3;2;1;0;239
421510;2531;60;67;112;88;92;71;130;143;65;85;76;42;3562
421520;245;5;19;93;17;7;9;7;4;5;3;0;2;416
421530;1114;97;37;47;87;70;26;86;25;47;37;29;44;1746
421535;33;19;21;4;6;0;3;5;0;1;0;0;0;92
421540;806;13;7;14;21;19;36;26;44;14;15;9;4;1028
421545;747;79;63;67;113;61;59;42;40;42;77;98;35;1523
421550;1935;127;123;105;74;158;113;124;110;53;83;88;41;3134
421555;140;6;9;2;2;2;8;6;9;4;2;2;1;193
421560;130;1;17;3;2;4;9;1;4;13;3;3;1;191
421565;225;45;50;13;5;4;5;1;4;7;7;6;4;376
421567;146;53;3;9;4;5;4;9;1;6;1;2;0;243
421568;12;12;20;6;2;2;4;1;1;2;4;2;0;68
421569;26;4;17;2;3;0;3;1;4;0;0;0;0;60
421570;1540;56;118;56;64;77;50;48;63;48;32;25;24;2201
421575;39;12;35;0;4;1;1;5;0;2;0;0;0;99
421580;16954;451;640;740;577;505;562;460;533;502;529;499;338;23290
421590;199;0;7;2;7;5;6;5;3;5;0;1;1;241
421600;761;40;75;45;36;34;27;43;34;51;45;40;32;1263
421605;567;37;34;21;31;29;33;60;21;21;17;23;9;903
421610;861;18;42;52;37;24;23;25;21;13;19;13;12;1160
421620;3836;150;107;157;95;77;97;113;100;113;99;215;202;5361
421625;313;14;24;11;10;8;8;52;9;25;5;5;0;484
421630;1962;28;134;155;144;72;85;55;302;268;70;78;35;3388
421635;151;5;21;6;3;4;4;1;5;5;5;5;2;217
421640;209;4;41;11;11;10;6;6;7;2;2;4;1;314
421650;3048;100;491;462;232;99;124;105;165;151;510;270;54;5811
421660;26914;1739;1812;1751;1526;1645;1303;1353;1784;1462;1408;1793;1141;45631
421670;1373;39;62;54;78;65;27;53;54;58;51;34;30;1978
421680;415;16;22;24;11;9;12;67;34;11;44;36;12;713
421690;2815;103;155;125;90;107;94;94;95;66;57;48;25;3874
421700;1729;42;104;87;57;80;87;53;79;123;204;97;96;2838
421710;165;3;4;4;9;3;0;10;7;7;5;0;3;220
421715;59;0;11;2;0;1;2;1;1;2;0;2;0;81
421720;5066;148;248;181;144;118;197;220;189;132;179;129;66;7017
421725;141;16;28;9;18;7;8;4;4;3;4;4;3;249
421730;1149;51;48;40;29;52;71;45;17;68;41;8;5;1624
421740;1462;40;57;38;59;70;28;35;57;43;37;28;11;1965
421750;3874;45;198;55;232;46;36;56;58;53;38;61;14;4766
421755;263;2;6;7;13;5;2;3;8;3;3;3;0;318
421760;1651;60;85;152;146;70;79;67;85;81;72;64;19;2631
421770;2789;155;157;120;131;127;91;170;204;192;226;337;149;4848
421775;89;0;9;1;1;10;0;0;1;7;0;0;1;119
421780;2273;95;74;98;110;63;85;75;58;74;141;83;21;3250
421790;1024;25;46;21;34;44;50;28;29;21;29;24;28;1403
421795;31;0;20;0;1;1;0;0;0;0;0;0;0;53
421800;4201;261;282;270;190;127;160;146;145;122;133;94;95;6226
421810;353;8;51;6;5;11;10;4;13;10;3;7;9;490
421820;7917;153;366;343;271;360;280;233;292;289;245;254;91;11094
421825;571;11;69;15;12;13;23;15;8;10;24;21;1;793
421830;2398;135;242;91;56;258;91;92;70;73;35;105;141;3787
421835;164;5;14;3;6;6;2;4;6;4;15;5;0;234
421840;723;19;40;43;37;62;27;32;49;31;45;26;18;1152
421850;647;15;18;21;23;14;15;28;15;28;18;21;14;877
421860;905;28;38;42;25;27;56;25;23;12;19;19;14;1233
421870;16481;731;1141;901;783;748;671;705;1200;785;695;634;462;25937
421875;264;7;8;7;3;3;18;5;3;12;7;10;6;353
421880;1055;85;98;59;49;57;58;72;47;36;60;48;20;1744
421885;133;5;18;4;5;0;10;5;5;5;7;1;1;199
421890;554;10;40;8;46;23;24;23;22;10;20;17;2;799
421895;144;5;7;1;3;3;5;3;1;3;5;1;0;181
421900;3131;90;85;123;95;83;77;74;72;69;77;79;51;4106
421910;311;9;11;8;23;16;16;17;14;16;8;19;9;477
421915;167;9;18;20;13;5;12;5;6;11;5;7;4;282
421917;1394;55;62;43;35;42;43;38;34;53;64;44;19;1926
421920;312;56;36;26;8;12;7;17;11;9;11;14;5;524
421930;9555;551;587;339;317;331;400;324;329;337;237;298;192;13797
421935;242;9;41;8;6;7;10;10;11;7;8;7;2;368
421940;290;0;6;11;3;3;0;2;13;14;10;9;2;363
421950;6028;265;255;232;285;142;146;208;198;242;221;167;94;8483
421960;187;4;25;5;0;5;6;3;4;4;6;4;3;256
421970;3692;69;133;148;115;141;78;121;97;80;113;103;98;4988
421985;129;5;9;7;0;9;2;3;2;5;0;0;0;171
430005;175;21;10;6;8;5;4;5;14;5;6;3;5;267
430010;1254;45;31;62;33;27;40;53;34;72;67;74;34;1826
430020;535;13;9;19;6;16;8;18;16;7;14;11;8;680
430030;352;6;8;1;5;9;6;4;6;7;8;5;6;423
430040;8873;281;273;573;294;263;254;323;344;357;359;327;263;12784
430045;220;7;3;3;2;0;2;6;5;2;2;9;1;262
430050;348;10;6;18;9;6;3;12;8;1;9;5;2;437
430055;146;0;6;12;7;2;5;5;3;4;7;3;0;200
430057;213;98;16;21;17;23;27;12;11;10;11;10;15;484
430060;5982;386;340;436;341;299;466;413;447;342;315;325;267;10359
430063;184;1;2;30;7;4;6;7;2;1;6;3;0;253
430064;215;6;1;7;4;12;2;8;3;8;6;2;5;279
430066;209;4;11;4;6;1;6;2;6;1;3;16;2;271
430070;587;23;6;38;21;35;23;16;15;15;26;9;9;823
430080;1990;77;48;100;72;95;52;73;81;59;75;63;27;2812
430085;259;7;4;24;8;3;6;5;9;7;12;9;13;366
430087;773;66;62;71;32;7;10;18;54;80;32;53;17;1275
430090;2067;497;315;189;132;210;219;192;142;290;304;128;160;4845
430100;3835;104;258;164;181;138;166;208;184;153;138;152;80;5761
430105;458;287;47;18;9;24;42;12;9;5;8;9;66;994
430110;1294;82;50;84;71;37;49;47;44;30;109;75;28;2000
430120;1051;27;21;63;68;35;56;19;71;40;30;28;14;1523
430130;1819;77;62;203;111;66;51;45;68;90;134;58;59;2843
430140;696;17;14;48;35;31;19;16;22;8;13;18;14;951
430150;518;11;7;30;29;11;11;15;13;14;14;19;11;703
430155;234;1;11;15;5;7;0;5;4;1;6;3;13;305
430160;12803;382;355;454;406;346;287;372;515;612;370;409;397;17708
430163;257;109;14;90;14;42;15;8;20;15;30;14;36;664
430165;657;13;18;33;11;14;32;10;25;12;22;8;4;859
430170;431;26;15;20;7;15;22;13;5;6;12;10;7;589
430175;111;2;1;30;3;3;2;0;4;0;1;2;0;159
430180;344;5;8;12;24;4;6;9;8;14;3;10;3;450
430185;106;2;1;80;0;1;1;2;7;1;0;1;0;202
430187;197;8;5;18;15;3;4;76;13;5;11;9;5;369
430190;1366;66;59;74;56;58;67;30;62;62;45;51;72;2068
430192;86;5;1;1;1;2;4;0;1;0;2;0;0;103
430195;421;27;12;22;15;19;9;4;8;13;20;27;10;607
430200;418;7;11;12;15;10;7;11;6;3;10;2;5;517
430205;51;0;0;0;0;0;2;0;0;0;0;0;1;54
430210;23773;783;832;1005;976;796;869;893;765;712;692;617;449;33162
430215;169;6;2;7;11;3;2;10;8;4;9;2;6;239
430220;584;40;18;32;32;15;11;30;13;15;15;9;6;820
430225;141;8;12;9;3;2;6;5;2;4;2;4;2;200
430230;1335;117;56;138;227;56;36;50;27;39;169;112;35;2397
430235;2070;72;66;124;70;77;68;59;64;74;63;55;38;2900
430237;198;4;7;97;2;19;1;1;8;4;4;3;1;349
430240;2737;41;43;110;228;102;48;45;62;107;153;124;42;3842
430245;277;4;3;29;29;12;6;4;1;4;4;5;4;382
430250;708;18;22;40;41;10;16;23;8;21;22;21;11;961
430260;257;6;1;10;56;4;2;0;2;2;3;2;4;349
430265;595;10;8;31;31;14;10;8;15;28;17;11;14;792
430270;2592;106;105;128;114;165;92;84;294;173;108;104;108;4173
430280;3367;64;67;267;205;142;144;103;74;81;88;57;48;4707
430290;1110;25;36;104;70;81;35;32;30;27;43;55;24;1672
430300;10134;296;288;571;371;369;290;267;281;337;247;276;231;13958
430310;15723;1111;825;1047;1177;947;857;1087;938;956;972;822;1012;27474
430320;191;1;1;1;10;0;1;1;3;4;1;0;3;217
430330;593;23;19;33;28;15;13;13;11;13;15;6;4;786
430340;206;4;5;1;7;3;0;7;2;3;0;3;4;245
430350;6333;193;139;602;215;285;243;240;232;228;202;199;139;9250
430355;98;0;2;3;5;1;3;0;2;4;6;1;3;128
430360;766;40;24;73;25;23;48;42;34;35;23;20;7;1160
430367;228;8;7;2;6;10;3;3;5;4;7;7;4;294
430370;362;8;6;17;21;9;28;23;5;16;17;4;8;524
430380;555;4;16;10;22;6;22;3;10;10;9;6;4;677
430390;17956;719;948;901;726;876;764;1294;721;851;815;689;342;27602
430400;518;30;35;192;93;75;60;115;42;41;24;51;3;1279
430410;218;4;1;29;21;4;17;8;2;8;16;3;1;332
430420;2041;80;87;79;87;51;51;40;77;114;51;63;64;2885
430430;482;11;17;15;6;10;15;8;14;6;13;6;5;608
430435;1404;44;52;46;37;40;40;49;58;40;38;56;17;1921
430440;4936;237;246;243;256;284;272;238;232;252;192;367;136;7891
430450;2980;96;59;209;172;118;105;114;115;111;150;249;196;4674
430460;46772;2077;1957;2795;2538;2490;2158;2593;2402;2126;2243;2170;1527;73848
430463;3939;1226;278;134;241;146;136;110;200;234;192;242;701;7779
430466;1363;45;32;160;84;55;40;36;42;42;51;40;49;2039
430467;383;28;9;17;22;18;13;22;35;40;23;35;18;663
430468;717;22;23;43;65;33;38;15;19;19;20;11;2;1027
430469;406;11;14;19;8;10;16;8;6;18;13;17;4;550
430470;8996;329;330;368;423;392;299;264;228;304;304;302;223;12762
430471;422;4;2;12;3;1;0;5;2;4;3;152;2;612
430480;5182;64;158;164;188;471;149;110;136;109;117;105;108;7061
430485;82;1;2;2;0;0;3;0;2;2;4;0;1;99
430490;1082;64;49;102;83;133;75;79;80;36;50;36;11;1880
430495;193;5;0;6;3;10;18;19;7;8;17;10;7;303
430500;739;29;26;38;78;36;32;27;64;32;19;9;8;1137
430510;87651;2852;3978;4311;3614;3342;3216;4810;3068;3105;3012;2624;2009;127592
430511;103;2;0;1;2;2;1;4;1;3;1;3;0;123
430512;349;21;11;24;16;8;5;5;14;12;9;11;5;490
430513;235;3;5;20;11;7;9;4;7;5;6;3;4;319
430515;104;3;0;3;3;0;4;13;1;2;0;1;0;134
430517;194;6;5;60;14;4;6;3;9;6;4;2;4;317
430520;1569;28;45;82;96;49;51;45;74;32;40;36;23;2170
430530;981;25;25;90;76;37;54;62;51;32;29;29;27;1518
430535;3808;198;133;213;232;184;161;166;159;113;145;138;112;5762
430537;127;4;2;10;2;2;2;1;5;2;3;0;3;163
430540;379;13;5;12;13;3;20;47;32;14;19;10;7;574
430543;590;41;30;23;13;30;11;24;22;25;58;71;26;964
430544;31;32;7;31;9;7;2;3;5;3;3;0;0;133
430545;1045;222;69;31;43;47;35;21;34;30;33;53;185;1848
430550;235;11;10;16;22;12;7;14;15;8;10;6;2;368
430558;76;6;3;0;0;13;69;1;10;3;3;22;3;209
430560;402;5;29;10;22;9;5;3;3;9;22;3;4;526
430570;764;25;42;35;48;17;24;15;35;35;13;22;12;1087
430580;670;19;40;89;42;21;79;53;36;25;21;47;24;1166
430585;97;3;3;7;10;2;3;3;10;9;6;2;1;156
430587;136;4;5;15;2;1;4;3;4;1;3;1;1;180
430590;483;13;10;167;17;16;17;20;8;12;9;6;10;788
430595;442;37;13;30;18;12;26;43;27;20;3;11;4;686
430597;290;25;26;10;23;9;11;1;6;12;13;12;3;441
430600;1487;18;11;109;57;35;56;36;20;32;26;15;12;1914
430605;1036;26;55;46;75;74;45;59;74;61;26;28;16;1621
430607;100;18;4;8;5;4;1;5;6;0;0;0;0;151
430610;7634;368;246;465;304;338;262;257;302;246;277;231;165;11095
430620;1024;54;15;31;43;34;38;36;30;29;17;23;18;1392
430630;210;1;3;5;4;5;6;7;3;12;3;3;5;267
430632;154;0;0;49;3;5;2;2;2;2;0;2;1;222
430635;130;3;0;1;5;1;4;1;1;0;1;1;0;148
430637;101;7;10;39;7;9;2;7;3;2;1;5;3;196
430640;8390;280;249;446;348;400;305;260;229;345;286;210;208;11956
430642;143;3;2;64;7;6;3;4;2;1;3;0;3;241
430645;181;2;4;7;11;1;3;11;6;6;0;0;6;238
430650;316;7;6;10;5;8;4;9;3;2;3;5;0;378
430655;97;3;1;14;5;2;1;2;2;3;3;2;2;137
430660;4428;116;241;362;138;153;99;107;167;193;191;189;125;6509
430670;239;2;4;4;0;3;2;9;6;5;3;3;1;281
430673;304;10;9;7;5;5;15;7;6;10;7;9;6;400
430675;38;1;1;3;0;13;1;1;4;1;0;0;0;63
430676;8162;303;222;391;250;339;458;299;336;272;447;376;163;12018
430680;4393;154;158;273;155;247;173;232;378;202;170;157;151;6843
430690;2000;116;77;141;105;122;75;100;75;70;105;35;36;3057
430692;86;3;3;2;6;1;0;1;0;0;0;1;1;104
430693;756;50;17;62;36;43;13;26;17;28;21;23;4;1096
430695;255;2;5;10;1;9;7;12;8;3;5;5;4;326
430697;310;7;3;10;8;7;0;3;6;4;4;7;2;371
430700;18227;848;746;951;918;850;884;1037;1002;870;675;578;455;28041
430705;315;6;6;30;11;13;4;8;8;8;6;3;7;425
430710;635;16;21;89;15;12;24;24;11;29;16;15;23;930
430720;204;5;1;15;4;1;5;3;8;2;0;2;1;251
430730;438;6;6;57;27;21;13;5;9;18;5;29;10;644
430740;287;9;9;19;9;5;15;4;10;2;2;9;10;390
430745;94;3;1;39;4;0;1;1;0;0;0;1;0;144
430750;1488;117;67;142;115;50;55;75;44;64;47;59;25;2348
430755;1307;42;39;29;33;54;64;21;25;24;52;165;7;1862
430760;8150;238;413;561;510;308;280;220;258;281;345;274;145;11983
430770;12455;617;456;660;1339;640;640;571;603;659;594;496;386;20116
430780;5673;347;347;377;555;307;284;318;332;346;345;309;221;9761
430781;125;1;2;11;6;7;4;2;1;3;1;2;1;166
430783;156;4;2;14;12;4;1;3;1;12;8;6;2;225
430786;206;7;0;14;17;28;11;1;8;3;8;5;16;324
430790;12979;384;391;595;476;804;376;349;439;463;433;868;201;18758
430800;651;10;15;17;26;12;24;15;10;19;20;13;7;839
430805;143;1;1;7;0;3;1;3;1;2;1;1;0;164
430807;179;12;31;15;16;26;19;18;22;8;8;9;6;369
430810;3227;78;50;203;158;108;107;100;55;53;63;53;53;4308
430820;4184;167;134;248;202;184;204;148;139;159;130;135;82;6116
430825;67;0;0;5;2;3;2;3;2;0;1;1;1;87
430830;654;22;15;44;53;32;11;11;23;29;24;8;15;941
430840;464;7;14;13;28;8;10;7;12;6;10;6;5;590
430845;601;15;6;27;48;14;16;12;16;11;21;11;5;803
430850;3151;125;104;191;192;154;184;147;140;112;155;117;79;4851
430860;7071;296;291;294;271;255;294;224;343;435;273;255;169;10471
430865;145;2;2;27;0;4;2;3;4;0;3;1;0;193
430870;468;6;7;17;16;8;5;8;12;6;7;8;5;573
430880;507;9;13;22;17;32;28;37;13;9;20;17;10;734
430885;77;5;3;9;3;17;7;7;6;1;4;0;0;139
430890;2068;73;58;81;73;75;89;67;52;61;43;66;43;2849
430900;1564;39;38;143;71;34;53;47;35;39;43;46;16;2168
430905;1981;94;85;95;76;82;127;143;127;124;202;183;164;3483
430910;7403;334;236;377;340;367;338;324;341;299;275;260;238;11132
430912;110;2;0;1;4;2;1;0;1;0;0;1;0;122
430915;101;2;4;10;1;2;1;2;1;5;3;1;2;135
430920;23852;1104;781;1189;1065;1068;916;856;940;990;854;811;786;35212
430925;107;0;2;4;3;5;17;2;3;3;0;5;1;152
430930;10852;464;381;461;478;376;421;500;634;424;510;428;262;16191
430940;4509;202;190;221;262;226;203;166;162;154;165;138;70;6668
430950;928;31;28;74;47;23;23;18;40;31;33;23;13;1312
430955;477;7;4;9;10;12;8;2;16;16;12;5;4;582
430957;64;16;16;4;2;1;7;2;1;1;2;2;1;119
430960;3371;81;133;90;79;60;99;78;77;87;65;53;49;4322
430965;462;62;14;26;20;32;11;19;9;6;17;7;37;722
430970;612;11;25;33;22;16;9;14;15;10;6;2;3;778
430975;249;10;6;31;15;8;6;8;6;4;2;5;3;353
430980;374;11;8;13;7;5;13;11;7;2;6;7;4;468
430990;503;28;11;61;17;11;23;11;23;18;4;10;10;730
430995;215;5;1;7;4;6;5;3;1;2;2;0;0;251
431000;2128;85;70;104;113;85;61;122;98;99;178;79;49;3271
431010;7636;249;313;533;858;509;291;305;730;603;353;194;71;12645
431020;11833;424;347;631;599;391;375;426;363;377;385;417;321;16889
431030;274;8;14;21;14;16;7;8;14;6;2;2;0;386
431033;920;367;45;42;44;39;33;61;60;94;73;100;178;2056
431036;474;7;8;39;56;55;16;11;18;10;12;5;2;713
431040;565;22;25;54;34;23;30;14;20;17;23;11;11;849
431041;134;0;1;28;7;9;1;6;3;3;0;0;1;193
431043;510;3;22;39;33;25;67;62;33;25;25;35;40;919
431046;157;3;1;18;3;3;2;2;1;0;3;4;0;197
431050;476;33;14;17;9;26;14;18;25;11;11;7;10;671
431053;164;13;3;63;7;10;7;23;53;51;97;69;13;573
431055;213;4;2;23;3;5;5;7;1;3;2;4;1;273
431057;88;13;0;23;1;1;0;2;0;0;3;2;0;133
431060;4929;216;147;269;162;101;96;279;158;169;218;178;105;7027
431070;250;2;5;6;13;15;2;0;3;3;0;1;1;301
431075;120;0;4;1;0;7;0;4;1;4;2;1;2;146
431080;4869;91;95;129;192;305;213;139;187;144;103;95;74;6636
431085;153;3;3;1;1;1;0;1;1;1;0;1;0;166
431090;348;7;6;21;36;15;12;3;11;6;2;4;2;473
431100;3155;130;77;300;88;75;57;88;72;84;141;112;107;4486
431110;875;21;11;26;13;14;14;15;29;6;17;47;23;1111
431112;431;25;15;17;49;22;21;38;21;29;7;10;9;694
431113;171;38;11;22;30;10;18;25;36;18;7;8;2;396
431115;464;16;3;58;26;4;9;11;6;3;12;5;4;621
431120;1725;141;39;159;87;103;55;187;81;61;92;66;25;2821
431125;166;3;2;35;6;2;1;1;5;6;1;1;2;231
431127;124;3;8;9;6;3;1;2;8;6;11;4;5;190
431130;3512;166;188;202;198;156;177;143;167;126;155;164;103;5457
431140;15192;597;604;715;557;601;598;610;613;614;616;704;402;22423
431142;81;5;3;0;2;0;0;1;9;0;2;1;0;104
431150;751;41;10;23;26;20;20;25;11;18;12;14;10;981
431160;224;5;1;10;11;7;10;6;2;4;1;4;2;287
431162;1083;39;28;64;89;68;51;31;71;107;107;82;87;1907
431164;57;18;2;0;2;3;1;4;0;1;1;2;2;93
431170;238;7;2;7;9;1;3;2;1;4;7;8;4;293
431171;127;13;16;23;5;4;9;13;10;5;8;3;7;243
431173;37;29;1;15;4;1;4;2;1;3;4;1;2;104
431175;396;22;6;34;29;15;14;9;33;21;19;14;12;624
431177;362;20;9;13;6;37;6;17;10;10;15;6;8;519
431179;137;8;13;7;16;11;7;8;5;4;2;22;15;255
431180;6228;273;255;353;304;502;269;168;218;145;204;146;161;9226
431190;440;15;8;22;13;11;20;28;12;10;15;24;7;625
431198;96;2;6;2;1;0;3;2;8;1;7;3;2;133
431200;154;0;0;4;0;2;2;16;0;0;2;4;0;184
431205;185;25;11;18;9;9;10;11;6;4;3;3;2;296
431210;245;0;15;12;2;6;9;13;12;4;9;7;1;335
431213;158;11;3;3;6;2;3;42;11;6;5;2;36;288
431215;545;17;7;36;23;24;41;10;3;11;7;4;3;731
431220;294;5;10;25;12;11;17;5;7;5;10;12;0;413
431225;544;11;7;22;10;20;28;19;25;6;10;5;5;712
431230;197;5;14;46;21;11;8;18;2;3;2;2;1;330
431235;85;5;0;6;1;3;4;2;1;1;0;0;0;108
431237;52;1;1;4;2;18;5;6;4;0;6;3;1;103
431238;89;3;0;11;3;3;0;1;5;7;2;1;0;125
431240;8494;369;347;412;530;409;490;545;490;380;393;412;343;13614
431242;6171;17;16;290;76;76;111;74;26;133;33;6;13;7042
431244;8;0;0;3;1;5;2;1;2;0;3;2;1;28
431245;1093;21;4;11;13;18;10;10;3;17;277;341;146;1964
431247;959;25;10;52;32;35;37;19;22;29;23;27;14;1284
431250;1147;26;12;111;44;14;14;27;54;58;114;31;31;1683
431260;906;52;59;28;20;34;18;10;13;20;48;23;11;1242
431261;118;1;3;7;5;2;4;2;6;5;9;37;5;204
431262;64;2;1;20;5;0;0;3;0;1;3;1;4;104
431265;2863;90;130;187;146;75;58;58;67;68;106;119;89;4056
431267;83;3;0;17;9;4;3;4;1;3;7;0;1;135
431270;944;22;23;70;54;30;25;29;25;12;23;21;19;1297
431275;148;9;3;5;16;7;3;10;4;4;8;2;1;220
431280;392;27;33;23;5;28;18;15;18;21;13;2;8;603
431290;1782;153;65;117;156;137;107;106;121;102;62;110;25;3043
431295;209;4;2;9;11;9;8;39;6;12;3;0;7;319
431300;215;15;9;7;4;4;2;6;10;6;2;1;3;284
431301;63;5;8;22;5;2;5;5;7;23;4;2;1;152
431303;780;55;67;75;778;66;27;11;25;133;67;53;43;2180
431306;5416;103;239;490;313;197;183;146;91;207;152;195;55;7787
431308;97;3;1;15;0;1;2;1;0;3;2;1;0;126
431310;497;18;9;31;43;33;33;10;16;25;7;25;16;763
431320;4189;96;116;137;251;204;96;109;234;150;153;99;61;5895
431330;3877;114;217;199;200;195;156;143;150;132;130;115;60;5688
431333;96;2;2;5;4;0;7;7;15;6;4;0;2;150
431335;377;12;15;16;8;8;10;10;12;7;4;5;2;486
431337;1585;417;45;128;47;59;78;82;80;210;57;53;33;2874
431339;99;12;8;17;5;2;3;2;5;5;1;2;0;161
431340;52683;2331;2094;2948;2995;2442;2334;2312;2616;2674;2571;2662;1278;81940
431342;144;12;6;5;10;0;6;0;1;1;4;1;0;190
431344;91;0;1;9;2;2;1;0;0;1;0;0;0;107
431349;231;6;2;7;5;11;10;7;2;25;7;8;10;331
431350;6637;378;226;365;183;248;294;256;216;278;272;298;451;10102
431360;115;2;0;2;1;3;0;0;7;0;1;3;2;136
431365;1123;86;32;68;61;35;52;70;42;70;58;56;115;1868
431370;3606;126;120;202;156;87;121;178;139;121;171;138;83;5248
431380;364;9;13;30;19;20;37;27;26;44;29;8;19;645
431390;6720;244;342;426;274;213;240;338;315;276;298;323;151;10160
431395;1262;21;25;84;61;53;42;42;22;38;43;50;27;1770
431400;851;26;21;32;40;57;106;95;45;27;20;28;19;1367
431402;425;7;4;6;10;8;6;17;7;19;4;9;3;525
431403;195;4;9;16;4;3;2;5;7;5;11;14;3;278
431405;11439;210;236;474;503;279;397;287;479;431;368;374;108;15585
431406;67;3;6;26;3;1;4;4;5;1;1;3;8;132
431407;189;5;4;22;7;13;6;20;6;7;5;4;0;288
431410;28777;1120;1110;1324;1395;1153;1103;967;1090;955;969;1010;756;41729
431415;326;15;9;31;4;31;7;26;24;49;250;117;41;930
431420;732;16;21;36;19;38;13;13;18;24;25;31;33;1019
431430;276;7;7;7;15;8;8;8;7;6;16;11;3;379
431440;43985;1690;1583;2459;2022;1525;1566;1637;1519;1578;1746;2292;2399;66001
431442;1799;40;43;183;93;24;47;38;43;107;70;27;13;2527
431445;212;14;1;6;11;2;2;18;3;2;3;8;18;300
431447;270;8;6;11;7;4;5;3;5;0;0;1;0;320
431449;121;3;0;11;8;4;4;4;6;2;1;1;0;165
431450;1333;32;25;77;46;26;33;37;35;24;27;25;40;1760
431455;163;1;3;14;10;1;1;3;1;0;2;1;1;201
431460;1857;445;44;90;67;130;202;90;127;100;91;94;234;3571
431470;644;19;10;59;23;20;16;10;16;28;20;10;13;888
431475;115;4;3;5;4;3;1;5;3;12;1;3;1;160
431477;215;2;6;7;18;8;6;2;6;13;6;5;4;298
431478;81;3;0;0;0;0;2;0;5;0;1;1;1;94
431480;4241;132;174;270;224;251;209;181;123;163;139;158;81;6346
431490;527380;16634;13865;21915;18119;16809;16281;16942;18353;17082;16287;16690;13764;730121
431500;560;11;12;49;18;10;34;30;17;33;9;13;9;805
431505;128;3;0;9;6;0;3;3;4;2;3;2;1;164
431507;103;2;1;1;5;1;0;1;0;0;1;0;0;115
431510;715;50;204;170;125;89;69;28;62;25;19;11;13;1580
431513;104;4;3;15;0;5;5;1;6;2;2;0;1;148
431514;407;6;6;13;6;6;7;19;10;2;9;2;3;496
431515;244;7;12;14;5;1;5;3;16;5;7;1;6;326
431517;226;4;1;8;1;12;21;6;9;3;8;2;2;303
431520;261;5;11;22;9;4;4;4;12;2;9;4;3;350
431530;1406;46;39;60;59;66;57;52;58;66;58;49;88;2104
431532;139;2;1;3;3;3;3;2;1;1;2;3;1;164
431535;269;3;11;19;5;7;19;14;3;9;20;8;5;392
431540;286;1;0;132;5;5;6;3;26;48;3;4;0;519
431545;95;3;1;21;2;4;1;3;1;0;3;3;0;137
431550;1480;127;25;72;94;135;78;62;54;48;51;67;25;2318
431555;139;1;1;18;7;2;2;17;0;0;5;0;0;192
431560;26746;1265;712;1011;878;792;820;809;778;734;836;912;812;37105
431570;3512;137;96;245;260;106;102;144;103;178;111;110;79;5183
431575;754;17;7;35;11;21;297;41;68;37;30;9;2;1329
431580;1947;86;61;150;146;48;48;51;205;139;84;19;17;3001
431590;535;12;18;17;27;21;20;20;14;13;22;13;9;741
431600;4346;128;126;185;401;350;204;122;290;367;231;231;126;7107
431610;543;14;10;30;24;25;20;13;19;15;31;11;6;761
431620;255;6;12;10;28;4;11;10;12;7;10;6;1;372
431630;430;13;5;10;24;6;8;17;8;10;9;4;2;546
431640;3497;169;113;178;200;117;114;104;128;146;203;185;144;5298
431642;83;1;0;3;12;1;1;2;1;0;1;2;1;108
431643;342;5;2;7;6;7;9;4;5;1;3;3;3;397
431645;434;20;10;27;22;9;72;33;28;32;25;13;6;731
431647;247;6;4;12;5;0;4;1;7;2;9;7;3;307
431650;1450;132;95;87;121;100;89;77;77;79;61;80;71;2519
431660;1765;38;38;62;37;33;49;45;31;34;20;39;22;2213
431670;1239;34;29;66;64;33;32;29;35;39;32;17;16;1665
431675;1613;62;22;61;107;88;50;17;41;69;97;83;21;2331
431680;23713;3210;3281;1585;1119;886;1022;961;1108;1249;1183;1209;1020;41546
431690;31198;1448;1191;1591;1354;1346;1439;1448;1302;1337;1320;1484;1308;47766
431695;922;8;9;37;83;25;12;38;19;13;39;23;11;1239
431700;498;11;5;81;19;1;14;26;12;5;12;8;8;700
431710;9989;344;268;483;409;384;445;303;246;347;299;353;276;14146
431720;10562;491;344;440;388;397;270;308;280;297;331;329;309;14746
431725;167;6;7;8;8;3;5;8;4;14;0;1;0;231
431730;4370;188;125;755;126;68;114;147;216;297;399;200;181;7186
431740;4511;218;151;241;269;184;177;169;178;162;171;142;139;6712
431750;9168;333;240;526;353;318;286;275;367;331;364;287;237;13085
431755;162;0;1;13;10;8;1;9;6;2;1;0;0;213
431760;4014;206;167;203;196;133;177;420;183;218;173;215;158;6463
431770;752;14;15;77;29;19;52;8;24;23;15;9;10;1047
431775;169;5;14;21;8;15;2;2;1;4;6;4;0;251
431780;1636;109;52;173;102;63;61;63;57;57;46;48;25;2492
431790;1837;78;59;67;88;99;91;81;63;67;57;42;35;2664
431795;91;3;3;0;9;1;0;1;0;1;1;0;0;110
431800;6266;273;211;357;223;154;230;203;211;249;219;216;124;8936
431805;306;10;12;31;11;8;32;29;17;5;20;16;21;518
431810;1984;77;54;165;75;89;51;62;47;54;41;50;27;2776
431820;2843;156;115;146;138;84;114;145;96;74;84;71;45;4111
431830;5809;544;225;304;259;195;171;153;194;183;190;187;170;8584
431840;1994;79;95;131;57;63;61;65;70;68;76;62;41;2862
431842;216;5;8;9;7;5;2;8;7;6;4;2;3;282
431843;181;3;4;5;4;5;2;8;2;4;9;5;0;232
431844;384;35;5;34;30;34;49;33;2;1;6;2;2;617
431845;87;0;1;1;6;1;2;0;9;6;0;5;3;121
431846;171;3;2;6;3;23;14;4;6;3;0;3;2;240
431848;620;11;15;14;4;2;3;4;19;5;11;7;9;724
431849;172;11;4;11;2;13;4;6;6;13;5;2;2;251
431850;848;72;68;69;28;33;25;36;31;36;39;23;28;1336
431860;722;16;14;20;40;11;12;14;22;11;19;15;4;920
431862;282;19;5;42;58;21;18;8;15;6;49;46;5;574
431870;31166;1096;1043;1338;1300;1253;1237;1426;1365;1282;1072;1017;809;45404
431880;3120;129;75;143;183;117;84;80;81;112;84;106;122;4436
431890;3454;100;99;164;189;117;98;100;122;77;114;70;68;4772
431900;4236;158;122;172;159;131;119;170;133;102;108;83;62;5755
431910;470;18;10;63;22;15;7;13;18;16;25;13;5;695
431912;166;4;3;7;11;6;0;7;12;10;2;8;8;244
431915;486;9;16;21;32;25;13;27;15;15;14;14;2;689
431920;369;3;2;38;28;8;6;9;5;3;4;9;5;489
431930;446;6;5;8;17;12;11;7;8;8;7;12;7;554
431935;534;15;22;24;16;13;9;18;58;18;10;26;1;764
431937;207;3;6;5;9;8;8;7;4;6;2;1;1;267
431940;1197;41;27;70;65;51;58;50;56;51;36;34;28;1764
431950;4513;121;81;234;203;174;131;114;143;91;83;75;293;6256
431960;2476;51;45;122;104;60;58;93;66;84;69;56;37;3321
431970;222;3;5;8;15;3;3;1;3;1;4;5;4;277
431971;112;2;1;5;8;1;3;2;2;2;1;2;0;141
431973;149;5;0;18;7;4;0;3;5;7;2;0;1;201
431975;252;23;10;5;14;11;6;10;6;10;3;12;5;367
431980;737;26;23;70;27;18;19;20;37;39;21;34;13;1084
431990;16509;808;726;1182;761;885;829;610;686;820;559;714;403;25492
432000;11655;1356;774;891;724;767;667;627;542;578;742;547;465;20335
432010;5008;161;128;189;166;181;97;105;91;130;122;76;82;6536
432020;611;18;17;53;35;24;13;6;20;22;19;16;6;860
432023;171;5;2;26;7;7;8;8;5;5;1;2;2;249
432026;194;3;10;53;15;3;3;13;4;3;5;4;3;313
432030;570;7;10;17;14;13;6;5;11;18;5;18;9;703
432032;145;5;8;19;5;13;17;8;20;12;11;10;8;281
432035;335;16;19;33;16;12;13;8;20;26;7;6;16;527
432040;2594;74;45;85;114;143;181;85;58;77;89;66;61;3672
432045;103;5;2;4;5;3;3;0;0;3;2;0;0;130
432050;574;13;4;39;19;9;7;10;15;8;8;10;6;722
432055;231;3;0;5;5;8;3;9;4;6;3;3;2;282
432057;75;0;2;3;2;2;2;4;25;8;4;3;3;133
432060;247;10;10;6;3;8;8;6;0;9;4;4;3;318
432065;180;6;4;8;11;4;16;6;9;2;4;9;3;262
432067;521;15;12;97;17;6;6;9;5;4;3;8;8;711
432070;1410;84;65;92;93;48;71;85;70;66;80;52;42;2258
432080;2666;122;69;122;157;117;120;106;87;76;101;79;40;3862
432085;93;42;9;21;8;8;1;2;6;9;7;5;1;212
432090;1975;70;69;133;110;75;69;97;75;67;84;64;58;2946
432100;1686;42;36;75;139;89;43;52;67;33;46;33;32;2373
432110;2354;209;73;189;94;155;114;82;153;173;93;111;92;3892
432120;8141;305;315;629;559;451;314;494;473;441;334;344;192;12992
432130;4012;234;241;376;365;330;295;212;258;248;552;158;125;7406
432132;166;23;5;5;10;4;1;4;0;2;3;0;3;226
432135;252;10;2;4;0;20;2;2;3;0;3;1;4;303
432140;979;61;66;171;49;34;49;57;61;43;44;26;21;1661
432143;911;96;33;69;41;67;32;31;28;73;32;45;27;1485
432145;6475;164;203;386;376;245;129;153;227;264;205;205;169;9201
432147;78;3;1;5;3;3;2;0;2;16;3;2;1;119
432149;37;0;0;1;1;2;0;2;1;1;0;1;1;47
432150;3720;1360;239;167;201;126;128;100;153;237;137;168;542;7278
432160;2838;653;87;189;132;62;70;82;72;100;150;210;602;5247
432162;55;2;2;4;0;2;4;3;1;1;1;2;0;77
432163;168;1;6;1;2;2;7;10;6;2;3;1;1;210
432166;816;54;16;29;53;37;21;29;61;26;22;45;15;1224
432170;4515;162;126;325;298;282;126;127;310;446;271;183;50;7221
432180;3100;121;96;118;104;95;92;82;97;89;76;53;53;4176
432183;256;16;1;6;3;6;5;5;2;2;0;4;44;350
432185;214;6;5;24;23;11;4;8;5;6;5;3;7;321
432190;3583;107;92;110;113;92;110;112;604;102;151;110;74;5360
432195;229;3;5;9;17;12;7;4;5;4;9;3;1;308
432200;8088;1083;689;1070;794;758;762;594;652;649;893;839;553;17424
432210;577;21;16;26;21;15;19;12;15;7;23;11;9;772
432215;149;1;3;14;5;5;4;4;0;0;1;1;0;187
432218;100;2;1;7;6;0;1;1;2;2;2;0;0;124
432220;2277;102;62;207;198;70;60;105;47;177;127;98;31;3561
432225;378;10;7;20;10;8;11;4;13;6;6;9;3;485
432230;777;16;10;35;44;15;17;15;17;20;21;11;6;1004
432232;580;38;8;21;16;23;8;34;11;4;2;6;2;753
432234;95;2;3;20;2;0;5;0;2;2;0;0;1;132
432235;83;13;2;1;1;1;2;1;3;2;2;2;0;113
432237;93;4;1;23;1;6;1;1;2;5;1;1;1;140
432240;13052;467;605;1151;438;481;444;656;572;431;466;501;390;19654
432250;10220;2250;2778;1757;1500;496;632;537;764;409;1202;1421;365;24331
432252;73;41;10;11;6;1;2;9;3;1;2;0;0;159
432253;279;3;22;19;3;3;5;4;5;0;4;0;6;353
432254;381;5;17;35;13;36;11;4;6;11;23;3;4;549
432255;122;6;4;3;9;2;2;7;6;2;6;3;1;173
432260;8324;1450;2749;1469;501;321;348;367;316;341;355;327;364;17232
432270;1883;129;254;550;140;50;51;42;64;58;169;132;57;3579
432280;4674;135;152;156;192;186;197;233;191;217;166;153;55;6707
432285;52;2;4;6;3;1;2;9;1;0;0;2;0;82
432290;296;10;7;9;18;4;11;8;5;5;3;3;2;381
432300;8884;395;616;533;484;363;445;396;795;421;371;501;245;14449
432310;194;6;3;6;2;2;7;3;10;4;4;6;1;248
432320;391;13;21;20;23;3;18;10;5;10;24;18;5;561
432330;353;12;12;26;36;21;17;11;15;20;10;14;6;553
432335;72;0;3;11;0;1;0;2;1;1;2;2;1;96
432340;363;13;19;21;25;12;12;16;22;13;5;20;9;550
432345;293;4;1;15;6;11;2;7;9;1;1;4;1;355
432350;114;1;2;1;2;3;0;0;2;2;0;0;0;127
432360;114;0;0;3;0;2;1;2;1;5;4;4;1;137
432370;123;2;2;28;1;8;3;3;12;25;1;1;0;209
432375;122;3;1;30;2;1;2;0;3;1;1;1;1;168
432380;849;407;57;24;37;44;39;46;32;34;43;32;152;1796
500020;2010;172;223;243;209;247;223;201;210;207;384;284;90;4703
500025;131;3;41;8;3;5;8;1;5;8;8;3;1;225
500060;2450;105;116;139;120;86;130;101;91;61;70;64;63;3596
500070;1052;30;59;76;28;23;57;28;21;44;26;30;22;1496
500080;742;80;124;30;28;28;25;49;23;33;21;19;7;1209
500085;547;18;21;15;19;11;23;13;12;13;17;9;8;726
500090;273;7;37;10;5;5;8;5;6;4;14;4;2;380
500100;1863;205;172;232;219;172;172;477;331;330;248;120;72;4613
500110;2487;186;111;103;109;103;146;96;144;163;110;123;78;3959
500124;288;18;48;27;3;2;22;38;17;10;3;10;10;496
500150;620;24;37;31;35;28;37;41;24;26;9;20;16;948
500190;1598;153;130;106;72;91;241;215;223;114;138;114;42;3237
500200;881;42;29;32;37;28;80;23;25;37;12;36;29;1291
500210;854;12;192;96;38;68;31;29;26;35;16;13;9;1419
500215;530;6;47;24;6;16;13;41;16;7;13;13;16;748
500220;1218;80;89;63;34;104;46;31;51;43;45;29;28;1861
500230;2033;79;101;65;193;89;63;64;72;105;88;72;39;3063
500240;1553;116;37;58;161;69;46;63;49;59;44;46;27;2328
500260;1225;58;71;79;95;41;76;93;107;49;32;43;26;1995
500270;138035;5198;6900;6094;5708;5448;5568;7423;7565;5411;5083;4072;3121;205626
500280;133;6;5;4;4;6;2;2;2;10;3;6;3;186
500290;1612;59;67;64;63;73;57;50;61;70;54;71;43;2344
500295;2370;243;459;269;173;119;148;209;340;250;185;134;76;4975
500310;253;12;15;6;15;6;6;31;11;9;10;9;3;386
500315;311;14;13;19;19;11;14;55;10;8;1;5;2;482
500320;7883;318;679;488;385;413;303;364;357;360;283;272;155;12260
500325;1335;95;140;137;80;62;84;92;108;110;73;51;24;2391
500330;2412;111;98;141;111;97;91;86;129;229;118;128;76;3827
500345;545;23;35;21;14;25;20;10;13;17;19;14;5;761
500348;347;15;103;34;12;23;24;17;26;19;13;8;6;647
500350;215;2;2;47;0;2;1;11;2;2;5;3;0;292
500370;19374;715;824;982;732;686;761;824;831;748;697;832;442;28448
500375;938;24;42;51;19;25;43;48;19;43;37;34;8;1331
500380;1028;30;60;55;55;64;29;37;37;30;25;21;18;1489
500400;451;11;6;28;9;12;4;15;20;7;5;5;6;579
500410;364;189;77;21;33;18;12;22;13;11;8;27;21;816
500430;1417;66;71;55;39;128;46;56;37;30;26;33;25;2029
500440;664;25;35;30;62;37;32;28;34;51;30;36;17;1081
500450;1104;42;40;106;35;48;26;61;35;26;27;18;15;1583
500460;927;19;18;19;25;450;75;51;93;30;45;13;9;1774
500470;1445;127;96;55;34;32;46;58;81;31;45;22;10;2082
500480;87;3;7;8;6;3;10;6;3;3;2;7;1;146
500490;368;17;14;16;33;17;7;24;16;20;16;19;7;574
500500;830;30;34;30;31;34;60;48;49;31;29;35;13;1254
500510;470;15;12;34;15;7;11;16;5;5;8;13;4;615
500515;242;8;6;7;6;12;5;6;5;17;1;10;4;329
500520;1719;33;49;75;17;33;15;8;5;12;11;15;5;1997
500525;461;16;9;22;12;12;17;10;13;17;16;8;2;615
500540;2806;694;169;173;177;615;101;99;111;123;113;119;33;5333
500560;1608;67;36;43;41;86;61;48;50;47;38;40;27;2192
500568;1199;54;77;36;39;17;42;34;68;47;79;40;17;1749
500570;4261;119;315;311;168;1144;269;342;306;226;127;201;62;7851
500580;614;33;22;32;26;28;35;24;12;24;19;26;13;908
500600;981;48;120;48;53;53;65;155;66;71;54;43;25;1782
500620;3778;214;162;184;233;225;280;198;175;159;116;137;118;5979
500625;256;12;16;7;8;14;3;8;7;4;6;4;1;346
500630;3428;207;123;154;199;198;174;163;163;154;204;138;123;5428
500635;233;3;54;10;8;3;22;6;3;15;12;10;1;380
500640;432;20;23;20;18;9;14;13;11;10;12;12;14;608
500660;4681;170;360;176;182;137;169;116;117;147;154;101;131;6641
500690;923;35;82;49;39;37;29;29;37;36;35;19;21;1371
500710;2021;120;157;419;144;173;158;132;91;94;171;82;51;3813
500720;2490;440;339;698;333;157;112;114;140;96;130;119;116;5284
500730;327;11;5;11;8;4;7;16;7;10;7;7;4;424
500740;1239;51;59;53;61;51;48;94;38;40;62;65;27;1888
500750;516;18;26;12;21;12;10;27;23;23;24;23;22;757
500755;676;43;35;69;52;35;31;38;35;26;28;29;21;1118
500769;1862;98;145;168;100;73;93;87;123;155;187;116;55;3262
500770;551;16;46;34;17;6;11;25;19;15;7;9;1;757
500780;658;39;36;34;49;30;25;12;15;12;13;17;17;957
500790;3138;160;226;166;131;135;219;158;157;86;79;72;45;4772
500793;1098;39;96;54;869;1089;140;151;78;56;35;11;16;3732
500795;439;11;10;11;6;11;9;21;8;16;9;5;4;560
500797;193;67;14;9;0;5;7;3;4;13;3;4;2;324
500800;1151;45;40;54;62;32;32;39;33;49;52;37;23;1649
500830;8251;814;682;549;501;523;507;532;477;452;541;453;256;14538
500840;185;4;6;41;2;6;33;7;2;5;2;1;1;295
510010;81;35;46;13;6;5;2;3;5;2;2;3;1;204
510020;1317;90;58;91;66;67;54;77;44;53;41;58;39;2055
510025;3398;104;110;163;153;188;218;187;184;139;380;234;120;5578
510030;722;27;21;36;20;45;17;33;17;20;34;31;9;1032
510035;38;4;3;2;2;1;0;0;0;5;0;0;0;55
510040;588;19;11;46;32;16;24;11;13;14;35;18;4;831
510050;91;3;0;2;3;1;5;4;2;0;2;3;1;117
510060;337;13;72;45;43;23;22;25;19;33;105;56;12;805
510080;264;20;32;8;5;28;15;17;17;4;33;1;0;444
510100;336;24;16;25;7;12;17;10;13;8;11;9;5;493
510120;148;0;1;1;0;0;0;0;0;3;1;0;0;154
510125;1614;56;74;51;37;45;54;31;55;57;41;62;34;2211
510130;405;12;5;14;20;13;9;11;31;21;18;10;5;574
510140;761;19;49;44;48;74;74;76;48;54;24;28;11;1310
510160;96;6;4;11;3;7;8;8;10;2;5;5;5;170
510170;1884;46;100;89;1947;684;215;118;143;138;75;34;17;5490
510180;5965;232;697;312;284;316;287;281;314;181;229;248;189;9535
510190;734;31;60;26;30;27;30;50;41;37;41;19;7;1133
510250;6123;273;326;211;205;242;357;225;233;228;177;150;109;8859
510260;225;3;27;6;6;3;7;5;5;1;6;2;4;300
510263;2307;149;299;1147;600;457;335;301;218;276;275;140;49;6553
510267;1263;63;88;78;32;103;105;119;338;78;58;55;34;2414
510268;239;7;8;42;20;8;12;5;8;54;503;26;3;935
510269;22;0;0;0;1;1;0;6;1;0;1;1;0;33
510270;1112;83;179;129;72;60;70;107;71;49;26;38;69;2065
510279;213;18;34;14;32;21;40;46;8;16;29;10;0;481
510285;285;6;20;10;5;2;1;3;3;5;0;3;0;343
510300;564;24;111;198;278;219;336;448;227;121;73;103;14;2716
510305;1451;73;61;57;21;48;67;95;82;50;45;31;11;2092
510310;223;6;5;17;12;13;12;9;19;12;14;23;6;371
510320;1530;78;74;91;78;87;164;128;118;91;96;70;67;2672
510330;833;57;68;64;36;84;59;45;71;25;41;16;9;1408
510335;176;53;155;183;88;762;20;19;14;7;5;14;0;1496
510337;444;18;31;31;31;34;24;39;39;27;25;5;6;754
510340;115884;3990;4631;4724;3980;4084;3760;4355;4476;4237;3521;3430;2357;163429
510345;251;11;31;40;17;47;27;5;12;7;4;11;2;465
510350;1590;119;254;755;244;137;98;167;89;87;183;70;30;3823
510360;444;16;21;40;17;33;57;22;17;21;33;22;5;748
510370;326;22;21;19;14;47;25;23;25;21;26;8;5;582
510380;56;9;69;5;0;3;0;1;0;4;4;1;1;153
510385;43;17;34;8;2;1;5;1;12;4;3;3;1;134
510390;214;7;10;12;3;5;16;7;15;9;25;5;3;331
510395;111;1;21;5;4;2;2;0;0;0;0;0;2;148
510410;979;41;44;70;43;71;70;43;41;168;51;25;21;1667
510420;779;17;14;44;29;14;18;32;13;22;20;19;13;1034
510450;15;2;1;0;0;4;0;0;3;0;0;0;1;26
510455;1270;30;71;27;35;75;53;38;77;28;50;41;7;1802
510460;1969;152;98;102;92;151;128;119;138;136;116;108;72;3381
510480;2763;172;173;164;705;1153;151;228;80;114;66;113;74;5956
510490;423;149;80;55;35;39;8;7;4;19;25;74;0;918
510500;290;4;68;18;11;51;11;7;9;2;3;4;2;480
510510;1353;38;28;45;52;168;51;154;67;64;61;141;13;2235
510515;1789;30;78;52;72;84;113;85;57;115;51;46;15;2587
510517;738;36;19;15;52;16;22;63;52;48;17;21;8;1107
510520;421;8;12;12;13;13;23;14;18;10;14;8;10;576
510523;214;26;9;5;23;147;494;9;19;11;10;5;0;972
510525;1152;97;111;156;91;92;96;96;166;99;79;68;49;2352
510530;115;3;2;3;4;1;1;0;0;0;3;4;0;136
510550;289;12;14;24;20;9;13;17;14;5;16;8;9;450
510558;1127;51;22;57;75;52;86;60;63;36;12;49;20;1710
510560;552;15;35;31;14;26;17;37;27;32;8;10;4;808
510562;1337;70;77;103;63;97;78;107;116;52;44;45;40;2229
510590;771;37;22;36;44;38;32;21;15;31;16;21;36;1120
510600;251;4;4;10;6;4;9;7;11;7;6;1;1;321
510610;179;1;5;51;4;15;12;11;4;6;6;1;3;298
510615;52;28;39;1;2;2;1;5;5;1;3;2;2;143
510618;42;5;2;0;49;23;14;25;13;6;0;7;0;186
510620;129;13;1;2;3;1;7;3;1;2;3;0;0;165
510621;301;14;10;17;12;20;18;51;24;7;7;9;0;490
510622;1393;136;138;204;109;125;65;74;101;117;98;83;29;2672
510623;3783;28;68;103;3159;5057;63;52;34;50;30;17;60;12504
510624;158;8;23;11;20;24;36;31;6;27;11;9;0;364
510625;878;57;28;58;39;42;33;38;37;32;24;28;24;1318
510626;109;18;25;6;4;10;13;6;8;3;5;3;5;215
510627;166;0;8;4;0;2;1;1;0;0;0;0;1;183
510628;504;96;108;46;16;105;70;63;68;60;75;48;33;1292
510629;322;9;39;16;9;93;40;63;22;15;30;19;8;685
510630;431;26;22;194;27;19;33;17;22;25;27;27;9;879
510637;1720;152;164;256;255;73;149;89;93;79;231;75;50;3386
510642;387;3;37;19;22;17;8;18;14;15;9;9;0;558
510645;15;8;2;2;2;0;0;0;0;0;0;2;0;31
510650;1112;44;31;73;78;77;252;227;167;201;244;24;5;2535
510665;113;4;14;4;7;14;7;5;6;5;3;10;0;192
510670;62;1;0;0;0;0;0;0;0;1;1;0;0;65
510675;2245;600;105;96;106;128;123;132;117;124;107;109;77;4069
510677;105;0;5;1;3;2;3;2;2;4;5;1;0;133
510680;402;23;9;63;35;48;34;53;50;30;19;17;14;797
510682;356;24;21;7;36;52;51;22;17;11;6;24;5;632
510685;81;7;0;2;5;0;3;4;1;1;0;0;2;106
510700;800;97;32;28;21;26;22;36;29;22;43;16;23;1195
510704;3161;314;387;403;176;256;314;289;285;233;290;155;85;6348
510706;430;52;45;43;33;46;41;41;54;109;31;20;10;955
510710;1522;102;172;139;93;100;85;89;108;118;85;59;70;2742
510715;56;2;0;1;2;1;1;0;3;3;3;1;1;74
510718;114;16;4;16;2;2;8;14;10;10;3;8;3;210
510719;35;0;1;24;0;0;0;6;0;2;0;0;0;68
510720;248;16;26;6;10;10;6;5;5;8;9;5;3;357
510724;375;31;27;22;25;59;50;55;40;25;14;9;8;740
510726;73;1;0;2;1;0;0;4;3;0;2;0;2;88
510729;121;2;3;2;2;1;2;2;1;2;1;1;0;140
510730;1377;86;79;89;60;61;57;67;97;90;71;43;17;2194
510735;133;16;42;20;11;8;4;5;8;8;3;1;5;264
510740;93;7;1;2;0;7;1;2;0;0;0;1;0;114
510760;15733;837;796;1046;677;884;891;907;736;709;858;676;448;25198
510770;511;36;16;10;32;14;10;23;21;7;11;14;4;709
510775;154;0;2;2;2;1;18;4;1;5;0;0;1;190
510777;452;32;18;16;14;21;3;12;9;7;15;21;8;628
510780;6742;350;240;272;342;335;299;245;399;315;190;169;392;10290
510785;316;14;16;84;23;6;43;11;10;10;10;7;3;553
510787;577;65;148;166;55;77;70;102;92;97;119;65;55;1688
510790;10318;520;593;552;497;558;845;891;650;577;519;431;292;17243
510792;2987;184;424;383;239;219;279;295;260;279;259;261;105;6174
510794;135;7;3;0;3;2;5;2;1;2;0;4;3;167
510795;4823;376;249;407;292;410;428;406;452;361;306;247;144;8901
510800;341;11;16;20;54;15;22;50;55;40;26;24;13;687
510805;442;110;75;47;34;46;30;34;21;7;21;10;5;882
510810;133;1;2;3;1;2;3;4;3;1;0;1;1;155
510820;265;8;6;13;7;8;13;10;5;5;10;4;5;359
510830;174;5;6;6;10;7;20;13;45;14;1;4;0;305
510840;14744;1187;822;966;923;927;834;987;6127;912;755;717;4580;34481
510850;1821;95;97;120;125;141;183;154;140;91;121;101;33;3222
510860;468;12;59;19;20;93;28;5;31;81;32;39;15;902
510880;105;19;42;30;6;9;12;3;12;3;4;6;4;255
510885;55;1;1;2;5;3;3;0;4;1;6;3;0;84
510890;174;40;17;45;29;28;11;39;21;29;14;24;3;474
510895;164;8;5;4;10;7;36;10;11;7;7;18;3;290
520005;58;19;23;18;20;7;6;6;8;20;6;4;2;197
520010;535;17;5;40;41;9;18;47;24;23;26;12;9;806
520013;1343;84;25;168;312;158;129;52;68;63;74;75;38;2589
520015;113;2;0;2;1;0;0;0;0;4;0;1;2;125
520017;265;9;2;3;34;13;8;13;5;8;4;12;4;380
520020;186;0;2;3;1;1;6;0;0;6;2;3;0;210
520025;952;91;64;54;61;112;143;140;140;111;78;100;47;2093
520030;709;36;20;16;23;31;12;32;33;19;33;28;7;999
520050;64;0;0;0;0;0;0;0;0;0;0;1;0;65
520055;139;12;2;0;3;8;1;11;0;0;0;0;1;177
520060;357;11;19;41;22;17;18;40;35;20;7;20;10;617
520080;282;6;1;6;9;9;3;5;5;6;1;1;1;335
520082;85;20;4;5;5;6;5;3;13;13;1;0;0;160
520085;119;13;2;0;3;2;2;0;3;3;0;2;0;149
520090;164;0;3;1;0;3;4;0;3;1;3;0;3;185
520110;32853;1338;1260;1468;1300;1374;1303;1389;1328;1413;1340;1143;972;48481
520120;161;2;0;5;0;0;0;2;0;0;0;2;0;172
520130;1389;67;35;94;1133;121;72;75;84;51;37;95;37;3290
520140;23727;1753;1402;1603;1538;1610;1773;1813;1926;1850;1751;1517;1291;43554
520145;239;15;7;16;12;11;16;17;12;13;13;10;2;383
520150;429;12;12;20;12;17;26;16;20;19;15;13;8;619
520160;190;7;5;0;3;5;3;10;2;2;4;1;0;232
520170;316;15;6;22;13;13;7;5;15;5;10;7;4;438
520180;274;15;11;10;9;8;12;12;7;11;7;2;2;380
520215;166;15;3;5;6;7;0;12;3;2;2;6;2;229
520235;215;4;1;4;2;0;3;2;3;1;2;0;1;238
520250;433;9;9;16;10;8;5;13;7;1;6;5;1;523
520260;161;1;1;5;2;6;2;4;3;1;6;4;0;196
520280;128;0;4;0;2;2;0;2;1;0;1;3;2;145
520310;100;3;1;4;5;7;2;1;5;1;4;2;6;141
520320;405;22;20;19;4;18;2;4;42;32;12;4;1;585
520330;3480;197;142;217;178;242;184;212;221;260;190;131;112;5766
520340;232;12;6;8;5;10;3;3;4;3;7;4;21;318
520350;1356;69;154;157;86;45;77;56;55;74;43;56;24;2252
520355;257;16;4;10;6;14;5;21;15;16;16;4;2;386
520357;133;4;6;2;2;2;1;1;28;11;8;3;0;201
520360;89;8;16;11;4;26;14;11;10;11;8;15;11;234
520380;344;16;11;6;11;5;8;8;8;9;16;8;11;461
520390;416;6;12;8;5;7;11;9;9;11;3;8;69;574
520393;120;2;3;0;1;1;1;0;9;1;1;3;0;142
520396;665;1;8;135;56;32;6;35;17;14;0;0;4;973
520400;391;2;16;15;35;11;17;40;10;6;3;16;3;565
520410;680;36;40;31;32;43;29;38;40;36;42;31;38;1116
520420;92;1;1;1;1;1;3;2;1;0;0;0;0;103
520425;486;43;35;31;14;33;9;5;4;6;3;4;3;676
520430;779;21;29;18;33;29;15;13;19;18;13;12;11;1010
520440;728;27;17;17;60;26;45;28;46;30;8;16;17;1065
520450;5490;403;270;245;274;267;316;419;308;274;239;228;256;8989
520455;124;11;12;2;2;4;5;2;1;3;1;2;0;169
520460;161;2;1;2;0;1;0;0;3;1;0;2;0;173
520465;87;4;0;0;2;2;11;2;0;0;2;0;0;110
520470;339;5;3;6;2;2;3;0;18;8;10;3;7;406
520480;417;19;23;24;34;30;48;30;13;24;26;5;14;707
520490;720;38;17;21;16;42;23;16;36;18;11;8;2;968
520495;260;1;15;41;15;25;6;25;9;2;2;0;0;401
520500;348;6;3;12;13;6;28;80;119;5;46;8;3;677
520505;149;25;20;29;22;11;9;2;3;14;7;9;1;301
520510;6974;271;307;305;259;237;281;223;254;345;264;225;184;10129
520520;161;8;1;2;5;1;4;4;5;2;3;7;1;204
520530;406;17;5;2;10;5;13;6;8;4;2;5;1;484
520540;1983;70;79;62;95;55;40;49;71;76;65;34;60;2739
520545;453;19;38;32;77;22;138;30;54;22;67;30;25;1007
520547;565;14;52;47;22;16;54;47;43;62;49;73;25;1069
520549;1094;71;155;70;67;75;62;60;62;72;37;45;124;1994
520551;425;10;9;12;11;10;16;8;30;22;21;18;16;608
520552;843;3;2;3;8;1;1;6;2;0;0;0;0;869
520570;156;2;4;1;7;3;1;3;4;3;2;7;1;194
520580;319;47;1;2;5;2;4;3;7;3;3;4;0;400
520590;496;4;16;32;72;28;11;20;32;14;38;18;19;800
520620;2354;204;280;326;434;365;323;308;345;325;346;146;89;5845
520630;185;2;13;7;5;4;14;5;4;7;10;9;2;267
520640;963;44;103;24;75;35;22;64;69;24;9;18;18;1468
520650;171;2;3;4;7;11;4;3;1;4;3;5;3;221
520660;282;3;4;1;9;5;4;2;5;7;2;3;6;333
520670;139;0;0;0;2;0;5;3;0;1;1;0;0;151
520680;123;1;0;0;0;0;0;1;0;0;0;1;0;126
520690;153;5;1;2;0;1;0;1;5;2;1;1;3;175
520710;164;0;0;3;2;2;1;2;1;0;3;0;0;178
520725;337;15;8;11;54;15;11;14;9;9;11;5;5;504
520735;274;2;3;6;4;5;2;4;7;1;2;4;1;315
520740;511;40;17;23;8;10;21;10;15;14;27;7;4;707
520750;185;1;0;2;13;0;1;1;3;1;0;2;0;209
520753;341;0;4;2;3;5;0;5;5;3;8;0;2;378
520760;269;7;0;6;2;9;5;5;6;2;8;3;4;326
520780;473;20;11;17;17;9;36;16;4;9;10;2;3;627
520790;190;4;5;10;5;17;7;9;9;6;3;4;5;274
520800;3970;347;257;209;224;159;129;166;208;161;220;173;79;6302
520810;197;19;4;4;0;2;3;3;0;1;0;3;1;237
520830;82;3;2;0;0;0;3;3;1;0;0;0;0;94
520840;268;18;9;24;10;15;10;13;10;19;12;4;13;425
520850;299;12;4;5;4;10;3;4;8;6;6;1;1;363
520860;4074;387;1106;520;794;828;193;147;164;162;97;133;88;8693
520870;286258;14619;12052;13437;11700;12612;11882;13431;14108;12850;10248;9714;6043;428954
520880;1316;123;93;92;80;108;151;78;136;95;83;36;62;2453
520890;1936;66;36;61;90;68;72;93;102;72;85;40;31;2752
520910;3496;154;248;608;518;376;129;94;159;140;99;98;59;6178
520915;355;11;21;18;15;8;13;8;11;1;7;3;2;473
520920;571;13;14;28;13;23;14;10;36;24;7;14;3;770
520929;136;3;4;5;1;4;1;3;0;1;0;4;1;163
520940;136;1;5;2;1;0;10;0;4;0;0;0;0;159
520945;24;1;2;1;1;0;0;0;1;0;0;0;0;30
520960;105;1;0;0;3;4;0;0;0;0;0;0;0;113
520970;743;55;52;63;37;70;81;44;87;82;53;59;48;1474
520980;194;12;23;3;9;6;3;4;2;1;1;2;2;262
520990;324;2;1;5;19;36;42;45;29;37;15;6;4;565
520993;311;5;4;9;14;7;4;8;3;2;6;5;5;383
520995;618;51;33;130;52;113;38;43;34;11;29;15;11;1178
521000;3636;173;141;161;196;269;612;119;144;117;93;77;66;5804
521010;2139;65;102;157;75;152;193;108;90;66;134;54;31;3366
521020;1644;52;48;65;52;123;56;45;44;34;29;22;21;2235
521030;169;3;1;5;7;9;4;9;0;3;0;0;1;211
521040;1139;49;82;221;123;50;81;53;38;46;42;41;17;1982
521056;137;3;1;3;0;1;5;3;1;14;4;1;1;174
521060;301;20;11;24;15;7;3;14;3;5;11;6;0;420
521080;541;25;14;13;11;14;22;17;23;16;29;9;12;746
521090;385;5;5;3;2;5;1;2;3;4;5;3;3;426
521100;541;7;11;24;62;17;13;17;15;11;5;7;5;735
521120;1164;32;18;19;14;35;69;27;80;32;48;23;29;1590
521130;366;27;12;23;5;15;15;17;10;19;15;11;10;545
521140;549;11;4;19;2;6;16;10;15;0;1;5;2;640
521150;10199;483;476;496;460;437;429;350;849;546;610;462;378;16175
521160;130;1;4;1;3;4;5;2;0;4;3;0;1;158
521170;947;14;26;51;505;290;51;23;30;22;11;1;4;1975
521180;2317;84;63;94;97;174;81;83;88;94;79;82;43;3379
521190;7479;339;312;503;310;425;434;450;426;400;340;292;193;11903
521200;171;8;11;2;3;4;8;7;4;0;1;4;0;223
521205;90;0;1;0;1;12;0;1;0;0;0;1;0;106
521210;426;20;39;39;23;31;38;68;36;12;6;6;8;752
521220;1194;26;35;58;30;39;64;55;39;25;44;20;27;1656
521230;439;16;17;5;30;44;23;15;19;10;15;13;6;652
521250;7830;370;363;356;357;403;343;349;427;362;360;377;208;12105
521260;157;3;0;6;3;5;2;2;3;2;11;0;7;201
521270;3;0;0;0;0;3;0;67;155;0;0;0;0;228
521280;449;4;5;4;40;40;23;8;10;9;13;16;11;632
521290;91;2;2;0;3;0;4;2;3;6;1;0;0;114
521295;257;10;4;3;12;6;2;5;9;9;5;1;2;325
521300;1159;34;894;992;572;340;260;408;128;84;15;5;3;4894
521305;165;2;0;6;5;5;1;2;5;2;0;4;2;199
521308;2973;263;68;62;47;64;76;240;110;55;28;40;39;4065
521310;3322;100;181;124;112;155;197;209;120;143;121;87;76;4947
521340;102;4;1;13;7;0;4;1;0;2;0;4;1;139
521350;175;1;0;0;31;2;1;4;1;1;1;0;0;217
521370;490;14;15;17;14;14;17;8;26;7;20;8;9;659
521375;707;65;88;192;45;58;69;35;37;22;52;23;24;1417
521377;100;1;2;2;0;1;2;4;2;0;3;1;0;118
521380;2909;91;99;205;125;143;120;112;216;143;136;128;112;4539
521385;76;0;1;0;0;0;32;0;0;1;2;2;0;114
521390;219;15;29;8;4;2;4;21;5;3;4;3;2;319
521400;388;9;8;2;13;8;7;0;6;2;9;11;2;465
521405;348;19;12;21;9;6;19;15;13;17;8;9;8;504
521410;174;2;1;1;3;2;6;3;1;4;3;2;2;204
521440;664;35;29;40;41;19;18;29;38;10;14;17;9;963
521450;2424;117;180;147;98;150;151;115;142;104;169;67;140;4004
521460;3168;84;101;115;140;245;220;166;188;135;123;50;57;4792
521470;124;2;2;2;0;4;1;0;1;0;0;0;0;136
521480;185;2;3;0;0;1;3;2;0;2;2;3;1;204
521483;658;65;32;32;21;22;32;30;43;30;15;24;13;1017
521486;473;25;28;20;61;2;19;54;51;30;11;8;2;784
521487;93;0;0;6;2;1;0;1;0;0;0;2;0;105
521490;120;1;2;0;1;7;3;1;0;0;0;1;0;136
521500;356;22;18;10;12;11;5;8;3;5;11;5;4;470
521520;150;11;1;2;4;1;2;7;1;10;1;0;2;192
521523;930;211;81;110;47;64;60;63;41;42;41;41;22;1753
521525;171;4;4;4;49;2;1;6;0;3;1;1;6;252
521530;853;31;14;17;14;25;29;18;45;27;16;8;4;1101
521540;265;14;9;4;15;3;7;0;3;9;1;4;4;338
521550;521;9;7;4;6;7;7;9;6;8;7;7;1;599
521560;654;18;102;66;63;29;16;19;23;37;29;51;21;1128
521565;208;8;14;6;6;6;7;5;2;8;5;4;2;281
521570;953;25;16;37;47;28;21;23;32;31;30;22;11;1276
521580;223;9;2;29;4;10;8;3;10;7;45;11;17;378
521590;228;2;12;4;3;3;4;7;1;3;0;1;0;268
521600;144;3;1;2;0;3;2;0;1;3;4;0;2;165
521630;409;47;15;39;25;15;52;12;16;6;11;6;2;655
521640;869;25;17;46;49;40;37;31;22;25;15;38;7;1221
521645;214;3;11;6;3;7;10;8;9;8;12;1;2;294
521680;206;4;3;3;19;13;5;3;17;7;3;8;13;304
521690;110;3;1;0;2;1;5;2;1;2;1;3;2;133
521710;1377;54;101;45;39;51;44;46;50;46;33;50;27;1963
521720;791;55;57;34;52;62;28;19;47;18;22;28;17;1230
521730;1298;47;21;76;42;34;28;26;41;21;23;19;18;1694
521740;2099;80;102;130;95;94;83;97;83;79;65;85;52;3144
521760;1654;104;64;68;48;78;57;91;120;80;82;48;21;2515
521770;879;31;14;19;18;25;22;29;30;18;65;26;8;1184
521800;2411;172;152;91;103;80;63;115;73;70;63;79;23;3495
521805;111;18;3;1;16;47;14;4;1;3;17;12;6;253
521810;235;1;10;21;21;6;2;22;7;19;2;1;5;352
521830;1142;59;62;59;108;124;154;112;74;43;101;136;16;2190
521839;171;4;1;10;3;10;5;2;4;2;4;2;1;219
521850;2923;73;249;114;107;108;78;169;84;111;73;72;42;4203
521860;701;27;23;11;28;12;11;24;24;7;12;18;14;912
521870;219;22;10;10;2;3;6;0;1;3;9;3;9;297
521878;967;41;45;46;34;49;66;96;38;32;64;37;76;1591
521880;11306;923;764;663;733;654;662;618;757;663;627;818;555;19743
521890;967;114;138;163;79;501;46;21;64;16;9;17;151;2286
521900;451;20;11;23;10;5;13;15;6;15;13;5;6;593
521910;223;9;3;9;22;35;15;9;14;8;3;37;11;398
521920;76;2;2;4;7;8;6;5;9;2;7;0;2;130
521925;436;27;9;39;27;17;22;16;10;6;22;20;16;667
521930;3145;58;279;162;674;306;78;58;67;51;91;103;43;5115
521935;233;27;5;10;1;17;1;4;7;0;1;2;1;309
521940;409;26;9;23;31;12;20;27;39;25;11;7;13;652
521945;126;3;2;2;1;3;1;7;4;4;1;0;1;155
521950;104;0;0;1;8;0;0;0;1;3;0;0;0;117
521960;172;0;0;11;0;0;1;0;4;2;3;2;1;196
521970;434;6;10;7;15;5;10;4;3;6;5;10;0;515
521971;219;2;8;6;1;2;6;2;1;0;1;8;0;256
521973;537;6;2;7;8;4;3;9;12;6;20;10;11;635
521975;974;59;67;118;48;58;248;67;55;45;33;43;22;1837
521980;217;1;1;0;1;2;0;0;1;6;11;3;0;243
521990;216;11;0;2;3;9;15;3;6;2;6;3;0;276
522000;294;14;16;14;9;8;21;8;6;10;6;4;1;411
522005;119;7;3;6;2;1;4;1;1;4;6;2;1;157
522010;2038;137;94;92;92;114;158;83;109;101;108;88;40;3254
522015;27;0;4;3;3;6;3;1;2;3;8;5;1;66
522020;1274;56;39;49;41;60;78;45;33;40;28;66;22;1831
522026;109;2;2;3;10;6;1;2;17;6;4;3;0;165
522028;81;1;1;0;1;5;1;0;0;1;0;0;0;91
522040;911;52;17;30;35;22;87;25;28;32;24;18;9;1290
522045;1749;84;87;92;88;85;128;121;121;73;62;49;42;2781
522050;470;21;18;9;12;9;21;14;15;12;10;9;8;628
522060;1120;71;43;39;33;43;54;38;73;49;48;28;24;1663
522068;60;1;0;0;1;14;2;11;2;4;3;6;0;104
522070;7;0;1;0;0;0;0;1;3;0;0;0;0;12
522100;199;8;7;3;6;2;0;2;1;1;17;0;2;248
522108;39;0;0;0;0;1;0;0;0;0;0;0;0;40
522119;143;18;3;4;3;2;4;9;1;8;8;6;13;222
522130;198;2;5;0;9;3;2;6;9;17;1;2;8;262
522140;5238;359;331;365;298;490;326;319;310;367;260;241;133;9037
522145;172;2;2;3;2;2;1;2;2;0;2;0;0;190
522150;258;4;3;10;11;14;14;12;4;8;3;12;16;369
522155;716;16;21;179;176;76;57;47;11;12;8;2;5;1326
522157;193;3;0;6;1;1;0;1;0;1;1;1;0;208
522160;1832;74;33;53;41;42;63;46;81;55;59;45;28;2452
522170;491;5;4;0;20;4;17;13;7;9;5;10;2;587
522180;176;8;6;5;0;1;3;3;3;4;2;0;0;211
522185;2247;141;193;167;150;436;175;284;196;190;133;108;68;4488
522190;257;33;83;28;7;12;4;2;19;6;9;9;14;483
522200;662;31;55;45;27;21;22;46;45;19;16;20;28;1037
522205;474;21;15;31;12;6;19;14;9;15;11;12;2;641
522220;116;0;0;1;1;1;3;10;1;5;1;7;0;146
522230;73;55;11;9;3;4;1;2;2;3;0;3;0;166
530010;681879;17290;21409;19735;15754;17314;16189;17552;18330;16513;13448;12754;9948;878115
{ñ class};1897;88;83;93;70;126;133;87;104;115;105;79;67;3047
Total;23777848;950384;972918;1064572;1046179;1070484;990622;964922;1004141;930806;858416;795284;581977;35008553
