Coluna;Mês Desligamento
Município;Não desligado ano;Janeiro;Fevereiro;Março;Abril;Maio;Junho;Julho;Agosto;Setembro;Outubro;Novembro;Dezembro;Total
110002;3873;119;115;169;142;125;117;152;188;153;136;121;182;5592
110003;174;2;0;0;0;1;1;1;2;0;2;1;2;186
110004;4002;140;98;129;113;93;112;176;140;165;138;159;288;5753
110005;612;8;18;11;12;9;14;16;15;21;16;22;33;807
110006;590;8;10;14;10;13;15;12;17;21;26;42;22;800
110008;300;3;8;14;9;9;14;8;6;7;5;25;4;412
110009;665;21;18;21;14;14;16;11;15;57;17;31;24;924
110010;1430;14;20;25;12;23;24;28;22;20;17;36;37;1708
110011;2155;34;54;62;45;56;67;66;80;77;102;55;76;2929
110012;7077;157;198;286;270;235;264;341;285;286;293;320;397;10409
110013;22;0;0;0;0;0;0;0;0;0;0;0;0;22
110014;14;0;0;1;0;0;0;1;0;0;0;0;0;16
110015;1730;36;39;61;48;43;84;89;42;50;47;44;114;2427
110018;2030;42;39;83;46;52;75;85;101;114;113;141;148;3069
110020;76688;622;852;975;1020;746;817;916;781;816;860;1061;1311;87465
110025;641;9;11;9;15;5;17;11;32;9;12;12;15;798
110028;989;13;20;30;36;19;36;32;55;47;35;42;50;1404
110029;399;8;2;10;4;3;8;6;9;30;4;10;14;507
110030;3446;112;129;197;149;147;192;162;175;150;228;274;237;5598
110032;328;4;8;6;5;1;5;3;5;3;6;0;2;376
110033;41;1;1;0;1;0;1;1;1;4;0;0;6;57
110034;303;9;2;6;5;8;6;4;3;1;6;6;3;362
110050;114;0;0;0;0;0;0;0;0;0;0;0;0;114
110060;1;0;0;0;0;0;0;0;0;0;0;3;0;4
110070;118;1;0;1;2;1;5;6;6;1;2;4;6;153
110110;231;7;3;9;2;5;8;17;3;10;3;2;3;303
110120;1;0;0;0;0;0;0;0;0;0;0;0;0;1
119999;17;0;1;0;0;0;0;0;1;4;1;1;0;25
120005;6;0;0;0;0;0;0;0;0;0;0;0;0;6
120010;698;0;0;3;1;2;1;1;2;5;2;4;5;724
120020;1703;9;16;17;29;17;19;15;24;25;21;19;42;1956
120025;13;0;0;0;0;0;0;0;0;0;0;1;1;15
120030;296;5;0;3;2;2;9;6;3;1;0;1;1;329
120033;6;0;0;0;0;0;0;0;0;1;0;0;0;7
120034;6;0;0;0;0;0;0;0;0;0;0;0;0;6
120038;307;3;2;0;2;1;1;3;0;4;0;7;4;334
120039;46;0;0;0;0;0;0;0;0;0;0;0;0;46
120040;45473;313;324;503;456;387;500;520;486;544;464;618;699;51287
120042;57;0;0;0;0;0;0;0;0;0;0;0;0;57
120045;326;0;0;3;4;1;4;70;0;0;2;4;7;421
120050;336;1;0;1;4;2;3;2;1;1;0;0;4;355
120060;557;0;0;3;2;2;0;0;0;1;0;2;2;569
120070;86;2;0;2;2;0;0;3;3;0;3;2;2;105
130002;1;0;0;0;0;0;0;0;0;0;0;0;0;1
130006;1;0;0;1;0;0;0;0;0;0;0;0;0;2
130008;1;0;0;0;0;0;0;0;0;0;0;0;0;1
130010;256;0;2;0;0;0;0;0;1;0;0;0;2;261
130020;25;0;0;0;0;0;0;0;0;0;0;0;0;25
130030;157;0;0;0;0;0;1;0;0;0;0;0;0;158
130040;16;0;0;0;0;0;0;0;0;0;0;0;0;16
130050;381;4;2;2;0;2;0;0;0;0;0;0;0;391
130060;762;5;41;4;20;3;2;5;2;3;6;2;2;857
130063;5;0;0;0;1;0;0;0;1;0;1;0;0;8
130068;42;1;0;0;0;0;0;0;0;0;0;0;0;43
130070;587;2;1;0;0;0;0;0;1;1;0;2;1;595
130080;504;15;1;59;1;0;1;3;1;0;2;1;0;588
130083;112;0;0;0;0;0;0;0;0;0;0;0;0;112
130090;14;0;0;0;0;0;0;0;0;0;0;0;0;14
130100;495;12;0;1;3;2;8;4;7;3;3;1;5;544
130110;103;3;7;2;0;2;2;0;5;1;1;1;6;133
130120;2085;83;306;10;6;48;1;14;10;12;18;14;23;2630
130130;390;0;1;1;1;0;0;0;2;0;0;0;0;395
130140;594;3;1;1;1;0;1;5;1;1;0;1;7;616
130150;51;0;0;0;0;0;0;0;0;0;0;0;0;51
130160;306;1;1;1;1;0;0;1;0;0;2;1;1;315
130170;688;3;1;1;1;6;3;2;2;1;5;4;13;730
130180;94;0;0;0;0;0;0;0;0;0;0;0;30;124
130185;632;11;10;8;27;12;4;25;12;8;18;30;45;842
130190;4782;55;178;73;71;39;51;89;117;112;71;66;132;5836
130195;125;0;0;3;1;1;0;1;0;0;1;0;0;132
130200;75;1;0;0;0;0;0;1;0;1;1;0;1;80
130210;16;0;0;0;0;0;0;0;0;0;0;0;0;16
130220;8;0;0;0;0;0;0;0;0;0;0;0;0;8
130230;16;0;0;0;0;0;0;0;0;0;0;0;0;16
130240;481;3;84;3;2;28;5;1;0;2;2;1;1;613
130250;1776;17;228;33;21;75;50;25;7;13;11;16;18;2290
130255;1;0;0;0;0;0;0;0;0;0;0;0;0;1
130260;200144;3971;6591;4596;3966;4109;4601;4190;5157;4337;4190;4519;6906;257277
130270;554;0;16;3;1;41;1;0;16;2;0;0;0;634
130280;13;0;0;0;0;0;0;0;0;0;0;0;0;13
130290;697;5;4;4;3;3;7;28;24;42;7;24;37;885
130300;20;0;0;0;0;1;0;0;0;0;0;0;0;21
130310;438;0;13;5;4;125;4;0;1;15;1;3;39;648
130320;95;0;0;0;0;0;0;0;0;1;0;0;1;97
130330;13;0;0;0;0;0;0;0;0;0;0;0;0;13
130340;2071;47;17;10;9;5;25;4;11;4;17;16;14;2250
130350;66;0;0;0;0;0;0;0;1;0;0;0;0;67
130353;1968;83;97;64;66;64;63;110;96;88;55;80;116;2950
130356;241;3;2;2;1;1;5;3;2;4;2;7;5;278
130360;9;0;0;0;0;0;0;0;0;0;0;0;0;9
130370;172;1;0;0;1;0;0;0;0;0;0;2;5;181
130380;367;5;0;0;3;2;2;0;1;3;1;1;4;389
130390;216;0;3;0;0;0;0;0;2;1;1;1;0;224
130395;12;0;0;0;0;0;0;0;0;0;0;0;0;12
130400;81;0;0;0;3;1;6;0;0;0;0;1;6;98
130406;175;3;2;3;5;4;3;5;1;2;8;8;3;222
130410;12;0;0;0;0;0;0;0;0;0;0;0;0;12
130420;1941;95;101;54;45;170;51;45;22;15;16;15;44;2614
130430;391;2;10;9;0;2;5;2;0;0;0;1;3;425
130440;324;8;4;0;1;0;0;1;0;1;1;67;50;457
140005;7;0;0;0;0;0;0;0;0;0;0;0;0;7
140010;20209;303;288;388;365;288;331;454;413;390;405;377;463;24674
140015;11;0;0;0;0;0;0;0;0;2;1;0;0;14
140020;134;2;7;7;8;6;21;6;6;5;3;4;7;216
140030;50;4;5;10;4;4;2;3;8;12;8;7;6;123
140040;7;0;0;0;0;0;0;0;0;0;0;0;0;7
140050;745;33;79;79;53;41;74;50;52;89;156;47;110;1608
140060;15;0;0;0;0;0;0;1;0;0;0;0;0;16
150010;2090;13;37;26;39;32;26;20;22;21;28;19;19;2392
150013;101;0;0;0;0;0;0;0;0;0;1;27;0;129
150020;488;2;2;4;1;2;3;4;18;14;36;12;8;594
150030;197;4;5;3;1;1;19;12;8;1;2;2;2;257
150040;479;3;5;5;14;4;9;6;3;6;0;1;4;539
150050;6399;399;346;406;449;318;341;386;285;545;402;393;503;11172
150060;2212;31;30;67;66;62;89;66;71;49;93;53;65;2954
150070;14;0;0;3;0;0;1;0;0;1;0;0;0;19
150080;20314;581;613;780;587;554;663;633;632;698;690;780;1226;28751
150090;292;2;2;1;6;0;0;1;1;5;11;0;2;323
150095;5;0;0;0;0;0;0;0;0;0;0;0;0;5
150100;257;8;9;6;3;0;13;2;0;0;0;6;3;307
150110;3;0;0;0;0;0;0;7;0;0;0;0;0;10
150120;12;0;1;0;1;0;0;0;0;0;0;0;0;14
150130;2912;82;49;64;110;32;52;33;59;37;63;18;96;3607
150140;264044;3876;3844;5092;4534;4029;4736;5133;4733;5043;5130;4812;5308;320314
150150;1859;157;87;48;59;59;89;50;57;84;68;49;47;2713
150157;169;25;20;6;3;3;3;5;3;0;2;1;2;242
150170;1435;14;11;37;33;24;27;27;18;33;19;12;19;1709
150172;3;0;0;0;0;0;0;0;0;0;0;0;0;3
150175;47;1;0;9;1;3;3;1;1;1;2;2;4;75
150178;83;2;6;6;2;2;14;2;4;7;1;4;11;144
150180;2343;31;37;55;64;50;47;75;98;85;75;48;66;3074
150190;117;1;0;0;1;2;2;0;1;0;1;0;18;143
150200;214;0;0;0;1;0;0;0;0;0;4;0;0;219
150210;835;9;19;7;6;5;6;5;5;5;1;14;6;923
150220;2598;64;34;39;56;63;46;20;38;59;23;50;63;3153
150230;323;3;22;7;12;4;3;9;7;7;11;9;36;453
150240;6559;123;133;395;228;155;278;126;169;187;174;240;164;8931
150250;70;0;0;0;1;1;1;3;1;1;1;1;1;81
150260;2;0;0;0;0;0;0;0;0;0;0;0;0;2
150270;1736;45;54;58;91;43;42;48;45;43;49;53;52;2359
150275;66;0;1;0;0;2;0;0;1;0;1;1;2;74
150277;460;3;0;1;0;0;7;2;3;0;0;2;3;481
150280;2;0;0;0;0;0;0;0;0;0;0;0;0;2
150290;282;2;0;2;2;1;1;2;1;0;0;2;4;299
150293;241;1;5;0;0;1;1;0;2;1;1;0;3;256
150295;2;0;0;0;0;0;1;0;0;0;0;0;0;3
150300;108;0;0;1;0;0;0;0;2;0;1;0;0;112
150307;273;6;5;10;13;11;5;10;11;3;8;4;16;375
150309;141;0;1;7;2;3;3;3;8;3;2;4;7;184
150310;45;0;0;0;0;0;0;0;0;1;0;0;0;46
150320;376;3;4;1;1;0;0;0;1;1;2;1;2;392
150330;565;0;1;1;4;1;0;0;1;0;0;0;0;573
150340;139;4;3;8;10;1;3;2;4;3;6;2;0;185
150350;589;15;16;17;13;10;13;12;12;14;11;7;12;741
150360;1515;83;40;23;19;45;18;13;30;40;53;32;43;1954
150370;147;0;2;5;1;3;2;0;0;1;4;2;2;169
150375;12;0;1;0;0;1;0;0;1;0;0;0;0;15
150380;497;6;14;17;13;14;30;15;26;16;23;41;51;763
150390;26;2;0;0;1;0;0;0;0;0;0;0;0;29
150400;7;0;0;0;0;0;0;0;0;0;1;0;0;8
150405;0;0;0;0;0;0;0;0;0;0;0;0;1;1
150410;92;7;14;14;9;1;0;1;0;1;0;1;0;140
150420;7397;187;211;277;250;246;395;347;245;269;218;432;260;10734
150430;323;3;2;0;4;1;6;0;1;2;2;0;0;344
150440;227;2;0;2;1;0;4;0;1;1;2;0;15;255
150445;106;1;59;5;0;6;4;1;5;0;2;0;1;190
150450;2;0;0;0;0;0;0;0;0;0;0;0;0;2
150460;36;0;0;0;1;0;0;1;1;0;0;1;0;40
150470;1106;46;29;29;34;41;66;27;42;41;52;20;33;1566
150480;708;3;0;2;4;3;2;2;1;0;1;3;8;737
150490;55;0;1;0;3;1;2;2;3;0;0;0;1;68
150500;234;0;1;1;1;0;1;0;3;0;1;0;1;243
150503;54;1;0;4;7;6;1;0;3;1;0;4;2;83
150510;1082;40;25;6;3;172;12;94;6;6;9;78;13;1546
150520;6;0;0;0;0;0;0;0;0;0;0;0;0;6
150530;3662;75;114;67;75;56;64;71;114;70;144;84;153;4749
150540;286;1;8;5;6;3;5;1;2;4;13;2;3;339
150543;4664;122;301;291;120;175;182;163;262;166;420;137;106;7109
150548;381;17;17;7;4;18;15;31;20;21;15;32;21;599
150549;187;0;0;0;0;0;1;1;1;0;2;0;0;192
150550;7146;187;281;349;401;456;492;414;401;376;583;376;672;12134
150553;1181;19;22;26;30;41;55;37;59;35;28;35;127;1695
150560;118;0;0;1;0;0;0;0;0;0;1;0;1;121
150570;235;0;1;0;0;1;0;0;0;4;2;2;0;245
150580;687;5;23;20;1;6;16;12;22;3;23;10;1;829
150590;49;1;3;3;1;0;1;0;1;0;1;0;6;66
150600;251;7;8;0;1;3;2;7;2;1;2;11;4;299
150610;330;0;0;0;0;1;0;1;0;0;1;0;0;333
150613;1935;33;59;50;62;36;40;67;61;103;115;161;133;2855
150616;595;4;11;12;11;5;11;6;9;12;13;15;51;755
150618;2032;74;152;56;104;76;98;93;91;118;70;75;138;3177
150619;303;55;1;3;3;0;2;4;2;0;6;20;153;552
150620;424;2;2;1;0;5;25;8;12;14;12;9;6;520
150630;169;0;1;0;1;2;3;0;1;1;1;0;2;181
150635;140;0;0;0;0;0;0;0;0;0;1;0;0;141
150640;44;0;0;0;1;1;0;0;2;1;0;1;0;50
150650;2670;57;55;71;63;88;95;72;77;83;137;83;67;3618
150655;204;0;1;0;0;0;0;0;0;1;0;0;1;207
150658;32;3;0;2;1;0;1;1;0;0;2;2;2;46
150660;353;7;1;3;1;3;1;1;2;4;3;0;0;379
150670;635;19;38;46;31;43;41;47;52;39;43;24;35;1093
150680;11378;201;208;196;230;161;224;193;245;228;265;391;342;14262
150690;1;0;0;0;0;0;0;0;0;0;0;0;0;1
150700;469;10;13;9;11;8;8;10;28;10;8;2;12;598
150710;348;1;2;9;1;0;1;0;12;0;0;1;0;375
150715;2;0;0;0;0;0;0;0;0;0;0;0;0;2
150720;472;3;10;12;11;8;21;9;3;8;34;4;11;606
150730;443;17;28;37;10;31;39;17;18;24;102;65;52;883
150740;331;2;3;2;0;3;2;3;3;3;0;5;5;362
150745;582;7;8;11;19;19;13;13;5;4;7;9;12;709
150747;371;3;3;1;0;5;2;2;0;0;3;18;19;427
150750;19;0;0;0;0;0;0;0;0;0;0;1;0;20
150760;1176;13;24;21;19;26;11;25;16;24;18;39;21;1433
150770;19;0;0;0;0;0;2;0;0;0;0;0;0;21
150780;16;4;7;4;4;4;3;41;0;1;0;7;5;96
150790;523;5;2;3;2;4;3;2;8;0;2;1;2;557
150795;440;11;10;8;11;11;16;10;14;21;18;18;39;627
150800;951;22;28;43;36;30;27;34;34;33;43;38;106;1425
150808;190;0;6;4;3;2;5;11;2;4;2;5;22;256
150810;2780;154;117;111;223;93;103;251;121;104;64;128;136;4385
150812;227;0;0;2;1;0;0;1;4;1;5;2;13;256
150820;562;4;3;6;4;5;4;2;2;8;3;2;1;606
150830;296;0;2;0;0;0;2;0;0;0;0;2;0;302
150840;3477;173;211;966;144;510;240;272;279;195;219;724;275;7685
159999;163;0;0;2;0;1;2;2;4;4;4;2;3;187
160005;53;0;0;0;0;1;0;1;0;0;0;2;1;58
160010;17;0;1;0;0;0;0;1;1;1;0;0;1;22
160020;28;0;1;0;0;2;0;1;0;0;0;0;1;33
160023;2;0;0;0;0;0;0;1;0;1;1;0;0;5
160027;57;5;7;5;4;20;9;2;12;1;1;10;7;140
160030;33766;403;441;496;569;514;533;493;586;492;459;512;1103;40367
160040;210;3;3;5;5;2;6;3;4;5;3;4;3;256
160050;15;1;0;3;2;1;0;1;0;1;0;0;0;24
160060;955;124;118;108;63;63;90;106;83;83;63;69;63;1988
160070;85;0;2;0;3;4;5;7;1;2;4;1;1;115
169999;64;0;1;3;1;12;3;4;2;3;2;4;3;102
170040;7;0;0;0;0;0;0;0;0;0;0;0;0;7
170070;343;2;4;3;9;6;7;5;17;2;7;4;8;417
170100;27;0;0;3;1;0;1;0;0;1;0;5;0;38
170190;12;1;0;1;0;0;0;1;0;0;0;0;15;30
170200;305;8;13;11;15;11;12;12;12;15;10;11;9;444
170210;6531;187;209;300;273;170;250;275;283;545;247;343;378;9991
170220;163;2;4;1;3;4;3;8;4;1;3;1;1;198
170230;334;1;1;8;7;2;3;4;4;2;1;4;3;374
170240;85;0;1;6;6;1;1;0;5;38;5;0;14;162
170255;149;1;0;0;2;1;0;1;0;1;0;0;1;156
170270;10;0;0;0;0;0;0;0;0;0;0;0;0;10
170290;17;0;0;0;0;1;1;0;1;0;0;0;0;20
170300;116;0;0;0;1;0;2;0;2;1;1;0;1;124
170310;11;0;2;2;0;2;1;1;2;1;0;0;2;24
170320;1;0;0;0;0;0;0;0;0;0;0;0;0;1
170370;121;0;1;0;1;3;9;2;2;2;0;1;1;143
170380;6;1;0;0;2;0;0;0;2;0;0;0;0;11
170384;76;0;0;0;0;0;0;0;0;0;1;30;10;117
170390;66;0;33;6;1;0;0;0;2;1;0;0;3;112
170550;644;19;26;15;10;36;18;28;17;20;8;6;14;861
170555;2;0;0;0;0;0;0;0;0;0;0;0;0;2
170560;2;0;0;0;0;0;0;0;0;0;0;0;0;2
170600;75;0;1;0;2;1;4;2;4;9;22;94;23;237
170610;314;2;10;4;14;10;2;8;4;5;3;17;7;400
170700;182;5;1;1;4;2;2;1;7;1;3;1;1;211
170710;17;0;1;0;0;1;0;1;1;0;1;0;0;22
170720;50;13;0;1;0;1;1;0;0;0;0;0;0;66
170730;113;1;11;4;18;16;6;7;7;7;1;4;7;202
170755;19;1;0;0;0;0;0;0;0;0;0;0;1;21
170765;201;1;1;1;5;3;1;4;5;4;2;0;1;229
170770;12;0;1;0;0;0;0;0;1;0;1;0;0;15
170820;843;58;30;26;24;22;35;25;22;14;18;22;14;1153
170900;168;0;1;1;1;0;0;3;1;1;2;1;2;181
170930;704;14;13;12;11;26;49;45;28;24;37;102;28;1093
170950;4426;91;162;158;197;139;180;140;167;389;139;264;162;6614
171050;20;0;1;1;0;0;0;0;0;1;1;1;1;26
171070;8;0;1;0;0;0;0;0;0;0;0;0;0;9
171110;16;0;0;0;0;1;0;1;1;0;1;0;0;20
171240;1;0;0;0;0;0;0;0;0;0;0;0;0;1
171250;2;0;0;0;0;0;0;0;0;1;0;0;0;3
171320;2344;19;10;51;30;24;35;38;48;27;33;15;19;2693
171330;267;1;29;17;7;2;7;5;5;19;1;1;13;374
171360;54;0;0;0;0;0;0;0;1;0;0;1;1;57
171420;112;1;0;1;1;2;1;4;1;5;0;0;0;128
171430;321;107;32;48;8;2;7;12;20;25;15;20;139;756
171488;76;0;1;2;1;4;1;0;2;0;0;2;37;126
171510;69;1;2;1;0;0;1;0;1;0;0;1;1;77
171575;193;0;2;2;0;0;0;0;1;0;1;0;3;202
171610;1583;58;28;38;51;39;90;46;51;70;56;157;158;2425
171620;3;0;0;0;0;0;0;0;1;1;0;0;0;5
171650;86;0;1;1;1;0;1;2;1;0;0;0;0;93
171660;114;0;3;5;1;5;7;11;2;14;12;10;9;193
171665;65;0;1;2;1;2;0;2;1;1;0;0;0;75
171670;179;0;0;0;0;0;0;2;0;0;0;1;0;182
171700;3;0;0;0;0;0;0;0;0;0;0;0;0;3
171750;83;1;0;5;1;0;1;3;3;2;2;0;4;105
171780;24;0;0;0;0;1;0;0;0;0;0;0;1;26
171790;244;0;0;2;0;0;0;1;1;0;2;15;11;276
171820;1348;46;34;96;46;30;83;40;57;47;38;103;119;2087
171840;141;0;0;1;0;1;0;1;0;2;5;1;5;157
171875;6;0;0;0;0;0;0;0;0;0;0;0;0;6
171886;17;0;0;0;0;0;0;0;0;0;0;0;0;17
171890;66;0;0;0;0;0;0;0;2;0;0;2;1;71
171900;0;0;0;0;0;0;0;0;0;0;3;4;0;7
172030;157;0;0;0;0;0;0;0;0;0;0;0;0;157
172065;103;1;3;10;12;3;9;4;0;0;0;0;0;145
172080;178;0;0;0;0;0;0;0;0;0;0;0;0;178
172090;72;0;1;0;0;0;2;1;0;1;1;0;1;79
172100;35552;275;234;311;324;395;385;474;418;537;545;657;456;40563
172110;22;1;1;5;0;0;12;2;1;0;0;0;2;46
172120;338;3;6;2;1;1;3;2;1;0;5;1;6;369
172208;207;2;13;13;8;7;8;15;7;2;2;7;1;292
172210;143;2;9;3;13;1;5;2;5;2;7;1;1;194
179999;92;2;3;0;2;1;4;0;3;2;1;14;13;137
210005;4520;126;132;224;168;190;252;206;193;227;166;265;268;6937
210010;2;0;0;0;0;0;0;0;0;0;0;0;0;2
210020;194;2;20;4;2;1;6;0;0;2;0;2;4;237
210030;221;1;1;1;2;0;0;9;0;4;0;0;0;239
210040;44;1;0;1;1;0;6;0;0;1;0;0;0;54
210050;39;1;3;1;0;0;0;2;3;0;0;1;0;50
210060;62;1;0;0;2;0;1;1;2;1;3;1;4;78
210070;19;0;0;0;0;0;0;0;0;0;0;0;0;19
210080;2;0;0;0;0;0;0;0;0;0;0;0;0;2
210090;49;1;0;1;1;0;0;0;0;0;1;0;0;53
210095;93;2;0;0;0;2;0;0;0;0;0;0;1;98
210100;21;0;0;2;0;0;0;0;0;0;0;0;0;23
210110;11;0;0;0;0;0;1;0;0;0;0;1;0;13
210120;3102;29;23;38;42;31;73;44;46;59;36;47;77;3647
210130;8;0;0;1;0;0;0;0;1;0;1;1;0;12
210140;1317;8;12;16;13;18;22;15;11;12;9;14;17;1484
210150;449;0;1;4;3;5;0;1;0;1;1;1;53;519
210160;1393;4;464;8;16;10;9;21;3;7;2;6;4;1947
210170;717;1;0;2;0;1;0;0;0;0;0;0;0;721
210180;20;0;0;0;0;0;0;0;1;1;0;2;0;24
210190;549;0;0;12;10;3;3;1;3;2;3;2;2;590
210200;111;0;1;0;0;0;1;2;1;0;0;1;0;117
210210;661;71;2;2;0;0;2;2;1;3;3;0;1;748
210220;20;0;0;1;0;0;1;0;0;1;1;1;0;25
210230;52;0;0;5;1;1;0;1;0;1;0;0;0;61
210240;332;0;0;0;0;0;0;0;0;0;0;0;0;332
210250;4;0;0;0;0;0;0;0;0;0;0;0;0;4
210260;144;2;3;1;0;0;1;2;0;0;0;4;9;166
210270;43;7;4;2;0;2;1;0;3;1;0;0;0;63
210280;1170;13;19;19;11;5;44;13;14;13;10;8;21;1360
210290;61;2;0;0;0;0;1;1;2;0;3;1;3;74
210300;4606;80;45;92;73;78;104;69;54;78;67;63;105;5514
210310;4;0;0;0;0;0;0;0;0;0;0;0;0;4
210320;2002;1;3;11;6;3;4;7;6;16;3;7;3;2072
210330;2677;7;16;21;34;20;29;25;22;38;51;37;87;3064
210340;2290;519;92;42;193;80;72;198;173;1537;1197;282;76;6751
210360;1036;4;23;3;8;5;10;13;15;5;3;4;1;1130
210370;99;2;1;1;1;0;0;3;1;0;1;4;1;114
210380;210;6;0;1;5;3;10;10;11;6;3;0;3;268
210390;260;0;0;0;0;0;0;0;0;0;0;0;0;260
210400;24;0;0;0;0;0;0;0;1;0;1;0;0;26
210405;68;1;2;1;5;3;3;0;5;1;1;4;3;97
210410;216;23;14;14;13;0;0;1;2;0;0;0;0;283
210420;54;0;0;0;0;0;0;0;0;0;0;0;1;55
210430;74;0;1;1;0;1;0;1;0;1;2;1;2;84
210440;16;0;0;0;1;1;0;0;0;1;0;0;0;19
210450;13;0;0;0;0;1;0;0;0;0;0;0;0;14
210460;238;0;6;2;1;2;1;4;0;0;0;0;0;254
210470;2;0;0;0;0;0;0;0;0;0;0;0;0;2
210480;314;3;4;12;4;4;4;8;4;4;4;5;7;377
210490;25;0;0;0;0;0;0;0;0;1;0;0;1;27
210500;67;0;0;0;0;0;0;0;0;0;0;1;0;68
210510;1;0;0;0;0;0;0;0;0;0;0;0;0;1
210520;351;1;0;1;0;1;0;0;0;0;0;0;7;361
210530;13219;274;418;487;480;455;541;440;590;472;398;476;594;18844
210540;1506;2;6;5;3;5;4;7;3;2;3;5;3;1554
210550;438;4;5;50;28;4;3;4;6;14;8;1;8;573
210560;59;0;0;0;0;0;0;0;0;0;0;5;0;64
210570;326;2;2;4;1;1;7;4;0;1;2;2;3;355
210580;165;0;1;0;0;0;0;0;0;0;0;0;0;166
210590;16;0;0;1;0;0;2;1;1;0;0;2;0;23
210600;221;1;0;0;0;0;0;2;0;1;1;0;0;226
210610;137;1;3;2;1;0;0;0;0;1;0;2;0;147
210620;1;0;0;0;0;0;0;0;0;0;0;0;0;1
210630;236;0;0;0;0;0;0;0;1;0;0;0;0;237
210640;51;0;0;0;1;1;0;0;1;2;1;1;0;58
210650;885;0;0;1;0;0;0;0;0;0;0;0;0;886
210660;302;0;0;11;4;3;2;1;42;0;1;0;0;366
210670;13;0;0;1;1;0;0;0;0;0;0;0;0;15
210675;2;0;0;0;0;0;0;0;0;0;0;0;0;2
210680;7;0;0;0;0;0;0;0;0;0;0;0;0;7
210690;175;1;1;2;5;1;2;2;0;1;0;1;2;193
210700;125;1;1;1;1;1;1;3;0;0;0;0;1;135
210710;173;0;0;0;0;0;0;0;0;0;0;0;0;173
210720;285;0;0;0;0;0;0;0;0;0;0;0;0;285
210730;3;0;0;0;0;0;0;0;0;0;0;0;0;3
210740;320;1;0;0;0;0;1;2;2;1;0;0;1;328
210750;1513;14;21;26;13;8;3;13;18;6;15;13;30;1693
210760;3;0;0;0;0;0;0;0;0;0;0;0;0;3
210770;244;0;0;1;1;0;1;0;0;0;1;1;0;249
210780;482;5;0;29;3;0;1;1;4;1;0;0;0;526
210790;26;1;0;0;0;0;0;0;0;0;3;0;0;30
210800;223;0;0;0;0;0;0;0;0;0;0;0;0;223
210810;68;0;0;0;2;0;0;0;0;0;1;0;4;75
210820;1782;14;10;18;9;7;29;10;20;21;11;27;19;1977
210830;34;1;0;0;0;0;0;0;0;0;0;0;0;35
210840;44;0;0;0;0;0;0;0;0;0;0;0;0;44
210850;121;6;4;6;23;4;21;18;10;7;0;2;1;223
210860;2114;24;13;53;27;25;32;6;17;26;9;17;17;2380
210870;554;2;1;2;1;2;3;0;1;0;1;4;1;572
210880;2;0;0;0;0;0;0;0;0;0;0;0;0;2
210890;479;0;0;0;0;0;0;0;0;0;1;0;4;484
210900;781;13;19;25;14;10;17;12;8;117;17;8;1;1042
210910;485;0;0;4;2;3;1;3;3;16;1;12;4;534
210920;2;0;0;0;0;0;0;0;0;0;0;0;0;2
210930;5;0;0;0;0;0;0;0;0;0;0;0;0;5
210940;36;0;0;0;0;0;0;0;0;0;0;0;0;36
210950;30;0;0;3;1;0;1;1;0;1;0;0;0;37
210960;799;10;20;23;27;7;13;10;21;28;15;10;21;1004
210990;2014;27;29;47;36;35;37;25;44;26;29;26;61;2436
211000;593;5;19;20;25;47;64;15;17;15;26;14;21;881
211003;23;0;3;0;0;0;0;0;1;0;1;0;1;29
211010;356;3;0;6;0;0;0;0;1;0;0;0;4;370
211020;118;0;0;0;0;0;0;0;7;0;1;0;7;133
211030;308;1;0;0;1;1;0;0;0;0;2;0;6;319
211040;371;0;1;6;0;1;0;0;0;0;0;0;0;379
211050;116;1;1;0;1;2;0;0;1;1;0;2;0;125
211060;235;2;0;1;1;0;0;0;0;0;0;1;4;244
211070;474;1;0;1;0;1;0;1;1;1;1;0;2;483
211080;2;0;0;0;0;0;0;0;0;0;0;0;0;2
211090;167;6;0;3;1;0;1;1;0;0;0;0;0;179
211100;8;0;0;0;0;0;0;0;0;0;0;0;0;8
211110;626;2;4;4;4;4;2;3;3;1;0;7;2;662
211120;1798;16;57;61;66;17;25;37;31;47;22;34;120;2331
211130;155757;2534;2005;2888;2536;2149;2395;2097;2812;2461;2076;2530;3752;185992
211140;483;0;3;3;0;0;0;3;1;0;1;0;0;494
211150;894;1;1;0;3;0;1;0;1;0;1;1;2;905
211160;142;0;0;3;1;1;2;3;0;0;4;1;5;162
211170;2;0;0;0;0;0;0;0;0;0;1;2;5;10
211180;29;2;0;1;0;0;0;1;0;0;0;0;1;34
211190;3;0;0;0;0;0;0;1;0;0;0;0;0;4
211200;128;3;0;2;0;0;1;0;1;0;1;3;0;139
211210;410;0;0;2;0;0;0;0;0;0;0;0;0;412
211220;1267;37;27;37;36;25;50;37;40;53;131;27;39;1806
211230;186;1;0;3;0;1;1;2;5;2;4;12;3;220
211240;265;0;0;1;0;0;1;0;1;1;0;1;0;270
211250;2270;201;21;9;103;7;20;8;7;6;133;12;174;2971
211260;82;1;0;3;0;0;0;0;0;0;0;0;1;87
211270;563;0;1;1;1;0;1;3;2;1;0;0;1;574
211280;390;2;0;2;2;3;16;0;1;12;1;2;2;433
211290;115;0;1;0;0;0;3;0;0;0;4;0;0;123
211300;141;1;2;1;0;0;2;1;1;1;0;0;1;151
211400;93;3;0;0;1;0;1;3;0;2;1;1;1;106
219999;561;1;2;7;22;14;5;2;12;0;0;1;1;628
220010;277;3;0;0;0;0;0;0;0;0;0;0;2;282
220020;478;4;4;6;6;30;8;9;6;3;4;9;4;571
220027;4;0;0;0;0;0;0;0;0;0;0;0;0;4
220030;686;0;1;0;0;0;1;0;0;0;0;2;1;691
220040;757;3;9;3;90;3;4;4;1;10;1;4;16;905
220050;303;3;0;1;2;1;0;1;9;1;1;0;2;324
220060;329;2;0;0;1;0;0;0;0;0;1;1;9;343
220070;11;0;0;0;0;0;0;0;0;0;0;0;0;11
220080;126;0;0;0;0;0;0;0;0;0;0;0;0;126
220090;345;6;10;12;5;6;3;4;9;2;5;1;0;408
220100;146;0;0;0;0;0;0;0;0;0;0;0;0;146
220110;16;0;0;0;0;0;0;0;0;0;1;0;0;17
220120;695;6;2;32;2;4;1;2;0;1;1;0;1;747
220130;4;0;0;0;0;0;0;0;0;0;0;0;0;4
220140;216;0;0;0;0;0;0;0;0;0;0;0;0;216
220150;278;1;1;7;0;1;0;0;0;0;0;0;0;288
220160;219;0;0;0;0;0;0;2;0;0;0;0;1;222
220170;24;0;1;0;0;0;0;0;0;0;0;0;0;25
220180;71;0;3;1;1;0;3;0;0;0;0;0;0;79
220190;198;1;0;10;2;0;4;0;2;2;1;1;2;223
220191;64;0;0;0;0;0;0;0;0;0;0;0;0;64
220192;10;0;0;0;0;0;0;0;0;0;0;0;0;10
220200;358;4;2;2;1;1;0;0;0;2;1;1;1;373
220202;20;0;0;0;0;0;0;0;0;0;0;0;0;20
220205;59;0;0;0;0;0;0;0;0;0;0;0;0;59
220209;33;0;0;0;0;0;0;0;0;0;0;0;0;33
220210;164;0;0;0;0;0;0;0;0;0;0;0;0;164
220220;1418;21;12;24;20;18;16;15;23;12;19;14;25;1637
220230;219;1;0;3;8;2;4;1;3;0;0;0;1;242
220240;129;0;0;0;0;0;0;0;0;2;0;0;1;132
220250;4;0;0;0;0;0;0;0;0;0;0;0;0;4
220260;125;1;0;2;2;0;0;3;2;9;0;0;0;144
220270;351;3;7;1;0;1;0;1;0;0;1;0;0;365
220275;24;0;0;0;0;0;0;0;0;0;0;0;0;24
220280;57;0;0;0;0;0;0;0;0;0;0;0;0;57
220290;191;6;4;2;5;3;2;6;6;0;14;6;1;246
220300;3;0;0;0;0;0;0;0;0;0;0;0;0;3
220310;73;0;2;0;2;1;3;0;0;2;0;0;0;83
220320;139;0;0;0;2;0;1;2;1;1;0;0;0;146
220330;357;1;11;6;2;0;6;4;3;12;17;4;25;448
220335;19;0;0;0;1;0;1;0;0;0;0;0;0;21
220340;167;1;1;4;6;8;2;1;5;4;2;7;6;214
220342;2;0;0;0;0;0;0;0;0;0;0;0;0;2
220350;235;2;4;3;1;1;2;5;10;4;8;14;1;290
220360;69;0;0;0;0;0;1;0;0;0;0;0;0;70
220370;432;7;6;4;5;6;4;2;3;3;4;4;3;483
220380;38;0;0;0;0;0;0;0;0;0;0;0;0;38
220390;2742;31;32;31;57;36;55;30;51;65;30;42;25;3227
220400;224;0;0;0;0;1;1;0;0;0;0;0;0;226
220410;78;0;0;0;0;0;0;0;0;0;0;0;0;78
220420;111;1;0;1;1;2;0;1;0;0;0;1;0;118
220430;133;15;1;3;1;3;2;1;2;0;1;1;3;166
220440;32;0;1;0;1;0;0;2;2;0;0;0;0;38
220450;346;56;4;72;8;4;2;10;22;1;2;0;0;527
220460;172;0;0;0;0;0;0;0;0;0;0;0;0;172
220470;139;0;0;0;0;0;0;0;1;0;0;0;0;140
220480;105;0;0;2;0;1;0;0;0;0;0;0;0;108
220490;73;0;0;0;0;0;0;0;0;0;0;0;0;73
220500;97;0;2;1;0;0;0;1;0;1;1;0;2;105
220510;247;0;0;0;1;0;0;0;1;0;0;0;0;249
220515;20;0;0;0;0;0;0;0;0;0;0;0;0;20
220520;57;0;0;2;0;0;0;2;0;0;0;0;1;62
220525;74;0;0;0;0;0;0;0;0;0;0;0;0;74
220530;189;0;0;0;0;1;0;0;0;0;0;0;0;190
220540;4;0;0;0;0;0;0;0;0;0;0;0;0;4
220550;248;1;2;1;1;4;3;0;2;0;1;0;0;263
220556;25;0;0;0;0;0;0;0;0;0;0;0;0;25
220560;196;0;0;0;0;0;0;0;0;0;0;0;0;196
220570;1927;2;2;1;1;8;2;15;6;5;1;2;6;1978
220580;185;8;16;8;3;2;1;0;1;0;0;0;2;226
220590;248;0;0;0;0;0;0;0;1;1;0;2;5;257
220600;50;0;2;0;0;1;0;1;0;0;0;0;0;54
220610;4;0;0;0;0;0;0;0;1;0;0;0;0;5
220620;434;12;1;42;82;18;37;37;4;30;8;4;1;710
220630;46;0;2;0;3;0;0;1;1;1;0;0;1;55
220640;276;0;0;0;0;0;0;0;0;0;0;0;0;276
220650;54;0;0;0;0;0;0;0;0;0;0;0;0;54
220660;64;0;0;0;0;0;0;0;0;0;0;0;0;64
220670;112;0;1;0;0;1;0;0;0;0;0;0;0;114
220680;100;0;0;0;0;0;0;1;0;0;0;0;0;101
220690;223;0;0;0;0;0;0;0;1;0;0;0;0;224
220700;786;138;13;9;28;17;5;5;4;3;2;6;6;1022
220720;49;0;0;0;0;0;2;2;1;2;3;1;1;61
220730;4;0;0;0;0;0;0;0;0;0;0;0;0;4
220740;48;0;0;0;0;0;0;0;0;0;0;0;0;48
220750;11;0;0;0;0;0;1;0;0;0;0;0;0;12
220760;4;0;0;0;0;0;0;0;0;0;1;0;0;5
220770;6749;114;109;123;206;285;158;122;177;125;116;159;201;8644
220780;179;1;3;1;3;1;4;1;3;2;3;0;0;201
220790;424;4;2;3;3;1;1;6;1;1;2;0;2;450
220800;4079;122;77;96;144;86;108;88;125;117;126;170;84;5422
220810;114;0;0;2;4;5;1;0;0;1;2;1;0;130
220820;306;0;1;11;0;0;1;2;0;0;1;0;0;322
220830;546;110;9;10;13;219;5;1;8;3;8;9;6;947
220840;1533;36;38;97;66;15;28;20;131;21;16;36;29;2066
220850;222;0;0;0;0;0;0;0;0;0;0;0;0;222
220860;99;0;0;0;0;0;0;0;13;0;1;0;0;113
220870;49;0;1;3;1;0;0;0;0;0;0;0;1;55
220880;299;0;0;3;0;1;0;2;1;0;1;0;0;307
220890;170;2;5;5;3;2;3;1;3;0;1;1;2;198
220900;89;0;0;0;0;0;0;0;0;0;0;1;0;90
220910;28;0;0;0;0;0;0;0;0;0;0;1;0;29
220920;7;0;1;0;0;1;1;0;0;0;7;5;0;22
220930;102;0;0;0;0;0;0;0;0;0;0;0;1;103
220940;92;0;6;2;0;0;0;0;0;0;0;0;1;101
220950;132;0;0;0;0;0;0;0;0;0;0;0;0;132
220960;288;2;1;2;1;0;1;2;0;1;0;2;4;304
220970;8;0;0;0;0;0;0;0;0;0;0;0;0;8
220980;212;0;0;1;0;0;0;0;0;0;0;0;0;213
220990;7;0;0;0;0;0;0;0;0;0;0;0;0;7
221000;693;5;9;70;26;32;3;0;0;1;1;2;3;845
221005;5;0;0;0;0;0;0;0;0;0;0;0;0;5
221010;197;0;0;0;0;0;0;0;0;0;0;0;0;197
221020;9;1;0;0;0;0;1;1;0;0;0;0;0;12
221030;113;0;0;3;0;0;0;0;0;0;0;0;0;116
221040;70;0;3;4;5;2;0;1;1;0;0;2;5;93
221050;364;4;5;2;0;1;1;1;2;0;0;1;1;382
221060;709;21;57;9;8;7;3;4;8;4;6;15;33;884
221065;99;0;0;0;0;0;0;0;0;0;0;0;0;99
221070;224;17;11;6;3;4;0;2;1;4;3;0;1;276
221080;114;1;1;6;1;0;0;1;0;0;1;0;1;126
221090;4;0;0;0;0;0;0;0;0;0;0;0;0;4
221100;135862;1183;1675;1948;2121;1916;2317;1735;2273;1909;1492;1773;2500;158704
221110;1362;17;34;139;248;137;597;66;105;250;131;1243;41;4370
221120;75;1;0;1;2;4;0;4;0;0;2;0;3;92
221130;457;0;3;0;4;2;0;1;0;0;0;0;3;470
221140;13;0;0;0;0;0;0;0;0;0;0;0;0;13
229999;11;0;0;0;0;0;0;0;0;0;0;0;0;11
230010;403;19;22;21;8;20;29;49;30;3;18;7;11;640
230015;133;2;2;3;2;0;1;1;3;3;36;3;3;192
230020;815;14;14;19;21;13;16;45;12;16;5;21;33;1044
230030;1502;24;91;85;63;18;37;34;39;47;17;32;35;2024
230040;498;0;0;0;0;0;0;0;0;0;0;0;0;498
230050;646;0;0;0;0;0;0;0;0;0;0;0;0;646
230060;170;72;54;5;3;2;0;2;6;0;1;2;1;318
230070;276;0;7;1;5;4;0;1;1;1;2;0;0;298
230075;819;8;7;1;2;3;3;7;5;3;3;1;1;863
230080;109;15;68;2;0;1;2;0;1;0;1;1;1;201
230090;128;1;3;2;3;5;0;0;1;0;1;0;3;147
230100;5444;116;121;143;105;124;114;150;253;156;149;174;84;7133
230110;2869;150;231;164;151;86;95;114;75;123;143;51;275;4527
230120;710;0;2;6;5;6;7;2;6;2;5;2;4;757
230130;427;0;0;0;0;0;1;0;1;0;0;0;0;429
230140;408;0;0;0;0;0;1;0;0;0;0;0;0;409
230150;330;0;4;0;0;1;0;2;1;5;3;0;6;352
230160;1170;3;14;8;10;17;6;9;14;4;7;5;1;1268
230170;2319;26;16;11;24;12;14;13;14;9;4;4;6;2472
230180;250;0;0;0;0;0;0;0;1;0;0;0;0;251
230185;5;0;0;0;0;0;0;0;0;0;0;0;0;5
230190;2441;32;35;38;36;43;154;127;97;658;477;67;94;4299
230195;9;0;0;0;0;0;0;0;0;0;0;0;1;10
230200;852;4;4;6;8;7;5;6;13;3;6;6;8;928
230205;6;0;0;0;0;0;0;0;0;0;0;0;0;6
230210;1535;15;28;37;18;17;15;9;17;9;10;12;13;1735
230220;1047;17;9;22;12;9;18;9;19;12;8;3;6;1191
230230;549;9;8;12;9;4;0;2;1;2;0;1;2;599
230240;1130;1;0;2;15;2;5;3;6;0;1;3;5;1173
230250;1422;16;16;22;12;12;20;21;17;15;14;27;20;1634
230260;2238;18;43;23;36;20;77;33;34;18;25;8;101;2674
230270;899;4;7;3;6;7;8;12;4;3;29;0;5;987
230280;1424;3;8;3;9;11;8;5;3;3;6;23;10;1516
230290;356;4;3;1;1;1;2;1;2;0;0;0;0;371
230300;230;2;1;1;0;0;1;0;2;0;1;1;1;240
230310;252;1;1;2;0;1;3;3;1;2;7;2;4;279
230320;629;2;5;0;1;0;0;0;1;0;0;1;46;685
230330;464;0;0;0;0;1;1;0;1;0;0;0;1;468
230340;238;0;0;0;0;0;0;0;1;0;0;0;0;239
230350;2313;41;77;94;63;43;69;50;43;107;41;494;129;3564
230360;337;0;0;0;0;1;0;0;0;0;0;0;0;338
230370;10989;484;348;331;407;716;497;312;315;336;321;488;565;16109
230380;150;0;1;2;2;2;3;2;3;0;0;1;1;167
230390;751;0;0;0;1;2;1;9;1;7;0;4;0;776
230395;10;0;0;0;0;0;0;0;5;0;0;4;0;19
230400;845;2;1;0;3;0;2;0;11;0;0;0;4;868
230410;1651;12;14;36;16;20;17;19;13;27;21;53;23;1922
230420;4749;109;127;138;199;115;107;133;129;156;137;156;131;6386
230423;172;0;5;2;4;1;2;1;0;3;1;1;0;192
230425;143;1;0;0;0;1;1;0;0;0;3;2;4;155
230427;1;0;0;0;0;0;0;0;0;0;0;0;0;1
230428;2234;68;102;66;77;68;113;57;74;70;52;51;111;3143
230430;638;10;47;61;29;26;8;15;1;6;11;3;0;855
230435;685;19;9;29;15;17;21;14;35;8;415;30;14;1311
230440;377067;8609;8609;10557;9871;9624;10192;9052;10351;9812;9342;9591;11635;494312
230445;8;0;0;0;0;0;0;0;0;0;0;0;0;8
230450;274;1;1;1;2;2;1;0;1;3;0;1;0;287
230460;118;0;0;0;0;0;0;1;1;0;0;0;4;124
230465;139;0;0;0;0;0;0;0;0;0;0;0;0;139
230470;761;2;0;0;2;0;0;0;0;1;1;0;0;767
230480;3;0;0;0;0;0;0;0;0;0;0;0;0;3
230490;411;0;0;0;0;0;0;1;0;0;0;0;1;413
230495;404;3;7;22;19;2;8;4;4;16;0;3;0;492
230500;789;0;2;2;1;3;151;1;1;1;0;1;5;957
230510;165;5;0;6;4;2;0;0;1;2;1;3;0;189
230520;384;0;0;1;0;0;0;0;0;0;0;0;4;389
230523;675;14;20;14;11;13;26;17;33;6;11;28;36;904
230526;10;1;1;1;2;0;0;0;1;0;0;1;0;17
230530;293;2;2;7;3;4;3;9;1;1;0;4;0;329
230533;7;0;1;0;0;1;1;0;1;1;1;0;0;13
230535;405;6;60;23;12;11;8;34;6;4;0;6;16;591
230540;1552;6;8;11;6;7;11;15;4;10;15;9;12;1666
230560;1150;1;1;1;1;3;6;4;11;13;21;37;0;1249
230570;459;0;6;1;5;0;7;0;1;0;2;1;4;486
230580;582;6;7;5;6;3;21;13;7;7;17;85;8;767
230590;637;8;2;2;2;1;0;4;0;2;2;0;4;664
230600;576;1;24;15;1;3;1;6;12;6;15;4;5;669
230610;828;11;12;11;5;4;5;5;3;8;0;2;2;896
230620;209;3;0;0;0;4;0;2;2;3;4;20;2;249
230625;62;3;3;7;5;2;2;2;1;3;0;0;0;90
230630;741;36;35;43;3;9;3;13;7;3;5;0;17;915
230640;2289;50;35;44;21;36;34;20;103;19;26;24;11;2712
230650;423;1;0;0;0;0;6;0;0;0;0;0;2;432
230655;200;0;0;0;0;0;0;5;1;0;0;0;0;206
230660;337;0;0;0;0;0;0;0;0;0;0;1;4;342
230670;443;0;1;1;1;0;0;1;0;1;0;1;0;449
230680;187;1;3;3;0;1;3;0;0;4;0;0;2;204
230690;834;8;5;8;8;3;10;5;7;6;7;24;8;933
230700;808;38;76;56;18;12;16;13;11;24;55;32;68;1227
230710;476;1;1;3;0;0;2;7;0;3;0;1;1;495
230720;16;0;0;1;6;0;1;0;1;2;0;0;0;27
230730;11908;263;340;374;375;261;307;295;419;303;290;443;430;16008
230740;436;1;3;3;9;4;2;2;6;6;7;14;4;497
230750;1833;1;0;6;1;0;3;5;3;5;2;3;0;1862
230760;1659;20;50;21;34;43;510;22;56;44;56;40;36;2591
230763;287;34;2;7;4;1;2;5;3;6;1;4;0;356
230765;17089;394;453;453;441;548;545;416;541;550;422;504;469;22825
230770;8707;159;223;275;282;330;183;174;169;140;248;134;136;11160
230780;654;6;2;2;0;12;5;3;3;3;88;21;24;823
230790;36;0;0;0;0;0;0;0;1;0;0;0;0;37
230800;1109;0;0;1;1;1;0;0;0;0;1;0;0;1113
230810;680;0;2;1;0;2;34;2;1;4;2;3;3;734
230820;532;0;1;0;1;3;15;2;8;6;4;2;4;578
230830;702;10;4;5;2;2;1;2;3;1;0;1;4;737
230835;290;5;0;2;4;1;0;1;1;7;3;0;0;314
230837;339;0;0;5;165;0;0;0;0;0;0;0;0;509
230840;770;4;3;5;3;1;4;2;6;1;8;3;6;816
230850;914;2;6;5;2;9;3;3;6;3;3;3;0;959
230860;838;0;0;0;0;0;0;0;0;0;0;0;0;838
230870;2903;72;636;37;155;76;45;33;42;41;72;21;12;4145
230880;434;29;0;0;0;0;0;0;0;0;0;0;0;463
230890;456;0;0;0;0;1;1;0;0;4;2;11;1;476
230900;391;0;0;0;0;0;0;0;0;0;0;0;0;391
230910;272;0;0;0;0;0;0;0;1;0;0;0;0;273
230920;493;1;0;3;0;1;1;1;0;2;1;0;2;505
230930;532;109;3;2;2;0;7;4;5;2;1;2;8;677
230940;531;49;2;10;1;0;8;8;7;2;34;23;1;676
230945;7;0;0;0;0;0;0;0;0;0;0;0;0;7
230950;814;2;0;8;5;3;4;4;5;4;4;2;2;857
230960;3383;59;305;84;34;81;245;136;100;82;35;60;288;4892
230970;991;23;44;19;30;12;24;24;61;21;34;15;36;1334
230980;270;0;4;9;3;10;3;1;2;2;7;1;1;313
230990;254;0;0;0;0;0;0;0;0;0;0;1;4;259
231000;189;3;4;1;1;0;1;0;0;1;0;1;25;226
231010;313;0;4;4;5;7;2;7;0;1;1;2;0;346
231020;1042;15;19;12;10;11;12;32;20;13;15;43;24;1268
231025;399;1;1;4;0;0;0;2;14;0;2;1;1;425
231030;483;2;4;0;0;1;3;0;3;2;1;0;2;501
231040;154;1;0;0;11;1;1;0;0;0;0;1;1;170
231050;906;0;0;1;3;3;2;7;6;7;3;1;2;941
231060;148;0;3;0;1;0;0;0;1;0;0;0;0;153
231070;527;17;8;26;8;9;9;3;1;3;5;4;13;633
231080;495;0;1;2;1;1;0;0;0;0;0;0;9;509
231085;272;148;0;2;3;7;6;11;24;4;2;6;16;501
231090;184;0;2;3;4;1;12;3;4;0;2;2;1;218
231095;1;0;0;0;0;0;0;0;0;0;0;0;0;1
231100;407;1;0;0;3;0;2;2;1;0;2;1;0;419
231110;169;1;0;0;0;0;0;0;0;1;0;0;0;171
231120;383;0;1;0;0;0;0;0;0;0;0;0;0;384
231126;1;0;0;0;0;0;0;0;0;0;0;0;0;1
231130;3184;35;33;60;85;28;37;84;35;64;28;30;82;3785
231135;266;2;3;0;0;2;3;0;1;0;1;0;0;278
231140;1633;2;4;11;15;6;8;4;4;5;14;10;15;1731
231150;673;2;0;1;0;1;0;0;0;0;0;0;7;684
231160;1028;18;7;16;11;2;7;2;8;15;3;7;23;1147
231170;784;0;3;2;3;1;42;2;5;5;3;4;6;860
231180;1576;29;8;23;28;17;25;17;23;20;11;25;45;1847
231190;70;1;1;3;0;1;0;0;2;0;2;0;0;80
231195;1;0;0;0;0;0;0;0;0;0;0;0;0;1
231200;445;2;4;7;14;17;44;10;14;29;7;13;2;608
231210;264;1;8;4;1;3;3;0;1;1;7;0;3;296
231220;640;0;3;3;1;4;4;4;3;4;3;1;6;676
231230;585;3;3;4;4;3;5;4;2;7;7;13;2;642
231240;717;30;7;27;11;5;3;6;10;14;16;14;36;896
231250;264;1;0;0;0;1;1;0;0;28;1;3;2;301
231260;350;12;6;28;11;34;27;7;28;13;42;16;9;583
231270;285;10;1;5;2;4;5;2;2;2;1;5;1;325
231280;409;0;0;0;0;0;0;0;0;0;0;0;0;409
231290;9972;200;199;224;212;154;250;188;251;185;175;189;208;12407
231300;534;0;1;1;1;0;2;2;1;0;1;0;0;543
231310;672;25;8;19;9;5;10;23;9;13;3;5;42;843
231320;1164;0;2;1;0;0;0;1;0;0;0;0;0;1168
231330;221;6;9;4;7;7;3;5;2;11;8;3;2;288
231335;307;0;13;0;2;2;3;0;6;0;3;0;0;336
231340;1690;25;22;21;25;41;23;21;48;8;23;16;21;1984
231350;418;0;1;0;1;0;2;0;0;1;1;1;26;451
231355;7;0;0;0;0;0;0;0;0;0;0;0;0;7
231360;957;3;1;2;7;2;4;6;7;3;4;3;5;1004
231370;88;0;0;0;0;0;0;0;0;0;0;1;0;89
231375;38;0;1;0;0;0;0;0;3;1;1;1;0;45
231380;1073;71;53;39;15;37;145;66;49;62;61;22;66;1759
231390;596;0;1;0;0;0;0;0;0;0;0;0;0;597
231395;2;0;1;1;0;0;1;0;0;0;0;2;0;7
231400;1179;7;12;21;34;8;7;15;93;6;22;9;9;1422
231410;800;0;2;0;1;0;1;0;1;0;1;1;0;807
239999;3812;34;41;41;40;57;69;52;65;68;46;50;74;4449
240010;361;0;2;4;4;4;4;0;10;0;1;3;13;406
240020;2788;346;70;131;68;50;39;46;29;34;29;81;232;3943
240030;306;0;0;0;1;0;2;0;0;0;0;1;0;310
240040;116;0;0;0;0;0;0;0;0;0;0;0;0;116
240050;412;0;0;0;0;0;0;0;0;0;1;1;0;414
240060;103;0;4;0;0;1;0;1;1;0;1;1;2;114
240070;577;16;3;6;3;23;6;20;16;43;34;10;6;763
240080;264;6;0;4;1;6;0;0;3;0;0;1;4;289
240090;37;0;0;0;0;0;0;0;0;0;0;0;0;37
240100;913;3;12;12;6;4;15;15;2;2;6;4;0;994
240110;1827;36;30;27;58;36;36;27;29;39;34;62;67;2308
240120;2978;128;593;168;193;46;28;61;44;37;51;117;490;4934
240130;257;0;1;0;0;0;0;0;1;0;0;0;0;259
240140;2638;175;48;87;79;25;36;19;84;18;26;43;28;3306
240145;366;0;0;1;0;0;0;0;0;0;1;0;0;368
240150;110;0;0;2;0;0;0;0;0;0;0;0;0;112
240160;143;2;1;5;1;3;1;1;1;1;0;0;0;159
240170;261;4;4;7;1;1;1;2;1;1;0;0;3;286
240180;162;2;0;0;9;2;2;1;3;2;3;1;0;187
240190;160;1;0;0;1;0;0;0;0;1;1;5;1;170
240200;3067;63;40;49;57;24;50;24;42;104;70;81;70;3741
240210;214;1;2;0;0;0;0;0;0;0;1;0;0;218
240220;543;6;4;34;35;11;20;11;42;8;7;10;30;761
240230;524;26;13;17;6;12;9;33;287;4;5;3;2;941
240240;67;0;0;2;0;0;0;1;0;0;0;0;0;70
240250;205;0;0;0;0;0;0;1;0;0;0;0;2;208
240260;3124;354;70;31;23;28;27;28;24;60;76;547;414;4806
240270;466;1;4;3;5;3;2;0;1;1;1;1;1;489
240280;209;0;6;0;1;2;2;0;0;1;0;1;0;222
240290;5;0;0;0;0;0;0;0;0;0;0;0;0;5
240300;212;2;0;2;3;1;0;1;0;0;0;0;0;221
240310;1940;24;27;33;23;20;31;26;49;36;57;27;39;2332
240320;55;0;0;0;0;0;0;0;0;1;0;0;0;56
240325;10249;140;221;167;127;120;214;231;155;147;151;168;178;12268
240330;75;1;1;0;0;1;0;2;0;0;2;0;0;82
240340;100;9;0;1;3;2;0;1;0;0;0;0;0;116
240350;129;3;2;3;1;5;2;0;1;1;3;5;0;155
240360;413;11;10;15;7;13;7;9;6;9;13;10;5;528
240370;256;0;0;0;0;0;0;0;0;0;0;0;0;256
240380;419;5;3;8;1;1;3;1;0;2;1;1;3;448
240390;2;0;0;0;0;0;0;0;0;0;0;0;0;2
240400;117;2;6;3;0;2;0;2;0;4;2;0;0;138
240410;133;0;0;1;0;0;0;1;0;0;0;0;0;135
240420;453;5;3;19;1;2;1;5;1;5;3;10;20;528
240430;360;1;4;0;2;4;1;3;5;3;0;8;3;394
240440;339;10;16;33;45;100;3;8;9;3;10;9;18;603
240450;372;1;2;2;8;2;6;3;4;0;6;1;0;407
240460;219;0;0;0;0;0;0;0;0;0;0;0;1;220
240470;512;8;18;50;10;10;9;5;7;11;9;7;13;669
240480;96;0;0;0;0;0;0;0;0;0;0;0;0;96
240490;244;4;2;9;1;5;1;4;0;2;0;2;1;275
240500;195;0;1;0;3;1;1;0;1;0;1;1;0;204
240510;113;5;2;0;3;1;1;0;1;0;0;1;0;127
240520;270;3;4;2;1;7;1;4;3;0;0;0;1;296
240530;445;2;4;4;6;3;45;13;9;5;16;4;2;558
240540;363;2;1;1;3;1;0;0;0;1;2;0;1;375
240550;128;0;3;0;0;0;3;0;0;1;1;0;2;138
240560;249;3;2;0;3;0;3;0;1;0;8;0;0;269
240570;675;17;44;12;17;4;44;3;5;4;39;3;3;870
240580;920;15;5;12;7;11;7;18;5;8;49;4;58;1119
240590;151;0;0;0;0;0;0;0;0;0;0;0;0;151
240600;105;1;0;1;0;0;0;0;0;0;2;0;0;109
240610;277;6;20;2;4;49;0;0;0;0;0;0;0;358
240620;191;0;1;0;0;0;0;0;0;0;0;0;0;192
240630;4;0;0;0;0;0;0;0;0;0;0;0;0;4
240640;114;1;0;0;0;0;0;0;0;0;0;0;0;115
240650;228;2;1;0;2;0;3;1;0;0;0;0;0;237
240660;6;0;0;0;0;1;0;0;0;0;0;0;0;7
240670;487;0;2;0;5;2;0;3;2;1;1;0;1;504
240680;121;0;0;0;0;0;0;0;0;0;0;0;0;121
240690;273;1;1;1;0;0;0;0;1;0;0;0;0;277
240700;242;0;0;0;0;0;0;0;0;0;0;0;0;242
240710;2245;20;17;28;17;9;35;21;40;20;33;42;69;2596
240720;2991;47;70;49;35;34;43;45;46;48;50;43;40;3541
240730;430;49;3;0;2;2;2;0;2;0;2;1;0;493
240740;203;4;0;2;1;4;1;0;0;1;0;2;0;218
240750;250;2;2;3;6;5;28;2;0;7;2;3;2;312
240760;253;0;1;1;2;2;4;0;1;0;2;6;0;272
240770;193;0;1;10;6;1;2;7;3;2;0;0;0;225
240780;397;3;1;2;2;4;1;1;1;2;1;1;2;418
240790;253;0;0;0;1;1;0;0;0;0;0;0;3;258
240800;22773;751;600;559;467;353;546;610;475;542;620;601;924;29821
240810;167368;1853;1921;2491;2121;2235;2286;2109;2138;2172;2292;2197;2794;193977
240820;376;0;3;1;7;2;10;3;7;1;5;1;1;417
240830;824;5;13;19;17;9;11;9;18;16;9;6;10;966
240840;224;0;6;2;3;1;4;5;2;0;3;3;6;259
240850;197;0;0;0;1;2;1;2;0;1;1;0;1;206
240860;26;0;0;0;0;0;0;0;0;0;0;0;0;26
240870;159;0;0;0;0;0;0;1;0;1;0;0;0;161
240880;161;0;0;0;0;0;0;0;0;0;0;0;1;162
240890;370;8;5;6;20;3;2;2;2;3;2;0;3;426
240910;125;0;2;1;0;0;3;2;1;0;0;0;0;134
240920;168;0;0;0;0;0;0;0;0;0;0;0;0;168
240930;423;6;2;2;0;2;3;0;0;2;1;2;2;445
240940;986;3;2;6;4;5;3;3;7;7;22;2;6;1056
240950;111;0;0;4;1;0;0;0;0;2;1;0;1;120
240960;120;0;0;0;0;0;0;0;0;0;1;0;0;121
240970;293;22;6;14;2;3;1;2;1;1;2;3;0;350
240980;244;1;1;3;0;4;1;1;1;2;2;0;0;260
240990;590;1;10;0;2;1;6;3;7;2;1;3;1;627
241000;82;0;0;0;0;0;0;0;0;0;0;0;0;82
241010;264;0;0;0;0;0;0;2;0;0;0;1;1;268
241020;149;0;0;0;0;1;1;0;0;1;2;1;0;155
241030;181;0;0;0;0;0;0;0;0;0;0;0;2;183
241040;64;1;1;0;0;0;0;0;0;1;0;0;0;67
241050;101;0;0;0;0;0;0;0;0;0;0;0;0;101
241060;232;2;0;3;2;2;1;9;0;1;1;0;0;253
241070;107;0;0;0;0;0;0;0;0;0;0;0;0;107
241080;249;0;0;0;0;0;0;0;0;0;0;0;0;249
241090;212;45;4;0;2;0;0;0;1;0;0;0;9;273
241100;173;0;0;0;0;0;0;0;0;0;0;0;0;173
241110;224;0;0;0;0;1;0;0;0;0;0;1;0;226
241140;342;0;2;5;1;6;2;3;2;0;0;0;1;364
241142;115;0;0;0;0;0;0;0;0;0;0;0;0;115
241150;497;2;16;27;3;9;2;2;3;0;0;7;6;574
241160;210;0;0;0;1;1;0;0;0;0;0;0;0;212
241170;206;0;0;0;0;0;0;0;0;0;0;0;0;206
241180;139;0;1;2;1;0;0;0;1;0;0;0;0;144
241190;52;0;0;0;0;0;0;0;0;0;0;0;30;82
241200;4399;54;63;96;88;66;86;76;78;80;61;76;100;5323
241210;123;1;0;1;1;1;1;0;0;1;1;0;7;137
241220;734;1;10;18;10;9;9;3;9;21;9;37;22;892
241230;240;4;1;2;0;1;2;1;3;0;0;0;0;254
241240;123;0;0;1;0;0;0;0;1;0;0;0;0;125
241250;247;0;2;1;1;0;0;1;1;1;1;0;1;256
241260;431;3;14;3;1;0;1;1;2;1;2;0;0;459
241270;134;0;6;36;28;34;3;1;4;0;2;1;1;250
241280;232;2;2;5;3;2;1;6;0;5;3;5;2;268
241290;374;9;8;1;9;4;4;4;3;5;2;3;6;432
241300;127;0;1;0;0;0;0;0;0;0;1;0;0;129
241310;238;0;1;0;0;0;0;0;2;1;0;0;0;242
241320;85;0;0;1;0;0;0;0;0;0;1;0;0;87
241330;294;2;0;3;3;3;1;0;0;0;0;0;0;306
241335;55;0;0;0;0;0;3;1;0;0;1;0;0;60
241340;56;0;0;0;0;0;0;0;1;0;0;0;0;57
241350;192;1;0;2;0;0;0;0;0;0;0;77;0;272
241360;252;1;0;1;1;1;0;0;1;0;0;0;0;257
241370;146;1;4;3;0;0;0;1;0;1;3;0;1;160
241380;146;0;0;0;0;0;0;0;0;0;0;0;0;146
241390;182;4;0;1;1;1;1;0;1;0;0;0;0;191
241400;182;3;2;0;0;0;0;3;11;0;0;1;2;204
241410;401;0;0;0;0;0;0;0;0;0;1;0;8;410
241420;124;1;7;8;2;1;1;3;1;0;6;13;2;169
241430;51;0;3;1;1;0;0;0;0;0;0;0;1;57
241440;491;1;2;0;0;3;1;3;2;1;0;2;0;506
241450;210;2;4;1;1;3;5;0;0;0;1;0;3;230
241460;253;0;0;0;0;0;0;0;0;0;0;0;0;253
241470;95;0;0;0;1;0;8;0;0;0;0;0;0;104
241480;127;1;1;5;1;0;0;0;0;1;0;0;0;136
241490;8;0;0;0;0;0;0;0;0;0;0;0;0;8
241500;72;0;1;0;0;0;0;0;0;0;0;0;0;73
249999;1021;6;11;15;23;18;41;18;12;11;8;6;5;1195
250010;147;0;0;0;0;0;0;0;0;0;0;0;0;147
250020;416;14;2;2;3;0;1;11;0;2;0;0;1;452
250030;833;81;41;7;6;6;7;2;5;3;6;8;9;1014
250040;536;2;0;3;1;5;7;2;1;0;1;1;0;559
250050;219;0;0;0;0;0;0;1;3;1;0;1;1;226
250060;698;6;33;7;9;4;18;18;18;48;21;27;48;955
250070;1058;7;0;2;9;2;2;8;3;0;15;4;2;1112
250080;458;0;0;20;4;3;3;5;2;3;1;3;0;502
250090;333;1;2;0;1;0;1;3;1;0;0;1;1;344
250100;731;2;1;0;1;0;0;3;4;0;0;1;2;745
250110;834;8;2;1;229;7;7;8;2;2;3;4;2;1109
250120;288;0;0;2;1;4;2;0;0;2;0;0;0;299
250130;727;5;0;2;2;2;6;4;3;5;2;2;0;760
250140;16;0;0;0;0;0;0;0;0;0;0;0;0;16
250150;452;2;0;0;0;2;2;1;1;1;0;35;1;497
250160;447;3;3;5;2;5;2;4;3;12;1;4;10;501
250170;114;0;0;0;0;0;0;0;0;0;0;0;0;114
250180;3960;82;77;78;94;69;80;99;82;87;111;103;88;5010
250190;627;4;1;3;8;2;7;9;3;2;3;2;0;671
250200;94;1;0;0;0;0;3;0;0;2;0;0;1;101
250210;174;0;0;0;0;2;0;0;1;0;0;0;0;177
250220;179;0;0;0;0;0;0;0;0;0;0;0;0;179
250230;168;0;0;0;0;0;0;0;0;0;0;0;0;168
250240;813;0;0;0;0;0;1;0;1;0;0;0;0;815
250250;115;4;2;0;5;1;1;4;3;0;0;2;3;140
250260;15;0;0;1;0;0;0;0;1;0;0;0;0;17
250270;347;15;9;20;13;11;6;6;2;4;0;1;3;437
250280;293;1;2;2;2;3;3;1;0;1;0;0;0;308
250290;706;0;0;0;0;0;0;0;0;0;0;0;0;706
250300;2414;97;859;37;61;34;55;23;38;22;7;20;224;3891
250310;280;0;1;0;0;0;0;0;3;0;0;0;0;284
250320;4599;68;52;79;91;106;110;81;102;122;97;158;114;5779
250330;353;0;0;0;0;0;0;0;0;0;0;0;0;353
250340;100;1;0;0;1;1;0;0;0;1;0;0;6;110
250350;275;1;4;3;0;0;3;2;1;1;2;0;0;292
250360;507;2;1;0;1;1;1;1;1;2;1;2;2;522
250370;1852;10;9;28;28;15;149;35;21;32;41;101;24;2345
250380;142;1;2;2;1;0;0;0;0;13;0;0;0;161
250390;298;1;4;8;4;4;2;4;2;0;0;1;0;328
250400;33199;638;779;747;706;601;681;729;857;622;776;655;949;41939
250410;112;0;0;0;0;0;0;0;0;0;0;0;0;112
250420;50;4;0;0;2;0;0;0;0;0;0;0;0;56
250430;849;20;1;9;0;4;3;2;2;4;7;23;4;928
250440;248;0;2;1;0;0;1;2;0;0;0;0;0;254
250450;36;0;0;0;0;0;0;0;0;0;0;0;0;36
250460;1126;10;9;16;15;14;19;11;9;14;9;12;16;1280
250470;111;0;0;0;0;0;0;0;0;0;0;0;0;111
250480;1356;1;0;1;0;0;1;1;1;0;1;0;44;1406
250490;882;20;3;2;21;4;9;1;24;5;0;2;14;987
250500;175;0;0;0;0;0;0;0;0;0;0;0;0;175
250510;424;8;5;16;1;7;1;7;2;2;1;2;1;477
250520;258;2;1;0;0;0;1;0;0;0;0;7;0;269
250530;102;0;0;0;0;0;0;0;0;0;0;0;1;103
250540;38;1;1;0;0;0;0;0;12;0;1;0;0;53
250550;79;0;0;0;0;0;0;0;0;0;0;0;0;79
250560;6;0;0;2;31;0;0;0;0;0;0;0;0;39
250570;104;0;2;0;1;1;0;0;0;1;0;0;0;109
250580;310;0;2;1;3;2;1;0;1;6;1;1;2;330
250590;162;0;1;0;0;3;2;1;2;0;0;2;3;176
250600;954;9;5;5;10;7;13;11;9;18;18;5;13;1077
250610;251;0;0;0;0;0;0;0;0;0;0;32;1;284
250620;99;0;0;1;0;0;0;0;2;0;1;0;0;103
250630;1860;44;32;40;42;52;45;46;58;46;49;49;45;2408
250640;397;0;0;0;0;0;0;0;0;1;1;3;0;402
250650;183;0;0;1;0;0;0;0;1;0;1;3;0;189
250660;72;2;8;14;39;5;19;4;5;5;26;2;11;212
250670;185;0;0;0;0;0;0;0;0;0;0;0;0;185
250680;708;7;2;13;3;3;11;2;2;22;18;33;0;824
250690;1359;2;5;4;2;7;5;1;2;4;19;6;3;1419
250700;715;0;0;1;3;1;1;2;1;1;7;1;0;733
250710;491;2;0;0;0;0;1;0;1;2;0;1;1;499
250720;225;0;0;0;0;0;0;0;0;0;0;6;0;231
250730;776;0;1;0;2;0;0;1;1;0;2;0;0;783
250740;338;0;0;1;0;1;1;0;0;1;3;0;117;462
250750;145611;1698;2190;2324;2106;1814;1856;2201;2227;1985;1769;2300;2775;170856
250760;351;0;5;5;10;8;0;2;2;1;2;2;0;388
250770;314;0;0;0;0;0;1;1;1;1;0;0;0;318
250780;294;0;0;0;0;0;0;0;0;0;0;0;0;294
250790;124;3;5;4;2;2;1;2;2;3;3;5;1;157
250800;204;3;2;2;1;0;0;1;1;1;2;1;0;218
250810;366;0;0;0;0;0;0;0;0;0;0;0;0;366
250820;237;2;2;0;3;0;6;2;1;1;3;0;0;257
250830;639;1;3;4;1;0;2;0;2;1;1;1;6;661
250840;309;0;0;0;0;0;0;0;0;0;0;0;0;309
250850;234;0;0;0;0;0;0;0;0;0;0;0;0;234
250860;580;7;5;8;6;10;7;6;10;14;17;2;9;681
250870;28;0;0;0;0;1;0;0;0;0;1;0;0;30
250880;5;0;0;0;0;0;0;0;0;0;0;0;0;5
250890;2212;212;25;36;38;60;72;79;200;86;71;152;117;3360
250900;135;0;0;0;0;1;1;3;0;0;0;0;0;140
250910;668;1;0;0;1;0;0;0;0;1;1;0;0;672
250920;280;0;0;0;3;2;5;10;6;44;21;9;0;380
250930;197;26;2;15;6;2;1;6;17;2;0;16;1;291
250940;223;0;0;0;0;0;1;1;0;1;0;0;0;226
250950;186;0;1;0;0;6;3;2;0;1;0;0;1;200
250960;166;0;3;0;4;17;0;2;13;5;8;4;5;227
250970;952;0;4;2;1;2;2;1;3;2;2;0;2;973
250980;324;12;3;2;2;1;1;3;2;2;0;37;0;389
250990;163;4;2;7;2;3;1;1;0;2;1;1;0;187
251000;309;0;1;2;2;0;1;1;1;0;0;1;0;318
251010;206;0;1;2;2;1;3;0;1;0;2;0;1;219
251020;319;0;8;2;32;15;49;2;0;0;0;0;0;427
251030;243;0;0;0;1;0;0;0;1;0;0;0;2;247
251040;182;0;0;0;0;0;0;0;1;0;0;0;0;183
251050;97;0;2;3;3;1;2;0;3;0;1;1;0;113
251060;133;0;0;0;0;0;0;1;0;0;0;0;0;134
251070;143;0;0;0;0;0;0;0;0;2;0;0;0;145
251080;2907;30;35;29;14;15;47;26;47;21;24;29;62;3286
251090;89;1;0;0;0;0;0;0;0;0;0;0;0;90
251100;255;0;0;0;0;0;0;0;0;0;0;0;0;255
251110;216;1;1;2;3;2;2;0;1;2;2;2;0;234
251120;1825;1001;23;28;47;110;151;19;26;51;81;92;1202;4656
251130;1447;2;7;11;12;6;6;7;1;1;0;1;2;1503
251140;550;3;7;3;7;3;5;3;6;2;3;5;17;614
251150;279;0;2;2;1;1;0;1;0;0;2;2;1;291
251160;246;1;0;0;0;0;0;0;0;0;0;21;0;268
251170;438;2;14;7;4;4;7;0;4;3;1;3;3;490
251180;439;0;1;0;0;0;1;0;1;0;0;0;0;442
251190;229;0;0;0;0;0;1;0;0;0;0;1;0;231
251200;454;6;8;3;7;5;8;3;3;11;3;11;5;527
251210;835;0;0;7;33;3;2;7;3;3;7;1;20;921
251220;33;0;0;0;0;0;0;0;0;0;0;0;0;33
251230;388;1;5;4;0;6;2;2;2;3;4;1;2;420
251240;265;1;5;2;2;5;0;5;4;0;1;7;2;299
251250;1385;3;23;15;4;10;17;10;19;16;7;25;23;1557
251270;356;0;4;1;6;6;1;6;2;3;4;3;0;392
251280;451;0;0;0;0;0;0;0;0;0;0;0;0;451
251290;1909;106;136;40;21;65;69;60;80;110;69;103;237;3005
251300;41;0;0;1;0;0;0;0;0;0;0;0;0;42
251310;1114;1;0;0;0;2;1;1;0;2;2;4;0;1127
251320;223;0;0;0;0;0;0;0;0;0;0;0;0;223
251330;375;0;0;59;2;2;3;3;2;0;0;0;0;446
251340;398;0;2;0;2;7;1;3;1;0;0;0;0;414
251350;50;0;0;0;0;0;0;0;0;0;0;0;2;52
251360;426;0;2;0;0;1;1;0;1;0;1;0;1;433
251370;8129;869;1185;376;468;171;325;235;188;250;289;298;750;13533
251380;140;1;1;3;1;2;0;2;8;0;0;1;3;162
251390;326;4;7;1;7;2;5;4;3;3;4;6;4;376
251400;592;3;11;25;45;6;5;19;53;8;6;10;7;790
251410;75;2;1;1;2;2;0;1;0;0;0;0;1;85
251420;404;0;2;1;3;3;1;1;3;2;1;0;0;421
251430;73;0;0;0;0;0;0;0;0;0;0;0;0;73
251440;51;0;0;1;0;0;1;0;0;0;0;0;0;53
251450;558;0;0;0;0;0;0;0;2;1;0;1;1;563
251460;86;0;0;0;0;0;0;0;0;0;0;0;0;86
251470;130;0;0;0;0;0;0;0;0;0;0;0;0;130
251480;214;0;0;0;0;0;0;1;0;0;0;0;0;215
251490;390;1;0;0;1;0;0;0;1;0;0;1;0;394
251500;65;0;0;0;0;0;2;0;0;0;0;0;1;68
251510;348;0;0;1;0;0;0;0;1;0;0;0;0;350
251520;53;0;0;0;2;3;0;1;0;0;1;1;0;61
251530;1593;195;70;48;43;74;33;91;26;14;81;55;27;2350
251540;301;0;0;0;0;0;0;0;0;0;0;0;0;301
251550;434;0;2;0;3;3;2;4;3;7;0;2;4;464
251560;157;0;0;0;0;0;0;0;0;0;0;0;1;158
251570;133;0;0;0;0;0;0;0;0;0;0;0;0;133
251580;412;15;4;1;1;0;9;1;1;2;9;11;0;466
251590;311;0;0;0;0;0;1;0;1;0;0;0;0;313
251600;764;3;5;5;8;16;8;15;11;9;3;10;22;879
251610;687;4;3;3;1;0;3;2;4;6;7;18;5;743
251620;2928;25;14;22;45;24;51;21;21;35;23;23;71;3303
251630;448;1;0;0;0;0;1;1;0;0;0;1;0;452
251640;236;0;0;1;0;0;1;0;0;0;0;0;0;238
251650;48;0;1;2;0;1;0;1;2;0;1;0;0;56
251660;276;0;0;0;0;0;0;1;0;0;0;0;0;277
251670;303;1;1;11;66;2;4;2;2;1;3;1;1;398
251680;187;16;0;0;0;0;0;0;0;0;0;0;2;205
251690;720;0;3;3;2;4;2;5;7;3;3;4;2;758
251700;250;0;0;15;0;0;6;3;1;4;0;0;0;279
251710;62;2;0;0;0;0;0;0;1;3;0;0;0;68
259999;77;2;0;0;0;0;0;0;0;0;0;0;0;79
260005;1709;40;44;32;51;147;35;36;28;56;58;56;65;2357
260010;1379;5;7;3;58;21;5;9;20;7;10;31;19;1574
260020;128;1;0;2;0;0;0;0;2;2;3;2;0;140
260030;508;13;9;4;5;3;16;8;6;4;1;1;5;583
260040;1001;11;5;58;87;19;12;4;23;38;15;3;3;1279
260050;469;18;0;8;4;0;4;13;4;1;1;7;1;530
260060;323;0;0;2;0;1;2;0;0;1;1;1;0;331
260070;5033;182;838;84;61;50;44;82;131;114;72;171;281;7143
260080;470;0;0;0;3;3;2;4;4;3;3;1;2;495
260090;383;0;0;12;1;0;33;1;0;0;1;0;0;431
260100;334;1;1;0;1;0;1;3;0;0;4;0;1;346
260110;1878;22;33;58;64;80;101;45;60;70;67;85;73;2636
260120;3640;49;52;64;144;46;50;53;67;48;84;40;76;4413
260130;61;1;0;0;0;0;0;0;0;0;0;0;0;62
260140;4256;9;14;12;4;24;12;17;16;8;5;7;26;4410
260150;295;6;1;1;4;4;3;0;1;2;0;0;1;318
260160;556;3;0;1;1;15;6;2;3;3;2;3;6;601
260170;4647;103;96;66;61;107;79;90;107;76;69;78;51;5630
260180;160;6;2;2;1;2;1;0;2;0;2;4;0;182
260190;1236;18;13;12;8;15;13;12;21;12;13;14;20;1407
260200;274;0;0;0;1;0;1;0;0;0;0;0;0;276
260210;790;6;6;6;5;5;2;5;3;4;1;4;8;845
260220;547;2;4;2;4;1;2;2;5;3;2;1;0;575
260230;1195;17;14;8;11;14;16;16;23;37;10;6;14;1381
260240;70;1;0;0;0;1;0;0;1;1;0;2;0;76
260250;92;0;0;0;0;0;0;0;0;1;0;0;0;93
260260;611;4;1;4;1;5;2;5;8;13;2;6;4;666
260270;447;0;0;2;1;2;2;1;0;0;1;0;4;460
260280;408;1;1;0;2;2;0;9;4;0;2;0;5;434
260290;12314;598;248;428;301;226;286;312;193;194;247;267;365;15979
260300;453;2;1;0;2;1;1;2;1;2;1;7;19;492
260310;353;2;2;0;0;1;0;0;1;0;0;1;1;361
260320;240;0;0;1;0;0;0;0;0;0;0;0;0;241
260330;223;0;0;0;0;1;0;0;0;0;0;0;0;224
260340;18;0;0;0;2;0;0;0;0;0;0;0;0;20
260345;4208;69;79;111;119;85;125;171;263;78;119;113;145;5685
260350;262;0;1;0;0;2;1;0;0;1;1;0;1;269
260360;2002;34;1124;10;11;20;26;65;25;12;16;16;1119;4480
260370;268;6;5;0;3;2;16;2;4;3;0;7;1;317
260380;108;0;3;0;0;0;1;0;1;0;1;0;0;114
260390;180;0;0;0;0;0;0;0;0;0;0;1;0;181
260392;77;0;0;0;0;0;0;0;0;0;0;0;0;77
260400;3050;236;67;73;70;59;55;81;84;67;91;42;71;4046
260410;16464;330;316;417;371;330;341;394;399;362;351;327;463;20865
260420;2889;21;15;14;8;118;29;17;5;1449;87;10;10;4672
260430;289;0;0;0;0;0;0;0;0;0;0;0;0;289
260440;1108;12;86;35;11;5;7;8;57;7;10;7;36;1389
260450;142;0;1;1;2;2;3;13;0;1;2;1;3;171
260460;421;22;3;2;4;23;3;2;1;8;3;3;3;498
260470;464;0;0;1;4;4;1;1;3;0;1;1;0;480
260480;2209;45;556;46;26;98;32;13;26;135;17;12;23;3238
260490;444;1;0;0;2;3;0;0;1;1;1;0;0;453
260500;223;1;1;0;0;0;0;1;2;3;0;0;1;232
260510;584;16;11;11;7;6;11;5;9;14;2;6;4;686
260520;7640;319;1957;298;315;2013;176;202;79;158;170;187;126;13640
260530;812;1;0;0;0;0;0;0;0;0;0;0;5;818
260540;452;0;0;0;2;0;3;1;0;0;0;2;0;460
260545;411;3;4;2;11;5;14;4;3;2;12;5;12;488
260550;368;1;5;0;4;0;2;1;2;0;2;3;0;388
260560;309;4;2;2;2;7;2;8;7;3;2;6;11;365
260570;255;0;1;29;6;7;4;13;3;1;1;0;0;320
260580;513;0;0;0;0;0;0;0;0;0;1;0;0;514
260590;795;6;5;7;32;3;38;5;9;1;3;9;15;928
260600;7487;129;120;172;157;113;176;136;151;154;141;123;200;9259
260610;608;1;0;2;5;1;1;34;2;1;1;2;50;708
260620;11606;920;405;2104;2004;212;404;130;148;237;367;305;179;19021
260630;106;0;1;0;0;0;0;0;1;0;0;0;0;108
260640;2402;78;46;46;72;55;68;61;63;74;72;50;28;3115
260650;241;2;1;0;4;0;0;0;1;2;2;0;0;253
260660;286;0;1;3;8;0;4;14;3;3;4;7;1;334
260670;1;0;0;0;0;0;0;0;0;0;0;0;0;1
260680;7914;287;93;1614;572;208;91;118;135;145;390;183;159;11909
260690;82;0;0;0;0;0;0;2;0;0;0;0;1;85
260700;229;3;2;4;6;2;3;10;5;1;6;5;1;277
260710;148;1;0;0;0;0;0;0;0;0;0;0;0;149
260720;8153;140;2186;156;100;47;61;98;66;50;57;48;78;11240
260730;394;11;13;4;8;6;4;10;15;10;11;9;28;523
260740;7;0;0;0;0;8;0;0;0;0;0;0;0;15
260750;310;4;1;4;0;3;16;3;3;3;3;0;0;350
260760;741;139;65;80;67;38;46;26;25;57;55;47;42;1428
260765;1058;9;27;4;9;36;4;7;7;3;6;19;82;1271
260770;498;0;0;0;0;0;1;0;1;0;0;0;1;501
260775;1018;23;12;23;17;18;20;19;16;10;8;9;8;1201
260780;423;2;2;0;0;0;5;0;0;0;9;1;2;444
260790;42632;1131;1517;1261;1276;1165;1324;1703;1342;1123;1243;1213;1233;58163
260800;463;1;0;0;0;2;0;0;0;0;0;0;0;466
260810;440;2;0;0;3;1;3;1;2;2;4;3;1;462
260820;5245;36;2128;176;153;18;31;9;120;727;87;153;42;8925
260825;79;2;0;0;0;0;0;0;0;0;0;0;0;81
260830;202;1;0;3;0;1;0;0;0;0;0;0;0;207
260840;9;0;0;0;0;0;0;1;0;0;0;0;0;10
260850;2360;509;690;53;39;65;30;19;43;26;83;22;24;3963
260860;148;0;0;0;0;0;0;0;0;0;0;0;0;148
260870;253;0;0;0;0;0;0;0;0;0;0;0;0;253
260880;586;3;11;3;2;5;8;11;8;27;6;3;14;687
260890;2737;40;35;32;88;87;27;79;34;37;18;44;36;3294
260900;816;11;223;20;8;5;5;5;36;0;4;15;572;1720
260910;273;2;0;0;0;1;0;1;2;0;0;0;1;280
260920;2749;39;26;185;9;30;15;18;28;114;67;42;37;3359
260930;333;0;0;0;0;2;0;0;1;0;0;0;0;336
260940;2882;54;87;61;67;48;77;48;109;98;66;55;64;3716
260950;4540;376;2193;34;57;95;33;75;96;27;126;67;108;7827
260960;32099;1147;954;1209;1211;915;949;840;1016;881;904;839;815;43779
260970;474;3;4;12;10;6;21;7;2;9;3;1;4;556
260980;188;34;118;26;54;26;60;37;143;15;8;22;44;775
260990;647;10;16;24;12;85;12;12;5;7;7;8;9;854
261000;3014;83;170;54;48;143;51;30;28;608;57;40;55;4381
261010;324;12;7;2;7;4;5;2;0;1;0;0;0;364
261020;452;1;0;0;0;0;1;0;1;0;0;0;0;455
261030;18;0;0;0;1;1;0;4;0;0;0;0;0;24
261040;300;0;1;0;0;0;1;0;1;0;0;0;0;303
261050;624;0;0;0;2;0;0;0;2;1;2;2;3;636
261060;2522;124;234;75;71;44;66;71;123;51;70;88;148;3687
261070;19442;375;272;352;343;369;504;331;459;398;338;397;500;24080
261080;518;2;0;0;0;0;0;0;0;0;0;1;0;521
261090;2714;23;29;44;53;36;47;46;66;48;48;69;69;3292
261100;1428;27;24;9;17;10;35;30;73;63;57;89;22;1884
261110;16908;505;420;413;417;443;413;538;490;580;530;717;732;23106
261120;119;0;0;1;0;0;1;2;2;0;0;0;1;126
261130;1128;99;44;62;8;4;11;31;2;3;3;1;5;1401
261140;375;1;2;1;2;1;3;2;1;8;1;1;1;399
261150;881;40;12;78;63;19;22;12;6;3;4;8;13;1161
261160;424971;7907;7786;10503;10729;8922;9622;9223;10137;8765;9385;10466;9535;537951
261170;575;0;0;1;4;3;2;1;2;7;3;3;7;608
261180;2769;69;78;385;19;31;36;19;28;21;42;42;28;3567
261190;4284;59;930;248;31;43;41;52;54;74;90;31;72;6009
261200;102;0;0;0;1;0;1;3;0;0;3;0;0;110
261210;148;0;0;1;0;0;0;0;1;1;0;0;1;152
261220;2332;36;32;26;39;84;40;28;64;38;38;48;71;2876
261230;16;0;0;0;0;0;0;0;0;0;0;1;0;17
261240;938;0;0;4;0;0;0;1;0;0;0;1;0;944
261247;135;0;0;0;0;0;1;0;2;0;1;0;0;139
261250;662;19;9;13;12;10;14;7;6;7;12;10;8;789
261260;3443;188;88;169;168;73;107;107;154;89;258;155;392;5391
261270;214;0;0;0;0;0;0;0;0;1;0;0;0;215
261290;326;0;1;1;0;0;1;1;1;1;0;0;0;332
261300;1082;11;11;35;83;6;3;7;5;6;1;2;7;1259
261310;753;8;12;6;9;16;7;44;2;4;5;7;3;876
261320;271;0;0;0;0;0;0;0;0;1;0;0;0;272
261330;298;1;1;10;6;4;0;4;3;2;1;0;2;332
261340;317;3;6;7;4;5;2;2;2;3;7;0;6;364
261350;341;0;0;4;2;4;2;4;1;1;0;0;1;360
261360;621;3;2;4;30;1;3;4;2;4;5;4;4;687
261370;5975;87;102;116;417;164;106;122;130;167;91;103;96;7676
261380;411;0;0;0;1;3;2;0;0;1;2;0;1;421
261390;2818;53;59;73;78;37;41;63;62;57;47;40;77;3505
261400;115;1;0;0;1;5;0;0;0;0;0;0;0;122
261410;781;9;20;13;48;13;7;11;19;4;104;12;11;1052
261420;2798;55;1708;456;262;40;27;87;726;1608;42;35;51;7895
261430;312;1;4;6;83;3;0;2;4;1;1;1;56;474
261440;207;0;0;0;0;0;0;0;0;0;0;1;0;208
261450;2011;12;15;18;24;15;17;10;20;16;14;20;31;2223
261460;558;2;2;8;16;10;11;1;2;3;1;3;3;620
261470;311;8;6;11;6;7;18;5;19;6;6;7;5;415
261480;121;1;8;1;0;4;4;19;4;2;3;2;2;171
261500;360;7;4;1;2;10;1;7;10;7;6;3;0;418
261510;59;0;0;1;1;1;3;1;6;2;1;0;1;76
261520;167;0;0;0;0;0;0;1;1;0;0;0;0;169
261530;6706;218;1428;243;52;45;66;75;90;46;73;57;117;9216
261540;303;3;1;1;0;0;0;2;3;1;6;1;1;322
261550;539;1;21;4;6;0;4;2;8;9;3;8;7;612
261560;508;5;7;10;17;12;7;15;14;14;16;15;10;650
261570;434;2;1;2;0;0;0;5;1;0;0;1;0;446
261580;403;0;0;0;0;0;0;0;0;0;0;1;0;404
261590;269;0;4;9;0;9;5;8;3;2;3;2;3;317
261600;554;0;1;2;11;2;0;0;0;3;0;0;0;573
261610;120;0;0;0;0;0;0;0;0;0;0;0;1;121
261618;128;0;0;0;0;0;0;0;0;0;0;0;0;128
261620;195;0;1;0;0;0;0;1;1;0;2;1;0;201
261630;4338;51;966;137;99;15;11;22;27;14;45;17;124;5866
261640;6820;108;254;482;179;201;93;83;116;122;114;108;94;8774
261650;112;0;0;0;0;0;0;0;0;0;0;0;0;112
269999;377;1;2;4;2;1;3;3;3;0;1;0;2;399
270010;465;2;0;1;1;1;0;0;0;1;0;2;3;476
270020;583;1;4;1;1;0;0;1;0;1;0;1;3;596
270030;9854;200;226;437;938;447;202;205;374;511;230;397;335;14356
270040;2718;71;201;111;165;81;130;58;36;29;38;36;52;3726
270050;248;1;14;3;3;4;2;0;1;1;1;2;2;282
270060;288;11;11;14;12;16;6;4;4;8;16;6;11;407
270070;326;28;147;8;3;4;12;8;1;3;4;3;2;549
270080;99;0;1;0;0;0;0;0;0;0;0;0;0;100
270090;143;0;1;2;2;0;1;2;0;2;2;0;3;158
270100;2200;111;165;357;1020;410;112;174;122;103;71;34;52;4931
270110;153;7;2;8;3;8;5;2;1;0;1;0;1;191
270120;295;0;2;2;3;0;2;2;1;2;3;0;2;314
270130;1365;23;40;27;27;47;66;28;38;19;161;41;37;1919
270140;3510;162;190;685;204;103;132;88;48;89;70;28;29;5338
270150;173;3;3;4;4;1;5;7;3;6;0;0;1;210
270160;176;0;0;0;0;0;0;0;0;1;0;0;0;177
270170;1126;36;51;79;70;32;27;32;33;21;14;34;25;1580
270180;315;0;0;2;1;4;9;5;10;8;3;5;7;369
270190;145;0;0;0;0;0;0;0;0;0;0;0;1;146
270200;298;0;0;0;0;0;0;0;0;0;0;0;0;298
270210;2607;103;64;313;114;82;43;24;46;29;19;57;64;3565
270220;2;0;0;0;0;0;0;0;0;0;0;0;0;2
270230;7483;113;490;384;572;429;186;142;137;78;173;209;301;10697
270235;3;0;0;0;0;1;0;0;0;0;0;0;0;4
270240;1662;3;12;19;18;22;19;26;18;16;11;10;32;1868
270250;181;0;0;0;0;0;0;0;0;0;0;0;0;181
270260;803;1;2;0;1;2;4;1;0;0;1;2;0;817
270270;151;0;0;0;0;0;0;0;0;0;0;0;0;151
270280;503;28;20;14;24;28;39;27;20;13;18;119;29;882
270290;806;1;1;65;18;21;6;1;19;5;19;0;0;962
270300;136;0;6;1;0;0;2;0;0;0;0;0;0;145
270310;263;1;0;0;1;0;0;0;0;1;0;0;1;267
270320;1012;15;166;18;75;58;14;16;14;8;17;12;31;1456
270330;236;0;0;0;0;0;0;0;0;0;0;0;0;236
270340;127;6;2;3;0;2;0;3;1;1;1;0;2;148
270350;110;12;29;16;13;1;0;0;2;0;0;6;21;210
270360;1268;25;390;159;120;6;10;5;9;7;8;11;18;2036
270370;168;2;4;0;0;2;0;0;3;1;0;0;0;180
270380;678;20;97;48;24;30;21;22;238;99;19;28;13;1337
270390;350;3;1;12;3;6;5;10;2;1;0;0;1;394
270400;2154;49;206;112;90;84;18;23;23;10;21;30;28;2848
270410;324;0;3;51;99;15;22;1;0;0;0;2;0;517
270420;369;9;4;5;3;2;7;1;2;1;1;2;0;406
270430;153311;2244;2588;3592;3650;2659;2653;2560;2652;2626;2246;2562;3972;187315
270440;283;0;0;1;0;2;0;1;0;1;0;0;0;288
270450;662;13;17;163;15;11;12;12;18;13;11;5;9;961
270460;262;4;1;0;0;1;0;2;2;1;0;1;0;274
270470;3302;36;78;36;114;49;270;55;45;42;251;80;139;4497
270480;672;1;7;2;44;19;10;1;2;2;1;3;1;765
270490;117;1;0;0;0;0;0;0;0;0;1;0;0;119
270500;710;9;0;2;1;0;1;0;0;1;2;0;213;939
270510;1577;52;141;45;94;24;31;28;99;7;11;20;18;2147
270520;506;138;137;64;12;11;30;9;3;7;14;23;25;979
270530;141;0;0;0;0;0;0;0;0;0;0;0;0;141
270540;113;0;0;0;0;0;0;0;0;0;0;0;0;113
270550;1293;91;86;18;37;13;13;14;18;12;20;30;107;1752
270560;389;0;0;0;0;0;0;1;0;0;0;0;0;390
270570;247;4;4;2;12;4;6;4;11;3;7;4;2;310
270580;111;0;0;0;0;1;0;33;3;7;39;8;10;212
270590;32;0;0;1;0;0;0;0;0;0;0;0;0;33
270600;120;0;0;0;0;0;0;0;0;0;1;0;0;121
270610;473;0;1;1;0;2;0;0;2;0;1;0;0;480
270620;189;0;0;0;1;0;0;0;0;0;0;0;0;190
270630;2466;18;35;37;24;30;47;23;48;34;22;17;34;2835
270640;570;0;4;1;3;3;6;0;1;0;0;1;9;598
270650;476;1;4;5;5;2;4;4;5;5;5;5;3;524
270660;251;0;0;0;0;0;0;0;0;0;0;0;0;251
270670;2715;24;49;35;27;30;63;25;32;22;17;33;26;3098
270680;550;1;2;1;0;0;0;0;2;0;0;1;0;557
270690;1689;132;63;16;45;7;43;48;62;64;12;70;19;2270
270700;5;0;0;0;0;0;0;0;0;0;0;0;0;5
270710;283;5;6;13;53;5;6;6;15;8;2;8;5;415
270720;5;0;0;0;1;0;0;0;0;0;0;0;0;6
270730;2166;7;4;10;15;10;6;28;26;13;20;5;6;2316
270740;255;0;0;0;0;0;0;0;2;0;2;0;0;259
270750;200;1;0;0;0;2;0;0;0;0;1;0;0;204
270760;147;2;2;1;0;1;0;1;1;0;1;1;0;157
270770;4107;283;58;117;146;102;188;70;67;76;87;94;186;5581
270780;345;0;1;0;1;32;5;7;8;1;5;5;46;456
270790;433;0;2;5;3;5;1;2;13;3;4;1;1;473
270800;1350;41;16;10;16;4;15;12;12;9;15;26;25;1551
270810;186;0;0;0;0;0;0;0;0;0;0;0;0;186
270820;129;0;0;0;0;0;0;0;0;0;0;0;0;129
270830;3652;91;140;142;63;41;40;128;43;14;20;35;25;4434
270840;509;0;0;0;0;0;0;0;0;0;1;0;0;510
270850;4113;47;225;274;195;97;92;34;28;38;44;23;36;5246
270860;7955;257;542;743;359;364;256;165;224;206;112;211;120;11514
270870;278;0;0;0;0;0;0;0;0;0;0;0;0;278
270880;360;16;9;3;3;1;2;0;2;2;0;1;14;413
270890;717;9;10;14;15;9;14;24;25;3;8;9;8;865
270895;4;0;0;0;0;0;0;0;2;0;0;0;0;6
270900;230;4;3;3;1;2;4;1;3;0;4;0;4;259
270910;471;8;3;0;5;5;4;5;0;1;3;2;3;510
270920;527;0;0;0;1;0;1;0;0;0;1;0;0;530
270930;3680;148;230;96;140;23;134;22;21;93;22;40;158;4807
270940;803;12;3;8;11;6;8;10;10;9;9;7;5;901
280010;18;1;0;0;0;2;0;0;0;0;0;0;0;21
280020;187;2;2;0;0;0;0;2;1;0;0;6;2;202
280030;121288;2651;2014;2546;2651;2044;2773;2334;2576;2211;2103;2259;2533;149983
280040;305;3;1;16;11;4;3;2;1;2;1;0;0;349
280050;597;5;101;19;9;7;23;7;5;3;6;3;7;792
280060;679;34;30;32;27;30;24;24;16;19;14;22;29;980
280067;649;5;5;10;16;12;4;8;5;8;6;14;24;766
280070;4;0;0;0;0;0;0;0;0;0;0;0;0;4
280100;607;3;1;4;3;4;2;3;1;2;1;4;2;637
280110;47;0;0;0;0;0;0;0;0;0;5;0;0;52
280120;4130;868;361;339;140;126;479;257;295;370;481;264;129;8239
280130;908;1;7;2;5;2;20;6;7;7;3;7;5;980
280140;261;0;0;1;0;2;2;1;0;1;1;2;0;271
280150;789;21;23;37;42;68;68;55;53;35;27;7;21;1246
280160;153;0;1;0;1;0;1;0;0;0;1;0;0;157
280170;142;0;1;3;0;0;0;0;0;4;0;0;0;150
280190;190;0;0;0;0;0;0;0;0;1;1;0;0;192
280200;245;0;0;33;0;0;0;0;0;0;0;0;0;278
280210;4668;34;105;150;83;68;74;69;251;192;113;140;119;6066
280220;39;0;0;0;0;0;0;0;0;0;1;0;1;41
280230;235;3;1;5;4;0;2;10;10;2;3;12;15;302
280240;200;0;1;0;0;0;0;0;0;1;1;0;0;203
280250;4;0;0;0;0;0;0;1;0;0;2;0;0;7
280260;9;0;0;1;0;0;0;0;0;0;0;0;0;10
280270;268;0;2;0;0;0;0;1;0;0;0;0;1;272
280280;256;0;0;2;4;5;0;8;1;1;1;0;0;278
280290;2282;43;58;63;72;35;32;60;53;65;55;68;58;2944
280300;843;3;3;6;1;15;5;4;9;9;4;2;6;910
280310;122;0;0;0;1;0;0;0;0;0;0;0;0;123
280320;2408;30;23;21;23;15;18;30;33;22;21;27;12;2683
280330;658;1;5;1;2;2;0;2;3;1;2;5;0;682
280340;30;0;0;0;0;1;0;1;1;2;0;1;0;36
280350;2868;15;56;35;46;31;56;40;28;38;27;48;48;3336
280360;4042;276;235;51;70;45;32;35;50;56;49;65;63;5069
280370;195;0;0;0;0;0;0;0;0;1;0;0;0;196
280380;41;0;1;3;1;1;0;1;1;1;1;2;0;53
280390;224;41;16;24;5;3;8;2;3;14;3;0;1;344
280400;671;10;7;34;39;18;19;13;13;7;9;4;7;851
280410;140;2;0;0;0;0;0;0;0;0;0;1;0;143
280420;173;0;0;1;0;0;0;0;0;0;0;4;0;178
280430;193;0;5;4;0;2;1;2;4;2;0;1;0;214
280440;1556;3;0;10;4;3;7;4;2;3;4;2;2;1600
280445;219;0;0;2;2;0;0;1;0;0;0;0;0;224
280450;582;0;8;11;11;7;9;6;3;2;5;10;6;660
280460;908;1;1;4;4;2;0;1;17;49;40;31;37;1095
280470;128;0;0;1;4;0;1;0;1;0;0;1;7;143
280480;6734;247;181;190;297;211;237;322;259;209;186;209;213;9495
280490;595;7;38;98;5;6;8;2;2;5;2;10;9;787
280500;106;0;0;0;0;0;0;0;0;0;0;0;0;106
280510;172;0;0;2;0;1;0;1;0;0;1;1;1;179
280520;12;0;0;0;0;0;0;0;0;0;0;0;0;12
280530;130;0;0;0;0;0;0;0;0;0;0;0;0;130
280540;22;0;1;2;0;5;2;0;0;0;0;0;0;32
280550;73;0;0;5;9;1;1;1;0;2;0;1;1;94
280560;562;0;0;0;0;1;0;0;0;0;0;0;0;563
280570;1405;16;87;21;18;14;35;20;19;21;23;30;29;1738
280580;25;0;1;0;0;0;1;0;0;1;0;0;0;28
280590;757;24;14;13;13;15;11;14;9;10;24;12;9;925
280600;503;0;2;3;0;0;0;0;1;1;0;0;3;513
280610;1419;12;28;111;29;26;552;104;16;17;66;33;13;2426
280620;313;2;1;0;1;1;4;2;4;1;0;3;2;334
280630;213;7;4;5;4;4;0;3;1;4;0;1;0;246
280650;267;0;0;0;0;0;0;0;0;0;0;0;0;267
280660;213;19;24;34;7;11;24;64;62;8;15;2;5;488
280670;3961;48;143;41;77;53;86;193;87;70;99;69;73;5000
280680;488;0;1;1;1;3;1;1;6;0;2;4;3;511
280690;95;0;0;0;0;0;0;0;0;0;0;0;0;95
280700;91;0;0;0;1;1;0;0;0;1;0;0;0;94
280710;909;26;9;11;14;9;5;19;9;8;7;2;10;1038
280720;235;0;2;2;2;0;3;1;1;1;1;0;0;248
280730;157;1;4;6;2;2;6;0;0;2;2;0;0;182
280740;849;4;6;10;8;5;8;6;6;5;7;9;11;934
280750;264;0;4;6;0;2;2;17;2;5;2;3;1;308
280760;295;1;1;9;3;2;9;3;0;2;1;3;4;333
290010;145;1;1;1;1;0;1;0;0;0;0;0;0;150
290020;234;2;0;2;3;1;10;5;1;29;16;22;8;333
290030;269;0;0;1;0;0;0;0;0;0;0;0;0;270
290035;18;0;3;0;1;2;0;0;2;0;1;1;1;29
290040;14;0;0;0;1;0;0;0;0;0;0;0;0;15
290050;56;0;0;0;0;1;1;0;0;0;0;0;1;59
290060;195;0;0;0;0;0;0;0;0;0;0;0;0;195
290070;6920;125;136;226;202;101;116;141;244;183;130;144;224;8892
290080;1160;34;49;87;222;56;93;39;37;16;20;28;27;1868
290090;229;2;1;5;3;4;1;2;2;1;1;1;3;255
290100;775;7;6;9;3;10;2;10;4;18;9;8;5;866
290110;4164;158;449;639;72;33;135;90;60;45;65;44;58;6012
290120;367;3;5;3;1;1;1;0;1;0;1;0;2;385
290130;159;1;2;0;0;0;1;3;0;1;4;1;0;172
290135;613;7;7;6;3;2;4;2;3;0;2;4;3;656
290140;23;1;0;1;0;0;1;0;0;0;0;1;0;27
290150;12;0;0;0;0;0;0;0;0;1;1;2;0;16
290160;165;0;0;0;0;1;1;1;1;0;0;0;0;169
290170;175;0;0;3;0;2;0;0;0;0;0;0;2;182
290180;94;1;0;5;0;0;2;0;1;1;2;0;3;109
290190;226;2;1;1;1;1;0;2;2;3;3;0;0;242
290195;6;0;0;0;0;0;0;0;0;0;0;0;0;6
290200;124;0;0;0;1;0;0;1;0;3;1;0;1;131
290205;145;1;0;0;2;1;0;2;0;1;0;1;0;153
290210;945;2;7;2;7;2;15;1;6;4;6;2;2;1001
290220;202;1;2;0;1;0;0;0;0;0;0;1;1;208
290225;411;2;1;1;2;1;5;5;3;0;5;1;6;443
290230;130;3;4;1;5;0;3;0;0;0;1;0;1;148
290240;398;1;4;0;6;4;1;13;5;6;5;4;4;451
290250;13;0;0;1;0;0;0;0;1;0;0;0;0;15
290260;302;3;6;7;13;2;21;3;3;3;1;0;5;369
290265;246;0;2;7;1;1;0;3;1;1;0;0;1;263
290270;328;2;1;4;3;9;1;1;6;3;1;1;4;364
290280;218;0;1;1;5;2;3;1;2;0;2;1;12;248
290290;517;21;11;6;12;9;7;6;3;4;9;9;10;624
290300;340;0;0;0;1;0;1;1;0;1;0;2;1;347
290310;426;18;7;1;5;0;0;5;1;1;3;0;0;467
290320;6489;162;249;260;305;293;337;313;403;287;297;290;406;10091
290323;2;0;0;0;0;0;0;0;0;0;0;0;1;3
290327;2;0;2;0;0;0;0;0;0;0;0;0;0;4
290330;390;2;4;2;3;4;2;1;2;0;2;1;8;421
290350;111;67;17;3;2;1;3;0;0;0;3;1;1;209
290360;285;11;0;8;8;0;1;11;2;3;2;0;1;332
290370;132;1;1;0;0;0;2;0;1;0;1;0;0;138
290380;185;2;1;2;3;7;0;1;1;2;0;4;3;211
290390;1197;342;43;11;15;12;11;18;11;20;22;29;77;1808
290395;46;0;0;0;0;0;0;0;0;0;0;0;0;46
290400;63;0;0;0;0;1;0;1;0;3;0;1;1;70
290410;309;0;1;0;4;4;2;5;5;2;2;2;3;339
290420;48;1;1;0;0;1;1;1;0;0;0;0;1;54
290430;365;3;3;6;6;3;2;0;16;8;3;13;20;448
290440;8;0;0;0;0;0;0;0;0;0;0;0;0;8
290450;25;1;0;0;0;0;0;0;0;0;0;0;0;26
290460;4133;45;64;53;178;77;87;105;100;78;49;67;75;5111
290470;596;10;68;7;10;9;12;13;2;6;19;5;7;764
290475;7;0;0;0;0;0;0;0;0;0;0;0;0;7
290480;119;0;0;0;1;2;3;0;2;1;0;0;1;129
290485;277;0;4;0;0;1;1;0;2;0;0;0;1;286
290490;1463;86;33;19;323;15;17;12;16;190;16;12;233;2435
290500;728;1;3;1;0;3;0;1;0;2;4;0;6;749
290510;245;2;6;4;5;1;2;0;0;1;1;1;1;269
290520;1148;2;4;9;11;2;8;7;8;3;6;4;16;1228
290530;48;1;1;0;0;0;1;1;0;1;0;0;0;53
290540;178;0;0;3;15;2;4;3;1;0;1;3;3;213
290550;76;0;0;0;0;0;0;0;0;0;0;0;0;76
290560;1915;14;16;24;17;17;28;19;26;12;23;22;18;2151
290570;28363;1401;1772;1462;1349;1510;1031;1185;902;822;874;1145;1023;42839
290580;2396;19;28;36;202;26;16;14;33;59;34;10;20;2893
290590;10;0;0;0;0;0;0;0;0;0;1;0;0;11
290600;1400;13;35;36;23;15;24;21;24;14;19;30;42;1696
290610;11;0;1;1;0;0;0;0;0;0;0;0;0;13
290620;32;0;1;3;0;0;0;1;0;0;0;0;0;37
290630;879;2;4;7;5;3;5;11;6;2;6;6;9;945
290640;20;0;0;0;0;0;0;0;0;0;0;0;0;20
290650;8508;211;260;226;419;273;172;565;178;249;153;1283;205;12702
290660;189;0;2;0;1;0;0;0;0;0;1;0;0;193
290670;393;1;2;2;1;1;1;5;0;0;2;3;2;413
290680;382;13;3;7;2;1;1;4;1;1;4;3;4;426
290682;17;0;0;0;0;1;1;0;0;1;0;0;0;20
290685;221;0;0;0;0;0;0;0;0;0;0;0;0;221
290687;308;0;3;4;4;4;3;3;1;3;0;4;1;338
290689;75;0;0;0;0;0;0;0;0;1;0;1;1;78
290700;135;2;2;3;1;1;1;4;0;1;4;0;1;155
290710;46;0;0;0;0;0;1;0;0;1;0;0;0;48
290720;856;2;6;1;10;5;8;4;3;4;5;4;9;917
290730;940;29;9;8;10;4;4;3;4;6;2;3;9;1031
290740;3;1;0;0;0;0;0;0;0;0;0;0;0;4
290750;2997;71;67;106;44;103;79;140;98;160;91;105;117;4178
290760;94;0;2;0;0;1;1;1;1;0;2;1;0;103
290770;5;0;0;0;0;0;0;0;0;0;0;0;0;5
290780;165;91;39;136;73;33;101;43;15;603;2;4;2;1307
290790;109;0;0;0;2;0;2;1;0;7;3;0;0;124
290800;825;16;25;18;37;31;18;17;15;26;16;42;15;1101
290810;143;2;1;1;1;2;0;0;4;2;2;1;0;159
290820;670;4;30;29;6;4;17;3;4;20;3;11;34;835
290830;670;26;9;11;24;6;3;11;15;125;41;27;17;985
290840;2614;18;16;31;20;19;21;13;17;39;19;9;21;2857
290850;1552;14;45;22;60;21;16;53;112;15;11;14;15;1950
290860;241;77;78;126;217;153;101;32;70;230;123;212;302;1962
290870;318;2;3;1;0;0;2;1;2;1;1;1;1;333
290880;76;5;2;1;21;1;0;0;0;0;0;0;0;106
290890;146;0;2;2;0;2;1;0;2;1;1;1;1;159
290900;83;0;0;0;0;0;0;0;0;0;1;1;0;85
290910;72;0;0;0;0;0;0;0;0;0;0;0;0;72
290920;1;0;0;0;0;0;0;0;0;0;0;0;0;1
290930;216;1;3;4;13;8;17;9;1;3;2;0;2;279
290940;197;5;4;0;2;2;0;1;3;3;5;1;1;224
290950;278;0;0;1;0;0;1;0;0;0;0;1;1;282
290960;133;1;2;2;1;2;1;1;0;2;1;0;0;146
290970;24;2;0;0;1;1;0;0;0;0;0;0;0;28
290980;5598;185;127;151;627;268;260;234;280;1103;584;189;312;9918
290990;486;10;15;14;11;10;16;23;20;16;7;9;4;641
291000;85;1;0;1;3;0;0;0;1;0;0;0;2;93
291005;4829;538;436;449;375;379;560;563;603;318;576;341;335;10302
291010;181;0;2;1;0;0;1;0;3;1;0;0;0;189
291020;157;0;6;0;0;1;0;0;0;0;0;0;0;164
291030;194;0;0;2;1;0;0;3;4;1;0;0;0;205
291040;234;43;0;5;1;0;1;2;3;1;0;1;7;298
291050;923;8;18;19;21;19;13;12;14;17;39;51;41;1195
291060;1148;9;9;28;47;44;39;59;42;14;22;23;19;1503
291070;1293;9;18;10;12;7;5;8;12;6;6;10;3;1399
291075;230;4;0;0;1;0;0;0;1;1;0;0;1;238
291077;2;0;0;0;0;0;0;0;0;0;0;0;0;2
291080;35984;661;798;988;1022;757;1183;804;947;1002;902;1259;886;47193
291085;11;0;0;0;0;0;0;0;0;0;0;0;0;11
291090;192;1;1;0;0;1;1;3;3;2;2;2;1;209
291100;748;30;11;15;23;7;3;6;12;11;2;9;65;942
291110;73;1;0;0;2;1;4;1;0;0;0;4;1;87
291120;866;6;21;21;31;12;16;29;18;15;9;17;8;1069
291125;9;1;0;0;0;0;0;0;0;1;1;0;1;13
291130;52;0;0;0;0;0;1;1;0;0;0;0;0;54
291140;150;1;6;2;3;0;2;0;0;1;2;1;0;168
291150;43;0;0;0;0;1;0;0;0;0;2;1;0;47
291160;496;2;8;7;17;5;5;11;7;5;8;43;19;633
291165;51;0;0;0;0;0;0;0;0;0;0;0;0;51
291170;2139;50;31;30;34;23;35;52;59;62;53;117;41;2726
291180;1202;0;2;10;8;13;9;11;3;7;10;4;3;1282
291185;53;0;0;0;2;1;2;0;2;0;0;1;0;61
291190;370;3;6;9;12;4;6;7;5;13;6;3;7;451
291200;299;0;0;1;0;1;1;1;0;0;1;2;0;306
291210;1146;7;4;10;19;3;8;9;14;2;10;7;11;1250
291220;215;1;2;1;0;2;4;1;2;2;0;1;0;231
291230;410;2;0;1;1;1;1;3;1;4;0;1;1;426
291240;61;2;0;0;0;0;0;0;0;0;0;1;0;64
291250;14;0;0;0;0;0;0;0;1;0;0;0;0;15
291260;59;0;0;0;0;0;0;0;0;0;0;0;0;59
291270;234;4;4;7;7;9;9;12;7;5;11;1;8;318
291280;330;3;2;8;4;1;3;2;3;0;1;2;5;364
291290;236;0;0;2;2;0;3;2;2;1;0;1;3;252
291300;170;17;3;0;2;0;4;0;0;0;1;0;6;203
291310;89;1;0;0;0;0;0;0;1;0;2;1;0;94
291320;219;3;2;2;1;0;0;1;0;0;0;3;5;236
291330;76;0;0;0;0;0;0;0;0;0;0;0;0;76
291340;226;1;1;1;1;2;1;1;0;0;0;0;6;240
291345;174;0;0;0;0;0;1;0;3;4;4;0;0;186
291350;196;5;0;1;2;0;3;1;0;0;2;1;0;211
291360;14742;272;260;480;386;268;346;353;348;285;363;333;448;18884
291370;862;2;6;15;7;11;11;30;50;38;55;33;33;1153
291380;361;0;0;0;0;0;0;0;0;0;0;0;0;361
291390;2225;39;34;30;22;13;29;29;32;22;24;42;43;2584
291400;1076;11;34;17;17;14;17;15;12;8;8;24;17;1270
291410;30;0;0;0;0;0;0;0;0;0;0;0;0;30
291420;113;0;0;1;0;0;0;1;0;0;1;0;4;120
291430;152;1;0;0;0;1;1;0;2;0;2;2;0;161
291440;43;1;0;0;1;0;0;0;0;1;0;0;0;46
291450;795;6;7;11;12;5;14;89;18;5;8;14;58;1042
291460;2527;36;23;41;34;34;29;45;53;46;31;51;54;3004
291465;421;2;6;6;7;3;6;6;11;5;1;1;5;480
291470;1976;15;21;13;19;32;23;10;23;18;22;21;35;2228
291480;18122;380;456;609;612;469;505;460;611;451;446;468;643;24232
291490;847;5;4;13;12;8;8;11;6;10;7;8;16;955
291500;62;1;0;0;1;1;0;0;1;0;0;0;0;66
291510;344;5;1;2;0;2;0;5;2;1;2;1;1;366
291520;224;7;12;11;16;1;2;9;6;1;1;3;7;300
291530;97;2;2;4;2;8;1;0;1;2;1;7;3;130
291535;0;0;1;0;0;0;0;0;0;0;0;0;0;1
291540;434;1;1;1;2;3;1;2;7;6;3;1;2;464
291550;1992;5;12;25;14;15;13;24;25;17;12;10;14;2178
291560;3756;93;91;104;119;90;99;158;149;96;88;101;153;5097
291570;27;0;0;0;0;0;0;0;1;0;0;0;0;28
291580;896;5;11;11;8;7;5;2;8;3;10;5;7;978
291590;81;0;9;0;0;1;4;1;0;0;0;0;0;96
291600;621;84;18;26;2;6;4;8;1;10;12;4;4;800
291610;1382;19;65;42;40;45;80;251;36;86;92;54;130;2322
291620;474;2;4;1;3;3;1;4;1;3;1;1;0;498
291630;197;6;7;2;7;8;6;8;3;1;3;2;5;255
291640;2982;24;34;37;25;33;33;26;38;25;34;31;34;3356
291650;344;0;0;3;0;0;1;0;0;4;0;1;1;354
291660;364;7;2;2;1;3;3;1;4;2;1;2;4;396
291670;262;3;3;2;2;2;3;5;0;0;0;1;2;285
291680;542;4;4;5;16;2;5;10;7;10;4;1;4;614
291685;281;1;2;3;8;2;0;0;1;1;1;0;6;306
291690;98;0;1;1;1;2;2;2;0;1;6;4;0;118
291700;422;0;5;1;1;3;1;2;1;6;2;7;1;452
291710;1126;5;14;13;15;10;13;15;19;28;15;11;21;1305
291720;336;0;16;1;0;1;0;0;1;1;0;1;0;357
291730;898;26;30;34;22;12;21;27;24;18;24;13;24;1173
291733;13;0;0;3;1;0;0;1;1;0;0;0;0;19
291740;114;0;1;0;0;0;0;0;0;1;0;0;2;118
291750;4135;61;87;75;54;52;103;71;77;62;186;56;63;5082
291760;1090;5;4;6;5;3;3;9;6;5;5;7;15;1163
291770;1579;9;11;12;58;10;11;11;19;13;13;10;10;1766
291780;263;9;5;6;6;5;7;2;4;4;2;4;11;328
291790;129;0;0;2;0;0;2;2;0;1;1;3;1;141
291800;6766;112;123;185;202;120;173;162;191;153;166;141;216;8710
291810;627;18;22;81;13;5;6;5;4;4;7;5;6;803
291820;248;1;15;5;1;0;1;1;2;4;0;1;0;279
291830;509;0;1;3;2;1;137;4;3;2;2;3;6;673
291835;28;1;3;3;0;0;0;2;0;0;0;0;1;38
291840;15169;847;558;590;483;527;484;575;458;936;1585;863;914;23989
291845;220;0;4;3;0;0;0;0;0;1;0;0;0;228
291850;20;1;0;1;1;0;0;1;0;0;0;3;0;27
291855;583;3;2;1;2;9;7;2;3;6;5;4;4;631
291860;121;0;0;0;0;0;0;0;0;0;0;0;0;121
291870;117;2;0;0;0;1;0;0;0;1;1;1;0;123
291875;3;0;0;0;0;0;0;0;0;0;0;0;0;3
291880;67;1;1;1;2;1;0;3;0;0;1;0;0;77
291890;155;0;1;3;3;1;20;20;23;44;5;3;21;299
291900;58;2;1;0;0;0;0;1;1;1;0;0;2;66
291905;209;0;0;0;0;0;0;0;0;0;0;0;0;209
291910;145;0;0;0;0;0;0;0;0;1;0;1;0;147
291915;21;0;1;0;0;0;0;0;1;1;1;0;2;27
291920;12304;262;292;371;463;419;415;763;637;550;464;572;511;18023
291930;243;6;4;8;10;12;8;21;11;6;2;7;5;343
291940;606;66;1;32;2;0;0;2;0;1;13;6;0;729
291950;496;6;2;2;4;3;2;2;6;1;7;1;6;538
291960;221;0;1;0;0;0;1;0;1;0;2;0;1;227
291970;392;0;2;0;1;0;1;1;2;2;0;2;2;405
291980;234;0;6;1;3;22;2;1;1;1;1;2;2;276
291990;6;0;0;0;0;0;0;0;0;0;0;0;0;6
291992;383;24;23;22;37;30;24;18;6;91;28;16;16;718
291995;36;0;0;0;0;0;0;0;0;0;0;0;0;36
292000;232;2;3;1;1;1;2;3;2;1;0;0;1;249
292010;259;0;2;0;4;5;1;0;0;0;0;1;0;272
292020;118;0;0;1;0;0;0;0;0;3;0;2;3;127
292030;112;0;0;0;0;0;0;0;0;0;0;0;0;112
292040;537;0;6;59;6;0;1;5;4;3;2;5;10;638
292045;1;0;0;0;0;0;0;0;0;0;0;0;0;1
292050;393;3;3;3;2;4;5;1;6;7;3;5;1;436
292060;199;2;8;3;4;3;15;0;3;1;2;3;2;245
292070;436;6;20;10;10;14;13;9;11;13;4;9;11;566
292080;28;0;0;2;1;0;0;0;0;0;0;0;0;31
292090;295;3;2;4;3;3;5;7;6;4;2;4;1;339
292100;1253;28;24;25;82;22;22;38;40;24;14;21;26;1619
292110;1281;33;32;138;80;61;67;53;118;35;39;55;22;2014
292120;708;6;3;5;2;2;4;0;0;1;0;1;3;735
292130;275;6;3;21;4;1;3;0;4;9;1;5;0;332
292140;180;0;0;0;1;1;1;3;1;2;0;1;0;190
292145;129;5;39;10;5;1;2;0;3;0;14;5;12;225
292150;682;0;2;5;0;0;2;0;0;0;0;2;0;693
292160;38;0;0;0;0;0;0;0;0;0;0;0;0;38
292170;313;3;4;3;1;9;2;5;1;3;1;5;1;351
292180;147;0;7;3;0;0;0;1;0;0;0;0;0;158
292190;97;1;0;2;0;1;4;3;3;3;4;1;0;119
292200;2917;632;307;280;363;249;155;109;99;399;109;102;91;5812
292205;57;0;0;0;0;0;0;0;0;1;0;0;2;60
292210;366;1;5;12;10;5;5;6;3;4;1;2;8;428
292220;138;2;3;1;1;0;0;1;1;0;0;2;0;149
292225;3179;77;102;108;152;129;118;96;110;102;130;98;129;4530
292230;805;10;10;13;7;4;10;12;9;7;168;13;11;1079
292240;438;4;6;6;6;2;4;3;54;1;5;2;3;534
292250;1340;52;56;60;155;62;93;53;42;78;57;35;25;2108
292260;97;2;0;2;7;1;0;2;0;1;0;0;0;112
292265;13;0;0;0;0;0;0;1;0;0;0;0;0;14
292270;408;8;6;6;4;0;0;1;7;1;4;6;7;458
292273;414;27;137;196;134;53;23;0;4;7;2;9;6;1012
292275;5;0;0;0;0;0;0;0;0;0;0;0;0;5
292280;48;0;0;0;0;1;0;1;0;0;0;0;3;53
292290;542;2;3;37;74;9;34;4;1;1;3;4;4;718
292300;1420;14;99;94;65;46;36;501;79;189;56;46;63;2708
292305;251;8;6;4;1;0;0;5;6;2;3;0;4;290
292310;320;2;2;2;2;5;2;1;2;2;3;3;3;349
292320;99;0;1;6;2;0;0;2;4;0;2;1;1;118
292330;15;0;0;0;0;0;0;0;1;0;0;0;0;16
292335;184;3;0;2;2;2;4;10;2;4;2;3;3;221
292340;236;2;0;0;0;0;1;3;1;2;0;0;0;245
292350;88;7;1;1;0;0;1;1;1;1;2;2;0;105
292360;251;12;12;10;19;102;99;40;12;23;3;0;0;583
292370;89;0;0;1;1;1;2;0;0;2;0;0;0;96
292380;260;0;1;1;1;1;3;4;2;3;2;0;1;279
292390;144;8;7;9;11;26;7;8;15;8;2;8;8;261
292400;7717;86;98;196;151;102;113;104;146;91;100;190;319;9413
292405;158;0;1;1;0;2;0;2;2;0;0;1;0;167
292410;179;0;0;0;0;0;0;1;0;0;0;0;1;181
292420;11;2;1;0;0;2;0;0;0;1;1;1;0;19
292430;24;0;0;0;0;0;0;0;0;0;1;0;0;25
292440;26;1;0;1;0;0;0;0;0;0;1;0;2;31
292450;105;1;0;0;0;0;0;0;23;2;0;0;0;131
292460;154;0;0;0;0;0;1;3;0;1;0;1;0;160
292465;3;0;0;0;0;0;0;0;0;0;0;0;0;3
292467;4;1;0;1;0;1;0;0;0;0;0;0;0;7
292470;66;0;0;0;1;0;0;1;0;0;0;0;0;68
292480;433;1;0;0;0;0;0;0;1;1;1;0;0;437
292490;30;1;0;0;0;0;0;0;0;0;0;0;0;31
292500;334;4;3;6;8;1;2;0;5;1;5;2;2;373
292510;685;2;3;9;3;3;5;4;2;10;6;5;7;744
292520;4719;107;190;161;218;170;180;168;283;190;115;237;268;7006
292525;31;1;0;0;0;0;0;0;1;1;0;0;0;34
292530;3067;108;158;175;205;164;148;141;175;126;193;167;234;5061
292540;346;5;2;0;0;2;4;4;1;1;2;0;3;370
292550;1170;42;100;117;60;16;78;36;37;20;36;16;41;1769
292560;21;0;0;0;0;0;0;0;0;1;0;0;0;22
292570;44;0;0;0;0;0;0;1;0;0;0;0;0;45
292575;465;2;13;6;7;6;2;12;2;3;1;0;3;522
292580;530;2;2;0;0;4;1;2;1;12;2;0;2;558
292590;267;104;10;1;0;1;3;1;0;1;1;0;0;389
292595;86;2;0;4;7;2;2;0;2;0;0;0;1;106
292600;290;6;6;3;3;3;5;2;4;3;1;3;6;335
292610;179;2;5;7;101;10;3;0;1;0;1;3;0;312
292620;295;17;12;3;6;7;18;1;5;2;3;1;0;370
292630;848;8;5;10;7;4;7;1;11;2;9;3;7;922
292640;157;1;0;3;16;0;0;1;3;6;0;1;0;188
292650;18;0;0;0;0;0;0;0;0;1;1;1;0;21
292660;692;8;11;13;8;8;10;7;6;7;2;3;8;783
292665;80;0;0;0;1;0;0;0;0;0;0;0;0;81
292670;206;1;0;1;0;0;1;0;1;0;0;1;2;213
292680;264;0;0;0;0;0;0;0;0;0;0;0;0;264
292690;69;3;1;3;1;1;0;0;0;0;1;0;3;82
292700;605;24;13;7;8;8;14;6;8;8;5;7;4;717
292710;485;28;67;56;60;29;29;20;47;29;33;54;43;980
292720;1134;6;5;7;11;31;4;4;9;2;8;1;9;1231
292730;129;0;1;1;0;0;0;0;0;0;0;0;0;131
292740;492516;8346;10540;12317;12294;10496;12015;17638;11149;11224;11457;11450;11730;633172
292750;292;6;13;15;4;2;1;3;1;4;4;0;3;348
292760;267;0;0;0;0;0;0;0;1;3;0;0;0;271
292770;448;15;22;12;19;2;25;19;12;18;12;14;8;626
292780;211;2;0;0;1;0;1;0;0;1;0;1;1;218
292790;173;0;2;1;0;2;0;1;1;1;0;1;3;185
292800;892;32;23;4;6;8;9;45;32;82;22;22;31;1208
292805;347;20;6;0;11;3;1;1;1;5;9;3;6;413
292810;427;4;4;17;3;0;1;3;1;2;2;3;1;468
292820;280;3;0;5;3;0;3;4;1;3;1;0;2;305
292830;87;0;2;3;2;0;1;0;1;0;0;0;0;96
292840;183;0;0;3;3;3;5;3;5;0;3;5;0;213
292850;324;0;0;0;1;0;0;2;1;1;2;1;0;332
292860;3840;68;42;122;134;205;86;111;113;175;157;133;212;5398
292870;4988;96;98;129;138;95;119;108;118;90;113;116;130;6338
292880;595;4;2;2;10;1;3;7;2;8;7;7;12;660
292890;555;16;14;15;13;46;34;30;79;37;44;64;66;1013
292895;21;1;0;0;0;1;0;0;0;0;0;0;0;23
292900;641;1;4;5;8;5;2;2;5;4;5;4;3;689
292905;54;0;0;0;0;1;1;1;0;2;0;0;1;60
292910;390;22;42;4;6;7;11;4;6;3;2;1;3;501
292920;4556;87;73;97;101;93;83;98;122;52;36;43;40;5481
292925;25;1;0;0;0;0;0;0;0;0;0;0;0;26
292930;1258;17;20;6;31;17;15;14;35;62;63;153;32;1723
292935;9;0;0;0;0;0;0;0;0;0;0;0;0;9
292937;8;0;0;0;0;0;0;0;1;0;0;0;0;9
292940;180;11;0;1;4;0;1;2;2;0;0;0;0;201
292950;2209;37;59;103;80;45;70;129;89;82;42;112;68;3125
292960;500;4;1;5;0;7;6;4;1;0;0;2;4;534
292970;79;0;0;1;0;0;0;0;0;0;0;0;0;80
292975;103;0;0;0;0;0;0;0;1;1;0;0;0;105
292980;229;0;1;0;1;0;0;0;3;0;1;0;3;238
292990;737;14;9;22;13;15;18;12;7;10;11;7;11;886
293000;92;7;2;5;1;0;0;2;0;0;1;0;1;111
293010;2592;86;52;45;49;68;54;42;57;53;265;62;49;3474
293015;351;0;0;1;0;0;0;0;0;0;0;0;0;352
293020;201;1;0;5;1;0;0;0;2;0;1;0;2;213
293030;57;1;1;0;3;2;0;0;2;1;2;3;1;73
293040;170;0;0;1;0;0;0;0;0;0;0;0;0;171
293050;1784;23;26;45;71;43;156;32;29;30;41;25;22;2327
293060;156;1;0;0;0;1;0;0;0;0;2;1;1;162
293070;18224;365;489;471;423;524;702;830;578;496;498;583;402;24585
293075;10;0;0;0;0;0;0;0;0;0;0;0;0;10
293077;317;5;6;17;11;29;1;8;12;9;2;6;2;425
293080;16;0;0;0;0;0;0;0;0;0;0;0;0;16
293090;7;0;0;0;0;0;0;0;0;0;0;0;0;7
293100;349;1;2;0;9;3;12;5;16;5;0;10;2;414
293105;39;0;0;0;2;0;0;0;0;0;0;1;0;42
293110;261;12;0;0;1;0;1;1;0;0;1;0;1;278
293120;500;3;5;12;9;27;16;6;1;5;1;4;10;599
293130;46;0;0;0;0;0;0;1;0;1;1;0;0;49
293135;4249;279;451;350;300;145;167;154;193;145;189;213;248;7083
293140;242;2;4;2;13;1;0;6;1;0;3;1;0;275
293150;921;3;11;30;16;28;44;24;71;30;56;39;72;1345
293160;35;0;1;1;2;0;0;1;0;0;0;0;0;40
293170;450;1;5;1;2;3;13;0;2;0;0;0;0;477
293180;97;3;0;1;2;4;0;0;1;0;0;1;1;110
293190;584;1;1;3;0;1;1;3;0;2;2;1;3;602
293200;308;2;2;1;4;4;2;0;1;0;2;0;1;327
293210;339;1;3;0;3;1;1;1;3;3;0;1;2;358
293220;1083;10;18;14;27;15;13;16;22;5;12;11;17;1263
293230;373;3;2;1;1;2;1;7;12;2;2;3;0;409
293240;61;28;0;0;0;0;0;1;0;1;0;0;0;91
293245;125;0;0;0;0;0;0;0;0;0;0;0;0;125
293250;2311;80;181;95;95;68;109;104;100;115;59;75;92;3484
293260;213;0;6;11;2;4;2;0;1;0;3;2;2;246
293270;763;57;102;17;26;15;14;10;20;16;13;4;9;1066
293280;327;3;1;5;2;5;4;21;3;7;3;3;1;385
293290;4509;74;67;87;87;56;76;53;80;78;48;56;70;5341
293300;420;3;1;3;2;7;4;3;6;1;2;5;4;461
293305;5;0;0;1;0;0;0;1;0;0;0;0;2;9
293310;82;1;0;0;1;0;3;0;1;0;0;0;1;89
293315;54;0;0;2;0;1;0;0;0;1;0;0;0;58
293317;228;0;1;0;1;1;0;0;0;1;0;1;0;233
293320;1954;19;29;32;68;27;34;42;45;32;41;36;41;2400
293325;79;0;1;0;0;0;0;0;0;1;1;0;0;82
293330;17571;279;355;504;380;355;415;459;462;344;425;470;494;22513
293340;31;0;0;0;0;0;0;0;0;0;1;0;1;33
293345;26;0;0;0;0;0;0;0;0;0;0;1;0;27
293350;153;0;3;4;3;3;3;1;2;2;4;0;2;180
293360;522;19;13;8;8;3;4;8;5;2;4;3;20;619
299999;1040;9;22;23;15;11;31;18;11;12;9;28;41;1270
310010;278;4;2;2;3;1;2;2;2;0;4;4;6;310
310020;1909;32;58;30;34;21;32;47;33;62;70;55;58;2441
310030;547;8;19;13;11;9;2;12;19;81;7;4;7;739
310040;102;4;11;8;5;7;2;4;5;3;0;0;4;155
310050;890;46;64;45;8;1;38;36;32;32;33;19;40;1284
310060;66;1;0;1;0;1;2;1;2;2;2;2;0;80
310070;106;0;3;8;3;2;0;3;3;2;1;0;3;134
310080;94;0;0;1;0;0;3;0;2;2;1;1;0;104
310090;497;5;9;6;6;3;5;6;5;1;6;3;5;557
310100;441;5;6;3;8;6;3;5;8;4;2;4;14;509
310110;1175;21;16;25;41;22;28;38;61;31;12;18;44;1532
310120;277;1;4;3;4;4;5;3;5;2;1;0;4;313
310130;109;0;0;0;2;0;0;0;0;0;1;0;2;114
310140;105;0;1;1;0;2;2;1;0;1;2;0;0;115
310150;3984;88;80;98;113;254;94;101;118;104;93;131;96;5354
310160;7844;190;489;268;236;457;521;639;637;2574;976;313;359;15503
310163;66;0;0;0;0;1;0;1;1;0;0;0;0;69
310170;1063;71;14;26;9;12;19;12;13;15;12;13;17;1296
310180;398;0;5;3;4;5;8;5;9;5;5;4;9;460
310190;1143;7;21;20;22;12;12;11;13;13;12;18;12;1316
310200;428;10;19;6;9;8;9;9;7;1;9;6;24;545
310210;382;8;5;0;1;5;1;2;2;1;6;0;1;414
310220;123;5;21;0;2;1;0;0;0;0;2;1;0;155
310230;1470;5;14;23;29;25;16;36;41;15;23;32;23;1752
310240;106;0;0;0;0;1;0;0;0;0;0;0;0;107
310250;116;0;0;0;1;1;0;1;0;0;0;0;2;121
310260;3789;48;79;99;78;83;70;80;97;84;103;89;87;4786
310270;201;0;0;2;0;0;3;1;5;0;1;1;4;218
310280;625;159;14;8;17;9;5;14;12;22;5;5;4;899
310290;1110;30;16;30;47;16;31;27;10;17;2;14;9;1359
310300;363;5;5;8;10;2;12;5;7;9;2;7;6;441
310310;72;0;1;0;1;0;0;0;0;0;0;0;0;74
310320;550;11;14;3;8;8;7;9;9;5;11;16;19;670
310330;60;0;2;2;2;1;2;0;0;0;0;1;0;70
310340;1154;16;15;19;13;13;34;23;18;23;17;25;29;1399
310350;11208;328;407;416;507;323;368;411;440;416;383;535;506;16248
310360;89;1;1;1;0;0;4;3;3;25;9;3;6;145
310370;139;0;0;0;2;0;1;0;0;0;0;0;0;142
310375;105;0;2;7;7;16;10;8;0;2;3;8;26;194
310380;151;0;0;1;0;1;1;0;0;0;1;3;0;158
310390;236;9;10;12;4;5;5;6;6;13;4;10;2;322
310400;10059;333;268;379;325;345;332;341;395;403;400;519;576;14675
310410;592;13;15;16;50;18;16;11;13;10;21;15;19;809
310420;4022;86;80;97;82;54;86;88;138;108;106;116;156;5219
310430;414;4;15;10;10;9;14;4;6;10;3;5;5;509
310440;273;6;6;2;7;7;9;2;6;3;5;3;5;334
310450;455;25;9;27;5;0;6;53;9;1;33;3;14;640
310460;1114;24;63;54;28;35;32;89;51;54;43;119;326;2032
310470;560;10;27;15;14;16;12;6;11;8;10;15;46;750
310480;497;36;11;15;10;16;12;10;21;4;11;12;14;669
310490;1201;13;33;26;35;32;44;38;37;98;126;27;33;1743
310500;595;4;4;6;11;31;3;16;9;7;2;4;25;717
310510;1382;18;85;15;30;18;24;29;35;21;21;11;24;1713
310520;12;0;0;0;0;0;0;1;0;0;0;0;1;14
310530;239;4;4;9;2;0;8;14;14;13;1;3;13;324
310540;2646;93;180;99;88;114;143;88;167;130;114;149;202;4213
310550;186;0;0;0;1;0;2;2;0;2;1;0;3;197
310560;14488;226;256;320;351;233;383;305;329;289;299;301;323;18103
310570;242;2;3;0;1;5;2;1;0;0;2;1;0;259
310590;2095;34;100;59;48;43;43;20;57;24;21;22;53;2619
310600;408;10;9;22;6;12;11;10;6;9;11;10;6;530
310610;285;6;1;11;17;3;4;1;6;3;4;14;6;361
310620;777095;22410;23840;27999;27511;23290;27896;27394;28932;25974;23518;27630;29890;1093379
310630;2537;18;25;34;37;31;39;71;73;47;238;30;39;3219
310640;199;4;2;2;2;2;3;3;0;1;1;4;4;227
310650;179;1;9;7;0;0;3;0;1;0;3;1;0;204
310660;20;5;0;1;0;0;0;0;0;1;1;3;1;32
310670;45035;896;923;1085;1253;971;959;814;1197;1660;811;832;966;57402
310680;181;1;1;2;4;1;3;0;2;2;1;2;9;209
310690;1475;31;24;30;33;73;32;19;43;21;45;48;40;1914
310700;155;1;3;3;0;0;0;0;1;1;1;1;1;167
310710;3177;48;74;67;75;76;80;111;89;99;119;51;69;4135
310720;160;1;0;4;2;3;3;2;6;0;3;5;0;189
310730;3182;96;77;145;90;43;104;58;354;263;35;32;41;4520
310740;4713;237;221;176;132;138;148;141;148;137;168;162;217;6738
310750;469;3;18;14;11;2;4;0;8;5;6;6;7;553
310760;132;0;8;3;2;0;1;1;0;0;0;1;0;148
310770;275;4;4;11;12;2;9;6;7;8;3;6;2;349
310780;231;5;97;3;5;9;3;4;6;3;5;2;6;379
310790;78;0;1;0;3;1;1;2;0;4;1;1;1;93
310800;775;41;38;45;71;35;93;39;59;8;21;21;36;1282
310810;202;1;7;1;2;2;3;2;4;2;1;0;2;229
310820;355;12;3;5;4;5;4;24;17;65;5;32;27;558
310830;794;10;11;34;12;16;17;19;15;18;25;19;15;1005
310840;1320;41;48;54;45;44;35;34;49;57;37;25;62;1851
310850;63;0;0;1;0;0;0;0;0;0;0;1;1;66
310860;490;2;1;3;4;3;6;9;8;7;2;4;19;558
310870;238;3;3;1;4;1;20;12;0;12;0;0;2;296
310880;129;0;1;0;1;0;0;1;4;0;0;2;2;140
310890;617;3;22;12;8;9;6;7;13;18;11;13;25;764
310900;2903;92;123;103;94;79;93;70;85;68;65;74;73;3922
310910;476;17;19;13;7;8;16;11;3;13;9;7;7;606
310920;264;1;1;2;4;2;6;3;4;3;3;3;5;301
310930;706;4;3;27;23;13;23;10;17;11;11;15;7;870
310940;1300;15;15;17;18;18;32;81;50;22;18;20;22;1628
310950;866;17;15;25;19;25;20;17;35;101;42;21;22;1225
310960;1358;12;31;34;14;26;4;49;41;58;13;64;24;1728
310970;552;11;13;22;19;18;16;20;19;76;15;11;23;815
310980;202;16;0;1;9;6;8;3;2;1;3;0;1;252
310990;1049;3;14;14;23;6;26;21;14;7;142;4;27;1350
311000;3382;67;71;91;62;87;120;89;126;125;90;112;134;4556
311010;170;4;3;3;0;3;0;3;2;2;6;3;4;203
311020;117;1;1;1;0;1;0;0;0;0;0;0;0;121
311030;1290;61;26;35;23;15;14;36;42;16;12;16;30;1616
311040;132;65;5;10;2;3;2;1;2;4;6;7;3;242
311050;1333;39;67;47;67;42;50;40;58;36;55;60;40;1934
311060;2423;62;55;58;75;34;62;71;82;69;76;64;99;3230
311070;993;18;64;30;38;22;38;23;36;42;91;78;48;1521
311080;200;1;0;2;7;1;6;4;4;2;5;3;2;237
311090;1456;35;32;37;40;30;36;29;34;31;27;47;24;1858
311100;983;40;65;50;23;18;46;42;14;25;37;52;128;1523
311110;1122;33;51;35;26;14;29;10;13;18;14;24;31;1420
311120;4093;74;122;93;168;83;102;130;98;114;112;142;223;5554
311130;641;16;393;7;1;4;3;7;10;21;383;126;19;1631
311140;308;2;18;22;16;21;15;29;15;8;10;8;21;493
311150;542;16;25;6;11;14;10;8;14;7;5;22;12;692
311160;1133;8;9;7;9;2;17;33;69;15;22;19;68;1411
311170;126;1;12;0;0;0;1;1;2;0;0;3;2;148
311180;1228;15;19;31;23;27;22;37;37;185;40;23;75;1762
311190;135;2;0;2;1;0;1;0;0;3;0;0;1;145
311200;1025;26;17;38;43;34;43;101;41;40;33;29;172;1642
311210;150;0;6;1;0;0;0;0;1;1;0;0;0;159
311220;131;0;3;1;1;0;3;0;1;0;0;0;0;140
311230;1113;24;18;120;30;25;47;42;20;33;17;36;37;1562
311240;313;8;6;4;6;10;8;8;16;6;3;4;3;395
311250;659;19;22;37;27;28;15;31;29;40;21;17;35;980
311260;1279;21;23;27;32;30;13;69;43;36;41;29;46;1689
311265;12;0;1;2;0;0;0;0;0;1;0;0;0;16
311270;641;10;17;8;11;3;6;4;40;1;5;7;9;762
311280;558;8;60;15;18;18;14;15;26;25;22;11;22;812
311290;156;1;0;0;0;0;4;1;0;0;0;0;0;162
311300;156;6;0;0;0;5;0;1;0;1;0;0;1;170
311310;138;4;0;2;3;0;1;0;1;1;1;1;1;153
311320;1277;14;20;46;54;51;17;19;34;17;28;31;14;1622
311330;2469;49;67;97;60;42;58;59;108;65;66;74;88;3302
311340;6964;228;224;236;225;149;191;214;294;190;151;163;286;9515
311350;564;19;146;7;2;27;21;27;16;8;7;17;23;884
311360;461;9;12;12;13;13;5;11;22;11;18;12;18;617
311370;1292;26;42;62;38;23;45;32;165;148;63;39;41;2016
311380;129;0;0;3;3;0;1;1;0;3;0;1;0;141
311390;689;25;10;8;9;17;22;12;38;144;37;6;22;1039
311400;748;28;11;27;24;9;9;11;20;33;17;32;27;996
311410;1054;13;27;15;48;18;15;21;10;24;24;16;24;1309
311420;1309;50;52;57;59;51;51;33;71;48;43;58;36;1918
311430;1745;167;33;47;72;49;33;34;63;92;51;40;25;2451
311440;1170;15;19;37;29;38;19;31;20;22;36;38;27;1501
311450;569;11;16;10;11;8;14;8;6;11;13;10;27;714
311455;148;3;1;1;0;0;4;0;3;1;3;0;4;168
311460;184;7;2;37;4;1;0;1;3;0;3;4;2;248
311470;95;0;0;0;0;0;0;0;1;1;0;0;0;97
311480;182;0;3;2;4;2;1;9;3;2;1;2;6;217
311490;90;0;0;0;0;1;3;0;2;1;0;1;23;121
311500;104;1;0;0;2;0;0;0;0;0;0;0;1;108
311510;1171;15;31;27;36;24;23;41;38;22;39;34;33;1534
311520;192;2;1;0;0;6;0;0;1;1;1;0;0;204
311530;9668;178;206;226;229;189;247;242;392;295;205;263;243;12583
311540;91;1;0;0;2;0;0;1;1;0;0;0;0;96
311545;1;0;0;0;0;0;0;0;0;0;0;0;0;1
311550;2917;109;134;121;152;99;205;144;131;123;122;170;84;4511
311560;75;12;5;1;4;0;1;0;1;0;0;1;2;102
311570;163;6;43;4;7;4;3;0;2;0;0;0;3;235
311580;572;15;5;10;14;8;22;13;16;20;66;6;17;784
311590;205;3;7;13;3;2;6;1;8;5;4;6;3;266
311600;4;0;0;0;0;0;0;0;0;0;0;0;1;5
311610;27;1;1;0;1;0;0;0;1;1;1;0;0;33
311620;171;1;1;2;4;0;2;2;1;0;0;2;4;190
311630;128;0;5;1;1;9;0;0;3;1;2;1;2;153
311640;276;4;8;6;8;11;6;4;12;4;12;5;7;363
311650;253;4;15;2;1;5;4;7;11;13;20;19;12;366
311660;1939;72;60;72;67;40;86;75;102;61;66;78;105;2823
311670;91;4;3;1;0;2;1;2;3;1;3;0;5;116
311680;87;1;0;5;1;1;0;1;1;0;0;2;1;100
311690;613;10;13;8;9;13;7;18;14;13;12;11;6;747
311700;10;0;1;0;1;0;1;0;0;0;1;0;0;14
311710;375;4;5;3;9;3;4;8;4;4;3;3;6;431
311720;128;0;0;1;0;0;1;2;1;0;0;1;0;134
311730;756;7;5;16;18;9;10;11;10;18;9;17;10;896
311740;100;1;0;0;0;0;0;0;0;0;0;0;0;101
311750;473;5;28;14;6;3;7;8;6;4;8;4;4;570
311760;418;12;12;16;7;7;16;17;11;9;18;10;12;565
311770;971;14;29;11;16;16;53;45;28;329;17;67;56;1652
311780;637;3;28;14;13;6;9;6;9;5;12;20;22;784
311790;350;5;15;21;10;6;9;4;7;8;5;6;1;447
311800;5170;143;145;195;248;188;207;319;258;292;248;290;277;7980
311810;123;1;0;0;2;1;0;0;1;1;0;2;0;131
311820;887;19;49;22;22;27;70;38;54;56;327;56;94;1721
311830;8672;157;215;235;216;186;197;207;202;191;167;203;179;11027
311840;1111;14;20;23;38;25;52;16;29;18;24;22;50;1442
311850;75;0;0;0;0;2;0;1;0;2;0;2;1;83
311860;90742;3689;3306;4071;4242;3701;4117;4557;4401;3761;3777;3691;3578;137633
311870;524;53;12;14;5;6;9;17;47;68;28;13;19;815
311880;420;68;18;30;10;8;3;2;2;2;3;3;10;579
311890;400;6;5;5;8;6;3;6;5;9;10;3;5;471
311900;222;4;2;4;7;2;2;5;3;5;10;4;7;277
311910;1452;28;33;31;47;36;26;55;32;24;23;75;66;1928
311920;235;9;3;6;3;1;0;0;1;2;3;1;1;265
311930;1621;32;43;82;69;135;107;111;134;284;164;61;53;2896
311940;8160;370;479;556;292;228;360;445;343;292;325;310;542;12702
311950;269;8;8;11;8;5;15;11;6;7;4;9;9;370
311960;536;2;4;3;1;3;1;4;2;9;10;3;23;601
311970;125;0;0;1;3;0;1;2;0;1;1;1;2;137
311980;201;11;10;3;1;21;5;8;1;3;3;2;1;270
311990;93;0;0;0;1;0;2;1;2;0;0;0;2;101
312000;893;35;9;70;15;6;47;20;14;35;11;17;31;1203
312010;362;4;5;4;3;11;8;4;5;9;2;2;9;428
312020;341;9;10;5;11;4;16;5;5;4;7;6;7;430
312030;67;0;1;0;2;0;0;0;0;0;3;1;2;76
312040;288;9;20;3;8;3;7;2;5;3;6;4;5;363
312050;598;2;6;15;49;11;7;6;11;7;4;15;2;733
312060;15;0;1;2;0;1;0;0;0;0;0;0;0;19
312070;147;2;25;5;2;3;1;2;1;3;2;3;1;197
312080;874;8;15;13;6;18;16;25;18;17;19;24;22;1075
312090;7047;157;137;191;191;130;176;172;204;223;209;166;226;9229
312100;158;0;1;0;0;0;0;0;3;0;0;1;0;163
312110;556;7;30;25;19;16;5;22;10;18;10;10;10;738
312120;233;9;5;5;3;1;0;7;10;4;4;6;7;294
312130;376;0;6;11;7;2;3;4;9;7;5;6;3;439
312140;154;0;1;1;1;1;2;1;2;6;1;1;2;173
312150;69;12;0;1;1;0;0;0;0;0;0;0;0;83
312160;3316;49;65;70;59;52;67;59;65;64;51;59;88;4064
312170;3;0;0;0;0;0;0;0;0;1;0;0;0;4
312180;611;23;194;31;31;106;133;64;11;12;5;6;7;1234
312190;93;0;0;1;0;0;1;0;1;0;1;0;0;97
312200;450;9;8;20;9;10;16;8;5;7;5;4;13;564
312210;55;0;4;5;2;1;1;2;4;2;1;0;1;78
312220;40;0;0;0;1;4;0;0;0;0;0;0;0;45
312230;26206;857;1027;1063;1189;813;1050;1087;1262;1038;982;1127;1771;39472
312240;290;9;5;19;8;5;2;4;2;2;5;3;10;364
312245;10;0;0;0;0;0;0;0;0;0;0;0;0;10
312250;152;4;2;3;2;0;1;3;2;2;4;0;1;176
312260;77;4;2;1;0;0;2;0;0;1;1;0;0;88
312270;401;6;15;9;5;3;4;8;5;4;5;3;1;469
312280;132;3;1;5;6;1;2;2;1;2;1;0;2;158
312290;215;1;2;0;3;2;1;1;4;3;1;12;1;246
312300;741;34;15;15;13;20;16;15;20;19;37;21;22;988
312310;94;0;0;1;0;1;0;1;0;0;1;1;1;100
312320;850;49;53;27;29;24;29;22;44;30;29;30;55;1271
312330;144;2;3;2;3;1;1;1;3;2;1;1;0;164
312340;80;0;0;0;0;0;0;0;0;0;0;0;0;80
312350;11;1;0;1;0;0;1;0;0;0;0;0;0;14
312352;8;0;0;1;1;0;0;0;0;0;0;0;0;10
312360;1442;26;57;49;45;36;40;25;44;43;88;23;35;1953
312370;278;11;47;12;5;5;3;8;7;10;5;8;14;413
312380;254;0;2;1;1;20;7;3;1;17;30;3;1;340
312390;545;8;12;9;9;5;8;8;10;5;8;7;7;641
312400;444;43;25;7;3;6;9;8;6;5;5;3;9;573
312410;2685;78;80;122;161;126;147;104;182;106;144;134;116;4185
312420;610;4;5;8;3;9;7;5;6;2;13;5;5;682
312430;652;3;9;9;3;5;9;10;18;9;4;6;5;742
312440;122;0;7;4;1;0;0;1;3;1;0;1;1;141
312450;418;7;6;5;12;3;7;13;10;13;6;10;18;528
312460;130;0;0;0;1;0;2;0;3;0;1;2;3;142
312470;268;44;9;1;4;2;3;3;4;7;4;6;2;357
312480;442;3;12;10;10;7;6;4;4;12;1;11;5;527
312490;271;8;17;6;3;4;4;4;4;2;5;3;4;335
312500;147;6;4;2;1;0;11;5;1;3;0;4;15;199
312510;2420;57;83;37;52;70;74;97;42;120;22;33;111;3218
312520;116;0;0;0;0;0;1;0;0;1;1;1;0;120
312530;245;5;3;6;6;5;8;3;6;2;3;0;9;301
312540;117;0;1;1;1;7;1;0;1;1;0;1;2;133
312550;120;0;0;1;0;0;0;0;0;0;0;1;0;122
312560;95;1;0;0;0;0;0;1;0;0;2;1;0;100
312570;659;18;76;17;17;14;16;12;98;19;24;24;140;1134
312580;116;0;2;0;0;1;1;0;2;0;0;0;0;122
312590;358;4;5;5;4;7;4;4;3;0;3;6;1;404
312595;2;0;0;0;0;0;0;0;0;0;0;0;1;3
312600;592;6;9;11;8;3;6;10;6;8;11;16;14;700
312610;6301;496;162;223;218;183;216;215;270;262;300;430;319;9595
312620;120;0;2;4;6;5;3;9;2;5;7;6;4;173
312630;116;9;4;2;4;1;3;2;5;2;14;1;3;166
312640;102;1;5;4;4;2;2;8;3;1;3;2;2;139
312650;176;2;1;0;0;0;0;0;0;0;0;0;0;179
312660;127;2;4;3;5;1;0;0;3;1;0;0;0;146
312670;759;11;14;9;27;7;20;14;21;16;11;36;33;978
312680;50;1;1;0;1;0;1;0;0;1;1;1;0;57
312690;356;7;40;19;4;9;5;6;16;22;11;8;28;531
312700;730;27;21;22;64;25;32;51;101;420;28;75;18;1614
312705;20;0;0;0;0;0;0;0;0;0;0;0;0;20
312710;3777;131;152;127;129;129;127;105;117;135;224;146;143;5442
312720;394;14;2;10;23;49;9;11;64;40;8;4;34;662
312730;313;0;5;1;6;6;7;18;3;5;5;6;3;378
312740;110;0;3;2;0;0;1;0;1;1;0;1;0;119
312750;130;0;0;0;0;0;0;0;0;0;0;0;0;130
312760;1311;14;16;36;11;17;9;6;11;22;7;21;18;1499
312770;27055;1354;868;1027;1107;690;1001;895;946;1083;969;846;1245;39086
312780;550;6;2;6;2;5;10;1;2;4;1;11;20;620
312790;148;0;1;3;0;0;0;1;1;2;0;0;0;156
312800;2863;79;75;97;37;66;63;87;125;105;79;48;51;3775
312810;416;2;7;2;5;3;10;2;3;7;2;5;5;469
312820;269;3;18;8;4;2;3;3;1;0;0;5;4;320
312830;2087;91;90;105;82;70;52;83;87;57;148;62;72;3086
312840;510;9;5;16;15;12;9;19;10;10;9;16;27;667
312850;1342;12;19;7;30;26;21;14;33;18;20;20;23;1585
312860;263;8;10;8;6;3;6;4;7;17;10;17;28;387
312870;8090;240;296;257;229;206;281;264;248;401;249;199;189;11149
312880;267;3;8;9;7;4;42;5;7;6;6;7;8;379
312890;350;5;9;9;1;2;7;7;1;9;10;5;12;427
312900;280;2;5;3;2;5;3;2;7;3;3;5;7;327
312910;388;6;10;11;8;2;6;4;7;4;6;7;6;465
312920;349;4;0;6;4;0;5;14;7;8;56;7;4;464
312930;178;6;1;2;3;16;0;5;5;2;1;1;4;224
312940;338;3;7;12;15;8;4;6;4;4;7;1;6;415
312950;1518;29;27;25;24;21;14;37;23;20;40;35;35;1848
312960;120;3;2;0;2;2;1;0;3;1;6;5;5;150
312970;622;12;10;12;23;26;19;64;17;43;23;18;25;914
312980;3711;156;180;175;145;145;185;164;199;136;165;123;191;5675
312990;108;1;3;3;2;1;0;1;1;2;1;2;0;125
313000;112;0;0;0;0;2;0;1;3;0;3;1;2;124
313005;3;0;0;0;0;1;0;0;1;0;0;0;0;5
313010;3605;96;57;90;93;61;119;114;133;68;96;110;94;4736
313020;1000;21;35;35;38;55;45;42;39;36;33;28;64;1471
313030;843;18;21;29;18;13;15;12;17;40;19;40;12;1097
313040;359;3;4;8;8;14;11;8;13;6;4;8;32;478
313050;523;14;13;15;19;9;12;12;7;3;25;8;9;669
313060;365;5;19;22;4;9;4;6;3;7;8;9;6;467
313070;880;27;17;11;21;21;114;51;96;54;30;29;18;1369
313080;159;1;6;4;0;1;4;2;2;1;0;2;3;185
313090;600;13;13;17;10;12;17;19;14;5;14;18;34;786
313100;251;12;6;11;13;13;17;29;6;4;61;7;6;436
313110;758;3;5;11;8;7;7;5;13;11;6;8;11;853
313120;566;4;29;19;17;9;11;73;9;5;13;15;21;791
313130;39229;1172;1195;1303;1112;1746;1228;1407;1545;1084;1370;900;1543;54834
313140;254;0;2;4;0;5;1;2;2;3;5;0;0;278
313150;240;0;2;0;0;0;3;0;1;1;2;3;0;252
313160;281;4;15;15;8;3;9;7;5;7;6;5;2;367
313170;15246;336;362;490;438;318;296;362;323;335;403;596;494;19999
313180;58;3;2;0;1;0;1;0;0;3;0;0;0;68
313190;6289;184;241;213;221;263;328;366;385;629;349;555;565;10588
313200;173;0;12;3;0;2;0;3;2;1;39;3;27;265
313210;556;3;10;7;10;9;1;17;13;11;68;13;9;727
313220;721;14;20;13;19;16;20;14;22;12;21;52;38;982
313230;229;1;5;4;4;2;10;4;7;3;1;6;5;281
313240;11642;328;546;359;503;251;329;375;325;361;298;275;315;15907
313250;1177;8;7;99;26;16;28;32;29;15;15;23;19;1494
313260;261;1;12;13;1;5;1;4;3;1;3;8;5;318
313270;745;17;6;14;10;8;13;8;19;4;6;22;23;895
313280;98;0;1;0;0;0;1;0;0;0;0;0;3;103
313290;421;11;11;5;9;6;8;3;8;7;7;8;8;512
313300;1161;18;21;18;17;18;21;33;17;15;10;15;29;1393
313310;1403;46;42;39;44;44;78;40;123;27;32;36;112;2066
313320;497;6;1;2;10;3;1;8;5;1;1;1;0;536
313330;983;30;18;33;36;18;10;17;23;24;37;18;24;1271
313340;379;6;5;10;9;10;17;4;12;3;11;4;9;479
313350;1807;42;55;46;31;32;44;41;52;28;64;52;46;2340
313360;316;11;16;9;11;8;9;9;14;14;14;17;6;454
313370;979;39;26;47;20;13;36;35;29;23;42;30;38;1357
313380;13430;362;375;543;356;678;389;388;440;416;415;377;349;18518
313390;20;0;0;0;0;0;0;0;0;0;2;1;2;25
313400;439;12;26;21;1;2;7;2;6;4;5;6;1;532
313410;173;12;6;13;5;5;4;4;1;1;3;3;2;232
313420;9314;194;249;279;287;201;230;255;274;221;229;249;283;12265
313430;145;1;4;4;41;2;1;2;2;2;3;24;3;234
313440;2353;132;105;88;81;83;108;111;131;147;535;313;196;4383
313450;212;5;0;2;2;7;3;1;0;2;2;3;0;239
313460;423;7;2;10;11;4;9;10;11;6;8;17;15;533
313470;290;2;0;0;2;0;0;1;0;0;0;3;2;300
313480;205;1;3;0;0;1;1;2;1;0;1;3;5;223
313490;1780;50;68;50;53;34;56;63;58;62;64;46;49;2433
313500;105;1;1;0;0;0;2;0;1;4;1;2;0;117
313505;4;0;0;0;0;0;0;0;0;0;0;0;0;4
313507;3;0;0;0;0;0;0;0;0;0;0;0;0;3
313510;2377;37;68;60;54;47;117;87;121;62;125;75;86;3316
313520;2041;52;55;46;31;41;35;49;29;38;40;41;50;2548
313530;131;16;5;0;2;1;4;2;3;3;3;13;4;187
313540;119;0;13;4;4;1;2;5;0;5;3;6;0;162
313550;193;2;4;8;2;5;3;2;9;2;1;1;1;233
313560;506;7;9;36;35;22;15;81;21;23;15;105;13;888
313570;295;4;19;5;10;6;6;6;11;12;6;9;11;400
313580;565;5;2;5;15;12;12;11;5;3;9;0;7;651
313590;350;1;7;2;2;6;8;8;7;6;8;4;13;422
313600;191;5;4;1;0;2;2;7;4;6;1;5;3;231
313610;114;1;1;2;0;1;1;0;0;0;0;0;0;120
313620;10614;290;243;411;275;331;315;357;455;393;241;283;593;14801
313630;2676;55;111;89;60;87;116;202;187;336;637;1528;106;6190
313640;42;1;0;1;1;1;1;3;0;1;1;1;1;54
313650;87;2;0;7;0;0;3;1;1;1;2;3;0;107
313660;150;0;3;2;0;1;1;2;2;2;2;0;3;168
313665;1523;14;10;16;24;29;15;19;29;39;17;34;30;1799
313670;83974;2647;2579;3053;2695;2568;2974;3058;2993;2789;2674;2756;3060;117820
313680;163;0;1;1;2;1;1;2;0;1;0;4;6;182
313690;183;3;2;3;3;2;8;0;1;3;3;5;0;216
313700;185;0;0;2;0;1;2;1;0;3;1;0;1;196
313710;236;11;2;2;2;28;3;3;2;2;3;5;11;310
313720;4207;125;61;64;107;81;207;117;121;169;858;219;204;6540
313730;7;0;0;1;0;0;0;0;0;0;0;0;0;8
313740;249;0;2;5;3;4;4;3;5;5;1;0;3;284
313750;557;12;15;6;10;24;27;31;170;13;12;11;33;921
313753;185;3;4;5;1;3;5;1;3;5;5;6;15;241
313760;8588;262;271;322;289;362;246;302;795;381;385;523;662;13388
313770;679;32;10;10;6;8;10;10;11;28;10;9;21;844
313780;1259;25;32;44;31;21;49;23;41;35;47;32;32;1671
313790;105;12;3;3;11;1;0;0;9;6;4;0;0;154
313810;696;24;30;26;17;20;21;20;46;130;28;23;75;1156
313820;10437;214;216;224;230;244;259;271;388;267;232;246;337;13565
313830;103;2;2;2;4;1;2;3;4;6;1;2;2;134
313840;5952;147;138;169;168;129;154;123;217;133;132;153;184;7799
313850;365;2;3;14;3;5;1;6;5;4;3;19;8;438
313860;756;5;9;14;18;17;24;28;11;12;7;20;17;938
313862;74;0;5;1;2;3;6;4;1;4;1;10;40;151
313865;3;0;1;0;0;0;0;0;0;0;0;1;0;5
313870;359;5;4;3;8;11;11;9;3;82;5;3;6;509
313880;1114;14;68;17;46;28;34;31;40;48;40;33;46;1559
313890;77;2;1;4;0;0;0;0;1;0;2;1;0;88
313900;3885;51;65;97;64;79;79;88;77;64;69;92;98;4808
313910;102;10;0;1;0;0;0;3;3;0;2;0;0;121
313920;226;1;2;2;2;2;3;2;2;3;8;2;0;255
313930;1124;14;8;25;20;32;25;76;37;21;32;28;54;1496
313940;4887;203;134;145;158;147;195;128;136;122;178;125;165;6723
313950;1775;25;93;125;68;47;40;50;55;30;33;101;32;2474
313960;1228;62;24;16;35;13;17;17;23;15;20;15;17;1502
313970;139;30;3;9;8;8;5;10;4;4;1;9;4;234
313980;958;14;7;23;78;14;14;11;16;12;17;30;15;1209
313990;546;9;70;28;21;16;14;12;8;9;9;5;15;762
314000;4085;471;434;238;455;458;305;385;349;167;129;105;241;7822
314010;170;1;0;0;0;0;0;1;0;0;1;0;1;174
314020;218;6;12;6;2;6;8;3;1;1;17;2;1;283
314030;133;1;4;1;0;3;0;4;2;4;5;3;0;160
314040;142;0;0;0;1;0;1;0;0;0;0;1;0;145
314050;669;29;32;27;34;41;35;27;24;33;46;33;42;1072
314055;0;0;0;0;0;0;0;0;1;0;0;0;0;1
314060;125;5;0;4;2;2;1;0;0;3;1;0;0;143
314070;1809;29;59;47;70;39;58;31;59;46;52;49;58;2406
314080;1344;33;28;67;27;36;36;44;54;71;64;41;39;1884
314090;523;3;6;6;6;4;10;15;5;6;4;7;8;603
314100;65;0;0;0;0;2;2;2;1;0;2;1;1;76
314110;4157;101;127;141;130;136;120;190;108;136;117;211;205;5879
314120;132;3;0;1;1;2;1;0;0;2;3;0;4;149
314130;106;0;1;1;4;1;1;3;0;0;0;1;1;119
314140;315;3;8;6;4;8;19;6;16;7;10;10;7;419
314150;198;2;1;2;1;1;1;0;1;2;1;0;3;213
314160;276;1;2;1;3;2;2;4;3;2;3;0;1;300
314170;923;31;23;28;17;29;69;43;36;59;34;38;55;1385
314180;429;0;2;1;12;4;6;4;3;8;6;3;7;485
314190;257;1;1;9;12;1;1;0;1;2;2;2;1;290
314200;102;0;0;0;3;2;0;0;4;0;3;1;1;116
314210;365;19;11;7;10;5;8;9;5;5;11;9;5;469
314220;1159;22;50;39;12;9;28;15;16;24;18;15;43;1450
314230;119;2;2;5;4;3;3;1;2;3;2;2;0;148
314240;262;5;12;13;10;5;5;10;9;10;29;8;2;380
314250;166;14;2;9;3;2;7;1;4;1;4;3;5;221
314260;675;11;24;17;42;16;19;16;49;13;22;14;20;938
314270;127;0;0;4;0;3;0;2;3;2;1;0;4;146
314280;1228;47;13;33;44;130;394;48;58;114;56;104;47;2316
314290;463;2;13;6;1;12;14;5;6;8;11;6;4;551
314300;3026;31;51;67;57;78;63;67;46;33;77;259;84;3939
314310;4079;88;95;112;144;94;119;124;158;137;150;159;170;5629
314320;1644;40;66;46;67;48;47;46;44;46;48;38;41;2221
314330;29604;588;775;873;643;591;866;794;934;770;838;778;1091;39145
314340;1001;45;34;37;32;15;23;29;31;26;19;14;17;1323
314345;10;0;0;0;0;0;0;0;0;0;0;0;0;10
314350;602;2;4;3;4;8;10;8;29;14;6;54;37;781
314360;172;6;4;1;4;2;4;2;7;8;5;1;2;218
314370;74;0;0;0;1;0;0;0;1;0;0;0;0;76
314380;42;2;1;0;0;3;1;0;1;1;1;0;0;52
314390;9192;393;308;321;363;259;292;289;330;360;261;204;421;12993
314400;508;178;25;7;5;8;9;6;10;6;16;7;4;789
314410;1520;35;25;28;44;24;27;48;27;32;26;41;91;1968
314420;77;1;0;0;0;3;0;1;2;0;2;0;0;86
314430;3427;79;129;127;121;76;130;100;146;256;146;83;210;5030
314440;256;5;9;11;3;0;1;4;4;3;1;4;24;325
314450;528;7;6;10;4;8;0;7;7;2;5;6;5;595
314460;1863;22;22;34;32;22;37;47;37;257;36;42;98;2549
314470;2399;86;61;99;64;544;75;44;84;95;48;48;115;3762
314480;11770;269;316;429;611;283;295;283;411;313;211;254;520;15965
314490;120;1;10;4;1;1;5;3;4;2;1;4;2;158
314500;1917;73;95;96;122;151;136;107;124;136;477;185;166;3785
314510;417;8;15;14;4;3;7;12;8;8;2;6;6;510
314520;4214;158;261;257;147;200;198;158;204;175;107;165;468;6712
314530;186;2;3;3;7;5;2;2;3;3;3;5;8;232
314540;127;3;7;3;0;3;4;1;1;0;0;0;0;149
314550;160;0;0;2;0;3;0;0;0;0;0;1;7;173
314560;3452;77;74;97;102;50;80;72;76;78;62;79;115;4414
314570;139;1;0;2;0;1;0;2;0;1;0;1;0;147
314580;173;3;12;4;8;5;2;4;5;2;7;8;20;253
314590;8716;95;136;156;138;82;325;91;110;77;86;152;258;10422
314600;2774;45;58;94;105;78;97;96;105;129;73;85;170;3909
314610;11131;212;179;310;291;202;211;260;295;244;236;279;290;14140
314620;59;0;0;3;0;0;0;0;0;0;0;0;0;62
314630;199;4;13;7;7;2;4;2;3;7;4;2;4;258
314640;248;1;4;3;5;7;6;3;6;7;2;3;3;298
314650;722;34;26;29;18;20;43;18;23;24;27;39;41;1064
314660;82;0;0;0;0;0;0;0;0;0;0;0;0;82
314670;247;3;5;3;2;2;3;7;2;4;1;6;8;293
314675;3;1;0;0;0;0;0;0;0;0;1;0;0;5
314690;1014;60;62;50;47;48;48;51;71;68;61;69;61;1710
314700;4891;79;105;114;146;123;127;107;150;111;122;114;182;6371
314710;10561;293;288;370;351;260;312;316;358;305;309;420;347;14490
314720;1792;24;41;43;48;32;41;28;35;27;40;33;40;2224
314730;2407;72;29;53;33;37;18;28;28;16;25;20;25;2791
314740;2616;34;97;79;100;56;59;54;59;60;56;50;58;3378
314750;88;0;0;0;1;0;0;0;0;0;0;1;0;90
314760;1212;14;28;43;42;21;38;22;36;28;30;116;66;1696
314770;341;22;13;13;16;6;15;8;9;9;5;13;6;476
314780;146;0;1;1;0;2;1;0;0;8;1;0;0;160
314790;15244;375;441;522;649;563;503;635;698;629;934;596;431;22220
314800;12860;550;596;553;728;501;698;581;568;707;556;804;600;20302
314810;6984;199;183;238;258;178;211;239;1024;1579;990;345;405;12833
314820;299;4;5;5;4;3;6;2;1;5;14;6;7;361
314830;200;4;2;0;3;0;0;2;3;0;0;1;0;215
314840;84;0;0;0;0;0;0;0;0;0;0;0;0;84
314850;135;0;1;2;2;2;3;5;5;1;1;6;3;166
314860;477;21;41;4;4;9;12;2;5;16;3;7;2;603
314870;1643;13;32;33;22;30;31;41;57;99;19;133;251;2404
314880;151;1;0;0;0;0;3;2;2;2;1;0;0;162
314890;156;0;0;1;1;1;1;3;1;8;4;2;4;182
314900;25;0;0;0;1;1;0;0;0;0;0;0;1;28
314910;405;8;4;6;5;5;9;6;7;6;6;9;10;486
314915;8;0;1;0;0;0;0;0;0;1;1;1;39;51
314920;51;1;0;1;1;1;2;0;0;0;0;1;5;63
314930;6759;209;244;279;313;182;227;275;372;254;293;277;343;10027
314940;85;3;1;7;2;2;5;80;38;5;4;1;9;242
314950;364;1;10;15;17;17;13;9;20;13;13;13;5;510
314960;141;8;5;4;2;3;1;2;2;2;2;1;1;174
314970;243;8;5;8;1;16;3;4;5;2;3;2;3;303
314980;746;43;19;32;39;37;44;46;82;135;30;26;38;1317
314990;1352;16;18;25;26;19;26;41;43;48;22;38;33;1707
315000;208;2;5;0;6;6;5;6;3;2;4;1;9;257
315010;135;0;0;2;5;3;0;3;4;1;3;5;1;162
315020;218;4;6;1;7;2;4;2;3;6;2;6;3;264
315030;177;1;20;1;5;0;0;3;0;6;0;3;1;217
315040;93;2;0;0;0;2;1;1;1;0;0;0;0;100
315050;209;0;1;6;4;7;2;2;2;5;4;0;6;248
315060;229;2;2;2;3;3;1;1;3;1;2;2;3;254
315070;318;6;11;20;27;9;20;34;14;9;210;10;9;697
315080;285;1;4;2;3;2;5;1;4;2;0;1;5;315
315090;182;1;7;4;1;7;0;7;8;3;2;5;2;229
315100;302;7;7;7;6;2;10;3;6;5;5;3;5;368
315110;1120;55;32;29;24;15;23;32;10;37;27;20;52;1476
315120;6948;155;185;190;175;162;158;174;213;370;210;198;245;9383
315130;368;1;5;2;4;3;10;7;1;6;2;5;2;416
315140;2923;65;54;51;58;52;56;81;58;76;61;68;110;3713
315150;1422;22;39;39;53;31;20;35;50;34;27;21;32;1825
315160;352;27;9;4;16;9;8;8;8;2;7;3;6;459
315170;509;3;5;2;7;4;7;6;4;2;3;6;6;564
315180;21936;852;811;885;852;802;886;1207;950;900;848;853;1025;32807
315190;182;0;1;1;1;2;2;2;3;2;0;0;2;198
315200;1490;21;29;37;34;39;25;24;33;28;67;57;17;1901
315210;6647;236;239;937;210;160;232;184;238;293;204;215;233;10028
315220;721;11;28;12;20;16;23;14;39;32;14;23;15;968
315230;159;0;1;0;0;0;1;0;0;0;2;4;0;167
315240;346;14;3;6;0;3;1;0;2;2;8;5;3;393
315250;15171;451;621;603;1160;537;521;536;651;719;601;581;652;22804
315260;332;3;7;7;7;2;7;2;8;6;6;23;2;412
315270;312;6;11;7;9;5;4;3;4;2;1;2;2;368
315280;1985;93;40;98;96;48;98;78;72;147;47;56;67;2925
315290;622;35;12;7;11;7;12;6;18;16;13;7;5;771
315300;116;0;3;2;1;3;1;0;0;0;1;13;0;140
315310;147;0;0;0;0;0;1;0;0;1;1;0;0;150
315320;203;8;3;3;6;3;3;5;5;1;4;2;0;246
315330;118;1;0;0;0;1;0;1;2;0;0;0;1;124
315340;1130;64;18;15;34;34;197;205;797;44;33;45;68;2684
315350;263;8;4;5;5;2;5;7;5;3;1;7;1;316
315360;1366;19;61;88;58;52;82;51;81;83;42;44;46;2073
315370;175;9;42;11;8;5;0;11;2;14;2;0;1;280
315380;83;0;1;0;0;1;0;3;1;1;1;0;1;92
315390;533;3;5;8;10;7;6;12;17;21;21;25;22;690
315400;1114;19;13;22;20;18;33;28;22;25;39;24;26;1403
315410;631;6;27;21;14;16;9;15;13;24;15;10;7;808
315420;309;9;18;6;2;8;7;4;16;15;13;9;9;425
315430;935;13;25;27;26;14;40;25;13;20;25;38;68;1269
315440;511;2;10;9;4;2;9;2;4;5;9;38;13;618
315445;2;0;0;0;0;0;0;0;0;0;0;0;0;2
315450;190;2;15;0;11;2;4;8;0;3;5;9;8;257
315460;4952;207;213;241;225;294;200;204;230;220;235;218;240;7679
315470;227;2;4;1;5;1;7;2;5;5;4;1;9;273
315480;444;8;4;4;6;5;10;6;22;6;17;21;9;562
315490;1550;24;37;58;45;29;32;43;60;54;43;27;47;2049
315500;109;1;3;1;0;1;3;1;0;0;5;2;1;127
315510;70;0;0;1;2;1;1;3;1;2;0;9;0;90
315520;18;37;256;174;18;0;1;0;0;0;0;0;0;504
315530;75;0;0;0;0;1;1;0;1;0;0;0;0;78
315540;870;19;14;19;33;12;9;21;16;23;29;18;29;1112
315550;750;8;5;11;9;8;11;18;44;9;2;7;25;907
315560;743;12;13;8;1;2;15;10;16;8;1;19;8;856
315570;1114;25;49;40;46;17;88;25;50;41;19;23;37;1574
315580;1259;27;36;22;20;13;20;20;24;30;14;17;24;1526
315590;350;4;9;3;4;4;4;2;6;3;2;6;1;398
315600;297;2;1;0;0;0;0;0;4;1;0;0;0;305
315610;215;6;2;1;2;3;3;1;1;3;3;1;0;241
315620;219;3;8;4;2;0;2;9;16;4;2;4;2;275
315630;502;6;11;19;16;7;36;7;18;17;18;21;14;692
315640;231;3;20;18;13;3;5;9;17;11;3;6;4;343
315650;75;0;0;0;0;0;1;5;1;29;4;1;5;121
315660;113;3;0;6;4;3;1;2;0;5;5;2;3;147
315670;7320;228;322;323;387;306;318;359;351;321;552;310;244;11341
315680;507;13;10;10;9;5;7;4;8;5;5;6;9;598
315690;1438;58;39;50;46;31;36;68;59;48;32;20;52;1977
315700;1244;39;52;18;16;17;21;19;34;25;35;54;83;1657
315710;237;0;0;1;0;0;0;0;0;0;0;0;1;239
315720;3699;171;245;237;215;662;330;171;84;93;110;130;445;6592
315730;89;0;1;0;0;1;1;0;1;0;0;0;0;93
315740;269;2;3;5;3;2;5;1;4;1;2;5;5;307
315750;81;0;0;0;2;0;0;0;0;0;0;0;0;83
315760;10;0;0;0;0;0;0;0;0;0;0;0;0;10
315770;340;6;19;13;16;8;19;17;27;9;7;18;9;508
315780;12037;527;443;864;429;316;409;366;441;454;332;377;350;17345
315790;130;2;3;3;3;0;1;0;0;6;5;7;2;162
315800;653;25;25;23;16;13;12;8;44;23;18;21;12;893
315810;117;0;1;1;1;1;0;1;2;0;0;0;0;124
315820;190;7;4;2;4;2;1;3;5;6;2;3;4;233
315830;663;10;23;7;11;15;39;72;79;123;114;54;66;1276
315840;25;1;0;1;4;3;1;1;3;1;0;1;1;42
315850;189;9;2;4;6;4;5;3;8;2;4;1;26;263
315860;274;4;14;31;15;5;13;6;10;13;5;15;14;419
315870;103;0;0;1;0;1;0;1;1;0;0;0;0;107
315880;243;2;3;4;7;15;5;12;17;4;5;10;8;335
315890;61;2;1;0;0;0;2;1;2;1;0;2;1;73
315895;245;3;7;16;11;9;14;5;10;11;20;25;15;391
315900;82;1;1;0;2;3;2;17;5;6;3;2;1;125
315910;55;3;0;2;3;2;0;3;0;0;0;1;0;69
315920;429;16;18;53;6;23;18;16;17;26;7;12;8;649
315930;294;1;1;4;2;2;9;6;0;0;1;0;2;322
315940;117;0;1;3;1;1;0;1;0;2;0;0;0;126
315950;138;1;13;1;0;4;4;3;4;0;3;1;1;173
315960;4589;79;147;129;149;116;114;122;154;110;116;165;230;6220
315970;119;5;4;2;3;1;0;0;0;1;0;1;0;136
315980;1073;10;23;40;77;23;18;22;24;8;9;8;15;1350
315990;641;7;11;35;10;13;8;6;13;10;4;11;13;782
316000;144;0;2;1;30;2;0;2;0;2;0;0;0;183
316010;254;2;7;8;15;4;2;9;13;6;6;3;8;337
316020;84;0;0;0;0;0;0;0;0;0;0;0;0;84
316030;16;0;0;0;0;0;0;0;0;3;2;1;0;22
316040;1584;172;69;78;51;35;71;36;45;41;57;75;105;2419
316050;86;2;2;1;0;0;1;0;0;0;0;0;7;99
316060;321;9;4;4;3;2;4;3;5;11;2;4;8;380
316070;4059;84;87;117;86;60;81;87;127;104;111;92;140;5235
316080;103;2;0;0;0;0;1;0;1;0;1;1;0;109
316090;37;0;0;1;1;1;1;2;1;5;0;3;2;54
316100;674;4;6;10;25;13;9;14;9;9;14;23;22;832
316110;726;11;15;12;11;4;8;9;22;20;17;26;35;916
316120;376;22;4;4;5;11;7;11;113;7;12;10;4;586
316130;95;1;0;1;0;3;3;2;1;2;1;6;3;118
316140;124;3;3;0;2;0;0;0;1;1;0;0;0;134
316150;374;6;4;12;11;3;8;1;7;4;0;7;1;438
316160;97;0;0;1;0;2;0;1;2;0;0;0;4;107
316170;363;5;5;5;1;11;6;7;17;6;5;10;15;456
316180;670;12;21;10;14;16;37;14;11;25;15;15;16;876
316190;287;4;11;4;4;7;85;3;3;3;1;5;10;427
316200;2055;23;69;78;57;52;47;58;53;57;33;45;63;2690
316210;1328;57;24;33;28;15;36;22;34;30;32;28;58;1725
316220;413;9;7;13;12;7;14;11;11;6;14;15;10;542
316230;101;1;2;0;1;2;1;0;1;1;0;1;1;112
316240;208;6;3;4;9;1;2;2;1;1;2;4;16;259
316250;8958;390;209;243;243;214;426;296;225;200;200;209;331;12144
316257;4;0;0;0;0;0;0;0;0;0;0;0;0;4
316260;274;5;4;5;2;6;5;5;4;2;2;1;3;318
316270;160;4;1;3;0;4;4;2;4;3;3;9;2;199
316280;437;54;215;20;16;13;38;23;84;26;5;4;64;999
316290;2734;65;85;165;153;79;163;91;106;149;106;183;123;4202
316295;5;0;0;0;0;0;0;0;0;0;0;0;0;5
316300;9;0;0;0;0;1;0;0;2;0;1;0;0;13
316310;151;8;8;1;2;1;4;1;4;4;3;3;7;197
316320;102;0;1;1;0;0;0;0;0;0;1;1;0;106
316330;108;0;1;0;1;0;1;0;0;1;0;0;0;112
316340;216;8;6;12;9;5;1;11;8;3;0;2;1;282
316350;33;0;0;0;0;0;0;0;1;0;0;1;0;35
316360;1;0;0;0;0;0;0;0;0;0;0;0;0;1
316370;4675;94;172;213;185;132;176;161;152;169;142;139;172;6582
316380;121;0;0;0;0;0;1;0;1;2;0;0;3;128
316390;175;3;1;1;6;2;0;2;2;0;0;2;4;198
316400;774;20;66;31;25;16;19;150;191;39;64;125;23;1543
316410;75;1;1;1;1;0;0;0;0;0;0;0;0;79
316420;165;8;17;7;4;9;2;4;1;29;6;2;11;265
316430;106;1;2;0;2;0;1;1;3;0;1;1;3;121
316440;332;7;8;7;6;9;4;4;10;4;11;4;8;414
316450;80;0;0;0;0;1;0;0;1;2;1;0;1;86
316460;266;6;8;3;5;5;1;6;5;4;3;1;6;319
316470;6524;141;192;194;204;157;168;198;211;189;182;154;203;8717
316480;77;0;0;0;0;0;0;0;0;0;0;0;0;77
316490;93;0;1;0;0;0;0;0;0;0;1;0;1;96
316500;354;5;1;2;8;2;6;3;2;1;9;4;3;400
316510;275;4;10;5;8;2;5;4;10;7;10;9;1;350
316520;460;6;11;8;11;6;6;4;12;11;9;10;13;567
316530;300;1;51;1;18;1;3;8;5;9;1;5;62;465
316540;266;1;5;1;79;4;3;11;7;14;14;15;3;423
316550;81;0;0;0;0;0;0;0;1;0;1;0;0;83
316557;3;0;0;0;0;0;0;0;0;0;0;0;0;3
316560;100;2;4;0;1;1;1;0;0;0;0;1;0;110
316570;185;0;6;3;3;2;6;2;1;2;1;1;1;213
316580;169;4;13;14;15;1;1;2;1;4;12;3;2;241
316590;32;0;0;0;0;1;0;0;0;0;0;1;0;34
316600;120;1;1;1;1;9;0;0;2;1;2;0;0;138
316610;68;0;2;1;1;0;1;0;0;0;1;0;0;74
316620;136;0;0;1;0;0;9;0;1;1;5;0;0;153
316630;94;7;0;3;2;1;1;0;4;1;0;1;0;114
316640;121;0;0;3;2;5;1;0;8;1;0;1;1;143
316650;97;0;0;0;0;0;0;0;0;0;0;0;0;97
316660;17;1;0;1;4;2;5;2;1;0;2;0;3;38
316670;387;6;12;31;18;11;34;72;65;112;17;19;19;803
316680;427;9;11;5;8;7;15;4;9;9;10;12;34;560
316690;570;3;41;15;22;12;25;19;15;18;60;25;43;868
316700;124;0;1;6;1;2;0;1;4;0;1;1;2;143
316710;627;9;15;8;6;2;7;5;8;12;8;4;7;718
316720;24589;759;754;1001;833;647;824;833;762;917;804;708;826;34257
316730;105;2;2;0;0;0;1;1;0;0;1;0;3;115
316740;280;4;7;11;9;24;5;8;6;3;6;1;0;364
316750;195;1;3;2;5;4;1;1;6;8;5;5;7;243
316760;87;1;4;2;1;1;0;0;1;0;5;2;0;104
316770;186;0;1;4;4;1;1;2;2;3;2;3;1;210
316780;172;0;3;4;1;2;5;5;0;3;5;2;4;206
316790;155;2;8;1;2;1;2;3;2;3;5;3;5;192
316800;934;16;50;52;110;8;17;41;14;12;26;15;23;1318
316810;872;9;7;55;10;9;33;55;720;23;109;31;19;1952
316820;112;5;7;5;1;2;1;1;5;1;3;1;1;145
316830;151;3;2;2;0;0;2;0;0;1;5;0;0;166
316840;243;3;1;4;4;2;3;5;2;4;5;1;6;283
316850;599;44;15;14;16;6;7;1;6;3;7;5;12;735
316860;10570;314;377;336;372;182;310;554;577;388;380;381;418;15159
316870;12781;336;1765;507;312;276;321;335;315;250;234;779;248;18459
316880;572;20;13;18;15;19;13;13;16;17;27;11;11;765
316890;211;10;4;3;1;6;4;4;4;2;4;1;5;259
316900;1096;23;13;17;17;8;34;43;29;26;22;31;22;1381
316910;11;0;0;0;1;0;0;0;0;0;0;0;0;12
316920;451;8;5;9;7;2;4;7;7;9;2;5;6;522
316930;8068;141;243;216;159;150;227;182;231;216;209;200;240;10482
316935;3112;69;41;52;92;89;87;76;66;32;75;19;52;3862
316940;7156;153;141;195;218;207;374;552;892;1872;776;340;225;13101
316950;146;5;5;5;13;2;7;4;2;1;7;4;0;201
316960;2826;127;194;164;162;114;353;160;365;165;125;351;364;5470
316970;511;8;7;1;9;9;10;7;14;5;7;6;5;599
316980;122;0;3;2;3;3;1;0;3;1;2;2;3;145
316990;11523;298;325;461;443;314;437;478;689;473;426;404;529;16800
317000;71;8;2;1;2;3;0;2;2;1;0;1;0;93
317005;1;0;0;0;0;0;0;0;0;0;0;0;0;1
317010;40086;1846;1730;2109;2366;1856;1923;2136;2082;1565;2189;2406;2356;64650
317020;77167;2341;2475;3066;3090;2535;2851;2761;3037;2856;2869;3174;3358;111580
317030;79;6;7;6;3;2;1;2;0;0;0;2;2;110
317040;4174;131;94;101;112;115;100;91;116;110;123;164;167;5598
317050;2755;60;66;1134;75;60;102;136;116;568;116;110;85;5383
317052;13;0;0;0;0;0;0;0;0;0;0;0;0;13
317070;19718;701;708;762;818;652;916;857;1232;1156;980;943;1022;30465
317080;2829;164;134;213;200;102;84;107;91;163;276;91;126;4580
317090;120;1;3;6;3;0;2;0;2;4;1;3;1;146
317100;2232;43;16;29;70;19;28;21;62;23;25;31;46;2645
317110;78;2;1;3;2;4;1;1;3;4;4;1;4;108
317120;8280;156;140;195;218;178;217;211;413;170;317;246;216;10957
317130;8040;59;101;140;139;122;99;128;132;105;157;112;211;9545
317140;164;1;2;1;0;0;0;0;2;0;1;1;3;175
317150;86;4;3;1;2;0;0;2;0;1;1;2;1;103
317160;181;0;5;1;1;1;0;4;0;0;1;0;1;195
317170;232;0;2;3;1;2;3;1;3;3;0;2;34;286
317180;395;20;2;20;4;7;7;6;15;9;8;16;59;568
317190;114;0;1;5;0;0;1;1;1;0;3;0;0;126
317200;4334;163;118;105;85;99;127;133;181;157;158;277;185;6122
317210;332;4;9;12;3;3;3;3;11;5;4;4;6;399
317220;173;1;1;1;0;1;1;1;1;8;4;2;5;199
319999;2071;49;31;32;54;87;51;59;119;29;135;84;92;2893
320010;1874;21;18;56;14;20;18;16;14;11;12;10;20;2104
320016;302;0;1;0;1;0;1;0;0;0;3;0;2;310
320020;3199;45;49;347;55;78;55;59;170;202;92;46;97;4494
320030;534;3;7;15;10;1;15;8;8;4;6;9;11;631
320035;240;1;12;4;2;0;7;3;1;6;30;13;29;348
320040;2068;58;72;108;91;74;227;89;142;57;131;88;133;3338
320050;386;17;6;5;6;1;1;3;4;3;5;1;2;440
320060;9752;406;506;818;591;485;386;2404;516;278;228;182;387;16939
320070;558;32;21;16;16;17;15;22;15;17;14;11;7;761
320080;1728;45;48;59;139;26;51;75;94;78;42;58;208;2651
320090;1822;54;32;44;43;36;40;43;51;39;29;35;46;2314
320100;622;6;5;9;8;3;6;49;19;9;12;16;7;771
320110;588;49;10;13;7;7;6;8;6;5;5;8;2;714
320120;27450;651;908;988;1094;966;1115;983;912;870;847;892;1167;38843
320130;27371;735;760;1033;995;746;710;1261;1294;755;944;865;888;38357
320140;2241;43;32;46;47;22;44;49;52;40;43;51;48;2758
320150;16314;441;427;649;717;392;521;434;507;540;446;496;542;22426
320160;3136;78;143;263;196;118;136;1136;190;266;197;102;567;6528
320170;529;15;3;6;4;6;4;2;10;5;7;6;11;608
320180;144;1;1;0;0;0;0;0;0;1;0;0;0;147
320200;177;0;0;0;0;2;2;3;2;0;0;0;5;191
320210;907;18;13;29;14;9;15;19;17;22;13;15;27;1118
320220;697;13;12;27;24;7;18;17;12;8;15;14;11;875
320230;1886;12;18;23;22;15;37;36;37;38;24;27;27;2202
320240;7837;295;406;535;363;265;308;348;424;355;271;487;405;12299
320245;167;7;2;3;4;4;6;6;4;7;3;4;6;223
320250;2261;122;136;140;131;89;235;43;167;34;42;68;73;3541
320255;21;0;0;0;0;0;0;0;1;0;0;2;1;25
320260;725;10;15;27;35;17;15;12;41;15;17;27;50;1006
320270;814;6;19;33;15;20;9;8;13;11;9;5;16;978
320280;4093;538;318;236;308;232;253;342;1007;517;352;154;262;8612
320290;548;2;4;5;7;4;9;9;3;5;9;15;10;630
320300;1494;23;32;32;48;22;28;41;53;59;23;92;46;1993
320305;244;3;32;10;14;8;6;6;21;10;12;8;2;376
320310;304;1;6;6;9;4;3;7;7;5;10;11;6;379
320313;1250;30;102;60;25;63;61;49;35;45;43;37;83;1883
320320;12630;418;576;689;589;454;650;640;698;705;569;420;642;19680
320330;333;1;2;4;2;0;0;2;2;4;4;5;95;454
320334;681;11;17;14;11;14;45;34;12;10;11;12;63;935
320335;335;4;10;13;7;7;5;4;4;6;7;6;7;415
320340;1169;5;10;7;12;11;8;14;8;14;10;13;12;1293
320350;897;6;7;27;31;9;6;9;20;5;8;6;15;1046
320360;458;9;3;18;4;2;8;8;7;6;6;2;3;534
320370;614;8;11;14;7;6;8;4;4;4;6;4;20;710
320380;634;31;18;15;15;5;12;7;16;7;6;12;4;782
320390;3595;92;145;261;121;98;125;121;99;149;94;103;180;5183
320400;835;11;25;20;17;9;82;25;22;16;30;45;24;1161
320405;965;64;105;200;299;85;105;62;193;60;87;86;134;2445
320410;873;24;15;36;15;5;10;6;8;14;9;8;11;1034
320420;534;10;21;19;11;7;17;3;13;5;15;16;11;682
320430;512;2;1;2;3;4;14;8;6;6;5;3;16;582
320435;458;5;5;2;8;4;5;2;5;2;2;5;52;555
320440;532;10;20;13;9;13;7;10;8;5;5;10;47;689
320450;744;15;15;24;15;16;35;18;14;12;7;7;12;934
320470;1805;26;35;79;57;105;102;53;62;34;40;42;50;2490
320480;504;2;5;9;12;5;10;1;7;8;10;5;30;608
320490;8726;262;447;467;526;357;359;347;356;317;317;273;427;13181
320500;37666;1617;1978;2087;1652;1585;1825;1528;1496;1700;1343;1871;2240;58588
320510;4923;200;112;206;170;117;130;104;103;94;123;120;121;6523
320515;175;1;3;2;2;0;0;2;3;2;5;2;0;197
320520;35875;1065;1229;1649;1302;1056;1200;1247;1352;1430;1032;1347;2007;51791
320530;145736;3232;3743;4430;3623;3149;3747;3708;3776;3759;2965;3479;4159;189506
329999;5949;184;131;233;126;106;116;121;117;99;107;122;283;7694
330010;16684;420;420;555;833;556;652;378;357;444;429;359;497;22584
330020;5425;133;164;131;124;137;148;137;119;157;150;112;122;7059
330022;47;0;2;2;1;1;4;0;1;1;1;2;1;63
330025;1743;272;158;513;138;238;290;187;179;230;232;163;146;4489
330030;10804;243;227;315;291;245;353;299;260;268;317;277;311;14210
330040;23254;588;644;817;595;530;629;639;722;716;526;658;699;31017
330045;1664;6;234;72;10;35;2;15;19;30;2;36;10;2135
330050;1611;15;28;43;34;29;33;192;36;21;29;28;32;2131
330060;3040;44;38;71;235;69;132;67;108;54;92;51;200;4201
330070;17030;561;600;699;603;544;644;545;742;600;524;658;729;24479
330080;3847;66;67;70;75;78;58;75;66;73;84;71;96;4726
330090;717;5;5;9;2;2;8;100;9;6;24;24;129;1040
330095;181;0;1;2;2;2;2;0;1;6;3;1;8;209
330100;44643;1274;1116;1556;1244;1311;1396;1535;2799;2332;5257;1428;1740;67631
330110;3623;109;141;472;168;139;106;145;203;65;70;80;87;5408
330115;2;0;0;0;0;0;0;0;0;0;0;0;0;2
330120;1595;19;211;24;23;12;33;22;49;41;26;25;64;2144
330130;2974;78;113;144;85;89;71;64;75;61;110;60;79;4003
330140;935;8;10;5;11;15;6;9;9;10;18;7;10;1053
330150;1711;20;48;40;44;23;68;31;38;31;54;26;30;2164
330160;622;4;6;9;8;7;11;9;13;12;10;8;8;727
330170;82409;2741;2677;3892;3153;3073;3224;2747;2987;3226;2669;2573;2737;118108
330180;1413;23;27;53;34;17;47;65;31;25;23;26;22;1806
330185;29;0;0;0;0;0;0;0;0;0;0;0;0;29
330190;11938;273;361;388;441;295;884;335;344;338;301;278;346;16522
330200;13166;473;320;488;444;384;365;681;593;571;473;521;391;18870
330205;1177;24;11;7;8;10;25;17;6;11;9;21;23;1349
330210;1274;124;40;26;25;29;28;24;22;24;20;53;291;1980
330220;8626;157;225;246;292;199;224;237;572;213;175;265;262;11693
330225;2197;31;38;56;46;31;39;34;43;34;30;53;73;2705
330227;4;1;0;0;0;0;0;0;0;0;0;0;0;5
330230;495;1;1;2;0;1;1;2;0;2;0;0;0;505
330240;26074;457;683;696;683;656;910;684;818;742;709;947;1112;35171
330250;12184;379;369;452;348;331;443;333;398;324;309;257;309;16436
330260;4064;91;86;93;88;112;81;98;86;104;101;79;70;5153
330270;5352;202;113;157;258;96;161;121;257;237;141;142;157;7394
330280;1557;50;33;50;38;47;56;44;62;23;23;24;33;2040
330290;2001;86;33;39;27;31;47;50;32;34;29;38;92;2539
330300;1953;55;227;26;40;22;32;31;21;28;17;16;22;2490
330310;1647;10;13;16;14;10;13;11;5;7;6;14;25;1791
330320;10234;342;308;426;336;333;343;360;334;309;236;320;335;14216
330330;114453;2893;3034;3782;4127;3316;3338;3455;3689;3505;3230;3245;3390;155457
330340;27066;707;738;1039;791;746;756;856;839;711;742;785;1033;36809
330350;75273;2541;2929;3008;2505;2390;2421;2740;2908;2422;2212;2292;2417;106058
330360;4709;121;89;96;69;57;74;76;67;84;72;110;98;5722
330370;3940;79;82;93;101;60;96;79;252;67;76;66;330;5321
330380;1844;65;52;50;64;34;66;68;112;83;44;55;152;2689
330390;49819;1509;1611;1814;1683;1422;1694;1889;1747;1572;1509;1422;1733;69424
330400;4005;77;107;91;80;52;87;72;75;73;109;79;48;4955
330410;1119;10;13;41;17;15;10;9;27;11;16;20;79;1387
330412;2;0;0;0;0;0;0;0;0;0;0;0;0;2
330414;1151;2;17;10;8;8;5;6;27;27;12;62;19;1354
330415;855;1;1;3;16;6;1;1;10;4;1;6;2;907
330420;17247;395;440;632;645;484;576;644;482;499;541;559;832;23976
330430;6449;160;172;182;162;120;132;156;145;136;143;128;204;8289
330440;703;11;5;12;10;2;15;5;15;10;8;8;6;810
330450;240;4;9;3;1;4;15;2;4;5;3;1;7;298
330455;1858048;48746;48407;64127;56055;50383;56540;55195;57094;51103;48558;49240;54375;2497871
330460;628;15;12;4;5;5;9;5;5;6;4;3;3;704
330470;3526;52;105;95;90;78;138;71;74;62;56;67;576;4990
330480;2680;32;33;55;75;32;52;38;68;30;40;40;28;3203
330490;55540;2043;1940;2632;2262;1988;2248;2617;2671;2466;2193;2105;2150;82855
330500;3251;30;13;36;48;32;27;49;43;27;154;37;50;3797
330510;28831;1333;1443;1652;1207;1078;1052;1135;1193;1171;1249;1395;1469;44208
330520;5634;65;58;107;103;59;88;78;62;85;86;77;77;6579
330530;282;1;5;1;2;0;2;1;0;1;2;0;2;299
330540;1815;37;22;60;41;35;30;26;35;37;42;31;42;2253
330550;2866;68;49;65;53;31;64;33;49;75;44;48;45;3490
330560;1373;22;26;29;21;25;13;16;52;29;24;35;238;1903
330570;472;3;7;8;8;6;5;4;4;6;5;4;6;538
330580;16834;476;550;664;615;593;631;558;653;727;597;643;588;24129
330590;960;56;4;7;5;3;3;3;5;2;3;0;3;1054
330600;11992;302;375;406;389;273;380;393;433;328;324;303;357;16255
330610;8923;131;157;222;174;214;191;166;153;137;189;142;151;10950
330620;4177;93;118;96;104;73;119;106;103;124;103;114;131;5461
330630;54380;1207;1237;2092;1566;1506;1433;1236;1281;1421;1276;1393;1671;71699
339999;1165;11;12;24;21;6;30;28;41;49;69;29;35;1520
350010;4470;79;127;150;87;85;99;88;87;118;725;147;108;6370
350020;287;2;7;17;3;9;5;8;4;3;7;2;13;367
350030;2844;94;145;128;93;114;98;102;98;101;132;140;252;4341
350040;652;26;19;45;39;23;15;34;22;23;18;28;31;975
350050;2207;70;70;64;77;73;42;67;57;63;40;59;64;2953
350055;751;34;23;29;43;19;24;55;26;44;40;27;27;1142
350060;594;42;16;23;25;35;18;17;15;13;15;20;14;847
350070;5112;187;180;204;198;157;155;299;167;156;174;183;143;7315
350080;152;3;2;2;3;1;4;1;1;1;2;1;2;175
350090;600;21;32;52;54;32;11;25;42;33;47;43;55;1047
350100;1645;40;54;43;40;28;37;38;55;61;35;30;35;2141
350110;605;26;39;12;21;11;6;19;20;7;11;11;5;793
350115;384;33;3;1;3;3;2;3;4;2;16;32;12;498
350120;168;1;4;1;4;3;2;3;4;3;1;2;3;199
350130;940;39;31;34;43;28;25;28;31;32;19;24;46;1320
350140;218;1;8;4;1;3;5;8;87;2;3;2;5;347
350150;123;2;10;1;3;1;3;0;0;2;4;20;7;176
350160;48152;1482;1686;1868;1754;1643;1957;1841;1908;1828;1319;1484;1741;68663
350170;5887;141;203;273;259;290;334;274;289;274;378;809;312;9723
350180;382;29;7;7;3;4;7;0;3;6;3;5;3;459
350190;15217;464;536;504;502;404;443;484;467;378;313;320;382;20414
350200;527;44;35;46;36;60;20;27;21;28;20;31;31;926
350210;7261;2071;197;288;219;182;249;382;303;439;691;275;332;12889
350220;2045;79;63;80;63;41;39;47;56;67;51;61;98;2790
350230;416;14;3;9;11;13;8;7;4;2;10;5;11;513
350240;165;1;5;2;1;1;4;0;3;1;4;1;2;190
350250;5202;125;125;153;191;167;177;168;167;202;114;147;164;7102
350260;245;1;1;5;2;3;0;1;2;0;2;2;0;264
350270;2324;40;69;81;69;42;48;49;81;42;42;46;63;2996
350275;85;0;0;0;0;0;0;9;1;21;8;4;73;201
350280;26362;1573;875;1177;1023;804;1119;1158;1263;1238;2344;1402;1009;41347
350290;1292;43;51;33;39;35;42;30;41;28;41;37;35;1747
350300;193;8;11;15;2;1;2;6;3;4;6;22;3;276
350310;706;20;37;55;36;22;22;24;22;21;79;41;40;1125
350315;4;0;0;0;0;0;0;1;0;1;0;0;0;6
350320;39393;1468;1732;1965;2026;2880;2381;2125;1814;1694;2166;1992;3707;65343
350330;26152;805;758;1344;6532;868;908;978;898;868;8316;827;1410;50664
350340;378;33;8;11;6;8;10;7;4;7;3;6;10;491
350350;245;0;2;6;1;2;3;1;2;0;2;8;5;277
350360;531;11;27;24;17;32;15;24;24;16;17;17;12;767
350370;2442;46;286;170;333;594;435;526;350;1328;1793;2033;1662;11998
350380;5262;189;143;170;202;223;150;161;167;117;116;192;135;7227
350390;6983;199;234;311;244;211;244;219;240;160;241;246;355;9887
350395;1;0;0;0;0;0;0;0;0;0;0;0;0;1
350400;12839;363;452;464;512;498;549;674;593;388;704;1476;708;20220
350410;12648;457;520;493;396;370;406;411;429;353;365;420;440;17708
350420;1525;22;22;29;28;23;31;30;23;40;27;33;75;1908
350430;256;3;1;6;2;4;3;5;10;2;6;2;10;310
350440;884;25;122;70;34;53;36;64;65;56;51;62;398;1920
350450;10124;294;411;350;366;375;440;442;389;335;315;335;452;14628
350460;671;18;34;33;34;21;19;25;38;25;37;19;25;999
350470;100;0;0;1;1;1;1;1;3;3;0;2;0;113
350480;388;5;9;10;8;2;6;5;9;3;5;7;3;460
350490;826;8;29;31;24;15;14;22;10;24;37;31;9;1080
350500;125;5;2;5;2;1;1;5;0;2;3;1;2;154
350510;399;25;18;14;13;9;6;6;10;10;6;15;8;539
350520;3338;145;107;70;86;87;90;113;105;141;210;134;271;4897
350530;10182;283;313;231;269;328;238;351;303;265;223;235;391;13612
350540;71;1;0;0;5;3;1;3;4;6;1;3;1;99
350550;15329;1630;2679;531;1506;1063;1999;1268;1250;863;1005;595;2215;31933
350560;882;23;23;151;32;24;19;36;43;29;264;26;51;1603
350570;58970;2065;2702;2524;2126;2179;1936;2062;2344;2432;1914;1836;2369;85459
350580;4534;186;234;126;170;112;136;98;108;94;78;95;172;6143
350590;7202;207;183;241;256;241;218;306;903;893;242;346;213;11451
350600;56592;1787;1975;2075;2084;1746;1814;1963;2042;1690;1684;1874;1978;79304
350610;14815;3159;9113;481;1055;2276;574;746;1073;893;612;725;6877;42399
350620;321;6;8;11;17;56;91;49;48;29;16;797;30;1479
350630;895;10;22;24;28;17;48;50;20;23;26;24;25;1212
350635;473;0;0;0;0;2;6;3;8;11;6;13;25;547
350640;647;15;12;13;11;15;21;15;15;15;18;16;22;835
350650;22678;541;1004;901;946;733;615;977;962;755;797;704;1269;32882
350660;664;32;25;13;27;13;9;14;19;18;17;20;15;886
350670;2476;61;110;86;81;104;103;77;78;67;102;282;80;3707
350680;2672;122;80;119;109;81;256;137;186;95;68;368;145;4438
350690;607;38;21;23;25;12;25;35;24;45;27;19;24;925
350700;4317;218;195;189;232;196;202;228;215;206;238;385;579;7400
350710;1292;31;42;36;46;33;36;43;38;37;38;53;53;1778
350720;105;1;3;3;1;2;0;3;2;1;0;1;0;122
350730;225;9;5;6;4;10;12;3;6;6;6;5;14;311
350740;848;26;32;25;29;28;30;33;32;23;30;21;22;1179
350745;35;0;0;0;0;0;0;1;1;0;0;0;0;37
350750;21195;493;516;535;835;477;524;747;760;528;538;446;623;28217
350760;17308;547;639;659;643;624;548;726;690;675;677;584;721;25041
350770;206;5;2;5;3;5;5;2;5;2;5;3;10;258
350780;1210;30;34;32;25;32;35;37;33;62;51;34;40;1655
350790;2875;104;98;127;182;125;138;114;131;124;110;146;119;4393
350800;1967;92;76;56;64;61;58;58;81;114;69;47;68;2811
350810;1037;11;16;46;23;28;22;21;26;11;27;26;43;1337
350820;162;13;4;3;2;3;0;1;5;5;6;18;1;223
350830;416;14;13;21;25;11;24;22;8;11;93;22;8;688
350840;3893;137;165;163;123;100;160;135;120;125;309;125;135;5690
350850;9379;210;258;222;558;223;353;224;270;218;236;325;587;13063
350860;2021;55;39;39;32;39;36;59;61;41;48;168;58;2696
350870;1174;34;19;26;26;33;17;27;51;38;26;40;47;1558
350880;1455;23;37;27;45;25;33;27;48;28;42;45;50;1885
350890;373;14;9;278;52;11;14;10;7;7;70;258;16;1119
350900;7378;243;370;347;279;340;320;236;478;253;251;276;217;10988
350910;299;5;1;4;4;2;6;1;4;4;109;8;2;449
350920;42376;1753;1978;2282;2231;2354;2212;2339;2388;2291;1780;1864;2048;67896
350925;264;4;5;4;10;5;6;16;10;5;7;4;12;352
350930;759;23;57;26;45;25;21;26;19;30;36;30;56;1153
350940;2015;95;124;139;130;170;202;213;264;226;265;472;155;4470
350945;21;0;1;0;0;0;0;1;1;0;0;0;0;24
350950;225432;8868;7870;9499;7803;7548;7779;7790;7971;7171;7897;8028;9511;323167
350960;7421;219;217;273;212;152;110;161;173;127;159;141;163;9528
350970;5680;194;243;211;224;265;270;207;232;187;209;179;237;8338
350980;82;1;1;1;2;7;3;3;3;3;0;1;3;110
350990;421;13;16;6;11;26;9;9;14;10;20;11;14;580
351000;3760;78;100;112;147;143;75;112;101;122;125;96;98;5069
351010;107;1;4;5;3;2;3;5;8;10;2;8;7;165
351015;81;0;0;2;4;0;1;7;1;1;2;0;1;100
351020;5230;124;98;155;155;203;161;140;134;168;115;174;187;7044
351030;1059;24;38;25;38;30;23;35;31;38;24;31;36;1432
351040;8477;278;296;959;378;345;379;485;508;456;570;2171;930;16232
351050;5168;227;293;365;273;258;255;230;270;218;228;260;250;8295
351060;12163;461;662;618;538;435;487;498;495;461;480;364;538;18200
351070;502;6;6;26;10;5;12;9;9;3;10;6;8;612
351080;2901;108;99;101;167;89;82;90;79;73;79;57;95;4020
351090;138;3;7;11;9;4;2;2;4;3;2;2;5;192
351100;1775;34;45;38;33;22;39;26;55;48;49;33;20;2217
351110;18778;959;965;733;1338;966;1180;949;786;768;815;3634;2669;34540
351120;557;9;10;17;17;161;11;24;26;14;13;13;12;884
351130;507;12;20;25;14;13;7;11;19;14;13;14;8;677
351140;1660;44;64;72;55;49;57;40;49;42;48;93;67;2340
351150;5304;211;142;181;130;198;183;190;256;219;210;1307;96;8627
351160;965;41;61;36;18;41;22;45;30;17;23;36;49;1384
351170;1024;54;42;53;60;32;55;101;100;116;151;346;109;2243
351190;526;5;4;8;6;14;90;37;48;9;756;26;6;1535
351200;2223;53;411;66;61;52;67;59;81;49;33;46;178;3379
351210;1033;32;13;15;15;15;21;14;17;16;15;19;15;1240
351220;2078;700;150;407;263;177;222;218;203;204;164;300;861;5947
351230;1201;55;51;36;44;46;33;37;50;35;50;51;37;1726
351240;3697;185;177;191;151;100;95;138;146;274;92;134;153;5533
351250;1352;16;65;41;29;29;32;28;24;29;37;50;29;1761
351260;256;0;0;3;4;2;5;1;2;2;1;4;8;288
351270;517;15;16;22;13;21;23;8;13;11;16;18;10;703
351280;6673;334;238;168;1092;216;243;197;166;206;222;1560;305;11620
351290;300;2;5;4;2;6;5;4;5;7;4;4;9;357
351300;26311;803;756;1149;804;761;1180;1091;1309;1127;755;1000;1010;38056
351310;2508;87;75;93;97;81;86;64;120;93;55;70;73;3502
351320;507;25;21;21;25;20;21;20;41;20;19;22;25;787
351330;715;32;15;20;35;14;13;14;23;7;32;27;20;967
351340;9915;236;288;259;190;254;273;280;251;352;212;271;278;13059
351350;22284;1038;1290;1217;1410;949;1172;1437;972;1216;979;1291;1758;37013
351360;573;3;11;3;9;0;3;3;6;8;3;4;8;634
351370;5802;261;219;275;245;957;292;253;166;258;312;187;150;9377
351380;84284;2668;2761;3303;3014;2710;2843;2992;3177;2787;2589;2530;2366;118024
351385;98;0;2;1;2;5;4;2;1;2;3;2;16;138
351390;579;11;33;7;24;7;11;7;8;6;9;11;13;726
351400;896;31;22;32;261;32;20;32;33;34;70;1021;41;2525
351410;4135;112;109;196;163;228;301;244;266;116;135;109;1093;7207
351420;149;4;2;6;0;1;1;2;2;1;0;2;1;171
351430;1018;53;58;49;26;67;79;71;83;122;151;186;60;2023
351440;5392;162;159;158;163;170;120;133;140;129;133;135;192;7186
351450;1267;36;39;40;46;20;22;24;47;22;21;19;32;1635
351460;649;47;65;48;52;62;34;24;72;43;34;35;63;1228
351470;522;6;1;8;12;5;8;11;11;13;18;8;3;626
351480;534;12;18;41;24;13;14;14;13;13;15;11;29;751
351490;2068;59;62;81;85;99;89;121;137;129;97;814;89;3930
351500;48235;2951;3150;3656;3171;3317;3707;3390;3752;3613;3765;3336;4695;90738
351510;5277;219;291;402;220;152;271;168;378;245;174;272;292;8361
351512;85;0;0;0;0;0;0;0;1;0;0;6;1;93
351515;43;0;0;3;2;0;1;6;3;0;7;29;3;97
351518;6598;167;163;176;169;159;120;154;181;174;241;182;227;8711
351519;91;0;0;0;5;2;1;8;4;0;1;2;1;115
351520;885;19;20;30;11;23;20;17;19;15;20;33;22;1134
351530;194;3;10;17;9;4;6;2;1;3;5;2;12;268
351535;181;1;0;4;4;4;4;2;1;0;2;1;1;205
351540;1067;17;29;22;21;21;20;21;28;26;18;21;16;1327
351550;7236;165;254;225;241;203;237;247;287;284;753;223;221;10576
351560;229;14;6;5;6;7;3;15;2;9;3;5;3;307
351570;11152;479;393;362;416;441;466;437;518;446;398;391;508;16407
351580;137;2;8;3;2;0;3;4;1;1;1;4;3;169
351590;176;1;2;4;3;4;8;3;14;11;2;2;1;231
351600;693;26;30;25;26;55;33;29;28;23;552;11;323;1854
351610;494;10;20;14;16;21;17;11;14;20;20;6;17;680
351620;53197;1356;2208;2523;2398;2205;2382;2762;2865;2793;2966;3062;4992;85709
351630;2374;87;91;87;72;67;63;68;110;135;98;62;164;3478
351640;5386;163;170;220;184;156;200;211;273;205;206;172;175;7721
351650;452;6;5;10;11;9;11;13;7;7;12;6;11;560
351660;1121;24;27;30;26;26;18;40;29;205;35;28;21;1630
351670;5162;143;168;132;116;107;121;113;232;151;149;97;134;6825
351680;212;0;3;2;1;3;4;3;4;1;3;3;7;246
351690;957;9;20;12;13;17;12;22;26;15;539;13;23;1678
351700;745;21;7;11;22;24;13;27;20;8;34;16;19;967
351710;222;8;9;21;5;2;3;11;6;4;4;7;15;317
351720;612;17;12;16;24;12;16;9;18;19;21;31;14;821
351730;250;4;1;3;4;5;4;20;19;22;6;3;1;342
351740;4310;88;119;312;426;393;364;227;214;165;206;1395;1890;10109
351750;1816;36;13;34;28;27;22;26;18;18;19;33;59;2149
351760;1190;32;36;31;35;15;26;27;57;7;13;40;21;1530
351770;1253;42;114;40;100;76;28;42;62;24;98;140;159;2178
351780;739;19;17;25;21;18;26;14;23;20;51;23;34;1030
351790;806;8;16;19;23;18;27;21;6;22;31;69;46;1112
351800;197;3;2;0;2;1;2;0;2;1;2;2;1;215
351810;570;8;8;24;11;14;6;20;18;16;7;15;20;737
351820;3393;106;79;81;119;145;119;116;114;99;573;455;97;5496
351830;1878;35;60;55;56;61;227;124;90;70;61;54;71;2842
351840;18188;404;434;506;442;386;461;408;454;385;374;388;578;23408
351850;633;13;13;13;12;13;14;36;29;23;27;73;54;953
351860;4867;88;161;266;1878;259;287;345;249;269;357;4585;190;13801
351870;26306;986;1300;1342;1067;877;1043;938;812;887;769;943;1060;38330
351880;186634;6360;6776;7506;6329;6536;6481;7182;8714;6804;6744;6834;7919;270819
351885;200;6;5;14;4;3;3;1;8;4;1;4;5;258
351890;159;2;3;5;7;1;2;3;0;2;3;1;1;189
351900;366;6;9;15;7;6;10;4;15;6;9;13;7;473
351905;451;22;27;24;30;25;28;28;27;19;21;32;13;747
351907;1685;17;16;42;86;66;32;91;34;29;70;65;129;2362
351910;533;9;11;8;15;19;13;20;8;24;12;13;9;694
351920;523;5;7;24;41;10;6;4;23;7;10;13;11;684
351925;119;1;3;3;4;7;0;11;1;2;0;0;2;153
351930;4712;311;152;195;250;236;216;257;204;233;125;349;954;8194
351940;661;20;21;13;22;23;23;48;42;13;6;10;25;927
351950;721;30;24;36;36;29;44;63;329;61;64;149;36;1622
351960;5117;145;173;195;183;169;167;182;145;214;195;219;244;7348
351970;2882;99;82;116;129;103;102;83;128;122;126;125;96;4193
351980;574;31;16;31;22;21;17;30;16;17;65;37;13;890
351990;513;3;12;6;13;9;13;18;13;7;14;21;37;679
352000;3726;100;76;88;90;104;63;67;82;97;78;116;122;4809
352010;3202;107;177;231;207;193;162;235;108;140;284;957;956;6959
352020;488;10;7;15;9;5;6;6;5;6;8;12;166;743
352030;1424;62;67;62;32;42;27;40;35;42;25;31;55;1944
352040;770;22;31;52;43;25;35;34;27;22;23;27;22;1133
352042;196;2;3;7;6;4;0;180;43;6;8;5;11;471
352044;637;0;1;1;1;1;1;31;41;22;5;6;2;749
352050;20650;711;642;664;690;691;588;672;666;604;592;553;873;28596
352060;282;24;61;25;23;17;21;8;5;21;9;7;6;509
352070;256;1;5;4;3;3;4;4;4;2;2;2;10;300
352080;425;9;45;12;10;5;8;13;9;16;33;6;10;601
352090;1859;62;134;65;85;114;73;71;61;55;48;567;39;3233
352100;2728;41;99;131;64;72;77;67;102;177;240;97;57;3952
352110;556;12;9;10;11;30;30;20;8;18;25;21;10;760
352120;148;2;4;1;0;2;0;1;1;2;3;0;4;168
352130;1160;40;37;71;148;110;44;54;40;48;89;601;39;2481
352140;4918;122;90;152;243;155;157;238;115;116;178;1004;340;7828
352150;229;4;0;3;2;3;3;5;0;3;0;7;16;275
352160;397;3;6;8;5;4;5;4;3;3;5;11;10;464
352170;991;20;37;29;25;26;21;16;18;16;22;19;15;1255
352180;1729;45;22;70;63;75;61;85;98;100;77;68;660;3153
352190;1017;31;38;62;321;68;77;56;51;50;374;29;129;2303
352200;180;5;3;11;2;3;0;2;4;0;2;2;3;217
352210;5166;145;260;270;229;217;182;172;266;245;195;157;206;7710
352220;10332;324;415;587;386;302;333;360;364;391;454;390;303;14941
352230;17986;1488;1120;685;604;654;606;627;653;920;627;1011;2023;29004
352240;9722;376;581;369;321;373;458;438;449;384;475;437;402;14785
352250;8408;984;628;544;442;509;518;654;950;451;382;423;470;15363
352260;11993;267;256;358;357;519;685;497;479;392;1633;296;1467;19199
352270;4055;1949;2076;249;1055;253;190;209;362;501;667;704;5793;18063
352280;469;14;7;15;10;22;16;4;13;11;8;14;18;621
352290;1608;63;103;86;116;90;54;86;107;77;109;196;296;2991
352300;207;8;4;4;5;2;1;1;4;2;1;2;2;243
352310;19931;634;660;880;782;755;776;867;679;873;660;644;808;28949
352320;4174;121;133;170;157;111;226;135;150;238;255;192;163;6225
352330;742;21;37;38;30;21;21;26;32;30;41;22;43;1104
352340;14650;529;747;625;579;506;496;550;505;449;452;489;578;21155
352350;1580;118;84;82;88;121;100;105;103;60;120;137;108;2806
352360;1843;77;81;93;188;76;89;100;160;78;77;94;51;3007
352370;264;13;8;5;8;11;7;10;9;6;5;7;6;359
352380;369;4;6;5;9;7;7;7;7;6;4;3;2;436
352390;28062;1122;1107;1270;1050;987;986;994;1242;840;890;897;1010;40457
352400;3442;107;121;127;107;116;161;153;130;130;121;111;136;4962
352410;3482;68;100;97;117;187;87;60;102;77;89;80;93;4639
352420;401;11;22;22;12;12;12;14;20;19;13;6;25;589
352430;14081;353;383;564;506;365;356;337;375;365;605;1362;348;20000
352440;28889;1043;1059;1080;1061;955;1058;1229;1283;1161;1059;1157;1200;42234
352450;321;3;7;9;7;11;10;4;10;7;7;6;2;404
352460;2930;170;446;166;106;123;145;113;165;109;104;142;382;5101
352470;8046;460;348;488;266;340;316;349;295;295;284;386;354;12227
352480;4461;131;149;143;156;129;110;94;119;142;72;117;181;6004
352490;521;17;20;27;75;15;4;6;16;15;14;17;16;763
352500;7102;155;226;319;270;176;243;195;246;263;219;205;222;9841
352510;4935;100;207;352;429;320;438;527;515;473;1311;1133;682;11422
352520;1032;28;31;26;47;44;47;23;41;39;36;29;39;1462
352530;22931;848;806;970;966;909;1080;1153;1171;1015;739;865;1802;35255
352540;256;3;7;3;9;7;3;2;8;4;3;4;4;313
352550;863;18;28;22;31;32;29;28;27;18;19;19;32;1166
352560;147;0;3;3;4;1;3;2;10;5;2;1;14;195
352570;3706;145;258;148;193;411;113;101;135;145;95;119;115;5684
352580;255;4;4;2;5;5;8;13;14;58;0;2;13;383
352590;73041;2898;2751;2955;2379;2623;2973;2997;3182;2403;2229;2573;3000;106004
352600;1785;35;63;26;32;80;70;75;49;510;52;81;28;2886
352610;1157;20;28;38;46;38;34;34;31;44;44;34;38;1586
352620;3361;133;188;278;284;148;103;125;82;153;134;128;144;5261
352630;211;1;1;2;1;2;1;2;1;2;0;1;0;225
352640;4705;263;237;241;205;237;276;234;189;201;227;239;244;7498
352650;363;11;6;14;7;5;4;13;7;2;1;3;5;441
352660;730;26;37;28;21;20;12;19;31;22;26;15;18;1005
352670;10936;365;1050;452;919;556;552;488;445;506;1439;1595;1256;20559
352680;14621;476;420;515;488;512;529;564;486;514;573;457;754;20909
352690;42819;2083;1254;1528;1370;1167;1238;1186;1538;1374;1272;1276;2192;60297
352700;972;37;39;53;31;30;19;16;32;35;35;30;27;1356
352710;11211;379;481;466;446;463;417;475;413;500;392;505;432;16580
352720;9419;239;248;361;418;244;250;267;275;400;281;331;469;13202
352725;73;0;4;2;0;3;3;2;1;0;0;3;2;93
352730;3727;160;153;135;133;118;149;133;133;104;103;147;100;5295
352740;2145;56;124;310;100;53;117;74;49;62;43;170;578;3881
352750;172;9;7;4;2;2;6;2;3;2;1;3;1;214
352760;2652;90;115;109;623;166;80;163;634;87;102;67;913;5801
352770;139;2;5;14;2;1;2;1;0;1;1;0;6;174
352780;468;1;11;14;14;6;24;15;91;7;59;17;4;731
352790;224;9;1;6;4;5;3;2;6;3;7;3;11;284
352800;6587;86;103;128;128;163;194;112;159;137;281;95;152;8325
352810;298;2;7;6;8;25;7;6;7;6;7;2;2;383
352820;140;1;2;1;2;1;1;2;2;1;1;0;2;156
352830;328;6;4;4;4;2;2;0;10;7;9;2;3;381
352840;10824;205;195;245;166;180;195;241;193;241;249;273;209;13416
352850;4785;244;225;319;339;334;498;369;357;274;239;293;507;8783
352860;547;10;8;13;6;11;19;18;11;11;19;16;12;701
352870;316;4;8;7;23;1;7;7;5;2;4;7;3;394
352880;2841;109;156;234;203;225;112;96;98;115;77;544;223;5033
352885;36;0;0;1;4;2;3;0;3;0;0;0;5;54
352890;167;1;3;3;0;4;2;2;3;0;0;2;2;189
352900;30436;736;941;987;1077;786;962;1144;1009;1007;1008;961;954;42008
352910;107;2;1;0;2;2;2;0;0;1;0;2;3;122
352920;1573;89;58;142;50;40;67;35;33;38;32;36;39;2232
352930;28370;1364;6486;1593;2452;650;1309;1163;1538;3498;2354;1496;7337;59610
352940;32904;770;811;877;789;873;822;781;850;810;812;743;873;42715
352950;192;3;7;6;4;3;1;4;4;1;2;0;4;231
352960;151;7;2;3;1;2;1;1;0;3;5;13;3;192
352965;84;0;0;2;0;0;1;0;1;0;2;0;0;90
352970;944;46;42;43;65;71;87;40;74;53;53;679;51;2248
352980;835;24;74;45;34;46;44;40;35;40;43;109;127;1496
352990;1012;31;28;50;43;22;38;22;59;25;30;38;34;1432
353000;153;0;4;3;2;4;1;0;3;6;0;1;1;178
353010;2690;70;122;109;72;88;136;142;76;120;1180;78;149;5032
353020;764;9;20;24;22;22;30;20;29;98;30;223;21;1312
353030;7641;182;241;283;212;188;202;280;250;266;233;246;327;10551
353040;206;4;8;2;1;3;7;4;3;1;3;3;4;249
353050;9994;244;316;267;275;219;263;200;243;214;202;379;226;13042
353060;41830;1596;1628;1762;1559;1572;1761;1639;1574;1360;1580;1597;2002;61460
353070;18595;545;677;665;843;510;489;638;614;829;592;671;667;26335
353080;14166;360;451;476;439;345;408;464;585;423;432;414;459;19422
353090;253;8;8;9;6;3;4;13;6;10;14;13;5;352
353100;137;0;2;0;0;0;1;0;3;0;1;1;2;147
353110;1795;59;69;74;70;50;54;50;53;51;49;126;60;2560
353120;1210;24;30;36;47;48;40;29;45;42;31;22;40;1644
353130;7062;224;179;199;302;240;216;150;150;200;311;348;203;9784
353140;1738;38;39;45;37;65;47;59;39;370;58;117;112;2764
353150;2575;317;1176;87;102;91;103;129;128;122;129;108;1795;6862
353160;216;3;2;1;15;2;1;3;3;2;5;6;17;276
353170;584;13;12;18;58;7;20;5;12;13;52;13;40;847
353180;3259;110;88;80;83;83;109;93;128;89;100;160;136;4518
353190;3007;152;55;100;527;122;81;116;89;76;129;258;1336;6048
353200;13821;399;723;595;686;534;615;548;552;592;539;598;698;20900
353205;86;0;0;3;1;0;0;2;1;2;3;1;1;100
353210;278;3;3;4;4;4;3;2;4;5;1;9;6;326
353220;318;9;40;12;11;13;6;15;6;4;3;8;6;451
353230;233;0;7;4;5;3;1;4;1;1;5;2;0;266
353240;3003;151;239;374;215;179;182;171;181;158;149;174;151;5327
353250;732;200;494;26;50;18;32;35;103;93;85;109;944;2921
353260;656;6;14;20;12;4;7;18;12;12;12;17;10;800
353270;180;2;6;7;3;5;7;4;12;24;6;7;15;278
353280;269;4;3;5;9;10;3;6;9;3;4;3;11;339
353282;474;10;6;6;11;22;16;5;14;4;1;5;9;583
353290;2438;63;60;50;30;57;73;66;60;68;48;310;150;3473
353300;967;8;21;17;20;17;17;24;22;15;24;23;38;1213
353310;182;1;2;2;3;1;0;2;1;1;0;2;1;198
353320;157;0;1;2;2;3;0;3;1;2;1;1;0;173
353325;24;0;0;0;0;1;0;1;1;0;0;1;2;30
353330;127;1;2;2;1;0;0;0;0;1;1;4;0;139
353340;9651;286;311;303;285;276;333;301;354;279;182;267;267;13095
353350;4056;118;96;88;99;134;97;123;127;168;207;1041;134;6488
353360;910;25;48;66;40;20;23;25;34;18;16;63;29;1317
353370;303;4;8;5;13;5;6;11;125;3;3;2;18;506
353380;176;4;1;0;1;2;2;1;0;4;10;13;0;214
353390;7654;285;294;321;229;201;382;298;334;303;343;1549;255;12448
353400;446;13;14;28;19;16;5;12;44;17;35;28;107;784
353410;649;9;26;17;13;19;25;45;54;58;886;55;13;1869
353420;679;14;18;25;20;16;13;15;25;24;9;905;87;1850
353430;6439;151;170;206;314;284;166;212;169;183;182;773;244;9493
353440;92877;6811;3818;3541;2901;2766;2876;3293;3379;3648;2807;2888;3230;134835
353450;199;3;2;8;4;2;1;2;5;2;2;2;3;235
353460;3297;113;140;122;83;76;86;70;76;82;62;65;66;4338
353470;11903;365;438;478;402;405;375;411;343;399;344;439;659;16961
353480;321;7;4;9;10;4;4;7;7;9;5;4;3;394
353490;806;11;32;39;22;33;9;21;17;18;32;35;11;1086
353500;475;12;8;7;6;12;3;11;7;15;11;4;14;585
353510;279;2;4;3;8;9;37;35;25;125;6;3;5;541
353520;436;33;33;6;4;2;16;3;4;1;7;6;17;568
353540;1011;46;42;50;40;31;38;61;37;64;31;38;89;1578
353550;6067;223;236;210;254;181;233;309;212;169;154;326;389;8963
353560;743;8;14;18;17;39;12;11;26;18;19;14;19;958
353570;614;9;29;27;31;37;31;53;39;30;329;24;35;1288
353580;1992;37;55;59;46;130;56;128;67;50;70;126;107;2923
353590;245;10;2;3;2;1;5;0;1;0;2;13;3;287
353600;995;18;31;35;26;21;22;14;20;15;103;19;41;1360
353610;885;31;52;46;28;29;45;33;39;44;41;38;26;1337
353620;1086;44;41;47;45;25;38;62;58;52;43;26;41;1608
353630;1533;48;67;75;63;40;51;59;48;66;53;58;45;2206
353640;441;10;16;20;17;17;6;26;25;19;13;7;19;636
353650;15134;424;457;847;438;444;454;423;439;762;592;571;713;21698
353660;549;13;11;15;15;15;21;18;10;15;9;21;16;728
353670;4515;161;166;169;240;253;350;361;275;310;234;250;268;7552
353680;176;3;7;5;1;1;3;2;4;4;1;2;0;209
353690;134;1;1;3;0;2;2;2;2;0;0;2;1;150
353700;1701;62;65;69;86;72;71;87;210;91;87;63;48;2712
353710;6836;242;244;232;211;203;190;233;321;330;221;180;217;9660
353715;79;0;0;1;2;1;1;60;1;2;1;3;2;153
353720;413;13;10;11;18;9;8;3;3;7;10;9;5;519
353730;7650;314;341;306;237;208;291;335;328;384;454;387;1712;12947
353740;5708;157;168;246;220;183;355;121;263;189;75;98;126;7909
353750;627;27;29;25;14;18;28;33;19;26;23;18;21;908
353760;2841;139;91;129;82;157;87;91;91;100;99;91;148;4146
353770;198;0;1;1;3;3;2;1;2;3;5;4;2;225
353780;7088;1338;1187;1589;863;1139;1254;1594;1684;1368;1508;1272;3158;25042
353790;19860;1707;1152;1481;1564;1532;1307;1316;1368;1048;1693;1614;2915;38557
353800;14191;469;394;420;409;405;328;375;533;429;287;303;487;19030
353810;879;30;39;20;44;57;87;21;50;24;142;22;28;1443
353820;360;2;4;3;4;5;12;6;4;11;10;12;16;449
353830;219;0;3;4;3;2;2;5;4;5;2;7;3;259
353850;1682;11;12;16;14;13;11;13;18;18;6;20;20;1854
353860;3148;64;145;102;79;54;89;67;83;74;68;79;76;4128
353870;60243;1813;2076;2099;1982;1938;2140;1912;2010;1900;1711;3030;2263;85117
353880;3138;72;93;90;112;81;88;95;96;93;104;77;94;4233
353890;1865;44;65;56;79;99;61;77;89;48;73;224;116;2896
353900;899;26;34;34;39;25;27;46;35;20;43;22;63;1313
353910;1311;66;71;53;43;56;41;45;60;48;27;34;45;1900
353920;2230;83;76;78;75;72;60;65;64;55;62;75;56;3051
353930;14728;384;426;652;1123;594;336;335;456;312;383;748;332;20809
353940;1848;40;38;64;116;474;34;40;27;98;72;90;59;3000
353950;3220;1550;138;206;275;218;239;268;287;330;1051;249;2886;10917
353960;321;16;8;8;11;5;8;5;7;3;7;8;4;411
353970;227;5;6;6;33;7;63;14;20;39;86;69;3;578
353980;9386;473;576;559;446;424;381;463;457;520;440;497;484;15106
353990;343;18;12;12;7;16;4;11;14;74;12;67;3;593
354000;3019;43;54;55;67;30;57;46;52;40;30;82;67;3642
354010;225;10;27;5;13;4;3;6;6;1;3;6;4;313
354020;3428;101;113;175;165;263;402;495;318;336;196;3665;2222;11879
354025;70;0;1;0;0;0;0;0;0;1;0;0;0;72
354030;272;8;4;5;3;1;1;11;1;6;11;5;14;342
354040;221;1;3;3;2;3;3;3;4;1;0;0;2;246
354050;422;22;10;11;15;8;5;15;8;10;10;10;19;565
354060;6015;199;161;358;180;198;210;310;281;169;180;494;242;8997
354070;9043;523;1400;697;622;804;662;449;713;856;650;1142;2657;20218
354075;161;1;1;0;2;3;21;4;5;3;8;2;6;217
354080;733;9;10;16;6;10;19;14;22;42;16;34;23;954
354090;7305;159;91;95;120;94;47;43;52;84;114;342;115;8661
354100;14134;532;555;684;557;510;484;511;563;411;571;568;522;20602
354110;908;35;16;64;19;87;183;105;90;69;93;578;31;2278
354120;971;12;35;21;28;17;30;38;29;82;22;25;115;1425
354130;4510;124;167;204;253;216;239;255;624;234;101;141;165;7233
354140;35104;1297;1356;1606;1343;1256;1269;1298;1708;1301;1337;1355;1222;51452
354150;4339;106;166;185;240;240;171;155;249;274;634;97;122;6978
354160;5758;228;129;175;229;177;244;276;456;214;193;165;1011;9255
354170;2696;64;57;106;59;81;97;86;96;76;94;233;153;3898
354180;128;0;36;5;2;1;1;2;1;2;2;3;2;185
354190;711;8;29;29;12;36;21;19;136;11;16;16;24;1068
354200;445;6;11;13;13;6;37;18;14;10;9;16;46;644
354210;1717;79;47;25;33;58;71;61;73;79;46;507;51;2847
354220;4068;151;117;196;195;162;300;104;276;111;176;140;118;6114
354230;145;1;1;3;2;0;0;0;2;2;1;2;7;166
354240;1695;112;71;72;85;56;46;38;113;64;103;55;67;2577
354250;591;14;17;17;17;11;14;11;15;12;14;18;18;769
354260;6170;203;328;227;199;203;283;223;198;201;161;198;222;8816
354270;348;15;14;22;22;24;29;70;21;23;26;22;20;656
354280;262;7;8;2;4;6;3;1;3;4;3;1;27;331
354290;1482;48;65;55;37;56;46;49;55;333;134;44;116;2520
354300;393;14;14;7;8;13;12;8;16;13;20;13;22;553
354310;263;4;1;6;7;5;4;3;9;9;16;2;7;336
354320;185;9;10;5;2;4;5;7;6;0;5;6;66;310
354330;16394;758;395;414;399;476;425;434;405;398;354;337;354;21543
354340;103228;4008;3886;4883;4108;3840;4155;4538;4410;4392;3774;4522;4561;154305
354350;157;7;0;8;2;2;4;4;2;1;1;4;4;196
354360;173;3;2;5;1;2;4;4;1;3;5;4;5;212
354370;1233;46;47;41;45;28;66;45;45;23;40;31;30;1720
354380;719;18;15;10;6;3;12;10;24;11;5;13;12;858
354390;27972;770;790;1050;1130;1021;1133;1119;1146;1003;971;1213;2087;41405
354400;4667;201;138;160;205;261;264;201;403;484;545;1259;268;9056
354410;1632;42;38;59;37;19;24;42;72;33;24;34;54;2110
354420;263;8;10;14;11;6;11;6;6;6;10;5;4;360
354425;492;0;0;1;2;0;0;20;16;18;10;4;10;573
354430;695;8;49;15;20;8;10;5;18;11;11;11;18;879
354440;166;1;5;3;1;0;2;1;0;0;0;1;0;180
354450;503;24;41;30;16;43;40;41;150;50;341;18;56;1353
354460;199;7;2;5;11;6;5;4;6;0;9;3;8;265
354470;157;1;2;2;4;1;3;0;1;2;2;2;1;178
354480;231;1;2;2;2;2;2;5;7;5;2;1;5;267
354490;629;8;15;59;14;20;19;45;17;19;88;16;44;993
354500;869;20;25;24;20;17;21;20;13;14;15;15;17;1090
354510;159;5;5;3;4;2;3;1;4;1;0;0;3;190
354515;68;1;2;0;0;0;0;3;4;4;2;15;5;104
354520;15682;406;371;486;374;299;457;391;398;428;445;373;444;20554
354530;2450;48;144;53;48;69;119;53;51;49;39;65;51;3239
354540;870;64;60;60;81;143;66;76;76;67;266;31;20;1880
354550;1433;11;50;41;50;21;18;54;14;18;22;24;12;1768
354560;1197;31;63;375;85;179;108;165;128;55;508;32;118;3044
354570;852;20;21;11;18;11;11;10;20;6;16;9;11;1016
354580;20004;580;736;637;599;568;613;771;815;690;507;2536;879;29935
354600;1080;31;28;26;119;28;30;40;108;28;73;26;23;1640
354610;225;1;5;3;9;5;1;1;1;2;3;0;2;258
354620;448;6;16;19;9;13;13;16;15;8;10;9;12;594
354630;2317;63;51;82;138;82;78;108;68;223;89;111;88;3498
354640;7129;418;307;285;307;271;312;872;1231;444;264;459;975;13274
354650;186;1;2;2;7;3;4;1;5;4;3;5;10;233
354660;1922;59;71;53;52;66;59;54;81;58;54;66;71;2666
354670;6514;388;4722;240;257;100;590;296;267;354;300;372;1460;15860
354680;5832;316;275;266;371;321;308;250;358;257;183;254;265;9256
354690;637;19;21;31;24;27;39;17;27;19;13;37;31;942
354700;263;7;8;10;7;7;6;8;3;7;5;8;15;354
354710;206;0;4;2;0;2;1;3;3;0;0;1;1;223
354720;104;1;1;1;0;2;0;0;2;0;0;2;0;113
354730;5957;226;260;341;254;327;228;274;283;403;437;289;292;9571
354740;163;2;2;1;2;2;1;2;0;3;0;3;1;182
354750;4895;229;273;356;362;335;408;341;364;167;203;2100;161;10194
354760;4239;166;217;251;282;334;319;370;325;179;151;786;2023;9642
354770;1886;40;54;70;51;74;51;30;44;49;31;117;43;2540
354780;115466;4244;4394;5620;4590;4677;5186;4753;4991;4571;4465;4736;6030;173723
354790;304;7;10;18;11;5;9;4;3;6;7;8;4;396
354800;2003;52;53;79;62;35;41;56;135;125;104;130;159;3034
354805;402;1;2;3;6;10;73;98;57;31;85;761;3;1532
354810;669;27;11;18;15;20;20;19;18;19;16;22;19;893
354820;309;5;9;10;7;7;3;4;7;6;3;8;3;381
354830;149;0;0;1;0;0;1;0;1;0;0;0;2;154
354840;246;2;2;4;11;4;4;3;3;4;2;2;2;289
354850;126130;4210;4805;5129;4170;4365;4531;4147;4355;3948;4284;4226;5721;180021
354860;552;13;13;12;11;3;11;12;17;5;14;10;5;678
354870;156812;6382;4858;5352;4693;4402;4776;4438;4848;4426;3977;4304;4068;213336
354880;59982;2456;2203;2537;3238;2401;2329;2653;2482;2218;2390;2266;2916;90071
354890;38267;1311;1121;1687;1157;1239;1213;1366;1485;1137;922;1141;1277;53323
354900;122;0;0;1;0;0;0;1;0;1;1;0;1;127
354910;13321;411;475;579;1012;526;1704;748;656;481;735;2309;1403;24360
354920;142;3;5;2;1;0;2;0;2;0;3;0;1;161
354925;47;0;0;0;0;0;0;0;0;0;0;0;0;47
354930;154;1;2;1;2;1;1;1;1;1;1;2;3;171
354940;6052;236;251;335;1036;245;266;218;207;153;189;1260;1092;11540
354950;403;11;15;7;9;9;10;7;16;34;36;12;16;585
354960;243;3;3;1;7;9;7;3;3;4;2;7;6;298
354970;7509;431;330;260;231;199;196;240;233;195;280;228;261;10593
354980;59225;2881;2812;2916;2461;2363;2662;2418;2415;2592;2574;2696;4106;92121
354990;99803;3050;3065;4111;2612;2720;3190;3248;3463;3064;2831;4385;3733;139275
355000;503;6;10;14;9;6;12;12;18;8;14;8;13;633
355010;8064;274;223;296;288;225;275;246;314;334;283;275;423;11520
355020;2112;59;54;92;119;53;63;56;104;66;75;83;72;3008
355030;3530655;94275;106314;127223;104089;102624;107166;108735;115537;104904;94845;100456;113938;4810761
355040;2190;105;90;87;78;68;94;78;85;101;85;108;105;3274
355050;486;10;20;21;16;50;117;56;106;131;31;59;26;1129
355060;11993;499;427;612;483;563;505;514;491;423;412;374;415;17711
355070;5044;185;214;255;239;171;198;171;184;164;168;180;175;7348
355080;1655;57;51;45;70;54;81;72;43;59;33;45;84;2349
355090;2022;51;66;94;110;122;74;62;93;77;76;96;86;3029
355100;19309;840;791;896;754;792;708;768;763;607;702;695;874;28499
355110;468;9;22;15;25;9;17;20;18;13;25;10;17;668
355120;192;4;2;4;4;4;1;6;2;7;3;5;1;235
355130;108;3;2;3;2;2;0;1;3;9;3;6;10;152
355140;362;15;8;17;7;9;13;5;12;14;8;11;21;502
355150;5767;442;240;315;691;2587;2529;352;284;300;991;762;266;15526
355160;3918;137;150;181;196;152;176;194;169;150;149;181;203;5956
355170;20975;693;918;1221;1707;1027;1053;1125;1011;773;2650;2180;7147;42480
355180;794;13;15;14;10;26;26;20;26;47;16;34;19;1060
355190;2574;433;1477;75;1048;155;1572;120;325;554;173;355;1552;10413
355200;187;0;3;5;1;1;1;2;1;2;3;3;0;209
355210;4391;57;161;139;117;113;157;177;165;199;111;122;187;6096
355220;83413;2929;3065;3449;3389;3023;3527;3518;3389;2739;2664;2957;3600;121662
355230;880;24;45;34;55;53;16;65;56;35;353;167;45;1828
355240;22443;995;1023;1100;828;678;909;795;750;957;712;821;951;32962
355250;28325;718;891;900;749;831;1048;932;963;818;809;1167;806;38957
355255;17;0;0;2;1;0;1;1;0;0;0;0;2;24
355260;1223;52;56;59;52;33;47;48;39;28;27;54;25;1743
355270;812;21;23;22;23;19;25;18;23;12;47;25;27;1097
355280;25174;837;929;1190;1021;980;1065;1151;1301;937;896;1015;1038;37534
355290;249;8;3;4;3;3;7;7;4;5;7;6;14;320
355300;552;12;13;13;5;9;10;8;6;9;11;11;4;663
355310;388;7;20;12;13;8;23;13;15;17;3;6;21;546
355320;355;5;19;9;12;8;11;12;9;13;15;6;7;481
355330;3767;100;145;183;199;123;138;124;135;115;176;155;158;5518
355340;2321;42;52;96;56;43;46;39;28;47;46;53;33;2902
355350;528;18;15;14;12;11;16;24;11;13;6;8;16;692
355360;5276;141;129;282;265;262;189;183;113;122;172;152;143;7429
355370;5746;182;203;263;251;199;144;172;158;231;238;226;840;8853
355380;1497;32;40;37;47;45;42;55;90;33;20;42;51;2031
355390;285;8;6;12;13;81;36;8;8;30;29;17;15;548
355395;68;16;4;15;7;8;22;0;2;4;9;19;11;185
355400;12038;459;457;547;451;473;373;444;467;361;412;485;430;17397
355410;29799;1124;1299;1415;1205;1018;1132;1051;1186;1301;1228;1105;1419;44282
355420;206;6;7;4;10;3;6;21;2;5;7;6;4;287
355430;5385;613;623;767;990;1891;828;799;488;195;144;845;289;13857
355440;476;27;15;25;19;13;14;12;12;9;9;12;10;653
355450;5889;209;269;267;240;248;218;273;247;280;272;246;216;8874
355460;197;3;6;4;12;3;3;2;4;8;3;3;1;249
355465;37;0;0;0;0;1;0;1;0;0;0;0;1;40
355470;1076;43;54;51;35;29;47;63;35;33;46;40;46;1598
355480;1784;50;61;54;64;35;53;68;54;43;65;85;146;2562
355490;311;2;11;3;7;5;8;5;6;2;0;3;7;370
355495;64;0;0;1;2;1;4;31;11;5;7;10;6;142
355500;8625;264;372;269;243;207;233;233;238;411;212;222;296;11825
355510;1413;21;25;37;32;75;20;35;28;13;25;22;21;1767
355520;228;1;43;3;3;1;6;8;6;13;1;7;3;323
355530;131;0;1;0;0;1;1;0;1;1;0;0;1;137
355540;5223;185;272;324;232;213;244;279;275;203;218;260;256;8184
355550;188;8;2;3;6;4;6;7;2;2;19;6;9;262
355560;596;10;110;8;2;11;11;4;6;4;3;6;97;868
355570;171;0;17;20;8;0;3;19;1;2;4;2;2;249
355580;521;8;8;51;23;14;11;10;5;7;8;7;55;728
355590;106;2;6;2;2;2;1;0;0;2;2;1;0;126
355600;657;18;21;37;18;24;13;14;18;19;11;55;12;917
355610;288;6;7;11;11;17;12;17;6;19;25;19;14;452
355620;20292;587;640;861;949;668;602;631;666;807;620;654;585;28562
355630;1835;16;40;49;54;99;96;72;213;63;1749;27;68;4381
355640;3690;155;114;175;155;98;104;197;190;109;142;130;127;5386
355645;5048;171;145;151;166;151;200;174;226;216;177;151;165;7141
355650;7607;228;267;298;224;204;244;255;264;172;179;241;221;10404
355660;946;12;23;17;23;8;23;19;12;29;22;20;32;1186
355670;9141;257;290;365;255;287;381;305;388;261;310;292;308;12840
355680;1001;46;67;34;60;32;37;46;100;43;73;72;122;1733
355690;592;16;8;20;21;3;7;19;9;11;55;10;108;879
355700;8550;397;371;282;233;348;264;226;250;1028;162;325;238;12674
355710;9287;203;326;347;211;279;270;388;355;329;290;262;349;12896
355715;93;1;1;0;1;0;0;0;0;1;1;0;0;98
355720;2210;34;44;45;53;54;66;122;106;88;58;137;110;3127
355730;1;0;0;0;0;0;0;0;0;0;0;0;0;1
359999;2400;107;65;107;87;114;60;73;98;91;137;333;145;3817
410010;422;6;2;7;34;17;11;9;12;1;6;11;3;541
410020;760;13;7;17;12;9;2;8;10;9;24;16;31;918
410030;195;0;2;8;3;1;2;2;3;3;2;2;2;225
410040;4646;194;195;222;192;163;168;174;214;187;152;214;199;6920
410045;242;1;2;2;0;0;4;5;5;6;2;2;2;273
410050;866;8;43;20;15;22;17;15;23;20;25;11;14;1099
410060;725;8;25;27;10;7;18;16;18;10;13;9;18;904
410070;630;14;13;16;6;10;15;13;94;132;833;10;16;1802
410080;805;17;74;20;22;39;5;5;6;15;16;17;11;1052
410090;294;4;3;2;3;5;4;0;1;4;4;3;4;331
410100;1252;22;41;35;34;32;42;34;23;22;30;37;67;1671
410105;1;0;0;0;0;0;0;0;1;0;0;0;0;2
410110;2433;60;92;74;98;131;87;59;64;66;137;46;91;3438
410115;14;0;0;0;0;1;0;0;0;0;0;0;49;64
410120;1153;12;28;111;23;32;58;40;47;42;21;35;77;1679
410130;225;6;8;5;11;3;3;2;6;0;3;2;22;296
410140;14724;453;462;548;525;412;431;501;485;529;510;491;556;20627
410150;11956;379;409;452;346;520;428;430;415;546;389;453;467;17190
410160;2278;137;154;203;90;154;229;121;122;1055;123;77;63;4806
410170;1019;28;37;34;36;31;29;25;50;17;18;21;9;1354
410180;14987;576;464;1033;474;500;479;487;456;468;534;581;551;21590
410190;1593;24;18;94;43;75;57;38;69;24;26;38;25;2124
410200;2593;401;82;55;82;46;79;71;54;97;50;67;84;3761
410210;2073;32;41;69;76;79;79;88;93;84;46;913;43;3716
410220;251;0;7;0;7;5;0;0;10;2;1;4;0;287
410230;936;12;16;34;48;34;59;52;51;161;37;47;33;1520
410240;4615;158;260;246;135;144;128;147;113;134;233;102;271;6686
410250;680;13;28;12;16;11;11;7;9;9;7;16;53;872
410260;539;40;8;28;12;11;18;15;22;8;12;7;9;729
410270;149;1;4;0;13;2;3;1;0;1;7;4;3;188
410280;1370;21;35;39;48;50;20;21;18;31;21;54;47;1775
410290;1358;64;44;53;26;58;52;52;64;72;64;57;73;2037
410300;276;3;6;0;3;0;2;1;8;2;2;4;3;310
410302;1;0;0;0;0;0;0;0;0;0;0;0;0;1
410305;85;2;2;1;1;3;5;3;1;2;3;5;3;116
410310;557;8;7;49;11;4;52;8;11;8;22;11;12;760
410320;407;5;7;4;9;11;5;2;3;5;4;3;11;476
410322;36;0;4;0;0;3;1;1;2;3;1;0;34;85
410330;408;5;26;26;42;8;8;11;7;9;8;16;16;590
410335;85;0;1;3;6;7;7;3;3;2;0;3;5;125
410337;36;0;3;0;0;0;0;0;0;0;0;1;0;40
410340;131;0;0;12;1;0;5;0;5;2;0;2;4;162
410345;2199;20;34;116;55;36;48;50;47;58;35;32;52;2782
410347;29;0;0;0;0;1;0;0;0;0;0;3;4;37
410350;397;5;18;19;5;7;9;10;13;2;9;10;16;520
410360;2890;56;76;75;219;127;197;136;137;163;396;242;64;4778
410370;8414;274;371;350;369;386;344;369;438;417;330;395;408;12865
410380;323;8;19;11;9;7;9;5;10;6;7;7;39;460
410390;947;24;29;35;11;10;25;16;22;35;15;12;43;1224
410400;7754;257;343;352;375;648;364;395;324;400;357;344;510;12423
410405;151;1;4;3;2;2;1;4;0;2;2;3;1;176
410410;334;5;19;9;12;6;15;8;21;9;7;16;16;477
410420;11869;493;387;394;309;318;391;354;505;291;335;350;408;16404
410430;12941;367;474;484;568;412;547;429;509;498;441;391;423;18484
410440;376;4;8;3;10;5;9;11;20;7;3;7;45;508
410442;24;0;0;0;1;2;4;5;5;13;4;3;291;352
410445;711;7;16;14;15;12;24;21;14;20;19;24;37;934
410450;1096;26;26;25;33;29;55;49;18;15;26;21;31;1450
410460;852;4;6;13;9;21;13;6;18;13;9;12;12;988
410470;590;11;8;15;11;4;12;9;6;20;8;5;10;709
410480;34407;1288;1368;1689;1477;1384;1541;1720;1782;1578;1445;1627;1858;53164
410490;11622;322;291;306;279;332;276;311;299;298;287;300;366;15289
410500;639;22;22;26;20;24;27;18;17;18;13;11;52;909
410510;694;14;15;18;10;17;52;10;31;37;36;100;13;1047
410520;618;8;18;37;12;9;16;11;13;12;3;13;16;786
410530;946;27;35;27;23;35;32;29;24;29;22;23;156;1408
410540;1104;27;36;24;59;61;25;47;39;24;49;38;48;1581
410550;6769;145;185;282;225;179;180;177;188;202;258;252;336;9378
410560;891;18;14;15;14;15;15;97;142;215;202;1193;43;2874
410570;1831;41;56;64;62;38;44;50;49;61;47;50;150;2543
410580;23786;575;569;657;744;713;695;848;779;1004;776;1378;1227;33751
410590;3631;28;1150;24;29;1257;62;97;60;59;72;81;317;6867
410600;383;24;6;8;8;5;5;11;5;9;5;6;5;480
410610;177;0;2;2;3;3;8;0;2;0;3;1;0;201
410620;1100;29;33;50;56;39;35;77;70;36;22;25;22;1594
410630;1572;35;85;100;59;37;40;30;29;38;33;30;96;2184
410640;8618;167;205;280;353;224;248;248;340;258;193;399;240;11773
410650;1591;32;58;65;52;52;58;59;63;56;21;39;86;2232
410655;207;7;7;7;3;9;23;5;5;1;3;4;5;286
410657;16;0;0;1;0;1;0;0;0;0;0;1;1;20
410660;1235;15;27;28;79;24;34;36;41;23;137;24;27;1730
410670;264;4;4;2;4;3;22;7;4;1;2;7;7;331
410680;425;9;11;15;8;6;8;7;11;17;12;20;9;558
410690;529966;13516;14953;18278;16538;13515;15572;16683;15523;14714;14573;14415;17188;715434
410700;341;8;11;12;7;5;1;5;4;9;4;4;3;414
410710;1158;28;25;26;40;18;35;32;17;44;25;19;149;1616
410712;78;0;0;0;0;1;0;0;1;0;1;0;5;86
410715;154;2;2;3;1;1;0;1;4;2;1;1;3;175
410720;4196;99;120;90;80;93;133;78;104;93;96;126;175;5483
410725;302;4;4;5;1;2;12;8;8;8;2;1;5;362
410730;365;4;4;3;30;8;8;5;7;8;10;4;5;461
410740;339;1;2;35;4;6;16;5;1;3;1;5;4;422
410750;2543;159;848;51;45;38;75;103;135;90;266;105;76;4534
410753;22;0;0;0;0;0;0;0;1;1;1;0;23;48
410760;1627;64;66;77;63;56;58;39;38;548;79;25;27;2767
410765;2515;27;77;82;129;98;113;92;95;137;86;114;94;3659
410770;238;3;13;8;6;11;9;6;7;8;2;4;10;325
410775;903;6;16;22;16;22;31;24;21;17;34;2;18;1132
410780;395;8;4;5;29;5;8;5;10;7;11;5;8;500
410785;107;0;0;0;2;0;0;2;2;1;1;1;2;118
410790;263;4;2;7;9;13;4;6;6;6;7;12;6;345
410800;845;6;13;12;25;16;140;93;151;72;78;867;15;2333
410810;142;1;0;3;2;6;3;5;2;2;3;2;1;172
410820;570;13;13;24;8;90;18;9;8;3;30;9;2;797
410830;29825;1502;1403;1655;1365;1235;1810;1645;1623;1568;1548;1716;1884;48779
410832;308;3;3;4;7;10;7;4;9;6;2;6;9;378
410840;7163;280;277;349;247;196;202;232;281;263;231;270;316;10307
410850;1733;63;68;96;272;103;83;63;63;59;45;84;105;2837
410855;114;2;3;1;2;2;1;2;3;1;0;0;1;132
410860;4309;96;114;131;218;383;218;104;126;129;118;74;226;6246
410870;570;21;51;29;10;8;11;7;8;10;9;13;48;795
410880;2136;41;74;83;64;47;52;52;61;66;70;74;118;2938
410890;244;2;10;7;4;6;5;10;3;4;3;2;3;303
410900;517;10;9;9;7;3;6;7;13;5;10;14;2;612
410910;61;4;0;1;0;1;0;3;1;1;4;0;0;76
410920;254;6;4;7;11;6;6;15;4;6;5;3;14;341
410930;1214;31;64;57;38;25;34;27;31;28;33;28;36;1646
410940;21426;770;828;834;783;851;759;1029;788;733;627;719;810;30957
410950;424;7;4;2;23;2;1;4;2;1;2;4;3;479
410960;1346;69;126;119;53;28;40;32;37;42;27;54;96;2069
410965;3;0;0;0;0;0;0;0;0;0;0;0;0;3
410970;1942;101;161;111;66;47;66;164;128;146;77;171;382;3562
410975;372;5;5;20;2;14;11;7;2;10;5;12;12;477
410980;3324;91;108;125;102;122;166;147;262;62;93;115;130;4847
410990;1332;8;7;17;8;97;72;53;67;85;37;21;82;1886
411000;828;53;58;36;42;223;28;42;20;50;25;24;20;1449
411010;1934;38;68;75;68;53;76;86;124;66;61;78;117;2844
411020;1026;32;84;29;23;33;28;23;23;26;7;29;22;1385
411030;159;0;0;1;1;0;2;0;1;0;0;2;1;167
411040;416;1;4;4;2;8;0;3;2;7;6;7;1;461
411050;419;10;11;13;14;4;4;9;13;4;7;14;8;530
411060;908;11;18;25;42;95;29;17;23;20;12;10;17;1227
411065;5;0;0;1;0;1;1;0;0;0;0;0;0;8
411070;5467;145;178;155;130;120;157;178;262;163;118;177;157;7407
411080;580;9;19;14;13;10;17;16;23;9;7;6;22;745
411090;177;3;4;38;5;0;1;0;6;2;0;2;1;239
411100;339;1;2;4;24;3;19;3;5;5;9;6;59;479
411110;394;15;13;11;20;17;9;11;13;5;1;4;7;520
411120;450;11;10;15;25;15;7;12;7;9;2;2;9;574
411125;28;1;0;0;0;1;1;4;6;1;12;0;107;161
411130;127;3;1;2;1;3;1;2;2;2;8;7;65;224
411140;475;2;10;16;8;3;2;8;8;7;9;5;8;561
411150;2605;76;87;57;53;72;48;62;59;55;58;27;84;3343
411155;3;0;0;0;0;0;0;0;0;0;0;1;0;4
411160;120;1;2;2;5;1;0;1;1;1;0;0;0;134
411170;185;3;1;8;3;1;5;1;2;0;1;0;4;214
411180;8207;321;693;263;268;250;356;626;591;385;508;420;463;13351
411190;896;12;19;22;30;10;21;21;24;18;25;31;18;1147
411200;2529;44;51;78;93;48;124;66;70;46;79;61;105;3394
411210;2265;154;48;66;107;36;43;45;69;85;60;227;65;3270
411220;313;19;9;8;2;3;9;9;6;4;5;4;1;392
411230;231;16;9;6;2;5;1;5;1;4;2;4;4;290
411240;563;6;4;12;6;12;8;3;3;7;17;24;7;672
411250;663;10;17;21;10;5;41;14;12;25;6;7;16;847
411260;101;2;0;0;1;5;1;4;2;1;0;0;2;119
411270;1009;14;22;21;73;18;13;22;11;12;14;20;62;1311
411275;515;14;10;43;15;16;9;8;7;12;10;3;16;678
411280;717;31;15;12;37;14;16;22;8;13;38;13;33;969
411290;279;1;5;1;5;4;0;6;1;4;2;4;4;316
411295;323;3;14;12;12;10;13;9;13;5;3;6;41;464
411300;1099;127;92;22;30;14;59;54;53;42;50;517;45;2204
411310;224;6;7;44;7;2;14;4;4;4;3;2;4;325
411320;3975;106;79;93;74;90;126;85;101;74;84;73;140;5100
411330;2643;38;101;81;95;85;103;89;89;81;87;81;178;3751
411340;374;1;1;9;5;5;2;7;8;8;4;2;5;431
411342;129;0;0;0;0;0;0;0;0;0;0;0;0;129
411345;44;5;2;0;0;2;2;0;1;0;1;0;1;58
411350;1500;32;38;36;32;28;39;34;41;26;34;27;73;1940
411360;293;3;7;8;8;4;3;2;4;5;2;13;12;364
411370;84818;2805;2815;4001;3889;2989;3572;3313;3613;3127;3102;3136;3971;125151
411373;284;5;7;6;8;5;9;6;2;2;5;4;5;348
411375;160;2;5;6;3;5;7;2;4;8;4;6;6;218
411380;236;5;2;0;11;5;3;2;3;3;4;18;19;311
411390;917;21;20;17;15;11;13;14;18;14;15;26;23;1124
411400;1154;27;31;41;44;28;16;22;28;32;29;28;32;1512
411410;2542;23;24;24;43;179;372;222;214;175;134;1218;90;5260
411420;5385;118;156;166;218;218;161;283;162;318;184;149;138;7656
411430;2422;40;71;85;61;68;71;88;86;54;66;75;50;3237
411440;1318;17;55;43;42;35;32;42;44;32;30;38;97;1825
411450;660;18;14;19;18;7;12;15;11;8;4;6;6;798
411460;5866;180;424;349;263;164;263;176;198;206;192;194;206;8681
411470;411;4;2;8;12;8;7;8;11;3;3;4;64;545
411480;2215;38;54;61;41;70;44;44;64;54;52;145;71;2953
411490;1451;24;53;40;29;47;17;36;35;53;76;33;42;1936
411500;190;2;2;2;2;1;2;2;0;1;0;0;83;287
411510;420;4;3;5;26;5;5;3;8;5;12;3;36;535
411520;52676;2056;2297;2801;8984;1971;2473;2529;2465;2128;2468;2056;2325;87229
411530;522;8;16;18;7;11;10;10;8;8;9;1;7;635
411535;4;0;0;0;0;0;0;0;0;0;1;0;0;5
411540;772;23;26;18;8;13;17;13;25;20;11;20;52;1018
411550;233;3;2;2;0;0;6;3;1;3;0;0;1;254
411560;995;39;20;50;23;35;28;46;22;22;31;25;22;1358
411570;1500;105;118;99;61;44;28;43;56;35;33;64;79;2265
411573;10;0;0;0;3;0;0;1;0;0;0;0;76;90
411575;3;0;0;0;0;0;0;0;0;0;0;0;0;3
411580;5417;136;190;224;205;135;183;207;204;162;125;149;174;7511
411585;77;0;0;0;0;0;0;0;1;1;2;0;17;98
411590;143;3;3;0;2;3;0;1;0;1;0;2;4;162
411600;318;6;36;4;27;8;10;7;10;9;5;15;8;463
411605;607;18;16;25;19;15;13;21;15;17;17;16;57;856
411610;843;11;48;25;36;5;16;6;11;6;43;24;12;1086
411620;607;11;19;12;21;11;31;25;15;23;18;126;18;937
411630;275;11;3;3;4;4;3;4;7;3;2;5;5;329
411640;150;3;4;3;4;1;2;0;3;3;3;2;0;178
411650;133;0;2;2;1;1;0;2;2;1;1;1;6;152
411660;310;5;12;6;4;7;2;4;7;5;1;102;7;472
411670;931;11;18;41;55;69;21;33;17;14;20;9;18;1257
411680;476;5;4;9;8;7;4;12;13;5;0;5;41;589
411690;2137;47;46;63;65;22;46;44;78;65;57;40;39;2749
411695;4;0;0;0;1;0;0;1;1;0;0;0;0;7
411700;780;11;19;16;24;17;11;18;23;30;20;13;29;1011
411705;78;2;0;5;2;2;2;2;2;6;1;1;50;153
411710;1103;132;27;39;21;25;29;50;58;46;60;138;592;2320
411720;258;2;0;4;3;3;5;3;3;1;5;6;2;295
411722;443;11;13;17;19;11;17;23;15;13;4;17;9;612
411725;404;10;2;4;3;7;9;9;2;8;16;5;17;496
411727;19;0;4;2;1;1;0;0;1;0;0;2;3;33
411729;8;1;0;0;2;0;1;2;1;0;0;0;1;16
411730;1035;8;37;36;25;21;16;20;45;23;16;20;22;1324
411740;201;3;5;4;1;0;1;1;0;1;1;2;0;220
411745;75;0;1;1;15;43;2;1;0;0;0;5;0;143
411750;1123;119;44;37;43;21;24;47;30;76;28;45;41;1678
411760;3856;122;120;140;118;119;106;119;153;160;120;151;128;5412
411770;3796;98;438;130;104;88;112;87;107;128;82;82;120;5372
411790;3791;81;118;144;106;67;98;98;110;111;108;82;202;5116
411800;553;3;7;11;14;9;6;13;12;9;8;19;11;675
411810;1535;3;13;5;19;144;224;197;138;112;80;621;79;3170
411820;20086;510;444;593;512;476;526;584;649;706;733;1076;1090;27985
411830;268;1;3;2;3;0;3;3;5;0;2;1;4;295
411840;7755;219;239;272;232;205;253;256;260;219;215;214;362;10701
411845;73;0;0;0;0;0;4;0;0;0;2;0;0;79
411850;7748;217;325;355;324;271;288;369;354;325;290;260;341;11467
411860;249;6;4;10;8;6;2;4;6;2;8;5;6;316
411870;317;19;9;13;6;5;5;6;4;10;3;3;2;402
411880;877;21;24;16;26;24;19;20;25;10;8;22;29;1121
411890;507;15;9;9;14;12;8;6;5;4;9;4;12;614
411900;464;7;4;10;4;4;9;8;2;6;9;5;8;540
411910;645;9;20;17;27;21;33;50;15;16;159;18;27;1057
411915;4703;122;126;162;142;126;196;177;164;139;176;143;208;6584
411920;208;0;1;5;2;0;1;4;3;2;1;0;1;228
411930;1827;82;122;62;53;26;48;66;75;73;108;62;110;2714
411940;1817;32;38;43;34;23;29;17;46;36;62;21;31;2229
411950;9075;398;448;448;420;351;374;437;439;375;331;358;524;13978
411960;2899;105;207;96;82;103;90;85;132;73;94;97;86;4149
411970;217;5;4;3;4;3;2;6;4;6;5;5;5;269
411980;553;19;12;20;15;13;13;11;11;14;15;10;17;723
411990;37158;1102;1305;1608;1513;1186;1300;1276;1421;1172;1093;1192;1400;52726
412000;4831;133;140;128;122;164;93;100;110;95;527;667;140;7250
412010;689;17;29;25;11;9;18;19;15;19;29;14;55;949
412020;123;10;1;2;0;3;5;2;7;1;0;1;0;155
412030;515;15;22;23;17;15;24;22;20;21;10;16;23;743
412035;332;17;16;12;16;4;9;2;6;2;8;7;32;463
412040;255;8;12;3;4;11;4;9;5;2;4;2;6;325
412050;591;4;17;5;28;10;4;18;6;5;3;6;11;708
412060;2301;55;47;60;54;34;41;38;43;41;45;75;61;2895
412070;395;15;12;10;8;8;10;5;2;2;15;5;8;495
412080;6737;762;525;737;963;678;649;589;682;586;665;528;977;15078
412085;68;0;0;0;0;0;0;2;1;1;1;0;0;73
412090;3030;112;72;114;74;90;85;89;103;84;62;81;99;4095
412100;475;4;6;13;12;11;29;40;6;8;5;2;10;621
412110;332;2;8;6;10;5;2;3;1;3;4;3;5;384
412120;376;8;6;7;5;3;7;4;5;9;2;1;6;439
412125;70;0;0;1;2;0;0;0;0;0;2;0;3;78
412130;138;6;2;2;4;10;6;2;7;4;1;0;8;190
412140;1306;54;42;82;36;26;55;49;38;23;35;32;35;1813
412150;574;18;17;6;14;11;7;6;15;6;5;19;13;711
412160;503;7;19;19;10;16;5;11;17;17;10;10;12;656
412170;591;31;8;13;7;9;15;12;10;19;8;5;59;787
412180;825;11;7;9;13;9;6;8;15;10;3;14;13;943
412190;956;26;20;21;24;40;40;18;10;28;17;15;32;1247
412200;495;6;14;12;5;24;64;33;27;9;9;9;5;712
412210;161;6;2;0;2;1;1;3;5;2;1;0;3;187
412215;3;1;0;1;0;0;0;1;1;3;0;0;121;131
412220;2303;33;62;81;72;63;55;69;82;61;90;52;73;3096
412230;5023;107;142;179;201;191;767;228;132;117;121;167;188;7563
412240;7504;256;300;316;315;265;275;290;314;265;226;296;282;10904
412250;611;22;29;35;18;9;13;14;99;9;12;10;18;899
412260;523;141;7;6;11;8;4;16;7;5;7;142;7;884
412265;20;0;0;0;1;1;0;0;1;2;0;1;0;26
412270;370;15;10;9;11;5;3;5;3;4;3;10;7;455
412280;269;13;22;1;4;9;5;4;2;2;2;9;3;345
412290;164;0;8;1;1;2;0;1;1;0;1;0;0;179
412300;534;10;19;9;31;11;9;5;9;9;20;7;13;686
412310;221;1;5;19;34;13;6;9;3;4;8;4;7;334
412320;368;6;1;26;14;8;4;7;5;2;2;7;3;453
412330;341;6;9;4;3;3;9;2;4;3;6;5;6;401
412340;511;7;12;16;53;21;18;8;15;26;10;9;9;715
412350;1146;18;36;31;20;23;20;29;27;16;45;16;48;1475
412360;137;0;0;1;3;0;0;0;2;1;3;1;0;148
412370;670;12;12;11;18;28;43;7;8;5;0;8;5;827
412380;531;18;8;17;19;15;24;17;10;21;10;17;64;771
412382;5;0;0;0;0;0;0;0;0;0;0;0;1;6
412385;167;0;0;0;1;2;3;0;2;1;0;2;1;179
412390;1121;46;16;20;31;20;28;27;130;91;13;15;26;1584
412395;1;0;0;0;0;0;0;0;0;0;0;0;0;1
412400;228;1;6;5;3;0;5;5;3;5;1;6;4;272
412402;65;8;2;4;5;1;7;2;5;3;2;5;7;116
412405;838;30;38;45;23;28;57;28;32;28;28;29;30;1234
412410;3998;231;138;162;205;125;144;128;112;102;101;93;133;5672
412420;193;2;2;4;5;1;3;2;0;1;1;1;4;219
412430;229;2;2;1;5;1;0;6;6;6;5;12;2;277
412440;984;48;28;38;30;18;27;28;36;18;27;19;29;1330
412450;317;5;5;38;12;8;1;3;3;3;13;4;4;416
412460;395;3;7;1;7;2;5;6;5;3;8;150;1;593
412470;387;7;27;30;11;8;2;6;6;0;7;6;6;503
412480;907;16;23;27;25;39;19;26;17;11;21;13;35;1179
412490;380;4;11;9;5;2;8;11;8;7;2;7;17;471
412500;775;8;26;41;33;25;32;15;12;6;15;11;14;1013
412510;397;15;9;17;5;9;4;3;9;12;5;6;38;529
412520;345;6;4;20;7;2;1;8;7;2;5;3;5;415
412530;182;1;4;6;25;12;3;5;6;5;13;10;4;276
412535;67;1;2;2;3;1;0;1;2;2;5;3;0;89
412540;188;0;12;9;4;7;12;4;4;8;1;4;6;259
412545;23;0;1;3;1;1;0;0;1;0;0;0;2;32
412550;23367;835;1323;1104;1084;752;934;895;964;949;866;854;1074;35001
412555;82;0;0;0;0;0;0;0;0;0;0;0;0;82
412560;2791;70;144;95;105;77;95;66;105;96;76;58;161;3939
412570;1664;58;35;56;45;39;46;42;64;45;40;54;87;2275
412580;1206;13;26;31;42;115;37;52;33;21;31;17;1242;2866
412590;140;1;1;2;0;1;8;3;3;2;0;1;25;187
412600;378;4;5;10;6;5;2;4;16;4;6;2;4;446
412610;505;88;25;9;9;11;17;34;33;21;23;230;79;1084
412620;246;6;2;3;4;1;2;3;11;1;2;4;7;292
412625;2641;76;69;73;149;88;79;90;124;103;103;66;96;3757
412627;4;0;0;0;0;0;0;0;0;0;1;1;8;14
412630;2130;43;75;57;52;71;71;81;65;65;52;59;58;2879
412640;524;12;15;21;34;8;11;6;9;12;17;11;13;693
412650;1562;32;36;48;44;28;35;45;27;60;35;77;78;2107
412660;1104;13;23;38;25;29;31;28;29;15;21;22;84;1462
412665;94;0;0;0;0;1;1;0;2;0;0;0;3;101
412670;175;2;1;1;1;5;2;4;4;3;3;2;4;207
412680;2420;38;33;38;25;67;125;239;279;227;189;921;124;4725
412690;180;3;3;3;6;0;4;1;0;4;2;2;1;209
412700;775;8;41;15;19;14;20;14;29;20;70;39;15;1079
412710;10353;216;182;200;243;266;203;210;269;270;290;186;186;13074
412720;2130;22;50;52;92;35;63;43;67;81;57;142;116;2950
412730;756;16;22;11;17;14;16;19;18;10;20;30;18;967
412740;1120;14;26;51;51;20;24;19;14;25;32;9;17;1422
412750;1379;39;71;36;41;27;85;82;32;51;32;39;50;1964
412760;560;12;10;24;26;6;6;8;10;10;26;14;14;726
412770;14144;421;524;465;474;423;435;651;428;365;302;479;605;19716
412780;422;5;9;9;10;10;10;3;9;9;4;7;14;521
412785;314;63;21;28;4;8;8;6;11;2;6;15;18;504
412790;460;1;15;7;7;5;4;8;7;7;7;61;1;590
412795;373;3;4;32;13;7;5;13;8;6;5;6;12;487
412796;674;10;9;12;17;25;10;21;33;38;67;25;25;966
412800;1946;29;48;25;46;52;35;53;52;57;26;59;36;2464
412810;10990;302;347;528;389;496;393;328;337;330;301;427;474;15642
412820;8257;277;292;370;255;281;230;237;273;219;225;310;284;11510
412830;157;0;0;2;1;0;3;3;3;1;2;4;0;176
412840;905;28;116;25;51;33;21;74;45;25;17;32;36;1408
412850;967;77;21;19;9;21;40;30;29;22;23;28;73;1359
412855;442;18;6;7;8;10;13;11;5;6;5;5;8;544
412860;329;1;3;6;8;4;5;1;7;3;5;4;7;383
412865;4;0;0;0;0;0;0;1;0;0;7;0;0;12
412870;381;9;11;13;9;13;8;18;19;11;16;8;9;525
412880;283;35;6;8;14;9;10;9;6;18;3;3;3;407
419999;204;5;4;5;7;5;6;7;7;4;8;7;68;337
420005;111;1;2;2;1;0;0;2;0;1;2;3;8;133
420010;1112;32;28;32;35;74;37;40;27;50;22;20;51;1560
420020;958;26;37;42;28;20;32;34;41;23;28;33;85;1387
420030;298;3;14;7;5;19;8;29;12;11;11;8;11;436
420040;552;24;33;21;17;18;23;27;32;17;22;16;64;866
420050;217;1;0;2;0;2;0;0;2;0;1;0;1;226
420055;64;3;0;3;0;3;0;3;2;0;2;0;0;80
420060;291;16;15;8;9;14;3;5;8;6;11;9;19;414
420070;337;22;2;7;6;5;11;4;10;4;3;20;41;472
420080;436;9;15;11;8;11;14;16;11;15;7;3;11;567
420090;262;2;5;6;2;5;4;2;8;5;5;2;8;316
420100;373;4;7;6;8;6;18;5;8;10;15;7;4;471
420110;139;2;0;2;0;0;0;0;4;0;2;1;23;173
420120;488;4;8;25;9;13;8;8;12;19;15;18;24;651
420125;807;21;19;30;44;20;19;27;18;27;20;6;33;1091
420127;61;0;0;1;0;0;0;0;0;0;0;0;9;71
420130;1075;36;68;53;39;25;36;24;43;30;30;41;65;1565
420140;7034;364;355;510;374;377;399;376;348;402;335;369;427;11670
420150;359;3;4;11;8;19;9;7;8;11;4;3;48;494
420160;442;34;15;7;6;18;17;21;16;15;11;12;20;634
420165;50;0;0;1;0;0;0;1;0;0;0;1;0;53
420170;1277;39;35;44;29;45;25;37;37;38;39;35;45;1725
420180;190;17;8;21;3;9;2;7;11;3;1;6;6;284
420190;139;3;6;2;0;2;0;2;2;2;1;4;3;166
420200;9135;566;800;1066;763;611;626;523;604;649;639;676;854;17512
420205;13;0;0;0;0;0;0;0;2;2;0;0;0;17
420210;737;49;103;52;30;19;26;22;24;21;26;17;52;1178
420215;51;0;0;0;0;0;0;1;0;0;0;0;0;52
420220;1681;32;39;51;61;33;35;46;35;38;35;34;51;2171
420230;3357;153;129;156;143;117;139;140;155;211;177;196;272;5345
420240;76394;2487;2655;2932;2792;2609;2982;3457;2940;2570;2768;2871;2884;110341
420245;15;0;0;0;0;0;1;0;0;0;0;1;1;18
420250;288;5;3;12;13;3;6;6;5;2;2;3;5;353
420260;482;9;13;10;14;16;17;13;12;18;8;7;55;674
420270;506;17;13;10;12;15;11;16;10;6;9;7;9;641
420280;2964;69;88;98;83;91;91;55;97;92;95;124;141;4088
420285;80;0;0;1;0;2;3;0;3;2;2;0;0;93
420290;20090;549;653;676;632;692;585;696;587;658;596;716;709;27839
420300;13182;461;494;477;460;417;430;484;490;472;427;509;564;18867
420310;328;17;9;12;12;9;5;9;11;6;6;18;41;483
420315;15;0;0;0;0;0;4;2;1;2;1;3;54;82
420320;1255;89;71;90;85;88;69;56;78;59;59;73;92;2164
420330;1047;18;36;23;18;18;24;19;19;18;27;24;40;1331
420340;762;50;36;15;23;22;47;19;35;46;18;19;19;1111
420350;721;16;22;46;39;23;104;23;43;20;10;16;113;1196
420360;4582;103;110;199;130;133;154;173;129;103;140;175;266;6397
420370;1299;32;52;47;38;49;31;56;60;49;46;63;55;1877
420380;7567;206;256;228;217;224;282;337;266;192;234;228;437;10674
420390;3789;178;139;163;112;159;80;109;75;114;89;74;87;5168
420395;3;0;0;0;0;0;0;0;0;0;0;0;0;3
420400;2264;51;125;71;47;49;57;65;99;33;59;38;118;3076
420410;208;4;2;2;1;2;4;2;2;3;4;2;3;239
420415;80;1;0;0;1;1;1;1;1;0;1;20;4;111
420417;51;0;0;0;0;1;1;1;2;0;13;0;0;69
420420;23565;710;835;804;633;683;689;815;742;711;749;808;956;32700
420425;35;0;0;0;0;0;0;0;1;1;2;2;3;44
420430;12019;294;261;310;260;216;263;235;241;223;252;254;353;15181
420435;21;0;1;2;0;0;2;0;1;0;0;1;28;56
420440;540;24;19;21;20;12;15;15;14;10;14;22;54;780
420445;69;0;0;1;2;1;2;0;2;1;1;0;1;80
420450;1693;53;87;62;97;64;46;60;47;40;71;59;88;2467
420455;1886;206;118;91;130;94;37;100;81;51;103;105;68;3070
420460;33156;981;1175;1491;1278;1238;1408;1367;1508;1228;1278;1325;1705;49138
420470;900;36;26;35;20;27;32;39;21;15;16;20;52;1239
420480;5858;130;183;231;183;157;201;154;177;161;148;160;181;7924
420490;880;16;25;19;42;29;27;18;25;13;19;24;14;1151
420500;558;22;30;50;21;18;63;17;18;49;24;19;15;904
420510;230;3;2;2;3;2;7;5;4;3;2;8;12;283
420515;314;11;5;9;9;11;8;3;13;6;4;11;17;421
420520;325;8;5;5;6;1;10;3;14;10;2;5;5;399
420530;1842;47;34;25;50;45;37;1059;42;31;45;48;33;3338
420540;151182;2401;3321;3642;3201;2769;3394;3428;3686;3351;3292;3680;10650;197997
420543;38;0;0;0;0;0;0;0;0;1;0;0;0;39
420545;325;11;12;11;6;4;1;9;6;33;21;29;24;492
420550;7607;324;354;510;595;710;370;410;358;327;351;325;439;12680
420560;214;8;14;8;6;9;4;7;5;4;3;1;4;287
420570;553;20;35;26;12;20;15;11;7;15;14;14;28;770
420580;424;28;30;45;24;18;12;19;16;18;30;16;29;709
420590;8252;257;273;292;252;290;412;250;261;309;318;304;269;11739
420600;391;8;11;9;11;32;7;11;7;16;3;19;32;557
420610;308;18;8;13;17;13;31;18;12;2;7;8;13;468
420620;677;49;47;28;18;18;28;15;15;17;13;15;52;992
420630;1557;46;28;133;51;47;32;38;43;40;32;39;62;2148
420640;652;15;12;21;15;17;22;17;14;9;7;11;19;831
420650;3014;114;128;140;107;105;135;131;128;124;106;126;151;4509
420660;333;12;7;7;9;7;7;6;2;6;9;6;39;450
420665;81;0;0;0;0;0;2;2;4;0;1;4;1;95
420670;1759;60;45;58;33;60;53;37;63;33;44;24;45;2314
420680;264;9;5;6;8;9;4;6;7;3;3;5;10;339
420690;3684;125;127;187;142;114;137;131;128;88;87;84;101;5135
420700;2973;76;149;135;124;116;109;113;154;160;112;107;184;4512
420710;1362;61;39;30;30;214;55;52;142;32;24;351;42;2434
420720;418;5;28;20;7;9;22;34;2;0;1;4;17;567
420730;3316;50;72;70;40;63;68;55;161;109;109;88;140;4341
420740;222;1;0;1;1;0;1;3;3;1;2;1;1;237
420750;8470;246;322;361;279;345;358;341;248;284;323;293;394;12264
420760;141;3;4;4;6;2;2;5;2;4;0;4;13;190
420765;237;9;9;4;6;11;3;9;10;5;5;22;20;350
420768;133;0;1;5;3;2;0;3;1;1;2;0;1;152
420770;548;13;12;11;13;17;19;5;8;13;5;8;9;681
420775;115;3;1;1;2;1;1;9;2;2;4;0;1;142
420780;451;7;25;10;10;7;9;18;13;14;14;13;16;607
420785;33;0;2;0;1;1;2;1;2;0;0;0;32;74
420790;430;27;16;12;11;10;6;8;9;10;16;23;28;606
420800;313;5;8;8;8;5;6;4;9;6;6;2;11;391
420810;1274;82;72;41;47;25;30;29;43;42;43;26;45;1799
420820;24015;1016;1216;1629;1186;1164;1328;1261;1312;1167;1034;1176;1904;39408
420830;1978;153;118;186;109;86;87;95;101;71;98;134;110;3326
420840;2626;124;69;41;61;67;70;79;61;117;51;58;70;3494
420845;248;5;10;8;5;8;13;4;7;12;4;8;21;353
420850;1099;31;31;37;41;29;43;60;25;22;29;32;36;1515
420860;268;15;12;24;4;14;7;11;8;12;16;6;46;443
420870;374;5;11;19;18;31;34;20;12;11;11;44;11;601
420880;1354;30;41;58;51;44;43;35;55;45;52;44;42;1894
420890;29440;726;1280;967;754;676;4116;921;825;734;797;651;813;42700
420895;9;0;0;1;0;0;1;0;0;1;0;0;38;50
420900;7238;223;236;311;262;255;258;331;262;241;271;238;268;10394
420910;87499;2583;2802;2823;2603;2657;2413;2547;2753;2428;2654;2738;2823;119323
420915;101;6;0;2;1;2;20;5;1;3;0;1;2;144
420920;197;6;1;6;1;2;4;4;3;4;1;2;2;233
420930;23040;946;1085;1091;987;861;803;815;853;1004;924;878;866;34153
420940;3481;106;265;247;139;120;111;96;110;104;68;131;211;5189
420945;12;0;1;0;0;0;2;1;0;0;0;0;31;47
420950;333;7;9;9;6;10;31;42;12;21;16;4;10;510
420960;925;23;14;48;24;19;30;26;29;20;19;21;20;1218
420970;735;27;27;21;23;18;29;27;40;36;21;27;62;1093
420980;117;0;0;0;1;1;0;0;0;1;0;0;0;120
420985;118;1;1;3;2;0;1;1;1;1;3;4;11;147
420990;623;16;20;20;23;16;36;29;33;60;17;12;29;934
421000;883;38;41;42;22;15;30;29;26;25;17;36;30;1234
421005;23;0;0;0;0;3;0;2;0;0;1;1;28;58
421010;7590;471;340;315;337;296;502;328;375;396;310;363;401;12024
421020;146;1;4;7;0;0;1;1;1;1;3;1;0;166
421030;309;4;15;8;8;7;19;24;8;7;5;8;10;432
421040;491;31;50;19;21;22;43;29;12;9;11;18;50;806
421050;2653;110;96;74;107;115;130;91;80;79;70;51;142;3798
421055;46;0;5;3;1;0;2;2;2;1;1;2;1;66
421060;1518;24;36;40;27;39;37;17;31;29;22;22;36;1878
421070;436;12;10;14;13;8;15;13;11;8;8;20;19;587
421080;397;13;4;22;6;4;8;6;10;4;7;9;16;506
421085;14;2;1;1;1;1;0;0;0;0;1;1;4;26
421090;483;19;5;15;8;8;14;7;7;5;4;4;8;587
421100;959;28;29;35;23;15;30;23;13;14;14;27;69;1279
421105;91;0;1;1;1;2;0;4;1;0;1;2;2;106
421110;550;14;26;9;14;7;17;16;12;20;15;34;7;741
421120;2224;69;76;101;74;93;90;86;75;75;86;133;130;3312
421125;74;0;2;1;1;4;5;4;1;4;2;2;0;100
421130;2514;102;127;162;142;157;229;194;199;343;210;148;543;5070
421140;218;4;3;5;2;4;3;14;17;4;5;8;3;290
421145;50;3;0;2;0;3;1;1;2;0;0;1;56;119
421150;1617;82;122;103;98;89;101;87;100;95;95;138;147;2874
421160;1482;121;90;78;71;62;76;64;56;48;58;62;130;2398
421170;2686;68;56;89;78;75;94;93;91;72;75;72;126;3675
421175;2390;50;39;51;45;85;84;127;80;135;61;91;116;3354
421180;380;11;12;6;10;11;10;16;14;11;9;7;46;543
421185;37;0;0;1;1;3;1;1;0;0;0;0;25;69
421190;4798;155;202;264;203;215;215;228;193;197;206;253;427;7556
421200;853;6;12;12;18;17;19;19;19;12;18;22;24;1051
421210;1125;13;33;27;47;58;41;63;38;46;41;83;25;1640
421220;1230;57;54;26;69;47;63;63;69;32;44;29;41;1824
421223;51;1;0;1;1;0;1;2;1;4;1;1;30;94
421225;1;0;0;0;0;0;0;0;0;0;0;0;0;1
421227;68;1;1;0;1;0;1;1;1;3;0;2;4;83
421230;1522;22;54;36;56;44;87;41;65;70;46;40;19;2102
421240;267;5;1;3;6;22;16;9;5;5;8;2;8;357
421250;1137;236;62;60;52;54;72;121;51;59;45;62;66;2077
421260;186;2;4;1;2;1;1;4;3;2;2;5;16;229
421270;271;3;8;4;15;6;7;14;9;11;4;4;21;377
421280;704;20;78;65;26;20;19;10;13;16;15;24;67;1077
421290;1177;16;45;30;30;39;33;37;29;22;24;42;131;1655
421300;347;11;15;6;8;10;7;7;10;11;14;18;15;479
421310;263;11;6;9;6;6;3;3;3;8;12;5;9;344
421315;66;3;3;0;1;2;2;0;2;0;1;3;18;101
421320;6276;190;278;181;167;163;199;129;190;193;198;164;188;8516
421330;450;18;12;5;19;10;16;8;7;15;15;28;25;628
421335;105;2;1;3;4;9;2;2;7;5;2;5;2;149
421340;1098;23;50;38;37;57;38;44;63;34;41;39;44;1606
421350;1049;83;57;94;30;29;37;29;38;26;28;44;76;1620
421360;3254;116;164;111;94;107;118;110;106;92;93;95;143;4603
421370;749;21;23;35;26;29;22;40;48;28;34;27;68;1150
421380;593;10;27;28;60;16;15;7;19;14;16;22;26;853
421390;84;19;3;0;2;2;1;6;0;3;1;1;13;135
421400;1775;39;51;47;44;37;50;63;48;47;44;50;110;2405
421410;89;0;0;16;0;1;1;1;3;0;2;0;0;113
421420;591;103;11;15;14;12;20;26;13;10;9;6;70;900
421430;148;1;5;2;1;2;0;1;0;3;0;0;1;164
421440;327;12;10;6;5;8;8;16;4;16;26;11;36;485
421450;439;6;11;6;6;7;12;9;6;6;4;12;5;529
421460;486;5;8;10;7;12;9;9;13;8;6;11;15;599
421470;1042;14;74;31;24;22;22;20;27;29;17;20;38;1380
421480;11864;389;473;544;417;439;611;615;391;394;402;492;445;17476
421490;263;4;2;3;4;4;1;3;10;5;2;7;3;311
421500;8690;239;363;339;326;322;385;401;402;312;325;300;326;12730
421505;88;1;0;2;0;0;1;1;0;5;3;2;2;105
421507;11;1;0;0;0;0;1;0;0;0;0;0;0;13
421510;2473;53;68;50;74;61;52;60;63;61;70;51;74;3210
421520;261;11;8;7;19;9;5;7;6;5;4;10;51;403
421530;1377;32;47;61;36;49;28;26;25;41;27;26;40;1815
421540;462;4;14;17;11;16;6;6;20;8;15;10;14;603
421545;51;1;1;3;0;1;0;0;3;0;3;4;3;70
421550;2019;60;103;109;83;95;105;74;86;91;58;93;131;3107
421560;96;1;1;0;1;0;0;0;2;1;1;0;0;103
421565;139;4;6;3;14;10;4;8;0;5;16;4;73;286
421570;1702;32;25;58;78;46;53;66;82;88;78;64;98;2470
421580;17579;416;573;498;473;533;529;562;538;418;406;411;529;23465
421590;191;3;1;1;2;0;2;5;1;1;0;0;6;213
421600;786;13;19;15;15;14;10;12;11;9;9;18;32;963
421605;54;0;0;2;0;3;1;2;4;5;0;1;13;85
421610;660;39;29;25;23;22;13;21;25;20;23;23;33;956
421620;3519;102;77;94;126;64;80;82;117;78;85;63;72;4559
421625;10;0;0;0;0;0;0;0;1;0;1;0;1;13
421630;1771;40;57;63;62;53;51;52;58;52;62;124;110;2555
421635;5;0;0;0;0;0;0;0;0;0;2;1;0;8
421640;181;79;5;7;10;5;2;10;6;5;3;4;36;353
421650;2274;136;67;65;110;99;77;70;78;112;75;54;245;3462
421660;20529;852;996;1257;1091;955;1078;1189;1373;1154;1249;1202;1339;34264
421670;1068;18;24;34;20;15;21;19;16;11;24;16;24;1310
421680;223;6;3;6;4;6;11;11;6;4;5;7;51;343
421690;1831;49;66;75;88;46;44;62;74;53;63;57;143;2651
421700;1114;57;39;27;19;67;26;25;30;37;20;37;34;1532
421710;140;2;0;2;5;1;28;1;1;0;0;0;1;181
421715;29;0;0;1;0;0;0;0;0;2;0;0;10;42
421720;5033;112;141;183;147;175;199;213;210;184;161;152;275;7185
421730;596;11;18;10;15;8;8;14;11;11;11;4;43;760
421740;1082;24;38;20;14;18;23;25;26;25;19;18;20;1352
421750;2344;71;62;76;62;58;58;53;74;53;43;44;30;3028
421755;98;1;3;0;0;1;1;6;0;2;0;3;3;118
421760;1839;39;38;30;49;31;37;45;52;44;45;36;28;2313
421770;3444;328;123;239;266;215;207;238;171;161;146;190;266;5994
421775;42;0;0;0;0;0;0;0;0;0;0;0;0;42
421780;1890;47;62;119;70;56;52;123;104;37;57;56;92;2765
421790;981;41;27;30;21;18;25;28;29;23;23;16;41;1303
421800;2894;86;97;95;167;209;125;120;100;129;101;305;277;4705
421810;395;3;16;14;9;2;7;5;7;8;9;12;6;493
421820;9151;251;255;258;261;660;580;207;211;194;188;213;217;12646
421825;700;79;36;24;36;22;27;16;26;13;36;13;30;1058
421830;2415;97;125;108;131;71;162;130;155;68;80;50;241;3833
421840;432;18;10;13;29;15;18;10;14;6;11;12;28;616
421850;483;16;17;15;5;11;3;7;7;7;10;9;4;594
421860;1252;28;80;33;24;29;43;34;29;33;27;39;31;1682
421870;17757;596;581;687;683;694;1020;634;668;631;605;595;907;26058
421875;124;3;3;4;2;0;10;4;4;1;6;2;0;163
421880;939;18;24;53;40;32;57;38;30;22;35;54;52;1394
421885;130;2;0;0;2;0;1;6;0;1;2;0;1;145
421890;574;4;8;6;23;4;14;14;10;9;25;6;25;722
421895;19;0;0;0;0;0;0;1;0;1;1;0;0;22
421900;6602;178;162;198;179;152;178;195;197;207;184;247;188;8867
421910;270;7;12;10;4;1;5;6;9;5;6;7;12;354
421920;180;1;3;2;5;3;6;4;3;3;8;4;54;276
421930;8331;232;257;385;337;249;182;195;239;225;189;220;374;11415
421935;159;4;5;1;4;0;2;2;4;5;4;5;5;200
421940;145;3;2;4;4;4;1;0;2;0;6;1;3;175
421950;5228;202;245;234;239;188;236;212;195;177;158;182;329;7825
421960;157;2;1;1;5;7;0;6;1;6;9;2;23;220
421970;3680;82;84;69;100;84;70;89;67;73;67;83;182;4730
429999;452;2;1;8;11;8;8;6;8;3;19;12;44;582
430005;4;0;0;0;0;0;0;0;0;0;0;0;0;4
430010;1140;21;26;37;38;18;32;25;32;18;53;23;24;1487
430030;350;1;6;10;10;15;7;8;3;6;4;2;2;424
430040;9421;243;315;405;397;614;512;543;262;235;245;277;361;13830
430045;3;0;0;0;0;0;1;0;0;0;0;0;0;4
430050;333;2;3;6;0;4;3;4;5;4;2;2;5;373
430055;4;0;0;0;1;0;0;0;0;0;0;0;0;5
430057;1;0;0;0;0;0;1;0;0;0;0;0;0;2
430060;5333;306;218;299;190;195;217;260;228;179;152;234;296;8107
430066;2;0;0;0;0;0;0;0;1;0;0;0;0;3
430070;630;26;43;26;37;12;8;8;12;8;16;16;16;858
430080;2105;66;61;69;68;57;53;31;217;76;46;47;48;2944
430085;72;0;3;0;0;0;0;1;1;4;7;0;10;98
430090;351;24;12;8;18;9;7;7;8;6;4;5;7;466
430100;5162;148;180;178;143;175;118;141;196;132;132;152;149;7006
430105;669;13;23;26;21;65;16;11;7;10;15;10;12;898
430110;2981;179;182;305;126;174;200;193;709;260;391;330;405;6435
430120;924;22;29;17;33;27;27;40;19;41;13;15;15;1222
430130;1860;33;44;98;128;164;74;55;57;53;38;57;93;2754
430140;622;8;18;26;15;20;14;18;22;15;24;10;16;828
430150;525;3;6;17;11;33;15;22;11;6;9;12;13;683
430155;1;0;0;0;0;0;0;0;0;0;0;0;0;1
430160;15337;469;419;799;625;504;629;532;465;355;325;356;387;21202
430165;1;0;0;0;0;0;0;0;0;0;0;0;0;1
430170;416;2;30;7;4;7;0;13;4;10;5;2;9;509
430180;321;17;5;5;6;19;7;5;4;3;7;8;5;412
430185;79;0;0;0;0;0;0;0;0;1;0;0;0;80
430190;1486;50;43;76;68;55;35;65;84;45;45;54;58;2164
430195;2;0;0;0;0;0;0;0;0;0;0;0;0;2
430200;397;6;1;10;6;2;2;5;32;5;3;0;2;471
430210;23132;805;948;1278;974;1001;932;985;988;936;819;891;897;34586
430220;797;20;6;28;24;24;23;10;22;15;17;24;14;1024
430230;1691;41;52;69;94;49;78;87;89;88;85;50;34;2507
430235;1773;38;64;96;71;43;51;50;61;62;38;48;55;2450
430237;24;0;1;1;0;1;0;3;1;1;2;0;1;35
430240;3082;80;115;149;114;98;92;110;75;56;90;91;63;4215
430250;585;9;13;13;13;43;27;5;14;5;15;17;8;767
430260;270;2;0;1;4;8;0;2;1;2;2;0;1;293
430265;148;1;1;3;1;0;1;1;2;8;7;2;3;178
430270;2896;93;62;76;96;76;117;70;80;77;76;114;109;3942
430280;4134;110;118;120;122;96;79;88;333;94;91;119;165;5669
430290;1103;10;31;35;50;44;34;13;21;28;10;12;35;1426
430300;10756;305;290;352;382;361;344;278;343;328;395;263;347;14744
430310;13573;580;717;847;932;802;736;785;835;735;787;789;802;22920
430320;219;2;0;0;0;4;8;3;1;1;3;3;8;252
430330;542;6;5;8;6;11;11;5;11;6;8;11;11;641
430340;153;13;0;0;9;3;3;3;2;1;3;4;2;196
430350;7285;184;180;261;280;237;206;285;196;204;184;187;301;9990
430355;7;0;0;0;0;0;0;0;0;0;0;0;0;7
430360;1196;31;32;53;31;56;38;74;58;45;38;43;78;1773
430367;1;0;0;0;0;0;0;0;0;0;0;0;0;1
430370;366;4;5;7;5;11;5;6;7;2;6;7;3;434
430380;478;4;7;8;9;2;6;0;13;5;7;4;115;658
430390;20342;823;844;1202;1036;990;1057;1075;1342;1231;1086;1001;1157;33186
430400;810;35;52;93;16;31;24;35;37;68;33;40;47;1321
430410;143;24;1;7;10;1;3;21;5;0;0;3;1;219
430420;2005;65;64;87;117;142;66;93;137;82;331;57;67;3313
430430;410;9;6;13;14;14;13;5;7;7;6;12;18;534
430435;242;0;0;0;5;3;1;3;1;1;1;4;7;268
430440;4878;388;305;364;290;260;339;332;287;241;239;272;363;8558
430450;2063;153;77;84;135;106;65;62;84;48;59;86;156;3178
430460;50881;2023;2591;3288;2331;2698;2357;2610;2579;2019;2112;2234;2561;80284
430463;3066;170;592;526;126;89;199;174;118;127;132;213;234;5766
430466;2170;110;254;65;112;39;62;341;46;91;70;72;133;3565
430468;512;13;150;45;15;27;23;10;31;15;13;19;21;894
430469;1;0;0;0;0;0;0;0;0;0;0;0;0;1
430470;8841;252;249;379;290;312;283;321;276;278;300;318;412;12511
430480;4692;116;91;146;101;93;124;90;67;89;74;66;107;5856
430490;1025;35;22;46;40;27;20;26;30;40;32;26;48;1417
430495;1;0;0;0;0;0;0;0;0;0;1;0;0;2
430500;794;12;20;19;32;27;30;16;19;13;10;19;23;1034
430510;83959;2835;2820;4109;3229;2988;3027;3372;3455;3240;2864;2923;3499;122320
430513;21;1;0;0;3;0;0;3;0;0;0;0;0;28
430515;2;0;0;0;0;0;0;0;0;0;0;0;0;2
430517;146;1;1;1;6;1;2;8;6;1;3;1;32;209
430520;1720;55;32;72;63;53;51;65;47;28;28;42;120;2376
430530;732;14;21;50;61;40;21;38;24;37;29;28;10;1105
430535;3088;64;54;66;82;63;71;69;73;49;64;57;48;3848
430537;24;0;1;1;0;0;0;1;0;1;0;0;0;28
430540;375;20;5;16;16;27;8;16;8;13;5;9;19;537
430545;198;17;79;61;33;8;6;2;4;3;9;6;18;444
430550;197;21;5;7;4;7;7;4;5;6;9;2;14;288
430558;2;0;0;0;0;0;0;0;0;0;0;0;0;2
430560;345;4;5;5;19;21;6;3;9;2;5;13;3;440
430570;579;10;14;22;14;59;10;6;16;17;13;6;29;795
430580;577;9;20;16;13;35;23;14;19;16;7;16;18;783
430587;55;0;0;0;0;0;0;0;0;0;1;1;3;60
430590;715;26;27;20;33;35;13;15;21;5;7;13;57;987
430595;468;4;12;14;7;8;10;6;6;10;12;5;6;568
430597;14;1;0;0;1;0;0;0;0;0;1;0;3;20
430600;1219;12;20;33;25;22;32;24;32;37;37;48;31;1572
430605;139;12;27;56;79;4;7;13;44;3;6;7;52;449
430610;7515;175;211;254;274;272;218;214;228;178;243;211;279;10272
430620;1169;35;48;41;43;35;21;39;47;28;48;73;74;1701
430630;157;0;1;11;2;1;3;1;1;1;0;0;1;179
430632;84;0;0;0;0;1;0;3;1;1;1;1;0;92
430635;15;0;0;0;0;0;3;0;0;0;0;0;2;20
430640;7996;138;177;207;243;241;261;209;217;276;196;298;233;10692
430645;150;2;1;2;0;2;0;0;1;2;2;4;2;168
430650;337;4;4;5;7;1;3;3;6;8;11;4;12;405
430660;4009;74;120;230;308;237;299;123;114;107;94;101;115;5931
430670;225;6;3;3;10;3;1;7;1;5;3;1;2;270
430673;206;1;4;14;6;3;1;2;2;3;1;4;2;249
430676;860;27;16;29;27;24;43;37;28;42;54;17;90;1294
430680;4047;201;120;148;130;137;114;111;143;123;108;136;145;5663
430690;2308;113;98;121;145;107;90;129;107;92;96;108;94;3608
430692;1;0;0;0;0;0;0;0;0;0;0;0;0;1
430693;421;3;2;10;8;15;14;7;11;9;3;5;15;523
430695;18;0;1;0;1;0;2;1;0;0;0;0;0;23
430697;199;8;4;45;2;5;3;3;3;6;29;1;6;314
430700;17836;630;884;894;814;765;744;753;783;722;603;698;867;26993
430705;32;1;0;1;2;1;2;0;0;0;0;0;4;43
430710;541;4;4;6;6;9;9;10;4;5;3;6;20;627
430720;178;8;3;6;8;1;3;3;1;2;5;3;2;223
430730;559;4;16;12;12;10;16;9;8;13;7;16;56;738
430740;207;13;5;7;4;3;1;1;0;7;2;6;11;267
430750;1828;38;36;98;138;53;75;52;55;69;91;54;53;2640
430755;76;2;0;1;0;1;7;2;1;5;4;3;5;107
430760;11289;469;554;644;604;588;577;567;545;478;622;512;603;18052
430770;11844;467;522;740;607;712;607;726;678;531;567;568;580;19149
430780;7866;273;247;302;270;245;245;369;387;246;249;270;286;11255
430783;122;1;2;0;2;5;1;3;1;1;1;5;1;145
430786;250;1;1;2;1;2;3;1;0;2;1;2;3;269
430790;16685;1034;640;813;842;540;549;845;757;530;447;515;653;24850
430800;797;6;22;15;16;21;17;16;19;10;13;12;21;985
430805;18;0;0;0;0;0;0;1;1;1;1;2;5;29
430810;3254;74;72;182;112;83;101;187;120;99;93;73;138;4588
430820;4394;202;174;293;218;152;171;182;169;162;145;133;185;6580
430830;562;15;9;13;6;8;9;13;24;18;12;11;10;710
430840;389;0;5;4;6;27;3;6;5;2;1;3;11;462
430845;344;3;2;5;5;6;13;8;11;0;7;3;8;415
430850;3786;64;85;110;105;77;109;117;178;111;85;110;136;5073
430860;6228;206;237;763;573;795;302;245;290;295;238;233;491;10896
430870;561;5;10;12;17;8;8;6;17;11;6;9;15;685
430880;585;13;24;27;29;16;22;15;28;19;15;8;17;818
430885;38;0;0;1;1;0;0;0;0;0;0;0;7;47
430890;3457;111;122;90;101;128;95;137;92;148;79;76;118;4754
430900;2083;35;46;75;87;118;73;83;52;56;48;65;54;2875
430905;100;0;1;1;1;3;1;2;0;2;0;1;1;113
430910;7849;434;431;466;551;392;389;425;434;355;418;428;424;12996
430912;3;0;0;0;0;0;0;0;0;0;0;0;0;3
430915;1;0;0;0;0;0;0;0;0;0;0;0;0;1
430920;22636;567;604;759;693;697;727;676;618;665;672;716;609;30639
430925;45;0;0;0;0;0;1;0;0;0;0;0;0;46
430930;13751;565;428;503;448;478;567;712;513;610;547;414;572;20108
430940;4420;130;144;208;184;168;174;206;176;149;137;112;190;6398
430950;970;17;15;16;12;30;28;23;21;13;22;22;24;1213
430955;60;1;0;1;0;0;0;0;1;2;0;0;7;72
430960;2867;27;42;52;35;38;43;93;62;29;42;41;23;3394
430965;127;1;0;0;6;5;0;4;1;15;7;1;0;167
430970;663;21;9;18;27;18;20;22;12;19;4;6;8;847
430975;391;9;14;4;7;6;1;5;8;10;6;8;16;485
430980;261;2;1;5;7;7;4;5;4;3;4;5;10;318
430990;489;22;4;9;6;9;15;4;7;12;9;2;8;596
430995;135;3;2;1;4;0;0;1;3;4;2;1;1;157
431000;2628;69;55;72;65;102;63;72;85;71;82;74;147;3585
431010;8511;343;547;624;613;462;487;390;545;538;470;581;577;14688
431020;11162;326;379;501;494;363;401;367;393;353;368;418;556;16081
431030;189;2;8;5;3;2;7;2;6;8;3;3;9;247
431033;85;0;9;9;5;3;1;3;2;7;5;2;5;136
431036;54;1;0;3;1;1;1;0;2;2;1;1;5;72
431040;498;10;10;15;25;17;18;11;17;19;8;14;10;672
431041;98;22;0;0;0;2;2;2;0;1;2;1;2;132
431043;423;6;10;7;98;15;4;10;3;3;4;8;4;595
431046;84;0;1;0;0;4;1;4;3;0;3;1;5;106
431050;553;23;25;26;15;19;18;12;9;7;33;8;18;766
431055;13;0;0;2;1;0;0;0;0;0;0;0;1;17
431060;4985;99;148;166;234;262;178;147;157;129;127;137;152;6921
431070;208;1;3;1;4;5;4;2;1;2;3;2;10;246
431075;15;0;0;0;0;0;8;0;0;0;0;0;0;23
431080;5709;248;204;247;206;225;195;221;219;189;146;202;186;8197
431085;27;1;0;0;0;0;1;0;0;1;0;0;1;31
431090;318;5;6;9;8;7;4;4;5;4;3;4;7;384
431100;3302;94;105;122;141;116;116;86;72;80;81;83;142;4540
431110;1348;25;33;31;42;50;41;17;32;18;18;21;13;1689
431112;233;17;4;13;5;5;7;7;3;6;3;2;10;315
431115;533;9;8;15;17;53;26;8;12;7;13;14;16;731
431120;1881;30;31;42;39;71;110;34;36;52;43;80;102;2551
431125;129;2;3;1;5;2;2;10;30;7;8;1;2;202
431127;1;0;0;0;0;0;0;0;0;0;0;0;0;1
431130;3721;158;198;199;159;172;181;156;244;149;134;177;207;5855
431140;17226;529;552;711;707;623;772;589;593;510;669;604;669;24754
431150;1593;11;18;13;10;8;15;12;5;10;7;10;3;1715
431160;216;0;0;6;6;4;4;1;7;1;0;1;3;249
431162;1151;34;47;45;41;49;41;39;29;35;41;37;26;1615
431164;79;1;0;6;4;1;5;1;3;0;2;4;3;109
431170;209;12;6;4;15;5;8;2;2;4;2;1;15;285
431175;103;0;0;0;2;1;2;0;2;2;1;0;1;114
431177;12;0;0;0;0;0;0;0;0;0;0;0;0;12
431179;245;9;10;8;9;10;7;9;7;27;6;10;7;364
431180;5105;196;135;151;136;190;142;188;214;172;131;129;153;7042
431190;414;1;10;16;15;8;5;10;9;5;8;12;11;524
431198;77;0;0;1;7;1;0;1;0;0;0;0;6;93
431200;178;1;3;3;4;1;0;4;0;10;1;2;4;211
431210;261;3;3;7;5;3;10;4;1;1;0;5;3;306
431213;33;0;0;0;2;0;2;0;0;0;0;0;0;37
431215;0;0;0;0;0;0;0;0;1;0;0;1;0;2
431220;211;16;15;15;5;6;4;4;3;5;3;6;19;312
431225;3;0;0;1;1;0;0;2;0;0;0;1;0;8
431230;212;2;1;6;2;3;2;2;1;0;3;2;2;238
431235;53;0;0;1;1;0;0;0;0;2;0;0;0;57
431238;83;0;3;2;0;1;0;0;4;1;1;1;0;96
431240;11212;317;290;417;391;347;369;423;384;347;319;377;534;15727
431242;53;0;2;0;1;0;0;1;1;0;0;0;3;61
431245;233;401;261;4;71;1;3;4;3;5;3;6;428;1423
431247;47;0;1;0;0;1;0;0;3;4;4;0;1;61
431250;777;7;12;12;19;6;18;7;18;15;25;9;11;936
431260;1495;33;36;50;37;28;31;30;31;41;26;31;26;1895
431262;41;0;0;0;1;2;0;0;2;0;1;0;4;51
431265;2385;30;39;77;86;126;57;67;67;64;64;94;65;3221
431267;3;0;0;0;1;0;0;0;0;0;0;0;0;4
431270;1094;18;18;35;44;37;25;19;15;25;15;54;34;1433
431275;89;1;0;0;2;3;1;0;3;0;0;0;3;102
431280;374;2;4;15;4;6;20;5;66;13;5;3;6;523
431290;1166;27;31;33;27;20;25;18;16;16;20;17;18;1434
431295;42;3;1;0;4;1;0;1;0;5;0;0;0;57
431300;209;0;2;4;1;2;3;2;3;4;2;3;2;237
431303;76;0;2;6;1;0;0;0;0;1;2;1;2;91
431306;4223;190;185;302;259;273;283;209;263;255;255;266;255;7218
431308;63;1;0;3;0;0;0;0;2;1;2;0;0;72
431310;407;6;7;12;4;9;6;11;7;10;9;6;12;506
431320;5194;167;136;213;155;127;100;113;137;135;118;106;93;6794
431330;3242;65;93;112;77;93;105;90;98;78;107;83;103;4346
431335;137;1;2;3;0;0;2;1;2;2;2;1;4;157
431337;29;0;0;0;0;0;0;0;1;1;1;0;1;33
431340;70899;4054;4134;5029;4683;4215;4951;4468;4659;4256;4294;4316;5079;125037
431342;2;0;0;0;0;0;0;0;0;0;0;4;0;6
431349;75;0;0;0;0;1;0;0;0;2;2;1;2;83
431350;7362;298;512;524;367;271;270;282;320;270;284;293;512;11565
431360;395;7;11;17;9;4;2;1;6;3;5;6;4;470
431365;1302;54;81;113;117;84;53;53;57;37;33;38;32;2054
431370;3858;121;76;129;175;172;146;149;105;101;114;204;198;5548
431380;305;10;11;7;5;4;4;5;5;1;2;3;16;378
431390;6336;128;198;204;221;161;130;140;151;215;145;192;267;8488
431395;492;3;9;8;9;8;5;15;9;8;5;12;17;600
431400;565;16;17;17;12;5;12;4;8;9;13;9;25;712
431402;72;1;0;0;0;0;0;0;1;0;0;0;2;76
431403;31;0;0;0;0;2;0;1;3;2;2;0;20;61
431405;12138;346;418;455;433;394;345;344;381;336;460;508;396;16954
431407;12;1;0;0;1;2;0;1;1;1;0;4;0;23
431410;28624;1249;968;1150;1051;1027;1039;1102;1525;916;985;964;1110;41710
431415;433;0;1;3;3;0;2;6;3;0;0;1;32;484
431420;1011;31;50;31;37;37;28;32;28;28;26;18;57;1414
431430;378;6;10;7;5;10;10;10;6;3;8;8;12;473
431440;55265;5047;5475;3798;3408;2657;2425;2445;2295;1819;1679;2631;3763;92707
431442;72;0;0;0;0;1;0;0;1;1;0;0;0;75
431445;190;1;1;0;0;6;2;1;0;2;0;2;1;206
431447;134;0;1;0;0;3;3;0;1;1;0;0;3;146
431450;1217;25;22;27;24;12;50;14;14;14;18;25;80;1542
431455;137;0;3;2;2;4;5;1;1;3;1;1;7;167
431460;1836;181;451;48;37;32;71;89;168;46;59;167;407;3592
431470;723;25;8;7;10;4;7;5;7;7;5;3;14;825
431475;60;0;4;2;0;0;0;0;0;0;0;1;2;69
431477;21;0;0;1;0;1;1;1;0;0;0;0;0;25
431478;3;0;0;0;0;0;0;0;0;0;0;0;0;3
431480;5076;253;222;282;234;203;221;252;278;266;306;223;244;8060
431490;556772;16688;14792;20661;18544;15888;17313;17525;19071;16520;15957;16096;17294;763121
431500;488;4;7;12;23;16;8;12;9;8;11;18;9;625
431505;54;0;0;0;1;0;1;0;0;0;1;1;0;58
431507;23;0;0;2;1;1;0;0;0;0;1;0;1;29
431510;692;17;33;35;22;33;29;24;29;33;19;16;79;1061
431513;14;0;0;0;1;0;0;0;1;0;3;0;1;20
431514;34;0;0;1;0;1;0;0;1;0;1;0;1;39
431515;48;1;0;1;0;0;0;1;1;2;2;1;1;58
431517;165;2;0;2;1;4;3;1;2;2;0;1;2;185
431520;292;6;25;6;7;4;3;3;4;4;4;1;4;363
431530;2085;71;87;77;60;45;49;44;53;74;97;64;75;2881
431532;84;0;0;0;2;0;0;0;0;0;0;0;10;96
431535;167;67;5;9;8;5;7;4;6;4;4;5;6;297
431540;285;11;19;1;6;9;21;8;5;1;2;0;9;377
431545;69;1;0;3;3;0;2;0;0;0;3;0;0;81
431550;969;19;13;9;19;31;12;24;25;21;27;17;34;1220
431555;96;0;1;2;6;5;1;2;4;0;1;3;48;169
431560;33119;850;917;1289;1209;868;899;1022;901;870;918;998;1417;45277
431570;4626;105;98;141;151;215;157;148;141;101;113;121;163;6280
431575;373;4;5;5;11;16;8;6;10;5;10;6;9;468
431580;1830;50;43;74;66;49;74;57;87;73;57;72;91;2623
431590;306;34;17;8;8;9;12;6;5;9;9;14;19;456
431600;4589;232;267;306;318;270;332;247;447;412;273;253;266;8212
431610;618;14;17;25;43;35;10;12;19;36;8;21;26;884
431620;279;3;5;11;0;5;0;3;1;2;2;1;8;320
431630;402;5;8;8;9;15;8;4;8;7;4;6;4;488
431640;3692;108;110;148;216;208;215;128;143;127;135;144;257;5631
431643;204;0;4;4;2;15;7;1;4;3;1;2;2;249
431645;841;3;6;16;17;32;16;14;11;13;7;20;14;1010
431647;26;0;0;0;0;0;0;0;0;0;0;0;20;46
431650;1861;141;68;69;46;44;78;52;38;50;43;45;63;2598
431660;1554;37;40;39;26;30;45;35;43;32;16;30;35;1962
431670;1324;29;31;41;112;84;52;28;50;32;21;17;57;1878
431675;4;0;0;0;0;0;0;0;0;0;0;0;0;4
431680;24625;1077;1100;1497;1447;2406;2133;5262;2704;1502;777;1513;1058;47101
431690;34898;820;1004;1312;1194;1055;1065;1468;1393;1047;1060;1105;1346;48767
431695;263;1;1;4;6;6;10;2;6;5;1;9;2;316
431700;494;3;19;9;37;34;4;1;9;6;3;4;40;663
431710;11306;744;636;493;1415;1336;1435;724;444;1187;407;401;1145;21673
431720;10842;284;341;462;657;417;363;363;345;370;348;462;467;15721
431730;5611;169;262;309;412;591;221;181;142;199;183;390;293;8963
431740;5218;99;167;121;147;118;132;94;131;140;114;98;125;6704
431750;10839;264;355;412;416;378;328;341;305;320;300;312;403;14973
431755;5;0;0;0;1;0;0;0;0;0;0;0;0;6
431760;4924;125;152;244;300;264;242;123;274;189;171;177;203;7388
431770;589;7;10;12;14;19;41;21;6;6;4;31;8;768
431775;1;0;0;0;0;0;0;0;0;0;0;0;0;1
431780;1745;42;61;49;89;102;94;53;50;49;45;93;62;2534
431790;1373;15;37;36;43;54;55;26;44;26;31;39;59;1838
431800;6877;160;198;238;311;375;292;194;177;158;146;197;323;9646
431805;378;13;3;8;10;4;6;11;21;9;6;9;13;491
431810;1436;6;15;31;30;79;16;35;19;21;20;20;24;1752
431820;2547;101;87;132;100;155;109;117;120;88;102;92;85;3835
431830;6066;159;168;267;333;429;210;177;164;137;174;160;196;8640
431840;3221;69;65;94;64;48;74;74;73;70;64;71;130;4117
431842;544;15;22;16;16;12;27;12;32;10;19;24;17;766
431843;65;0;0;1;1;0;2;0;1;0;0;0;1;71
431844;281;15;16;18;4;4;5;7;6;6;4;7;3;376
431846;87;1;4;3;1;2;3;0;1;1;1;0;1;105
431848;329;4;3;14;9;3;9;8;6;9;6;5;3;408
431849;62;0;0;2;0;0;3;1;0;2;6;0;4;80
431850;1218;13;23;35;34;18;25;20;21;22;28;71;112;1640
431860;713;10;14;16;22;17;85;12;4;11;7;9;22;942
431862;44;0;3;0;1;0;0;1;0;0;2;3;14;68
431870;35486;1420;1557;1990;1646;1429;1586;1493;1390;1443;1336;1436;1724;53936
431880;3302;68;64;152;120;113;89;105;67;95;80;92;99;4446
431890;5018;81;89;124;113;165;122;83;108;98;93;104;107;6305
431900;4110;171;170;156;154;126;142;167;181;212;144;157;132;6022
431910;446;17;9;14;17;10;12;10;2;4;8;6;11;566
431912;61;1;1;1;2;1;1;5;2;4;0;0;7;86
431915;294;1;3;7;5;13;2;1;3;3;3;3;11;349
431920;381;6;6;20;5;11;13;43;14;3;4;3;15;524
431930;421;10;7;14;2;6;13;5;8;5;3;5;19;518
431935;56;1;0;1;0;1;0;0;0;1;0;0;4;64
431937;17;0;0;1;1;0;3;0;2;1;0;0;0;25
431940;1193;27;27;42;71;52;19;26;30;26;43;33;39;1628
431950;5768;105;125;174;174;140;169;163;197;122;189;145;165;7636
431960;2682;43;39;40;111;173;60;67;74;49;41;45;63;3487
431970;326;11;4;28;13;8;10;3;2;2;6;1;8;422
431971;54;0;0;0;0;0;0;0;1;0;0;0;0;55
431973;92;0;0;0;0;1;1;0;2;0;0;2;1;99
431975;71;1;0;2;1;0;0;3;1;2;3;0;0;84
431980;620;3;4;14;10;10;8;12;8;7;4;13;9;722
431990;22128;1226;1534;2009;1488;1371;1504;1534;1413;1454;1486;1433;1414;39994
432000;10770;389;326;426;372;368;375;397;409;393;505;363;367;15460
432010;2734;110;146;127;137;112;116;79;78;95;62;87;137;4020
432020;548;6;18;22;6;12;11;9;11;9;7;6;7;672
432023;27;0;0;1;1;1;2;0;0;1;0;0;0;33
432026;173;3;6;6;1;2;1;3;4;4;2;3;1;209
432030;434;6;6;8;8;2;7;11;4;8;6;22;15;537
432035;110;2;0;1;9;1;4;5;5;8;6;4;3;158
432040;2223;106;38;89;51;40;44;48;67;40;61;51;73;2931
432050;656;24;14;22;14;8;10;16;14;7;15;16;18;834
432060;197;1;5;4;3;4;5;4;7;5;4;2;4;245
432065;100;1;1;2;2;0;3;0;0;0;0;0;1;110
432067;260;2;0;5;0;2;2;1;0;27;35;5;3;342
432070;1312;20;47;37;42;30;49;74;56;60;53;37;36;1853
432080;2961;67;77;99;79;80;89;154;88;94;95;83;114;4080
432090;1856;39;44;50;46;40;54;33;38;35;46;28;66;2375
432100;1743;45;51;58;79;66;54;51;59;60;31;78;53;2428
432110;2306;60;69;136;107;175;91;56;100;98;78;90;171;3537
432120;8571;525;452;530;528;685;583;452;495;452;642;458;619;14992
432130;5151;178;255;291;269;175;219;203;211;242;201;200;672;8267
432132;103;0;1;1;0;1;1;1;2;1;2;0;1;114
432135;189;1;0;0;4;2;0;3;0;2;1;1;16;219
432140;978;26;35;30;75;34;25;28;16;17;16;18;54;1352
432143;475;16;11;19;7;4;4;32;11;13;13;3;10;618
432145;5047;107;106;189;133;109;116;116;115;62;111;140;133;6484
432150;3154;470;822;385;168;94;107;96;84;89;129;99;268;5965
432160;2829;134;471;514;205;173;84;116;96;68;82;135;169;5076
432163;11;0;0;0;0;0;0;0;0;0;0;1;0;12
432166;390;5;9;13;12;11;8;10;8;10;5;6;15;502
432170;5588;283;389;370;349;341;311;266;396;338;295;308;371;9605
432180;3185;53;82;114;75;93;100;84;93;82;65;106;73;4205
432183;27;0;0;5;0;0;1;0;0;1;0;0;0;34
432185;73;1;0;0;5;6;1;1;0;2;4;2;2;97
432190;4190;72;79;131;119;98;87;95;143;78;98;111;106;5407
432195;15;0;0;0;0;0;0;0;0;0;0;0;0;15
432200;4717;376;133;146;220;123;162;187;221;242;149;223;294;7193
432210;681;5;17;30;29;35;23;14;14;16;20;44;21;949
432215;133;1;4;1;0;2;3;1;3;4;7;1;0;160
432218;69;0;0;1;1;0;0;1;2;1;1;0;1;77
432220;1897;26;35;44;116;110;55;54;80;33;32;86;109;2677
432225;28;1;1;1;4;0;1;0;1;1;0;1;3;42
432230;866;9;23;20;36;60;22;14;25;25;19;43;15;1177
432235;59;0;1;1;0;0;0;0;2;1;0;2;0;66
432240;16074;700;690;876;826;900;822;760;749;664;658;664;668;25051
432250;10326;402;425;484;617;751;488;411;473;464;402;453;715;16411
432253;10;0;1;0;0;0;0;0;0;0;1;0;0;12
432254;6;0;0;0;0;0;0;0;0;0;0;0;0;6
432255;77;0;2;2;0;1;2;0;1;4;0;1;5;95
432260;7934;496;452;522;618;605;681;1885;2255;867;601;700;620;18236
432270;2242;153;116;126;156;137;332;293;1087;79;80;171;94;5066
432280;4483;151;118;148;139;151;145;124;107;113;112;133;164;6088
432290;256;3;1;4;2;4;0;7;8;5;4;4;7;305
432300;7216;260;293;315;284;237;295;317;295;289;347;262;357;10767
432310;171;4;2;8;1;2;6;7;2;0;11;2;20;236
432320;366;3;14;21;29;18;4;2;1;7;2;10;24;501
432330;98;1;0;1;0;0;0;1;3;3;0;4;3;114
432340;31;0;0;0;1;1;3;2;0;2;0;0;0;40
432345;82;0;0;0;1;0;1;0;1;0;17;0;13;115
432350;6;0;0;0;0;0;1;1;0;0;0;0;0;8
432360;61;0;0;1;1;2;1;0;0;0;2;0;2;70
432370;86;1;1;3;2;2;3;1;0;1;1;0;1;102
432375;127;0;0;0;0;0;0;0;0;0;0;0;0;127
439999;1427;51;23;26;17;24;25;16;26;18;22;18;49;1742
500020;4750;142;125;109;102;89;112;106;89;100;99;81;102;6006
500060;2153;43;50;64;55;51;49;45;60;54;60;55;85;2824
500070;1641;43;72;82;66;34;33;55;80;132;25;31;43;2337
500080;469;16;21;21;17;19;11;18;17;11;14;15;7;656
500085;540;13;8;14;8;3;9;10;7;4;3;2;6;627
500090;49;1;1;2;5;1;2;1;0;1;0;0;2;65
500100;1803;95;130;166;167;245;203;299;531;181;1097;203;187;5307
500110;2759;100;81;127;69;78;80;71;80;74;60;99;178;3856
500124;309;3;8;38;5;9;9;2;4;3;7;4;8;409
500150;474;13;14;15;6;8;20;17;11;13;17;9;11;628
500190;1259;39;45;41;42;35;47;59;43;63;60;57;92;1882
500200;564;8;6;23;18;14;9;15;12;12;14;5;8;708
500210;846;6;21;25;14;20;17;9;15;13;18;10;64;1078
500215;340;34;24;65;33;47;24;24;31;15;24;17;26;704
500220;746;24;23;22;28;31;20;25;29;20;24;17;18;1027
500230;1889;26;57;78;73;59;108;73;69;68;250;64;127;2941
500240;1162;24;25;39;27;27;23;32;17;32;19;12;33;1472
500260;959;57;40;60;47;70;56;51;31;38;30;33;40;1512
500270;138449;3718;4017;5167;4497;3900;4152;4116;4800;4119;4334;4294;4738;190301
500280;123;4;0;0;1;0;0;1;0;0;0;1;3;133
500290;1933;49;66;36;50;92;74;47;62;51;79;97;71;2707
500295;586;16;16;19;22;50;25;10;16;14;13;44;21;852
500310;184;0;2;2;3;3;4;1;4;0;2;1;3;209
500315;6;0;0;1;3;0;0;0;0;0;0;0;0;10
500320;8270;240;252;363;270;254;229;313;266;272;399;258;338;11724
500325;1034;27;40;33;47;72;56;67;76;119;78;124;738;2511
500330;1618;53;51;59;53;35;47;47;37;38;39;86;80;2243
500345;338;5;1;9;7;29;4;2;5;4;8;5;7;424
500348;80;0;2;1;1;1;2;5;3;2;0;1;4;102
500350;64;9;3;3;10;2;0;3;2;1;2;4;3;106
500370;16502;548;633;719;655;541;616;495;587;550;473;561;664;23544
500375;506;12;12;14;10;24;14;16;17;14;16;17;20;692
500380;1164;16;30;32;46;29;30;29;14;23;25;22;40;1500
500400;474;5;12;17;10;12;50;13;5;10;7;7;5;627
500410;356;5;6;2;3;2;4;4;3;6;5;2;7;405
500430;716;27;24;18;13;13;20;23;16;16;9;13;43;951
500440;711;3;9;21;17;31;31;42;79;87;488;39;61;1619
500450;874;23;16;26;31;24;18;21;18;10;19;34;34;1148
500460;392;35;13;16;30;16;19;9;10;28;42;40;45;695
500470;1445;21;58;34;35;34;33;27;46;50;37;27;42;1889
500480;91;0;0;1;0;0;1;1;4;1;0;1;1;101
500490;296;14;17;12;15;21;19;31;16;18;22;48;24;553
500500;1015;20;24;35;29;33;28;25;21;27;28;35;56;1376
500510;255;5;12;15;14;6;6;10;5;4;4;7;11;354
500515;39;3;1;1;1;2;0;0;1;5;1;1;3;58
500520;2085;7;20;22;40;8;22;34;45;37;40;36;31;2427
500525;71;0;0;0;2;0;0;0;0;0;0;1;0;74
500540;2207;177;122;173;232;141;207;151;109;114;420;154;225;4432
500560;1590;46;45;62;36;44;58;37;46;40;37;40;52;2133
500568;799;28;28;27;38;18;19;21;19;23;27;26;32;1105
500570;2568;67;97;95;167;87;71;114;110;102;81;93;435;4087
500580;379;31;29;6;4;5;12;12;5;13;6;9;8;519
500600;3;0;0;0;0;0;0;0;0;0;0;0;0;3
500620;3189;161;100;160;173;110;86;157;129;297;128;130;190;5010
500630;2854;78;84;117;94;87;79;87;111;86;96;80;85;3938
500635;130;1;2;5;2;0;0;2;0;6;1;5;3;157
500640;538;19;24;18;21;42;20;20;20;25;109;39;104;999
500660;5846;149;187;245;218;179;191;176;156;179;140;194;254;8114
500690;576;14;22;26;19;13;17;16;18;20;28;50;19;838
500710;1393;30;40;73;50;52;46;62;60;51;56;69;64;2046
500720;2824;283;147;322;332;120;130;210;117;319;351;987;401;6543
500730;235;1;1;1;3;3;2;3;1;2;1;6;4;263
500740;1095;30;55;33;32;24;36;41;35;48;25;30;38;1522
500750;200;2;4;5;5;4;4;3;6;11;9;2;7;262
500755;103;7;4;5;6;3;2;1;2;5;9;1;2;150
500769;987;31;41;70;89;129;73;71;51;39;35;51;69;1736
500770;537;8;17;14;18;15;16;9;15;73;25;28;21;796
500780;423;10;8;8;6;4;7;69;11;6;9;9;24;594
500790;2558;46;73;86;80;95;118;107;133;494;78;142;168;4178
500793;216;1;4;6;13;17;4;12;6;3;6;5;44;337
500795;141;7;3;5;3;1;2;4;4;6;4;7;9;196
500797;232;1;4;13;3;14;12;5;6;7;2;4;12;315
500800;688;45;74;47;28;39;43;75;39;30;41;46;37;1232
500830;7247;239;297;290;316;243;274;312;275;294;287;392;365;10831
500840;88;2;0;2;3;2;0;0;1;1;4;1;1;105
509999;78;1;0;3;5;1;0;2;4;6;3;4;5;112
510010;56;0;0;0;1;0;0;3;0;0;2;4;1;67
510020;679;30;33;34;42;40;36;46;29;29;20;30;35;1083
510025;2581;79;115;91;79;75;83;108;100;88;106;97;123;3725
510030;662;12;23;27;12;47;26;8;12;14;11;24;21;899
510040;343;4;2;4;6;16;9;10;11;7;0;14;11;437
510050;300;8;14;8;18;17;14;12;10;10;15;10;15;451
510060;186;7;5;2;21;14;11;6;4;7;6;6;1;276
510080;119;4;23;4;2;14;4;8;3;8;2;7;8;206
510100;20;0;1;0;0;2;0;2;0;0;0;0;1;26
510120;64;1;2;1;0;1;0;12;2;0;2;0;0;85
510125;1238;36;55;36;30;16;28;35;26;23;36;33;23;1615
510130;383;11;6;9;10;15;10;9;5;5;16;9;11;499
510140;987;26;25;51;54;68;41;48;49;29;34;32;41;1485
510160;110;0;1;1;1;1;0;0;0;1;2;1;0;118
510170;1239;30;64;38;50;31;59;56;55;89;156;271;123;2261
510180;5077;973;185;169;126;159;183;150;162;187;175;179;223;7948
510190;187;0;7;5;7;3;2;4;8;12;12;5;9;261
510250;5256;93;168;269;125;152;142;156;168;157;187;193;304;7370
510260;38;0;0;1;0;2;1;1;1;1;0;1;4;50
510263;605;26;27;63;52;41;61;47;87;89;245;45;48;1436
510267;196;10;12;18;18;57;13;10;14;6;14;10;8;386
510270;680;41;25;45;59;40;42;26;27;16;24;30;25;1080
510285;194;19;7;4;3;9;8;10;9;12;9;10;7;301
510300;409;14;12;10;20;13;17;12;12;27;20;24;17;607
510305;786;26;39;77;46;61;42;70;72;58;50;48;52;1427
510310;60;1;1;3;1;1;5;1;1;2;2;4;1;83
510320;1023;26;27;39;48;22;38;44;58;69;59;38;57;1548
510330;318;11;47;17;17;13;35;19;26;32;23;26;29;613
510337;0;0;0;0;0;0;0;0;0;0;0;0;2;2
510340;106757;1843;2220;2741;2336;2324;2469;2482;2589;2674;2527;2451;2860;136273
510345;64;27;10;5;8;6;5;31;56;7;6;4;6;235
510350;2937;80;133;151;226;170;97;106;170;133;122;119;126;4570
510360;365;11;8;9;14;10;10;9;10;9;12;11;16;494
510380;37;0;0;0;1;0;0;3;0;2;0;1;4;48
510390;61;0;0;1;2;0;1;2;0;0;0;3;1;71
510410;188;14;5;3;4;12;8;5;8;11;18;16;18;310
510420;718;35;20;23;29;14;23;73;43;75;299;38;22;1412
510450;6;1;1;1;2;0;2;0;1;0;1;0;4;19
510455;501;12;24;19;15;7;18;23;21;27;20;28;14;729
510460;1280;83;60;55;64;72;50;38;55;51;58;44;112;2022
510480;1510;25;50;83;58;55;37;139;137;111;348;136;45;2734
510490;56;0;9;10;2;0;3;0;1;1;1;1;1;85
510500;92;8;1;2;2;2;4;1;2;2;3;6;4;129
510510;508;7;27;23;22;32;24;19;22;23;15;21;25;768
510515;846;40;38;87;58;44;85;43;44;37;27;39;56;1444
510517;582;10;28;35;30;40;38;33;29;40;39;39;30;973
510520;258;1;1;5;5;3;8;110;16;11;78;1;5;502
510525;449;10;19;36;45;38;32;26;29;23;24;14;34;779
510530;327;7;18;28;12;18;28;47;37;27;426;14;50;1039
510550;459;22;21;30;20;27;24;18;15;14;14;20;29;713
510558;162;9;18;0;5;7;2;8;10;7;8;5;11;252
510560;84;3;0;2;2;6;1;2;2;2;2;2;4;112
510562;1043;38;32;37;23;22;23;32;49;50;66;83;146;1644
510590;1356;32;88;85;226;89;91;69;78;70;83;81;97;2445
510600;313;8;10;22;24;17;15;13;17;5;13;10;16;483
510610;164;0;0;0;4;8;3;2;3;1;4;2;0;191
510620;58;0;1;4;1;0;4;0;1;2;2;3;1;77
510622;488;52;31;45;40;61;38;30;30;26;8;37;17;903
510623;1142;38;35;35;53;82;111;204;422;62;239;185;84;2692
510625;463;17;15;40;25;27;18;21;20;22;23;20;67;778
510627;9;1;1;0;2;0;0;0;0;2;0;0;0;15
510628;58;3;1;1;3;4;1;3;2;2;2;3;7;90
510629;202;2;8;15;2;5;4;4;7;5;3;3;1;261
510630;195;6;5;15;5;11;51;18;8;35;9;32;8;398
510637;684;24;7;30;28;44;36;30;41;37;39;61;90;1151
510642;356;8;9;9;26;6;18;9;12;13;8;16;16;506
510650;490;82;19;8;15;20;25;15;12;14;10;48;21;779
510670;77;3;0;0;2;1;0;0;3;1;0;0;2;89
510675;1411;38;91;67;30;47;55;55;50;44;59;66;49;2062
510680;653;31;9;21;21;32;25;20;27;20;13;35;25;932
510682;174;8;15;8;8;4;3;8;2;1;5;5;4;245
510685;1;0;0;0;0;0;0;0;0;0;0;0;0;1
510700;695;5;18;47;43;20;57;16;20;14;21;19;15;990
510704;926;21;34;48;69;59;51;34;52;33;39;37;58;1461
510706;0;0;0;0;1;0;0;0;0;0;0;0;1;2
510710;691;9;23;24;11;15;29;39;50;63;14;6;21;995
510715;84;2;0;4;1;2;5;7;1;1;1;0;7;115
510718;22;1;0;2;1;1;1;0;0;0;0;0;0;28
510720;236;54;16;6;5;9;6;3;16;5;10;0;25;391
510724;13;0;0;0;0;0;0;0;0;0;0;0;1;14
510730;944;46;50;80;63;81;58;49;51;76;67;42;61;1668
510735;8;0;0;0;0;1;0;1;0;0;0;0;0;10
510760;11438;391;400;538;612;439;456;484;490;531;481;497;547;17304
510770;648;9;13;12;84;9;11;11;12;7;9;12;16;853
510775;191;30;5;4;1;0;35;3;2;6;4;2;1;284
510777;971;103;86;86;56;165;154;148;100;556;206;34;491;3156
510780;1474;27;43;38;28;40;123;93;56;34;39;128;53;2176
510785;626;34;25;39;47;47;23;19;18;47;25;29;37;1016
510790;6975;259;328;362;340;364;404;446;443;423;401;409;431;11585
510792;1507;46;65;84;205;110;64;64;63;43;65;74;75;2465
510794;5;0;0;0;0;0;0;0;0;0;0;0;1;6
510795;4130;139;127;155;157;146;201;229;278;234;293;291;357;6737
510800;106;2;3;13;16;9;17;13;6;15;4;1;14;219
510805;102;6;3;4;5;9;10;2;4;3;7;5;13;173
510810;20;0;0;0;2;0;0;0;0;0;0;0;0;22
510820;179;0;4;8;3;4;5;4;1;1;3;6;3;221
510840;13427;398;531;624;531;493;574;540;525;772;637;689;626;20367
510850;885;32;28;57;61;33;45;46;55;56;78;64;60;1500
510860;84;0;1;5;1;1;4;0;2;3;2;1;2;106
510885;7;1;1;1;9;3;3;1;0;0;0;0;1;27
519999;238;3;4;8;5;8;9;7;7;19;20;10;10;348
520010;431;5;11;13;11;13;10;12;11;10;6;6;17;556
520013;1031;14;18;35;45;89;45;24;24;33;34;33;97;1522
520015;47;0;0;0;0;0;0;0;0;0;0;0;4;51
520017;19;0;0;4;5;5;12;5;4;3;1;11;4;73
520020;105;0;0;0;0;0;0;2;0;0;0;0;0;107
520030;503;6;8;9;7;2;5;9;10;8;2;7;33;609
520050;68;0;0;0;0;0;0;0;0;0;0;0;0;68
520060;169;0;2;1;0;3;1;3;1;0;2;2;0;184
520080;128;0;5;1;0;1;2;1;3;0;1;5;2;149
520085;282;2;4;2;1;2;1;2;4;7;4;4;7;322
520090;85;14;4;3;1;0;1;4;0;3;0;2;0;117
520110;28546;804;777;988;897;845;876;825;1097;913;1032;969;1422;39991
520120;168;5;2;2;5;1;5;1;3;4;3;5;0;204
520130;1202;14;17;21;23;25;20;33;44;158;206;102;30;1895
520140;14994;577;663;622;691;555;570;687;695;719;798;1133;858;23562
520150;378;26;19;16;15;21;16;26;15;14;21;32;42;641
520160;89;0;0;0;0;1;0;0;0;0;0;1;7;98
520170;258;6;1;4;1;2;6;7;5;8;11;11;7;327
520180;102;2;2;1;3;1;4;5;1;1;1;1;8;132
520215;40;0;2;5;0;1;3;1;0;2;1;0;1;56
520235;97;2;1;0;3;1;0;1;0;0;0;0;1;106
520250;354;6;4;2;6;9;2;8;5;2;5;6;9;418
520260;150;0;0;2;0;0;1;1;1;2;0;0;6;163
520280;102;0;0;2;1;0;0;1;0;0;1;0;8;115
520310;59;1;1;2;2;0;0;0;0;0;1;0;0;66
520320;377;2;5;1;3;3;3;3;1;0;0;1;7;406
520330;1287;16;22;24;19;32;44;30;24;18;27;23;47;1613
520340;98;1;0;0;0;1;1;1;4;2;0;0;0;108
520350;952;15;13;18;41;18;15;17;13;26;7;10;38;1183
520355;84;0;0;0;0;0;9;0;0;4;0;0;11;108
520360;43;0;1;1;1;1;0;0;0;0;1;0;0;48
520380;225;1;1;1;2;1;2;2;2;1;1;2;0;241
520390;505;6;17;10;7;9;46;5;12;8;15;14;9;663
520396;15;0;0;0;0;0;0;0;1;1;0;0;86;103
520400;140;3;4;4;8;6;39;5;6;26;16;19;5;281
520410;182;0;7;3;4;7;2;7;3;3;5;2;1;226
520420;66;0;1;0;1;1;0;0;0;0;0;0;0;69
520425;806;36;52;198;91;18;25;32;75;51;62;84;43;1573
520430;512;17;15;13;18;21;8;5;15;6;6;6;7;649
520440;469;9;26;54;28;105;18;20;17;39;126;118;28;1057
520450;5493;265;319;305;294;371;231;267;299;246;291;231;252;8864
520460;56;3;0;0;1;0;1;0;2;2;0;2;0;67
520465;4;0;0;0;0;2;2;0;0;0;7;0;0;15
520470;206;3;1;1;2;1;1;0;0;2;0;1;8;226
520480;310;5;7;9;6;8;9;11;11;7;5;4;11;403
520490;187;8;0;4;2;4;0;6;3;6;3;7;1;231
520495;12;0;0;0;0;0;1;0;1;0;0;2;0;16
520500;327;0;1;2;0;1;75;321;2;1;2;2;6;740
520510;4395;78;76;88;95;100;114;150;149;104;134;151;208;5842
520520;72;0;1;0;0;3;0;4;1;0;0;3;1;85
520530;444;14;13;12;31;8;29;43;25;53;54;123;89;938
520540;1693;28;68;45;45;30;23;36;51;41;31;65;145;2301
520545;526;11;29;68;27;28;20;50;12;12;40;14;46;883
520547;3;1;0;0;0;0;0;3;2;1;0;0;0;10
520549;26;0;0;3;0;1;2;7;2;1;0;4;3;49
520570;118;0;1;1;1;1;1;4;1;0;1;1;0;130
520580;624;16;9;9;4;5;3;3;12;11;6;10;17;729
520590;192;2;4;1;2;0;2;1;0;2;6;2;2;216
520620;1359;17;22;37;43;37;59;33;25;28;32;40;68;1800
520630;133;2;1;0;2;3;0;1;2;0;0;0;0;144
520640;1203;28;26;26;31;47;35;109;42;61;69;66;43;1786
520650;202;2;0;1;0;1;2;0;1;3;0;3;0;215
520660;171;1;9;5;10;1;2;5;1;2;6;17;1;231
520670;69;0;0;0;0;0;0;0;0;0;0;0;0;69
520680;915;17;62;111;24;17;35;45;29;33;33;33;21;1375
520690;141;2;0;1;4;1;1;4;4;4;0;4;3;169
520710;106;1;1;2;0;0;0;7;0;1;0;0;1;119
520725;229;11;3;8;12;9;5;11;8;10;4;8;6;324
520735;146;1;0;0;2;2;3;0;1;5;0;1;16;177
520740;328;8;7;3;7;6;7;7;4;4;2;7;33;423
520750;133;2;0;0;2;3;3;2;7;0;2;0;1;155
520753;10;0;1;0;0;0;3;1;0;1;0;0;0;16
520760;243;2;3;19;8;2;1;7;4;2;0;2;2;295
520780;339;3;3;8;2;0;0;2;1;3;1;2;11;375
520790;63;10;5;8;8;4;7;8;24;17;17;175;59;405
520800;2788;76;82;87;60;83;108;74;67;56;68;66;73;3688
520810;373;6;3;2;1;2;6;1;8;3;10;1;2;418
520830;73;0;0;0;0;0;3;0;0;0;2;0;0;78
520840;82;0;3;0;5;1;5;2;1;0;0;1;8;108
520850;403;2;3;8;9;6;3;4;4;4;6;6;8;466
520860;4556;125;119;158;116;102;107;141;99;491;458;341;276;7089
520870;269127;6192;7147;8380;7145;7253;8296;8216;8513;7537;7465;8066;10118;363455
520880;1144;16;18;32;35;21;14;20;25;19;18;19;23;1404
520890;1312;14;22;41;30;18;13;34;44;21;29;21;31;1630
520910;2989;93;116;88;89;135;154;116;106;87;255;129;93;4450
520915;222;0;0;2;1;2;0;2;2;2;0;1;6;240
520920;517;12;11;23;27;12;14;13;18;21;10;24;28;730
520940;4;0;0;0;0;0;0;0;0;0;0;0;0;4
520960;83;0;0;0;0;1;0;0;0;1;5;0;9;99
520970;476;16;20;10;16;13;11;7;10;7;9;15;19;629
520980;148;2;5;2;4;3;8;3;2;1;0;0;4;182
520990;45;2;2;0;1;2;0;1;0;4;0;1;0;58
520993;134;0;1;12;10;4;2;4;5;3;1;2;13;191
520995;385;3;6;10;4;2;13;8;29;4;7;2;18;491
521000;3252;78;101;98;106;104;135;115;134;167;362;96;144;4892
521010;1448;32;33;31;22;18;26;17;17;18;26;27;23;1738
521020;1381;14;22;27;21;37;23;14;18;21;21;18;29;1646
521030;239;2;0;3;5;2;15;58;35;28;56;30;88;561
521040;945;10;7;10;14;6;16;9;26;27;9;11;37;1127
521056;10;0;0;0;1;0;0;0;1;0;0;0;0;12
521060;206;1;1;0;4;1;4;4;1;0;1;1;5;229
521080;392;9;4;7;9;3;5;9;4;18;12;16;19;507
521090;342;2;9;6;58;3;2;2;8;6;3;2;20;463
521100;285;7;13;5;6;6;14;8;7;4;6;6;8;375
521120;909;3;7;4;9;4;7;8;14;4;8;8;31;1016
521130;219;4;4;2;6;8;4;1;5;1;3;0;0;257
521140;509;0;9;9;12;2;7;12;9;0;5;38;13;625
521150;9108;172;246;258;320;228;198;195;317;220;238;241;246;11987
521160;96;1;2;1;0;1;0;0;0;1;1;0;2;105
521170;277;3;2;9;2;5;1;5;1;4;5;4;30;348
521180;1144;8;30;17;27;14;12;29;36;34;21;16;242;1630
521190;5887;138;141;149;138;150;161;158;167;201;147;156;169;7762
521200;123;0;1;0;1;0;1;7;0;1;0;0;2;136
521205;46;0;0;1;1;3;1;0;0;2;0;0;3;57
521210;366;8;7;4;9;15;4;8;11;3;2;5;18;460
521220;981;19;20;26;31;9;21;18;14;13;16;9;10;1187
521230;306;9;12;10;16;12;28;5;8;7;9;3;18;443
521250;7438;152;176;244;228;205;264;234;254;245;303;267;351;10361
521260;86;0;2;0;1;2;1;1;2;2;0;0;0;97
521270;94;0;0;1;0;1;0;0;1;1;0;0;0;98
521280;637;28;10;11;10;10;5;7;3;5;3;5;11;745
521290;95;2;0;0;0;2;1;2;2;4;0;2;1;111
521295;25;2;2;0;0;0;0;0;0;1;0;0;1;31
521300;627;49;64;111;273;119;397;97;60;67;65;513;350;2792
521305;92;1;4;4;5;2;0;1;0;1;3;1;7;121
521308;2234;23;56;64;134;27;66;43;38;40;37;139;83;2984
521310;2786;58;68;91;110;103;107;69;85;71;71;91;95;3805
521340;118;0;0;2;0;0;0;2;0;1;0;0;1;124
521350;151;0;0;0;0;0;0;0;0;0;0;1;1;153
521370;389;5;5;2;11;3;2;8;1;4;4;6;4;444
521375;83;2;4;4;5;8;5;1;0;4;6;2;1;125
521380;2130;59;62;76;51;71;61;50;68;63;50;67;78;2886
521390;168;17;0;1;1;0;2;2;1;1;1;0;3;197
521400;294;2;7;5;9;10;10;6;13;4;2;1;3;366
521405;147;2;4;4;1;1;2;0;1;6;5;0;10;183
521410;134;12;2;3;3;0;0;2;0;0;1;0;1;158
521440;196;3;4;10;9;1;6;3;6;13;3;5;37;296
521450;1314;34;64;36;37;37;100;50;64;42;42;32;92;1944
521460;2882;21;113;56;43;70;53;45;120;144;39;80;83;3749
521470;109;1;0;0;0;0;2;0;0;1;0;0;0;113
521480;173;2;0;0;1;0;1;2;1;0;0;0;0;180
521483;255;1;4;4;2;0;2;0;3;0;1;5;2;279
521486;315;1;6;6;4;2;6;10;6;4;87;4;6;457
521490;74;0;0;0;0;0;0;0;0;0;0;0;1;75
521500;818;29;21;35;30;12;21;14;23;23;25;19;15;1085
521520;132;5;10;8;1;3;4;3;1;0;3;4;1;175
521525;166;1;2;2;0;0;1;0;2;0;1;3;1;179
521530;615;2;4;6;16;5;9;7;8;9;6;8;6;701
521540;173;0;2;4;5;2;3;2;0;0;0;0;7;198
521550;933;4;6;15;15;5;7;23;8;21;6;4;10;1057
521560;429;19;11;23;15;9;14;15;12;20;18;33;78;696
521565;85;0;0;0;3;0;0;1;1;0;0;0;0;90
521570;928;10;10;11;19;28;28;41;12;13;15;34;50;1199
521580;207;2;4;2;3;3;3;3;2;4;4;4;5;246
521590;124;0;0;8;0;0;0;1;2;0;3;0;9;147
521600;149;4;1;0;0;3;0;2;5;2;2;0;5;173
521630;353;2;4;2;10;2;3;6;2;7;5;13;6;415
521640;528;8;15;16;14;11;17;21;12;9;12;16;24;703
521680;101;1;0;4;2;1;1;4;1;2;0;1;21;139
521690;207;0;2;4;2;1;1;1;2;0;1;1;0;222
521710;1076;17;7;17;22;14;11;7;17;13;15;16;24;1256
521720;499;11;9;10;10;8;12;11;5;2;11;7;31;626
521730;751;8;4;14;4;7;5;10;7;7;7;7;18;849
521740;1676;16;20;22;22;19;55;22;16;26;20;45;32;1991
521760;1059;18;26;213;32;20;24;41;41;18;27;31;41;1591
521770;521;3;3;5;5;3;5;4;20;6;1;2;6;584
521800;2086;59;55;99;52;37;49;40;51;44;50;57;69;2748
521810;189;2;6;3;1;18;23;4;8;1;1;4;3;263
521830;792;4;8;24;24;6;11;6;16;22;10;2;16;941
521839;34;0;0;0;0;0;0;0;0;0;0;0;0;34
521850;2862;82;55;64;90;66;47;47;51;31;46;42;41;3524
521860;594;8;4;6;16;14;6;5;12;8;8;5;6;692
521870;140;17;24;15;3;7;11;7;1;6;9;1;3;244
521880;10466;187;374;364;371;331;297;281;262;246;296;325;346;14146
521890;990;5;9;29;14;10;15;39;22;11;380;82;17;1623
521900;314;0;1;11;3;4;4;8;5;5;1;1;1;358
521910;1063;4;11;45;9;13;14;10;9;15;26;15;27;1261
521920;101;0;0;0;0;0;0;0;2;0;1;0;0;104
521925;278;5;4;4;5;2;4;6;1;10;6;3;3;331
521930;2452;60;50;99;135;141;214;135;124;73;117;749;53;4402
521935;202;1;6;2;0;0;3;9;5;2;3;1;8;242
521940;146;0;6;19;1;3;8;5;1;2;3;5;7;206
521950;139;0;0;0;1;0;0;1;0;0;0;0;0;141
521960;105;1;3;5;6;8;4;16;12;15;8;16;7;206
521970;439;2;2;9;13;8;15;6;4;4;3;8;3;516
521973;26;0;0;0;0;0;0;0;0;0;0;0;30;56
521975;478;9;14;189;15;20;20;15;18;26;28;18;25;875
521980;191;0;0;1;2;1;1;1;0;2;5;1;2;207
521990;232;5;103;4;0;0;0;0;19;61;2;3;22;451
522000;85;2;0;1;0;0;1;0;3;3;3;1;3;102
522005;91;6;4;1;3;0;1;2;1;0;3;0;1;113
522010;1565;25;23;53;28;22;34;44;36;25;34;72;62;2023
522015;11;0;0;0;0;0;0;0;0;0;0;0;0;11
522020;1042;18;19;24;41;32;32;25;28;29;71;120;125;1606
522026;25;0;0;1;0;1;2;1;1;0;0;1;2;34
522040;473;6;5;3;1;13;8;9;8;13;9;8;8;564
522045;937;18;28;55;34;145;45;30;33;39;39;40;34;1477
522050;583;7;11;14;15;20;25;32;37;208;28;19;116;1115
522060;647;3;21;9;16;18;30;18;14;7;26;7;20;836
522068;1;0;0;0;0;0;0;0;0;0;0;0;0;1
522070;20;0;0;0;0;0;0;0;0;0;0;0;0;20
522100;65;0;9;2;6;4;4;4;0;2;1;0;1;98
522108;7;0;0;0;0;0;0;0;1;0;0;0;0;8
522130;107;0;2;2;5;4;1;1;2;0;1;5;1;131
522140;2830;93;95;72;61;60;101;93;75;78;62;71;92;3783
522145;5;0;0;0;0;0;0;0;0;0;1;1;0;7
522150;201;1;60;2;5;3;2;7;3;5;18;14;15;336
522155;604;5;7;18;24;14;110;186;77;92;308;564;66;2075
522160;1179;45;24;20;23;17;21;29;43;33;42;41;36;1553
522170;457;1;5;4;1;3;1;1;2;2;1;8;2;488
522180;238;1;1;2;3;2;3;3;3;4;2;1;3;266
522190;186;2;4;0;1;4;1;4;1;0;3;1;10;217
522200;297;8;6;12;7;7;8;7;11;1;1;5;10;380
522205;277;1;4;14;38;16;3;7;6;3;5;6;15;395
522220;0;0;0;0;0;0;1;1;0;0;0;1;63;66
529999;170;2;1;3;4;3;5;1;1;3;0;0;12;205
530010;597295;8714;10462;17097;12623;11828;13189;13839;13337;14324;14978;15821;13593;757100
539999;447;6;59;31;35;10;19;16;15;28;58;45;21;790
{ñ class};291798;8481;10191;10946;11076;10193;10706;10560;11911;11562;13783;12590;17415;431212
Total;23165027;663196;743716;826591;765441;686381;742061;746501;777470;727960;720858;772782;900465;32238449
