Coluna;Mês Admissão
Município;Não admitido ano;Janeiro;Fevereiro;Março;Abril;Maio;Junho;Julho;Agosto;Setembro;Outubro;Novembro;Dezembro;Total
110001;1950;50;79;59;101;106;65;65;102;93;108;62;28;2868
110002;11557;740;999;1064;683;794;804;944;969;846;726;628;569;21323
110003;391;14;13;16;11;18;21;18;17;11;10;6;5;551
110004;10602;435;595;663;591;684;491;604;632;554;565;523;445;17384
110005;1420;35;56;57;39;70;51;76;58;46;41;57;25;2031
110006;1750;51;197;83;66;109;53;89;79;68;78;82;33;2738
110007;623;14;34;19;42;56;40;30;32;41;53;16;19;1019
110008;557;13;142;37;11;72;81;26;33;19;30;20;6;1047
110009;2787;151;141;155;107;256;251;268;232;216;150;146;128;4988
110010;2542;71;66;189;74;81;90;292;180;178;85;98;57;4003
110011;6718;419;370;588;385;405;368;316;291;306;348;391;368;11273
110012;17840;989;756;815;867;1054;895;941;1036;938;996;870;776;28773
110013;2120;95;114;160;110;129;123;99;109;142;77;78;42;3398
110014;545;16;14;18;22;25;21;30;35;58;25;45;15;869
110015;3690;181;144;184;181;382;218;229;182;194;223;190;162;6160
110018;5526;316;308;281;486;359;413;553;436;362;543;405;296;10284
110020;111604;3048;3279;3426;3434;3177;4114;3728;3690;3460;3335;3037;2237;151569
110025;1590;135;54;61;56;80;64;111;98;56;70;46;40;2461
110026;311;17;14;16;17;22;31;29;12;18;27;13;10;537
110028;5959;322;391;423;548;606;465;328;318;511;361;289;317;10838
110029;862;35;33;85;107;88;32;216;57;65;78;38;9;1705
110030;11915;784;873;820;785;840;813;855;818;734;798;706;625;21366
110032;1124;26;54;64;58;57;49;50;55;29;87;57;74;1784
110033;1141;34;34;68;64;93;131;145;55;52;26;27;15;1885
110034;1223;28;11;62;37;53;32;32;30;36;50;23;20;1637
110037;622;12;16;15;29;10;9;9;9;20;31;30;9;821
110040;1044;47;44;69;59;86;66;51;81;48;43;46;9;1693
110045;2304;187;183;225;169;265;223;215;241;177;178;115;92;4574
110050;620;8;13;14;25;26;12;14;12;9;10;7;1;771
110060;350;16;28;59;13;18;13;4;13;6;6;4;4;534
110070;504;12;22;14;28;40;40;32;17;28;20;17;7;781
110080;907;63;38;31;57;61;77;54;30;27;30;36;19;1430
110090;323;30;12;12;8;11;7;12;5;4;10;4;2;440
110092;1312;109;162;142;119;149;110;103;53;85;84;86;54;2568
110094;1015;43;55;76;61;102;129;162;163;68;122;88;34;2118
110100;535;12;7;7;9;11;15;7;5;4;5;6;2;625
110110;782;20;48;59;48;56;51;50;65;46;45;21;27;1318
110120;600;37;26;28;73;51;30;23;32;32;22;21;7;982
110130;824;25;41;42;31;37;25;38;31;20;33;31;10;1188
110140;978;31;74;35;74;60;39;44;36;46;54;40;36;1547
110143;368;6;6;27;7;13;12;13;9;7;10;5;1;484
110145;325;12;8;23;6;5;15;20;25;18;7;6;7;477
110146;336;9;18;15;18;37;27;41;27;12;19;8;26;593
110147;292;18;61;12;2;3;8;11;12;13;7;3;5;447
110148;284;8;9;4;10;7;5;8;1;9;9;2;4;360
110149;1159;45;57;59;62;68;45;35;50;57;55;40;30;1762
110150;657;9;65;70;31;11;27;24;20;19;18;14;17;982
110155;338;12;13;3;8;10;10;14;4;5;10;11;4;442
110160;528;17;18;55;30;16;20;7;13;7;18;15;5;749
110170;578;16;45;17;19;21;20;15;26;24;10;11;8;810
110175;396;12;6;5;11;30;59;9;16;17;18;12;6;597
110180;500;10;7;6;3;13;8;7;12;7;5;5;8;591
119999;0;0;0;0;0;0;0;0;0;0;0;0;0;0
120001;609;23;10;36;10;22;21;21;19;25;13;18;5;832
120005;234;10;6;1;10;4;8;7;5;4;2;6;2;299
120010;779;128;49;97;85;35;29;30;22;83;44;20;14;1415
120013;431;38;19;74;49;23;34;20;27;28;12;16;14;785
120017;420;23;20;62;207;69;61;26;12;10;13;16;9;948
120020;3819;138;158;120;163;205;170;443;164;123;104;83;67;5757
120025;775;29;37;21;59;24;21;49;21;19;34;19;27;1135
120030;1071;12;10;16;58;18;28;29;19;7;5;7;4;1284
120032;1;0;0;1;0;3;1;0;0;2;0;0;0;8
120033;372;1;2;0;18;5;8;3;10;9;0;1;2;431
120034;178;1;2;4;1;0;4;1;2;1;0;0;0;194
120035;591;13;6;3;151;67;39;36;22;7;7;1;0;943
120038;783;21;7;102;44;19;12;22;20;15;15;14;13;1087
120039;11;0;0;1;1;1;0;0;0;5;1;1;0;21
120040;67051;3175;3399;2947;3108;2278;2759;2289;2834;2620;2288;1972;1393;98113
120042;327;0;18;4;43;7;0;0;1;0;0;0;0;400
120043;85;1;7;0;0;0;4;0;0;0;0;0;0;97
120045;1427;108;261;105;39;63;68;56;35;35;33;37;29;2296
120050;1196;79;36;34;33;41;22;30;36;29;21;27;19;1603
120060;509;17;7;11;10;20;49;36;39;26;24;13;3;764
120070;416;23;17;13;11;35;23;35;23;28;32;14;12;682
120080;349;9;2;10;13;6;17;16;9;5;4;16;8;464
129999;0;0;0;0;0;0;0;0;0;0;0;0;0;0
130002;67;4;0;0;1;2;1;0;1;0;0;1;0;77
130006;231;16;91;5;0;1;31;11;1;1;1;1;0;390
130008;297;3;29;9;5;2;0;0;2;2;2;2;0;353
130010;487;6;1;11;6;9;1;0;5;0;0;1;0;527
130014;554;7;12;15;12;4;22;10;8;1;3;4;1;653
130020;470;2;4;8;36;3;3;3;2;3;1;1;1;537
130030;398;4;1;6;8;4;15;21;28;16;9;7;1;518
130040;642;16;8;24;62;15;13;4;4;0;2;2;0;792
130050;736;4;3;4;2;1;2;6;5;5;5;2;2;777
130060;578;5;3;55;6;7;7;8;2;6;6;1;0;684
130063;48;0;0;0;0;0;0;0;0;0;0;0;1;49
130068;287;3;2;4;1;0;4;0;2;2;2;0;0;307
130070;1310;16;20;5;6;11;20;32;12;8;15;17;16;1488
130080;886;9;2;147;6;3;5;8;1;1;0;1;14;1083
130083;597;2;4;18;8;0;1;1;29;0;4;0;0;664
130090;26;1;0;0;1;0;0;0;0;0;0;0;0;28
130100;740;4;0;19;2;2;0;1;3;0;1;1;0;773
130110;1102;9;6;3;9;1;3;3;8;9;1;3;1;1158
130115;612;14;4;49;26;4;4;1;9;4;2;2;1;732
130120;5560;218;123;176;661;209;332;236;216;277;154;114;91;8367
130130;806;15;26;37;0;4;7;2;4;3;2;0;0;906
130140;931;3;5;8;5;1;2;213;38;15;27;9;3;1260
130150;749;1;1;0;5;0;0;0;3;1;0;10;2;772
130160;635;1;0;0;2;0;0;0;1;0;0;1;0;640
130165;485;1;2;10;0;5;2;1;2;2;3;2;1;516
130170;1821;58;29;157;104;82;41;64;26;92;73;37;25;2609
130180;340;0;1;4;0;0;0;0;0;0;0;0;0;345
130185;2293;62;75;112;261;57;88;84;105;172;85;71;21;3486
130190;6751;289;204;133;358;116;140;197;217;176;188;152;72;8993
130195;355;1;0;0;2;2;3;1;1;0;1;0;0;366
130200;513;5;9;99;31;51;1;3;3;8;5;0;0;728
130210;21;0;0;0;1;0;0;0;0;0;0;0;0;22
130220;454;30;1;7;2;2;0;14;5;1;0;0;0;516
130230;31;0;0;0;15;0;1;0;0;3;0;0;0;50
130240;994;20;18;6;50;35;14;24;16;12;13;13;5;1220
130250;3211;161;268;355;363;198;336;296;474;411;375;216;61;6725
130255;558;29;0;10;203;7;3;4;5;5;5;2;2;833
130260;373893;16831;16317;19278;17101;18949;17073;18269;20585;18789;21271;20511;14860;593727
130270;996;13;8;5;5;12;7;11;18;11;7;3;6;1102
130280;192;138;0;0;1;1;4;1;1;0;1;0;0;339
130290;2317;28;26;70;60;48;33;33;14;18;56;65;17;2785
130300;477;65;19;84;35;16;3;2;22;14;7;11;13;768
130310;761;11;55;269;15;0;8;4;6;3;5;2;0;1139
130320;484;6;5;92;6;3;1;7;38;10;7;1;2;662
130330;38;5;0;0;2;0;1;0;0;0;0;1;0;47
130340;3727;193;655;445;407;289;151;49;143;65;95;165;59;6443
130350;478;0;0;0;1;0;0;0;0;0;0;0;0;479
130353;3812;140;1025;318;155;117;254;454;185;129;90;65;57;6801
130356;941;37;64;120;112;67;78;55;46;41;43;50;15;1669
130360;205;0;0;0;0;1;1;0;0;0;1;0;0;208
130370;338;19;1;148;0;5;3;11;3;2;4;6;9;549
130380;1202;316;88;292;55;45;28;38;52;46;28;19;9;2218
130390;30;1;0;3;1;0;0;0;0;1;6;1;2;45
130395;214;6;2;8;3;2;1;0;5;1;0;0;0;242
130400;498;7;20;39;14;14;10;4;9;5;0;2;2;624
130406;1360;44;23;23;40;29;45;26;57;36;24;19;26;1752
130410;432;0;0;0;0;2;0;0;0;0;1;0;0;435
130420;1251;44;26;36;53;46;18;44;98;43;65;54;23;1801
130423;258;6;0;0;0;0;1;0;0;0;35;0;0;300
130426;29;0;0;1;0;0;1;0;1;0;2;0;0;34
130430;801;14;10;12;5;3;4;5;5;3;4;3;0;869
130440;495;4;1;7;1;2;0;0;0;2;4;0;0;516
139999;0;0;0;0;0;0;0;0;0;0;0;0;0;0
140002;91;58;52;7;3;4;4;70;9;5;1;1;0;305
140005;341;2;37;55;15;14;5;9;9;10;7;2;3;509
140010;36924;1706;1444;1315;1449;1613;1338;1393;1444;1236;1581;1692;1014;54149
140015;401;15;26;1;4;7;5;6;19;5;10;7;3;509
140017;144;27;14;19;15;38;14;5;29;21;15;8;7;356
140020;671;151;146;65;49;32;22;17;43;30;19;11;3;1259
140023;229;16;31;18;2;7;6;1;0;29;4;6;4;353
140028;255;17;21;17;7;3;5;10;5;1;7;6;5;359
140030;402;17;5;33;7;10;54;20;9;7;5;30;5;604
140040;45;2;1;3;0;2;2;0;3;2;4;5;0;69
140045;206;14;8;12;4;13;5;24;3;17;67;19;7;399
140047;315;10;16;15;34;31;11;8;20;27;21;4;4;516
140050;48;1;1;2;0;8;5;3;4;0;1;3;3;79
140060;38;5;1;25;2;4;0;3;5;4;9;1;0;97
140070;107;7;4;35;1;4;0;7;7;1;2;3;0;178
149999;0;0;0;0;0;0;0;0;0;0;0;0;0;0
150010;4742;146;111;109;215;165;119;118;208;137;152;101;127;6450
150013;721;23;33;38;15;22;34;12;102;33;39;20;7;1099
150020;2502;45;76;57;50;550;17;149;170;147;99;21;15;3898
150030;761;51;116;447;155;54;38;12;71;25;7;6;1;1744
150034;1330;88;99;86;105;111;115;99;79;85;98;75;60;2430
150040;927;360;91;177;42;30;12;270;48;31;17;13;3;2021
150050;6742;555;307;479;344;243;243;364;172;319;426;306;202;10702
150060;7867;301;372;312;325;336;533;438;482;491;476;314;213;12460
150070;58;1;7;3;2;2;6;1;4;0;0;1;1;86
150080;45998;1933;2282;2521;2388;2084;1984;2139;2474;2447;2554;2187;1625;72616
150085;867;16;72;49;41;25;33;42;53;111;36;23;11;1379
150090;114;5;3;7;3;2;11;1;2;2;11;8;2;171
150095;907;86;49;14;9;10;11;11;21;5;4;1;1;1129
150100;733;18;20;54;30;34;16;25;18;22;15;8;1;994
150110;266;3;0;0;24;4;2;0;3;2;1;1;2;308
150120;740;15;15;92;17;9;16;11;36;33;28;18;17;1047
150125;249;20;16;49;38;35;43;38;32;17;18;11;23;589
150130;19747;1287;1155;1420;1657;1647;1416;1489;1429;1563;1675;2097;1133;37715
150140;311837;10669;9488;8836;9071;9356;9170;9854;10579;9034;9792;8563;8349;424598
150145;708;9;40;17;21;25;10;27;31;16;9;11;6;930
150150;3727;165;180;137;183;133;209;193;215;155;169;219;176;5861
150157;630;56;38;67;35;36;42;32;48;21;25;132;52;1214
150160;317;8;1;2;1;1;1;49;79;41;25;6;9;540
150170;3116;72;62;71;101;118;130;63;55;80;106;248;148;4370
150172;644;26;16;20;8;10;20;13;11;12;13;7;11;811
150175;413;5;17;11;21;10;15;17;14;5;6;11;7;552
150178;3062;736;241;291;281;141;134;100;129;181;174;101;53;5624
150180;5060;840;129;131;108;173;109;125;400;237;97;47;27;7483
150190;724;17;22;14;18;10;6;11;3;5;3;9;9;851
150195;50;1;0;1;0;0;0;0;1;0;0;1;0;54
150200;658;5;3;1;0;1;0;31;29;9;1;0;0;738
150210;3077;29;20;217;20;51;18;12;24;12;18;17;22;3537
150215;2279;192;132;240;138;145;259;181;184;260;154;141;80;4385
150220;4017;80;93;66;107;167;111;186;129;106;109;89;113;5373
150230;1205;37;21;21;19;22;19;19;41;145;28;70;9;1656
150240;20071;859;851;774;825;664;820;891;1473;1191;1120;895;629;31063
150250;397;12;9;286;19;28;12;12;21;16;6;6;5;829
150260;224;6;0;4;7;1;2;0;6;2;2;0;0;254
150270;3080;139;200;163;136;118;138;137;103;135;120;92;465;5026
150275;1270;41;6;47;27;31;19;41;70;35;37;33;18;1675
150276;1287;199;132;98;93;126;113;189;168;139;119;111;44;2818
150277;606;136;82;84;72;76;82;48;85;73;85;50;35;1514
150280;324;0;0;0;0;0;0;0;0;1;0;0;0;325
150285;367;2;13;80;5;2;3;4;1;0;0;0;0;477
150290;820;19;16;140;31;21;37;47;18;60;73;17;25;1324
150293;4971;238;384;371;434;417;269;535;551;401;439;399;285;9694
150295;1274;53;45;42;34;62;44;247;117;76;76;40;46;2156
150300;253;8;2;28;5;8;4;0;3;8;7;1;0;327
150304;726;15;150;74;59;27;58;39;26;42;20;48;37;1321
150307;1083;6;2;190;5;8;3;4;3;6;2;1;0;1313
150309;2516;199;180;305;235;180;161;145;211;153;145;119;65;4614
150310;337;1;1;3;1;0;0;1;2;1;2;0;0;349
150320;1544;35;14;282;45;40;50;19;49;148;32;40;10;2308
150330;2566;35;485;47;33;47;22;7;65;53;12;11;13;3396
150340;517;15;5;0;2;26;7;12;123;12;13;14;16;762
150345;1492;102;56;61;44;48;51;61;35;65;31;150;154;2350
150350;836;18;92;133;17;14;12;14;15;18;4;8;10;1191
150360;6575;288;445;506;517;194;298;206;310;236;379;234;98;10286
150370;1679;162;171;100;200;92;71;113;115;102;75;65;56;3001
150375;371;27;2;185;53;33;9;7;16;12;2;1;0;718
150380;3574;223;95;634;249;116;310;284;194;202;206;132;63;6282
150390;1276;191;93;522;142;50;122;96;175;248;172;105;208;3400
150400;447;44;0;62;46;19;7;0;16;9;0;2;0;652
150405;1291;69;87;46;40;38;30;136;37;52;45;57;40;1968
150410;334;1;1;0;63;83;3;0;2;3;3;3;0;496
150420;28126;1748;1620;1575;1466;1714;1636;1948;1689;1945;1927;1735;2357;49486
150430;1010;14;54;52;6;5;6;3;4;13;10;6;3;1186
150440;813;12;6;37;10;7;23;22;37;9;9;6;14;1005
150442;9621;335;383;261;241;476;290;212;301;226;298;234;168;13046
150445;575;42;69;41;12;22;6;13;165;27;13;10;15;1010
150450;696;39;29;13;2;5;3;0;9;5;6;2;0;809
150460;169;1;2;1;5;3;1;1;4;5;1;4;0;197
150470;4849;204;138;270;207;209;114;159;132;379;260;207;61;7189
150475;0;0;0;0;0;0;0;0;0;0;0;0;0;0
150480;1692;38;431;130;57;75;30;187;57;48;66;39;13;2863
150490;748;4;4;124;27;16;3;3;5;5;3;8;0;950
150495;388;10;226;100;28;17;45;4;23;1;3;4;1;850
150497;673;36;44;17;22;47;52;42;37;12;20;18;5;1025
150500;605;10;3;11;5;2;4;58;19;3;5;0;0;725
150503;1682;109;342;118;85;121;136;140;136;92;76;72;40;3149
150506;2500;87;143;69;66;98;125;204;161;146;106;104;42;3851
150510;1972;36;30;30;51;30;193;54;37;36;34;22;14;2539
150520;289;0;11;10;5;0;2;17;2;1;2;0;0;339
150530;6237;305;96;184;460;186;134;180;204;177;158;188;146;8655
150540;617;6;5;2;3;2;6;7;6;4;13;10;1;682
150543;1957;134;322;79;288;435;196;265;319;171;134;355;285;4940
150548;1666;78;114;62;84;44;42;102;89;146;100;88;22;2637
150549;268;11;20;15;31;4;5;11;12;6;7;12;3;405
150550;14680;961;941;1160;983;1160;1084;1113;1115;946;881;680;415;26119
150553;19490;3342;1344;1331;1199;1248;1860;1541;1445;1448;1570;1587;974;38379
150555;475;139;28;14;22;16;17;25;16;22;29;22;10;835
150560;261;1;2;2;1;9;0;3;4;3;3;1;0;290
150563;715;66;368;52;70;78;73;59;68;65;55;52;32;1753
150565;400;18;16;6;12;20;1;29;17;5;137;13;2;676
150570;839;11;131;107;37;23;6;3;23;5;1;6;1;1193
150580;1947;104;146;54;56;115;148;84;125;127;126;110;15;3157
150590;794;8;7;179;54;8;11;9;108;20;18;10;2;1228
150600;698;13;57;108;46;4;9;17;76;61;18;20;9;1136
150610;292;8;0;6;6;4;13;6;6;9;6;3;1;360
150611;437;32;1;7;4;4;3;10;18;7;7;6;1;537
150613;7064;347;319;382;452;369;404;599;428;438;572;369;1169;12912
150616;1342;88;169;91;90;63;107;85;102;95;70;100;79;2481
150618;5552;216;279;303;195;262;337;346;301;283;291;270;136;8771
150619;1256;26;18;32;18;24;47;22;22;38;10;13;5;1531
150620;1766;35;26;19;16;30;84;48;32;31;54;18;24;2183
150630;578;38;368;15;14;8;7;4;15;19;14;19;18;1117
150635;1043;25;63;35;17;31;42;97;57;51;71;27;9;1568
150640;127;1;3;0;1;1;1;0;15;24;4;1;1;179
150650;4418;279;250;119;142;302;193;178;252;246;167;184;135;6865
150655;583;18;22;7;5;1;0;0;4;65;13;5;0;723
150658;1054;159;92;88;100;94;175;76;124;183;142;101;67;2455
150660;735;23;13;217;19;65;20;74;48;99;23;28;17;1381
150670;2825;133;149;131;212;124;182;127;131;123;139;172;849;5297
150680;20455;4847;1546;999;869;1037;786;842;814;906;1142;1084;686;36013
150690;320;3;3;7;6;0;0;1;0;1;0;0;0;341
150700;1620;35;31;20;18;14;27;99;143;40;47;50;15;2159
150710;356;15;8;14;6;1;1;5;13;4;5;4;6;438
150715;981;15;7;15;17;5;3;19;6;9;6;79;25;1187
150720;1236;30;99;35;31;21;25;17;57;19;18;39;6;1633
150730;2807;153;234;142;180;234;241;164;221;160;192;182;58;4968
150740;727;18;18;13;16;13;14;8;29;165;47;7;5;1080
150745;1427;37;38;221;116;66;54;54;77;53;83;59;22;2307
150746;200;2;1;4;1;0;1;0;1;4;0;0;0;214
150747;657;10;106;11;7;0;7;7;6;4;6;1;0;822
150750;440;36;208;36;25;35;12;15;19;36;13;13;9;897
150760;3779;138;128;185;99;157;125;175;306;238;185;90;93;5698
150770;518;129;68;14;15;7;5;2;2;1;4;1;0;766
150775;734;85;73;86;107;78;78;49;62;59;79;59;30;1579
150780;693;30;27;26;18;12;8;14;12;33;8;8;8;897
150790;1048;11;10;3;12;12;9;13;10;19;7;6;13;1173
150795;6233;322;276;545;563;1861;465;580;760;408;602;334;82;13031
150796;380;11;150;5;6;4;1;14;36;5;4;3;1;620
150797;627;54;5;1;0;1;0;0;3;0;0;0;2;693
150800;4329;301;102;203;154;142;162;223;378;243;158;146;104;6645
150803;854;19;47;12;10;16;5;19;22;7;27;15;7;1060
150805;366;2;37;89;32;17;7;12;17;13;6;4;17;619
150808;2363;74;131;85;80;162;115;89;89;128;106;159;427;4008
150810;9426;751;605;545;430;623;971;831;1169;1057;1521;1647;606;20182
150812;4064;295;332;340;564;1000;637;760;625;303;302;285;97;9604
150815;2392;134;168;128;86;105;207;192;154;154;102;94;47;3963
150820;1800;138;162;136;61;157;91;72;195;154;57;58;57;3138
150830;1752;21;6;17;13;25;6;13;9;10;6;4;2;1884
150835;521;31;55;39;15;20;27;20;30;42;35;12;10;857
150840;4563;947;554;516;484;509;485;431;421;415;346;296;309;10276
159999;0;0;0;0;0;0;0;0;0;0;0;0;0;0
160005;1206;161;162;140;68;140;155;54;131;41;57;94;69;2478
160010;423;19;43;55;20;9;13;62;7;10;6;6;27;700
160015;966;48;54;58;93;58;85;294;232;310;252;312;126;2888
160020;214;3;1;137;14;6;2;4;11;5;6;1;0;404
160021;242;1;6;6;5;3;1;5;1;2;1;1;1;275
160023;294;3;11;10;4;6;3;6;8;0;13;1;2;361
160025;129;0;1;1;0;2;0;0;0;0;0;0;41;174
160027;1771;118;143;72;68;61;47;36;47;111;60;41;16;2591
160030;66879;1856;2271;2333;1775;2216;1929;2200;2449;1861;2217;2228;1662;91876
160040;753;19;19;42;43;23;19;26;37;18;30;45;13;1087
160050;682;33;20;16;16;12;23;19;31;35;16;19;6;928
160053;880;54;134;38;38;53;42;18;88;8;64;58;5;1480
160055;161;6;10;1;16;4;21;3;3;3;1;0;1;230
160060;6594;189;583;290;346;199;188;258;427;362;324;243;169;10172
160070;346;12;43;41;36;60;40;94;204;41;98;60;18;1093
160080;310;6;2;6;5;10;2;8;13;48;16;11;56;493
169999;0;0;0;0;0;0;0;0;0;0;0;0;0;0
170025;190;7;4;6;1;1;0;1;1;4;3;5;2;225
170030;393;39;17;20;9;9;13;26;21;38;182;46;17;830
170035;388;7;16;13;15;12;17;16;24;14;15;14;2;553
170040;329;8;4;4;7;23;6;8;7;12;4;0;10;422
170070;761;77;50;84;40;38;31;13;67;19;40;27;11;1258
170100;662;42;42;39;31;37;28;44;35;61;43;26;12;1102
170105;175;31;16;8;3;12;3;4;17;6;3;1;4;283
170110;237;5;2;7;2;2;6;3;4;1;9;9;3;290
170130;333;20;21;13;3;20;8;9;6;6;5;4;6;454
170190;349;11;28;6;5;3;15;1;4;1;5;4;4;436
170200;854;81;22;24;11;21;163;76;34;43;11;22;19;1381
170210;15911;2132;1013;936;832;1064;941;988;1140;1068;1100;931;1131;29187
170215;344;113;34;21;26;19;26;24;43;56;45;21;12;784
170220;1507;76;304;129;60;63;87;65;141;70;62;149;125;2838
170230;873;104;50;138;79;47;83;64;81;29;47;50;36;1681
170240;980;231;207;113;192;57;7;5;18;22;24;14;20;1890
170255;714;14;23;15;25;17;16;25;26;29;22;22;13;961
170270;117;1;1;0;3;4;12;5;39;0;2;1;2;187
170290;580;15;23;9;16;13;4;12;14;31;11;20;10;758
170300;1244;78;113;110;107;60;76;44;25;28;16;17;12;1930
170305;354;15;24;28;45;46;29;12;18;27;12;13;14;637
170307;51;5;5;2;2;0;2;1;1;7;11;7;1;95
170310;313;35;35;3;5;8;13;19;8;9;9;9;3;469
170320;311;36;61;12;8;8;17;9;11;2;6;4;11;496
170330;160;8;12;6;1;3;0;0;2;1;1;1;0;195
170360;240;5;7;10;6;5;3;7;3;7;4;8;10;315
170370;461;11;9;22;30;69;66;34;41;15;14;24;19;815
170380;252;10;2;3;0;0;1;1;4;1;5;1;1;281
170382;167;0;0;0;0;0;2;0;0;0;0;0;2;171
170384;605;78;92;49;38;10;11;53;29;41;79;73;10;1168
170386;406;6;29;13;14;23;15;22;6;13;32;15;33;627
170388;367;50;23;27;16;90;19;26;26;16;8;9;13;690
170389;168;0;6;1;3;0;0;1;1;1;0;4;0;185
170390;314;2;12;7;5;15;15;5;2;17;1;3;3;401
170410;116;14;5;0;0;0;0;0;0;2;0;2;0;139
170460;125;4;1;1;4;3;1;1;2;2;2;1;0;147
170510;246;7;5;2;1;1;5;8;3;2;2;7;1;290
170550;2811;95;157;128;130;134;99;107;123;93;98;98;107;4180
170555;141;4;6;0;6;10;1;2;2;2;3;0;0;177
170560;170;0;3;1;1;2;4;33;8;14;1;1;6;244
170600;232;4;6;4;5;4;63;14;7;12;13;11;3;378
170610;455;13;10;15;9;30;11;10;118;20;7;11;14;723
170625;99;17;11;1;2;3;0;0;6;3;0;2;0;144
170650;311;13;19;14;17;9;10;7;3;5;4;2;1;415
170700;1459;305;214;332;347;341;434;289;291;196;152;142;200;4702
170710;462;21;18;9;9;16;10;13;36;18;14;28;3;657
170720;408;29;54;36;75;62;39;31;44;64;11;22;5;880
170730;366;28;27;15;26;21;9;12;20;9;44;64;10;651
170740;296;0;0;0;0;1;1;2;1;0;1;0;0;302
170755;287;5;6;9;8;1;4;3;7;8;3;3;5;349
170765;529;15;10;15;14;19;14;16;22;21;11;6;8;700
170770;413;19;41;12;25;22;36;18;28;13;15;9;6;657
170820;1778;42;77;90;149;234;159;76;94;36;21;27;25;2808
170825;306;18;19;55;22;8;3;15;7;18;13;11;6;501
170830;95;2;0;4;0;0;1;3;0;1;4;0;3;113
170900;500;17;14;5;5;9;3;5;12;9;16;5;12;612
170930;1984;58;90;111;134;257;256;195;218;184;266;186;74;4013
170950;10330;474;536;638;561;526;510;429;575;534;601;366;364;16444
170980;139;1;1;1;0;1;0;0;28;9;2;11;0;193
171050;310;3;5;2;9;4;5;2;18;30;18;2;2;410
171070;272;16;27;21;11;30;6;3;10;7;4;1;2;410
171090;184;3;1;4;6;1;2;4;2;7;4;1;18;237
171110;288;21;15;10;17;8;24;4;12;4;11;5;11;430
171150;287;2;6;4;7;4;10;3;0;3;18;7;1;352
171180;115;2;0;5;3;5;3;0;0;1;2;0;0;136
171190;619;42;50;42;47;23;44;22;15;24;46;53;6;1033
171195;141;29;9;4;1;2;1;0;4;0;5;4;1;201
171200;339;22;10;12;9;25;7;7;14;11;19;11;5;491
171215;3;0;0;0;0;15;2;3;16;0;10;1;3;53
171240;74;0;0;0;0;0;1;0;6;0;0;0;0;81
171245;92;2;0;58;17;2;5;3;4;2;2;2;0;189
171250;440;13;1;4;13;4;9;5;2;1;15;1;3;511
171270;119;8;3;6;3;3;10;3;4;2;3;15;4;183
171280;142;1;0;1;4;1;3;21;20;3;5;0;1;202
171320;1891;43;53;91;49;55;64;48;77;52;33;40;29;2525
171330;769;161;123;31;31;28;41;106;118;58;40;27;9;1542
171360;310;15;16;4;4;5;5;4;26;20;4;1;1;415
171370;149;8;1;3;2;2;1;2;3;3;2;1;0;177
171380;223;7;7;3;4;2;7;1;3;4;0;0;1;262
171395;334;22;16;20;18;20;15;10;12;15;8;5;39;534
171420;442;19;13;21;20;31;17;11;20;14;13;6;5;632
171430;176;13;2;1;3;1;0;2;2;0;2;4;1;207
171488;981;53;48;39;65;57;84;87;31;41;23;35;31;1575
171500;178;1;1;1;0;1;6;5;4;0;1;3;0;201
171510;249;20;9;1;5;3;3;2;4;7;4;6;4;317
171515;101;1;2;1;2;10;1;1;0;1;0;2;0;122
171525;158;0;0;2;2;22;2;3;16;8;8;14;7;242
171550;137;2;4;1;1;3;0;1;1;1;0;1;0;152
171570;274;9;12;7;2;2;365;339;141;125;242;240;32;1790
171575;475;28;21;13;15;16;17;10;12;13;7;9;5;641
171610;5922;322;438;376;333;333;294;336;296;366;268;310;190;9784
171620;430;12;6;7;8;34;19;10;10;13;11;10;12;582
171630;288;17;12;7;25;6;17;4;2;20;5;4;9;416
171650;1064;95;82;96;31;94;28;101;90;53;106;95;95;2030
171660;782;25;46;54;79;20;21;17;20;37;30;23;4;1158
171665;243;44;18;3;4;5;18;5;24;7;5;7;1;384
171670;948;99;40;57;50;10;19;23;22;24;10;68;13;1383
171700;207;0;4;6;1;0;4;2;1;4;2;2;2;235
171720;384;29;24;42;15;19;34;14;24;14;21;10;9;639
171750;436;107;27;25;16;19;10;11;14;5;11;13;8;702
171780;193;26;14;8;14;7;4;4;10;4;5;5;0;294
171790;326;7;6;10;2;9;4;3;5;4;4;4;0;384
171800;155;0;0;2;1;0;2;0;0;0;0;0;1;161
171820;4455;432;546;376;243;415;325;288;295;270;279;225;157;8306
171830;208;5;5;1;0;0;0;0;0;0;0;1;0;220
171840;275;6;2;4;8;0;3;2;3;21;40;21;34;419
171845;191;5;4;76;19;4;9;26;5;4;0;4;1;348
171850;163;4;11;8;2;9;4;6;5;10;5;1;1;229
171855;250;11;0;0;1;3;2;3;3;4;4;6;0;287
171865;131;0;3;21;2;26;17;2;4;1;1;0;0;208
171870;59;11;7;5;1;5;3;2;1;3;27;4;3;131
171875;247;10;10;7;107;43;49;40;29;25;47;6;0;620
171880;178;9;26;14;30;39;20;50;129;79;40;45;8;667
171884;250;31;9;13;5;4;3;2;5;12;7;6;0;347
171886;578;30;112;22;37;16;33;11;31;35;26;22;4;957
171888;183;2;4;1;0;0;3;0;3;2;1;2;0;201
171889;164;12;14;2;4;5;1;0;11;9;4;4;7;237
171890;328;9;11;9;13;9;4;6;9;18;1;4;2;423
171900;144;0;0;0;2;4;3;0;0;2;0;0;0;155
172000;317;3;1;14;1;0;2;1;19;3;3;6;3;373
172010;96;2;1;2;2;4;2;1;2;0;1;21;11;145
172015;84;12;2;8;2;2;0;1;0;1;1;0;0;113
172020;338;52;77;86;11;41;15;21;3;2;7;62;0;715
172025;1368;646;477;257;412;239;162;106;63;96;82;35;7;3950
172030;235;0;13;12;1;4;2;3;2;0;1;0;6;279
172049;301;10;12;5;18;6;6;13;13;10;4;3;4;405
172065;202;73;52;10;17;19;14;22;12;6;37;5;11;480
172080;308;2;8;3;4;1;1;26;2;15;4;0;4;378
172085;204;5;3;3;2;12;16;0;7;2;0;2;3;259
172090;742;53;94;45;58;38;43;39;60;128;69;76;25;1470
172093;139;2;6;0;0;0;0;2;0;0;2;7;0;158
172097;312;36;42;6;4;4;9;0;9;8;9;5;3;447
172100;84102;4570;2939;3221;2988;2842;2608;2089;2636;2381;2204;2083;1374;116037
172110;440;10;13;7;10;7;12;3;15;14;5;4;4;544
172120;1394;46;47;30;15;51;41;29;57;33;35;35;19;1832
172125;151;9;12;8;3;7;20;5;7;7;16;3;8;256
172130;157;0;4;4;7;24;74;62;54;53;82;64;10;595
172208;682;25;21;8;42;35;105;18;32;32;14;18;192;1224
172210;901;50;38;67;44;46;50;36;44;32;30;40;23;1401
179999;0;0;0;0;0;0;0;0;0;0;0;0;0;0
210005;12813;916;897;883;827;1010;1178;1545;1426;1355;1008;808;633;25299
210010;14;0;0;1;1;0;4;1;1;0;1;1;0;24
210015;24;4;26;0;3;2;0;1;1;5;2;4;2;74
210020;605;0;14;3;1;1;1;0;0;0;0;0;2;627
210030;958;8;22;14;132;577;60;662;38;10;46;8;5;2540
210040;173;1;2;0;0;0;0;0;0;0;0;1;0;177
210043;745;3;2;31;11;11;2;0;7;0;2;21;2;837
210047;40;3;1;1;1;2;1;0;6;2;2;1;1;61
210050;532;5;5;22;4;14;8;10;9;13;15;14;8;659
210055;166;0;0;0;0;0;0;0;17;0;0;0;0;183
210060;349;4;3;4;6;6;5;17;8;6;10;4;3;425
210070;442;3;7;1;37;17;1;1;0;15;2;1;0;527
210080;709;52;49;79;81;27;25;15;13;16;4;4;4;1078
210083;342;2;0;0;2;0;1;0;0;0;0;0;0;347
210087;203;3;0;0;1;0;0;0;0;1;3;0;0;211
210090;1139;3;15;11;5;1;8;8;7;4;5;5;7;1218
210095;578;12;0;2;2;0;1;0;1;1;7;1;2;607
210100;780;14;11;7;4;6;5;11;4;2;1;11;2;858
210110;301;0;0;0;0;0;1;0;0;1;0;0;5;308
210120;5341;167;155;194;174;180;179;141;334;129;245;357;179;7775
210125;1013;73;26;11;62;30;27;16;17;41;77;29;3;1425
210130;396;1;0;0;5;0;1;2;1;2;0;0;0;408
210135;193;1;0;0;15;14;3;0;0;16;0;0;0;242
210140;9949;561;626;580;422;506;460;392;705;493;670;615;319;16298
210150;498;10;24;15;21;20;8;34;230;166;94;52;28;1200
210160;2857;151;98;142;173;141;140;155;179;110;108;73;56;4383
210170;2455;25;13;30;16;24;15;58;97;7;24;16;6;2786
210173;130;0;0;0;0;0;0;1;0;9;0;0;0;140
210177;34;2;0;2;0;2;1;0;0;6;3;0;4;54
210180;228;6;5;2;7;2;4;2;3;2;0;9;1;271
210190;521;1;1;1;0;0;0;4;1;0;0;0;0;529
210193;186;5;1;0;0;0;0;1;0;1;0;1;0;195
210197;249;8;0;50;5;1;7;0;57;13;2;2;1;395
210200;706;14;6;71;38;26;12;20;121;14;13;8;5;1054
210203;1001;6;52;28;61;38;27;15;242;73;16;4;14;1577
210207;182;1;0;0;0;0;0;1;1;0;0;0;0;185
210210;892;20;11;22;4;11;10;11;8;10;5;7;2;1013
210215;1;0;0;0;1;0;0;0;3;1;0;1;1;8
210220;569;32;21;37;3;2;1;4;0;4;3;1;3;680
210230;246;1;1;54;17;0;3;3;5;2;5;0;2;339
210232;1763;77;63;107;40;49;71;68;246;310;70;81;42;2987
210235;386;14;1;5;2;7;4;3;40;3;2;4;1;472
210237;159;0;0;0;0;0;0;0;0;1;1;0;0;161
210240;223;2;0;0;0;0;0;0;0;0;0;0;0;225
210250;396;1;0;0;0;1;0;3;0;0;0;2;0;403
210255;1232;112;137;115;301;1000;177;106;29;23;1;18;12;3263
210260;344;1;1;0;0;0;1;2;0;0;9;0;1;359
210270;649;7;1;0;2;3;3;4;1;1;4;0;1;676
210275;339;27;43;7;1;6;6;2;8;3;1;5;0;448
210280;1567;48;32;74;30;76;63;32;66;49;58;57;30;2182
210290;946;57;21;47;69;41;31;45;29;42;58;14;9;1409
210300;9797;223;171;156;173;164;209;199;211;155;146;314;208;12126
210310;10;0;0;0;0;0;0;1;0;0;0;0;0;11
210312;268;1;0;4;0;0;0;2;0;0;0;0;0;275
210315;11;2;3;0;0;0;0;0;1;0;0;0;0;17
210317;621;65;24;68;91;82;112;112;164;125;73;66;26;1629
210320;3004;91;49;50;115;55;72;89;74;91;57;36;47;3830
210325;400;63;65;13;6;10;10;25;19;43;33;98;107;892
210330;5442;127;81;103;93;110;187;75;130;120;120;114;37;6739
210340;3066;28;18;41;17;32;245;737;15;26;32;21;9;4287
210350;877;14;8;21;8;3;20;12;7;2;10;13;7;1002
210355;171;0;1;0;0;2;0;1;0;0;1;0;0;176
210360;2674;27;17;19;21;27;9;9;18;30;20;23;10;2904
210370;974;10;4;0;1;4;0;3;64;0;5;2;2;1069
210375;160;12;2;3;9;9;4;5;42;16;14;7;4;287
210380;877;19;21;23;47;25;22;19;65;8;30;22;15;1193
210390;344;8;0;2;1;2;1;26;0;4;1;2;7;398
210400;503;10;3;3;4;0;12;4;3;4;5;6;0;557
210405;1601;46;98;93;151;78;290;228;293;228;162;278;151;3697
210407;227;0;25;0;0;1;2;0;0;2;3;0;0;260
210408;169;13;31;18;23;18;19;11;8;19;8;11;2;350
210409;361;3;0;0;1;0;1;0;0;2;1;1;0;370
210410;478;18;7;15;9;10;5;29;74;20;1;10;3;679
210420;377;0;1;2;1;4;3;1;0;1;2;1;0;393
210430;161;0;0;0;0;1;0;10;33;31;30;22;35;323
210440;275;1;4;1;0;1;2;2;73;3;2;0;2;366
210450;198;30;12;2;1;0;1;1;0;1;0;0;0;246
210455;891;31;45;80;48;36;29;33;15;15;16;32;18;1289
210460;475;24;6;1;1;7;1;0;1;5;58;1;0;580
210462;184;0;0;0;0;0;0;0;0;0;1;0;0;185
210465;225;2;2;1;7;0;2;1;1;15;5;0;1;262
210467;318;406;13;160;43;15;3;11;17;11;6;2;1;1006
210470;132;0;0;0;0;0;0;0;0;0;1;0;0;133
210480;3172;584;387;243;424;399;419;352;413;429;466;437;301;8026
210490;173;17;39;16;18;7;2;1;0;1;2;0;0;276
210500;756;3;165;85;18;5;10;7;7;1;1;0;2;1060
210510;532;34;3;28;13;216;20;4;5;12;6;4;1;878
210515;401;28;41;19;15;21;16;23;47;23;16;16;12;678
210520;339;3;1;2;0;1;1;0;0;1;6;27;0;381
210530;28352;1553;1300;1455;1349;1216;1305;1242;1806;1299;1609;1580;1313;45379
210535;107;0;0;0;0;0;0;0;0;1;0;0;0;108
210540;2735;101;49;285;122;114;81;108;71;86;70;71;34;3927
210542;1718;29;45;49;24;82;63;61;115;48;76;39;16;2365
210545;232;6;2;0;0;2;0;3;1;4;3;0;0;253
210547;199;0;0;0;0;0;0;0;1;0;0;0;0;200
210550;922;29;18;20;6;9;30;125;36;24;43;19;6;1287
210560;332;3;1;1;100;0;1;0;0;0;0;0;1;439
210565;4;0;0;0;0;0;3;0;0;0;0;0;0;7
210570;1213;21;8;40;13;22;8;23;20;16;24;11;2;1421
210580;267;3;0;0;2;0;0;2;0;2;3;2;0;281
210590;322;0;0;3;3;7;4;1;2;2;0;6;2;352
210592;312;33;15;12;24;14;19;13;5;6;14;1;4;472
210594;276;0;1;0;0;4;0;0;0;0;0;0;1;282
210596;129;8;47;2;140;3;1;0;0;0;0;0;0;330
210598;255;3;0;2;0;1;0;2;63;0;8;1;0;335
210600;433;4;5;16;4;3;1;1;58;3;8;2;1;539
210610;418;6;14;17;11;33;50;33;27;25;40;34;9;717
210620;206;2;0;0;0;0;0;0;0;0;0;0;0;208
210630;287;21;4;13;7;8;8;9;5;204;15;15;2;598
210632;351;12;5;4;6;1;0;2;17;14;10;3;6;431
210635;75;0;0;0;0;0;0;0;0;0;0;0;0;75
210637;382;0;1;6;12;10;2;0;0;1;0;0;0;414
210640;508;8;4;3;2;5;29;15;15;7;6;0;5;607
210650;830;26;3;71;2;4;6;12;4;4;14;1;2;979
210660;995;6;30;45;25;12;30;3;87;26;8;17;12;1296
210663;110;1;0;2;0;0;1;1;0;0;1;0;0;116
210667;190;0;0;2;1;0;7;14;7;2;2;2;0;227
210670;373;6;6;21;3;4;4;9;7;24;11;8;2;478
210675;648;31;13;12;29;9;10;5;3;5;6;3;4;778
210680;289;2;2;3;5;4;0;1;2;1;0;0;0;309
210690;350;5;11;6;3;6;4;3;1;3;1;1;5;399
210700;240;1;2;0;1;1;1;1;1;5;2;1;2;258
210710;398;0;0;2;0;4;3;0;3;4;12;1;0;427
210720;210;0;0;0;1;1;0;0;0;0;0;0;0;212
210725;233;0;3;2;0;1;0;3;1;9;0;0;2;254
210730;105;3;6;2;1;3;6;8;3;1;2;2;0;142
210735;28;0;2;0;1;0;2;1;0;4;2;0;2;42
210740;585;0;4;3;2;7;1;1;10;6;10;1;1;631
210745;324;0;2;0;1;1;0;2;39;0;9;0;0;378
210750;3399;108;203;237;86;94;192;279;291;204;184;120;87;5484
210760;354;0;1;2;0;0;0;0;0;0;0;0;0;357
210770;559;2;15;0;8;1;53;1;10;4;4;1;1;659
210780;1843;84;39;30;24;43;64;43;81;61;50;17;8;2387
210790;287;9;2;0;2;0;4;1;14;4;4;0;1;328
210800;389;9;10;7;6;7;3;1;16;5;6;2;5;466
210805;165;6;5;48;2;3;1;0;1;3;3;0;0;237
210810;432;7;2;1;20;24;4;2;5;4;0;5;1;507
210820;2726;72;49;45;75;61;73;56;85;46;62;78;38;3466
210825;4;0;0;0;2;3;0;0;0;0;1;0;0;10
210830;645;16;1;2;1;4;1;2;0;3;1;0;0;676
210840;204;0;0;0;0;0;1;0;0;0;0;0;0;205
210845;168;17;10;3;17;12;9;1;7;36;22;31;5;338
210850;1132;23;18;34;71;31;32;20;35;18;27;14;4;1459
210860;2650;160;49;74;41;43;52;66;52;55;63;65;16;3386
210870;1047;6;1;1;12;30;8;13;25;7;15;18;4;1187
210880;434;27;4;84;25;15;6;7;11;8;15;5;3;644
210890;958;11;3;3;8;7;28;18;4;6;7;3;2;1058
210900;1201;86;100;186;130;59;81;74;85;56;70;66;26;2220
210905;161;0;1;9;1;0;0;0;0;0;1;7;0;180
210910;2135;39;48;66;50;46;42;47;28;59;103;63;65;2791
210920;285;28;0;0;1;0;0;0;0;0;0;0;0;314
210923;161;1;0;177;8;0;1;4;23;2;1;0;0;378
210927;471;1;0;0;0;0;1;0;0;1;0;0;0;474
210930;233;1;0;0;0;1;0;0;0;3;2;0;0;240
210940;288;2;1;0;0;0;3;1;0;0;0;0;0;295
210945;512;22;19;53;12;22;26;56;42;21;26;16;27;854
210950;878;47;42;45;9;59;53;50;52;50;86;60;8;1439
210955;340;29;4;7;10;6;2;10;11;9;1;9;0;438
210960;1567;39;30;13;29;17;48;41;28;29;58;34;23;1956
210970;286;4;35;71;5;5;17;8;4;17;9;23;2;486
210975;93;0;1;0;0;2;2;1;0;0;0;0;0;99
210980;961;30;10;14;42;23;12;12;5;119;57;58;27;1370
210990;6319;187;127;142;168;204;231;174;207;418;489;313;216;9195
211000;1840;19;28;102;47;32;30;85;247;279;63;84;34;2890
211003;625;5;6;10;11;11;0;5;1;14;5;8;1;702
211010;279;13;7;3;5;13;0;2;5;0;0;0;13;340
211020;592;4;3;5;48;7;5;3;9;5;10;3;3;697
211023;146;2;26;0;0;1;3;0;0;0;0;0;0;178
211027;203;2;0;0;0;0;0;0;0;0;0;0;0;205
211030;651;44;1;4;1;4;1;6;0;1;0;0;2;715
211040;307;1;0;0;2;0;1;0;0;0;3;2;1;317
211050;649;9;2;2;0;8;3;2;2;4;3;4;4;692
211060;887;19;4;12;7;7;6;7;4;16;7;1;7;984
211065;117;1;13;12;0;2;5;0;1;8;1;1;0;161
211070;328;117;4;138;6;1;3;1;2;1;1;4;2;608
211080;139;1;2;1;1;5;1;6;2;13;2;3;0;176
211085;327;7;2;18;5;12;0;9;3;2;12;11;3;411
211090;394;3;0;2;3;0;2;15;2;10;1;2;0;434
211100;298;0;2;1;0;1;0;1;0;0;3;0;0;306
211102;7;1;0;0;1;0;0;0;0;0;0;1;0;10
211105;497;17;35;30;42;19;9;3;15;13;6;26;17;729
211107;392;0;2;3;2;0;0;0;1;1;0;0;0;401
211110;954;30;31;10;12;18;13;83;30;25;24;12;14;1256
211120;6100;443;375;630;197;289;271;202;235;265;293;313;277;9890
211125;176;0;0;0;0;0;0;0;0;0;0;0;0;176
211130;209535;13817;7261;7060;6946;7208;7925;7904;8544;7755;7196;7842;5731;304724
211140;655;1;4;1;1;2;4;6;1;3;3;3;2;686
211150;918;28;8;36;45;70;32;18;18;10;17;23;8;1231
211153;103;19;37;21;10;25;14;39;25;17;4;3;2;319
211157;175;15;2;16;2;2;1;13;21;1;1;1;2;252
211160;1957;78;785;378;579;267;82;97;169;39;100;31;11;4573
211163;286;0;0;0;0;0;0;0;0;0;0;0;0;286
211167;111;1;0;0;0;0;0;0;0;0;0;0;0;112
211170;440;4;0;0;1;0;0;4;1;2;1;0;0;453
211172;123;10;1;0;0;0;0;0;0;1;0;3;1;139
211174;113;81;5;0;178;10;9;8;25;10;3;1;1;444
211176;677;5;1;4;3;8;3;0;3;6;6;12;7;735
211178;241;0;1;0;0;0;0;1;0;0;0;0;0;243
211180;550;101;5;92;50;6;20;1;140;50;22;24;12;1073
211190;248;37;0;0;0;0;0;0;0;3;1;3;0;292
211195;77;6;2;6;0;4;0;2;0;3;3;3;0;106
211200;447;37;126;184;33;49;81;76;33;90;116;123;16;1411
211210;560;5;3;2;0;6;3;1;4;2;2;1;3;592
211220;9087;224;303;355;238;219;270;194;225;317;202;284;123;12041
211223;639;6;15;5;8;9;8;14;95;6;8;24;5;842
211227;108;0;0;0;0;0;0;1;0;0;1;0;0;110
211230;691;20;22;18;10;7;21;17;20;9;8;17;4;864
211240;722;2;9;8;4;0;2;6;0;5;1;0;1;760
211245;179;59;4;17;79;8;2;1;1;2;4;0;0;356
211250;3971;15;5;391;22;27;16;12;11;10;16;7;2;4505
211260;709;69;83;67;94;26;13;51;45;23;29;34;80;1323
211270;1255;16;11;6;10;11;8;7;43;10;9;7;4;1397
211280;1207;21;14;8;14;54;12;7;16;13;25;15;9;1415
211285;690;15;23;47;13;33;31;36;26;36;3;94;29;1076
211290;1175;21;9;9;17;8;8;9;38;21;19;13;4;1351
211300;1043;7;2;4;2;4;7;4;4;5;15;12;2;1111
211400;1214;128;26;12;424;55;39;18;25;74;82;31;12;2140
219999;0;0;0;0;0;0;0;0;0;0;0;0;0;0
220005;192;0;0;0;1;0;13;7;1;0;0;3;0;217
220010;115;0;0;0;0;0;0;1;0;0;0;0;0;116
220020;679;31;8;17;12;7;28;22;11;20;14;26;3;878
220025;141;0;0;0;0;15;0;0;0;0;0;0;0;156
220027;136;1;0;0;0;1;0;0;1;0;0;1;0;140
220030;376;11;14;2;4;8;13;13;15;16;6;10;8;496
220040;1550;44;23;12;22;41;43;51;52;32;51;50;35;2006
220045;423;5;4;19;14;5;0;4;5;2;3;5;19;508
220050;632;14;6;8;9;3;1;4;3;1;1;11;6;699
220060;235;2;0;0;2;3;2;5;0;2;3;0;2;256
220070;132;0;0;1;0;3;4;1;1;3;4;8;2;159
220080;223;12;2;10;11;32;35;4;11;21;7;15;1;384
220090;359;0;5;2;1;3;0;2;0;2;0;8;0;382
220095;26;4;0;5;5;0;0;0;0;0;0;0;0;40
220100;143;7;0;1;3;2;0;0;0;0;8;3;1;168
220105;45;0;0;0;0;0;0;0;0;0;0;0;0;45
220110;320;16;0;3;6;0;3;1;0;0;21;0;0;370
220115;447;18;30;46;59;26;32;42;39;44;74;80;26;963
220117;119;0;0;0;0;0;1;0;0;1;0;3;0;124
220120;1566;24;32;20;15;57;42;13;12;47;10;14;10;1862
220130;115;0;0;0;0;0;2;0;0;0;0;0;0;117
220140;323;3;1;0;2;0;16;3;2;0;0;1;6;357
220150;771;8;5;1;3;2;10;27;11;8;8;1;7;862
220155;137;6;0;8;1;0;0;9;0;0;2;0;0;163
220157;32;0;0;0;0;0;0;0;0;0;0;0;0;32
220160;299;2;0;1;1;1;1;0;1;0;5;1;0;312
220170;280;17;2;4;10;2;2;13;1;1;5;4;0;341
220173;159;1;0;0;0;0;0;0;0;36;2;1;0;199
220177;179;0;0;1;0;0;0;0;0;0;0;2;0;182
220180;105;17;0;0;0;0;0;0;0;0;0;0;0;122
220190;1040;18;60;61;19;14;30;61;56;35;63;33;26;1516
220191;291;0;0;0;0;0;0;0;0;0;0;0;0;291
220192;119;1;1;0;0;0;0;0;0;2;0;0;0;123
220194;180;0;0;0;0;0;0;0;1;0;0;0;1;182
220196;155;1;6;3;19;7;8;2;2;1;2;1;1;208
220198;153;0;0;0;0;0;0;0;0;0;0;0;0;153
220200;535;1;2;9;0;1;36;39;7;3;7;12;1;653
220202;212;1;2;0;5;1;20;0;0;3;5;1;0;250
220205;295;3;8;3;1;1;3;0;1;7;0;0;13;335
220207;124;2;0;3;0;2;0;0;0;0;0;0;2;133
220208;424;4;0;9;1;0;3;0;10;0;0;9;17;477
220209;110;0;0;0;0;0;0;1;0;0;1;0;0;112
220210;208;0;1;1;0;0;0;0;0;1;0;1;0;212
220211;128;1;0;0;0;0;1;0;0;0;2;0;0;132
220213;183;0;0;0;0;1;0;20;4;0;6;4;0;218
220217;141;0;1;0;0;1;0;1;1;0;0;0;0;145
220220;2680;66;65;45;40;75;65;75;112;96;58;81;37;3495
220225;68;0;0;1;0;0;0;0;0;0;0;0;0;69
220230;889;79;15;130;66;146;87;17;57;36;32;155;143;1852
220240;132;0;0;1;0;0;1;4;0;4;2;0;0;144
220245;133;0;0;0;0;0;0;0;1;1;0;1;0;136
220250;107;0;0;0;3;1;0;0;1;1;3;2;1;119
220253;157;0;0;0;0;1;0;0;0;0;0;0;0;158
220255;230;2;0;7;1;1;2;0;8;2;1;0;1;255
220260;910;8;14;14;41;6;8;70;140;13;18;7;9;1258
220265;164;0;0;0;0;0;0;0;0;0;6;4;0;174
220270;616;0;5;1;2;8;2;3;1;5;1;0;1;645
220271;251;7;2;0;3;1;0;2;1;0;0;1;0;268
220272;220;0;0;0;1;0;1;0;0;0;0;0;0;222
220273;120;8;0;0;1;0;0;0;0;0;0;0;0;129
220275;181;3;0;1;0;1;1;4;2;0;8;0;0;201
220277;220;2;2;1;2;1;2;1;2;0;3;0;0;236
220280;119;0;0;0;0;0;0;0;6;0;1;0;0;126
220285;186;0;7;0;0;3;1;0;4;15;1;8;0;225
220290;1298;13;25;22;21;31;17;16;16;28;29;16;10;1542
220300;89;2;0;0;4;0;0;0;2;0;0;0;0;97
220310;316;1;2;2;6;9;4;3;11;3;11;4;1;373
220320;457;2;91;4;4;10;5;4;7;2;4;3;2;595
220323;163;22;4;22;1;0;1;1;0;1;4;1;2;222
220325;65;0;0;0;1;0;0;0;0;0;0;0;0;66
220327;118;0;0;0;0;0;0;0;0;0;0;1;0;119
220330;305;4;3;1;1;2;0;5;0;2;1;2;0;326
220335;234;0;4;0;0;0;0;0;15;4;0;1;0;258
220340;249;2;0;0;0;1;0;0;1;4;2;0;1;260
220342;156;0;0;11;0;0;2;0;0;0;0;1;0;170
220345;209;2;4;1;1;0;0;0;3;5;2;1;0;228
220350;400;6;3;8;1;1;3;5;1;13;5;3;5;454
220360;146;2;0;0;3;1;2;0;0;1;1;0;0;156
220370;1591;15;12;14;11;13;17;16;15;19;8;18;22;1771
220375;124;0;0;0;0;0;0;0;0;0;0;0;0;124
220380;183;0;5;6;0;0;0;0;0;0;0;0;0;194
220385;148;0;0;0;1;0;0;0;0;1;0;0;0;150
220390;4760;152;382;346;250;396;183;201;345;270;149;170;143;7747
220400;204;1;1;0;0;1;0;0;0;0;0;0;0;207
220410;150;39;29;30;3;4;11;5;3;4;5;9;6;298
220415;53;0;0;0;0;0;0;0;13;0;20;0;0;86
220420;209;1;0;0;0;2;0;1;1;0;0;0;0;214
220430;932;8;28;26;15;11;22;28;9;22;30;13;9;1153
220435;125;1;0;0;0;0;1;0;1;1;0;0;0;129
220440;426;7;3;10;2;3;10;6;8;6;27;10;3;521
220450;560;15;16;15;9;3;7;25;18;30;41;17;15;771
220455;42;0;0;0;0;0;0;0;0;0;0;0;0;42
220460;180;0;0;0;0;0;0;0;1;0;0;0;0;181
220465;338;8;18;12;5;1;1;1;0;2;0;1;2;389
220470;409;3;1;1;1;1;0;0;3;3;2;2;0;426
220480;299;2;1;0;0;0;0;1;2;4;0;1;1;311
220490;215;3;1;0;0;0;0;0;0;0;0;2;0;221
220500;286;1;0;0;0;3;0;4;15;0;0;4;1;314
220510;280;2;7;3;5;2;1;11;2;6;1;3;3;326
220515;206;1;0;0;0;0;0;0;0;0;0;0;0;207
220520;489;2;0;2;3;6;2;2;4;1;21;24;2;558
220525;160;0;0;1;0;0;2;5;11;0;0;1;0;180
220527;139;0;0;0;0;0;0;0;0;0;0;0;0;139
220530;159;80;23;5;38;17;27;8;17;24;41;14;15;468
220535;109;0;0;1;0;0;1;0;0;1;0;0;0;112
220540;240;0;2;1;7;0;1;0;1;0;2;2;1;257
220545;134;0;2;0;0;0;0;0;0;0;6;0;0;142
220550;1432;25;13;23;6;10;15;67;16;6;20;6;7;1646
220551;141;1;0;37;0;3;15;2;4;4;0;10;1;218
220552;179;2;1;0;1;3;0;0;1;0;0;0;2;189
220553;153;1;0;0;0;0;4;5;0;0;1;1;3;168
220554;81;0;0;2;1;0;0;0;0;1;0;0;0;85
220555;204;1;0;0;0;0;0;0;1;1;1;0;0;208
220556;180;2;4;3;0;0;1;2;2;2;1;0;0;197
220557;277;2;0;0;3;0;0;0;1;0;1;1;0;285
220558;763;36;7;5;8;10;10;3;3;9;9;4;32;899
220559;186;0;1;0;0;0;0;3;6;0;0;0;0;196
220560;217;1;18;8;7;6;3;2;3;27;9;33;12;346
220570;1787;31;16;16;18;18;11;21;42;27;24;23;41;2075
220580;824;6;4;22;5;1;6;6;2;7;5;4;4;896
220585;286;2;0;16;3;0;4;0;6;0;0;6;1;324
220590;267;13;2;10;5;6;25;5;3;2;2;16;1;357
220595;208;0;0;0;0;0;5;0;1;1;5;1;0;221
220600;158;0;5;0;1;0;0;0;0;0;0;0;0;164
220605;167;0;0;0;0;0;0;0;1;0;0;0;0;168
220610;259;0;3;0;0;0;1;2;0;0;0;0;2;267
220620;679;11;3;8;1;3;13;142;73;15;34;39;2;1023
220630;89;0;2;0;0;0;0;1;0;1;0;0;0;93
220635;180;6;0;1;0;5;0;0;0;5;0;0;0;197
220640;419;14;1;5;3;3;1;11;7;8;3;3;1;479
220650;167;0;0;1;6;1;20;0;0;7;4;1;1;208
220660;322;7;2;4;2;0;9;6;3;2;11;14;1;383
220665;115;0;0;0;0;0;0;0;0;0;0;0;0;115
220667;199;2;0;0;3;0;0;0;1;0;0;0;0;205
220669;230;3;2;0;0;0;1;0;0;0;0;0;0;236
220670;128;3;0;0;3;3;1;0;34;0;1;0;0;173
220672;0;0;0;0;0;0;0;0;0;0;0;0;0;0
220675;141;0;1;0;0;1;0;0;0;0;0;0;0;143
220680;185;0;0;0;0;0;2;0;0;1;0;0;0;188
220690;231;0;0;9;0;0;1;0;2;0;0;0;0;243
220695;132;0;0;0;0;0;0;0;1;0;0;0;0;133
220700;1703;30;26;35;51;27;38;30;24;37;77;42;16;2136
220710;72;0;0;0;1;2;0;0;0;0;0;0;0;75
220720;140;0;0;3;1;2;1;1;0;1;0;0;1;150
220730;150;0;0;0;0;0;0;0;0;2;0;0;0;152
220735;76;0;1;0;0;0;0;0;0;0;0;0;0;77
220740;84;0;3;2;1;2;1;1;1;7;18;4;3;127
220750;469;24;5;19;0;1;0;1;0;0;2;0;5;526
220755;79;0;0;0;0;0;0;0;0;0;0;0;0;79
220760;382;33;18;8;13;4;0;2;2;2;0;0;0;464
220770;11344;387;330;465;373;455;633;465;447;445;395;524;360;16623
220775;112;0;0;0;0;0;3;2;0;0;0;0;0;117
220777;283;0;0;2;0;18;10;4;1;1;1;1;0;321
220779;91;0;0;0;0;0;0;1;0;0;0;0;0;92
220780;714;4;12;28;6;10;3;10;6;14;15;12;7;841
220785;131;0;0;0;17;4;1;2;4;0;0;0;0;159
220790;1321;23;56;12;32;32;28;13;25;28;11;14;5;1600
220793;109;0;0;0;1;0;0;0;0;0;0;1;0;111
220795;153;3;0;8;7;0;1;0;0;1;0;0;0;173
220800;6422;240;203;235;207;295;233;198;566;299;281;379;234;9792
220810;376;0;3;5;2;2;1;2;2;17;2;0;4;416
220820;769;1;0;0;1;6;5;26;5;2;43;17;3;878
220830;795;11;37;15;11;18;24;40;17;14;20;30;9;1041
220840;3465;93;59;59;60;60;86;81;96;75;78;91;33;4336
220850;337;1;2;0;1;1;5;6;0;1;1;1;0;356
220855;154;11;5;9;0;0;0;0;0;18;5;5;0;207
220860;94;1;7;0;2;0;0;0;0;0;0;0;0;104
220865;118;0;1;1;1;2;2;0;0;1;1;2;1;130
220870;429;125;58;8;27;0;2;2;1;1;1;0;3;657
220880;662;50;22;31;10;5;16;18;41;12;49;22;9;947
220885;149;0;7;0;0;0;0;0;0;0;0;0;0;156
220887;106;0;0;0;0;0;0;0;0;0;0;0;0;106
220890;316;19;41;81;13;23;8;26;60;119;32;47;96;881
220900;265;2;1;1;0;0;0;5;1;0;1;4;1;281
220910;207;1;0;1;0;2;1;3;1;1;1;0;0;218
220915;186;1;5;1;0;0;1;0;0;0;1;0;0;195
220920;79;4;6;6;5;1;2;12;3;4;8;10;1;141
220930;224;1;0;0;0;0;0;1;0;2;7;3;4;242
220935;131;0;0;1;0;0;0;0;0;0;0;0;0;132
220937;149;1;5;1;2;4;0;0;1;1;0;2;0;166
220940;169;0;0;13;0;0;0;0;27;1;0;2;4;216
220945;57;0;0;0;0;0;0;0;6;0;0;0;0;63
220950;152;0;0;0;0;0;0;0;0;0;0;0;0;152
220955;135;0;0;1;1;0;0;0;0;0;0;0;1;138
220960;151;0;1;0;0;0;0;0;0;0;0;0;0;152
220965;185;2;1;1;0;0;0;0;1;0;0;1;0;191
220970;152;0;0;0;0;0;0;0;0;0;0;0;0;152
220975;134;0;0;1;0;0;0;0;0;3;0;1;0;139
220980;155;1;0;1;0;0;0;7;0;3;0;0;0;167
220985;124;0;0;0;0;0;0;0;0;0;0;1;0;125
220987;225;2;1;0;2;0;0;0;0;0;0;0;0;230
220990;96;0;0;0;0;2;0;0;0;0;0;0;0;98
220995;165;0;0;0;2;0;0;0;0;0;0;0;0;167
220997;203;1;0;0;0;0;0;0;1;23;0;0;0;228
221000;737;32;34;10;19;20;12;21;21;31;30;18;2;987
221005;199;0;10;0;14;5;8;0;2;2;0;1;0;241
221010;155;0;2;6;1;1;1;0;9;15;9;1;1;201
221020;249;2;1;0;1;1;0;0;1;1;0;0;0;256
221030;207;0;3;2;0;0;0;0;0;1;0;1;1;215
221035;1;0;0;0;0;1;1;0;0;1;0;0;1;5
221037;87;1;0;0;0;1;0;0;0;0;0;0;0;89
221038;81;0;0;0;11;0;0;0;0;3;0;0;0;95
221039;105;0;5;0;0;0;1;0;1;0;0;0;0;112
221040;390;5;1;3;2;1;3;0;5;4;1;0;0;415
221050;645;4;2;1;10;2;3;24;5;12;2;14;0;724
221060;1822;40;67;28;45;57;55;38;22;24;44;42;19;2303
221062;2;0;0;0;0;0;0;0;0;0;0;0;0;2
221063;208;4;27;52;0;7;15;0;29;1;12;20;6;381
221065;324;1;0;0;0;2;3;0;0;0;0;0;0;330
221070;382;1;2;1;1;0;0;2;1;1;1;0;1;393
221080;278;7;1;5;1;8;1;5;6;3;5;0;4;324
221090;195;0;0;0;0;0;0;0;11;1;0;1;0;208
221093;181;0;0;0;0;1;0;0;21;0;2;23;0;228
221095;105;0;0;2;4;5;0;0;0;2;1;0;0;119
221097;131;1;0;0;0;0;2;0;4;1;0;0;1;140
221100;180275;8776;4682;4864;4602;5233;4634;4819;5698;6181;5411;4928;3475;243578
221110;3171;30;17;24;571;757;685;257;139;72;161;35;13;5932
221120;1715;151;135;175;150;66;74;47;104;105;227;218;100;3267
221130;1111;30;21;19;18;68;24;19;33;78;42;14;13;1490
221135;72;0;0;0;0;0;0;0;0;0;0;0;0;72
221140;114;9;7;2;2;2;1;0;1;1;0;1;0;140
221150;121;0;0;0;0;0;0;0;0;0;0;0;0;121
221160;114;0;0;2;1;0;0;1;0;0;0;0;0;118
221170;167;1;13;11;7;0;0;0;5;1;0;2;0;207
229999;0;0;0;0;0;0;0;0;0;0;0;0;0;0
230010;413;11;295;0;0;0;1;2;0;1;0;1;0;724
230015;1016;22;22;23;52;58;46;14;158;63;35;16;20;1545
230020;2902;18;88;138;51;73;24;22;35;18;13;59;15;3456
230030;1889;28;38;31;15;19;16;36;17;12;19;31;7;2158
230040;379;4;0;2;0;0;0;1;1;1;3;0;0;391
230050;557;6;50;9;22;4;3;2;5;2;1;2;1;664
230060;259;49;67;12;0;5;3;3;6;3;2;2;8;419
230070;651;18;5;5;9;13;8;5;10;10;28;9;8;779
230075;2032;38;23;113;21;68;13;23;61;17;10;13;6;2438
230080;459;1;0;2;4;3;1;1;1;0;3;1;2;478
230090;614;6;6;1;4;2;2;0;5;1;3;5;4;653
230100;10387;507;269;727;448;413;432;356;567;645;329;382;399;15861
230110;6976;262;128;132;124;301;281;245;467;548;473;366;147;10450
230120;1248;24;28;76;19;19;29;13;17;18;10;10;11;1522
230125;559;7;11;11;1;1;3;0;0;0;2;2;2;599
230130;836;20;2;8;5;10;0;3;14;0;4;14;3;919
230140;502;84;199;49;13;59;11;2;8;5;10;5;1;948
230150;471;0;0;0;0;0;0;0;0;0;0;0;0;471
230160;954;3;9;14;7;3;34;10;23;20;61;12;10;1160
230170;1715;26;41;19;27;31;21;13;40;21;12;11;6;1983
230180;399;2;0;0;0;0;0;1;0;1;3;0;0;406
230185;711;95;108;18;12;5;52;0;7;7;7;11;1;1034
230190;5256;246;187;223;147;202;200;145;223;267;295;200;119;7710
230195;832;92;92;46;47;40;44;126;152;46;38;35;21;1611
230200;900;25;2;12;14;10;16;12;23;31;12;12;9;1078
230205;749;6;65;1;5;3;116;17;98;18;7;5;1;1091
230210;1902;46;64;43;24;63;36;38;47;34;22;94;24;2437
230220;3835;136;138;151;77;73;96;92;133;128;525;307;80;5771
230230;1162;29;27;15;5;123;58;33;24;20;31;9;16;1552
230240;2087;345;302;46;20;60;8;18;145;215;37;39;19;3341
230250;2380;42;43;133;64;37;31;30;29;54;53;38;47;2981
230260;4210;453;932;219;163;118;168;80;444;234;141;192;78;7432
230270;1542;15;103;30;12;28;14;17;11;16;24;13;3;1828
230280;4218;90;126;111;96;140;48;106;60;43;89;79;88;5294
230290;531;21;71;3;72;9;10;2;12;3;2;2;108;846
230300;854;9;16;24;13;23;33;25;6;0;2;27;5;1037
230310;684;1;0;2;0;0;0;2;3;2;4;0;1;699
230320;1181;32;61;90;16;5;24;11;36;12;4;16;4;1492
230330;891;17;19;2;6;7;2;8;6;10;11;7;3;989
230340;574;19;2;1;0;9;4;10;1;1;30;22;0;673
230350;6010;346;334;128;145;269;137;356;214;158;261;214;73;8645
230360;512;28;4;2;3;10;0;2;12;5;4;2;0;584
230365;465;1;1;18;0;3;0;1;2;2;2;1;0;496
230370;18091;646;605;1443;709;651;605;607;1306;809;759;748;574;27553
230380;941;23;10;3;4;6;6;5;8;61;14;8;3;1092
230390;1372;24;10;8;6;14;6;155;44;20;22;69;11;1761
230393;348;1;1;0;3;0;0;0;0;0;0;0;0;353
230395;1619;69;110;27;18;57;41;22;34;61;15;269;39;2381
230400;1039;8;68;10;33;10;4;11;25;17;27;10;17;1279
230410;4712;90;66;70;141;118;55;109;135;205;123;161;61;6046
230420;11911;398;386;277;329;368;408;605;734;328;385;326;289;16744
230423;365;4;3;3;1;0;10;12;19;14;11;13;5;460
230425;928;21;112;12;24;6;19;17;12;5;15;32;0;1203
230426;412;13;25;31;22;2;4;3;86;7;10;1;2;618
230427;466;9;8;11;2;1;2;1;3;19;0;5;0;527
230428;23401;1053;1120;952;1293;999;1417;1131;1862;1180;1168;984;904;37464
230430;954;58;66;11;16;6;15;20;29;21;27;10;19;1252
230435;1544;35;90;79;56;29;32;59;33;23;10;18;22;2030
230440;519649;21171;21438;19428;18755;21342;21409;20196;21744;21180;23815;22957;17111;770195
230445;757;65;69;21;11;36;54;40;104;15;33;20;1;1226
230450;931;9;3;8;3;7;5;2;2;7;9;2;15;1003
230460;691;97;47;20;11;14;4;7;113;18;14;7;3;1046
230465;892;4;2;1;5;3;3;1;2;7;4;1;3;928
230470;533;1836;13;4;3;7;5;18;10;20;16;6;8;2479
230480;184;0;0;0;0;0;0;0;0;0;0;0;0;184
230490;399;3;9;5;2;0;7;11;8;2;6;1;2;455
230495;1424;46;75;40;54;32;47;23;71;55;61;29;26;1983
230500;1422;10;2;12;25;65;21;16;18;38;28;11;20;1688
230510;364;3;44;26;27;18;31;22;20;5;4;9;9;582
230520;992;17;15;13;15;4;4;11;13;8;13;8;2;1115
230523;13251;112;184;720;456;367;432;469;595;544;626;338;217;18311
230526;492;244;13;8;125;13;32;51;5;4;5;4;1;997
230530;883;18;57;6;13;19;22;35;30;8;31;8;1;1131
230533;591;114;201;75;28;14;12;1;7;11;12;9;11;1086
230535;2567;7;5;5;23;19;271;150;714;102;64;33;89;4049
230540;3368;74;453;38;59;39;69;26;93;81;53;41;26;4420
230550;8962;966;594;590;424;272;342;228;320;290;268;304;150;13710
230560;1203;33;52;61;62;49;17;12;11;20;7;15;14;1556
230565;499;4;31;19;10;0;2;2;5;11;0;1;5;589
230570;608;30;5;4;1;4;4;7;7;5;3;4;2;684
230580;1427;21;23;34;41;15;47;24;23;23;13;38;7;1736
230590;1502;294;17;674;59;45;16;20;76;20;29;21;6;2779
230600;730;2;26;19;14;10;9;2;19;10;11;8;5;865
230610;903;25;45;16;10;8;9;20;112;19;12;48;8;1235
230620;746;10;6;4;3;7;5;13;6;4;1;5;4;814
230625;1889;185;129;68;74;55;78;93;138;185;134;120;176;3324
230630;2017;1939;43;29;56;164;93;110;165;87;41;161;110;5015
230640;8103;112;415;177;196;169;171;134;126;156;212;103;78;10152
230650;514;16;63;79;15;16;26;6;19;13;33;9;2;811
230655;2088;43;33;91;27;12;9;39;22;24;22;335;11;2756
230660;676;5;4;3;3;2;1;2;0;1;0;0;0;697
230670;876;15;4;8;1;3;0;3;5;3;0;9;34;961
230680;471;7;1;3;6;4;2;19;63;5;79;12;1;673
230690;1891;98;180;58;61;28;66;234;51;49;54;38;12;2820
230700;2456;60;47;360;79;25;39;34;85;93;35;58;36;3407
230710;1387;9;29;38;23;12;7;3;6;7;5;10;30;1566
230720;591;5;0;3;2;1;2;1;0;2;0;1;0;608
230725;1043;39;46;28;18;22;26;61;40;32;14;22;9;1400
230730;25222;1400;1324;1089;1156;1229;1046;1181;1517;1433;1651;1356;1002;40606
230740;1126;47;23;17;50;18;7;31;19;20;14;13;5;1390
230750;1133;7;7;20;14;2;10;9;5;11;21;8;5;1252
230760;5586;514;454;210;574;196;138;211;265;249;194;188;234;9013
230763;868;7;107;45;26;27;40;15;15;5;10;4;13;1182
230765;33112;1413;1037;1183;1320;1194;1234;1241;1547;1491;1709;1370;1034;48885
230770;10034;534;526;510;328;346;172;328;595;429;387;268;175;14632
230780;1564;62;10;25;57;162;8;143;92;51;21;76;15;2286
230790;732;19;1;1;1;1;0;1;1;0;1;1;0;759
230800;1610;16;50;35;6;57;5;7;52;12;12;22;11;1895
230810;1459;12;23;249;90;23;7;7;5;13;17;17;4;1926
230820;614;74;15;16;9;16;17;16;10;4;6;7;3;807
230830;1831;83;61;56;50;76;39;44;49;65;27;50;33;2464
230835;436;4;61;4;3;14;7;0;59;113;9;0;1;711
230837;567;2;8;2;2;3;1;0;1;1;2;0;0;589
230840;1420;68;66;52;9;82;69;60;50;34;61;59;32;2062
230850;1806;58;163;41;12;30;26;9;16;16;23;28;7;2235
230860;907;13;1;4;7;2;4;6;6;10;5;2;29;996
230870;4094;93;287;90;275;132;204;314;454;200;216;151;214;6724
230880;477;2;17;3;3;2;3;0;1;1;1;3;0;513
230890;891;37;18;7;4;5;3;7;5;5;2;4;2;990
230900;733;5;58;1;2;1;3;2;2;0;1;2;0;810
230910;513;8;63;18;15;3;5;1;52;11;6;9;5;709
230920;1122;53;75;31;38;22;10;41;30;30;30;36;13;1531
230930;1332;21;33;241;10;13;20;19;9;222;10;21;7;1958
230940;1078;43;33;29;38;54;22;20;45;8;41;29;8;1448
230945;1828;19;33;21;32;25;14;7;14;12;16;9;9;2039
230950;958;7;9;7;4;4;6;6;5;7;4;2;3;1022
230960;6473;184;178;128;275;201;147;223;145;178;184;143;126;8585
230970;5456;140;148;119;155;288;271;117;241;107;249;290;72;7653
230980;543;8;26;58;6;13;16;3;38;13;16;13;9;762
230990;488;2;8;40;14;5;1;3;1;1;3;0;1;567
231000;541;1;2;0;1;4;2;6;3;6;1;4;18;589
231010;513;8;2;6;1;7;6;19;14;1;7;3;0;587
231020;2823;86;81;57;127;47;39;45;56;59;17;36;35;3508
231025;2302;85;63;87;90;57;143;40;531;109;39;71;55;3672
231030;476;4;3;3;2;1;0;1;0;0;4;0;1;495
231040;693;6;3;4;13;51;0;3;2;2;1;0;2;780
231050;1650;60;142;30;20;26;8;24;126;13;24;4;15;2142
231060;452;8;3;3;1;11;1;1;4;3;20;7;2;516
231070;1928;41;22;24;15;33;30;24;43;25;13;17;28;2243
231080;682;5;18;3;4;5;2;1;16;3;0;5;2;746
231085;1109;72;105;52;55;30;15;26;109;20;77;12;15;1697
231090;460;6;0;1;2;4;2;1;0;7;4;0;0;487
231095;422;7;2;11;7;11;11;7;11;3;6;4;3;505
231100;549;31;67;1;1;2;1;0;13;2;1;9;1;678
231110;626;22;4;331;68;29;11;3;16;23;12;27;0;1172
231120;627;9;7;5;3;3;4;1;2;2;3;2;19;687
231123;352;1;6;0;6;1;2;1;1;5;1;1;1;378
231126;732;59;16;0;27;2;1;7;3;12;3;0;39;901
231130;4808;512;452;161;141;162;182;376;437;178;171;152;109;7841
231135;865;4;8;10;7;8;9;3;13;7;4;15;1;954
231140;3175;162;83;78;67;69;82;176;133;99;83;143;139;4489
231150;4737;159;61;43;145;300;662;553;1381;579;227;158;71;9076
231160;1444;46;20;11;14;24;8;19;25;26;14;18;16;1685
231170;964;13;7;10;1;3;7;2;17;5;12;12;1;1054
231180;8844;180;587;280;188;184;325;289;975;550;233;218;220;13073
231190;345;447;26;13;10;5;3;3;9;22;6;14;4;907
231195;813;9;68;68;46;23;8;6;69;19;18;7;1;1155
231200;1317;21;2;21;17;39;12;6;39;8;6;4;20;1512
231210;960;72;57;56;27;14;17;11;120;16;15;13;10;1388
231220;2442;19;55;17;28;14;19;37;34;25;28;14;7;2739
231230;1923;33;64;49;82;40;22;41;59;32;29;24;17;2415
231240;3006;87;71;173;62;47;63;186;144;221;131;183;198;4572
231250;379;37;18;22;12;12;4;4;10;6;2;13;5;524
231260;636;31;143;58;6;11;6;18;17;21;9;2;22;980
231270;1315;40;32;131;29;23;200;80;66;97;137;56;36;2242
231280;561;1;2;0;0;0;0;0;0;0;0;0;0;564
231290;32799;588;1267;547;546;620;505;2016;1897;752;1829;1105;803;45274
231300;846;20;80;17;15;12;11;51;133;33;13;2;1;1234
231310;1495;62;24;26;33;39;35;25;30;26;63;31;30;1919
231320;1129;11;2;28;121;6;14;49;89;27;7;13;9;1505
231325;161;247;0;2;99;1;0;7;8;1;7;0;6;539
231330;3060;42;54;73;50;44;34;50;69;25;27;24;7;3559
231335;618;6;24;1;4;3;2;5;1;2;3;6;1;676
231340;4131;81;84;59;69;81;65;146;120;110;102;79;71;5198
231350;2023;31;46;58;51;38;51;28;38;36;49;62;16;2527
231355;623;8;6;8;5;0;3;1;0;4;1;2;3;664
231360;2010;68;364;46;23;10;34;22;150;154;33;73;239;3226
231370;323;0;0;0;0;0;1;0;1;1;0;0;0;326
231375;668;58;35;28;12;28;3;9;9;16;17;2;7;892
231380;2030;50;175;117;50;68;77;44;41;27;23;32;13;2747
231390;567;5;27;230;30;0;10;4;7;5;7;3;0;895
231395;1156;353;53;88;7;2;61;2;19;4;4;11;4;1764
231400;1923;25;116;51;27;15;10;27;22;40;30;14;20;2320
231410;1643;8;209;338;22;38;6;14;12;9;3;6;6;2314
239999;0;0;0;0;0;0;0;0;0;0;0;0;0;0
240010;823;30;25;53;17;20;20;20;20;19;31;37;18;1133
240020;4005;168;161;147;163;128;106;140;118;142;176;148;89;5691
240030;511;9;5;5;3;3;5;2;2;3;1;3;1;553
240040;231;0;1;0;0;0;0;2;0;1;0;0;0;235
240050;720;26;5;7;2;1;3;1;14;11;2;3;13;808
240060;190;0;0;1;0;0;0;0;0;0;0;2;0;193
240070;3923;249;177;336;279;155;129;67;98;187;148;228;128;6104
240080;568;15;14;23;10;15;7;5;14;13;1;14;1;700
240090;238;0;0;0;0;1;0;1;0;0;0;0;0;240
240100;1772;25;12;24;8;8;33;37;45;31;17;17;15;2044
240110;2734;203;57;114;57;58;108;107;213;134;52;65;76;3978
240120;1562;59;115;15;74;14;1751;1135;137;19;7;9;5;4902
240130;529;3;5;0;7;3;5;3;4;2;2;35;3;601
240140;4170;36;12;31;20;498;127;54;1706;378;331;66;61;7490
240145;2530;29;26;20;119;42;278;556;684;443;123;83;67;5000
240150;193;8;2;0;0;0;0;5;0;0;0;0;1;209
240160;186;5;0;2;0;1;0;62;17;3;1;0;1;278
240165;181;4;47;4;3;3;4;4;1;5;1;0;0;257
240170;342;5;2;4;0;3;1;1;5;4;1;2;0;370
240180;487;34;10;85;28;30;18;31;17;10;6;21;15;792
240185;268;3;3;3;3;2;2;4;4;1;3;2;1;299
240190;195;1;4;17;18;7;5;12;2;4;5;8;9;287
240200;6388;335;223;297;226;250;362;269;238;269;287;297;205;9646
240210;385;462;11;57;20;51;10;7;13;31;9;21;13;1090
240220;1952;69;40;434;127;98;99;66;99;89;130;62;42;3307
240230;809;15;11;8;14;15;7;6;7;15;5;14;14;940
240240;864;29;26;48;40;40;29;28;64;33;45;78;31;1355
240250;1417;88;23;117;33;8;66;19;16;6;16;21;7;1837
240260;4506;511;152;108;127;81;423;126;194;1284;159;108;72;7851
240270;489;5;36;17;2;7;12;34;10;3;1;7;2;625
240280;237;7;12;2;1;0;0;0;0;0;22;0;0;281
240290;263;0;0;0;0;2;0;0;0;0;0;1;0;266
240300;649;31;2;12;15;6;36;6;15;10;41;6;8;837
240310;3943;136;110;121;112;86;127;84;87;97;167;158;106;5334
240320;290;6;7;2;0;1;0;0;1;0;0;2;0;309
240325;19474;1175;905;1089;1002;929;872;887;1034;1034;1054;1023;683;31161
240330;234;2;2;10;4;0;0;0;0;0;0;2;0;254
240340;426;6;8;12;29;21;17;10;10;6;6;5;0;556
240350;388;7;2;14;3;1;1;2;3;9;1;9;0;440
240360;1262;47;34;41;29;32;29;37;55;41;33;64;49;1753
240370;261;0;1;1;0;0;1;1;0;3;3;0;0;271
240375;200;7;9;19;4;6;1;1;8;2;0;0;2;259
240380;289;33;1;3;18;1;2;28;13;8;10;1;1;408
240390;181;1;0;0;0;0;0;0;0;0;0;1;0;183
240400;262;3;1;0;0;2;0;0;0;0;0;0;0;268
240410;373;66;5;2;7;6;2;2;1;3;2;3;0;472
240420;1953;146;74;112;53;52;66;60;103;132;142;67;60;3020
240430;660;13;11;13;7;4;17;12;12;25;24;10;19;827
240440;452;30;6;94;9;5;12;6;4;12;5;7;9;651
240450;2427;66;144;48;20;43;29;50;33;63;85;144;59;3211
240460;571;146;9;103;7;7;11;6;5;56;7;8;3;939
240470;2416;79;144;182;125;51;65;32;167;125;148;44;73;3651
240480;212;2;2;6;1;2;3;0;0;0;1;1;0;230
240485;911;40;28;78;31;25;22;36;48;49;21;16;18;1323
240490;332;2;4;0;0;0;0;1;0;0;1;0;1;341
240500;378;3;1;2;0;3;3;1;2;1;0;0;0;394
240510;508;2;10;8;1;3;3;0;1;4;4;1;0;545
240520;294;7;0;1;3;1;8;5;2;2;2;0;0;325
240530;338;8;0;11;2;2;0;0;0;1;0;0;0;362
240540;271;5;10;1;0;0;0;6;0;2;0;0;2;297
240550;205;0;0;0;0;0;0;0;0;3;2;0;1;211
240560;1468;24;31;24;27;27;53;16;46;24;30;21;11;1802
240570;1173;13;42;55;8;22;37;12;43;34;51;14;35;1539
240580;1562;30;50;31;25;9;18;14;37;37;26;27;12;1878
240590;150;0;0;0;11;0;0;0;1;1;0;0;0;163
240600;292;0;0;0;0;2;1;0;0;1;0;1;0;297
240610;996;69;16;135;74;28;34;13;22;35;27;41;13;1503
240615;185;13;3;21;5;7;2;5;3;1;2;2;1;250
240620;313;1;0;0;0;0;0;0;0;0;0;1;0;315
240630;336;12;0;10;7;1;2;5;2;1;0;1;0;377
240640;204;4;4;5;7;3;2;4;3;24;12;2;3;277
240650;1158;25;76;9;8;9;30;23;12;11;20;13;9;1403
240660;201;4;2;1;0;0;3;0;5;3;2;1;0;222
240670;676;32;11;59;7;49;28;6;26;21;7;9;5;936
240680;267;7;4;0;17;1;1;0;1;1;7;5;0;311
240690;173;18;4;3;1;3;6;1;3;17;2;1;0;232
240700;369;2;1;1;0;4;1;0;0;1;3;2;0;384
240710;8749;285;444;279;244;277;396;268;375;365;377;282;227;12568
240720;3092;108;57;167;75;173;81;130;124;101;138;93;72;4411
240725;136;1;0;0;0;0;0;0;0;0;0;0;0;137
240730;389;8;0;0;0;2;0;0;0;0;0;1;0;400
240740;466;18;10;5;7;7;4;6;4;4;1;3;3;538
240750;4586;796;408;737;343;459;263;734;303;1295;456;277;297;10954
240760;233;1;2;1;0;2;1;10;0;3;0;5;0;258
240770;437;3;4;2;0;3;3;1;5;6;7;15;1;487
240780;1496;62;38;59;21;36;26;39;39;41;17;45;12;1931
240790;197;3;3;2;2;4;1;1;1;3;1;0;0;218
240800;43654;1772;1464;1866;1981;2236;2258;2720;2914;2678;2333;2054;1598;69528
240810;248711;8192;7349;7573;7209;8787;8378;8580;8874;9050;9841;9244;7605;349393
240820;1332;216;39;103;49;48;76;45;49;64;31;40;21;2113
240830;1976;32;39;34;42;21;22;36;64;127;36;29;9;2467
240840;278;1;5;1;0;7;2;9;2;1;5;0;0;311
240850;423;8;0;33;2;0;1;47;12;2;2;3;1;534
240860;214;0;0;0;1;0;0;1;0;0;0;0;0;216
240870;291;13;5;5;5;0;0;2;1;2;5;0;0;329
240880;395;8;0;26;10;2;11;8;85;8;5;2;1;561
240890;2088;139;53;116;86;118;114;125;71;120;74;111;57;3272
240895;552;44;6;51;16;26;3;8;8;10;10;10;5;749
240910;726;44;30;71;57;32;51;56;115;12;62;29;25;1310
240920;246;21;3;3;2;4;1;0;0;5;0;1;2;288
240930;527;8;3;2;0;1;2;2;3;2;1;0;0;551
240933;242;4;3;11;5;5;1;30;16;7;15;4;2;345
240940;1893;45;21;47;65;97;53;38;50;29;38;63;19;2458
240950;240;0;1;13;0;2;1;0;2;0;4;0;0;263
240960;228;18;1;6;0;6;8;0;7;0;2;0;0;276
240970;195;148;13;100;7;10;7;2;2;0;1;0;4;489
240980;771;8;8;11;28;9;3;10;13;12;0;6;1;880
240990;2575;121;121;109;33;22;38;31;21;32;22;58;31;3214
241000;201;8;0;0;1;0;0;0;0;0;1;0;0;211
241010;334;10;26;33;4;6;9;0;1;16;4;1;1;445
241020;363;2;2;1;0;3;0;0;3;4;1;2;10;391
241025;780;13;11;57;57;8;12;28;14;7;16;22;15;1040
241030;406;10;17;16;16;6;2;1;2;9;5;2;2;494
241040;374;43;6;53;13;28;6;1;5;20;11;25;22;607
241050;210;2;1;1;0;3;1;0;0;1;0;0;0;219
241060;122;0;0;48;0;0;0;1;2;0;2;0;0;175
241070;149;8;0;35;2;1;0;0;0;0;0;0;0;195
241080;262;1;12;1;0;0;0;0;0;0;0;0;0;276
241090;383;10;10;2;1;1;4;4;0;2;1;0;1;419
241100;207;0;0;1;7;0;0;0;0;0;1;0;0;216
241105;118;3;2;5;3;4;15;25;14;3;7;7;12;218
241110;291;5;3;0;0;0;0;0;1;2;0;0;0;302
241120;1867;61;35;123;29;46;50;37;46;38;125;34;50;2541
241140;688;56;18;20;2;9;36;23;16;16;5;12;4;905
241142;257;2;6;2;6;1;4;0;1;11;2;0;17;309
241150;956;39;11;28;14;7;11;21;53;17;17;16;5;1195
241160;339;10;3;10;5;5;2;2;5;1;5;1;1;389
241170;202;102;37;58;17;6;1;0;69;4;2;1;0;499
241180;302;5;3;19;11;0;5;3;10;0;4;4;20;386
241190;346;2;2;1;6;2;1;4;1;10;0;5;0;380
241200;8035;205;137;160;162;139;105;160;226;143;297;152;80;10001
241210;358;27;3;2;3;6;3;4;1;3;1;5;2;418
241220;3030;239;91;495;163;138;101;123;130;149;153;124;84;5020
241230;604;20;6;7;7;2;4;2;10;2;2;7;0;673
241240;463;7;4;2;21;3;10;29;19;11;9;5;3;586
241250;843;21;5;3;5;5;8;5;3;3;3;3;5;912
241255;387;9;5;226;15;5;3;8;3;4;0;2;5;672
241260;1676;49;21;28;64;38;68;56;31;154;31;38;12;2266
241270;283;48;0;4;9;23;12;0;12;17;11;5;2;426
241280;267;16;14;19;5;8;7;4;2;2;2;1;0;347
241290;594;6;10;8;3;12;0;8;3;29;6;3;6;688
241300;258;6;2;70;10;4;3;2;2;4;5;13;4;383
241310;217;5;1;0;0;4;0;0;0;0;0;0;0;227
241320;489;30;8;56;15;25;15;18;12;15;9;17;17;726
241330;336;12;0;30;2;0;5;3;5;2;0;0;0;395
241335;832;126;80;47;22;25;2;7;10;8;5;0;3;1167
241340;432;8;38;12;12;14;13;12;16;18;25;9;76;685
241350;291;3;4;1;2;2;2;0;7;11;4;3;3;333
241355;263;5;2;0;0;0;0;0;0;0;1;3;0;274
241360;293;0;1;0;0;4;3;0;0;0;0;2;0;303
241370;278;49;8;8;2;3;1;0;2;4;4;4;0;363
241380;215;3;2;2;2;2;0;0;0;0;0;1;0;227
241390;736;25;34;86;18;21;70;33;19;136;70;54;14;1316
241400;912;7;6;59;22;6;13;11;17;20;12;17;15;1117
241410;231;1;0;0;0;0;0;0;0;1;1;1;0;235
241415;251;10;7;20;2;1;1;56;24;3;1;12;3;391
241420;1880;119;76;208;137;122;127;248;162;143;101;82;136;3541
241430;237;1;3;0;1;3;0;0;3;0;1;0;0;249
241440;1918;70;37;30;31;23;37;50;30;34;20;26;23;2329
241445;293;4;0;0;0;0;0;0;0;0;4;0;1;302
241450;561;4;9;5;4;13;5;11;2;2;1;6;0;623
241460;578;6;6;6;1;1;1;10;18;6;6;2;4;645
241470;236;25;1;19;3;5;3;0;2;0;4;1;2;301
241475;274;9;0;34;1;0;2;0;0;0;1;0;0;321
241480;556;5;7;3;3;12;5;15;11;9;36;5;2;669
241490;146;0;0;2;0;1;0;0;3;0;0;0;0;152
241500;158;7;0;1;0;0;0;0;3;0;0;0;3;172
249999;0;0;0;0;0;0;0;0;0;0;0;0;0;0
250010;409;1;1;0;0;0;0;0;0;0;0;0;0;411
250020;309;6;3;0;1;0;1;0;0;4;0;0;0;324
250030;1047;11;8;15;20;8;8;8;12;8;5;14;3;1167
250040;1111;22;23;11;5;7;6;19;4;51;6;29;92;1386
250050;537;3;0;0;2;3;5;1;3;1;4;5;5;569
250053;217;53;2;47;21;15;6;2;0;5;0;2;0;370
250057;301;6;1;1;0;0;0;0;1;1;0;1;0;312
250060;2411;34;34;39;23;24;31;54;63;48;36;64;29;2890
250070;588;14;10;8;13;9;1;15;8;5;8;10;9;698
250073;282;9;2;5;2;13;5;0;3;0;2;2;1;326
250077;342;6;6;5;1;5;2;3;5;1;3;6;1;386
250080;923;2;2;1;0;2;0;1;4;0;0;1;5;941
250090;610;9;4;5;6;6;15;4;17;1;0;0;1;678
250100;875;1;19;10;24;12;36;10;3;22;0;3;0;1015
250110;1236;17;14;5;11;12;13;4;7;4;12;13;19;1367
250115;155;0;0;0;0;0;0;0;0;5;0;0;0;160
250120;304;4;0;1;1;3;1;2;2;0;2;2;0;322
250130;791;12;3;8;7;7;6;4;1;7;6;4;3;859
250135;218;3;1;0;1;2;0;0;3;1;0;0;0;229
250140;378;93;8;65;32;7;4;4;2;1;8;27;2;631
250150;793;244;11;26;8;3;3;156;26;30;11;19;1;1331
250153;249;8;1;3;4;2;2;4;3;2;1;1;7;287
250157;257;4;2;54;18;1;3;3;20;34;5;2;1;404
250160;635;17;38;13;6;1;2;3;5;10;4;7;14;755
250170;132;1;0;0;0;2;0;0;0;1;0;0;1;137
250180;8161;236;246;654;231;181;177;286;307;311;305;168;110;11373
250190;649;157;113;26;28;17;13;9;11;13;13;2;2;1053
250200;313;2;1;4;0;1;2;2;3;1;1;0;1;331
250205;200;1;6;0;0;0;0;0;0;0;0;0;0;207
250210;292;8;0;4;4;2;1;4;0;1;0;1;1;318
250215;690;6;24;10;15;10;2;10;88;16;8;2;3;884
250220;116;0;0;4;0;0;0;0;0;1;0;0;0;121
250230;282;1;1;0;0;0;0;0;0;0;3;0;0;287
250240;359;3;0;2;1;1;0;0;12;32;1;0;1;412
250250;726;19;2;11;4;4;2;5;4;4;4;8;1;794
250260;286;7;0;2;62;40;2;4;7;6;2;1;2;421
250270;257;73;24;0;0;0;0;1;1;1;4;1;0;362
250280;535;0;5;0;7;9;5;3;2;2;1;16;3;588
250290;367;0;0;0;0;0;0;0;0;1;0;0;0;368
250300;3916;76;55;16;32;55;35;217;66;1300;236;128;173;6305
250310;248;8;2;3;0;3;5;24;3;4;1;1;0;302
250320;10191;475;362;527;353;344;342;304;407;372;404;392;358;14831
250330;325;2;2;1;0;2;1;1;0;2;2;3;3;344
250340;164;2;0;0;2;0;1;0;0;0;0;0;0;169
250350;544;2;43;12;4;2;2;1;5;0;2;3;3;623
250355;240;0;7;2;0;0;1;1;0;0;1;0;0;252
250360;429;4;1;1;1;1;0;3;2;7;4;0;0;453
250370;4324;185;120;131;148;89;89;109;182;145;183;110;130;5945
250375;204;3;0;0;1;2;0;1;1;0;1;1;0;214
250380;362;10;6;5;3;5;1;6;4;3;0;11;7;423
250390;268;7;1;1;1;2;1;2;5;0;2;3;1;294
250400;60208;1537;1529;1991;1801;1633;1574;1771;1926;1848;2643;2176;1508;82145
250403;265;2;1;3;12;0;1;0;5;0;0;0;2;291
250407;195;4;3;5;5;0;3;0;2;2;2;1;1;223
250410;139;3;0;0;2;8;0;1;2;1;0;0;0;156
250415;317;11;24;10;3;1;1;1;5;1;1;1;0;376
250420;201;0;2;2;3;29;0;1;0;31;0;23;0;292
250430;1787;67;65;80;68;31;56;57;51;55;26;29;18;2390
250435;461;13;10;14;8;10;7;2;0;4;3;4;1;537
250440;719;3;5;2;2;2;0;1;7;6;2;34;1;784
250450;326;2;0;3;2;13;17;14;8;0;1;0;0;386
250460;2093;58;166;79;54;100;103;48;103;68;64;61;50;3047
250470;263;47;0;3;6;2;1;3;0;42;2;2;0;371
250480;448;22;6;3;8;5;5;5;1;3;1;1;3;511
250485;112;0;1;2;0;3;0;0;0;0;1;0;0;119
250490;931;19;7;4;3;7;0;5;23;115;27;5;2;1148
250500;447;7;7;2;1;0;0;0;0;2;0;1;0;467
250510;667;134;63;49;11;30;15;12;20;10;6;0;1;1018
250520;314;9;0;17;7;4;3;0;1;2;5;11;2;375
250523;589;3;6;9;1;0;0;0;0;2;0;0;0;610
250527;362;2;3;5;3;5;3;3;1;5;0;0;0;392
250530;120;0;0;0;0;1;0;0;1;0;0;0;0;122
250535;221;3;0;7;0;0;1;6;1;0;0;0;0;239
250540;299;1;0;0;1;4;2;0;1;0;1;0;1;310
250550;123;6;0;0;0;0;0;1;0;0;0;0;0;130
250560;338;4;0;0;1;1;0;0;0;0;0;3;1;348
250570;278;29;3;0;20;4;3;5;4;0;8;3;0;357
250580;202;0;0;6;2;2;0;2;0;0;0;0;0;214
250590;229;1;0;0;0;0;0;0;0;0;0;0;0;230
250600;2526;73;49;59;34;59;51;44;58;91;105;85;38;3272
250610;497;0;0;0;1;0;0;0;1;0;1;0;0;500
250620;199;1;1;1;0;0;0;0;3;0;8;4;1;218
250625;279;2;0;0;2;0;2;10;6;1;0;2;1;305
250630;5603;159;101;112;157;134;208;91;169;146;143;162;105;7290
250640;762;3;8;20;6;3;5;2;7;1;5;7;2;831
250650;246;8;1;0;0;0;0;0;0;1;0;0;5;261
250660;200;1;1;1;0;1;0;0;0;0;0;0;0;204
250670;347;1;1;2;8;1;0;2;1;0;1;1;0;365
250680;840;18;5;10;7;19;4;7;6;7;0;7;11;941
250690;1668;72;14;40;14;18;13;13;12;17;17;13;12;1923
250700;957;58;22;7;21;19;26;36;37;30;24;44;39;1320
250710;1045;14;1;2;8;9;4;15;83;26;6;1;0;1214
250720;438;2;3;1;6;4;3;1;6;8;7;10;11;500
250730;790;22;17;26;5;7;37;5;13;7;4;3;6;942
250740;371;1;0;1;0;1;0;0;0;1;3;0;0;378
250750;203705;5217;5310;5913;5489;5389;4698;4930;5474;5622;5586;5374;4240;266947
250760;421;6;1;2;1;0;1;3;1;0;3;0;0;439
250770;685;13;6;20;7;31;14;24;10;2;17;10;11;850
250780;396;11;3;2;8;2;1;15;15;0;5;9;2;469
250790;524;1;7;7;2;28;2;119;28;37;3;14;1;773
250800;459;5;23;1;17;3;12;6;1;10;1;4;3;545
250810;282;2;0;24;26;14;8;1;2;4;7;7;1;378
250820;333;4;1;5;0;1;0;1;0;0;0;1;0;346
250830;883;36;9;15;9;15;75;69;57;49;54;14;8;1293
250840;235;1;1;15;9;3;2;0;2;1;1;0;0;270
250850;25;10;1;2;0;0;1;1;1;0;0;0;0;41
250855;341;8;0;0;4;0;1;0;0;0;1;0;0;355
250860;1558;50;55;31;45;155;28;159;22;22;20;33;20;2198
250870;226;1;5;2;2;1;1;0;0;0;0;0;1;239
250880;167;1;0;0;0;1;0;0;1;0;0;0;0;170
250890;4341;168;191;262;203;122;153;1015;343;164;145;125;71;7303
250900;351;4;18;1;2;0;0;0;5;5;1;0;0;387
250905;452;0;0;0;0;53;0;16;0;0;0;1;0;522
250910;930;12;54;17;8;11;2;7;11;52;6;3;5;1118
250915;278;16;21;7;3;4;2;2;6;4;49;18;9;419
250920;637;24;4;2;2;1;4;4;10;0;1;7;4;700
250930;839;26;36;5;5;70;4;1;251;31;71;86;58;1483
250933;216;4;0;1;0;0;0;0;1;0;0;0;0;222
250937;231;7;1;3;1;3;2;2;2;3;1;1;0;257
250939;259;11;2;4;1;3;0;0;0;2;8;18;0;308
250940;884;3;2;1;0;2;1;3;3;5;2;0;1;907
250950;178;1;3;2;0;0;0;0;13;4;1;0;0;202
250960;149;0;0;18;0;0;0;0;0;0;0;0;0;167
250970;1199;279;106;19;36;45;38;29;38;22;23;13;9;1856
250980;442;100;47;33;12;18;5;6;5;4;19;5;7;703
250990;416;1;6;6;1;0;1;1;1;15;0;5;0;453
251000;297;1;1;2;1;0;0;2;1;0;0;2;0;307
251010;377;9;11;5;6;2;1;0;4;7;3;1;2;428
251020;468;5;0;1;1;0;0;0;0;0;0;1;2;478
251030;304;3;1;4;0;0;0;11;6;4;5;1;3;342
251040;301;0;0;2;0;0;0;1;1;0;0;0;1;306
251050;194;27;27;0;2;0;0;23;0;0;1;0;0;274
251060;301;3;4;3;1;1;1;1;0;1;0;0;0;316
251065;184;1;10;2;0;1;0;1;1;1;0;0;0;201
251070;239;4;3;0;46;3;3;1;0;3;4;0;1;307
251080;7296;284;112;227;187;231;226;345;294;243;212;222;158;10037
251090;380;5;2;2;0;2;4;2;9;2;2;11;10;431
251100;176;1;0;0;0;0;0;2;7;5;0;0;0;191
251110;604;3;9;13;5;3;2;2;5;17;12;2;2;679
251120;4751;77;215;86;185;245;1236;66;1392;126;220;54;53;8706
251130;582;5;1;10;3;5;2;3;4;2;6;7;4;634
251140;937;35;8;157;25;13;22;43;34;24;51;34;17;1400
251150;452;9;3;7;1;5;7;3;5;5;6;6;2;511
251160;287;11;8;2;20;4;2;2;0;1;17;30;10;394
251170;265;4;3;1;2;1;1;1;1;1;0;0;0;280
251180;426;1;0;2;1;1;0;6;2;2;2;0;0;443
251190;606;6;3;7;11;12;1;1;4;15;25;10;1;702
251200;620;14;2;138;18;15;28;9;12;2;7;7;9;881
251203;305;4;0;0;0;0;0;0;31;5;10;9;0;364
251207;216;2;1;8;3;3;2;0;0;1;2;0;0;238
251210;1409;79;49;39;17;25;16;9;34;24;34;43;10;1788
251220;230;4;1;1;0;1;3;0;4;1;4;7;4;260
251230;962;86;4;51;9;8;1;18;15;7;8;4;7;1180
251240;694;14;10;24;8;10;6;21;4;11;8;8;1;819
251250;2367;55;27;57;44;73;33;72;46;36;76;29;24;2939
251260;147;4;8;5;3;0;0;7;0;24;0;2;0;200
251270;632;18;5;13;5;20;10;8;1;4;15;7;1;739
251272;288;29;0;0;2;0;0;0;1;1;1;2;1;325
251274;298;5;2;1;1;1;0;1;2;1;0;0;0;312
251275;230;13;16;3;1;2;2;2;0;1;0;2;1;273
251276;234;5;13;22;3;3;1;2;5;2;1;2;0;293
251278;153;3;15;2;10;0;0;1;0;0;0;0;0;184
251280;315;7;2;4;1;5;0;1;0;1;2;2;1;341
251290;2131;36;40;118;32;219;78;209;360;204;36;30;20;3513
251300;235;1;0;4;0;0;1;0;1;2;0;0;0;244
251310;597;1;6;4;1;14;4;2;1;0;3;0;3;636
251315;271;5;0;0;0;0;0;0;0;0;0;0;0;276
251320;282;11;2;4;4;1;0;2;3;0;3;0;0;312
251330;340;0;0;0;1;3;3;5;1;3;0;0;0;356
251335;244;0;1;0;0;2;0;6;3;0;1;0;1;258
251340;851;59;35;24;17;19;19;24;208;14;14;41;21;1346
251350;281;3;4;2;0;1;0;0;0;0;1;0;0;292
251360;282;0;0;4;0;0;0;0;1;1;2;0;0;290
251365;247;3;1;6;1;0;0;2;1;0;0;2;0;263
251370;17108;428;464;492;546;364;357;1866;2095;445;604;322;249;25340
251380;329;7;7;2;0;4;3;3;7;3;5;26;2;398
251385;160;0;0;1;0;0;0;1;0;0;0;0;0;162
251390;1337;36;26;31;19;8;27;24;39;94;30;12;9;1692
251392;232;3;2;11;9;2;0;2;2;1;0;0;0;264
251394;101;1;1;0;0;0;0;3;1;0;0;0;0;107
251396;257;2;11;3;0;7;0;0;0;0;1;0;0;281
251398;144;47;27;7;3;0;2;2;0;4;5;4;2;247
251400;694;65;13;12;8;6;16;12;38;6;9;18;11;908
251410;210;0;1;0;0;0;1;0;1;0;0;0;0;213
251420;414;1;15;4;5;2;2;4;2;3;1;1;2;456
251430;184;0;0;0;0;0;0;0;0;0;0;0;0;184
251440;291;0;5;10;2;1;0;5;4;2;2;0;0;322
251445;289;0;0;0;0;0;1;0;0;1;0;0;0;291
251450;656;8;4;5;0;4;1;3;8;3;4;0;1;697
251455;123;0;0;0;0;0;0;0;0;0;0;0;0;123
251460;130;5;0;0;0;0;1;1;0;0;0;0;0;137
251465;153;0;0;0;0;0;0;0;0;0;0;0;0;153
251470;281;2;2;5;1;9;2;2;6;0;0;8;5;323
251480;195;5;0;0;2;0;0;0;1;0;0;0;1;204
251490;576;6;6;15;6;32;2;4;14;4;8;9;5;687
251500;364;9;2;4;3;10;2;7;2;1;0;4;0;408
251510;450;3;10;5;1;3;0;13;21;26;10;2;0;544
251520;125;2;0;0;0;5;7;20;2;1;0;8;0;170
251530;4400;73;192;72;43;310;45;247;893;64;179;37;43;6598
251540;317;1;1;42;2;0;1;0;0;2;3;2;1;372
251550;597;29;6;17;9;8;8;9;9;19;3;5;4;723
251560;260;0;1;0;0;1;0;0;4;4;15;3;0;288
251570;169;2;0;0;0;1;0;0;0;0;0;0;0;172
251580;509;1;0;0;5;1;1;0;4;1;12;0;0;534
251590;280;2;0;0;0;2;3;1;2;0;0;0;0;290
251593;345;15;19;1;3;1;2;20;9;16;10;5;2;448
251597;335;1;28;15;3;10;4;5;6;5;2;2;1;417
251600;1236;50;14;21;19;18;18;12;187;8;7;14;3;1607
251610;748;13;5;14;9;9;7;4;9;10;16;4;6;854
251615;217;4;0;0;0;4;0;0;0;0;0;0;0;225
251620;5039;206;174;230;146;163;97;118;157;200;158;123;100;6911
251630;793;31;10;12;16;5;3;7;9;18;6;8;2;920
251640;427;6;9;12;12;6;1;3;1;1;1;0;0;479
251650;471;13;3;1;8;0;18;6;11;1;6;3;1;542
251660;545;5;6;13;14;2;1;19;1;10;1;10;9;636
251670;670;7;2;4;4;7;5;5;3;0;3;3;3;716
251675;279;1;2;2;1;0;0;2;1;2;0;1;0;291
251680;340;1;2;0;0;0;0;0;0;2;2;1;0;348
251690;741;2;6;5;0;4;0;4;5;3;8;6;3;787
251700;394;2;2;6;2;0;1;1;5;1;2;4;0;420
251710;254;4;7;3;2;18;6;3;11;3;8;4;3;326
251720;162;115;31;10;1;3;5;4;1;3;1;2;0;338
251740;151;1;5;6;1;6;8;2;4;6;1;0;0;191
259999;0;0;0;0;0;0;0;0;0;0;0;0;0;0
260005;6884;319;221;317;251;234;306;392;218;286;350;272;176;10226
260010;2615;65;182;56;50;65;56;40;70;48;46;128;23;3444
260020;665;22;11;192;17;41;15;14;69;21;11;6;7;1091
260030;1159;39;17;34;10;19;13;14;13;11;31;16;21;1397
260040;1558;45;190;299;18;41;9;8;9;125;112;49;11;2474
260050;1171;16;11;11;17;7;36;16;20;12;18;10;20;1365
260060;499;7;4;11;19;2;1;5;1;4;1;6;4;564
260070;2336;17;17;34;33;45;17;24;61;293;73;40;9;2999
260080;1128;40;70;4;2;4;6;9;5;2;8;7;2;1287
260090;1250;31;7;124;35;103;32;20;45;26;343;122;9;2147
260100;545;3;1;1;2;1;3;4;2;4;1;2;2;571
260105;564;24;20;39;5;17;10;7;21;19;9;11;11;757
260110;3817;87;88;70;334;401;229;150;145;129;138;130;120;5838
260120;4895;156;254;264;146;208;146;179;370;143;166;159;108;7194
260130;743;7;10;27;19;12;3;16;5;4;1;17;3;867
260140;3195;124;131;425;95;74;53;43;71;153;195;61;51;4671
260150;323;2;153;77;21;13;2;9;6;2;6;1;0;615
260160;1405;65;10;7;34;19;23;84;216;94;67;125;17;2166
260170;6409;256;175;135;176;230;167;145;454;168;178;172;139;8804
260180;554;3;1;2;4;57;10;14;4;2;3;12;1;667
260190;9141;277;387;675;472;250;369;334;347;196;211;209;133;13001
260200;1023;194;575;59;14;20;9;18;16;5;13;12;10;1968
260210;1452;25;11;29;19;33;28;17;16;29;70;23;23;1775
260220;1532;69;37;31;27;17;4;8;27;37;12;14;58;1873
260230;2226;33;31;94;62;55;38;42;104;65;65;60;37;2912
260240;757;12;11;7;4;9;4;15;20;4;7;6;3;859
260250;248;6;3;0;0;0;2;0;6;2;1;1;0;269
260260;1530;34;51;533;54;24;38;19;30;10;20;8;6;2357
260270;743;51;23;52;33;63;8;37;27;9;118;33;32;1229
260280;1822;223;84;91;120;99;59;48;87;63;42;48;22;2808
260290;23847;826;591;606;661;1058;691;747;2343;1326;1237;1033;637;35603
260300;1248;45;33;31;32;17;29;14;26;29;29;10;12;1555
260310;747;30;25;15;6;9;16;24;31;3;29;10;2;947
260320;675;2;5;2;3;2;5;0;8;1;10;6;26;745
260330;373;2;2;10;2;0;0;1;2;2;0;1;0;395
260340;286;0;0;0;0;0;0;0;1;0;2;1;0;290
260345;8028;430;287;203;216;193;238;152;276;153;267;276;271;10990
260350;697;19;7;8;13;8;7;6;9;9;8;7;4;802
260360;5195;6;12;10;224;314;21;317;1320;359;351;164;139;8432
260370;1002;7;3;6;14;29;21;22;31;15;15;18;2;1185
260380;682;4;3;0;1;2;3;1;7;2;11;13;5;734
260390;775;13;6;7;2;3;1;14;5;3;4;12;5;850
260392;381;0;0;0;0;0;0;0;0;0;0;0;0;381
260400;6326;146;228;165;180;109;134;159;149;217;204;232;105;8354
260410;38886;1951;3260;2232;1845;2199;3264;1841;1848;1932;1897;2079;1419;64653
260415;608;2;1;3;24;1;8;2;0;2;2;1;0;654
260420;4303;16;33;18;28;27;27;17;29;24;804;34;19;5379
260430;411;7;38;60;8;1;10;6;11;4;2;1;0;559
260440;375;24;3;6;4;3;0;1;3;1;0;4;2;426
260450;1380;31;55;172;38;38;21;32;23;66;63;31;14;1964
260460;1125;22;97;42;21;96;36;21;31;19;20;10;17;1557
260470;797;10;14;13;3;5;6;8;44;9;4;9;5;927
260480;3350;16;8;216;525;304;78;4;15;1397;336;14;29;6292
260490;759;20;13;0;0;0;1;2;3;21;2;5;1;827
260500;1308;25;28;37;42;3;10;12;15;14;44;22;9;1569
260510;1436;36;18;10;49;91;136;19;28;42;39;98;31;2033
260515;894;36;21;83;36;55;29;15;25;8;18;11;17;1248
260520;4516;155;512;199;162;379;162;122;127;2792;503;214;174;10017
260530;1578;21;23;5;5;11;33;13;3;16;6;7;5;1726
260540;719;16;5;15;8;4;9;6;8;10;14;3;1;818
260545;910;52;27;40;32;20;39;45;43;25;41;46;42;1362
260550;787;12;12;6;14;30;6;21;27;30;14;8;6;973
260560;736;26;155;35;5;27;22;15;34;51;14;5;4;1129
260570;1770;32;36;35;54;53;41;14;29;30;26;35;16;2171
260580;467;19;2;4;4;3;6;0;2;2;6;4;1;520
260590;1418;94;25;252;50;78;12;13;9;334;130;43;8;2466
260600;12365;383;608;686;378;411;401;402;418;408;372;469;406;17707
260610;999;95;20;135;31;96;36;30;33;25;19;10;3;1532
260620;11116;282;240;435;240;144;214;203;2847;359;563;501;210;17354
260630;349;3;5;4;4;4;2;1;1;0;0;0;0;373
260640;5481;237;232;192;267;207;193;150;203;155;184;131;109;7741
260650;559;14;4;3;6;13;10;4;7;2;3;2;7;634
260660;1237;390;29;306;17;50;25;24;17;26;16;8;36;2181
260670;395;5;11;11;9;3;5;1;0;3;3;3;0;449
260680;13262;381;366;491;285;1075;267;302;2233;601;350;196;376;20185
260690;549;3;17;9;3;2;5;10;7;11;16;4;0;636
260700;610;2;0;1;1;4;1;4;10;1;5;6;15;660
260710;231;18;2;9;1;0;0;5;0;5;0;0;0;271
260720;19953;1167;685;441;612;1097;439;477;669;4384;1282;1955;1714;34875
260730;1607;28;28;89;34;23;26;30;37;28;22;46;23;2021
260740;278;13;13;47;8;14;8;0;5;20;2;1;3;412
260750;696;7;5;1;1;11;0;2;3;0;3;3;0;732
260760;907;31;81;15;11;11;29;31;25;14;9;13;38;1215
260765;2522;48;43;41;38;35;72;49;91;85;31;23;25;3103
260770;444;14;15;14;2;2;2;9;3;3;3;10;1;522
260775;2889;142;203;59;71;63;88;44;69;46;46;65;21;3806
260780;1417;42;35;27;20;53;38;7;15;54;19;42;9;1778
260790;72108;2677;2452;3302;3358;2697;2395;3724;3268;3244;3629;3472;2593;108919
260795;797;21;54;103;83;26;15;46;1;19;12;9;3;1189
260800;582;9;3;12;3;5;7;1;2;2;26;3;1;656
260805;798;12;20;22;30;10;101;10;9;25;16;13;1;1067
260810;1470;44;38;17;161;46;39;72;52;38;24;27;11;2039
260820;5350;31;29;20;37;23;44;21;58;2243;601;271;155;8883
260825;257;4;0;40;1;1;7;0;1;3;4;2;0;320
260830;551;8;2;35;0;4;2;2;3;2;2;5;4;620
260840;611;6;18;76;28;22;10;26;12;10;25;4;0;848
260845;1106;10;11;24;19;9;6;6;14;4;13;17;9;1248
260850;6052;112;45;135;67;722;201;73;493;282;263;105;45;8595
260860;565;2;1;1;1;0;17;29;9;19;4;8;2;658
260870;353;3;4;5;4;0;2;3;2;1;0;3;2;382
260875;1766;233;378;165;160;462;1012;92;175;221;107;43;53;4867
260880;2259;71;375;65;33;57;36;27;22;51;63;44;45;3148
260890;4103;77;135;144;95;79;89;80;143;97;131;119;60;5352
260900;1402;21;77;19;25;16;8;25;11;37;28;11;6;1686
260910;623;16;5;12;2;18;4;12;11;21;8;10;6;748
260915;363;4;7;42;1;0;1;1;0;0;1;1;0;421
260920;1973;64;35;58;47;633;54;44;53;518;288;75;34;3876
260930;589;3;1;1;3;2;3;10;6;3;1;3;0;625
260940;4451;91;92;117;93;118;120;126;96;472;509;129;40;6454
260950;3089;77;44;84;37;276;153;76;113;233;103;58;41;4384
260960;58814;3120;2462;2644;2481;2616;2403;2656;2592;3273;2671;2755;2130;90617
260970;1099;19;72;88;15;8;8;10;54;10;8;11;58;1460
260980;556;30;14;1;3;4;6;29;1;3;2;0;2;651
260990;2733;45;46;69;42;172;37;60;66;65;51;29;35;3450
261000;6314;236;151;125;331;233;202;126;113;625;643;324;158;9581
261010;430;2;1;4;3;5;3;3;1;1;2;2;4;461
261020;1001;74;148;92;182;12;3;16;8;12;6;6;1;1561
261030;437;4;1;2;1;5;2;18;0;0;0;3;1;474
261040;685;12;6;71;35;93;44;17;17;11;49;61;15;1116
261050;896;39;13;11;16;13;13;9;7;4;13;4;9;1047
261060;3727;139;118;142;144;173;104;113;111;193;161;166;113;5404
261070;22104;930;694;628;674;934;643;608;1744;950;1128;964;646;32647
261080;681;40;1;8;3;47;7;5;8;24;9;8;8;849
261090;3706;111;59;86;89;97;74;132;93;85;135;164;84;4915
261100;2315;26;88;40;60;40;30;62;70;115;56;30;53;2985
261110;38695;1949;2011;1843;2150;3883;6033;4658;4508;3625;3015;2658;1708;76736
261120;594;54;12;36;10;5;9;7;38;13;45;12;5;840
261130;1277;42;105;79;26;34;30;25;23;20;35;20;5;1721
261140;3869;129;203;286;470;428;177;25;76;621;268;496;114;7162
261150;745;5;4;8;7;6;6;5;14;7;59;39;30;935
261153;360;7;3;18;2;2;2;0;1;6;1;1;0;403
261160;510730;17016;13907;16575;15630;20590;15513;14673;18926;20039;19546;19351;13113;715609
261170;923;60;68;55;26;31;29;14;32;12;29;59;6;1344
261180;4646;129;57;58;104;501;128;110;102;482;267;62;27;6673
261190;8465;129;27;39;50;962;32;5;9;1756;815;321;112;12722
261200;705;23;6;15;15;14;11;12;19;2;8;9;8;847
261210;355;3;2;4;1;2;3;0;0;1;0;2;1;374
261220;4032;174;159;161;148;205;140;196;147;140;177;222;248;6149
261230;615;19;8;7;3;0;1;7;6;2;2;3;4;677
261240;881;104;91;53;11;24;10;3;10;16;11;10;2;1226
261245;631;4;5;17;3;3;4;0;4;2;8;13;7;701
261247;351;17;31;4;0;1;4;1;4;0;0;7;3;423
261250;5899;424;308;268;272;539;267;259;417;276;342;297;155;9723
261255;255;21;211;4;11;1;2;0;2;1;15;1;0;524
261260;1683;9;27;18;18;22;12;16;46;7;85;15;12;1970
261270;411;7;1;2;1;0;2;5;4;1;0;1;2;437
261280;485;9;4;0;5;5;3;2;2;5;1;4;1;526
261290;819;27;7;181;19;16;10;5;2;9;25;4;0;1124
261300;2553;207;33;153;76;60;83;81;65;54;70;28;47;3510
261310;1580;58;36;51;25;40;21;35;27;24;30;22;17;1966
261320;654;141;31;21;5;9;10;8;9;5;2;2;4;901
261330;788;21;41;8;4;4;11;13;12;12;3;6;2;925
261340;952;57;17;15;7;10;12;15;13;23;14;24;42;1201
261350;1634;63;19;17;11;14;13;102;32;16;29;28;14;1992
261360;2067;91;40;165;45;66;70;45;65;54;133;87;30;2958
261370;5116;158;155;236;318;261;281;132;141;145;166;179;137;7425
261380;995;18;60;19;13;8;9;7;10;6;10;10;0;1165
261390;6320;221;250;567;195;393;159;222;199;206;191;162;155;9240
261400;525;21;7;46;6;5;4;22;6;1;2;3;3;651
261410;1521;25;13;30;36;15;15;8;20;23;16;22;16;1760
261420;6379;355;61;265;979;512;50;304;227;3184;130;41;33;12520
261430;605;10;1;5;1;2;10;12;1;1;1;0;0;649
261440;292;3;1;0;1;1;0;6;4;9;0;1;0;318
261450;3334;88;163;120;119;92;121;132;119;89;79;55;42;4553
261460;1054;18;119;25;21;30;17;21;29;15;19;40;15;1423
261470;968;22;44;25;23;24;5;16;17;5;13;56;10;1228
261480;742;52;70;6;0;0;0;1;4;27;16;2;0;920
261485;3466;114;118;75;41;40;14;24;42;1269;175;72;88;5538
261500;1283;27;28;12;18;51;33;52;36;34;24;25;10;1633
261510;198;0;0;0;0;1;1;0;0;1;0;3;0;204
261520;276;1;0;0;0;3;0;0;1;6;2;0;1;290
261530;9550;269;140;238;361;506;153;234;2155;785;429;242;165;15227
261540;3743;139;129;109;196;188;120;223;154;170;157;146;79;5553
261550;614;52;14;43;15;26;47;13;3;73;45;18;13;976
261560;1360;49;27;32;71;44;27;96;65;35;30;79;76;1991
261570;750;16;15;7;2;39;10;6;7;6;12;7;8;885
261580;865;14;60;8;5;3;6;3;5;2;1;2;0;974
261590;438;45;25;7;3;9;2;2;5;0;8;8;0;552
261600;875;28;20;7;8;13;19;11;11;10;18;9;4;1033
261610;388;5;4;8;2;2;5;8;8;4;2;49;3;488
261618;421;7;6;1;1;14;6;34;10;0;4;4;6;514
261620;784;9;10;6;13;21;11;12;1;45;5;16;5;938
261630;4433;200;167;67;679;1094;38;34;55;2769;63;24;19;9642
261640;13778;338;221;264;181;219;283;238;283;1738;581;537;162;18823
261650;988;15;9;10;12;45;22;13;9;123;42;29;3;1320
269999;0;0;0;0;0;0;0;0;0;0;0;0;0;0
270010;847;2;2;1;7;3;13;1;11;2;2;3;2;896
270020;924;14;15;12;38;10;9;13;10;13;17;10;5;1090
270030;18608;763;615;511;627;615;740;1120;763;654;676;706;586;26984
270040;5630;56;47;35;21;82;40;65;30;1426;368;110;18;7928
270050;929;7;14;13;19;22;35;8;5;24;5;1;9;1091
270060;619;40;13;28;32;17;6;35;30;54;41;27;17;959
270070;760;1;8;7;4;26;9;6;28;37;21;11;10;928
270080;358;0;0;1;0;0;0;1;0;1;0;0;0;361
270090;261;7;2;0;0;0;0;0;5;7;2;4;0;288
270100;5385;250;17;20;9;41;23;373;207;1487;647;59;8;8526
270110;358;9;19;48;95;48;8;0;46;12;16;4;1;664
270120;427;5;11;6;3;6;4;1;1;9;5;3;3;484
270130;2264;27;2;1;4;36;70;56;82;11;501;112;226;3392
270135;340;1;2;2;6;0;4;3;2;7;6;2;0;375
270140;5234;133;7;7;10;10;14;18;54;1765;601;270;30;8153
270150;511;8;2;2;2;3;3;2;1;1;3;2;4;544
270160;425;1;1;0;2;3;1;2;1;0;2;2;0;440
270170;1230;35;14;14;11;25;17;19;21;18;63;52;2;1521
270180;336;11;2;0;0;12;0;0;3;0;0;0;0;364
270190;416;2;4;2;1;0;5;1;1;5;1;0;0;438
270200;494;16;2;0;0;0;2;0;3;0;2;4;1;524
270210;5410;223;93;25;10;21;19;471;601;1186;336;89;6;8490
270220;271;2;1;1;3;6;0;2;5;4;1;1;8;305
270230;14814;129;239;103;479;213;237;482;319;6486;412;155;369;24437
270235;831;2;4;5;6;9;5;27;12;20;18;24;5;968
270240;3463;360;175;187;107;174;86;122;134;95;169;131;80;5283
270250;582;0;0;0;1;0;1;1;5;0;2;3;1;596
270255;533;1;2;2;0;0;2;1;1;0;7;1;0;550
270260;761;2;0;0;1;3;2;2;13;1;1;14;1;801
270270;370;6;5;2;6;4;0;1;2;2;1;2;2;403
270280;800;15;3;5;1;4;9;40;2;21;10;14;2;926
270290;1247;18;5;6;4;3;43;28;1;4;4;3;3;1369
270300;659;30;8;5;26;205;12;7;9;15;66;33;40;1115
270310;861;2;1;2;1;3;3;1;2;1;6;1;0;884
270320;3602;6;10;10;17;7;6;58;22;1636;262;26;14;5676
270330;462;0;0;0;2;0;0;0;1;1;2;0;0;468
270340;276;0;3;0;0;0;0;0;0;0;0;0;0;279
270350;497;1;2;2;1;1;3;15;3;26;3;3;3;560
270360;536;13;5;4;8;8;3;4;11;10;17;12;11;642
270370;362;5;17;6;8;0;3;2;7;0;0;2;2;414
270375;4956;115;16;11;25;18;138;150;169;2774;116;21;23;8532
270380;897;10;12;26;39;11;21;10;8;7;10;1;1;1053
270390;352;16;7;8;15;2;5;5;4;8;14;3;2;441
270400;1245;115;4;11;92;26;45;71;16;46;36;30;7;1744
270410;786;5;5;5;8;13;64;1019;34;10;3;1;1;1954
270420;1252;4;34;22;5;7;21;23;8;6;6;10;1;1399
270430;179334;5689;5410;5938;5426;5257;6069;4544;5910;7687;5785;5434;4147;246630
270440;797;2;17;9;13;4;2;8;26;18;9;3;0;908
270450;1792;258;50;147;66;47;58;83;64;51;127;105;94;2942
270460;419;1;10;1;0;24;16;1;3;1;1;0;0;477
270470;6671;336;169;196;367;306;302;180;110;1441;394;282;153;10907
270480;650;5;1;1;2;8;2;6;5;3;7;7;1;698
270490;343;2;16;12;3;2;0;5;3;0;0;0;0;386
270500;814;4;2;1;5;0;2;9;0;0;0;3;1;841
270510;3799;40;13;26;59;70;105;89;91;934;104;77;33;5440
270520;785;14;16;4;2;17;18;19;16;28;21;7;4;951
270530;348;1;0;1;0;0;1;0;0;1;0;5;8;365
270540;299;0;0;0;1;0;1;1;0;0;1;0;0;303
270550;2115;55;42;46;14;59;21;46;18;112;35;61;18;2642
270560;584;27;6;18;12;4;2;3;2;19;9;2;6;694
270570;1697;119;21;10;14;18;14;9;16;19;13;31;17;1998
270580;385;14;1;64;14;4;6;0;1;1;1;0;0;491
270590;205;0;1;2;0;0;0;0;0;2;3;1;0;214
270600;465;3;0;2;1;3;0;2;2;2;5;0;0;485
270610;436;2;0;3;1;3;0;0;5;1;5;1;0;457
270620;291;1;0;0;0;0;0;0;0;0;1;1;0;294
270630;4506;84;63;48;61;104;54;46;73;90;87;72;72;5360
270640;1026;3;2;3;18;5;4;4;6;20;12;7;4;1114
270642;360;5;0;5;5;2;1;1;2;3;2;1;3;390
270644;581;116;25;19;16;30;7;15;23;12;72;26;17;959
270650;811;14;5;9;6;19;5;5;30;21;12;8;4;949
270660;459;7;4;2;0;0;2;1;0;0;2;0;0;477
270670;6365;76;72;98;83;70;70;91;1018;685;300;139;105;9172
270680;698;4;6;13;4;3;10;6;3;5;1;0;4;757
270690;2968;33;44;83;18;39;58;30;28;113;114;34;77;3639
270700;325;0;0;2;0;2;0;0;0;0;0;0;0;329
270710;1121;6;12;17;7;14;13;14;12;4;6;3;17;1246
270720;443;0;0;8;1;5;0;0;0;6;1;0;1;465
270730;4366;174;27;25;23;40;20;147;425;1175;467;290;164;7343
270740;565;5;2;1;57;8;1;5;5;2;0;20;1;672
270750;706;14;19;12;8;11;3;4;9;15;14;9;7;831
270760;518;1;0;4;13;25;1;6;2;3;2;1;2;578
270770;13427;405;242;125;153;113;151;155;112;3778;721;397;287;20066
270780;414;1;2;2;1;3;0;2;0;1;3;1;0;430
270790;693;41;7;19;11;22;26;6;29;30;17;27;8;936
270800;2098;60;28;33;20;19;21;41;56;40;43;32;24;2515
270810;464;3;1;2;2;2;3;2;3;1;2;2;0;487
270820;295;0;1;1;0;0;0;0;1;0;1;1;0;300
270830;5833;225;69;270;1351;690;315;190;300;3100;526;366;133;13368
270840;1296;6;8;1;4;1;1;0;5;0;3;10;7;1342
270850;7776;158;72;79;51;71;32;44;23;1473;72;95;32;9978
270860;11918;410;261;276;298;204;332;383;221;3434;915;359;320;19331
270870;503;4;2;7;9;2;2;3;3;1;2;6;15;559
270880;1518;21;9;15;17;17;23;11;11;65;45;12;27;1791
270890;910;10;23;51;26;23;9;7;12;12;4;20;13;1120
270895;491;0;1;0;2;0;0;1;2;1;48;9;0;555
270900;230;0;0;0;2;1;0;0;1;8;2;0;0;244
270910;675;9;41;6;6;8;13;4;7;40;25;34;11;879
270915;4727;31;45;36;234;218;49;31;260;1368;154;119;23;7295
270920;1086;0;4;0;3;3;2;0;2;0;2;2;0;1104
270930;7153;390;57;83;106;638;253;344;75;1326;422;164;46;11057
270940;1547;41;22;41;15;24;28;13;19;21;17;11;9;1808
279999;0;0;0;0;0;0;0;0;0;0;0;0;0;0
280010;227;16;5;6;3;2;4;3;9;0;4;2;3;284
280020;1220;67;7;5;30;51;32;18;55;16;35;12;14;1562
280030;170158;6725;5389;5913;7189;6637;6143;6281;6185;6062;5448;5524;4667;242321
280040;671;10;10;6;13;9;7;10;10;9;10;2;3;770
280050;805;28;6;26;23;36;18;4;8;10;13;4;13;994
280060;1906;66;46;54;62;20;68;77;300;113;63;56;40;2871
280067;1396;30;122;26;76;46;26;67;32;39;62;21;20;1963
280070;322;2;7;6;15;5;3;1;2;4;0;1;1;369
280100;804;40;20;22;24;36;20;23;49;68;39;26;37;1208
280110;299;23;21;2;5;2;6;3;12;5;4;1;2;385
280120;1679;162;106;74;45;20;373;240;79;52;78;35;19;2962
280130;2333;101;44;29;89;111;269;78;144;174;432;239;63;4106
280140;1867;46;23;17;18;28;18;19;22;34;25;34;6;2157
280150;2843;215;124;186;183;183;101;204;97;117;89;141;52;4535
280160;312;8;3;46;3;7;7;2;10;5;3;3;4;413
280170;878;24;21;84;11;11;5;21;6;9;18;9;3;1100
280190;285;11;9;0;3;6;7;3;3;0;0;2;3;332
280200;464;6;28;3;3;4;6;20;7;5;2;2;6;556
280210;7423;312;487;291;251;217;205;193;212;241;191;238;153;10414
280220;325;3;5;3;3;7;2;3;5;3;6;11;7;383
280230;1655;98;32;58;62;39;38;47;22;115;69;109;10;2354
280240;519;10;101;0;12;2;10;0;92;16;18;0;6;786
280250;345;14;15;5;5;3;19;13;5;3;5;8;8;448
280260;36;5;4;1;0;0;0;0;0;0;0;8;0;54
280270;493;0;0;0;2;2;5;0;1;1;17;7;1;529
280280;683;17;3;45;18;19;4;14;20;18;2;2;0;845
280290;7842;302;254;297;220;218;216;223;230;219;266;241;187;10715
280300;2484;78;48;102;54;140;113;75;109;55;80;49;25;3412
280310;309;3;29;8;0;3;9;0;1;4;2;2;5;375
280320;4216;94;118;207;110;81;167;173;161;140;88;140;123;5818
280330;2222;51;8;15;14;26;18;15;4;14;41;30;8;2466
280340;2164;128;77;16;11;60;181;62;11;7;36;621;82;3456
280350;7529;192;294;344;176;322;140;198;172;172;167;162;112;9980
280360;3551;406;304;217;196;132;153;70;82;246;212;124;107;5800
280370;329;6;107;10;6;5;5;8;6;2;2;18;4;508
280380;407;20;25;18;11;21;17;16;3;3;18;13;15;587
280390;575;8;12;2;1;7;6;1;10;2;2;0;5;631
280400;1510;16;15;45;31;16;57;33;60;47;83;38;31;1982
280410;407;4;9;7;9;4;3;4;4;5;3;2;1;462
280420;442;9;1;18;0;2;7;3;2;7;5;3;1;500
280430;528;59;27;5;4;20;18;17;12;15;98;114;17;934
280440;1928;59;18;34;37;24;44;25;25;30;36;33;28;2321
280445;429;32;12;12;4;4;12;10;1;10;13;6;0;545
280450;1820;82;24;46;48;21;52;61;57;49;46;58;34;2398
280460;1406;63;81;70;344;255;61;43;100;61;62;23;22;2591
280470;363;2;4;9;18;8;8;13;5;3;7;1;0;441
280480;11769;963;1018;822;482;481;523;531;539;1005;825;1263;487;20708
280490;679;10;2;40;6;3;6;56;2;3;2;1;0;810
280500;209;3;4;1;4;0;2;3;4;7;3;2;0;242
280510;358;5;4;3;5;1;2;3;1;5;4;1;0;392
280520;249;31;8;49;12;17;3;4;4;3;1;2;9;392
280530;629;333;46;31;6;14;4;5;115;9;13;37;3;1245
280540;975;33;27;8;1;4;1;1;2;1;3;0;0;1056
280550;934;32;52;21;13;22;9;13;17;5;100;21;7;1246
280560;1125;14;59;123;103;36;19;15;13;16;5;13;7;1548
280570;2518;164;226;68;76;70;77;57;67;83;55;43;48;3552
280580;1063;21;51;10;7;18;9;20;12;16;17;27;12;1283
280590;1075;27;74;44;40;68;83;60;29;57;143;38;39;1777
280600;1411;58;46;44;33;19;25;17;33;34;19;66;11;1816
280610;1804;126;41;57;36;65;54;58;33;48;97;31;10;2460
280620;1233;22;14;27;29;31;32;23;16;18;41;14;16;1516
280630;871;6;5;28;4;9;4;18;10;4;8;4;2;973
280640;329;7;4;2;3;15;1;7;0;0;2;2;0;372
280650;261;1;2;0;0;0;0;0;0;0;21;1;21;307
280660;476;21;8;5;69;22;6;3;15;7;17;28;6;683
280670;12959;594;694;508;755;503;1192;494;473;1877;920;677;410;22056
280680;770;5;8;6;2;2;6;5;1;7;2;1;0;815
280690;221;7;2;6;0;0;0;1;0;0;1;5;5;248
280700;356;6;11;7;4;13;6;4;8;7;7;3;9;441
280710;2441;54;61;83;33;46;55;85;337;252;79;66;39;3631
280720;641;46;23;14;8;5;32;15;17;8;16;20;17;862
280730;297;14;7;18;15;12;12;2;1;10;1;4;4;397
280740;2551;91;34;67;46;66;49;35;54;44;47;77;79;3240
280750;654;14;5;6;2;1;1;2;6;5;0;6;1;703
280760;1422;26;43;47;36;35;29;30;47;25;25;32;14;1811
289999;0;0;0;0;0;0;0;0;0;0;0;0;0;0
290010;401;7;1;1;2;1;3;1;7;6;2;1;1;434
290020;622;50;29;10;0;107;53;38;94;59;11;11;16;1100
290030;524;4;14;8;15;5;5;10;4;8;4;0;4;605
290035;477;3;1;8;2;1;1;0;5;1;1;2;1;503
290040;723;5;54;30;18;11;14;5;17;3;9;5;9;903
290050;449;2;2;13;1;1;0;4;0;1;2;2;0;477
290060;346;19;5;39;12;5;4;5;16;10;5;2;2;470
290070;13838;922;501;662;714;699;545;562;589;471;491;608;355;20957
290080;1451;21;19;43;43;97;38;77;37;40;47;34;23;1970
290090;414;9;3;6;3;5;3;2;7;6;9;2;1;470
290100;2296;88;48;131;64;50;30;68;49;41;53;30;23;2971
290110;3255;227;122;342;159;116;100;44;45;146;1622;321;85;6584
290115;652;4;1;12;21;13;23;4;3;3;0;2;0;738
290120;1055;13;15;11;11;12;5;5;3;6;9;6;3;1154
290130;608;27;57;135;11;12;1;3;7;4;5;7;0;877
290135;1497;47;16;42;24;91;51;42;41;19;41;16;41;1968
290140;877;70;20;58;22;16;5;5;10;3;38;18;4;1146
290150;65;3;1;0;4;1;1;4;0;0;0;0;1;80
290160;470;2;3;0;5;2;0;0;1;1;1;1;2;488
290170;617;8;7;47;12;24;14;10;10;6;8;3;2;768
290180;448;4;2;0;0;1;0;5;1;2;1;2;0;466
290190;670;11;10;13;23;70;14;2;7;3;3;12;17;855
290195;400;2;1;4;4;1;2;1;2;0;3;4;0;424
290200;763;5;30;12;3;2;2;3;1;5;2;29;1;858
290205;269;21;11;6;8;16;48;18;14;24;11;4;2;452
290210;2041;235;16;17;15;9;7;21;13;8;8;5;6;2401
290220;350;70;4;115;26;12;21;15;41;4;11;1;2;672
290225;633;138;12;70;171;12;23;11;28;19;15;20;6;1158
290230;461;5;3;3;15;2;2;3;5;4;2;6;0;511
290240;651;11;7;89;19;10;13;18;16;26;20;12;11;903
290250;490;57;16;13;90;17;3;6;2;2;2;6;49;753
290260;833;3;7;12;14;22;18;32;21;12;4;4;2;984
290265;576;41;8;72;16;10;8;1;3;4;1;1;1;742
290270;1948;21;11;55;20;89;5;43;27;55;14;10;9;2307
290280;1112;84;21;32;11;14;14;18;16;17;23;18;14;1394
290290;1707;29;181;50;42;82;333;1100;529;209;72;29;16;4379
290300;339;4;2;4;5;3;2;2;8;7;2;1;0;379
290310;411;28;7;99;7;12;5;1;125;7;38;8;0;748
290320;16313;1547;1696;1601;1514;1711;1278;1362;1176;1219;1245;1507;834;33003
290323;426;5;1;1;2;0;1;2;1;0;0;1;1;441
290327;1017;19;34;51;40;26;12;27;36;38;41;16;11;1368
290330;645;4;6;9;5;27;3;10;10;10;5;1;3;738
290340;1216;41;33;122;16;52;17;30;16;28;32;28;44;1675
290350;443;1;2;1;0;3;35;8;7;5;5;1;0;511
290360;589;4;0;12;11;2;2;15;0;1;3;0;1;640
290370;725;0;2;38;6;6;4;4;17;4;3;56;5;870
290380;875;8;6;44;10;4;4;9;3;3;13;1;29;1009
290390;4234;123;102;147;138;154;105;121;97;153;135;91;116;5716
290395;307;1;1;2;0;1;0;0;0;1;3;0;0;316
290400;515;4;4;79;6;2;0;4;4;1;4;1;0;624
290405;581;17;0;7;4;40;130;122;70;65;19;12;23;1090
290410;1229;24;8;70;170;46;10;11;8;19;16;8;0;1619
290420;330;0;1;0;1;1;2;3;1;0;0;4;3;346
290430;834;95;11;180;120;157;52;79;44;675;54;4;4;2309
290440;367;6;4;6;0;1;4;0;0;0;2;0;1;391
290450;505;14;2;36;5;6;1;5;6;0;3;1;1;585
290460;7879;195;177;261;217;271;203;209;181;191;254;169;142;10349
290470;1131;24;15;16;18;12;24;14;17;20;22;15;8;1336
290475;742;7;17;4;1;3;1;1;19;8;2;0;0;805
290480;916;12;1;15;7;18;9;5;10;8;6;46;0;1053
290485;675;3;4;4;6;2;6;6;5;4;1;2;6;724
290490;2705;74;62;136;98;90;119;55;69;65;48;41;38;3600
290500;1500;35;27;32;26;72;25;23;27;17;26;32;53;1895
290510;560;3;1;2;0;2;0;1;1;2;1;2;1;576
290515;175;11;56;136;19;8;0;3;4;2;4;1;0;419
290520;3608;84;93;139;114;113;111;105;111;139;91;176;80;4964
290530;455;13;10;106;54;19;5;23;10;10;23;14;3;745
290540;1058;70;45;76;19;43;30;23;34;23;38;36;35;1530
290550;535;7;5;15;4;0;8;0;2;1;2;0;0;579
290560;2245;116;84;77;75;136;62;61;69;62;94;45;51;3177
290570;56616;4049;2927;3044;3880;3494;2607;3077;3090;2999;4016;3027;2213;95039
290580;1822;61;57;48;48;24;32;36;35;35;31;35;41;2305
290590;918;8;25;38;5;19;10;40;15;5;4;4;0;1091
290600;3017;72;38;387;114;116;104;102;127;99;158;70;50;4454
290610;509;2;3;10;2;1;2;1;0;17;1;0;0;548
290620;671;6;6;9;2;5;1;3;6;3;0;0;0;712
290630;1551;206;64;141;54;97;46;43;48;47;43;43;36;2419
290640;298;0;0;6;1;3;0;3;0;0;1;1;1;314
290650;13942;564;346;621;546;695;384;773;435;481;411;375;245;19818
290660;441;22;22;46;32;6;5;4;20;15;4;4;1;622
290670;822;47;16;13;17;6;2;4;4;8;17;8;2;966
290680;1099;12;14;41;94;6;15;3;3;90;8;4;3;1392
290682;511;19;1;19;45;9;9;2;3;4;5;2;1;630
290685;543;4;3;7;1;13;2;2;5;1;0;2;0;583
290687;1519;50;40;62;28;52;41;49;44;58;65;32;40;2080
290689;92;5;3;2;3;5;0;1;3;3;2;1;3;123
290690;2138;217;76;165;55;340;248;158;52;146;134;137;68;3934
290700;375;16;3;31;6;8;8;2;8;5;1;1;1;465
290710;848;7;7;9;2;76;53;25;66;32;15;5;4;1149
290720;6033;285;233;356;279;982;1055;1126;1775;943;594;413;310;14384
290730;1926;62;32;47;85;51;97;32;44;33;27;30;23;2489
290740;226;5;2;1;13;11;2;3;1;2;0;1;0;267
290750;5901;253;255;291;300;234;184;347;266;230;231;282;360;9134
290755;55;2;0;2;1;0;0;0;0;0;0;0;0;60
290760;624;3;0;1;2;0;3;34;4;6;2;8;1;688
290770;244;2;1;47;4;2;3;1;1;2;1;0;1;309
290780;1611;30;17;245;27;14;19;15;20;25;25;12;7;2067
290790;709;19;5;22;12;6;7;6;9;11;9;5;4;824
290800;1218;141;39;43;15;24;24;16;23;11;12;12;7;1585
290810;1237;27;28;70;94;65;772;622;229;19;27;14;9;3213
290820;1539;59;131;190;79;89;52;63;72;48;50;45;32;2449
290830;1636;26;33;50;51;34;56;39;20;28;42;34;52;2101
290840;4705;155;49;102;74;53;51;85;75;50;64;48;513;6024
290850;4636;372;188;151;261;286;188;258;289;237;283;221;196;7566
290860;867;25;5;105;5;10;7;11;22;18;18;16;29;1138
290870;143;1;2;1;6;4;4;7;9;3;3;5;1;189
290880;235;4;5;46;3;3;0;6;0;0;4;14;0;320
290890;1423;42;9;37;35;62;33;8;30;21;35;22;2;1759
290900;364;1;0;1;1;1;1;2;0;1;3;0;7;382
290910;433;29;2;23;4;9;7;5;34;2;4;1;0;553
290920;162;5;11;1;0;0;1;3;6;0;0;0;1;190
290930;3002;364;319;286;319;428;584;518;345;276;389;292;113;7235
290940;599;13;37;170;134;20;16;14;8;9;8;10;8;1046
290950;344;1;1;7;2;0;1;0;0;1;0;1;0;358
290960;831;27;3;41;10;1;6;7;5;5;6;3;4;949
290970;500;3;4;96;33;5;11;3;6;0;3;35;4;703
290980;9103;299;482;272;267;395;335;336;315;203;390;494;238;13129
290990;1438;90;15;156;185;99;129;135;79;41;28;33;27;2455
291000;505;5;0;29;35;4;2;3;3;0;3;1;2;592
291005;13409;852;693;965;1261;1770;877;951;1019;968;1837;1543;840;26985
291010;535;13;39;28;25;11;13;11;10;9;16;11;8;729
291020;236;27;4;2;2;2;3;2;3;3;1;1;0;286
291030;313;1;7;2;0;3;0;1;2;1;1;6;1;338
291040;1403;21;13;25;19;168;443;145;20;13;22;16;38;2346
291050;4548;159;418;713;261;219;312;298;723;152;107;101;62;8073
291060;2377;259;98;512;181;164;127;186;210;157;410;76;29;4786
291070;2058;59;64;67;47;73;41;67;82;42;78;56;39;2773
291072;14053;2678;576;1266;835;759;660;563;690;538;594;609;616;24437
291075;644;42;1;13;20;1;10;3;2;5;2;2;1;746
291077;195;9;6;60;17;15;4;1;0;0;0;1;0;308
291080;70316;3309;2763;3357;2938;3114;3432;2893;3483;3193;3668;3117;3253;108836
291085;662;20;9;6;9;17;6;8;19;54;6;2;16;834
291090;695;26;2;33;41;14;5;12;12;51;34;45;3;973
291100;868;24;247;198;106;128;84;42;68;15;19;11;9;1819
291110;1813;270;178;175;116;177;182;193;178;172;202;257;169;4082
291120;2069;56;30;37;64;60;26;50;231;67;58;100;27;2875
291125;227;2;1;4;4;4;2;4;7;0;0;1;0;256
291130;365;0;4;3;2;1;2;1;0;0;1;0;0;379
291140;510;100;98;71;8;1;0;7;2;10;4;4;0;815
291150;354;7;2;26;12;35;5;3;5;2;1;17;4;473
291160;1690;31;15;54;47;29;37;30;28;46;84;139;60;2290
291165;350;0;38;68;11;1;0;3;1;5;22;0;1;500
291170;6515;241;168;203;163;245;239;162;222;178;185;186;109;8816
291180;1110;38;8;84;79;33;44;70;90;46;16;8;13;1639
291185;432;12;2;85;16;3;12;10;2;63;17;1;4;659
291190;1336;30;13;39;31;17;16;19;22;19;44;15;15;1616
291200;601;4;2;3;6;8;9;4;7;2;7;7;6;666
291210;1682;446;22;35;54;46;32;34;33;44;41;67;36;2572
291220;2393;58;85;133;121;63;25;47;25;119;119;166;155;3509
291230;1063;33;11;21;31;12;13;24;38;29;14;36;11;1336
291240;572;3;3;4;9;5;2;4;1;3;7;1;2;616
291250;443;3;0;2;0;1;1;1;3;0;2;1;0;457
291260;200;4;0;7;3;3;1;2;0;1;1;1;0;223
291270;1003;49;4;142;16;22;10;14;23;18;11;13;6;1331
291280;1423;73;103;127;246;74;27;38;55;53;37;30;28;2314
291290;1484;30;28;123;62;61;27;26;17;35;45;29;5;1972
291300;445;2;4;3;7;7;3;6;2;2;1;4;0;486
291310;631;8;6;2;2;1;2;1;2;2;0;1;0;658
291320;1348;93;14;45;20;48;22;24;26;26;20;29;13;1728
291330;310;1;1;4;0;6;0;1;2;3;3;0;0;331
291340;564;41;0;42;6;15;42;3;1;4;4;20;0;742
291345;874;37;22;37;37;32;18;140;88;37;11;9;14;1356
291350;1310;33;20;24;22;19;8;28;16;19;40;32;13;1584
291360;26025;1076;854;1595;888;1004;750;760;659;912;853;840;752;36968
291370;2376;162;153;114;175;797;188;174;195;81;109;64;38;4626
291380;397;6;18;113;35;19;14;11;10;1;19;0;0;643
291390;3629;184;56;196;143;109;102;119;142;136;111;439;217;5583
291400;3901;489;179;333;164;65;205;88;119;1244;124;105;28;7044
291410;424;10;3;2;7;7;2;4;1;6;6;16;5;493
291420;372;2;1;2;3;3;5;6;2;4;1;0;0;401
291430;532;2;4;8;0;2;50;59;42;15;34;8;7;763
291440;1076;68;33;19;33;34;106;34;33;10;37;20;85;1588
291450;1288;29;12;18;32;20;31;19;25;32;10;11;6;1533
291460;5233;605;277;298;209;174;182;202;169;123;211;104;126;7913
291465;2216;94;125;94;494;321;90;84;93;74;91;79;33;3888
291470;5046;217;329;461;234;190;254;151;206;183;206;73;74;7624
291480;31149;1119;938;1111;998;1096;1114;998;1234;1146;1283;1102;885;44173
291490;2381;130;79;130;150;115;65;101;102;88;103;132;99;3675
291500;538;5;1;4;2;3;0;7;6;3;1;1;3;574
291510;844;24;18;39;8;51;6;7;11;43;2;3;3;1059
291520;1077;79;27;85;27;83;17;21;57;48;57;39;8;1625
291530;459;155;9;66;11;4;7;8;105;15;8;8;23;878
291535;307;0;4;1;60;17;7;1;3;1;0;2;3;406
291540;637;18;13;78;16;17;13;12;21;10;9;8;2;854
291550;1745;34;74;80;41;206;49;38;49;41;46;43;40;2486
291560;5802;560;458;1969;789;530;265;206;269;195;396;293;194;11926
291570;462;3;1;1;3;0;5;0;4;2;0;1;0;482
291580;1751;37;57;62;69;71;136;49;52;43;73;83;16;2499
291590;341;2;2;32;7;10;7;5;3;12;1;1;0;423
291600;1397;26;19;21;8;17;18;14;13;5;15;13;13;1579
291610;1272;52;42;22;15;35;15;49;21;37;41;32;28;1661
291620;794;16;10;3;9;8;9;10;11;13;17;18;17;935
291630;839;27;18;24;35;24;15;34;18;12;10;27;8;1091
291640;10638;271;241;354;221;287;246;149;193;466;701;615;614;14996
291650;1176;14;7;116;21;41;50;19;14;6;17;10;6;1497
291660;423;59;3;27;134;155;22;8;11;10;3;4;1;860
291670;502;20;1;18;3;16;2;3;4;10;6;2;4;591
291680;1460;39;25;43;32;25;24;28;27;30;35;29;8;1805
291685;676;30;17;15;12;13;1;23;21;7;23;8;9;855
291690;870;7;3;9;4;6;2;52;19;12;40;24;6;1054
291700;1393;9;12;17;22;10;14;20;10;12;20;4;11;1554
291710;2288;85;52;81;139;66;53;52;31;150;69;107;10;3183
291720;932;13;3;28;12;7;8;7;12;15;3;6;4;1050
291730;1839;96;37;39;61;37;43;31;74;53;57;31;18;2416
291733;501;7;0;5;5;0;2;5;4;0;2;1;6;538
291735;1082;125;124;86;77;110;111;95;86;352;93;111;20;2472
291740;511;3;2;6;2;0;1;2;5;2;25;2;0;561
291750;6428;349;190;311;218;210;274;231;212;229;341;213;184;9390
291760;2285;60;110;69;37;58;72;44;40;46;33;39;19;2912
291770;2404;157;107;437;87;83;94;72;113;48;133;66;35;3836
291780;573;45;20;96;16;10;7;7;2;7;4;9;1;797
291790;968;30;18;24;25;5;4;12;7;9;17;68;8;1195
291800;15204;719;643;900;784;503;577;528;605;561;588;624;392;22628
291810;1215;13;9;14;5;8;5;9;11;13;9;8;4;1323
291820;460;52;3;3;4;3;3;51;10;25;11;5;4;634
291830;787;32;11;46;8;8;7;15;54;10;5;10;4;997
291835;727;121;7;94;44;8;17;21;18;18;16;11;7;1109
291840;23588;1092;569;943;2719;1321;2929;2528;2397;1550;1282;1098;844;42860
291845;392;7;3;13;9;3;2;6;1;9;8;2;1;456
291850;300;3;2;4;0;2;3;0;0;2;0;3;2;321
291855;660;12;13;20;4;17;9;3;5;0;2;3;1;749
291860;560;1;6;5;3;20;6;1;5;1;8;2;1;619
291870;215;4;2;1;4;1;0;1;0;2;2;1;0;233
291875;300;16;4;3;3;4;2;1;4;5;4;5;0;351
291880;899;7;14;46;7;7;5;8;14;8;11;3;5;1034
291890;368;7;9;13;66;45;31;45;9;11;37;6;2;649
291900;256;13;7;1;5;0;1;2;0;1;2;0;0;288
291905;543;2;3;2;0;3;1;2;6;4;1;1;0;568
291910;313;23;3;125;6;4;1;0;1;0;0;4;0;480
291915;1006;27;4;46;34;33;27;17;3;12;12;5;1;1227
291920;67144;4983;2910;3919;3054;3201;3919;3571;3983;3451;4533;3933;2784;111385
291930;553;14;70;20;17;17;7;8;23;8;7;16;23;783
291940;1026;39;25;36;33;32;25;78;74;72;88;26;19;1573
291950;2085;53;28;51;45;55;73;91;126;130;171;48;32;2988
291955;6366;898;955;743;1008;2031;1723;1135;1048;605;923;798;424;18657
291960;253;3;4;2;3;1;0;1;0;4;0;0;0;271
291970;1529;59;53;111;49;64;47;25;43;56;35;48;13;2132
291980;1583;44;16;16;14;21;29;33;49;18;19;11;14;1867
291990;313;0;0;1;0;2;0;0;0;0;0;0;0;316
291992;2235;65;75;95;167;94;44;270;116;126;73;105;135;3600
291995;253;2;30;31;14;14;0;3;7;4;1;3;5;367
292000;783;18;11;42;19;17;22;12;23;23;34;28;8;1040
292010;734;27;13;55;9;4;1;2;5;4;2;3;0;859
292020;534;7;1;5;3;1;5;24;13;1;12;6;1;613
292030;517;2;2;12;3;3;27;3;1;8;2;96;7;683
292040;702;24;11;11;46;39;2;4;10;5;2;3;4;863
292045;696;0;3;0;0;0;0;1;0;0;0;1;0;701
292050;840;21;12;126;19;210;14;22;15;10;16;19;6;1330
292060;3198;35;21;41;52;51;36;26;29;22;28;15;12;3566
292070;851;17;26;40;144;33;26;18;126;17;24;11;9;1342
292080;377;3;0;1;4;5;3;1;1;1;3;0;1;400
292090;773;20;6;51;13;33;14;7;15;15;4;7;5;963
292100;7848;721;400;304;379;369;398;488;918;647;638;372;440;13922
292105;343;2;3;5;3;3;2;2;1;3;0;1;2;370
292110;1998;342;87;322;495;237;184;237;66;80;49;40;26;4163
292120;1428;15;8;55;58;32;19;19;16;11;20;20;6;1707
292130;924;19;117;45;63;48;18;44;37;162;88;29;23;1617
292140;653;9;6;5;4;2;4;6;11;36;7;3;0;746
292145;298;51;2;39;15;10;0;1;3;0;4;8;1;432
292150;1722;26;9;32;13;23;6;5;20;10;4;5;7;1882
292160;235;5;6;20;11;4;0;0;3;1;2;0;0;287
292170;1135;66;200;181;38;36;35;48;40;16;13;19;10;1837
292180;376;60;5;46;1;31;0;4;9;1;5;6;1;545
292190;1107;7;96;78;31;124;202;138;20;17;98;82;113;2113
292200;8594;908;661;1359;1167;808;658;490;1315;765;570;508;269;18072
292205;466;48;10;104;10;5;2;2;0;3;1;0;0;651
292210;911;18;14;70;22;16;174;71;19;13;17;8;4;1357
292220;345;1;0;16;2;1;4;1;5;0;3;1;0;379
292225;301;5;7;18;111;8;5;5;5;4;13;2;9;493
292230;1453;124;57;29;88;147;73;56;41;29;29;37;15;2178
292240;1090;16;8;35;18;13;20;13;124;34;15;18;6;1410
292250;2161;50;37;50;24;36;45;49;38;43;45;27;45;2650
292260;546;4;4;3;6;22;5;4;7;12;1;1;10;625
292265;338;4;1;30;1;3;2;1;7;7;2;4;0;400
292270;667;4;3;7;4;6;7;10;8;12;7;3;5;743
292273;435;33;11;3;5;5;6;7;8;5;9;15;1;543
292275;295;3;3;3;8;11;2;0;5;2;0;2;2;336
292280;209;8;2;16;2;1;5;36;6;22;2;1;5;315
292285;49;1;0;1;1;9;3;1;7;5;1;2;1;81
292290;1199;38;37;156;73;25;15;10;69;13;22;2;101;1760
292300;5510;336;519;538;356;452;400;151;206;339;224;279;273;9583
292303;329;4;5;1;1;0;1;0;0;0;1;0;0;342
292305;525;3;1;0;3;4;1;3;8;9;5;1;1;564
292310;817;142;10;52;21;13;8;240;62;21;36;18;1;1441
292320;887;10;7;6;7;12;3;5;2;13;5;15;3;975
292330;638;36;55;41;102;40;15;84;27;28;9;18;31;1124
292335;709;64;32;58;16;15;10;11;19;16;11;2;7;970
292340;886;10;54;18;19;12;7;9;3;2;7;10;11;1048
292350;226;5;3;5;0;4;1;2;1;4;3;1;3;258
292360;886;18;12;11;13;15;13;13;19;11;9;10;6;1036
292370;1163;5;3;6;8;11;14;6;7;5;5;2;2;1237
292380;859;23;9;9;10;7;5;13;14;11;9;12;5;986
292390;594;10;7;9;4;5;7;5;2;3;5;3;2;656
292400;9495;1070;478;382;300;278;323;683;345;343;400;475;330;14902
292405;481;2;10;1;1;1;0;5;0;4;2;2;0;509
292410;336;3;2;4;0;4;6;5;6;2;4;3;4;379
292420;44;0;1;0;0;0;2;0;0;0;1;0;0;48
292430;631;2;4;1;4;2;1;1;2;3;0;2;0;653
292440;99;6;3;4;1;0;0;0;2;2;2;2;0;121
292450;517;18;5;6;3;9;7;8;8;3;2;3;5;594
292460;928;9;1;10;14;4;17;3;2;2;11;4;2;1007
292465;419;4;2;11;11;5;37;3;3;3;3;1;0;502
292467;286;5;3;67;11;2;5;5;6;1;4;1;2;398
292470;292;0;0;3;2;0;0;2;3;2;1;0;0;305
292480;912;29;6;10;17;32;6;13;9;7;10;10;3;1064
292490;361;5;3;11;6;2;2;4;1;9;1;5;0;410
292500;1219;17;22;7;10;10;64;116;116;58;52;8;5;1704
292510;1691;38;10;49;24;33;48;117;65;30;57;41;16;2219
292520;6403;366;599;577;246;148;136;333;342;249;310;262;169;10140
292525;606;23;16;7;160;140;19;5;18;25;27;42;6;1094
292530;15518;1347;920;1496;1007;1639;819;1219;815;904;930;1192;1077;28883
292540;874;24;14;18;57;130;10;14;17;20;31;41;10;1260
292550;2563;145;265;498;346;231;510;131;99;141;119;147;207;5402
292560;367;0;2;3;7;4;2;1;5;4;2;7;0;404
292570;267;4;4;4;17;0;0;0;31;2;1;1;1;332
292575;1159;9;9;27;23;14;12;4;15;28;25;6;1;1332
292580;1097;11;8;5;7;2;12;7;7;4;8;3;2;1173
292590;815;109;16;101;5;22;9;7;3;6;10;5;2;1110
292593;392;3;5;1;1;1;44;17;1;0;1;0;1;467
292595;1011;6;4;71;6;8;9;11;13;10;10;15;6;1180
292600;1863;46;13;46;24;38;150;198;37;31;42;31;9;2528
292610;1008;43;11;15;23;22;17;10;10;12;39;10;6;1226
292620;1326;240;58;392;175;213;146;107;231;136;136;133;34;3327
292630;1724;27;26;47;16;39;28;27;49;42;19;17;15;2076
292640;1079;10;9;6;16;8;19;26;9;2;7;3;2;1196
292650;405;116;20;106;15;1;0;0;1;0;3;53;32;752
292660;3014;94;82;448;289;137;122;167;119;65;78;90;36;4741
292665;432;5;4;4;3;81;135;50;11;2;5;2;1;735
292670;545;4;3;17;14;17;40;4;4;2;5;2;1;658
292680;518;6;18;3;17;18;1;2;3;0;2;0;1;589
292690;489;3;1;2;1;0;0;0;3;2;2;1;0;504
292700;1954;121;23;246;34;20;38;374;57;64;28;38;35;3032
292710;142;179;3;77;1;1;0;4;0;2;3;1;0;413
292720;1702;68;31;20;13;37;18;55;29;44;37;10;16;2080
292730;716;4;5;3;20;42;17;21;9;5;7;12;10;871
292740;638569;28960;18131;24779;22792;25040;26341;24674;24198;21679;22367;23439;21997;922966
292750;982;23;12;13;9;13;24;92;48;47;29;11;1;1304
292760;528;5;2;316;40;5;8;5;7;1;0;0;1;918
292770;1934;83;42;68;74;124;115;109;76;61;54;24;136;2900
292780;384;14;3;13;5;1;6;5;3;6;9;2;6;457
292790;574;9;4;5;10;7;10;8;6;1;3;22;0;659
292800;1473;120;70;57;34;32;24;37;93;22;33;25;14;2034
292805;684;17;23;42;15;34;119;11;19;20;11;4;12;1011
292810;1861;41;38;50;45;50;102;59;69;55;54;59;33;2516
292820;1058;32;21;19;12;5;5;14;14;6;42;24;7;1259
292830;260;4;0;0;3;2;1;0;0;1;0;0;0;271
292840;1031;39;77;13;9;8;9;9;7;14;5;11;6;1238
292850;467;8;5;4;3;1;1;5;0;4;1;3;0;502
292860;3461;372;75;187;225;128;126;112;161;125;103;135;97;5307
292870;12461;514;372;580;524;489;386;340;453;385;533;436;334;17807
292880;4903;232;152;173;181;196;147;190;134;163;271;379;33;7154
292890;5210;2066;1094;1040;1054;1887;1450;963;714;633;703;786;651;18251
292895;505;10;1;2;4;1;17;3;7;3;3;5;3;564
292900;1107;23;34;59;25;48;20;8;8;15;14;10;6;1377
292905;673;44;27;112;43;15;26;16;24;20;14;12;20;1046
292910;1001;30;20;102;29;21;21;12;17;19;8;26;9;1315
292920;6249;555;193;421;413;358;410;168;123;2450;589;207;980;13116
292925;574;59;27;22;13;8;4;3;0;3;0;2;1;716
292930;2913;147;138;122;179;126;54;75;80;99;108;144;97;4282
292935;487;24;2;18;12;7;6;8;3;3;4;1;4;579
292937;390;7;3;7;0;4;1;70;4;4;1;1;1;493
292940;586;8;3;23;4;13;5;0;6;7;2;4;4;665
292950;3421;649;169;453;291;320;419;234;507;311;251;180;198;7403
292960;1066;21;27;15;87;40;157;65;23;12;18;25;4;1560
292970;582;205;21;168;18;28;10;175;6;90;44;13;7;1367
292975;349;6;8;4;4;3;2;11;1;10;1;8;5;412
292980;574;0;3;2;1;1;2;0;2;2;1;2;1;591
292990;2013;53;45;74;60;32;48;33;29;55;20;35;24;2521
293000;523;19;13;11;2;11;1;5;9;6;1;0;4;605
293010;5728;155;137;202;123;173;145;135;390;140;190;203;197;7918
293015;1451;37;30;224;228;39;30;52;42;15;23;11;44;2226
293020;1712;215;22;61;97;255;322;253;354;97;54;60;16;3518
293030;728;2;2;3;7;1;3;5;3;5;3;3;2;767
293040;926;4;4;9;11;5;3;4;11;5;3;6;6;997
293050;6258;199;149;288;204;240;224;275;301;296;193;241;690;9558
293060;624;9;26;11;10;27;4;8;10;1;4;10;8;752
293070;27981;1508;943;1134;1055;1225;1146;1267;1277;1115;1249;1026;906;41832
293075;184;16;8;14;6;10;9;4;15;10;4;1;2;283
293076;668;23;21;67;45;14;7;8;15;13;5;19;3;908
293077;1362;31;14;153;15;16;36;15;18;22;26;29;8;1745
293080;407;1;0;0;0;1;2;2;1;0;5;1;2;422
293090;403;1;0;15;8;9;4;5;2;4;4;3;0;458
293100;934;24;28;60;19;9;7;9;15;8;12;24;28;1177
293105;552;8;40;14;9;6;6;7;8;5;9;7;2;673
293110;383;52;29;19;17;12;7;20;13;5;15;5;3;580
293120;698;20;9;13;15;13;20;6;26;9;22;6;12;869
293130;694;101;12;48;43;43;33;47;21;14;40;10;2;1108
293135;16785;891;938;1902;1077;1338;916;905;1328;955;802;915;758;29510
293140;428;12;13;40;12;16;5;4;4;7;8;10;5;564
293150;978;14;74;79;39;16;73;27;10;13;28;5;3;1359
293160;490;24;3;4;34;110;5;11;2;5;13;1;2;704
293170;694;12;9;83;51;25;10;26;168;31;36;36;25;1206
293180;449;1;0;1;1;3;0;2;1;2;1;1;0;462
293190;2140;273;43;220;36;35;20;30;30;16;35;43;41;2962
293200;1055;13;24;28;33;22;10;13;13;6;6;6;3;1232
293210;1009;22;7;110;10;8;4;6;23;9;8;9;4;1229
293220;1615;42;30;26;56;22;29;33;34;16;29;25;20;1977
293230;1537;35;12;38;37;31;22;22;34;28;18;23;12;1849
293240;528;1;1;75;4;29;7;10;7;3;5;1;4;675
293245;25;1;1;0;0;3;0;3;2;2;1;0;0;38
293250;2121;77;42;556;149;73;69;71;43;80;63;129;122;3595
293260;649;28;9;5;18;9;17;15;2;13;31;8;7;811
293270;1521;54;39;95;39;53;62;27;23;52;76;45;30;2116
293280;631;6;2;18;0;3;90;38;32;7;11;1;3;842
293290;7268;233;208;462;370;439;190;222;191;183;199;219;165;10349
293300;2449;38;32;310;61;18;22;16;14;21;18;25;504;3528
293305;666;19;5;12;10;8;6;5;4;5;3;4;1;748
293310;461;3;2;1;0;3;0;0;2;0;6;3;5;486
293315;591;8;3;9;6;25;6;6;36;7;24;8;1;730
293317;399;2;2;10;6;56;10;20;3;4;1;7;5;525
293320;3314;114;56;109;41;127;182;51;50;60;69;75;91;4339
293325;394;5;3;3;6;6;14;1;2;9;1;4;2;450
293330;38826;3490;1532;1977;1493;2523;2238;1660;1488;1537;1448;1328;1280;60820
293340;423;4;0;1;4;3;3;0;1;6;0;3;0;448
293345;441;7;1;4;8;4;3;6;12;6;6;3;5;506
293350;839;6;2;7;4;5;1;0;5;1;3;1;1;875
293360;1890;41;35;352;295;74;89;80;66;41;42;14;12;3031
299999;0;0;0;0;0;0;0;0;0;0;0;0;0;0
310010;848;30;8;16;122;26;65;22;8;42;30;46;15;1278
310020;3461;149;247;234;270;262;179;150;244;174;207;130;151;5858
310030;1218;40;50;48;37;44;24;40;26;29;22;15;29;1622
310040;207;18;45;37;24;8;9;16;20;7;5;33;13;442
310050;501;8;57;13;9;12;8;10;18;28;28;32;15;739
310060;419;136;119;26;21;157;128;11;10;109;27;19;21;1203
310070;406;34;12;10;57;220;26;5;4;13;11;5;6;809
310080;746;15;30;23;26;14;10;14;19;24;11;16;5;953
310090;916;53;124;37;26;28;19;26;29;25;25;24;9;1341
310100;652;64;33;15;12;10;17;6;14;10;35;7;5;880
310110;2454;151;138;123;98;74;60;91;83;64;71;74;73;3554
310120;710;10;31;18;11;11;15;8;20;6;22;18;9;889
310130;210;1;1;17;1;3;6;1;0;3;1;5;0;249
310140;344;6;8;40;40;28;75;16;5;1;7;1;4;575
310150;5650;127;115;195;467;271;352;211;354;431;329;326;198;9026
310160;14329;715;750;805;1366;2371;1149;815;671;648;733;763;507;25622
310163;612;14;12;59;32;30;18;8;19;7;17;14;15;857
310170;3250;159;235;120;110;136;185;188;206;170;143;124;85;5111
310180;656;64;58;49;34;37;25;27;56;44;16;23;30;1119
310190;2146;70;82;93;76;118;116;135;66;80;123;82;81;3268
310200;956;55;63;56;27;89;150;109;95;17;57;14;46;1734
310205;363;53;32;23;12;22;13;11;41;15;19;13;13;630
310210;615;21;65;14;14;14;7;16;15;8;8;7;3;807
310220;214;12;16;8;2;10;4;5;15;6;6;3;2;303
310230;1881;200;97;57;161;73;71;74;51;36;167;51;11;2930
310240;138;30;52;15;18;13;9;4;11;6;6;0;2;304
310250;303;5;62;14;72;24;5;5;6;4;1;2;2;505
310260;7405;306;277;297;232;170;200;258;495;366;299;296;225;10826
310270;605;113;94;33;27;12;16;19;12;31;12;21;26;1021
310280;1204;18;80;37;35;47;24;22;48;28;37;40;20;1640
310285;490;89;60;35;54;34;187;343;76;54;5;33;17;1477
310290;1120;57;44;26;19;28;29;22;47;24;36;32;20;1504
310300;1283;126;132;54;61;121;83;69;75;36;33;35;29;2137
310310;141;3;16;1;1;4;2;3;6;7;30;25;20;259
310320;495;64;44;11;8;67;24;9;10;15;21;13;3;784
310330;219;1;16;0;2;3;1;4;5;1;3;0;0;255
310340;2693;136;224;120;104;116;124;147;192;146;76;92;81;4251
310350;17555;958;967;1044;904;1360;1323;1037;867;1010;1022;817;754;29618
310360;317;7;12;5;6;5;5;7;11;6;11;34;1;427
310370;429;6;13;10;51;149;62;100;11;5;5;11;1;853
310375;2138;105;341;440;495;267;145;119;83;73;108;30;22;4366
310380;308;1;6;4;3;8;8;3;11;10;3;1;1;367
310390;1322;56;144;68;59;79;72;72;259;87;119;49;53;2439
310400;19208;1131;1537;1359;1061;1312;1160;1139;1219;1040;1108;1096;976;33346
310410;2294;207;203;266;915;479;166;194;161;113;81;96;84;5259
310420;6789;364;417;400;421;451;328;389;504;460;497;376;241;11637
310430;1247;80;102;72;69;253;72;77;108;39;86;44;30;2279
310440;413;4;20;5;14;4;5;4;3;2;4;9;4;491
310445;215;10;26;12;6;6;38;96;3;4;5;6;0;427
310450;1040;181;187;67;43;76;65;50;52;33;57;54;30;1935
310460;3536;148;112;181;202;162;162;132;227;209;159;162;68;5460
310470;694;9;13;13;12;18;6;13;9;9;11;14;3;824
310480;676;61;27;76;40;38;29;36;39;36;47;19;11;1135
310490;2874;166;111;110;100;338;350;146;153;177;70;68;89;4752
310500;1500;86;146;197;202;149;91;171;169;137;102;111;201;3262
310510;2643;295;172;99;136;342;177;174;259;90;102;120;82;4691
310520;163;20;108;5;15;2;3;1;3;3;5;6;1;335
310530;381;15;62;16;17;36;31;24;33;22;17;13;15;682
310540;3551;98;88;143;132;125;190;337;613;154;152;127;132;5842
310550;571;3;22;16;21;7;4;17;35;10;27;33;25;791
310560;24179;952;1127;1506;1048;855;795;1040;1150;1083;918;920;651;36224
310570;399;17;13;9;7;20;31;7;12;13;9;2;6;545
310590;2573;101;136;102;75;91;221;89;66;97;109;113;64;3837
310600;602;19;66;27;41;14;30;23;15;25;34;16;17;929
310610;421;16;15;4;34;17;8;8;4;4;5;7;6;549
310620;1148173;44431;50118;52981;47760;48705;48508;51777;56751;52553;52787;56781;42901;1754226
310630;6311;410;364;238;452;195;247;363;367;190;505;253;153;10048
310640;365;116;152;39;168;31;26;53;28;32;19;13;17;1059
310650;589;98;69;14;20;36;14;97;55;76;107;21;4;1200
310660;146;71;65;7;32;11;8;7;8;17;2;2;3;379
310665;265;9;6;70;11;5;7;69;2;24;8;2;37;515
310670;84530;5179;3479;4286;4133;3453;4593;4030;4970;4098;4185;3690;2918;133544
310680;331;19;24;10;11;13;8;36;22;24;22;9;3;532
310690;4994;141;173;348;140;136;91;143;129;134;166;165;111;6871
310700;294;10;16;4;6;2;6;8;4;5;6;5;2;368
310710;5034;429;451;257;403;1287;1046;429;323;202;178;219;128;10386
310720;504;6;21;12;2;7;4;5;2;7;6;8;2;586
310730;6127;287;292;573;223;214;183;207;208;238;255;245;262;9314
310740;8398;370;588;453;366;551;677;463;490;555;599;394;287;14191
310750;703;11;7;27;33;7;14;9;9;14;8;121;45;1008
310760;368;8;14;21;6;81;38;5;14;15;11;11;2;594
310770;535;42;23;20;32;22;21;24;19;19;18;10;20;805
310780;653;28;86;50;18;22;33;84;40;22;32;20;13;1101
310790;474;41;16;4;14;15;16;29;16;7;21;7;16;676
310800;2607;138;132;177;107;330;322;93;127;103;103;121;53;4413
310810;455;4;17;20;14;23;19;12;32;5;7;23;3;634
310820;679;25;37;31;29;116;49;70;22;28;21;19;3;1129
310825;234;38;18;3;3;4;2;1;3;2;3;1;0;312
310830;2272;103;94;94;105;95;76;75;118;78;62;79;52;3303
310840;2004;104;84;82;107;391;441;143;92;50;141;42;30;3711
310850;257;88;52;9;6;41;27;5;5;20;11;2;14;537
310855;1304;105;50;87;206;366;230;83;458;479;69;33;34;3504
310860;1395;149;147;146;45;43;22;56;42;30;31;18;25;2149
310870;205;3;31;12;7;4;11;1;2;1;4;1;2;284
310880;257;2;10;2;2;1;50;7;3;7;3;3;10;357
310890;1417;103;53;43;33;35;30;57;42;61;49;48;39;2010
310900;6354;247;470;377;277;343;280;285;354;239;371;244;234;10075
310910;664;20;38;26;23;14;22;7;39;25;29;9;10;926
310920;756;11;58;17;23;14;12;25;32;28;17;10;4;1007
310925;175;1;9;2;1;3;5;7;1;4;3;0;1;212
310930;2075;108;256;224;202;206;118;51;232;155;109;102;91;3929
310940;3286;424;366;432;242;264;376;344;303;231;204;337;345;7154
310945;493;18;56;25;17;8;6;19;55;18;19;8;6;748
310950;1744;102;80;77;155;1400;424;177;228;116;87;89;42;4721
310960;742;30;48;22;16;27;18;22;26;28;21;19;4;1023
310970;1026;109;38;37;32;66;165;72;60;33;53;31;16;1738
310980;625;17;8;8;13;14;12;10;34;39;23;21;5;829
310990;1640;58;103;81;51;78;35;45;54;38;36;38;23;2280
311000;3836;158;202;294;131;173;177;152;180;163;161;160;80;5867
311010;312;9;24;4;1;6;16;2;9;3;5;2;1;394
311020;420;46;42;8;6;142;41;15;11;14;9;1;3;758
311030;1607;96;80;86;87;84;63;54;45;64;68;73;65;2472
311040;241;2;3;2;2;1;0;3;2;6;4;2;2;270
311050;3473;190;200;198;169;182;183;150;155;109;147;110;86;5352
311060;4641;160;180;208;236;174;199;257;245;250;257;192;123;7122
311070;1503;80;54;51;113;413;433;159;154;121;42;47;21;3191
311080;376;13;11;6;6;7;9;5;6;13;8;7;4;471
311090;2706;135;122;117;107;282;341;159;215;108;115;123;97;4627
311100;2257;117;190;102;124;491;644;230;243;83;116;44;70;4711
311110;1916;154;134;113;129;180;105;64;123;112;224;481;280;4015
311115;159;4;45;0;0;3;2;0;0;1;10;1;0;225
311120;7729;691;397;566;428;449;467;558;380;478;447;490;280;13360
311130;1424;76;43;35;257;383;108;142;38;32;68;45;26;2677
311140;1421;384;308;267;744;462;206;321;197;138;205;140;80;4873
311150;1964;54;126;101;74;456;899;398;448;124;56;53;40;4793
311160;3110;131;98;155;109;493;525;258;217;169;200;133;93;5691
311170;333;1;19;10;15;126;86;3;2;7;10;7;6;625
311180;2785;52;89;220;2083;333;196;101;105;52;54;46;43;6159
311190;497;18;16;36;22;32;20;36;17;8;21;12;8;743
311200;1679;146;69;38;77;54;55;42;75;161;61;51;35;2543
311205;233;66;37;10;6;9;3;8;16;7;0;13;2;410
311210;304;12;74;6;7;4;5;21;2;16;1;1;0;453
311220;244;9;6;6;26;1;0;3;15;4;1;5;2;322
311230;4131;140;193;152;168;261;888;559;215;135;189;117;109;7257
311240;713;35;27;42;26;223;121;37;22;12;25;22;53;1358
311250;1282;102;99;54;64;174;81;172;61;60;74;47;27;2297
311260;3278;83;121;178;2339;448;178;150;280;106;207;161;62;7591
311265;241;26;38;41;22;12;8;14;6;4;2;4;5;423
311270;1631;42;191;39;38;21;26;33;106;46;17;14;18;2222
311280;1362;102;63;61;66;94;59;112;52;58;68;60;43;2200
311290;401;84;8;14;20;78;37;93;82;54;32;8;5;916
311300;432;118;47;130;5;20;6;9;23;18;7;18;18;851
311310;220;43;9;3;1;2;2;2;0;0;3;3;1;289
311320;2659;57;84;66;90;73;80;81;170;89;92;88;59;3688
311330;4017;315;237;189;182;201;176;238;195;330;216;165;167;6628
311340;12492;631;763;673;962;1261;1112;1150;666;624;546;551;436;21867
311350;1158;48;79;60;45;77;34;54;33;25;85;88;31;1817
311360;1050;55;45;78;109;179;135;45;49;65;46;43;19;1918
311370;2543;87;89;96;92;91;97;83;75;95;200;68;65;3681
311380;251;4;14;2;4;32;1;1;14;11;8;5;8;355
311390;2025;133;92;68;108;576;839;580;306;119;48;74;76;5044
311400;1739;79;64;118;105;336;137;66;108;95;71;61;29;3008
311410;2269;99;114;84;344;576;400;222;235;131;60;39;30;4603
311420;2967;84;146;181;102;147;74;96;145;152;150;114;80;4438
311430;3930;186;173;126;94;395;1410;552;202;112;123;124;149;7576
311440;2688;102;117;115;154;646;386;196;120;169;106;120;110;5029
311450;2003;116;74;87;91;121;84;67;72;92;160;77;85;3129
311455;1342;67;117;125;65;64;180;101;73;75;66;60;19;2354
311460;461;19;18;14;12;10;10;14;8;13;14;7;7;607
311470;364;11;33;10;14;10;10;2;12;13;4;4;5;492
311480;310;15;4;5;4;5;4;20;6;4;8;2;1;388
311490;250;8;8;10;3;4;13;4;6;6;6;4;0;322
311500;322;63;47;14;27;30;35;8;29;11;8;8;6;608
311510;2172;119;90;99;151;463;326;201;139;111;93;92;74;4130
311520;253;11;11;6;5;17;5;6;1;10;3;3;0;331
311530;14405;404;368;601;433;384;569;563;811;517;563;416;380;20414
311535;588;41;147;78;49;22;46;100;119;39;84;86;38;1437
311540;228;3;2;3;6;4;2;3;3;2;5;5;1;267
311545;298;10;98;18;18;17;16;13;15;17;2;8;8;538
311547;246;7;72;4;4;4;2;2;6;5;3;1;0;356
311550;3274;105;202;111;143;136;235;236;170;155;262;141;155;5325
311560;130;8;5;6;1;1;0;0;11;6;3;0;0;171
311570;372;14;21;1;9;12;13;16;8;9;18;4;3;500
311580;746;83;83;38;80;71;42;44;45;28;35;29;16;1340
311590;256;9;24;18;10;9;47;8;21;6;7;7;6;428
311600;272;8;13;11;8;6;2;7;10;6;4;2;3;352
311610;599;8;13;13;28;15;11;5;31;14;11;9;6;763
311615;208;23;48;23;40;72;25;15;5;9;7;14;2;491
311620;325;6;12;6;5;11;7;6;2;7;3;4;2;396
311630;213;51;15;13;7;8;0;2;1;4;6;2;0;322
311640;485;20;17;19;32;8;37;20;24;17;4;21;8;712
311650;547;75;68;112;44;66;73;42;78;37;116;27;17;1302
311660;6274;288;321;472;298;433;414;400;308;260;354;367;193;10382
311670;534;29;25;36;28;163;57;26;9;17;16;29;5;974
311680;363;4;17;10;11;9;2;5;11;4;10;8;0;454
311690;1578;16;72;48;75;757;665;203;102;54;20;15;13;3618
311700;348;25;14;13;6;13;16;5;12;11;11;4;2;480
311710;976;73;91;91;99;206;190;84;133;96;87;22;17;2165
311720;212;12;4;5;6;7;27;12;3;4;0;1;0;293
311730;4189;568;873;693;1326;906;1323;173;297;179;182;144;134;10987
311740;271;5;1;6;4;4;8;2;4;4;17;5;0;331
311750;860;72;84;42;44;35;17;16;53;14;19;16;11;1283
311760;1392;47;314;69;54;29;36;65;61;74;51;40;39;2271
311770;1836;45;89;168;473;626;453;124;64;89;40;70;33;4110
311780;1352;56;34;79;57;55;73;62;50;46;68;63;28;2023
311783;176;42;22;40;5;10;1;4;1;2;1;0;2;306
311787;2070;98;177;190;130;123;101;167;103;120;343;107;166;3895
311790;1080;23;27;45;59;59;37;28;47;51;50;33;18;1557
311800;8294;453;444;408;648;573;503;643;550;598;620;553;512;14799
311810;242;2;14;5;2;0;2;2;8;1;1;2;0;281
311820;1062;48;212;170;530;355;108;64;42;22;41;48;22;2724
311830;14637;678;961;973;777;615;598;628;768;623;690;710;527;23185
311840;1859;81;128;68;66;44;109;49;81;61;46;60;44;2696
311850;123;2;2;1;3;0;0;4;3;3;1;1;1;144
311860;155119;8725;9310;9311;9522;9531;9219;10511;9741;9454;10772;9319;7342;267876
311870;1143;74;70;35;56;207;330;123;35;27;39;17;26;2182
311880;827;245;142;44;21;21;12;27;20;37;33;34;5;1468
311890;536;33;19;25;50;106;27;17;11;9;25;15;17;890
311900;415;20;20;14;10;55;75;33;33;25;21;10;9;740
311910;1739;260;258;116;74;104;99;80;171;102;113;74;145;3335
311920;473;5;33;143;21;27;11;4;10;7;10;11;3;758
311930;3776;190;241;330;206;487;1050;300;473;281;361;233;137;8065
311940;13176;654;999;814;633;671;725;674;730;770;720;726;623;21915
311950;412;4;108;83;17;18;21;11;26;8;15;5;2;730
311960;358;35;40;16;36;13;8;12;11;31;24;8;8;600
311970;267;12;17;8;9;5;7;18;6;10;10;13;3;385
311980;321;7;13;16;22;158;152;65;7;8;8;5;21;803
311990;197;17;5;4;4;5;5;4;0;17;4;0;6;268
311995;1073;75;79;146;75;97;94;117;86;86;62;58;50;2098
312000;319;9;7;13;9;21;16;16;1;7;6;2;10;436
312010;363;9;5;15;8;11;4;15;7;5;6;15;12;475
312015;185;60;105;27;23;17;11;8;17;35;7;6;0;501
312020;2098;119;124;166;129;305;181;176;145;83;119;100;77;3822
312030;370;44;41;19;9;12;6;9;13;7;6;1;7;544
312040;543;12;13;21;12;6;10;16;8;21;25;17;16;720
312050;953;36;52;28;11;17;22;16;27;11;9;21;7;1210
312060;331;14;15;19;7;19;13;9;11;21;16;7;11;493
312070;355;4;17;14;14;10;93;21;17;10;3;10;5;573
312080;1723;28;57;65;42;102;71;53;56;101;44;51;71;2464
312083;187;4;1;13;63;8;7;12;3;3;2;5;8;316
312087;385;22;11;38;11;7;13;7;12;6;13;5;3;533
312090;12330;596;628;708;997;893;642;701;721;646;735;796;555;20948
312100;308;1;12;6;6;9;10;2;8;4;2;4;2;374
312110;791;21;18;39;13;20;24;16;19;23;17;20;10;1031
312120;978;48;47;41;71;57;43;25;54;56;49;21;14;1504
312125;4271;774;596;435;936;829;161;109;186;114;124;154;151;8840
312130;896;21;59;27;28;30;36;18;125;90;66;40;11;1447
312140;350;11;1;5;142;38;22;11;12;13;4;4;8;621
312150;325;7;2;6;47;9;4;4;9;5;3;3;1;425
312160;5136;519;328;236;186;175;302;311;178;180;178;156;107;7992
312170;117;31;69;14;2;10;6;8;5;1;7;4;2;276
312180;998;15;25;30;35;14;24;24;60;96;54;62;50;1487
312190;234;59;98;35;39;111;41;18;35;16;15;8;3;712
312200;825;86;103;86;39;331;67;43;41;22;39;38;33;1753
312210;158;82;36;8;14;15;13;6;8;11;12;7;21;391
312220;214;28;127;33;9;2;4;3;6;0;3;1;5;435
312230;46195;2214;2296;2723;2369;2552;2089;2219;2790;2487;2673;2315;1811;74733
312235;513;44;89;36;10;8;7;10;8;5;5;5;5;745
312240;533;12;20;14;62;109;70;32;7;15;17;11;43;945
312245;372;8;18;14;6;3;8;2;13;2;2;3;1;452
312247;195;6;2;0;3;1;24;6;14;3;4;2;5;265
312250;356;11;33;15;14;8;10;9;7;4;7;7;6;487
312260;336;34;22;22;17;49;14;25;31;15;22;26;14;627
312270;666;15;22;32;13;24;11;9;17;16;19;16;13;873
312280;331;3;3;4;3;6;36;11;3;1;5;4;1;411
312290;672;12;51;22;9;14;15;27;12;34;14;12;6;900
312300;2056;238;90;58;124;50;64;58;61;69;146;117;21;3152
312310;634;96;161;146;92;33;25;40;65;81;86;25;2;1486
312320;1858;71;154;74;79;126;67;63;85;74;60;53;46;2810
312330;236;9;25;13;27;13;14;5;4;8;3;2;3;362
312340;175;12;2;2;6;60;5;11;3;8;5;17;3;309
312350;169;19;55;37;6;7;6;3;0;3;3;14;2;324
312352;240;47;24;12;57;57;12;35;10;8;4;15;9;530
312360;4300;221;245;206;230;283;282;319;243;218;108;152;106;6913
312370;921;90;120;51;55;57;48;73;51;52;58;58;36;1670
312380;540;79;33;31;13;3;113;19;21;20;27;5;5;909
312385;210;36;68;12;7;37;17;11;4;5;7;7;3;424
312390;1377;50;73;89;161;62;49;51;62;47;59;45;25;2150
312400;1403;30;33;28;51;255;59;134;49;40;36;28;32;2178
312410;4176;161;512;227;178;136;169;141;186;177;151;144;93;6451
312420;1641;58;118;111;61;84;177;96;69;72;67;75;67;2696
312430;1327;313;86;91;174;71;26;33;49;42;58;66;21;2357
312440;424;50;17;4;10;4;1;10;3;8;6;11;4;552
312450;713;39;67;18;32;23;24;30;82;16;27;23;19;1113
312460;308;2;20;7;4;4;9;7;6;1;6;9;2;385
312470;357;56;61;19;12;12;25;9;19;18;12;14;7;621
312480;1567;170;97;144;94;174;173;75;51;44;31;72;66;2758
312490;978;14;42;21;51;52;53;34;35;35;50;43;11;1419
312500;447;58;60;26;31;26;36;46;100;56;42;47;13;988
312510;6725;518;551;487;477;346;426;430;431;510;523;438;453;12315
312520;268;9;6;5;27;65;10;35;34;8;62;43;7;579
312530;500;10;24;7;16;29;23;18;19;3;13;12;0;674
312540;248;27;15;14;36;15;6;5;6;5;3;13;3;396
312550;241;4;5;5;6;2;2;6;5;3;4;2;2;287
312560;363;29;73;16;8;7;3;38;47;9;10;5;5;613
312570;1599;71;150;152;168;133;91;113;88;168;80;151;77;3041
312580;190;40;55;7;5;12;12;5;10;3;5;5;5;354
312590;796;52;75;26;48;30;19;22;31;16;41;29;13;1198
312595;457;35;78;48;10;5;43;10;57;30;17;12;8;810
312600;930;32;52;36;39;46;35;31;35;40;38;30;32;1376
312610;13206;600;691;655;1001;853;750;629;667;732;705;858;774;22121
312620;487;21;60;65;13;22;14;19;58;26;23;49;4;861
312630;995;6;9;26;27;98;135;37;20;12;13;12;15;1405
312640;409;14;29;21;10;20;13;13;14;11;17;12;5;588
312650;385;1;7;2;2;2;6;2;7;1;4;6;2;427
312660;352;38;50;50;75;22;20;46;31;42;18;6;31;781
312670;1675;91;159;128;85;106;87;81;99;185;116;106;42;2960
312675;270;28;6;8;8;4;106;11;6;16;5;1;1;470
312680;333;30;82;44;15;15;12;11;7;8;14;3;5;579
312690;520;97;58;42;18;31;16;32;29;32;32;28;15;950
312695;150;7;25;4;5;5;6;3;2;1;1;0;0;209
312700;1702;122;115;281;361;366;94;168;132;47;70;94;93;3645
312705;231;11;38;24;2;2;3;6;7;2;1;1;0;328
312707;170;22;54;34;7;15;8;1;86;9;4;0;17;427
312710;7679;666;800;648;457;856;423;327;431;404;365;425;266;13747
312720;404;45;9;24;16;16;23;31;22;26;15;4;2;637
312730;593;17;27;28;15;16;22;31;24;19;15;17;9;833
312733;380;63;122;32;14;13;5;3;7;9;3;1;1;653
312735;231;11;24;4;12;3;2;7;13;3;6;6;4;326
312737;202;0;9;3;5;0;2;2;1;1;6;6;2;239
312738;374;14;12;11;26;24;27;23;25;16;13;9;7;581
312740;341;10;22;7;9;12;9;5;9;8;7;5;11;455
312750;95;106;54;7;6;4;5;7;12;9;0;4;0;309
312760;1415;118;85;61;50;40;72;52;63;38;34;49;51;2128
312770;46915;2165;2863;2827;2341;3108;2302;2405;2563;2270;2308;2337;2244;76648
312780;1278;20;33;16;52;20;64;55;66;35;87;56;76;1858
312790;202;17;62;22;3;16;5;16;17;8;6;3;3;380
312800;4165;317;295;210;205;207;205;223;187;164;209;173;140;6700
312810;1464;164;59;124;163;403;355;150;34;83;132;102;35;3268
312820;539;13;6;9;16;11;17;6;51;11;17;9;5;710
312825;209;53;20;65;23;8;33;16;36;15;11;19;9;517
312830;4254;207;187;192;354;541;291;187;203;161;170;111;105;6963
312840;1422;54;43;49;53;53;80;85;62;101;81;60;45;2188
312850;482;21;16;13;31;24;12;14;18;18;13;33;8;703
312860;887;94;37;161;154;107;54;223;394;139;139;98;29;2516
312870;10984;637;554;549;688;1055;742;650;779;499;597;617;398;18749
312880;1089;36;26;39;43;48;30;32;55;41;48;43;12;1542
312890;650;15;102;15;17;74;78;101;198;74;64;18;98;1504
312900;807;14;23;35;25;17;17;40;31;25;21;17;12;1084
312910;681;28;33;45;32;29;29;39;32;19;27;31;17;1042
312920;834;45;44;53;34;145;56;21;68;66;26;57;15;1464
312930;607;19;37;20;26;21;27;28;24;18;12;18;7;864
312940;477;10;14;10;8;9;3;11;8;12;9;5;4;580
312950;4187;533;291;503;279;667;625;380;221;227;181;942;382;9418
312960;291;15;21;18;5;5;69;10;2;8;8;4;4;460
312965;293;20;9;8;15;11;7;5;6;1;5;2;0;382
312970;1716;174;107;100;111;680;598;197;76;57;59;56;70;4001
312980;10108;548;1129;736;677;557;628;662;721;589;582;572;425;17934
312990;325;6;10;8;7;10;11;5;7;5;4;4;1;403
313000;326;10;15;10;7;30;83;8;7;12;8;9;4;529
313005;156;12;101;7;6;5;6;4;15;4;5;1;1;323
313010;2872;443;407;193;227;180;147;178;168;160;158;157;156;5446
313020;1665;96;113;96;110;104;95;76;69;81;102;72;60;2739
313030;1213;28;191;147;52;29;200;34;42;30;25;70;38;2099
313040;804;86;16;30;32;24;31;18;20;30;70;41;26;1228
313050;1698;58;109;85;95;260;214;103;82;90;180;100;60;3134
313055;299;36;22;45;7;146;39;52;24;43;27;4;10;754
313060;1208;33;35;73;38;35;36;19;37;18;35;33;6;1606
313065;317;84;37;11;9;14;29;19;55;6;10;8;8;607
313070;888;68;81;32;42;74;141;33;19;42;20;29;10;1479
313080;409;9;8;10;6;28;33;23;13;7;21;11;6;584
313090;1474;79;51;69;49;102;60;59;38;56;46;45;27;2155
313100;1070;105;61;25;37;45;26;33;44;32;57;32;24;1591
313110;926;56;25;38;69;53;31;45;14;38;44;33;22;1394
313115;969;51;56;76;63;73;82;75;90;103;77;47;37;1799
313120;1586;111;62;56;71;60;41;49;58;100;66;62;25;2347
313130;59579;3658;2967;3597;4074;4018;3217;3083;3627;3827;4052;3802;3109;102610
313140;514;42;27;40;22;18;19;14;16;16;27;31;17;803
313150;736;72;67;34;29;17;25;19;61;26;20;28;50;1184
313160;681;32;19;33;17;27;43;177;101;17;18;24;15;1204
313170;29562;1089;1063;1306;1343;1067;1020;1136;1133;932;1114;1025;607;42397
313180;509;7;24;22;6;12;20;18;20;18;11;10;7;684
313190;12040;659;566;987;879;1273;1119;1176;1351;1119;1144;1658;703;24674
313200;995;47;30;63;12;80;52;35;73;67;12;64;38;1568
313210;1761;80;165;98;120;72;62;127;121;77;44;99;20;2846
313220;1737;48;88;100;78;97;54;130;76;80;60;50;35;2633
313230;513;28;56;58;30;36;15;23;12;14;14;8;2;809
313240;19916;684;765;685;987;831;768;890;845;798;1035;933;717;29854
313250;2348;84;198;123;122;113;147;151;158;86;118;93;109;3850
313260;583;6;102;24;50;9;20;16;17;12;11;9;4;863
313270;1814;60;123;67;66;74;57;52;61;35;52;36;23;2520
313280;138;6;39;5;7;5;7;3;9;4;1;1;0;225
313290;1180;69;38;44;24;57;176;141;43;33;33;33;14;1885
313300;1857;97;134;99;92;73;87;104;104;70;62;55;26;2860
313310;3373;108;163;186;119;72;82;168;156;104;158;141;77;4907
313320;789;34;63;28;32;17;21;16;20;16;16;8;26;1086
313330;1565;86;159;66;56;76;33;44;61;38;61;95;36;2376
313340;1964;318;125;227;233;214;81;201;194;115;51;39;26;3788
313350;2426;150;96;124;95;61;77;144;89;89;104;77;65;3597
313360;1265;42;50;100;90;96;62;68;63;42;72;62;37;2049
313370;2012;106;68;74;86;81;74;75;66;43;63;96;44;2888
313375;2828;278;215;202;173;275;189;148;263;193;234;262;142;5402
313380;19793;925;1188;1159;954;965;912;957;952;923;854;869;715;31166
313390;344;1;7;6;6;9;18;7;6;32;9;3;3;451
313400;813;59;14;8;6;16;10;8;7;12;7;9;2;971
313410;446;29;23;22;7;11;65;12;29;35;13;11;1;704
313420;15364;1129;1167;922;764;872;777;900;1398;901;1062;994;952;27202
313430;393;10;5;7;8;19;14;7;4;4;12;6;1;490
313440;6673;329;1505;1374;1178;1124;456;248;330;409;276;267;222;14391
313450;330;7;25;16;13;58;32;13;11;36;8;26;6;581
313460;1548;45;89;69;40;73;104;53;61;58;47;57;44;2288
313470;501;76;72;24;6;6;8;6;8;13;7;6;5;738
313480;966;63;98;52;118;50;82;112;73;24;62;63;19;1782
313490;5243;431;397;347;268;252;275;227;217;223;185;172;112;8349
313500;466;13;42;25;38;18;19;29;25;14;14;28;18;749
313505;2101;465;479;355;308;177;237;273;267;291;215;106;122;5396
313507;345;2;1;21;9;9;7;11;12;4;13;13;10;457
313510;7439;1121;540;438;395;403;386;299;471;331;276;314;250;12663
313520;3453;73;80;103;116;69;85;91;116;97;136;122;81;4622
313530;506;18;41;45;33;34;20;23;56;19;36;16;10;857
313535;252;3;144;34;11;9;4;6;17;4;5;6;2;497
313540;312;4;35;25;10;9;21;13;21;18;24;31;9;532
313545;342;8;35;64;36;12;23;26;28;13;64;3;0;654
313550;1034;35;38;23;43;41;24;15;35;21;20;18;17;1364
313560;483;12;20;46;14;12;4;18;11;14;13;11;6;664
313570;564;125;122;55;39;55;43;27;48;38;41;62;38;1257
313580;1528;59;56;92;51;22;43;36;35;83;49;38;75;2167
313590;659;26;42;17;23;47;24;45;19;6;13;6;6;933
313600;596;15;261;30;23;19;29;47;43;14;15;108;11;1211
313610;447;79;81;71;36;38;18;40;19;124;90;51;30;1124
313620;14867;722;905;1176;692;727;777;597;916;1016;726;1087;663;24871
313630;6972;493;1415;673;586;882;1063;708;767;940;620;835;524;16478
313640;384;21;67;23;7;29;27;21;16;7;19;14;5;640
313650;539;9;5;12;9;16;10;17;18;16;16;10;4;681
313652;137;1;1;0;1;0;0;78;0;2;0;0;0;220
313655;252;14;35;8;2;3;11;41;14;7;10;4;8;409
313657;254;4;24;2;8;6;3;3;5;5;8;4;4;330
313660;401;22;29;24;17;21;25;18;14;8;20;16;9;624
313665;4211;196;366;262;274;227;300;192;254;223;325;314;180;7324
313670;106868;5131;4242;4913;4699;4885;4777;4992;5087;4685;5596;5328;4798;166001
313680;419;21;4;6;8;5;11;7;9;6;2;5;2;505
313690;1131;55;53;44;41;133;239;65;65;46;54;117;37;2080
313695;243;2;10;5;6;8;2;2;3;0;4;2;0;287
313700;502;24;23;25;14;11;15;8;9;11;16;21;6;685
313710;794;89;60;126;95;46;117;47;87;69;96;70;28;1724
313720;6530;223;339;340;387;617;382;456;3378;699;836;539;411;15137
313730;300;4;5;2;0;3;1;1;11;1;0;1;1;330
313740;1013;23;58;31;45;56;22;29;37;32;51;25;21;1443
313750;1372;84;51;55;29;39;403;96;51;52;70;39;78;2419
313753;969;98;152;83;91;80;103;99;77;52;115;76;138;2133
313760;9280;426;379;436;406;391;364;418;434;434;411;371;316;14066
313770;1493;45;88;77;37;84;265;80;73;45;36;39;10;2372
313780;2259;101;139;95;65;156;85;71;88;95;88;102;54;3398
313790;201;4;3;3;14;13;39;14;7;14;0;1;0;313
313800;569;13;28;24;10;12;21;11;65;12;10;17;9;801
313810;881;208;37;241;92;82;201;212;70;34;17;27;19;2121
313820;18432;731;858;805;729;1018;1005;977;1033;895;1095;922;698;29198
313830;413;18;21;69;24;17;17;15;4;24;14;12;1;649
313835;241;2;6;2;6;7;0;5;2;1;1;2;2;277
313840;8201;313;351;367;278;272;255;335;381;317;302;325;202;11899
313850;684;44;49;31;14;47;91;90;33;11;11;10;11;1126
313860;1829;84;108;56;61;59;32;64;50;75;59;46;43;2566
313862;963;48;364;179;264;119;79;47;264;189;37;83;40;2676
313865;39;133;167;75;20;14;9;4;20;9;17;10;3;520
313867;153;102;38;6;28;6;5;5;5;9;4;9;4;374
313868;221;100;64;7;12;30;37;27;16;16;23;9;5;567
313870;837;22;25;31;42;207;377;78;31;26;33;32;9;1750
313880;2608;158;142;132;147;258;146;110;173;118;117;161;104;4374
313890;287;16;40;7;5;5;2;11;8;5;1;0;2;389
313900;7666;402;275;337;446;1920;846;480;456;275;277;264;159;13803
313910;453;14;8;8;5;4;15;9;9;9;12;11;15;572
313920;889;85;55;36;18;24;28;38;22;15;31;27;8;1276
313925;231;4;4;19;2;1;1;0;16;2;2;1;1;284
313930;517;20;16;13;57;17;19;5;26;59;13;38;46;846
313940;13124;680;823;668;836;1717;1237;1000;731;650;765;724;443;23398
313950;2536;97;149;102;164;417;214;212;100;94;146;75;73;4379
313960;2677;193;150;111;104;109;94;102;65;95;82;100;73;3955
313970;805;132;83;54;43;56;48;52;45;25;31;25;11;1410
313980;2479;125;98;146;120;224;208;153;128;146;138;122;49;4136
313990;1011;32;35;19;20;21;30;46;35;32;26;12;11;1330
314000;7976;696;562;569;689;762;519;671;813;702;566;606;449;15580
314010;273;68;25;13;7;16;21;25;5;8;13;12;6;492
314015;741;70;85;58;51;39;38;31;55;52;44;29;16;1309
314020;773;44;111;20;54;32;52;48;128;55;50;37;63;1467
314030;724;17;65;47;33;51;30;24;30;69;34;26;5;1155
314040;211;0;2;10;4;3;5;2;4;3;4;3;0;251
314050;3769;196;332;316;316;305;225;276;345;242;335;245;190;7092
314053;377;64;62;26;72;213;143;107;20;24;40;13;5;1166
314055;241;61;61;9;8;6;5;15;5;8;6;2;8;435
314060;280;8;39;10;0;6;6;6;40;4;0;3;3;405
314070;4093;277;213;256;213;246;187;271;269;199;194;233;129;6780
314080;3702;196;160;206;221;182;292;242;226;140;262;174;119;6122
314085;603;32;231;80;38;49;31;29;37;30;25;34;38;1257
314090;1202;39;84;81;69;127;149;60;56;48;57;33;55;2060
314100;510;20;38;78;15;13;1;10;15;32;15;2;7;756
314110;8702;943;1002;916;712;963;1009;679;682;835;597;611;664;18315
314120;274;23;57;8;11;10;35;6;15;7;10;10;8;474
314130;430;3;12;12;6;115;49;24;64;22;17;31;6;791
314140;1311;20;34;110;60;40;37;41;32;45;24;29;20;1803
314150;301;93;47;16;21;12;1;31;32;11;25;6;2;598
314160;837;14;90;41;35;44;35;42;43;15;26;27;19;1268
314170;353;5;11;6;10;38;7;15;20;13;6;17;18;519
314180;1172;239;276;97;70;105;171;107;101;36;19;58;14;2465
314190;480;29;5;16;16;8;8;11;11;17;7;15;13;636
314200;613;14;75;20;27;21;20;14;10;17;3;17;0;851
314210;873;41;50;29;29;54;15;26;24;43;45;28;26;1283
314220;1556;37;43;41;45;51;24;31;71;427;300;251;198;3075
314225;73;55;114;13;9;12;12;8;13;18;3;7;5;342
314230;353;12;17;11;16;19;14;12;13;17;7;9;9;509
314240;627;32;60;38;34;26;37;32;31;34;25;17;16;1009
314250;258;3;11;7;5;4;3;6;10;8;2;4;2;323
314260;1450;58;78;45;44;61;219;101;34;60;63;51;21;2285
314270;641;20;59;47;21;13;6;5;13;13;11;9;2;860
314280;2233;142;124;102;143;166;119;162;141;110;169;156;176;3943
314290;1330;9;35;30;22;75;22;10;11;19;20;12;4;1599
314300;2699;110;115;196;822;1777;204;145;51;55;22;35;23;6254
314310;8022;453;350;525;479;2255;3329;1441;1125;448;495;560;358;19840
314315;213;10;58;7;4;8;49;12;31;1;8;3;2;406
314320;3132;352;276;297;232;461;342;232;202;137;101;126;118;6008
314330;54019;2617;2918;3186;2060;2375;2258;2447;2457;2173;2574;2474;2409;83967
314340;3847;126;221;172;167;137;121;113;136;141;112;84;56;5433
314345;445;53;11;14;8;8;14;27;17;48;25;23;11;704
314350;946;56;275;38;29;32;34;49;42;29;24;19;15;1588
314360;664;44;22;32;32;32;28;38;26;22;37;24;28;1029
314370;405;15;13;9;12;9;7;30;9;16;17;8;5;555
314380;464;53;35;38;23;15;6;11;9;2;5;9;2;672
314390;19290;618;862;938;886;797;736;863;817;847;1018;897;673;29242
314400;1592;66;74;55;49;52;54;104;83;61;72;55;50;2367
314410;2937;161;135;127;154;255;371;218;206;151;147;110;107;5079
314420;131;38;35;10;6;8;12;21;4;6;15;0;1;287
314430;5585;606;251;958;1158;461;351;196;284;203;246;159;139;10597
314435;456;25;29;26;8;16;23;18;15;22;11;17;13;679
314437;298;7;25;8;1;5;0;4;16;4;2;2;4;376
314440;506;27;18;19;10;14;36;7;10;8;12;8;7;682
314450;705;15;39;37;32;55;108;27;32;32;28;28;19;1157
314460;3247;77;93;113;106;361;571;278;192;93;84;50;93;5358
314465;440;26;35;20;14;12;7;12;8;7;8;12;0;601
314467;219;8;9;14;6;6;12;18;5;4;2;7;0;310
314470;3419;157;200;145;157;124;137;152;120;146;203;126;54;5140
314480;24509;1262;1520;1701;1485;1377;1207;1537;1697;1831;1756;1394;1100;42376
314490;325;44;34;11;9;9;13;7;10;19;6;4;7;498
314500;2760;173;224;233;143;201;207;136;143;113;162;206;166;4867
314505;780;40;70;47;23;31;47;29;49;30;29;30;23;1228
314510;995;26;43;169;38;101;188;90;49;88;25;43;50;1905
314520;18816;884;1980;1899;1501;1514;1284;1348;1342;1522;1436;897;227;34650
314530;563;160;270;56;57;50;622;66;78;18;61;8;2;2011
314535;593;58;76;36;20;30;31;13;19;20;18;18;10;942
314537;264;60;17;24;4;5;7;26;12;8;4;1;0;432
314540;233;4;2;1;3;3;4;2;3;2;0;3;1;261
314545;786;35;115;39;41;97;32;93;50;118;83;83;48;1620
314550;400;35;9;15;12;40;70;27;9;4;9;8;5;643
314560;6605;263;293;448;284;924;676;305;316;259;261;262;254;11150
314570;155;34;27;8;6;6;2;4;2;3;5;2;9;263
314580;336;7;34;23;26;6;15;10;14;20;5;4;7;507
314585;391;11;118;21;13;13;11;25;36;9;12;14;9;683
314587;178;74;70;16;6;180;5;9;8;10;7;4;2;569
314590;15109;1048;1312;1305;1059;1040;1087;984;1068;720;788;875;581;26976
314600;4722;211;185;206;175;301;261;206;222;195;200;171;80;7135
314610;13710;620;935;583;456;478;398;498;528;632;664;683;465;20650
314620;239;0;6;12;8;3;1;6;4;1;0;1;1;282
314625;500;78;39;104;49;21;75;17;104;6;5;7;21;1026
314630;759;29;35;37;16;35;13;18;35;25;12;13;7;1034
314640;514;20;14;15;11;11;9;16;13;13;9;5;11;661
314650;1821;59;99;91;86;68;66;67;94;103;91;60;52;2757
314655;291;25;5;54;12;12;9;1;7;7;5;2;0;430
314660;172;1;29;11;3;3;11;3;6;3;5;5;1;253
314670;583;12;28;12;14;5;31;8;6;23;11;5;11;749
314675;303;3;12;6;14;5;2;1;4;2;1;4;0;357
314690;3605;149;135;138;201;139;118;154;118;155;105;127;120;5264
314700;12959;910;1232;1142;1415;1134;974;1028;1482;1337;1450;1521;1436;28020
314710;18589;873;892;1015;863;797;864;978;923;1621;922;917;716;29970
314720;3338;136;146;129;137;272;171;188;161;129;178;122;88;5195
314730;5227;119;84;83;77;107;91;94;285;128;137;98;48;6578
314740;4239;159;151;203;163;181;161;205;240;210;240;178;137;6467
314750;140;2;1;0;2;4;0;0;2;3;3;0;0;157
314760;2704;91;113;105;120;87;129;110;114;111;111;83;67;3945
314770;986;37;21;28;28;30;23;41;22;28;41;16;22;1323
314780;222;5;10;4;1;2;6;6;5;0;5;25;5;296
314790;18176;805;1184;1019;2116;1183;1092;786;952;798;851;837;606;30405
314795;280;9;26;8;6;3;0;6;0;1;2;0;2;343
314800;27190;1305;1431;1537;1402;1729;2630;1763;1549;1454;1652;1735;1393;46770
314810;15248;1138;968;1150;1166;3883;4148;2361;1952;1088;1064;996;637;35799
314820;897;15;17;20;17;19;6;19;23;12;31;18;13;1107
314830;545;22;32;16;34;607;89;50;29;21;15;6;2;1468
314840;177;46;35;10;6;6;7;6;4;3;2;28;0;330
314850;531;12;71;14;16;23;23;17;19;17;13;8;6;770
314860;1347;17;168;88;143;92;88;102;72;51;105;88;6;2367
314870;1833;59;126;52;27;34;50;37;72;35;31;48;15;2419
314875;172;63;115;18;7;9;6;3;7;16;9;6;1;432
314880;266;3;15;14;13;5;10;3;17;7;4;5;6;368
314890;540;37;70;20;27;23;34;19;25;15;20;35;22;887
314900;188;4;25;4;3;10;3;4;5;1;2;1;0;250
314910;1114;30;33;24;47;133;59;63;42;26;19;23;12;1625
314915;468;40;35;21;33;4;23;29;15;7;18;70;10;773
314920;513;8;79;79;17;50;12;7;4;7;19;23;10;828
314930;12585;626;978;784;853;792;759;757;875;638;648;712;438;21445
314940;135;6;23;5;4;2;6;4;4;0;2;0;1;192
314950;714;19;38;35;30;34;20;93;30;121;15;28;9;1186
314960;381;7;38;11;17;10;13;11;3;9;7;3;4;514
314970;1218;44;72;88;47;59;57;83;59;72;55;36;14;1904
314980;2883;397;262;367;296;512;613;378;304;250;177;253;454;7146
314990;3328;110;126;167;120;181;215;127;129;135;141;145;113;5037
314995;427;10;145;35;12;35;21;21;20;19;17;7;7;776
315000;288;14;38;10;23;13;34;19;18;15;6;9;5;492
315010;342;6;9;4;4;7;2;2;12;2;9;2;2;403
315015;316;12;17;11;22;60;220;153;84;10;22;6;8;941
315020;370;11;150;33;20;40;15;24;8;4;12;10;7;704
315030;392;13;9;9;19;19;16;11;18;7;16;17;10;556
315040;273;2;6;1;5;11;14;0;7;4;1;4;7;335
315050;1029;36;39;30;767;180;97;67;30;23;20;20;11;2349
315053;293;4;11;36;3;5;1;5;4;9;6;1;1;379
315057;312;3;21;9;16;16;5;20;5;8;11;5;3;434
315060;608;37;13;9;16;6;9;12;7;9;13;6;9;754
315070;1055;41;389;482;602;429;164;126;67;43;48;55;13;3514
315080;831;48;77;26;56;69;31;26;21;24;21;21;10;1261
315090;410;9;3;12;8;14;9;7;7;7;3;7;1;497
315100;658;33;40;26;28;62;29;27;30;26;25;28;17;1029
315110;1845;35;85;55;42;68;47;44;83;44;48;27;30;2453
315120;8947;387;646;388;497;961;440;384;277;266;300;303;253;14049
315130;1302;46;76;64;44;31;82;62;78;112;37;29;21;1984
315140;4133;186;302;164;132;215;180;141;169;165;189;209;128;6313
315150;4925;320;351;218;641;1491;684;374;274;281;414;474;284;10731
315160;622;130;113;48;48;40;29;39;21;31;31;42;24;1218
315170;1291;24;48;51;51;36;37;48;69;64;60;56;29;1864
315180;36422;1652;1491;2135;1681;2395;1749;1962;2039;1791;2200;1779;1525;58821
315190;220;4;83;24;13;6;10;5;20;10;14;5;5;419
315200;3735;455;513;225;318;545;179;174;259;209;141;160;88;7001
315210;11645;335;482;482;500;731;454;476;448;534;488;461;448;17484
315213;279;1;7;11;9;4;4;5;0;2;2;7;0;331
315217;426;62;172;27;38;36;28;19;23;9;12;8;24;884
315220;1627;343;183;151;78;74;73;71;182;286;66;29;27;3190
315230;465;14;14;15;79;110;15;11;4;12;11;17;1;768
315240;653;70;55;30;17;10;44;40;28;5;16;8;5;981
315250;29799;1665;1807;1892;1869;1863;1627;1811;2073;1774;1745;1737;1407;51069
315260;1031;33;46;61;32;72;42;48;33;27;21;28;21;1495
315270;824;39;72;15;23;37;38;32;14;18;20;22;19;1173
315280;4422;379;346;322;251;260;254;207;258;227;219;400;316;7861
315290;797;32;32;96;26;42;40;37;41;43;42;30;41;1299
315300;285;26;22;36;6;21;65;90;11;9;13;7;7;598
315310;383;9;30;6;6;93;69;11;5;3;4;5;1;625
315320;363;2;7;12;6;11;6;12;5;2;4;4;8;442
315330;250;19;3;13;4;3;2;0;7;3;0;3;19;326
315340;2287;178;171;201;120;267;1051;240;151;194;95;104;71;5130
315350;467;22;15;21;16;14;15;15;19;13;5;7;1;630
315360;1412;289;164;73;148;89;67;87;59;43;210;69;41;2751
315370;397;22;10;14;37;18;201;23;17;12;20;4;27;802
315380;210;1;2;2;5;0;2;2;8;6;1;4;0;243
315390;608;22;61;50;17;25;27;22;25;28;25;32;17;959
315400;1760;60;120;51;72;74;70;42;72;50;67;33;41;2512
315410;939;22;41;27;23;26;29;16;29;28;34;36;15;1265
315415;433;46;80;39;106;126;70;18;10;5;18;9;4;964
315420;824;26;33;27;18;27;23;32;29;20;32;34;38;1163
315430;2281;149;133;133;144;185;149;87;119;133;174;138;92;3917
315440;549;6;32;12;18;13;22;34;40;26;17;20;4;793
315445;406;10;15;15;10;6;2;24;19;9;13;1;7;537
315450;921;151;78;68;37;39;27;35;36;24;97;54;68;1635
315460;12681;4464;858;834;716;628;628;2538;1748;1018;946;805;679;28543
315470;684;13;33;41;16;36;21;19;35;23;22;20;15;978
315480;2185;108;114;105;82;130;108;109;131;122;117;113;76;3500
315490;2209;99;209;109;101;125;150;65;80;71;105;93;34;3450
315500;301;21;37;44;22;9;19;17;10;14;7;7;8;516
315510;343;30;2;15;2;0;3;0;9;4;1;14;80;503
315520;232;9;17;6;3;5;2;0;4;5;5;5;2;295
315530;305;59;27;7;8;4;15;17;7;7;5;11;2;474
315540;1082;30;66;57;42;41;58;49;30;32;52;23;13;1575
315550;3179;94;135;1304;325;596;1747;1940;1284;361;384;217;168;11734
315560;1473;247;242;65;32;101;28;45;40;35;37;20;42;2407
315570;1771;83;122;92;89;85;88;68;94;110;72;49;42;2765
315580;2137;69;67;106;146;61;80;69;97;80;109;59;38;3118
315590;612;15;17;25;17;30;20;24;14;15;12;11;8;820
315600;750;2;14;21;12;14;11;11;14;9;7;11;12;888
315610;329;89;17;13;15;36;15;29;19;18;10;14;9;613
315620;376;14;24;13;20;11;4;6;13;34;19;11;9;554
315630;2064;104;87;89;115;132;227;93;97;214;133;107;63;3525
315640;615;122;69;35;44;193;239;159;83;61;39;59;25;1743
315645;316;12;40;14;10;55;20;14;12;9;9;10;8;529
315650;432;7;12;14;19;15;4;1;3;2;1;9;2;521
315660;417;55;69;23;17;7;12;8;53;7;12;9;4;693
315670;12195;502;831;656;503;494;405;398;542;356;533;377;336;18128
315680;990;36;28;25;36;26;16;21;23;12;28;21;42;1304
315690;4342;149;191;311;218;205;334;215;213;161;287;190;155;6971
315700;4151;229;172;178;204;172;222;217;200;210;258;158;138;6509
315710;754;13;16;35;14;13;12;8;17;7;15;21;9;934
315720;5638;336;219;273;269;264;318;314;280;242;243;157;144;8697
315725;358;56;70;31;17;28;14;11;32;24;7;6;2;656
315727;107;7;4;7;3;4;4;7;3;2;0;4;4;156
315730;219;50;80;15;5;13;15;4;10;8;13;8;5;445
315733;478;35;22;51;23;16;21;23;22;27;41;24;26;809
315737;298;11;35;17;8;9;6;7;17;10;11;3;2;434
315740;387;7;10;8;6;17;14;14;13;7;5;3;3;494
315750;228;13;8;3;3;4;9;5;4;2;5;0;2;286
315760;132;62;33;13;3;2;3;4;4;0;6;5;4;271
315765;143;69;89;6;3;9;1;3;6;1;2;0;0;332
315770;1997;163;699;645;368;284;194;477;341;239;695;228;136;6466
315780;21911;953;1099;1005;877;860;1290;994;1248;916;982;1117;693;33945
315790;731;13;48;19;11;17;41;228;26;24;12;12;10;1192
315800;1052;53;49;47;48;25;86;55;39;40;41;37;34;1606
315810;325;1;4;1;5;0;1;4;1;4;5;4;1;356
315820;797;27;132;38;72;38;35;14;20;24;27;19;11;1254
315830;1208;134;86;46;65;254;291;209;97;59;40;35;98;2622
315840;315;5;28;56;10;12;7;14;3;20;3;7;5;485
315850;424;11;9;9;15;18;5;21;14;17;6;4;4;557
315860;564;26;26;38;22;17;8;15;24;17;33;33;4;827
315870;190;36;17;1;7;4;2;3;3;1;3;2;1;270
315880;436;12;31;13;7;26;14;22;40;10;14;21;7;653
315890;469;25;37;21;96;75;110;71;27;18;13;14;5;981
315895;1898;205;116;187;109;133;144;143;175;175;119;136;114;3654
315900;423;9;10;13;13;9;13;11;11;13;20;11;13;569
315910;343;4;4;5;12;8;2;9;7;5;2;2;0;403
315920;781;17;23;29;25;26;44;21;14;13;29;57;7;1086
315930;568;10;18;7;14;10;4;7;5;5;5;2;5;660
315935;660;52;70;27;25;338;168;81;35;27;33;23;16;1555
315940;311;14;23;8;1;3;5;9;5;8;3;7;30;427
315950;305;6;20;14;30;143;128;11;4;6;3;8;1;679
315960;10088;480;475;557;562;745;688;527;524;671;643;520;327;16807
315970;282;7;13;6;5;15;146;23;20;2;13;14;3;549
315980;2227;521;409;86;496;132;204;136;109;115;142;226;105;4908
315990;2103;198;128;131;161;931;625;271;109;47;78;280;75;5137
316000;308;1;30;21;7;9;2;8;9;2;9;0;4;410
316010;316;17;11;9;2;14;11;14;9;15;6;4;2;430
316020;273;16;6;12;7;4;4;5;3;2;2;0;3;337
316030;422;7;41;16;11;10;6;5;6;2;5;3;0;534
316040;4941;168;220;225;158;124;128;109;216;180;234;157;144;7004
316045;244;15;108;13;3;15;5;5;6;25;4;2;1;446
316050;140;6;3;10;1;2;2;3;6;1;1;3;0;178
316060;386;23;9;4;7;5;7;3;7;25;2;17;3;498
316070;5521;168;379;188;183;187;205;194;186;256;247;218;234;8166
316080;388;16;30;19;17;124;56;54;21;16;8;13;11;773
316090;346;22;48;9;9;30;24;17;65;14;18;18;11;631
316095;473;12;80;13;25;179;110;128;15;41;9;29;8;1122
316100;1377;41;121;57;49;47;83;62;72;62;59;38;31;2099
316105;203;2;2;2;1;1;2;2;1;2;1;1;1;221
316110;2345;87;195;141;72;88;87;63;144;161;119;96;53;3651
316120;695;24;54;18;17;312;275;40;49;20;38;60;6;1608
316130;819;24;27;54;22;37;32;49;45;21;28;62;8;1228
316140;397;17;17;28;22;80;33;4;23;18;20;24;5;688
316150;1166;26;27;89;44;117;43;39;39;53;44;35;30;1752
316160;97;52;30;9;3;5;6;17;4;5;1;82;3;314
316165;193;2;23;3;8;7;2;0;2;4;3;2;0;249
316170;1070;66;66;61;70;66;167;48;83;66;102;100;40;2005
316180;1834;58;151;138;89;142;55;54;98;93;109;69;39;2929
316190;1449;105;356;88;108;77;42;82;132;164;37;30;18;2688
316200;3618;106;151;237;296;527;505;243;231;177;116;103;84;6394
316210;3623;180;386;823;236;327;699;593;473;454;291;234;140;8459
316220;909;94;58;61;25;90;42;40;40;56;26;27;24;1492
316225;218;21;21;4;4;7;2;4;12;11;9;0;4;317
316230;214;5;13;6;9;5;10;2;2;0;4;6;4;280
316240;1011;28;35;28;17;36;17;50;32;30;29;25;36;1374
316245;351;6;4;3;2;5;0;0;0;0;5;0;1;377
316250;14282;714;783;607;542;680;582;520;755;706;660;922;627;22380
316255;592;19;47;40;19;224;188;144;159;131;22;8;7;1600
316257;493;8;29;12;8;20;22;18;10;10;9;14;12;665
316260;497;9;25;20;10;17;6;18;10;12;22;13;5;664
316265;172;6;16;10;8;4;4;4;4;2;6;1;0;237
316270;1645;392;91;158;112;172;101;137;130;80;105;99;60;3282
316280;918;34;39;39;55;48;17;46;45;52;16;38;17;1364
316290;5040;156;223;254;227;155;234;211;204;593;236;163;129;7825
316292;3851;119;270;151;139;178;302;284;185;192;214;192;118;6195
316294;1057;21;53;56;98;54;36;20;20;31;52;31;21;1550
316295;2705;92;271;151;136;137;72;84;139;78;94;83;80;4122
316300;166;5;2;2;7;0;2;6;11;5;10;2;2;220
316310;702;37;40;27;22;12;23;31;21;22;19;23;14;993
316320;247;5;4;12;4;3;4;0;6;2;6;3;3;299
316330;130;34;1;0;2;2;2;2;0;1;2;1;0;177
316340;939;32;18;24;41;14;38;29;44;22;17;13;26;1257
316350;240;32;90;16;10;3;6;112;35;17;9;4;1;575
316360;152;22;18;20;1;1;2;2;2;2;2;3;3;230
316370;7192;298;395;389;277;304;310;493;427;290;349;291;314;11329
316380;335;14;24;10;22;106;27;18;9;6;7;5;5;588
316390;375;2;18;8;11;3;45;12;9;24;5;5;6;523
316400;1414;41;59;32;361;106;30;30;81;26;20;23;18;2241
316410;211;42;35;3;0;1;4;2;1;8;2;0;3;312
316420;576;6;2;20;7;135;33;38;27;17;7;11;3;882
316430;649;34;36;31;48;266;32;17;27;26;14;42;17;1239
316440;830;34;40;63;79;170;147;93;37;46;39;29;38;1645
316443;233;0;12;1;0;2;2;1;6;0;2;3;5;267
316447;322;24;107;37;59;31;18;23;29;8;18;14;1;691
316450;254;15;8;10;7;10;4;8;16;5;5;3;4;349
316460;1585;70;85;116;123;101;206;100;148;97;168;117;122;3038
316470;15113;713;1002;1042;1033;1224;1483;1138;1095;1022;889;802;550;27106
316480;170;1;8;4;3;1;0;1;2;4;1;1;0;196
316490;237;0;55;8;11;102;5;5;13;9;6;4;3;458
316500;1216;42;35;26;31;78;29;49;33;30;52;31;27;1679
316510;903;65;64;62;34;217;238;47;22;16;21;22;13;1724
316520;2333;52;55;135;95;107;66;82;78;88;71;48;59;3269
316530;1034;29;39;18;45;47;36;41;31;23;31;35;15;1424
316540;949;59;33;15;22;36;30;19;34;26;93;68;9;1393
316550;126;50;109;24;2;16;5;12;13;2;5;2;4;370
316553;3109;314;199;256;188;158;146;183;215;204;189;181;155;5497
316555;171;1;17;24;3;6;53;3;2;1;0;1;2;284
316556;161;6;0;2;3;1;2;1;5;2;2;2;1;188
316557;265;7;8;8;11;6;4;28;38;16;6;1;1;399
316560;270;61;21;35;10;9;16;11;3;28;4;10;13;491
316570;574;57;20;12;26;146;120;9;26;10;8;15;10;1033
316580;134;23;17;2;8;0;4;1;0;2;2;7;3;203
316590;282;47;29;9;18;11;9;9;20;0;3;0;5;442
316600;350;20;19;15;73;53;85;5;7;2;13;3;7;652
316610;282;23;6;8;9;3;6;5;2;8;26;19;4;401
316620;369;19;39;19;14;19;9;6;17;13;14;13;10;561
316630;320;8;16;8;6;16;0;2;3;6;2;3;1;391
316640;182;24;14;8;4;2;0;3;25;12;13;12;1;300
316650;177;20;51;6;8;9;9;2;9;9;1;1;2;304
316660;125;88;0;4;0;6;2;2;0;1;0;2;2;232
316670;949;33;76;67;352;180;221;61;38;27;45;30;8;2087
316680;1543;100;91;101;59;784;925;697;536;117;107;74;63;5197
316690;1176;78;56;74;81;370;182;98;26;33;33;39;6;2252
316695;194;2;59;10;2;3;4;6;6;3;3;1;0;293
316700;204;2;7;8;2;3;6;13;8;40;13;4;5;315
316710;1439;82;128;58;42;27;42;25;55;27;37;35;14;2011
316720;42208;2118;1991;2211;2158;2148;1764;1791;2163;1949;2228;3035;1614;67378
316730;209;2;0;3;1;0;0;4;3;0;7;1;0;230
316740;1116;34;68;46;45;74;56;36;25;36;41;36;37;1650
316750;490;12;12;26;30;24;14;24;16;12;27;14;8;709
316760;564;115;40;30;17;62;75;50;13;23;22;10;24;1045
316770;424;5;10;14;17;21;16;21;14;9;15;9;4;579
316780;488;50;30;28;40;62;86;23;20;15;7;13;1;863
316790;424;12;12;11;10;12;7;11;17;7;16;16;9;564
316800;2820;210;301;227;168;265;584;229;170;124;151;181;149;5579
316805;229;10;24;14;13;11;11;10;10;8;11;4;6;361
316810;1990;83;79;96;71;49;109;86;59;76;49;114;49;2910
316820;323;4;50;18;7;91;48;4;4;5;0;2;0;556
316830;408;18;22;18;12;4;3;13;12;8;6;4;9;537
316840;445;135;112;23;12;40;24;25;39;23;21;17;9;925
316850;1045;22;51;22;21;156;110;48;33;26;29;19;15;1597
316860;17565;988;905;1280;835;865;797;752;966;832;945;884;755;28369
316870;16779;748;765;959;956;765;1270;1005;908;779;925;944;952;27755
316880;1323;68;101;76;52;80;60;64;77;95;74;72;48;2190
316890;631;19;44;52;24;45;383;48;53;26;29;33;5;1392
316900;2428;68;85;94;90;122;118;108;161;152;158;179;46;3809
316905;190;3;30;13;8;7;6;3;4;8;3;3;2;280
316910;595;17;43;36;37;8;29;89;49;24;29;41;5;1002
316920;929;30;103;41;33;21;39;40;24;30;24;16;19;1349
316930;14540;447;967;597;575;1128;1111;1086;1278;669;948;654;585;24585
316935;4416;155;158;234;168;272;184;193;267;278;223;173;145;6866
316940;10501;470;424;442;940;1793;1551;979;995;431;527;447;279;19779
316950;267;45;81;11;22;25;25;11;16;11;25;4;6;549
316960;3419;180;171;215;288;195;225;158;182;135;170;123;72;5533
316970;2056;118;215;177;74;62;68;158;71;146;113;61;53;3372
316980;663;8;64;52;27;23;47;43;17;15;18;12;42;1031
316990;19805;883;734;1154;964;1014;1066;1408;1173;1064;1403;1149;738;32555
317000;347;50;2;4;4;3;4;3;2;3;4;9;1;436
317005;636;107;51;27;156;74;43;34;31;22;16;32;11;1240
317010;64989;3688;3659;3816;3375;3898;3314;3199;3868;3401;3972;3450;2758;107387
317020;137442;6840;9742;7852;7835;8289;11158;7654;8230;7828;9204;7991;6697;236762
317030;73;1;0;0;2;1;1;2;0;1;1;1;0;83
317040;11920;1553;720;516;523;693;889;722;591;468;612;698;423;20328
317043;545;25;634;166;224;186;56;40;36;41;12;67;38;2070
317047;304;115;102;43;8;3;9;11;5;5;7;15;5;632
317050;2133;49;52;55;190;681;41;40;26;27;20;21;19;3354
317052;634;82;54;20;27;420;79;22;29;13;60;29;14;1483
317057;394;17;35;29;8;15;13;33;17;19;9;11;6;606
317060;314;18;26;27;33;124;22;17;13;14;30;19;8;665
317065;257;92;6;46;25;16;10;9;6;6;6;6;0;485
317070;33085;1938;1960;1886;1908;2189;2246;1914;2240;1776;1914;1798;1239;56093
317075;742;32;15;206;30;79;196;33;42;21;40;22;23;1481
317080;5703;427;530;369;327;482;281;280;310;209;265;283;173;9639
317090;691;66;51;36;20;16;24;15;24;15;5;28;6;997
317100;2876;238;372;121;130;108;207;155;187;106;155;193;107;4955
317103;804;8;304;39;21;25;27;37;21;30;36;29;7;1388
317107;327;29;16;12;6;2;8;4;5;12;10;12;4;447
317110;516;48;33;28;37;35;82;16;31;48;46;53;28;1001
317115;211;11;17;2;56;14;4;0;8;0;2;1;1;327
317120;10057;414;541;1023;513;610;471;501;519;668;703;479;350;16849
317130;14924;359;506;396;465;851;561;418;556;414;604;432;352;20838
317140;284;19;18;10;13;13;8;11;5;8;16;10;21;436
317150;98;122;8;61;1;8;0;3;2;0;2;2;1;308
317160;635;9;26;22;6;6;24;6;5;6;14;8;5;772
317170;877;17;60;25;17;38;23;21;22;34;45;49;65;1293
317180;685;31;25;19;25;18;8;7;6;25;12;14;12;887
317190;249;2;8;4;6;2;8;3;4;4;1;6;4;301
317200;8346;332;336;318;272;402;357;489;392;302;362;326;201;12435
317210;745;59;109;32;17;33;23;25;30;20;19;17;9;1138
317220;301;6;5;8;8;6;5;12;10;3;4;6;3;377
319999;0;0;0;0;0;0;0;0;0;0;0;0;0;0
320010;2607;48;353;144;72;56;35;77;92;85;117;50;43;3779
320013;684;22;182;70;32;38;28;91;32;31;38;20;6;1274
320016;784;13;42;63;23;51;22;28;16;33;28;13;18;1134
320020;3102;95;166;89;111;123;130;203;200;163;129;142;85;4738
320030;1292;217;239;123;57;65;60;81;87;62;69;53;66;2471
320035;537;9;64;34;19;13;26;128;41;25;9;17;5;927
320040;5156;892;674;498;381;209;199;240;362;248;289;324;245;9717
320050;645;50;39;125;14;19;14;13;25;15;11;17;22;1009
320060;20078;1498;1922;1927;1615;2192;1470;1649;1817;1846;1050;1019;1101;39184
320070;1873;73;88;160;74;60;77;56;38;45;83;40;32;2699
320080;3757;210;687;269;214;706;298;392;232;267;171;122;67;7392
320090;5185;304;392;365;283;249;220;279;253;211;177;182;131;8231
320100;1375;58;168;96;535;159;81;131;55;53;56;51;24;2842
320110;1053;25;23;36;12;17;25;17;19;10;14;22;23;1296
320115;789;91;114;53;45;155;317;76;27;21;10;31;29;1758
320120;38170;1489;2585;2146;1692;1391;1449;1496;1677;1537;1647;1398;1100;57777
320130;37296;4885;3382;2477;2039;2190;2130;2433;2303;1987;2640;2298;1930;67990
320140;4612;124;382;235;216;238;244;222;189;242;195;197;176;7272
320150;26944;882;1142;1340;1125;1290;1113;1149;1482;1179;1298;1265;1116;41325
320160;3426;287;859;2167;1720;612;191;144;134;182;119;174;86;10101
320170;1047;107;148;46;60;57;64;71;51;52;31;35;34;1803
320180;289;51;23;19;29;6;9;11;1;7;8;4;3;460
320190;3681;142;439;226;194;171;185;187;182;139;171;163;103;5983
320200;529;16;24;11;15;30;43;31;20;14;11;16;6;766
320210;2638;163;259;90;164;157;110;135;104;129;120;87;49;4205
320220;3764;344;381;404;454;399;524;262;248;194;248;223;203;7648
320225;873;26;52;63;122;128;22;42;54;23;27;30;8;1470
320230;3096;258;384;226;204;220;308;227;102;142;123;116;86;5492
320240;16421;1196;1663;972;765;833;654;964;728;772;925;1097;1519;28509
320245;975;268;397;165;151;112;206;153;93;52;39;30;15;2656
320250;3886;257;369;406;545;561;368;373;362;266;351;261;273;8278
320255;385;79;77;48;7;6;29;249;11;14;27;16;4;952
320260;3206;157;89;92;156;143;153;110;132;144;128;104;110;4724
320265;611;22;232;40;100;46;117;45;88;90;24;17;6;1438
320270;1294;40;130;47;51;50;86;42;35;28;37;27;28;1895
320280;4281;170;217;164;720;480;311;285;152;135;118;119;86;7238
320290;734;73;124;14;27;12;24;19;18;28;30;24;16;1143
320300;2270;97;206;115;175;202;476;221;211;92;87;68;59;4279
320305;2621;161;419;169;1636;1396;155;164;138;112;111;110;64;7256
320310;846;23;42;41;15;25;29;54;34;35;21;23;10;1198
320313;2963;137;271;206;170;146;171;175;212;201;109;155;110;5026
320316;538;50;76;66;26;7;11;61;54;17;15;24;9;954
320320;31172;1988;2218;2177;2787;3286;2244;2037;2075;1663;1694;1934;1216;56491
320330;662;86;54;25;27;61;21;34;34;19;10;11;9;1053
320332;2705;167;402;111;133;69;188;76;76;126;90;97;200;4440
320334;2317;325;272;207;140;188;191;318;177;143;233;180;99;4790
320335;1244;58;52;76;64;163;66;52;42;77;83;55;29;2061
320340;2656;39;233;101;45;57;54;48;230;109;56;51;45;3724
320350;1929;77;199;105;127;492;104;77;91;73;77;140;47;3538
320360;716;33;47;23;13;23;25;27;22;11;19;16;8;983
320370;1160;78;89;97;105;100;131;44;40;31;36;49;21;1981
320380;1067;31;44;33;19;33;17;21;30;23;17;19;21;1375
320390;6199;225;681;341;343;808;310;356;299;240;238;194;159;10393
320400;1227;128;146;60;46;116;33;45;50;50;26;39;17;1983
320405;2321;77;369;341;1026;172;255;193;128;102;85;60;45;5174
320410;3353;234;389;189;540;571;503;155;419;179;127;120;93;6872
320420;1554;93;232;122;144;80;75;51;48;72;55;49;59;2634
320425;672;22;68;47;32;22;24;24;50;16;24;23;5;1029
320430;1168;42;32;44;34;20;16;25;59;21;13;50;81;1605
320435;1294;32;226;72;142;389;78;46;47;39;31;48;38;2482
320440;1278;18;46;138;35;39;26;23;31;20;79;27;14;1774
320450;878;23;100;69;101;40;41;26;23;26;24;26;13;1390
320455;3001;128;515;168;127;99;154;122;129;84;288;132;120;5067
320460;3198;159;240;136;86;101;142;96;149;306;131;124;98;4966
320465;899;20;115;51;78;48;35;57;50;41;52;40;17;1503
320470;5762;518;410;488;532;730;536;473;451;370;367;361;157;11155
320480;872;87;131;33;36;30;16;26;19;21;20;22;11;1324
320490;15762;1667;1288;945;1784;1424;775;762;714;717;1159;984;819;28800
320495;1607;56;76;78;54;119;57;48;47;49;68;51;36;2346
320500;92443;5096;5150;5690;5741;5378;4648;4888;5251;5281;5581;4868;4543;154558
320501;2260;167;592;345;497;1767;312;175;152;148;165;98;172;6850
320503;2793;76;266;141;117;126;94;91;103;158;92;70;55;4182
320506;3930;135;172;174;123;173;223;185;218;172;171;177;140;5993
320510;8719;296;542;332;372;359;484;423;419;416;311;346;311;13330
320515;929;28;47;63;62;35;69;57;55;61;76;37;27;1546
320517;900;16;61;31;385;1212;106;97;40;67;18;47;25;3005
320520;72926;3925;3956;4457;3755;3761;3664;4099;4297;4497;4701;4651;4069;122758
320530;192697;9637;19111;11356;11099;9801;7916;18376;10032;8427;8438;8010;6624;321524
329999;0;0;0;0;0;0;0;0;0;0;0;0;0;0
330010;31593;1265;1583;1320;1005;1326;1368;1272;1163;1196;1304;1115;1163;46673
330015;1145;18;20;20;29;20;18;10;19;28;12;20;12;1371
330020;12440;1692;991;420;687;605;461;409;473;463;513;532;427;20113
330022;4850;239;140;174;130;137;114;141;243;122;174;127;453;7044
330023;7276;581;533;374;264;270;247;243;274;244;296;359;567;11528
330025;3583;185;260;406;71;88;97;104;122;210;100;172;122;5520
330030;14573;627;491;745;543;577;563;451;601;612;649;591;365;21388
330040;28115;992;1032;1204;1150;1055;889;1007;1079;931;991;988;876;40309
330045;22804;1032;616;870;701;689;634;736;678;1151;659;850;678;32098
330050;3184;129;184;118;120;196;130;107;133;109;123;159;59;4751
330060;4746;132;114;161;168;132;117;119;182;152;187;131;113;6454
330070;25079;5361;2395;1763;1161;1164;1151;1071;1127;1194;1315;1356;1462;45599
330080;6255;248;156;241;245;197;210;146;199;174;227;180;138;8616
330090;1617;18;31;32;75;84;34;34;55;26;27;16;4;2053
330093;1600;40;34;79;31;55;24;26;26;31;13;11;12;1982
330095;3663;179;187;139;125;128;90;103;118;135;203;103;312;5485
330100;83275;16989;2585;4262;3331;7414;3500;5237;3307;3082;2683;3218;2360;141243
330110;3746;237;85;100;86;122;122;104;89;78;70;70;50;4959
330115;1173;131;16;65;101;14;8;19;120;13;30;17;10;1717
330120;2419;25;109;50;59;58;36;27;36;31;69;63;33;3015
330130;4801;736;206;173;147;158;138;169;107;171;142;142;120;7210
330140;1800;124;185;158;101;76;64;54;48;42;54;49;28;2783
330150;3152;226;176;216;136;141;166;140;108;218;132;98;72;4981
330160;1671;65;30;107;59;82;115;48;65;61;63;50;26;2442
330170;121100;5113;4736;5362;5025;5164;6806;6420;6010;6277;6264;6143;4790;189210
330180;1529;29;16;27;17;28;59;93;38;31;24;7;17;1915
330185;4907;235;105;125;148;152;195;110;176;120;166;140;99;6678
330187;2341;115;56;78;69;57;47;71;61;49;33;60;65;3102
330190;18082;780;717;734;881;803;773;781;653;555;678;704;607;26748
330200;18764;891;736;1069;646;790;701;743;698;780;703;725;489;27735
330205;1500;37;47;31;33;23;25;36;31;20;14;11;15;1823
330210;2531;71;36;55;64;54;60;59;55;55;47;60;31;3178
330220;14770;404;441;526;651;548;531;548;490;647;465;457;357;20835
330225;5169;216;173;211;137;150;173;141;169;303;168;140;118;7268
330227;4053;144;92;117;69;96;105;131;109;76;65;68;32;5157
330230;873;8;5;19;9;13;8;8;21;6;9;5;3;987
330240;83292;5407;3632;4608;3947;4661;3915;5536;4574;4209;3634;4096;3414;134925
330245;974;13;16;19;16;21;47;21;11;10;11;23;16;1198
330250;14039;466;475;539;492;467;409;380;462;419;458;539;420;19565
330260;14510;335;320;521;4937;442;529;382;382;290;313;359;319;23639
330270;8726;338;326;421;369;371;292;271;296;271;430;283;319;12713
330280;1806;76;44;66;51;54;35;33;45;46;98;46;35;2435
330285;10023;511;354;384;361;387;352;342;320;353;420;433;343;14583
330290;3471;76;61;84;107;59;80;86;59;63;109;78;68;4401
330300;2913;74;124;115;58;55;62;54;75;47;79;41;38;3735
330310;1934;23;91;145;18;25;23;28;21;17;15;11;15;2366
330320;16107;636;717;890;736;630;541;519;759;863;669;720;530;24317
330330;147959;5922;5275;5858;6192;5929;5638;5368;6431;6328;6398;5872;5683;218853
330340;43003;1440;1403;2646;2308;1716;2055;3713;1798;1961;1897;1684;1024;66648
330350;75234;2883;2979;3612;3586;3792;3655;3401;3308;3732;4218;3279;3308;116987
330360;4488;440;237;106;109;92;92;102;82;92;72;87;83;6082
330370;6422;204;160;173;178;144;174;191;361;139;159;158;137;8600
330380;4186;173;226;233;196;147;160;141;171;183;155;192;209;6372
330385;2393;55;82;96;70;59;63;44;54;72;46;37;74;3145
330390;58930;2591;2133;2169;2058;2231;2250;1994;2107;2120;2236;2338;1622;84779
330395;1868;306;273;163;84;92;89;101;184;62;77;61;35;3395
330400;6211;191;224;324;208;199;178;177;133;173;235;288;149;8690
330410;1502;38;19;17;25;20;39;34;23;28;23;35;15;1818
330411;7661;200;270;240;225;180;201;365;221;350;1499;520;325;12257
330412;1636;41;36;52;62;47;41;32;62;35;61;31;44;2180
330414;9396;351;448;352;300;226;216;565;361;353;345;316;327;13556
330415;2699;70;41;107;25;39;95;47;49;24;42;48;16;3302
330420;22564;1257;968;1104;1057;961;1027;923;1165;987;1539;1177;916;35645
330430;25519;1154;1024;1131;1449;1471;918;1250;1128;1599;1200;1186;1227;40256
330440;1721;15;35;58;44;33;31;58;136;93;37;44;10;2315
330450;2387;100;144;113;114;110;75;80;61;89;54;62;22;3411
330452;10647;731;402;577;576;417;573;459;557;495;742;647;881;17704
330455;1971955;76181;85260;77609;127349;76295;81222;77069;78212;76820;80218;77783;66311;2952284
330460;1755;27;13;19;194;26;28;23;39;28;35;105;18;2310
330470;5306;140;118;169;112;135;100;136;146;168;150;139;75;6894
330475;2331;51;44;45;20;40;42;49;47;58;40;46;27;2840
330480;4497;347;273;255;121;124;117;174;127;90;113;161;83;6482
330490;85471;3343;3236;3328;3265;3338;3000;3406;3309;3191;3252;3599;2730;124468
330500;3987;117;68;86;123;82;84;99;49;128;137;146;94;5200
330510;43158;2218;1895;1969;2250;2147;2117;2274;1927;2267;2160;2020;1830;68232
330513;765;20;15;17;17;11;18;20;13;18;17;24;17;972
330515;2338;69;49;50;77;227;168;74;50;69;66;47;29;3313
330520;9298;287;330;305;392;197;268;358;272;244;201;301;238;12691
330530;817;5;6;9;11;5;10;6;9;5;5;7;3;898
330540;2539;70;81;88;135;53;111;84;83;91;68;45;84;3532
330550;9362;948;913;894;658;894;682;563;619;595;620;568;476;17792
330555;7907;131;122;138;163;190;185;236;144;160;197;162;183;9918
330560;3153;262;114;158;64;59;94;88;70;90;79;71;39;4341
330570;1203;42;9;23;18;7;20;15;31;21;33;18;3;1443
330575;2554;65;109;78;78;91;106;66;121;125;90;88;298;3869
330580;25243;883;1022;1055;924;890;924;1002;1026;1098;1005;868;702;36642
330590;1226;17;8;7;3;8;8;6;9;7;7;8;9;1323
330600;17551;483;659;749;661;828;604;1024;753;689;873;782;670;26326
330610;10118;210;476;297;216;301;230;239;229;189;259;201;175;13140
330615;957;7;12;9;19;4;30;14;36;7;11;8;11;1125
330620;5990;113;134;143;157;164;173;128;171;141;157;119;90;7680
330630;55769;2609;1968;2528;2209;2011;2270;1970;2634;2297;2401;2392;1887;82945
339999;0;0;0;0;0;0;0;0;0;0;0;0;0;0
350010;7365;423;612;683;551;396;289;242;280;295;272;352;227;11987
350020;793;82;38;27;41;69;52;31;34;32;27;38;6;1270
350030;5188;251;270;211;313;391;289;277;342;407;311;193;508;8951
350040;749;18;27;21;28;49;40;25;65;25;20;26;34;1127
350050;3682;120;111;136;142;98;77;130;161;98;148;100;99;5102
350055;1006;25;25;25;19;20;19;74;34;22;41;32;14;1356
350060;1067;23;51;51;21;22;20;27;22;42;38;29;30;1443
350070;5532;356;211;236;329;275;211;154;181;238;255;255;185;8418
350075;462;8;27;14;14;6;26;6;13;7;14;23;4;624
350080;335;10;10;2;11;3;5;17;22;8;5;3;4;435
350090;551;20;161;20;12;32;36;9;29;17;6;27;11;931
350100;3257;155;181;208;138;1142;555;385;224;162;108;98;45;6658
350110;499;21;23;41;12;31;22;17;17;11;11;7;4;716
350115;7253;161;170;122;144;191;106;96;96;121;97;84;46;8687
350120;846;88;49;31;23;59;53;70;79;58;47;73;39;1515
350130;2169;62;148;91;49;61;73;74;121;89;104;71;36;3148
350140;916;27;50;34;103;193;46;53;32;45;37;27;38;1601
350150;292;27;14;7;43;67;9;39;4;4;6;7;2;521
350160;65510;3195;3067;3129;3063;3498;2907;3233;3739;3379;3680;3442;2450;104292
350170;6105;680;420;431;863;504;334;1093;262;339;392;280;225;11928
350180;419;7;78;46;6;10;15;15;5;7;8;7;7;630
350190;18472;632;675;567;625;596;632;595;734;635;719;538;586;26006
350200;1171;32;95;39;62;50;222;88;33;41;30;29;20;1912
350210;11112;579;933;1087;979;508;441;410;608;762;474;529;348;18770
350220;3805;200;147;153;150;114;131;131;189;205;237;152;174;5788
350230;612;24;92;38;41;69;44;45;20;53;71;23;48;1180
350240;495;9;8;9;23;8;26;10;14;12;24;11;15;664
350250;7044;225;209;364;348;291;206;207;387;318;394;333;235;10561
350260;400;24;13;3;8;5;8;16;9;18;23;27;5;559
350270;3235;136;191;92;115;251;113;49;119;292;426;321;235;5575
350275;4400;318;241;177;238;208;218;329;198;261;192;203;158;7141
350280;37050;1639;2125;2374;3739;2035;1748;3605;1955;2357;1649;1649;1532;63457
350290;3215;151;184;183;211;208;118;182;218;135;187;251;159;5402
350300;469;20;27;72;55;146;61;28;11;15;22;18;8;952
350310;951;44;50;40;69;216;45;39;56;49;28;21;39;1647
350315;417;5;6;7;9;3;4;4;9;6;13;3;1;487
350320;53456;2938;2990;3256;4040;3855;3084;4880;2807;2737;2784;2787;2122;91736
350330;28863;1344;1467;1369;1529;2519;1764;1734;1431;1338;1349;1221;908;46836
350335;236;15;1;5;4;8;5;0;4;9;4;0;0;291
350340;1047;44;58;48;44;68;73;47;68;49;46;56;37;1685
350350;443;12;11;11;9;10;6;6;10;5;7;7;6;543
350360;1092;90;89;64;113;31;63;30;47;70;76;66;41;1872
350370;2065;439;317;309;544;88;51;77;54;96;28;18;12;4098
350380;8033;365;549;390;317;432;286;275;316;314;342;371;261;12251
350390;13000;524;481;531;533;590;456;612;700;511;712;538;398;19586
350395;260;10;11;1;5;4;2;4;2;1;4;4;3;311
350400;16433;855;848;833;939;928;729;725;772;788;840;846;730;26266
350410;25385;1013;1026;1152;1354;1176;1107;1125;1210;1204;1159;1071;1006;38988
350420;2579;91;106;100;133;101;87;125;128;126;78;77;39;3770
350430;522;11;51;21;14;19;39;39;65;23;19;16;10;849
350440;1039;45;77;51;172;116;78;44;64;28;249;41;25;2029
350450;14684;620;883;712;655;727;812;1274;769;642;774;739;502;23793
350460;1881;412;222;198;143;210;119;106;83;138;123;168;103;3906
350470;312;2;4;1;5;1;4;2;2;4;23;1;0;361
350480;950;31;38;27;35;42;51;30;32;23;32;36;91;1418
350490;1435;58;52;87;48;46;37;42;43;17;46;43;15;1969
350500;226;11;12;5;4;3;6;5;13;5;5;13;0;308
350510;670;20;57;97;128;69;56;15;39;20;21;5;12;1209
350520;6720;248;228;377;1030;453;428;413;365;383;393;268;208;11514
350530;11415;345;321;388;2928;874;492;6966;474;371;340;323;225;25462
350535;397;9;13;10;58;10;5;6;6;52;20;52;2;640
350540;399;7;6;63;13;6;7;6;7;8;11;7;4;544
350550;25343;1092;1345;1249;988;1424;1058;974;1077;1189;1071;1200;872;38882
350560;2509;680;544;387;295;334;219;208;417;272;219;165;527;6776
350570;184587;12874;12114;13063;12976;13367;12028;12611;13684;13044;18402;19222;17136;355108
350580;5271;188;174;148;176;113;155;134;205;195;224;230;129;7342
350590;11836;635;642;589;640;787;486;481;539;594;679;650;352;18910
350600;81292;3855;3594;3977;3799;4000;4264;3990;4465;4175;4442;4658;3534;130045
350610;21894;953;1257;992;1158;1465;7533;5681;2620;1526;1570;1015;819;48483
350620;632;77;176;171;68;873;315;57;114;31;45;25;3;2587
350630;1934;65;107;111;112;223;145;109;97;87;64;53;73;3180
350635;7762;395;250;298;247;240;223;199;237;262;334;348;1043;11838
350640;1185;46;187;78;45;66;78;40;90;113;161;49;33;2171
350650;32400;1717;2557;2767;2393;1633;1509;1679;3060;2505;2513;1804;620;57157
350660;2678;77;114;137;102;103;134;307;288;369;325;350;109;5093
350670;2460;108;187;124;114;116;319;303;183;131;157;75;54;4331
350680;4344;199;489;603;453;427;339;141;184;364;318;440;187;8488
350690;1143;72;43;51;56;282;74;57;77;56;65;72;39;2087
350700;12916;790;1050;958;843;1339;962;746;874;714;852;703;462;23209
350710;2871;133;172;197;174;182;133;147;127;104;168;164;80;4652
350715;404;28;10;35;6;11;15;22;38;28;18;23;8;646
350720;1121;134;169;199;831;83;55;7;19;13;8;12;2;2653
350730;1114;47;91;90;56;142;68;76;66;78;62;46;59;1995
350740;2212;86;79;76;89;107;355;257;212;106;112;60;77;3828
350745;565;101;118;112;31;119;46;23;13;29;27;26;30;1240
350750;34878;1335;1232;1410;2183;2921;2267;1391;1676;1656;1330;1372;1012;54663
350760;30826;1634;1330;1712;1382;1465;1394;1454;1553;1527;1637;1528;1140;48582
350770;435;24;12;11;63;14;8;21;5;7;19;8;7;634
350775;216;3;3;2;375;41;55;497;248;67;107;164;134;1912
350780;2946;117;148;174;124;176;161;120;117;134;144;119;57;4537
350790;5417;1078;318;239;1306;425;312;387;344;304;245;216;233;10824
350800;2460;109;281;207;135;154;82;148;123;131;87;105;39;4061
350810;1734;114;316;271;203;262;223;126;67;95;82;105;75;3673
350820;1422;69;69;71;171;165;83;50;45;54;34;36;24;2293
350830;773;38;25;25;25;23;27;66;18;15;18;20;25;1098
350840;8250;319;368;373;413;590;454;441;508;697;425;418;275;13531
350850;14029;605;548;552;537;740;631;484;666;542;651;581;498;21064
350860;3826;82;159;146;168;118;85;98;117;130;154;119;77;5279
350870;2243;102;104;215;230;405;362;132;107;100;97;170;103;4370
350880;2671;153;226;355;218;324;285;287;156;141;134;97;57;5104
350890;285;3;13;3;3;6;2;5;2;40;7;5;2;376
350900;13813;585;586;694;647;675;609;561;684;657;615;562;401;21089
350910;1932;14;52;203;217;278;65;61;83;44;31;36;10;3026
350920;39200;2216;2774;2060;1913;2537;1877;1777;2041;1935;2479;1747;1237;63793
350925;4370;121;112;190;117;119;218;110;128;103;129;175;147;6039
350930;1531;73;202;217;157;216;46;239;98;80;85;44;37;3025
350940;3281;163;231;218;229;508;388;218;151;138;126;98;75;5824
350945;935;92;94;79;42;65;98;131;248;264;200;147;110;2505
350950;303297;15832;14832;15924;17251;15427;15074;15817;17021;16650;19506;17739;13820;498190
350960;9974;291;415;440;397;575;271;311;454;348;334;295;185;14290
350970;9514;328;446;366;395;379;597;514;374;313;443;360;292;14321
350980;493;18;45;34;32;23;22;36;37;17;24;16;0;797
350990;1187;49;61;46;40;43;34;46;29;25;51;27;22;1660
350995;611;21;36;16;26;15;24;23;23;21;35;32;10;893
351000;3579;143;326;136;144;94;106;168;151;170;161;127;87;5392
351010;393;42;47;48;28;53;18;10;14;14;11;12;9;699
351015;431;3;33;21;22;26;15;20;154;105;59;65;17;971
351020;6160;168;220;257;153;233;337;267;346;306;471;411;248;9577
351030;1863;70;98;92;100;104;100;72;74;101;80;101;54;2909
351040;11014;609;718;594;1111;1588;561;387;391;392;500;381;256;18502
351050;12732;590;486;627;496;496;438;558;613;615;817;710;923;20101
351060;30043;1820;1532;1753;1680;1678;1441;1339;1662;1458;1466;1524;1049;48445
351070;1089;43;85;30;22;24;26;49;31;31;42;47;21;1540
351080;5623;358;193;207;345;271;611;769;933;548;359;270;236;10723
351090;378;11;49;14;6;19;19;32;10;17;12;6;4;577
351100;2591;150;119;178;243;244;197;148;143;96;67;68;99;4343
351110;27719;1858;2418;1989;1984;1579;2472;2543;1787;1666;1491;1486;1265;50257
351120;4190;706;755;415;487;354;96;54;51;60;84;54;12;7318
351130;1219;138;83;37;60;73;64;157;223;288;131;459;133;3065
351140;2542;327;150;177;257;277;225;196;195;137;171;118;66;4838
351150;9273;565;574;627;483;559;487;502;501;543;446;367;183;15110
351160;1932;61;97;103;75;81;136;107;103;105;110;137;40;3087
351170;2277;159;241;386;742;932;274;196;148;130;103;114;58;5760
351190;2163;62;333;474;1969;276;234;117;421;345;115;38;32;6579
351200;3780;650;723;405;515;457;293;168;143;122;113;78;69;7516
351210;3010;80;79;59;678;632;583;241;267;120;94;54;50;5947
351220;4499;115;151;190;248;211;293;472;366;289;279;273;151;7537
351230;5294;428;305;293;310;319;213;248;201;570;309;376;259;9125
351240;7111;319;365;333;260;278;320;337;315;302;292;302;192;10726
351250;638;30;30;21;44;20;28;16;32;15;39;26;14;953
351260;473;10;22;19;24;12;12;9;8;8;14;13;0;624
351270;1024;46;65;94;30;103;83;79;70;43;29;54;23;1743
351280;8131;494;522;578;774;379;360;396;488;398;406;433;274;13633
351290;934;254;307;116;149;82;47;85;57;71;58;34;30;2224
351300;52080;2524;2484;2869;2702;2401;2324;2301;2735;2647;3134;2730;1781;82712
351310;5483;284;234;259;337;254;259;305;315;263;337;246;150;8726
351320;1052;55;84;50;93;444;276;87;54;72;102;127;103;2599
351330;263;20;7;8;5;7;2;4;5;5;22;10;3;361
351340;14986;532;867;603;628;695;569;525;486;365;490;604;530;21880
351350;35265;1215;1108;1628;1633;1581;1447;1897;1721;1580;1613;1649;1054;53391
351360;1362;71;106;60;56;37;31;38;49;33;41;24;61;1969
351370;8432;396;421;436;373;761;662;541;435;337;303;417;365;13879
351380;93277;3706;3569;3726;3903;4196;3691;3732;4224;3744;4199;3905;2476;138348
351385;261;9;1;12;2;5;3;2;3;3;5;5;0;311
351390;1391;31;51;42;28;33;44;21;35;34;29;26;31;1796
351400;587;22;17;64;13;31;21;39;28;48;30;17;11;928
351410;4179;260;287;310;455;1111;254;1557;259;195;339;236;148;9590
351420;258;15;7;20;2;7;7;25;19;1;4;10;2;377
351430;1282;85;114;77;62;194;40;98;90;99;87;43;38;2309
351440;8272;292;781;388;416;507;408;275;381;368;416;313;188;13005
351450;2023;36;57;73;82;128;49;36;87;49;124;88;41;2873
351460;1207;52;49;52;46;71;85;47;70;27;62;32;17;1817
351470;520;12;44;19;20;16;20;10;25;21;31;16;8;762
351480;1545;58;133;72;63;56;34;64;59;72;37;39;23;2255
351490;2940;231;234;340;441;499;134;74;74;84;86;75;155;5367
351492;324;12;98;45;56;56;18;16;8;11;14;7;7;672
351495;450;6;12;9;27;9;140;85;38;10;8;17;4;815
351500;30630;1305;1563;1753;1761;1436;1551;1530;1721;2536;1717;1523;1376;50402
351510;6725;193;224;227;263;259;219;212;237;191;197;262;138;9347
351512;304;11;14;8;6;4;17;6;4;5;6;27;9;421
351515;2488;212;250;144;324;250;168;141;183;166;206;237;119;4888
351518;10355;696;686;487;650;773;530;450;359;351;454;488;310;16589
351519;1838;16;35;385;706;163;165;13;22;47;23;37;24;3474
351520;2719;131;158;98;111;129;127;134;112;142;115;81;50;4107
351530;288;20;9;4;18;8;0;4;7;15;5;1;5;384
351535;576;14;60;19;20;15;34;28;47;53;11;7;2;886
351540;2290;116;146;90;126;97;102;111;85;90;110;120;69;3552
351550;11798;774;1099;825;728;1028;888;627;723;719;770;697;415;21091
351560;710;30;82;34;35;37;34;24;33;15;32;28;27;1121
351565;287;20;16;12;6;10;17;11;14;21;7;11;7;439
351570;14339;591;615;589;629;550;541;482;470;455;515;560;334;20670
351580;177;4;5;5;4;6;2;1;3;3;21;0;1;232
351590;398;24;13;9;12;10;13;17;5;5;6;8;4;524
351600;2380;652;855;404;1073;222;64;67;52;28;51;31;183;6062
351610;505;21;23;15;14;8;13;21;14;8;23;7;4;676
351620;69070;3900;5241;6765;5583;5017;4436;4408;4635;5007;5153;3792;1911;124918
351630;6082;171;226;357;176;233;241;195;253;225;209;312;152;8832
351640;10278;368;596;451;435;405;433;448;394;498;441;364;284;15395
351650;944;22;39;27;34;43;6;40;79;52;40;45;11;1382
351660;1180;110;65;90;279;365;191;88;40;69;31;56;40;2604
351670;8885;447;502;447;521;963;573;439;531;387;427;368;315;14805
351680;329;9;49;33;14;13;17;22;16;11;10;6;2;531
351685;4572;373;288;172;258;711;1115;594;255;368;171;303;161;9341
351690;1533;81;461;482;1005;240;145;99;40;58;45;23;22;4234
351700;1254;57;54;46;61;53;183;135;97;105;93;29;30;2197
351710;800;7;39;53;47;41;43;58;35;29;53;26;14;1245
351720;1831;61;105;76;76;82;162;142;148;140;139;546;55;3563
351730;487;14;30;51;56;107;110;64;16;21;9;12;7;984
351740;9258;1203;1697;831;1321;490;298;342;478;464;440;527;275;17624
351750;3111;97;280;261;285;375;159;218;169;158;107;128;65;5413
351760;1634;114;103;52;75;32;44;45;51;81;120;102;58;2511
351770;2096;54;93;81;95;82;90;58;60;78;164;75;45;3071
351780;1102;34;21;89;141;41;39;55;110;33;32;27;18;1742
351790;1709;464;224;370;193;99;122;82;140;107;93;51;17;3671
351800;208;4;8;2;6;4;7;10;2;9;3;5;0;268
351810;1063;56;40;59;22;53;56;100;137;55;43;41;86;1811
351820;4796;206;611;1331;671;498;377;375;281;269;202;198;141;9956
351830;4894;308;267;299;356;432;389;436;714;214;239;276;223;9047
351840;20836;735;963;884;619;829;717;828;860;825;867;1133;574;30670
351850;1300;27;39;28;47;45;31;100;100;47;92;43;26;1925
351860;6562;904;515;459;364;2042;382;5377;312;315;335;280;240;18087
351870;37836;1860;1275;1589;1561;1240;1257;1292;1409;1259;1579;1992;2237;56386
351880;251781;13444;11769;13169;12001;11869;11773;13574;14551;13222;14173;13069;9458;403853
351885;708;22;28;53;39;38;20;56;68;50;64;33;17;1196
351890;349;16;17;7;15;22;19;19;20;8;14;22;2;530
351900;799;35;20;22;21;28;25;32;35;37;30;27;29;1140
351905;6095;269;284;311;235;215;165;210;245;219;247;267;141;8903
351907;27709;1533;986;1235;1434;1167;1108;1077;1303;1154;1459;1209;960;42334
351910;2065;505;370;231;179;315;233;289;177;206;102;55;123;4850
351920;692;19;9;18;22;16;17;20;16;138;112;22;7;1108
351925;538;47;20;65;51;95;44;65;49;63;40;16;45;1138
351930;4798;290;566;295;1124;434;316;327;239;193;266;234;180;9262
351940;1499;45;72;54;60;79;43;70;47;52;55;36;19;2131
351950;1524;90;101;432;296;789;94;325;221;77;124;26;12;4111
351960;12267;845;743;883;1010;823;1233;1156;1003;945;990;665;411;22974
351970;8044;337;293;314;297;347;219;222;225;211;297;219;228;11253
351980;1020;245;289;457;398;199;43;35;29;30;48;38;28;2859
351990;872;32;61;37;50;24;23;26;24;17;28;11;19;1224
352000;2336;171;136;114;267;232;116;109;114;58;84;54;29;3820
352010;4283;349;135;306;1144;1284;516;376;255;170;306;254;97;9475
352020;942;28;29;31;34;56;29;29;31;48;28;34;26;1345
352030;2053;61;76;104;67;47;45;49;67;64;63;40;41;2777
352040;4854;314;175;200;157;154;151;147;154;172;189;247;227;7141
352042;1486;227;43;13;29;13;22;14;25;32;35;53;30;2022
352044;5172;159;198;263;230;173;114;123;195;129;142;113;108;7119
352050;44941;2786;2590;2911;2661;2654;2592;2950;3116;3278;3687;3058;2091;79315
352060;588;27;26;29;11;40;15;22;43;13;27;17;12;870
352070;452;8;21;13;18;10;16;14;4;21;8;10;6;601
352080;680;15;29;38;59;41;11;9;23;20;14;10;14;963
352090;1934;88;185;230;216;158;75;2113;85;67;79;77;32;5339
352100;5048;244;207;197;207;173;192;179;190;171;147;170;149;7274
352110;1467;194;45;100;78;131;74;65;83;60;66;84;48;2495
352115;1063;33;43;50;40;42;83;30;51;49;41;34;23;1582
352120;350;6;37;6;22;4;5;4;10;6;3;5;5;463
352130;2558;427;395;369;824;344;159;105;100;120;306;95;94;5896
352140;6047;239;633;248;395;796;289;268;217;286;247;168;243;10076
352150;829;24;79;35;47;19;33;13;50;32;24;18;9;1212
352160;491;15;10;12;33;47;21;16;27;36;16;21;35;780
352170;1654;54;54;49;48;69;49;42;78;33;89;86;112;2417
352180;3749;220;186;350;1100;158;278;184;158;111;164;179;76;6913
352190;1692;100;140;100;99;154;73;133;113;157;112;105;66;3044
352200;522;14;26;12;33;22;25;17;20;16;11;35;3;756
352210;8391;676;549;422;320;269;281;303;353;429;377;426;839;13635
352215;190;7;5;5;4;3;5;0;1;3;6;1;3;233
352220;16914;626;722;724;772;670;671;655;729;695;720;735;561;25194
352230;27459;1437;1485;1538;1684;1435;1344;1769;1309;1383;1547;1508;1149;45047
352240;14335;940;1189;953;722;777;727;675;941;669;611;547;370;23456
352250;16492;847;826;840;1093;877;772;757;1068;1139;1090;833;734;27368
352260;19480;875;893;810;1469;852;695;639;781;869;760;612;414;29149
352265;258;19;20;8;7;4;15;1;4;7;5;10;2;360
352270;8524;495;329;370;255;480;2162;1929;652;529;381;341;234;16681
352280;1156;49;39;48;25;22;28;33;38;51;28;25;11;1553
352290;4066;174;203;445;619;305;150;167;164;321;192;205;208;7219
352300;546;11;14;117;9;99;9;21;3;9;8;4;3;853
352310;30599;1811;1509;1874;1658;1550;1673;1710;1582;1393;1758;1534;1023;49674
352320;7364;311;446;265;313;300;233;196;303;273;236;232;176;10648
352330;1138;59;57;41;35;50;26;27;33;51;53;28;38;1636
352340;26938;1601;1729;1733;1268;1257;1263;1241;1434;1288;1346;1208;973;43279
352350;2512;161;125;141;158;154;137;100;136;139;112;101;97;4073
352360;3208;147;254;104;160;194;261;163;151;191;198;177;168;5376
352370;545;21;24;23;46;182;88;15;57;26;27;36;7;1097
352380;830;20;22;44;24;58;19;96;113;54;47;55;22;1404
352390;39660;1675;1950;1923;2116;1960;2180;2131;2258;2161;2488;2214;1575;64291
352400;12161;704;692;697;780;785;673;927;925;842;710;908;572;21376
352410;5436;360;345;227;242;180;193;200;202;209;162;183;154;8093
352420;754;20;62;30;14;27;45;22;28;20;14;13;12;1061
352430;16617;880;2083;1064;1249;1002;603;671;2360;731;993;660;364;29277
352440;35168;1642;1399;1363;1808;1751;1912;1620;2583;1473;1734;1671;1180;55304
352450;2095;89;83;92;78;84;64;63;98;71;84;106;30;3037
352460;2346;103;120;115;96;150;76;64;128;108;101;58;66;3531
352470;25019;1988;1289;1737;1263;1199;1524;1917;1579;1836;2109;1865;1152;44477
352480;8115;533;450;509;313;385;278;274;340;287;306;275;212;12277
352490;2576;262;152;183;128;123;97;109;82;89;109;49;60;4019
352500;12818;401;585;619;597;710;509;510;521;638;651;623;388;19570
352510;6120;344;266;328;458;481;270;261;390;307;359;269;208;10061
352520;4292;143;242;299;260;252;179;176;210;200;213;222;142;6830
352530;33081;1597;1973;2386;2981;2102;1501;1634;2080;2184;2261;1804;1076;56660
352540;437;39;39;28;75;104;161;65;17;17;9;11;18;1020
352550;1507;47;69;69;42;59;58;52;43;57;53;33;19;2108
352560;716;27;34;38;23;22;23;28;24;15;16;11;26;1003
352570;6586;372;609;582;791;455;386;430;391;429;331;385;238;11985
352580;361;18;25;158;45;51;13;11;19;18;9;16;13;757
352585;868;32;36;27;37;26;36;28;23;39;28;33;17;1230
352590;121232;7226;7231;8183;7636;8045;7927;8211;9280;9368;9193;9449;7426;220407
352600;3276;103;862;309;398;470;406;214;134;105;77;97;61;6512
352610;1890;55;45;85;77;89;57;44;113;62;35;47;38;2637
352620;6673;270;296;328;284;263;367;208;244;224;200;174;179;9710
352630;567;21;17;25;21;15;13;16;30;15;19;22;6;787
352640;6382;254;312;430;410;576;587;469;612;617;558;305;226;11738
352650;650;11;5;68;47;19;70;27;80;7;18;17;5;1024
352660;848;15;63;20;10;17;13;11;17;14;16;7;7;1058
352670;15196;1417;682;666;1406;1099;1032;1107;2625;1049;982;960;607;28828
352680;15844;2449;1815;1569;1632;1856;1085;1123;1061;1012;822;603;822;31693
352690;62222;3045;2974;3493;3042;3297;3060;3392;3327;3568;3559;3625;2064;100668
352700;1199;30;26;48;109;63;62;39;31;26;56;40;38;1767
352710;20309;1024;1063;1238;1104;1044;1037;893;1204;878;921;697;9209;40621
352720;13093;442;664;584;524;447;528;437;722;489;581;546;498;19555
352725;205;1;3;2;9;3;3;3;0;2;1;6;1;239
352730;8745;440;503;534;533;555;469;496;471;390;402;485;361;14384
352740;4045;234;117;1582;388;267;247;164;157;99;82;201;146;7729
352750;543;5;19;9;24;20;60;140;30;75;61;38;31;1055
352760;3529;1014;184;287;1350;901;107;188;117;124;216;97;83;8197
352770;344;2;19;105;36;94;105;9;23;10;12;13;11;783
352780;660;35;44;89;65;87;84;42;52;27;29;34;15;1263
352790;344;11;14;9;5;8;11;1;16;15;16;4;1;455
352800;3776;398;340;214;807;751;384;215;269;250;236;138;159;7937
352810;1063;51;34;41;72;27;60;28;19;56;125;117;21;1714
352820;406;7;29;35;21;14;7;36;83;28;6;3;11;686
352830;381;6;255;49;15;8;11;5;6;9;7;7;7;766
352840;6720;280;377;367;289;411;227;243;296;258;336;286;159;10249
352850;11053;497;534;549;498;512;625;433;544;517;561;441;373;17137
352860;1609;76;112;140;149;256;64;213;54;42;42;63;73;2893
352870;663;13;17;28;24;22;40;15;23;28;9;15;14;911
352880;2860;206;258;217;354;106;52;191;142;74;80;65;54;4659
352885;824;745;248;213;236;99;43;25;43;21;26;18;14;2555
352890;243;6;16;7;9;7;6;3;3;5;3;3;0;311
352900;45639;1694;1690;1763;1960;1842;1557;1544;1862;1752;1917;1978;1421;66619
352910;278;9;17;7;6;5;22;14;18;7;10;3;1;397
352920;2284;135;89;117;81;151;107;70;111;85;90;86;37;3443
352930;23594;873;947;1039;1166;1346;2692;3225;2243;1087;1359;923;820;41314
352940;49858;1883;1946;2293;2284;1869;2002;1850;1873;1997;2343;2227;3025;75450
352950;529;22;46;36;34;31;22;13;23;31;39;44;21;891
352960;711;93;56;46;22;49;35;67;32;19;25;18;16;1189
352965;218;9;10;5;5;2;2;3;3;3;2;1;2;265
352970;4259;1002;682;419;1223;418;220;90;139;137;171;101;64;8925
352980;1445;201;156;234;429;253;104;77;156;131;87;73;27;3373
352990;2062;69;91;75;69;58;67;64;154;74;100;73;29;2985
353000;309;28;12;5;5;8;4;7;20;9;7;6;3;423
353010;3957;122;156;197;958;228;328;100;132;149;102;107;92;6628
353020;1259;25;33;47;30;60;28;32;26;46;35;18;31;1670
353030;9452;393;510;539;551;450;472;428;482;503;423;493;381;15077
353040;363;12;27;26;11;14;13;10;20;14;11;12;6;539
353050;13518;418;501;824;1179;647;767;589;698;534;547;419;348;20989
353060;69211;4129;3620;4333;4082;4022;3723;3840;4346;3851;4026;3887;2688;115758
353070;35427;2045;2052;1703;1652;2831;2047;1895;2157;1688;1800;1518;1479;58294
353080;23272;880;1014;1075;972;1238;1032;1092;1176;1211;1121;1088;833;36004
353090;463;10;35;18;33;95;18;14;28;18;8;11;4;755
353100;372;18;69;64;107;59;73;38;61;86;122;198;109;1376
353110;6760;183;160;220;202;377;238;183;276;351;211;264;267;9692
353120;1654;300;117;164;108;216;157;85;151;144;169;168;137;3570
353130;10994;528;507;563;559;631;490;701;670;660;692;619;441;18055
353140;4360;618;1558;1449;1448;1194;560;239;212;189;187;152;63;12229
353150;6584;140;223;93;99;583;3556;627;262;262;260;182;53;12924
353160;425;24;49;22;19;30;16;17;16;22;14;17;8;679
353170;801;59;41;86;42;47;43;31;54;77;74;54;38;1447
353180;8708;678;757;860;719;906;575;533;800;628;635;662;559;17020
353190;4319;602;496;706;1190;279;184;161;252;131;212;90;47;8669
353200;11816;698;928;807;658;645;596;763;711;666;720;910;514;20432
353205;1705;26;240;136;391;117;37;43;14;29;10;17;1;2766
353210;476;5;6;26;12;16;10;14;11;6;8;9;4;603
353215;264;9;10;17;8;4;6;10;28;6;10;7;2;381
353220;1295;103;198;178;103;206;76;146;184;154;173;95;62;2973
353230;553;16;17;18;18;14;9;21;14;11;13;3;10;717
353240;1371;25;104;68;85;60;26;47;47;32;53;22;23;1963
353250;1596;38;35;59;62;71;38;46;176;57;79;44;44;2345
353260;1259;33;47;86;38;55;57;32;61;51;46;40;29;1834
353270;471;55;288;277;396;74;43;486;91;42;51;46;27;2347
353280;692;30;33;24;24;52;38;26;35;40;33;35;17;1079
353282;1543;126;269;124;91;97;52;76;130;100;148;174;58;2988
353284;128;17;8;1;2;0;3;1;2;0;5;0;0;167
353286;191;1;2;15;7;4;9;3;8;6;4;0;2;252
353290;2999;246;210;192;494;374;129;91;45;45;71;38;52;4986
353300;2013;104;57;98;89;72;109;133;96;64;54;52;36;2977
353310;191;2;6;4;0;0;1;0;0;1;4;3;1;213
353320;527;76;49;84;79;51;57;45;51;44;74;59;177;1373
353325;304;6;14;93;43;39;18;19;12;9;3;1;2;563
353330;209;7;6;5;7;1;5;2;10;8;6;4;6;276
353340;14885;674;762;716;644;798;716;790;738;673;736;731;444;23307
353350;7415;1480;1724;911;705;3885;768;491;367;267;207;220;167;18607
353360;2339;140;125;156;375;324;227;133;155;113;188;185;165;4625
353370;576;7;25;25;26;30;22;21;11;27;19;8;2;799
353380;260;4;7;7;6;5;5;5;3;0;7;7;10;326
353390;10927;1768;1013;841;1575;850;482;429;500;409;323;566;312;19995
353400;1488;18;598;286;630;228;77;44;23;44;35;40;34;3545
353410;690;48;16;58;33;42;40;38;23;33;37;14;9;1081
353420;2832;1853;853;908;483;589;34;18;67;108;41;15;8;7809
353430;8976;793;691;701;761;537;464;497;441;652;639;456;416;16024
353440;121843;5066;5119;6206;5825;6061;5766;5891;6357;6701;6203;5537;4385;190960
353450;382;15;15;9;4;5;6;9;10;7;6;6;1;475
353460;5499;209;373;310;224;270;313;211;251;189;213;232;144;8438
353470;18409;661;1047;737;1167;828;682;661;829;828;960;767;536;28112
353475;1469;284;118;202;322;33;98;81;65;207;119;123;77;3198
353480;616;83;70;33;46;226;90;25;20;91;28;25;28;1381
353490;1053;30;34;45;39;50;32;35;39;39;35;34;21;1486
353500;997;930;234;91;179;179;254;204;102;56;70;31;23;3350
353510;490;10;60;22;156;39;17;19;54;16;10;21;3;917
353520;764;26;5;22;20;36;23;14;20;20;19;15;9;993
353530;3216;144;356;401;386;554;262;179;259;149;183;92;60;6241
353540;2063;121;120;115;115;109;127;110;125;142;143;187;129;3606
353550;10569;1209;1019;751;1443;757;508;719;559;365;357;253;153;18662
353560;2834;82;124;79;94;117;84;108;123;102;119;90;94;4050
353570;1453;485;682;603;463;208;108;52;29;21;21;13;8;4146
353580;3974;135;200;181;343;104;312;96;255;157;204;150;112;6223
353590;437;4;15;9;33;28;13;7;16;7;15;16;5;605
353600;1451;793;254;327;587;460;104;33;50;30;61;54;27;4231
353610;1966;85;95;102;58;83;99;66;53;38;73;55;103;2876
353620;2943;162;107;107;111;121;94;74;97;111;102;125;82;4236
353625;242;9;6;3;5;5;3;3;12;2;6;4;4;304
353630;2401;333;330;167;733;360;285;139;314;114;127;81;60;5444
353640;918;83;479;506;346;203;1458;57;30;74;95;84;20;4353
353650;29217;1163;1095;1310;1263;1258;1271;1586;1353;1231;1393;1454;1110;44704
353657;205;15;8;6;3;5;5;7;1;3;9;3;1;271
353660;901;40;37;33;19;24;40;37;23;10;30;28;12;1234
353670;9812;945;1185;916;1258;1310;708;601;680;535;506;516;668;19640
353680;481;20;36;20;10;13;35;33;48;9;6;12;18;741
353690;454;386;69;55;42;25;28;13;14;5;2;4;1;1098
353700;3676;377;272;374;469;1203;529;235;165;171;120;425;177;8193
353710;11427;510;509;500;524;533;670;485;496;465;515;473;302;17409
353715;357;15;51;5;33;10;5;18;41;12;6;2;1;556
353720;653;25;35;19;12;13;17;13;23;15;14;7;22;868
353730;11629;507;581;829;4057;1621;600;530;716;584;873;575;339;23441
353740;4328;951;255;317;170;232;322;212;155;142;209;158;180;7631
353750;1982;95;97;74;96;86;77;80;129;99;90;96;61;3062
353760;5793;289;185;208;199;173;143;163;184;147;313;305;320;8422
353770;586;30;36;17;17;22;30;9;17;48;43;15;5;875
353780;6434;254;333;279;230;213;255;214;259;261;341;321;168;9562
353790;5921;130;218;209;162;246;226;165;217;226;229;229;161;8339
353800;23294;884;916;1035;984;1023;1087;1047;1090;1036;1144;1009;797;35346
353810;1695;654;1073;567;299;373;258;102;140;78;120;150;82;5591
353820;1176;36;71;45;48;49;36;27;31;36;43;37;29;1664
353830;492;18;49;21;33;33;14;16;19;20;16;12;4;747
353850;1372;32;39;35;19;13;14;19;7;33;18;30;19;1650
353860;3258;123;53;210;111;124;128;87;77;117;70;113;49;4520
353870;96633;4359;4494;4905;7608;5230;4272;6083;4968;5569;5264;4694;4487;158566
353880;4614;189;254;191;158;224;191;208;157;144;146;151;122;6749
353890;2758;120;121;123;110;131;146;116;116;80;135;446;82;4484
353900;1851;471;199;175;223;113;100;95;100;63;74;89;50;3603
353910;6206;826;288;342;491;402;543;503;480;330;611;222;144;11388
353920;4043;132;131;142;106;97;96;668;105;137;137;103;89;5986
353930;16157;848;648;896;1150;910;3596;2856;1277;1171;779;652;466;31406
353940;1238;49;53;54;35;47;43;43;60;64;59;127;24;1896
353950;5572;252;852;981;933;2769;288;147;210;118;147;136;90;12495
353960;560;15;44;22;45;47;89;39;31;13;147;49;14;1115
353970;706;9;16;81;59;62;96;93;35;11;28;5;0;1201
353980;36206;2198;2290;2563;2310;2760;2640;2939;2890;2606;2812;2217;2168;66599
353990;537;43;34;36;61;73;54;33;34;23;33;14;20;995
354000;5476;255;262;190;244;215;181;195;164;202;257;125;80;7846
354010;383;6;10;3;22;1;13;9;13;7;9;19;3;498
354020;5803;4116;2218;875;1462;1480;524;326;341;263;215;159;158;17940
354025;360;3;7;11;13;3;17;8;6;3;5;5;2;443
354030;544;1135;159;117;360;242;36;54;236;41;53;87;21;3085
354040;336;87;50;33;7;6;9;46;7;26;13;3;2;625
354050;886;18;26;22;43;18;25;33;36;52;22;19;21;1221
354060;9175;529;673;804;501;751;322;371;433;361;443;367;227;14957
354070;13750;782;665;764;1367;612;714;757;631;657;680;470;276;22125
354075;821;78;108;53;31;26;19;20;35;43;25;18;12;1289
354080;2015;93;106;112;93;90;78;68;64;80;87;64;36;2986
354085;174;5;3;0;6;1;3;4;2;0;1;2;0;201
354090;5397;191;332;276;544;351;150;120;151;144;141;197;131;8125
354100;27555;1078;1148;1044;1016;1039;899;969;1012;910;1071;1156;1046;39943
354105;907;337;166;134;105;163;67;89;88;64;154;88;59;2421
354110;1711;20;176;86;94;603;111;176;91;55;12;17;6;3158
354120;1571;35;60;70;62;48;44;54;81;39;37;34;22;2157
354130;6387;203;394;253;186;220;193;193;233;249;184;200;137;9032
354140;52793;2794;2432;2372;2459;2199;2309;2113;2465;2344;2601;2512;1950;81343
354150;5111;278;328;237;289;465;301;246;243;202;220;253;166;8339
354160;9955;1037;867;900;1746;797;749;453;500;480;448;431;362;18725
354165;365;4;55;15;18;6;6;2;21;2;14;4;2;514
354170;3135;257;297;210;467;215;214;108;108;58;79;56;77;5281
354180;447;14;50;17;163;28;22;34;37;15;22;16;16;881
354190;1121;35;99;17;10;28;25;18;35;16;61;27;102;1594
354200;739;43;58;38;39;46;45;26;30;13;19;19;12;1127
354210;2616;103;151;108;853;198;143;88;66;128;55;72;51;4632
354220;4463;429;342;201;229;194;192;181;238;301;221;329;90;7410
354230;456;10;35;21;12;6;10;4;6;11;10;7;4;592
354240;3533;136;268;193;240;334;261;248;340;222;243;171;75;6264
354250;932;57;40;28;70;51;285;76;27;56;38;53;89;1802
354260;8533;537;407;364;295;347;392;280;400;471;404;468;253;13151
354270;832;73;49;58;33;305;169;110;69;38;53;28;34;1851
354280;452;16;10;23;18;14;4;19;5;3;8;7;5;584
354290;1504;68;138;96;131;163;95;106;80;74;87;80;24;2646
354300;1386;169;71;59;43;40;36;81;58;104;148;158;160;2513
354310;463;31;36;16;51;274;95;14;13;17;17;4;7;1038
354320;565;7;24;31;118;38;6;28;6;22;24;55;7;931
354323;243;14;8;29;8;8;7;12;4;5;3;14;3;358
354325;996;14;21;39;10;29;29;17;13;18;10;10;22;1228
354330;21359;819;723;746;828;930;958;952;1218;946;1081;789;610;31959
354340;150350;7483;7210;8770;8617;8653;7187;7939;8320;7586;8513;7925;6810;245363
354350;364;7;20;7;2;1;1;3;4;3;1;3;1;417
354360;393;11;18;10;12;16;11;12;3;6;9;27;3;531
354370;1350;25;116;113;62;62;60;68;30;79;79;95;39;2178
354380;912;20;22;25;83;44;21;34;26;28;22;45;14;1296
354390;63351;2442;3052;3880;3732;4270;3181;3189;3347;3068;3443;3183;2230;102368
354400;7206;539;512;551;2751;1677;596;314;242;270;281;215;112;15266
354410;2649;96;72;78;81;123;102;76;106;61;87;81;65;3677
354420;600;9;24;21;23;24;8;16;15;35;13;16;2;806
354425;1877;35;118;82;55;59;58;71;77;79;257;59;86;2913
354430;1505;38;111;77;28;61;27;58;39;37;117;49;31;2178
354440;228;12;8;38;16;13;8;5;8;49;3;18;7;413
354450;354;4;1;13;8;9;3;0;9;2;0;2;4;409
354460;421;13;16;30;4;12;18;17;14;12;18;6;1;582
354470;307;8;8;7;4;9;7;4;9;3;3;2;3;374
354480;620;21;28;9;9;60;18;43;20;18;21;34;10;911
354490;1921;268;118;161;159;111;116;67;90;98;121;129;78;3437
354500;1864;76;111;102;74;69;83;62;67;48;80;83;58;2777
354510;364;5;54;22;3;14;3;7;14;2;9;0;0;497
354515;1362;96;69;71;110;95;34;56;54;61;68;65;45;2186
354520;21258;949;999;1037;928;1000;885;1092;1293;1055;1100;1114;886;33596
354530;4306;152;187;164;105;135;102;138;155;151;150;183;92;6020
354540;1062;15;61;38;44;50;47;29;44;51;51;40;25;1557
354550;520;11;57;32;27;19;15;34;16;12;15;12;1;771
354560;1941;1612;1562;431;293;218;206;122;67;34;28;30;21;6565
354570;464;240;78;20;5;17;11;24;24;29;30;10;11;963
354580;34138;1812;1653;1708;2286;1987;1522;1584;1965;1647;1720;1595;1068;54685
354600;2137;129;164;100;75;69;108;70;87;92;94;70;34;3229
354610;313;4;3;7;11;5;8;7;6;1;10;10;3;388
354620;935;52;29;34;48;102;103;291;137;114;68;120;25;2058
354625;189;8;23;15;3;27;19;17;10;4;5;8;10;338
354630;5769;177;273;423;1166;598;231;274;441;270;198;145;184;10149
354640;8911;356;369;416;417;788;597;466;583;558;437;305;182;14385
354650;346;6;76;34;18;35;37;25;12;14;21;4;3;631
354660;4060;835;379;162;157;219;252;157;198;185;201;203;153;7161
354670;5147;177;231;161;154;178;276;155;173;137;132;193;156;7270
354680;7104;275;266;408;324;304;301;374;539;230;296;317;221;10959
354690;941;104;97;75;82;84;37;26;46;38;60;97;71;1758
354700;1212;155;82;116;220;228;139;150;108;102;161;106;59;2838
354710;292;8;8;8;11;14;6;6;9;16;9;5;0;392
354720;202;9;3;3;3;3;3;6;1;1;0;2;0;236
354730;58471;3996;3933;3725;3525;3381;3140;3340;3414;3367;3708;3193;2616;99809
354740;264;8;18;11;2;4;10;7;4;5;6;4;11;354
354750;5822;274;199;803;645;348;281;279;207;256;213;159;111;9597
354760;4477;235;194;174;254;220;136;109;152;73;122;114;189;6449
354765;177;5;5;4;3;4;2;2;2;17;16;12;1;250
354770;3655;159;106;176;1420;385;353;138;128;104;112;68;71;6875
354780;154804;9578;10394;9456;9155;9669;8894;9798;10058;9867;11173;10440;8851;272137
354790;796;37;140;75;36;126;79;72;45;24;30;12;15;1487
354800;7226;399;385;550;576;439;531;579;480;501;457;524;342;12989
354805;2261;92;613;455;1004;248;176;54;134;49;59;42;12;5199
354810;1042;33;55;37;37;78;61;59;51;39;41;50;6;1589
354820;798;18;36;26;28;27;26;17;26;13;18;13;6;1052
354830;316;6;5;4;4;2;0;0;14;3;3;2;8;367
354840;355;9;25;6;17;30;16;29;19;6;16;14;14;556
354850;139566;5832;5566;5433;5359;5100;4717;4790;5109;4719;6500;5512;5625;203828
354860;818;15;21;78;28;43;21;16;12;29;24;15;11;1131
354870;229240;9382;9141;10759;9337;10243;10474;12420;12122;11631;11538;9995;8819;355101
354880;98500;4614;4877;5636;5340;5033;4670;5436;5771;5018;6429;5147;3620;160091
354890;59709;2786;3031;3202;2569;2722;2598;2536;2771;2618;2783;2937;1958;92220
354900;833;60;55;72;62;60;46;41;69;65;57;73;57;1550
354910;18461;948;724;949;1101;817;734;648;798;639;656;640;519;27634
354920;258;2;5;14;4;3;4;3;4;6;2;4;0;309
354925;228;2;5;6;1;3;9;9;11;11;1;5;1;292
354930;229;6;2;5;1;3;4;1;12;7;2;0;0;272
354940;13785;609;858;805;864;543;494;354;405;392;439;331;348;20227
354950;641;28;35;28;37;201;73;27;27;16;17;44;21;1195
354960;422;6;5;30;2;7;10;5;6;3;7;7;4;514
354970;11260;564;507;423;456;405;483;351;450;450;521;451;303;16624
354980;91298;4295;4603;4530;4557;4560;4425;4520;5024;4882;5516;5374;3924;147508
354990;145328;7473;7103;7948;7866;8090;7797;7759;8738;7893;9033;8520;5684;239232
354995;7361;432;423;472;389;328;374;369;406;254;249;293;308;11658
355000;1575;50;137;58;49;54;62;71;80;48;43;43;15;2285
355010;8979;553;542;515;872;499;442;316;344;344;299;243;217;14165
355020;3567;140;163;136;140;109;226;161;172;237;178;161;120;5510
355030;3886575;161263;180338;192818;174695;183367;165660;167557;188229;181233;192871;188987;146044;6009637
355040;4038;165;167;192;256;296;230;204;213;214;197;213;140;6525
355050;985;64;145;87;191;127;153;85;112;77;73;67;17;2183
355060;14138;1110;693;711;612;654;542;781;615;590;612;552;373;21983
355070;13303;752;832;919;999;493;443;406;461;410;532;609;868;21027
355080;2814;173;132;119;222;331;323;192;185;147;136;148;66;4988
355090;2973;110;139;114;147;134;108;102;109;109;136;125;80;4386
355100;31685;1238;1825;1876;1959;1761;1168;1099;1331;1355;1343;1488;1162;49290
355110;1185;57;55;77;39;36;64;51;52;56;63;43;29;1807
355120;378;6;26;25;7;62;52;6;15;19;7;12;25;640
355130;1283;8;315;147;457;326;137;90;94;84;87;57;25;3110
355140;568;15;33;32;129;40;20;27;41;17;19;24;23;988
355150;6813;405;581;487;724;1995;249;345;277;248;297;330;167;12918
355160;5473;217;290;226;243;217;200;195;179;178;203;204;180;8005
355170;35359;3083;3705;3745;4228;3884;2808;2249;2679;2363;2966;2601;2143;71813
355180;1298;46;44;49;47;44;40;34;60;47;43;50;29;1831
355190;1674;68;196;223;469;414;383;190;96;239;114;35;40;4141
355200;595;15;19;16;22;9;17;19;29;14;24;18;8;805
355210;5342;229;253;229;250;193;182;158;180;216;275;163;114;7784
355220;131233;8153;7147;6874;7098;7173;7016;9010;7805;8991;8755;8904;6097;224256
355230;2820;649;231;171;394;211;165;106;112;42;56;63;24;5044
355240;33454;1272;1402;1676;1766;1526;1658;1965;2093;1633;1713;1537;1145;52840
355250;39370;1649;2102;1739;1701;1814;1601;1437;1754;1822;1944;1577;1282;59792
355255;431;6;379;61;60;60;21;18;13;28;16;14;4;1111
355260;1888;72;100;73;92;164;286;617;219;107;112;78;45;3853
355270;2337;69;78;73;64;118;1058;816;224;256;134;83;51;5361
355280;44631;3112;2642;3018;2941;2740;2582;2849;3066;3828;3531;2934;2780;80654
355290;699;22;28;16;16;11;11;10;17;13;11;12;5;871
355300;2289;127;195;147;183;171;205;162;160;127;124;110;17;4017
355310;583;18;38;21;44;40;71;42;43;29;11;14;15;969
355320;622;26;21;30;13;27;143;47;45;35;33;16;14;1072
355330;4497;210;224;206;217;278;281;202;229;260;283;242;154;7283
355340;3822;833;460;513;266;339;164;288;233;239;202;137;58;7554
355350;883;22;25;43;28;23;21;16;43;25;32;26;21;1208
355360;3412;126;202;258;552;710;216;196;114;84;82;108;80;6140
355365;387;14;14;7;35;6;7;4;20;2;15;2;16;529
355370;9607;322;656;580;372;399;1861;1751;827;638;571;389;288;18261
355380;2867;174;186;115;129;183;200;251;475;166;107;73;77;5003
355385;921;49;79;108;58;27;30;31;46;65;14;36;15;1479
355390;703;47;63;31;28;17;32;34;35;11;37;35;29;1102
355395;5427;837;793;903;1013;677;651;432;465;399;503;302;296;12698
355400;21301;690;868;856;849;934;745;948;915;854;973;839;611;31383
355410;67440;3051;3156;3071;3090;3614;3337;2943;3440;3053;3738;5362;2723;108018
355420;553;24;28;12;25;17;32;22;22;17;21;18;6;797
355430;2852;505;243;392;606;225;118;105;155;124;196;184;351;6056
355440;824;108;63;64;60;75;18;16;15;9;20;20;31;1323
355450;13457;521;660;613;622;1003;486;581;635;590;635;590;280;20673
355460;320;6;9;11;14;36;8;9;5;7;5;11;16;457
355465;139;7;3;1;9;1;0;6;1;2;3;2;1;175
355470;1391;77;63;111;67;96;67;57;58;64;59;55;25;2190
355475;318;13;17;26;58;15;15;23;14;18;11;5;18;551
355480;3840;176;179;298;215;220;202;201;247;197;222;179;192;6368
355490;612;19;16;20;24;11;24;9;14;11;21;24;11;816
355495;808;21;30;44;16;12;34;69;45;40;26;62;28;1235
355500;12086;401;690;625;502;579;444;446;530;454;516;425;326;18024
355510;1933;55;64;90;69;67;49;57;54;52;65;66;43;2664
355520;279;5;4;4;0;7;14;2;3;2;2;1;1;324
355530;278;16;3;6;2;4;3;1;3;4;5;1;2;328
355535;744;42;49;33;40;35;38;20;39;32;28;32;17;1149
355540;11320;516;382;650;352;386;322;296;330;375;566;556;921;16972
355550;650;32;31;27;47;22;35;178;81;50;44;39;29;1265
355560;1294;38;83;46;50;77;69;463;242;99;39;34;37;2571
355570;216;4;42;30;9;51;14;41;15;12;5;3;0;442
355580;969;28;24;41;55;57;29;34;52;24;28;37;13;1391
355590;269;6;6;7;0;32;18;93;102;93;51;10;7;694
355600;1813;69;86;75;68;84;74;59;75;113;75;85;34;2710
355610;1992;64;142;140;263;116;80;100;113;115;161;124;54;3464
355620;29385;1464;1195;1633;1531;1423;1368;1463;1736;1519;1584;1384;1039;46724
355630;3803;318;613;795;1521;458;423;2632;255;163;129;141;68;11319
355635;672;21;32;30;30;27;15;18;24;29;20;22;15;955
355640;5599;226;238;238;294;303;336;865;907;327;281;234;208;10056
355645;7754;433;418;356;407;408;354;348;358;435;481;408;330;12490
355650;12553;535;637;531;514;555;573;651;652;543;610;445;347;19146
355660;1271;39;62;54;89;146;95;70;23;25;20;48;17;1959
355670;23561;1064;1156;1175;1121;1209;1095;1359;1114;1043;1003;960;780;36640
355680;2461;144;232;145;179;240;215;237;165;167;113;141;68;4507
355690;2559;1864;556;512;745;319;68;45;65;321;49;57;50;7210
355695;157;15;5;10;3;2;0;47;33;10;1;1;0;284
355700;12749;477;607;609;511;503;940;492;589;577;569;495;285;19403
355710;15858;623;699;936;764;763;1075;813;948;838;784;842;583;25526
355715;499;48;53;20;40;17;19;36;29;31;15;15;16;838
355720;2752;278;219;95;115;132;106;57;91;68;86;120;75;4194
355730;1221;48;74;41;54;64;53;38;48;49;50;45;16;1801
359999;0;0;0;0;0;0;0;0;0;0;0;0;0;0
410010;714;35;43;18;24;22;21;21;23;13;19;18;17;988
410020;457;21;22;29;20;59;19;15;14;7;21;17;2;703
410030;533;36;16;16;41;44;18;42;26;33;31;12;4;852
410040;9169;402;495;454;522;486;370;388;406;451;591;382;330;14446
410045;333;6;2;7;4;6;2;5;7;3;2;0;0;377
410050;3579;141;169;162;185;155;193;131;179;180;175;154;73;5476
410060;1442;41;49;66;49;49;75;93;45;60;54;29;32;2084
410070;1032;16;39;50;32;33;23;36;17;23;28;21;21;1371
410080;965;31;34;23;41;32;81;125;139;69;52;38;15;1645
410090;362;6;8;10;28;16;15;14;11;11;8;4;7;500
410100;3513;85;100;229;174;123;163;165;171;145;166;114;30;5178
410105;284;3;15;10;2;5;9;2;12;4;0;2;1;349
410110;3499;101;125;110;74;97;93;65;159;122;111;168;77;4801
410115;358;7;6;10;8;6;12;5;10;10;3;28;11;474
410120;2962;111;191;194;147;183;183;136;215;158;173;163;108;4924
410130;519;28;12;6;28;11;7;12;36;56;14;65;39;833
410140;28979;1442;1519;1705;1858;1564;1531;1668;1708;1644;1982;1537;818;47955
410150;27485;1296;1362;1398;1512;1684;1406;1489;1503;1541;1877;1699;799;45051
410160;4995;268;236;233;193;165;142;290;227;177;196;127;99;7348
410165;245;2;23;8;2;4;7;6;2;4;1;3;1;308
410170;2345;107;103;134;177;84;99;122;124;91;128;112;95;3721
410180;30298;1447;1174;1379;1194;1528;1214;1370;1532;1434;1544;1374;977;46465
410185;212;4;6;6;5;4;3;5;1;6;1;3;0;256
410190;2477;55;97;110;60;76;62;36;101;97;89;86;70;3416
410200;4026;106;149;126;128;126;124;113;120;133;109;120;62;5442
410210;4601;166;211;215;1199;215;192;201;202;274;301;181;111;8069
410220;512;19;21;24;16;21;9;32;20;12;26;14;4;730
410230;2004;72;112;96;143;82;72;77;97;58;91;56;74;3034
410240;5136;117;503;592;2871;815;160;226;396;437;305;105;86;11749
410250;921;16;27;40;20;49;19;25;22;19;27;20;5;1210
410260;1232;26;45;51;33;39;52;58;41;38;42;44;23;1724
410270;287;2;8;5;0;3;8;21;3;14;9;0;5;365
410275;260;4;14;4;12;13;1;3;17;14;8;4;9;363
410280;1687;71;93;68;62;60;83;76;70;90;69;51;28;2508
410290;2379;101;96;77;74;125;112;112;115;125;164;100;64;3644
410300;482;4;52;8;12;5;14;61;25;11;12;7;11;704
410302;247;5;4;4;10;5;5;5;0;4;6;3;2;300
410304;506;12;21;15;17;8;18;14;15;19;26;16;5;692
410305;636;7;25;29;25;15;11;18;27;23;19;19;12;866
410310;1139;74;112;107;73;70;56;47;52;88;72;50;21;1961
410315;198;3;8;1;4;8;10;4;5;0;5;2;0;248
410320;771;9;20;64;28;57;27;20;41;26;21;27;18;1129
410322;345;28;20;17;12;8;12;10;8;8;15;9;3;495
410330;778;4;28;23;20;21;24;23;26;14;14;19;6;1000
410335;434;8;18;10;9;11;16;9;11;15;26;4;3;574
410337;269;13;10;9;9;8;3;9;2;10;23;6;3;374
410340;307;5;3;4;5;11;7;19;2;1;2;3;2;371
410345;6612;185;332;359;278;230;265;557;387;336;371;397;385;10694
410347;285;6;11;7;4;9;9;6;7;4;2;4;5;359
410350;974;34;23;33;26;75;44;43;31;22;43;12;26;1386
410360;5789;149;131;140;275;721;1211;496;402;251;289;148;138;10140
410370;15563;693;708;787;681;775;696;804;862;712;804;762;523;24370
410380;1018;40;27;28;40;28;40;16;35;26;23;39;13;1373
410390;1423;34;30;40;28;25;41;37;26;31;41;34;27;1817
410395;408;1;7;6;1;33;4;42;6;9;5;8;1;531
410400;5632;271;228;272;244;253;260;320;307;265;273;284;171;8780
410405;395;18;13;10;3;5;7;14;23;6;3;9;2;508
410410;1069;369;65;53;45;38;30;37;31;46;44;29;182;2038
410420;20903;973;926;1315;1061;959;854;873;823;869;997;888;586;32027
410425;2263;120;129;169;158;191;124;106;198;92;89;89;67;3795
410430;15155;534;795;782;694;603;619;711;785;827;812;768;488;23573
410440;1005;15;17;15;18;25;38;25;17;16;75;16;12;1294
410442;1462;74;48;62;50;46;38;48;24;46;43;41;36;2018
410445;976;27;80;61;49;43;53;27;86;36;33;22;11;1504
410450;2950;93;131;171;108;95;117;123;147;123;97;116;621;4892
410460;2035;84;97;145;128;118;91;72;118;131;150;100;32;3301
410465;8475;348;285;321;418;329;273;435;308;272;268;299;361;12392
410470;1631;115;80;61;63;58;55;69;80;64;81;65;45;2467
410480;65616;3685;3664;4154;3386;3349;3225;3704;4060;4201;4133;4834;3056;111067
410490;10741;429;353;448;383;465;387;365;426;482;514;430;238;15661
410500;945;46;22;37;22;26;28;22;40;44;28;35;15;1310
410510;1583;17;24;102;94;246;133;85;103;98;77;39;59;2660
410520;1285;85;64;245;93;66;50;67;72;41;30;47;15;2160
410530;1982;45;114;90;92;50;87;96;92;92;124;97;70;3031
410540;2329;135;88;77;101;110;174;131;188;95;125;123;54;3730
410550;15139;741;1067;1024;979;935;961;996;1248;963;993;781;434;26261
410560;1429;1825;187;543;240;232;189;210;95;79;130;81;59;5299
410570;2238;61;85;76;85;81;57;58;88;78;65;58;21;3051
410580;28833;3908;6576;4994;2536;2472;3041;3546;2790;2790;3371;2993;2418;70268
410590;6758;800;442;297;1015;699;508;297;304;297;250;187;120;11974
410600;724;6;21;81;22;36;7;30;21;40;63;16;8;1075
410610;435;19;8;15;9;13;6;10;8;7;19;9;0;558
410620;1755;52;76;72;55;34;45;48;40;45;46;69;74;2411
410630;2348;75;68;75;79;62;84;104;109;82;115;115;61;3377
410640;10977;724;563;583;487;410;315;414;466;483;443;415;330;16610
410645;958;14;43;41;54;30;50;30;34;17;46;50;11;1378
410650;2474;113;147;134;123;116;80;88;125;99;155;114;49;3817
410655;346;6;3;19;9;9;1;5;3;6;6;6;2;421
410657;418;13;11;19;11;45;20;22;24;11;26;14;18;652
410660;2298;123;135;127;55;78;118;115;88;86;69;80;77;3449
410670;516;10;14;24;22;13;5;18;19;10;13;15;9;688
410680;1487;42;33;43;28;34;20;27;28;62;23;41;18;1886
410685;230;29;22;7;6;15;7;4;4;1;0;6;3;334
410690;719458;29664;30653;34262;33893;32746;33446;32083;32831;33244;34321;36105;25583;1108289
410700;1857;64;92;152;122;113;90;60;83;67;96;52;108;2956
410710;514;5;7;7;51;38;18;15;28;14;24;6;7;734
410712;262;3;4;7;9;1;8;1;2;2;5;4;2;310
410715;379;11;7;14;13;9;10;44;10;12;15;12;12;548
410720;7718;314;322;297;349;299;238;274;340;263;265;201;198;11078
410725;1406;77;77;89;95;96;62;29;41;77;30;38;35;2152
410730;586;38;31;19;10;29;12;31;8;13;13;6;4;800
410740;839;12;19;42;40;20;38;23;42;32;29;21;13;1170
410750;3713;194;238;707;152;295;123;118;96;136;137;73;41;6023
410752;212;6;42;7;6;6;2;6;9;1;8;7;0;312
410753;707;18;71;20;71;34;33;32;45;22;45;28;16;1142
410754;337;9;10;12;5;9;10;5;16;16;9;3;1;442
410755;356;6;15;9;7;11;9;3;12;5;3;6;3;445
410760;1956;45;47;58;127;58;83;69;90;42;61;48;43;2727
410765;8104;457;419;585;480;517;432;412;433;372;410;389;281;13291
410770;400;4;15;7;4;10;3;13;28;9;7;8;2;510
410773;552;19;12;24;14;15;19;19;26;22;26;17;6;771
410775;1102;32;30;30;32;24;71;35;38;17;34;33;8;1486
410780;762;12;49;66;75;40;68;35;132;45;55;46;6;1391
410785;418;12;13;26;28;21;16;21;22;12;38;7;4;638
410790;886;42;49;49;32;43;30;45;36;22;28;36;27;1325
410800;1775;20;54;468;22;1065;327;95;161;112;84;16;98;4297
410810;306;7;4;14;16;4;6;9;15;8;8;17;1;415
410820;676;13;17;11;21;16;11;15;18;24;17;13;11;863
410830;41719;1678;1792;1841;1831;1627;1576;1545;1616;1738;2422;2159;1507;63051
410832;500;9;11;13;17;15;5;6;11;11;11;22;10;641
410840;18051;894;908;883;890;849;738;847;912;923;944;848;630;28317
410845;143;8;13;12;15;11;18;17;14;8;17;20;12;308
410850;1934;87;95;102;108;110;83;87;107;76;111;78;35;3013
410855;216;4;6;6;2;5;7;2;6;2;2;1;4;263
410860;5832;145;151;589;324;206;198;114;147;265;305;186;99;8561
410865;390;7;11;12;9;3;10;5;8;11;3;8;3;480
410870;704;10;9;13;18;12;7;9;13;16;15;12;4;842
410880;3498;161;126;145;98;145;130;128;155;161;154;112;89;5102
410890;608;15;20;22;12;21;38;52;23;23;22;16;11;883
410895;494;20;7;13;17;12;16;16;16;12;11;15;4;653
410900;482;14;17;20;59;16;26;18;14;18;14;11;6;715
410910;347;3;16;6;8;7;6;9;10;10;8;10;3;443
410920;715;22;20;18;42;39;78;21;35;43;26;13;12;1084
410930;1789;57;71;65;65;44;60;68;74;57;81;54;35;2520
410940;28783;1365;1204;1334;1226;1087;1225;1245;1430;1359;1543;1290;849;43940
410950;595;8;15;5;12;7;3;5;14;4;4;3;2;677
410960;3969;304;123;120;115;160;108;154;150;147;269;253;528;6400
410965;625;10;33;24;20;16;4;17;7;15;13;17;7;808
410970;4663;322;197;258;239;1172;329;392;371;289;289;215;112;8848
410975;836;62;48;31;37;31;19;25;34;48;28;29;16;1244
410980;7362;328;373;410;379;312;331;334;325;404;314;331;269;11472
410990;779;18;40;18;27;21;14;15;14;14;8;16;10;994
411000;587;28;26;12;13;19;51;14;29;15;22;63;30;909
411005;262;5;5;8;7;7;11;9;8;22;14;5;5;368
411007;878;63;38;27;55;48;34;35;51;32;41;25;40;1367
411010;4065;233;240;300;159;202;298;306;280;233;260;204;102;6882
411020;1075;46;37;32;27;14;35;73;34;144;41;82;46;1686
411030;467;7;8;13;7;12;3;14;26;18;12;7;2;596
411040;711;23;20;28;30;87;11;30;39;17;25;42;18;1081
411050;1221;30;76;84;64;36;42;39;143;45;41;37;17;1875
411060;1858;55;59;77;44;85;50;40;45;57;69;56;38;2533
411065;246;1;15;4;2;8;7;3;4;6;3;4;0;303
411070;8763;361;401;358;426;369;300;293;578;304;340;265;228;12986
411080;1007;19;20;21;27;12;43;18;27;10;22;21;12;1259
411090;344;9;7;9;8;18;9;11;19;8;7;6;5;460
411095;1081;58;74;77;58;68;58;47;52;67;70;61;35;1806
411100;609;10;15;24;10;17;21;51;25;14;24;10;4;834
411110;558;8;14;14;24;8;6;7;50;8;8;13;7;725
411120;1709;97;67;68;79;78;55;63;56;75;86;46;63;2542
411125;1869;138;109;124;148;120;100;189;140;121;115;81;67;3321
411130;290;11;7;3;1;5;6;1;6;0;1;0;0;331
411140;758;17;21;29;17;18;30;20;23;17;21;27;13;1011
411150;4049;109;166;157;138;150;112;120;135;132;123;111;85;5587
411155;2853;59;92;610;295;150;74;41;25;35;59;17;13;4323
411160;481;6;25;19;6;19;2;12;5;21;9;3;6;614
411170;344;2;9;6;6;8;22;6;15;7;13;3;3;444
411180;6994;374;272;472;1643;878;313;353;523;389;312;222;276;13021
411190;3133;179;100;273;231;264;179;248;259;230;186;145;108;5535
411200;7261;600;549;503;608;648;387;676;433;345;437;434;264;13145
411210;4663;117;145;513;1512;307;168;137;161;240;206;177;88;8434
411220;519;12;14;18;14;5;20;28;11;16;8;13;5;683
411230;444;53;15;30;23;29;3;13;20;32;7;9;4;682
411240;1454;35;33;57;67;60;83;58;75;81;44;46;37;2130
411250;868;14;25;17;28;21;28;17;19;27;15;13;19;1111
411260;222;5;0;3;3;4;6;2;1;3;7;2;1;259
411270;1613;42;35;59;28;54;44;50;35;66;45;74;28;2173
411275;747;13;25;21;14;11;18;16;9;13;20;19;13;939
411280;1821;41;39;119;104;65;129;110;108;124;168;86;89;3003
411290;407;4;5;19;44;32;13;10;18;5;2;5;4;568
411295;674;8;19;11;12;15;15;15;12;13;17;12;2;825
411300;1778;80;75;847;142;134;93;52;95;54;59;41;31;3481
411310;611;5;10;14;7;4;29;10;11;16;11;13;7;748
411320;7235;438;298;401;377;314;279;265;248;298;398;301;238;11090
411325;279;12;73;26;6;0;10;5;16;3;0;5;3;438
411330;3277;105;180;136;149;168;99;93;141;154;299;215;148;5164
411340;659;13;8;7;8;10;3;6;6;9;6;5;4;744
411342;293;6;11;8;1;4;9;8;8;10;5;7;2;372
411345;380;17;28;24;13;4;5;16;19;3;13;10;7;539
411350;3275;128;116;171;144;166;149;139;155;205;195;134;94;5071
411360;850;16;12;47;27;43;17;43;17;19;55;24;14;1184
411370;121002;6865;7680;7375;7784;6546;6136;6339;7006;6434;7370;6990;5090;202617
411373;946;12;44;18;7;16;19;21;18;25;14;20;17;1177
411375;434;4;11;22;9;6;7;4;24;4;5;8;2;540
411380;648;16;33;9;26;19;32;46;85;47;25;31;4;1021
411390;1562;70;65;43;48;34;35;44;36;58;46;40;27;2108
411400;1474;41;67;51;34;61;47;53;75;64;60;34;28;2089
411410;2275;92;148;108;133;116;107;96;145;106;144;83;87;3640
411420;6224;179;206;258;284;257;243;243;240;215;226;250;190;9015
411430;3834;859;225;220;292;231;230;473;341;303;231;294;225;7758
411435;208;2;8;2;5;11;7;2;7;3;10;5;1;271
411440;2090;64;79;110;118;72;60;51;86;76;96;69;32;3003
411450;988;19;30;24;25;28;38;60;56;23;37;18;7;1353
411460;11997;572;791;766;607;699;649;673;676;690;744;657;454;19975
411470;503;9;22;18;44;7;48;11;31;9;18;12;4;736
411480;5352;213;273;505;658;338;196;254;284;241;185;187;105;8791
411490;946;26;17;79;22;25;31;15;16;13;14;16;9;1229
411500;569;5;20;23;10;10;16;10;16;6;46;12;5;748
411510;714;25;22;38;17;22;14;9;13;6;26;18;4;928
411520;102400;5374;5995;6429;5967;5921;5641;5743;6687;6445;6720;5897;4216;173435
411530;749;32;30;16;30;28;16;23;30;24;32;23;17;1050
411535;729;44;25;30;23;18;18;23;21;31;36;17;31;1046
411540;1246;50;102;56;59;46;54;47;51;47;47;37;16;1858
411545;228;5;4;4;2;0;2;2;2;0;3;6;2;260
411550;491;25;21;35;36;36;12;24;25;45;40;18;30;838
411560;3789;247;275;191;223;184;233;247;179;190;179;201;108;6246
411570;4564;263;141;186;168;152;217;160;231;270;263;272;670;7557
411573;308;0;2;7;6;5;2;2;7;2;3;0;0;344
411575;1489;57;66;115;74;60;58;92;85;77;65;50;37;2325
411580;9020;395;405;465;357;387;375;454;388;459;405;419;223;13752
411585;641;18;39;66;30;32;20;32;24;14;23;21;5;965
411590;218;17;6;49;23;9;19;22;11;14;35;20;2;445
411600;270;1;5;2;3;4;52;37;16;4;5;1;0;400
411605;1242;39;67;64;47;45;47;33;30;36;36;30;23;1739
411610;1774;16;22;200;81;71;48;37;25;40;42;43;17;2416
411620;1823;113;77;67;71;73;91;68;57;67;55;50;77;2689
411630;425;8;5;12;6;11;9;7;9;6;27;8;6;539
411640;322;3;7;4;12;9;10;7;5;1;5;1;1;387
411650;206;5;15;4;15;12;18;13;11;11;4;8;3;325
411660;879;33;18;100;811;163;105;50;52;157;109;40;17;2534
411670;1315;18;48;32;14;35;50;30;23;49;35;33;21;1703
411680;519;18;15;16;6;8;4;16;7;11;13;11;3;647
411690;4128;138;187;169;184;155;155;178;202;136;163;139;111;6045
411695;524;20;21;23;27;23;48;20;24;35;26;28;7;826
411700;948;15;46;66;47;157;50;29;29;26;15;17;48;1493
411705;514;8;19;16;9;20;11;16;8;12;12;20;5;670
411710;2781;90;272;941;268;168;112;110;138;91;95;58;48;5172
411720;792;27;26;55;11;22;17;28;26;10;23;16;15;1068
411721;317;8;7;5;11;7;7;11;10;4;0;0;1;388
411722;978;39;40;31;62;33;41;42;41;45;44;37;30;1463
411725;990;35;56;48;45;52;31;44;29;41;67;30;13;1481
411727;460;4;29;21;9;18;12;5;8;11;7;5;3;592
411729;269;6;1;51;4;6;8;8;12;3;1;2;1;372
411730;3191;250;270;317;146;115;66;72;60;106;127;129;68;4917
411740;332;14;4;8;24;22;17;8;5;6;5;6;2;453
411745;483;12;28;11;7;8;13;10;27;12;18;6;10;645
411750;3194;267;180;209;199;248;223;168;189;194;167;180;64;5482
411760;7983;434;869;733;444;390;471;641;406;388;622;578;294;14253
411770;4630;440;154;205;137;113;117;156;222;204;217;179;259;7033
411780;1021;37;19;22;49;37;32;28;30;28;37;19;14;1373
411790;7508;357;454;452;375;325;330;355;392;339;375;501;310;12073
411800;1800;124;430;366;2594;337;203;161;158;59;58;52;42;6384
411810;3483;145;334;563;270;112;81;52;75;31;87;61;48;5342
411820;26925;1571;1366;1925;1352;1484;1412;1546;1293;1252;1639;1278;1144;44187
411830;428;11;7;10;16;11;9;12;15;7;6;6;3;541
411840;15529;684;762;728;864;656;1094;1038;697;779;710;709;582;24832
411845;888;32;55;60;35;46;53;56;49;163;70;43;52;1602
411850;15688;965;796;930;783;768;641;762;828;800;885;823;530;25199
411860;559;24;20;31;28;12;16;14;18;16;10;9;9;766
411870;415;11;17;39;21;11;13;7;11;13;15;21;9;603
411880;1267;28;36;41;29;50;35;43;39;25;21;36;21;1671
411885;1965;88;166;475;151;215;84;81;140;78;85;42;23;3593
411890;1773;82;79;72;74;98;80;76;92;128;92;84;49;2779
411900;572;15;21;11;11;12;7;12;17;6;13;12;6;715
411910;1456;89;47;30;37;31;36;48;66;50;62;75;22;2049
411915;30812;4559;2054;2124;1897;2150;1893;1993;1958;2459;2718;2563;1666;58846
411920;440;18;36;15;28;16;11;14;21;9;10;12;11;641
411925;168;0;0;15;3;7;3;3;3;5;7;0;3;217
411930;2471;172;153;144;109;93;138;122;121;102;113;101;101;3940
411940;3124;316;194;285;241;320;219;230;338;308;287;177;143;6182
411950;5121;270;455;322;221;241;220;256;209;219;249;233;201;8217
411960;3226;81;102;148;89;93;109;88;75;93;111;82;46;4343
411965;330;10;4;58;19;18;17;11;8;8;18;8;8;517
411970;480;15;7;23;25;13;20;57;50;64;24;23;16;817
411980;1072;26;48;30;63;39;19;23;29;41;32;67;26;1515
411990;60522;2853;2884;3402;2962;2990;2585;2941;3232;2839;3149;3366;2528;96253
411995;2042;137;165;129;84;120;68;78;73;113;98;116;143;3366
412000;3185;158;82;148;101;389;949;262;265;116;116;24;64;5859
412010;1253;189;18;43;51;37;30;73;78;76;81;74;87;2090
412015;249;2;19;6;6;6;3;0;8;2;3;4;0;308
412020;324;5;12;4;5;12;11;14;6;6;5;6;3;413
412030;589;14;13;16;18;16;13;24;4;14;12;6;4;743
412033;377;10;41;15;9;21;18;10;19;10;13;28;5;576
412035;742;16;10;38;20;15;15;23;29;20;16;20;7;971
412040;516;12;43;22;9;29;37;15;11;14;10;9;7;734
412050;1028;20;58;42;17;34;58;46;34;22;41;66;26;1492
412060;4102;147;223;143;105;126;121;178;180;178;177;116;143;5939
412065;510;28;24;22;34;17;12;11;16;12;18;4;6;714
412070;1233;76;85;64;72;87;72;55;71;36;48;32;27;1958
412080;8034;422;403;529;512;465;423;396;386;379;403;381;319;13052
412085;583;17;19;25;24;15;32;28;32;14;34;36;17;876
412090;3834;155;214;186;170;254;352;274;139;161;198;123;68;6128
412100;982;45;49;26;25;28;16;28;33;24;16;20;7;1299
412110;608;6;21;13;11;11;7;23;15;7;20;8;3;753
412120;883;34;51;39;22;17;13;18;17;34;28;24;9;1189
412125;282;2;67;6;10;8;4;8;5;12;5;4;2;415
412130;436;6;15;8;6;10;6;4;10;2;9;7;3;522
412135;247;4;3;3;1;2;1;7;10;11;6;1;2;298
412140;2020;115;140;105;112;106;84;52;118;122;110;94;41;3219
412150;1327;35;40;40;35;22;25;34;27;32;35;35;58;1745
412160;580;25;31;34;14;21;12;34;12;21;20;13;13;830
412170;1949;123;163;254;186;205;202;168;168;152;155;120;204;4049
412175;550;11;20;20;19;15;19;14;12;32;17;12;9;750
412180;1632;48;44;60;62;55;57;30;53;54;30;46;35;2206
412190;1237;40;39;45;39;94;116;51;66;41;47;21;10;1846
412200;1239;56;60;75;35;46;33;43;42;23;22;14;7;1695
412210;380;6;5;15;6;10;26;7;17;3;18;6;1;500
412215;736;12;77;43;24;20;31;24;19;22;25;14;11;1058
412217;358;8;9;47;8;12;5;6;16;9;14;4;3;499
412220;3646;107;113;160;272;154;123;115;217;116;134;179;61;5397
412230;6147;367;827;683;441;515;373;451;352;306;364;383;194;11403
412240;15546;1073;1206;1013;1639;1056;1026;1036;1021;980;1116;908;754;28374
412250;1079;28;39;29;32;21;31;53;43;26;32;25;28;1466
412260;3255;295;217;479;633;464;418;463;200;235;128;93;54;6934
412265;463;13;11;4;6;2;6;1;9;9;13;8;2;547
412270;1380;63;109;81;81;71;54;55;52;63;58;54;33;2154
412280;393;11;7;12;10;11;6;20;14;6;6;6;3;505
412290;454;26;18;14;32;20;12;14;14;16;34;14;0;668
412300;1218;33;38;110;147;59;78;52;58;93;109;79;23;2097
412310;467;22;13;16;36;15;7;9;9;9;4;23;2;632
412320;388;24;32;24;13;30;19;8;13;16;2;2;2;573
412330;767;36;81;47;42;58;41;25;46;35;30;20;19;1247
412340;1693;92;76;101;91;62;91;78;83;79;64;77;28;2615
412350;2854;132;129;360;113;131;98;108;129;211;149;144;100;4658
412360;161;3;1;2;4;1;2;0;1;0;0;2;0;177
412370;1078;34;32;46;47;46;30;49;51;35;30;52;16;1546
412380;1254;51;58;88;82;58;46;67;56;71;55;47;26;1959
412382;280;3;13;5;11;15;9;5;6;6;9;9;4;375
412385;677;52;43;47;27;46;33;15;7;16;16;41;5;1025
412390;1439;36;73;158;299;150;41;62;37;33;26;25;15;2394
412395;352;4;34;18;11;19;10;7;18;13;6;23;5;520
412400;389;3;4;8;5;4;1;6;17;6;8;2;1;454
412402;1027;45;32;70;37;54;76;64;68;51;75;51;31;1681
412405;2242;80;95;70;84;109;95;73;91;66;97;64;57;3223
412410;6130;358;233;323;337;287;317;228;271;257;371;263;157;9532
412420;391;9;10;8;4;10;30;34;17;7;5;12;3;540
412430;324;2;1;14;26;2;5;6;28;4;15;10;4;441
412440;2204;68;78;73;82;92;84;104;93;92;117;74;30;3191
412450;725;21;25;26;20;227;178;39;43;55;32;16;20;1427
412460;1520;28;47;200;107;83;47;39;72;39;56;59;44;2341
412470;797;11;13;19;13;17;19;10;14;9;15;5;2;944
412480;1249;113;102;77;51;43;56;28;31;36;48;28;18;1880
412490;640;6;23;21;18;23;8;32;20;16;10;9;7;833
412500;957;16;45;38;15;17;27;15;25;32;16;16;8;1227
412510;859;15;23;28;23;30;106;28;27;33;35;21;9;1237
412520;1118;44;44;43;73;35;45;41;31;36;48;46;7;1611
412530;672;28;26;29;40;30;17;64;13;27;31;12;16;1005
412535;824;8;67;30;61;22;51;35;26;37;52;20;10;1243
412540;555;30;24;23;46;21;27;14;35;24;14;19;4;836
412545;291;6;9;8;10;4;7;4;7;2;5;3;6;362
412550;64197;3692;3247;3608;3368;3499;3154;3363;3820;3297;3935;3627;2415;105222
412555;347;7;48;59;13;72;12;14;20;10;31;21;13;667
412560;5552;240;248;230;283;241;247;198;226;178;181;267;263;8354
412570;3618;224;201;229;173;189;146;138;174;194;150;172;145;5753
412575;539;14;22;21;9;17;28;17;25;13;13;7;9;734
412580;3914;66;147;1010;309;269;126;83;71;136;136;75;192;6534
412590;409;10;7;3;15;4;4;8;15;24;5;19;5;528
412600;796;23;28;48;26;61;24;14;26;15;21;8;8;1098
412610;1902;200;336;356;201;108;87;100;52;44;69;41;26;3522
412620;644;18;8;12;9;36;20;16;39;18;24;5;7;856
412625;8359;392;518;634;475;459;487;508;584;537;538;418;276;14185
412627;664;65;86;29;32;57;23;46;110;116;87;37;13;1365
412630;4233;193;238;170;235;192;138;147;281;160;248;139;291;6665
412635;392;14;47;27;12;14;7;15;9;14;8;15;3;577
412640;901;23;68;54;12;5;20;16;47;10;28;22;5;1211
412650;2912;143;208;158;161;220;101;164;107;135;149;167;73;4698
412660;3616;185;206;198;162;157;155;122;128;172;194;137;95;5527
412665;226;11;8;16;6;6;5;3;19;7;9;5;5;326
412667;1145;28;57;55;33;37;49;25;30;36;30;34;19;1578
412670;511;26;35;18;36;19;27;95;21;20;28;5;7;848
412680;5468;177;203;669;684;462;248;178;239;222;234;141;55;8980
412690;613;14;34;13;17;20;34;11;20;27;11;11;5;830
412700;1086;40;51;44;30;59;36;53;30;54;28;26;46;1583
412710;16361;1784;1252;1795;1369;1649;1535;1257;1517;1402;898;1027;694;32540
412720;2815;115;100;231;195;253;164;198;227;213;163;112;56;4842
412730;3066;441;381;345;619;501;383;357;243;244;242;146;121;7089
412740;2572;109;178;105;102;88;92;123;152;132;82;67;19;3821
412750;2291;41;140;144;118;100;86;88;80;108;100;84;53;3433
412760;1982;204;230;209;511;378;268;468;200;173;84;73;63;4843
412770;31780;1570;1637;1600;1335;1885;1592;1586;1992;1646;1828;1798;1264;51513
412780;849;21;27;29;34;27;16;8;19;18;13;21;10;1092
412785;722;46;54;29;38;19;35;29;53;42;36;35;30;1168
412788;1588;96;94;98;65;107;81;80;88;53;74;99;68;2591
412790;876;43;49;31;38;28;30;38;67;39;24;9;3;1275
412795;773;14;21;19;19;30;27;32;17;12;23;11;10;1008
412796;1731;82;50;67;108;73;94;69;73;74;36;65;42;2564
412800;2563;59;116;60;56;59;83;89;77;73;69;104;39;3447
412810;20832;928;925;1154;958;1240;933;1221;1356;1081;1344;1031;724;33727
412820;10207;450;442;411;430;372;354;459;478;400;456;419;352;15230
412830;384;5;10;10;15;3;6;5;18;7;12;7;5;487
412840;1364;52;106;58;61;257;115;70;35;32;31;26;23;2230
412850;1861;77;77;78;78;91;70;63;80;77;79;77;30;2738
412853;1922;138;179;154;90;79;63;99;64;96;82;114;104;3184
412855;828;14;36;23;27;36;39;32;31;23;28;16;3;1136
412860;646;20;25;16;24;17;50;24;19;23;18;15;12;909
412862;490;11;12;7;11;8;18;29;7;19;16;4;5;637
412863;527;66;38;31;22;21;8;37;23;24;20;13;3;833
412865;411;12;14;16;9;11;19;10;13;20;5;21;5;566
412870;840;37;39;58;34;37;27;36;50;40;53;51;33;1335
412880;700;22;21;18;45;40;19;37;31;31;21;21;15;1021
419999;0;0;0;0;0;0;0;0;0;0;0;0;0;0
420005;151;5;17;30;5;3;5;3;3;5;3;10;3;243
420010;1993;85;155;98;93;142;93;92;135;142;119;193;157;3497
420020;2473;162;186;160;116;188;138;176;123;114;173;88;77;4174
420030;544;20;29;49;40;21;27;38;72;37;45;34;8;964
420040;1310;235;252;262;185;99;54;66;72;69;220;201;67;3092
420050;294;9;415;283;216;237;247;239;267;321;278;189;110;3105
420055;356;16;17;12;10;11;5;16;13;9;8;13;5;491
420060;637;14;29;34;20;31;21;25;15;32;38;30;18;944
420070;790;54;71;78;30;42;22;40;47;31;42;33;43;1323
420075;190;5;24;17;5;2;1;3;3;5;4;3;5;267
420080;737;19;50;19;21;12;32;23;31;25;47;83;12;1111
420090;456;14;24;23;17;10;16;22;29;12;13;6;5;647
420100;829;23;33;120;30;35;22;30;25;16;22;12;14;1211
420110;323;13;21;31;11;6;2;4;8;9;15;5;2;450
420120;1770;97;111;109;91;53;49;45;61;62;55;79;79;2661
420125;2762;296;252;273;160;197;203;124;133;170;177;146;63;4956
420127;290;7;20;13;10;13;11;12;15;13;8;17;5;434
420130;3176;280;224;265;239;212;249;205;228;262;213;203;149;5905
420140;10555;562;414;621;466;410;469;520;554;504;592;653;536;16856
420150;1704;76;54;98;64;73;68;34;68;67;88;49;26;2469
420160;710;36;39;28;29;28;34;55;31;28;19;20;11;1068
420165;145;4;0;0;11;5;1;2;1;6;4;0;2;181
420170;1890;146;153;121;109;132;96;102;124;92;105;58;30;3158
420180;380;13;16;32;16;20;17;16;17;14;19;23;6;589
420190;419;37;48;44;20;22;23;38;32;19;23;30;10;765
420195;616;131;40;47;24;19;24;24;22;20;13;36;126;1142
420200;28639;2928;2232;2290;1926;1688;1625;1695;2111;2033;3189;3066;3109;56531
420205;642;44;53;44;43;33;34;36;47;42;30;27;39;1114
420207;552;51;69;32;32;22;16;21;25;33;32;30;47;962
420208;146;3;19;5;9;1;2;3;2;4;4;2;4;204
420209;140;0;11;3;2;3;1;2;1;3;4;3;4;177
420210;2033;198;160;127;106;111;100;98;108;130;160;161;208;3700
420213;370;19;16;46;14;43;20;16;9;6;11;6;36;612
420215;154;5;15;21;9;7;4;7;7;4;4;4;3;244
420220;3370;205;221;201;168;149;152;151;138;117;150;92;37;5151
420230;7892;472;638;548;488;525;398;468;460;441;421;428;347;13526
420240;105893;6599;7884;7571;6646;6598;5983;6595;7545;6620;7677;6098;3454;185163
420243;290;8;27;32;15;10;7;19;15;11;17;8;6;465
420245;2943;454;248;167;126;88;101;92;141;142;235;284;738;5759
420250;480;16;100;63;52;21;43;30;15;35;22;24;4;905
420253;285;12;32;26;10;35;9;10;10;29;4;20;11;493
420257;143;0;9;12;6;2;2;5;5;10;2;4;2;202
420260;1840;445;1493;215;328;75;58;78;148;78;305;441;99;5603
420270;1164;73;72;58;37;55;48;42;36;37;40;42;13;1717
420280;6725;302;302;310;330;278;298;274;470;204;253;245;148;10139
420285;921;57;46;29;43;28;14;19;48;24;9;25;8;1271
420287;231;3;51;72;14;1;24;7;2;3;6;4;19;437
420290;37864;1934;2460;2484;2337;1956;1878;1759;2049;2001;2308;1728;889;61647
420300;20832;1248;1258;1077;1005;1108;915;956;953;930;1567;1156;562;33567
420310;825;24;41;29;25;17;30;27;43;30;28;23;11;1153
420315;550;86;51;127;63;104;41;21;50;14;48;14;5;1174
420320;4735;746;576;415;312;359;325;347;365;388;406;400;239;9613
420325;462;14;20;50;16;14;14;8;11;8;17;10;6;650
420330;2635;133;119;127;114;98;101;118;130;125;93;87;20;3900
420340;1036;106;112;120;52;45;67;44;54;40;80;125;15;1896
420350;1027;41;69;54;73;49;33;41;41;53;38;36;20;1575
420360;5304;432;639;432;255;246;250;250;222;214;285;270;143;8942
420370;1693;58;127;116;109;75;94;80;90;96;103;66;33;2740
420380;9561;437;592;625;421;482;413;358;356;316;359;377;260;14557
420390;8874;325;380;397;361;330;380;392;469;331;331;301;418;13289
420395;3742;241;174;387;287;115;117;94;145;115;110;134;92;5753
420400;1895;180;103;166;225;89;148;115;152;115;142;146;128;3604
420410;336;4;16;14;5;7;5;7;12;9;14;6;17;452
420415;241;0;35;46;8;8;7;5;10;2;4;0;1;367
420417;230;19;14;25;12;6;5;7;9;15;3;11;2;358
420419;128;3;21;29;23;6;10;5;2;6;1;8;0;242
420420;49289;2601;2881;3045;2687;2636;2739;2801;3190;2884;3818;2935;2152;83658
420425;3792;166;233;162;136;224;146;141;143;119;168;110;98;5638
420430;21586;750;1101;862;875;870;847;983;975;923;976;871;782;32401
420435;1028;56;43;37;30;19;34;36;55;57;62;46;27;1530
420440;1556;62;70;85;48;55;51;51;59;53;65;25;29;2209
420445;165;6;11;9;1;7;4;11;9;7;4;1;4;239
420450;2992;665;241;209;288;205;186;203;187;132;159;140;45;5652
420455;3083;222;209;261;167;145;140;154;130;106;132;171;41;4961
420460;48791;2040;2535;2640;2488;2212;2046;2147;2482;2161;2360;2324;1459;75685
420470;1509;43;91;83;37;58;51;52;49;68;47;38;40;2166
420475;120;1;15;13;6;1;6;9;3;3;3;1;0;181
420480;7212;498;447;606;329;289;336;438;295;376;315;396;230;11767
420490;925;31;62;40;41;23;26;26;56;28;16;29;16;1319
420500;1153;31;78;47;51;48;64;50;38;41;47;43;25;1716
420510;576;31;29;48;31;25;25;23;31;31;27;22;13;912
420515;799;46;59;48;44;33;38;26;23;23;29;23;11;1202
420517;180;3;15;32;45;16;6;1;7;2;11;8;6;332
420519;172;3;17;8;2;2;7;9;4;1;13;2;1;241
420520;653;30;46;86;35;34;24;33;30;38;42;27;26;1104
420530;2955;77;137;107;114;111;105;109;140;82;143;68;82;4230
420535;127;1;17;17;4;7;7;7;2;6;4;6;3;208
420540;229766;9296;8776;9303;8773;8236;7116;7562;8087;7546;8469;9651;9506;332087
420543;150;3;10;3;4;4;2;1;8;3;5;2;2;197
420545;6018;303;309;305;224;208;212;250;310;187;226;267;156;8975
420550;9772;3499;3837;1119;580;404;455;398;395;398;1849;1613;285;24604
420555;229;9;48;58;13;11;7;1;20;4;9;11;8;428
420560;327;4;27;17;12;28;5;9;10;7;17;13;5;481
420570;2719;399;254;88;94;98;83;57;87;139;143;161;481;4803
420580;2422;168;169;164;176;182;206;151;140;162;211;105;75;4331
420590;16551;926;1442;1215;1110;1008;959;1001;1075;1217;1114;829;457;28904
420600;1349;101;107;122;56;64;44;49;37;55;84;67;75;2210
420610;1322;103;111;43;80;77;81;160;131;116;87;92;39;2442
420620;1937;100;117;90;119;99;118;83;84;72;99;92;51;3061
420630;3650;201;238;215;160;165;127;195;191;210;191;182;55;5780
420640;1334;35;47;55;43;49;30;36;42;38;50;54;37;1850
420650;7521;1052;685;536;509;452;462;468;535;450;450;376;141;13637
420660;771;41;74;75;43;51;168;57;51;51;57;33;37;1509
420665;1584;58;65;86;76;107;100;107;96;131;115;111;180;2816
420670;3540;237;249;264;190;172;201;182;228;198;180;124;91;5856
420675;232;10;17;40;19;49;11;37;29;19;23;38;26;550
420680;407;17;14;20;12;13;12;16;9;21;11;16;3;571
420690;5049;308;343;374;301;309;265;254;258;276;260;199;114;8310
420700;10329;535;493;541;565;473;440;476;524;591;567;552;497;16583
420710;1801;145;159;128;116;85;158;136;179;103;143;115;62;3330
420720;772;28;55;100;25;26;23;14;21;27;18;8;4;1121
420730;5632;358;286;211;207;211;169;151;203;175;224;226;306;8359
420740;449;22;35;18;17;75;24;45;31;24;28;106;25;899
420750;16832;1182;1357;1264;1163;1137;1114;1191;1274;1097;1208;969;355;30143
420757;429;27;18;24;17;8;13;10;16;10;13;13;9;607
420760;274;19;37;16;18;16;11;9;12;12;15;9;3;451
420765;925;49;80;58;36;40;35;40;38;29;46;47;22;1445
420768;477;12;38;47;14;27;23;30;15;35;17;11;5;751
420770;1543;66;97;74;57;90;79;96;106;112;159;103;51;2633
420775;256;4;18;35;8;8;9;6;6;2;6;11;2;371
420780;1210;112;91;128;111;68;81;75;85;58;83;92;38;2232
420785;160;10;26;11;9;7;6;6;8;11;4;2;2;262
420790;693;15;55;21;28;20;73;34;23;22;21;13;10;1028
420800;1165;92;98;132;100;96;68;78;66;52;79;118;70;2214
420810;2153;63;146;71;78;75;86;90;80;69;71;79;80;3141
420820;55943;4419;5007;4616;4630;3831;3452;3720;3787;3532;4007;3889;2521;103354
420830;7668;684;675;480;459;470;410;423;472;544;637;572;1308;14802
420840;5479;238;246;200;220;146;154;168;196;169;166;229;172;7783
420845;1076;72;43;70;49;106;76;45;110;73;67;72;110;1969
420850;3492;289;230;217;146;148;143;174;140;195;177;379;94;5824
420860;538;26;30;31;23;21;16;59;27;18;14;19;7;829
420870;1260;69;31;124;87;37;55;46;67;32;39;38;20;1905
420880;2157;100;117;245;124;146;120;79;149;145;86;94;64;3626
420890;55348;3257;5289;3585;3378;3087;2828;2953;3578;3090;2909;2936;1313;93551
420895;141;5;6;3;5;5;4;2;2;2;24;5;4;208
420900;13735;762;885;777;665;715;649;611;700;700;695;704;532;22130
420910;143262;9003;8513;9518;9645;8609;7950;8482;8848;8144;9139;8615;12264;251992
420915;503;36;38;85;38;27;53;40;49;21;25;25;12;952
420917;146;5;19;4;0;1;5;5;12;12;2;5;3;219
420920;307;13;22;8;9;19;4;10;8;22;10;11;1;444
420930;32495;1903;2548;2276;1609;1759;1704;1626;1624;1568;1993;1414;1009;53528
420940;5262;451;482;382;271;302;190;292;403;370;297;260;482;9444
420945;187;2;7;5;5;3;3;5;4;7;3;8;6;245
420950;1295;66;71;71;61;55;44;75;60;72;56;53;25;2004
420960;2369;81;59;100;83;79;63;56;89;70;93;66;37;3245
420970;1887;186;145;131;38;87;81;66;87;116;511;279;159;3773
420980;240;10;18;35;7;4;7;14;4;6;5;1;10;361
420985;453;13;19;18;24;21;14;17;12;85;55;21;23;775
420990;1584;128;127;213;158;106;139;144;193;141;144;98;33;3208
421000;2446;156;141;151;115;121;130;140;152;101;116;90;42;3901
421003;1055;35;60;29;32;33;28;29;38;51;62;31;14;1497
421005;234;25;27;13;15;16;17;5;8;27;43;21;0;451
421010;10764;474;569;578;610;438;442;389;424;436;416;537;473;16550
421020;345;5;17;12;23;9;13;18;31;22;25;22;7;549
421030;435;21;54;28;24;26;22;24;34;23;18;13;4;726
421040;1687;64;91;95;105;64;39;52;70;73;82;53;53;2528
421050;5622;309;320;278;283;268;254;258;320;232;251;206;214;8815
421055;192;2;12;28;2;6;4;9;13;1;5;4;0;278
421060;3540;191;297;186;225;169;148;149;173;170;284;174;72;5778
421070;340;55;23;24;29;34;35;36;37;48;44;61;7;773
421080;883;34;48;78;49;31;38;36;46;47;35;28;13;1366
421085;373;7;25;14;9;8;6;6;21;13;14;9;21;526
421090;799;50;50;44;33;43;34;44;27;18;36;25;7;1210
421100;1493;55;89;128;187;76;54;72;47;97;100;72;40;2510
421105;1834;274;1076;411;203;74;101;98;66;79;421;670;34;5341
421110;656;20;41;60;24;34;22;31;32;46;26;20;14;1026
421120;4732;192;355;352;301;182;183;262;301;233;307;192;128;7720
421125;262;97;54;38;81;47;34;16;108;36;67;87;54;981
421130;8566;681;1372;892;597;588;550;458;719;752;1030;771;417;17393
421140;778;22;53;54;27;25;19;39;28;34;45;48;25;1197
421145;366;11;21;18;26;14;29;7;19;12;14;21;11;569
421150;3415;232;309;294;236;235;196;201;219;194;198;149;97;5975
421160;6060;303;486;600;429;455;379;468;404;450;353;334;213;10934
421165;206;7;10;12;6;6;10;6;10;4;6;4;1;288
421170;5046;160;186;382;204;212;322;242;214;200;236;176;130;7710
421175;3917;782;300;345;288;226;223;249;209;225;282;230;169;7445
421180;631;22;75;30;26;28;27;25;27;34;28;18;17;988
421185;241;5;12;30;13;14;7;6;13;10;10;8;1;370
421187;102;3;10;6;7;4;2;3;4;3;5;6;4;159
421189;318;67;12;12;83;12;4;4;37;54;80;43;2;728
421190;15843;1389;1452;1194;971;1041;1007;892;1155;986;2854;1196;1096;31076
421200;1056;80;103;74;70;54;75;36;31;29;34;22;11;1675
421205;415;2;45;16;11;18;18;14;25;21;10;25;17;637
421210;1989;113;267;146;100;123;78;100;69;39;73;79;55;3231
421220;2211;96;146;166;112;168;94;86;97;97;119;167;70;3629
421223;235;2;10;15;7;9;12;5;7;9;1;7;2;321
421225;894;111;56;70;91;76;135;37;24;36;75;83;50;1738
421227;493;17;50;80;26;14;81;19;59;26;26;20;14;925
421230;1058;37;48;59;45;53;69;80;170;72;70;50;51;1862
421240;622;49;39;38;18;11;26;36;31;35;33;17;14;969
421250;3308;214;293;240;205;211;209;192;249;250;239;274;317;6201
421260;402;9;36;34;11;24;13;17;10;7;15;11;12;601
421265;0;0;0;0;0;0;0;0;0;0;0;0;0;0
421270;641;14;70;43;40;32;22;30;29;19;24;101;9;1074
421280;2237;353;253;186;127;132;104;129;131;213;212;144;321;4542
421290;3358;192;220;250;241;247;186;192;215;239;212;163;90;5805
421300;775;21;52;39;34;36;52;40;60;32;33;42;22;1238
421310;1497;131;104;38;36;74;38;46;36;40;46;28;49;2163
421315;211;1;6;8;8;10;11;6;8;8;8;3;8;296
421320;10314;380;710;434;450;383;451;517;449;405;518;336;156;15503
421330;675;48;45;54;42;32;45;27;45;24;24;32;20;1113
421335;617;35;91;47;51;14;42;51;31;52;42;65;25;1163
421340;1872;173;178;128;160;147;136;154;146;113;120;101;85;3513
421350;3032;203;185;169;153;89;170;150;114;222;226;180;264;5157
421360;4577;160;237;231;201;219;203;189;230;193;208;202;119;6969
421370;3149;232;222;256;176;180;139;198;176;164;125;114;61;5192
421380;1066;28;45;51;52;32;36;23;73;42;54;54;22;1578
421390;192;3;16;10;7;9;5;6;6;6;10;14;4;288
421400;3891;276;284;268;248;230;181;217;215;222;291;181;78;6582
421410;192;1;2;12;1;2;15;10;3;2;8;10;0;258
421415;168;2;17;17;6;14;6;9;40;7;10;9;13;318
421420;2438;73;112;75;96;98;66;75;51;78;78;46;58;3344
421430;350;11;10;21;19;7;10;9;12;11;9;11;9;489
421440;967;259;380;67;46;39;52;57;66;71;79;164;34;2281
421450;784;41;62;35;12;72;39;38;28;84;31;23;11;1260
421460;895;46;66;72;64;62;41;35;40;53;36;53;14;1477
421470;2521;165;199;187;135;125;106;148;159;132;221;64;19;4181
421480;22126;1270;1621;1461;1191;1235;1043;1222;1200;1091;1272;1088;660;36480
421490;675;26;12;19;13;10;12;16;21;18;25;11;16;874
421500;13252;797;865;748;671;664;595;587;645;511;653;553;259;20800
421505;228;1;70;84;4;3;15;2;2;3;1;87;0;500
421507;408;13;15;35;9;9;16;14;12;13;14;12;9;579
421510;2895;156;169;152;132;213;116;156;187;186;170;103;38;4673
421520;293;1;83;55;18;11;10;8;8;6;5;6;1;505
421530;1951;100;105;127;122;93;67;76;84;85;85;57;17;2969
421535;125;24;18;10;3;1;10;5;8;9;1;3;3;220
421540;1385;23;46;52;37;48;54;55;50;52;46;59;40;1947
421545;2850;113;201;174;260;187;140;152;95;113;161;143;108;4697
421550;3555;368;361;302;208;179;212;267;245;233;566;225;88;6809
421555;248;9;13;10;6;22;10;10;5;4;3;7;1;348
421560;253;5;10;22;6;10;4;4;9;7;7;3;9;349
421565;816;24;61;36;33;34;26;39;65;27;26;24;25;1236
421567;378;6;73;19;6;10;8;9;20;12;17;7;5;570
421568;99;11;20;27;5;3;2;2;2;2;1;2;1;177
421569;103;0;3;12;6;1;2;5;1;0;1;4;0;138
421570;3284;120;165;171;148;182;145;156;141;154;186;191;91;5134
421575;149;11;11;5;6;4;4;4;3;5;6;3;5;216
421580;24614;1334;1504;1454;1272;1168;1093;1103;1388;1318;1299;1028;458;39033
421590;368;3;13;7;8;7;7;5;9;3;7;10;3;450
421600;1555;97;179;104;95;75;52;71;56;104;86;65;22;2561
421605;950;42;92;31;49;19;50;37;87;36;37;91;18;1539
421610;1246;48;58;38;34;61;36;46;50;51;64;59;33;1824
421620;7752;361;388;389;282;279;318;307;376;255;314;254;313;11588
421625;584;12;17;30;19;16;22;24;18;17;15;28;7;809
421630;7082;641;742;719;564;529;483;801;903;840;715;421;137;14577
421635;377;17;45;21;48;36;21;21;24;27;19;27;7;690
421640;388;19;9;44;16;8;15;10;18;18;23;26;4;598
421650;5510;359;1387;678;807;239;273;375;365;309;1214;1126;197;12839
421660;64961;3993;4651;4515;3762;3645;3338;3405;3606;3602;4232;4880;3601;112191
421670;2364;85;96;106;115;92;90;101;97;92;95;160;49;3542
421680;523;25;61;19;23;21;47;17;21;14;12;9;9;801
421690;6374;256;330;332;330;279;214;301;313;264;231;228;151;9603
421700;3368;133;98;101;117;136;98;106;117;70;77;116;62;4599
421710;410;10;19;9;12;23;8;16;18;9;17;41;6;598
421715;94;1;11;10;0;3;3;2;3;1;2;0;0;130
421720;8013;323;477;391;368;311;285;374;431;357;386;301;231;12248
421725;212;45;36;12;13;9;12;6;10;7;6;10;8;386
421730;2158;536;131;166;133;98;108;70;116;120;140;72;14;3862
421740;2791;115;171;252;196;156;122;109;85;99;84;112;51;4343
421750;5024;236;340;199;259;185;192;160;192;190;236;262;240;7715
421755;449;15;46;33;28;28;19;20;7;17;30;14;2;708
421760;2838;98;135;176;143;142;120;139;146;163;161;132;81;4474
421770;5038;241;317;327;379;319;280;289;335;302;330;318;272;8747
421775;349;11;31;10;12;15;5;15;31;27;14;17;4;541
421780;3248;245;299;189;179;153;147;147;159;161;183;147;77;5334
421790;1359;68;71;71;75;51;75;52;74;63;72;68;40;2139
421795;76;0;14;1;2;1;0;4;2;0;2;1;0;103
421800;6519;447;366;451;334;353;294;363;350;320;303;298;180;10578
421810;541;6;35;20;10;21;20;7;33;7;17;15;11;743
421820;13346;753;975;783;730;765;689;700;765;789;737;540;210;21782
421825;1037;95;138;65;41;38;78;51;42;76;22;17;17;1717
421830;3280;177;133;361;157;141;115;120;146;97;128;117;101;5073
421835;1234;28;45;33;17;36;54;21;36;9;21;38;28;1600
421840;1148;82;80;66;63;48;37;43;34;51;34;41;17;1744
421850;1494;61;110;77;46;55;56;79;79;100;85;83;42;2367
421860;1503;83;71;135;83;61;59;78;115;65;69;67;34;2423
421870;28450;1596;1182;2283;1471;1266;1348;1293;1532;1714;1610;1382;1134;46261
421875;485;23;29;15;14;15;12;13;9;47;24;21;20;727
421880;2858;154;181;167;166;144;165;184;173;164;158;124;81;4719
421885;194;8;21;16;7;36;22;7;7;7;4;6;3;338
421890;1093;41;141;128;97;70;44;33;60;32;45;103;32;1919
421895;326;60;42;14;5;14;13;73;9;47;98;66;4;771
421900;4431;227;218;272;224;179;234;211;191;181;284;239;154;7045
421910;705;25;39;40;33;29;36;48;42;46;38;30;15;1126
421915;452;62;32;56;44;42;66;63;47;46;57;71;28;1066
421917;1751;47;66;87;72;90;96;151;82;50;46;34;22;2594
421920;512;25;42;12;20;16;10;23;19;12;15;23;7;736
421930;16340;900;867;983;726;795;672;703;849;1691;825;755;475;26581
421935;541;8;48;33;43;25;31;35;28;24;23;23;7;869
421940;528;20;68;36;32;38;26;24;25;29;25;14;11;876
421950;10974;780;588;731;775;631;565;596;770;660;683;643;419;18815
421960;287;11;21;20;20;21;169;92;40;25;4;5;7;722
421970;6574;463;393;583;414;349;736;330;331;300;526;1407;322;12728
421985;173;24;17;11;4;5;2;5;5;5;9;1;2;263
422000;0;0;0;0;0;0;0;0;0;0;0;0;0;0
429999;0;0;0;0;0;0;0;0;0;0;0;0;0;0
430003;590;16;17;29;10;20;20;18;7;15;14;16;10;782
430005;339;5;12;23;15;9;13;4;9;11;12;10;1;463
430010;1707;45;63;91;50;44;51;61;61;53;70;58;32;2386
430020;764;29;25;68;38;22;16;18;18;19;54;36;18;1125
430030;405;5;3;21;12;14;10;3;18;9;8;9;14;531
430040;10883;369;369;640;309;309;327;274;356;295;419;374;274;15198
430045;313;6;6;13;15;10;9;6;6;1;8;8;1;402
430047;243;5;11;12;7;6;7;7;5;8;8;9;3;331
430050;489;4;10;33;32;31;20;29;5;16;20;14;10;713
430055;143;3;4;17;4;10;4;1;7;1;9;0;0;203
430057;541;14;5;73;26;22;11;6;37;17;18;15;7;792
430060;12123;680;608;815;1474;589;513;629;662;656;924;946;449;21068
430063;313;4;21;20;10;2;13;2;20;4;7;2;1;419
430064;508;24;19;34;22;16;10;20;7;18;14;14;7;713
430066;181;7;9;6;5;4;6;6;8;11;4;3;4;254
430070;824;45;32;33;36;20;15;49;36;17;25;22;10;1164
430080;2558;115;171;162;184;89;97;88;95;97;122;87;54;3919
430085;442;18;17;6;7;4;10;10;13;12;26;11;22;598
430087;1019;84;162;102;63;79;82;60;79;66;68;83;28;1975
430090;767;24;21;31;30;31;34;14;18;23;30;124;22;1169
430100;6498;202;176;222;241;305;218;153;270;136;204;190;389;9204
430105;935;367;105;44;63;60;57;24;35;31;34;48;325;2128
430107;169;3;9;15;4;8;6;6;8;4;9;6;6;253
430110;1675;73;38;109;110;84;107;93;92;69;63;95;61;2669
430120;1461;58;36;52;84;45;53;39;41;38;33;44;61;2045
430130;2586;123;105;221;38;46;62;57;71;84;149;152;70;3764
430140;973;42;45;39;40;36;24;41;28;39;56;41;27;1431
430150;656;17;13;47;20;21;20;14;17;33;53;44;22;977
430155;306;5;30;5;6;13;5;6;2;10;5;3;10;406
430160;16136;443;312;569;446;446;361;408;487;440;601;612;432;21693
430163;839;54;29;27;31;31;21;26;62;20;19;21;96;1276
430165;1161;42;25;33;33;59;36;62;83;63;62;20;16;1695
430170;653;60;17;34;23;17;23;40;12;28;33;24;16;980
430175;234;3;4;7;13;12;3;7;6;5;5;1;4;304
430180;537;34;24;29;30;14;8;10;35;21;14;24;7;787
430185;129;3;0;7;11;8;26;6;14;1;4;2;0;211
430187;388;16;9;42;13;4;16;28;21;3;9;10;12;571
430190;2049;177;78;69;138;55;48;85;104;105;76;78;112;3174
430192;122;1;1;2;12;2;7;9;3;9;3;2;1;174
430195;728;10;8;36;27;31;17;30;32;22;20;23;10;994
430200;645;12;13;13;10;4;10;17;20;12;8;9;5;778
430205;99;1;0;11;9;4;0;5;0;12;4;0;0;145
430210;30940;1266;1164;1544;1382;1260;1307;1348;1456;1390;1537;1371;736;46701
430215;286;7;10;17;12;11;9;18;14;7;4;7;5;407
430220;1348;70;39;47;73;53;36;48;35;299;132;72;47;2299
430222;221;18;29;10;17;4;5;3;4;10;23;7;0;351
430223;255;8;10;14;15;3;10;10;3;4;7;14;1;354
430225;258;7;10;8;5;6;9;1;2;7;5;3;6;327
430230;1385;65;366;75;160;58;50;84;113;79;206;243;29;2913
430235;4040;128;143;139;132;168;86;100;245;735;398;418;139;6871
430237;257;10;12;28;31;8;20;21;34;17;14;7;12;471
430240;2925;166;220;171;235;160;85;234;135;147;107;76;163;4824
430245;414;10;21;34;11;7;16;16;6;11;15;11;6;578
430250;704;34;8;17;60;21;14;11;10;21;42;20;18;980
430258;113;4;9;14;1;8;3;1;3;6;4;6;1;173
430260;253;6;7;12;12;1;4;4;3;1;3;7;2;315
430265;683;34;47;149;107;56;44;21;23;17;84;61;35;1361
430270;3102;152;157;141;132;110;103;196;299;177;180;225;138;5112
430280;3893;94;65;177;131;111;99;111;113;99;117;110;96;5216
430290;1139;23;29;29;56;29;56;23;57;51;66;68;29;1655
430300;11476;443;323;724;490;469;365;494;401;435;538;505;379;17042
430310;25944;1469;1161;1765;1668;1574;1394;1563;1658;1493;1663;1693;1327;44372
430320;375;11;5;10;8;7;13;12;7;10;10;3;3;474
430330;624;7;12;12;24;38;15;11;15;10;12;9;7;796
430340;310;6;6;8;9;3;7;21;8;8;5;4;1;396
430350;8283;242;228;364;275;256;264;225;246;240;308;312;288;11531
430355;258;3;19;5;10;16;10;6;15;15;1;5;4;367
430360;1884;60;115;127;78;64;44;76;44;53;75;58;40;2718
430367;376;56;93;15;28;14;10;12;22;18;8;21;4;677
430370;516;9;18;25;27;5;10;15;9;14;15;11;15;689
430380;714;24;21;24;25;13;8;25;11;50;45;30;7;997
430390;20031;1062;907;845;1104;1084;738;797;859;1174;1149;1101;590;31441
430400;716;30;18;19;29;22;30;19;41;12;16;20;11;983
430410;286;16;13;24;12;8;21;5;2;3;5;15;3;413
430420;3363;114;158;164;128;145;164;127;124;113;186;137;141;5064
430430;584;25;15;30;19;14;37;53;24;21;25;17;28;892
430435;1691;50;40;59;43;76;55;78;36;46;46;34;41;2295
430440;6719;313;264;356;414;289;327;292;453;290;300;297;201;10515
430450;3468;241;130;191;170;200;166;99;207;132;204;153;142;5503
430460;64590;3462;2831;3753;3256;3195;3168;3000;3360;3135;3628;3403;2930;103711
430461;157;5;2;7;2;2;2;2;3;0;2;1;0;185
430462;67;4;1;2;5;5;3;2;0;4;4;5;1;103
430463;7735;1349;303;297;449;318;274;290;327;344;484;679;1552;14401
430465;198;8;5;17;14;4;0;10;4;6;15;18;1;300
430466;3134;134;154;234;117;165;42;71;94;107;355;99;68;4774
430467;737;41;74;51;43;28;28;33;25;41;43;26;38;1208
430468;691;19;39;81;21;36;23;20;23;14;32;25;11;1035
430469;506;37;24;22;36;24;16;15;9;7;10;12;18;736
430470;10811;504;404;536;657;425;385;396;452;407;463;501;364;16305
430471;768;55;77;98;58;77;46;51;46;31;47;63;24;1441
430480;8466;283;289;291;300;289;185;211;268;232;287;194;139;11434
430485;103;2;3;8;0;2;0;2;4;2;0;3;1;130
430490;1892;69;82;124;87;86;63;72;118;89;93;135;50;2960
430495;239;4;3;13;13;3;8;7;4;11;47;7;6;365
430500;1024;56;25;108;57;39;44;48;29;34;47;32;26;1569
430510;134643;7105;7212;7622;7354;7059;6563;6897;7425;6919;7856;7853;5002;219510
430511;175;6;4;2;3;6;6;4;4;9;2;2;0;223
430512;441;4;4;9;10;17;11;18;10;11;7;42;12;596
430513;319;2;4;17;1;4;8;3;9;9;2;5;3;386
430515;154;5;1;5;5;1;18;6;9;1;3;2;0;210
430517;468;37;12;13;39;31;17;18;13;7;12;13;23;703
430520;1865;48;73;170;99;75;61;48;61;99;108;71;79;2857
430530;1471;65;50;52;59;107;53;27;33;30;38;31;26;2042
430535;5056;190;151;193;130;178;148;146;171;267;168;206;133;7137
430537;201;3;17;18;11;3;7;5;11;5;7;4;3;295
430540;434;6;12;28;38;12;18;9;6;9;24;18;8;622
430543;843;50;23;23;21;21;17;17;22;25;18;32;32;1144
430544;178;5;15;9;3;3;6;2;14;8;4;6;2;255
430545;1357;224;54;143;43;38;32;21;48;53;38;76;214;2341
430550;393;11;10;22;27;13;11;16;6;18;23;11;3;564
430558;401;19;8;17;17;11;12;10;16;14;12;10;7;554
430560;417;5;11;19;8;4;7;10;12;9;14;8;1;525
430570;1214;49;108;109;41;31;33;63;38;28;75;86;43;1918
430580;996;22;92;41;37;59;45;41;33;31;39;24;27;1487
430583;62;1;1;1;3;1;3;1;1;0;1;1;0;76
430585;177;2;12;21;5;7;3;2;3;4;3;4;4;247
430587;208;10;6;11;9;8;2;4;8;18;12;11;1;308
430590;662;15;15;39;20;18;10;7;12;23;26;18;5;870
430593;87;0;2;3;1;1;0;0;0;2;3;2;5;106
430595;599;21;7;21;19;6;6;9;20;15;13;19;2;757
430597;377;21;5;16;18;9;13;7;6;12;6;8;4;502
430600;1948;40;34;21;73;97;42;39;40;32;449;115;54;2984
430605;1373;67;94;79;50;83;41;58;82;50;60;82;52;2171
430607;179;11;5;2;1;4;5;11;5;2;9;7;0;241
430610;8785;344;316;414;328;306;270;377;411;346;313;382;278;12870
430613;123;3;1;20;1;4;2;3;3;0;1;9;0;170
430620;2035;121;32;51;59;43;60;70;74;60;94;120;36;2855
430630;392;19;31;20;26;18;9;15;15;11;23;26;5;610
430632;161;2;39;3;5;1;13;4;0;1;20;8;3;260
430635;147;14;3;16;1;2;1;4;5;2;2;1;2;200
430637;246;9;24;14;14;4;9;4;6;9;14;3;4;360
430640;11529;439;333;497;520;420;388;474;350;521;628;517;290;16906
430642;245;21;4;24;7;12;7;5;3;1;8;3;1;341
430645;321;11;8;28;26;62;33;30;31;21;29;30;18;648
430650;556;31;18;99;30;24;24;39;13;12;3;6;8;863
430655;235;19;6;10;15;3;10;11;13;4;16;11;9;362
430660;5098;175;235;271;179;157;145;272;239;206;220;152;137;7486
430670;272;2;3;15;3;4;2;2;1;3;2;2;0;311
430673;380;17;9;16;32;21;5;9;16;14;16;4;5;544
430675;220;5;5;10;8;7;8;11;2;11;5;6;3;301
430676;7480;398;231;292;276;361;440;223;370;241;280;436;284;11312
430680;5646;420;272;335;403;264;306;419;325;282;274;297;209;9452
430690;2724;111;122;83;134;112;125;145;124;90;169;207;92;4238
430692;163;5;1;4;3;2;9;4;3;4;0;0;2;200
430693;830;25;13;53;36;39;23;17;21;20;47;45;18;1187
430695;301;4;9;8;15;8;3;3;10;12;5;4;2;384
430697;348;9;5;25;29;11;7;11;7;13;13;8;10;496
430700;28946;1491;1364;1698;1641;1500;1756;1764;1959;2017;2124;2104;2288;50652
430705;330;10;13;14;6;21;11;12;9;12;21;11;19;489
430710;709;33;13;25;48;19;21;20;14;35;14;15;18;984
430720;358;3;22;13;6;6;9;7;4;10;9;2;2;451
430730;636;7;22;25;21;15;25;28;13;17;15;10;11;845
430740;395;14;12;37;20;13;9;23;13;10;15;13;12;586
430745;178;1;1;8;6;2;9;4;3;7;2;2;2;225
430750;2287;67;62;168;95;79;43;104;84;231;171;106;53;3550
430755;1493;27;45;27;9;30;23;26;36;16;44;145;30;1951
430760;10734;527;502;459;443;519;406;382;405;429;602;451;245;16104
430770;17710;801;741;903;918;813;688;729;795;779;1084;996;812;27769
430780;8058;561;397;470;458;516;421;490;410;385;478;437;349;13430
430781;264;6;6;19;3;1;3;7;2;11;8;3;3;336
430783;365;55;37;48;51;30;17;11;15;14;12;14;20;689
430786;438;7;26;19;17;16;22;17;20;14;15;19;0;630
430790;19564;890;816;982;945;812;771;735;832;745;1048;809;456;29405
430800;847;27;35;49;30;29;21;26;17;19;23;23;13;1159
430805;181;4;4;7;4;4;3;2;7;8;0;0;2;226
430807;706;33;27;43;27;42;24;19;98;42;30;53;13;1157
430810;3169;89;95;121;124;138;110;115;112;540;181;148;53;4995
430820;7858;459;388;392;333;379;302;403;339;283;345;331;199;12011
430825;199;5;8;9;9;18;12;4;5;3;4;4;1;281
430830;792;14;20;52;24;24;13;28;14;21;26;20;9;1057
430840;523;12;10;64;19;13;12;21;10;8;21;19;10;742
430843;347;27;21;15;33;17;29;54;29;25;21;13;4;635
430845;644;26;23;43;53;17;20;25;22;11;19;29;14;946
430850;5217;177;180;200;165;171;193;237;165;184;195;193;172;7449
430860;10331;617;624;711;537;546;494;503;483;535;834;580;406;17201
430865;256;4;25;12;14;4;9;13;12;2;25;2;6;384
430870;921;15;22;26;32;19;4;15;35;35;22;99;9;1254
430880;576;29;33;20;13;20;23;33;16;15;16;15;16;825
430885;199;16;7;10;13;8;3;7;18;15;27;14;1;338
430890;2927;74;102;117;80;106;84;99;146;100;102;102;68;4107
430900;2018;40;138;111;112;85;47;69;73;92;137;70;102;3094
430905;3446;426;226;277;226;249;220;286;236;223;355;267;251;6688
430910;11660;640;553;707;596;540;572;560;680;567;682;673;486;18916
430912;178;2;0;5;1;5;17;5;3;2;3;0;0;221
430915;200;6;4;41;12;12;6;6;10;2;6;9;1;315
430920;40330;1896;1725;2541;2347;1909;1929;1918;1977;2114;2789;2161;1747;65383
430925;205;5;4;8;7;4;9;6;9;1;5;5;0;268
430930;13255;586;647;612;918;833;812;627;907;525;599;618;517;21456
430940;5915;285;257;338;354;262;269;273;307;588;315;234;124;9521
430950;911;22;37;20;39;17;10;28;29;15;36;12;20;1196
430955;865;32;37;55;79;31;30;30;39;26;38;50;23;1335
430957;132;3;16;10;1;34;10;4;2;5;5;3;3;228
430960;4451;100;199;126;278;325;125;120;105;258;158;112;202;6559
430965;942;128;41;25;78;59;33;27;33;58;37;64;29;1554
430970;805;40;18;22;58;42;11;15;19;11;267;105;29;1442
430975;224;7;3;48;1;6;8;8;7;5;8;4;2;331
430980;491;6;8;11;9;13;14;9;16;8;7;6;5;603
430990;807;16;18;21;30;16;61;45;9;16;19;32;26;1116
430995;306;11;15;19;16;10;10;12;8;3;8;15;18;451
431000;3244;79;122;212;198;164;149;91;142;98;127;189;68;4883
431010;10499;543;1041;796;564;427;342;447;826;685;684;587;324;17765
431020;13994;511;375;749;793;539;463;502;584;476;769;607;529;20891
431030;437;17;7;12;15;20;8;12;21;11;8;5;9;582
431033;2186;414;165;121;78;80;45;53;62;73;82;170;498;4027
431036;705;20;29;26;22;12;16;13;60;19;31;3;5;961
431040;706;51;15;40;24;22;23;20;12;27;50;29;18;1037
431041;230;6;2;9;7;8;6;4;5;1;1;6;2;287
431043;838;36;37;74;41;43;40;25;37;28;43;31;61;1334
431046;227;6;5;8;23;7;6;4;8;3;6;9;14;326
431050;678;32;26;23;12;24;43;38;24;20;21;14;19;974
431053;401;22;19;8;16;24;17;18;22;25;15;21;26;634
431055;267;2;5;7;5;2;3;2;1;7;5;0;3;309
431057;117;2;4;9;3;1;2;1;2;1;2;3;0;147
431060;5510;234;342;157;109;155;178;161;157;156;196;245;171;7771
431065;280;4;11;6;6;7;16;3;0;8;1;4;5;351
431070;352;11;21;17;52;66;33;12;11;8;3;5;1;592
431075;145;3;1;2;10;3;3;5;7;3;0;1;4;187
431080;6275;230;227;261;248;217;140;129;143;474;216;218;116;8894
431085;239;7;14;9;4;15;1;6;3;6;13;4;3;324
431087;151;8;7;16;6;5;14;8;7;5;8;7;3;245
431090;540;9;6;33;10;17;10;8;16;17;19;16;7;708
431100;2961;102;108;93;108;88;71;108;69;87;181;138;139;4253
431110;1036;28;38;46;31;38;25;24;26;27;19;30;13;1381
431112;509;8;10;19;16;14;13;28;19;15;13;18;10;692
431113;222;6;14;18;8;5;6;6;3;7;4;12;2;313
431115;593;52;16;78;35;16;21;50;25;21;40;12;3;962
431120;2373;136;66;181;172;95;99;69;92;110;109;117;64;3683
431123;102;15;3;32;5;3;3;1;11;7;7;9;2;200
431125;271;5;12;27;8;4;5;5;8;8;2;12;5;372
431127;181;3;1;9;12;3;5;8;2;2;11;3;2;242
431130;3868;178;215;250;204;182;161;191;239;204;240;204;141;6277
431140;23283;1015;891;1172;1055;1184;1061;1232;1133;1110;1320;1235;2470;38161
431142;128;3;2;18;28;20;12;7;6;2;4;7;0;237
431150;916;22;12;21;20;22;14;25;22;27;16;22;17;1156
431160;390;9;6;13;12;12;17;18;9;40;8;9;8;551
431162;2646;136;81;154;242;204;158;131;82;141;110;97;57;4239
431164;132;1;1;2;4;1;5;4;3;3;0;8;2;166
431170;338;8;25;6;6;20;11;14;11;8;9;12;3;471
431171;387;15;48;25;11;5;11;13;9;8;8;3;11;554
431173;98;18;3;12;3;2;1;0;2;2;2;1;2;146
431175;679;13;38;56;45;25;33;34;25;34;26;29;30;1067
431177;1229;39;34;28;18;22;18;16;17;27;21;25;11;1505
431179;665;19;31;41;23;26;9;19;16;15;13;15;3;895
431180;12420;550;577;631;536;588;520;697;645;573;623;552;446;19358
431190;506;16;13;19;16;36;17;21;26;20;44;18;17;769
431198;265;16;23;9;15;18;20;17;8;11;8;7;7;424
431200;224;6;1;0;6;4;7;5;0;11;6;5;3;278
431205;512;30;42;20;18;26;20;20;18;42;20;28;5;801
431210;353;9;9;24;11;9;11;9;10;11;5;7;12;480
431213;479;21;12;19;11;18;16;7;8;12;13;15;11;642
431215;1012;36;42;30;41;30;31;25;135;130;171;85;27;1795
431217;105;5;7;4;2;2;1;2;2;11;2;6;3;152
431220;452;11;15;24;16;14;8;9;10;13;10;8;3;593
431225;891;62;47;102;53;48;23;48;66;48;149;54;33;1624
431230;302;6;2;33;15;6;23;3;3;11;5;3;4;416
431235;170;5;1;9;0;4;2;0;13;4;4;2;1;215
431237;250;26;62;12;7;3;4;4;10;4;48;25;10;465
431238;146;9;1;3;3;3;2;6;6;10;2;4;6;201
431240;14725;863;530;594;589;618;547;579;729;751;783;750;576;22634
431242;201;21;10;0;2;2;12;2;10;7;3;2;4;276
431244;221;6;12;14;9;6;8;9;10;5;20;8;5;333
431245;1241;25;11;23;16;7;18;12;15;24;129;1209;139;2869
431247;1692;66;35;104;129;62;50;117;105;60;68;53;20;2561
431250;1771;106;48;128;57;37;49;49;63;103;117;48;35;2611
431260;1525;90;114;75;103;57;73;62;64;55;71;68;60;2417
431261;345;14;18;36;14;15;5;3;8;8;13;11;8;498
431262;152;8;3;6;3;11;2;2;4;2;11;4;3;211
431265;3686;156;159;219;205;221;115;105;185;154;200;198;124;5727
431267;146;6;5;14;5;7;4;9;4;3;7;6;4;220
431270;1077;48;31;89;48;38;71;55;70;97;77;49;66;1816
431275;487;22;21;33;25;20;14;24;18;32;10;27;11;744
431280;1669;232;285;310;272;263;225;191;229;191;253;138;203;4461
431290;2786;182;106;147;157;218;130;178;184;144;163;117;66;4578
431295;232;0;2;7;21;10;5;4;10;7;4;8;5;315
431300;306;3;10;2;12;1;9;5;9;7;5;3;8;380
431301;282;2;10;17;16;10;9;6;13;8;3;1;3;380
431303;1661;26;25;76;51;35;29;68;44;35;47;54;54;2205
431306;5492;228;396;354;254;183;179;252;406;231;303;162;60;8500
431308;205;0;16;8;1;3;22;10;8;6;2;3;52;336
431310;801;16;24;41;23;14;15;14;10;13;26;27;21;1045
431320;5317;219;299;261;255;186;209;186;228;227;206;203;120;7916
431330;6741;237;299;270;257;196;187;186;187;213;412;236;177;9598
431333;168;5;3;37;7;2;3;15;7;1;11;9;2;270
431335;441;9;15;21;29;21;6;12;18;27;23;12;16;650
431337;3039;87;146;155;156;130;83;134;146;134;132;145;82;4569
431339;222;6;3;13;12;3;7;7;4;5;10;11;3;306
431340;68898;3305;3356;3903;3576;3243;2812;2946;3634;4431;4606;3457;2119;110286
431342;202;1;6;11;16;7;4;5;10;1;9;3;8;283
431344;123;1;1;9;3;21;0;15;11;11;4;2;5;206
431346;154;6;9;2;11;11;4;6;4;1;3;4;1;216
431349;295;10;17;8;11;18;1;21;17;7;10;15;10;440
431350;7400;461;281;376;325;300;259;253;393;311;368;355;413;11495
431360;314;4;3;20;20;9;7;8;12;8;14;4;11;434
431365;1561;124;46;116;43;45;31;31;43;67;50;72;93;2322
431370;3498;118;88;245;186;162;117;123;179;115;153;155;95;5234
431380;610;4;13;68;20;25;24;38;19;23;27;30;10;911
431390;9673;531;398;412;347;307;289;269;350;536;836;725;718;15391
431395;1465;33;38;83;48;51;29;44;74;55;68;69;33;2090
431400;1814;37;54;101;125;76;61;66;101;85;85;47;34;2686
431402;485;12;12;11;9;5;4;5;8;6;7;6;8;578
431403;554;33;25;30;35;33;24;21;29;28;23;29;21;885
431405;14363;653;991;835;653;498;434;501;614;798;877;581;419;22217
431406;187;3;3;43;14;17;10;4;9;3;11;10;0;314
431407;417;9;27;41;24;18;14;15;14;31;30;27;14;681
431410;40519;1714;1644;2182;2075;1777;1738;1667;1805;1853;1973;1947;2032;62926
431413;297;20;9;13;16;8;3;3;5;8;6;11;1;400
431415;1390;118;106;80;81;114;57;82;161;84;99;74;35;2481
431417;293;8;15;23;8;16;6;3;8;5;10;10;12;417
431420;766;18;32;20;24;25;20;23;17;23;26;30;22;1046
431430;565;12;19;29;26;10;7;16;20;12;26;28;6;776
431440;54724;2012;1805;2800;1933;2113;1885;1861;2019;1985;2357;3916;2893;82303
431442;2752;180;208;195;139;138;97;202;144;151;144;183;30;4563
431445;582;43;23;35;23;36;34;35;20;14;5;27;51;928
431446;153;27;5;3;3;1;5;3;2;4;5;1;5;217
431447;368;5;3;8;14;4;8;10;2;11;11;7;4;455
431449;332;3;3;28;18;19;5;12;10;2;5;6;3;446
431450;1369;43;69;46;22;33;24;32;31;78;91;88;26;1952
431453;3;0;0;0;1;0;0;0;0;0;0;0;0;4
431454;0;0;0;0;0;0;0;0;0;0;0;0;0;0
431455;211;16;4;9;5;13;1;8;1;2;15;7;2;294
431460;2430;52;67;82;75;136;67;43;97;38;124;233;134;3578
431470;961;44;27;45;15;23;49;38;27;23;44;42;32;1370
431475;281;2;6;10;11;12;7;3;9;3;3;2;20;369
431477;328;16;12;18;11;5;11;13;7;8;8;10;3;450
431478;131;3;3;5;5;3;3;3;2;6;13;6;1;184
431480;7799;402;373;375;331;329;274;408;448;328;329;312;189;11897
431490;633830;21038;16973;22023;21315;21657;20059;21692;23383;22099;23855;23155;19863;890942
431500;371;7;4;11;12;2;9;5;11;1;6;11;9;459
431505;159;5;7;11;6;4;2;1;1;3;6;0;7;212
431507;118;2;0;5;7;5;1;3;0;0;1;0;0;142
431510;989;17;34;286;213;99;40;55;40;25;34;22;18;1872
431513;203;1;12;9;23;10;2;3;10;7;2;1;4;287
431514;605;33;18;34;21;16;18;20;18;16;21;26;24;870
431515;429;25;17;42;11;18;12;4;26;11;10;7;1;613
431517;300;7;13;6;6;12;11;9;11;9;12;7;5;408
431520;410;14;14;10;10;11;13;12;6;7;10;11;14;542
431530;1945;104;114;74;74;60;57;91;79;64;77;66;68;2873
431531;180;5;2;20;5;6;6;4;6;4;1;8;1;248
431532;184;4;3;32;20;6;4;3;6;4;3;10;0;279
431535;407;12;12;17;14;9;20;8;15;9;25;8;7;563
431540;478;8;1;10;9;75;9;8;10;7;20;7;2;644
431545;160;8;2;11;9;5;8;3;2;3;5;0;1;217
431550;2036;75;98;93;91;108;33;38;71;33;93;51;43;2863
431555;212;3;2;13;2;7;35;3;4;5;2;1;0;289
431560;33572;1480;1247;1380;1247;1223;1017;1218;1310;1251;1357;1587;1600;49489
431570;3398;111;210;232;144;110;127;124;171;118;137;139;72;5093
431575;1527;73;96;77;77;77;79;93;43;59;39;49;24;2313
431580;3489;144;224;191;179;116;95;125;209;132;173;110;55;5242
431590;887;20;25;35;25;44;18;45;19;20;19;21;27;1205
431595;113;17;5;19;1;6;3;2;8;2;5;4;2;187
431600;5094;337;387;494;336;356;302;317;336;379;294;243;130;9005
431610;663;24;11;29;23;17;21;35;23;12;27;14;20;919
431620;327;3;10;13;5;36;23;15;12;38;15;17;6;520
431630;472;11;11;24;30;10;19;9;12;14;9;14;17;652
431640;4349;377;310;395;337;245;205;148;237;178;226;281;265;7553
431642;157;13;11;6;4;15;7;3;14;1;6;4;2;243
431643;358;23;3;28;9;13;14;4;12;4;18;10;2;498
431645;1513;50;24;44;63;39;76;116;39;39;55;51;28;2137
431647;374;17;38;16;12;15;20;20;12;16;16;7;8;571
431650;2341;97;99;111;102;86;97;54;93;73;100;75;38;3366
431660;2301;70;58;64;37;57;75;68;75;66;97;96;36;3100
431670;1356;63;52;82;35;26;28;42;48;48;58;36;25;1899
431673;114;2;1;3;2;8;2;1;0;7;0;2;0;142
431675;2016;95;33;63;34;47;54;54;42;51;39;44;18;2590
431680;30564;2210;4643;4598;2769;1641;1060;1251;1633;1155;1706;1782;1409;56421
431690;46935;1766;1391;2027;1960;1753;1613;1501;1780;1804;2190;2170;1615;68505
431695;2166;37;29;40;50;55;60;42;41;37;68;195;24;2844
431697;328;6;8;19;11;12;8;4;4;5;15;4;7;431
431700;543;12;8;7;21;40;11;14;7;16;17;19;4;719
431710;9893;327;288;324;255;278;291;288;296;360;371;441;354;13766
431720;13436;831;470;702;666;515;594;573;595;624;795;711;773;21285
431725;260;5;9;3;13;1;3;0;5;2;9;1;7;318
431730;4267;84;108;564;106;93;84;93;177;145;314;190;117;6342
431740;5771;165;170;268;229;200;157;175;179;210;258;224;162;8168
431750;12463;473;471;613;511;464;454;505;519;471;560;633;459;18596
431755;240;6;0;25;11;7;13;3;6;6;4;7;5;333
431760;6997;359;378;400;380;350;338;391;304;322;342;325;208;11094
431770;913;45;28;58;58;23;23;43;34;35;38;51;18;1367
431775;229;16;10;19;5;2;12;8;5;4;9;8;5;332
431780;1778;69;50;106;69;93;39;58;58;53;114;82;48;2617
431790;2427;76;71;125;73;102;66;89;129;80;108;109;63;3518
431795;156;1;7;3;3;3;4;2;4;0;0;1;0;184
431800;7940;542;305;522;269;380;208;278;281;261;409;332;284;12011
431805;472;19;22;15;46;19;18;20;30;15;23;20;12;731
431810;1520;25;95;91;96;25;20;23;49;33;68;80;61;2186
431820;2297;136;212;161;192;158;107;107;97;92;148;113;92;3912
431830;7351;275;419;402;246;225;221;318;219;513;407;642;307;11545
431840;2732;85;94;162;140;86;151;147;150;114;103;95;66;4125
431842;449;7;5;9;12;9;13;2;16;7;14;5;3;551
431843;244;6;12;13;19;4;3;6;10;11;3;14;2;347
431844;435;28;15;16;38;63;11;14;11;10;11;10;4;666
431845;148;3;6;0;9;2;10;4;1;3;0;1;0;187
431846;247;10;7;4;15;8;20;9;12;8;14;6;5;365
431848;879;21;8;23;38;14;14;21;51;261;33;53;5;1421
431849;224;5;7;8;6;7;6;5;4;1;7;8;3;291
431850;2289;174;108;111;82;87;78;126;137;107;154;67;85;3605
431860;952;27;21;23;21;21;14;24;28;19;20;34;5;1209
431861;236;15;3;7;11;14;5;7;10;24;6;12;22;372
431862;476;11;185;180;50;23;23;25;21;27;97;30;4;1152
431870;45141;1927;1905;2305;2511;2194;1844;2059;2150;2109;2513;2623;1945;71226
431880;4065;134;174;202;110;76;92;111;83;147;152;161;177;5684
431890;4132;188;117;196;221;154;178;192;215;212;282;267;162;6516
431900;4617;174;203;139;195;183;117;189;165;166;130;154;102;6534
431910;671;16;15;29;21;19;9;16;17;21;26;19;29;908
431912;175;2;4;5;7;2;7;5;3;7;3;2;1;223
431915;743;16;18;34;36;24;17;15;26;15;31;22;18;1015
431920;389;16;9;15;31;19;7;7;7;8;9;6;4;527
431930;572;14;16;27;16;5;19;7;14;15;11;9;11;736
431935;923;26;36;64;75;32;15;22;28;28;29;35;14;1327
431936;197;1;3;12;2;30;9;39;2;2;0;0;1;298
431937;333;24;12;15;12;8;9;10;15;9;9;9;7;472
431940;1691;68;82;85;64;65;61;69;70;53;49;63;54;2474
431950;6208;199;135;193;366;228;205;141;187;183;374;642;444;9505
431960;2877;50;128;149;61;80;46;77;82;46;75;78;43;3792
431970;330;7;5;13;4;10;8;7;11;10;7;11;7;430
431971;399;15;10;10;19;26;32;22;26;15;13;20;10;617
431973;152;2;3;21;14;8;4;14;11;11;1;0;0;241
431975;647;85;28;34;26;26;18;22;69;18;31;26;7;1037
431980;966;27;26;57;40;14;26;39;25;41;28;37;29;1355
431990;22886;1253;1112;1480;1264;1610;1228;1315;1070;4669;1365;1259;843;41354
432000;16766;847;736;853;753;727;848;721;828;725;880;817;723;26224
432010;5170;202;394;371;172;183;169;205;318;242;256;189;125;7996
432020;896;24;20;93;26;60;50;49;30;38;30;37;29;1382
432023;279;10;6;18;10;7;8;11;13;7;17;10;4;400
432026;262;4;27;12;10;3;5;4;9;6;8;2;2;354
432030;667;16;15;32;19;22;30;37;11;11;19;9;9;897
432032;369;3;15;13;13;7;13;12;9;5;11;5;8;483
432035;356;8;11;7;14;15;21;12;12;4;7;6;6;479
432040;5228;160;195;193;170;145;144;178;201;199;188;140;116;7257
432045;141;4;1;3;8;2;1;5;2;1;4;1;3;176
432050;785;18;13;29;8;19;20;12;16;10;17;19;11;977
432055;414;4;13;18;17;10;10;9;19;8;20;18;7;567
432057;139;3;4;1;2;3;2;5;7;2;0;1;7;176
432060;320;5;2;6;8;7;2;4;7;14;2;4;3;384
432065;212;14;6;11;6;7;4;7;8;2;11;10;4;302
432067;585;14;11;22;22;14;13;16;43;10;19;10;18;797
432070;2108;77;58;81;100;116;85;87;78;75;75;77;74;3091
432080;3635;140;125;166;148;163;149;158;133;143;169;170;124;5423
432085;470;38;29;28;15;50;31;18;30;30;15;12;16;782
432090;4484;290;274;367;227;210;158;213;274;344;410;354;192;7797
432100;2280;59;90;67;112;84;119;54;49;76;69;86;61;3206
432110;2134;74;37;65;88;73;71;66;95;72;59;97;64;2995
432120;8536;442;419;505;498;417;357;331;481;393;516;597;289;13781
432130;4730;179;151;220;174;144;160;140;145;142;140;174;193;6692
432132;270;7;1;12;6;3;4;13;1;3;9;1;4;334
432135;444;17;36;37;21;16;21;15;25;11;18;12;164;837
432140;1414;59;36;70;64;39;71;35;60;36;76;35;50;2045
432143;987;64;38;52;44;36;38;35;44;46;37;34;28;1483
432145;9561;572;432;462;426;522;377;444;365;2154;448;319;232;16314
432146;344;17;6;21;12;7;6;9;11;9;14;5;16;477
432147;330;5;14;16;10;16;9;5;9;3;10;8;9;444
432149;164;9;2;5;4;18;4;0;5;3;2;2;3;221
432150;5683;1050;154;178;227;159;153;211;194;199;249;315;855;9627
432160;5628;917;247;222;201;197;158;192;220;297;355;445;1087;10166
432162;168;5;2;7;1;3;6;8;6;1;21;2;1;231
432163;214;3;5;3;8;5;1;2;8;6;4;5;2;266
432166;1410;63;91;96;135;85;85;54;62;60;77;70;64;2352
432170;8736;581;754;771;491;356;293;440;701;547;607;372;110;14759
432180;4322;158;154;150;185;179;112;129;130;116;192;143;107;6077
432183;254;5;3;11;11;2;6;11;3;4;5;9;26;350
432185;385;17;25;15;19;15;6;16;12;8;13;4;3;538
432190;6388;223;262;274;218;227;202;222;200;207;222;178;181;9004
432195;380;13;10;48;20;16;12;12;13;15;13;34;6;592
432200;8009;402;310;357;254;454;252;270;524;377;387;483;337;12416
432210;667;20;11;31;25;13;13;20;16;21;45;23;32;937
432215;230;3;4;28;14;22;7;7;5;5;6;12;1;344
432218;145;3;1;5;2;5;0;1;3;10;6;7;3;191
432220;2888;91;62;261;209;61;68;75;101;88;139;119;66;4228
432225;1102;61;88;83;58;57;61;46;67;41;60;49;21;1794
432230;812;27;22;42;38;23;17;25;18;20;40;18;18;1120
432232;790;14;20;38;52;37;24;29;14;21;31;44;10;1124
432234;150;1;1;4;2;3;6;8;2;2;2;2;1;184
432235;123;1;1;1;4;3;3;1;3;2;7;3;2;154
432237;176;6;3;11;15;4;8;4;6;1;8;6;1;249
432240;16546;620;872;802;567;590;572;536;689;619;735;665;594;24407
432250;13835;3494;6780;2227;3177;1246;1106;1194;761;980;1999;3147;1009;40955
432252;191;9;2;8;8;8;2;7;6;8;5;21;3;278
432253;505;31;31;44;34;19;5;7;15;22;12;15;10;750
432254;1266;59;31;30;48;40;43;25;24;42;55;87;17;1767
432255;247;5;9;9;16;11;12;7;4;10;18;4;5;357
432260;11288;1387;2381;4002;1290;966;641;421;672;846;751;652;416;25713
432270;2970;156;682;662;268;152;191;132;180;133;178;125;78;5907
432280;7714;547;419;472;430;390;505;506;594;415;315;370;130;12807
432285;239;9;2;1;9;2;1;4;1;3;2;2;7;282
432290;356;13;9;20;15;8;14;8;12;12;5;9;6;487
432300;15000;525;666;656;617;594;530;518;686;631;635;640;494;22192
432310;242;10;6;19;7;1;6;7;15;1;7;6;3;330
432320;340;10;13;29;9;14;2;5;10;2;14;15;3;466
432330;778;25;35;24;8;9;14;22;16;14;20;21;19;1005
432335;162;3;9;6;11;11;7;6;17;5;15;7;0;259
432340;744;39;27;29;31;22;37;26;34;30;38;46;28;1131
432345;408;22;14;19;9;9;7;6;13;7;8;17;6;545
432350;209;11;32;14;11;9;19;10;4;16;7;9;3;354
432360;126;4;5;4;9;4;2;1;3;6;5;3;3;175
432370;313;4;5;11;16;7;4;11;8;12;21;10;7;429
432375;214;10;2;34;6;6;9;2;6;4;1;6;3;303
432377;752;16;33;23;32;31;33;16;20;21;31;36;24;1068
432380;1986;624;111;115;60;83;78;75;79;76;133;145;441;4006
439999;0;0;0;0;0;0;0;0;0;0;0;0;0;0
500020;3691;290;277;352;266;242;229;234;271;175;189;194;105;6515
500025;419;10;41;16;4;13;10;11;23;13;19;13;2;594
500060;4211;167;350;234;190;160;143;172;284;238;144;141;131;6565
500070;2642;105;118;136;123;91;72;82;91;102;59;93;57;3771
500080;1321;52;56;96;57;92;59;47;54;44;56;93;12;2039
500085;873;25;22;55;262;83;215;43;319;54;54;118;103;2226
500090;581;42;24;84;29;11;23;15;88;22;10;17;10;956
500100;3698;178;644;1280;531;308;260;311;373;290;257;203;150;8483
500110;4288;381;172;148;233;233;438;298;232;249;180;187;162;7201
500124;288;24;14;10;7;27;13;28;43;3;18;12;20;507
500150;849;49;84;45;35;14;25;23;28;28;50;29;28;1287
500190;4667;266;329;306;416;304;178;237;359;232;155;295;120;7864
500200;1439;141;107;51;56;64;99;78;77;70;81;44;58;2365
500210;1893;69;116;73;72;63;41;62;98;51;38;36;24;2636
500215;1000;20;84;31;39;33;18;31;65;39;20;16;33;1429
500220;2588;165;217;135;122;137;87;135;199;105;121;108;61;4180
500230;2610;552;207;466;444;744;580;443;473;420;526;206;339;8010
500240;2918;148;209;170;237;132;122;143;168;88;149;95;63;4642
500260;2048;100;105;196;103;129;120;111;185;110;85;89;78;3459
500270;200487;8177;10312;9049;8659;8213;23419;11032;8691;9917;9467;11183;7716;326322
500280;539;23;16;31;14;10;27;31;11;16;11;13;5;747
500290;3135;433;173;172;232;150;137;206;180;124;126;116;83;5267
500295;3665;341;499;370;246;287;329;248;310;274;293;242;152;7256
500310;542;39;59;37;22;26;40;37;29;29;27;53;35;975
500315;671;98;48;13;25;13;9;15;40;31;17;8;6;994
500320;13011;518;543;764;643;665;559;665;594;587;624;463;490;20126
500325;2571;244;404;212;139;181;267;119;253;147;234;148;70;4989
500330;4134;237;282;244;153;153;179;148;184;134;158;154;103;6263
500345;805;29;78;83;44;30;90;57;53;43;44;28;26;1410
500348;843;33;75;69;95;102;53;28;127;44;40;76;60;1645
500350;457;8;31;13;6;11;14;8;22;6;8;10;3;597
500370;33539;1910;2511;1910;1544;1905;1579;2804;1828;1937;1922;2088;1217;56694
500375;1513;80;285;76;98;97;193;88;125;112;138;143;90;3038
500380;1797;80;83;78;70;42;40;60;49;67;41;37;54;2498
500390;112;3;17;5;38;7;5;4;4;7;9;4;1;216
500400;686;36;41;25;21;48;15;23;24;16;30;13;12;990
500410;894;41;111;41;39;24;51;88;57;52;23;23;17;1461
500430;1739;384;148;421;104;88;126;86;50;78;89;79;55;3447
500440;1223;57;90;63;54;49;35;51;106;52;34;44;29;1887
500450;1988;69;129;101;49;62;42;87;75;62;89;82;26;2861
500460;1630;56;121;68;85;65;63;77;69;40;81;58;43;2456
500470;2286;83;100;100;74;121;99;69;112;68;85;67;32;3296
500480;167;6;5;45;127;33;6;1;44;7;11;2;2;456
500490;738;44;45;101;41;41;31;42;28;41;36;32;12;1232
500500;2342;120;151;200;144;100;91;111;231;103;93;74;38;3798
500510;711;30;47;19;53;25;26;23;68;44;35;22;19;1122
500515;400;14;52;22;75;17;8;8;56;19;19;24;7;721
500520;2210;32;128;67;68;45;85;39;44;15;26;9;9;2777
500525;826;12;54;49;23;19;87;32;28;13;29;5;4;1181
500540;6084;1345;708;1179;453;633;2430;471;321;289;353;365;212;14843
500560;2052;98;91;107;104;154;119;102;143;82;110;62;41;3265
500568;1832;62;89;102;94;60;97;74;64;56;51;139;24;2744
500570;9103;1340;963;1953;2433;1228;862;700;748;574;824;549;2403;23680
500580;1170;62;155;48;42;52;40;38;72;37;121;110;21;1968
500600;2260;222;317;916;701;435;492;262;623;224;363;175;393;7383
500620;8297;1151;570;693;622;409;479;532;647;498;498;432;217;15045
500625;497;7;57;40;18;18;11;11;15;17;7;12;9;719
500627;0;0;0;0;0;0;0;0;0;0;0;0;0;0
500630;5660;356;377;632;678;513;254;245;274;415;252;312;276;10244
500635;450;80;66;40;32;19;23;16;14;8;10;5;3;766
500640;808;42;44;35;25;17;18;18;18;18;26;17;5;1091
500660;7053;295;417;701;311;329;352;490;310;293;358;394;167;11470
500690;2079;81;269;127;115;130;72;65;74;74;74;92;58;3310
500710;4672;359;372;393;308;360;319;541;404;257;286;304;166;8741
500720;6595;2475;1015;2695;1438;849;3236;257;2016;740;734;597;429;23076
500730;494;16;16;116;36;17;10;5;20;11;14;8;4;767
500740;2432;180;160;115;107;127;131;88;114;80;137;71;130;3872
500750;471;56;60;38;18;22;13;23;29;18;17;8;14;787
500755;1346;60;108;70;96;60;67;120;60;57;58;38;35;2175
500769;4349;229;333;347;337;266;226;252;319;206;261;219;152;7496
500770;726;14;20;15;15;25;9;51;27;40;36;28;4;1010
500780;1047;60;65;82;47;31;51;51;77;62;39;23;18;1653
500790;6747;854;507;1083;1090;423;389;456;432;400;340;437;239;13397
500793;1517;90;253;2502;480;119;115;121;208;68;153;190;88;5904
500795;760;16;27;19;16;17;14;15;48;18;21;11;4;986
500797;566;11;24;68;92;19;5;9;14;17;21;220;10;1076
500800;1807;79;129;72;96;53;46;61;70;65;78;59;53;2668
500830;17142;1222;1787;1215;1411;1381;1140;1917;1907;1839;2017;2971;2316;38265
500840;521;19;12;17;7;8;5;7;10;11;22;104;10;753
509999;0;0;0;0;0;0;0;0;0;0;0;0;0;0
510010;217;9;3;4;3;1;2;2;2;2;1;2;1;249
510020;2398;234;344;473;218;154;160;129;169;146;214;192;365;5196
510025;7370;539;657;387;438;418;463;393;643;466;370;415;215;12774
510030;1964;109;165;160;91;122;97;162;83;139;136;111;96;3435
510035;162;31;6;48;18;19;14;3;14;4;4;6;4;333
510040;1517;813;574;154;86;201;189;117;167;212;207;141;121;4499
510050;297;12;5;35;5;4;7;6;5;19;3;2;6;406
510060;864;58;90;98;52;38;201;173;59;89;129;80;42;1973
510080;588;27;24;21;63;54;40;49;28;68;31;29;10;1032
510100;484;23;9;14;11;14;13;11;11;8;12;7;10;627
510120;160;11;4;0;0;0;1;1;1;0;4;3;0;185
510125;2997;154;208;139;100;104;130;70;66;46;64;51;55;4184
510130;681;28;28;32;95;33;27;25;29;21;35;24;18;1076
510140;1836;120;228;101;100;196;151;281;329;215;266;206;97;4126
510160;362;18;3;14;14;13;15;15;20;15;4;4;14;511
510170;4184;310;246;1016;2748;1001;371;261;474;262;186;192;144;11395
510180;9885;725;459;742;472;793;634;469;564;588;466;437;327;16561
510185;202;28;37;47;42;18;25;35;27;7;8;7;5;488
510190;1855;171;207;178;162;208;180;149;244;198;214;144;122;4032
510250;10220;579;638;776;520;486;409;407;449;422;393;361;305;15965
510260;513;78;177;74;185;150;53;38;86;36;28;15;16;1449
510263;5319;638;1078;1223;1165;823;682;479;438;572;563;332;210;13522
510267;5374;635;677;812;585;370;1164;598;488;671;457;465;226;12522
510268;1114;120;326;241;192;160;80;62;62;69;147;32;20;2625
510269;98;111;106;19;5;3;11;4;1;8;7;1;4;378
510270;2509;285;308;209;177;152;154;140;168;177;146;91;93;4609
510279;612;39;20;118;54;32;45;53;26;39;25;18;25;1106
510285;404;62;59;43;26;28;25;15;30;10;12;15;5;734
510300;1440;251;181;278;100;114;64;67;85;73;68;37;45;2803
510305;1886;106;250;129;141;192;271;139;125;89;104;92;33;3557
510310;890;61;45;30;61;51;40;48;58;45;43;31;17;1420
510320;4246;173;285;254;254;228;253;326;275;200;228;144;131;6997
510325;669;26;18;46;35;27;98;101;39;45;34;31;10;1179
510330;2145;227;197;128;107;125;138;108;122;127;216;122;71;3833
510335;970;594;190;228;155;407;403;150;58;62;56;32;24;3329
510336;388;11;34;21;23;24;19;31;26;12;19;23;12;643
510337;807;78;97;41;30;43;55;64;63;117;41;21;13;1470
510340;170013;7620;19671;8948;8631;8118;8019;7818;9750;8953;8487;8485;5425;279938
510343;220;15;74;14;9;6;11;10;16;7;9;6;1;398
510345;507;79;57;214;534;141;81;39;40;22;22;11;27;1774
510350;3455;663;768;475;376;464;519;371;344;456;380;217;169;8657
510360;1062;149;70;50;45;42;151;138;88;63;68;79;38;2043
510370;1614;104;109;136;101;80;51;54;50;75;133;41;30;2578
510380;302;22;42;10;12;7;9;17;8;11;11;12;5;468
510385;497;106;62;40;44;77;36;46;29;43;48;53;16;1097
510390;462;26;101;52;25;23;38;28;29;39;69;35;16;943
510395;203;26;76;10;8;8;23;1;4;7;2;7;3;378
510410;2420;117;172;113;213;114;106;208;112;116;99;93;59;3942
510420;1311;212;153;136;60;50;84;89;62;57;80;20;21;2335
510450;477;23;24;55;29;32;11;5;5;3;4;0;1;669
510452;288;51;46;58;43;44;52;44;44;41;68;28;44;851
510454;318;26;66;16;26;23;25;24;48;30;31;38;12;683
510455;995;67;40;29;42;29;44;27;34;52;50;23;20;1452
510460;5201;1126;564;346;126;125;145;184;161;151;255;150;95;8629
510480;5097;638;245;238;1501;673;556;167;175;202;154;170;224;10040
510490;1378;53;466;94;24;61;67;22;81;34;85;41;62;2468
510500;667;98;32;42;18;9;14;42;19;46;16;23;9;1035
510510;4065;407;428;257;256;303;269;401;264;184;307;185;98;7424
510515;4559;317;371;329;308;446;387;475;362;327;306;302;213;8702
510517;804;22;63;32;144;49;60;85;56;74;62;75;16;1542
510520;1074;133;192;189;139;185;156;103;85;60;72;33;15;2436
510523;1118;109;106;425;1368;211;63;27;56;13;9;63;32;3600
510525;6353;996;697;645;603;806;1016;721;605;865;828;744;396;15275
510530;160;5;5;3;3;1;3;1;3;2;1;0;1;188
510550;1885;150;224;199;299;193;99;73;108;99;81;62;45;3517
510558;1532;158;156;124;70;156;116;100;75;107;121;46;30;2791
510560;2210;182;178;137;120;138;112;307;131;80;91;79;113;3878
510562;3419;241;237;267;420;272;179;204;612;388;333;214;155;6941
510590;1498;135;86;162;81;91;95;72;78;84;70;44;37;2533
510600;271;15;15;9;5;6;8;4;11;29;14;4;5;396
510610;574;34;67;22;25;18;21;14;8;15;23;11;3;835
510615;582;44;103;84;91;61;95;55;80;50;38;23;26;1332
510617;219;11;45;2;10;8;4;1;9;3;2;3;5;322
510618;484;39;48;43;28;19;19;13;20;30;42;18;23;826
510619;232;14;31;40;18;25;14;9;16;5;18;7;10;439
510620;312;28;6;8;6;5;10;39;26;16;4;10;10;480
510621;1089;69;98;75;66;48;58;52;78;62;34;63;43;1835
510622;6701;945;1071;622;591;648;975;814;1006;971;883;767;508;16502
510623;4219;290;577;2853;553;237;115;256;102;123;218;219;81;9843
510624;1467;273;199;123;97;128;222;161;100;224;232;123;45;3394
510625;1581;100;132;257;70;74;100;100;92;109;115;219;36;2985
510626;319;101;101;31;28;38;41;21;34;102;59;40;11;926
510627;163;17;38;21;3;6;8;6;7;5;3;1;1;279
510628;1609;430;224;138;71;289;231;177;123;173;227;106;88;3886
510629;888;60;20;83;67;51;75;62;74;83;90;35;27;1615
510630;2412;310;275;209;201;120;106;131;214;178;323;174;185;4838
510631;61;20;4;20;1;0;0;1;2;1;0;0;0;110
510637;3763;805;502;455;168;235;673;230;237;240;237;162;98;7805
510642;1342;57;229;65;70;124;65;58;80;99;50;44;43;2326
510645;157;15;4;25;6;6;12;7;12;4;9;7;6;270
510650;1967;172;237;412;533;588;345;294;96;90;98;116;38;4986
510665;295;5;4;11;99;26;8;10;13;104;5;54;17;651
510670;80;2;0;2;1;22;1;2;2;2;2;1;0;117
510675;5293;496;376;411;334;390;357;371;302;324;340;333;239;9566
510677;422;32;20;7;63;25;29;39;112;54;54;13;10;880
510680;789;34;67;55;52;74;68;69;98;42;55;29;10;1442
510682;1005;74;115;86;52;39;61;37;38;27;50;35;25;1644
510685;210;33;7;27;8;16;19;11;17;4;3;11;4;370
510700;1520;166;150;97;98;97;178;94;62;59;90;66;34;2711
510704;8545;1026;1095;1025;513;740;1077;730;751;642;711;527;477;17859
510706;1469;171;151;144;83;87;110;72;96;113;123;94;59;2772
510710;2414;258;206;144;151;164;163;194;74;127;74;103;59;4131
510715;150;20;25;24;54;8;8;6;1;0;2;4;2;304
510718;554;135;73;44;27;25;32;38;30;25;34;30;14;1061
510719;216;8;18;16;10;5;5;6;20;11;15;6;2;338
510720;622;60;240;102;92;48;98;41;43;36;56;313;36;1787
510724;679;57;75;32;52;71;42;40;69;45;40;27;20;1249
510726;218;9;24;18;4;5;5;7;13;13;6;5;3;330
510729;277;5;22;18;5;2;4;5;5;4;5;1;0;353
510730;2383;226;1349;300;98;103;109;74;97;80;67;91;42;5019
510735;704;50;62;63;35;47;40;28;55;44;45;37;19;1229
510740;226;16;6;30;7;11;9;3;5;7;2;6;3;331
510757;528;32;25;30;42;35;56;46;47;33;36;15;5;930
510760;30677;2989;2332;2009;1953;2197;2227;2620;2467;2529;2541;2435;1408;58384
510770;913;88;196;107;121;87;79;32;55;75;44;90;48;1935
510774;176;22;9;9;16;6;30;19;11;34;29;11;1;373
510775;286;6;147;51;10;5;6;3;7;3;18;13;4;559
510776;429;116;156;144;112;43;81;30;47;43;34;14;10;1259
510777;559;15;61;23;20;25;15;20;23;26;26;12;6;831
510779;423;163;70;33;20;32;65;26;25;41;115;38;24;1075
510780;2945;205;197;233;136;173;156;148;211;141;173;148;125;4991
510785;1182;136;158;42;34;48;129;56;66;67;46;46;25;2035
510787;4055;873;576;427;303;356;906;408;437;498;522;319;233;9913
510788;78;21;5;28;49;14;8;2;5;4;6;0;0;220
510790;20125;1212;1106;1187;1108;1233;1261;1437;1280;1369;1582;1078;867;34845
510792;10724;1126;973;680;661;854;894;682;1140;1133;1017;674;564;21122
510794;1043;69;52;65;94;48;135;58;137;103;76;60;17;1957
510795;14597;966;1278;1207;1658;1177;924;996;1066;1051;1070;974;788;27752
510800;1790;334;329;153;119;163;185;149;183;229;190;129;93;4046
510805;730;36;43;74;64;34;44;29;19;42;79;17;15;1226
510810;271;17;11;4;6;35;12;12;17;8;11;1;7;412
510820;447;19;32;26;10;10;4;15;6;13;35;9;4;630
510830;537;15;56;26;33;37;35;29;18;14;18;8;7;833
510835;138;16;48;15;3;5;6;10;6;2;2;3;1;255
510840;32199;2514;1701;2725;1630;1818;1843;2985;2383;3444;1820;1615;1695;58372
510850;1715;112;125;93;114;100;86;87;66;73;112;55;32;2770
510860;2207;146;217;127;137;124;140;78;83;73;93;110;111;3646
510880;242;27;3;31;9;6;22;2;15;12;12;2;8;391
510885;222;23;12;55;10;8;18;10;16;17;25;8;9;433
510890;809;98;80;67;86;73;82;42;58;61;68;38;20;1582
510895;637;128;125;40;78;87;55;116;72;78;68;46;13;1543
519999;0;0;0;0;0;0;0;0;0;0;0;0;0;0
520005;506;23;22;25;27;24;24;18;36;79;14;12;16;826
520010;1401;92;60;68;80;80;72;46;78;52;53;47;24;2153
520013;2611;262;385;160;81;184;144;131;164;87;153;128;46;4536
520015;181;4;13;10;4;9;11;1;10;3;6;2;1;255
520017;550;11;16;29;12;25;26;27;16;18;26;16;15;787
520020;291;4;4;2;12;7;4;4;3;1;4;1;3;340
520025;4599;399;259;574;354;338;224;190;258;160;241;218;629;8443
520030;2376;237;235;104;105;111;92;63;104;127;78;65;57;3754
520040;0;0;0;0;0;0;0;0;0;0;0;0;0;0
520050;149;3;2;2;8;1;1;2;2;1;3;3;2;179
520055;710;21;52;60;84;50;114;60;52;59;71;33;79;1445
520060;746;27;35;18;29;46;24;38;35;15;28;44;17;1102
520070;0;0;0;0;0;0;0;0;0;0;0;0;0;0
520080;629;63;26;51;39;53;44;26;33;102;42;35;21;1164
520082;285;9;13;7;11;7;25;3;11;11;5;12;16;415
520085;548;7;13;46;22;43;37;51;40;31;24;20;3;885
520090;299;9;11;4;2;18;8;5;19;7;10;6;5;403
520100;0;0;0;0;0;0;0;0;0;0;0;0;0;0
520110;58194;3160;2715;3040;2701;3180;2834;2748;3134;2900;3067;2928;2443;93044
520120;162;0;5;1;0;0;8;1;2;3;2;0;2;186
520130;3048;747;378;343;677;2149;438;162;149;128;109;133;117;8578
520140;71423;4109;3385;3658;3829;3640;3628;3864;4625;4071;4871;4580;3108;118791
520145;476;40;28;24;12;21;42;40;18;18;18;11;9;757
520150;553;21;146;56;24;40;15;28;29;22;75;92;35;1136
520160;288;2;7;2;7;2;3;1;1;11;11;7;1;343
520170;773;16;28;48;63;49;16;16;33;11;19;10;15;1097
520180;639;37;31;26;22;52;28;32;25;36;56;27;38;1049
520190;0;0;0;0;0;0;0;0;0;0;0;0;0;0
520200;0;0;0;0;0;0;0;0;0;0;0;0;0;0
520210;0;0;0;0;0;0;0;0;0;0;0;0;0;0
520215;412;17;21;15;14;36;21;8;11;10;10;10;5;590
520220;0;0;0;0;0;0;0;0;0;0;0;0;0;0
520230;0;0;0;0;0;0;0;0;0;0;0;0;0;0
520235;418;16;8;15;12;14;11;20;9;7;8;3;18;559
520240;0;0;0;0;0;0;0;0;0;0;0;0;0;0
520250;858;50;33;41;47;54;25;39;50;32;23;18;14;1284
520255;0;0;0;0;0;0;0;0;0;0;0;0;0;0
520260;235;7;4;3;4;3;3;7;8;6;3;5;7;295
520270;0;0;0;0;0;0;0;0;0;0;0;0;0;0
520280;321;16;12;12;17;17;20;10;8;6;6;3;2;450
520290;0;0;0;0;0;0;0;0;0;0;0;0;0;0
520300;0;0;0;0;0;0;0;0;0;0;0;0;0;0
520310;230;7;2;2;4;5;1;3;4;0;2;3;7;270
520320;830;47;103;45;50;84;38;94;141;80;61;98;64;1735
520330;3107;178;147;190;174;150;152;178;249;352;141;155;117;5290
520340;451;20;21;17;11;16;17;34;25;16;16;12;8;664
520350;2139;194;228;288;166;248;170;138;144;118;139;167;61;4200
520355;483;40;22;19;19;17;31;10;11;38;10;19;4;723
520357;380;19;7;12;11;6;6;14;10;7;34;34;8;548
520360;375;27;19;31;80;48;32;21;23;54;81;19;23;833
520370;0;0;0;0;0;0;0;0;0;0;0;0;0;0
520380;554;19;8;20;15;6;14;11;19;18;16;12;7;719
520390;893;37;19;33;38;74;215;47;33;81;75;30;80;1655
520393;213;7;6;4;5;10;16;4;23;6;28;14;5;341
520396;101;1;0;2;1;0;1;1;1;0;1;0;0;109
520400;646;46;39;28;7;17;57;27;26;30;33;76;11;1043
520410;1471;111;119;105;96;85;96;70;96;94;38;68;38;2487
520420;169;2;17;16;20;13;4;7;13;9;2;2;4;278
520425;905;20;22;9;34;99;29;33;36;27;23;18;30;1285
520430;1121;79;50;66;66;66;81;71;62;93;86;499;226;2566
520440;1269;63;63;36;37;89;64;88;44;39;50;34;34;1910
520450;11318;638;535;605;488;594;683;930;865;767;638;650;596;19307
520455;294;25;9;6;6;2;19;16;8;8;11;9;3;416
520460;277;14;10;14;26;10;10;11;40;13;27;14;10;476
520465;146;31;11;3;12;3;3;0;98;1;3;19;16;346
520470;799;26;29;51;38;77;91;29;61;29;35;31;31;1327
520480;1187;78;168;371;102;92;255;310;210;135;126;205;61;3300
520485;401;24;15;12;45;79;72;48;18;12;6;9;4;745
520490;1574;30;28;42;44;27;33;35;26;45;28;58;22;1992
520495;296;13;8;14;6;11;9;9;5;8;7;8;1;395
520500;758;48;190;69;238;71;59;35;51;34;15;6;94;1668
520505;255;5;14;10;3;12;13;4;3;5;4;0;3;331
520510;14239;833;953;1084;1267;1122;1163;1192;1316;1334;1475;1396;878;28252
520520;287;21;9;16;11;22;15;7;30;13;14;18;14;477
520530;370;30;117;83;55;43;15;7;18;20;16;13;7;794
520540;2938;172;151;213;151;114;99;88;151;140;119;136;58;4530
520545;1037;39;40;49;40;45;51;30;48;119;109;60;46;1713
520547;1300;313;246;162;123;136;234;136;114;134;157;83;44;3182
520549;2491;94;89;81;287;106;138;83;98;127;88;45;41;3768
520550;0;0;0;0;0;0;0;0;0;0;0;0;0;0
520551;1036;27;23;65;89;52;68;52;75;83;49;42;27;1688
520552;303;4;6;8;15;5;2;7;0;7;6;20;7;390
520560;0;0;0;0;0;0;0;0;0;0;0;0;0;0
520570;246;3;64;14;12;10;15;9;10;1;0;3;15;402
520580;770;12;17;25;12;11;13;49;30;93;87;27;33;1179
520590;1428;50;68;38;35;83;45;56;45;57;24;55;41;2025
520600;0;0;0;0;0;0;0;0;0;0;0;0;0;0
520610;0;0;0;0;0;0;0;0;0;0;0;0;0;0
520620;5350;308;560;1366;500;329;742;820;619;413;478;383;328;12196
520630;359;13;21;8;11;13;13;17;17;12;10;11;1;506
520640;2538;103;73;87;93;229;153;113;112;82;105;49;24;3761
520650;285;6;8;6;2;7;17;8;8;7;4;11;3;372
520660;296;4;6;4;7;13;5;11;7;5;7;2;2;369
520670;206;0;0;2;0;3;4;4;1;1;18;6;1;246
520680;247;3;4;8;10;7;19;2;4;10;14;6;7;341
520690;224;13;5;4;4;3;5;2;6;5;3;2;2;278
520700;0;0;0;0;0;0;0;0;0;0;0;0;0;0
520710;186;8;3;0;14;13;14;6;4;2;2;1;2;255
520720;0;0;0;0;0;0;0;0;0;0;0;0;0;0
520725;686;16;16;14;15;22;31;16;16;29;27;22;13;923
520730;0;0;0;0;0;0;0;0;0;0;0;0;0;0
520735;459;8;9;5;15;8;9;12;37;8;13;13;9;605
520740;1254;380;287;177;61;130;78;60;170;103;590;146;125;3561
520750;266;10;41;6;13;13;10;5;21;30;6;18;8;447
520753;637;7;24;31;19;46;24;11;11;14;8;18;2;852
520755;0;0;0;0;0;0;0;0;0;0;0;0;0;0
520760;591;31;18;15;21;32;12;23;24;23;15;3;9;817
520765;0;0;0;0;0;0;0;0;0;0;0;0;0;0
520770;0;0;0;0;0;0;0;0;0;0;0;0;0;0
520780;619;13;9;17;15;41;36;13;24;30;43;21;19;900
520790;648;15;16;7;6;12;20;30;27;19;17;7;7;831
520800;8184;671;492;409;290;527;324;398;361;323;332;544;215;13070
520810;339;4;5;8;30;15;3;8;5;6;10;2;4;439
520815;210;5;6;22;7;8;4;7;8;15;8;5;2;307
520820;0;0;0;0;0;0;0;0;0;0;0;0;0;0
520830;302;7;1;4;28;11;4;2;7;13;5;6;0;390
520840;563;34;42;29;29;25;24;30;56;34;21;42;13;942
520850;374;4;9;24;11;13;9;7;8;7;6;19;4;495
520860;7641;862;1203;866;1936;921;509;395;821;639;380;510;648;17331
520870;436276;20920;19401;19406;17452;18556;17914;18073;20867;18401;19369;18443;16668;661746
520880;3252;173;157;210;148;241;126;194;182;171;212;147;104;5317
520890;2779;97;104;121;83;115;131;146;134;154;125;130;120;4239
520900;0;0;0;0;0;0;0;0;0;0;0;0;0;0
520910;6087;451;1245;640;1096;791;423;301;371;232;501;441;334;12913
520915;392;18;17;6;6;10;9;16;43;16;14;12;12;571
520920;844;31;101;55;47;61;59;41;40;29;32;24;19;1383
520929;181;1;1;1;4;1;5;3;3;0;4;12;0;216
520930;0;0;0;0;0;0;0;0;0;0;0;0;0;0
520940;307;5;11;6;18;22;20;3;8;7;15;10;5;437
520945;139;0;2;1;1;3;0;0;5;1;8;1;0;161
520950;0;0;0;0;0;0;0;0;0;0;0;0;0;0
520960;299;16;6;4;0;6;4;15;8;17;4;3;10;392
520970;2090;199;109;133;125;163;116;85;105;162;186;116;91;3680
520980;367;16;5;9;17;11;9;5;15;9;15;3;2;483
520990;827;57;27;12;52;34;33;15;43;30;93;42;18;1283
520993;591;42;120;33;65;174;96;19;31;11;13;28;27;1250
520995;1140;30;77;82;86;70;75;39;143;117;81;34;30;2004
521000;7086;326;375;794;1006;746;460;522;526;392;329;310;316;13188
521010;3480;397;258;410;191;261;287;666;284;221;257;166;113;6991
521015;200;3;4;7;44;12;3;2;11;2;0;2;5;295
521020;2577;99;88;79;115;177;105;61;157;97;60;66;50;3731
521030;240;10;6;3;6;12;6;8;4;4;3;2;1;305
521040;4009;331;191;279;325;377;396;645;412;262;254;277;296;8054
521050;0;0;0;0;0;0;0;0;0;0;0;0;0;0
521056;241;18;11;30;6;2;18;3;1;2;18;2;1;353
521060;418;14;8;15;20;20;11;17;13;9;16;10;5;576
521070;0;0;0;0;0;0;0;0;0;0;0;0;0;0
521080;664;39;53;25;16;80;54;38;37;18;30;28;13;1095
521090;2025;636;201;254;741;1773;381;88;42;74;72;50;33;6370
521100;758;25;39;54;48;44;19;16;24;29;31;26;22;1135
521110;0;0;0;0;0;0;0;0;0;0;0;0;0;0
521120;1718;852;106;192;380;378;278;407;165;146;212;185;129;5148
521130;849;76;96;179;142;29;39;35;36;30;59;28;41;1639
521140;770;36;23;27;47;20;24;26;36;17;29;30;9;1094
521150;16929;1717;1435;1553;1485;1481;1313;868;1144;939;1007;1424;1034;32329
521160;204;6;5;7;5;6;5;16;18;2;4;2;1;281
521170;1688;292;551;244;434;593;161;146;65;41;44;15;19;4293
521180;4778;318;200;308;258;287;222;229;306;261;269;199;73;7708
521190;13641;1231;909;858;725;1158;838;675;1063;675;728;744;739;23984
521200;226;18;2;4;7;17;3;4;45;14;9;7;2;358
521205;176;0;6;2;0;2;2;3;2;0;4;2;0;199
521210;632;34;47;24;22;20;18;24;20;14;12;23;8;898
521220;2078;74;77;62;89;74;82;58;152;109;84;50;50;3039
521225;150;7;6;5;3;2;0;5;2;3;2;3;1;189
521230;974;30;71;35;35;24;37;30;94;198;28;21;26;1603
521240;0;0;0;0;0;0;0;0;0;0;0;0;0;0
521250;17458;2330;859;1218;1198;1378;1207;930;1379;993;1069;884;769;31672
521260;270;11;3;8;2;6;7;9;6;8;7;16;4;357
521270;479;41;24;66;33;25;23;32;79;49;30;15;7;903
521280;870;30;38;76;31;74;24;56;55;54;37;36;24;1405
521290;230;5;3;3;5;8;6;2;16;9;20;10;5;322
521295;396;18;19;4;7;14;27;14;11;17;15;8;14;564
521300;1321;3048;927;198;1797;2001;576;423;763;196;529;363;445;12587
521305;259;18;8;4;8;4;7;11;8;4;2;10;5;348
521308;2534;189;165;99;123;218;146;85;325;141;116;96;81;4318
521310;7879;584;708;628;890;842;965;703;821;1327;833;786;695;17661
521320;0;0;0;0;0;0;0;0;0;0;0;0;0;0
521330;0;0;0;0;0;0;0;0;0;0;0;0;0;0
521340;190;4;0;2;0;9;4;3;2;4;3;2;4;227
521350;435;13;21;14;17;16;2;6;23;14;10;10;3;584
521360;0;0;0;0;0;0;0;0;0;0;0;0;0;0
521370;909;41;25;42;32;42;22;22;46;24;23;21;13;1262
521375;1451;233;210;292;150;161;108;123;85;122;112;70;53;3170
521377;217;3;16;4;24;13;14;5;29;1;6;7;1;340
521380;5674;343;443;848;373;369;465;358;340;464;607;882;257;11423
521385;146;5;3;0;1;8;7;0;4;2;6;2;1;185
521390;266;38;17;14;16;24;18;5;8;13;12;11;4;446
521400;3354;44;17;129;115;124;99;54;53;54;123;58;2365;6589
521405;596;22;39;21;14;21;11;18;14;18;6;18;9;807
521410;265;2;6;5;0;11;1;5;5;1;5;1;1;308
521420;0;0;0;0;0;0;0;0;0;0;0;0;0;0
521430;0;0;0;0;0;0;0;0;0;0;0;0;0;0
521440;950;44;35;43;34;35;86;76;76;42;62;38;32;1553
521450;4258;364;167;234;225;254;154;303;262;257;221;183;152;7034
521460;6179;205;331;300;325;427;398;300;387;317;409;303;206;10087
521470;240;3;49;2;10;5;3;5;5;11;1;4;0;338
521480;178;3;4;1;0;7;2;3;21;13;5;17;10;264
521483;1388;63;83;55;78;87;58;48;69;41;103;108;49;2230
521486;486;11;9;18;7;12;17;7;16;12;13;6;2;616
521487;201;1;0;2;4;1;1;2;8;4;3;2;0;229
521488;0;0;0;0;0;0;0;0;0;0;0;0;0;0
521490;340;5;29;12;6;10;6;3;0;1;2;9;4;427
521500;1659;86;81;50;58;89;30;60;68;47;96;87;29;2440
521510;0;0;0;0;0;0;0;0;0;0;0;0;0;0
521520;245;3;3;4;4;22;1;3;10;8;5;6;3;317
521523;3334;126;151;111;134;220;95;107;159;134;131;99;94;4895
521525;310;29;8;12;11;6;6;8;8;7;8;11;1;425
521530;1452;170;104;45;55;70;73;82;77;99;79;33;26;2365
521540;388;30;12;7;8;9;9;19;10;7;14;9;12;534
521550;1048;50;29;24;21;22;28;12;11;13;9;15;9;1291
521560;1475;48;29;34;41;69;29;45;259;120;102;49;61;2361
521565;243;13;9;8;7;17;3;29;5;12;4;9;6;365
521570;3124;205;120;248;272;337;243;842;405;306;268;209;104;6683
521575;0;0;0;0;0;0;0;0;0;0;0;0;0;0
521580;247;22;3;3;3;6;3;4;4;8;18;8;2;331
521590;260;83;12;5;8;8;15;85;55;11;9;7;7;565
521600;308;40;27;27;12;15;6;9;6;6;10;46;14;526
521610;0;0;0;0;0;0;0;0;0;0;0;0;0;0
521620;0;0;0;0;0;0;0;0;0;0;0;0;0;0
521630;658;53;18;25;27;27;16;57;72;48;22;44;25;1092
521640;1248;132;222;93;52;128;33;43;93;76;115;94;58;2387
521645;449;27;23;4;10;13;12;19;20;27;35;23;7;669
521650;0;0;0;0;0;0;0;0;0;0;0;0;0;0
521660;0;0;0;0;0;0;0;0;0;0;0;0;0;0
521670;0;0;0;0;0;0;0;0;0;0;0;0;0;0
521680;689;17;17;32;43;25;21;23;29;16;24;28;20;984
521690;200;14;4;5;4;1;2;2;12;6;8;3;14;275
521700;0;0;0;0;0;0;0;0;0;0;0;0;0;0
521710;2241;75;78;67;58;146;67;196;209;118;136;178;64;3633
521720;875;27;22;17;20;67;21;22;39;25;23;8;13;1179
521730;2035;87;49;73;246;104;78;57;95;129;240;153;60;3406
521740;4600;327;173;301;161;212;165;247;258;214;211;278;194;7341
521750;0;0;0;0;0;0;0;0;0;0;0;0;0;0
521760;3885;264;153;107;134;222;248;165;224;147;135;106;101;5891
521770;1564;138;75;66;55;99;74;92;213;79;60;113;34;2662
521780;0;0;0;0;0;0;0;0;0;0;0;0;0;0
521790;0;0;0;0;0;0;0;0;0;0;0;0;0;0
521800;3942;164;139;136;121;159;149;131;177;179;148;168;65;5678
521805;658;326;52;31;27;36;29;66;98;42;22;12;8;1407
521810;512;23;50;33;13;29;25;21;17;23;27;12;16;801
521820;0;0;0;0;0;0;0;0;0;0;0;0;0;0
521830;2152;149;73;62;63;148;80;71;60;129;107;61;52;3207
521839;212;17;4;8;4;4;2;5;2;7;8;6;4;283
521840;0;0;0;0;0;0;0;0;0;0;0;0;0;0
521850;6467;782;841;810;363;531;905;561;540;693;815;611;623;14542
521860;1092;93;56;45;75;48;56;34;51;49;58;50;46;1753
521870;522;24;15;73;37;30;7;21;18;15;14;20;17;813
521875;0;0;0;0;0;0;0;0;0;0;0;0;0;0
521878;1753;82;103;138;36;49;122;92;77;91;75;67;66;2751
521880;36027;2631;2836;2950;2447;2681;2449;2388;2703;2463;2557;2358;1731;66221
521890;2209;132;188;138;443;767;272;111;93;52;63;40;398;4906
521900;731;26;44;45;60;51;57;67;60;58;43;46;14;1302
521910;584;35;22;25;51;62;37;30;30;31;55;26;25;1013
521920;341;15;16;11;11;20;15;86;32;20;13;16;2;598
521925;1016;26;62;52;41;47;33;73;107;101;45;24;7;1634
521930;5038;520;420;365;744;296;208;120;238;247;443;251;101;8991
521935;295;12;7;7;4;5;1;7;5;9;1;2;4;359
521940;426;30;27;20;16;30;21;36;34;16;16;19;17;708
521945;182;10;5;8;1;10;14;4;6;4;6;15;6;271
521950;217;4;4;0;1;10;2;2;1;15;4;4;3;267
521960;320;7;17;11;10;12;4;4;4;22;11;6;2;430
521970;690;37;16;11;18;46;30;11;21;19;14;20;13;946
521971;282;81;72;17;13;18;25;14;28;97;29;31;59;766
521973;1024;53;36;109;80;52;54;42;86;94;75;62;44;1811
521975;2888;123;267;111;121;115;82;84;138;184;103;102;81;4399
521980;442;63;16;14;59;41;47;58;109;124;80;38;26;1117
521990;490;47;23;38;26;30;19;21;30;21;22;23;10;800
522000;774;23;21;21;17;15;147;27;26;26;31;23;17;1168
522005;164;20;6;3;1;3;2;1;5;4;3;1;4;217
522010;3817;218;258;151;169;141;235;163;234;136;216;133;727;6598
522015;246;7;5;10;5;8;11;8;53;4;11;9;41;418
522020;1924;105;63;68;103;81;69;67;76;125;90;88;51;2910
522026;434;10;9;16;16;15;5;5;12;12;12;13;11;570
522028;631;291;110;321;692;218;5;35;83;96;109;2;170;2763
522030;0;0;0;0;0;0;0;0;0;0;0;0;0;0
522040;1624;353;94;121;81;48;57;122;138;127;138;85;53;3041
522045;5110;1823;268;289;345;290;326;334;559;387;353;267;205;10556
522050;1212;184;201;139;121;432;258;76;81;105;64;91;27;2991
522060;2097;145;115;121;72;90;85;54;182;156;112;73;52;3354
522065;0;0;0;0;0;0;0;0;0;0;0;0;0;0
522068;432;21;8;12;20;7;12;17;14;19;14;21;5;602
522070;109;3;2;1;0;4;1;0;0;3;7;8;4;142
522080;0;0;0;0;0;0;0;0;0;0;0;0;0;0
522090;0;0;0;0;0;0;0;0;0;0;0;0;0;0
522100;337;14;21;10;17;15;10;6;18;8;10;7;8;481
522108;33;0;1;3;1;0;1;1;2;1;0;0;0;43
522110;0;0;0;0;0;0;0;0;0;0;0;0;0;0
522119;502;11;25;17;20;43;23;11;15;22;15;20;4;728
522120;0;0;0;0;0;0;0;0;0;0;0;0;0;0
522130;295;9;11;14;18;21;14;9;14;6;15;10;8;444
522140;9090;460;451;620;405;568;535;388;546;556;484;363;216;14682
522145;210;5;8;14;3;2;4;3;0;2;12;5;3;271
522150;353;13;12;20;7;13;9;97;217;60;31;12;9;853
522155;422;311;212;107;196;206;56;75;95;28;61;34;51;1854
522157;300;4;2;1;2;10;1;4;8;8;1;4;5;350
522160;3310;235;133;197;147;356;175;164;230;210;231;335;136;5859
522170;797;23;19;8;22;53;27;11;72;20;19;31;3;1105
522180;551;9;9;12;6;5;10;4;5;15;37;11;22;696
522185;7062;342;318;277;230;218;427;218;378;262;227;303;192;10454
522190;339;8;29;10;8;7;7;3;17;9;11;13;4;465
522200;1796;95;66;103;53;76;50;40;70;92;118;88;71;2718
522205;674;338;278;65;42;192;26;27;48;47;74;58;15;1884
522208;0;0;0;0;0;0;0;0;0;0;0;0;0;0
522210;0;0;0;0;0;0;0;0;0;0;0;0;0;0
522220;418;7;10;13;35;18;40;85;76;109;73;16;4;904
522230;411;22;18;17;8;23;14;14;14;16;12;6;6;581
529999;0;0;0;0;0;0;0;0;0;0;0;0;0;0
530010;900256;26390;33719;31437;27495;27452;28311;28105;30727;25763;28164;27033;21937;1236789
539999;0;0;0;0;0;0;0;0;0;0;0;0;0;0
{ñ class};0;0;0;0;0;0;0;0;0;0;0;0;0;0
Total;34735313;1718663;1724356;1782854;1767719;1736930;1630623;1631639;1719233;1657727;1694816;1599652;1249608;54649133

Seleções vigentes
Variável;Critério;Valor
Ano;igual a;2007
