Coluna;Mês Desligamento
Município;Janeiro;Fevereiro;Março;Abril;Maio;Junho;Julho;Agosto;Setembro;Outubro;Novembro;Dezembro;{ñ class};Total
110001;126;110;116;103;92;85;82;103;98;96;93;93;2354;3551
110002;1583;1010;1031;1023;1062;1067;1074;1010;1001;988;961;776;19688;32274
110003;20;26;26;32;18;16;19;20;10;15;18;12;556;788
110004;874;1056;1053;1065;1033;1122;1073;1155;1062;1098;920;806;18824;31141
110005;106;138;123;148;150;95;122;136;114;134;118;94;2605;4083
110006;69;100;123;88;73;81;88;77;79;78;93;72;2026;3047
110007;83;97;105;132;78;77;74;83;62;85;68;64;1561;2569
110008;18;33;46;33;31;27;34;24;13;23;24;18;553;877
110009;250;327;230;230;230;254;276;245;230;246;256;270;4843;7887
110010;143;192;205;187;185;185;153;135;147;159;154;272;3913;6030
110011;473;449;506;486;534;479;555;539;486;492;477;449;10562;16487
110012;1412;1554;1660;1535;1578;1722;1832;1628;1571;1552;1447;1274;30713;49478
110013;145;120;170;160;158;162;173;184;155;166;174;147;2787;4701
110014;63;56;73;60;60;105;63;83;71;57;65;80;1550;2386
110015;233;262;287;221;218;246;208;231;205;216;244;219;5085;7875
110018;369;452;397;430;461;460;510;465;453;446;504;336;10031;15314
110020;5132;4858;4573;4858;4802;4174;4517;4691;4341;4568;4547;4506;98979;154546
110025;161;114;137;125;125;113;149;128;119;127;160;94;2573;4125
110026;45;31;28;47;28;22;27;35;18;19;25;20;603;948
110028;581;599;562;634;681;812;718;704;724;585;588;528;13118;20834
110029;22;22;14;19;29;38;32;24;27;24;24;32;711;1018
110030;1625;1680;1518;1562;1543;1432;1584;1549;1509;2625;1430;1310;27126;46493
110032;148;173;174;153;134;135;167;132;121;105;162;111;3197;4912
110033;78;62;74;59;61;68;73;47;65;57;67;41;1418;2170
110034;33;31;29;34;30;33;47;24;32;22;68;24;782;1189
110037;20;21;34;24;28;28;18;28;27;17;29;43;709;1026
110040;48;67;54;65;45;31;64;46;49;53;31;53;1080;1686
110045;184;147;183;165;166;155;153;158;150;170;178;139;3104;5052
110050;21;18;17;18;27;18;21;27;25;30;31;23;685;961
110060;11;19;9;5;10;7;12;13;15;17;14;15;294;441
110070;24;18;19;15;18;20;35;26;11;16;16;11;505;734
110080;118;116;134;128;100;95;126;148;120;100;118;103;2150;3556
110090;4;13;9;9;5;8;6;9;6;6;12;5;240;332
110092;91;87;81;130;101;93;88;87;70;86;124;179;2591;3808
110094;82;82;121;70;51;69;83;62;65;40;96;65;1359;2245
110100;10;14;16;17;11;15;11;20;22;17;13;18;441;625
110110;78;56;54;42;79;63;67;56;65;79;90;83;1230;2042
110120;43;52;50;31;61;39;22;48;43;53;63;31;884;1420
110130;30;33;55;38;20;31;34;27;24;23;30;26;942;1313
110140;50;31;41;26;28;32;14;27;25;26;25;18;789;1132
110143;11;11;5;10;10;13;15;7;9;11;15;26;409;552
110145;27;20;23;28;21;28;19;25;29;19;39;42;549;869
110146;20;29;33;28;41;31;34;38;24;21;22;26;482;829
110147;9;9;15;8;6;6;8;5;11;7;14;6;211;315
110148;17;18;14;25;17;14;24;38;11;20;19;11;340;568
110149;79;99;91;79;96;55;84;117;89;82;100;74;1459;2504
110150;40;30;43;26;31;37;29;62;26;47;20;25;808;1224
110155;16;13;9;11;9;8;13;9;9;9;9;6;259;380
110160;32;20;13;26;11;10;23;11;16;14;17;14;407;614
110170;37;59;128;31;40;32;35;41;32;43;50;42;1147;1717
110175;15;18;31;23;22;19;27;27;27;28;26;18;402;683
110180;13;22;18;10;14;14;19;14;20;22;13;36;367;582
120001;54;36;28;50;32;40;33;30;30;35;34;19;761;1182
120005;4;7;10;9;5;6;10;11;4;7;5;6;198;282
120010;128;115;178;120;119;113;104;109;118;156;100;104;2754;4218
120013;48;64;59;132;46;52;71;51;62;68;58;81;1572;2364
120017;12;23;11;18;10;13;17;12;11;8;10;8;327;480
120020;332;264;381;305;336;298;374;339;283;326;294;264;8854;12650
120025;88;105;87;93;91;90;110;110;106;79;92;103;2051;3205
120030;52;79;34;46;36;33;41;44;52;41;43;70;1420;1991
120032;0;0;1;2;1;0;0;0;0;0;0;0;50;54
120033;7;19;36;19;21;6;13;23;11;25;17;36;378;611
120034;5;7;11;5;6;4;5;6;7;17;18;6;273;370
120035;2;0;1;0;3;1;1;1;1;3;1;4;122;140
120038;141;69;91;90;115;76;88;81;52;127;89;153;2323;3495
120039;1;1;0;1;0;0;1;2;0;2;0;0;59;67
120040;2826;3069;3005;3023;3091;3567;3445;3151;3089;3373;3396;2826;74880;112741
120042;40;4;2;2;10;120;12;15;6;11;11;8;129;370
120043;0;2;3;2;1;2;2;2;0;0;0;0;26;40
120045;91;126;123;133;93;101;103;106;90;114;140;89;2894;4203
120050;120;115;104;100;117;82;132;138;115;120;292;144;2673;4252
120060;55;130;149;45;53;48;85;50;75;82;91;77;1354;2294
120070;62;50;47;25;30;34;46;52;25;41;33;52;940;1437
120080;34;39;20;29;25;34;50;21;15;46;38;31;734;1116
130002;2;1;2;2;2;3;0;3;4;0;1;4;64;88
130006;0;0;0;0;0;0;1;0;0;0;0;3;17;21
130008;1;0;0;0;0;0;0;0;1;0;0;0;21;23
130010;1;0;0;0;0;0;0;1;1;0;1;1;40;45
130014;24;20;32;12;11;34;21;24;35;27;24;29;448;741
130020;0;2;6;1;0;2;0;0;2;3;3;5;77;101
130030;18;12;14;14;9;18;38;43;34;39;53;43;961;1296
130040;14;14;9;10;11;10;5;8;5;13;14;4;190;307
130050;4;4;2;5;10;3;2;9;3;3;10;5;162;222
130060;13;8;23;15;24;6;7;6;6;5;12;8;319;452
130063;0;3;1;2;1;1;0;0;0;1;0;0;34;43
130068;2;4;6;3;4;1;3;5;1;4;2;2;100;137
130070;143;65;62;54;64;44;47;59;48;64;59;42;1534;2285
130080;6;6;6;2;20;5;7;7;4;7;7;11;284;372
130083;0;0;0;1;0;1;0;0;1;4;16;2;19;44
130090;4;1;3;3;2;2;2;3;5;1;2;3;101;132
130100;4;5;8;7;4;7;7;2;8;27;7;1;304;391
130110;10;13;14;14;12;10;4;13;15;15;15;13;280;428
130115;4;2;4;3;3;1;2;16;3;15;10;6;35;104
130120;49;41;69;88;55;56;94;44;57;52;33;77;1786;2501
130130;28;6;2;8;16;8;3;4;4;14;11;14;208;326
130140;9;15;13;6;3;6;14;12;3;5;2;3;259;350
130150;1;0;1;1;3;2;7;4;1;0;1;0;87;108
130160;2;1;1;0;1;2;4;1;0;8;10;0;85;115
130165;3;3;3;5;6;2;3;2;2;1;5;0;98;133
130170;97;119;135;104;102;103;108;101;139;107;191;126;2807;4239
130180;1;0;1;0;0;0;1;0;1;0;0;0;42;46
130185;162;189;123;196;161;159;189;169;162;192;134;184;4558;6578
130190;311;239;155;158;186;168;200;164;178;337;238;202;5470;8006
130195;0;0;1;0;3;1;0;0;0;0;0;0;27;32
130200;1;3;2;5;4;6;11;26;19;24;15;25;258;399
130210;6;4;3;4;0;1;0;2;1;0;0;0;51;72
130220;0;0;2;1;0;3;1;2;0;0;1;1;63;74
130230;4;7;5;3;8;3;7;4;3;0;3;4;95;146
130240;37;25;26;36;25;32;39;41;24;38;29;30;926;1308
130250;137;136;176;214;178;189;185;140;166;293;178;217;4365;6574
130255;4;4;5;2;3;2;2;6;5;9;7;2;117;168
130260;21565;20313;22698;20991;21588;22081;22136;22222;23223;24341;21515;22653;497564;762890
130270;52;38;67;89;78;60;46;48;51;71;42;85;1037;1764
130280;1;1;3;2;1;6;2;1;8;17;1;2;57;102
130290;31;32;60;50;35;37;25;38;41;39;36;50;928;1402
130300;4;4;2;2;6;5;3;1;4;3;5;3;149;191
130310;11;22;6;15;4;13;12;14;10;7;4;15;401;534
130320;13;7;19;19;11;6;14;16;14;11;12;11;451;604
130330;11;3;6;6;6;4;9;16;12;4;5;4;303;389
130340;120;142;101;114;132;162;475;108;117;122;102;128;3721;5544
130350;2;1;0;1;0;2;3;0;2;1;1;2;31;46
130353;229;318;90;76;72;72;89;102;117;107;111;317;3946;5646
130356;62;50;44;60;65;74;82;52;70;80;57;62;1383;2141
130360;1;1;0;0;0;1;1;0;1;7;12;0;32;56
130370;3;7;5;6;7;8;4;10;2;0;2;2;306;362
130380;27;19;23;13;16;14;9;16;22;25;25;18;553;780
130390;8;2;10;4;4;10;8;2;5;3;8;8;160;232
130395;4;4;9;3;7;3;25;3;3;3;1;2;95;162
130400;34;27;26;28;33;21;24;66;40;77;87;171;562;1196
130406;93;81;67;58;73;43;75;61;75;62;54;67;1738;2547
130410;4;0;0;0;0;0;1;0;1;3;1;0;50;60
130420;97;70;81;75;78;56;73;84;80;76;85;88;2290;3233
130423;0;0;1;0;1;1;2;1;1;2;0;0;39;48
130426;2;0;2;0;4;1;2;0;1;3;3;3;63;84
130430;9;1;0;1;0;1;4;3;2;1;0;2;77;101
130440;3;1;5;3;3;4;6;8;4;3;2;1;95;138
140002;10;20;12;26;25;20;17;15;17;35;12;29;401;639
140005;23;18;28;21;24;18;14;24;20;39;25;29;442;725
140010;3500;3535;3832;3717;3854;3168;3640;4295;3401;3974;3507;3408;70131;113962
140015;32;30;54;37;33;23;38;33;63;43;39;53;732;1210
140017;36;64;46;79;37;27;46;52;55;69;68;45;848;1472
140020;28;10;24;37;16;12;24;23;23;30;27;32;602;888
140023;6;8;5;27;10;9;4;13;9;32;8;16;189;336
140028;4;24;7;12;11;10;14;10;7;13;16;9;199;336
140030;30;34;19;24;32;29;23;38;20;23;26;41;695;1034
140040;3;1;2;0;20;1;3;0;8;3;6;3;81;131
140045;20;27;18;21;22;20;19;25;26;24;27;21;419;689
140047;71;84;81;92;84;83;80;67;73;114;97;112;1823;2861
140050;45;60;73;58;52;55;70;38;35;33;49;50;848;1466
140060;2;15;9;21;31;4;10;7;12;18;19;22;244;414
140070;1;0;1;3;0;1;1;2;0;6;0;2;38;55
150010;454;223;256;234;261;273;283;293;285;233;257;302;8409;11763
150013;11;14;23;10;14;8;16;11;11;14;11;6;467;616
150020;189;80;112;94;89;143;103;77;66;83;70;81;2619;3806
150030;21;25;14;15;37;35;53;23;17;26;12;13;430;721
150034;149;174;146;219;210;190;211;145;150;136;156;178;3069;5133
150040;28;44;45;42;47;28;81;25;30;39;28;41;1042;1520
150050;46;48;64;24;31;26;35;43;82;41;73;37;1778;2328
150060;797;634;717;683;712;767;697;699;816;765;716;621;15316;23940
150070;5;4;3;12;4;4;6;3;1;6;4;17;186;255
150080;2808;2741;3086;2929;2905;3273;3165;2864;3033;3180;2582;2356;71431;106353
150085;56;53;90;72;135;91;81;87;108;288;124;117;1399;2701
150090;16;17;10;16;23;4;8;6;15;6;7;22;316;466
150095;9;10;15;14;10;54;13;15;8;14;8;13;427;610
150100;20;3;13;0;1;1;7;11;6;8;30;7;89;196
150110;0;23;5;3;7;1;1;2;5;5;2;2;83;139
150120;6;7;11;9;13;12;8;15;6;8;6;7;282;390
150125;39;37;28;27;28;28;30;27;30;16;19;21;490;820
150130;1332;1326;1631;2768;1931;1544;1788;1377;1540;1503;1750;1914;32538;52942
150140;10429;10243;10909;10484;11211;10830;11147;11080;10853;11809;10091;10602;299813;429501
150145;24;23;20;20;27;41;41;33;30;36;30;34;911;1270
150150;608;598;584;642;505;555;544;649;426;551;493;656;13560;20371
150157;33;38;47;32;39;31;49;49;32;39;41;36;866;1332
150160;204;196;27;93;61;19;19;17;23;17;17;11;1169;1873
150170;254;180;232;305;538;221;174;209;218;298;257;343;6915;10144
150172;43;37;45;42;42;36;60;35;27;41;61;42;753;1264
150175;17;11;11;12;12;11;14;8;8;7;13;13;321;458
150178;75;73;81;86;99;86;87;114;65;78;81;94;2205;3224
150180;74;78;86;77;75;76;80;116;59;110;69;74;2793;3767
150190;8;25;17;12;9;10;14;17;6;25;15;12;350;520
150195;4;5;1;0;2;3;2;1;1;4;6;1;119;149
150200;6;19;7;10;3;7;8;7;6;6;5;17;271;372
150210;80;49;74;55;55;64;48;44;65;92;156;130;2009;2921
150215;1810;1670;1842;2038;1910;2122;2129;2299;1937;1780;2010;1744;30322;53613
150220;272;245;348;197;265;224;259;293;231;308;247;359;8800;12048
150230;116;145;85;114;92;84;92;90;110;136;113;109;3112;4398
150240;1528;1287;1762;1418;1314;1385;1589;1613;1320;1508;1536;1815;37390;55465
150250;3;8;8;6;4;6;13;5;7;4;6;7;344;421
150260;3;1;2;7;5;11;2;2;7;2;1;0;105;148
150270;727;231;247;179;190;236;149;129;116;124;109;133;3334;5904
150275;191;46;49;108;82;333;93;62;43;48;40;54;2495;3644
150276;127;118;119;140;163;128;136;109;227;136;113;123;1738;3377
150277;75;79;67;87;86;112;81;69;73;84;89;138;2491;3531
150280;1;0;1;4;0;0;0;2;0;0;0;0;59;67
150285;3;1;5;1;0;3;1;2;3;0;2;0;54;75
150290;37;50;26;38;32;15;28;40;26;33;15;30;738;1108
150293;188;191;238;190;255;214;204;195;248;306;161;182;4278;6850
150295;50;56;83;62;81;63;58;74;76;62;63;95;1244;2067
150300;0;2;2;3;1;0;1;4;0;1;0;2;91;107
150304;55;43;83;27;47;36;34;48;36;32;33;30;821;1325
150307;20;28;29;41;36;11;32;23;24;43;33;47;1038;1405
150309;91;113;112;104;76;100;89;87;49;56;74;85;1594;2630
150310;2;2;3;7;6;3;4;5;1;2;0;3;114;152
150320;56;56;111;63;55;53;60;48;57;64;49;57;1977;2706
150330;60;100;38;30;35;35;67;24;44;54;95;221;1228;2031
150340;20;14;18;17;15;14;10;27;12;28;23;29;577;804
150345;58;64;65;53;89;72;80;58;67;66;61;70;1700;2503
150350;31;22;10;16;23;19;15;17;23;25;24;19;603;847
150360;665;942;979;741;895;795;962;858;691;635;683;606;15199;24651
150370;63;46;68;78;104;66;52;69;49;51;60;55;1551;2312
150375;28;28;22;28;26;29;39;20;57;33;23;21;489;843
150380;68;66;103;92;74;76;83;105;78;103;92;86;2365;3391
150390;204;111;184;96;118;158;254;187;127;135;205;154;3696;5629
150400;72;27;3;7;1;6;6;0;1;0;2;1;44;170
150405;47;49;39;44;62;63;59;53;47;49;41;43;1841;2437
150410;0;1;1;0;0;2;3;2;1;1;0;0;54;65
150420;2820;2507;2929;2431;2544;2342;2573;2690;2296;2537;2380;2530;55087;85666
150430;10;14;12;20;13;11;127;15;11;12;18;8;524;795
150440;14;15;8;8;14;18;8;7;6;11;9;13;332;463
150442;516;482;569;486;733;532;673;417;495;488;412;392;14199;20394
150445;73;31;37;34;39;42;46;47;32;42;35;67;785;1310
150450;4;4;1;2;5;5;6;5;3;8;5;6;133;187
150460;147;20;26;10;12;10;22;7;10;47;42;149;397;899
150470;349;272;314;289;274;471;323;283;257;350;312;281;6823;10598
150475;16;37;14;26;21;20;24;27;23;40;25;48;549;870
150480;36;17;37;27;31;29;31;44;41;41;46;45;1244;1669
150490;2;3;2;8;10;2;5;3;3;3;3;4;212;260
150495;11;8;10;3;10;14;7;3;7;5;5;6;295;384
150497;13;23;24;14;25;25;17;24;22;18;16;19;521;761
150500;14;3;4;13;16;10;5;7;11;12;24;24;462;605
150503;218;210;250;268;225;253;256;307;414;282;262;291;4782;8018
150506;111;101;165;122;126;111;111;108;110;111;92;122;2416;3806
150510;65;58;46;34;32;49;69;52;47;126;55;46;1740;2419
150520;1;2;2;6;3;1;1;1;1;2;0;3;97;120
150530;306;232;478;230;321;201;342;639;255;259;254;400;7519;11436
150540;9;6;9;2;35;10;6;16;9;10;5;5;345;467
150543;207;211;209;282;218;192;255;280;183;253;204;221;5115;7830
150548;67;97;85;64;49;49;59;55;60;74;49;57;1499;2264
150549;14;16;5;3;7;7;14;15;16;4;8;11;232;352
150550;1244;1029;1081;1039;1351;1288;1114;1116;1097;1129;1193;1170;23071;36922
150553;4188;3680;5130;5484;3884;3763;3430;3846;4039;3697;3438;4030;68700;117309
150555;30;22;28;29;37;24;50;31;20;28;46;38;429;812
150560;4;19;7;18;18;17;7;58;15;1;10;7;376;557
150563;35;32;29;39;31;38;34;39;35;30;25;24;878;1269
150565;26;19;15;17;11;19;11;7;21;5;7;10;307;475
150570;6;1;5;7;3;4;9;4;3;12;3;5;225;287
150580;48;48;74;73;49;34;51;51;37;86;82;99;1238;1970
150590;20;5;9;14;16;18;18;10;10;9;7;13;260;409
150600;36;3;10;10;4;4;19;28;16;50;30;51;290;551
150610;30;12;4;12;10;15;5;9;7;11;27;24;359;525
150611;3;1;6;2;0;2;0;1;0;2;4;2;50;73
150613;755;670;704;795;989;775;700;680;743;764;692;827;15841;24935
150616;146;150;130;163;177;114;178;151;120;127;153;121;3027;4757
150618;136;141;115;192;144;124;214;130;129;120;91;103;3417;5056
150619;33;32;35;45;54;42;31;47;45;49;56;66;1110;1645
150620;230;155;252;174;172;172;147;283;211;171;159;249;5237;7612
150630;4;15;9;9;11;18;18;5;17;12;9;7;480;614
150635;23;64;31;41;64;39;50;43;45;71;46;36;1336;1889
150640;1;2;0;0;1;2;0;3;0;2;7;6;47;71
150650;254;303;266;451;342;310;455;366;346;308;351;296;10654;14702
150655;3;6;10;11;11;9;5;7;6;2;8;5;295;378
150658;148;131;147;145;144;172;162;169;133;151;185;177;2479;4343
150660;60;38;44;52;67;62;49;52;46;68;49;71;1691;2349
150670;276;324;343;361;352;299;339;303;315;348;312;274;4945;8791
150680;1597;1449;1518;1666;1477;1511;1720;1654;1467;1670;1448;1509;41395;60081
150690;0;0;0;1;2;1;2;1;1;1;1;1;41;52
150700;70;57;82;63;52;57;48;67;38;58;59;57;2007;2715
150710;35;13;35;15;20;14;28;22;24;13;23;12;390;644
150715;48;37;24;39;46;38;41;31;39;37;50;38;1171;1639
150720;14;18;14;18;23;21;14;11;11;15;16;14;488;677
150730;330;323;309;284;294;346;328;349;362;332;340;322;5475;9394
150740;19;15;19;20;22;8;20;16;12;18;15;36;590;810
150745;105;87;123;114;146;106;93;112;105;79;64;89;2544;3767
150746;1;2;3;0;0;2;0;2;2;3;0;1;54;70
150747;7;2;6;7;6;3;4;10;12;7;6;6;304;380
150750;21;20;27;16;18;34;20;20;22;24;18;22;505;767
150760;175;187;197;168;149;192;259;160;135;186;126;196;4779;6909
150770;0;5;1;2;1;3;1;0;0;1;1;1;40;56
150775;53;36;44;42;40;41;62;52;47;38;45;60;787;1347
150780;4;11;4;4;6;8;9;6;2;4;2;6;178;244
150790;13;16;17;18;22;11;19;25;17;9;21;15;757;960
150795;536;559;695;524;707;579;391;347;383;461;361;355;11752;17650
150796;3;4;9;9;4;13;10;13;10;14;7;10;212;318
150797;42;30;29;12;22;32;18;25;32;64;47;59;535;947
150800;572;489;487;604;764;640;502;478;430;351;376;314;8749;14756
150803;8;8;4;3;4;2;5;5;7;5;9;7;334;401
150805;27;22;19;22;36;27;38;20;20;20;35;27;562;875
150808;415;306;398;504;453;382;317;698;652;423;370;238;5023;10179
150810;237;216;281;224;274;276;303;285;258;283;223;266;7203;10329
150812;187;177;227;133;180;221;210;214;185;203;149;303;4368;6757
150815;75;79;89;91;98;98;87;101;89;147;85;101;2129;3269
150820;78;55;40;24;49;31;39;51;79;54;56;55;1265;1876
150830;16;10;12;5;5;10;8;6;1;7;7;11;447;545
150835;53;52;28;53;71;28;45;51;60;38;55;59;1284;1877
150840;573;465;446;395;477;465;426;464;439;427;407;451;9863;15298
160005;1;1;1;1;2;5;5;2;1;3;0;6;92;120
160010;8;4;9;8;5;11;6;13;11;6;5;8;199;293
160015;12;17;9;11;13;12;17;17;14;18;22;23;470;655
160020;6;8;12;7;14;8;5;11;13;14;29;11;274;412
160021;0;4;4;2;5;2;5;5;2;5;6;6;109;155
160023;22;7;10;16;7;10;5;9;5;4;13;6;223;337
160025;1;5;6;4;0;1;3;2;0;1;1;1;32;57
160027;51;26;61;37;49;27;36;88;43;49;54;32;1210;1763
160030;3061;3547;3250;2636;3079;2793;3435;3705;3294;3180;3040;3151;77552;115723
160040;33;53;78;55;32;51;36;63;52;59;37;86;952;1587
160050;66;65;75;77;83;70;69;67;81;79;68;85;1323;2208
160053;41;34;34;51;50;47;29;38;41;45;50;41;1241;1742
160055;1;1;0;3;0;0;0;0;0;1;8;1;14;29
160060;420;396;408;261;367;440;397;415;446;380;316;365;9780;14391
160070;10;6;13;7;3;5;7;8;1;2;5;5;219;291
160080;7;3;4;3;1;4;5;3;6;16;6;5;161;224
170025;6;17;11;10;14;13;21;15;10;20;15;12;181;345
170030;44;25;45;63;69;63;77;74;64;61;57;45;1350;2037
170035;19;13;21;18;29;30;31;21;24;13;20;15;504;758
170040;52;65;60;72;79;270;105;126;49;51;49;26;1141;2145
170070;76;151;98;86;95;67;83;93;73;83;72;75;1727;2779
170100;27;35;27;14;23;18;29;20;23;11;15;30;524;796
170105;5;3;4;3;3;4;1;7;3;4;1;1;103;142
170110;16;21;11;13;38;20;11;22;20;18;15;14;397;616
170130;7;12;18;11;5;7;6;3;13;15;15;15;232;359
170190;15;14;18;12;15;18;15;39;7;16;16;13;471;669
170200;46;46;70;51;51;56;44;35;57;60;94;54;1115;1779
170210;2012;1815;2168;1889;2306;2013;2050;1915;1806;1822;1705;1834;40339;63674
170215;7;10;14;7;14;10;9;11;8;9;12;9;317;437
170220;82;82;160;78;70;79;92;89;54;80;148;131;2966;4111
170230;20;22;16;16;15;12;15;13;10;18;23;17;520;717
170240;18;26;16;13;26;17;22;25;24;26;32;24;664;933
170255;57;46;63;54;60;42;65;53;56;57;64;56;1672;2345
170270;2;0;2;1;3;2;2;2;0;4;0;0;75;93
170290;1;7;13;10;36;7;48;8;6;5;11;6;303;461
170300;32;22;19;401;44;20;23;17;22;24;12;38;565;1239
170305;22;26;25;35;40;17;19;50;23;21;22;16;694;1010
170307;6;15;4;0;6;6;0;1;2;8;8;5;98;159
170310;10;14;12;20;6;17;33;17;5;8;12;9;260;423
170320;7;14;15;10;12;6;13;12;6;9;8;10;287;409
170330;10;10;20;11;14;10;7;6;4;4;8;4;179;287
170360;1;4;5;2;2;3;1;2;3;5;11;4;119;162
170370;18;36;31;28;10;11;18;14;36;8;33;14;376;633
170380;3;6;5;5;6;3;7;9;4;5;3;11;231;298
170382;4;7;21;2;1;3;1;2;3;1;0;19;39;103
170384;68;101;57;83;57;72;85;59;59;66;62;95;1127;1991
170386;73;68;55;66;113;103;69;108;49;110;109;49;1188;2160
170388;5;9;11;15;3;7;19;2;11;9;6;5;168;270
170389;1;2;1;1;0;0;1;0;1;0;1;2;31;41
170390;39;20;57;65;28;30;39;45;36;40;170;58;923;1550
170410;1;1;2;1;4;1;4;1;2;3;0;2;54;76
170460;5;2;2;1;4;5;3;5;4;0;2;2;77;112
170510;7;27;65;59;14;5;8;4;7;1;6;3;184;390
170550;269;289;228;197;244;224;284;204;243;185;304;184;4151;7006
170555;9;1;3;5;7;0;5;2;2;2;6;4;192;238
170560;5;16;8;11;6;2;14;3;9;12;2;7;158;253
170600;14;11;26;24;23;24;46;14;33;26;25;44;432;742
170610;31;18;18;19;28;8;22;17;14;19;19;16;430;659
170625;3;4;4;1;7;5;1;4;1;6;4;3;93;136
170650;36;26;26;39;53;36;40;53;30;22;31;31;717;1140
170700;104;121;102;115;118;110;154;115;126;170;187;136;2333;3891
170710;67;41;52;77;85;99;66;82;106;61;58;37;804;1635
170720;27;23;22;29;13;40;27;25;13;14;13;18;495;759
170730;95;106;91;218;91;54;36;34;49;37;46;32;660;1549
170740;0;3;3;3;2;4;2;2;6;1;3;3;78;110
170755;22;35;36;35;19;17;24;20;8;18;24;20;351;629
170765;21;11;14;16;41;13;19;21;22;22;19;20;492;731
170770;5;18;7;11;4;7;11;4;11;7;4;11;265;365
170820;121;88;96;94;155;112;121;92;149;122;112;106;2312;3680
170825;14;12;10;29;26;15;13;21;14;9;16;14;430;623
170830;12;8;12;12;10;7;14;4;7;4;4;8;239;341
170900;16;15;18;15;25;19;13;21;20;34;39;35;515;785
170930;119;135;125;158;164;132;158;106;112;105;117;125;3001;4557
170950;859;823;894;938;1031;880;878;842;897;852;733;772;16538;26937
170980;3;4;0;2;10;4;5;2;6;4;3;5;99;147
171050;13;12;15;10;17;2;6;6;8;11;9;11;243;363
171070;4;6;3;2;5;9;19;6;5;17;9;21;200;306
171090;8;5;6;6;7;6;8;4;6;6;5;3;162;232
171110;11;11;12;6;6;13;11;8;18;9;12;11;273;401
171150;2;7;5;8;8;5;5;3;6;6;5;14;201;275
171180;3;3;7;2;3;1;2;5;5;1;2;2;73;109
171190;139;125;131;150;319;176;152;161;139;226;169;113;2453;4453
171195;6;6;8;2;6;2;1;8;6;5;0;6;121;177
171200;10;17;17;6;32;9;25;9;17;13;42;7;250;454
171215;0;0;1;0;1;1;1;0;0;2;0;2;36;44
171240;3;7;10;6;9;4;13;4;7;5;14;3;109;194
171245;6;16;8;3;6;6;7;19;10;9;5;17;97;209
171250;29;30;36;51;25;26;33;37;44;35;34;38;647;1065
171270;22;17;29;31;33;28;24;20;32;25;23;34;412;730
171280;3;3;6;1;1;3;1;3;3;0;3;3;101;131
171320;96;73;82;93;98;87;83;109;92;69;89;88;1765;2824
171330;87;87;101;62;98;102;97;104;101;84;86;85;1472;2566
171360;22;21;16;24;27;33;23;24;16;18;27;22;560;833
171370;4;5;3;3;4;5;4;6;7;8;2;6;127;184
171380;4;8;5;8;14;28;18;17;10;31;12;9;159;323
171395;8;11;12;16;7;7;7;9;17;12;10;16;270;402
171420;38;46;39;28;29;42;39;33;29;36;23;41;1009;1432
171430;4;10;5;3;0;3;2;1;4;2;5;7;84;130
171488;32;34;35;42;38;40;47;35;33;42;29;35;1260;1702
171500;6;14;24;16;9;9;13;16;11;15;12;7;258;410
171510;17;31;29;26;24;33;39;22;26;23;16;32;458;776
171515;1;1;1;2;2;2;2;1;0;1;1;1;42;57
171525;3;4;4;0;3;7;3;1;3;2;2;6;107;145
171550;1;5;1;6;2;6;9;3;1;2;3;2;40;81
171570;22;16;19;19;26;17;26;12;16;20;26;22;434;675
171575;26;33;32;29;25;29;28;30;20;34;19;27;858;1190
171610;503;506;511;513;540;460;527;504;459;479;453;475;9836;15766
171620;24;54;25;19;24;13;23;25;25;41;49;49;558;929
171630;13;7;9;15;16;12;14;13;10;12;11;3;257;392
171650;79;82;112;81;82;70;104;68;62;76;80;140;2332;3368
171660;42;36;39;39;46;48;37;33;27;41;42;32;977;1439
171665;1;5;8;8;3;6;7;7;5;6;7;4;191;258
171670;22;24;18;23;22;23;35;23;16;25;18;30;624;903
171700;5;1;2;1;1;5;0;5;2;14;9;18;168;231
171720;17;19;20;10;20;8;10;11;13;18;23;15;385;569
171750;38;67;63;79;76;55;58;58;49;64;43;59;955;1664
171780;3;5;4;0;3;3;7;2;5;20;17;10;196;275
171790;13;7;13;9;19;3;12;9;11;19;10;6;319;450
171800;0;1;1;3;9;1;4;3;9;2;1;3;99;136
171820;489;506;497;531;552;462;512;534;590;496;429;506;10776;16880
171830;4;3;1;1;1;0;2;1;0;1;0;1;50;65
171840;3;8;6;7;10;12;18;8;10;6;17;17;186;308
171845;6;6;10;5;9;7;10;8;11;14;15;7;214;322
171850;3;9;5;5;5;3;7;31;5;8;4;22;154;261
171855;12;6;4;1;3;2;5;2;1;8;4;7;132;187
171865;31;7;3;6;8;4;6;13;15;16;18;27;194;348
171870;4;4;5;5;15;5;5;4;9;4;8;11;144;223
171875;17;13;12;12;24;23;14;16;13;15;8;7;215;389
171880;0;0;2;0;0;4;0;0;3;0;0;1;33;43
171884;54;11;13;15;18;11;14;24;21;15;11;15;375;597
171886;37;22;17;22;30;26;31;20;28;24;32;29;581;899
171888;7;5;6;4;6;2;2;12;1;4;5;3;142;199
171889;13;18;25;18;23;11;16;15;19;20;16;14;362;570
171890;19;26;28;19;40;20;28;23;13;20;11;20;414;681
171900;1;2;2;4;0;6;3;4;4;1;0;3;63;93
172000;6;1;3;4;2;2;0;1;1;2;1;2;37;62
172010;4;8;6;7;5;6;5;5;4;11;8;10;270;349
172015;4;2;9;3;5;4;4;4;5;14;12;9;143;218
172020;7;8;10;1;6;4;2;4;5;12;2;3;216;280
172025;6;6;6;5;1;3;6;1;5;2;4;0;122;167
172030;4;3;5;1;1;1;3;3;4;1;6;1;113;146
172049;14;8;2;6;5;10;12;6;9;10;8;6;283;379
172065;17;31;17;24;18;15;13;14;13;29;16;29;595;831
172080;12;9;7;4;8;13;10;8;9;10;8;11;284;393
172085;8;6;2;8;8;2;4;10;3;5;6;5;203;270
172090;34;18;39;29;34;32;31;16;35;55;18;30;938;1309
172093;3;0;4;5;1;0;2;0;2;0;4;3;57;81
172097;27;27;22;36;15;13;34;18;14;25;28;25;341;625
172100;4271;4227;4472;4159;4449;4387;4819;4408;4609;4717;3926;4163;79393;132000
172110;5;7;6;6;4;4;8;4;10;3;28;14;182;281
172120;59;85;66;59;55;72;91;102;80;75;71;83;2059;2957
172125;6;2;2;7;5;3;4;4;5;1;5;4;95;143
172130;4;4;3;1;3;0;2;2;2;5;3;4;69;102
172208;29;20;33;23;36;27;27;23;37;21;25;20;561;882
172210;79;81;87;61;51;75;106;111;49;48;35;52;1224;2059
210005;806;1336;780;783;754;697;718;716;676;728;869;683;18313;27859
210010;3;12;6;7;2;6;13;8;12;16;24;50;284;443
210015;3;1;4;1;3;5;0;8;3;7;3;6;64;108
210020;8;6;8;9;4;2;2;14;9;3;0;0;83;148
210030;558;12;15;8;13;13;19;28;27;642;83;272;880;2570
210040;7;5;2;4;4;2;2;2;3;3;2;4;160;200
210043;29;18;34;28;37;32;35;47;22;19;24;21;824;1170
210047;6;3;1;8;12;5;9;10;12;13;16;67;342;504
210050;60;43;61;78;66;55;72;48;39;45;58;47;1100;1772
210055;19;8;6;4;5;4;5;6;1;4;3;1;120;186
210060;22;140;24;13;8;9;20;19;42;13;11;20;631;972
210070;2;5;3;2;3;5;4;6;5;12;10;9;192;258
210080;26;29;32;42;65;53;52;33;67;33;51;38;441;962
210083;0;2;0;2;1;0;0;3;0;0;0;2;101;111
210087;0;2;0;2;3;0;0;1;0;0;0;0;29;37
210090;9;3;6;17;7;9;13;10;4;8;9;12;342;449
210095;4;8;3;5;7;5;9;6;13;12;12;5;228;317
210100;31;30;18;20;12;15;24;20;13;12;30;18;702;945
210110;8;11;3;1;3;3;8;1;2;4;5;1;140;190
210120;301;368;336;324;303;282;311;325;375;292;247;237;9704;13405
210125;38;25;22;29;29;18;16;15;15;26;31;24;990;1278
210130;0;2;3;1;1;5;2;0;0;1;0;2;64;81
210135;0;0;0;0;0;0;0;0;0;0;0;0;13;13
210140;1305;1453;1371;1355;1365;1179;1319;1335;1183;1182;1176;1434;25017;40674
210150;49;81;41;47;52;33;45;42;37;28;39;33;1479;2006
210160;166;163;144;158;272;138;141;180;128;135;150;146;4022;5943
210170;112;109;120;91;137;114;133;150;108;125;112;92;3465;4868
210173;0;0;1;0;1;0;0;2;2;0;1;0;61;68
210177;8;12;10;6;13;11;6;13;10;9;5;24;366;493
210180;3;6;7;4;12;4;8;11;11;4;10;11;152;243
210190;6;4;5;1;5;6;8;5;3;1;13;7;154;218
210193;11;3;7;6;6;7;3;10;7;4;3;16;112;195
210197;1;3;9;5;1;3;4;1;3;1;1;3;73;108
210200;22;21;23;48;22;9;27;9;21;11;20;10;548;791
210203;24;33;27;30;41;26;24;69;57;50;71;95;938;1485
210207;1;1;1;2;2;2;2;0;1;1;1;2;80;96
210210;37;18;25;26;16;33;21;23;26;28;12;16;760;1041
210215;0;1;0;4;1;3;0;0;0;1;0;0;22;32
210220;17;14;11;7;12;8;29;15;6;12;6;17;384;538
210230;13;25;29;20;17;16;28;20;6;17;57;25;367;640
210232;97;78;71;72;89;110;88;73;62;72;63;78;1935;2888
210235;0;2;4;5;6;4;1;2;1;3;1;4;117;150
210237;7;1;0;0;1;1;0;1;0;3;4;4;37;59
210240;0;0;1;0;0;0;1;0;0;0;1;0;21;24
210250;2;0;0;0;0;2;1;1;0;0;0;5;44;55
210255;27;16;17;22;29;47;37;24;37;35;250;229;1166;1936
210260;11;12;17;16;10;13;20;8;16;14;10;4;208;359
210270;2;2;4;0;7;4;5;5;6;2;11;2;140;190
210275;2;12;9;5;9;5;7;4;6;3;6;10;253;331
210280;147;74;83;73;107;59;63;88;66;59;70;72;2441;3402
210290;23;25;12;11;19;5;15;10;10;9;8;12;447;606
210300;257;400;380;263;380;252;285;266;245;220;215;264;10032;13459
210310;7;4;1;2;2;8;3;3;1;3;3;1;50;88
210312;0;0;1;0;0;0;0;0;0;0;0;0;6;7
210315;4;0;0;1;0;0;2;1;1;0;0;2;48;59
210317;8;10;2;5;1;6;0;3;1;2;1;4;168;211
210320;163;185;109;103;111;101;121;111;106;94;109;112;3493;4918
210325;61;56;23;40;15;20;27;31;28;20;17;23;523;884
210330;296;236;216;240;279;208;306;241;175;236;147;262;7406;10248
210340;38;49;59;31;30;36;17;30;42;28;21;27;1417;1825
210350;120;93;116;106;87;90;120;95;99;95;240;107;3410;4778
210355;0;0;0;2;1;1;0;0;1;1;0;3;70;79
210360;53;66;53;68;80;47;54;40;33;34;75;59;1737;2399
210370;4;14;15;20;9;7;8;10;13;13;10;9;631;763
210375;41;60;98;60;65;55;47;44;42;37;39;73;2058;2719
210380;34;25;26;18;24;22;25;23;26;15;14;23;814;1089
210390;0;0;1;2;1;0;0;0;2;2;3;1;101;113
210400;9;5;3;7;9;5;8;6;12;8;8;6;224;310
210405;115;103;104;81;72;101;90;112;92;123;71;96;2546;3706
210407;1;5;2;0;3;3;0;3;2;3;0;2;98;122
210408;3;8;4;2;5;8;3;4;3;6;2;4;90;142
210409;10;5;23;13;14;7;8;9;15;8;6;8;273;399
210410;32;40;27;30;34;23;34;25;26;38;28;32;669;1038
210420;5;2;4;6;0;8;1;3;3;3;7;5;127;174
210430;23;24;45;29;41;87;20;22;25;13;18;13;1014;1374
210440;8;7;10;14;4;9;8;7;10;13;34;13;308;445
210450;5;3;9;2;0;9;3;1;6;0;5;6;126;175
210455;130;82;105;79;110;130;106;116;117;123;157;103;2325;3683
210460;34;13;4;11;12;9;5;8;15;15;6;4;178;314
210462;4;4;1;1;3;2;1;5;2;6;5;5;79;118
210465;1;1;4;5;4;8;5;2;1;2;2;2;69;106
210467;12;15;26;25;17;22;25;19;11;22;11;18;408;631
210470;1;1;1;2;1;1;0;0;0;2;1;1;27;38
210480;348;357;250;237;248;276;264;300;235;243;265;281;5834;9138
210490;2;1;0;0;0;0;0;0;2;0;0;1;78;84
210500;7;9;6;2;3;6;6;5;3;7;3;6;185;248
210510;6;3;2;3;2;1;7;0;5;3;3;1;132;168
210515;49;18;16;12;6;22;10;27;25;26;29;18;897;1155
210520;3;4;3;2;6;7;2;4;4;4;3;3;199;244
210530;3141;2638;2633;2568;2513;2391;2547;2429;2553;2749;2357;2283;59588;90390
210535;0;2;3;6;2;3;4;1;3;2;2;1;76;105
210540;119;106;147;94;90;137;116;82;199;104;70;80;3330;4674
210542;114;99;89;111;102;81;89;102;81;97;93;86;2180;3324
210545;0;1;0;3;0;2;0;1;1;0;10;1;23;42
210547;9;3;4;2;148;6;5;2;0;1;1;0;39;220
210550;16;39;35;42;49;16;38;29;21;23;31;26;881;1246
210560;2;3;1;1;0;2;2;18;6;1;1;3;110;150
210565;0;1;0;0;3;1;0;0;0;0;1;0;20;26
210570;65;62;113;73;67;51;68;51;73;51;74;67;1794;2609
210580;3;0;4;2;4;3;3;8;7;4;8;8;150;204
210590;2;1;6;3;0;2;3;0;4;3;2;3;113;142
210592;0;3;6;12;2;4;4;22;5;4;2;7;148;219
210594;2;6;4;13;8;6;4;1;3;3;3;7;160;220
210596;2;4;2;2;0;2;1;0;1;2;3;3;65;87
210598;5;1;2;6;9;2;6;2;7;6;3;13;181;243
210600;4;4;17;16;10;4;26;21;5;9;8;16;214;354
210610;41;55;39;36;43;45;30;43;38;33;32;63;1198;1696
210620;1;0;1;2;1;1;0;1;0;1;0;1;26;35
210630;4;7;23;5;12;28;7;8;18;5;22;27;307;473
210632;16;19;13;10;14;19;6;12;11;9;4;6;283;422
210635;0;1;0;1;0;0;0;2;0;0;1;0;14;19
210637;1;1;2;0;1;0;1;2;0;0;1;0;48;57
210640;6;9;5;4;11;4;5;3;5;4;2;10;220;288
210650;5;7;2;11;8;6;8;7;10;7;7;4;339;421
210660;8;9;6;9;4;12;9;7;29;16;41;18;354;522
210663;14;288;6;1;3;0;6;3;0;5;3;0;42;371
210667;0;0;1;0;2;1;0;1;1;0;1;0;19;26
210670;9;17;31;29;36;26;14;17;19;31;34;28;692;983
210675;21;25;20;31;54;16;36;94;34;55;77;140;902;1505
210680;3;1;7;3;3;3;4;11;5;8;3;4;187;242
210690;10;5;6;5;7;5;1;17;6;7;8;2;199;278
210700;2;1;0;5;3;4;6;1;1;2;1;3;121;150
210710;6;4;4;6;3;7;12;5;3;10;10;15;275;360
210720;10;13;8;8;12;7;3;8;4;7;27;5;411;523
210725;2;0;2;1;2;3;2;2;0;2;4;11;88;119
210730;10;3;3;4;9;0;2;7;7;4;3;15;114;181
210735;1;4;1;5;3;5;3;2;3;4;2;1;127;161
210740;7;11;5;8;7;8;17;3;8;4;6;5;282;371
210745;0;1;2;0;1;1;1;1;0;1;1;2;66;77
210750;520;338;676;493;262;330;298;310;551;437;255;303;8423;13196
210760;1;4;4;3;7;3;1;6;2;2;3;3;116;155
210770;10;11;7;12;10;7;5;7;8;10;2;9;281;379
210780;38;34;28;31;40;25;28;20;15;25;14;30;913;1241
210790;14;20;12;28;24;18;33;15;15;15;22;33;517;766
210800;91;68;26;36;45;44;50;92;36;37;18;29;885;1457
210805;1;2;4;6;4;6;1;3;2;2;2;7;177;217
210810;8;14;5;3;15;14;8;3;7;7;6;9;295;394
210820;120;110;125;115;123;104;105;137;127;103;99;116;4035;5419
210825;3;2;1;1;0;1;2;4;1;2;0;1;62;80
210830;4;3;7;4;4;5;6;6;2;6;1;2;280;330
210840;3;0;3;0;5;1;6;3;8;6;1;8;133;177
210845;20;20;20;23;26;28;24;9;13;10;45;10;529;777
210850;17;26;30;22;21;25;25;62;18;31;21;40;1001;1339
210860;130;136;147;132;146;112;109;109;90;172;98;123;4471;5975
210870;4;9;5;5;10;6;7;9;8;9;3;9;196;280
210880;0;3;1;5;1;4;1;19;3;1;1;2;73;114
210890;3;5;2;2;4;2;9;7;1;3;2;3;124;167
210900;63;67;73;69;81;89;95;82;100;107;82;83;1998;2989
210905;0;1;0;1;0;1;0;0;0;0;0;0;16;19
210910;200;308;192;222;205;177;224;287;326;271;358;378;5202;8350
210920;4;2;5;6;0;0;1;0;0;1;3;0;83;105
210923;1;0;2;1;1;0;2;2;2;0;0;0;31;42
210927;0;0;3;3;1;2;4;1;0;0;0;5;44;63
210930;0;1;1;1;0;0;0;0;1;0;0;2;16;22
210940;1;4;7;10;2;3;3;0;0;2;1;3;63;99
210945;35;59;73;46;49;40;53;44;47;49;47;48;1502;2092
210950;70;44;91;38;83;55;58;54;51;42;47;44;1232;1909
210955;10;5;11;8;1;5;12;6;8;6;3;5;251;331
210960;36;50;74;61;57;67;64;55;51;61;72;46;1938;2632
210970;27;47;25;47;33;13;64;20;28;31;18;30;728;1111
210975;0;0;0;1;0;0;0;2;0;1;1;2;23;30
210980;23;28;29;20;28;16;18;10;25;9;12;22;582;822
210990;294;389;310;413;335;299;297;279;306;252;237;280;8961;12652
211000;47;65;61;45;43;54;39;51;58;50;78;63;1640;2294
211003;35;19;16;12;15;17;18;24;54;20;23;44;689;986
211010;27;17;12;17;17;21;20;9;11;10;15;23;391;590
211020;59;68;45;27;30;49;30;31;34;43;48;35;975;1474
211023;1;2;0;4;1;2;0;0;0;0;2;2;71;85
211027;7;5;4;7;6;3;2;0;5;10;2;8;196;255
211030;97;69;119;118;151;180;299;388;150;97;191;183;1089;3131
211040;14;5;3;5;16;17;15;9;31;38;44;24;281;502
211050;27;16;27;16;16;14;20;23;21;12;13;15;729;949
211060;26;19;28;19;12;18;22;18;25;22;21;19;721;970
211065;11;10;4;7;8;19;22;8;35;19;15;8;446;612
211070;28;26;26;64;39;25;39;31;28;17;37;50;1018;1428
211080;11;21;11;10;6;5;5;31;8;15;4;5;177;309
211085;14;4;6;4;11;4;12;10;9;8;7;11;256;356
211090;3;3;3;4;5;2;2;2;1;14;1;1;60;101
211100;4;5;1;1;3;2;1;0;1;3;2;0;86;109
211102;0;3;2;2;3;3;1;4;5;2;1;2;73;101
211105;6;11;5;2;3;6;9;6;3;6;5;3;216;281
211107;3;7;6;4;3;2;4;1;1;3;3;7;120;164
211110;167;82;87;79;55;101;62;93;92;100;88;88;1689;2783
211120;741;529;718;648;735;628;640;684;713;621;520;724;16393;24294
211125;4;1;1;0;10;0;2;5;0;0;11;0;61;95
211130;12172;11062;13822;11053;11163;10501;10890;11335;10546;10943;10893;10406;303438;438224
211140;2;9;8;4;8;5;6;4;7;5;1;3;170;232
211150;39;68;50;68;88;53;71;58;66;65;77;37;1230;1970
211153;28;13;15;17;16;17;18;16;21;25;18;20;449;673
211157;6;1;0;5;1;2;3;2;1;2;1;3;82;109
211160;144;106;87;85;124;79;218;80;93;111;102;104;2287;3620
211163;0;0;0;2;0;1;3;1;0;0;1;0;24;32
211167;2;0;1;0;0;0;2;0;0;1;0;1;18;25
211170;4;3;3;5;2;3;2;5;3;13;0;0;167;210
211172;0;2;2;3;2;1;1;0;2;4;2;1;96;116
211174;4;7;14;1;19;38;32;11;30;9;3;19;211;398
211176;10;10;14;14;8;9;12;16;9;23;15;14;350;504
211178;0;0;0;0;0;0;0;1;0;0;0;1;25;27
211180;9;7;21;36;13;10;7;11;8;18;8;16;326;490
211190;7;10;6;5;23;8;5;7;8;10;6;9;367;471
211195;3;1;3;0;0;2;1;4;4;3;3;12;58;94
211200;107;78;103;224;107;97;108;82;115;75;91;79;1865;3131
211210;5;19;6;10;28;6;7;4;4;6;7;9;364;475
211220;376;453;636;505;483;419;541;498;524;610;472;486;13515;19518
211223;24;29;34;14;23;24;66;52;43;21;42;23;736;1131
211227;0;1;1;2;0;0;2;3;0;1;2;1;16;29
211230;23;32;15;31;22;19;27;22;43;29;12;38;751;1064
211240;10;13;5;7;2;5;6;3;5;1;2;5;186;250
211245;2;3;2;2;3;0;0;2;0;1;7;0;81;103
211250;51;78;69;32;44;49;75;73;40;44;38;50;1720;2363
211260;46;51;53;84;64;49;49;47;36;63;44;45;1301;1932
211270;42;61;63;177;38;25;36;41;32;36;35;62;1268;1916
211280;30;32;35;36;28;28;38;38;36;41;35;41;1279;1697
211285;29;14;25;27;25;26;28;21;24;19;26;19;603;886
211290;32;19;31;5;11;21;17;24;13;18;17;15;543;766
211300;23;10;28;19;20;26;26;16;16;38;14;19;680;935
211400;61;48;55;47;59;35;57;50;41;35;53;63;1378;1982
220005;2;3;2;3;1;1;5;4;1;3;3;2;114;144
220010;0;2;1;0;3;0;6;2;1;0;0;0;79;94
220020;53;30;50;53;33;44;31;50;55;39;62;44;1564;2108
220025;1;1;1;3;0;0;5;2;2;1;0;1;63;80
220027;2;2;0;1;1;0;1;1;0;2;2;0;22;34
220030;13;9;10;11;6;12;13;15;9;12;13;4;400;527
220040;98;77;127;95;160;162;101;130;122;92;119;82;3223;4588
220045;1;0;6;1;1;1;1;2;2;3;0;1;59;78
220050;43;60;31;17;90;37;32;30;24;45;32;55;608;1104
220060;4;3;2;4;1;0;4;1;3;2;3;2;214;243
220070;3;6;2;8;6;5;2;9;3;1;6;7;186;244
220080;17;11;4;4;2;3;5;3;21;9;27;13;349;468
220090;4;8;8;3;6;11;5;3;7;5;12;7;181;260
220095;0;3;1;3;1;0;3;1;2;1;5;0;60;80
220100;3;1;1;5;4;4;2;0;1;1;0;5;51;78
220105;3;0;0;4;2;0;16;0;4;2;1;0;58;90
220110;1;0;1;4;6;1;4;1;1;3;2;2;113;139
220115;375;203;190;250;266;222;283;182;237;234;264;302;3253;6261
220117;1;0;1;0;0;2;0;0;0;1;0;1;39;45
220120;37;32;48;45;32;44;42;38;57;52;69;54;1425;1975
220130;5;8;10;7;10;4;6;5;15;9;6;8;156;249
220140;10;7;3;9;7;9;8;8;13;4;4;3;218;303
220150;16;10;8;19;14;13;17;19;11;11;17;11;486;652
220155;0;1;0;1;0;0;0;0;0;0;0;0;38;40
220157;5;3;0;1;5;1;5;5;3;1;0;2;108;139
220160;5;12;5;4;4;7;7;4;3;8;6;5;156;226
220170;2;2;3;3;7;3;8;3;5;2;2;6;110;156
220173;0;1;0;2;0;1;3;11;5;4;2;16;64;109
220177;0;5;1;0;2;0;1;6;0;2;1;4;46;68
220180;0;0;1;2;2;1;0;0;0;0;0;1;35;42
220190;168;167;160;201;197;229;145;184;149;172;215;191;3979;6157
220191;2;0;2;1;1;2;1;1;0;2;4;0;52;68
220192;3;0;1;1;0;0;1;0;1;2;2;2;63;76
220194;1;0;0;0;3;0;7;2;1;2;0;0;37;53
220196;11;10;3;6;4;30;4;1;2;0;2;1;103;177
220198;1;0;2;0;1;4;1;2;2;2;3;0;40;58
220200;11;18;28;45;24;25;32;28;20;16;34;57;742;1080
220202;2;1;0;3;9;10;2;3;3;1;2;2;64;102
220205;3;4;0;1;2;6;6;3;3;3;1;5;150;187
220207;2;2;2;0;1;0;1;0;3;0;1;1;39;52
220208;87;68;72;49;57;81;80;59;44;43;46;27;1192;1905
220209;1;2;1;2;4;5;1;2;0;2;2;0;40;62
220210;0;31;1;1;1;0;0;0;0;2;2;0;42;80
220211;53;3;29;4;4;1;2;6;2;2;4;3;58;171
220213;1;1;0;0;2;0;1;0;1;2;0;0;36;44
220217;0;1;1;2;0;6;1;0;1;0;0;0;32;44
220220;110;119;150;87;113;80;151;93;94;125;127;176;4235;5660
220225;1;1;2;2;0;1;0;0;1;0;2;0;41;51
220230;38;24;24;37;58;38;35;107;124;208;426;32;1299;2450
220240;2;6;7;12;4;4;6;8;7;5;4;3;222;290
220245;4;14;15;5;5;11;7;11;35;10;18;25;390;550
220250;4;3;9;4;9;6;8;5;2;1;10;3;165;229
220253;3;1;0;0;1;0;0;0;0;2;6;1;64;78
220255;134;29;12;3;8;5;8;4;8;3;10;6;92;322
220260;13;18;40;26;21;24;33;28;99;40;25;34;568;969
220265;2;0;2;1;34;11;4;0;5;4;1;0;42;106
220270;20;26;9;21;15;17;34;19;13;14;12;26;565;791
220271;1;3;6;2;1;5;4;3;29;5;4;2;88;153
220272;0;0;0;0;0;0;3;0;0;0;2;0;19;24
220273;5;1;3;1;1;1;1;2;4;2;26;2;72;121
220275;5;3;2;4;2;3;7;5;30;11;4;6;164;246
220277;2;3;2;1;1;1;2;0;0;0;1;1;73;87
220280;3;6;2;0;0;7;0;5;4;1;3;0;38;69
220285;3;1;2;2;1;2;6;9;6;0;25;11;162;230
220290;87;66;73;74;66;66;60;68;55;49;71;43;2228;3006
220300;3;2;3;5;0;1;5;1;1;3;0;4;70;98
220310;3;12;6;11;20;14;7;17;9;11;16;17;433;576
220320;7;9;6;6;7;4;3;9;6;4;10;21;262;354
220323;14;23;12;31;25;32;35;21;23;22;18;18;433;707
220325;2;8;30;3;6;12;6;4;8;5;0;3;121;208
220327;1;0;4;71;1;4;3;12;5;2;113;7;41;264
220330;17;36;36;35;35;33;23;35;29;26;29;24;918;1276
220335;3;2;2;0;6;4;3;9;3;4;1;7;118;162
220340;2;2;2;9;3;1;4;5;2;4;4;2;189;229
220342;0;2;5;13;16;12;10;10;21;28;16;49;63;245
220345;4;1;2;1;20;4;2;1;3;3;4;8;108;161
220350;37;50;23;29;21;37;20;20;38;24;30;26;807;1162
220360;9;2;10;2;4;3;3;11;9;2;5;1;129;190
220370;81;43;66;83;46;55;66;83;59;69;79;61;2063;2854
220375;0;0;0;1;1;0;0;1;3;0;5;3;31;45
220380;2;0;1;1;0;1;1;1;0;0;1;0;39;47
220385;0;0;0;0;1;0;1;0;0;0;1;0;12;15
220390;314;356;380;469;295;287;306;301;284;393;301;236;10651;14573
220400;1;2;1;0;0;0;0;0;0;2;2;2;64;74
220410;5;1;1;2;0;1;1;1;1;14;4;1;37;69
220415;0;0;0;0;0;0;1;1;9;0;0;0;11;22
220420;5;4;12;4;10;8;84;11;1;0;1;0;76;216
220430;14;6;16;10;8;9;10;26;10;5;10;5;238;367
220435;29;2;0;3;1;4;0;1;2;4;6;7;68;127
220440;11;18;8;27;19;16;16;16;17;14;21;20;517;720
220450;23;25;22;26;39;23;36;30;28;27;31;26;699;1035
220455;0;0;1;0;0;1;0;0;0;0;0;0;37;39
220460;0;1;2;1;0;1;0;0;0;0;0;1;39;45
220465;5;10;11;5;18;11;20;16;11;3;14;5;232;361
220470;8;11;7;11;11;4;6;12;8;12;8;4;367;469
220480;2;0;3;4;1;2;2;63;4;15;6;3;140;245
220490;0;2;4;3;1;2;5;1;5;3;3;3;101;133
220500;6;4;3;4;4;8;4;9;22;8;9;8;153;242
220510;16;22;12;9;11;7;17;25;76;32;32;11;339;609
220515;2;5;1;0;2;1;2;4;4;3;5;3;100;132
220520;8;8;11;16;14;17;8;14;21;13;43;12;350;535
220525;1;0;0;2;0;0;0;1;0;0;1;0;29;34
220527;0;1;0;0;0;0;1;0;2;0;0;0;24;28
220530;53;40;20;9;8;32;14;12;16;4;9;4;187;408
220535;0;1;1;0;0;0;0;0;1;0;0;0;36;39
220540;28;16;12;2;5;8;23;9;9;3;6;8;230;359
220545;0;2;0;0;0;1;0;10;28;0;0;1;12;54
220550;41;35;89;77;52;48;32;44;45;41;38;53;1718;2313
220551;2;1;1;2;2;1;2;3;4;3;3;1;109;134
220552;2;1;0;0;1;0;1;2;1;3;5;4;139;159
220553;1;1;1;0;0;1;1;0;1;2;1;1;55;65
220554;1;0;0;0;0;0;2;1;0;3;1;0;71;79
220555;5;12;3;3;4;5;4;0;1;2;2;2;148;191
220556;149;28;14;8;7;16;24;42;20;12;9;19;203;551
220557;0;0;1;2;0;0;0;0;0;1;1;3;37;45
220558;2;5;3;21;10;5;5;21;4;5;0;6;255;342
220559;0;6;0;1;0;2;3;4;1;1;0;0;30;48
220560;2;3;3;4;7;1;3;3;2;10;1;11;88;138
220570;95;77;67;56;65;63;61;79;68;47;60;47;1680;2465
220580;11;17;11;21;18;52;35;14;17;16;14;7;604;837
220585;1;2;0;0;1;0;1;0;1;0;2;0;27;35
220590;17;10;6;14;13;3;10;9;7;9;8;4;154;264
220595;28;14;14;15;11;12;25;26;21;14;13;10;362;565
220600;2;3;2;8;6;2;2;1;1;6;6;3;107;149
220605;1;0;0;0;1;0;0;1;1;4;2;14;23;47
220610;42;21;12;2;1;6;8;10;8;4;3;3;140;260
220620;29;16;11;9;13;8;9;23;15;19;28;36;495;711
220630;0;2;2;3;16;5;3;1;0;5;3;2;136;178
220635;0;0;0;0;0;0;0;1;1;0;1;0;18;21
220640;25;17;14;10;7;25;7;9;10;12;5;9;379;529
220650;1;1;2;0;0;1;0;1;0;0;4;0;42;52
220660;31;35;24;46;73;35;22;24;23;28;30;63;739;1173
220665;0;0;1;3;2;0;0;2;1;0;0;2;67;78
220667;0;5;0;3;2;1;0;0;0;0;1;0;31;43
220669;0;11;2;1;0;0;2;3;1;1;45;1;64;131
220670;4;4;0;2;23;6;6;3;7;5;5;7;162;234
220672;26;19;28;29;10;14;18;12;29;18;22;29;841;1095
220675;5;1;2;0;1;1;1;5;1;0;3;4;64;88
220680;0;1;0;1;0;2;2;1;1;0;1;0;79;88
220690;33;1;1;1;1;0;0;0;1;5;1;3;63;110
220695;1;2;1;0;0;1;0;3;1;1;0;0;28;38
220700;108;114;123;120;182;125;116;120;157;108;129;70;3157;4629
220710;1;0;0;0;1;0;0;0;2;0;0;0;18;22
220720;2;4;5;4;0;6;1;5;1;2;5;2;94;131
220730;58;3;2;0;5;2;2;1;0;2;0;1;49;125
220735;1;2;1;4;6;29;650;65;0;8;4;10;68;848
220740;20;17;11;10;13;16;10;13;8;8;12;10;225;373
220750;19;3;4;4;2;0;9;6;4;2;17;51;160;281
220755;1;0;0;0;0;0;1;0;1;0;0;0;15;18
220760;4;16;5;5;9;4;6;11;7;4;3;6;219;299
220770;868;875;877;1096;1033;865;826;893;1054;807;901;655;23271;34021
220775;1;0;0;1;1;1;0;0;0;0;2;0;27;33
220777;0;1;7;1;0;1;0;2;1;2;1;6;36;58
220779;1;0;1;1;2;1;1;0;1;2;0;0;10;20
220780;23;27;30;59;18;19;30;27;16;34;34;24;1087;1428
220785;2;1;1;0;0;1;0;0;0;1;2;1;47;56
220790;24;31;43;39;27;19;62;37;27;61;28;31;1248;1677
220793;78;0;1;0;0;0;4;0;0;0;0;0;18;101
220795;1;0;0;13;0;1;0;4;0;0;0;6;19;44
220800;403;334;405;476;473;342;482;335;390;393;445;333;13523;18334
220810;2;1;3;1;1;3;1;4;2;3;1;12;125;159
220820;2;12;10;4;4;6;7;7;4;4;12;4;267;343
220830;54;289;44;43;56;51;66;81;56;52;55;51;1747;2645
220840;374;485;730;343;273;266;274;407;277;179;159;168;5251;9186
220850;4;2;3;5;5;7;5;3;2;4;3;4;172;219
220855;2;1;0;2;5;3;2;2;7;1;1;1;41;68
220860;0;0;1;1;0;0;0;1;1;0;0;0;40;44
220865;17;21;14;18;4;11;16;21;10;8;9;9;286;444
220870;5;3;3;6;6;4;5;8;2;8;13;9;144;216
220880;46;28;13;19;19;24;44;25;23;22;17;37;1015;1332
220885;0;0;2;1;0;1;3;0;1;2;2;1;37;50
220887;3;4;2;4;2;5;1;6;6;6;6;12;134;191
220890;52;338;244;202;80;60;67;64;64;71;112;105;828;2287
220900;0;2;0;2;2;0;1;0;1;0;1;2;70;81
220910;0;2;1;5;26;0;2;3;3;17;2;0;104;165
220915;0;0;0;1;2;1;0;1;0;0;0;0;50;55
220920;102;34;48;72;61;63;59;41;47;48;35;119;910;1639
220930;5;10;6;5;6;5;11;8;3;7;11;9;208;294
220935;0;0;0;0;1;1;0;1;1;3;1;0;17;25
220937;2;0;1;2;1;1;0;3;3;2;0;2;95;112
220940;6;2;3;3;8;1;1;4;3;0;5;3;118;157
220945;0;0;0;0;0;0;0;0;0;0;0;0;1;1
220950;1;0;1;1;0;0;0;2;0;2;0;1;45;53
220955;6;1;5;1;0;2;0;0;0;0;2;4;46;67
220960;0;0;0;0;0;0;0;0;0;0;0;1;38;39
220965;6;1;0;3;2;3;4;0;3;2;3;4;85;116
220970;2;5;1;1;1;1;4;0;1;1;1;0;51;69
220975;4;4;2;5;2;6;3;2;4;1;2;4;103;142
220980;2;2;12;1;3;4;7;1;4;1;1;2;148;188
220985;1;2;0;0;0;1;2;0;0;0;1;0;29;36
220987;0;3;1;0;11;3;2;10;2;1;1;0;43;77
220990;1;2;1;1;0;1;0;0;3;1;1;1;75;87
220995;0;1;0;0;7;11;0;6;1;1;6;1;38;72
220997;2;8;2;2;1;2;2;2;1;4;3;2;85;116
221000;52;31;51;65;42;57;76;110;86;69;39;93;1353;2124
221005;1;3;2;1;1;1;1;1;0;2;2;1;62;78
221010;0;6;0;2;1;1;2;4;3;13;9;2;72;115
221020;0;0;1;2;0;0;3;0;2;0;1;0;80;89
221030;1;2;4;2;20;0;0;2;1;0;5;3;82;122
221035;0;0;0;0;1;0;0;0;0;1;0;2;29;33
221037;2;0;3;1;0;1;1;5;2;6;71;1;8;101
221038;0;1;1;0;0;0;2;0;0;1;0;0;15;20
221039;0;0;0;0;0;0;0;0;0;0;2;0;19;21
221040;27;13;3;12;8;6;4;9;6;7;11;6;238;350
221050;31;10;4;7;7;12;12;11;7;6;9;8;382;506
221060;114;91;115;146;124;109;107;119;124;110;148;109;3232;4648
221062;1;0;2;0;0;0;2;0;0;0;1;0;39;45
221063;134;99;69;47;92;57;546;37;25;37;37;33;972;2185
221065;2;0;3;0;0;1;2;0;1;0;0;1;48;58
221070;15;17;19;37;16;15;21;38;21;27;18;19;430;693
221080;10;48;21;15;20;13;11;12;11;17;17;13;524;732
221090;1;6;1;3;3;1;5;2;1;2;1;0;45;71
221093;6;4;7;1;3;6;4;2;7;5;5;5;155;210
221095;4;2;0;2;1;0;0;0;0;1;0;2;13;25
221097;0;1;1;0;0;0;0;0;0;0;0;1;31;34
221100;8016;8138;7987;8408;7765;7588;8471;9348;8222;7824;7323;6814;221533;317437
221110;99;56;80;99;68;53;79;177;123;130;1631;296;4326;7217
221120;206;213;198;275;261;212;241;202;201;232;207;266;4680;7394
221130;62;38;37;40;27;45;27;42;33;43;41;27;1638;2100
221135;1;0;1;0;0;0;0;0;0;0;1;1;18;22
221140;1;3;1;0;2;0;0;1;0;2;1;8;57;76
221150;2;0;0;0;3;1;1;0;1;0;2;0;24;34
221160;0;0;2;1;0;0;0;0;0;0;1;1;52;57
221170;1;0;0;0;0;0;0;0;0;3;0;2;20;26
230010;274;316;120;64;77;64;62;113;11;3;3;4;107;1218
230015;31;37;52;16;28;23;35;35;36;29;22;225;1006;1575
230020;73;71;89;96;119;91;146;104;78;86;84;70;3081;4188
230030;37;33;37;31;30;36;39;41;37;37;46;43;1546;1993
230040;1;7;1;3;2;3;5;1;0;2;2;1;68;96
230050;3;7;6;1;3;7;3;15;1;7;4;1;104;162
230060;1;1;5;0;3;2;3;2;2;1;5;1;52;78
230070;12;17;16;14;24;37;42;12;24;11;12;17;371;609
230075;100;89;175;65;61;72;67;61;72;73;87;59;2029;3010
230080;5;39;4;2;6;1;7;5;3;6;6;4;250;338
230090;224;8;3;5;2;32;3;6;8;8;5;5;171;480
230100;956;706;912;920;901;706;822;934;918;923;873;671;19883;30125
230110;377;325;395;324;340;258;258;262;201;302;285;233;8985;12545
230120;70;55;53;40;49;58;61;68;47;56;53;23;1146;1779
230125;41;10;8;3;11;12;3;13;2;7;13;3;135;261
230130;15;7;12;11;9;8;2;5;5;7;4;11;199;295
230140;14;10;6;1;7;5;10;3;9;5;6;4;260;340
230150;1;1;1;0;1;0;3;3;0;0;3;2;32;47
230160;28;30;19;22;9;5;11;12;14;18;8;15;455;646
230170;9;9;12;8;7;12;20;25;29;11;4;2;441;589
230180;1;0;1;1;5;4;9;5;0;4;2;3;17;52
230185;21;17;26;19;14;13;12;12;7;13;5;15;487;661
230190;260;217;241;310;312;412;314;334;334;312;288;244;11102;14680
230195;15;17;22;17;21;22;9;20;18;20;14;8;608;811
230200;11;12;18;13;10;17;23;8;15;12;21;19;502;681
230205;9;15;14;5;3;6;5;3;11;7;3;13;234;328
230210;55;80;52;52;54;44;66;80;96;76;61;44;2275;3035
230220;139;158;201;109;102;109;158;115;124;152;170;296;4962;6795
230230;21;16;12;13;18;18;21;17;20;12;13;16;728;925
230240;45;44;86;59;58;45;35;42;35;45;38;61;1595;2188
230250;456;308;373;347;370;425;253;270;240;263;277;124;6957;10663
230260;118;125;95;95;96;84;125;108;126;138;126;136;4700;6072
230270;24;18;23;22;56;18;22;25;22;22;14;27;935;1228
230280;146;257;178;140;206;187;165;163;221;177;131;165;5536;7672
230290;9;5;4;4;2;2;7;4;6;13;20;4;217;297
230300;11;4;16;10;11;12;22;12;18;14;14;13;596;753
230310;7;7;13;9;9;6;14;6;5;8;49;16;413;562
230320;13;10;13;5;9;11;7;12;5;5;9;6;269;374
230330;7;4;10;11;6;6;3;5;5;5;8;2;264;336
230340;16;27;3;11;4;15;15;6;8;11;17;17;389;539
230350;267;233;207;198;185;240;250;323;243;199;206;198;7448;10197
230360;3;2;5;5;1;0;3;1;3;0;2;4;101;130
230365;1;1;1;0;1;2;1;1;1;3;1;3;100;116
230370;1535;1686;2705;1757;2238;1710;2300;2114;1714;1826;1950;1932;41265;64732
230380;12;23;21;25;35;22;30;21;12;11;12;32;659;915
230390;2;3;5;2;4;3;3;3;2;4;5;7;686;729
230393;4;3;1;1;8;6;4;0;2;0;1;0;47;77
230395;54;33;32;26;28;41;32;31;45;36;36;27;1112;1533
230400;7;8;8;6;5;8;20;22;9;8;20;7;353;481
230410;200;209;157;152;180;239;270;155;160;184;154;122;5567;7749
230420;566;424;493;396;432;438;480;446;431;495;429;365;15912;21307
230423;3;4;11;8;3;6;5;2;3;5;8;4;185;247
230425;108;137;132;135;122;122;142;126;138;189;181;159;3014;4705
230426;0;3;3;1;1;6;4;3;7;2;11;4;121;166
230427;1;0;0;1;4;0;1;1;3;2;2;3;42;60
230428;2177;2269;2495;2123;2432;2156;2402;2195;2013;2533;2014;1698;47768;74275
230430;13;7;5;13;16;14;14;9;13;3;14;5;236;362
230435;58;30;36;31;41;42;29;28;42;31;43;35;1263;1709
230440;31845;28069;30443;29174;30193;35348;36353;31855;30622;32614;33672;26237;720344;1096769
230445;127;74;67;73;100;154;119;100;91;107;72;91;1541;2716
230450;82;55;102;78;186;74;87;92;115;106;75;78;3266;4396
230460;3;2;1;1;2;0;1;7;3;4;0;4;64;92
230465;0;1;1;4;0;0;0;1;0;3;0;0;69;79
230470;13;32;39;20;39;29;46;37;27;20;69;159;996;1526
230480;1;0;0;0;0;0;0;0;2;1;2;4;24;34
230490;37;18;25;7;20;19;16;21;19;23;15;20;510;750
230495;48;51;72;41;39;58;36;28;34;38;37;31;1368;1881
230500;39;49;36;33;39;17;37;52;26;29;40;57;1405;1859
230510;18;6;15;4;16;21;16;13;8;11;16;9;488;641
230520;9;29;10;11;50;46;7;10;5;10;16;207;326;736
230523;608;550;436;584;704;630;835;630;612;759;704;530;21664;29246
230526;6;8;11;8;12;6;6;42;9;6;10;5;174;303
230530;12;10;6;12;10;10;6;13;14;17;13;26;637;786
230533;1;4;2;4;7;2;18;2;8;4;1;5;111;169
230535;138;150;271;194;211;127;136;215;165;186;203;185;2843;5024
230540;107;121;87;82;78;94;101;132;99;90;79;65;2469;3604
230550;339;395;378;405;382;372;335;392;311;350;373;291;12196;16519
230560;63;28;16;11;13;14;14;12;14;8;14;10;532;749
230565;4;2;5;6;2;3;4;2;2;1;2;0;102;135
230570;7;4;3;8;7;8;8;14;7;8;14;13;563;664
230580;28;52;48;58;66;56;62;67;50;46;48;76;2110;2767
230590;15;15;18;16;12;17;17;12;13;15;20;9;421;600
230600;1;7;17;5;3;8;9;9;3;8;5;8;300;383
230610;151;33;30;23;19;25;20;20;14;16;32;20;699;1102
230620;3;6;9;5;3;1;7;2;28;10;1;5;228;308
230625;387;431;356;311;359;376;472;620;430;504;512;490;10295;15543
230630;96;80;159;113;240;207;128;320;177;106;75;82;2919;4702
230640;508;334;483;355;391;343;375;359;404;454;343;320;12335;17004
230650;5;3;5;4;3;6;2;0;1;6;8;3;129;175
230655;79;46;38;47;59;47;47;58;65;55;32;31;1474;2078
230660;4;2;8;9;4;9;3;6;4;6;7;7;152;221
230670;7;10;11;5;12;10;14;10;13;19;12;11;350;484
230680;9;13;9;10;13;21;16;9;2;12;4;9;371;498
230690;66;48;56;80;80;60;88;98;91;89;85;55;2617;3513
230700;66;62;71;58;60;48;84;52;108;67;74;56;2536;3342
230710;27;14;20;8;25;13;17;11;11;7;14;16;357;540
230720;2;3;1;1;2;2;1;3;6;2;4;0;81;108
230725;251;212;215;187;174;161;244;200;186;164;161;172;3948;6275
230730;1809;1860;2018;1882;2093;1650;1850;1843;1916;1915;1767;1533;51620;73756
230740;33;29;28;27;16;32;29;16;24;26;29;23;1003;1315
230750;15;9;16;12;15;20;9;19;85;111;64;136;989;1500
230760;556;621;293;348;315;331;328;319;357;408;312;337;9540;14065
230763;25;27;26;22;25;17;29;21;27;18;16;8;693;954
230765;2055;2373;2360;2255;2980;2699;3099;2626;2749;2781;2295;1831;62498;92601
230770;353;373;409;346;386;303;425;342;412;443;405;239;11122;15558
230780;87;65;79;80;96;91;100;121;91;93;80;205;2364;3552
230790;7;2;2;2;2;2;2;2;1;9;0;53;103;187
230800;43;36;29;47;37;36;35;108;30;39;50;32;1328;1850
230810;98;108;45;102;104;124;110;158;319;248;172;251;2269;4108
230820;10;16;24;11;22;12;10;28;10;16;9;10;268;446
230830;27;31;34;39;32;15;26;22;30;33;23;31;885;1228
230835;2;3;6;5;4;4;23;5;7;2;3;5;200;269
230837;17;10;3;1;5;5;3;38;0;2;2;2;92;180
230840;45;54;58;51;49;37;58;42;81;45;42;37;1705;2304
230850;54;61;54;49;105;76;66;74;50;41;71;58;1196;1955
230860;2;5;4;8;10;10;10;11;10;11;10;17;331;439
230870;224;252;260;343;338;253;369;399;253;288;322;153;7718;11172
230880;16;3;1;1;1;2;2;4;0;1;0;7;60;98
230890;6;5;5;7;9;3;10;9;16;8;6;5;349;438
230900;6;6;2;8;5;39;4;10;4;9;3;3;243;342
230910;5;6;7;1;8;2;8;3;1;1;7;4;194;247
230920;24;27;16;17;21;22;26;33;23;19;19;15;751;1013
230930;27;37;37;21;25;20;38;48;117;37;34;31;1302;1774
230940;33;49;43;53;48;27;39;25;53;40;52;50;485;997
230945;22;13;9;9;7;9;27;14;11;11;8;8;330;478
230950;3;7;3;10;7;3;12;3;12;11;13;8;277;369
230960;507;325;285;238;250;257;242;285;246;291;394;272;7192;10784
230970;244;305;308;280;301;730;346;335;294;323;313;250;8405;12434
230980;1;7;12;9;3;3;8;7;12;8;12;4;318;404
230990;1;1;1;3;1;2;1;3;2;2;2;0;70;89
231000;3;11;10;14;11;10;8;8;20;22;19;8;282;426
231010;4;2;6;6;5;4;5;24;7;3;4;1;167;238
231020;127;135;150;76;108;109;78;134;137;123;154;98;2442;3871
231025;161;93;70;160;125;117;144;138;107;58;138;78;2922;4311
231030;19;7;11;20;11;7;14;15;3;7;8;14;267;403
231040;4;4;4;4;6;5;3;3;5;5;0;5;159;207
231050;40;24;22;19;30;13;34;26;19;23;25;31;732;1038
231060;5;2;2;1;4;7;1;4;3;3;2;4;155;193
231070;690;181;88;84;79;103;58;91;93;103;80;37;2163;3850
231080;40;70;65;80;103;60;68;55;89;117;72;86;4218;5123
231085;42;70;67;62;59;47;78;56;56;52;55;44;1423;2111
231090;5;8;4;4;6;2;5;6;4;2;7;11;193;257
231095;1;2;2;9;2;0;0;1;2;3;1;2;50;75
231100;4;6;10;16;13;10;12;4;2;3;4;6;142;232
231110;16;24;29;27;36;24;34;30;58;34;18;8;559;897
231120;3;3;6;6;1;2;6;4;4;3;1;2;130;171
231123;1;4;2;1;5;2;5;0;1;8;0;0;27;56
231126;4;2;5;2;5;6;9;9;9;3;4;3;153;214
231130;246;254;181;180;225;221;302;251;250;213;222;179;6792;9516
231135;10;4;6;12;8;8;6;9;3;16;6;3;299;390
231140;359;395;366;399;449;345;396;387;428;372;472;353;11582;16303
231150;109;113;140;100;153;143;140;139;136;125;108;110;3005;4521
231160;58;42;32;38;71;34;39;45;34;67;30;73;1398;1961
231170;13;22;10;6;12;20;25;12;14;8;7;18;343;510
231180;346;403;423;415;412;430;450;426;449;414;291;356;10620;15435
231190;3;1;4;6;3;2;3;4;4;1;0;2;154;187
231195;3;3;5;3;10;2;5;7;2;9;1;3;92;145
231200;22;9;11;14;11;17;9;13;6;10;13;17;468;620
231210;11;7;7;14;6;4;3;8;5;3;4;3;220;295
231220;198;104;56;75;96;127;179;122;107;134;110;281;3875;5464
231230;79;44;65;43;113;65;63;78;55;68;53;53;3157;3936
231240;499;901;485;414;539;567;651;438;844;627;470;377;13220;20032
231250;1;12;1;2;2;2;1;1;1;1;2;2;90;118
231260;67;6;4;3;8;3;8;10;4;15;10;8;288;434
231270;63;55;69;75;57;88;61;80;42;84;70;65;2359;3168
231280;5;15;17;14;17;13;12;5;5;2;6;7;93;211
231290;1444;1094;1134;1268;1438;1246;1134;1134;1390;1353;1332;1258;49313;64538
231300;33;39;51;56;65;52;62;47;44;59;45;45;1147;1745
231310;52;47;44;49;69;75;93;72;60;124;79;83;1853;2700
231320;3;3;3;7;4;2;2;3;4;4;11;7;230;283
231325;3;5;11;0;0;0;0;1;2;0;2;0;29;53
231330;197;106;107;163;129;122;145;121;124;112;130;121;3780;5357
231335;4;9;11;13;49;8;7;12;9;4;9;29;506;670
231340;281;368;312;247;280;335;390;278;242;275;256;241;8461;11966
231350;199;203;237;179;180;163;126;179;149;137;158;85;3022;5017
231355;99;3;1;6;2;8;4;4;5;5;3;1;271;412
231360;87;81;67;55;53;60;86;76;70;157;76;171;2759;3798
231370;3;2;1;2;3;2;1;1;1;2;1;0;59;78
231375;25;18;22;20;12;20;17;16;27;11;11;7;463;669
231380;1110;52;17;303;42;61;18;24;30;28;55;14;1486;3240
231390;18;17;15;13;18;12;15;36;25;18;31;172;801;1191
231395;25;42;29;32;39;30;24;28;49;28;37;42;1386;1791
231400;33;37;57;33;52;53;49;44;52;30;34;30;1931;2435
231410;16;18;16;18;19;22;22;9;25;22;25;19;1108;1339
240010;64;138;55;40;54;50;76;47;36;42;44;46;1057;1749
240020;823;253;287;701;283;277;271;365;417;306;319;325;8601;13228
240030;15;48;39;16;23;35;9;16;29;37;26;36;568;897
240040;0;0;0;0;0;1;0;1;0;0;0;0;27;29
240050;11;13;19;21;10;21;21;5;3;5;9;15;494;647
240060;1;7;6;2;6;7;28;2;0;0;5;10;55;129
240070;72;83;96;89;203;90;116;181;315;247;87;94;2265;3938
240080;35;40;20;24;34;35;32;48;29;22;22;18;699;1058
240090;1;1;2;0;0;2;4;3;1;1;6;0;114;135
240100;196;586;392;124;34;62;147;117;169;153;108;157;3078;5323
240110;129;161;115;131;122;124;163;146;98;130;144;122;3181;4766
240120;43;130;799;103;90;36;65;33;46;53;45;53;3241;4737
240130;5;13;8;3;6;2;2;2;1;2;10;2;88;144
240140;96;42;1133;35;15;28;46;57;48;36;45;48;2747;4376
240145;213;381;292;219;141;152;224;148;161;223;104;162;3648;6068
240150;1;0;1;0;0;0;3;1;1;2;0;0;55;64
240160;2;1;2;3;0;7;2;0;1;2;1;2;41;64
240165;4;0;2;0;2;1;1;1;5;0;3;1;75;95
240170;4;9;3;4;5;5;6;5;6;4;3;5;230;289
240180;21;24;20;21;12;22;28;20;16;10;19;24;586;823
240185;6;6;15;5;8;11;7;6;16;5;9;6;326;426
240190;2;9;4;1;1;0;2;1;3;2;0;4;82;111
240200;321;392;312;351;354;335;409;393;360;419;355;437;10216;14654
240210;1;4;9;10;15;7;10;1;1;2;2;6;102;170
240220;58;71;114;112;97;72;93;61;95;89;69;70;2318;3319
240230;34;27;38;17;36;135;52;23;38;31;41;165;963;1600
240240;38;44;31;28;32;49;33;30;31;19;30;20;1032;1417
240250;28;7;8;10;6;10;8;10;6;15;5;7;418;538
240260;168;169;225;222;224;148;168;130;140;132;142;148;5482;7498
240270;14;13;7;14;27;10;18;5;3;11;14;14;419;569
240280;0;0;1;0;1;0;0;0;0;0;2;0;41;45
240290;0;0;2;0;1;4;3;1;1;1;2;3;28;46
240300;10;9;14;15;15;15;9;14;20;22;22;12;645;822
240310;195;178;158;259;293;397;215;190;260;318;309;331;7336;10439
240320;3;2;2;6;6;2;36;0;2;5;2;4;85;155
240325;1963;1860;1908;2048;1830;1909;2079;2051;2594;2193;1817;2047;48971;73270
240330;3;2;41;1;1;0;2;1;1;2;4;1;96;155
240340;9;14;6;7;21;10;6;8;12;10;13;6;347;469
240350;52;26;37;19;27;12;35;36;35;287;174;12;1121;1873
240360;750;1026;799;929;1022;1039;1184;1164;1342;1280;1285;1361;4429;17610
240370;2;1;2;3;2;2;4;1;1;3;9;0;95;125
240375;3;2;2;3;3;3;3;2;1;0;1;3;40;66
240380;11;13;16;16;15;25;16;7;8;10;15;22;493;667
240390;0;1;0;0;0;0;0;1;0;0;0;0;18;20
240400;2;4;1;7;0;3;1;2;2;4;4;1;52;83
240410;24;22;33;52;19;61;16;9;13;20;22;18;580;889
240420;100;154;186;118;155;107;180;183;162;194;182;136;3038;4895
240430;87;67;90;76;51;43;81;31;46;42;38;41;908;1601
240440;32;22;45;22;83;32;19;17;34;29;23;23;982;1363
240450;36;50;102;81;43;56;45;54;47;31;67;85;1523;2220
240460;17;8;15;22;12;12;9;28;37;5;3;33;329;530
240470;152;84;62;59;69;28;38;33;30;67;47;57;1259;1985
240480;6;0;0;0;1;0;0;0;0;0;1;0;35;43
240485;20;38;26;26;35;31;14;24;14;27;20;31;1177;1483
240490;8;8;8;5;5;3;10;9;4;9;5;6;139;219
240500;1;3;1;1;3;2;4;0;3;9;2;0;96;125
240510;19;29;116;116;43;11;10;22;23;39;37;31;650;1146
240520;5;3;9;5;3;2;8;7;5;4;69;192;70;382
240530;3;7;0;3;0;1;0;2;0;4;0;3;67;90
240540;1;0;1;1;0;2;0;1;2;0;0;1;33;42
240550;0;0;0;1;1;0;0;0;0;0;0;0;10;12
240560;18;33;36;27;48;37;52;32;36;41;40;29;1121;1550
240570;42;61;32;49;77;79;46;43;48;54;39;52;1263;1885
240580;74;108;93;95;146;106;112;147;112;113;134;146;3157;4543
240590;0;0;0;0;1;0;0;0;0;0;0;1;2;4
240600;0;3;0;0;0;0;0;1;1;1;0;2;40;48
240610;202;73;60;63;76;65;57;76;50;90;52;78;2218;3160
240615;0;0;1;1;0;0;0;2;0;5;2;1;15;27
240620;1;1;4;2;5;1;3;3;2;5;1;1;89;118
240630;6;5;22;3;39;12;2;3;0;1;1;3;107;204
240640;2;0;3;3;2;0;1;4;2;2;4;4;89;116
240650;29;19;56;22;31;24;28;31;42;39;50;78;850;1299
240660;2;4;2;6;4;2;3;5;9;2;5;7;188;239
240670;144;31;38;34;60;51;42;33;36;41;58;144;946;1658
240680;3;3;1;8;4;2;0;12;0;0;1;5;41;80
240690;0;4;2;3;0;0;3;2;2;1;34;15;123;189
240700;2;1;1;4;1;0;0;8;1;1;1;0;92;112
240710;486;583;403;549;532;406;422;419;569;421;442;358;11984;17574
240720;117;95;324;125;77;87;98;71;75;84;65;82;3461;4761
240725;1;2;1;19;2;10;2;3;1;0;16;0;35;92
240730;1;1;0;1;1;1;0;0;0;1;2;0;66;74
240740;20;19;12;18;17;23;16;14;18;12;8;23;611;811
240750;11;14;60;7;10;8;7;11;6;12;6;4;476;632
240760;2;1;4;7;4;9;4;2;4;1;2;6;225;271
240770;10;6;6;4;8;14;6;6;12;4;10;11;336;433
240780;27;27;23;19;19;31;45;51;24;24;19;21;1077;1407
240790;1;3;1;1;2;1;1;5;0;2;0;4;50;71
240800;2788;2967;3188;3431;3462;3055;3353;3296;5845;3397;4982;3005;76156;118925
240810;8615;7823;8411;8335;8866;7955;8119;8112;8244;8457;8370;7743;231757;330807
240820;61;98;131;99;103;136;113;83;114;76;94;89;2253;3450
240830;41;47;27;60;56;77;83;65;41;44;58;48;1915;2562
240840;4;2;3;4;1;7;9;4;0;4;1;28;195;262
240850;11;10;6;9;11;5;3;12;6;7;11;4;228;323
240860;0;0;1;0;0;0;0;1;1;0;0;5;12;20
240870;4;0;0;1;0;0;0;1;1;0;0;0;27;34
240880;1;2;4;3;1;3;2;4;1;5;3;2;167;198
240890;127;162;252;125;137;91;117;90;78;137;132;126;3066;4640
240895;17;8;11;17;15;10;5;8;8;3;8;18;313;441
240910;10;4;5;17;4;15;2;9;9;5;4;14;456;554
240920;6;5;1;1;4;12;1;2;0;1;0;27;44;104
240930;6;10;30;51;8;14;7;2;6;18;10;11;369;542
240933;2;0;2;7;3;5;2;4;1;1;3;12;152;194
240940;113;113;144;139;164;111;143;149;117;100;178;125;4427;6023
240950;0;1;2;1;1;1;1;0;0;1;0;3;96;107
240960;0;1;0;2;0;0;0;0;0;0;2;3;14;22
240970;0;2;0;1;2;1;8;2;7;2;4;4;133;166
240980;24;10;23;13;18;12;19;15;8;15;12;13;517;699
240990;58;60;70;61;108;67;69;79;48;59;58;37;1620;2394
241000;0;1;1;1;0;0;0;0;0;0;1;0;48;52
241010;2;2;3;17;25;13;7;4;4;6;10;3;245;341
241020;1;7;5;5;19;1;6;14;2;5;17;4;157;243
241025;43;49;30;29;25;38;23;20;33;16;28;21;616;971
241030;14;20;21;49;22;20;15;31;25;18;49;6;671;961
241040;3;11;5;4;6;5;4;4;3;11;5;5;318;384
241050;1;2;0;2;1;4;1;3;5;3;3;3;78;106
241060;3;1;3;0;0;0;1;2;0;0;0;0;53;63
241070;1;4;0;1;0;1;0;0;0;0;0;1;29;37
241080;0;0;0;0;0;1;0;0;0;0;0;0;13;14
241090;25;20;13;12;4;2;32;6;21;2;7;7;167;318
241100;1;0;5;0;0;1;0;1;4;1;0;3;64;80
241105;27;50;48;24;29;53;48;52;37;45;48;47;696;1204
241110;0;0;0;0;0;1;0;0;1;0;0;1;12;15
241120;83;124;124;95;112;81;121;111;121;110;91;108;2848;4129
241140;8;5;18;5;4;2;5;4;5;6;3;8;271;344
241142;6;7;9;9;2;5;2;8;3;7;6;3;223;290
241150;28;43;29;32;33;30;30;40;30;28;44;40;1181;1588
241160;5;14;13;54;11;19;23;15;12;33;12;17;581;809
241170;0;1;0;1;0;0;1;0;0;0;0;2;24;29
241180;41;7;10;12;4;7;1;7;12;4;6;10;282;403
241190;21;3;0;1;2;1;1;2;0;2;1;1;226;261
241200;682;804;620;969;921;794;1048;774;872;1049;1152;843;14334;24862
241210;4;4;1;4;2;0;2;1;3;3;1;4;127;156
241220;278;207;240;214;302;200;246;507;322;299;265;295;6941;10316
241230;4;5;6;4;7;7;6;7;2;2;3;7;183;243
241240;26;31;42;32;36;83;76;59;44;33;31;14;776;1283
241250;28;39;20;34;28;19;24;17;34;19;35;25;921;1243
241255;41;77;59;44;40;38;51;33;38;65;42;39;1084;1651
241260;40;20;27;27;38;25;35;44;24;25;29;33;1036;1403
241270;2;6;1;4;3;4;16;7;2;7;1;8;126;187
241280;5;3;1;2;3;0;5;4;0;1;2;7;109;142
241290;17;4;3;4;8;5;7;4;8;9;5;6;289;369
241300;20;17;11;19;8;66;14;59;15;24;4;4;224;485
241310;3;3;1;2;2;2;1;8;1;7;13;8;53;104
241320;1;1;6;3;1;2;1;0;0;3;1;0;99;118
241330;6;4;5;7;12;8;6;1;4;4;5;6;226;294
241335;78;62;32;40;27;23;28;23;24;35;25;43;674;1114
241340;36;46;39;43;76;46;89;50;54;107;96;47;1214;1943
241350;4;1;3;4;2;0;2;4;4;1;1;3;74;103
241355;0;1;1;0;2;3;0;0;0;2;2;3;145;159
241360;2;5;4;2;3;3;4;1;3;5;5;13;164;214
241370;1;0;5;1;1;0;3;0;0;1;0;2;33;47
241380;0;0;1;0;2;1;1;1;2;0;1;0;27;36
241390;5;4;12;11;8;7;3;4;8;10;15;9;375;471
241400;34;27;24;53;16;15;13;21;25;20;19;18;772;1057
241410;0;3;7;13;8;4;3;2;7;2;8;4;273;334
241415;5;6;3;8;3;6;3;6;11;6;4;2;191;254
241420;163;145;197;275;203;130;160;174;127;151;188;165;3977;6055
241430;2;6;4;4;2;4;11;3;0;7;2;2;88;135
241440;59;85;103;90;59;49;67;57;71;207;88;70;2307;3312
241445;0;6;12;2;0;21;5;2;2;0;14;11;52;127
241450;10;14;8;9;7;17;9;3;5;4;5;7;382;480
241460;60;85;85;36;31;27;47;25;60;51;43;49;878;1477
241470;2;4;5;2;0;3;0;2;1;3;1;3;97;123
241475;0;0;0;0;0;0;0;0;0;0;0;0;3;3
241480;12;11;32;21;14;7;26;51;14;21;12;10;441;672
241490;0;0;0;1;0;0;2;0;1;0;0;0;15;19
241500;6;4;7;5;4;5;4;3;3;5;5;3;77;131
250010;3;3;1;1;5;2;4;2;2;0;0;1;71;95
250020;0;5;1;0;2;4;6;5;5;8;7;7;117;167
250030;15;26;28;34;32;22;26;23;20;47;51;23;939;1286
250040;7;13;27;50;67;30;29;24;18;26;44;42;904;1281
250050;5;6;5;11;14;8;14;16;9;7;18;21;283;417
250053;3;1;2;4;6;5;2;5;3;9;2;4;95;141
250057;0;0;0;0;0;0;4;1;1;0;0;0;35;41
250060;115;114;143;99;105;74;129;163;106;143;125;106;4027;5449
250070;29;24;30;22;19;21;22;24;32;21;29;12;768;1053
250073;0;0;0;1;0;1;1;1;1;1;0;0;38;44
250077;8;7;8;4;11;12;10;16;15;11;17;20;366;505
250080;5;3;11;10;20;11;8;4;3;19;6;4;196;300
250090;9;18;7;15;51;15;6;6;17;8;3;11;304;470
250100;11;14;15;11;11;7;15;7;12;19;17;23;411;573
250110;39;35;66;43;64;28;34;40;24;46;27;19;1204;1669
250115;0;0;1;1;0;0;1;0;0;0;0;0;7;10
250120;2;1;3;3;0;2;4;2;0;1;2;2;74;96
250130;4;8;22;5;8;4;4;2;1;5;1;6;245;315
250135;2;0;2;0;2;2;0;2;2;4;5;5;61;87
250140;4;1;3;5;13;5;10;2;4;3;4;1;130;185
250150;25;32;64;33;32;18;57;24;31;40;32;56;1168;1612
250153;0;2;1;0;1;1;1;0;1;0;0;2;83;92
250157;6;2;4;2;2;2;2;2;2;2;2;3;100;131
250160;5;6;3;11;6;2;5;13;7;5;6;10;278;357
250170;2;2;3;0;1;1;2;1;0;0;2;2;68;84
250180;323;416;335;381;363;259;359;323;304;399;340;318;9377;13497
250190;7;22;36;19;12;11;24;12;31;23;18;26;915;1156
250200;4;4;5;6;0;3;4;11;8;8;1;6;183;243
250205;4;2;3;3;2;1;0;0;0;0;0;1;25;41
250210;1;0;0;1;0;0;0;0;0;0;0;1;29;32
250215;7;12;16;13;13;18;11;8;13;21;20;16;751;919
250220;0;4;8;10;3;10;7;7;9;15;0;1;62;136
250230;0;1;1;1;40;3;0;4;0;0;0;0;19;69
250240;0;1;2;2;7;5;3;5;4;2;4;2;79;116
250250;28;22;21;20;20;23;26;21;18;23;29;39;632;922
250260;0;0;1;1;4;0;1;2;1;0;0;2;52;64
250270;4;1;2;1;1;0;0;1;0;0;2;0;47;59
250280;9;5;4;3;8;3;6;9;3;7;5;3;258;323
250290;1;1;0;2;2;3;2;0;1;1;2;0;66;81
250300;58;1019;200;115;91;67;71;80;115;85;68;137;4613;6719
250310;12;32;24;54;20;12;12;10;14;6;9;13;149;367
250320;1002;926;1104;1049;1090;810;954;957;914;1000;1163;696;21142;32807
250330;3;4;1;2;10;6;1;1;5;0;4;0;162;199
250340;3;1;2;2;5;0;1;1;0;1;1;7;35;59
250350;2;4;3;3;10;3;4;14;5;7;3;3;189;250
250355;1;1;0;1;0;6;1;2;1;2;4;0;47;66
250360;4;2;3;2;6;2;6;5;0;6;5;2;155;198
250370;426;358;354;378;402;343;430;420;300;408;268;338;9171;13596
250375;0;0;1;1;5;0;0;0;1;0;14;1;9;32
250380;0;3;14;2;6;6;8;3;3;4;1;4;219;273
250390;2;1;0;0;1;1;0;1;4;2;4;8;74;98
250400;4301;3618;3907;3666;4327;4078;4008;3724;3484;4515;4039;3683;106776;154126
250403;11;2;3;1;2;2;2;2;4;4;1;0;162;196
250407;1;7;3;5;11;7;4;4;4;9;3;7;59;124
250410;4;0;0;0;0;0;0;0;0;0;0;0;6;10
250415;0;1;3;0;0;0;0;2;3;2;6;4;125;146
250420;4;3;7;2;1;10;4;2;5;4;3;4;59;108
250430;91;139;104;97;121;134;151;107;80;116;110;106;3312;4668
250435;1;5;2;0;6;10;5;7;6;16;12;12;153;235
250440;12;15;18;18;14;19;11;20;39;36;22;13;532;769
250450;3;2;1;3;3;7;4;3;2;1;5;0;109;143
250460;252;190;233;219;401;185;563;205;257;244;207;230;6717;9903
250470;2;8;2;2;4;0;3;4;6;3;2;2;133;171
250480;4;4;3;6;6;3;28;19;9;5;7;2;262;358
250485;0;0;1;0;0;0;2;0;0;0;1;0;31;35
250490;33;35;89;7;19;11;18;14;17;15;12;15;646;931
250500;2;3;3;4;12;1;2;3;4;1;5;0;94;134
250510;9;14;12;12;16;20;28;19;9;14;16;9;620;798
250520;3;2;4;1;0;3;4;3;3;3;5;3;173;207
250523;1;18;1;2;0;0;0;2;1;1;2;1;82;111
250527;1;1;0;1;0;1;0;0;0;0;1;0;40;45
250530;0;0;0;0;0;0;0;0;0;0;0;0;4;4
250535;3;3;0;0;1;2;0;1;1;1;1;4;40;57
250540;34;11;3;5;1;6;20;8;6;18;8;4;78;202
250550;1;0;1;0;3;0;0;1;0;2;1;1;33;43
250560;0;1;6;0;0;0;2;2;2;3;5;0;49;70
250570;2;5;5;4;0;2;3;0;1;3;1;1;103;130
250580;1;5;0;0;1;3;6;0;0;1;1;0;40;58
250590;0;0;0;0;1;0;0;0;0;0;0;0;11;12
250600;87;72;83;97;74;71;93;82;74;61;69;113;3284;4260
250610;15;6;19;58;17;2;6;6;7;4;8;6;221;375
250620;1;2;0;1;0;1;0;0;0;1;0;0;27;33
250625;0;2;1;0;0;0;1;0;0;3;2;1;21;31
250630;386;270;285;312;253;203;291;273;264;287;365;222;10663;14074
250640;44;49;29;13;17;25;14;17;42;29;24;22;761;1086
250650;5;2;6;2;6;1;3;4;5;2;0;2;74;112
250660;0;1;0;2;2;2;2;1;1;2;1;0;85;99
250670;3;0;2;0;2;1;0;0;1;1;0;0;69;79
250680;22;19;27;24;24;47;23;33;26;40;52;33;981;1351
250690;58;37;41;45;63;24;52;47;45;56;35;59;1456;2018
250700;64;83;70;94;46;46;49;70;53;55;64;73;2102;2869
250710;14;71;91;97;38;22;12;7;17;17;27;27;927;1367
250720;11;8;11;1;10;18;5;12;13;18;16;10;558;691
250730;10;14;23;17;36;15;15;11;12;8;9;17;375;562
250740;5;2;5;5;1;5;3;2;1;2;0;0;116;147
250750;9448;9760;9017;10984;9671;8262;10448;9182;9100;10405;9348;9191;218319;333135
250760;6;0;2;3;4;3;5;2;2;4;1;0;95;127
250770;23;10;21;12;15;17;14;11;17;11;11;15;509;686
250780;6;12;12;5;3;5;11;4;4;6;6;17;258;349
250790;9;36;7;56;12;7;5;10;19;11;10;20;479;681
250800;4;0;6;1;1;0;2;5;4;2;8;1;77;111
250810;2;0;1;2;1;3;1;3;1;2;5;3;71;95
250820;5;2;5;2;5;1;4;13;2;1;3;5;105;153
250830;38;44;41;32;50;45;63;43;44;101;94;77;1365;2037
250840;0;1;1;0;0;0;0;0;0;0;0;0;10;12
250850;0;11;1;2;0;6;4;3;0;3;2;2;49;83
250855;0;1;8;1;1;1;1;1;0;2;6;9;38;69
250860;28;31;18;31;27;21;24;22;21;28;20;29;1171;1471
250870;1;0;1;1;0;1;0;0;0;0;0;0;21;25
250880;4;11;8;5;15;4;6;6;6;7;11;5;211;299
250890;196;325;215;1370;195;147;226;195;184;195;143;152;7617;11160
250900;14;3;14;6;48;3;1;6;0;0;1;2;102;200
250905;19;32;20;4;1;2;15;1;3;5;3;2;128;235
250910;8;15;14;11;16;9;6;10;18;10;8;18;521;664
250915;7;3;5;2;7;3;2;6;2;4;2;0;144;187
250920;6;10;7;16;12;10;6;9;6;11;4;3;298;398
250930;143;50;53;23;33;9;45;12;17;17;20;21;826;1269
250933;1;0;0;0;0;0;2;0;0;0;3;2;19;27
250937;1;0;0;0;1;3;0;0;1;0;0;1;20;27
250939;2;3;1;5;5;2;2;2;1;3;1;1;82;110
250940;9;8;11;2;12;13;6;7;7;2;5;8;349;439
250950;5;4;8;13;7;7;12;8;6;4;11;6;188;279
250960;1;1;2;0;0;1;0;0;2;0;0;0;14;21
250970;59;60;63;75;54;393;59;58;71;65;73;67;2501;3598
250980;7;8;6;2;4;7;18;9;3;10;6;16;418;514
250990;0;0;0;0;1;0;0;2;2;1;1;0;37;44
251000;7;5;13;5;7;25;3;14;23;15;5;4;73;199
251010;14;20;14;10;10;8;6;3;3;7;9;7;206;317
251020;1;4;3;2;1;2;8;2;3;9;4;0;49;88
251030;3;7;2;1;2;3;1;1;26;0;1;3;71;121
251040;0;0;0;0;0;0;0;0;0;0;2;2;27;31
251050;3;0;0;10;8;0;1;0;0;0;1;0;29;52
251060;0;3;0;0;4;5;1;1;1;2;12;0;37;66
251065;0;2;2;5;0;7;0;0;1;0;6;0;23;46
251070;0;1;2;1;0;0;0;0;0;1;0;0;30;35
251080;548;442;477;716;733;466;542;521;532;584;512;440;14333;20846
251090;6;2;12;4;8;1;1;3;11;4;2;5;217;276
251100;1;0;2;1;1;0;0;0;0;1;2;1;60;69
251110;45;56;44;77;44;33;42;26;57;73;51;83;1147;1778
251120;80;149;168;388;124;136;103;108;93;124;108;109;4308;5998
251130;10;16;18;8;15;18;13;15;15;16;12;22;541;719
251140;14;23;20;19;15;34;19;23;16;21;35;19;781;1039
251150;35;112;422;28;24;13;28;25;32;30;18;34;1009;1810
251160;3;2;4;6;3;2;2;4;1;2;2;2;156;189
251170;0;1;0;1;0;0;2;1;1;0;0;0;30;36
251180;11;7;5;4;5;6;6;4;2;8;7;2;249;316
251190;19;24;29;25;35;8;26;31;29;23;46;25;874;1194
251200;37;66;50;85;58;46;69;68;62;72;67;81;946;1707
251203;0;0;0;0;0;1;0;0;0;0;0;0;15;16
251207;0;1;2;0;1;1;0;2;0;1;0;0;45;53
251210;25;37;74;51;33;30;37;48;30;51;36;40;1596;2088
251220;3;2;0;1;8;2;5;1;0;1;0;3;68;94
251230;38;32;33;33;41;30;27;25;38;96;44;49;1169;1655
251240;13;25;19;31;39;20;13;22;24;24;15;18;603;866
251250;159;92;101;73;82;90;120;99;67;100;153;122;2988;4246
251260;0;0;1;0;1;0;1;0;1;0;0;1;19;24
251270;11;9;13;33;15;6;12;10;8;11;9;10;615;762
251272;0;0;0;0;1;1;1;0;1;4;0;1;42;51
251274;1;0;1;0;0;0;0;0;0;1;1;6;26;36
251275;13;4;2;11;2;6;7;0;1;3;4;23;73;149
251276;0;0;1;0;0;0;2;1;3;0;2;8;102;119
251278;0;0;0;0;0;0;0;0;0;0;0;0;7;7
251280;5;6;4;9;7;5;2;11;5;45;18;3;131;251
251290;113;174;1490;209;136;86;55;57;51;52;53;37;3297;5810
251300;1;0;3;0;1;0;1;0;1;0;1;1;19;28
251310;13;30;10;33;30;18;21;38;25;90;44;4;192;548
251315;1;0;3;0;2;0;2;2;1;1;4;3;58;77
251320;1;2;4;1;2;1;4;3;1;0;2;1;125;147
251330;1;0;1;0;0;0;1;5;2;1;2;0;48;61
251335;0;1;0;0;0;0;1;1;0;0;0;0;2;5
251340;93;49;36;31;45;29;62;29;31;41;28;54;1094;1622
251350;0;0;0;0;0;0;0;0;0;0;0;0;5;5
251360;2;0;0;1;0;2;0;2;0;0;1;2;42;52
251365;0;3;1;0;1;0;3;2;3;0;0;0;11;24
251370;489;1141;935;759;827;583;729;598;500;570;498;485;21122;29236
251380;55;11;23;21;1;4;2;3;11;0;43;95;171;440
251385;0;0;0;0;1;0;2;2;6;7;1;3;44;66
251390;51;56;73;77;71;65;85;79;77;88;64;63;2544;3393
251392;0;0;3;0;1;1;0;0;0;0;0;0;44;49
251394;0;0;0;0;0;0;0;0;0;0;1;2;20;23
251396;4;0;1;0;0;12;2;0;2;2;1;1;47;72
251398;0;2;0;1;1;0;2;1;0;2;1;3;45;58
251400;63;135;33;80;86;47;21;19;6;12;6;8;287;803
251410;0;0;0;0;3;0;2;0;0;4;1;3;48;61
251420;0;2;1;1;1;0;2;1;1;2;4;2;104;121
251430;0;2;0;0;0;1;0;3;0;0;1;0;18;25
251440;3;7;3;4;10;7;20;8;8;9;5;10;88;182
251445;7;2;2;1;2;0;3;4;0;1;2;2;58;84
251450;13;9;15;12;9;6;20;15;6;9;4;11;411;540
251455;1;0;0;0;0;0;0;0;0;0;0;2;3;6
251460;0;1;5;1;2;1;0;0;0;1;1;1;15;28
251465;1;0;0;0;0;0;0;0;0;0;0;0;0;1
251470;2;1;2;4;2;2;1;2;2;4;2;2;109;135
251480;5;0;1;3;10;1;7;1;4;15;2;1;170;220
251490;2;16;3;1;2;1;5;5;2;4;7;4;138;190
251500;3;8;4;2;11;8;6;6;7;6;9;12;264;346
251510;5;8;3;5;5;5;5;5;5;4;2;10;208;270
251520;2;1;33;2;0;0;0;1;0;2;0;0;24;65
251530;82;76;74;149;102;113;150;91;110;144;84;102;3208;4485
251540;3;1;1;2;5;3;4;4;1;2;9;4;68;107
251550;6;14;12;3;6;6;3;9;14;6;13;7;423;522
251560;8;0;2;6;0;0;1;0;1;1;0;0;52;71
251570;22;18;8;15;2;4;26;4;34;1;3;0;14;151
251580;1;1;1;0;3;3;4;11;12;2;4;1;138;181
251590;0;0;0;3;2;4;0;3;1;0;7;1;49;70
251593;11;3;9;7;2;2;5;8;6;4;12;5;326;400
251597;5;6;13;9;6;18;8;9;7;8;5;11;230;335
251600;50;98;41;44;71;56;64;43;40;53;55;39;1504;2158
251610;23;16;16;14;12;11;17;25;9;13;18;13;667;854
251615;9;1;5;0;0;0;0;2;0;1;0;3;29;50
251620;244;266;260;248;346;240;310;281;262;277;234;230;8626;11824
251630;28;18;21;23;32;24;43;21;22;25;21;29;832;1139
251640;8;2;6;4;5;9;15;6;3;10;8;5;119;200
251650;14;9;8;10;12;2;4;5;5;11;7;3;279;369
251660;3;2;4;6;2;5;2;4;9;6;6;11;156;216
251670;16;98;58;95;34;29;46;68;56;18;17;14;369;918
251675;0;0;3;0;0;0;1;1;2;6;2;1;49;65
251680;3;2;3;0;1;1;4;2;1;9;0;2;112;140
251690;15;18;10;16;16;10;8;19;15;10;15;18;609;779
251700;2;3;2;1;3;0;2;3;0;0;0;5;93;114
251710;1;0;1;3;0;1;1;1;2;0;2;1;50;63
251720;0;2;2;1;3;1;2;4;3;2;1;0;117;138
251740;0;0;0;0;0;0;1;4;2;0;2;2;16;27
260005;358;336;353;289;349;326;312;320;495;340;362;292;10574;14706
260010;138;85;70;74;75;85;104;91;86;111;67;87;3372;4445
260020;23;22;21;15;19;23;24;11;21;19;17;17;693;925
260030;37;36;57;52;46;48;50;59;35;37;50;69;1327;1903
260040;34;51;157;63;47;30;27;29;18;31;32;49;1282;1850
260050;135;83;43;31;54;49;32;40;48;67;71;240;1770;2663
260060;1;9;10;3;1;8;4;3;4;3;10;2;205;263
260070;113;522;160;313;141;138;139;77;154;100;94;96;3699;5746
260080;4;18;16;17;15;9;13;15;13;12;6;11;583;732
260090;191;63;45;18;19;17;12;49;7;23;25;28;771;1268
260100;10;6;4;11;9;7;3;9;16;6;17;6;326;430
260105;19;59;21;63;11;52;15;10;30;30;22;14;566;912
260110;244;264;1313;212;209;239;212;689;206;252;257;280;6156;10533
260120;260;256;282;218;378;245;247;226;242;271;269;225;8964;12083
260130;9;3;10;11;11;10;4;11;11;8;8;6;326;428
260140;188;225;336;108;242;95;129;118;70;233;86;111;3339;5280
260150;1;2;1;6;1;1;2;0;1;2;1;0;51;69
260160;54;61;31;32;34;49;45;55;49;36;51;109;1817;2423
260170;277;415;310;341;362;397;332;449;421;465;404;584;12129;16886
260180;7;5;1;3;6;2;5;5;1;3;4;3;71;116
260190;261;244;237;261;292;259;227;239;198;438;197;229;7722;10804
260200;9;7;13;15;11;10;10;8;7;17;10;11;416;544
260210;40;65;31;48;58;46;49;27;58;31;34;48;1724;2259
260220;47;120;47;46;25;86;61;48;38;48;36;107;1391;2100
260230;86;81;99;82;67;101;94;283;64;89;54;107;3654;4861
260240;16;16;9;17;11;18;13;15;11;26;13;37;507;709
260250;15;11;29;68;49;23;24;20;18;25;37;30;337;686
260260;57;74;49;53;63;44;44;86;51;45;64;97;1678;2405
260270;7;7;9;10;11;9;10;4;11;6;7;19;366;476
260280;25;27;49;24;73;28;33;29;20;40;12;26;1393;1779
260290;1491;1542;1680;1724;1654;1464;1654;1463;1639;1705;1535;2432;43720;63703
260300;34;31;40;32;36;31;28;57;36;47;74;42;1479;1967
260310;17;14;10;39;26;13;24;9;13;48;12;17;668;910
260320;18;16;16;10;10;15;12;12;11;14;16;13;549;712
260330;1;4;0;2;3;2;1;4;0;1;2;1;80;101
260340;1;0;1;0;2;1;3;0;3;1;0;2;38;52
260345;529;470;538;439;598;504;521;542;477;507;441;502;13208;19276
260350;13;12;25;10;13;12;9;7;5;17;11;17;630;781
260360;65;78;69;688;67;222;97;83;74;67;63;92;4117;5782
260370;26;26;36;33;49;27;33;24;25;24;31;26;1256;1616
260380;4;20;13;24;15;12;17;9;12;12;17;16;522;693
260390;19;18;34;12;15;16;42;40;18;22;27;23;518;804
260392;1;0;0;1;3;0;1;1;2;0;0;0;28;37
260400;282;308;296;352;359;296;312;305;275;319;335;268;11476;15183
260410;3028;2879;3069;3025;3230;3018;3168;3043;3069;3228;3211;2874;81619;118461
260415;1;3;2;1;4;0;0;8;4;6;15;13;103;160
260420;10;12;20;20;31;10;18;13;17;16;15;37;805;1024
260430;10;4;7;0;4;6;17;9;13;2;1;1;111;185
260440;7;28;17;10;22;12;16;34;18;22;18;11;435;650
260450;23;19;18;15;35;20;29;33;13;15;22;23;826;1091
260460;68;85;68;64;67;46;31;44;63;68;52;51;1598;2305
260470;3;6;7;8;6;2;5;2;7;4;5;3;271;329
260480;4;68;7;7;4;4;4;4;6;11;33;9;425;586
260490;11;10;11;4;6;5;2;2;4;6;5;7;173;246
260500;65;42;58;75;57;38;45;125;44;49;44;71;1611;2324
260510;114;104;122;147;180;191;186;190;144;126;156;189;2680;4529
260515;71;70;68;57;63;51;59;107;63;75;63;59;1571;2377
260520;326;550;427;332;329;231;302;321;254;224;266;281;7157;11000
260530;17;23;19;13;18;20;28;27;20;17;14;16;609;841
260540;25;34;32;20;21;17;30;31;13;26;22;29;838;1138
260545;149;135;152;177;139;127;128;133;135;141;140;145;2403;4104
260550;42;131;102;109;18;24;28;36;36;41;51;62;879;1559
260560;101;165;113;135;49;113;57;41;19;45;22;13;431;1304
260570;70;81;70;45;59;82;98;85;74;116;54;66;2753;3653
260580;4;8;3;5;4;2;7;5;4;6;6;10;246;310
260590;11;11;50;12;8;9;7;6;6;5;8;6;453;592
260600;754;982;1071;711;689;674;635;671;575;758;1203;1068;20949;30740
260610;61;67;48;57;64;42;55;60;52;49;53;58;2065;2731
260620;782;536;614;552;742;607;556;774;601;691;577;566;25172;32770
260630;2;0;0;1;0;1;0;1;0;1;0;0;51;57
260640;325;289;323;284;329;290;266;276;315;297;270;278;9826;13368
260650;7;14;6;3;3;12;4;7;9;5;7;10;288;375
260660;27;19;15;19;70;26;19;9;14;20;13;11;494;756
260670;21;7;0;0;1;0;0;0;1;1;0;1;37;69
260680;827;879;1414;1287;951;740;802;816;907;830;806;737;22645;33641
260690;1;0;3;0;0;5;3;0;2;3;0;3;101;121
260700;10;21;54;96;228;154;46;26;6;9;8;14;664;1336
260710;0;0;0;1;2;0;1;1;0;1;1;0;23;30
260720;1343;1566;1869;2648;2010;1608;1642;1490;1205;1919;1410;1317;33453;53480
260730;14;25;24;27;20;26;30;25;23;30;33;30;861;1168
260740;0;1;0;0;0;0;7;1;0;1;0;0;31;41
260750;12;15;9;6;10;13;11;9;6;10;4;14;320;439
260760;27;17;33;19;26;13;21;26;22;23;15;17;661;920
260765;180;611;153;146;161;80;97;106;103;105;97;126;3347;5312
260770;18;30;12;13;20;15;5;13;8;9;9;7;400;559
260775;50;105;100;87;77;125;88;102;112;92;57;53;4315;5363
260780;4;44;128;8;15;20;14;11;9;19;10;10;409;701
260790;4120;3602;4113;3862;3707;3656;3894;5083;4147;4008;3861;4741;102037;150831
260795;19;12;5;6;4;7;8;3;4;0;8;6;207;289
260800;6;9;17;7;14;5;4;6;5;4;9;9;283;378
260805;10;13;22;25;29;21;35;104;22;18;25;22;617;963
260810;26;49;53;18;33;24;39;24;27;27;25;25;1014;1384
260820;99;242;55;150;30;6;20;17;7;17;27;29;788;1487
260825;11;7;3;5;4;1;1;5;6;14;5;4;131;197
260830;14;6;16;9;7;12;15;20;15;44;16;14;584;772
260840;4;2;1;5;2;4;6;4;2;1;3;2;208;244
260845;16;22;24;16;21;19;18;19;27;27;20;13;824;1066
260850;90;127;112;900;444;100;68;118;110;92;60;97;5755;8073
260860;2;17;4;4;3;3;1;2;2;3;2;1;131;175
260870;2;3;8;3;6;4;2;5;3;8;4;6;179;233
260875;244;105;160;310;274;167;175;137;161;239;267;328;2764;5331
260880;87;92;95;100;114;87;79;67;59;78;87;81;2941;3967
260890;151;138;151;178;207;137;136;161;184;172;156;152;5987;7910
260900;27;25;28;44;73;35;46;41;53;38;25;32;1314;1781
260910;33;34;33;16;28;43;32;45;32;32;29;20;837;1214
260915;4;3;4;1;6;2;2;0;0;2;0;4;111;139
260920;2;2;14;2;8;1;1;2;5;3;2;1;168;211
260930;10;5;7;5;10;6;1;5;2;8;2;3;206;270
260940;342;203;695;523;260;239;255;220;261;246;254;284;8379;12161
260950;81;106;123;107;148;88;101;138;117;81;167;93;4306;5656
260960;2939;2862;3667;2676;2991;2477;2866;2757;2480;2912;2484;2225;77636;110972
260970;18;27;32;14;35;25;32;31;23;34;21;47;1364;1703
260980;3;1;3;4;3;2;9;4;9;1;7;4;151;201
260990;73;116;119;72;72;75;68;82;70;92;73;107;3329;4348
261000;321;226;291;263;223;235;253;186;264;190;177;199;8486;11314
261010;2;3;2;2;0;1;0;1;1;3;0;0;59;74
261020;2;21;12;11;9;2;9;12;11;7;6;11;449;562
261030;4;2;5;3;1;4;4;4;6;3;2;2;145;185
261040;6;18;7;8;7;5;7;35;6;10;14;6;315;444
261050;23;28;58;18;52;22;24;25;15;26;26;11;926;1254
261060;141;136;169;158;168;147;188;161;134;150;147;124;4914;6737
261070;2094;1958;2828;1757;2067;1629;1742;1885;3936;1795;1638;1576;51825;76730
261080;12;11;11;9;5;20;15;3;5;12;9;6;454;572
261090;89;118;106;134;149;115;123;113;90;108;129;107;3852;5233
261100;66;59;51;65;61;62;63;48;52;64;49;54;2090;2784
261110;4871;3589;4827;4831;4706;4141;4004;4062;4268;5009;5248;4766;84043;138365
261120;6;6;8;8;4;5;9;6;8;9;7;18;294;388
261130;56;54;73;46;73;45;67;83;45;70;66;83;2577;3338
261140;65;123;418;961;97;78;175;126;108;100;131;72;3767;6221
261150;6;11;16;11;13;23;8;14;9;11;8;8;384;522
261153;0;2;0;2;3;2;0;0;0;0;2;1;41;53
261160;21158;19196;19908;19869;19931;18893;20275;22468;17911;20225;18126;18974;550154;787088
261170;15;11;24;23;19;15;28;18;28;23;16;29;831;1080
261180;113;248;242;95;104;90;95;119;117;122;91;89;3166;4691
261190;120;96;1658;255;169;177;76;71;107;155;190;84;6347;9505
261200;17;16;14;21;16;28;22;15;25;24;22;19;784;1023
261210;5;1;2;3;3;0;3;2;2;2;1;1;81;106
261220;174;177;186;205;187;394;215;205;227;208;194;206;6499;9077
261230;13;15;3;10;17;10;7;8;12;13;8;7;452;575
261240;14;13;13;29;39;19;14;13;11;11;9;16;645;846
261245;2;3;4;8;2;2;4;1;3;4;1;1;121;156
261247;9;9;5;8;4;5;5;2;7;6;11;20;335;426
261250;486;604;572;579;604;518;616;567;565;599;503;599;14503;21315
261255;1;2;3;2;0;2;4;1;2;5;1;1;109;133
261260;50;28;42;28;141;92;30;46;33;52;47;73;1234;1896
261270;5;7;5;10;5;6;10;6;6;6;6;8;322;402
261280;9;7;11;1;12;5;5;5;5;0;3;13;180;256
261290;0;3;4;2;5;1;3;0;3;2;0;4;157;184
261300;153;184;154;254;197;172;197;179;183;186;194;179;5203;7435
261310;61;68;83;73;60;72;62;57;62;87;42;61;2489;3277
261320;11;30;19;26;29;24;20;29;24;28;22;34;694;990
261330;11;3;11;13;11;7;6;7;9;5;8;6;355;452
261340;44;34;41;53;42;49;42;58;71;56;53;99;1414;2056
261350;67;85;110;69;147;91;71;67;74;97;152;61;2427;3518
261360;96;76;86;57;75;80;81;58;59;59;68;70;2073;2938
261370;305;280;347;309;324;231;275;265;249;227;246;257;9038;12353
261380;32;24;63;16;17;49;42;25;60;29;23;27;988;1395
261390;318;306;278;274;360;373;396;290;289;365;272;312;11048;14881
261400;2;4;5;2;3;3;3;17;5;5;13;13;145;220
261410;29;25;26;21;28;29;33;24;28;22;30;26;764;1085
261420;393;208;254;1476;585;120;114;333;274;202;215;160;6468;10802
261430;3;2;2;4;0;1;4;1;2;3;4;1;100;127
261440;0;0;0;0;0;0;1;2;1;2;1;1;28;36
261450;179;174;192;161;163;150;170;165;182;165;143;189;6567;8600
261460;33;25;31;30;32;40;32;49;66;67;36;47;1198;1686
261470;28;28;25;25;28;13;24;23;21;24;15;18;925;1197
261480;3;3;0;5;4;4;6;6;3;2;2;4;285;327
261485;216;279;203;163;253;223;230;241;264;353;210;380;5325;8340
261500;33;52;63;103;115;68;59;70;52;80;57;77;2108;2937
261510;0;5;1;1;2;2;4;2;2;1;0;7;42;69
261520;2;14;6;16;20;56;53;69;131;97;119;82;174;839
261530;259;429;410;290;316;197;204;746;223;275;164;145;8888;12546
261540;156;155;191;171;226;163;165;183;189;233;159;200;5371;7562
261550;14;15;45;107;28;11;15;15;17;25;16;10;460;778
261560;46;40;74;79;122;56;55;78;63;120;60;60;2107;2960
261570;24;23;26;21;25;18;31;13;22;25;14;28;731;1001
261580;8;2;19;2;4;7;5;6;8;5;3;4;223;296
261590;1;9;8;6;1;5;5;4;6;3;7;4;210;269
261600;21;23;11;22;18;17;15;21;17;18;18;5;413;619
261610;7;4;5;2;2;6;12;6;3;5;6;0;203;261
261618;2;3;3;2;5;2;1;3;3;1;4;4;233;266
261620;15;12;12;11;16;8;22;13;17;18;20;13;653;830
261630;125;1432;125;80;151;89;88;125;109;114;94;105;3283;5920
261640;532;589;638;1795;651;584;586;668;557;596;599;557;26026;34378
261650;15;33;68;57;60;13;21;7;14;28;14;14;653;997
270010;6;13;5;14;11;13;16;13;21;10;5;10;250;387
270020;3;12;9;21;15;4;7;5;6;6;1;5;285;379
270030;1842;1676;1977;1949;1873;1439;1691;1910;1600;1664;1649;1459;45392;66121
270040;151;1095;245;111;70;64;52;103;122;120;72;112;3800;6117
270050;94;49;68;60;36;51;38;28;41;41;66;33;1059;1664
270060;89;131;98;80;111;89;91;81;103;74;94;69;1751;2861
270070;25;42;48;40;24;17;19;32;12;20;34;23;664;1000
270080;7;21;21;19;29;11;17;10;4;23;5;12;197;376
270090;1;3;0;2;0;0;2;14;5;2;1;2;102;134
270100;27;55;52;126;62;30;47;36;21;25;30;35;1269;1815
270110;1;4;2;2;1;4;3;6;6;4;4;13;150;200
270120;11;3;10;5;8;110;152;26;13;20;13;34;281;686
270130;25;14;33;19;14;27;19;26;27;22;20;18;656;920
270135;2;10;3;11;2;2;2;3;4;9;6;14;135;203
270140;86;69;202;1818;327;75;70;60;50;91;101;101;5099;8149
270150;4;3;4;0;0;7;2;0;1;5;1;0;55;82
270160;1;10;5;3;7;13;5;4;16;1;2;4;127;198
270170;35;45;39;29;22;30;66;54;100;28;25;18;741;1232
270180;3;1;2;1;2;1;1;3;3;3;1;9;68;98
270190;7;11;15;29;30;4;8;4;10;10;4;34;221;387
270200;3;7;13;6;9;7;16;8;13;9;12;10;192;305
270210;53;69;179;94;37;30;30;23;18;19;49;27;877;1505
270220;4;1;2;1;2;0;1;1;6;1;0;1;61;81
270230;311;352;2185;564;207;199;160;255;228;219;218;201;10872;15971
270235;47;65;45;52;85;50;89;26;53;57;40;39;1361;2009
270240;190;154;153;131;132;126;122;131;122;153;145;236;3576;5371
270250;4;2;0;3;2;6;4;2;3;6;3;3;91;129
270255;3;2;1;5;2;38;20;13;13;27;9;11;128;272
270260;19;14;10;19;6;23;13;8;5;15;14;18;308;472
270270;7;6;4;7;7;12;5;5;9;5;11;10;241;329
270280;7;10;13;12;6;11;20;14;8;8;8;8;335;460
270290;38;31;24;41;31;19;26;50;28;26;32;13;547;906
270300;15;6;20;6;8;9;8;3;8;4;4;0;259;350
270310;5;8;6;5;9;5;14;9;8;9;12;3;239;332
270320;33;29;146;776;206;41;86;19;25;22;32;24;3257;4696
270330;2;4;2;3;5;6;6;3;3;0;3;5;181;223
270340;1;1;2;2;0;0;2;0;1;1;4;3;85;102
270350;7;4;9;5;7;4;4;7;1;2;4;6;164;224
270360;59;48;45;42;41;54;54;64;53;40;44;55;1513;2112
270370;3;0;4;4;2;0;1;3;0;0;2;0;31;50
270375;18;10;14;24;6;9;6;14;17;7;15;22;403;565
270380;20;26;47;12;14;24;19;19;9;19;57;24;508;798
270390;8;1;4;8;2;1;6;6;1;1;9;3;85;135
270400;90;63;655;98;56;56;60;44;93;61;59;168;1919;3422
270410;9;54;29;14;11;12;9;51;28;80;61;12;737;1107
270420;36;38;151;39;51;128;52;32;49;36;36;28;1415;2091
270430;8579;8822;10106;9417;9391;8704;9184;9205;9820;9191;8630;8721;228591;338361
270440;9;21;17;8;12;12;6;9;4;10;28;8;432;576
270450;249;199;244;230;293;169;224;257;196;235;207;266;6204;8973
270460;1;4;4;1;2;1;3;1;3;3;1;1;85;110
270470;457;432;515;464;858;515;450;449;436;638;546;434;12167;18361
270480;30;13;11;15;10;9;11;11;11;6;12;12;578;729
270490;2;1;5;1;0;7;1;2;2;1;1;4;87;114
270500;7;8;6;2;8;1;5;8;2;2;6;6;256;317
270510;78;44;496;250;95;42;52;56;64;79;71;106;3241;4674
270520;20;53;37;27;27;33;41;66;58;44;41;20;897;1364
270530;1;0;0;0;0;0;1;0;0;0;0;0;10;12
270540;9;3;3;14;11;7;4;4;6;6;34;6;171;278
270550;124;145;105;99;98;114;119;84;98;133;164;229;3347;4859
270560;23;12;15;55;33;17;10;20;12;16;23;14;444;694
270570;23;20;42;31;27;39;31;25;30;21;26;31;1203;1549
270580;1;0;5;0;1;0;2;2;2;1;2;1;97;114
270590;2;0;0;0;0;0;0;0;0;1;0;0;11;14
270600;2;5;2;3;3;4;2;0;2;6;2;5;83;119
270610;7;19;7;5;10;16;35;7;18;13;9;13;250;409
270620;0;1;1;0;0;0;0;0;0;0;0;0;4;6
270630;166;149;154;195;126;168;145;158;141;126;104;673;5429;7734
270640;9;6;4;4;10;7;9;18;5;10;7;6;392;487
270642;1;1;1;0;3;5;5;6;11;3;4;1;83;124
270644;49;75;58;35;64;47;51;42;42;54;50;41;1309;1917
270650;91;36;56;35;52;60;53;20;48;65;32;48;897;1493
270660;0;1;1;1;3;1;1;1;2;2;2;1;87;103
270670;222;250;240;536;286;178;184;197;231;227;214;213;5974;8952
270680;11;7;4;15;11;6;12;20;44;29;25;16;326;526
270690;122;111;136;104;161;97;172;132;114;166;109;135;3782;5341
270700;0;0;7;1;0;1;0;0;0;0;0;0;53;62
270710;34;42;21;27;34;40;42;44;34;76;25;24;1131;1574
270720;3;2;2;1;5;1;2;2;6;0;4;1;47;76
270730;50;107;56;43;27;50;39;40;56;52;47;28;1364;1959
270740;81;92;96;96;112;83;114;86;85;120;88;70;1597;2720
270750;6;6;10;5;2;4;6;5;9;9;6;6;344;418
270760;1;7;4;3;3;2;3;0;4;5;6;2;163;203
270770;558;2019;1611;437;458;319;314;414;409;486;429;484;14829;22767
270780;4;15;6;10;8;9;43;21;14;3;7;8;456;604
270790;7;14;19;26;13;20;19;13;13;32;20;15;541;752
270800;119;150;166;195;176;153;133;157;141;121;139;155;4184;5989
270810;2;1;2;4;5;4;6;2;1;5;6;0;141;179
270820;1;1;1;2;0;1;4;1;1;2;0;0;45;59
270830;142;109;1160;724;102;89;95;271;96;116;122;130;5385;8541
270840;37;40;31;31;29;46;27;21;31;22;31;21;874;1241
270850;130;121;1026;501;168;67;87;90;94;94;193;174;6960;9705
270860;288;271;632;1245;479;357;331;377;453;350;352;380;10639;16154
270870;73;79;85;75;115;94;85;93;71;81;80;81;1751;2763
270880;70;72;76;94;58;70;79;108;115;63;51;68;1463;2387
270890;37;61;55;36;69;56;56;62;66;47;53;42;1061;1701
270895;3;2;4;2;1;2;4;2;3;1;3;2;94;123
270900;0;0;4;0;1;0;0;0;0;0;0;1;38;44
270910;33;16;56;25;18;11;9;11;15;19;17;8;467;705
270915;100;179;546;188;155;128;139;145;219;157;102;178;3000;5236
270920;4;2;3;4;4;5;5;1;2;1;4;6;85;126
270930;91;119;121;141;112;111;108;114;126;119;115;114;4021;5412
270940;26;38;48;29;68;37;34;34;21;28;27;26;1443;1859
280010;0;1;1;1;1;1;4;0;0;2;1;0;22;34
280020;25;26;22;56;34;20;25;26;20;23;24;17;849;1167
280030;6481;6033;6582;6117;6402;6048;6310;6518;6376;6913;6562;6599;178802;255743
280040;7;7;7;19;8;9;10;3;5;12;13;12;370;482
280050;19;29;101;88;28;29;38;30;27;26;19;32;828;1294
280060;260;259;266;282;235;356;267;234;224;269;199;154;4201;7206
280067;41;42;26;25;30;20;28;36;37;28;30;54;1303;1700
280070;1;3;2;3;1;2;3;1;0;4;1;3;96;120
280100;35;32;40;41;35;34;35;43;35;37;42;54;1319;1782
280110;1;1;2;1;0;2;4;2;1;0;0;0;41;55
280120;59;67;58;78;65;105;74;60;52;62;46;57;1234;2017
280130;164;277;1394;138;104;64;57;66;81;147;112;164;3766;6534
280140;20;26;23;17;33;25;22;22;25;24;36;36;1045;1354
280150;81;88;88;90;79;75;125;79;79;101;103;137;2471;3596
280160;1;1;2;2;4;4;6;4;4;1;0;4;105;138
280170;26;50;27;32;34;38;39;25;31;18;42;50;944;1356
280190;3;3;2;11;3;1;2;2;2;5;1;2;140;177
280200;3;2;2;6;0;3;4;3;1;4;3;3;79;113
280210;279;264;272;275;233;269;268;213;236;272;294;369;10345;13589
280220;1;1;3;5;3;1;2;7;4;7;4;4;118;160
280230;39;90;257;262;181;29;25;70;39;77;45;34;1269;2417
280240;9;18;12;2;0;0;3;2;3;3;2;4;85;143
280250;2;6;3;2;4;2;6;5;5;0;0;2;42;79
280260;5;0;11;13;6;5;6;21;5;3;4;6;99;184
280270;2;0;2;5;4;4;4;6;8;20;22;5;223;305
280280;7;6;11;6;9;6;15;8;8;12;8;11;444;551
280290;554;585;515;621;633;465;616;568;536;576;569;456;17244;23938
280300;64;59;91;70;56;63;63;67;64;90;74;63;2796;3620
280310;7;2;3;17;2;3;2;3;1;1;2;7;96;146
280320;60;63;59;72;82;79;72;53;48;67;52;46;3167;3920
280330;34;50;202;46;52;67;38;20;21;30;27;23;1316;1926
280340;37;55;52;30;25;26;21;25;15;28;27;27;1019;1387
280350;391;396;396;451;443;516;403;446;320;385;325;381;13324;18177
280360;223;212;1545;366;186;82;144;240;163;208;162;129;5515;9175
280370;18;7;12;12;7;3;9;9;24;9;11;7;288;416
280380;34;15;4;11;12;5;10;6;12;5;1;5;264;384
280390;4;12;9;71;6;13;15;5;4;8;8;11;293;459
280400;39;40;30;28;23;29;37;26;33;34;29;27;953;1328
280410;11;7;9;9;12;10;14;4;11;9;14;8;335;453
280420;16;16;16;19;16;12;5;7;15;13;16;14;365;530
280430;9;14;13;11;27;9;16;9;16;8;12;27;496;667
280440;70;64;49;49;53;40;51;45;33;51;51;44;2096;2696
280445;14;9;2;4;12;4;9;9;5;3;6;3;164;244
280450;214;290;203;217;272;216;216;205;172;275;172;240;5857;8549
280460;146;80;570;116;64;38;54;46;56;80;73;131;2799;4253
280470;3;2;3;12;4;1;3;2;0;4;3;3;138;178
280480;894;771;868;760;898;785;816;849;956;923;818;790;24933;35061
280490;8;8;8;5;11;2;6;3;8;13;11;5;341;429
280500;0;0;1;4;0;1;1;2;0;1;1;0;35;46
280510;3;4;2;2;5;6;16;6;6;3;3;5;123;184
280520;4;6;2;4;5;1;3;3;1;0;8;2;137;176
280530;8;6;7;3;6;5;8;7;11;10;5;10;390;476
280540;25;18;20;12;28;16;21;20;15;20;16;22;503;736
280550;32;42;94;73;58;39;26;63;48;23;119;22;1765;2404
280560;13;13;2;21;9;5;22;10;5;10;11;21;392;534
280570;97;84;118;89;118;83;64;55;72;89;67;86;3453;4475
280580;5;10;6;5;7;12;11;13;6;10;7;4;228;324
280590;16;12;30;22;26;25;20;22;8;16;27;20;910;1154
280600;32;30;37;39;39;29;25;23;27;28;26;23;1380;1738
280610;19;34;37;29;33;44;33;60;27;32;32;25;1390;1795
280620;14;22;27;24;23;25;10;13;21;19;23;38;707;966
280630;4;12;12;12;10;14;5;5;6;8;1;1;260;350
280640;0;5;4;1;4;1;1;0;7;4;3;2;117;149
280650;0;0;2;2;2;0;3;0;1;0;1;1;44;56
280660;15;15;13;7;10;20;25;12;14;18;7;8;476;640
280670;349;227;271;310;346;310;292;293;402;450;379;539;11086;15254
280680;28;13;16;14;20;30;11;14;7;13;10;15;339;530
280690;7;10;82;2;8;4;12;10;12;15;18;21;200;401
280700;19;3;4;1;3;2;3;2;4;9;0;1;75;126
280710;234;128;224;143;144;149;120;155;124;105;270;95;4689;6580
280720;12;8;6;8;4;10;9;8;14;21;13;13;296;422
280730;0;0;1;2;4;1;1;3;0;0;2;1;65;80
280740;161;135;113;127;110;98;134;102;91;112;93;111;3987;5374
280750;1;5;3;4;3;5;5;5;6;14;2;6;291;350
280760;35;46;52;34;27;54;81;45;45;45;56;36;1858;2414
290010;2;4;1;3;3;3;0;2;0;5;6;1;125;155
290020;26;11;9;18;8;5;8;13;6;14;13;26;641;798
290030;19;11;10;6;9;4;1;8;4;4;10;25;296;407
290035;7;9;7;5;8;12;10;6;5;2;8;23;195;297
290040;18;27;15;20;25;16;11;13;13;17;10;6;475;666
290050;34;18;13;4;6;1;6;4;4;4;14;10;142;260
290060;4;9;5;1;10;10;6;4;7;5;15;8;233;317
290070;798;909;1040;964;1008;986;980;938;955;914;988;849;26631;37960
290080;39;34;29;37;27;52;53;37;37;32;77;25;960;1439
290090;1;12;1;2;3;5;2;7;4;10;6;2;192;247
290100;139;89;125;193;120;112;95;140;142;140;150;171;4224;5840
290110;84;150;67;63;68;60;181;164;95;76;86;67;2001;3162
290115;5;8;1;10;4;9;7;3;2;4;6;12;130;201
290120;30;32;27;22;32;29;27;32;20;11;16;17;703;998
290130;26;25;13;14;14;24;27;15;20;19;21;16;525;759
290135;25;18;43;29;31;29;36;30;26;65;31;23;1671;2057
290140;13;4;5;43;26;4;3;10;5;9;8;8;308;446
290150;30;40;43;62;49;20;10;12;16;21;40;16;543;902
290160;25;26;19;15;10;6;10;6;8;7;7;7;472;618
290170;4;13;6;5;16;8;2;25;10;37;17;3;247;393
290180;3;7;18;11;31;19;27;24;17;12;19;12;342;542
290190;4;1;10;7;6;9;7;7;12;27;10;9;286;395
290195;9;11;4;1;4;2;3;2;4;1;1;3;111;156
290200;7;12;4;4;20;8;6;11;2;12;4;12;321;423
290205;88;36;27;9;12;11;11;16;11;14;8;14;349;606
290210;54;47;50;55;48;28;50;76;39;49;34;30;1189;1749
290220;14;6;17;10;11;6;5;4;6;9;6;7;325;426
290225;15;25;18;14;12;13;19;22;8;26;15;17;417;621
290230;3;4;6;2;5;3;2;2;1;6;3;4;186;227
290240;16;17;31;13;14;14;12;10;12;12;16;18;457;642
290250;30;29;15;40;28;26;24;114;26;31;99;99;725;1286
290260;28;25;38;42;29;21;33;11;11;23;10;9;539;819
290265;2;0;5;5;7;4;4;5;10;4;4;6;125;181
290270;34;43;37;27;36;30;44;41;33;36;50;82;1465;1958
290280;128;116;83;84;84;83;93;67;84;54;67;82;1905;2930
290290;202;102;122;112;167;81;126;204;472;329;357;72;2432;4778
290300;3;5;4;6;6;4;5;4;11;8;6;4;204;270
290310;1;4;4;11;3;0;4;5;3;4;2;6;187;234
290320;1680;1592;1830;1909;2001;1871;1939;1645;1631;1656;1629;1952;34838;56173
290323;5;3;2;0;6;2;1;3;1;2;1;3;121;150
290327;51;56;64;66;56;63;52;49;52;56;47;23;1309;1944
290330;8;6;5;5;7;8;10;7;4;8;9;10;264;351
290340;71;35;40;41;29;31;34;92;52;39;28;54;1183;1729
290350;16;19;16;11;12;9;19;7;5;8;14;7;421;564
290360;9;21;10;13;10;9;17;6;6;4;5;6;295;411
290370;12;5;7;3;13;6;14;8;6;8;7;10;308;407
290380;15;11;14;8;7;8;3;13;5;14;7;7;367;479
290390;206;217;269;200;330;239;265;234;189;275;233;186;7193;10036
290395;2;1;0;1;0;0;0;1;2;1;4;0;38;50
290400;50;38;17;18;18;22;17;25;15;16;40;23;668;967
290405;22;21;26;18;29;21;32;7;37;31;30;15;539;828
290410;16;9;8;10;12;3;8;7;3;6;8;10;356;456
290420;3;6;4;2;3;2;1;9;3;2;5;5;213;258
290430;19;6;9;8;17;103;7;7;14;14;14;8;268;494
290440;2;2;2;6;8;4;5;5;4;3;4;5;206;256
290450;4;12;16;97;21;5;21;16;18;23;18;40;383;674
290460;578;500;536;584;634;535;443;438;388;552;536;996;13567;20287
290470;12;27;30;31;27;24;44;46;30;45;36;36;835;1223
290475;3;7;7;10;3;0;2;4;3;4;2;9;178;232
290480;6;5;9;10;10;8;7;16;2;8;6;4;407;498
290485;4;7;16;12;13;6;4;11;5;7;7;9;412;513
290490;101;42;62;81;66;51;97;94;112;73;93;126;2929;3927
290500;51;59;109;96;92;70;98;86;65;100;72;81;3196;4175
290510;13;8;8;7;14;17;23;6;10;5;2;4;104;221
290515;48;6;15;4;5;3;6;3;3;2;6;4;127;232
290520;187;221;199;235;194;223;224;233;178;175;172;203;4972;7416
290530;262;197;111;127;66;40;33;21;20;22;29;28;520;1476
290540;102;121;184;171;141;131;120;214;76;122;186;105;3047;4720
290550;1;2;1;1;2;1;1;1;0;2;1;0;62;75
290560;88;64;159;72;70;87;66;80;53;49;45;44;2304;3181
290570;3866;3565;3473;3796;3636;3027;3132;3323;3090;3057;3609;3567;76491;117632
290580;87;61;62;49;102;51;75;69;98;66;44;62;1870;2696
290590;12;16;20;28;12;20;20;31;13;15;22;30;806;1045
290600;152;127;177;162;161;156;127;122;92;118;99;105;3650;5248
290610;3;7;3;2;3;5;6;7;2;0;3;4;90;135
290620;7;13;6;12;16;14;10;9;13;13;12;11;449;585
290630;40;51;43;57;72;48;73;55;79;53;42;55;1878;2546
290640;2;1;3;0;1;4;0;1;1;2;4;9;112;140
290650;494;379;539;428;508;561;483;398;428;501;514;522;13799;19554
290660;11;8;5;5;6;7;5;3;3;4;2;5;308;372
290670;14;26;18;16;26;24;34;19;18;26;30;10;577;838
290680;16;36;24;32;22;24;19;30;36;27;37;21;840;1164
290682;10;11;26;6;13;13;15;19;15;11;7;10;389;545
290685;5;11;7;11;6;6;9;6;9;3;5;3;263;344
290687;142;146;205;241;144;118;122;135;145;124;201;174;4915;6812
290689;14;13;17;9;5;3;7;13;3;1;4;3;183;275
290690;39;43;61;39;32;36;50;36;43;39;50;34;1350;1852
290700;8;9;25;12;8;6;20;8;4;7;9;4;218;338
290710;9;16;33;15;36;18;13;26;32;33;31;15;615;892
290720;803;471;695;721;727;764;663;645;703;878;1015;1083;9789;18957
290730;49;86;69;91;62;69;65;81;87;99;66;98;2442;3364
290740;1;4;6;7;3;3;8;3;3;2;1;2;136;179
290750;352;268;260;283;411;339;408;306;276;351;317;577;8829;12977
290755;0;3;1;1;3;2;0;0;0;0;4;2;90;106
290760;2;1;7;3;5;5;4;12;9;4;18;5;148;223
290770;4;1;2;1;1;0;6;2;0;1;0;3;172;193
290780;18;55;40;61;56;36;52;38;37;37;36;56;1624;2146
290790;7;12;6;6;5;7;4;16;11;9;1;3;394;481
290800;28;37;26;17;25;10;16;14;10;14;18;17;709;941
290810;137;71;182;118;138;103;119;117;142;127;136;145;2436;3971
290820;44;71;77;62;78;227;68;77;54;64;66;212;2510;3610
290830;25;15;35;28;73;27;30;36;36;45;29;13;1640;2032
290840;124;162;153;311;167;200;142;177;160;178;187;163;5536;7660
290850;319;310;342;439;454;371;350;363;385;444;419;391;11579;16166
290860;27;21;30;14;32;20;25;30;18;45;41;44;1154;1501
290870;15;12;9;18;12;11;19;27;93;74;18;13;809;1130
290880;2;2;1;1;6;0;2;1;1;2;5;0;113;136
290890;37;42;63;51;46;41;54;49;55;53;58;60;1547;2156
290900;27;3;18;6;4;3;19;2;3;1;2;4;222;314
290910;12;15;12;16;14;21;16;63;15;10;11;13;301;519
290920;16;13;6;3;13;2;10;8;4;14;7;7;216;319
290930;325;255;358;302;497;361;323;309;508;329;331;481;5809;10188
290940;11;5;8;16;19;5;12;6;14;18;12;14;507;647
290950;0;1;1;1;1;2;3;3;0;1;1;4;98;116
290960;11;19;8;24;22;5;8;13;9;7;2;4;296;428
290970;3;4;4;6;7;7;3;9;5;1;13;4;247;313
290980;309;322;255;252;278;264;300;395;303;349;363;264;9189;12843
290990;44;40;25;49;61;36;53;26;40;54;40;40;1167;1675
291000;8;11;8;7;10;23;19;11;39;18;10;4;303;471
291005;457;536;661;518;465;389;507;454;389;387;459;441;11238;16901
291010;20;15;12;8;11;14;16;10;7;7;17;7;352;496
291020;3;5;7;5;8;6;4;4;6;12;10;17;169;256
291030;22;3;9;15;5;6;31;8;6;5;1;6;222;339
291040;14;25;30;14;16;17;59;15;43;23;15;10;859;1140
291050;94;84;104;95;103;77;73;131;81;79;78;95;3053;4147
291060;76;108;70;71;131;120;86;105;82;139;129;180;3786;5083
291070;74;84;89;81;76;50;79;65;76;80;89;125;2884;3852
291072;843;1243;1054;994;1011;891;1136;1258;992;1012;983;973;23348;35738
291075;8;14;15;7;21;9;12;8;5;8;8;6;353;474
291077;2;2;2;2;3;3;2;6;2;1;1;0;105;131
291080;5192;4752;5898;5140;5321;4860;5349;5205;5079;5689;5702;5342;142479;206008
291085;6;12;8;9;23;63;10;12;9;15;16;17;537;737
291090;14;18;17;16;62;57;11;9;12;11;24;4;534;789
291100;15;8;10;13;19;15;19;18;12;33;11;16;441;630
291110;303;247;273;356;407;357;290;325;346;333;298;448;5301;9284
291120;98;81;205;73;77;86;82;60;80;85;106;103;2770;3906
291125;0;1;0;0;1;1;0;0;0;1;1;0;60;65
291130;62;18;134;102;102;115;116;200;265;274;277;160;1702;3527
291140;13;13;15;6;13;6;16;11;3;12;10;9;332;459
291150;6;20;10;7;12;25;18;8;17;18;11;12;477;641
291160;33;193;301;71;45;36;55;33;68;63;50;42;2309;3299
291165;1;1;1;0;3;0;1;1;2;0;1;5;90;106
291170;290;407;479;417;356;326;359;358;329;352;364;380;12193;16610
291180;18;28;26;20;20;42;26;43;31;30;28;15;724;1051
291185;8;8;9;8;4;3;3;1;3;8;6;5;231;297
291190;98;29;53;36;54;21;19;26;43;81;101;68;1385;2014
291200;7;7;8;13;1;5;7;9;5;3;9;4;283;361
291210;73;54;31;46;32;41;51;31;37;49;46;30;1213;1734
291220;192;199;185;288;255;311;157;133;126;137;161;208;3635;5987
291230;42;21;23;18;23;84;23;13;91;9;22;6;949;1324
291240;6;4;14;7;15;11;15;10;11;10;8;6;401;518
291250;7;6;6;5;10;8;7;6;5;2;5;6;183;256
291260;3;3;2;0;1;1;1;0;0;1;0;1;59;72
291270;49;17;16;11;10;7;10;11;18;7;15;22;611;804
291280;86;49;61;61;51;62;67;59;46;72;155;279;2271;3319
291290;32;24;41;24;26;22;50;22;27;38;50;42;1313;1711
291300;64;8;26;7;10;12;2;6;10;34;19;35;741;974
291310;0;2;2;2;3;2;0;0;1;2;4;2;102;122
291320;59;55;91;69;107;140;132;155;207;201;92;194;4733;6235
291330;3;2;1;3;4;0;3;2;2;5;2;4;118;149
291340;12;3;9;14;10;10;8;6;6;4;6;12;399;499
291345;28;15;14;21;20;16;12;18;24;33;10;18;750;979
291350;33;16;43;29;28;16;23;29;21;19;11;21;1192;1481
291360;1317;1386;1366;1279;1192;1040;1608;1260;1219;1412;941;1072;31487;46579
291370;58;78;97;99;73;66;90;200;87;113;64;70;2333;3428
291380;0;3;4;6;1;1;4;0;2;2;4;14;123;164
291390;190;183;173;209;149;190;155;173;149;175;170;203;4995;7114
291400;454;716;315;125;151;94;150;128;157;191;242;136;4326;7185
291410;18;44;24;9;13;17;12;9;14;8;17;35;458;678
291420;4;3;7;3;3;3;2;12;11;5;6;5;141;205
291430;3;4;1;3;5;3;3;3;2;1;5;4;221;258
291440;33;40;16;22;23;22;26;19;17;25;25;30;1038;1336
291450;74;44;72;37;26;20;28;33;16;20;40;32;1287;1729
291460;457;461;456;467;542;512;476;584;540;530;508;475;14007;20015
291465;128;123;130;94;105;131;111;167;104;126;103;112;3006;4440
291470;240;244;226;282;315;213;246;307;301;290;303;182;9528;12677
291480;1167;1145;1347;1123;1535;1038;1077;1099;1067;1272;1174;1164;35719;49927
291490;180;176;216;161;204;137;136;174;156;166;151;135;3607;5599
291500;5;4;7;5;6;7;4;3;5;12;5;8;270;341
291510;5;6;10;20;11;11;26;8;12;14;11;7;315;456
291520;44;76;101;201;277;347;124;178;81;74;130;65;1903;3601
291530;18;15;22;16;35;16;15;29;28;41;43;54;864;1196
291535;1;2;2;11;4;2;3;4;7;3;9;3;185;236
291540;19;11;9;10;3;8;18;14;12;19;16;10;483;632
291550;48;31;36;47;33;31;33;49;33;43;36;30;1308;1758
291560;218;281;321;269;239;227;311;321;263;265;301;223;6450;9689
291570;3;1;1;1;3;3;1;7;2;0;4;5;141;172
291580;45;50;76;56;34;29;29;52;49;47;39;46;1553;2105
291590;9;17;8;10;11;6;15;11;12;6;9;8;265;387
291600;30;17;15;17;18;24;16;20;14;20;16;21;899;1127
291610;83;118;40;43;35;36;40;55;25;22;35;49;1357;1938
291620;23;15;18;22;12;12;14;18;15;17;13;16;667;862
291630;15;17;21;25;28;10;18;41;15;24;8;16;563;801
291640;545;304;361;422;362;391;406;355;342;433;437;325;14743;19426
291650;33;53;48;59;115;41;66;68;42;49;61;54;1882;2571
291660;5;4;4;2;4;6;7;9;6;4;3;8;349;411
291670;26;4;6;9;4;6;2;2;2;4;5;5;203;278
291680;63;36;43;41;38;23;25;41;50;39;55;29;1658;2141
291685;61;80;60;90;79;62;53;69;43;45;76;47;1976;2741
291690;19;4;16;11;8;8;6;12;15;22;11;10;461;603
291700;13;8;13;19;15;9;11;10;12;12;17;14;632;785
291710;32;49;31;27;41;40;46;35;17;28;79;36;1596;2057
291720;44;14;21;16;16;9;25;9;10;11;11;11;509;706
291730;98;35;43;29;55;35;41;51;38;31;51;47;1734;2288
291733;14;9;5;0;4;7;9;8;4;12;10;12;188;282
291735;170;178;149;237;251;168;162;172;313;219;182;236;3484;5921
291740;5;7;4;2;8;2;5;4;6;3;1;8;219;274
291750;292;384;383;295;376;271;395;283;232;284;327;343;10992;14857
291760;70;73;88;74;104;130;89;108;68;90;77;96;3051;4118
291770;178;125;129;157;82;104;108;93;95;168;107;94;4391;5831
291780;21;10;10;10;8;18;33;13;20;16;16;13;367;555
291790;18;13;21;17;8;18;6;14;18;8;17;27;516;701
291800;893;879;905;917;993;764;794;838;818;815;864;676;24480;34636
291810;30;37;41;46;34;40;30;28;32;37;56;76;1077;1564
291820;4;6;5;6;9;5;5;12;4;3;6;8;223;296
291830;7;14;10;5;7;3;12;6;8;11;40;7;444;574
291835;47;16;15;16;21;11;33;12;14;18;22;16;721;962
291840;1681;1650;1810;1750;1683;1740;1936;1823;1618;2040;2872;2083;38447;61133
291845;16;7;17;4;7;14;10;7;7;9;13;10;326;447
291850;10;16;6;9;10;9;3;3;3;10;9;2;183;273
291855;7;9;11;12;9;9;10;8;12;11;4;4;256;362
291860;2;2;3;4;8;1;1;0;3;6;1;5;189;225
291870;11;5;5;6;73;8;5;8;10;15;13;10;265;434
291875;10;18;12;5;13;10;5;7;5;8;8;9;234;344
291880;32;30;16;18;19;25;21;9;13;10;13;62;593;861
291890;18;9;25;17;18;23;34;17;14;9;34;144;336;698
291900;3;8;4;4;7;6;0;1;2;4;3;1;97;140
291905;5;5;10;10;7;6;3;2;5;2;1;3;126;185
291910;3;1;2;4;3;6;3;7;1;0;2;2;66;100
291915;24;20;23;19;32;23;19;24;12;16;14;47;680;953
291920;9342;8712;4759;4947;5106;4321;4878;4854;4916;4995;4380;4449;123302;188961
291930;21;28;39;12;25;16;16;24;20;27;17;26;705;976
291940;20;23;12;30;27;30;39;22;20;41;39;15;616;934
291950;50;64;79;81;58;67;61;61;56;92;61;62;2437;3229
291955;2204;2466;2504;2702;2755;2435;2566;2633;2522;2667;2342;2732;35583;66111
291960;2;4;5;10;5;3;2;2;8;3;2;1;109;156
291970;26;22;36;16;23;13;13;29;28;41;30;30;1007;1314
291980;30;35;24;20;43;33;33;60;30;46;49;62;1494;1959
291990;1;9;5;7;4;2;2;13;6;10;8;7;94;168
291992;38;63;67;68;115;76;82;66;64;62;102;82;1633;2518
291995;11;10;14;8;5;4;0;5;7;5;11;9;146;235
292000;12;12;61;33;20;11;22;11;14;21;14;14;751;996
292010;10;6;7;20;8;11;17;18;12;7;9;38;493;656
292020;26;30;35;24;30;19;32;36;24;53;39;73;681;1102
292030;20;23;12;32;24;45;44;9;5;12;7;5;213;451
292040;23;10;11;9;10;12;7;11;8;14;5;65;329;514
292045;1;0;1;5;3;1;1;0;1;1;1;4;49;68
292050;75;147;133;83;145;83;92;92;72;62;147;145;2342;3618
292060;49;36;39;32;51;19;26;28;35;27;23;69;840;1274
292070;118;159;181;117;111;101;97;71;73;77;91;124;1977;3297
292080;13;5;19;10;14;10;13;6;6;7;13;13;315;444
292090;13;24;13;26;16;8;15;20;12;23;29;14;545;758
292100;501;547;642;466;509;493;482;572;455;614;618;476;14691;21066
292105;26;28;4;6;2;4;17;10;4;3;2;6;118;230
292110;111;116;139;132;87;123;114;123;105;118;112;1079;3105;5464
292120;28;18;32;30;44;27;30;17;34;24;32;40;1156;1512
292130;20;13;24;18;16;66;11;28;16;26;17;18;648;921
292140;2;5;8;13;5;11;7;9;4;5;4;5;292;370
292145;3;5;5;1;9;4;2;3;4;2;1;3;96;138
292150;46;33;18;23;24;30;21;45;85;28;27;25;1094;1499
292160;3;7;3;0;4;1;5;1;1;3;1;0;91;120
292170;65;59;93;72;87;46;40;50;60;57;46;39;1646;2360
292180;13;15;13;12;7;15;12;12;20;10;17;10;367;523
292190;411;175;148;221;386;330;177;114;155;186;150;216;4013;6682
292200;269;322;351;454;373;298;629;599;489;383;586;442;7899;13094
292205;1;3;1;10;38;16;5;4;5;10;4;7;133;237
292210;11;11;15;21;10;4;3;7;7;2;3;9;405;508
292220;4;4;14;8;6;7;2;1;2;9;6;4;174;241
292225;30;56;42;52;49;33;33;31;28;26;23;22;670;1095
292230;38;42;29;39;70;40;55;173;65;111;112;25;1729;2528
292240;41;42;69;42;50;54;53;46;40;64;58;89;2317;2965
292250;38;40;44;57;43;32;45;40;50;72;44;59;1736;2300
292260;37;2;3;5;6;25;8;5;10;8;14;15;272;410
292265;9;7;11;20;8;4;13;12;5;6;10;2;352;459
292270;11;9;8;12;22;9;10;10;28;17;12;8;457;613
292273;6;15;9;11;19;13;13;20;16;21;12;20;324;499
292275;1;2;3;5;1;4;6;4;2;4;0;24;116;172
292280;1;3;7;1;4;1;3;2;1;3;11;7;125;169
292285;1;0;5;0;17;1;1;2;6;22;11;0;88;154
292290;33;39;27;28;19;19;28;17;26;15;15;26;854;1146
292300;188;191;194;191;192;184;206;187;159;185;182;157;4385;6601
292303;4;43;47;22;89;34;71;17;6;5;8;13;97;456
292305;3;0;3;1;1;1;2;2;2;1;0;0;52;68
292310;19;17;29;19;15;17;20;17;16;18;15;16;590;808
292320;56;24;67;73;48;70;34;45;34;27;22;30;685;1215
292330;11;9;5;5;1;5;6;10;5;8;1;9;121;196
292335;26;31;32;36;29;27;33;43;33;46;35;27;1002;1400
292340;22;28;15;13;29;19;39;14;13;16;19;36;588;851
292350;8;11;10;22;11;9;15;32;9;8;20;40;557;752
292360;44;32;37;43;54;67;33;33;113;40;38;45;1381;1960
292370;42;21;38;14;20;15;31;16;11;14;8;7;540;777
292380;23;21;27;11;16;25;39;33;31;33;31;36;1041;1367
292390;5;6;15;8;7;4;5;6;4;7;5;12;224;308
292400;404;447;452;381;527;408;396;510;383;500;466;447;12848;18169
292405;14;16;20;9;12;10;12;16;2;7;6;7;213;344
292410;2;1;1;4;1;0;5;4;1;2;2;2;81;106
292420;11;4;1;4;4;3;1;2;4;3;1;0;98;136
292430;49;14;13;14;10;8;10;17;14;7;14;16;547;733
292440;22;21;20;13;15;13;23;15;14;24;27;17;305;529
292450;6;13;6;8;6;9;17;6;4;2;2;7;230;316
292460;13;8;11;4;14;8;7;20;17;10;25;21;381;539
292465;32;6;7;30;10;2;5;7;18;10;2;3;279;411
292467;5;8;4;3;6;6;5;4;4;3;3;1;128;180
292470;3;4;2;5;4;3;6;3;2;4;2;3;93;134
292480;8;9;8;8;9;6;6;5;3;7;5;16;403;493
292490;3;2;4;6;4;4;6;2;2;5;5;4;100;147
292500;41;45;49;30;78;69;42;55;45;105;94;62;1621;2336
292510;57;73;67;108;87;70;69;106;93;85;91;59;2802;3767
292520;350;344;422;268;210;356;198;223;834;363;248;342;8272;12430
292525;6;10;4;9;6;15;4;2;6;6;4;24;230;326
292530;2110;2195;2384;2192;1927;1808;1943;2002;1760;2104;1997;2014;36659;61095
292540;15;8;4;4;10;9;8;12;14;6;14;20;465;589
292550;121;129;162;122;151;133;164;215;130;118;238;94;3346;5123
292560;3;5;7;3;14;5;1;6;1;5;15;12;219;296
292570;2;4;3;2;0;4;3;1;2;3;2;3;187;216
292575;35;31;26;25;36;24;29;23;27;25;31;44;993;1349
292580;10;8;15;17;19;10;12;20;9;12;12;17;557;718
292590;11;17;12;13;3;5;4;4;19;4;4;1;240;337
292593;19;2;4;6;7;4;4;2;1;3;3;6;125;186
292595;17;13;32;11;16;16;19;15;33;17;8;19;584;800
292600;40;41;59;50;24;31;34;34;50;36;36;37;1616;2088
292610;19;32;25;30;27;11;8;16;16;20;12;14;655;885
292620;280;126;152;144;161;122;116;171;130;305;153;179;2752;4791
292630;107;72;87;56;78;69;44;58;56;62;68;89;3047;3893
292640;27;35;24;19;33;17;20;13;7;12;18;17;792;1034
292650;33;28;78;121;306;144;33;20;8;10;19;40;1375;2215
292660;119;130;237;159;135;149;130;137;104;137;148;112;4356;6053
292665;9;5;4;10;2;8;7;13;13;2;6;4;289;372
292670;22;10;4;15;11;11;14;12;7;6;5;6;338;461
292680;8;5;3;9;8;8;14;13;7;9;10;7;197;298
292690;11;1;8;3;3;6;2;3;0;8;5;2;175;227
292700;54;66;59;49;80;59;70;44;52;70;76;75;2334;3088
292710;12;18;12;12;14;16;18;27;6;33;19;14;303;504
292720;40;34;64;57;63;72;166;76;69;97;72;199;3489;4498
292730;22;10;18;17;15;11;13;14;8;11;12;10;419;580
292740;27438;23234;27110;23881;26055;25275;26575;25810;23176;27546;26912;23559;644986;951557
292750;70;32;25;32;28;19;92;74;27;54;21;14;618;1106
292760;4;10;6;2;6;0;6;3;2;1;5;5;170;220
292770;131;164;225;183;224;210;260;219;177;786;238;245;4043;7105
292780;7;5;3;6;5;7;4;8;9;4;3;6;217;284
292790;8;9;6;7;11;5;11;7;5;7;6;4;229;315
292800;50;40;52;82;75;78;89;61;57;60;89;129;2278;3140
292805;14;16;12;12;13;56;19;11;6;10;18;10;355;552
292810;71;112;108;103;133;111;101;105;162;155;137;155;3555;5008
292820;45;49;38;43;31;48;35;43;43;30;39;28;1958;2430
292830;13;18;21;16;38;5;12;24;9;9;20;13;187;385
292840;46;35;37;37;30;44;32;23;29;39;56;22;785;1215
292850;14;21;14;13;10;17;19;36;11;7;7;16;338;523
292860;130;98;127;116;169;802;118;156;372;381;373;138;5112;8092
292870;1042;886;1085;1027;858;688;941;852;788;940;879;801;26255;37042
292880;352;262;385;279;280;212;192;276;353;364;285;161;9165;12566
292890;537;655;690;725;654;585;542;532;1001;731;757;640;8945;16994
292895;13;2;10;11;6;9;4;4;4;7;1;1;147;219
292900;62;48;65;54;33;21;33;17;17;10;14;4;432;810
292905;69;72;55;53;85;89;87;83;69;104;84;49;1984;2883
292910;21;19;47;15;38;23;8;16;14;19;16;10;786;1032
292920;127;122;144;167;216;108;129;214;185;188;292;165;3568;5625
292925;9;5;17;7;17;9;7;2;8;19;7;3;259;369
292930;188;528;202;167;276;246;257;255;282;325;276;251;8129;11382
292935;2;4;3;3;3;0;3;5;4;4;5;4;108;148
292937;31;34;41;35;15;30;26;28;27;19;22;17;454;779
292940;13;72;26;7;7;7;11;29;6;14;13;6;390;601
292950;137;105;169;245;144;135;242;225;382;214;147;130;3985;6260
292960;71;44;55;68;56;33;60;146;85;129;108;105;1748;2708
292970;14;31;53;34;33;43;47;47;31;56;30;27;1219;1665
292975;10;11;18;19;16;15;15;6;9;12;11;7;267;416
292980;3;8;5;4;3;3;3;4;4;5;1;0;126;169
292990;144;133;112;112;127;133;127;131;172;156;146;179;4487;6159
293000;16;8;17;12;20;8;24;29;10;9;14;2;198;367
293010;244;209;274;213;289;280;211;243;289;258;245;180;7114;10049
293015;32;55;71;69;53;60;51;26;31;46;37;46;1191;1768
293020;72;44;55;67;89;55;120;102;80;169;120;173;1536;2682
293030;5;8;7;16;8;6;54;24;56;16;8;12;443;663
293040;12;8;19;13;7;15;10;10;15;163;13;7;330;622
293050;278;695;364;304;309;252;289;305;297;352;303;381;8893;13022
293060;1;12;10;7;14;5;13;7;8;7;10;12;423;529
293070;1536;1409;1669;1336;1516;1650;1582;1700;1529;2168;1530;1757;43425;62807
293075;18;23;18;25;11;13;12;38;11;21;65;51;267;573
293076;2;2;7;3;6;3;1;1;2;5;7;7;107;153
293077;50;44;69;72;70;57;82;70;71;77;56;67;1456;2241
293080;10;7;1;15;8;2;0;8;2;9;0;4;103;169
293090;8;10;2;7;7;10;5;9;9;8;2;5;303;385
293100;65;28;27;25;30;22;15;18;31;22;36;27;846;1192
293105;12;9;9;10;12;6;9;3;7;9;7;13;484;590
293110;12;3;5;7;6;6;6;5;18;15;14;18;427;542
293120;16;24;69;35;27;17;36;19;24;21;28;17;462;795
293130;11;11;8;14;6;6;6;7;6;6;6;7;253;347
293135;1026;1065;1188;1073;1021;988;937;977;993;1026;1154;864;24496;36808
293140;10;10;13;46;19;8;13;18;11;10;15;5;423;601
293150;34;26;20;27;27;11;16;28;31;27;32;21;407;707
293160;8;9;27;22;13;11;12;7;13;6;9;13;272;422
293170;29;42;24;38;24;26;33;19;52;19;17;24;911;1258
293180;3;8;7;5;7;20;15;3;3;5;4;2;223;305
293190;52;41;68;58;49;31;50;31;50;60;46;71;1737;2344
293200;28;17;13;19;19;21;15;35;27;26;27;22;594;863
293210;100;69;43;29;45;61;252;40;46;44;67;87;1988;2871
293220;31;30;65;74;32;35;27;53;34;32;42;54;1327;1836
293230;23;27;26;18;46;30;22;15;22;23;22;60;1036;1370
293240;55;20;10;55;6;5;2;11;2;12;13;18;532;741
293245;13;5;16;15;10;25;39;22;9;10;18;14;440;636
293250;66;81;82;40;53;51;67;64;76;79;63;66;2499;3287
293260;61;40;95;78;99;88;172;208;152;170;106;143;1462;2874
293270;42;63;86;47;40;38;43;47;46;238;65;59;1743;2557
293280;319;56;75;104;192;105;200;116;33;33;28;32;1573;2866
293290;348;335;411;304;309;289;301;301;247;312;309;534;10561;14561
293300;43;63;37;68;27;40;39;74;47;45;73;35;2018;2609
293305;1;6;5;4;4;4;5;6;2;5;6;7;202;257
293310;15;78;23;19;22;24;25;27;28;23;21;26;828;1159
293315;10;13;11;8;6;6;8;6;6;6;7;14;486;587
293317;53;26;30;82;27;30;25;16;24;23;22;13;776;1147
293320;108;130;162;127;120;111;114;81;108;145;152;108;3287;4753
293325;13;9;20;5;2;4;6;4;11;5;9;2;267;357
293330;2925;2929;3364;2944;3053;2712;3067;3125;2798;3102;2912;2597;81666;117194
293340;10;3;5;3;3;1;2;3;3;9;8;8;206;264
293345;17;20;22;14;18;18;18;23;19;6;10;18;313;516
293350;24;32;13;23;14;15;10;14;15;7;9;23;379;578
293360;103;74;55;57;55;41;39;53;43;52;68;31;1622;2293
310010;57;43;37;31;34;42;49;25;45;33;37;39;1032;1504
310020;133;147;208;173;175;181;193;165;223;220;197;187;3708;5910
310030;73;89;78;94;69;65;60;66;60;71;73;65;1823;2686
310040;13;15;2;9;14;12;11;4;9;10;15;12;292;418
310050;7;8;9;11;10;6;8;12;7;8;5;6;257;354
310060;16;18;19;14;14;16;14;21;20;30;22;18;516;738
310070;10;17;12;14;17;18;15;9;7;27;13;31;398;588
310080;19;24;43;31;102;65;27;11;10;16;20;17;536;921
310090;58;74;52;63;52;37;42;73;33;29;44;35;1529;2121
310100;34;24;20;23;47;15;35;40;96;44;32;24;895;1329
310110;108;159;114;177;158;167;197;139;135;211;236;214;2640;4655
310120;23;22;38;39;24;43;15;29;29;24;38;24;1027;1375
310130;5;3;4;2;3;0;4;6;4;7;11;5;201;255
310140;10;7;14;17;7;6;35;53;19;9;9;12;261;459
310150;129;130;133;131;135;123;137;125;139;136;106;139;4404;5967
310160;1049;1233;1062;987;1069;1090;1208;1057;1018;1007;986;880;21215;33861
310163;28;55;44;27;54;34;32;41;43;32;35;26;794;1245
310170;185;154;188;181;252;176;433;193;146;182;183;252;5785;8310
310180;18;29;15;23;30;25;17;20;38;25;28;16;556;840
310190;174;105;112;104;99;128;188;135;87;90;87;75;2458;3842
310200;127;49;103;75;55;62;67;41;59;57;49;63;1275;2082
310205;23;20;20;21;26;21;20;21;17;17;15;19;363;603
310210;9;6;6;18;11;9;8;11;10;9;21;9;509;636
310220;4;2;3;2;1;2;3;3;2;4;4;8;72;110
310230;28;42;52;47;46;42;49;44;77;40;38;43;2290;2838
310240;10;16;14;3;16;21;14;10;13;7;8;26;163;321
310250;13;4;9;10;14;13;6;8;4;3;6;2;204;296
310260;442;485;463;422;476;381;472;487;450;528;409;454;10263;15732
310270;13;3;8;10;12;2;6;3;6;3;6;10;235;317
310280;55;58;66;70;59;46;54;57;47;57;39;64;1452;2124
310285;31;17;30;56;48;42;25;30;58;95;23;51;553;1059
310290;50;68;63;64;96;55;46;59;59;83;48;48;1576;2315
310300;73;76;89;76;82;77;145;61;64;53;67;108;2308;3279
310310;2;6;2;2;1;3;2;1;6;1;0;1;39;66
310320;4;9;7;7;12;7;10;10;14;10;7;7;492;596
310330;3;1;1;3;1;0;2;1;1;2;0;1;54;70
310340;190;197;222;152;222;264;189;223;169;230;214;205;4636;7113
310350;1626;1775;1517;1529;1542;1314;1417;1619;1398;1638;1299;1527;27927;46128
310360;13;19;15;21;16;15;8;15;17;31;7;6;301;484
310370;24;7;10;9;10;13;7;12;9;11;10;10;265;397
310375;140;109;196;163;219;221;173;145;146;143;113;206;2629;4603
310380;11;13;12;14;15;12;14;17;13;18;6;10;511;666
310390;57;69;76;58;72;63;79;90;69;62;58;76;1466;2295
310400;1844;1657;1660;1577;1578;1512;1674;1568;1573;1707;1560;1492;29531;48933
310410;61;53;61;58;55;41;67;44;60;66;55;61;2064;2746
310420;695;665;754;742;699;621;691;765;730;810;792;744;14017;22725
310430;79;72;79;93;85;94;99;144;107;88;115;84;1732;2871
310440;9;11;6;10;8;8;9;14;7;9;5;9;230;335
310445;6;4;6;4;4;0;8;4;3;5;5;4;107;160
310450;342;159;143;315;191;168;282;239;280;332;348;517;1993;5309
310460;79;109;118;121;107;83;128;106;93;129;456;114;3051;4694
310470;32;69;76;93;37;26;28;27;28;22;25;15;770;1248
310480;23;33;24;23;27;22;22;17;15;20;29;26;565;846
310490;90;100;98;110;94;126;107;134;114;135;117;98;3270;4593
310500;28;30;27;23;16;22;23;19;26;20;13;10;747;1004
310510;206;224;156;155;157;148;172;190;218;298;179;168;4298;6569
310520;10;3;3;3;1;3;1;0;3;2;2;1;97;129
310530;28;30;27;46;35;31;28;54;36;47;40;13;652;1067
310540;592;629;503;533;573;580;748;632;562;541;483;670;8530;15576
310550;5;2;8;10;15;6;6;5;6;7;10;5;240;325
310560;1197;1170;1190;1101;1220;1009;1070;1043;904;1036;850;897;26612;39299
310570;18;35;100;20;21;97;64;28;82;17;17;70;422;991
310590;189;118;139;130;126;108;127;128;124;117;126;103;3168;4703
310600;42;38;56;59;47;55;49;37;57;48;32;47;1207;1774
310610;8;8;5;5;12;10;5;7;2;3;10;3;472;550
310620;51149;49693;52649;51641;52361;49423;54723;53242;49435;50265;48225;51472;1015465;1629743
310630;287;232;305;392;202;293;326;323;341;379;758;536;7610;11984
310640;36;51;49;63;46;31;50;59;59;53;37;73;847;1454
310650;13;8;6;15;12;6;15;9;10;18;11;11;288;422
310660;3;2;4;4;4;2;3;11;3;4;2;2;94;138
310665;10;8;10;14;3;7;12;9;20;6;8;6;252;365
310670;4929;5118;5473;5807;5815;5263;5575;5677;5244;5590;5389;4897;123137;187914
310680;0;3;1;3;3;2;3;0;2;2;4;2;81;106
310690;81;85;83;179;124;78;68;78;105;94;73;83;2345;3476
310700;8;4;7;4;5;4;5;2;7;4;1;8;135;194
310710;360;383;393;428;377;382;468;544;363;352;368;292;8470;13180
310720;6;8;9;11;8;18;14;9;8;10;13;14;373;501
310730;278;429;400;336;305;269;296;267;248;291;255;275;8634;12283
310740;594;543;674;636;588;530;709;601;609;613;518;756;11633;19004
310750;37;50;27;70;27;33;25;32;29;43;24;23;919;1339
310760;18;15;10;19;11;14;52;24;17;14;27;7;305;533
310770;80;60;52;40;63;45;46;27;36;35;27;41;1385;1937
310780;53;55;51;36;52;53;50;31;34;35;43;35;733;1261
310790;28;44;42;22;36;25;55;62;23;31;28;24;761;1181
310800;90;87;98;73;84;82;90;184;99;81;83;72;2400;3523
310810;22;20;13;15;11;12;18;17;11;17;18;15;518;707
310820;29;49;34;31;37;48;43;27;44;38;37;36;860;1313
310825;5;2;8;9;3;9;16;15;11;10;3;2;207;300
310830;121;150;145;123;93;98;88;128;99;126;102;96;2441;3810
310840;75;78;75;76;72;102;184;192;109;103;77;61;2313;3517
310850;16;31;6;17;11;16;17;7;8;6;11;11;348;505
310855;124;111;128;107;125;247;119;124;127;99;120;286;1926;3643
310860;151;79;84;76;57;65;59;84;96;90;78;68;2046;3033
310870;4;8;3;5;5;6;5;3;4;11;2;1;178;235
310880;5;2;2;5;4;6;4;3;4;6;3;10;145;199
310890;38;51;42;41;42;31;44;61;53;60;50;49;1529;2091
310900;479;572;1142;645;502;549;531;559;480;521;751;597;10429;17757
310910;32;29;44;38;30;27;30;32;30;28;29;27;801;1177
310920;30;29;36;17;23;31;35;36;24;34;19;60;596;970
310925;8;24;27;18;18;24;8;6;5;15;9;3;134;299
310930;164;176;144;215;195;215;231;167;193;238;224;231;4266;6659
310940;212;217;303;265;222;211;157;229;172;169;220;164;3716;6257
310945;24;35;34;30;30;25;52;22;26;32;19;23;595;947
310950;53;52;70;66;137;153;279;350;156;101;50;55;1523;3045
310960;9;22;15;65;13;8;11;18;11;11;9;15;351;558
310970;59;81;81;78;63;53;46;99;99;73;60;69;1778;2639
310980;40;51;21;19;46;71;61;9;8;11;16;19;380;752
310990;97;99;92;89;59;72;77;74;67;58;55;53;1979;2871
311000;229;229;227;199;223;212;231;197;231;258;219;190;4810;7455
311010;7;5;8;13;9;10;8;13;9;6;9;8;189;294
311020;21;15;29;20;17;29;16;25;19;19;9;23;473;715
311030;89;204;86;81;88;98;101;84;89;80;74;63;1919;3056
311040;5;2;3;0;27;6;3;3;3;3;1;2;89;147
311050;279;316;294;341;343;319;344;381;321;309;307;287;6222;10063
311060;287;366;346;414;363;329;366;343;349;359;276;323;7114;11235
311070;67;70;59;41;58;60;103;144;131;54;37;46;1374;2244
311080;2;2;3;1;7;6;6;4;6;6;2;5;189;239
311090;120;118;150;123;151;159;304;167;231;169;139;133;3224;5188
311100;90;86;133;128;110;110;171;362;223;127;83;84;2456;4163
311110;159;149;157;179;259;164;150;128;139;192;169;165;3110;5120
311115;1;0;1;2;0;1;1;0;5;1;5;6;42;65
311120;544;562;749;615;618;513;649;580;496;500;500;470;12582;19378
311130;79;58;125;61;49;77;259;123;74;64;67;75;1583;2694
311140;89;74;71;112;184;144;95;77;127;83;133;167;2688;4044
311150;142;146;143;320;280;144;342;296;375;116;162;257;2173;4896
311160;173;190;243;238;147;163;275;288;176;219;168;172;3874;6326
311170;4;8;10;9;8;7;8;21;17;7;8;4;192;303
311180;158;107;76;68;81;76;79;91;76;92;65;89;2661;3719
311190;27;20;26;14;9;13;27;15;16;23;17;24;538;769
311200;73;117;114;101;126;98;109;79;84;81;73;93;2424;3572
311205;6;6;15;11;6;3;6;7;5;7;6;13;220;311
311210;3;7;12;15;19;11;15;11;19;11;8;19;375;525
311220;5;4;7;2;3;5;5;24;13;3;8;4;228;311
311230;212;258;279;258;304;266;272;297;249;228;303;379;8946;12251
311240;46;48;78;143;79;48;106;95;120;44;43;65;1163;2078
311250;26;40;35;50;74;41;31;46;27;40;62;80;820;1372
311260;224;152;105;146;111;103;112;105;104;109;120;177;2726;4294
311265;4;9;11;9;7;1;8;5;6;10;9;19;166;264
311270;57;67;91;91;117;84;84;112;61;75;62;48;2294;3243
311280;105;118;119;107;119;114;98;138;97;143;105;115;2525;3903
311290;13;24;22;25;11;7;16;17;14;14;11;12;389;575
311300;16;18;17;16;31;16;12;19;19;16;10;15;432;637
311310;5;1;3;1;3;2;5;2;3;3;5;3;100;136
311320;129;142;186;164;192;119;144;134;131;132;159;138;3600;5370
311330;157;169;180;171;165;155;137;142;124;150;169;169;4506;6394
311340;1076;1906;1145;1191;1207;899;1079;917;921;1068;921;832;20356;33518
311350;33;48;46;33;71;56;43;61;35;50;80;35;1443;2034
311360;35;46;50;37;56;45;72;61;44;37;40;34;895;1452
311370;111;121;99;84;99;100;109;102;116;124;115;112;2933;4225
311380;1;0;2;2;6;0;1;5;5;1;2;3;121;149
311390;200;118;139;116;139;93;145;277;201;216;79;100;2677;4500
311400;67;121;86;82;100;89;60;107;91;66;67;60;2308;3304
311410;96;83;84;130;85;77;119;126;122;188;107;122;2351;3690
311420;221;223;241;204;226;168;217;212;192;259;215;197;5055;7630
311430;197;250;191;265;177;218;216;303;256;251;192;168;4722;7406
311440;173;143;174;148;157;192;221;161;149;153;167;203;3536;5577
311450;129;138;190;145;148;159;155;136;136;129;127;161;3550;5303
311455;50;68;67;86;86;65;62;72;71;58;66;59;2049;2859
311460;31;36;39;37;21;26;29;17;36;37;59;29;667;1064
311470;8;14;6;7;9;4;24;8;13;4;8;5;188;298
311480;10;7;11;8;5;4;15;14;15;3;7;9;359;467
311490;9;6;9;8;4;10;4;2;6;7;5;1;155;226
311500;26;45;45;47;55;44;36;62;66;61;69;63;522;1141
311510;135;110;121;148;110;113;171;174;159;137;106;94;2772;4350
311520;6;10;9;4;13;11;4;6;6;2;6;5;198;280
311530;470;488;463;462;477;417;497;451;640;570;456;474;15625;21490
311535;78;75;82;105;115;120;105;104;72;58;82;41;1261;2298
311540;14;4;4;2;1;3;14;1;1;6;1;3;81;135
311545;32;26;18;11;16;27;28;33;6;18;24;21;461;721
311547;1;2;1;1;9;2;0;2;1;1;1;1;55;77
311550;111;116;135;93;101;85;94;105;81;123;105;104;3180;4433
311560;4;5;3;0;0;2;1;8;3;0;3;0;39;68
311570;11;10;16;20;17;13;16;9;7;13;13;6;361;512
311580;29;43;27;33;45;37;72;72;34;42;41;35;949;1459
311590;9;10;9;8;8;10;12;10;16;6;7;2;254;361
311600;7;5;10;2;3;16;2;3;4;6;5;8;187;258
311610;11;8;13;14;5;3;4;6;7;6;3;13;157;250
311615;49;38;59;26;42;47;43;61;80;44;61;65;1035;1650
311620;6;5;4;5;7;3;10;10;9;6;8;4;149;226
311630;3;8;8;9;22;9;10;11;31;14;26;14;278;443
311640;25;24;26;58;43;41;57;27;26;41;40;31;806;1245
311650;11;20;20;13;7;10;8;6;8;11;19;6;343;482
311660;497;560;598;594;617;581;673;627;553;479;632;566;11283;18260
311670;20;17;37;39;51;37;34;30;22;30;30;12;799;1158
311680;16;15;10;11;14;12;15;8;5;11;7;10;347;481
311690;137;826;1230;101;175;223;269;194;145;143;102;88;2427;6060
311700;4;1;2;3;3;2;2;2;2;3;2;1;105;132
311710;24;38;26;32;78;78;185;90;57;38;70;89;939;1744
311720;7;5;7;6;3;2;19;15;4;9;5;4;82;168
311730;184;202;264;292;514;249;191;187;211;248;198;374;6128;9242
311740;1;1;4;4;3;3;2;2;3;1;4;3;75;106
311750;472;355;465;580;497;499;742;644;702;802;915;832;9647;17152
311760;66;57;43;66;72;59;53;48;54;39;48;50;1754;2409
311770;101;99;96;76;82;89;112;105;132;353;79;70;1867;3261
311780;70;68;79;81;89;94;80;63;68;79;84;80;2096;3031
311783;0;4;2;2;2;0;2;3;1;0;4;4;75;99
311787;275;271;461;320;251;262;281;253;313;352;313;297;5763;9412
311790;59;55;49;62;81;67;75;72;81;86;67;61;1362;2177
311800;930;763;859;796;873;855;842;833;810;751;714;645;19187;28858
311810;15;8;25;18;18;19;19;8;21;17;10;45;145;368
311820;39;28;37;43;35;426;35;28;19;36;27;47;668;1468
311830;1424;1192;1886;1381;1343;1230;1443;1314;1179;1288;1133;1276;23955;40044
311840;264;136;112;86;72;53;89;97;61;82;72;75;1955;3154
311850;0;5;9;8;2;3;25;12;3;0;2;2;92;163
311860;10299;10555;11568;11022;12008;10193;12360;12398;11536;17542;11639;11318;226361;368799
311870;45;55;39;44;46;59;105;98;86;40;40;45;1297;1999
311880;26;47;43;35;39;58;36;41;76;26;31;28;1077;1563
311890;18;18;19;29;20;35;44;26;24;25;18;24;752;1052
311900;7;10;6;15;18;30;37;15;19;10;13;18;308;506
311910;121;135;172;124;147;189;153;147;135;140;126;90;3101;4780
311920;6;10;6;21;8;11;11;5;10;7;8;7;245;355
311930;224;247;289;357;368;234;289;329;342;323;212;273;5687;9174
311940;938;816;1015;857;1272;794;902;874;810;848;769;841;16332;27068
311950;12;10;9;14;12;12;5;7;8;9;5;8;343;454
311960;9;7;16;14;15;16;11;18;8;17;11;12;367;521
311970;16;10;9;24;22;12;19;64;17;15;15;53;481;757
311980;26;26;24;65;38;51;98;151;65;49;134;30;523;1280
311990;2;10;13;7;3;6;8;3;5;8;3;3;148;219
311995;80;86;65;67;68;58;72;70;64;64;63;68;1644;2469
312000;2;7;5;7;1;0;5;4;19;4;3;4;137;198
312010;22;13;25;17;13;12;18;5;10;15;12;9;336;507
312015;4;13;8;4;10;8;6;10;1;4;4;8;206;286
312020;139;132;171;179;138;136;210;137;127;160;138;107;3010;4784
312030;9;3;4;6;10;5;4;10;5;20;9;8;261;354
312040;14;22;16;30;28;30;24;37;31;22;23;31;604;912
312050;32;38;35;60;67;37;66;51;37;51;67;58;1556;2155
312060;8;23;14;10;31;15;14;28;15;19;30;28;485;720
312070;22;29;35;22;20;23;17;14;18;26;33;18;559;836
312080;84;98;133;74;108;94;100;118;100;87;78;99;2825;3998
312083;7;8;8;9;5;6;5;2;6;5;9;6;214;290
312087;18;7;13;9;9;14;36;6;10;12;7;11;287;439
312090;1225;902;1029;1007;997;961;1137;1112;1238;1122;1099;961;20886;33676
312100;5;15;25;14;11;13;20;18;12;80;12;18;336;579
312110;19;18;24;22;18;18;43;19;25;16;18;19;683;942
312120;107;102;86;123;118;99;92;109;82;115;104;80;1897;3114
312125;164;182;263;343;382;202;254;180;143;145;185;187;4916;7546
312130;12;28;29;28;19;15;31;20;16;23;17;19;766;1023
312140;35;47;58;41;35;31;38;21;36;51;37;31;958;1419
312150;7;2;4;0;12;2;2;5;2;3;4;4;129;176
312160;344;321;324;274;343;338;357;313;369;285;321;226;8403;12218
312170;0;3;2;1;0;5;4;2;0;3;8;5;95;128
312180;20;25;25;21;21;20;21;22;32;21;25;16;579;848
312190;14;16;12;20;18;19;12;9;11;23;10;13;399;576
312200;107;58;72;79;73;70;65;67;68;58;57;70;1570;2414
312210;11;9;3;8;4;4;10;20;7;4;6;8;156;250
312220;12;12;15;19;8;6;10;13;14;8;12;14;322;465
312230;3382;3140;3166;3307;3220;2878;3496;3512;3089;3020;3038;2934;60918;99100
312235;11;9;18;12;14;22;11;11;10;17;22;13;545;715
312240;33;20;21;35;44;19;44;31;32;22;25;27;520;873
312245;9;8;12;9;12;20;84;13;11;6;16;10;344;554
312247;5;5;5;5;5;6;8;4;8;8;13;6;183;261
312250;8;12;11;16;25;15;14;14;3;20;9;10;370;527
312260;18;18;32;19;32;16;26;27;28;21;26;24;302;589
312270;41;23;25;19;15;11;22;11;22;22;20;14;790;1035
312280;4;4;4;10;8;7;10;22;3;6;3;1;137;219
312290;53;37;57;65;37;35;62;35;51;52;45;33;1188;1750
312300;62;67;73;78;88;88;72;127;90;81;104;98;3058;4086
312310;13;9;21;13;7;8;9;3;9;18;8;13;373;504
312320;85;107;91;97;104;96;84;109;78;92;104;116;2058;3221
312330;4;9;8;5;17;4;2;5;3;1;4;4;192;258
312340;4;14;8;6;5;11;1;1;6;4;5;3;144;212
312350;3;6;3;1;1;1;4;3;0;2;3;5;122;154
312352;8;10;23;17;7;17;9;8;9;5;10;2;199;324
312360;216;230;274;310;324;265;286;239;287;258;209;180;5665;8743
312370;48;39;48;48;48;32;39;34;30;27;32;43;948;1416
312380;12;16;19;18;14;12;15;9;19;17;12;11;523;697
312385;6;13;7;10;16;4;11;3;4;11;12;9;213;319
312390;65;79;84;68;64;48;62;90;78;83;80;71;1899;2771
312400;48;60;96;75;72;71;71;79;75;68;66;73;2070;2924
312410;242;319;248;263;271;257;291;280;251;346;250;289;6607;9914
312420;112;123;131;160;140;132;121;94;114;133;135;95;3218;4708
312430;77;96;115;105;96;65;106;103;62;60;58;89;2301;3333
312440;21;16;20;15;26;31;29;24;17;32;28;25;425;709
312450;57;95;72;89;68;79;101;106;82;76;73;55;1724;2677
312460;5;7;7;4;4;3;8;7;2;8;3;2;158;218
312470;9;11;10;10;6;4;11;10;6;6;7;7;276;373
312480;35;38;31;21;29;16;25;24;46;19;26;27;791;1128
312490;37;34;33;43;46;38;38;59;35;37;37;79;1198;1714
312500;10;17;20;14;6;14;4;18;25;17;5;10;306;466
312510;3473;3580;3307;3386;3096;2956;3516;3502;3310;3831;3241;3924;40857;81979
312520;7;6;10;6;15;11;14;10;2;10;9;7;226;333
312530;12;5;6;7;4;6;7;8;7;5;8;4;256;335
312540;9;6;10;8;7;8;7;12;29;16;0;28;227;367
312550;6;1;3;1;6;7;3;1;3;2;1;3;151;188
312560;5;7;6;11;4;8;3;16;3;5;2;4;263;337
312570;91;93;84;94;75;66;84;71;62;69;75;79;2203;3146
312580;6;8;8;7;13;3;6;3;5;5;8;3;184;259
312590;11;9;11;17;20;13;11;14;10;13;13;13;671;826
312595;21;16;12;19;18;16;19;17;13;18;19;25;475;688
312600;53;57;79;55;49;51;65;52;45;44;53;50;1134;1787
312610;1368;1056;1202;1012;1052;918;991;982;844;933;927;1010;21059;33354
312620;29;36;31;28;33;37;39;33;31;39;34;42;785;1197
312630;12;21;6;33;12;8;13;14;11;11;8;39;315;503
312640;11;14;8;8;12;7;11;6;2;9;8;8;308;412
312650;5;12;8;5;4;6;6;4;5;6;2;1;179;243
312660;34;84;61;66;64;55;69;151;112;99;58;88;716;1657
312670;62;70;65;77;45;55;57;64;64;47;41;51;1754;2452
312675;10;10;8;11;11;16;6;12;3;7;6;5;287;392
312680;4;10;4;11;3;8;6;6;6;8;9;5;258;338
312690;33;39;33;47;29;26;25;14;24;24;31;28;799;1152
312695;0;0;1;0;0;1;0;1;1;1;0;0;22;27
312700;103;78;96;172;276;135;66;62;60;68;74;42;1221;2453
312705;8;3;0;2;3;0;1;0;2;2;3;4;68;96
312707;4;3;7;5;11;9;10;14;12;4;4;4;84;171
312710;951;862;882;945;930;791;746;795;732;764;797;1039;16113;26347
312720;21;41;66;60;85;78;80;141;37;21;30;21;832;1513
312730;27;19;27;33;20;34;24;19;17;41;19;45;471;796
312733;1;4;0;2;7;2;0;3;2;4;1;1;71;98
312735;1;5;0;5;3;3;6;4;3;10;7;3;133;183
312737;7;9;6;10;14;4;9;7;5;5;10;27;158;271
312738;10;9;12;11;17;17;12;12;13;10;16;16;464;619
312740;23;27;34;19;17;20;26;20;26;26;22;11;490;761
312750;16;11;19;15;14;37;11;5;17;10;6;6;301;468
312760;37;50;41;50;37;44;41;50;30;42;54;29;1567;2072
312770;2780;3105;3015;2945;3268;2715;3126;2941;2783;2929;2729;2661;55529;90526
312780;47;58;66;42;49;33;50;63;53;47;64;31;1302;1905
312790;5;2;4;1;1;3;4;2;1;2;0;4;57;86
312800;278;253;295;291;272;287;310;270;279;261;191;240;7285;10512
312810;75;90;85;68;114;163;94;95;71;81;116;73;1785;2910
312820;67;135;119;127;88;128;73;67;95;124;144;256;2292;3715
312825;7;14;11;11;19;14;7;10;20;27;14;20;161;335
312830;190;170;188;264;214;225;235;269;247;241;198;205;5300;7946
312840;60;45;35;45;31;32;42;29;29;22;28;38;1283;1719
312850;18;19;18;16;20;24;21;19;9;16;13;39;461;693
312860;56;58;81;147;181;67;75;62;224;221;80;163;1448;2863
312870;627;646;708;695;633;639;758;636;687;640;649;593;14305;22216
312880;31;83;50;57;42;45;39;43;54;46;40;35;1026;1591
312890;39;31;49;110;71;52;43;39;85;71;68;37;854;1549
312900;25;24;45;40;42;37;32;28;38;26;31;26;837;1231
312910;24;17;27;23;16;11;25;29;20;23;20;30;548;813
312920;42;53;39;43;34;37;50;46;55;40;26;24;896;1385
312930;30;40;49;32;36;32;36;29;35;24;23;29;761;1156
312940;8;10;11;13;19;24;17;14;14;18;13;23;372;556
312950;284;212;233;319;352;334;447;474;512;541;499;502;5349;10058
312960;3;5;2;5;5;8;13;7;10;8;5;9;218;298
312965;0;3;2;0;1;2;0;3;1;1;0;3;27;43
312970;132;166;111;109;92;128;275;338;105;94;81;96;2137;3864
312980;868;762;905;817;823;935;856;781;802;730;798;748;14531;24356
312990;4;11;9;8;24;9;2;8;12;5;9;7;250;358
313000;5;3;6;8;8;6;8;19;18;3;9;3;205;301
313005;4;9;9;16;4;11;21;7;11;11;10;3;362;478
313010;423;432;483;483;547;400;451;466;448;558;420;420;8217;13748
313020;131;132;149;176;177;167;163;167;163;144;150;142;3102;4963
313030;53;21;46;87;47;40;40;60;53;48;55;55;1157;1762
313040;83;54;71;60;61;67;59;45;62;72;33;52;1472;2191
313050;120;80;69;102;103;165;231;206;150;100;96;60;1815;3297
313055;4;4;8;13;8;2;18;13;15;5;3;3;270;366
313060;42;39;46;34;58;27;30;26;24;31;28;28;782;1195
313065;6;10;5;7;0;8;13;11;7;6;5;7;181;266
313070;685;168;139;191;186;117;128;244;188;154;149;171;2829;5349
313080;20;27;35;21;14;16;16;33;22;32;8;15;431;690
313090;104;91;112;101;85;85;108;71;95;69;65;67;1850;2903
313100;50;89;62;57;32;29;43;45;49;46;54;47;1157;1760
313110;23;41;36;21;38;34;22;23;25;27;34;16;639;979
313115;38;56;50;56;35;37;54;46;48;38;42;23;851;1374
313120;91;103;83;86;71;78;88;74;63;81;72;98;2038;3026
313130;4730;3455;3785;3885;3700;3110;3639;3506;3293;3300;3380;3251;67376;110410
313140;57;89;73;90;102;67;88;118;81;85;114;246;1539;2749
313150;70;55;29;36;30;38;36;34;34;41;35;37;1163;1638
313160;51;39;48;77;69;25;65;114;56;153;36;88;1063;1884
313170;1618;1694;1760;1724;1763;1572;1768;1868;1759;2213;1665;2119;34624;56147
313180;31;34;39;34;41;30;36;70;35;15;34;17;726;1142
313190;1158;1008;1682;1324;1405;1393;1340;1254;1149;1169;3439;1154;19844;37319
313200;5;1;6;4;10;2;9;2;10;11;7;20;340;427
313210;41;47;44;46;31;42;41;36;72;49;140;30;1229;1848
313220;125;136;156;168;133;113;180;135;120;141;156;145;3090;4798
313230;17;16;16;17;14;12;27;23;10;14;15;19;396;596
313240;826;998;941;922;917;840;1015;920;871;899;831;872;24240;35092
313250;176;162;166;206;184;160;163;139;171;145;124;167;4273;6236
313260;13;15;5;9;19;10;13;6;9;15;9;20;334;477
313270;57;53;51;60;57;51;57;67;36;57;62;65;2063;2736
313280;2;2;2;5;15;8;5;2;2;3;8;3;101;158
313290;45;42;47;66;47;78;83;91;63;79;48;48;1362;2099
313300;89;80;102;91;105;108;124;141;274;108;143;132;3458;4955
313310;154;135;179;152;168;125;140;138;100;192;122;128;4200;5933
313320;23;16;19;16;14;15;21;27;23;26;20;21;598;839
313330;83;142;69;71;84;81;48;77;78;80;71;48;1963;2895
313340;139;87;74;69;79;101;89;80;208;100;139;117;2674;3956
313350;110;149;145;141;90;126;140;137;101;129;110;169;3531;5078
313360;172;163;159;147;161;159;155;158;162;191;138;150;3021;4936
313370;268;296;324;338;491;356;428;280;274;439;291;277;5689;9751
313375;143;171;152;157;130;151;168;134;141;126;116;129;3432;5150
313380;1472;1419;1578;1642;1567;1529;1614;1619;1429;1521;1741;1804;31479;50414
313390;10;9;14;11;5;5;2;8;7;21;10;3;273;378
313400;44;36;54;52;49;46;41;66;60;55;62;56;1841;2462
313410;11;13;13;16;14;8;12;14;6;21;9;8;307;452
313420;1074;988;1061;913;1082;939;964;975;857;982;897;958;21730;33420
313430;4;9;6;12;10;19;11;9;23;15;6;4;307;435
313440;509;536;498;541;511;414;468;446;440;576;377;696;11179;17191
313450;30;21;19;35;25;28;32;28;24;51;24;18;556;891
313460;78;64;84;87;60;81;88;72;104;63;69;67;2185;3102
313470;9;22;9;14;9;10;23;12;9;12;9;11;431;580
313480;55;31;41;46;40;31;62;106;23;45;34;35;754;1303
313490;352;396;385;414;412;339;432;418;391;370;306;382;7811;12408
313500;47;46;58;24;40;20;26;29;25;33;31;31;525;935
313505;540;493;611;651;612;503;617;531;737;607;722;518;8079;15221
313507;5;7;6;3;7;2;4;6;3;6;4;7;192;252
313510;425;455;549;487;521;571;517;473;504;571;546;411;12169;18199
313520;274;246;234;226;225;186;227;212;211;286;251;210;5686;8474
313530;26;144;26;25;21;20;21;29;18;30;12;28;586;986
313535;5;9;5;7;3;9;5;4;6;9;4;6;181;253
313540;173;261;117;104;94;124;128;92;96;163;63;44;3477;4936
313545;5;9;3;10;6;4;3;2;4;6;1;2;143;198
313550;46;36;39;29;35;24;21;28;23;32;23;29;1113;1478
313560;20;17;18;18;29;15;22;21;20;24;13;26;549;792
313570;42;45;35;32;33;45;42;55;36;43;32;38;824;1302
313580;40;44;60;91;46;50;44;33;39;57;34;52;1465;2055
313590;19;23;12;14;12;31;17;11;14;24;11;9;395;592
313600;11;15;20;21;12;19;15;19;18;69;17;14;581;831
313610;6;4;5;5;1;1;4;1;4;2;3;5;102;143
313620;1065;1112;1169;1053;1329;1197;1266;1206;1329;1297;1143;994;20820;34980
313630;794;716;682;748;720;710;820;797;628;636;890;885;14141;23167
313640;9;7;5;12;19;30;7;3;2;6;7;1;223;331
313650;20;14;13;9;9;8;10;10;19;12;13;13;379;529
313652;1;5;3;2;3;2;2;6;32;2;4;2;82;146
313655;7;7;8;21;5;5;11;10;9;6;11;9;268;377
313657;12;22;14;69;41;10;15;13;8;23;16;9;401;653
313660;21;19;15;30;22;12;27;19;14;21;9;18;514;741
313665;362;455;406;471;462;433;543;466;446;537;500;493;9994;15568
313670;6233;6761;6094;5967;6671;5833;7351;6158;5747;6432;5925;5953;145905;221030
313680;11;5;3;7;1;3;5;3;13;11;6;1;207;276
313690;97;134;157;117;122;118;305;158;109;76;109;96;2118;3716
313695;0;3;2;4;1;6;5;9;0;8;3;2;126;169
313700;8;12;11;10;10;17;19;14;27;18;8;18;260;432
313710;38;21;34;62;43;21;38;39;30;49;22;41;790;1228
313720;650;511;667;583;631;560;632;631;505;584;519;590;13830;20893
313730;2;1;2;4;2;3;1;3;1;2;2;2;133;158
313740;54;73;61;63;72;70;73;69;67;70;67;70;1749;2558
313750;125;141;184;151;132;163;193;190;227;242;286;378;3161;5573
313753;79;92;57;73;87;116;101;50;74;83;67;100;1411;2390
313760;784;626;721;803;756;782;697;884;843;832;861;754;17269;26612
313770;77;68;77;70;76;82;67;81;62;127;88;87;1899;2861
313780;83;101;127;106;107;99;123;136;95;117;115;87;2753;4049
313790;5;2;5;2;5;3;4;22;11;2;2;2;135;200
313800;22;24;33;38;38;29;30;18;22;28;27;29;846;1184
313810;100;118;93;118;143;91;87;90;130;122;92;69;1738;2991
313820;1427;1316;1386;1184;1252;1197;1272;1308;1292;1382;1188;1240;27896;43340
313830;5;5;22;13;27;18;17;8;9;12;12;11;257;416
313835;5;6;12;10;4;8;4;2;8;3;4;9;162;237
313840;284;407;338;301;262;291;310;304;294;337;308;292;9468;13196
313850;14;13;13;11;12;8;7;16;4;5;9;43;398;553
313860;89;80;86;91;64;75;74;81;66;82;62;63;2376;3289
313862;88;84;92;93;73;81;106;98;91;114;71;156;3039;4186
313865;27;17;16;16;17;14;19;28;16;13;12;15;387;597
313867;7;6;10;12;16;4;5;7;1;2;7;5;160;242
313868;4;3;2;3;2;4;1;1;2;7;1;2;118;150
313870;35;50;39;39;36;31;43;33;28;85;25;35;901;1380
313880;225;146;188;175;223;138;165;166;227;182;144;152;3922;6053
313890;10;10;7;9;4;10;9;11;13;8;8;8;294;401
313900;380;360;332;308;394;426;479;516;509;439;344;514;9088;14089
313910;39;17;45;49;28;26;32;34;38;26;40;46;900;1320
313920;40;51;47;62;47;50;41;59;42;42;41;31;1067;1620
313925;2;6;6;3;5;3;0;0;0;13;4;1;121;164
313930;20;23;32;20;27;18;32;30;25;20;28;28;1088;1391
313940;873;968;1052;1026;1046;963;1321;942;1042;1230;840;923;21452;33678
313950;127;108;143;126;109;137;150;105;108;96;92;96;2890;4287
313960;114;168;333;107;126;103;98;113;100;122;111;140;3255;4890
313970;89;72;69;79;68;57;68;66;77;79;61;68;1399;2252
313980;79;111;119;134;126;122;121;122;115;126;138;126;3201;4640
313990;44;53;55;33;37;47;37;56;47;54;43;55;1178;1739
314000;1394;1041;1078;1090;1735;1219;1280;1341;1388;1233;1451;1543;19543;35336
314010;19;24;14;20;12;13;11;16;17;9;6;26;327;514
314015;69;61;82;87;91;84;93;73;75;61;84;77;1928;2865
314020;29;30;66;39;31;24;29;27;21;26;24;30;752;1128
314030;4;18;16;9;16;10;7;9;11;9;13;14;207;343
314040;6;4;4;9;11;2;4;7;4;3;3;1;159;217
314050;206;183;230;220;197;224;197;196;198;189;179;167;4258;6644
314053;30;31;30;28;23;32;20;21;22;19;22;16;578;872
314055;10;2;3;5;5;15;5;5;2;5;1;3;161;222
314060;2;6;3;8;4;1;4;3;4;4;4;8;180;231
314070;282;352;337;355;336;278;360;378;339;382;355;417;6729;10900
314080;295;256;343;261;389;299;330;217;236;348;256;332;8904;12466
314085;63;53;40;37;32;24;26;25;30;40;33;27;934;1364
314090;69;72;92;104;114;72;122;107;114;98;69;99;2150;3282
314100;39;76;32;40;21;26;27;29;29;55;27;33;824;1258
314110;741;749;954;880;662;852;976;1016;547;683;519;860;16751;26190
314120;13;22;18;8;15;21;34;24;26;15;22;18;337;573
314130;22;42;27;26;26;21;44;42;69;35;25;64;636;1079
314140;56;35;42;42;26;33;30;33;28;27;37;34;1362;1785
314150;25;13;15;5;10;10;7;8;9;10;8;8;266;394
314160;22;28;24;29;17;23;33;40;25;18;29;35;877;1200
314170;4;2;8;6;4;8;4;1;8;5;2;2;125;179
314180;58;96;86;90;64;53;51;64;72;48;72;37;1774;2565
314190;44;14;39;33;34;36;25;48;19;33;14;45;750;1134
314200;13;31;22;36;48;27;21;21;18;27;21;28;679;992
314210;13;29;31;35;37;25;24;24;19;35;22;44;831;1169
314220;56;73;79;65;54;62;48;56;53;58;59;94;2397;3154
314225;3;0;1;2;2;3;1;2;0;1;1;0;62;78
314230;24;26;17;21;22;23;32;30;23;22;30;35;574;879
314240;40;35;28;28;26;33;29;33;24;37;43;46;809;1211
314250;7;3;0;13;8;3;4;6;4;2;2;1;160;213
314260;56;45;51;53;49;71;61;94;76;66;107;64;1664;2457
314270;25;16;43;17;20;23;30;37;16;24;34;28;726;1039
314280;192;227;220;240;246;203;199;486;220;180;207;166;3517;6303
314290;23;30;35;30;26;21;21;23;28;20;19;23;925;1224
314300;163;180;204;262;196;237;193;194;181;224;529;163;4247;6973
314310;533;567;492;508;507;464;504;608;547;513;451;393;9772;15859
314315;7;5;5;7;3;1;2;4;8;1;4;1;86;134
314320;241;196;158;161;149;237;222;233;201;187;219;288;3775;6267
314330;4675;4604;5042;4725;4659;4050;4270;4659;4455;4440;3862;4353;93723;147517
314340;187;236;228;220;235;175;268;204;219;219;170;192;4553;7106
314345;14;10;15;7;3;6;8;6;7;4;12;3;365;460
314350;187;123;180;143;115;134;134;113;183;124;108;121;2332;3997
314360;3;8;11;10;12;11;6;14;15;18;8;19;188;323
314370;4;2;8;11;9;3;8;9;6;0;5;4;100;169
314380;32;35;41;30;32;41;24;27;22;40;32;32;879;1267
314390;969;1071;919;993;1025;908;923;918;861;1077;855;968;25194;36681
314400;93;82;104;91;95;84;99;83;110;91;90;96;2207;3325
314410;235;220;206;228;255;279;366;440;328;253;213;233;3806;7062
314420;4;0;2;15;0;2;5;2;2;6;1;1;34;74
314430;197;228;258;185;296;199;265;228;265;245;187;261;5864;8678
314435;20;11;11;22;11;31;17;9;12;30;10;14;371;569
314437;11;3;6;10;6;6;12;3;6;11;8;6;227;315
314440;22;19;11;25;8;24;27;37;13;10;10;9;330;545
314450;44;48;56;66;73;58;54;68;65;73;53;38;1882;2578
314460;140;140;148;156;146;130;181;216;184;106;117;149;3673;5486
314465;10;14;6;16;24;16;51;18;14;15;16;15;531;746
314467;2;2;1;1;1;2;0;1;2;1;4;3;39;59
314470;135;97;175;152;180;122;129;321;118;107;106;84;4134;5860
314480;3200;3037;3224;3201;3601;3106;3339;3842;3875;3707;4476;3464;60739;102811
314490;12;5;4;11;10;3;2;7;8;4;4;4;223;297
314500;180;198;205;254;252;167;224;266;319;370;185;278;3255;6153
314505;42;41;44;65;26;60;52;54;69;59;60;23;1093;1688
314510;69;55;63;81;77;81;274;149;82;72;83;70;1503;2659
314520;1067;1096;1882;1901;1807;1706;1632;1452;1265;1206;1244;2318;25104;43680
314530;76;66;60;32;50;51;39;72;40;97;38;62;1398;2081
314535;14;10;11;14;13;15;10;13;12;15;15;9;394;545
314537;72;16;19;19;36;35;36;28;27;49;32;47;417;833
314540;6;4;3;2;3;4;3;3;1;1;3;1;110;144
314545;55;41;81;44;42;51;49;49;44;45;34;41;1018;1594
314550;9;9;8;3;6;14;7;12;14;9;11;7;202;311
314560;368;385;390;351;382;377;508;515;428;535;401;355;9818;14813
314570;2;0;0;0;1;1;3;1;1;4;0;2;54;69
314580;17;12;8;8;13;15;13;18;16;12;12;15;338;497
314585;11;12;10;18;11;9;8;12;8;11;18;16;372;516
314587;7;9;12;9;13;6;8;4;4;6;7;12;165;262
314590;597;610;721;646;802;696;773;685;719;787;869;861;17466;26232
314600;291;305;252;245;296;239;266;270;249;294;234;246;6780;9967
314610;1294;1153;1213;1070;1346;1266;1231;1410;1134;1456;1213;1376;22133;37295
314620;8;6;6;14;11;4;2;7;5;4;2;4;137;210
314625;10;5;6;5;7;6;4;6;14;6;8;14;156;247
314630;44;44;47;30;44;33;49;42;38;59;43;28;1037;1538
314640;9;17;23;15;16;14;20;27;32;20;21;15;361;590
314650;102;102;116;106;119;86;99;98;86;117;83;98;2532;3744
314655;2;0;4;3;1;1;1;7;4;2;4;2;79;110
314660;2;2;2;2;6;6;0;1;3;6;2;3;80;115
314670;12;14;20;13;4;14;8;7;7;17;33;10;375;534
314675;1;8;3;3;1;7;3;3;2;5;3;0;109;148
314690;134;125;132;172;119;132;129;144;144;114;175;127;3120;4767
314700;1958;1736;1990;2057;3431;1754;2475;2257;1673;1838;2004;2558;29154;54885
314710;1401;1492;1428;1486;1378;1359;1464;1352;1313;1337;1371;1276;28645;45302
314720;284;303;320;320;354;294;290;322;295;311;260;230;5315;8898
314730;214;157;148;157;151;129;130;162;145;139;133;137;4724;6526
314740;268;244;300;243;298;229;283;422;331;283;301;284;8149;11635
314750;5;1;1;5;3;30;7;5;4;3;0;3;47;114
314760;117;110;141;110;99;103;104;121;113;143;115;107;3222;4605
314770;55;65;56;55;58;58;67;58;60;61;45;73;1662;2373
314780;24;9;27;15;25;39;9;11;7;33;8;8;274;489
314790;1296;1309;1324;1322;1264;1177;1388;1300;1255;1338;1226;1133;26975;42307
314795;0;2;1;4;0;1;0;2;1;1;5;7;48;72
314800;3229;2952;2943;2813;3515;3116;3131;3093;2791;2909;2621;2756;49938;85807
314810;1359;1136;1331;1325;1253;1274;1472;1527;1669;1640;1128;1463;23290;39867
314820;20;32;19;29;19;16;17;23;19;20;18;20;679;931
314830;13;13;15;17;16;17;32;26;14;23;16;12;466;680
314840;10;7;16;12;10;7;7;3;9;9;10;18;263;381
314850;16;9;16;12;14;12;14;15;13;17;12;16;428;594
314860;29;37;36;39;33;24;30;28;14;19;17;18;919;1243
314870;51;42;61;73;70;68;54;59;56;51;52;53;1902;2592
314875;2;2;6;5;6;7;8;10;7;12;4;6;90;165
314880;4;7;2;9;3;0;4;5;4;1;8;14;164;225
314890;20;36;39;40;42;41;47;45;29;56;39;51;1264;1749
314900;13;6;7;3;1;1;4;2;2;2;0;6;116;163
314910;41;43;57;48;39;43;39;46;38;41;37;28;1153;1653
314915;26;14;7;10;9;16;9;14;22;14;18;21;337;517
314920;25;28;20;19;16;16;20;15;12;23;13;6;416;629
314930;887;823;950;906;849;936;881;827;764;823;724;817;17867;28054
314940;15;4;1;2;1;1;2;3;1;0;3;0;53;86
314950;18;23;18;21;24;19;16;17;22;20;16;11;578;803
314960;26;21;23;18;17;19;21;26;28;20;21;16;536;792
314970;59;80;164;142;125;144;134;127;128;100;102;196;2373;3874
314980;449;298;303;295;377;336;491;507;520;558;482;411;6008;11035
314990;208;193;202;210;246;171;216;175;178;250;255;200;4656;7160
314995;11;15;18;14;18;8;19;15;12;16;17;15;326;504
315000;6;10;9;10;6;12;19;32;34;12;33;19;201;403
315010;4;4;11;5;8;6;2;4;4;3;3;3;234;291
315015;22;20;28;37;36;38;76;51;10;35;40;30;674;1097
315020;16;13;16;8;23;19;10;15;9;16;18;18;544;725
315030;18;14;23;20;20;13;19;18;19;19;8;20;565;776
315040;12;10;12;7;11;10;9;11;3;15;7;7;221;335
315050;62;65;120;70;61;76;92;217;99;74;57;54;1315;2362
315053;6;9;6;7;6;10;15;7;8;17;20;8;240;359
315057;9;11;9;13;10;13;16;13;14;12;6;45;196;367
315060;15;19;19;23;18;18;18;27;26;22;16;23;676;920
315070;136;56;76;87;329;77;86;69;46;73;175;175;2831;4216
315080;38;46;46;43;39;30;49;29;35;25;33;40;1148;1601
315090;20;26;19;15;21;19;25;14;33;41;27;5;474;739
315100;39;58;63;52;56;44;42;64;79;69;60;70;930;1626
315110;21;57;82;46;53;36;45;46;52;39;51;63;1909;2500
315120;538;559;519;630;550;526;643;623;547;665;640;516;14118;21074
315130;73;84;90;85;95;75;98;107;71;94;88;99;2135;3194
315140;227;181;211;196;296;147;161;203;172;218;160;139;4034;6345
315150;372;405;456;437;460;454;500;420;392;410;359;411;7995;13071
315160;72;51;85;85;96;100;86;65;62;50;51;59;1212;2074
315170;61;71;61;62;65;104;202;207;96;74;84;78;1804;2969
315180;2456;2674;2575;2832;2349;2419;2737;2442;2401;2510;2266;2048;47733;77442
315190;10;10;16;19;8;6;17;10;4;13;14;7;329;463
315200;225;197;214;258;258;196;250;242;275;229;271;190;5711;8516
315210;571;604;690;595;631;534;735;592;547;684;520;540;17115;24358
315213;4;6;10;4;9;9;5;9;4;9;3;3;142;217
315217;12;15;9;19;10;16;6;10;6;11;12;7;294;427
315220;79;81;76;99;102;96;71;68;78;97;146;78;2538;3609
315230;21;22;25;23;34;17;23;16;9;17;14;22;439;682
315240;29;25;30;16;9;9;24;14;16;16;19;11;548;766
315250;2945;3345;3264;3144;3245;3189;3595;3529;3148;3369;3124;3024;59267;98188
315260;62;66;56;57;64;50;53;54;51;283;49;61;1739;2645
315270;76;70;82;74;92;66;69;80;54;69;53;64;1687;2536
315280;378;502;348;448;470;405;384;399;413;455;459;558;7373;12592
315290;36;45;46;69;51;38;30;38;32;53;39;57;1175;1709
315300;23;21;11;28;37;31;64;43;43;66;29;20;590;1006
315310;4;6;6;8;4;4;3;3;3;10;4;3;250;308
315320;12;11;9;8;17;17;6;10;14;4;21;4;252;385
315330;0;5;3;1;9;4;4;1;3;5;3;0;71;109
315340;161;194;138;221;153;131;179;171;203;267;203;178;3134;5333
315350;13;19;14;16;20;19;15;17;16;17;19;18;492;695
315360;53;73;73;62;60;94;67;86;61;79;59;64;1431;2262
315370;14;8;16;7;19;28;37;7;1;15;5;9;252;418
315380;11;9;15;6;13;12;11;9;7;9;11;4;184;301
315390;29;48;52;53;37;44;60;31;30;53;29;29;856;1351
315400;68;65;82;80;61;83;93;80;74;74;109;93;2249;3211
315410;37;19;20;20;26;9;11;15;18;23;20;10;726;954
315415;24;14;20;17;23;27;17;42;19;17;23;29;495;767
315420;34;41;39;32;55;36;37;56;33;37;31;32;1212;1675
315430;82;60;71;69;79;76;66;60;157;78;56;68;1608;2530
315440;22;15;11;27;17;14;16;33;18;16;12;10;627;838
315445;22;46;30;44;25;15;27;27;36;48;23;31;472;846
315450;39;58;34;45;42;31;46;60;39;28;17;31;1092;1562
315460;1396;1705;1377;1503;1460;1469;1543;1577;1406;1537;1359;1243;29414;46989
315470;15;31;34;30;20;30;27;26;32;21;26;41;609;942
315480;47;52;70;53;43;70;36;44;46;41;54;56;1117;1729
315490;65;61;72;67;101;74;83;105;123;80;73;53;1842;2799
315500;43;12;15;29;24;13;24;19;14;9;6;6;200;414
315510;4;5;2;4;3;4;2;2;5;4;4;4;147;190
315520;2;0;1;14;3;3;2;3;1;1;4;5;146;185
315530;16;16;12;14;26;16;14;10;15;12;17;22;365;555
315540;28;27;23;29;26;21;29;38;27;29;25;25;849;1176
315550;1303;746;866;1494;2675;514;733;995;2155;1560;1405;1191;6638;22275
315560;37;43;24;50;64;30;29;28;33;57;89;30;1014;1528
315570;115;82;98;85;127;117;115;71;89;118;91;85;2011;3204
315580;87;107;92;110;109;122;95;91;99;93;75;118;3003;4201
315590;9;5;9;19;6;8;8;9;3;7;6;6;363;458
315600;15;8;20;16;11;16;7;10;11;11;14;17;501;657
315610;21;29;34;40;35;42;18;29;29;24;22;29;606;958
315620;19;24;35;21;29;24;25;29;28;47;34;17;442;774
315630;98;173;179;158;201;197;271;185;193;134;184;175;4247;6395
315640;35;50;65;32;51;21;35;40;41;109;22;34;819;1354
315645;19;21;22;22;15;25;7;11;10;8;8;11;351;530
315650;2;5;6;35;7;3;9;9;10;3;4;3;133;229
315660;6;9;12;12;13;10;6;7;6;11;13;11;387;503
315670;686;783;855;831;851;748;763;760;793;838;810;1044;20165;29927
315680;35;39;68;36;38;28;24;63;53;49;43;56;1257;1789
315690;424;606;504;547;455;376;565;596;573;720;692;697;8152;14907
315700;228;244;227;180;213;228;210;218;219;281;309;243;6721;9521
315710;17;14;19;12;15;11;10;22;13;22;17;32;482;686
315720;256;337;309;324;264;262;277;326;340;260;242;304;5145;8646
315725;15;10;14;13;18;13;15;10;12;12;20;13;360;525
315727;4;13;9;9;9;8;6;8;11;11;19;6;254;367
315730;9;10;10;5;6;10;11;7;6;8;9;10;250;351
315733;75;72;56;51;49;75;64;42;42;46;58;54;1099;1783
315737;5;2;5;4;3;1;3;2;6;3;3;1;56;94
315740;45;22;10;8;11;11;12;4;16;11;6;7;302;465
315750;7;12;5;10;5;7;6;6;4;7;5;0;156;230
315760;30;24;27;64;22;12;14;13;15;16;3;14;310;564
315765;3;1;2;3;0;1;1;1;1;1;0;1;48;63
315770;230;152;231;273;232;252;211;216;250;400;322;382;4138;7289
315780;1146;1288;1352;1457;1500;1369;1529;1413;1580;1531;1486;1341;29492;46484
315790;30;25;25;21;28;35;36;40;27;31;21;22;729;1070
315800;98;65;60;55;69;50;67;57;61;48;50;55;1691;2426
315810;2;1;1;7;0;3;1;16;1;1;3;2;72;110
315820;34;33;23;26;18;27;22;17;21;19;21;29;768;1058
315830;73;135;93;69;82;93;93;206;83;122;65;50;1665;2829
315840;8;5;2;9;5;8;5;4;5;5;12;7;197;272
315850;22;13;8;8;15;12;9;6;9;9;7;7;328;453
315860;4;6;8;11;2;10;6;6;8;9;8;7;287;372
315870;3;15;7;0;0;2;0;8;3;0;3;2;102;145
315880;23;31;22;22;27;19;21;22;15;23;18;17;545;805
315890;22;33;21;25;36;25;20;28;30;20;18;23;659;960
315895;221;278;242;218;228;213;251;258;360;248;255;204;5653;8629
315900;37;44;28;27;23;13;31;25;28;23;25;21;671;996
315910;3;4;2;4;5;3;4;7;3;4;1;9;184;233
315920;30;43;45;34;43;24;36;41;36;50;38;26;1093;1539
315930;9;9;11;9;7;3;7;7;6;8;11;9;316;412
315935;31;40;43;42;36;38;40;49;58;36;49;34;819;1315
315940;88;11;8;13;5;9;6;9;8;5;3;12;304;481
315950;21;23;14;14;14;25;43;30;11;25;12;5;291;528
315960;458;529;499;522;523;557;679;570;558;666;536;536;12929;19562
315970;6;8;22;45;8;14;53;15;9;10;15;11;195;411
315980;161;166;160;188;176;131;160;244;160;154;294;188;4557;6739
315990;147;131;122;153;145;142;157;327;215;209;163;145;2710;4766
316000;7;12;5;10;9;8;5;6;9;17;3;12;327;430
316010;10;9;11;18;13;9;4;8;14;22;2;4;306;430
316020;1;4;6;1;4;7;0;1;1;3;5;5;97;135
316030;7;8;6;8;6;5;5;4;5;3;5;3;169;234
316040;241;272;264;250;313;287;219;336;250;257;222;271;5500;8682
316045;1;4;2;19;10;0;6;5;5;6;2;4;113;177
316050;1;1;1;0;0;1;2;2;2;2;3;2;59;76
316060;8;4;67;19;13;13;15;8;9;6;11;8;276;457
316070;193;180;208;206;181;200;181;181;211;201;168;148;5294;7552
316080;10;10;12;9;12;7;16;10;27;17;20;13;317;480
316090;34;29;52;37;61;22;31;26;19;13;25;16;452;817
316095;9;10;10;45;17;11;66;45;8;15;6;6;471;719
316100;86;79;95;75;59;56;64;59;72;70;54;68;1928;2765
316105;3;8;5;6;1;5;6;5;4;2;1;3;102;151
316110;129;97;115;99;102;89;123;76;75;96;94;104;2967;4166
316120;55;26;34;19;39;23;23;64;37;33;37;30;882;1302
316130;54;43;25;49;46;44;49;56;50;52;48;294;904;1714
316140;17;16;20;11;21;7;17;14;10;4;12;10;281;440
316150;77;119;119;149;124;109;118;151;85;105;102;133;2688;4079
316160;4;3;4;3;1;5;2;2;1;3;0;3;66;97
316165;4;5;7;14;6;2;9;9;1;7;9;6;144;223
316170;53;47;76;60;56;42;64;51;49;54;50;93;1163;1858
316180;123;91;102;123;111;102;99;122;121;123;110;114;1995;3336
316190;257;538;233;290;295;225;243;256;206;207;285;202;5696;8933
316200;188;208;206;210;235;268;305;412;268;339;215;251;5574;8679
316210;682;658;630;781;1330;671;946;753;1037;1468;1019;1012;8293;19280
316220;50;45;45;52;50;42;39;39;56;43;42;38;1254;1795
316225;3;3;6;1;8;7;2;4;3;3;7;5;177;229
316230;3;4;7;5;9;11;15;10;3;6;9;4;178;264
316240;29;27;35;20;24;13;27;20;26;63;15;26;1062;1387
316245;2;0;2;5;2;0;2;0;0;1;3;2;80;99
316250;962;1125;996;942;866;704;865;784;847;917;905;800;19442;30155
316255;20;22;46;43;46;29;20;31;23;40;34;29;729;1112
316257;16;25;33;42;31;34;34;32;26;18;23;30;622;966
316260;12;18;12;20;24;19;11;10;11;9;15;18;372;551
316265;3;0;0;0;0;4;0;3;0;2;1;2;64;79
316270;50;62;72;57;59;56;48;70;58;56;45;41;1550;2224
316280;53;59;41;42;38;38;44;37;35;32;42;45;1196;1702
316290;151;216;218;203;201;167;301;203;184;192;203;238;5311;7788
316292;355;468;595;538;498;490;573;527;538;510;1066;435;10141;16734
316294;24;47;48;39;36;225;62;42;42;35;31;33;1202;1866
316295;258;197;218;284;224;189;238;214;190;200;212;239;5088;7751
316300;5;8;10;12;6;5;2;9;8;13;9;7;232;326
316310;34;43;42;41;33;34;39;37;41;49;50;42;720;1205
316320;9;9;15;17;18;11;22;13;10;27;25;5;281;462
316330;5;10;3;1;2;2;5;3;1;1;1;1;70;105
316340;20;25;24;16;35;21;15;18;13;23;18;31;377;636
316350;8;13;17;12;10;6;8;7;8;10;6;7;256;368
316360;9;6;6;2;4;2;2;2;12;3;5;3;54;110
316370;413;398;414;589;472;385;373;367;389;429;355;363;10192;15139
316380;11;7;11;3;15;13;13;8;12;19;30;46;314;502
316390;7;14;15;11;18;21;39;33;26;35;10;21;400;650
316400;28;24;19;40;39;17;41;39;41;27;31;41;939;1326
316410;8;6;9;8;6;7;10;8;6;7;8;6;247;336
316420;10;11;19;12;16;12;14;13;19;20;16;39;664;865
316430;71;94;103;65;76;115;118;106;121;83;63;98;1379;2492
316440;101;115;122;115;113;130;130;111;95;195;145;101;1863;3336
316443;4;1;5;14;6;2;14;1;1;0;0;3;72;123
316447;4;9;5;9;11;7;21;12;5;6;6;8;208;311
316450;6;10;6;6;7;8;7;13;13;8;6;8;189;287
316460;171;140;159;158;172;149;170;130;136;153;114;145;4147;5944
316470;835;823;937;896;868;878;942;953;906;936;821;776;19119;29690
316480;0;2;1;0;1;1;2;1;0;0;3;0;42;53
316490;13;14;25;21;25;14;11;6;11;15;9;13;272;449
316500;58;73;77;57;60;58;74;53;65;59;58;90;1748;2530
316510;41;46;71;66;41;54;50;74;62;42;50;85;1194;1876
316520;43;43;41;46;58;37;37;58;63;61;51;30;1284;1852
316530;45;50;42;39;59;51;43;57;46;45;47;43;1568;2135
316540;40;51;53;42;64;44;43;55;38;50;26;39;1236;1781
316550;24;17;17;17;16;13;26;21;8;11;14;13;316;513
316553;380;489;436;417;396;413;412;445;409;458;490;498;9245;14488
316555;10;12;9;13;4;3;7;8;5;3;4;3;182;263
316556;4;8;3;9;8;17;9;11;9;6;5;4;69;162
316557;49;36;34;35;41;31;50;45;38;46;48;39;768;1260
316560;5;11;7;5;8;4;7;6;7;3;1;1;246;311
316570;28;35;33;21;29;35;43;32;36;40;23;41;846;1242
316580;8;0;1;0;0;1;0;1;1;3;0;0;31;46
316590;18;18;12;11;5;3;6;8;5;7;5;6;209;313
316600;8;8;10;7;7;1;8;7;4;10;7;10;279;366
316610;1;5;7;3;3;6;2;6;0;0;2;5;105;145
316620;17;22;18;19;8;17;9;7;9;8;20;20;517;691
316630;6;11;13;4;8;4;15;6;8;8;5;9;266;363
316640;2;9;8;7;5;6;9;9;8;7;4;14;200;288
316650;3;1;3;1;1;3;2;3;1;5;0;5;73;101
316660;6;1;3;5;8;3;4;2;4;4;6;3;77;126
316670;180;22;27;23;52;65;157;53;76;83;87;287;1287;2399
316680;720;288;417;374;536;552;501;518;407;281;308;294;4241;9437
316690;35;37;53;42;39;43;63;90;58;71;35;27;992;1585
316695;2;5;4;1;0;4;1;2;0;0;3;1;51;74
316700;4;2;2;4;3;6;7;2;6;7;8;2;188;241
316710;135;91;112;96;80;64;75;86;85;55;65;66;1870;2880
316720;2869;2986;2965;2930;3044;2731;2978;3245;3095;2907;2841;2720;65061;100372
316730;2;0;3;4;2;5;5;8;6;3;9;6;105;158
316740;28;31;33;24;30;20;26;25;34;36;40;27;695;1049
316750;11;9;12;14;7;8;8;8;13;13;12;14;372;501
316760;28;30;27;30;23;35;23;35;23;18;20;27;737;1056
316770;7;11;6;8;2;3;8;4;4;4;7;2;177;243
316780;21;20;20;23;27;22;28;31;21;25;13;10;500;761
316790;7;16;21;15;20;8;16;23;12;19;20;23;469;669
316800;202;167;161;166;152;155;199;204;127;147;137;126;4297;6240
316805;0;4;4;4;2;0;2;2;1;4;3;4;120;150
316810;70;62;88;113;108;50;55;110;281;75;90;155;1966;3223
316820;10;10;12;10;14;16;35;53;16;20;11;4;168;379
316830;20;10;25;4;7;11;7;11;8;17;12;18;252;402
316840;35;28;32;23;32;33;18;26;28;23;26;31;797;1132
316850;26;44;35;27;54;35;29;21;22;22;26;37;1018;1396
316860;1053;1107;1224;1065;1144;1063;1118;1185;1067;1072;1119;1213;27354;40784
316870;841;990;955;710;782;663;711;666;625;678;953;717;16933;26224
316880;153;163;149;162;151;155;121;135;102;149;147;120;2569;4276
316890;88;129;104;131;258;96;74;110;238;203;84;198;1262;2975
316900;81;132;86;99;104;96;89;105;87;83;74;107;2634;3777
316905;7;4;0;3;2;2;2;5;3;1;3;4;108;144
316910;22;21;35;29;25;28;24;24;42;24;24;14;472;784
316920;44;14;30;23;11;18;15;46;17;32;34;16;640;940
316930;1061;722;664;732;677;694;703;741;650;711;660;655;17133;25803
316935;255;339;343;291;330;291;314;290;307;452;341;347;6126;10026
316940;655;640;666;735;1128;786;859;878;794;893;765;683;15306;24788
316950;23;16;28;24;20;13;14;13;17;5;10;11;259;453
316960;230;208;240;302;374;282;231;257;214;202;194;258;5480;8472
316970;141;99;158;130;129;200;105;117;90;106;102;127;3632;5136
316980;19;33;23;22;21;24;41;21;36;40;25;26;670;1001
316990;987;1340;1310;1375;1325;1375;1578;1332;1291;1472;1141;1265;29050;44841
317000;5;3;4;6;5;5;7;5;5;3;3;7;185;243
317005;49;39;53;43;34;44;38;53;28;39;39;32;904;1395
317010;5932;5319;5744;5753;5860;5310;5454;5279;5557;5592;5015;5354;98364;164533
317020;13393;13076;13958;13578;13810;13106;14661;13023;13000;14139;12101;13261;236784;397890
317030;2;4;2;1;4;3;5;3;2;1;6;4;125;162
317040;789;891;1037;1050;1714;911;1074;953;940;1128;977;1082;18986;31532
317043;28;24;32;57;33;12;21;19;21;24;31;37;542;881
317047;13;14;9;10;4;7;13;13;6;10;9;7;231;346
317050;113;69;59;59;102;99;104;72;65;398;89;33;3102;4364
317052;21;17;17;17;34;25;66;22;20;22;28;38;457;784
317057;18;17;24;13;21;15;9;23;10;16;16;11;378;571
317060;9;2;6;6;6;10;6;11;18;12;14;11;251;362
317065;17;14;24;9;10;25;6;8;7;4;9;4;233;370
317070;2506;2510;2492;2656;2545;2447;2829;2769;2470;2638;2334;2079;46877;77152
317075;50;59;58;48;118;69;70;63;71;40;67;48;1248;2009
317080;229;327;290;262;282;231;281;347;228;281;313;250;6139;9460
317090;11;7;15;9;2;16;11;10;6;6;10;6;440;549
317100;271;301;246;264;254;231;227;230;186;287;213;245;5337;8292
317103;31;31;34;38;24;20;17;25;32;22;23;16;747;1060
317107;31;24;25;22;46;19;20;17;20;22;33;36;801;1116
317110;17;14;17;18;19;15;18;7;16;20;13;18;427;619
317115;6;4;5;8;4;6;3;4;4;7;1;4;112;168
317120;875;744;902;803;961;911;1119;948;803;980;851;1127;18919;29943
317130;573;673;660;602;622;542;653;569;568;545;566;583;17604;24760
317140;1;2;6;8;2;5;6;6;13;3;7;6;199;264
317150;6;13;11;12;13;9;12;25;9;14;16;15;670;825
317160;25;25;19;16;30;21;16;15;21;31;20;24;1728;1991
317170;47;56;54;57;51;45;44;45;40;64;44;31;1341;1919
317180;49;32;23;17;20;22;29;25;30;18;47;27;844;1183
317190;1;1;8;6;3;3;1;3;1;4;1;1;94;127
317200;379;470;470;419;483;373;464;425;381;382;474;384;11371;16475
317210;77;16;22;25;29;19;31;23;17;37;76;21;745;1138
317220;2;15;7;7;7;11;11;9;4;6;17;5;215;316
320010;75;118;113;121;126;126;111;126;106;100;125;97;2635;3979
320013;29;27;32;32;44;93;83;58;25;29;31;155;757;1395
320016;151;16;29;37;23;28;21;15;21;18;15;29;627;1030
320020;119;116;159;157;110;99;181;118;110;258;127;97;2856;4507
320030;159;168;125;133;138;316;176;137;171;152;141;122;3033;4971
320035;13;10;13;15;6;11;10;9;15;13;24;20;301;460
320040;224;296;299;303;277;309;322;302;282;312;232;286;6007;9451
320050;7;24;26;16;10;13;23;15;20;21;13;16;411;615
320060;2229;1946;2445;2540;2088;1904;2854;2839;2429;2205;3108;2049;30328;58964
320070;67;100;110;70;98;112;114;115;84;100;106;92;2871;4039
320080;273;248;167;206;211;167;228;177;186;214;186;211;4523;6997
320090;288;362;357;272;359;316;359;285;280;296;295;263;6587;10319
320100;83;110;110;91;145;178;257;120;78;78;93;102;1652;3097
320110;36;53;65;47;78;54;95;61;52;67;80;58;1226;1972
320115;40;44;42;39;42;37;35;52;39;60;38;47;894;1409
320120;1759;1823;2159;1766;2104;2163;2041;2212;1946;1980;1879;1964;47288;71084
320130;3202;3348;3229;3153;3386;3219;3668;3418;3292;3304;3584;3051;61417;101271
320140;432;297;323;396;365;304;351;320;333;284;269;243;7427;11344
320150;1483;1588;1733;1612;1747;1552;1697;1951;1886;1517;1577;1999;31574;51916
320160;213;89;143;153;106;116;91;121;211;108;116;141;3066;4674
320170;57;48;58;46;48;49;49;56;51;58;61;35;1250;1866
320180;2;7;13;25;21;22;14;15;14;24;16;23;275;471
320190;286;357;343;296;357;316;343;294;309;319;271;256;6360;10107
320200;15;21;17;39;35;22;25;23;21;23;22;25;613;901
320210;66;86;78;106;72;78;77;82;63;85;84;73;2007;2957
320220;166;147;145;156;132;158;165;170;164;136;126;124;3347;5136
320225;30;32;31;37;40;56;48;47;39;25;31;23;816;1255
320230;120;120;148;157;143;139;147;129;145;141;123;128;3899;5539
320240;1423;1465;1348;1162;1275;1120;1169;1230;1137;1395;1252;1098;23602;38676
320245;81;97;101;109;96;95;91;150;101;113;122;163;2286;3605
320250;180;125;169;180;130;164;184;405;246;289;273;131;2886;5362
320255;14;10;20;24;11;17;21;24;10;19;19;18;461;668
320260;114;144;143;114;110;185;165;180;126;158;116;112;3755;5422
320265;26;36;33;47;37;21;19;33;21;19;29;27;732;1080
320270;34;40;56;51;46;44;36;44;38;35;35;110;1141;1710
320280;240;261;271;304;270;232;235;349;470;227;241;241;6418;9759
320290;51;46;52;59;61;58;59;70;49;50;42;48;1929;2574
320300;141;178;174;126;149;132;164;137;127;105;137;186;2891;4647
320305;142;173;236;218;544;1274;844;238;190;212;226;171;4044;8512
320310;34;30;45;24;24;29;48;39;25;48;27;35;744;1152
320313;179;182;205;172;184;163;295;124;152;129;174;187;3115;5261
320316;24;21;16;23;16;15;11;20;11;13;13;13;543;739
320320;2380;2593;3150;2819;3014;3140;3796;3130;2724;2590;2760;2599;49621;84316
320330;18;27;18;16;29;32;36;20;18;15;25;42;550;846
320332;331;343;299;245;295;310;256;329;308;355;291;318;5397;9077
320334;219;215;232;214;252;206;179;206;198;182;167;199;3681;6150
320335;83;103;222;103;115;145;144;102;97;72;76;110;1742;3114
320340;112;77;124;87;115;93;77;76;67;73;68;78;2453;3500
320350;108;102;152;118;123;130;111;143;151;146;119;112;3188;4703
320360;13;21;28;27;22;15;14;26;27;27;22;25;537;804
320370;38;59;68;94;60;117;85;58;122;79;56;48;1562;2446
320380;31;42;52;48;62;49;40;38;42;35;55;45;1056;1595
320390;438;440;480;454;607;871;846;523;445;416;521;501;8680;15222
320400;41;41;82;70;71;91;90;90;58;47;53;50;1189;1973
320405;138;132;184;110;175;150;117;102;106;106;118;113;3317;4868
320410;163;186;207;210;255;293;395;599;344;214;197;182;4090;7335
320420;198;157;140;153;150;172;174;192;147;146;200;150;2872;4851
320425;27;11;15;16;33;13;17;15;11;18;17;22;468;683
320430;115;47;81;76;82;36;52;62;73;48;61;46;1035;1814
320435;107;104;174;134;252;321;201;117;107;105;99;138;2088;3947
320440;57;50;68;53;68;73;58;62;64;52;51;55;1330;2041
320450;64;35;37;43;43;33;58;33;26;32;30;34;732;1200
320455;396;393;517;429;404;440;514;447;392;368;378;389;8054;13121
320460;207;181;220;209;182;171;196;198;157;210;172;251;3968;6322
320465;54;31;52;53;66;111;164;47;65;53;51;70;1308;2125
320470;185;323;288;365;350;401;393;277;254;257;343;422;5950;9808
320480;27;20;20;18;33;22;36;31;30;24;27;39;765;1092
320490;1604;1247;1410;1256;1598;1495;1596;1400;1295;1225;1373;1212;23850;40561
320495;64;67;86;63;72;82;76;59;54;64;65;66;1671;2489
320500;8559;8311;8985;8460;10090;8873;9632;8771;9492;8352;8312;7561;160325;265723
320501;282;238;354;306;595;1579;1029;269;331;287;268;263;4738;10539
320503;111;105;145;117;137;156;161;139;134;138;121;108;3132;4704
320506;233;274;248;261;250;249;227;227;256;245;195;186;5272;8123
320510;846;823;871;838;1009;1029;1024;868;915;892;900;968;20963;31946
320515;28;19;34;18;43;81;37;21;18;34;31;20;576;960
320517;81;91;92;150;414;567;700;129;98;76;100;224;1691;4413
320520;5999;6225;7193;6474;6507;6212;6703;6293;6860;6789;5986;5724;116750;193715
320530;8579;7715;8234;8005;8413;8354;9977;8596;8036;8551;8184;7339;167164;267147
330010;1431;1525;1376;1348;1400;1549;1726;1341;2050;1931;1582;1784;39520;58563
330015;64;32;44;42;47;43;33;38;37;26;35;51;1405;1897
330020;911;954;1047;850;911;733;812;908;868;799;847;1096;21327;32063
330022;73;73;83;56;88;95;76;98;104;61;105;103;2576;3591
330023;807;786;962;831;660;592;631;798;643;830;687;760;13401;22388
330025;181;173;221;153;262;180;200;176;162;197;186;185;4776;7052
330030;762;673;798;974;734;915;684;876;825;729;684;707;16513;25874
330040;1269;1199;1451;1195;1321;1129;1337;1341;1427;1270;1155;1183;31493;46770
330045;752;927;841;854;925;960;916;998;944;1053;844;941;22005;32960
330050;135;186;162;133;175;146;173;151;156;160;134;181;4983;6875
330060;185;172;144;153;252;167;172;171;205;183;145;207;5761;7917
330070;2071;1927;2086;1671;1853;1751;1711;1844;1616;1940;2033;1907;38831;61241
330080;222;204;261;356;174;172;217;226;190;189;159;187;6288;8845
330090;33;31;23;38;35;44;23;29;27;30;19;34;916;1282
330093;49;74;72;69;65;119;129;72;60;61;42;61;1297;2170
330095;69;73;87;60;77;82;66;85;116;83;93;77;2284;3252
330100;2793;2671;3294;2873;2985;3056;3670;3248;3267;3998;3190;3224;84954;123223
330110;102;100;129;104;82;86;88;164;109;99;94;96;3357;4610
330115;47;45;48;31;34;29;50;47;39;89;47;42;1147;1695
330120;536;135;118;115;130;81;116;67;68;102;77;48;2933;4526
330130;175;221;224;204;261;231;262;202;217;294;244;212;5486;8233
330140;56;47;57;59;42;74;45;59;53;40;35;51;1522;2140
330150;195;136;156;189;139;152;255;229;165;145;168;129;4015;6073
330160;44;24;24;14;23;29;34;11;23;28;23;26;899;1202
330170;6039;6765;6259;5371;5823;5331;5845;13801;6834;6415;5643;6104;161219;241449
330180;103;39;126;38;28;37;29;22;23;33;31;33;981;1523
330185;238;188;251;228;221;227;221;212;260;391;187;220;6783;9627
330187;86;87;105;97;73;84;93;88;91;96;86;85;2028;3099
330190;1057;1270;1129;1373;1164;1307;1399;1352;1363;1465;1416;1518;30519;46332
330200;760;1007;883;1163;1032;1043;1103;909;997;1265;949;1004;24539;36654
330205;162;46;90;56;59;75;82;72;53;49;55;47;1568;2414
330210;101;126;83;120;84;91;80;66;85;72;76;107;2862;3953
330220;952;899;928;937;931;841;920;1012;990;962;931;956;26080;37339
330225;323;287;347;345;287;265;337;294;320;319;289;256;8564;12233
330227;215;195;218;179;204;199;210;192;263;250;200;281;8582;11188
330230;15;41;21;30;23;21;20;38;33;23;21;18;685;989
330240;4957;5341;5290;5257;5386;4997;5513;4981;4803;5010;5287;4663;138816;200301
330245;111;831;331;130;175;146;178;79;117;139;126;153;1734;4250
330250;695;756;658;652;778;630;714;709;750;703;699;708;19600;28052
330260;422;345;412;325;430;350;295;273;379;305;256;330;6584;10706
330270;1096;1103;1148;1460;1076;1017;1193;1265;1194;991;1029;1178;25260;39010
330280;53;44;58;55;57;52;51;45;64;78;79;96;1590;2322
330285;543;565;657;720;606;613;659;581;603;588;611;733;16753;24232
330290;165;152;196;210;165;141;167;168;218;180;162;185;4038;6147
330300;104;112;129;103;86;87;91;90;80;87;91;83;2900;4043
330310;34;42;31;31;60;31;54;37;21;39;28;44;1414;1866
330320;780;812;558;517;487;559;648;670;660;654;599;789;15439;23172
330330;7507;6377;7171;6806;7394;6281;7266;6917;7562;6255;6218;7416;177870;261040
330340;1935;1831;2232;1696;2044;1829;2124;1917;2039;2222;1798;1898;48979;72544
330350;3605;3706;3723;3621;3526;3729;3751;3700;3410;3500;3326;3717;95504;138818
330360;166;213;201;214;222;237;226;192;219;319;244;245;8220;10918
330370;431;474;231;348;522;215;256;226;254;195;171;198;6827;10348
330380;446;494;553;476;442;403;445;425;472;492;511;487;8621;14267
330385;129;75;90;136;108;76;78;88;128;94;105;149;3049;4305
330390;2791;2614;2880;2789;2995;2646;2599;2666;2682;2842;2599;2609;69915;102627
330395;130;135;171;158;166;196;158;161;231;216;149;132;2948;4951
330400;221;242;258;243;286;255;249;312;356;437;334;308;7779;11280
330410;43;40;40;41;53;28;49;30;36;44;47;47;1425;1923
330411;144;182;189;193;193;167;319;161;214;206;198;211;6733;9110
330412;73;53;57;66;129;57;65;68;44;64;36;71;1306;2089
330414;784;585;672;681;665;649;840;593;566;629;540;580;16105;23889
330415;68;35;64;44;48;39;50;60;62;45;45;46;1446;2052
330420;1651;1366;1568;1570;1927;1561;1346;1399;1307;1460;1231;1535;38466;56387
330430;1089;848;598;440;636;475;522;442;436;529;423;514;13308;20260
330440;50;64;62;57;45;110;45;71;50;46;46;30;1350;2026
330450;63;90;53;149;167;96;72;81;49;99;179;68;2291;3457
330452;1317;1322;1361;1457;1348;1332;1400;1429;1362;1396;1529;1576;30675;47504
330455;78631;76041;77053;72650;76656;76158;78052;78329;80084;78552;75797;71817;2004333;2924153
330460;52;21;13;23;10;48;31;22;21;27;29;14;783;1094
330470;325;260;308;262;274;234;230;238;325;252;193;289;7706;10896
330475;147;110;124;129;147;148;306;201;283;510;154;241;2799;5299
330480;119;118;97;109;92;94;110;104;96;158;98;107;3655;4957
330490;3646;3819;4056;4097;3620;3211;4459;4050;3567;3667;3291;3763;101260;146506
330500;728;571;730;821;1011;815;801;769;605;818;552;602;14197;23020
330510;3232;2939;2059;1937;2118;1761;2171;1848;1904;2141;1688;2800;50935;77533
330513;14;13;12;18;13;15;10;18;14;34;11;15;459;646
330515;113;132;125;142;133;148;145;191;119;144;129;150;3661;5332
330520;604;521;601;486;531;590;571;564;552;675;547;687;13901;20830
330530;8;4;23;4;19;8;9;5;11;12;5;14;493;615
330540;176;114;128;145;188;116;105;101;109;127;79;163;3858;5409
330550;627;659;824;662;761;617;782;672;612;675;563;604;16423;24481
330555;450;337;620;500;461;352;435;386;303;355;454;671;10607;15931
330560;122;86;70;69;78;92;91;78;91;77;62;60;3100;4076
330570;65;73;73;52;42;44;49;47;56;54;51;49;1411;2066
330575;102;126;84;84;85;126;85;135;133;132;97;93;3367;4649
330580;1524;1623;1627;1444;1447;1425;1468;1563;1561;1534;1396;1408;37763;55783
330590;12;16;10;15;9;9;68;14;12;9;9;10;493;686
330600;769;807;782;770;760;647;680;768;683;866;577;612;20277;28998
330610;353;342;394;310;327;308;342;342;335;373;288;359;10643;14716
330615;17;22;22;30;24;22;17;60;69;34;19;33;580;949
330620;187;214;225;213;230;176;219;218;234;218;209;398;7239;9980
330630;2822;2676;3068;3273;3220;3021;3570;3342;2972;3288;2770;2821;80430;117273
350010;396;441;424;466;341;343;371;549;332;381;372;349;10374;15139
350020;44;39;52;23;30;30;25;36;29;33;35;32;689;1097
350030;351;397;433;373;358;321;420;375;360;486;445;365;8263;12947
350040;41;40;55;54;39;48;59;63;43;48;58;27;1007;1582
350050;252;250;268;214;268;221;231;276;230;280;307;279;5198;8274
350055;87;153;91;83;63;62;121;71;79;97;107;76;1500;2590
350060;65;37;38;42;54;49;45;54;48;36;59;40;1006;1573
350070;398;460;634;467;492;553;507;480;577;543;428;490;9593;15622
350075;44;47;40;37;38;34;34;66;37;34;38;36;816;1301
350080;20;248;98;43;40;29;43;31;41;32;25;48;1371;2069
350090;21;29;30;21;61;13;19;14;10;27;18;17;698;978
350100;182;203;208;142;142;159;226;260;220;162;171;128;3288;5491
350110;65;23;12;8;16;10;11;14;8;16;118;13;334;648
350115;164;151;144;154;146;134;137;162;137;166;143;206;7261;9105
350120;12;26;10;4;13;16;10;9;8;9;7;6;264;394
350130;107;156;125;120;118;94;119;115;90;150;124;102;3303;4723
350140;25;15;17;26;15;27;19;23;23;27;14;20;336;587
350150;3;11;10;4;2;8;6;9;8;4;11;5;164;245
350160;3705;3691;4191;4325;4192;4235;4075;3993;3835;4121;3764;3632;76742;124501
350170;590;500;707;661;651;538;622;435;441;447;419;445;9970;16426
350180;13;18;11;37;11;9;9;7;6;8;4;11;385;529
350190;931;860;889;826;806;1030;1107;936;909;931;870;892;24963;35950
350200;22;40;24;36;34;33;33;40;30;53;26;37;1135;1543
350210;877;763;830;709;739;802;940;713;666;675;702;1546;16711;26673
350220;142;164;178;185;196;212;217;198;165;166;520;167;4832;7342
350230;30;50;47;34;35;30;34;23;30;45;33;46;873;1310
350240;7;11;8;8;8;8;10;4;7;12;12;8;264;367
350250;399;446;411;416;407;715;891;473;580;468;447;404;11130;17187
350260;41;36;31;46;30;21;24;18;18;26;31;29;640;991
350270;143;135;339;361;338;276;235;196;168;172;173;161;5505;8202
350275;470;583;528;507;488;427;494;494;486;455;611;712;11406;17661
350280;2302;2334;2554;2517;2529;2328;2510;2337;2591;2596;2295;2299;57102;86294
350290;349;408;366;327;343;396;294;279;453;319;271;265;6650;10720
350300;22;15;35;36;56;15;14;20;32;27;54;52;521;899
350310;49;55;56;71;60;70;89;67;69;47;118;171;1042;1964
350315;2;1;3;3;15;5;3;3;7;2;3;7;130;184
350320;3542;3420;3952;3499;3878;4067;3764;3535;3700;3810;3668;3513;77313;121661
350330;1531;1400;1603;1592;1491;1430;1498;1576;1580;1719;2191;1670;37213;56494
350335;7;1;5;4;10;5;8;4;0;1;1;3;128;177
350340;47;68;51;67;93;66;75;63;79;123;71;89;1180;2072
350350;33;36;42;30;58;34;53;51;38;42;40;44;692;1193
350360;63;45;60;54;64;71;51;57;64;57;151;77;1234;2048
350370;42;65;53;52;60;51;56;61;75;82;141;117;2331;3186
350380;414;458;455;468;504;484;582;544;489;533;427;480;10799;16637
350390;1204;1245;1447;1399;1595;1462;1493;1355;1319;1916;1312;1206;31146;48099
350395;1;2;5;3;0;3;2;2;5;4;0;7;70;104
350400;1136;1204;1255;1176;1174;1072;1070;1092;1154;1618;1196;1079;23088;37314
350410;2214;2094;2368;2372;2549;2220;2460;2619;2458;2610;2162;2409;48107;76642
350420;131;95;106;102;95;93;89;111;144;116;100;83;2485;3750
350430;86;92;174;50;46;41;58;73;65;64;41;67;753;1610
350440;81;125;102;82;145;169;101;78;52;73;121;176;2000;3305
350450;1210;1323;1102;1151;1060;1179;1107;1039;1202;1205;1029;1103;22366;36076
350460;317;239;314;275;274;312;384;347;271;306;252;262;5089;8642
350470;1;1;1;11;3;4;0;3;1;2;4;3;71;105
350480;326;252;267;322;361;391;161;159;153;163;209;121;2244;5129
350490;33;47;39;40;31;52;44;29;37;41;40;39;1424;1896
350500;18;20;17;16;12;12;14;9;10;15;14;17;446;620
350510;29;18;88;30;29;45;25;31;34;41;20;32;472;894
350520;400;982;328;429;434;370;319;361;560;724;394;365;8839;14505
350530;448;436;506;623;431;516;522;512;581;608;491;910;12883;19467
350535;25;17;11;15;8;9;13;5;9;4;10;8;216;350
350540;16;12;20;12;15;22;18;14;11;22;10;21;448;641
350550;1470;1413;1587;1772;1783;1390;1474;1520;1422;1494;1285;1472;35147;53229
350560;465;473;521;622;465;412;605;447;419;445;409;397;4579;10259
350570;25778;21700;26566;24795;27094;24958;25529;25279;25563;27998;24966;26749;380152;687127
350580;243;268;307;284;318;237;278;222;302;272;241;232;6277;9481
350590;606;602;686;775;696;689;569;679;644;622;619;711;16379;24277
350600;7116;7225;7952;7202;7554;7320;7185;7038;7012;7809;6501;10202;136505;226621
350610;2755;1707;1930;1373;1432;1480;1332;1377;1435;2010;2543;1521;27506;48401
350620;63;18;34;37;73;22;21;15;13;8;21;101;846;1272
350630;147;117;136;704;167;127;100;112;174;84;87;69;2714;4738
350635;686;773;737;619;621;598;610;638;602;675;638;918;15836;23951
350640;53;74;68;80;103;54;43;48;70;66;116;50;1623;2448
350650;1186;1390;1626;2197;1459;1172;1513;1325;1431;1397;1301;1674;31262;48933
350660;165;158;243;166;166;146;162;143;159;189;127;139;3823;5786
350670;114;166;150;145;158;148;92;95;148;179;130;163;2803;4491
350680;226;136;113;151;125;90;96;98;117;121;91;133;3473;4970
350690;62;85;78;73;101;62;71;68;58;81;57;105;1561;2462
350700;911;946;1071;1277;1274;1108;1188;1223;1088;1196;1239;1120;23823;37464
350710;246;222;283;266;234;251;242;294;239;252;231;218;6144;9122
350715;14;21;19;21;21;14;17;16;15;23;7;11;478;677
350720;30;27;27;31;62;162;19;18;77;54;20;17;1049;1593
350730;126;65;83;108;83;89;63;70;55;88;125;58;1806;2819
350740;103;177;129;126;105;133;125;110;143;161;145;119;2495;4071
350745;21;19;16;13;18;25;11;16;44;31;42;31;549;836
350750;1897;2194;1999;2103;1948;1816;1807;1880;2084;2051;1792;1817;45481;68869
350760;2813;2687;2845;2833;2984;2581;3005;2991;2830;2711;2400;2807;48699;82186
350770;14;15;13;12;16;8;8;11;10;13;12;13;361;506
350775;3;3;3;8;7;8;6;3;2;2;5;7;245;302
350780;209;214;247;214;304;206;228;201;211;238;204;217;5229;7922
350790;334;343;278;321;295;302;300;264;290;283;257;378;6904;10549
350800;249;225;248;251;243;254;205;240;240;244;445;194;4506;7544
350810;155;139;520;160;177;162;92;100;100;125;107;123;2495;4455
350820;33;39;50;64;71;52;51;57;40;110;364;58;1690;2679
350830;43;64;43;29;35;33;32;40;38;45;35;40;827;1304
350840;869;822;892;1002;1031;956;991;830;1013;1003;1103;986;19053;30551
350850;1363;704;717;721;803;776;628;749;774;777;632;631;20589;29864
350860;171;115;120;112;158;150;111;136;99;91;75;93;4332;5763
350870;90;71;75;71;86;126;252;211;89;82;62;89;1936;3240
350880;183;165;195;229;210;171;199;154;176;174;193;149;4062;6260
350890;7;8;3;2;2;2;4;2;2;1;0;1;109;143
350900;1621;974;1055;1188;1240;958;1068;973;971;984;1143;927;23507;36609
350910;7;5;8;13;15;6;5;13;8;4;5;5;246;340
350920;3690;3623;3679;3696;4353;4162;3891;3461;4034;4018;3702;4111;57078;103498
350925;370;256;292;282;309;327;193;226;293;275;256;225;6560;9864
350930;37;68;50;51;61;46;45;46;37;39;66;48;1189;1783
350940;246;210;245;268;227;207;197;271;260;297;213;279;5459;8379
350945;47;17;28;20;30;30;42;21;17;16;24;11;610;913
350950;21655;19601;22049;21133;22939;21984;23071;22114;22726;22783;22809;20346;428422;691632
350960;484;454;435;462;606;560;515;418;391;454;371;416;11746;17312
350970;642;639;678;669;719;654;635;678;731;660;586;578;13257;21126
350980;34;27;53;36;46;47;28;22;33;15;36;27;673;1077
350990;46;40;60;40;50;41;43;32;36;39;38;40;1086;1591
350995;29;36;28;25;26;24;25;40;56;49;47;41;974;1400
351000;217;251;277;237;327;277;207;250;180;195;159;182;6511;9270
351010;32;42;31;35;52;17;30;32;26;40;24;26;571;958
351015;8;13;6;6;7;9;14;12;5;9;7;9;234;339
351020;423;363;350;312;312;451;364;348;381;346;568;283;8225;12726
351030;301;1090;173;185;315;495;493;381;348;308;199;1164;4068;9520
351040;563;512;673;611;623;633;572;606;518;606;603;681;15516;22717
351050;1423;1303;1343;1347;1301;1300;1231;1170;1324;1485;1368;1695;27289;43579
351060;1697;1734;2002;2216;1827;1673;2009;1791;1791;1994;1913;1898;36543;59088
351070;40;71;40;37;47;48;37;35;30;36;39;42;1027;1529
351080;354;334;269;323;315;269;307;312;417;442;390;310;6955;10997
351090;19;10;16;20;20;14;18;20;32;18;15;15;310;527
351100;106;111;92;142;77;105;58;71;99;629;106;144;3100;4840
351110;1810;1949;2002;2098;1977;1796;2400;1889;1957;1845;1690;2072;41951;65436
351120;49;60;58;24;38;28;41;26;32;43;103;78;485;1065
351130;215;240;215;206;199;190;195;215;210;218;196;169;3539;6007
351140;225;266;254;225;229;207;239;357;236;217;319;273;4422;7469
351150;499;724;571;571;584;533;545;539;582;510;527;586;13184;19955
351160;397;357;287;311;335;1078;989;709;236;266;294;235;6665;12159
351170;111;105;139;151;129;91;101;104;104;219;167;294;2742;4457
351190;64;59;73;70;112;109;102;58;32;34;33;54;1045;1845
351200;302;312;404;679;418;339;245;230;194;262;276;308;7082;11051
351210;275;702;1244;142;265;363;460;427;311;425;285;1116;3310;9325
351220;309;276;298;251;216;292;244;261;257;356;263;424;5647;9094
351230;180;154;152;155;266;161;130;114;134;118;103;139;3047;4853
351240;494;496;443;438;462;449;469;491;430;469;415;431;11016;16503
351250;45;62;84;58;43;45;41;43;53;41;53;64;1187;1819
351260;123;27;33;33;47;41;37;45;41;76;102;79;691;1375
351270;26;36;38;37;30;18;32;42;29;57;34;44;1011;1434
351280;411;393;501;484;465;433;422;391;440;462;480;448;10025;15355
351290;64;77;89;115;108;115;82;104;84;63;119;83;2633;3736
351300;4228;3899;4338;4213;4425;4176;4305;4491;4197;4489;4039;3957;86929;137686
351310;461;458;566;469;551;499;520;499;552;513;516;585;12875;19064
351320;103;66;115;68;87;113;98;108;72;86;63;79;1732;2790
351330;11;7;12;12;11;7;5;7;11;2;6;11;255;357
351340;425;448;472;424;447;416;500;423;533;477;467;650;17563;23245
351350;1083;1039;1046;1019;1246;1269;1287;1440;1057;1539;1018;1088;29003;43134
351360;65;54;57;69;61;45;79;71;44;62;50;146;2041;2844
351370;481;435;506;446;435;426;404;404;444;430;680;484;11414;16989
351380;3510;3290;3750;3731;4350;3855;4088;3728;3660;4145;3563;4709;94585;140964
351385;35;5;6;6;14;9;11;9;3;9;25;19;333;484
351390;80;105;111;100;91;120;143;138;152;120;143;108;2598;4009
351400;14;16;71;17;14;16;23;19;19;21;43;9;507;789
351410;301;258;243;239;236;289;235;298;261;381;459;287;5316;8803
351420;3;3;5;2;4;3;2;8;1;6;5;1;139;182
351430;92;106;138;89;126;103;99;74;98;105;81;88;2880;4079
351440;1593;448;434;463;429;428;428;440;863;442;472;425;10785;17650
351450;117;100;95;78;79;71;69;64;53;57;80;61;2097;3021
351460;60;69;114;122;142;110;80;87;86;97;65;74;2138;3244
351470;194;62;28;27;61;46;38;72;52;38;23;28;974;1643
351480;74;78;89;76;64;71;107;69;68;91;69;62;2040;2958
351490;239;221;372;307;349;341;420;513;333;340;752;327;6731;11245
351492;42;14;13;25;14;21;10;7;25;15;65;90;392;733
351495;6;5;2;6;16;7;7;16;9;9;21;14;158;276
351500;2160;2383;2340;2460;3279;2657;2332;2376;2145;2088;2373;2377;46018;74988
351510;326;380;345;279;292;292;309;348;347;313;269;317;8282;12099
351512;16;7;3;3;4;3;4;4;6;5;1;4;162;222
351515;149;179;143;143;136;152;165;150;154;136;128;185;4152;5972
351518;1397;1414;1561;932;1022;937;959;1009;1254;1327;1111;1490;15312;29725
351519;34;48;27;28;78;34;30;38;39;35;26;53;554;1024
351520;173;191;168;143;148;172;142;214;186;191;157;186;3792;5863
351530;2;13;1;10;9;5;4;4;2;4;1;6;130;191
351535;5;20;23;17;13;18;24;6;7;8;14;9;338;502
351540;156;163;143;141;146;111;129;147;142;128;127;130;3406;5069
351550;681;710;729;678;837;727;805;687;676;747;698;755;16685;25415
351560;76;93;89;93;75;61;74;66;78;74;63;109;1479;2430
351565;31;18;10;8;11;11;15;6;18;21;13;20;227;409
351570;898;810;840;915;1030;848;785;779;861;834;676;783;20487;30546
351580;1;2;3;0;2;1;1;0;2;3;1;18;75;109
351590;7;7;10;16;6;13;10;5;11;7;9;14;203;318
351600;88;64;91;123;130;117;117;48;122;61;59;72;1272;2364
351610;69;13;20;10;2;7;7;7;5;4;8;4;221;377
351620;4801;4492;5339;4990;5135;5294;5085;4678;5285;5287;4698;6207;94163;155454
351630;383;380;390;371;435;328;389;362;369;438;1007;480;7499;12831
351640;676;683;704;732;705;717;712;675;760;849;711;732;16150;24806
351650;25;28;33;33;21;25;25;32;27;26;24;15;702;1016
351660;52;64;41;61;56;52;49;73;46;74;56;45;1285;1954
351670;441;469;445;431;413;345;458;669;396;545;391;373;10732;16108
351680;13;9;11;44;65;26;11;11;9;10;28;47;230;514
351685;48;60;74;84;72;80;53;51;54;74;58;55;4158;4921
351690;42;54;48;54;50;55;52;53;59;76;78;1101;2250;3972
351700;50;41;246;38;53;74;41;67;38;79;27;74;1087;1915
351710;28;22;35;36;21;18;23;25;20;19;34;21;601;903
351720;177;141;84;89;106;63;94;136;94;96;119;57;1867;3123
351730;15;36;22;9;17;9;19;18;12;20;16;10;411;614
351740;620;452;464;427;347;352;359;345;308;387;365;541;18146;23113
351750;240;278;296;313;560;325;305;319;312;301;335;279;5547;9410
351760;67;41;92;74;75;55;44;40;56;60;47;39;1448;2138
351770;105;84;89;230;89;81;139;138;149;160;112;103;2733;4212
351780;21;29;26;25;28;35;16;18;26;17;13;20;856;1130
351790;124;50;51;54;54;50;64;41;49;60;63;119;2216;2995
351800;14;13;17;7;5;12;6;10;10;16;14;15;179;318
351810;18;36;29;16;24;21;26;33;24;43;25;28;893;1216
351820;210;230;230;221;228;194;226;156;163;206;175;248;6090;8577
351830;363;333;401;338;344;381;361;346;411;435;332;359;8483;12887
351840;1073;1191;916;1055;1023;989;964;984;996;1993;866;920;27345;40315
351850;64;89;125;80;96;64;84;72;83;82;81;124;2260;3304
351860;341;467;441;836;680;376;273;212;238;270;284;505;8167;13090
351870;2274;2042;1798;1606;1759;1594;1468;1748;1480;1912;1631;1751;48823;69886
351880;18464;17184;18819;18705;19510;18826;19290;19635;19181;21375;18689;20162;392748;622588
351885;47;48;91;74;91;117;81;80;67;113;109;94;1673;2685
351890;17;20;23;37;20;32;26;14;11;13;13;10;439;675
351900;37;41;55;63;73;45;50;60;58;75;55;42;1382;2036
351905;1252;1135;568;599;1108;506;541;652;579;637;698;1168;11923;21366
351907;2440;2352;2834;2953;2586;2528;2473;2393;2734;2735;2863;2781;54704;86376
351910;78;105;132;159;123;88;106;84;90;120;134;94;2706;4019
351920;28;40;49;28;33;35;33;32;49;28;28;34;816;1233
351925;24;63;62;48;33;54;52;49;39;71;48;39;1377;1959
351930;318;318;316;312;343;279;330;305;287;305;478;335;6995;10921
351940;143;127;110;112;112;84;99;119;112;107;121;75;2226;3547
351950;58;38;73;39;100;74;44;68;48;35;37;161;901;1676
351960;883;1050;1074;1144;991;1145;911;979;1168;1182;897;955;16528;28907
351970;650;887;882;771;736;800;679;695;657;773;614;660;16579;25383
351980;38;33;29;26;40;31;22;25;30;36;48;33;1012;1403
351990;21;18;37;27;24;28;24;31;25;33;32;14;797;1111
352000;77;84;132;130;182;108;162;86;97;102;102;185;2037;3484
352010;255;227;295;357;291;256;183;232;162;212;271;339;6108;9188
352020;40;33;68;57;47;47;48;69;40;43;47;55;1362;1956
352030;71;64;93;81;84;69;81;83;79;85;63;128;2188;3169
352040;420;411;433;423;464;340;403;279;360;378;392;376;8533;13212
352042;52;60;62;60;53;59;48;43;57;61;63;58;1233;1909
352044;191;168;171;164;133;168;185;154;183;163;157;148;3726;5711
352050;4830;4391;5283;4803;5834;4573;4943;4768;5127;5112;4572;4499;92765;151500
352060;9;17;18;14;19;24;15;22;17;18;17;21;523;734
352070;9;18;16;16;10;19;10;13;13;32;13;9;319;497
352080;31;58;37;48;34;27;22;17;12;17;18;38;772;1131
352090;74;73;121;119;103;82;86;79;75;82;286;94;2919;4193
352100;234;286;280;288;289;267;312;252;225;279;283;193;6690;9878
352110;47;75;70;73;52;62;76;72;87;103;103;138;1701;2659
352115;58;74;69;82;82;68;51;137;72;57;48;52;1128;1978
352120;3;7;3;9;6;7;9;2;4;10;5;6;181;252
352130;119;94;184;119;132;95;189;216;115;64;81;205;1956;3569
352140;232;260;300;270;294;369;281;312;273;294;247;296;7356;10784
352150;32;55;51;44;55;31;36;41;70;32;35;37;907;1426
352160;14;17;61;22;8;13;8;13;12;9;13;10;330;530
352170;107;114;199;112;108;144;121;115;102;112;161;118;3034;4547
352180;243;408;179;275;224;331;175;170;161;181;214;383;5344;8288
352190;183;204;237;217;274;196;225;216;176;249;211;144;4516;7048
352200;38;26;32;38;88;26;23;28;24;75;35;36;682;1151
352210;632;633;616;718;601;541;470;459;416;474;536;459;12793;19348
352215;6;3;2;2;5;5;21;3;6;3;3;5;133;197
352220;1486;1233;1407;1357;1346;1220;1228;1213;1221;1371;1228;1284;26020;41614
352230;2490;1920;2059;1934;1999;2104;2065;2038;1983;2064;2480;2128;41546;66810
352240;1026;1043;971;940;799;862;974;825;905;882;1060;753;19797;30837
352250;1574;1485;1668;1817;1804;1760;1675;1599;1788;1843;1529;2194;36132;56868
352260;922;967;1014;964;963;928;1009;980;1073;1041;964;944;23833;35602
352265;22;28;25;19;25;45;34;32;12;30;13;38;448;771
352270;539;521;487;467;530;411;479;425;460;585;462;444;10181;15991
352280;67;85;53;84;84;56;75;57;73;71;85;63;1875;2728
352290;206;208;285;274;281;259;289;272;257;273;292;256;5020;8172
352300;17;16;17;13;23;15;20;25;13;31;26;29;372;617
352310;2752;2681;3107;3099;3135;3427;2874;2977;2806;3162;2837;2891;54584;90332
352320;415;378;331;369;324;305;292;306;277;300;260;276;7611;11444
352330;74;56;51;56;101;70;42;40;38;49;61;50;1440;2128
352340;1744;1689;1947;1782;1841;1776;1763;1707;1812;2221;1708;1721;38390;60101
352350;126;106;155;238;181;153;185;163;151;135;188;201;2894;4876
352360;147;178;246;263;156;164;194;171;136;145;157;160;4685;6802
352370;44;44;31;51;27;25;62;90;80;13;17;26;576;1086
352380;35;59;37;35;32;26;47;66;45;60;35;45;966;1488
352390;2345;2490;2576;3269;2835;2681;2820;2638;2476;2570;2364;2268;57868;89200
352400;1603;1453;1767;1761;1947;1846;1844;1812;2116;2302;1997;1604;33864;55916
352410;253;363;341;465;475;282;348;431;435;337;310;332;7383;11755
352420;20;15;26;152;17;17;20;7;17;35;23;26;527;902
352430;747;736;1010;1189;1390;877;822;720;815;940;707;878;22660;33491
352440;2253;2125;2317;2357;2395;2617;2351;2301;2309;2409;2475;2241;53559;81709
352450;126;180;292;132;152;171;167;161;187;177;167;148;3373;5433
352460;195;184;156;133;107;109;91;89;97;115;108;131;3270;4785
352470;1771;1580;1786;2033;2385;2032;1846;1833;1732;1755;1660;1548;38035;59996
352480;464;422;494;463;542;603;473;444;400;460;408;464;11604;17241
352490;123;158;124;147;114;92;274;325;99;106;85;75;2937;4659
352500;1165;838;978;1112;886;837;1111;889;933;900;806;1403;20614;32472
352510;419;458;582;499;725;508;474;500;512;513;466;561;9216;15433
352520;342;372;397;396;396;504;452;388;396;526;399;453;9804;14825
352530;1444;1700;1883;1760;1737;1448;1573;1561;1736;1732;1632;1592;39114;58912
352540;22;26;32;41;20;31;61;39;26;41;293;70;583;1285
352550;168;100;86;76;99;84;82;91;94;83;91;76;2205;3335
352560;21;15;25;13;6;16;12;12;14;12;13;8;276;443
352570;464;490;481;501;471;410;462;443;456;522;510;526;10147;15883
352580;3;4;6;4;4;3;5;3;5;3;6;4;174;224
352585;65;66;84;79;99;80;69;76;68;46;60;87;1399;2278
352590;10289;9110;10368;9905;10654;9953;9751;9875;10538;11342;9601;10043;188169;309598
352600;205;195;206;236;227;198;151;162;267;141;158;141;5522;7809
352610;112;87;71;80;83;76;77;69;99;73;87;112;2018;3044
352620;121;112;110;107;99;123;114;98;98;133;102;107;3969;5293
352630;14;9;15;13;5;19;10;17;20;20;12;14;616;784
352640;443;333;426;467;529;538;503;503;460;538;485;970;9605;15800
352650;12;12;19;11;13;17;12;9;2;8;6;7;388;516
352660;17;15;18;17;24;29;15;14;20;17;10;22;567;785
352670;1008;922;1048;1039;1051;1041;973;930;1068;1104;1085;1232;24634;37135
352680;1899;1497;1677;1584;1757;1364;1462;1321;1470;1472;1248;1379;31274;49404
352690;5911;4108;4261;4365;4531;4644;4276;4255;4420;4742;4260;4160;92650;146583
352700;117;91;95;77;90;80;92;79;86;122;74;88;2145;3236
352710;927;969;1026;983;898;864;992;937;899;1032;887;898;28307;39619
352720;576;670;718;606;671;569;742;630;603;640;694;677;18493;26289
352725;5;1;1;1;0;3;5;0;5;5;3;1;81;111
352730;1005;1192;760;691;790;753;810;928;817;1007;795;727;18713;28988
352740;193;110;106;160;127;124;169;156;105;142;119;130;3369;5010
352750;117;193;23;27;131;30;39;33;102;42;30;21;858;1646
352760;1107;698;616;230;314;274;302;368;314;426;372;1082;6033;12136
352770;11;28;15;14;14;7;15;12;6;15;15;27;376;555
352780;17;14;16;14;7;20;12;20;8;10;17;12;432;599
352790;3;16;11;8;4;10;3;5;13;4;6;7;222;312
352800;160;163;168;181;146;259;131;226;165;215;263;189;3776;6042
352810;43;49;51;53;40;73;65;65;61;70;52;77;1621;2320
352820;16;11;9;18;15;12;12;17;5;12;23;22;316;488
352830;23;12;16;12;17;25;17;16;20;20;21;27;453;679
352840;370;561;418;402;447;447;424;476;376;427;339;407;9296;14390
352850;804;1847;794;835;888;763;888;925;787;767;638;713;16895;27544
352860;97;76;103;147;98;74;129;94;80;95;150;96;1763;3002
352870;11;10;11;35;12;2;10;10;32;7;39;12;293;484
352880;135;122;172;155;90;96;123;111;105;105;183;143;4180;5720
352885;123;81;74;75;88;73;190;71;108;103;172;165;2126;3449
352890;1;5;2;8;3;6;5;2;6;2;5;4;130;179
352900;4261;3036;3139;3289;3370;3670;3495;2915;3269;3229;2877;3000;69027;108577
352910;1;6;3;9;3;6;5;2;1;1;6;4;154;201
352920;96;64;93;117;116;101;96;72;96;91;64;119;2518;3643
352930;1333;3540;4738;1256;1268;1426;1539;1753;1532;2022;2725;2682;30387;56201
352940;3827;2740;3437;3386;3577;3420;3218;3047;3242;3187;2905;2820;73065;111871
352950;87;71;86;1757;283;83;74;74;86;101;437;111;2638;5888
352960;45;49;46;37;49;68;39;35;49;53;36;29;1964;2499
352965;15;4;8;4;4;7;7;4;4;6;15;7;154;239
352970;81;116;157;137;141;99;80;61;63;67;76;73;2272;3423
352980;58;58;89;44;47;44;47;37;48;91;104;69;1519;2255
352990;74;103;95;93;89;93;74;85;71;82;94;107;2715;3775
353000;38;17;9;9;7;6;16;13;11;11;7;11;220;375
353010;131;123;167;125;118;124;118;110;119;134;121;170;3626;5186
353020;94;49;59;54;61;53;62;58;90;55;42;109;2946;3732
353030;814;863;774;858;1057;1045;845;770;814;882;884;821;16947;27374
353040;55;57;56;61;68;55;67;59;62;69;70;36;972;1687
353050;871;940;694;705;753;739;705;674;686;782;625;671;19431;28276
353060;6284;5534;6154;6762;6174;5907;6078;6086;6077;7864;5939;6683;117937;193479
353070;3136;2143;2346;2051;2078;2390;2124;2258;2256;2267;2207;2897;42901;71054
353080;2108;1363;1456;1326;1440;1418;1408;1476;1363;1504;1435;1397;31627;49321
353090;42;24;50;32;43;34;34;35;32;35;60;46;715;1182
353100;9;5;6;7;4;10;4;13;5;5;8;28;201;305
353110;374;402;347;283;331;274;267;283;257;279;309;316;6960;10682
353120;47;49;49;53;58;49;41;38;49;45;45;57;1097;1677
353130;447;459;548;493;476;504;499;479;520;622;559;678;13596;19880
353140;202;289;268;370;329;302;285;288;219;279;301;470;4955;8557
353150;334;1167;208;153;179;218;194;241;653;397;232;205;4812;8993
353160;22;23;27;26;20;15;21;20;11;55;21;226;391;878
353170;27;13;14;20;10;8;8;8;8;14;15;12;430;587
353180;880;755;782;992;750;812;1060;855;932;916;1065;968;16318;27085
353190;377;424;494;739;557;605;418;574;355;344;239;379;8499;14004
353200;117;122;153;107;122;126;142;143;134;148;102;132;3701;5249
353205;21;23;35;48;23;24;22;24;29;27;24;28;566;894
353210;7;11;19;5;9;5;3;2;4;6;6;8;235;320
353215;9;10;6;7;5;7;5;7;5;9;9;10;233;322
353220;29;38;46;60;63;64;44;122;71;53;46;46;3135;3817
353230;15;12;20;19;19;5;13;7;8;13;14;16;473;634
353240;99;115;128;99;107;121;125;152;123;107;93;151;3211;4631
353250;40;56;60;75;52;67;53;49;62;60;58;48;1538;2218
353260;56;78;85;49;59;58;67;47;48;48;32;75;1577;2279
353270;65;64;16;22;47;23;23;17;21;42;13;18;330;701
353280;104;83;96;99;103;83;92;84;80;107;89;87;1575;2682
353282;47;59;60;65;67;61;66;81;74;47;50;36;1634;2347
353284;1;2;1;4;5;0;4;5;4;2;1;0;47;76
353286;9;8;5;4;16;14;16;23;15;78;21;18;253;480
353290;64;52;79;81;126;84;74;58;58;79;68;90;3252;4165
353300;103;148;204;116;145;115;135;122;97;152;104;120;3091;4652
353310;1;2;2;1;4;12;0;4;2;3;10;15;68;124
353320;55;47;63;41;60;62;39;32;38;34;40;123;1882;2516
353325;34;59;79;45;78;115;31;44;25;42;34;279;550;1415
353330;10;10;13;9;57;9;9;4;5;7;6;12;130;281
353340;1390;1256;2407;1606;1539;1414;1570;1452;1551;1455;1318;1382;23941;42281
353350;393;356;335;752;564;283;301;296;370;435;839;340;9919;15183
353360;338;249;185;259;199;237;185;195;122;198;156;196;3975;6494
353370;31;55;110;60;58;26;19;33;25;21;30;15;742;1225
353380;9;11;9;4;14;10;2;7;8;5;13;3;182;277
353390;1259;892;899;926;965;812;1055;865;788;833;836;838;18879;29847
353400;57;100;74;76;85;68;75;71;88;82;88;75;2495;3434
353410;34;23;31;31;33;20;22;28;36;27;13;17;799;1114
353420;120;111;96;242;203;82;332;60;90;89;79;215;2868;4587
353430;649;533;849;894;606;445;536;538;431;469;486;469;13217;20122
353440;9592;9763;10329;8480;10091;8586;9065;8960;9259;9932;9204;8815;205445;317521
353450;10;26;13;7;10;8;6;11;5;9;7;9;244;365
353460;275;331;334;285;305;296;278;336;319;301;333;292;7766;11451
353470;1187;1124;1272;1370;1162;1133;1763;1183;1193;1330;1191;1170;28713;43791
353475;142;237;251;117;179;152;183;130;91;133;217;458;2423;4713
353480;61;20;20;21;38;37;20;11;12;15;18;85;574;932
353490;20;37;50;38;35;30;48;31;62;42;37;25;1146;1601
353500;96;85;110;100;90;129;146;88;115;85;106;101;2963;4214
353510;16;36;58;71;154;53;40;23;39;35;44;75;817;1461
353520;27;26;27;26;28;25;30;21;35;23;26;26;1071;1391
353530;126;119;185;348;141;107;137;118;121;133;324;275;4208;6342
353540;100;139;133;100;109;83;108;84;94;117;106;88;2489;3750
353550;285;269;285;281;272;240;286;284;246;278;298;330;9035;12389
353560;76;70;110;94;88;86;85;92;87;86;77;67;2101;3119
353570;57;37;42;38;74;60;59;43;25;34;60;155;1910;2594
353580;234;347;299;286;263;338;220;232;313;290;388;247;5154;8611
353590;24;35;30;30;32;24;31;42;24;31;24;40;654;1021
353600;89;119;137;113;147;136;127;217;103;126;115;79;3065;4573
353610;160;123;110;135;142;137;101;132;109;99;147;91;2263;3749
353620;115;128;143;125;133;114;122;133;97;188;109;120;3562;5089
353625;12;13;8;21;14;11;17;9;14;10;6;7;227;369
353630;157;219;212;258;237;199;191;200;205;178;202;248;5341;7847
353640;140;90;71;67;59;60;61;58;100;75;95;96;1926;2898
353650;2533;2527;2990;4376;3335;2939;2850;2632;2622;2959;2388;3220;56144;91515
353657;19;47;11;14;8;8;9;18;11;10;9;15;286;465
353660;26;13;14;20;77;21;43;40;18;22;17;25;611;947
353670;523;814;531;609;493;621;497;498;499;489;472;497;12764;19307
353680;32;35;45;24;38;32;34;39;28;35;37;39;770;1188
353690;8;13;10;11;11;5;6;7;11;10;13;6;251;362
353700;185;160;178;210;319;206;272;191;202;156;165;111;3071;5426
353710;564;623;683;747;712;719;670;613;713;655;586;547;13280;21112
353715;34;38;18;31;15;17;15;28;28;29;20;9;472;754
353720;17;15;17;17;23;20;13;11;9;17;24;19;634;836
353730;682;697;615;697;569;618;688;631;660;711;876;1012;14704;23160
353740;170;164;148;156;123;180;197;139;146;129;194;149;4844;6739
353750;134;118;149;131;107;113;136;135;110;134;104;150;2477;3998
353760;567;509;430;361;358;349;337;358;342;378;381;421;9546;14337
353770;37;24;26;33;40;15;19;17;22;33;51;36;795;1148
353780;292;297;354;333;312;268;334;326;330;284;301;288;8217;11936
353790;292;275;390;338;310;263;288;269;274;314;278;253;6324;9868
353800;1426;1392;1553;1571;1743;1619;1490;1330;1357;1402;1317;1681;34797;52678
353810;118;80;123;89;100;91;94;79;83;107;131;120;2685;3900
353820;74;89;90;99;90;105;97;76;87;83;87;82;1905;2964
353830;9;14;22;14;10;3;6;14;7;18;8;6;377;508
353850;24;12;17;17;25;56;19;31;36;32;57;39;1028;1393
353860;227;227;258;217;236;169;205;190;189;226;171;169;4874;7358
353870;5809;6382;6447;6515;6574;6076;6293;6581;6580;7012;6098;6224;144681;221272
353880;223;254;279;300;267;235;235;219;240;221;212;223;5892;8800
353890;209;324;202;167;161;127;177;132;138;218;138;113;3442;5548
353900;114;154;119;111;105;113;72;91;79;127;68;263;2438;3854
353910;111;92;61;83;90;69;82;67;55;67;64;57;2258;3156
353920;225;221;274;216;252;232;220;234;246;228;259;198;5309;8114
353930;909;1009;913;765;900;754;876;713;1013;1022;891;938;19659;30362
353940;327;110;137;191;97;92;111;116;132;193;188;456;2294;4444
353950;258;319;397;576;359;242;201;171;178;581;220;747;8321;12570
353960;95;372;136;152;119;179;78;91;55;97;90;433;2536;4433
353970;11;19;13;129;15;4;8;7;9;12;6;7;470;710
353980;1278;1300;1566;1605;1561;1437;1538;1505;1480;1549;1301;1447;26426;43993
353990;47;41;75;52;61;61;71;40;33;55;60;44;909;1549
354000;1241;160;226;263;248;216;217;252;223;251;196;257;8657;12407
354010;9;9;10;9;8;9;9;9;15;7;9;6;277;386
354020;474;272;438;357;359;360;275;255;255;240;258;1810;11553;16906
354025;29;10;7;25;97;50;52;12;6;11;8;4;188;499
354030;28;41;53;65;49;35;24;20;22;23;22;31;1007;1420
354040;9;22;16;13;9;18;14;11;14;11;10;17;364;528
354050;79;59;79;68;58;56;52;51;68;50;49;43;1359;2071
354060;722;736;840;869;833;792;939;738;647;916;920;816;17789;27557
354070;743;707;671;731;703;572;589;572;709;686;817;930;16078;24508
354075;38;39;40;52;53;47;34;47;37;47;29;39;1125;1627
354080;180;147;170;154;203;156;143;194;159;178;169;195;5126;7174
354085;2;1;1;0;0;4;1;2;2;2;6;6;61;88
354090;207;202;307;393;273;299;183;198;233;233;172;349;8364;11413
354100;3042;2499;2700;2561;2668;2597;2450;2553;2549;2657;2345;2512;55704;86837
354105;59;46;100;144;63;54;63;70;62;71;66;65;1234;2097
354110;9;6;6;14;10;11;13;14;17;17;20;12;336;485
354120;65;57;61;78;63;57;60;58;35;65;51;79;1834;2563
354130;224;235;189;214;205;164;195;168;180;184;174;201;5323;7656
354140;2865;3162;3057;2770;3083;2764;2694;2916;2820;3042;2927;3245;67870;103215
354150;317;328;269;280;325;238;242;311;270;281;204;238;5992;9295
354160;317;549;256;281;305;264;334;337;732;406;680;511;9269;14241
354165;22;18;12;24;17;12;13;17;18;15;10;22;460;660
354170;119;100;102;111;120;223;102;92;104;129;90;135;3603;5030
354180;81;85;68;65;82;128;70;83;51;73;46;47;2453;3332
354190;40;51;75;46;50;65;49;43;63;57;45;36;1492;2112
354200;61;64;64;46;56;56;70;71;50;51;49;33;1364;2035
354210;97;89;85;143;96;116;90;86;88;87;92;106;2607;3782
354220;262;301;343;276;306;343;294;263;244;313;257;268;7021;10491
354230;17;13;16;10;12;8;18;7;13;12;10;13;436;585
354240;167;172;207;170;174;210;194;189;179;169;144;177;4932;7084
354250;132;483;243;49;51;57;70;101;92;184;92;89;1574;3217
354260;587;545;529;636;627;543;532;495;446;549;498;605;14424;21016
354270;52;74;134;93;87;58;83;118;64;85;61;52;1534;2495
354280;8;38;11;11;4;11;19;3;7;5;14;11;357;499
354290;155;74;125;131;82;160;86;86;68;90;54;45;2032;3188
354300;136;232;474;422;328;271;144;187;128;165;151;128;3186;5952
354310;27;22;41;35;30;37;36;110;29;29;34;41;567;1038
354320;32;13;21;23;17;10;17;27;15;37;20;23;537;792
354323;7;4;5;4;4;5;3;0;6;2;4;7;102;153
354325;22;8;14;11;12;15;5;12;11;5;5;7;350;477
354330;694;773;787;898;1064;821;795;837;797;914;1093;878;21378;31729
354340;13358;12382;13918;13228;14302;13245;13570;13626;12804;14028;12540;12701;250620;410322
354350;13;15;12;5;20;15;18;16;19;19;15;23;407;597
354360;54;57;47;45;52;70;51;29;67;99;75;42;1040;1728
354370;47;47;44;50;33;44;33;45;35;39;51;31;1291;1790
354380;69;92;85;70;72;81;94;65;77;87;66;52;1877;2787
354390;3114;3136;3494;3622;3360;3351;3564;3447;3729;3700;3631;3597;66761;108506
354400;244;251;288;288;327;294;263;261;277;451;542;396;7991;11873
354410;100;79;76;80;70;67;92;80;67;70;75;66;2671;3593
354420;38;21;21;67;40;43;40;51;53;29;27;30;772;1232
354425;55;70;112;60;60;47;61;87;56;51;54;68;1898;2679
354430;123;110;117;97;88;72;101;100;107;100;101;89;2396;3601
354440;4;11;14;8;8;5;16;7;7;6;9;2;292;389
354450;16;25;27;58;35;24;24;27;17;17;28;16;488;802
354460;15;29;23;16;19;21;22;8;11;24;11;17;402;618
354470;9;10;6;13;7;7;10;2;7;6;9;4;138;228
354480;27;37;30;33;32;25;20;30;22;32;44;22;701;1055
354490;140;121;133;144;162;115;154;191;165;202;132;120;2732;4511
354500;86;69;85;72;79;73;64;80;81;69;75;47;1873;2753
354510;43;15;17;21;102;30;10;16;18;11;17;33;341;674
354515;75;86;79;95;91;92;88;72;77;73;113;67;1960;2968
354520;1460;1536;1519;1667;1636;1428;1685;1574;2038;1836;1623;1512;33472;52986
354530;271;262;256;261;346;253;250;264;267;305;296;289;6920;10240
354540;37;24;37;30;38;31;40;27;33;27;31;21;1366;1742
354550;87;54;71;56;150;79;240;40;35;40;28;45;1700;2625
354560;110;148;125;178;187;225;215;101;113;118;122;100;4407;6149
354570;42;38;52;58;62;47;54;49;49;62;36;44;2065;2658
354580;2926;2756;2608;2663;2616;2448;2577;2793;2774;2696;2621;2263;49406;81147
354600;66;73;60;158;58;61;83;73;54;59;54;63;1741;2603
354610;43;52;61;40;39;142;43;53;47;55;47;37;614;1273
354620;66;43;38;34;30;36;34;38;26;32;32;71;934;1414
354625;6;11;12;1;23;4;6;6;4;14;6;19;302;414
354630;143;195;207;260;275;259;230;207;164;156;412;469;4485;7462
354640;1301;886;753;585;516;578;749;638;764;553;653;825;15192;23993
354650;28;25;44;29;47;37;9;16;26;17;39;18;365;700
354660;396;388;424;428;409;421;388;353;404;401;349;306;8424;13091
354670;373;223;344;335;320;383;373;376;340;363;282;430;9963;14105
354680;434;370;762;452;645;461;443;430;362;450;364;348;11193;16714
354690;25;16;28;14;14;21;103;41;20;40;41;13;417;793
354700;45;29;51;50;44;41;92;55;111;43;49;34;999;1643
354710;46;29;12;27;22;27;48;37;27;37;74;30;498;914
354720;1;1;9;4;3;0;3;3;3;4;2;8;69;110
354730;2647;2620;3199;2769;2929;2978;2699;2569;2720;3244;2590;2847;60092;93903
354740;5;4;1;6;5;2;0;1;7;3;4;2;148;188
354750;517;500;689;480;612;621;507;623;763;604;690;596;11564;18766
354760;158;183;195;199;235;146;175;164;139;202;155;194;4372;6517
354765;4;5;3;4;12;4;4;3;8;16;28;3;131;225
354770;95;153;124;97;98;141;132;101;76;104;84;95;2966;4266
354780;12952;12214;12487;12071;13614;11190;12360;12062;12080;12951;12019;12019;213987;362006
354790;28;37;32;33;39;32;34;43;27;91;57;31;819;1303
354800;325;357;345;355;343;317;508;315;336;354;319;341;8352;12567
354805;49;71;75;95;72;51;45;54;48;66;49;57;1316;2048
354810;34;33;30;30;44;41;76;63;53;44;32;27;1039;1546
354820;62;38;36;38;38;35;31;35;37;37;36;45;902;1370
354830;6;11;7;15;11;22;8;5;5;14;5;7;149;265
354840;10;23;9;14;11;12;10;9;18;29;33;19;335;532
354850;7354;7722;7471;6779;6964;6689;6506;6468;6292;6806;6860;6582;189462;271955
354860;52;45;60;46;42;41;43;39;37;61;39;70;1430;2005
354870;14193;13773;13913;13232;14084;14096;14169;13974;12745;14477;12685;15429;271199;437969
354880;5363;5212;5301;5252;5574;5843;5582;5912;6629;6174;5434;5407;107662;175345
354890;3846;4431;3940;4076;3850;3739;3807;3538;3730;4227;3702;3808;81486;128180
354900;4;4;6;0;2;2;7;3;2;2;5;3;81;121
354910;965;1046;1426;953;948;1013;1063;989;983;1024;1173;847;25008;37438
354920;3;7;6;10;0;3;8;7;9;2;6;3;125;189
354925;2;3;2;4;3;4;0;1;1;2;3;2;63;90
354930;1;5;5;2;1;1;1;0;4;17;6;8;121;172
354940;458;483;529;443;479;445;476;391;415;466;405;645;13438;19073
354950;46;19;31;19;35;14;14;37;22;22;15;87;476;837
354960;3;13;7;12;5;5;10;6;10;4;3;14;276;368
354970;568;629;685;569;682;600;700;642;666;1816;1246;851;15015;24669
354980;8075;7689;7665;7539;8294;7420;8126;7991;8023;8710;7683;7772;156328;251315
354990;10273;9714;10154;9282;9925;9626;9878;8971;9644;10479;8615;9550;206717;322828
354995;260;211;238;314;421;419;248;327;206;272;198;237;4279;7630
355000;39;42;39;42;34;35;39;37;45;49;37;34;1387;1859
355010;266;346;312;359;326;397;315;359;305;338;417;429;8075;12244
355020;188;260;245;225;211;199;195;182;204;215;223;222;4830;7399
355030;254370;225405;258412;244020;255900;237757;251411;240744;245386;256813;239279;239348;4883459;7832304
355040;343;330;314;289;332;318;311;377;302;323;324;409;6656;10628
355050;142;174;73;97;41;51;87;126;154;101;47;40;1342;2475
355060;1362;1358;1394;1516;1340;1373;1314;1348;1397;2166;1193;1299;25146;42206
355070;1050;919;1027;839;956;937;1293;1057;824;1050;1017;1013;21902;33884
355080;111;136;125;150;184;143;225;254;192;140;86;103;2466;4315
355090;103;120;113;113;124;126;109;115;109;97;110;117;3078;4434
355100;1339;1436;1467;1333;1480;1215;1250;1274;1288;1421;1409;1338;33859;50109
355110;101;101;107;105;100;116;99;108;89;108;97;106;2356;3593
355120;17;47;19;13;16;13;13;10;23;17;10;14;477;689
355130;46;34;38;53;52;40;33;42;25;33;72;61;2220;2749
355140;39;31;42;35;47;30;37;22;46;44;46;35;602;1056
355150;253;314;437;418;380;359;325;324;281;322;450;316;8204;12383
355160;225;214;243;238;228;237;222;246;249;188;228;208;5887;8613
355170;2363;2611;3252;3660;2587;2253;2344;2211;2394;2737;2268;3399;50851;82930
355180;50;66;86;76;79;76;68;68;53;50;57;60;1843;2632
355190;119;126;156;112;274;119;116;106;94;117;107;134;2298;3878
355200;10;17;17;22;20;16;14;5;12;12;20;6;461;632
355210;386;393;348;312;289;331;297;324;294;328;307;314;7788;11711
355220;12067;11315;12397;12730;12775;11480;11882;11119;12200;13283;10662;11157;230078;373145
355230;70;131;46;37;40;31;38;41;158;41;30;27;1047;1737
355240;3032;3241;4394;3060;3276;3383;3765;3168;3189;3358;2904;3421;65937;106128
355250;2662;3146;3230;2824;3802;3328;2997;3002;2895;2758;2578;2346;60560;96128
355255;91;45;44;37;93;63;54;41;35;42;28;59;2096;2728
355260;119;49;67;68;73;64;93;75;77;177;72;96;1669;2699
355270;311;334;210;144;160;134;197;127;248;169;206;295;2565;5100
355280;3690;3524;4122;4222;3960;4037;3977;4286;3599;3304;3292;2984;63576;108573
355290;27;43;35;39;27;18;27;34;47;22;21;22;641;1003
355300;235;300;291;252;229;265;327;234;227;230;169;138;4283;7180
355310;24;15;17;21;16;7;14;11;22;12;17;13;449;638
355320;44;40;23;23;31;22;25;21;13;28;29;21;577;897
355330;191;576;228;252;237;224;221;192;247;205;199;259;5637;8668
355340;141;199;237;217;210;139;203;203;218;197;147;219;5384;7714
355350;34;23;42;18;17;26;42;35;21;30;48;36;824;1196
355360;85;82;122;91;74;74;132;184;47;116;71;53;2383;3514
355365;19;15;15;26;11;19;11;10;10;12;9;11;460;628
355370;439;592;559;713;655;519;546;464;529;601;511;796;10714;17638
355380;281;228;250;197;209;194;206;231;217;220;373;248;4640;7494
355385;115;148;97;115;94;71;87;154;105;90;152;100;1755;3083
355390;31;33;31;46;25;28;35;44;36;28;32;32;782;1183
355395;287;341;389;499;400;355;272;219;206;295;269;303;5531;9366
355400;1133;1184;1311;1295;1305;1262;1275;1218;1276;1543;1196;1340;31294;46632
355410;3723;3272;3675;3406;3911;3513;3681;4264;3682;3925;3338;3381;82169;125940
355420;33;32;31;57;35;29;29;21;24;35;22;40;572;960
355430;143;100;156;96;167;97;244;94;105;100;143;112;2832;4389
355440;56;100;64;126;93;55;54;20;48;49;39;67;801;1572
355450;681;535;657;652;718;643;652;679;686;751;664;860;14826;23004
355460;17;15;23;37;13;25;19;28;11;36;13;25;253;515
355465;5;2;3;6;1;4;6;2;1;5;1;12;109;157
355470;128;100;118;75;81;65;91;74;79;88;86;158;2027;3170
355475;10;15;13;10;8;19;16;10;15;12;25;10;277;440
355480;282;286;644;642;790;540;637;238;291;284;263;250;6898;12045
355490;21;25;53;26;28;15;25;19;26;29;27;24;1185;1503
355495;19;15;34;28;19;20;16;14;19;24;12;20;420;660
355500;558;651;636;639;603;678;626;564;587;636;517;626;14592;21913
355510;114;107;76;116;156;98;87;125;217;94;98;161;2477;3926
355520;4;3;2;10;15;12;4;5;1;1;6;0;129;192
355530;30;0;10;6;9;5;40;5;8;2;3;5;147;270
355535;64;40;34;39;74;37;31;40;27;49;46;142;1331;1954
355540;1200;1144;1353;1085;1096;1046;941;1065;1084;1131;1163;1197;21634;35139
355550;20;147;17;17;30;30;76;34;22;27;22;28;956;1426
355560;123;32;53;48;48;48;36;131;63;58;39;42;925;1646
355570;3;4;5;2;4;11;22;5;6;8;2;25;183;280
355580;42;57;77;32;31;33;26;37;53;23;38;36;1222;1707
355590;6;5;6;2;4;9;2;9;7;12;2;4;95;163
355600;134;214;162;152;148;133;139;136;151;180;122;146;3075;4892
355610;137;212;225;159;174;184;186;171;194;264;169;285;3798;6158
355620;2010;2186;2345;2376;2486;2270;2405;2059;2310;2242;2066;1866;47585;74206
355630;435;194;219;177;196;263;204;164;160;169;197;501;5935;8814
355635;45;54;69;72;80;50;47;34;69;51;56;58;1021;1706
355640;353;364;357;416;429;432;385;448;673;1567;470;599;7771;14264
355645;669;598;920;852;782;784;847;788;1165;773;663;638;15657;25136
355650;1105;860;1253;951;936;860;903;1020;923;902;1030;943;19132;30818
355660;36;29;27;49;69;35;26;45;40;38;32;32;1119;1577
355670;1536;1475;1765;1738;1759;1705;1772;1879;2778;2405;1762;1569;40225;62368
355680;313;140;124;109;106;94;115;109;137;118;98;171;2602;4236
355690;128;88;116;106;116;110;102;106;77;130;110;609;3940;5738
355695;3;14;5;2;5;2;2;5;4;3;3;2;85;135
355700;1214;1313;1314;1318;1253;1318;1270;1273;1337;1354;1270;1024;21772;37030
355710;1250;1118;1257;1203;1325;1185;1250;1408;1325;1388;1200;1451;26800;42160
355715;17;20;30;17;20;18;21;17;31;34;40;13;500;778
355720;182;128;104;287;102;104;152;84;130;155;61;95;2114;3698
355730;75;132;102;81;80;87;68;108;66;80;66;82;1873;2900
410010;24;20;32;26;20;40;19;15;44;22;17;13;606;898
410020;36;35;31;38;28;31;39;36;42;28;13;28;1019;1404
410030;55;64;87;51;48;40;50;48;56;70;49;65;1002;1685
410040;719;729;712;780;716;753;793;835;757;781;685;624;14638;23522
410045;17;10;5;11;6;3;7;10;11;4;9;7;279;379
410050;131;114;125;89;88;89;210;76;100;127;94;76;2878;4197
410060;173;135;107;126;100;103;96;105;118;125;166;118;1786;3258
410070;23;25;41;25;33;22;26;29;26;22;41;38;870;1221
410080;42;60;93;43;70;41;50;50;57;41;49;55;1295;1946
410090;22;14;15;13;19;12;17;16;13;30;22;16;425;634
410100;216;256;245;254;239;226;252;262;247;268;212;247;5695;8619
410105;7;11;13;8;10;12;9;11;10;5;17;10;390;513
410110;93;129;150;147;145;139;198;120;125;197;183;100;3963;5689
410115;15;23;25;13;9;29;13;23;21;21;22;9;405;628
410120;74;39;81;60;85;69;59;56;82;61;56;73;2585;3380
410130;37;35;21;23;19;55;32;18;14;6;16;26;505;807
410140;1413;1636;1957;1781;1750;1610;1698;1640;1670;1648;1501;1395;35280;54979
410150;1805;1903;2269;1906;2255;2267;2276;2285;2120;2207;1905;1970;38482;63650
410160;285;321;310;329;347;295;270;362;297;263;285;346;6587;10297
410165;4;5;10;9;10;11;7;5;8;5;4;5;306;389
410170;95;105;114;122;130;92;117;106;103;103;99;116;2653;3955
410180;2402;2184;2628;3282;2358;2382;2386;2505;2262;2435;2035;2157;52127;81143
410185;1;2;2;5;1;1;2;3;9;4;5;2;128;165
410190;94;69;73;69;54;60;61;79;55;75;42;45;2264;3040
410200;682;546;578;641;609;632;605;592;648;735;838;417;9755;17278
410210;203;250;241;257;313;207;228;274;231;245;229;263;5240;8181
410220;53;20;22;17;19;21;25;25;37;15;35;21;732;1042
410230;168;157;149;169;200;168;214;152;203;275;148;167;3631;5801
410240;189;353;203;207;153;180;162;218;148;153;192;156;6510;8824
410250;49;75;41;38;49;50;44;39;29;39;40;63;1136;1692
410260;80;97;102;104;95;64;83;103;95;112;71;99;1957;3062
410270;14;7;9;10;18;13;8;19;13;15;6;7;191;330
410275;8;8;13;11;8;9;7;6;2;3;6;4;184;269
410280;90;92;131;106;93;98;104;113;105;96;84;112;2449;3673
410290;170;199;216;230;222;199;186;232;230;221;175;235;3759;6274
410300;11;13;19;12;7;16;19;22;22;29;13;7;424;614
410302;13;10;12;16;8;12;16;4;9;11;14;18;276;419
410304;40;34;43;33;43;38;40;45;40;33;38;39;1111;1577
410305;36;48;35;45;31;41;39;36;36;51;33;28;851;1310
410310;204;109;140;141;132;124;135;128;120;155;120;186;2483;4177
410315;25;28;26;22;23;27;16;11;25;22;17;29;496;767
410320;51;30;42;36;22;27;39;28;25;37;93;23;698;1151
410322;35;34;27;53;39;55;52;39;39;49;40;36;694;1192
410330;22;18;33;26;21;31;30;26;26;36;17;15;932;1233
410335;19;48;41;22;14;20;32;31;23;25;20;10;524;829
410337;6;13;14;11;9;12;17;5;9;9;8;1;329;443
410340;4;7;4;7;9;15;5;6;3;6;2;2;138;208
410345;479;479;462;452;421;399;408;403;431;496;431;455;10781;16097
410347;22;20;13;19;16;14;24;16;12;16;23;29;457;681
410350;42;49;69;57;94;60;50;60;49;49;42;70;1581;2272
410360;324;256;202;145;134;130;118;128;132;208;245;182;3807;6011
410370;1163;1350;1430;1274;1290;1251;1397;1433;1310;1419;1200;1167;26125;41809
410380;100;86;89;68;69;131;57;59;38;41;43;49;1533;2363
410390;66;81;85;72;80;71;71;53;39;52;57;52;1818;2597
410395;18;18;27;17;49;85;16;17;11;14;17;16;620;925
410400;527;586;831;738;662;705;561;552;601;556;601;582;11218;18720
410405;28;24;20;17;12;13;15;19;18;17;13;12;343;551
410410;82;148;64;50;28;28;151;46;29;38;41;42;991;1738
410420;1556;1537;1837;1628;1584;1558;1642;1704;1551;1819;1498;1682;33678;53274
410425;238;185;205;197;185;195;212;157;170;168;153;158;3920;6143
410430;1619;1369;1366;1505;1341;1347;1369;1434;1285;1502;1177;1291;29346;45951
410440;36;48;46;33;25;35;35;31;29;32;32;37;1099;1518
410442;243;117;125;158;190;137;140;155;138;160;205;233;3190;5191
410445;54;58;59;64;42;40;47;58;63;50;43;65;1204;1847
410450;288;379;399;305;454;343;307;326;392;1009;353;583;7084;12222
410460;198;169;168;161;159;150;198;195;185;185;164;140;2955;5027
410465;481;469;555;500;409;482;427;504;438;410;544;478;10546;16243
410470;116;120;112;80;93;139;109;93;104;96;115;152;2336;3665
410480;6663;7004;7363;7011;6675;6866;6773;6897;6860;7042;6655;6385;117757;199951
410490;1075;1020;1097;985;977;970;1014;891;959;1161;957;1048;19999;32153
410500;41;74;77;50;56;61;50;57;60;90;52;62;1270;2000
410510;33;32;34;42;31;37;30;28;33;22;22;27;1075;1446
410520;52;56;41;51;54;35;49;30;37;44;31;43;1268;1791
410530;101;149;130;147;141;132;132;137;107;138;162;145;2648;4269
410540;229;304;285;265;266;301;299;299;261;260;227;207;4925;8128
410550;1312;1184;1342;1343;1162;1240;1179;1117;1243;1198;1051;1162;24156;38689
410560;182;181;185;163;151;120;137;105;215;145;149;161;3672;5566
410570;153;181;186;194;150;163;159;111;106;143;125;122;2762;4555
410580;2381;2349;2903;2611;2539;2423;2367;2506;2508;2686;2719;2472;44002;74466
410590;190;199;199;189;182;205;237;208;258;250;236;212;6976;9541
410600;20;27;33;27;25;39;23;24;34;19;28;29;779;1107
410610;4;19;20;21;13;7;19;25;15;16;19;9;404;591
410620;87;101;93;103;130;95;118;99;84;146;79;75;2122;3332
410630;182;179;206;210;153;195;158;185;163;175;178;135;3193;5312
410640;862;1060;847;803;785;820;1027;739;877;1126;710;832;21017;31505
410645;34;29;29;40;49;47;47;40;41;49;40;48;859;1352
410650;273;278;270;288;257;255;292;245;202;258;229;204;4580;7631
410655;10;15;9;9;14;1;6;8;8;11;6;10;247;354
410657;27;21;29;33;16;28;21;92;28;63;34;28;632;1052
410660;280;375;219;202;196;210;233;187;207;187;192;158;4667;7313
410670;37;12;24;16;23;13;15;21;23;14;27;14;479;718
410680;37;59;33;58;36;47;68;39;47;44;47;69;1380;1964
410685;8;8;16;6;5;7;14;10;15;9;11;9;288;406
410690;45134;46804;52046;48802;48061;47529;50985;52508;48350;52043;46019;48078;797287;1383646
410700;72;88;81;84;81;85;70;92;70;77;69;114;1698;2681
410710;24;17;19;28;14;8;15;19;16;24;16;18;589;807
410712;8;25;3;17;5;21;2;22;3;3;3;7;114;233
410715;9;13;7;11;3;3;11;9;7;13;2;7;288;383
410720;862;846;887;822;800;721;787;788;887;785;816;750;15922;25673
410725;171;138;97;69;79;85;91;76;57;96;73;66;3330;4428
410730;33;42;19;31;29;22;22;23;20;37;29;32;608;947
410740;54;45;45;62;41;43;58;63;43;57;57;54;1061;1683
410750;71;89;69;58;60;58;62;72;61;67;104;106;1967;2844
410752;4;3;7;15;7;4;6;3;13;6;4;6;149;227
410753;55;53;66;48;75;47;62;43;67;62;56;61;1246;1941
410754;37;21;24;19;16;16;14;18;17;15;32;10;464;703
410755;8;9;11;2;5;6;4;4;4;9;11;8;234;315
410760;85;96;97;92;102;85;120;103;143;110;91;129;2448;3701
410765;1229;1214;1349;1243;1228;1290;1293;1274;1277;1371;1598;1304;22345;38015
410770;27;30;51;34;35;104;308;35;67;25;201;285;359;1561
410773;35;36;31;34;52;44;32;42;36;32;25;34;713;1146
410775;41;103;48;89;61;57;69;47;25;30;22;32;760;1384
410780;17;26;42;21;24;48;22;33;44;49;68;24;764;1182
410785;31;43;30;31;27;17;23;19;21;30;13;20;543;848
410790;33;47;64;41;47;48;58;36;43;51;47;51;943;1509
410800;48;78;69;43;51;58;48;40;67;43;54;57;2939;3595
410810;29;18;23;15;22;21;27;14;21;13;20;15;355;593
410820;26;27;24;25;16;22;23;28;21;20;22;19;902;1175
410830;3518;3624;3836;3447;3096;3447;3453;3473;3255;3608;3286;3406;67101;108550
410832;9;17;23;39;28;17;28;31;24;20;11;24;647;918
410840;1534;1597;1616;1713;1496;1376;1481;1535;1500;1569;1362;1568;28538;46885
410845;30;35;50;38;23;39;30;24;35;39;29;25;606;1003
410850;93;89;105;104;101;93;115;83;92;121;95;93;1683;2867
410855;1;4;3;3;1;0;4;1;2;1;2;3;104;129
410860;242;269;212;207;174;216;295;198;212;200;163;159;5021;7568
410865;17;32;36;22;44;16;13;19;29;13;10;11;433;695
410870;16;26;21;26;14;18;12;16;19;19;17;28;524;756
410880;227;239;229;242;203;194;194;227;174;186;179;171;5060;7525
410890;57;108;197;82;83;87;59;65;71;63;71;65;1124;2132
410895;41;30;39;33;28;31;25;28;31;41;23;32;616;998
410900;36;30;35;36;29;21;26;14;27;24;33;41;595;947
410910;9;9;9;19;12;13;15;27;5;10;11;9;203;351
410920;29;35;34;22;32;18;26;18;22;30;26;20;608;920
410930;89;88;90;106;104;102;93;111;90;124;92;99;2151;3339
410940;2446;2584;2538;2610;2461;2611;2497;2389;2292;2528;2328;2151;47154;76589
410950;13;8;6;5;11;11;6;7;10;13;6;6;251;353
410960;462;551;453;356;372;311;327;320;340;437;386;393;7046;11754
410965;37;19;20;41;27;33;39;37;51;25;26;18;641;1014
410970;342;351;343;261;295;264;331;305;279;292;266;319;6759;10407
410975;51;101;75;68;53;58;59;48;61;47;55;60;1056;1792
410980;684;767;967;831;894;840;957;946;918;901;778;707;15138;25328
410990;38;52;41;44;27;72;55;36;55;38;39;40;1156;1693
411000;43;50;43;43;55;47;56;53;49;57;43;61;995;1595
411005;10;7;8;6;6;2;8;5;7;5;8;5;165;242
411007;93;150;69;105;90;53;82;62;66;87;68;71;1354;2350
411010;652;718;551;529;533;460;590;593;526;524;499;366;7938;14479
411020;77;83;74;78;70;51;86;71;50;67;64;80;1212;2063
411030;8;2;3;2;2;0;3;0;2;1;4;5;88;120
411040;28;28;37;40;37;32;34;26;36;52;72;30;1320;1772
411050;79;114;79;99;90;82;79;77;88;86;91;70;2041;3075
411060;194;179;201;177;171;161;192;189;174;147;157;157;3768;5867
411065;9;5;9;8;7;15;6;5;9;16;7;11;294;401
411070;557;656;658;725;732;681;732;717;661;729;660;536;13436;21480
411080;59;47;60;60;58;59;65;48;48;59;79;74;1547;2263
411090;12;14;12;12;17;16;11;19;9;9;21;8;336;496
411095;123;160;138;162;141;173;165;123;155;185;149;142;3459;5275
411100;7;11;11;13;16;18;14;17;17;61;95;18;565;863
411110;12;22;35;25;11;16;41;37;15;20;15;15;648;912
411120;206;203;239;211;200;176;213;190;209;167;176;147;3860;6197
411125;271;281;244;247;239;232;216;252;242;325;218;179;4699;7645
411130;22;10;14;20;7;15;15;8;9;16;21;11;284;452
411140;63;70;94;61;53;61;64;75;39;83;44;54;1545;2306
411150;292;289;277;255;197;232;388;248;265;251;347;240;6410;9691
411155;41;66;38;31;40;40;33;22;22;48;24;45;1619;2069
411160;79;24;31;29;21;33;25;32;18;26;28;54;910;1310
411170;10;15;8;13;12;13;14;15;8;18;19;19;494;658
411180;391;413;400;415;334;292;378;327;318;338;399;349;10381;14735
411190;324;313;312;309;344;301;328;275;274;265;270;243;6255;9813
411200;480;482;415;427;428;402;466;530;377;535;423;375;10641;15981
411210;230;340;293;329;238;265;227;241;247;252;199;490;5977;9328
411220;15;25;20;22;26;17;16;13;14;24;18;11;469;690
411230;11;63;22;14;10;17;20;16;12;11;8;7;379;590
411240;100;107;98;158;129;108;101;87;96;87;117;162;2229;3579
411250;65;80;76;84;45;69;87;62;59;82;50;67;1411;2237
411260;9;37;51;31;20;6;6;3;8;4;7;8;152;342
411270;69;51;70;88;63;56;55;52;68;40;34;42;1145;1833
411275;52;30;50;43;43;42;73;35;38;38;51;49;1210;1754
411280;186;215;226;240;226;275;199;212;175;220;149;121;5322;7766
411290;23;11;13;22;17;14;10;12;12;15;28;5;339;521
411295;41;34;29;38;46;37;39;25;29;46;30;36;1003;1433
411300;114;55;67;54;82;50;68;64;60;70;56;93;2376;3209
411310;13;18;22;20;8;14;11;29;12;16;11;19;464;657
411320;476;544;397;384;428;395;362;436;364;395;341;347;9371;14240
411325;9;5;6;9;1;6;11;7;5;9;13;5;274;360
411330;279;340;310;326;250;356;305;340;366;309;291;367;5775;9614
411340;7;12;14;8;15;13;8;7;9;2;10;5;399;509
411342;8;13;7;8;15;7;12;9;14;8;10;10;332;453
411345;25;39;49;51;28;27;25;25;30;35;31;32;659;1056
411350;251;330;332;334;308;293;281;258;297;333;235;291;6541;10084
411360;11;19;23;14;16;12;17;17;19;18;15;19;622;822
411370;9251;9575;9944;10192;9320;8952;9846;9917;9339;9727;8505;8127;173796;286491
411373;38;35;29;43;45;47;39;35;48;34;28;38;1032;1491
411375;10;14;56;19;17;14;8;15;7;10;12;12;372;566
411380;38;32;25;33;37;20;15;30;30;27;24;23;720;1054
411390;113;128;133;117;163;100;93;115;127;135;108;158;3084;4574
411400;48;59;57;40;69;54;48;54;60;49;73;69;1640;2320
411410;199;235;266;237;170;295;271;231;239;246;236;184;4544;7353
411420;593;564;721;648;561;609;990;666;606;609;549;543;13842;21501
411430;220;337;241;227;221;198;223;192;205;245;194;177;4952;7632
411435;30;26;29;16;20;13;21;29;17;32;16;19;381;649
411440;121;158;181;144;134;127;130;109;116;129;126;121;2830;4426
411450;49;74;80;67;66;109;100;58;71;93;71;66;1866;2770
411460;1084;1013;1127;1028;993;1309;1004;967;980;989;884;1087;18105;30570
411470;28;25;23;30;31;33;30;17;75;16;29;33;609;979
411480;401;441;534;543;440;504;489;476;392;452;394;375;9825;15266
411490;34;36;41;34;33;35;43;37;39;42;26;21;1087;1508
411500;42;41;224;41;41;51;36;29;28;34;41;34;706;1348
411510;31;27;20;22;24;18;23;20;20;31;44;19;604;903
411520;8885;9686;10923;9790;9801;9746;9777;9355;9309;9933;8480;8838;166845;281368
411530;64;76;61;84;62;55;67;79;65;82;55;56;1213;2019
411535;49;64;51;38;46;36;53;48;56;56;56;61;1250;1864
411540;172;172;202;163;160;161;184;183;175;211;183;204;3075;5245
411545;34;17;24;31;3;10;17;9;13;8;15;12;189;382
411550;19;14;24;22;24;41;8;20;34;22;19;20;799;1066
411560;351;402;354;388;331;346;371;372;288;318;340;383;11435;15679
411570;437;492;419;330;365;520;362;428;351;347;354;358;6422;11185
411573;11;6;2;9;10;7;5;8;9;3;9;5;192;276
411575;77;88;104;71;83;88;85;97;91;98;100;74;2550;3606
411580;1011;1132;1143;1094;1021;1073;1107;1206;1056;1107;962;1086;21094;34092
411585;32;28;34;41;39;39;33;25;35;29;34;44;898;1311
411590;17;7;14;12;8;7;13;6;17;16;6;15;247;385
411600;22;4;1;5;3;2;4;3;5;2;3;5;107;166
411605;66;76;73;63;86;68;73;61;64;72;58;51;1412;2223
411610;31;40;57;39;37;50;48;43;42;25;18;37;1563;2030
411620;116;129;131;127;238;126;132;118;122;114;104;168;2262;3887
411630;14;15;21;27;19;20;17;21;20;21;18;37;315;565
411640;12;8;5;5;10;8;2;7;6;7;4;5;172;251
411650;25;31;11;41;29;14;15;42;17;9;22;6;215;477
411660;15;13;11;4;7;9;10;8;12;10;12;24;263;398
411670;153;169;143;136;138;117;128;146;137;183;145;216;3228;5039
411680;19;17;17;23;20;15;17;20;31;12;22;18;528;759
411690;228;248;237;244;205;190;183;211;214;245;190;248;5151;7794
411695;44;44;52;32;33;50;55;45;30;42;69;51;1123;1670
411700;19;11;24;23;15;24;17;24;23;23;86;99;1025;1413
411705;27;37;33;37;24;35;40;41;33;50;34;64;673;1128
411710;219;235;242;213;254;188;210;184;244;325;167;289;4152;6922
411720;57;30;37;38;38;35;32;37;33;30;29;24;862;1282
411721;5;9;6;6;9;3;7;9;9;6;10;8;243;330
411722;78;96;75;70;74;78;60;93;80;69;72;93;1931;2869
411725;113;93;85;73;89;90;74;83;88;97;77;129;1739;2830
411727;15;18;22;19;4;18;13;9;14;11;18;29;415;605
411729;17;18;9;24;18;12;12;14;22;33;18;12;520;729
411730;315;309;304;254;359;271;218;248;244;354;251;247;6301;9675
411740;12;33;12;10;5;12;12;6;10;13;7;10;223;365
411745;40;38;50;62;37;40;46;35;37;37;36;38;904;1400
411750;283;391;395;500;386;328;381;409;384;355;315;468;6546;11141
411760;637;639;707;733;1042;725;611;606;611;654;579;713;12598;20855
411770;422;392;432;371;402;370;382;349;369;370;323;388;8224;12794
411780;53;71;90;49;48;38;57;48;41;51;52;44;1153;1795
411790;955;915;810;808;725;780;808;664;691;742;687;722;19175;28482
411800;203;185;206;224;167;190;148;178;177;178;125;143;4917;7041
411810;77;45;65;47;100;57;112;98;66;71;79;78;2281;3176
411820;1653;1665;1762;1442;1516;1467;1615;1611;1460;1553;1547;1368;42874;61533
411830;7;6;7;12;7;10;8;10;11;13;7;3;275;376
411840;1203;1095;1444;1134;1078;1169;1313;1160;1061;1186;1147;1246;24066;38302
411845;58;62;90;67;65;60;63;60;67;59;49;51;1295;2046
411850;1841;1943;1904;2160;1820;1778;1942;1888;1988;2046;1777;1872;32516;55475
411860;52;70;43;39;44;54;46;46;62;85;80;78;885;1584
411870;15;30;12;24;20;22;27;18;27;17;25;19;524;780
411880;64;71;95;82;57;82;84;64;79;63;51;56;1596;2444
411885;27;31;42;23;23;19;31;28;28;39;54;31;834;1210
411890;56;95;89;85;67;86;71;72;67;90;72;72;1678;2600
411900;26;26;28;32;24;27;23;25;17;31;14;38;685;996
411910;89;109;106;124;149;129;144;142;163;155;149;120;2891;4470
411915;2746;2491;2934;2571;2434;2623;2639;2671;2554;2874;2275;2321;49479;80612
411920;13;21;25;77;29;23;27;23;26;17;22;28;679;1010
411925;21;21;19;23;18;12;27;14;25;27;17;25;340;589
411930;190;185;167;195;376;156;144;137;151;141;137;137;3341;5457
411940;304;230;224;239;204;254;219;222;197;189;173;166;4574;7195
411950;463;463;535;467;436;577;506;620;566;540;468;574;9016;15231
411960;323;249;231;238;210;220;267;233;210;246;204;291;6023;8945
411965;18;11;13;12;15;6;9;18;6;9;14;33;261;425
411970;22;35;50;28;51;32;32;19;39;33;26;24;733;1124
411980;78;104;127;98;90;114;126;110;68;94;79;83;1947;3118
411990;5358;5386;5726;5709;5570;5905;5869;5717;5458;5875;5191;5409;99920;167093
411995;287;294;300;269;260;222;236;211;223;293;258;348;4234;7435
412000;38;40;42;35;44;46;33;36;50;27;22;68;2008;2489
412010;127;121;121;144;62;72;120;115;122;140;158;105;1784;3191
412015;5;3;8;13;5;7;25;11;8;22;9;9;206;331
412020;36;43;39;46;28;94;55;41;51;58;53;37;685;1266
412030;16;21;11;18;17;9;11;11;16;11;20;17;471;649
412033;16;31;22;17;27;22;25;20;27;19;17;15;677;935
412035;39;43;72;66;81;61;56;53;60;47;51;51;1195;1875
412040;11;18;26;17;20;25;27;13;51;21;28;28;463;748
412050;25;35;52;38;42;34;31;36;33;38;24;40;1270;1698
412060;379;384;417;347;357;360;369;341;377;388;368;346;7480;11913
412065;24;27;35;30;38;25;28;25;24;28;26;43;636;989
412070;54;46;61;75;50;35;50;46;45;53;50;41;1294;1900
412080;357;346;429;403;413;355;473;410;392;406;338;337;10090;14749
412085;59;61;62;58;59;51;58;47;45;40;38;64;1150;1792
412090;251;203;237;239;241;216;236;236;244;244;202;215;4636;7400
412100;34;42;34;45;45;40;48;47;40;41;47;47;981;1491
412110;13;17;13;10;11;11;19;7;6;22;17;12;515;673
412120;83;46;56;67;68;55;54;67;55;54;51;50;1368;2074
412125;9;9;9;15;13;12;8;13;16;11;12;8;225;360
412130;8;13;7;8;12;10;15;3;6;10;4;4;284;384
412135;5;6;6;6;8;12;5;8;10;7;10;11;251;345
412140;234;258;253;232;267;199;209;251;249;224;182;222;4155;6935
412150;78;88;84;104;99;77;83;67;60;91;74;71;1735;2711
412160;59;67;56;68;49;57;38;52;74;82;59;60;1224;1945
412170;144;139;177;164;202;163;172;180;119;205;133;160;3338;5296
412175;41;29;31;38;33;84;28;80;28;51;34;38;801;1316
412180;318;101;128;71;86;74;67;75;99;103;88;82;2415;3707
412190;63;60;70;66;54;59;49;57;55;77;47;49;1364;2070
412200;73;86;112;89;98;104;90;79;98;94;86;75;1802;2886
412210;6;8;12;10;6;9;9;11;4;3;6;12;296;392
412215;37;48;51;34;36;37;37;24;38;28;34;32;817;1253
412217;4;7;10;11;8;5;9;12;13;3;8;7;288;385
412220;267;202;251;243;227;257;248;207;252;281;274;259;5853;8821
412230;342;351;342;347;519;332;409;395;323;371;353;303;7413;11800
412240;1158;1080;1225;1134;1137;1144;1257;1127;1201;1257;1183;1125;25825;39853
412250;50;54;66;43;49;43;45;52;54;52;60;54;1439;2061
412260;130;162;163;173;151;171;149;132;149;151;130;148;3345;5154
412265;20;26;11;18;20;19;13;20;8;11;16;10;519;711
412270;178;193;209;172;249;261;217;191;196;208;171;341;3987;6573
412280;29;36;22;40;18;19;150;70;22;15;17;15;536;989
412290;16;28;20;28;26;27;10;12;7;13;12;22;494;715
412300;130;108;131;140;163;182;157;152;152;163;148;126;2441;4193
412310;9;7;14;7;9;8;7;7;12;7;11;10;261;369
412320;5;11;9;10;15;3;7;9;6;9;25;5;265;379
412330;51;69;55;36;49;80;42;43;46;48;42;31;1167;1759
412340;87;88;96;118;84;110;86;95;110;99;71;91;2449;3584
412350;231;319;329;276;292;275;260;244;220;263;238;284;4958;8189
412360;1;6;3;3;6;17;0;1;1;5;1;1;60;105
412370;53;45;55;45;53;33;50;38;29;31;28;33;1263;1756
412380;141;133;150;129;106;106;129;165;149;154;108;145;2292;3907
412382;7;23;17;17;24;15;16;10;20;18;15;13;367;562
412385;35;37;44;35;26;45;56;25;27;26;28;29;700;1113
412390;82;55;69;48;34;47;44;94;60;40;76;82;1321;2052
412395;11;21;10;16;6;6;30;11;15;22;19;29;400;596
412400;19;27;27;15;24;17;18;19;12;23;23;12;576;812
412402;140;147;183;137;132;139;162;130;155;150;136;122;2654;4387
412405;118;145;179;124;148;138;144;143;139;122;159;141;3157;4857
412410;540;444;436;424;438;391;378;415;527;503;509;541;11283;16829
412420;7;6;14;3;10;7;6;7;6;10;5;6;203;290
412430;39;8;8;9;8;8;5;10;7;9;8;6;240;365
412440;178;184;220;188;171;159;217;222;260;211;161;219;4255;6645
412450;125;107;122;107;111;119;95;122;123;109;94;80;4583;5897
412460;50;89;76;64;60;48;50;72;52;55;124;87;1680;2507
412470;13;25;34;19;16;20;14;17;33;11;11;25;728;966
412480;126;189;191;165;183;173;177;143;156;189;148;159;3986;5985
412490;25;23;27;35;24;24;23;21;34;60;24;18;620;958
412500;35;36;40;33;22;30;31;41;22;40;48;36;1218;1632
412510;35;28;35;47;41;40;57;61;66;38;36;41;852;1377
412520;104;150;122;132;115;112;102;110;127;135;111;119;2039;3478
412530;20;30;45;17;28;27;51;33;21;19;21;24;764;1100
412535;45;25;41;37;47;21;42;23;22;34;24;23;788;1172
412540;16;19;23;28;21;20;26;21;16;24;20;20;549;803
412545;10;9;9;18;11;11;14;12;6;8;19;11;300;438
412550;5606;5545;6064;5442;5801;5752;6687;5831;5697;6286;5265;5814;124900;194690
412555;15;12;9;15;9;11;9;10;11;11;10;15;361;498
412560;544;391;519;492;463;533;526;428;410;487;380;422;8751;14346
412570;325;362;382;360;420;336;460;341;299;337;317;344;6698;10981
412575;23;26;38;36;31;35;30;42;28;34;44;25;756;1148
412580;80;121;121;99;66;56;78;73;76;94;120;93;1582;2659
412590;33;24;27;21;28;21;19;15;17;24;16;13;585;843
412600;19;16;18;17;24;12;12;30;16;27;69;17;1248;1525
412610;26;27;41;44;51;32;28;27;32;35;31;29;680;1083
412620;52;56;54;50;47;39;48;34;50;67;47;45;1172;1761
412625;827;872;843;840;787;845;927;848;746;933;678;702;14012;23860
412627;47;30;41;46;39;46;61;38;62;38;39;50;914;1451
412630;206;187;207;184;211;208;745;234;338;310;234;157;4343;7564
412635;24;16;25;21;19;38;23;16;28;14;23;28;471;746
412640;27;28;47;35;41;26;47;29;45;27;31;14;813;1210
412650;144;141;167;181;172;131;106;141;132;120;131;123;4540;6229
412660;317;294;362;338;316;329;303;307;320;298;239;278;6868;10569
412665;13;20;15;11;18;12;11;25;12;21;15;17;391;581
412667;35;48;40;41;34;53;33;42;36;76;39;41;1677;2195
412670;25;15;23;14;14;34;22;23;10;13;34;29;681;937
412680;146;330;334;323;172;119;136;150;139;147;133;152;4071;6352
412690;52;21;27;26;19;27;27;26;29;12;27;26;734;1053
412700;57;65;65;74;67;50;56;64;54;55;94;62;1560;2323
412710;1024;993;938;885;919;946;1511;979;959;1162;865;914;20837;32932
412720;121;150;139;177;172;166;215;126;160;179;193;199;4496;6493
412730;78;101;80;85;81;84;98;87;91;99;92;90;2588;3654
412740;116;123;110;107;82;101;107;79;74;91;80;108;2819;3997
412750;122;145;149;127;139;125;122;113;94;135;126;165;3320;4882
412760;78;90;95;104;73;98;93;88;70;90;98;85;1904;2966
412770;3072;3369;3291;3206;3101;2933;3451;3175;2973;3911;2812;3015;63393;101702
412780;42;95;35;70;57;33;39;54;38;39;34;34;1169;1739
412785;58;62;102;81;71;59;75;81;75;65;71;74;1421;2295
412788;52;49;61;50;49;67;52;44;47;49;53;45;1155;1773
412790;32;26;35;37;22;24;23;20;16;36;35;33;532;871
412795;38;50;29;59;24;30;33;47;39;31;25;40;1047;1492
412796;76;74;70;84;98;78;75;67;68;85;70;67;1929;2841
412800;428;323;465;368;325;305;399;348;369;361;322;295;8617;12925
412810;1587;1753;1865;1700;1533;1603;1573;1598;1638;1715;1408;1343;33896;53212
412820;702;833;830;780;625;706;803;742;734;697;727;699;15339;24217
412830;8;8;9;5;3;6;2;13;6;7;5;5;207;284
412840;60;58;39;30;39;41;41;37;31;38;43;40;1441;1938
412850;126;172;151;191;271;112;119;130;136;144;140;117;3406;5215
412853;78;83;70;61;84;85;71;98;79;70;83;90;2029;2981
412855;35;43;42;50;51;22;31;34;26;38;27;40;862;1301
412860;59;66;63;52;50;52;55;43;51;85;42;61;1376;2055
412862;24;21;20;19;11;22;30;22;11;14;16;22;529;761
412863;7;5;17;11;10;12;10;6;3;12;6;15;193;307
412865;11;16;31;24;20;10;16;16;13;10;19;21;455;662
412870;130;121;108;103;143;139;128;126;117;128;100;101;2032;3476
412880;12;18;25;16;13;9;18;11;14;17;15;20;639;827
420005;10;5;6;11;6;12;8;4;3;10;9;20;271;375
420010;287;209;236;258;196;200;215;176;199;268;208;215;4830;7497
420020;252;214;204;186;197;220;193;191;183;191;173;214;3466;5884
420030;48;55;62;52;46;56;43;52;53;61;39;56;1039;1662
420040;109;182;116;137;137;141;104;121;97;127;112;159;1974;3516
420050;23;29;21;23;26;13;28;34;34;38;14;52;475;810
420055;19;28;25;24;25;28;19;26;23;31;24;23;600;895
420060;64;53;56;50;40;54;54;61;42;58;59;60;1260;1911
420070;76;84;76;63;53;98;55;199;27;57;140;411;1326;2665
420075;7;8;13;10;10;6;6;3;2;9;1;9;189;273
420080;31;49;52;53;26;54;21;27;42;56;24;41;977;1453
420090;16;17;20;34;14;21;20;43;13;11;21;65;532;827
420100;40;20;42;27;38;18;38;29;28;26;62;33;989;1390
420110;26;31;29;27;10;21;23;16;23;28;25;15;437;711
420120;94;121;124;110;98;117;120;134;105;145;108;121;3080;4477
420125;132;146;165;152;147;98;110;136;116;110;86;107;2617;4122
420127;38;43;43;28;40;49;52;53;46;51;29;36;894;1402
420130;965;1093;1236;1101;1080;981;1176;1288;1093;1165;1030;854;20047;33109
420140;828;978;1002;889;994;968;1054;923;911;969;871;775;17358;28520
420150;98;143;143;144;106;95;127;125;140;139;113;105;2706;4184
420160;30;19;32;42;36;40;33;26;29;19;23;41;755;1125
420165;25;49;30;22;22;19;17;20;15;17;21;22;309;588
420170;118;139;152;147;137;117;143;206;140;135;101;134;2552;4221
420180;24;43;27;16;24;20;26;21;12;20;14;34;433;714
420190;158;166;155;182;135;156;145;154;118;157;133;134;2349;4142
420195;128;136;127;119;122;99;70;93;87;113;102;98;1110;2404
420200;3962;4393;4530;3766;4214;3733;3846;4044;3924;4208;4066;4008;55660;104354
420205;58;66;71;49;49;39;45;60;65;72;52;60;906;1592
420207;81;95;90;65;41;73;81;63;63;99;105;116;1293;2265
420208;19;21;19;21;22;21;27;32;16;21;10;11;314;554
420209;3;7;6;4;5;3;7;6;2;8;2;8;92;153
420210;490;566;644;576;579;578;566;592;644;613;588;583;9481;16500
420213;34;8;14;5;12;14;30;15;8;6;8;15;293;462
420215;24;20;22;25;32;20;32;22;29;31;31;28;278;594
420220;147;150;147;154;139;130;151;166;156;102;94;125;2948;4609
420230;958;1154;1240;1127;975;898;975;1019;976;1091;976;991;18343;30723
420240;6830;7272;7855;7399;7409;8090;7492;7400;7063;8759;6638;6605;139747;228559
420243;7;16;14;6;12;14;10;13;7;18;6;12;312;447
420245;469;513;622;603;556;414;374;341;373;445;440;471;6249;11870
420250;40;64;106;47;148;78;66;58;64;33;56;104;726;1590
420253;23;23;24;23;16;11;14;14;8;18;16;18;381;589
420257;20;16;8;11;18;11;15;8;14;18;9;16;199;363
420260;89;177;148;139;114;68;67;75;93;75;82;121;1747;2995
420270;93;90;124;109;100;72;105;102;100;111;93;78;2393;3570
420280;795;766;772;815;781;733;770;778;734;745;657;695;13416;22457
420285;37;30;62;41;23;46;42;37;38;37;64;33;1082;1572
420287;14;25;28;21;17;17;23;10;10;10;13;27;335;550
420290;2612;2719;3222;2920;3139;2825;2950;2926;2854;2834;2647;2820;53323;87791
420300;1238;1280;1403;1273;1201;1147;1266;1267;1213;1275;1239;1432;26462;41696
420310;82;88;82;94;79;52;79;78;68;93;63;63;1751;2672
420315;38;34;31;90;40;42;29;32;36;39;27;23;497;958
420320;1068;1186;1249;1023;1181;1059;1009;1159;1064;1148;1061;1012;14996;28215
420325;24;24;39;25;29;28;20;25;16;12;13;13;531;799
420330;504;251;239;221;236;207;253;217;248;245;269;224;6040;9154
420340;29;38;41;44;33;40;61;42;43;30;43;65;1118;1627
420350;96;97;98;120;88;90;83;100;120;80;80;71;2003;3126
420360;571;626;682;584;511;490;540;615;690;631;489;652;12013;19094
420370;140;122;143;131;120;150;174;124;144;126;119;136;2722;4351
420380;675;571;660;611;674;586;673;675;602;581;561;610;12501;19980
420390;415;423;442;461;389;361;428;408;359;415;367;368;9572;14408
420395;215;214;239;282;207;219;228;213;248;215;231;205;4554;7270
420400;217;223;252;220;199;186;224;250;178;191;185;246;3574;6145
420410;25;35;31;21;30;24;23;52;21;40;30;32;565;929
420415;13;12;10;14;14;7;5;11;11;10;15;15;326;463
420417;3;3;5;6;11;5;6;1;5;4;6;6;140;201
420419;7;8;8;8;8;8;8;41;9;14;6;45;137;307
420420;6158;5727;5930;5509;6044;5413;5793;5878;5934;6244;5692;5607;108315;178244
420425;216;271;274;242;279;201;244;236;231;218;206;192;5502;8312
420430;1636;1759;1862;1678;1711;1478;1787;1658;1613;1694;1763;1851;31319;51809
420435;131;157;161;148;153;143;113;126;149;143;114;128;2208;3874
420440;102;111;112;91;123;127;112;106;92;128;91;99;2114;3408
420445;6;2;8;10;5;7;8;9;2;3;4;4;129;197
420450;350;346;269;248;274;258;262;202;217;250;195;194;4860;7925
420455;318;162;180;135;192;141;175;165;320;141;196;146;3039;5310
420460;4007;4131;5474;4297;4427;3879;4395;4265;4053;4240;3963;3970;80160;131261
420470;183;131;163;160;146;138;151;144;149;150;187;119;3292;5113
420475;13;10;13;10;4;10;9;13;11;6;13;8;297;417
420480;476;511;521;487;550;472;477;502;470;471;451;604;10603;16595
420490;90;79;65;66;40;41;43;45;40;38;51;49;1112;1759
420500;125;122;119;116;130;135;111;137;119;114;128;150;2517;4023
420510;37;87;58;50;44;72;68;73;63;51;49;30;1216;1898
420515;26;41;44;50;33;48;48;38;44;58;65;47;845;1387
420517;5;5;3;7;4;1;3;5;4;5;1;7;131;181
420519;52;70;62;66;62;62;60;58;72;61;51;56;810;1542
420520;51;71;54;58;66;57;46;39;50;55;52;55;907;1561
420530;176;215;201;216;182;171;211;215;218;197;194;191;3995;6382
420535;64;13;31;15;17;13;19;17;20;16;17;8;349;599
420540;12878;13081;13485;11945;11742;11050;11186;11991;11634;13849;12255;13012;222082;370190
420543;15;16;11;17;18;9;11;14;7;13;13;16;250;410
420545;436;461;511;525;438;493;563;448;439;676;463;412;8735;14600
420550;687;734;1025;898;544;473;465;486;504;646;442;816;9101;16821
420555;12;7;8;16;12;32;6;5;2;5;5;3;173;286
420560;20;31;10;12;10;13;18;12;19;17;15;15;374;566
420570;402;550;538;404;340;338;287;331;306;420;318;345;6920;11499
420580;292;336;366;347;350;265;289;305;286;304;348;274;5582;9344
420590;1294;1455;1652;1713;1593;1462;1586;1417;1417;1490;1288;1333;26888;44588
420600;262;275;334;284;289;303;265;274;324;350;311;301;4918;8490
420610;114;145;114;127;118;109;115;106;96;108;101;110;1802;3165
420620;152;167;160;120;136;105;124;182;144;183;141;130;2880;4624
420630;351;363;431;404;374;362;367;428;383;379;334;366;7517;12059
420640;125;124;134;128;137;109;122;114;119;110;104;98;2359;3783
420650;867;978;1184;1010;1018;930;941;1031;957;1051;905;864;15426;27162
420660;45;46;52;52;47;46;44;54;46;42;37;77;1121;1709
420665;209;213;193;149;186;165;137;185;196;248;227;199;5005;7312
420670;178;189;193;200;201;215;157;161;224;175;142;155;3631;5821
420675;16;9;11;10;9;18;23;16;11;10;13;13;234;393
420680;37;30;41;60;38;50;43;36;29;35;24;32;623;1078
420690;340;326;372;342;303;356;400;338;268;278;248;350;6023;9944
420700;1138;1273;1351;1269;1278;1159;1250;1233;1378;1378;1154;1091;22010;36962
420710;197;250;243;299;247;233;252;246;241;246;231;232;4102;7019
420720;67;78;76;60;149;63;61;66;56;70;82;68;951;1847
420730;711;858;812;714;619;620;529;586;638;644;580;594;12432;20337
420740;42;52;115;70;79;42;20;57;22;37;29;158;971;1694
420750;1242;1489;1597;1366;1416;1423;1334;1432;1361;1338;1153;1232;27464;43847
420757;85;49;53;42;37;36;42;56;37;50;46;52;857;1442
420760;11;8;12;14;20;25;12;20;30;29;18;20;399;618
420765;75;72;99;85;76;66;70;92;80;90;85;92;1917;2899
420768;88;110;112;121;105;101;97;110;89;99;96;73;2111;3312
420770;186;153;124;142;127;131;154;131;120;139;147;193;3246;4993
420775;32;25;20;24;29;29;21;28;48;35;16;39;370;716
420780;98;78;90;108;71;80;79;88;86;86;75;68;1802;2809
420785;16;24;10;11;9;8;11;12;14;7;14;9;290;435
420790;52;47;39;50;50;40;44;36;44;51;42;53;936;1484
420800;74;78;77;60;58;52;58;62;84;67;58;79;1531;2338
420810;250;196;219;197;205;203;216;208;207;214;189;159;4689;7152
420820;7967;8024;8347;7892;7915;7695;8062;8223;8056;8746;7363;7359;124943;220592
420830;2331;2282;2390;2225;2323;2141;2367;2417;2214;2319;2110;2007;26450;53576
420840;331;319;277;319;295;278;281;249;302;310;255;268;7622;11106
420845;378;416;509;351;341;305;401;334;359;405;309;378;6516;11002
420850;484;469;504;523;548;421;883;1202;392;421;685;2027;7116;15675
420860;30;36;29;40;28;44;38;33;38;41;39;39;805;1240
420870;163;80;106;85;73;75;89;75;79;83;84;77;2106;3175
420880;392;369;366;299;342;392;277;246;610;246;257;286;4684;8766
420890;2952;3402;3747;3582;3692;3323;3160;3469;3211;3352;3044;2854;73644;113432
420895;6;10;10;9;12;10;7;5;10;7;6;6;176;274
420900;1454;828;779;701;708;571;636;654;663;721;587;677;15064;24043
420910;12654;13630;14366;13470;13928;13328;14367;14765;13724;14616;13367;13775;238399;404389
420915;50;62;47;57;43;50;50;41;46;44;39;49;860;1438
420917;11;14;11;19;14;5;17;18;14;17;19;3;268;430
420920;38;41;23;32;20;20;24;32;27;23;26;22;554;882
420930;1953;2148;2891;2125;2132;2018;2074;2039;2029;2113;1979;2201;45553;71255
420940;419;408;414;366;441;362;335;347;325;506;416;425;7306;12070
420945;5;13;14;11;13;9;9;12;12;16;10;10;172;306
420950;82;110;109;92;88;106;98;86;124;98;74;110;1943;3120
420960;189;160;176;207;224;227;233;218;205;231;212;228;3661;6171
420970;103;121;483;355;198;117;96;71;92;127;131;225;2086;4205
420980;18;19;7;17;13;5;5;18;15;6;7;17;242;389
420985;12;17;16;32;25;14;24;19;23;34;15;26;542;799
420990;177;231;198;187;187;192;159;172;198;179;155;153;3257;5445
421000;152;195;211;249;205;260;165;220;161;170;148;222;4845;7203
421003;62;103;67;68;70;66;80;68;58;69;65;110;1639;2525
421005;18;25;34;7;21;21;18;13;15;12;10;16;219;429
421010;730;771;802;791;692;685;826;772;728;743;614;664;13456;22274
421020;22;19;25;16;15;15;14;26;16;23;16;13;380;600
421030;38;52;56;63;40;49;40;40;60;56;24;40;789;1347
421040;120;141;131;136;106;120;158;131;136;114;108;93;1891;3385
421050;613;626;652;666;592;573;607;587;624;657;609;529;11053;18388
421055;20;10;5;4;5;2;13;7;6;10;6;14;187;289
421060;245;216;221;274;220;213;248;255;224;242;211;212;6324;9105
421070;11;9;13;13;14;18;20;15;13;15;14;9;227;391
421080;70;73;74;81;68;62;64;57;63;56;65;56;1427;2216
421085;14;11;25;12;31;19;19;22;29;19;23;21;328;573
421090;31;46;36;38;79;49;78;63;66;68;107;55;927;1643
421100;140;164;142;158;179;137;148;126;155;176;151;143;2698;4517
421105;93;129;195;365;109;69;95;91;76;88;119;304;1713;3446
421110;45;61;83;72;53;71;51;61;54;54;40;40;996;1681
421120;319;318;325;325;337;297;303;298;283;307;301;297;6539;10249
421125;18;15;12;12;8;5;22;17;12;20;10;11;388;550
421130;1715;1829;1738;1672;1625;1593;1587;1819;1564;1759;1643;1635;26369;46548
421140;77;84;186;113;110;110;94;97;99;115;107;109;1382;2683
421145;36;59;163;36;27;31;23;29;27;28;28;29;649;1165
421150;396;553;546;451;642;496;462;558;546;563;490;568;6633;12904
421160;348;405;437;345;309;312;366;377;406;401;341;309;7823;12179
421165;14;19;19;10;12;13;26;22;24;22;20;15;380;596
421170;400;454;408;427;470;380;408;341;382;407;372;387;8726;13562
421175;254;263;309;237;260;269;227;245;279;330;275;302;5656;8906
421180;67;53;64;54;52;72;49;67;64;59;74;55;993;1723
421185;10;2;11;13;3;7;8;15;12;11;5;6;245;348
421187;19;17;13;12;8;12;16;10;21;14;6;11;200;359
421189;18;15;13;17;13;13;61;32;21;23;12;23;313;574
421190;3406;3801;3819;3534;3923;3804;3534;3862;3577;3875;3273;3362;57679;101449
421200;62;72;68;74;56;55;67;63;57;64;45;47;1468;2198
421205;42;67;34;35;45;27;33;32;33;91;30;18;705;1192
421210;205;251;235;262;217;214;211;247;226;219;215;233;5644;8379
421220;177;199;263;212;202;191;184;203;170;180;163;195;4091;6430
421223;44;58;53;56;23;42;35;46;36;46;29;50;747;1265
421225;72;82;98;77;95;76;84;105;92;93;103;97;1358;2432
421227;24;43;41;34;39;17;26;36;43;70;24;26;661;1084
421230;164;123;128;135;108;105;140;139;113;124;126;119;2334;3858
421240;52;74;67;62;82;81;65;71;66;74;75;82;1535;2386
421250;727;742;737;671;627;550;619;655;678;749;613;714;9558;17640
421260;30;49;42;28;39;26;20;38;32;33;25;24;641;1027
421265;38;26;27;35;32;35;32;29;38;27;36;31;653;1039
421270;44;60;45;70;63;70;61;62;67;54;58;40;999;1693
421280;451;510;436;433;477;463;443;452;466;509;471;409;6322;11842
421290;519;448;468;508;466;385;434;425;404;402;347;395;8274;13475
421300;111;106;129;128;121;109;109;109;87;98;83;92;1622;2904
421310;82;76;80;97;63;52;65;76;80;78;65;88;1421;2323
421315;16;15;26;35;18;24;17;24;25;13;12;21;450;696
421320;575;774;753;802;692;656;671;695;630;694;549;613;15445;23549
421330;44;33;34;53;34;37;34;54;34;25;32;38;720;1172
421335;46;35;49;42;29;63;39;45;33;45;34;37;770;1267
421340;133;117;122;132;130;133;114;98;102;114;120;124;2122;3561
421350;886;850;1026;826;973;962;893;765;1047;860;872;895;9655;20510
421360;355;384;458;344;370;339;407;372;306;368;328;330;7448;11809
421370;285;321;394;340;298;260;428;376;308;340;294;254;5092;8990
421380;67;80;87;76;60;68;78;76;61;83;78;67;1520;2401
421390;3;4;3;4;6;4;10;6;4;13;12;3;158;230
421400;310;435;429;486;443;355;439;447;383;376;269;442;7806;12620
421410;18;11;17;13;23;9;16;46;9;15;23;49;210;459
421415;23;26;17;25;31;16;37;17;16;21;20;19;683;951
421420;125;119;181;131;146;134;141;140;136;149;130;171;3408;5111
421430;27;30;26;22;18;36;25;29;37;26;35;28;621;960
421440;97;114;80;82;63;63;80;101;74;76;98;82;1246;2256
421450;44;61;42;48;58;58;64;53;40;55;34;48;972;1577
421460;68;57;97;86;106;71;79;68;90;75;66;75;1478;2416
421470;159;171;136;193;154;151;148;194;166;149;114;202;3435;5372
421480;1619;1708;1817;1633;1649;1579;1581;1672;1579;2336;1465;1619;32045;52302
421490;31;52;52;34;53;46;26;44;45;37;49;43;1222;1734
421500;564;695;697;644;665;646;693;717;693;698;581;502;12235;20030
421505;7;25;8;14;22;10;15;7;7;6;17;6;249;393
421507;38;37;45;48;29;36;47;51;44;74;32;38;748;1267
421510;103;128;140;151;108;198;106;119;87;134;95;119;2523;4011
421520;13;8;12;6;31;15;22;15;18;16;37;30;207;430
421530;89;103;107;135;93;110;105;96;99;104;79;101;2248;3469
421535;22;37;15;21;19;27;16;19;16;32;20;18;370;632
421540;107;139;102;99;77;65;68;77;78;83;69;90;1775;2829
421545;231;309;309;270;276;229;325;270;266;291;274;247;4903;8200
421550;297;313;355;252;324;236;244;287;275;293;288;398;4749;8311
421555;17;24;13;10;13;12;30;19;13;14;15;18;399;597
421560;14;13;9;13;7;13;14;15;10;12;12;12;261;405
421565;41;55;51;58;47;40;49;60;98;80;48;53;1091;1771
421567;15;42;25;33;36;37;39;37;29;48;40;50;584;1015
421568;2;14;9;5;7;9;8;11;6;10;6;14;178;279
421569;8;2;7;6;2;3;6;7;8;36;6;6;160;257
421570;329;357;407;330;284;349;321;371;374;355;335;275;7011;11098
421575;15;15;14;9;14;13;14;30;19;30;15;17;259;464
421580;1556;1538;1618;2907;1675;1498;1832;1717;1779;1631;1455;1948;27856;49010
421590;17;23;22;24;17;17;15;33;24;22;18;21;469;722
421600;172;163;117;124;142;130;143;158;132;140;225;152;2733;4531
421605;88;104;100;89;104;66;70;93;82;91;89;68;1568;2612
421610;76;78;59;59;70;48;68;68;61;79;46;67;1481;2260
421620;604;651;639;571;533;542;610;614;613;698;632;727;13653;21087
421625;78;66;65;56;64;88;60;59;68;79;53;50;1566;2352
421630;541;552;643;578;442;480;531;490;465;523;511;676;9013;15445
421635;67;93;84;74;74;64;70;82;85;86;73;67;1500;2419
421640;72;43;65;63;72;62;66;66;63;52;63;50;1054;1791
421650;489;501;870;982;1296;688;561;475;471;528;489;760;7668;15778
421660;6845;6879;7731;7390;6929;7360;7100;7651;8440;8023;7477;6744;139431;228000
421670;163;168;160;305;142;127;129;164;168;150;116;114;2808;4714
421680;18;12;25;30;34;30;36;15;15;26;15;18;578;852
421690;391;509;549;446;479;374;422;430;415;423;407;369;9835;15049
421700;325;452;270;312;342;294;288;294;299;356;327;332;6038;9929
421710;30;31;28;30;23;44;29;37;27;27;31;26;754;1117
421715;11;12;6;16;13;14;13;4;16;11;18;10;74;218
421720;871;896;902;822;752;774;858;837;817;800;720;845;16317;26211
421725;17;22;16;36;25;15;27;27;21;22;13;15;464;720
421730;88;114;190;104;115;100;107;96;134;117;84;98;2967;4314
421740;230;206;277;265;280;250;235;259;225;201;195;243;4563;7429
421750;422;433;372;390;353;343;347;357;471;435;326;315;7908;12472
421755;20;34;23;31;31;24;21;35;18;25;23;30;620;935
421760;194;232;234;238;201;219;223;175;258;211;186;162;4013;6546
421770;486;502;457;407;481;449;452;907;455;422;378;403;7654;13453
421775;16;26;9;20;16;15;14;19;7;20;11;21;293;487
421780;266;216;255;286;303;376;260;289;250;257;249;197;5000;8204
421790;120;109;120;120;112;128;125;151;138;124;144;171;2418;3980
421795;8;6;6;16;7;18;23;19;14;5;5;7;151;285
421800;1057;1210;1285;1158;1272;1133;1143;1356;1308;1345;1291;1121;19270;33949
421810;20;31;24;34;25;26;28;22;29;33;35;26;638;971
421820;761;899;1018;862;931;878;964;934;944;980;802;969;18351;29293
421825;56;55;45;53;52;62;70;55;50;62;47;53;1294;1954
421830;236;223;261;328;241;272;279;259;236;292;595;321;5927;9470
421835;35;37;37;36;39;40;40;32;26;29;32;44;1402;1829
421840;121;133;154;139;132;140;180;134;130;153;123;98;2163;3800
421850;239;235;217;211;212;179;200;217;208;253;209;300;4416;7096
421860;78;109;119;89;88;72;83;83;104;81;89;107;1972;3074
421870;2146;2273;2430;2380;2302;2207;2267;2367;2635;2476;2212;2424;42059;70178
421875;71;36;52;60;41;44;41;45;51;50;44;35;933;1503
421880;151;169;320;156;211;169;194;183;201;232;177;163;4155;6481
421885;28;19;13;20;15;16;27;25;32;48;19;17;280;559
421890;115;103;133;132;114;101;105;77;75;95;103;95;1775;3023
421895;25;35;65;147;103;43;18;31;56;28;23;106;353;1033
421900;334;398;542;354;391;317;346;357;319;316;320;323;7082;11399
421910;97;69;67;78;79;62;63;81;70;83;70;82;1223;2124
421915;7;8;13;7;11;11;5;9;8;9;7;15;188;298
421917;49;60;70;54;41;46;55;33;51;72;49;46;1777;2403
421920;51;42;42;48;92;44;37;34;37;41;24;51;781;1324
421930;1218;1341;1246;1291;1259;1125;1292;1248;1153;1244;1031;1318;22177;36943
421935;48;44;26;30;31;37;54;42;43;41;31;42;782;1251
421940;66;84;62;70;52;63;52;54;51;46;51;56;1216;1923
421950;816;911;852;927;784;717;780;778;752;796;756;822;15067;24758
421960;34;24;39;24;29;20;26;22;40;30;27;30;603;948
421970;662;705;632;652;569;568;605;1628;595;575;520;549;12365;20625
421985;5;15;14;18;9;4;12;12;27;13;20;26;173;348
422000;129;246;160;112;147;117;145;138;133;143;135;107;2126;3838
430003;28;32;37;50;40;45;46;44;48;33;33;44;1078;1558
430005;30;40;33;40;23;34;24;26;13;26;16;23;546;874
430010;83;96;110;90;92;95;83;95;92;105;88;98;2415;3542
430020;36;48;60;58;47;57;47;46;28;52;56;36;1171;1742
430030;11;14;18;15;9;13;8;5;17;10;16;18;371;525
430040;461;409;530;451;495;472;462;386;364;424;444;458;12897;18253
430045;11;18;11;15;7;21;4;11;11;10;15;9;237;380
430047;36;26;22;47;37;34;24;33;36;36;31;36;596;994
430050;28;31;28;17;24;30;24;24;23;26;26;22;603;906
430055;4;1;3;11;7;10;7;4;5;3;3;3;136;197
430057;27;27;36;37;29;26;29;11;25;20;36;40;697;1040
430060;850;870;1025;957;1029;932;1052;1074;982;967;1025;935;17852;29550
430063;3;6;2;5;5;3;9;3;4;6;3;7;163;219
430064;46;50;75;50;49;41;51;41;38;54;44;47;1210;1796
430066;7;53;17;16;15;15;19;8;12;10;21;14;202;409
430070;65;58;56;32;47;68;74;45;47;51;44;47;1289;1923
430080;127;152;213;189;158;207;187;136;110;149;119;126;3821;5694
430085;19;8;19;17;19;16;25;32;19;8;16;17;488;703
430087;84;112;125;111;118;119;130;124;144;120;153;96;2263;3699
430090;62;77;53;85;39;43;44;50;59;38;42;39;1063;1694
430100;409;392;417;383;490;428;416;323;341;313;290;327;7758;12287
430105;87;187;142;91;74;55;92;66;78;61;92;93;1537;2655
430107;3;4;6;3;6;8;5;4;2;0;3;5;135;184
430110;54;43;46;71;49;50;40;42;42;48;47;39;1393;1964
430120;62;75;73;63;69;72;63;66;77;75;69;56;1552;2372
430130;80;70;97;78;111;128;105;97;96;102;82;94;2261;3401
430140;67;77;76;64;57;69;85;82;66;64;67;83;1568;2425
430150;75;70;71;60;58;50;32;42;39;58;69;50;1042;1716
430155;12;11;11;10;12;7;6;13;12;10;10;9;290;413
430160;618;521;580;580;483;567;508;580;593;613;619;598;17490;24350
430163;80;124;90;64;46;51;68;51;43;86;47;68;1225;2043
430165;50;80;102;76;66;67;87;79;90;84;71;66;1852;2770
430170;57;53;74;41;56;53;49;68;39;49;47;55;1300;1941
430175;16;10;15;19;25;16;18;17;13;17;14;47;261;488
430180;14;13;17;8;24;14;12;9;17;11;9;10;480;638
430185;3;4;5;8;3;5;3;4;2;11;6;3;100;157
430187;46;47;60;70;70;48;37;31;41;32;54;37;879;1452
430190;127;122;165;140;125;185;209;132;124;141;138;113;2307;4028
430192;6;3;0;7;1;6;6;4;4;6;3;5;152;203
430195;36;36;37;32;30;40;37;36;35;54;32;26;840;1271
430200;18;22;27;23;26;24;25;23;22;20;23;22;615;890
430205;0;6;5;1;0;2;3;0;0;3;2;2;69;93
430210;1976;3703;2844;2228;2198;2391;2520;2273;2093;2225;1944;1998;43368;71761
430215;20;8;13;5;13;9;15;4;7;14;7;11;225;351
430220;63;80;70;63;68;96;72;70;74;73;55;64;1568;2416
430222;14;4;10;10;22;21;14;16;7;22;8;9;337;494
430223;10;5;11;12;18;15;10;10;5;8;6;17;258;385
430225;30;34;31;27;39;34;55;30;35;48;32;44;588;1027
430230;174;515;1153;889;689;419;374;211;259;383;180;684;2611;8541
430235;263;232;274;226;213;221;263;248;218;251;188;237;5808;8642
430237;7;7;9;7;10;10;1;5;6;4;7;6;113;192
430240;121;155;166;165;151;147;130;172;132;151;121;119;3188;4918
430245;12;15;13;7;11;5;11;23;13;14;16;20;403;563
430250;27;44;25;27;48;37;22;17;25;25;37;26;769;1129
430258;3;15;5;7;8;8;6;8;10;2;11;4;135;222
430260;6;13;11;9;5;4;15;8;3;6;10;6;180;276
430265;30;28;38;20;28;35;23;31;39;33;25;30;658;1018
430270;138;110;119;123;108;117;124;112;110;125;110;122;3416;4834
430280;163;187;230;237;169;198;187;194;148;208;153;156;5628;7858
430290;46;39;50;46;45;74;76;53;50;73;79;41;1407;2079
430300;595;528;546;432;729;652;589;561;501;568;509;478;13805;20493
430310;1912;2030;2179;2216;2303;2182;2555;2610;2252;2472;2480;2234;40653;68078
430320;6;9;9;9;6;8;6;4;8;7;4;10;243;329
430330;28;36;23;12;23;22;14;22;12;28;22;32;809;1083
430340;9;9;11;9;10;10;8;10;11;17;15;13;291;423
430350;370;381;392;471;549;429;404;405;419;405;428;427;11351;16431
430355;26;21;32;17;18;14;28;12;26;17;22;17;576;826
430360;61;52;125;58;44;42;49;35;51;75;50;38;1238;1918
430367;8;99;37;35;22;16;29;40;9;13;10;12;345;675
430370;23;29;21;20;24;16;14;16;12;21;24;12;644;876
430380;23;31;29;34;24;23;28;18;25;31;25;46;704;1041
430390;933;1167;1184;1171;991;1028;1049;1093;1171;1381;1003;950;22762;35883
430400;46;35;58;51;50;37;37;43;37;32;53;37;1030;1546
430410;9;13;15;14;17;7;22;38;12;22;21;7;389;586
430420;264;356;330;326;287;348;298;310;345;348;288;230;5398;9128
430430;48;47;51;37;29;40;51;32;20;29;38;28;1174;1624
430435;53;82;80;69;68;52;67;77;60;104;83;54;2324;3173
430440;876;855;756;945;697;711;749;815;760;667;761;592;10184;19368
430450;131;181;162;169;162;168;146;143;142;129;163;182;4442;6320
430460;4197;4309;4772;4343;4036;4322;4937;4674;4333;4951;4607;6691;86543;142715
430461;5;11;4;3;4;3;2;2;3;3;7;7;64;118
430462;11;9;19;10;21;16;8;4;7;15;11;15;245;391
430463;995;1322;1179;833;727;779;704;803;742;887;878;924;13257;24030
430465;10;10;19;20;47;32;16;11;14;9;27;14;370;599
430466;121;114;131;156;155;174;175;144;313;133;139;110;3532;5397
430467;33;38;41;59;51;43;26;40;45;41;49;48;1131;1645
430468;51;64;96;88;68;55;65;69;66;123;63;57;1184;2049
430469;16;14;22;18;28;20;13;10;19;17;8;16;353;554
430470;657;769;745;625;791;655;678;688;718;744;722;700;14545;23037
430471;27;38;47;48;38;48;38;43;37;30;36;37;824;1291
430480;424;443;495;561;517;428;498;471;495;495;515;549;14203;20094
430485;0;2;3;1;0;1;1;0;0;2;0;1;28;39
430490;138;115;129;137;103;92;108;105;94;136;106;126;3000;4389
430495;15;11;21;20;12;34;15;20;10;15;11;13;383;580
430500;24;29;47;42;58;42;31;33;40;40;74;53;988;1501
430510;7011;8369;9659;9373;7883;7650;8975;8384;8493;8234;7532;8170;169196;268929
430511;15;12;13;10;16;9;9;11;12;5;8;2;200;322
430512;11;7;8;5;5;6;6;8;9;8;7;6;243;329
430513;6;2;10;15;6;7;6;9;12;16;6;6;208;309
430515;2;4;1;5;4;1;5;2;2;3;10;3;106;148
430517;31;28;20;35;15;27;30;29;26;31;19;23;826;1140
430520;97;108;125;112;131;125;123;119;106;121;291;117;3201;4776
430530;91;97;97;88;91;78;78;85;67;89;85;83;2091;3120
430535;245;177;246;256;218;182;320;239;293;248;228;227;6341;9220
430537;10;7;4;8;16;6;12;8;8;6;8;16;146;255
430540;23;25;22;31;49;43;16;20;28;31;34;34;725;1081
430543;103;104;120;76;79;90;104;92;103;139;135;125;1945;3215
430544;4;3;9;6;5;7;6;5;6;1;4;6;177;239
430545;93;129;124;78;61;55;65;62;54;61;90;75;1284;2231
430550;19;22;26;33;21;29;25;30;30;30;24;35;479;803
430558;13;11;19;18;9;16;15;14;14;14;7;12;276;438
430560;11;6;13;11;36;24;18;16;13;13;15;8;377;561
430570;104;104;113;112;128;96;105;102;85;111;117;98;1992;3267
430580;102;72;66;92;89;67;83;66;72;64;65;58;1906;2802
430583;1;0;1;2;1;1;2;1;1;2;4;2;43;61
430585;8;8;15;11;10;17;8;11;10;11;11;11;187;318
430587;14;8;17;11;31;7;15;10;6;8;9;16;327;479
430590;34;27;26;29;35;33;20;22;33;22;25;29;719;1054
430593;18;91;19;9;11;6;5;13;2;5;5;4;98;286
430595;73;195;44;23;29;27;19;23;36;26;27;26;698;1246
430597;32;28;43;20;32;20;29;34;21;17;32;23;749;1080
430600;80;76;101;86;83;59;77;73;90;101;61;78;2149;3114
430605;43;44;28;31;35;28;21;40;34;29;39;28;1017;1417
430607;6;4;5;2;3;8;2;3;2;0;4;1;90;130
430610;570;598;580;620;606;548;536;568;499;596;542;537;12725;19525
430613;1;2;4;8;10;8;0;0;4;0;2;2;57;98
430620;93;102;118;135;119;117;119;98;110;117;90;113;2647;3978
430630;17;22;14;19;16;15;20;26;15;15;18;8;419;624
430632;10;13;10;11;8;4;12;10;4;9;10;13;229;343
430635;1;1;3;1;1;3;2;0;0;2;6;1;65;86
430637;4;11;9;25;8;12;24;8;10;12;8;7;297;435
430640;420;491;501;565;479;434;446;477;424;482;424;409;11681;17233
430642;10;18;8;21;7;12;12;12;9;10;9;11;238;377
430645;42;53;44;19;18;25;30;21;15;19;27;24;571;908
430650;25;18;25;37;26;20;27;26;53;37;73;48;733;1148
430655;24;22;16;9;15;14;20;26;17;11;17;16;235;442
430660;248;229;272;322;285;359;282;244;175;232;195;201;6524;9568
430670;6;3;5;5;31;14;3;7;16;4;4;4;219;321
430673;39;11;12;20;24;28;35;13;17;14;27;25;356;621
430675;18;14;15;4;8;6;8;8;9;12;8;8;233;351
430676;673;755;873;595;626;559;672;520;480;725;609;775;15526;23388
430680;369;402;441;402;378;402;399;378;366;344;316;408;7761;12366
430690;209;347;261;174;163;484;161;144;125;134;135;167;3501;6005
430692;6;2;0;1;9;2;2;2;1;1;6;1;53;86
430693;72;71;89;91;77;95;58;52;78;60;70;72;1473;2358
430695;16;8;12;10;5;8;4;6;7;7;7;5;167;262
430697;9;10;20;7;12;6;7;8;4;9;3;4;210;309
430700;1778;2078;2232;2039;1889;1882;1974;1980;1713;2031;1745;1818;39217;62376
430705;16;15;28;18;27;23;11;23;18;13;21;21;407;641
430710;18;15;13;14;8;18;14;15;25;13;8;9;449;619
430720;17;21;23;16;28;14;27;31;26;14;44;12;525;798
430730;19;34;14;22;40;26;22;26;28;13;15;18;603;880
430740;20;24;52;23;67;16;59;41;46;24;34;54;397;857
430745;9;5;7;7;9;10;9;9;11;12;7;10;218;323
430750;127;133;177;130;173;115;139;111;137;135;137;125;3235;4874
430755;73;91;98;77;75;73;91;86;89;93;74;83;1847;2850
430760;648;634;802;667;605;581;695;645;591;626;646;533;13037;20710
430770;950;955;957;1088;1008;918;1119;1142;1338;1123;1054;1008;19419;32079
430780;549;654;688;608;675;714;669;657;546;559;588;525;11407;18839
430781;6;7;4;11;10;1;9;6;5;5;6;13;283;366
430783;12;22;11;11;24;12;20;10;6;10;19;6;284;447
430786;42;59;14;27;12;12;18;23;19;18;20;17;425;706
430790;1198;1665;1574;1402;1267;1168;1385;1341;1412;1287;1157;1285;26911;43052
430800;46;64;46;38;26;39;45;41;37;50;39;49;1298;1818
430805;5;2;4;8;5;2;4;2;2;4;5;3;127;173
430807;63;63;73;73;54;57;63;73;55;58;48;48;854;1582
430810;157;158;189;181;161;170;184;134;154;166;156;146;3728;5684
430820;566;1860;829;676;548;574;638;721;751;562;522;582;12845;21674
430825;1;2;3;1;1;0;2;0;2;2;2;4;59;79
430830;37;47;44;43;45;36;44;43;40;34;51;37;924;1425
430840;18;17;14;13;23;40;18;18;12;10;15;27;596;821
430843;9;5;4;6;5;9;4;6;6;7;8;5;199;273
430845;21;11;23;17;34;40;23;23;22;23;23;29;623;912
430850;456;456;517;487;419;432;477;432;409;413;393;423;9325;14639
430860;860;1423;1179;921;891;839;1044;896;908;959;730;772;16296;27718
430865;3;12;5;6;7;7;5;7;5;5;4;5;243;314
430870;24;44;26;36;42;33;46;29;25;24;21;36;804;1190
430880;21;12;27;10;16;12;17;13;17;14;15;16;415;605
430885;7;9;16;12;8;18;9;11;20;9;13;15;189;336
430890;194;141;149;167;154;161;152;159;182;162;145;167;4068;6001
430900;104;122;111;161;236;98;97;97;79;108;109;104;2697;4123
430905;72;177;149;82;207;84;99;70;68;70;69;57;1682;2886
430910;1480;1601;1446;1515;1556;1449;1523;1258;1182;1184;1278;1194;20361;37027
430912;3;8;2;8;1;6;0;2;3;7;5;2;106;153
430915;2;1;10;2;3;8;6;3;3;4;15;5;106;168
430920;2639;2426;2860;2836;2444;2532;2971;3122;3333;3101;2893;2705;58141;92003
430925;4;13;15;17;6;10;7;13;8;9;89;6;225;422
430930;936;886;947;830;852;696;847;795;726;846;998;899;19240;29498
430940;338;407;463;406;390;398;399;381;405;445;373;476;8673;13554
430950;32;34;37;39;35;22;30;32;23;30;32;33;983;1362
430955;59;80;72;58;70;60;58;66;59;60;50;70;1512;2274
430957;4;9;4;4;0;5;2;5;4;3;1;4;66;111
430960;204;219;216;213;207;177;140;185;148;260;194;219;5123;7505
430965;94;88;76;145;94;107;82;110;73;2291;62;51;2149;5422
430970;30;31;28;32;26;29;21;21;17;22;23;25;746;1051
430975;8;10;8;8;7;3;16;12;6;8;7;6;154;253
430980;24;21;27;20;22;24;23;25;23;25;31;24;611;900
430990;39;22;26;30;34;21;26;24;42;25;23;45;967;1324
430995;7;7;14;11;13;15;10;13;16;6;6;9;252;379
431000;302;333;302;261;286;314;275;311;273;317;301;298;6847;10420
431010;735;607;751;658;614;619;586;633;546;596;559;1090;12573;20567
431020;1129;1179;1280;1155;1321;1140;1171;1195;1130;1300;1175;1336;24124;38635
431030;31;24;32;36;29;25;33;22;23;30;20;23;563;891
431033;237;373;275;271;148;174;187;168;196;255;214;249;3236;5983
431036;36;26;33;41;66;42;35;46;42;43;27;34;1113;1584
431040;41;40;46;38;43;34;32;19;19;24;45;32;963;1376
431041;5;2;3;2;2;3;1;2;2;4;3;3;81;113
431043;57;139;215;59;64;52;61;48;51;49;55;111;1123;2084
431046;5;5;6;3;8;6;9;3;4;1;7;3;142;202
431050;33;28;29;26;26;23;22;33;35;27;37;38;650;1007
431053;78;44;62;49;42;212;90;86;44;44;28;23;1100;1902
431055;16;9;15;11;9;22;7;12;8;13;16;23;243;404
431057;9;5;11;10;1;0;3;0;3;4;1;3;56;106
431060;286;291;340;328;488;318;314;268;201;223;250;250;7538;11095
431065;12;4;10;7;4;3;9;8;6;10;13;5;178;269
431070;6;7;15;7;4;11;14;9;10;7;10;7;133;240
431075;0;1;0;4;4;2;3;0;2;3;1;2;87;109
431080;381;396;424;360;361;364;366;441;359;456;396;766;7374;12444
431085;12;18;6;30;10;13;14;10;6;12;8;10;248;397
431087;9;6;8;2;5;14;9;7;5;2;8;3;147;225
431090;96;13;30;15;23;21;14;8;14;13;21;21;505;794
431100;139;158;143;156;144;178;98;153;136;154;139;144;3941;5683
431110;30;29;38;33;25;41;34;31;45;62;46;43;1264;1721
431112;10;37;35;51;31;13;25;21;29;30;19;40;590;931
431113;11;13;13;17;37;24;24;16;15;8;17;21;343;559
431115;31;35;22;20;80;49;28;19;22;23;26;38;632;1025
431120;92;88;89;105;149;145;113;126;111;69;103;143;3029;4362
431123;3;2;1;1;2;10;2;2;4;2;1;0;63;93
431125;6;3;8;9;5;7;6;3;4;5;6;5;151;218
431127;7;16;13;9;13;10;12;8;11;7;9;10;184;309
431130;302;271;320;278;258;280;303;276;256;293;252;256;5850;9195
431140;2143;2093;2285;2025;1986;1956;2323;2301;2095;2283;1994;2017;39181;64682
431142;4;3;2;3;7;3;1;4;4;4;5;9;84;133
431150;36;20;31;33;24;58;44;33;26;26;35;37;926;1329
431160;13;13;8;11;15;5;8;7;8;7;7;11;320;433
431162;98;98;96;146;98;103;127;123;96;129;107;86;2060;3367
431164;5;3;2;2;8;3;4;6;1;8;6;6;160;214
431170;44;45;36;42;36;28;40;30;30;34;31;25;598;1019
431171;25;25;33;23;54;39;28;22;21;17;31;20;501;839
431173;6;4;7;3;5;3;1;1;4;2;4;0;70;110
431175;24;25;33;22;32;22;27;18;29;21;31;31;645;960
431177;46;66;55;29;31;44;49;46;46;36;32;37;834;1351
431179;4;11;44;5;34;13;19;15;6;6;14;17;167;355
431180;736;787;852;790;807;746;778;732;738;727;779;768;16507;25747
431190;17;27;22;21;18;15;21;27;16;24;18;17;555;798
431198;11;7;6;4;4;3;2;3;6;6;5;6;176;239
431200;13;6;5;9;10;5;3;5;2;6;5;6;155;230
431205;30;30;21;18;35;34;26;15;22;23;12;22;505;793
431210;6;10;10;13;23;12;12;3;14;7;10;7;371;498
431213;5;17;12;13;20;14;8;6;5;12;10;16;213;351
431215;64;70;95;97;75;83;84;69;94;93;68;46;1158;2096
431217;5;3;2;5;6;4;10;1;7;3;5;3;83;137
431220;13;12;18;18;13;12;9;10;10;8;7;10;393;533
431225;45;38;44;41;60;71;47;55;68;69;60;38;1157;1793
431230;389;261;106;66;42;38;73;46;18;24;24;17;587;1691
431235;2;14;8;6;11;7;6;9;11;5;10;17;277;383
431237;15;38;101;73;16;22;26;12;33;5;22;46;151;560
431238;42;548;58;18;10;20;11;24;18;20;12;13;260;1054
431240;967;1047;1069;988;860;799;913;950;849;1031;913;882;19873;31141
431242;6;13;10;15;14;4;8;2;4;8;4;12;218;318
431244;12;2;8;5;12;4;8;12;14;15;10;8;203;313
431245;372;19;30;16;25;22;13;18;28;24;46;459;518;1590
431247;158;82;73;65;66;71;100;95;85;81;67;68;1709;2720
431250;85;89;129;111;165;102;93;80;111;99;80;115;2634;3893
431260;74;82;92;103;139;152;123;84;80;72;50;73;2100;3224
431261;91;92;348;104;110;43;31;56;51;85;32;164;625;1832
431262;18;8;11;3;4;16;34;12;8;17;5;16;102;254
431265;255;313;730;356;379;334;260;254;276;316;239;360;8695;12767
431267;3;5;4;7;4;5;22;5;8;6;6;1;172;248
431270;79;88;74;86;76;71;79;85;53;69;72;68;1764;2664
431275;45;50;35;41;43;28;20;24;45;31;32;34;935;1363
431280;114;100;104;129;86;97;119;89;82;87;87;111;1770;2975
431290;197;219;233;172;154;162;199;183;177;189;136;237;3562;5820
431295;23;21;21;25;25;29;30;35;17;23;39;21;613;922
431300;17;19;28;19;27;29;46;20;17;25;22;19;486;774
431301;26;26;15;30;31;14;20;24;24;23;29;26;803;1091
431303;75;43;48;49;45;40;53;59;41;54;53;35;1408;2003
431306;264;333;419;336;360;326;271;375;272;302;255;280;6912;10705
431308;16;325;38;11;11;11;26;39;23;15;9;31;321;876
431310;16;23;22;20;27;36;23;14;17;19;17;15;832;1081
431320;265;271;305;267;305;256;278;276;269;294;291;267;6341;9685
431330;279;320;341;323;352;247;343;293;300;308;296;262;8084;11748
431333;4;14;14;8;11;10;25;11;16;5;14;8;215;355
431335;19;34;22;16;11;16;27;12;13;12;14;22;461;679
431337;538;498;509;522;427;450;1532;499;462;600;546;544;10445;17572
431339;19;13;11;12;9;16;10;17;6;16;6;19;276;430
431340;3264;3607;4069;3567;3581;3233;4021;3669;3548;3996;3648;3496;74566;118265
431342;8;6;3;2;3;5;5;2;4;5;4;3;187;237
431344;10;2;6;3;8;3;6;4;6;1;5;1;121;176
431346;5;0;3;2;5;4;2;1;2;2;3;0;98;127
431349;9;12;9;18;10;13;9;7;9;9;13;4;267;389
431350;517;612;643;611;490;599;557;550;543;643;587;624;11256;18232
431360;13;11;18;10;17;16;12;11;12;4;16;17;383;540
431365;60;81;90;72;88;58;72;68;55;98;51;70;1574;2437
431370;231;252;272;249;321;223;186;204;190;206;230;232;5567;8363
431380;40;55;44;36;45;48;70;42;19;48;40;51;1026;1564
431390;559;616;620;564;666;536;688;532;507;566;573;691;14254;21372
431395;95;96;108;181;101;91;111;101;114;146;145;116;2782;4187
431400;104;134;111;154;134;103;151;121;120;123;152;125;3049;4581
431402;34;50;42;59;33;39;28;27;28;25;28;22;505;920
431403;46;28;32;28;41;45;28;39;28;32;31;43;676;1097
431405;594;678;710;681;638;758;634;678;631;731;623;604;15239;23199
431406;3;8;6;8;10;10;21;12;4;14;4;7;119;226
431407;62;61;48;66;69;49;46;50;49;54;41;33;983;1611
431410;3095;3541;3494;3923;4013;3131;3292;3447;3091;3663;3466;3312;74930;116398
431413;18;20;34;24;19;22;27;19;22;29;21;22;561;838
431415;73;71;115;90;64;72;84;77;89;69;75;76;1459;2414
431417;7;15;15;5;5;18;8;9;16;4;8;8;225;343
431420;44;36;64;38;46;47;42;39;46;51;42;147;1034;1676
431430;20;33;23;10;22;23;21;11;23;16;21;23;509;755
431440;2812;2824;2812;2881;2613;2664;2720;2457;2704;2731;2972;4253;64658;99101
431442;85;107;105;69;119;101;85;122;79;64;53;67;1935;2991
431445;30;37;32;44;42;28;31;28;31;72;33;35;790;1233
431446;11;1;3;1;6;8;5;6;3;4;0;5;162;215
431447;8;4;6;3;4;11;14;9;5;7;4;7;235;317
431449;11;17;25;7;13;18;8;12;4;15;11;16;334;491
431450;29;31;56;31;39;30;32;25;26;30;34;25;1035;1423
431454;194;308;220;33;15;11;9;14;21;21;24;142;331;1343
431455;2;3;4;5;0;4;3;5;0;0;4;9;98;137
431460;82;94;68;93;90;80;87;69;43;90;80;99;2153;3128
431470;69;68;75;49;65;47;51;45;60;41;38;56;1390;2054
431475;20;10;11;6;11;8;11;15;19;12;11;11;296;441
431477;14;20;9;36;32;13;18;23;12;8;28;15;414;642
431478;3;3;10;2;2;11;1;7;8;5;5;5;109;171
431480;405;415;480;498;447;399;474;455;445;437;463;437;9706;15061
431490;24721;23263;26641;24927;21944;21273;26436;26237;24030;26231;24978;26220;536480;833381
431500;8;8;13;10;6;7;17;4;6;7;9;9;308;412
431505;8;8;9;7;23;18;15;11;11;18;17;5;185;335
431507;5;5;3;6;1;8;3;3;0;3;3;4;64;108
431510;58;54;57;84;90;119;74;76;45;58;49;59;1269;2092
431513;12;16;12;8;7;9;6;16;24;50;57;19;265;501
431514;96;127;118;111;112;128;184;130;99;114;108;95;2467;3889
431515;21;30;18;24;29;32;31;28;22;28;37;29;561;890
431517;11;10;9;11;5;19;7;7;13;11;8;14;267;392
431520;16;21;11;14;10;8;12;11;9;23;14;20;448;617
431530;177;118;172;136;124;125;133;121;117;152;131;137;3288;4931
431531;6;7;5;9;7;10;6;2;6;9;6;5;145;223
431532;7;9;7;5;15;16;7;10;8;3;16;5;207;315
431535;18;35;35;34;38;25;26;28;21;25;20;33;607;945
431540;16;10;14;14;15;9;7;10;3;10;18;15;339;480
431545;9;8;7;8;14;6;3;3;4;8;6;12;124;212
431550;96;109;101;142;139;110;121;123;84;111;152;102;2525;3915
431555;3;2;3;4;11;4;7;0;2;6;2;5;82;131
431560;1525;1764;1854;1834;1674;1481;1745;1692;1666;1807;2147;1969;41717;62875
431570;198;172;204;190;184;201;194;217;224;193;187;198;4355;6717
431575;40;41;56;50;46;58;46;52;46;73;48;34;1261;1851
431580;214;201;205;181;232;273;167;142;140;118;127;136;2667;4803
431590;58;44;50;53;42;51;39;33;47;50;47;52;1401;1967
431595;4;5;5;1;3;6;5;2;13;7;6;6;164;227
431600;407;389;428;460;300;373;336;400;368;356;388;474;7071;11750
431610;55;59;47;63;69;61;44;48;55;44;54;51;1309;1959
431620;17;19;11;17;17;10;14;24;18;21;25;23;472;688
431630;22;24;23;17;23;26;29;20;25;12;22;18;603;864
431640;176;206;199;214;209;225;194;174;174;209;237;213;5645;8075
431642;8;15;13;10;15;10;9;7;9;9;13;12;194;324
431643;14;7;10;22;36;12;7;9;11;15;13;17;325;498
431645;93;71;80;95;84;78;60;85;46;73;57;51;1415;2288
431647;39;51;31;44;33;27;35;24;27;30;69;37;692;1139
431650;119;101;143;131;112;87;149;115;103;114;113;111;2305;3703
431660;97;124;147;168;113;117;123;184;115;125;135;143;3745;5336
431670;44;44;52;57;88;59;54;56;54;60;69;51;1594;2282
431673;3;7;5;4;10;3;7;4;4;6;7;7;124;191
431675;139;156;184;138;100;147;125;162;150;144;109;102;2080;3736
431680;2423;2440;2365;2803;2718;3245;2791;3605;4080;2969;2160;2344;44563;78506
431690;2788;2919;3189;3106;2637;2731;3045;2891;2805;2932;3142;2980;64763;99928
431695;41;42;43;63;40;43;52;45;38;54;36;52;1518;2067
431697;8;3;13;15;18;19;20;30;16;5;14;22;377;560
431700;11;10;13;21;16;32;13;17;14;9;14;14;347;531
431710;609;665;882;699;588;640;676;606;579;704;550;656;13819;21673
431720;1143;1440;1332;1081;1148;1025;1253;1082;1144;1102;1069;1698;24276;38793
431725;18;100;2;4;9;6;7;6;11;5;7;6;118;299
431730;206;194;279;257;410;312;285;240;258;246;257;258;5682;8884
431740;339;305;359;363;290;338;316;299;260;311;342;332;8008;11862
431750;746;776;820;841;749;751;792;816;778;932;798;713;18861;28373
431755;34;18;11;11;36;40;9;22;12;10;17;8;323;551
431760;394;1106;542;496;437;435;408;433;469;502;435;414;10335;16406
431770;42;38;52;39;59;37;47;36;41;43;49;40;1232;1755
431775;12;14;19;20;24;14;17;18;23;18;11;24;357;571
431780;102;94;115;133;122;97;103;91;103;136;103;101;2863;4163
431790;114;129;137;135;140;104;135;122;109;118;203;152;3557;5155
431795;2;3;3;5;11;3;4;1;4;4;3;2;96;141
431800;461;433;497;498;508;484;395;394;415;415;421;411;10988;16320
431805;14;12;16;16;17;20;15;11;21;18;15;12;411;598
431810;45;47;50;41;41;68;63;45;50;29;50;50;1528;2107
431820;289;425;656;425;512;482;465;355;316;304;313;368;5139;10049
431830;292;277;311;323;322;342;367;288;269;295;257;359;9386;13088
431840;89;103;133;117;82;105;95;101;91;108;90;129;3245;4488
431842;9;20;23;12;18;16;7;11;12;15;26;11;481;661
431843;19;16;18;17;26;25;21;21;20;23;23;36;682;947
431844;11;22;29;14;16;16;18;25;13;15;28;10;336;553
431845;7;11;10;6;4;4;4;7;4;9;10;10;93;179
431846;13;14;19;18;50;15;14;12;13;12;22;13;312;527
431848;33;39;36;38;31;22;38;23;18;32;25;20;784;1139
431849;21;17;25;30;29;31;26;15;25;20;34;43;628;944
431850;884;389;469;167;282;175;299;505;965;972;1463;471;3211;10252
431860;36;61;46;52;52;44;42;41;36;45;48;64;1392;1959
431861;27;14;11;12;21;10;14;12;6;17;15;11;329;499
431862;53;77;150;194;317;121;112;73;76;60;61;120;871;2285
431870;2349;2463;2380;2528;2268;2166;2665;2468;2664;2696;2625;2419;56649;86340
431880;204;165;194;170;174;129;158;149;133;166;142;175;5242;7201
431890;239;261;242;290;304;223;233;210;231;239;278;281;6607;9638
431900;288;559;451;357;263;277;319;352;297;339;323;342;7686;11853
431910;40;43;44;31;56;43;30;38;46;41;33;34;1021;1500
431912;2;7;0;5;11;7;6;4;2;4;6;7;186;247
431915;50;54;52;43;76;51;40;48;29;28;51;44;1096;1662
431920;16;23;10;5;15;14;24;7;12;8;13;10;383;540
431930;11;15;21;16;16;13;10;15;11;19;12;9;498;666
431935;32;54;36;36;45;43;42;33;50;47;41;38;722;1219
431936;5;4;6;8;4;4;3;2;2;3;2;0;68;111
431937;36;30;32;31;26;30;32;44;20;30;25;31;622;989
431940;64;61;55;69;62;63;52;46;57;42;37;59;1732;2399
431950;301;285;355;331;362;333;377;346;330;397;291;359;6608;10675
431960;97;98;132;116;120;126;130;103;101;108;111;96;3319;4657
431970;9;8;22;9;6;9;8;13;15;14;7;28;446;594
431971;19;50;24;15;13;18;22;27;33;24;17;17;367;646
431973;4;27;1;6;5;4;7;7;4;14;3;9;62;153
431975;25;31;20;19;34;23;22;32;17;30;19;15;556;843
431980;34;36;36;36;36;41;48;28;30;29;29;28;1064;1475
431990;1155;1181;1333;1363;1384;1252;1106;1213;1253;1260;1052;1174;20901;35627
432000;905;1004;1033;1097;999;800;1073;1058;1048;1120;1055;1054;19679;31925
432010;287;427;324;291;314;264;280;282;264;301;262;324;7407;11027
432020;175;197;185;159;148;185;171;131;154;151;160;176;4053;6045
432023;14;13;10;6;14;10;12;11;11;9;11;8;210;339
432026;12;6;12;15;12;8;14;11;11;12;11;14;263;401
432030;21;31;32;28;29;31;35;26;20;21;37;29;855;1195
432032;7;2;7;3;2;5;9;7;9;5;7;4;200;267
432035;21;9;19;13;14;12;15;21;10;17;36;16;490;693
432040;256;252;306;262;289;240;283;242;220;282;290;261;6256;9439
432045;7;12;6;5;0;5;3;8;8;7;4;7;150;222
432050;16;32;34;32;26;50;29;22;19;14;15;16;563;868
432055;15;19;18;23;19;18;21;27;20;18;10;29;621;858
432057;3;5;1;6;9;2;3;1;3;3;1;1;71;109
432060;25;13;29;17;9;15;7;21;8;11;13;14;356;538
432065;7;9;12;8;9;12;7;8;22;20;17;23;248;402
432067;26;38;30;51;72;76;38;29;23;36;30;18;605;1072
432070;96;133;144;117;110;100;107;119;128;126;90;100;2371;3741
432080;291;368;440;380;458;401;418;380;370;455;645;396;7804;12806
432085;48;32;48;45;41;51;47;57;46;67;25;35;720;1262
432090;416;470;524;396;442;406;405;424;389;441;434;445;9466;14658
432100;82;85;75;95;84;70;100;89;98;92;87;92;2343;3392
432110;82;66;76;64;70;71;77;82;129;69;69;91;1940;2886
432120;645;579;625;557;527;502;531;569;540;574;517;694;10553;17413
432130;210;223;269;259;284;200;204;230;215;236;209;238;5609;8386
432132;18;10;8;14;12;10;13;11;18;11;10;14;349;498
432135;15;28;28;19;23;15;17;18;30;26;15;28;339;601
432140;142;118;103;109;94;99;90;91;97;121;118;149;2815;4146
432143;101;88;93;79;83;72;82;114;89;82;88;89;1782;2842
432145;551;627;588;512;479;537;574;611;586;587;457;504;10511;17124
432146;16;16;22;16;13;21;19;21;28;27;23;27;577;826
432147;4;6;9;17;9;4;8;6;7;11;11;4;284;380
432149;4;4;1;4;7;5;3;11;4;5;12;4;133;197
432150;663;1079;704;716;556;497;582;495;546;615;602;654;10128;17837
432160;559;696;673;479;380;402;502;538;940;601;572;554;8812;15708
432162;37;19;23;21;22;26;26;20;19;17;17;26;401;674
432163;20;28;31;26;43;26;42;28;29;23;24;29;550;899
432166;116;147;180;147;142;122;164;123;152;142;127;129;2839;4530
432170;253;351;404;434;428;475;308;302;385;345;293;334;6900;11212
432180;247;274;296;270;258;225;252;232;248;248;278;294;6176;9298
432183;4;3;3;10;15;5;2;1;0;6;2;5;107;163
432185;26;20;22;23;17;17;17;19;18;19;25;15;502;740
432190;239;259;282;259;256;232;253;254;259;288;228;266;6472;9547
432195;94;105;131;107;109;97;100;98;85;88;118;87;2562;3781
432200;534;565;555;627;615;535;616;607;507;568;585;547;14068;20929
432210;26;25;18;36;31;29;30;16;23;18;26;28;671;977
432215;4;4;5;4;9;7;7;2;5;4;3;0;149;203
432218;3;0;2;2;11;4;0;1;2;6;2;4;74;111
432220;131;130;120;138;264;197;191;112;105;129;217;158;3551;5443
432225;118;159;162;108;120;125;139;137;122;113;121;108;3208;4740
432230;111;52;47;67;43;47;31;33;40;94;46;39;1233;1883
432232;7;9;15;15;4;9;14;6;13;12;11;10;326;451
432234;5;3;6;3;4;3;3;2;0;5;1;2;78;115
432235;8;5;6;2;6;5;5;3;7;1;3;2;96;149
432237;3;4;7;4;2;6;11;6;6;10;4;5;115;183
432240;986;841;1007;1068;1082;966;846;940;773;760;791;838;20857;31755
432250;1261;2673;7568;3683;2793;1854;1563;1591;1589;1743;1409;3275;19606;50608
432252;9;12;14;8;10;11;7;13;8;12;15;10;245;374
432253;15;21;17;13;23;24;5;12;13;13;11;15;465;647
432254;73;71;96;73;65;58;66;51;48;71;50;49;1576;2347
432255;11;12;7;17;6;7;19;18;6;9;20;15;237;384
432260;847;1065;1209;1371;1691;2054;1686;1681;1048;1127;924;891;17135;32729
432270;239;237;297;255;279;350;450;236;232;273;204;229;4459;7740
432280;318;335;355;338;274;296;298;331;290;315;264;357;7366;11137
432285;13;14;15;12;8;16;22;19;16;33;12;11;297;488
432290;7;15;10;7;3;11;6;10;7;6;7;4;307;400
432300;1021;917;1070;915;921;1176;1040;1562;1072;1148;1168;1127;21165;34302
432310;2;3;15;5;2;2;2;3;3;4;2;3;117;163
432320;25;32;31;21;24;39;28;36;17;22;31;26;531;863
432330;43;61;60;37;52;44;50;60;58;56;50;40;1368;1979
432335;13;26;18;19;22;21;41;18;29;17;19;20;330;593
432340;169;97;137;120;163;107;117;112;146;126;129;147;2031;3601
432345;17;20;33;20;21;24;27;16;21;19;14;14;498;744
432350;16;14;9;18;16;8;6;14;18;23;16;13;343;514
432360;5;2;10;4;4;5;3;4;10;5;5;7;114;178
432370;27;31;20;37;34;22;21;59;22;28;28;13;398;740
432375;11;7;3;5;8;5;10;3;3;4;8;6;147;220
432377;42;29;40;38;34;35;51;40;51;46;42;50;1279;1777
432380;327;493;416;315;224;226;240;273;256;332;277;330;4688;8397
500020;596;564;559;571;631;613;488;571;582;564;535;592;7036;13902
500025;38;50;79;52;25;25;37;26;31;31;39;42;738;1213
500060;245;299;270;240;223;231;247;256;205;182;199;248;5923;8768
500070;106;135;137;152;158;135;100;138;124;105;119;152;3077;4638
500080;88;95;93;86;92;706;87;94;88;78;68;110;2158;3843
500085;119;127;144;147;194;84;111;124;118;126;132;143;6751;8320
500090;20;55;52;39;27;45;32;26;28;22;39;40;856;1281
500100;565;543;671;566;644;589;631;611;556;677;646;577;10738;18014
500110;415;365;431;399;333;336;347;327;348;344;321;356;6767;11089
500124;68;80;117;89;57;45;69;53;81;79;84;82;1519;2423
500150;102;69;66;104;90;77;111;69;70;77;67;89;1857;2848
500190;304;263;303;325;321;291;301;307;464;1711;297;316;6879;12082
500200;176;152;131;200;229;200;172;109;101;102;98;135;2540;4345
500210;116;109;106;121;114;111;101;85;127;118;89;164;3019;4380
500215;75;55;79;59;60;54;60;47;36;37;53;47;1221;1883
500220;470;401;404;396;415;376;367;395;365;428;393;415;6146;10971
500230;110;148;140;142;139;132;128;124;129;156;135;134;3217;4834
500240;267;266;301;257;225;255;290;202;292;266;241;289;7761;10912
500260;119;129;133;122;133;111;137;129;118;143;129;125;2529;4057
500270;13199;13077;14887;13436;12981;12715;13982;13646;13089;13459;11803;11986;234885;393145
500280;22;34;39;34;22;18;29;23;20;15;15;30;689;990
500290;261;236;194;196;212;170;171;205;222;194;202;187;3844;6294
500295;586;478;611;671;661;541;565;555;535;724;487;443;9861;16718
500310;42;39;36;27;26;20;27;38;42;31;28;46;713;1115
500315;23;17;24;14;24;16;44;16;16;16;16;24;582;832
500320;935;947;1112;1126;1010;855;1068;1060;1101;1129;856;848;19532;31579
500325;295;287;404;336;364;414;306;331;333;367;411;382;6340;10570
500330;223;270;332;250;377;298;266;265;226;286;229;291;5487;8800
500345;101;150;141;142;119;112;149;197;165;111;108;155;2060;3710
500348;56;80;69;54;77;71;49;54;68;59;74;43;1431;2185
500350;12;17;31;17;18;18;12;38;29;19;17;24;463;715
500370;3404;3691;3677;3561;3254;3269;3394;3139;3255;3906;2993;3979;67702;109224
500375;98;95;111;113;91;90;91;100;129;114;124;135;2448;3739
500380;176;165;165;122;109;122;106;103;99;117;195;199;3364;5042
500390;23;49;49;23;23;43;48;40;47;37;36;29;659;1106
500400;45;46;57;45;45;59;62;44;34;27;38;30;1091;1623
500410;102;61;58;55;73;58;69;39;49;35;57;71;1318;2045
500430;111;118;168;119;141;152;144;133;134;156;103;129;2563;4171
500440;106;106;139;138;196;135;196;225;277;260;212;296;4071;6357
500450;116;131;139;133;138;131;162;162;156;120;96;162;2887;4533
500460;274;213;228;227;241;221;221;214;211;269;217;344;5243;8123
500470;221;284;282;240;241;243;210;269;214;243;229;231;4214;7121
500480;6;7;10;13;5;5;2;7;6;5;2;2;195;265
500490;51;36;53;51;54;60;89;32;55;68;39;59;1137;1784
500500;184;173;191;176;165;165;154;150;181;185;168;168;3608;5668
500510;59;71;82;93;84;58;69;46;48;47;40;53;952;1702
500515;27;25;28;22;28;15;28;34;17;26;27;24;644;945
500520;30;37;48;45;49;35;46;56;73;69;64;30;931;1513
500525;32;50;78;66;51;146;71;42;38;64;41;38;1611;2328
500540;493;544;646;613;443;427;474;512;467;456;474;567;11475;17591
500560;154;138;172;151;136;117;139;154;118;129;114;130;3495;5147
500568;129;137;153;194;114;139;138;111;93;140;115;124;2929;4516
500570;599;683;877;769;853;612;609;671;586;697;753;581;12106;20396
500580;74;68;75;69;71;37;70;54;46;45;59;54;1347;2069
500600;255;303;389;358;362;392;343;208;208;206;193;284;5400;8901
500620;635;730;873;696;769;959;786;718;766;832;603;723;12782;21872
500625;23;19;19;35;25;30;30;32;23;16;33;32;480;797
500627;112;94;120;122;154;96;161;125;107;153;194;119;1709;3266
500630;726;651;658;657;660;504;592;560;562;589;552;577;9879;17167
500635;17;16;14;10;13;11;15;13;12;14;18;22;531;706
500640;45;58;49;50;52;54;47;32;33;46;31;75;1020;1592
500660;600;796;690;755;682;584;569;623;545;536;574;537;14791;22282
500690;143;133;116;150;130;129;112;127;127;137;98;116;2296;3814
500710;2630;1035;1768;1555;1548;1459;1754;2297;1609;1750;1064;1170;12854;32493
500720;491;575;557;571;709;388;495;468;375;409;400;432;11322;17192
500730;54;25;47;73;37;48;31;26;38;44;30;38;718;1209
500740;178;136;172;160;155;142;154;151;158;179;161;138;2982;4866
500750;68;76;51;68;72;67;80;73;83;87;54;56;1679;2514
500755;139;153;182;148;178;162;177;164;123;338;205;191;2265;4425
500769;482;475;541;551;454;519;524;525;368;491;473;493;10219;16115
500770;26;30;22;23;25;22;29;30;26;30;26;33;912;1234
500780;85;87;86;85;80;82;96;79;92;106;74;58;1905;2915
500790;661;576;621;566;595;539;580;619;627;607;571;615;12242;19419
500793;202;158;176;183;121;163;168;164;155;142;166;170;4079;6047
500795;37;29;48;38;24;21;31;21;27;33;29;54;698;1090
500797;16;15;20;8;11;13;14;17;20;10;11;12;342;509
500800;162;161;172;140;123;110;129;146;160;162;143;134;3581;5323
500830;3105;2544;2895;2730;3177;2383;2838;2748;2432;2519;2457;2540;43819;76187
500840;69;65;44;63;50;43;27;31;22;35;210;64;1003;1726
510010;12;13;18;14;16;15;14;9;11;14;15;10;448;609
510020;470;563;496;542;581;563;513;498;548;452;528;453;7965;14172
510025;823;819;877;795;850;756;820;793;776;804;717;802;13568;23200
510030;159;151;102;146;129;129;128;126;112;113;118;168;3102;4683
510035;28;26;28;43;42;29;21;25;30;15;27;27;526;867
510040;155;94;138;258;259;187;136;129;122;142;123;111;3281;5135
510050;16;10;21;15;16;16;12;20;19;18;21;18;411;613
510060;120;104;160;192;137;130;144;167;182;270;130;183;2744;4663
510080;60;60;69;61;59;46;59;55;42;71;47;70;1142;1841
510100;32;29;38;45;35;30;34;30;38;35;38;22;769;1175
510120;0;3;0;3;1;3;1;1;0;1;1;1;50;65
510125;132;143;137;120;126;99;120;109;97;115;104;101;3579;4982
510130;55;67;67;52;109;40;54;51;52;64;142;39;1247;2039
510140;337;256;229;304;290;306;291;268;287;219;268;296;4543;7894
510160;38;21;30;27;28;21;13;23;19;26;18;24;410;698
510170;289;251;262;305;433;233;285;262;318;290;618;385;6724;10655
510180;1019;1016;972;902;911;875;978;844;859;926;823;1031;16429;27585
510185;82;77;168;113;120;99;90;120;87;82;168;121;1497;2824
510190;311;443;381;341;304;331;312;320;289;310;315;353;4538;8548
510250;629;584;591;630;538;533;572;577;491;618;538;468;12702;19471
510260;71;45;71;72;41;37;38;48;39;48;46;55;1014;1625
510263;1467;1286;1413;1221;1104;996;994;1158;2351;1226;1534;1288;17989;34027
510267;758;728;897;1112;935;866;773;720;826;1013;1320;992;13759;24699
510268;217;300;304;293;223;233;250;200;366;263;377;220;3789;7035
510269;26;15;86;141;32;29;25;25;29;21;20;28;487;964
510270;327;320;402;391;383;347;409;359;394;420;425;305;6796;11278
510279;47;61;48;63;37;47;52;43;65;52;45;63;1088;1711
510285;35;43;61;41;46;52;56;59;41;52;108;116;1013;1723
510300;164;175;188;197;204;232;168;197;148;188;161;235;3487;5744
510305;99;100;156;130;133;121;106;132;113;129;101;110;2091;3521
510310;97;104;103;117;103;112;114;125;124;134;146;170;2032;3481
510320;414;395;431;365;437;417;423;415;438;426;385;364;7570;12480
510325;132;176;210;143;160;171;170;172;193;190;194;193;3114;5218
510330;230;192;238;243;264;190;210;219;286;343;265;256;4174;7110
510335;393;539;558;462;461;508;595;489;440;500;476;554;6287;12262
510336;14;42;26;24;14;54;26;24;24;19;33;26;406;732
510337;43;43;45;37;45;43;36;38;32;45;45;95;999;1546
510340;12548;11519;12093;11455;11532;11183;11938;11820;11392;11764;10657;10506;213846;352253
510343;12;11;20;12;17;6;12;16;21;15;47;12;434;635
510345;29;37;27;27;93;23;48;42;44;31;52;76;650;1179
510350;627;731;847;694;572;560;628;762;662;739;685;694;9497;17698
510360;59;43;60;52;80;53;72;60;73;132;70;49;1297;2100
510370;88;152;141;89;116;107;112;102;111;89;100;107;2046;3360
510380;12;20;20;16;15;8;13;13;10;26;15;14;432;614
510385;163;121;161;178;148;142;122;125;134;138;165;135;1941;3673
510390;32;34;56;98;42;28;44;21;36;53;28;42;613;1127
510395;11;7;9;11;9;9;5;10;29;59;7;14;249;429
510410;397;359;412;353;336;328;417;339;331;398;350;319;5826;10165
510420;58;80;105;135;61;63;60;73;68;53;57;56;1383;2252
510450;22;15;4;7;5;5;6;16;12;3;15;5;204;319
510452;128;251;248;164;149;152;227;184;218;264;259;257;2670;5171
510454;69;58;92;51;51;65;97;96;80;71;65;91;968;1854
510455;78;84;129;110;84;60;86;87;66;73;82;69;1386;2394
510460;131;140;246;225;164;148;177;177;254;180;151;177;3461;5631
510480;321;337;339;338;367;402;391;319;376;361;324;386;8143;12404
510490;15;14;17;21;20;20;19;14;22;27;25;11;567;792
510500;17;19;30;32;28;19;20;31;16;32;25;21;706;996
510510;467;453;494;424;462;429;516;516;464;446;378;505;7882;13436
510515;469;453;460;519;487;481;444;503;430;394;433;439;8710;14222
510517;84;103;102;124;121;81;121;109;119;107;101;92;1838;3102
510520;52;94;68;110;41;59;74;71;62;85;71;61;1574;2422
510523;36;42;22;30;28;29;59;23;50;49;287;45;1278;1978
510525;1967;1976;2230;2024;2063;2134;2118;2098;2028;2412;2221;2277;31331;56879
510530;5;0;1;6;5;1;7;1;2;6;6;3;76;119
510550;216;215;215;181;234;230;202;160;190;165;158;181;3051;5398
510558;106;94;164;115;115;94;124;135;132;97;115;137;2166;3594
510560;306;291;323;400;320;341;282;326;330;314;274;268;5646;9421
510562;257;246;252;229;235;254;244;222;262;499;237;244;5510;8691
510590;193;178;166;198;228;186;192;202;208;209;196;196;4176;6528
510600;39;39;67;46;54;32;50;46;52;56;34;49;770;1334
510610;186;117;71;74;115;93;122;98;167;127;199;138;2498;4005
510615;132;118;125;84;117;96;112;111;96;129;113;132;1642;3007
510617;13;15;13;20;7;13;11;16;14;7;14;13;246;402
510618;80;58;77;74;78;70;64;68;61;67;69;75;1140;1981
510619;80;94;79;56;61;87;59;111;61;57;60;57;718;1580
510620;31;29;26;41;19;34;24;42;22;38;29;16;460;811
510621;86;97;155;149;99;90;96;103;88;121;140;77;2059;3360
510622;1521;1654;1497;1548;1600;1468;1618;1458;1541;1575;1648;1808;22630;41566
510623;274;224;311;381;719;263;225;169;201;207;179;199;5367;8719
510624;220;357;401;346;336;338;457;325;330;322;285;239;3844;7800
510625;195;195;247;235;184;173;217;211;171;196;205;221;3746;6196
510626;62;81;87;87;73;52;78;66;71;78;68;81;1025;1909
510627;18;8;12;13;11;24;12;8;7;12;9;9;220;363
510628;75;91;109;106;123;136;135;73;101;199;118;87;1388;2741
510629;93;71;73;89;69;82;86;83;83;101;95;183;1564;2672
510630;390;337;395;543;461;371;403;416;342;405;369;403;6115;10950
510631;3;3;3;0;3;1;6;3;2;1;6;3;55;89
510637;288;289;400;533;394;245;258;301;363;370;436;301;5546;9724
510642;217;239;273;274;207;197;220;227;265;218;173;249;3854;6613
510645;34;30;46;60;48;51;30;40;29;32;39;36;529;1004
510650;185;175;142;159;172;147;202;153;145;144;127;125;4030;5906
510665;85;46;43;31;22;44;28;33;42;41;28;79;595;1117
510670;2;3;3;0;4;3;5;3;7;4;3;6;73;116
510675;682;719;639;648;747;701;744;718;687;744;610;785;12015;20439
510677;61;66;66;124;109;91;110;153;175;181;200;214;2107;3657
510680;102;283;262;176;180;155;149;166;160;124;191;139;2378;4465
510682;78;58;72;61;65;37;55;75;47;69;38;45;1369;2069
510685;7;7;10;11;14;6;8;13;16;15;23;9;352;491
510700;113;140;184;147;263;169;160;226;140;145;187;128;2732;4734
510704;1900;2063;2210;2000;2124;1907;2046;1920;1897;2021;1896;2047;30025;54056
510706;391;409;710;584;502;452;559;562;507;571;552;615;8479;14893
510710;105;92;131;108;106;122;114;98;96;96;87;90;2807;4052
510715;13;16;16;4;12;20;10;14;9;4;6;2;141;267
510718;71;83;108;130;98;80;98;84;78;94;94;85;1636;2739
510719;5;6;17;10;9;18;16;17;9;12;8;17;243;387
510720;13;11;12;13;13;15;14;20;18;26;12;24;421;612
510724;78;138;131;102;111;77;88;97;79;66;86;64;1444;2561
510726;16;12;20;17;17;18;12;21;38;27;25;22;412;657
510729;5;3;2;4;4;3;2;8;3;2;3;2;142;183
510730;139;244;218;163;152;136;151;129;144;224;223;204;3152;5279
510735;116;139;179;206;139;156;167;153;118;124;161;282;1714;3654
510740;13;8;15;18;10;24;14;20;35;49;12;4;198;420
510757;39;55;51;48;52;56;55;46;52;43;49;57;608;1211
510760;4684;5078;4969;4698;4919;4767;4933;4945;4930;4938;4624;5054;77356;135895
510770;69;77;98;67;88;69;70;73;57;64;60;97;1700;2589
510774;36;26;32;97;39;37;38;44;47;41;43;33;533;1046
510775;13;21;17;25;19;10;16;18;18;14;10;21;373;575
510776;60;193;177;142;129;64;136;97;100;106;95;83;1385;2767
510777;42;43;36;45;32;24;13;26;17;29;28;33;577;945
510779;101;112;158;112;88;98;124;106;129;117;129;143;1832;3249
510780;93;124;138;123;121;104;120;128;130;123;122;136;2175;3637
510785;170;150;185;376;183;138;176;160;164;182;155;257;2533;4829
510787;1374;1307;1066;952;814;792;842;805;1003;1024;804;1380;13424;25587
510788;14;10;9;11;9;7;9;5;6;10;10;1;152;253
510790;3934;3745;4190;3889;4285;3829;4162;4121;3916;3851;3513;3926;55779;103140
510792;2605;3133;3076;2694;2834;2908;2966;2755;2621;2629;2629;2625;38243;71718
510794;130;250;228;188;151;142;182;163;134;123;178;149;2415;4433
510795;1653;1663;1807;1679;1610;1481;1536;1584;1585;1417;1449;1570;27251;46285
510800;301;427;455;338;339;379;367;313;341;320;377;549;5096;9602
510805;78;66;102;90;86;96;73;65;55;55;87;93;1382;2328
510810;43;36;43;56;40;38;39;52;27;30;36;24;502;966
510820;26;23;34;50;47;30;35;25;29;29;28;28;617;1001
510830;30;55;47;40;59;29;45;41;27;39;60;43;869;1384
510835;3;5;7;7;8;8;9;6;6;6;7;8;140;220
510840;3055;3056;3394;3213;3069;3089;3237;3366;3243;6706;2918;2840;56643;97829
510850;205;287;303;196;213;164;212;193;208;156;180;209;3335;5861
510860;173;163;227;190;176;200;205;156;180;184;228;203;3034;5319
510880;25;18;35;19;16;13;27;20;19;24;18;22;521;777
510885;103;125;118;120;252;103;124;114;109;110;115;95;2506;3994
510890;81;150;127;112;104;77;112;162;104;124;133;127;1586;2999
510895;121;122;155;135;155;169;146;127;111;123;122;123;1764;3373
520005;103;119;123;144;118;113;117;184;143;165;151;110;2029;3619
520010;161;131;117;101;122;122;134;135;115;134;124;140;2490;4026
520013;186;145;245;155;176;149;193;140;163;245;211;239;3255;5502
520015;16;8;10;14;8;10;5;5;8;4;2;3;147;240
520017;68;42;70;48;96;73;50;56;97;109;245;145;1087;2186
520020;5;9;2;5;6;6;6;4;8;11;8;11;211;292
520025;754;633;720;1285;934;733;1084;725;737;773;698;1109;13983;24168
520030;250;261;244;214;226;238;248;322;257;230;202;243;5107;8042
520050;3;2;11;9;2;6;3;10;1;11;5;4;100;167
520055;89;75;164;162;183;153;203;167;148;236;472;175;2512;4739
520060;103;81;98;100;69;67;102;100;147;117;97;108;1743;2932
520080;19;65;37;31;43;57;45;36;38;35;44;32;885;1367
520082;8;6;2;6;7;7;10;3;6;5;5;8;137;210
520085;41;31;28;42;108;17;47;22;50;33;48;55;481;1003
520090;7;5;3;7;6;8;2;7;7;7;7;3;166;235
520110;5748;5594;5936;5562;6722;6187;5804;5879;6066;6425;5747;5298;113726;184694
520120;0;1;0;0;0;1;0;1;0;0;0;1;19;23
520130;132;148;123;112;139;135;132;132;139;139;419;161;3284;5195
520140;7643;7329;7713;7676;7935;8104;8059;7770;7476;7997;6840;6755;126425;217722
520145;21;16;17;13;19;20;16;28;39;38;16;15;427;685
520150;77;61;80;68;80;93;71;92;91;98;142;79;1702;2734
520160;6;8;4;6;10;7;7;11;6;11;1;9;322;408
520170;128;61;61;71;57;80;84;78;62;67;72;79;1139;2039
520180;42;43;62;47;49;36;49;74;60;54;117;65;1005;1703
520215;51;45;34;73;53;34;39;39;27;40;44;48;770;1297
520235;35;22;21;17;20;23;17;24;28;23;14;12;323;579
520250;89;67;87;93;83;68;116;101;90;84;66;82;1604;2630
520260;12;12;13;12;8;16;18;16;21;12;10;14;304;468
520280;15;15;15;15;11;11;10;12;17;11;9;13;226;380
520310;10;4;5;18;6;3;12;5;5;3;7;8;143;229
520320;136;160;140;145;146;155;144;148;207;184;175;199;3733;5672
520330;214;252;253;284;276;246;297;294;293;367;270;269;5733;9048
520340;26;25;33;18;30;24;27;23;34;31;43;44;702;1060
520350;206;234;197;303;303;228;233;347;163;147;148;295;3223;6027
520355;55;44;32;54;38;35;46;34;60;35;35;37;833;1338
520357;30;21;32;19;26;26;31;23;37;43;28;21;529;866
520360;25;23;26;19;30;25;30;18;24;20;20;19;429;708
520380;31;33;28;41;24;23;35;30;29;32;32;48;751;1137
520390;73;72;57;86;88;79;76;92;78;97;104;89;2171;3162
520393;18;20;14;17;16;15;11;12;12;10;9;7;286;447
520396;7;10;12;7;0;13;20;3;6;4;6;4;121;213
520400;52;35;77;137;136;52;49;60;60;102;66;48;1250;2124
520410;161;111;72;87;84;77;69;71;61;77;130;154;1515;2669
520420;2;0;0;3;4;2;1;0;3;1;5;1;79;101
520425;44;40;70;68;76;106;80;119;62;78;106;116;2041;3006
520430;126;118;107;128;121;110;141;104;120;153;123;268;3476;5095
520440;172;134;144;195;135;120;213;124;124;118;117;147;2596;4339
520450;1360;1193;1343;1187;1304;1258;1378;1284;1141;1217;1181;1163;24437;39446
520455;13;13;13;13;7;8;15;10;11;9;9;22;279;422
520460;13;13;32;12;11;8;6;6;9;12;7;14;235;378
520465;6;9;9;6;56;9;7;5;12;11;4;4;196;334
520470;50;53;50;47;49;59;57;47;43;43;34;57;1044;1633
520480;88;63;72;234;209;136;125;160;275;247;171;54;1510;3344
520485;54;62;59;42;62;59;47;47;105;54;57;70;1582;2300
520490;69;56;78;105;69;65;79;90;60;95;65;59;1774;2664
520495;12;12;10;12;7;10;4;11;10;7;5;8;249;357
520500;29;43;33;48;62;34;36;28;34;27;17;126;1088;1605
520505;9;20;21;14;38;17;24;22;14;22;15;15;191;422
520510;1362;1808;1448;1433;1501;1400;1426;1403;1333;1446;1304;1407;29680;46951
520520;17;20;24;37;14;21;19;31;21;24;21;18;446;713
520530;14;18;7;7;10;17;18;9;8;12;11;15;374;520
520540;435;267;313;265;500;254;286;226;272;332;325;349;6907;10731
520545;105;140;144;150;185;140;123;120;112;175;86;98;3015;4593
520547;245;202;356;324;205;188;224;267;196;284;241;190;5205;8127
520549;327;305;293;338;359;490;310;322;285;323;267;319;5466;9404
520551;91;98;116;128;120;117;128;125;136;116;148;121;1627;3071
520552;15;5;11;9;4;7;5;11;4;5;13;6;138;233
520570;7;4;6;9;33;10;7;6;10;11;7;10;210;330
520580;40;33;53;55;56;33;82;75;38;77;52;68;1149;1811
520590;87;102;114;70;250;85;60;62;74;89;162;64;2309;3528
520620;903;808;1112;1162;1393;1019;1040;1328;1486;2327;1698;2607;16790;33673
520630;9;14;15;20;11;22;21;25;34;19;14;21;303;528
520640;125;126;125;163;115;167;540;171;184;202;163;196;3452;5729
520650;4;12;14;8;13;13;11;8;16;10;10;17;295;431
520660;10;16;13;13;11;14;15;37;16;20;21;17;274;477
520670;2;2;1;4;5;1;3;1;1;0;1;2;89;112
520680;7;8;11;8;6;11;15;15;5;16;20;12;213;347
520690;4;4;13;9;8;9;7;3;7;6;4;8;164;246
520710;10;13;6;3;10;7;9;8;12;7;6;7;178;276
520725;83;63;52;53;55;58;48;41;57;50;38;69;925;1592
520735;25;19;20;22;18;18;25;21;26;16;15;17;594;836
520740;116;106;157;127;120;164;173;105;95;136;98;122;2938;4457
520750;3;9;6;11;7;9;5;14;9;26;8;18;287;412
520753;12;14;16;11;17;27;10;12;15;14;24;16;471;659
520760;18;6;19;11;13;22;12;15;14;16;25;20;500;691
520780;37;33;21;36;35;31;57;34;26;36;22;33;805;1206
520790;32;24;17;34;19;11;27;43;24;37;23;33;641;965
520800;1025;1167;1120;1030;2108;1594;1148;1274;1091;1105;1093;2151;20427;36333
520810;4;9;9;11;10;7;7;9;19;9;9;18;223;344
520815;20;13;23;11;7;17;13;10;10;7;14;14;399;558
520830;4;11;5;9;12;8;8;9;2;5;6;7;233;319
520840;69;67;90;88;82;73;98;72;115;70;74;69;2276;3243
520850;44;48;30;63;34;70;53;43;37;58;98;48;678;1304
520860;1050;1030;1123;1036;1148;950;1029;1161;1125;1183;1512;1527;18882;32756
520870;30836;29800;29867;28568;30663;28473;30813;29560;28319;30075;25903;26639;521333;870849
520880;383;404;338;349;396;344;303;339;322;396;334;358;6257;10523
520890;120;119;132;132;108;148;123;160;147;143;98;123;3017;4570
520910;397;454;462;579;497;427;404;375;340;389;369;647;9910;15250
520915;15;15;17;10;14;14;8;16;10;16;9;17;309;470
520920;108;104;91;80;105;98;95;79;65;69;77;59;1358;2388
520929;3;4;16;1;5;5;4;3;4;2;5;3;101;156
520940;6;6;7;7;10;5;13;23;14;28;27;42;331;519
520945;1;2;0;2;0;3;1;0;0;2;2;1;32;46
520960;7;8;8;10;12;9;19;4;7;8;10;6;166;274
520970;228;284;351;339;361;296;336;304;339;353;326;324;5985;9826
520980;8;9;8;9;7;11;14;12;11;10;13;8;249;369
520990;44;53;43;47;48;41;42;40;35;39;38;39;1185;1694
520993;22;31;36;30;20;35;25;44;44;71;54;90;734;1236
520995;97;112;150;123;131;90;115;135;84;91;147;239;2699;4213
521000;688;660;629;711;558;580;617;636;555;691;571;700;11392;18988
521010;243;261;234;317;319;293;294;275;271;316;400;316;5498;9037
521015;7;8;3;12;4;6;8;4;4;6;3;7;115;187
521020;198;198;211;188;221;196;251;235;194;214;140;198;4738;7182
521030;13;13;6;5;10;8;7;18;3;15;10;7;277;392
521040;661;584;646;688;716;692;708;775;718;694;679;660;12013;20234
521056;26;27;88;31;39;32;23;27;23;19;19;23;587;964
521060;16;10;16;10;18;12;14;15;83;38;44;21;410;707
521080;32;29;23;50;46;38;35;24;26;33;34;32;621;1023
521090;126;93;90;162;130;133;127;119;91;111;632;184;2797;4795
521100;35;43;42;32;48;57;46;28;25;38;40;46;834;1314
521120;161;122;144;118;158;131;129;130;132;119;129;186;3094;4753
521130;71;46;35;54;60;49;54;57;56;70;55;80;1068;1755
521140;63;51;49;72;58;38;75;68;64;76;60;65;1187;1926
521150;2004;1930;1796;1909;1713;1466;1802;1506;1469;1457;1488;1538;31281;51359
521160;10;12;8;10;13;10;7;13;17;10;6;12;227;355
521170;36;23;37;36;44;38;46;43;52;302;41;61;1645;2404
521180;229;275;202;262;260;239;201;238;201;224;213;263;5270;8077
521190;1727;1638;1913;1753;1687;1733;1754;1717;1595;1614;1591;1761;27824;48307
521200;14;10;3;9;11;6;5;6;11;12;3;5;185;280
521205;2;2;3;0;1;7;4;11;8;5;14;15;136;208
521210;35;25;44;46;72;31;24;27;36;32;33;53;842;1300
521220;126;142;156;117;147;133;141;138;129;176;160;163;3313;5041
521225;17;14;11;12;14;3;11;12;14;13;25;5;150;301
521230;63;61;100;85;77;69;79;61;59;66;63;67;1799;2649
521250;1323;1577;1523;1329;1574;1282;1448;1413;1484;1477;1384;1328;28847;45989
521260;6;14;13;10;10;4;8;9;4;10;10;8;208;314
521270;49;50;81;69;47;64;41;51;48;44;49;54;749;1396
521280;238;134;217;139;120;102;110;89;90;75;109;116;1866;3405
521290;6;9;15;13;13;3;5;9;4;10;4;17;196;304
521295;45;28;36;16;12;28;26;24;23;32;40;48;544;902
521300;51;54;60;50;40;40;39;27;54;60;45;50;1016;1586
521305;13;6;14;4;15;10;9;12;17;10;13;13;271;407
521308;389;336;505;500;315;295;256;210;226;250;273;210;3293;7058
521310;893;996;1051;1064;1147;973;1193;1031;1010;2216;926;988;19099;32587
521340;6;4;11;1;6;6;3;7;3;5;6;5;120;183
521350;67;14;9;9;19;21;23;22;22;13;38;57;369;683
521370;77;60;44;96;100;76;59;82;74;103;130;179;1807;2887
521375;110;134;166;193;109;143;137;161;187;151;154;123;4173;5941
521377;10;5;12;9;15;6;10;14;6;9;17;10;190;313
521380;558;525;504;1100;1669;638;490;560;539;552;729;2008;11351;21223
521385;2;1;2;0;0;1;4;3;1;0;4;0;104;122
521390;29;31;40;44;29;29;36;46;25;18;87;29;584;1027
521400;173;149;213;158;151;197;157;164;168;140;149;177;4092;6088
521405;51;37;59;42;50;32;49;25;46;50;59;46;781;1327
521410;12;5;6;6;9;2;6;8;4;9;9;5;179;260
521440;50;67;72;56;76;52;91;58;65;85;70;66;1324;2132
521450;467;349;416;360;457;441;478;393;484;425;348;420;8143;13181
521460;451;339;372;286;291;384;312;293;269;440;261;314;7394;11406
521470;2;0;1;2;5;2;0;2;0;2;5;4;101;126
521480;3;1;4;2;1;11;18;15;8;1;5;13;117;199
521483;321;188;165;195;117;130;151;171;145;158;128;177;2910;4956
521486;12;10;11;8;14;13;15;11;13;7;20;10;354;498
521487;6;3;7;5;0;5;8;5;2;3;4;4;130;182
521490;13;5;9;18;8;14;6;8;10;14;8;9;276;398
521500;150;162;195;173;244;246;242;205;191;190;203;243;2828;5272
521520;21;5;14;8;8;12;11;5;16;19;11;13;299;442
521523;268;278;247;262;302;287;299;268;391;276;235;360;5895;9368
521525;19;12;22;16;16;23;24;28;18;12;21;18;369;598
521530;150;115;121;114;123;122;112;105;114;102;96;105;2770;4149
521540;4;10;8;11;11;8;16;15;29;29;19;10;263;433
521550;63;64;79;71;77;70;116;67;76;59;55;66;2425;3288
521560;117;154;135;105;150;133;105;124;144;126;112;154;3110;4669
521565;13;7;11;19;14;14;11;12;11;11;3;13;244;383
521570;347;318;348;320;403;333;354;466;362;1426;308;372;7463;12820
521580;3;7;5;7;8;11;3;8;2;8;4;5;141;212
521590;17;24;23;7;16;20;22;18;13;14;8;26;525;733
521600;21;35;20;39;30;23;42;32;27;30;24;20;549;892
521630;36;44;70;57;55;49;31;42;31;57;35;37;888;1432
521640;151;132;184;115;170;177;160;161;143;306;193;189;3104;5185
521645;54;73;60;82;59;65;142;53;62;54;72;159;1555;2490
521680;52;71;45;28;52;40;46;67;71;48;48;46;989;1603
521690;41;25;20;25;187;48;23;7;9;14;13;5;315;732
521710;151;175;161;106;128;128;122;156;143;166;112;133;3048;4729
521720;66;61;66;72;71;62;70;67;65;88;58;67;1433;2246
521730;328;266;247;292;300;229;250;307;268;283;222;297;4763;8052
521740;357;396;391;474;446;392;391;445;405;417;354;359;8981;13808
521760;350;323;355;331;351;350;320;440;332;396;339;501;7769;12157
521770;155;133;142;128;115;94;116;110;102;134;125;144;2760;4258
521800;400;339;355;309;379;379;339;301;301;334;336;426;6952;11150
521805;21;27;24;32;71;53;68;48;28;25;26;26;471;920
521810;32;33;33;38;38;19;25;30;24;36;23;25;739;1095
521830;202;229;227;246;267;250;285;312;235;253;267;219;4712;7704
521839;12;8;8;11;8;11;7;8;11;10;16;8;254;372
521850;540;555;552;508;593;581;512;594;623;536;503;760;12799;19656
521860;85;74;102;101;92;115;87;93;87;80;80;77;1811;2884
521870;11;5;21;11;7;7;16;22;15;12;7;5;331;470
521878;114;143;146;104;151;137;108;145;105;130;132;110;3415;4940
521880;4958;4339;4464;4390;5244;3966;4316;4321;4094;4460;4161;4188;77720;130621
521890;209;163;209;173;236;154;136;152;133;135;299;695;3937;6631
521900;55;79;90;64;69;67;61;66;67;57;72;68;1357;2172
521910;36;52;44;30;64;32;55;61;33;53;40;33;770;1303
521920;15;16;24;8;25;27;13;16;16;14;12;16;355;557
521925;55;49;56;59;57;59;69;77;82;59;41;33;1125;1821
521930;460;367;502;443;823;346;387;329;301;441;458;465;7568;12890
521935;9;3;17;11;14;12;10;9;17;17;19;14;239;391
521940;56;50;54;43;61;33;55;64;53;61;52;49;732;1363
521945;23;19;18;26;30;32;64;36;33;34;137;118;498;1068
521950;4;4;12;9;13;15;11;5;11;4;10;8;200;306
521960;3;7;2;2;5;4;0;9;3;6;4;5;123;173
521970;72;64;85;92;115;169;143;120;103;136;351;306;1150;2906
521971;42;60;48;73;45;62;57;62;51;84;53;137;1346;2120
521973;108;93;124;125;119;112;106;86;125;114;112;86;2050;3360
521975;153;147;206;224;141;170;153;124;181;180;237;439;3980;6335
521980;20;23;25;11;35;20;23;16;26;22;33;26;502;782
521990;31;35;39;40;32;31;30;33;35;31;31;45;808;1221
522000;86;61;82;87;74;70;95;61;62;88;81;73;1537;2457
522005;3;7;6;11;14;6;15;28;6;3;6;5;161;271
522010;322;274;321;294;351;380;299;333;374;357;289;274;6908;10776
522015;17;19;17;17;15;11;54;12;6;13;18;15;365;579
522020;188;165;188;187;193;179;145;161;149;187;156;158;3265;5321
522026;25;36;41;48;73;53;39;43;50;41;72;54;597;1172
522028;31;26;19;23;37;35;39;22;45;49;96;383;1273;2078
522040;296;340;254;304;235;208;183;208;187;192;242;218;3001;5868
522045;1023;1091;971;1090;1120;1034;1038;1036;992;1015;911;917;19106;31344
522050;103;95;103;169;104;103;160;138;142;101;547;110;2218;4093
522060;189;170;228;229;194;164;173;199;182;223;151;131;3885;6118
522068;13;24;27;16;10;18;26;22;20;25;24;26;671;922
522070;9;5;12;4;1;7;17;7;24;9;10;16;195;316
522100;24;27;20;29;16;17;26;21;20;18;22;17;462;719
522108;1;3;2;6;2;6;4;2;0;4;2;2;106;140
522119;42;34;42;61;56;56;70;35;39;64;48;49;990;1586
522130;8;13;6;15;10;8;18;20;19;7;9;14;189;336
522140;902;863;963;947;941;845;859;928;923;969;856;785;17842;28623
522145;4;3;11;7;3;4;4;3;5;2;2;5;137;190
522150;20;23;26;30;20;22;36;24;27;21;21;37;609;916
522155;92;69;60;114;83;73;59;57;52;53;141;160;2164;3177
522157;21;6;12;14;10;9;12;18;4;5;4;11;173;299
522160;571;426;526;481;455;532;531;458;430;551;808;574;9121;15464
522170;21;44;20;34;29;17;23;28;17;19;19;24;598;893
522180;46;31;50;26;37;35;27;37;22;28;31;35;793;1198
522185;1467;1135;1351;1199;1485;1286;1248;1091;1108;1164;1224;1657;19495;34910
522190;19;10;14;8;16;6;15;18;14;19;17;12;312;480
522200;163;183;156;142;150;169;180;180;163;187;158;164;2949;4944
522205;72;99;146;272;233;104;89;104;119;97;82;505;2313;4235
522220;20;27;41;50;68;87;55;95;91;67;584;79;1233;2497
522230;48;56;60;56;65;80;104;71;72;79;97;89;1288;2165
530010;42747;38843;41508;37829;41687;38772;40253;41543;41209;43197;36809;43164;1005524;1493085
{ñ class};28;33;31;27;35;43;34;48;60;169;255;214;3754;4731
Total;2204384;2153378;2327079;2217468;2259505;2126121;2249141;2211928;2166022;2300110;2121843;2174579;46270514;72782072

Seleções vigentes
Variável;Critério;Valor
Ano;igual a;2024
