Coluna;Mês Admissão
Município;Não admitido ano;Janeiro;Fevereiro;Março;Abril;Maio;Junho;Julho;Agosto;Setembro;Outubro;Novembro;Dezembro;Total
110001;2901;175;93;202;92;143;199;135;102;83;87;99;65;4376
110002;17775;1059;1015;795;799;834;809;805;865;801;749;636;492;27434
110003;681;32;26;34;22;15;19;18;14;11;29;19;1;921
110004;16324;860;893;728;716;728;867;1004;1074;891;753;717;585;26140
110005;2227;116;117;83;61;83;74;65;75;102;93;66;58;3220
110006;2333;118;66;72;69;99;86;101;145;81;56;60;70;3356
110007;1140;95;93;51;35;45;62;47;39;52;62;31;15;1767
110008;939;38;40;26;23;36;24;27;35;18;12;16;8;1242
110009;4963;206;176;178;137;175;154;234;310;246;195;168;110;7252
110010;3834;232;104;118;176;172;120;149;103;98;107;101;82;5396
110011;9153;440;366;551;358;372;444;474;350;306;405;261;312;13792
110012;26664;1050;1336;1149;1041;996;1078;1180;1259;1729;1361;980;1000;40823
110013;2999;115;199;170;96;173;125;189;128;131;114;94;65;4598
110014;1548;84;84;52;87;97;82;132;66;45;57;44;29;2407
110015;5603;231;206;181;255;235;238;253;209;220;187;154;118;8090
110018;8867;366;382;366;315;382;516;504;483;338;345;388;293;13545
110020;164242;4542;4263;4210;3654;4103;3768;4093;4897;4386;3550;4039;3002;212749
110025;2433;166;117;81;87;79;81;72;54;75;63;55;77;3440
110026;612;71;33;51;34;34;36;49;26;25;30;41;19;1061
110028;10290;431;440;424;294;402;348;483;766;1356;425;377;311;16347
110029;1146;30;32;37;9;28;25;24;22;28;26;15;15;1437
110030;19047;1253;899;874;864;790;828;962;1004;928;984;872;600;29905
110032;2966;134;117;121;90;89;92;109;140;89;123;85;62;4217
110033;1751;48;64;112;45;61;70;52;59;38;54;29;25;2408
110034;1309;57;86;50;38;36;49;56;37;24;39;38;19;1838
110037;1048;42;28;17;24;31;24;27;29;16;17;42;4;1349
110040;1363;115;73;85;98;30;64;40;50;45;36;25;19;2043
110045;3378;246;395;254;174;215;195;171;213;189;145;124;67;5766
110050;721;44;43;21;16;25;21;25;16;16;15;26;13;1002
110060;532;30;45;17;13;10;14;18;15;12;10;7;4;727
110070;818;45;56;73;48;45;40;30;59;21;29;23;14;1301
110080;2043;129;139;106;102;72;101;109;106;74;87;78;33;3179
110090;431;57;44;46;35;20;21;20;12;15;12;1;7;721
110092;1716;1097;208;166;163;187;221;201;239;119;165;174;77;4733
110094;1357;107;50;154;80;78;63;54;49;67;82;56;28;2225
110100;625;48;34;25;14;24;33;18;25;23;5;8;6;888
110110;1229;77;49;57;66;92;59;37;29;39;29;21;11;1795
110120;861;24;31;30;42;24;29;28;27;27;11;21;12;1167
110130;1177;75;50;59;32;39;63;36;40;35;31;23;21;1681
110140;1267;84;136;74;45;47;52;34;41;38;34;26;13;1891
110143;463;17;27;39;17;11;17;23;11;14;11;7;4;661
110145;644;37;24;39;30;32;33;26;18;16;31;12;18;960
110146;547;76;30;35;80;47;21;25;35;30;35;22;14;997
110147;486;25;14;9;5;16;6;7;9;4;8;7;1;597
110148;460;55;24;19;21;15;16;14;18;24;14;11;17;708
110149;1336;79;195;64;36;50;62;85;73;75;55;38;33;2181
110150;1267;53;40;44;47;41;46;49;68;52;29;30;39;1805
110155;439;18;25;24;16;17;21;20;22;9;12;13;6;642
110160;855;77;51;60;55;35;26;31;16;30;34;22;25;1317
110170;1053;58;72;40;30;33;25;31;37;44;16;52;17;1508
110175;653;36;30;82;26;22;21;19;14;12;26;11;10;962
110180;624;58;47;20;11;17;16;20;32;33;16;7;9;910
119999;0;0;0;0;0;0;0;0;0;0;0;0;0;0
120001;855;40;20;41;18;41;33;23;29;17;36;18;12;1183
120005;285;30;1;12;177;31;34;1;74;28;14;27;5;719
120010;2220;39;64;50;52;113;74;52;66;49;48;59;47;2933
120013;1459;106;96;102;99;192;127;135;95;54;98;35;43;2641
120017;643;22;16;17;13;14;12;13;26;14;11;5;9;815
120020;7575;358;199;384;395;406;243;216;289;181;196;231;134;10807
120025;1419;51;41;31;45;49;28;42;66;76;49;24;21;1942
120030;1673;41;30;199;118;62;108;38;64;45;19;20;29;2446
120032;502;1;0;2;0;0;0;1;1;0;1;0;2;510
120033;791;11;18;20;12;98;12;45;38;25;26;50;1;1147
120034;821;15;5;6;9;44;116;92;105;126;80;4;7;1430
120035;806;70;28;26;1;412;82;24;13;6;5;0;0;1473
120038;1049;42;22;37;26;133;25;18;17;50;24;18;14;1475
120039;648;5;2;2;17;10;16;6;4;6;2;4;0;722
120040;96597;3404;3632;6287;3465;3132;3397;2962;3019;2559;2606;1939;1454;134453
120042;661;8;3;1;12;106;11;34;4;19;14;1;9;883
120043;256;3;0;0;0;0;0;1;3;1;0;0;0;264
120045;2170;82;75;52;89;76;62;73;47;76;39;39;44;2924
120050;1893;162;92;380;100;73;99;137;70;85;53;44;34;3222
120060;1883;84;106;124;76;343;54;55;44;61;33;63;21;2947
120070;772;35;13;28;39;35;40;24;15;25;12;19;6;1063
120080;851;65;26;34;23;48;123;36;73;28;26;18;8;1359
129999;0;0;0;0;0;0;0;0;0;0;0;0;0;0
130002;561;78;64;178;55;38;21;14;11;18;8;4;11;1061
130006;408;17;7;3;5;48;17;10;5;4;7;3;1;535
130008;387;13;2;159;14;55;12;0;10;11;6;2;0;671
130010;378;130;180;38;5;3;7;4;5;3;4;2;0;759
130014;843;18;26;10;20;35;34;17;44;21;12;18;19;1117
130020;164;704;105;286;32;53;36;22;41;25;7;13;8;1496
130030;1092;366;166;399;56;52;22;20;16;24;21;14;8;2256
130040;714;168;302;46;30;39;16;4;14;8;8;3;1;1353
130050;871;18;7;3;1;9;7;2;2;19;0;2;2;943
130060;1047;530;426;235;27;205;17;61;76;30;16;10;4;2684
130063;485;125;109;60;120;15;69;14;10;11;18;13;4;1053
130068;405;45;17;135;30;9;3;1;4;3;6;6;2;666
130070;1808;167;101;262;92;142;34;45;33;47;42;25;36;2834
130080;1987;69;75;390;106;19;8;42;23;15;4;18;33;2789
130083;790;95;0;57;11;0;2;0;1;1;0;1;2;960
130090;471;21;1;5;5;6;3;4;1;1;0;1;3;522
130100;737;29;41;26;354;81;61;39;37;17;22;20;19;1483
130110;1102;113;52;37;158;81;33;26;42;30;22;20;8;1724
130115;887;66;45;13;41;27;35;9;1;15;11;3;0;1153
130120;4740;596;65;38;39;38;86;22;34;27;40;83;36;5844
130130;602;290;77;130;37;23;12;7;30;10;12;2;1;1233
130140;1367;144;15;10;22;24;9;41;4;28;14;3;2;1683
130150;678;11;28;65;74;89;52;33;49;25;18;12;5;1139
130160;1162;178;2;217;47;23;30;5;7;26;7;4;3;1711
130165;611;45;17;30;45;6;9;1;2;0;3;2;0;771
130170;2440;235;83;514;135;170;121;123;92;95;67;85;29;4189
130180;304;28;5;3;0;1;0;0;1;0;1;0;0;343
130185;3614;650;139;453;507;141;123;122;133;121;110;107;44;6264
130190;7673;1082;948;1155;325;238;229;236;569;284;193;159;132;13223
130195;244;28;16;47;21;21;0;1;1;0;0;1;1;381
130200;201;94;18;213;6;58;16;5;13;10;7;3;2;646
130210;373;47;12;9;26;4;2;0;1;0;2;0;0;476
130220;25;2;0;3;1;0;0;0;0;1;0;0;0;32
130230;49;12;0;3;1;1;0;0;4;1;0;0;2;73
130240;1138;52;324;150;60;274;63;40;32;30;17;13;10;2203
130250;3179;654;896;258;604;278;167;124;140;824;217;116;71;7528
130255;959;87;64;40;57;160;63;94;56;14;28;15;4;1641
130260;475663;17986;16708;14599;14544;14441;15448;17662;16594;14395;18572;15051;11136;662799
130270;1566;38;32;37;25;13;7;21;22;20;20;26;12;1839
130280;424;5;17;157;22;5;4;8;2;0;5;0;1;650
130290;2012;349;210;783;97;76;100;55;43;46;33;42;32;3878
130300;783;114;116;25;14;14;3;27;8;1;2;7;5;1119
130310;571;520;44;517;108;61;17;8;23;11;9;7;7;1903
130320;713;124;35;223;36;85;10;7;6;7;9;33;90;1378
130330;566;109;39;129;10;4;6;2;21;5;4;19;20;934
130340;4345;747;369;1050;417;314;133;120;93;315;151;114;98;8266
130350;840;25;9;9;16;8;3;2;1;1;1;2;0;917
130353;5154;718;239;690;216;451;150;553;490;461;255;92;77;9546
130356;1513;92;35;33;34;31;47;33;40;27;32;19;31;1967
130360;334;67;46;228;255;44;15;1;13;12;1;1;1;1018
130370;1094;21;5;199;2;6;3;1;1;1;3;0;0;1336
130380;1385;96;25;596;226;25;20;31;18;26;24;26;20;2518
130390;836;405;95;68;336;91;32;54;18;2;1;15;2;1955
130395;296;103;73;11;70;20;17;5;5;9;6;4;3;622
130400;297;105;33;8;33;3;4;48;0;4;7;8;0;550
130406;2288;115;103;264;321;106;50;52;50;37;51;44;31;3512
130410;695;1;2;0;2;0;0;4;3;0;17;1;0;725
130420;5128;1469;202;1405;139;121;98;126;90;197;365;521;499;10360
130423;553;106;34;169;29;128;7;29;19;7;0;6;0;1087
130426;341;308;130;67;373;138;94;15;18;22;20;21;7;1554
130430;553;136;17;229;73;13;2;2;2;4;2;3;0;1036
130440;467;94;36;227;8;24;13;7;3;8;2;3;0;892
139999;0;0;0;0;0;0;0;0;0;0;0;0;0;0
140002;192;189;56;219;72;34;22;32;24;17;13;17;4;891
140005;666;132;44;109;11;40;26;30;28;10;17;21;5;1139
140010;80765;3304;3008;2597;2647;2980;2228;2597;2951;2351;2959;2572;2233;113192
140015;836;141;25;30;14;24;22;14;17;36;71;36;22;1288
140017;628;386;85;147;64;39;35;42;54;143;93;78;45;1839
140020;1190;220;100;39;84;52;14;22;24;26;29;24;11;1835
140023;395;93;23;59;16;9;4;27;5;4;9;39;12;695
140028;245;163;39;49;220;82;49;53;19;7;15;3;4;948
140030;864;193;127;157;32;47;36;21;28;37;15;23;11;1591
140040;334;97;60;114;10;206;5;8;20;9;14;14;0;891
140045;356;158;32;178;16;25;26;15;16;16;10;8;9;865
140047;1939;241;141;333;153;74;105;92;110;89;90;82;65;3514
140050;579;26;36;69;18;20;14;14;12;10;10;10;5;823
140060;308;74;20;57;32;18;29;13;20;25;3;15;4;618
140070;85;62;12;45;44;10;12;14;10;6;8;9;3;320
149999;0;0;0;0;0;0;0;0;0;0;0;0;0;0
150010;9704;816;471;727;457;191;176;173;694;218;291;180;141;14239
150013;528;62;29;26;11;12;14;9;10;6;8;6;5;726
150020;4026;491;122;409;190;54;56;50;365;414;112;53;49;6391
150030;1762;158;12;287;54;55;14;54;94;57;30;58;12;2647
150034;1881;148;353;360;94;82;90;124;293;108;106;79;52;3770
150040;2471;272;86;194;40;52;11;34;53;32;76;7;8;3336
150050;4647;355;115;402;132;94;57;68;186;130;85;101;66;6438
150060;18663;834;589;2596;841;830;739;601;677;900;677;480;331;28758
150070;1083;107;29;354;105;70;18;16;21;5;3;1;2;1814
150080;60627;2356;2472;3012;2924;2561;2092;1867;2871;2261;2366;2884;1744;90037
150085;1671;130;222;99;64;67;45;67;337;50;44;38;13;2847
150090;1525;344;538;117;40;23;21;107;584;13;26;14;1;3353
150095;1454;36;50;369;63;32;21;18;349;38;11;51;11;2503
150100;320;12;15;5;1;5;21;13;6;6;9;21;4;438
150110;608;11;2;3;2;0;1;7;0;2;0;0;0;636
150120;1586;184;44;147;61;48;21;20;167;27;14;22;7;2348
150125;522;79;66;59;28;45;33;34;52;19;33;22;10;1002
150130;21189;1253;1364;1060;1088;1345;781;848;1598;1006;805;984;708;34029
150140;397898;10945;10342;9008;8969;9116;9963;8425;11198;9898;11174;10152;7968;515056
150145;1021;101;56;233;76;44;31;29;26;19;23;16;3;1678
150150;8097;1252;1360;422;286;382;402;313;336;384;372;293;180;14079
150157;1134;109;51;30;28;32;50;32;43;32;24;32;18;1615
150160;1526;77;29;72;53;14;29;1;5;5;74;128;20;2033
150170;6399;631;113;182;378;248;265;196;403;101;137;102;46;9201
150172;828;263;233;188;53;38;26;33;43;33;42;13;11;1804
150175;646;10;12;13;12;16;10;15;17;17;12;8;6;794
150178;3358;119;188;293;69;69;82;83;78;64;59;112;75;4649
150180;6014;140;123;81;673;230;154;125;106;193;49;65;40;7993
150190;1070;428;26;327;35;12;12;27;12;15;7;4;4;1979
150195;652;116;43;105;21;5;33;100;75;25;6;6;5;1192
150200;958;51;11;55;6;5;7;3;77;13;8;2;1;1197
150210;6148;143;43;28;80;174;168;176;106;99;171;42;58;7436
150215;13836;781;454;288;455;306;344;2813;568;378;318;338;628;21507
150220;6232;685;497;319;221;187;285;231;207;216;196;249;111;9636
150230;1390;718;156;1025;145;88;75;34;68;118;83;68;16;3984
150240;30580;1862;1730;924;942;1063;833;781;983;1186;987;805;718;43394
150250;655;97;71;541;68;35;14;18;200;19;15;16;3;1752
150260;403;109;17;29;7;9;1;3;47;0;5;0;1;631
150270;3462;317;395;324;150;181;137;122;308;193;92;128;74;5883
150275;2644;100;158;55;21;35;30;15;12;97;28;59;20;3274
150276;1489;189;192;95;101;104;105;125;175;96;112;95;51;2929
150277;1449;526;177;377;80;562;294;896;193;159;76;57;62;4908
150280;950;78;68;141;301;13;10;55;15;16;16;5;1;1669
150285;896;43;72;23;10;4;7;40;53;9;3;2;0;1162
150290;1295;233;89;52;28;44;16;14;78;45;12;11;10;1927
150293;4634;485;229;443;294;204;159;156;311;237;164;150;67;7533
150295;1834;362;243;49;87;53;68;30;50;44;33;37;17;2907
150300;537;28;11;8;2;2;1;0;15;7;1;2;0;614
150304;1009;52;55;25;43;27;18;21;26;25;20;16;8;1345
150307;1167;44;6;14;4;2;3;8;21;85;10;19;12;1395
150309;2288;444;459;124;75;67;107;552;262;99;88;76;38;4679
150310;1559;202;108;445;75;73;36;20;397;138;25;6;1;3085
150320;2178;109;62;71;58;49;47;19;39;38;25;40;31;2766
150330;2962;269;95;297;118;50;21;21;79;113;95;23;20;4163
150340;723;51;31;54;44;36;29;32;96;26;25;28;2;1177
150345;1952;553;822;181;135;194;40;41;113;79;41;41;18;4210
150350;1154;110;39;193;30;13;35;18;10;5;16;21;4;1648
150360;9909;646;1086;780;466;602;434;423;541;462;302;286;237;16174
150370;2326;114;159;432;83;160;120;106;425;87;41;48;22;4123
150375;638;540;688;1008;207;125;70;83;51;34;31;26;19;3520
150380;3261;349;121;379;64;91;58;124;356;127;81;169;216;5396
150390;4232;550;219;567;173;154;170;199;503;193;111;213;128;7412
150400;1055;23;6;2;2;1;3;1;5;0;1;0;1;1100
150405;1953;394;331;161;41;58;83;167;259;95;74;52;35;3703
150410;169;75;121;180;20;7;2;7;10;7;3;0;4;605
150420;41612;2230;1514;1500;1848;2136;2207;2052;1964;1556;1474;1339;1074;62506
150430;954;76;59;758;40;33;18;7;19;5;3;5;0;1977
150440;1152;383;74;226;22;21;13;12;69;25;21;24;5;2047
150442;11620;2775;2849;676;527;432;651;366;344;540;400;478;284;21942
150445;1107;162;65;220;31;33;25;21;229;54;25;14;21;2007
150450;895;77;34;259;69;22;3;13;54;13;3;2;0;1444
150460;1203;228;38;228;38;23;21;11;11;30;6;5;4;1846
150470;7525;970;454;1019;350;406;193;154;380;423;304;199;151;12528
150475;404;161;51;386;26;7;20;12;383;18;4;8;3;1483
150480;2844;122;58;41;72;79;40;45;126;45;45;37;17;3571
150490;1049;21;3;17;9;4;3;0;16;4;3;3;0;1132
150495;790;181;189;27;6;14;7;9;123;3;7;2;2;1360
150497;624;158;182;29;19;23;23;79;154;20;15;13;16;1355
150500;825;37;9;19;12;7;15;7;7;16;10;7;4;975
150503;3354;542;427;212;165;186;254;161;212;189;249;134;64;6149
150506;4062;231;193;303;144;166;81;101;84;102;70;90;82;5709
150510;3549;100;59;82;88;245;98;60;95;66;57;34;47;4580
150520;1167;139;51;283;32;14;4;225;214;45;15;10;8;2207
150530;7253;376;220;422;157;230;128;135;166;100;69;321;100;9677
150540;551;191;51;35;7;2;76;8;2;3;4;7;1;938
150543;3270;412;182;611;104;101;85;39;240;144;74;39;51;5352
150548;2013;146;89;86;198;61;60;127;372;425;174;212;53;4016
150549;465;12;12;6;8;5;11;2;10;8;13;5;10;567
150550;17972;1281;940;992;868;667;959;818;1091;923;922;732;577;28742
150553;45075;3966;4378;2302;2060;2150;1785;2134;1895;2099;1555;1457;1012;71868
150555;533;95;106;62;33;49;29;12;31;13;15;8;19;1005
150560;475;5;5;9;3;3;4;4;4;2;3;1;0;518
150563;1025;202;304;56;39;40;33;32;37;20;19;27;15;1849
150565;656;18;9;282;19;11;13;10;163;12;4;7;2;1206
150570;976;24;19;81;16;19;17;3;76;17;7;3;6;1264
150580;2333;465;100;834;374;40;18;73;100;25;23;10;13;4408
150590;1260;198;29;73;22;26;7;6;233;23;31;5;6;1919
150600;1180;189;65;547;51;31;28;54;27;21;47;12;0;2252
150610;611;203;76;21;14;8;12;31;44;17;18;6;3;1064
150611;442;81;57;22;9;3;10;4;6;3;4;2;2;645
150613;11994;1143;962;495;583;658;645;712;622;537;479;397;303;19530
150616;2557;202;124;172;96;136;102;83;82;81;81;71;40;3827
150618;4051;231;148;114;138;145;132;93;140;113;108;89;38;5540
150619;1591;214;45;229;49;92;111;132;259;84;81;51;12;2950
150620;3263;250;160;134;109;117;172;77;100;147;106;103;82;4820
150630;1093;33;163;59;129;14;20;8;280;13;8;5;6;1831
150635;1452;349;364;62;51;56;36;37;56;175;115;77;17;2847
150640;217;108;40;15;1;3;2;0;5;0;1;0;0;392
150650;6844;620;606;375;251;222;199;146;544;201;228;139;113;10488
150655;741;270;106;329;46;18;5;13;74;15;6;10;5;1638
150658;1870;75;281;117;94;114;147;92;143;121;127;60;66;3307
150660;1544;259;57;47;27;37;41;40;29;31;27;20;22;2181
150670;3927;627;417;494;127;182;162;124;175;315;288;195;133;7166
150680;42432;1798;1109;931;924;929;1115;1075;1166;1040;1043;998;820;55380
150690;260;133;104;22;8;15;7;5;14;4;4;0;1;577
150700;2079;69;61;77;36;51;27;41;95;247;47;36;51;2917
150710;684;57;18;20;10;14;4;4;15;34;8;2;1;871
150715;1685;52;45;32;37;48;27;44;26;23;57;30;13;2119
150720;1739;141;39;91;31;21;10;8;81;28;16;30;51;2286
150730;5166;790;499;516;256;246;261;283;276;299;318;226;147;9283
150740;780;185;38;222;34;14;28;55;326;48;15;19;6;1770
150745;2574;195;205;109;118;71;74;86;95;82;53;68;50;3780
150746;152;50;31;115;19;9;2;2;28;10;4;7;0;429
150747;1088;150;29;34;19;9;14;7;11;2;4;13;5;1385
150750;726;28;21;9;7;12;6;11;7;9;15;9;6;866
150760;4775;466;171;313;140;149;132;133;384;94;229;162;80;7228
150770;964;198;46;336;36;17;5;16;33;13;14;1;0;1679
150775;1107;98;70;44;41;57;51;53;42;40;51;43;23;1720
150780;640;37;16;67;18;8;2;2;34;6;6;4;2;842
150790;1042;209;66;18;8;14;9;11;18;16;4;2;3;1420
150795;9289;1497;353;683;274;195;262;916;588;516;430;387;90;15480
150796;424;139;40;10;19;21;4;3;13;12;6;5;8;704
150797;844;182;61;194;37;40;23;12;24;17;39;30;11;1514
150800;7216;424;1241;305;293;189;218;216;355;388;449;178;64;11536
150803;744;394;71;544;72;12;7;14;36;16;14;15;18;1957
150805;755;119;216;62;21;63;76;82;78;19;31;11;10;1543
150808;3689;1120;726;231;162;155;297;240;829;321;155;152;103;8180
150810;10441;711;671;1488;495;317;307;363;1355;342;299;560;224;17573
150812;3353;297;436;157;97;382;265;132;124;251;129;121;73;5817
150815;3023;218;101;454;95;172;95;81;214;127;101;35;26;4742
150820;2372;260;59;86;499;148;91;115;490;177;44;59;18;4418
150830;1831;411;44;296;147;67;32;14;406;35;18;19;7;3327
150835;4479;617;532;379;109;70;79;51;59;58;263;107;28;6831
150840;7451;569;575;387;358;350;556;546;531;316;362;289;237;12527
159999;0;0;0;0;0;0;0;0;0;0;0;0;0;0
160005;311;53;15;7;5;7;4;2;3;10;12;4;2;435
160010;649;36;19;11;15;33;16;21;39;28;61;39;43;1010
160015;1372;169;45;129;79;188;157;184;312;49;114;64;11;2873
160020;495;65;20;24;21;18;23;5;17;12;7;20;2;729
160021;357;11;2;11;4;2;0;1;0;0;0;0;1;389
160023;676;94;8;16;7;3;10;12;8;4;8;13;4;863
160025;275;3;1;1;0;1;0;2;1;3;4;0;2;293
160027;1494;239;64;38;64;54;24;29;20;24;38;26;26;2140
160030;102870;3326;3263;3525;2672;2885;3218;2652;2621;2423;2225;2138;1892;135710
160040;778;106;25;27;58;49;19;5;12;10;28;23;15;1155
160050;872;68;29;64;76;76;54;55;49;41;45;37;39;1505
160053;1732;131;110;74;55;55;49;109;136;127;36;22;9;2645
160055;282;6;1;2;2;0;5;4;2;13;6;4;0;327
160060;8539;762;304;1186;391;359;333;347;568;262;279;196;223;13749
160070;673;67;27;39;15;37;36;20;22;168;42;15;1;1162
160080;541;141;25;77;125;73;13;7;11;32;7;14;7;1073
169999;0;0;0;0;0;0;0;0;0;0;0;0;0;0
170025;198;105;35;11;6;12;8;9;47;3;7;7;0;448
170030;1279;73;102;81;39;23;41;18;68;40;28;29;24;1845
170035;425;88;48;28;11;28;13;9;43;20;17;16;9;755
170040;663;57;33;17;13;8;13;15;13;62;13;25;28;960
170070;1298;207;71;58;75;60;61;42;54;39;36;58;33;2092
170100;1110;112;152;143;49;31;66;33;70;30;27;30;32;1885
170105;202;46;45;12;4;2;14;6;16;1;1;5;1;355
170110;474;21;80;19;13;21;14;15;15;11;6;5;4;698
170130;376;47;25;89;30;16;23;10;43;13;14;9;6;701
170190;384;108;76;20;166;63;24;12;51;26;31;14;2;977
170200;1070;89;63;46;20;28;27;28;20;36;27;35;15;1504
170210;29139;2259;2503;1903;1489;1567;1563;1130;2625;1232;1287;1168;856;48721
170215;411;87;60;14;5;12;17;14;48;12;12;17;5;714
170220;2242;214;281;85;96;61;77;78;191;53;50;49;25;3502
170230;702;45;10;33;11;35;19;27;21;17;41;26;32;1019
170240;727;59;61;176;178;100;83;58;83;39;227;120;65;1976
170255;1557;147;54;66;47;105;55;46;45;35;61;38;19;2275
170270;176;34;13;34;4;7;0;2;2;3;0;2;0;277
170290;717;110;43;41;17;40;13;10;57;13;11;9;2;1083
170300;724;107;55;57;127;33;23;25;31;26;20;8;20;1256
170305;508;89;54;56;33;34;44;31;87;34;32;26;28;1056
170307;283;44;100;18;15;12;4;56;31;25;20;9;1;618
170310;456;54;25;12;16;12;12;6;7;8;6;8;5;627
170320;461;70;75;21;24;17;13;17;23;6;7;13;8;755
170330;262;29;62;26;12;10;2;4;26;10;5;4;1;453
170360;287;32;22;25;14;10;12;5;5;4;11;5;4;436
170370;530;72;69;26;10;13;23;24;45;7;12;16;8;855
170380;529;111;55;42;11;12;14;14;5;11;2;6;7;819
170382;145;9;21;26;5;4;2;2;1;11;3;3;1;233
170384;570;135;126;28;15;19;17;21;14;31;35;29;10;1050
170386;650;175;59;72;38;59;36;31;65;44;12;28;22;1291
170388;265;34;59;8;4;7;3;8;6;3;10;12;8;427
170389;208;12;19;15;8;3;7;2;3;0;1;1;0;279
170390;604;149;83;68;98;59;46;37;73;59;48;24;10;1358
170410;171;23;12;23;3;10;10;2;2;3;3;4;0;266
170460;85;107;16;8;1;1;5;0;5;1;21;35;0;285
170510;284;81;14;9;7;5;5;2;15;11;7;31;4;475
170550;3567;460;265;216;173;131;177;172;300;110;119;469;69;6228
170555;278;62;43;17;5;10;10;5;8;8;2;0;2;450
170560;250;27;57;27;15;10;11;2;9;4;0;6;2;420
170600;397;55;70;16;22;16;14;31;53;20;26;15;6;741
170610;613;29;24;69;48;18;15;6;19;16;16;12;10;895
170625;190;40;45;22;3;8;10;2;6;6;3;4;3;342
170650;595;86;43;44;43;56;63;77;96;64;70;58;38;1333
170700;1942;70;134;154;53;100;100;57;142;48;59;60;31;2950
170710;517;207;137;56;46;21;28;26;174;13;24;9;8;1266
170720;345;127;37;21;14;9;9;7;78;18;18;12;15;710
170730;611;88;59;48;27;22;26;18;24;21;29;21;7;1001
170740;352;30;60;37;6;11;1;3;6;2;0;2;5;515
170755;359;54;53;13;13;12;5;8;11;10;13;7;17;575
170765;563;85;83;35;18;13;20;10;50;15;47;99;6;1044
170770;486;56;74;21;9;14;6;8;44;16;16;8;0;758
170820;2652;144;196;152;111;90;56;130;161;111;79;69;22;3973
170825;609;47;7;4;11;10;17;15;16;8;12;5;13;774
170830;310;16;127;15;10;10;2;11;17;12;6;12;3;551
170900;611;36;105;50;16;15;22;9;65;22;9;30;11;1001
170930;2866;117;132;145;132;133;130;163;145;84;125;127;109;4408
170950;13502;1694;1279;543;440;498;509;459;1006;607;595;398;387;21917
170980;195;22;9;4;7;0;8;10;5;2;14;0;0;276
171050;426;72;46;9;10;7;16;7;16;11;12;11;6;649
171070;332;13;22;17;13;5;8;4;5;0;3;1;2;425
171090;265;14;61;11;8;3;4;2;9;9;6;8;1;401
171110;366;42;33;24;17;20;8;11;13;10;8;14;14;580
171150;342;2;10;8;4;6;2;2;3;4;6;2;3;394
171180;186;26;3;8;5;10;2;1;9;2;1;4;0;257
171190;1541;199;214;128;126;134;63;46;246;50;94;76;56;2973
171195;212;12;36;4;3;7;4;6;14;8;0;0;0;306
171200;436;85;103;57;119;34;35;25;28;32;32;23;21;1030
171215;87;85;17;21;11;2;3;1;8;2;1;2;1;241
171240;117;17;37;4;13;4;2;12;14;2;3;3;1;229
171245;189;61;28;9;31;3;11;1;5;1;0;4;3;346
171250;604;95;46;39;29;34;26;31;35;35;33;33;8;1048
171270;320;64;65;17;5;3;7;11;16;9;25;40;3;585
171280;233;37;12;15;7;1;8;5;3;3;5;7;1;337
171320;1611;240;249;81;53;154;111;76;194;50;55;53;46;2973
171330;1126;147;110;46;48;27;32;39;98;37;55;61;40;1866
171360;794;75;54;57;35;30;24;39;44;41;31;26;13;1263
171370;172;15;53;18;10;20;9;10;23;3;7;6;2;348
171380;262;34;43;15;13;7;4;5;8;5;0;2;2;400
171395;350;41;39;19;16;19;18;11;18;6;8;6;9;560
171420;772;109;48;17;22;57;26;51;25;19;19;21;7;1193
171430;193;47;9;35;29;21;11;13;17;5;6;10;4;400
171488;1161;98;163;57;39;30;32;26;150;31;26;20;20;1853
171500;210;41;8;12;7;9;4;0;3;2;6;2;2;306
171510;312;30;25;35;6;9;4;6;16;9;8;6;3;469
171515;88;101;17;2;2;0;2;5;20;5;3;2;0;247
171525;170;54;18;13;8;5;1;2;5;10;7;10;3;306
171550;163;8;23;11;3;3;3;5;25;6;3;3;1;257
171570;383;91;87;41;12;11;4;90;109;31;40;13;7;919
171575;702;111;103;37;17;34;16;21;128;31;19;20;9;1248
171610;8177;652;819;467;442;510;384;427;360;315;359;401;212;13525
171620;560;81;161;51;30;30;32;9;113;14;11;3;7;1102
171630;370;55;32;24;21;23;10;8;11;13;10;6;1;584
171650;2361;106;143;268;72;40;81;98;100;44;45;23;27;3408
171660;1232;125;122;92;74;69;34;94;46;48;47;28;104;2115
171665;300;58;38;20;62;12;18;21;65;20;12;6;9;641
171670;896;93;66;36;40;31;14;89;75;35;37;25;19;1456
171700;218;50;44;19;7;4;2;4;8;0;6;3;0;365
171720;460;92;52;25;20;20;10;137;60;11;12;16;26;941
171750;612;143;129;58;42;22;26;30;30;33;37;25;10;1197
171780;122;62;34;6;9;7;8;3;18;4;4;5;3;285
171790;431;27;38;16;14;11;8;10;26;4;3;7;2;597
171800;206;34;17;9;7;8;12;7;12;4;8;2;0;326
171820;9295;952;957;642;381;348;353;332;852;939;913;818;534;17316
171830;225;6;3;0;1;2;2;0;0;0;1;9;9;258
171840;268;62;35;5;7;6;14;2;5;1;3;6;2;416
171845;250;86;24;22;10;13;7;4;5;2;11;7;5;446
171850;204;45;39;43;3;9;4;3;6;2;4;0;1;363
171855;291;20;5;1;2;3;2;4;3;7;3;4;0;345
171865;181;26;15;7;3;9;17;27;5;2;2;3;2;299
171870;161;53;40;15;4;1;3;1;2;5;2;1;2;290
171875;273;18;20;21;26;12;8;7;5;7;2;2;6;407
171880;146;59;63;6;0;3;3;9;52;2;15;14;1;373
171884;370;27;37;12;16;9;7;20;11;16;16;7;12;560
171886;804;94;56;36;41;31;18;20;41;14;20;29;20;1224
171888;192;42;26;7;14;19;12;10;23;4;12;6;4;371
171889;237;55;105;32;15;12;9;9;45;23;14;17;8;581
171890;366;72;74;16;2;8;28;3;62;8;24;14;5;682
171900;167;27;32;8;0;7;3;5;2;3;9;1;14;278
172000;117;38;92;101;14;7;3;8;43;3;3;1;2;432
172010;512;114;49;36;25;9;9;4;9;6;5;25;38;841
172015;102;11;12;18;27;20;15;3;4;2;0;2;3;219
172020;569;44;53;37;23;26;11;13;17;42;23;14;5;877
172025;216;38;29;29;2;7;4;7;9;3;6;1;0;351
172030;275;44;22;18;7;3;9;1;2;8;10;0;1;400
172049;328;134;23;14;12;10;10;13;43;28;11;23;11;660
172065;518;20;47;29;6;9;5;5;33;3;9;8;5;697
172080;530;8;29;29;13;13;6;4;13;7;4;11;0;667
172085;221;38;49;39;11;6;4;2;8;5;3;2;3;391
172090;979;113;53;47;56;44;14;64;82;19;20;15;12;1518
172093;195;11;7;6;5;3;0;1;2;6;1;2;0;239
172097;441;22;35;20;15;15;7;2;16;15;18;25;7;638
172100;120692;10709;6105;5297;4182;5176;4491;3288;4945;4103;4698;3160;2183;179029
172110;289;80;24;118;34;19;58;11;9;10;13;2;13;680
172120;1723;214;137;135;180;127;95;41;98;48;53;59;29;2939
172125;134;80;53;8;11;11;3;5;34;5;5;6;2;357
172130;242;6;9;13;12;6;2;1;1;5;4;1;0;302
172208;742;46;75;24;30;28;24;20;30;10;5;9;6;1049
172210;1271;140;104;70;43;35;26;34;43;34;30;14;14;1858
179999;0;0;0;0;0;0;0;0;0;0;0;0;0;0
210005;16522;620;579;1739;595;519;768;452;1024;586;691;539;366;25000
210010;253;3;0;1;2;1;0;0;2;0;0;1;0;263
210015;378;11;5;1;26;0;1;1;3;2;1;0;1;430
210020;1594;12;17;95;51;15;5;3;47;2;18;1;0;1860
210030;1316;34;4;48;51;636;169;6;43;17;4;32;4;2364
210040;332;11;3;4;0;2;3;6;3;2;3;4;1;374
210043;865;19;10;14;9;22;19;7;7;11;8;6;2;999
210047;774;29;21;108;26;30;14;4;8;1;2;6;1;1024
210050;879;93;68;104;21;21;11;18;45;15;46;16;4;1341
210055;247;1;0;1;0;1;0;0;3;0;0;2;1;256
210060;1314;37;16;14;14;8;18;13;40;8;7;9;7;1505
210070;761;5;26;8;6;2;1;4;7;4;8;18;3;853
210080;828;120;5;9;6;3;10;12;49;7;7;6;11;1073
210083;571;2;0;1;2;1;1;5;2;1;0;1;1;588
210087;256;3;0;0;2;1;0;0;1;1;0;0;0;264
210090;1968;16;13;5;8;7;10;11;17;79;73;9;8;2224
210095;275;9;10;2;1;14;6;1;4;3;4;1;1;331
210100;1494;12;57;11;16;3;8;14;6;20;10;49;16;1716
210110;502;10;1;0;30;1;1;2;2;0;2;5;17;573
210120;8478;273;170;188;149;178;246;215;178;198;225;206;139;10843
210125;1897;63;17;25;21;22;127;82;168;147;42;33;23;2667
210130;811;3;2;2;0;0;0;0;0;0;0;0;0;818
210135;212;52;36;4;8;5;3;5;5;8;0;0;0;338
210140;16947;962;1005;1044;669;602;808;614;664;742;838;661;403;25959
210150;1200;41;14;12;29;16;16;35;44;28;22;10;8;1475
210160;4733;111;111;203;128;193;86;119;73;104;86;126;75;6148
210170;2505;50;21;25;182;73;60;112;53;40;39;34;26;3220
210173;508;2;5;3;0;7;4;3;9;0;9;7;0;557
210177;293;13;6;7;4;7;1;14;5;2;28;2;6;388
210180;294;4;5;1;3;0;6;1;4;4;1;12;2;337
210190;719;3;4;8;7;3;4;2;1;0;2;0;1;754
210193;202;4;0;1;0;0;0;1;2;0;1;0;0;211
210197;386;33;9;35;4;6;6;2;30;0;1;1;0;513
210200;1535;55;12;52;32;20;14;14;9;29;15;15;12;1814
210203;1225;26;17;39;33;22;27;21;14;40;18;18;51;1551
210207;61;3;4;2;2;0;0;1;7;3;0;1;1;85
210210;1006;23;10;4;8;17;13;7;9;17;6;11;9;1140
210215;203;1;1;0;0;0;1;9;0;1;1;2;0;219
210220;962;26;10;8;14;5;9;12;11;8;1;8;34;1108
210230;823;33;31;42;27;59;33;18;9;54;22;33;6;1190
210232;2644;506;627;417;201;152;61;394;159;72;83;86;35;5437
210235;478;33;2;7;4;1;8;4;3;1;1;1;7;550
210237;259;14;0;1;0;0;0;1;1;0;0;0;0;276
210240;284;7;11;5;0;0;2;0;17;0;0;0;1;327
210250;672;7;8;19;10;12;2;4;4;0;3;0;0;741
210255;1054;161;66;79;129;929;720;123;138;18;23;17;28;3485
210260;738;2;2;1;5;1;1;2;0;4;3;1;0;760
210270;672;80;10;9;21;13;31;13;11;3;2;2;2;869
210275;557;20;1;26;3;17;4;4;2;1;6;0;0;641
210280;2448;290;159;147;51;87;56;52;100;83;59;37;24;3593
210290;1385;107;35;331;64;31;54;20;30;19;13;21;8;2118
210300;11232;1566;668;1968;412;323;257;163;366;302;405;289;142;18093
210310;305;18;4;0;0;0;1;1;0;0;0;1;0;330
210312;86;4;3;40;1;2;2;0;0;1;0;0;0;139
210315;219;48;29;171;3;1;2;6;7;2;2;0;1;491
210317;523;142;3;2;2;3;1;7;2;2;4;0;2;693
210320;4240;211;89;95;85;66;56;47;80;67;78;59;24;5197
210325;908;8;22;8;8;10;14;12;9;16;22;9;11;1057
210330;7319;1019;334;538;359;182;170;111;171;131;196;169;144;10843
210340;3191;367;52;249;127;43;144;1178;110;28;43;14;18;5564
210350;2289;65;42;29;26;47;48;31;26;60;32;20;8;2723
210355;870;8;1;4;4;2;20;6;2;5;1;0;14;937
210360;1838;788;207;614;127;85;67;39;43;34;25;34;22;3923
210370;1289;28;13;6;6;3;5;4;16;4;8;10;4;1396
210375;2700;74;40;31;8;9;23;19;71;26;27;41;40;3109
210380;1795;42;14;40;17;51;32;32;66;40;18;28;6;2181
210390;355;82;22;185;25;25;21;6;9;4;3;0;0;737
210400;841;85;166;76;54;43;40;16;15;7;9;11;14;1377
210405;2974;295;203;136;79;70;151;89;173;107;72;97;93;4539
210407;346;21;8;15;12;4;3;3;6;2;6;3;2;431
210408;350;5;19;9;13;23;31;15;24;9;15;5;11;529
210409;719;22;11;9;6;3;2;1;2;6;4;4;2;791
210410;648;12;10;0;20;25;3;23;9;32;48;8;13;851
210420;491;3;4;1;0;1;2;0;0;2;1;0;0;505
210430;546;71;19;109;27;21;11;12;27;9;20;9;16;897
210440;586;12;0;5;2;2;6;8;4;11;2;4;2;644
210450;309;3;3;1;3;1;11;3;2;4;2;0;7;349
210455;1645;198;73;93;52;37;62;77;30;39;36;48;27;2417
210460;543;3;1;2;3;4;5;2;2;1;4;2;0;572
210462;381;4;1;5;1;0;0;1;0;3;0;2;0;398
210465;256;7;1;2;4;2;1;0;3;0;2;0;1;279
210467;1073;117;11;73;14;16;17;10;8;15;4;20;3;1381
210470;215;0;0;2;1;1;0;1;1;0;0;0;0;221
210480;5455;339;391;384;199;221;186;219;271;331;261;319;145;8721
210490;451;32;8;5;3;2;0;0;2;0;0;0;0;503
210500;1048;185;211;273;59;56;30;21;21;9;18;14;7;1952
210510;600;3;9;23;46;32;15;1;0;0;0;1;2;732
210515;859;76;24;36;29;21;10;32;17;14;4;22;8;1152
210520;444;24;8;8;1;3;7;3;1;0;4;0;0;503
210530;49174;2970;2019;2036;1595;1896;2284;2421;2406;1917;2077;1806;1272;73873
210535;213;6;2;8;0;0;1;0;2;0;0;0;1;233
210540;4275;329;108;184;776;415;169;86;154;101;159;72;73;6901
210542;2328;98;77;124;92;72;65;116;44;43;67;54;26;3206
210545;379;6;0;0;0;0;0;0;1;0;2;0;0;388
210547;516;0;0;0;0;0;5;0;1;0;0;0;0;522
210550;1416;147;88;76;21;21;24;22;22;16;12;13;11;1889
210560;491;2;0;2;2;2;0;6;0;1;0;18;44;568
210565;8;118;65;107;10;2;3;1;2;0;2;3;0;321
210570;2398;74;36;40;22;23;24;21;31;17;14;19;10;2729
210580;354;0;0;3;1;1;1;0;3;0;2;0;2;367
210590;637;7;4;0;1;6;2;0;1;0;3;3;1;665
210592;423;0;0;2;0;0;0;0;0;0;1;0;0;426
210594;475;8;5;0;3;4;2;0;2;3;1;3;1;507
210596;439;14;6;2;5;0;0;1;5;6;2;0;0;480
210598;279;5;3;2;0;2;4;3;0;1;2;1;2;304
210600;604;15;4;5;4;4;5;1;2;0;7;6;1;658
210610;1124;70;49;27;20;17;36;19;15;12;20;13;10;1432
210620;339;32;50;12;3;0;2;0;1;1;0;0;0;440
210630;899;26;11;10;9;10;16;1;8;5;55;1;3;1054
210632;963;23;36;48;12;15;11;16;9;9;8;15;5;1170
210635;199;6;0;1;0;0;1;0;2;0;1;2;0;212
210637;610;9;0;4;4;4;6;3;5;4;1;0;0;650
210640;771;47;1;0;4;8;3;2;1;3;3;1;3;847
210650;1067;20;9;9;1;2;10;4;5;1;1;1;2;1132
210660;1726;22;10;5;5;6;6;10;1;6;3;11;0;1811
210663;248;35;32;25;239;52;17;10;17;7;11;2;45;740
210667;341;1;0;2;0;0;0;0;0;0;0;0;0;344
210670;845;9;2;6;1;3;2;1;4;4;0;1;0;878
210675;1135;177;12;9;8;23;11;12;17;15;13;12;10;1454
210680;461;5;3;0;0;2;0;0;3;1;4;4;0;483
210690;1229;39;0;4;6;8;3;5;4;1;3;0;3;1305
210700;383;13;1;1;1;3;6;1;4;1;2;1;1;418
210710;804;10;2;4;2;9;2;7;6;13;5;6;0;870
210720;317;27;2;6;0;0;2;0;0;0;1;0;1;356
210725;324;35;11;0;0;0;1;1;2;0;0;1;1;376
210730;234;4;2;1;0;0;1;0;1;3;6;7;0;259
210735;308;11;3;2;2;2;1;0;2;4;1;0;1;337
210740;1202;14;2;3;2;9;7;8;3;5;10;14;6;1285
210745;512;4;1;7;1;3;0;0;0;1;0;1;0;530
210750;4423;466;150;558;152;145;226;156;163;220;267;135;112;7173
210760;778;3;1;1;1;3;2;0;0;0;1;0;0;790
210770;817;56;20;14;6;3;9;3;10;10;8;3;7;966
210780;1984;94;8;39;12;6;10;12;18;21;5;6;19;2234
210790;622;8;6;5;4;5;4;3;3;3;5;22;4;694
210800;871;28;7;16;9;12;15;12;9;7;4;9;2;1001
210805;1058;258;9;39;9;2;2;7;16;155;14;179;2;1750
210810;887;20;2;6;2;3;4;3;1;6;6;0;2;942
210820;4145;492;143;68;252;330;245;214;199;110;147;113;49;6507
210825;25;6;1;1;8;1;0;0;0;1;3;1;0;47
210830;1021;55;18;21;18;10;3;2;3;2;4;1;1;1159
210840;445;3;2;0;1;1;2;0;2;0;0;2;0;458
210845;1081;46;19;63;18;19;12;9;7;8;5;5;4;1296
210850;1691;73;63;48;54;48;21;8;29;25;14;12;15;2101
210860;4587;136;69;58;85;91;116;77;94;67;84;79;41;5584
210870;1374;25;4;8;14;7;1;3;3;5;2;0;20;1466
210880;576;5;1;5;3;1;1;1;2;2;0;10;4;611
210890;802;20;15;9;4;2;10;4;2;4;6;0;0;878
210900;2327;77;92;59;64;64;61;47;77;36;32;26;41;3003
210905;249;19;8;7;0;2;0;0;0;0;0;0;0;285
210910;3896;153;146;86;82;87;140;78;95;77;117;79;78;5114
210920;381;12;0;1;8;2;1;0;3;0;1;0;1;410
210923;343;52;20;87;43;13;6;2;2;0;0;1;5;574
210927;515;9;0;0;0;1;1;1;0;1;0;1;0;529
210930;552;113;16;77;47;35;9;6;2;0;0;2;10;869
210940;216;10;3;20;3;3;1;1;0;0;0;18;0;275
210945;1473;52;37;37;20;24;32;57;46;29;22;38;24;1891
210950;1284;121;124;202;49;38;39;25;27;25;47;33;9;2023
210955;592;17;25;15;6;5;7;8;8;11;8;3;1;706
210960;2290;56;27;40;56;27;43;58;24;49;55;43;14;2782
210970;636;58;61;34;6;10;29;6;16;12;23;40;9;940
210975;290;5;3;0;0;0;0;2;0;2;0;0;0;302
210980;1426;137;43;37;88;29;10;13;11;12;5;12;3;1826
210990;9234;443;607;612;225;291;591;300;235;271;201;211;149;13370
211000;3514;101;29;63;28;21;69;38;28;112;73;57;67;4200
211003;1378;252;16;24;21;9;18;116;17;12;12;7;1;1883
211010;853;8;2;3;8;2;7;9;20;18;28;8;12;978
211020;1587;41;22;17;19;24;39;24;25;25;35;7;8;1873
211023;217;2;1;4;0;0;0;2;6;2;1;1;0;236
211027;444;3;2;0;28;2;13;3;1;5;1;5;2;509
211030;1026;11;3;52;12;12;6;33;18;5;3;15;8;1204
211040;579;18;8;1;3;3;14;5;77;5;0;1;0;714
211050;1206;33;8;15;7;6;4;5;6;5;7;4;5;1311
211060;1215;23;6;11;16;14;12;21;6;10;8;10;11;1363
211065;488;7;8;26;8;0;2;0;6;5;13;10;1;574
211070;1179;16;10;16;5;9;14;18;16;14;14;10;3;1324
211080;235;53;24;13;8;6;9;3;7;15;7;25;5;410
211085;472;13;8;4;11;6;8;3;68;21;7;2;2;625
211090;538;2;0;3;0;1;1;0;0;0;1;1;0;547
211100;480;20;3;3;1;9;6;1;1;4;4;1;2;535
211102;44;0;3;9;3;9;2;4;4;0;1;2;1;82
211105;665;7;6;19;10;1;8;6;6;15;7;13;10;773
211107;422;1;0;0;2;2;1;1;7;4;1;6;3;450
211110;1916;124;133;72;56;57;105;57;44;37;40;41;21;2703
211120;15374;2205;665;598;541;578;541;463;1357;598;594;445;274;24233
211125;172;1;0;0;0;1;1;2;1;1;0;1;1;181
211130;321538;10179;8138;9004;9397;9692;8715;8247;10575;8665;8505;8828;7753;429236
211140;392;15;4;15;5;7;6;8;4;12;6;7;2;483
211150;1784;56;43;28;19;44;33;25;42;57;41;30;31;2233
211153;537;6;17;3;2;2;4;8;6;6;5;5;0;601
211157;242;32;67;14;7;3;5;2;8;2;9;2;0;393
211160;3017;45;111;43;53;190;79;28;75;56;71;154;24;3946
211163;294;4;1;2;1;3;1;0;0;0;1;0;0;307
211167;287;37;1;1;0;1;0;0;0;1;0;0;0;328
211170;656;3;0;1;5;1;2;3;30;14;3;1;0;719
211172;480;7;1;17;1;1;1;1;2;0;0;0;0;511
211174;248;3;1;1;0;1;2;3;2;0;2;0;1;264
211176;958;20;7;11;5;6;5;3;4;8;3;6;5;1041
211178;542;4;0;2;3;1;1;1;0;1;1;0;0;556
211180;933;214;20;329;48;42;24;15;306;22;17;18;22;2010
211190;382;11;6;7;9;3;13;1;15;0;4;6;5;462
211195;238;9;1;0;2;3;15;1;1;4;0;0;0;274
211200;1538;131;167;78;41;68;154;109;33;97;229;71;40;2756
211210;577;24;7;6;7;3;5;10;7;2;5;11;4;668
211220;10103;1795;612;1348;446;364;363;346;361;379;274;281;211;16883
211223;1442;55;10;17;22;11;13;11;18;8;14;13;18;1652
211227;285;3;2;3;5;3;2;6;4;2;1;0;0;316
211230;561;39;21;18;20;29;80;34;15;15;16;7;3;858
211240;1322;12;3;3;8;1;1;2;0;4;3;0;1;1360
211245;390;80;9;107;52;16;10;0;1;1;2;1;11;680
211250;3790;180;39;15;34;25;27;36;62;23;28;17;20;4296
211260;1235;26;3;24;30;53;68;37;54;31;22;23;37;1643
211270;2248;45;19;23;16;13;37;74;43;14;55;18;15;2620
211280;1932;75;22;27;42;26;70;22;39;39;41;22;8;2365
211285;1841;35;142;160;54;49;16;21;95;135;84;73;23;2728
211290;1999;12;13;9;6;11;10;11;97;61;27;52;13;2321
211300;1671;41;13;19;10;10;11;14;13;7;20;12;6;1847
211400;2627;35;30;28;94;35;26;35;17;43;28;31;7;3036
219999;0;0;0;0;0;0;0;0;0;0;0;0;0;0
220005;268;22;2;0;1;1;5;4;0;3;5;21;0;332
220010;137;0;0;0;2;0;0;0;2;1;0;0;0;142
220020;1420;99;44;126;71;37;30;35;65;26;19;18;19;2009
220025;240;0;5;1;1;1;1;1;1;0;2;0;0;253
220027;208;11;27;11;27;0;2;5;1;2;2;2;1;299
220030;760;4;12;12;21;4;10;3;7;4;8;4;3;852
220040;2474;351;164;411;93;103;131;93;99;113;93;73;44;4242
220045;291;49;22;60;2;1;10;11;13;9;2;3;0;473
220050;706;47;24;34;6;7;8;4;12;2;8;4;3;865
220060;316;40;20;17;3;15;4;5;2;3;5;7;3;440
220070;332;43;67;85;13;38;17;4;16;17;4;1;2;639
220080;258;25;13;3;15;16;4;29;7;7;0;0;0;377
220090;346;40;36;55;25;15;6;7;6;5;1;1;1;544
220095;180;6;2;0;0;15;6;2;1;8;0;0;0;220
220100;196;18;2;4;1;2;0;1;1;1;1;2;0;229
220105;378;5;2;0;0;0;0;0;0;0;0;0;0;385
220110;470;9;8;5;3;17;13;6;1;1;2;2;1;538
220115;1700;128;180;286;66;86;83;99;81;97;276;153;65;3300
220117;185;35;9;2;0;2;0;10;2;2;17;3;2;269
220120;2595;34;14;23;18;15;35;28;42;22;29;15;25;2895
220130;211;7;11;17;14;13;7;6;5;15;23;22;2;353
220140;291;58;56;39;26;12;6;11;25;17;12;12;1;566
220150;1053;10;31;58;12;20;24;7;8;4;9;4;7;1247
220155;195;15;1;20;1;11;2;0;2;0;0;0;1;248
220157;157;3;9;9;1;1;2;1;2;0;0;0;1;186
220160;252;26;119;27;12;4;2;2;18;5;2;3;2;474
220170;269;11;2;7;0;1;3;9;1;1;0;3;1;308
220173;205;5;1;0;0;2;1;0;1;0;2;1;1;219
220177;357;23;17;22;8;8;0;0;2;1;3;9;0;450
220180;315;51;11;7;2;2;1;0;3;0;2;24;0;418
220190;2971;308;185;138;130;60;111;103;104;124;74;125;78;4511
220191;260;3;0;4;4;111;0;20;2;9;0;2;0;415
220192;120;1;2;0;0;0;0;0;1;4;0;0;1;129
220194;272;35;20;6;2;2;0;2;3;1;2;4;0;349
220196;317;20;10;10;4;3;8;2;6;4;1;7;2;394
220198;233;1;2;1;1;1;0;0;1;0;0;0;0;240
220200;823;113;15;72;20;28;138;33;45;20;16;13;2;1338
220202;275;45;5;3;3;1;18;5;3;0;0;0;0;358
220205;368;34;8;42;13;14;8;3;2;7;8;4;1;512
220207;205;7;9;5;4;4;0;5;3;0;1;0;0;243
220208;632;27;19;21;9;13;15;9;37;12;28;54;18;894
220209;191;25;40;9;3;5;5;0;3;0;1;2;0;284
220210;218;0;0;0;0;0;10;1;18;0;0;1;0;248
220211;198;1;0;3;1;1;1;2;1;2;0;1;0;211
220213;274;13;10;9;3;4;0;0;1;3;0;0;0;317
220217;236;8;1;3;0;0;0;1;1;0;0;0;0;250
220220;3860;182;121;718;203;129;141;97;88;134;131;52;51;5907
220225;12;4;0;1;1;0;0;0;0;0;1;0;0;19
220230;1253;45;98;115;85;317;79;19;13;28;10;10;9;2081
220240;477;56;58;30;10;12;3;1;11;6;7;2;1;674
220245;239;5;1;0;3;0;0;1;2;0;0;0;0;251
220250;390;8;12;8;47;15;5;5;32;16;0;1;0;539
220253;141;27;17;16;7;1;7;2;6;2;2;2;0;230
220255;194;23;1;49;23;1;8;1;0;0;7;1;4;312
220260;1121;35;34;14;11;15;10;3;100;19;6;10;6;1384
220265;274;34;20;23;3;5;1;11;8;1;0;3;0;383
220270;1106;11;10;24;8;6;8;4;10;10;24;3;1;1225
220271;275;2;4;2;9;0;4;0;0;0;0;0;11;307
220272;277;5;2;9;1;2;2;6;2;0;3;5;4;318
220273;191;28;7;11;25;9;11;3;0;2;1;0;0;288
220275;344;12;8;2;2;4;2;1;5;1;0;0;1;382
220277;302;38;6;12;3;7;5;8;1;3;2;0;1;388
220280;173;53;4;31;1;0;0;11;9;0;1;1;0;284
220285;228;13;13;10;12;8;0;0;4;1;3;5;0;297
220290;1905;164;68;116;77;46;74;38;98;59;73;34;19;2771
220300;313;13;19;19;3;2;5;4;9;1;1;1;2;392
220310;628;22;9;14;12;6;6;3;3;10;6;4;5;728
220320;647;10;7;16;10;12;4;6;4;8;15;4;7;750
220323;306;14;8;13;19;12;33;2;5;10;10;51;1;484
220325;106;40;4;55;1;3;0;2;0;0;0;0;0;211
220327;635;40;63;42;20;20;6;14;5;13;3;3;0;864
220330;781;122;22;73;16;45;58;8;15;66;9;29;4;1248
220335;252;1;1;0;3;1;2;1;1;3;0;0;1;266
220340;323;17;7;3;1;2;4;5;2;5;0;0;0;369
220342;145;33;23;10;2;3;1;0;5;2;1;1;0;226
220345;215;4;0;0;13;1;0;1;1;1;1;2;0;239
220350;762;12;30;130;29;26;19;11;26;12;4;4;8;1073
220360;301;2;3;2;1;3;4;3;2;2;0;6;1;330
220370;2433;64;135;104;87;79;49;31;117;47;45;46;18;3255
220375;11;1;0;0;0;0;2;0;0;1;0;1;0;16
220380;231;22;26;21;19;7;8;8;4;6;1;1;0;354
220385;169;11;6;2;1;2;3;1;11;1;0;13;0;220
220390;8395;409;378;443;397;376;290;296;218;214;151;251;187;12005
220400;213;25;13;5;4;2;3;2;2;2;0;0;0;271
220410;202;10;1;2;3;1;1;15;7;3;3;1;0;249
220415;174;5;5;2;0;0;0;0;0;0;2;0;0;188
220420;320;13;6;3;4;4;2;2;1;1;0;3;0;359
220430;1027;42;8;12;6;7;4;14;6;1;2;1;1;1131
220435;190;4;1;6;3;1;1;1;1;9;0;0;2;219
220440;706;11;9;15;5;17;7;7;10;11;3;18;5;824
220450;844;90;40;75;34;27;32;28;28;34;23;44;4;1303
220455;196;6;2;1;0;0;0;0;1;0;0;0;0;206
220460;195;4;2;3;2;0;0;27;0;4;1;0;0;238
220465;422;22;5;4;2;2;1;4;6;3;4;5;2;482
220470;667;11;9;3;5;2;4;4;4;5;5;1;0;720
220480;363;7;4;7;7;2;0;3;4;8;2;3;5;415
220490;44;0;5;0;7;0;0;1;3;1;1;0;1;63
220500;407;4;6;2;0;3;14;0;7;1;1;1;1;447
220510;601;23;11;5;1;20;138;49;26;10;2;6;0;892
220515;280;1;2;2;1;2;1;2;2;1;0;0;0;294
220520;634;62;28;102;34;24;19;9;15;8;13;10;3;961
220525;171;18;13;11;17;10;1;0;1;1;0;0;1;244
220527;243;6;2;1;0;2;2;0;1;1;1;3;0;262
220530;367;52;49;61;26;20;7;17;18;19;10;6;4;656
220535;122;33;5;5;5;4;10;3;1;1;2;1;6;198
220540;437;76;181;41;18;21;30;11;7;11;18;0;2;853
220545;188;2;0;0;0;0;0;1;0;0;0;1;0;192
220550;1751;550;378;140;53;37;45;30;66;42;35;175;35;3337
220551;322;19;34;11;6;33;9;1;13;0;0;0;0;448
220552;320;43;1;20;23;7;7;5;2;1;0;0;0;429
220553;166;47;13;34;13;8;11;2;32;0;9;0;0;335
220554;99;23;28;1;8;1;1;0;1;7;1;0;4;174
220555;328;35;10;24;20;4;2;4;6;1;3;2;3;442
220556;187;36;23;19;6;20;4;3;3;3;3;2;8;317
220557;395;12;1;0;2;1;0;1;0;0;0;0;0;412
220558;394;8;13;4;9;7;2;5;6;2;8;5;3;466
220559;227;7;36;15;3;2;1;2;1;2;1;1;1;299
220560;238;7;54;20;7;0;7;0;1;0;1;0;1;336
220570;2092;306;127;292;80;89;151;262;273;98;120;68;37;3995
220580;1213;33;20;12;24;6;69;39;14;19;15;13;8;1485
220585;332;5;3;2;3;1;3;0;0;0;0;0;0;349
220590;191;2;0;0;0;3;6;2;7;1;0;1;0;213
220595;367;8;7;14;11;15;4;17;10;4;8;7;0;472
220600;260;19;10;24;5;13;20;6;6;7;9;6;2;387
220605;256;10;9;2;0;0;0;0;1;1;3;0;0;282
220610;569;47;28;7;6;4;3;2;3;4;2;3;0;678
220620;1150;37;19;12;17;25;7;15;3;3;4;6;7;1305
220630;111;11;21;14;0;10;16;4;0;44;3;2;1;237
220635;215;63;33;66;19;12;1;2;4;2;3;3;0;423
220640;659;14;41;5;23;6;5;3;8;11;19;1;56;851
220650;212;5;2;0;1;0;0;1;0;1;1;1;1;225
220660;908;24;41;125;11;13;13;20;12;15;26;20;4;1232
220665;180;3;6;1;4;0;23;2;2;9;0;2;0;232
220667;304;4;3;2;1;1;1;1;2;3;2;0;2;326
220669;403;40;66;11;9;3;2;16;7;9;9;6;2;583
220670;324;6;1;2;19;16;28;13;4;16;12;17;2;460
220672;254;101;54;195;44;27;21;14;31;10;7;8;0;766
220675;226;0;0;0;0;0;0;0;0;0;0;0;0;226
220680;197;0;1;0;6;1;2;0;2;0;1;1;0;211
220690;287;2;1;3;1;1;1;0;3;3;4;1;0;307
220695;138;8;7;5;8;1;0;4;0;1;3;0;0;175
220700;2784;216;77;82;37;95;68;79;90;51;66;86;20;3751
220710;86;3;0;0;1;0;0;0;1;1;0;0;0;92
220720;293;16;11;30;6;2;9;8;5;0;3;0;0;383
220730;39;2;6;1;0;17;1;7;0;0;1;0;0;74
220735;127;34;10;10;2;4;0;1;29;5;2;2;2;228
220740;169;10;4;4;14;10;5;0;2;0;5;12;0;235
220750;489;55;21;1;1;1;4;1;3;2;2;4;1;585
220755;157;19;0;50;7;1;0;9;58;17;2;0;0;320
220760;460;25;6;82;22;8;16;1;2;11;9;2;5;649
220770;17355;1613;1136;730;789;643;648;621;811;605;623;549;507;26630
220775;151;6;3;20;3;2;0;0;4;0;1;0;0;190
220777;250;4;8;1;7;8;5;3;1;1;1;0;0;289
220779;79;1;0;0;20;1;5;0;0;0;0;0;1;107
220780;1624;52;45;119;61;68;31;25;18;15;15;10;8;2091
220785;179;28;40;10;7;8;8;2;2;4;3;1;1;293
220790;2004;207;118;135;100;57;46;35;55;67;434;46;16;3320
220793;115;0;36;36;6;4;0;2;5;67;16;8;1;296
220795;30;0;0;10;0;1;1;0;4;2;2;0;0;50
220800;12580;899;584;551;588;450;589;389;374;441;339;396;210;18390
220810;432;32;42;64;19;6;1;3;4;24;2;2;0;631
220820;585;15;3;6;1;2;2;3;0;4;1;0;0;622
220830;1475;147;73;77;61;47;60;47;35;35;80;134;22;2293
220840;5228;545;173;318;146;173;205;232;265;134;115;81;59;7674
220850;562;95;19;13;1;2;8;3;1;4;2;3;5;718
220855;110;41;0;17;1;1;3;0;1;0;0;0;1;175
220860;125;18;4;3;2;0;0;14;4;1;1;1;1;174
220865;301;64;21;52;16;17;3;8;5;7;7;8;48;557
220870;405;38;8;36;21;11;9;17;6;6;1;8;1;567
220880;1014;35;91;34;45;41;38;15;28;16;45;10;7;1419
220885;284;4;6;4;11;6;0;2;4;0;8;2;1;332
220887;314;38;84;68;11;12;3;1;0;0;0;0;0;531
220890;394;128;50;159;26;13;9;14;16;36;45;62;5;957
220900;254;29;11;6;1;16;45;10;6;2;5;3;2;390
220910;367;24;23;11;2;1;15;18;12;1;2;5;0;481
220915;190;25;19;7;5;4;1;2;0;1;1;2;0;257
220920;347;21;21;61;32;2;26;39;22;19;35;46;15;686
220930;312;36;9;12;5;2;8;1;4;7;0;4;1;401
220935;196;13;9;6;1;1;1;1;0;0;0;1;0;229
220937;184;38;2;8;0;2;3;2;2;6;3;1;0;251
220940;253;96;54;48;6;2;4;8;1;3;1;0;0;476
220945;98;0;0;0;1;0;0;0;0;0;0;0;0;99
220950;202;14;19;4;0;24;3;0;31;4;0;0;0;301
220955;187;6;3;1;19;0;9;2;3;1;0;0;0;231
220960;129;11;24;0;6;0;2;3;47;4;0;3;1;230
220965;243;7;0;1;0;0;0;1;0;2;1;1;0;256
220970;261;43;16;39;16;4;5;0;5;3;0;4;2;398
220975;192;3;1;4;1;1;1;1;0;0;1;4;0;209
220980;200;20;4;2;2;3;25;3;8;5;5;1;2;280
220985;262;2;0;2;0;0;0;0;2;0;0;0;0;268
220987;273;19;5;1;0;1;0;3;0;4;0;0;0;306
220990;237;48;30;13;2;0;7;2;1;1;1;0;0;342
220995;186;1;1;12;5;0;2;4;0;1;0;0;0;212
220997;306;34;4;10;4;3;2;0;0;2;2;0;0;367
221000;1301;190;209;141;103;53;77;48;91;42;46;37;37;2375
221005;275;5;11;7;0;8;36;6;0;2;1;2;1;354
221010;222;32;3;19;5;2;2;21;55;1;5;15;0;382
221020;294;10;3;2;0;1;7;0;2;1;4;1;0;325
221030;238;17;14;5;0;9;3;2;1;0;0;0;0;289
221035;235;5;6;3;0;1;2;25;86;22;31;11;0;427
221037;140;1;2;1;0;1;0;1;0;1;0;0;0;147
221038;191;29;7;22;3;0;0;4;0;3;0;1;0;260
221039;168;1;1;0;1;0;0;0;0;0;4;0;0;175
221040;577;124;127;12;13;39;8;58;103;8;9;26;5;1109
221050;686;18;18;8;7;4;10;2;5;1;0;1;6;766
221060;2923;166;70;125;59;75;50;56;47;75;53;62;47;3808
221062;224;5;6;4;6;7;1;20;7;2;1;2;2;287
221063;580;36;44;40;15;13;21;85;33;113;42;23;3;1048
221065;371;5;7;8;1;0;1;6;1;1;3;0;0;404
221070;913;20;59;60;32;111;53;98;62;69;39;34;72;1622
221080;681;57;10;18;4;3;18;6;60;19;37;5;6;924
221090;207;6;0;2;1;1;0;0;0;0;0;0;0;217
221093;277;104;19;66;9;4;1;1;7;6;3;0;1;498
221095;207;6;0;1;0;0;2;0;0;16;0;0;0;232
221097;195;6;7;0;1;0;1;0;1;0;0;0;1;212
221100;267542;7961;11614;9556;7004;7602;7224;6803;7363;6978;7083;6299;4877;357906
221110;3506;372;451;297;191;388;581;243;304;126;220;51;101;6831
221120;3158;222;149;366;145;104;141;143;185;116;401;521;304;5955
221130;1767;49;29;42;61;34;23;22;36;28;24;21;21;2157
221135;155;2;0;2;1;0;1;0;1;1;0;0;0;163
221140;165;13;4;0;0;0;0;0;0;2;1;0;0;185
221150;117;3;1;0;0;0;0;2;1;0;0;0;0;124
221160;75;0;0;0;3;7;6;0;0;0;0;0;2;93
221170;197;0;0;0;1;5;21;23;13;0;0;0;0;260
229999;0;0;0;0;0;0;0;0;0;0;0;0;0;0
230010;747;78;131;14;30;17;18;38;16;11;6;3;2;1111
230015;1933;115;186;66;67;55;67;45;152;86;79;49;41;2941
230020;3292;579;139;327;83;54;194;77;80;132;74;137;52;5220
230030;2442;120;481;107;66;41;32;36;103;49;53;22;14;3566
230040;586;19;1;13;3;0;3;2;1;0;1;2;0;631
230050;550;193;236;45;41;34;6;8;47;4;4;3;1;1172
230060;487;21;23;5;13;8;1;11;23;6;2;1;2;603
230070;944;184;138;85;31;38;45;110;67;50;32;30;10;1764
230075;2069;218;429;489;158;177;130;95;595;101;106;154;11;4732
230080;523;14;6;5;9;13;11;5;8;1;5;3;1;604
230090;1084;112;70;48;57;39;52;76;56;43;17;14;4;1672
230100;16313;1193;626;673;485;639;628;482;592;545;450;661;467;23754
230110;8565;840;297;699;535;363;900;441;869;438;343;296;207;14793
230120;1976;257;234;143;147;120;113;40;74;33;43;58;24;3262
230125;526;119;86;22;8;7;5;48;66;12;14;2;2;917
230130;984;69;31;141;33;19;53;5;4;7;4;5;4;1359
230140;790;60;14;171;28;18;7;19;26;14;13;10;17;1187
230150;332;86;323;68;3;6;3;226;158;7;1;0;0;1213
230160;1032;78;183;88;32;32;16;28;46;23;24;4;14;1600
230170;1119;82;301;129;66;37;43;62;202;39;20;11;35;2146
230180;418;5;3;4;3;1;6;9;5;5;0;2;0;461
230185;795;190;277;123;40;38;27;20;47;15;3;20;2;1597
230190;9080;436;336;332;482;243;202;182;381;215;390;197;100;12576
230195;951;89;205;31;162;41;38;32;152;121;147;107;7;2083
230200;1154;140;93;40;119;71;38;22;70;19;11;5;10;1792
230205;852;68;70;17;26;15;13;22;13;6;3;7;3;1115
230210;2960;111;38;74;69;57;62;101;62;50;58;42;35;3719
230220;3891;628;496;165;105;175;161;146;161;157;195;102;76;6458
230230;1469;161;211;126;103;57;30;21;46;35;34;11;10;2314
230240;2963;152;119;144;122;103;77;77;134;95;51;23;15;4075
230250;6613;362;173;477;516;307;180;207;170;64;68;65;54;9256
230260;4958;389;895;525;989;181;202;241;291;203;149;101;122;9246
230270;1209;417;282;154;75;48;38;15;16;10;18;15;19;2316
230280;6381;149;283;313;189;179;103;84;185;175;72;128;118;8359
230290;887;153;185;51;26;10;8;10;13;22;6;5;0;1376
230300;1005;20;7;9;11;9;9;13;20;5;29;7;9;1153
230310;903;189;18;20;11;14;4;10;15;6;19;15;4;1228
230320;1564;161;84;124;89;74;54;33;41;44;12;21;9;2310
230330;720;85;65;107;22;74;15;27;17;13;21;6;4;1176
230340;893;22;13;37;30;13;24;30;12;16;15;10;11;1126
230350;7406;1247;1233;309;219;195;230;1713;288;259;442;301;179;14021
230360;897;112;35;11;9;3;55;200;5;13;5;7;2;1354
230365;511;88;18;170;28;18;13;9;56;5;5;2;3;926
230370;32647;2129;1439;2333;2298;1561;1438;2087;2240;1177;1236;1429;891;52905
230380;1264;51;48;46;22;33;16;35;14;7;12;30;12;1590
230390;846;997;15;17;170;39;17;10;19;11;4;3;2;2150
230393;494;130;119;67;29;47;10;11;106;15;12;5;9;1054
230395;1136;153;189;70;54;39;72;29;188;47;37;30;11;2055
230400;948;67;89;19;82;233;72;24;42;16;20;13;9;1634
230410;5312;325;185;503;257;161;186;226;190;166;123;91;99;7824
230420;17122;784;686;1017;1111;517;522;965;565;479;512;428;270;24978
230423;702;63;31;76;6;36;19;16;18;13;9;9;3;1001
230425;1424;83;401;110;70;63;42;395;49;40;60;37;26;2800
230426;457;110;81;28;13;36;4;21;46;15;14;7;2;834
230427;458;61;62;1;2;7;0;2;2;0;1;1;0;597
230428;36424;3203;1855;1476;1315;1433;1230;1303;1324;1342;1186;1192;811;54094
230430;1079;126;117;16;11;22;14;8;38;14;12;4;4;1465
230435;1752;181;157;200;90;103;74;66;113;58;54;94;27;2969
230440;752258;35229;33472;29715;24186;25002;24682;24606;29151;24329;25566;24008;17853;1070057
230445;794;260;225;92;61;27;18;43;187;42;33;24;14;1820
230450;2526;108;138;96;54;59;58;61;64;32;62;48;20;3326
230460;462;84;150;54;26;20;15;43;129;16;5;4;7;1015
230465;687;37;30;11;3;2;17;7;11;3;2;5;0;815
230470;1961;138;110;595;513;214;81;70;163;1044;578;50;8;5525
230480;380;92;34;37;14;12;6;1;82;5;5;3;8;679
230490;535;126;117;23;13;20;17;10;48;40;4;4;2;959
230495;1589;110;98;311;45;119;166;53;34;23;26;36;10;2620
230500;2653;117;38;33;92;37;22;36;30;26;25;119;18;3246
230510;727;74;72;17;7;9;16;5;11;14;13;8;20;993
230520;1119;40;10;8;8;8;6;13;11;8;4;6;0;1241
230523;16353;902;442;647;579;506;733;490;518;466;531;250;221;22638
230526;723;168;64;233;38;28;15;46;52;8;7;54;7;1443
230530;1222;105;70;55;38;58;127;26;34;17;16;19;7;1794
230533;716;78;55;41;46;33;11;7;9;19;9;6;1;1031
230535;4372;148;90;196;107;134;292;358;476;270;62;59;31;6595
230540;3835;192;141;139;150;172;176;51;111;90;103;73;22;5255
230550;13968;649;806;522;441;627;443;361;871;411;325;335;258;20017
230560;1354;60;37;51;55;61;39;41;30;26;18;17;1;1790
230565;427;104;271;70;20;5;16;9;111;17;8;12;4;1074
230570;833;12;59;58;18;5;1;2;31;3;8;7;6;1043
230580;2983;68;48;47;51;157;205;41;78;25;24;33;26;3786
230590;1671;118;258;77;31;74;24;16;227;48;31;13;6;2594
230600;721;11;134;14;21;18;24;41;17;44;9;4;1;1059
230610;1835;99;30;142;89;18;25;47;28;27;20;13;4;2377
230620;466;55;31;7;7;17;9;14;14;17;14;9;4;664
230625;4131;623;422;212;234;211;193;319;228;157;157;144;95;7126
230630;4397;400;214;588;207;177;125;302;766;285;121;97;36;7715
230640;11389;1048;649;1464;623;350;385;257;1834;411;423;200;135;19168
230650;708;177;357;29;42;23;33;29;249;12;17;8;5;1689
230655;2603;132;95;52;206;107;63;68;158;200;92;50;56;3882
230660;844;45;96;41;21;13;12;12;18;11;5;10;1;1129
230670;1019;45;19;16;13;39;21;1;10;7;9;3;4;1206
230680;673;72;101;28;20;44;17;12;20;9;8;17;2;1023
230690;2877;182;93;189;89;47;41;213;220;43;43;29;48;4114
230700;3344;363;151;661;76;67;113;94;66;75;49;40;41;5140
230710;1361;51;82;69;43;58;72;12;165;22;16;9;6;1966
230720;716;10;1;7;11;6;15;2;2;16;6;3;1;796
230725;3009;509;346;197;148;143;166;258;183;168;163;244;154;5688
230730;47567;2639;1938;2268;3143;1722;1756;2869;3600;2014;2253;1702;1148;74619
230740;1176;196;145;46;50;106;40;97;123;33;29;27;14;2082
230750;1494;75;39;134;27;8;11;6;63;17;19;9;3;1905
230760;6125;253;268;254;230;232;595;374;369;308;151;121;88;9368
230763;1161;16;36;13;58;11;12;9;64;8;4;4;2;1398
230765;53813;2129;2496;1851;1966;2409;1813;1749;1894;1852;1821;1823;1239;76855
230770;11607;1994;2216;700;410;455;449;943;1723;532;425;332;216;22002
230780;2646;357;148;130;91;92;54;60;112;79;107;64;64;4004
230790;575;77;215;23;31;13;28;53;15;40;51;2;2;1125
230800;1267;332;398;174;125;131;63;36;56;43;28;14;17;2684
230810;2259;247;131;203;41;150;33;17;45;56;43;11;16;3252
230820;742;98;30;55;50;55;30;32;24;30;23;5;3;1177
230830;1311;121;115;240;93;45;23;30;76;36;13;29;14;2146
230835;568;252;95;24;16;53;8;28;105;12;7;10;7;1185
230837;853;49;105;26;6;5;9;12;18;45;11;7;0;1146
230840;2389;141;359;302;333;205;116;68;116;76;77;26;36;4244
230850;2294;182;168;270;27;66;43;27;27;37;50;53;44;3288
230860;1248;18;13;34;26;15;11;8;8;3;7;7;2;1400
230870;5467;218;467;210;168;287;128;133;413;227;450;176;93;8437
230880;478;41;43;8;16;1;6;0;7;1;1;1;0;603
230890;783;187;349;70;31;22;22;15;99;39;15;14;5;1651
230900;658;260;227;22;10;12;13;10;179;10;10;6;0;1417
230910;649;11;4;4;56;20;14;19;25;21;18;8;6;855
230920;1197;95;36;52;65;29;25;28;60;51;43;23;20;1724
230930;1983;101;137;286;19;100;91;45;261;23;38;46;28;3158
230940;833;70;233;27;141;74;32;25;40;9;16;15;2;1517
230945;1093;171;277;77;71;104;37;193;256;48;37;42;21;2427
230950;875;22;5;5;9;4;5;3;3;2;15;1;1;950
230960;7378;659;321;585;540;291;307;286;663;331;224;222;168;11975
230970;6455;468;510;479;261;224;273;187;259;395;215;242;118;10086
230980;650;67;105;42;33;34;30;12;27;20;11;11;6;1048
230990;356;93;57;49;15;30;10;6;9;4;1;0;1;631
231000;525;53;91;34;11;7;9;23;52;6;7;9;6;833
231010;638;111;20;12;14;14;11;10;33;8;6;5;3;885
231020;3363;205;277;244;136;77;92;122;123;68;209;148;53;5117
231025;2629;282;242;213;159;96;93;80;93;188;81;99;88;4343
231030;1665;6;4;10;5;5;2;5;2;12;7;1;1;1725
231040;665;37;28;61;12;78;24;9;13;10;9;4;3;953
231050;1755;172;364;71;51;28;21;18;31;21;31;12;11;2586
231060;807;8;6;4;5;1;2;1;13;6;2;3;0;858
231070;4218;184;81;136;115;112;47;123;120;65;57;56;23;5337
231080;1955;157;152;148;171;124;77;145;121;87;105;106;66;3414
231085;1593;373;249;342;112;83;57;69;59;46;37;47;20;3087
231090;611;110;81;15;5;4;4;3;54;9;11;5;1;913
231095;348;81;51;50;56;34;20;17;22;8;9;5;1;702
231100;687;10;22;18;6;7;0;5;0;2;4;5;0;766
231110;638;275;26;89;40;14;9;15;0;4;3;6;4;1123
231120;645;59;19;13;105;5;11;6;13;10;9;7;7;909
231123;316;93;31;106;50;16;16;12;6;1;0;2;0;649
231126;1062;43;147;25;19;12;6;4;20;6;12;5;3;1364
231130;7071;548;291;451;395;221;147;173;222;204;165;192;129;10209
231135;877;121;37;75;21;26;26;13;27;23;17;15;4;1282
231140;4399;585;509;217;234;215;181;305;832;231;162;219;88;8177
231150;2545;164;84;156;61;85;45;61;142;98;93;64;21;3619
231160;2516;66;49;200;71;56;32;41;95;91;48;35;20;3320
231170;1176;98;122;18;34;55;29;42;18;10;23;7;7;1639
231180;9699;907;1184;548;446;332;258;1133;882;562;298;276;652;17177
231190;872;131;73;137;23;7;12;6;237;9;6;3;2;1518
231195;857;74;493;119;47;20;4;2;3;7;1;3;1;1631
231200;1767;95;104;60;36;34;27;9;49;21;65;21;48;2336
231210;977;136;24;16;19;11;11;4;18;10;8;11;0;1245
231220;3440;198;477;211;75;129;79;152;187;80;51;28;19;5126
231230;3717;130;151;74;91;54;103;123;156;77;85;53;31;4845
231240;11223;496;1417;674;421;380;536;446;423;1044;434;415;236;18145
231250;432;79;17;13;34;8;20;53;8;5;3;3;2;677
231260;453;50;72;239;53;43;10;6;178;57;74;13;4;1252
231270;2826;159;107;153;537;51;42;147;147;68;28;20;14;4299
231280;368;17;10;6;1;1;2;0;84;2;0;2;0;493
231290;43571;1683;2698;3013;1090;1495;1066;892;1569;1030;1718;1013;876;61714
231300;1312;187;122;116;53;38;21;21;23;63;60;31;9;2056
231310;2047;147;99;53;50;23;33;30;49;55;40;34;8;2668
231320;1217;236;217;53;29;13;19;11;12;4;13;6;2;1832
231325;442;1;1;0;0;1;2;1;0;1;0;1;0;450
231330;3959;456;172;735;192;129;159;138;444;92;133;83;30;6722
231335;1102;31;39;52;43;5;12;6;5;18;1;2;1;1317
231340;7056;308;296;443;210;342;319;211;584;286;226;241;137;10659
231350;3080;304;141;69;57;69;48;98;411;96;134;112;75;4694
231355;955;46;196;24;5;13;33;16;182;27;10;3;4;1514
231360;2703;148;191;71;69;87;132;123;195;96;106;78;35;4034
231370;335;60;30;23;5;4;28;3;3;2;7;23;1;524
231375;886;106;81;94;38;26;36;28;119;16;17;23;14;1484
231380;2520;453;331;20;88;59;155;147;49;65;18;24;5;3934
231390;1030;39;26;88;18;21;14;10;30;17;16;14;0;1323
231395;1359;180;271;37;47;44;20;14;23;21;14;14;6;2050
231400;2657;385;127;149;42;42;27;76;82;43;24;20;26;3700
231410;2836;159;42;16;111;124;20;28;53;81;52;23;38;3583
239999;0;0;0;0;0;0;0;0;0;0;0;0;0;0
240010;1003;56;18;22;9;20;19;21;24;13;12;14;14;1245
240020;5575;262;293;194;223;254;210;190;240;145;120;90;101;7897
240030;472;144;91;49;157;52;20;19;60;43;32;7;1;1147
240040;207;6;8;8;12;5;3;3;5;1;10;1;0;269
240050;753;125;29;91;30;12;22;9;24;16;6;3;7;1127
240060;172;17;1;1;2;2;1;1;1;2;2;0;1;203
240070;2065;251;170;71;53;24;67;41;93;59;47;23;23;2987
240080;662;118;63;84;24;42;24;21;17;21;27;7;10;1120
240090;313;4;6;4;0;1;23;1;3;1;0;0;1;357
240100;3239;277;194;63;56;91;159;171;472;204;137;69;15;5147
240110;4131;343;117;88;84;86;106;95;110;74;69;59;32;5394
240120;2586;158;136;183;33;17;20;245;13;17;15;36;20;3479
240130;481;54;13;10;18;9;5;2;5;4;13;21;1;636
240140;3161;99;18;86;15;26;109;31;67;1302;82;9;10;5015
240145;3347;183;111;141;219;192;201;330;293;173;70;85;55;5400
240150;250;36;3;21;4;66;14;4;2;1;2;2;1;406
240160;298;34;12;46;21;4;43;2;4;5;1;2;3;475
240165;400;96;47;18;7;12;18;10;5;3;3;5;4;628
240170;395;62;7;47;6;5;4;6;7;10;6;12;2;569
240180;673;116;77;138;37;24;49;52;57;14;50;20;16;1323
240185;249;118;30;33;10;13;17;25;27;15;40;18;28;623
240190;210;41;20;41;10;10;5;5;1;4;5;1;4;357
240200;9457;532;262;425;272;231;356;251;266;247;271;286;141;12997
240210;518;12;40;36;4;6;78;68;11;7;3;3;0;786
240220;3055;677;201;252;150;108;76;82;290;103;83;100;84;5261
240230;1334;65;41;221;38;69;34;20;113;39;16;30;14;2034
240240;1234;63;41;37;25;17;31;21;49;20;19;31;9;1597
240250;612;142;37;75;21;52;63;20;18;164;26;9;6;1245
240260;5314;567;259;677;331;161;208;149;154;280;134;183;215;8632
240270;840;34;20;10;10;26;22;7;17;7;18;5;0;1016
240280;267;39;25;50;17;7;6;2;3;0;1;1;2;420
240290;233;40;17;3;4;6;8;3;3;3;2;0;1;323
240300;964;42;37;18;27;22;32;17;26;12;12;8;6;1223
240310;5823;187;168;111;109;129;123;104;125;116;111;96;58;7260
240320;342;18;24;7;8;5;2;2;2;6;10;2;1;429
240325;38380;2414;1691;1613;1566;1533;1499;1466;1682;1250;1361;1107;1144;56706
240330;305;48;29;31;3;7;3;1;0;2;1;2;0;432
240340;516;22;8;10;11;6;6;2;1;7;14;12;2;617
240350;295;99;63;118;46;23;9;8;6;6;2;17;0;692
240360;2202;192;284;168;162;211;175;216;188;274;202;124;116;4514
240370;347;47;8;11;3;2;4;1;7;2;3;1;0;436
240375;194;41;14;75;12;2;13;15;3;22;0;0;0;391
240380;581;10;31;23;13;11;9;9;20;7;3;3;0;720
240390;159;12;3;26;6;3;2;2;2;1;2;2;1;221
240400;215;10;2;1;5;1;4;0;9;1;0;3;3;254
240410;483;123;34;22;25;35;38;34;35;20;13;9;10;881
240420;2807;509;166;415;86;125;128;78;409;64;67;68;142;5064
240430;816;106;35;23;18;14;28;42;27;56;33;22;10;1230
240440;968;38;116;88;28;30;18;35;7;29;19;23;9;1408
240450;1933;857;288;134;102;131;91;34;51;26;82;71;24;3824
240460;601;158;57;190;21;59;16;28;22;22;3;2;4;1183
240470;1697;120;86;152;81;30;152;119;257;160;17;6;18;2895
240480;241;23;12;9;5;16;8;7;2;3;3;1;0;330
240485;867;166;68;163;40;38;26;19;18;9;16;10;0;1440
240490;279;60;8;6;2;1;3;28;5;3;12;2;1;410
240500;343;106;7;27;14;7;1;4;2;2;3;5;1;522
240510;627;81;39;116;23;11;60;13;53;86;120;49;10;1288
240520;408;30;16;9;8;2;16;3;41;1;93;5;0;632
240530;306;41;8;5;50;10;5;2;8;14;3;1;0;453
240540;225;125;26;29;9;4;1;2;1;3;0;2;4;431
240550;200;13;18;53;20;2;1;3;2;3;3;4;0;322
240560;1165;153;76;28;22;39;49;33;23;115;18;86;15;1822
240570;1456;115;61;72;42;28;43;53;30;19;22;47;12;2000
240580;2485;245;95;64;107;51;58;48;60;57;35;54;26;3385
240590;163;16;6;5;0;1;4;3;0;4;4;0;0;206
240600;202;63;16;78;13;6;3;5;6;2;2;4;1;401
240610;1513;73;53;110;51;55;44;55;40;47;37;26;15;2119
240615;164;63;31;90;3;6;2;1;4;3;6;5;0;378
240620;290;49;16;36;6;13;7;3;6;2;0;3;1;432
240630;254;83;17;157;18;8;7;6;20;3;3;2;1;579
240640;249;52;19;28;9;4;3;54;9;19;4;1;2;453
240650;957;31;39;44;35;25;24;22;29;18;15;30;10;1279
240660;326;115;35;112;23;19;16;9;10;3;2;2;5;677
240670;898;39;11;22;38;14;18;14;20;24;24;11;6;1139
240680;297;30;20;77;9;7;3;8;4;1;1;2;0;459
240690;188;49;5;19;2;0;3;2;2;1;5;1;6;283
240700;404;20;7;22;8;19;0;4;8;5;1;13;1;512
240710;10528;336;501;280;267;317;333;229;364;275;356;249;142;14177
240720;3414;375;84;77;108;261;106;377;122;150;136;82;40;5332
240725;218;13;3;64;1;3;1;10;3;0;2;1;1;320
240730;262;17;4;5;2;1;1;2;3;1;0;0;0;298
240740;355;123;52;120;12;143;21;80;13;13;37;9;10;988
240750;762;86;28;132;51;18;15;14;20;12;10;6;51;1205
240760;336;2;1;6;0;5;1;3;2;0;17;4;5;382
240770;483;111;20;105;11;37;8;9;18;9;7;11;13;842
240780;1534;78;50;224;30;27;36;29;24;23;32;18;15;2120
240790;173;79;11;47;9;6;13;11;7;4;3;6;2;371
240800;57763;2747;2105;1903;1695;2273;2348;2400;2993;1826;1967;1717;1475;83212
240810;297376;9126;7993;8355;7763;7954;8292;7199;8621;7395;7371;7490;6173;391108
240820;1984;614;125;211;193;151;162;133;79;93;75;75;52;3947
240830;2861;350;210;337;91;78;66;53;58;87;59;25;35;4310
240840;145;65;9;22;0;7;3;1;1;1;2;1;7;264
240850;432;30;11;5;4;2;6;3;12;2;3;6;3;519
240860;217;4;2;5;0;0;3;0;3;0;1;1;0;236
240870;252;39;21;19;6;11;1;9;14;0;45;22;1;440
240880;191;74;42;91;45;11;6;12;3;14;9;4;1;503
240890;3158;176;121;87;99;96;84;75;87;73;50;72;50;4228
240895;538;140;39;140;42;27;14;25;18;20;17;2;5;1027
240910;649;212;18;25;18;9;10;6;9;30;18;13;6;1023
240920;214;126;18;93;15;9;5;5;5;9;1;7;3;510
240930;569;73;75;38;22;31;7;20;6;3;19;11;5;879
240933;297;103;29;12;5;28;3;32;8;4;11;20;6;558
240940;3296;130;121;121;78;69;78;71;94;107;122;61;37;4385
240950;591;79;41;88;14;36;18;21;28;14;12;13;10;965
240960;170;66;18;28;11;12;6;10;4;6;4;5;6;346
240970;369;60;56;30;19;76;7;14;12;5;5;1;0;654
240980;741;185;60;221;20;33;19;13;19;27;5;5;8;1356
240990;1199;354;80;261;207;65;82;48;121;36;43;63;41;2600
241000;242;5;3;2;3;8;2;2;1;0;0;0;0;268
241010;563;69;28;65;16;25;26;21;17;15;10;7;7;869
241020;371;40;48;17;8;4;4;26;24;20;5;20;1;588
241025;645;46;46;56;29;32;15;21;31;17;9;19;15;981
241030;577;12;7;15;8;10;24;13;15;15;9;22;5;732
241040;621;82;10;21;20;22;15;9;48;3;4;5;4;864
241050;190;6;0;1;0;1;0;0;0;0;1;4;5;208
241060;255;10;24;3;5;0;2;0;2;1;0;0;2;304
241070;212;7;38;5;0;1;4;1;3;1;3;2;0;277
241080;138;60;36;4;2;1;1;0;1;1;0;0;0;244
241090;370;28;6;13;2;1;4;4;2;2;1;5;1;439
241100;276;40;14;5;1;3;25;2;5;0;2;7;2;382
241105;423;285;35;49;36;24;13;52;22;31;10;13;41;1034
241110;260;24;24;8;13;0;2;2;2;0;1;0;0;336
241120;3183;123;60;120;93;77;102;133;88;63;58;98;50;4248
241140;677;147;31;65;19;12;15;18;11;12;4;3;6;1020
241142;467;34;20;16;17;16;13;1;7;3;4;2;7;607
241150;1165;240;279;240;115;50;43;26;27;30;17;15;11;2258
241160;860;191;111;149;130;57;34;34;49;77;33;43;7;1775
241170;320;25;11;21;8;1;0;0;2;0;0;1;0;389
241180;446;25;12;16;4;9;18;2;10;2;12;4;3;563
241190;392;36;68;32;9;8;3;4;22;10;4;2;2;592
241200;10717;656;892;403;396;333;291;404;329;335;415;470;336;15977
241210;336;45;9;7;3;7;3;3;3;6;14;6;1;443
241220;4989;266;224;329;161;181;129;144;149;185;129;90;81;7057
241230;480;149;49;132;36;7;14;7;6;11;5;14;18;928
241240;875;95;46;53;53;43;60;62;25;73;23;25;4;1437
241250;1078;49;47;28;20;29;20;17;32;13;17;15;9;1374
241255;551;155;38;68;19;17;39;13;40;25;25;41;28;1059
241260;1004;229;45;123;50;44;169;26;22;15;24;14;11;1776
241270;326;61;14;23;53;22;12;10;12;5;10;7;8;563
241280;306;84;17;49;15;2;8;6;6;10;13;1;3;520
241290;585;83;42;81;75;26;17;21;11;8;16;7;10;982
241300;572;28;25;16;11;8;6;34;6;4;5;1;4;720
241310;228;42;19;17;24;27;16;6;10;4;0;0;0;393
241320;226;45;18;81;28;9;13;5;2;2;5;1;0;435
241330;258;156;28;82;24;10;7;8;6;2;8;18;0;607
241335;680;82;49;74;49;10;51;12;7;19;13;9;5;1060
241340;837;42;25;28;65;18;23;25;38;37;32;47;18;1235
241350;222;9;6;1;5;2;2;0;2;2;1;0;0;252
241355;288;12;3;8;1;2;0;1;0;1;1;1;0;318
241360;282;23;14;2;8;2;1;1;0;0;2;1;1;337
241370;241;87;23;34;10;7;6;0;6;18;18;6;4;460
241380;201;76;5;59;12;9;1;4;1;0;3;1;0;372
241390;687;66;60;31;91;39;21;9;12;20;10;18;9;1073
241400;989;56;51;44;21;24;24;67;31;17;37;18;4;1383
241410;321;13;6;20;8;7;7;11;8;12;19;12;3;447
241415;439;48;8;15;3;9;1;12;8;11;4;7;4;569
241420;3101;293;214;210;118;132;83;114;172;111;123;144;171;4986
241430;201;37;9;15;2;17;13;0;3;0;2;3;0;302
241440;2160;284;76;268;58;152;65;53;62;68;63;48;36;3393
241445;231;52;9;7;5;3;3;1;55;4;0;1;2;373
241450;623;125;28;45;12;14;8;18;9;7;22;2;2;915
241460;731;152;62;37;32;104;18;27;64;75;18;23;1;1344
241470;252;28;19;6;10;7;1;8;0;44;1;3;2;381
241475;225;43;22;14;4;1;1;1;6;2;2;3;1;325
241480;725;94;39;56;20;11;21;10;7;9;5;6;0;1003
241490;121;20;84;9;2;6;9;9;12;0;2;0;3;277
241500;97;120;20;94;27;9;0;3;13;6;13;4;4;410
249999;0;0;0;0;0;0;0;0;0;0;0;0;0;0
250010;677;92;104;35;24;26;17;17;9;21;8;9;7;1046
250020;371;8;5;5;2;9;0;0;1;2;2;5;2;412
250030;1642;72;60;54;39;34;20;14;57;31;15;11;3;2052
250040;1674;183;147;35;57;154;39;29;36;92;29;22;15;2512
250050;539;44;17;15;35;10;21;18;18;13;15;8;2;755
250053;306;49;23;47;11;1;6;2;4;1;2;2;0;454
250057;250;58;25;24;10;12;4;5;4;37;6;2;1;438
250060;3102;151;149;131;178;182;134;68;125;152;203;107;67;4749
250070;1209;26;40;84;44;21;28;13;21;33;21;20;15;1575
250073;273;19;18;11;14;2;2;1;0;0;1;1;0;342
250077;429;2;10;14;10;10;13;5;3;10;8;3;4;521
250080;822;154;42;12;36;5;7;2;12;2;4;1;1;1100
250090;509;112;47;23;13;13;6;7;6;7;4;3;4;754
250100;865;121;15;36;41;17;40;17;17;7;21;7;7;1211
250110;1371;181;27;21;42;22;14;16;16;23;34;26;24;1817
250115;188;18;37;10;4;3;10;11;1;3;0;0;0;285
250120;285;64;14;56;8;12;8;8;4;9;2;3;4;477
250130;1075;53;33;132;54;30;13;18;24;10;11;9;11;1473
250135;282;19;22;14;10;6;6;1;6;2;0;1;0;369
250140;272;179;44;248;29;19;18;192;20;24;4;3;2;1054
250150;1366;73;35;62;38;33;17;38;56;59;38;39;3;1857
250153;274;11;15;11;6;5;7;7;11;0;3;2;0;352
250157;448;7;10;27;6;7;5;6;10;4;1;5;0;536
250160;677;52;29;59;18;6;7;59;23;69;8;22;1;1030
250170;262;58;85;25;6;3;2;5;2;2;1;2;1;454
250180;9011;914;897;482;260;243;259;176;280;270;234;228;170;13424
250190;912;287;248;88;43;24;10;14;18;27;23;25;5;1724
250200;386;18;14;12;3;4;8;3;6;3;0;2;0;459
250205;272;52;23;8;9;4;1;3;2;3;0;0;2;379
250210;386;7;10;16;6;6;6;3;2;5;1;0;0;448
250215;881;52;49;26;8;22;7;27;12;5;15;10;4;1118
250220;196;9;79;13;10;9;8;1;33;2;3;2;2;367
250230;328;16;0;2;1;5;3;3;0;0;3;0;0;361
250240;513;21;18;6;10;3;8;6;10;2;3;3;0;603
250250;825;307;152;16;9;20;17;19;17;14;13;8;6;1423
250260;383;8;19;7;10;8;11;3;13;4;1;1;0;468
250270;286;41;31;13;11;11;3;4;3;0;1;2;0;406
250280;669;69;50;28;34;30;16;15;5;19;12;4;2;953
250290;288;7;6;1;3;2;7;15;4;6;3;0;0;342
250300;3509;301;151;178;24;25;44;31;211;1006;42;38;26;5586
250310;276;43;34;11;6;4;1;8;1;4;5;0;1;394
250320;17916;918;972;885;602;489;574;430;644;546;520;455;509;25460
250330;467;40;50;48;5;10;14;16;10;30;10;11;6;717
250340;236;26;33;32;9;6;15;7;5;1;0;2;0;372
250350;519;70;64;81;75;16;11;16;19;8;31;10;4;924
250355;415;41;7;22;16;4;3;8;1;3;1;0;0;521
250360;434;8;0;2;5;4;2;6;2;8;3;1;1;476
250370;7658;636;294;229;226;202;191;203;213;129;123;142;75;10321
250375;250;13;9;69;8;3;6;2;6;5;2;0;0;373
250380;458;19;4;64;7;54;8;2;12;4;15;4;0;651
250390;330;28;14;2;6;1;1;10;4;7;2;4;2;411
250400;100752;3625;3107;2965;2324;2647;2550;3040;2673;2485;3249;3195;2208;134820
250403;357;40;10;47;10;14;6;6;32;11;10;2;21;566
250407;178;67;46;15;14;9;3;7;3;1;1;4;0;348
250410;235;4;21;4;0;3;0;0;0;0;0;0;0;267
250415;374;70;24;30;17;4;4;4;3;0;2;1;0;533
250420;304;13;21;8;10;4;11;5;8;6;4;0;1;395
250430;2988;65;55;39;60;52;86;56;45;149;129;69;39;3832
250435;460;32;43;8;12;13;1;6;8;7;7;5;0;602
250440;853;18;59;88;62;45;46;18;32;26;7;7;1;1262
250450;350;8;4;9;10;16;0;8;1;6;4;1;2;419
250460;3679;507;367;504;138;241;311;174;128;166;129;134;97;6575
250470;349;23;39;19;5;5;2;2;47;12;5;1;1;510
250480;424;15;24;34;12;11;7;112;11;7;14;10;6;687
250485;114;23;30;8;1;0;2;2;0;1;1;0;0;182
250490;1205;44;12;6;6;8;3;3;0;343;5;5;5;1645
250500;412;56;9;44;9;4;0;1;3;3;1;3;0;545
250510;1065;103;54;89;44;37;30;18;26;22;14;14;20;1536
250520;488;34;18;20;14;6;6;2;3;3;20;1;0;615
250523;489;24;2;8;6;0;1;1;23;19;14;8;1;596
250527;304;30;7;17;13;4;6;8;4;8;2;2;0;405
250530;153;21;7;7;1;0;0;0;0;0;2;1;0;192
250535;310;48;21;24;4;2;4;6;1;0;5;0;2;427
250540;318;21;8;59;10;13;7;6;13;11;3;3;0;472
250550;227;69;8;61;22;3;22;9;2;3;8;1;5;440
250560;270;131;28;30;12;1;1;2;0;1;2;1;0;479
250570;448;32;46;22;7;6;5;7;3;3;1;3;3;586
250580;285;29;16;23;13;11;12;7;7;11;2;6;0;422
250590;290;5;6;6;10;2;2;2;1;0;0;1;0;325
250600;3424;297;392;138;86;110;74;548;70;74;47;42;21;5323
250610;491;65;13;5;5;3;6;0;1;3;6;7;0;605
250620;220;38;11;8;8;2;1;1;0;0;0;0;1;290
250625;426;13;10;4;5;8;0;7;1;3;1;1;0;479
250630;9246;337;247;291;257;232;184;196;176;219;197;231;88;11901
250640;924;158;32;127;21;26;31;21;22;22;4;5;2;1395
250650;264;12;25;17;10;5;3;4;2;12;4;4;0;362
250660;280;18;21;16;7;11;2;6;3;1;1;0;1;367
250670;463;5;5;32;4;0;7;1;7;3;1;1;0;529
250680;1468;73;71;29;22;17;4;11;17;23;7;17;24;1783
250690;1802;120;156;82;92;95;57;51;42;37;50;31;37;2652
250700;2537;103;77;75;71;93;40;43;17;52;35;67;61;3271
250710;1181;41;24;46;17;71;29;19;94;16;8;11;9;1566
250720;551;126;40;63;25;42;13;5;17;16;10;6;15;929
250730;699;158;39;147;59;16;17;17;17;9;59;6;13;1256
250740;395;43;17;16;18;5;2;8;7;11;5;5;1;533
250750;249731;26167;7353;6597;6906;6802;6896;6968;6987;5512;5615;8696;4531;348761
250760;357;73;10;20;11;8;2;5;3;1;1;1;1;493
250770;1254;21;20;27;32;28;8;23;17;14;38;13;7;1502
250780;545;90;28;15;8;7;3;12;2;8;13;3;4;738
250790;973;20;21;16;18;16;10;51;205;15;12;7;4;1368
250800;429;3;2;0;0;1;0;3;0;0;0;2;1;441
250810;244;38;22;62;18;5;3;12;16;6;6;1;0;433
250820;349;59;80;66;23;7;4;5;4;0;2;4;1;604
250830;1700;73;84;47;45;45;32;32;25;21;28;29;12;2173
250840;161;25;27;57;1;5;1;6;3;1;2;3;2;294
250850;352;90;31;20;10;2;2;13;3;1;2;0;0;526
250855;216;13;0;41;1;4;5;6;2;0;1;1;0;290
250860;2053;41;41;12;29;114;25;20;20;12;17;24;8;2416
250870;207;51;26;11;6;1;10;4;19;2;2;6;5;350
250880;402;1;13;12;3;5;10;3;1;9;3;0;4;466
250890;6716;422;174;169;159;143;130;143;1430;114;146;135;79;9960
250900;319;117;22;83;20;8;3;2;5;6;4;1;0;590
250905;343;84;26;81;16;5;0;9;11;58;6;7;6;652
250910;1183;68;54;67;38;127;27;13;16;23;25;30;9;1680
250915;425;29;79;31;8;5;3;3;4;7;9;2;0;605
250920;573;13;12;29;3;5;4;5;3;4;2;3;4;660
250930;1106;109;41;80;146;32;82;20;298;190;63;4;3;2174
250933;193;80;56;4;3;1;1;7;1;1;0;0;0;347
250937;176;30;30;15;6;5;0;0;2;1;0;0;0;265
250939;327;24;35;4;5;6;5;4;7;2;1;1;3;424
250940;1601;81;89;25;21;12;7;11;8;7;7;4;1;1874
250950;323;77;17;14;34;33;30;7;11;14;1;6;3;570
250960;173;42;25;28;9;2;3;1;8;0;2;1;0;294
250970;2389;363;189;80;94;75;53;47;39;40;42;41;29;3481
250980;601;47;38;9;7;6;15;1;7;3;4;3;3;744
250990;629;9;14;14;4;7;12;3;7;7;6;2;0;714
251000;346;20;1;5;0;4;1;1;20;0;1;2;2;403
251010;535;42;28;13;17;18;7;7;17;17;3;12;4;720
251020;372;19;17;10;0;2;5;0;4;4;4;1;1;439
251030;367;30;4;4;3;4;3;2;2;4;1;5;1;430
251040;358;16;5;4;0;1;1;1;2;1;0;1;0;390
251050;226;20;1;41;8;15;2;3;3;4;1;2;0;326
251060;191;85;28;1;2;2;3;2;0;1;0;0;0;315
251065;167;34;13;10;1;1;0;0;1;0;0;0;0;227
251070;231;6;1;3;8;3;1;0;1;0;1;0;0;255
251080;13050;770;509;498;421;491;446;328;380;275;348;525;195;18236
251090;584;24;14;8;1;10;7;5;5;4;7;4;1;674
251100;278;1;9;11;8;0;2;1;0;1;0;0;0;311
251110;631;22;4;5;12;5;8;5;8;3;7;2;0;712
251120;5009;78;128;120;73;86;56;866;255;320;95;70;35;7191
251130;1018;137;211;61;16;21;36;55;8;13;6;3;1;1586
251140;1279;46;71;62;35;17;31;33;27;17;35;17;12;1682
251150;820;54;23;18;6;9;13;18;28;99;242;17;2;1349
251160;323;25;30;22;11;10;4;5;5;1;7;2;1;446
251170;209;59;23;8;6;9;7;5;6;3;3;2;0;340
251180;532;45;17;7;9;28;20;9;11;5;3;5;4;695
251190;1015;25;65;135;39;58;24;15;11;49;10;12;12;1470
251200;1111;40;64;105;62;17;21;29;23;20;70;53;21;1636
251203;321;4;49;7;3;6;2;4;4;1;0;0;1;402
251207;356;76;24;13;3;8;6;4;1;3;3;0;0;497
251210;2565;79;47;111;44;42;40;30;32;35;43;39;31;3138
251220;217;27;44;9;8;2;7;4;6;6;8;5;3;346
251230;1441;83;32;20;11;13;13;7;35;15;17;25;23;1735
251240;607;78;14;73;28;14;11;21;7;1;5;3;5;867
251250;2887;283;291;162;97;103;89;88;73;70;77;103;50;4373
251260;218;14;16;7;6;3;0;0;0;1;0;0;0;265
251270;1123;35;65;40;14;17;11;15;14;10;12;5;7;1368
251272;307;32;23;14;7;2;3;1;3;2;0;1;1;396
251274;246;124;3;9;3;3;0;15;8;2;1;0;0;414
251275;322;23;38;9;9;11;5;7;5;9;1;2;0;441
251276;233;15;56;49;16;12;11;14;5;1;2;2;0;416
251278;147;41;28;64;4;4;11;34;2;0;3;3;0;341
251280;381;56;13;9;18;2;9;54;4;3;8;12;2;571
251290;3872;169;68;123;67;51;152;27;1455;108;75;58;213;6438
251300;179;14;20;8;4;4;2;3;3;0;4;1;0;242
251310;1006;160;62;80;24;16;13;36;21;24;9;1;1;1453
251315;314;64;36;13;9;4;2;0;7;2;5;6;1;463
251320;335;30;36;9;6;3;13;2;5;1;1;4;0;445
251330;398;4;11;7;1;1;2;5;1;2;1;0;4;437
251335;268;6;7;1;1;1;0;1;3;0;1;0;0;289
251340;1322;101;42;26;18;37;12;24;37;22;39;19;11;1710
251350;357;9;2;4;2;1;1;1;0;0;2;0;0;379
251360;379;6;12;4;1;1;3;1;7;4;3;1;1;423
251365;248;61;22;2;4;2;2;0;3;0;2;0;0;346
251370;22013;829;526;495;854;390;453;1654;1473;1011;548;400;264;30910
251380;423;43;58;14;6;6;1;5;29;4;66;1;0;656
251385;134;78;35;12;15;2;10;44;13;3;0;3;2;351
251390;2488;231;67;50;69;280;46;45;219;65;104;40;22;3726
251392;373;8;6;7;9;11;7;2;3;6;2;1;0;435
251394;110;57;30;4;0;2;0;1;1;0;0;0;1;206
251396;227;29;13;6;4;3;0;0;0;0;12;0;4;298
251398;193;43;12;4;3;5;1;4;1;0;1;0;0;267
251400;315;61;89;19;11;0;3;3;3;4;3;3;0;514
251410;176;59;43;19;4;6;0;1;0;2;0;0;0;310
251420;343;49;35;32;9;2;4;5;8;3;4;3;1;498
251430;223;9;14;3;0;1;1;1;0;1;3;0;1;257
251440;597;34;20;23;3;5;1;2;5;1;1;2;1;695
251445;245;156;15;120;11;3;4;3;2;4;4;1;5;573
251450;726;68;187;41;29;13;23;22;15;30;5;13;3;1175
251455;150;1;0;0;0;1;2;0;0;0;1;0;0;155
251460;129;5;1;1;2;1;0;0;17;0;1;0;0;157
251465;186;16;37;4;3;2;0;5;0;1;0;0;0;254
251470;398;6;4;7;2;1;1;1;2;0;5;2;0;429
251480;189;14;4;46;17;8;5;3;5;0;0;0;1;292
251490;489;52;14;5;2;1;6;2;6;2;10;5;3;597
251500;519;4;5;25;2;6;2;2;5;7;7;1;0;585
251510;458;71;39;6;16;6;5;10;11;2;3;2;1;630
251520;205;6;7;6;2;2;2;0;0;0;0;0;0;230
251530;3432;358;146;317;197;96;110;202;164;83;93;77;22;5297
251540;406;6;26;56;5;1;1;3;17;10;6;15;2;554
251550;680;73;70;110;26;36;25;13;15;14;9;11;3;1085
251560;266;21;25;16;8;7;3;1;0;2;8;0;0;357
251570;256;3;2;3;0;3;0;0;0;0;1;0;0;268
251580;616;41;70;45;6;56;6;4;8;0;4;0;4;860
251590;256;54;18;13;5;6;2;2;3;6;1;0;0;366
251593;439;37;31;59;16;6;8;1;11;1;1;15;7;632
251597;400;49;30;42;30;18;17;11;18;10;4;0;1;630
251600;1386;155;116;141;39;36;49;72;46;37;29;32;8;2146
251610;1100;70;28;41;22;20;32;29;12;26;23;25;2;1430
251615;278;21;12;7;2;4;3;1;2;0;3;3;0;336
251620;8534;294;248;341;194;237;184;401;359;208;164;182;124;11470
251630;1124;211;147;27;27;22;28;151;34;31;22;14;8;1846
251640;500;15;6;53;6;14;3;2;4;2;1;3;2;611
251650;1018;38;26;22;18;57;19;9;11;10;8;7;2;1245
251660;574;103;37;29;16;16;23;13;8;9;10;16;5;859
251670;728;27;60;56;66;26;18;76;26;22;9;16;10;1140
251675;273;16;2;3;5;2;4;3;0;1;2;1;0;312
251680;468;12;2;28;14;1;3;3;4;4;4;6;0;549
251690;897;283;86;94;28;53;17;46;21;27;10;16;14;1592
251700;440;59;70;29;12;7;13;10;6;3;3;2;1;655
251710;302;37;18;15;3;1;10;3;1;4;6;1;0;401
251720;250;19;78;24;6;7;1;2;21;3;3;0;0;414
251740;148;6;46;6;5;4;2;3;1;0;0;1;0;222
259999;0;0;0;0;0;0;0;0;0;0;0;0;0;0
260005;10903;1419;623;351;220;277;245;365;404;370;314;305;216;16012
260010;2700;106;62;99;115;138;43;43;75;58;162;109;68;3778
260020;1241;317;153;310;89;114;64;30;128;58;28;52;32;2616
260030;1399;271;585;79;45;514;30;37;506;38;31;51;21;3607
260040;1621;253;110;285;111;71;35;24;35;73;243;28;11;2900
260050;1816;56;59;97;70;27;35;26;36;16;14;12;12;2276
260060;683;81;99;86;23;8;8;13;11;6;9;7;3;1037
260070;2745;302;143;161;45;86;117;261;518;726;98;49;28;5279
260080;788;188;169;74;55;33;9;20;25;11;52;126;26;1576
260090;1414;86;64;162;30;20;106;7;30;75;197;50;13;2254
260100;482;73;39;13;45;17;9;13;9;17;9;5;5;736
260105;647;290;139;70;65;25;5;24;160;35;13;9;1;1483
260110;6438;457;195;191;374;280;193;138;145;147;78;83;78;8797
260120;8114;454;407;170;251;236;167;207;255;372;150;200;108;11091
260130;4371;256;45;200;82;576;239;190;252;323;1511;172;215;8432
260140;3525;521;343;78;70;60;43;51;83;72;287;146;76;5355
260150;213;220;152;47;41;3;2;6;6;3;2;3;2;700
260160;1945;186;133;69;25;56;61;27;85;186;274;129;15;3191
260170;9605;1206;400;668;505;391;240;225;1168;589;406;325;200;15928
260180;501;53;57;19;14;17;14;24;8;50;13;7;1;778
260190;8882;533;625;214;345;179;163;163;173;187;310;120;94;11988
260200;1488;119;21;21;23;16;20;11;10;9;7;14;5;1764
260210;2354;99;47;246;52;80;162;77;55;30;73;49;13;3337
260220;1759;361;386;142;110;41;19;33;46;33;22;38;31;3021
260230;2414;307;323;106;27;185;78;43;68;39;42;80;80;3792
260240;490;67;126;16;10;9;53;5;10;22;8;4;5;825
260250;245;52;64;119;14;23;27;15;6;15;1;4;1;586
260260;2106;658;401;113;120;58;54;84;36;36;48;46;8;3768
260270;624;25;20;24;13;34;21;14;12;9;8;1;10;815
260280;1852;597;116;280;57;103;63;49;53;39;53;43;8;3313
260290;35321;1895;1103;1021;993;1050;880;986;1220;2566;1220;1299;820;50374
260300;2192;267;202;403;74;64;34;35;516;80;100;30;21;4018
260310;1094;97;45;32;27;37;18;18;41;15;12;17;12;1465
260320;606;246;153;8;17;7;3;22;12;4;6;9;5;1098
260330;256;69;24;92;16;6;4;5;0;0;1;3;1;477
260340;298;31;3;22;3;4;1;4;19;1;1;0;1;388
260345;10961;1343;708;567;407;405;450;343;467;429;324;411;261;17076
260350;930;81;57;78;25;18;16;14;17;13;5;16;2;1272
260360;4237;35;78;17;147;277;71;157;987;89;30;10;25;6160
260370;1033;142;71;36;26;13;26;23;22;23;20;18;7;1460
260380;834;56;23;13;23;8;5;9;7;6;3;2;5;994
260390;973;27;11;9;10;12;65;18;16;14;18;4;30;1207
260392;338;55;110;22;24;7;2;5;6;3;3;3;16;594
260400;10043;755;443;242;283;256;409;284;322;202;369;252;164;14024
260410;72360;2818;2104;2081;2492;2346;2243;2223;2577;2427;2312;2239;1566;99788
260415;560;91;113;70;24;23;24;11;12;5;4;0;0;937
260420;1791;225;486;87;38;25;54;19;32;27;22;67;12;2885
260430;557;91;21;55;20;9;17;5;6;5;5;0;2;793
260440;453;136;21;124;14;5;4;26;9;5;5;2;2;806
260450;1279;66;28;71;93;28;40;38;22;151;34;16;5;1871
260460;1661;241;138;57;62;53;50;84;101;51;43;59;19;2619
260470;688;206;161;12;24;9;8;8;5;17;13;3;70;1224
260480;1486;209;137;12;14;14;3;2;6;12;467;25;4;2391
260490;517;138;24;105;48;12;24;12;24;15;5;8;2;934
260500;1742;392;226;70;54;61;41;41;33;31;151;31;41;2914
260510;2157;377;245;119;136;110;67;69;115;36;82;67;30;3610
260515;1540;114;112;156;43;50;34;32;98;48;44;53;27;2351
260520;6597;1113;662;401;263;238;346;289;365;452;476;260;411;11873
260530;1664;126;74;32;17;31;25;13;16;17;29;12;17;2073
260540;1185;163;96;42;32;19;12;44;30;35;35;21;3;1717
260545;1477;109;74;133;106;94;88;76;104;100;120;109;100;2690
260550;839;91;51;58;87;34;48;45;126;68;32;30;20;1529
260560;485;218;247;29;32;28;10;16;5;7;16;106;11;1210
260570;2722;405;61;438;132;161;108;78;91;81;56;71;112;4516
260580;435;216;113;46;13;35;13;14;185;23;22;11;4;1130
260590;1457;27;12;78;13;5;8;9;16;7;165;16;4;1817
260600;17854;1113;1247;633;701;548;394;487;601;492;439;480;468;25457
260610;2014;293;104;258;51;39;63;81;85;58;42;63;19;3170
260620;18415;517;344;367;421;684;575;592;824;876;497;733;898;25743
260630;338;86;22;57;17;9;8;8;8;0;0;9;3;565
260640;9091;395;291;444;324;364;413;250;252;213;228;221;220;12706
260650;629;232;139;42;12;17;21;10;19;21;5;6;6;1159
260660;1001;410;106;47;45;46;15;18;25;21;22;52;5;1813
260670;235;125;126;46;13;12;7;6;2;1;1;2;1;577
260680;17234;1054;446;817;369;509;402;406;2629;480;488;382;213;25429
260690;408;50;11;11;2;5;7;11;7;3;5;4;0;524
260700;1361;37;39;136;11;13;8;4;7;65;16;12;0;1709
260710;270;9;5;2;0;2;4;0;2;1;3;1;1;300
260720;29671;3115;818;731;715;4639;823;1130;1596;1955;1845;953;834;48825
260730;2045;27;21;59;13;20;14;18;17;5;22;11;11;2283
260740;368;105;89;34;17;6;21;10;12;12;17;19;3;713
260750;944;107;28;37;13;17;12;16;13;6;2;16;2;1213
260760;1298;403;92;108;30;34;34;13;32;22;20;14;11;2111
260765;2905;381;559;100;87;56;51;121;372;395;67;70;27;5191
260770;528;55;85;68;27;28;18;24;11;5;9;5;6;869
260775;3845;178;150;163;82;76;127;91;79;98;87;42;67;5085
260780;514;189;64;175;5;31;46;22;44;89;21;15;4;1219
260790;105138;8664;3622;3559;3322;3121;3382;3817;4063;3685;3232;2935;3195;151735
260795;573;51;224;73;23;13;15;12;5;10;200;4;8;1211
260800;730;165;190;10;8;10;8;1;7;3;7;2;4;1145
260805;1144;105;84;48;48;52;26;21;28;8;39;17;14;1634
260810;1458;477;320;128;54;63;25;27;38;47;44;21;17;2719
260820;1014;122;53;44;75;49;20;14;71;27;268;19;17;1793
260825;453;21;255;51;12;9;6;8;4;6;6;7;0;838
260830;780;125;43;125;25;12;46;34;26;10;46;24;21;1317
260840;451;144;29;147;101;13;14;13;10;7;11;3;3;946
260845;993;120;80;127;34;26;15;17;55;22;46;8;27;1570
260850;5256;293;261;88;42;58;55;441;74;1086;414;92;42;8202
260860;581;123;6;60;52;3;6;3;2;2;2;2;0;842
260870;472;111;15;5;5;3;2;8;4;3;7;1;2;638
260875;2394;333;253;272;209;182;179;159;338;493;185;64;86;5147
260880;3304;206;103;421;110;101;92;74;97;62;62;66;41;4739
260890;6005;520;477;206;210;213;144;188;219;199;143;135;116;8775
260900;1752;178;133;41;61;41;47;44;36;57;35;28;14;2467
260910;897;321;176;83;40;31;89;52;43;34;50;56;38;1910
260915;613;34;7;24;7;4;0;0;0;2;0;3;2;696
260920;370;236;201;200;17;135;14;10;39;4;12;23;12;1273
260930;629;4;1;6;2;7;2;3;6;8;4;7;1;680
260940;6243;279;290;144;330;152;167;348;351;637;471;167;83;9662
260950;3962;192;194;287;306;136;100;95;168;91;102;88;117;5838
260960;75637;3526;2684;2298;2174;2160;2079;1774;2515;2226;2570;2134;2016;103793
260970;1359;33;175;87;60;35;19;15;16;15;11;12;5;1842
260980;651;57;33;202;14;46;6;29;14;4;1;2;2;1061
260990;3917;165;142;209;134;111;159;69;113;80;56;74;138;5367
261000;6157;944;397;842;208;171;108;136;145;101;269;235;85;9798
261010;354;55;32;12;3;2;6;3;1;4;1;0;1;474
261020;778;315;368;361;39;20;9;10;12;5;12;26;9;1964
261030;788;131;141;28;17;6;2;2;3;9;18;1;1;1147
261040;871;23;94;143;23;23;24;16;5;7;10;7;6;1252
261050;1242;100;77;21;18;17;21;30;21;26;14;17;5;1609
261060;4984;358;255;351;231;167;150;96;127;172;162;137;90;7280
261070;29879;1705;1249;1081;1243;1011;872;809;1099;1104;1051;860;753;42716
261080;880;38;114;144;27;101;46;23;16;6;6;11;8;1420
261090;4641;416;184;214;202;155;126;190;127;158;118;88;59;6678
261100;3711;357;384;87;84;92;48;96;58;76;37;36;48;5114
261110;64791;3604;3865;3589;3350;3958;4120;4021;4536;4481;3098;2910;2264;108587
261120;731;105;55;14;9;8;16;13;10;8;7;5;2;983
261130;2049;236;299;87;44;61;61;70;41;53;54;32;15;3102
261140;562;166;74;202;64;32;22;15;21;12;27;18;6;1221
261150;915;144;119;38;25;16;7;8;9;12;7;18;21;1339
261153;351;38;8;7;2;2;2;7;21;4;2;3;0;447
261160;663320;19777;17384;19033;15192;16871;16653;16463;19224;20009;17144;18100;15866;875036
261170;1009;279;217;34;18;18;14;11;14;8;15;25;2;1664
261180;3412;110;134;228;91;94;73;82;167;197;646;230;44;5508
261190;7402;194;203;77;62;169;682;155;135;1524;1973;226;33;12835
261200;891;189;137;28;18;19;19;13;25;27;34;7;5;1412
261210;302;88;94;22;11;7;8;7;9;3;3;2;2;558
261220;5818;392;312;228;189;137;229;170;389;131;162;215;110;8482
261230;485;388;229;88;47;31;28;21;25;10;5;4;3;1364
261240;1015;176;145;53;22;22;12;44;20;28;23;21;11;1592
261245;660;40;58;97;17;12;6;8;9;4;6;6;35;958
261247;621;12;9;12;5;7;10;5;8;4;0;3;5;701
261250;11530;1127;767;510;494;418;419;358;400;346;362;464;202;17397
261255;365;80;143;72;38;16;24;28;20;5;9;6;2;808
261260;2217;30;57;11;8;11;15;19;18;56;20;23;6;2491
261270;702;16;28;13;9;7;11;9;18;9;3;12;8;845
261280;543;51;15;50;28;12;14;95;19;6;14;6;12;865
261290;590;109;11;64;23;14;6;2;7;2;2;2;3;835
261300;4195;411;156;489;130;110;113;125;128;112;94;92;76;6231
261310;2452;330;248;171;92;96;67;50;73;64;76;83;30;3832
261320;642;219;332;159;48;21;22;17;15;17;28;24;3;1547
261330;794;155;33;241;12;116;13;41;68;12;36;4;4;1529
261340;1160;325;47;136;34;25;54;35;100;52;29;27;59;2083
261350;1603;192;180;122;45;24;24;38;32;56;41;26;6;2389
261360;1970;325;129;449;78;60;86;90;68;102;62;55;33;3507
261370;7864;529;398;682;255;303;286;268;284;223;356;229;143;11820
261380;1181;46;49;29;29;21;18;21;17;35;33;17;6;1502
261390;10933;859;326;751;585;357;170;569;361;309;235;252;121;15828
261400;770;31;55;45;59;74;74;59;37;29;29;12;4;1278
261410;1720;127;115;58;135;71;42;34;44;52;23;39;10;2470
261420;7397;416;264;187;101;424;425;33;200;2461;697;87;119;12811
261430;617;27;54;42;10;7;11;4;3;3;0;3;3;784
261440;309;12;1;2;1;0;1;1;33;12;0;3;0;375
261450;5826;268;166;427;213;175;146;330;167;97;138;124;92;8169
261460;1445;62;275;72;41;33;27;26;27;11;21;13;13;2066
261470;886;102;47;27;61;26;20;14;17;37;16;16;23;1292
261480;972;96;25;312;22;10;9;4;250;31;16;5;0;1752
261485;2443;773;244;133;131;69;98;84;46;75;163;77;207;4543
261500;1748;294;326;63;69;68;132;95;29;37;35;38;71;3005
261510;231;12;3;34;0;1;1;0;1;3;0;0;1;287
261520;427;15;5;56;5;9;4;10;13;0;3;2;0;549
261530;5093;568;282;377;197;126;192;200;381;250;133;125;70;7994
261540;4954;572;586;195;333;540;202;205;138;189;177;144;91;8326
261550;675;133;93;30;14;43;27;89;20;127;30;22;3;1306
261560;2477;75;51;146;30;36;35;25;33;37;47;29;14;3035
261570;990;29;25;32;35;19;64;22;65;23;20;14;18;1356
261580;678;194;202;36;16;16;10;8;9;15;5;11;4;1204
261590;406;97;108;10;67;12;11;15;6;13;9;6;2;762
261600;797;24;41;91;28;13;9;5;10;4;6;14;7;1049
261610;304;55;162;15;6;16;7;7;8;11;3;4;2;600
261618;501;49;16;46;18;3;15;8;5;5;2;3;0;671
261620;1002;22;18;14;17;10;14;12;29;17;25;16;3;1199
261630;2526;333;272;137;110;413;756;46;343;1956;93;63;34;7082
261640;21041;831;451;539;495;468;312;604;593;1597;571;728;475;28705
261650;1106;211;95;138;38;8;28;12;11;10;179;31;8;1875
269999;0;0;0;0;0;0;0;0;0;0;0;0;0;0
270010;885;168;54;172;40;31;5;4;14;17;61;20;6;1477
270020;1063;135;43;25;12;6;9;3;7;3;11;9;4;1330
270030;36361;1015;1097;1079;921;1036;1227;938;911;931;838;976;750;48080
270040;5148;118;61;137;78;48;88;62;89;42;1584;40;29;7524
270050;875;42;70;54;39;26;22;13;9;21;6;8;4;1189
270060;1539;245;140;85;45;41;27;70;51;57;66;107;122;2595
270070;1383;10;10;17;5;9;8;11;10;14;9;31;10;1527
270080;441;16;28;34;46;18;4;4;2;0;1;12;0;606
270090;289;0;3;1;1;0;0;0;0;1;0;1;0;296
270100;2429;43;44;37;88;32;24;40;20;14;70;85;79;3005
270110;593;9;0;5;4;1;2;2;2;1;2;18;22;661
270120;594;25;6;65;26;11;17;10;13;6;4;6;2;785
270130;1848;75;24;56;19;17;14;4;8;12;41;12;4;2134
270135;475;39;35;19;9;3;10;3;5;3;3;4;2;610
270140;4722;850;411;120;81;44;41;216;55;120;1166;180;10;8016
270150;607;8;4;2;3;1;0;5;4;5;3;3;1;646
270160;599;36;1;1;1;2;0;2;2;0;0;0;0;644
270170;1315;34;22;32;13;28;19;13;19;39;30;19;6;1589
270180;414;6;12;7;3;0;4;2;1;2;0;0;0;451
270190;428;36;31;7;8;6;0;2;1;0;1;1;2;523
270200;507;2;2;1;3;3;3;1;2;6;2;6;1;539
270210;2263;150;62;251;27;15;17;14;24;42;168;90;13;3136
270220;273;168;119;22;16;40;30;32;18;6;14;13;0;751
270230;11262;984;995;139;109;129;103;194;182;3154;598;146;153;18148
270235;918;248;133;49;46;46;29;14;19;15;9;29;8;1563
270240;4134;1150;269;394;264;388;169;159;79;389;148;160;87;7790
270250;577;18;10;21;10;25;25;5;8;7;2;2;2;712
270255;546;79;109;65;21;5;16;7;6;20;3;1;0;878
270260;808;22;51;7;10;13;2;11;5;6;8;4;10;957
270270;402;68;60;29;8;14;7;6;12;4;6;9;13;638
270280;1101;12;18;3;5;3;3;13;16;13;16;21;4;1228
270290;1317;28;8;13;3;11;1;9;7;6;9;5;6;1423
270300;752;6;6;2;41;21;3;8;3;0;5;10;1;858
270310;1086;35;9;5;41;20;7;9;9;6;3;2;3;1235
270320;3737;65;19;27;5;10;9;22;5;47;1675;43;39;5703
270330;683;4;24;3;7;3;7;3;3;6;7;2;1;753
270340;237;4;1;0;1;0;2;0;27;0;1;1;0;274
270350;400;67;27;84;13;9;5;9;5;9;37;23;1;689
270360;860;81;27;19;14;7;5;6;5;12;12;27;9;1084
270370;283;58;63;74;24;21;10;2;4;4;1;0;1;545
270375;1650;303;129;32;24;11;24;45;7;10;27;4;2;2268
270380;929;307;149;57;24;103;28;48;29;21;21;9;7;1732
270390;408;11;19;3;20;10;2;10;8;3;1;3;2;500
270400;1611;467;59;437;170;60;54;129;77;29;62;42;24;3221
270410;945;43;6;16;9;9;17;204;0;6;4;2;2;1263
270420;1836;70;10;46;9;16;24;8;10;18;25;4;11;2087
270430;250786;9010;7461;6529;6652;6066;5711;6178;7148;6065;8063;6902;5231;331802
270440;1067;48;6;9;14;4;6;8;6;7;4;12;8;1199
270450;3673;529;189;302;135;183;87;127;105;142;92;108;101;5773
270460;332;9;2;4;4;3;0;2;2;1;0;1;2;362
270470;8230;551;203;186;674;334;214;186;231;185;1278;153;157;12582
270480;884;13;0;10;10;17;14;11;21;20;8;2;0;1010
270490;305;41;1;6;0;0;0;0;0;0;1;0;1;355
270500;763;13;14;11;6;1;1;6;7;1;0;0;2;825
270510;4340;106;52;102;47;33;16;20;75;844;86;92;13;5826
270520;1222;22;34;12;16;19;33;102;41;35;31;17;12;1596
270530;354;9;1;0;0;0;2;0;0;2;0;0;1;369
270540;433;30;4;0;0;1;2;0;0;0;1;1;1;473
270550;2549;154;75;32;49;79;40;19;36;21;87;69;13;3223
270560;993;23;9;29;15;23;10;9;6;41;6;6;17;1187
270570;1593;82;186;72;38;32;22;31;22;26;29;12;12;2157
270580;506;44;3;34;1;2;1;2;8;3;0;9;1;614
270590;263;5;2;3;3;1;1;0;1;0;1;0;0;280
270600;576;47;19;17;2;10;5;1;3;1;2;4;0;687
270610;400;12;34;2;18;15;5;2;2;2;18;2;2;514
270620;279;2;5;1;0;1;0;0;1;0;0;0;0;289
270630;6001;310;206;524;113;169;75;466;155;156;158;88;57;8478
270640;1109;245;49;275;130;36;28;15;31;50;25;26;13;2032
270642;459;103;25;6;2;1;3;1;2;2;0;0;1;605
270644;1038;71;70;52;37;50;25;25;35;47;67;38;24;1579
270650;1008;6;11;39;13;29;6;2;16;6;16;10;7;1169
270660;474;62;25;8;4;12;2;2;4;2;3;3;2;603
270670;7345;447;131;483;177;143;179;140;142;151;150;970;175;10633
270680;743;102;114;28;28;12;10;6;12;5;49;12;6;1127
270690;3790;344;104;83;87;70;54;69;105;66;73;39;67;4951
270700;238;4;19;53;1;6;5;1;10;1;0;0;3;341
270710;444;77;10;12;27;6;7;17;12;17;12;7;11;659
270720;604;54;25;37;7;4;0;1;1;0;1;2;0;736
270730;3806;321;283;77;62;42;59;62;92;1292;149;372;16;6633
270740;745;20;3;14;9;7;7;14;10;10;44;20;14;917
270750;756;12;3;3;7;0;0;2;1;13;3;3;0;803
270760;614;33;4;16;12;15;6;2;4;6;8;3;0;723
270770;14431;411;248;186;162;162;188;128;247;294;3940;419;252;21068
270780;747;12;18;10;14;7;24;7;12;4;20;15;7;897
270790;769;85;89;60;40;30;24;23;19;79;95;53;46;1412
270800;4183;168;107;178;147;597;104;100;149;103;231;84;64;6215
270810;651;64;30;25;14;14;4;8;8;2;1;2;0;823
270820;300;95;6;8;3;0;1;4;1;2;0;0;1;421
270830;5462;62;137;13;30;321;719;46;36;59;2029;286;76;9276
270840;2064;17;16;12;66;52;37;35;9;22;17;11;3;2361
270850;8238;323;64;175;54;41;44;36;26;2186;134;83;39;11443
270860;9475;261;191;179;106;103;261;187;255;471;1894;336;164;13883
270870;784;84;69;25;32;5;23;10;11;13;8;28;4;1096
270880;1809;67;69;107;20;28;97;36;37;34;32;23;11;2370
270890;1140;90;42;60;32;15;12;19;34;26;16;37;62;1585
270895;613;6;8;2;1;0;2;1;1;1;3;0;0;638
270900;292;28;28;9;7;5;10;10;7;2;0;1;1;400
270910;899;9;1;8;3;2;3;5;2;8;2;8;3;953
270915;3658;1306;605;327;75;94;87;140;102;142;683;198;149;7566
270920;1201;148;30;64;33;17;20;41;15;15;8;10;12;1614
270930;4951;160;108;94;71;73;65;74;97;61;139;81;41;6015
270940;2117;306;313;100;53;76;43;49;71;33;26;34;20;3241
279999;0;0;0;0;0;0;0;0;0;0;0;0;0;0
280010;303;35;17;37;13;14;7;14;10;9;4;19;7;489
280020;1382;174;54;53;40;26;17;23;18;35;18;12;15;1867
280030;216242;7551;5966;5325;5096;5805;5073;5638;5556;4833;5342;5402;3782;281611
280040;631;63;40;86;67;41;14;15;20;10;9;8;5;1009
280050;1096;114;27;32;66;34;26;27;20;10;55;21;13;1541
280060;2845;496;292;170;119;84;95;238;154;83;74;71;62;4783
280067;1797;119;44;61;48;28;25;36;29;30;17;31;37;2302
280070;163;82;36;149;23;9;19;15;32;28;12;11;16;595
280100;1531;83;90;108;57;47;56;26;72;50;23;31;11;2185
280110;280;50;18;30;9;3;2;4;5;4;3;5;2;415
280120;1698;109;44;205;68;40;71;57;139;184;34;36;29;2714
280130;5059;423;112;145;116;99;519;160;181;129;1701;391;122;9157
280140;1489;96;57;70;90;83;31;21;57;21;28;53;27;2123
280150;2977;221;258;119;154;271;168;168;156;133;117;43;27;4812
280160;392;52;22;8;4;6;8;8;5;7;4;2;1;519
280170;967;291;92;221;45;34;32;21;60;20;176;37;66;2062
280190;339;47;33;16;11;8;5;11;17;3;5;1;1;497
280200;424;125;9;42;6;18;7;2;31;8;5;1;1;679
280210;9377;628;259;357;211;255;202;198;258;221;159;163;122;12410
280220;379;51;25;19;7;6;0;6;8;6;2;6;3;518
280230;1917;244;83;55;26;31;20;24;35;74;25;26;11;2571
280240;494;55;18;42;35;11;4;13;6;3;3;5;1;690
280250;228;121;32;6;10;1;2;4;2;4;6;6;1;423
280260;327;56;4;9;5;2;8;7;14;3;0;6;2;443
280270;378;50;32;5;15;15;3;5;1;1;2;3;0;510
280280;899;92;21;94;73;18;11;11;15;14;9;30;9;1296
280290;13158;1177;581;446;445;406;770;903;441;357;330;366;288;19668
280300;3105;223;103;68;43;40;45;39;45;37;104;36;12;3900
280310;376;24;4;6;5;1;4;2;2;4;0;2;1;431
280320;4073;386;156;350;356;99;81;88;197;95;87;83;55;6106
280330;1932;171;68;86;66;26;22;28;31;25;39;15;10;2519
280340;1060;156;45;75;68;40;21;155;157;7;150;39;41;2014
280350;11309;809;703;359;482;370;228;340;351;383;223;216;150;15923
280360;6385;487;133;182;77;178;1038;102;87;74;2098;322;186;11349
280370;490;76;29;39;12;30;5;15;6;6;7;2;8;725
280380;457;44;23;43;20;26;24;13;7;3;7;2;2;671
280390;542;92;22;12;7;8;13;14;11;5;10;5;4;745
280400;1463;211;77;147;32;29;25;39;52;22;26;17;10;2150
280410;455;87;10;105;20;19;11;6;29;12;5;10;22;791
280420;533;150;35;78;109;25;13;37;10;9;18;30;9;1056
280430;697;31;15;51;109;21;20;26;13;28;10;21;1;1043
280440;2070;180;113;56;54;51;45;25;38;46;35;14;93;2820
280445;805;72;121;47;41;28;13;21;95;6;7;5;1;1262
280450;3972;357;271;165;102;82;107;140;70;88;74;120;72;5620
280460;3580;226;106;85;59;126;41;31;62;45;1122;53;13;5549
280470;251;53;13;7;5;15;9;4;7;2;3;3;8;380
280480;18463;1199;552;695;581;601;689;658;691;515;505;413;337;25899
280490;545;150;46;140;79;44;42;37;14;7;15;5;9;1133
280500;173;36;10;12;4;0;2;2;1;1;0;1;1;243
280510;441;62;39;57;3;29;3;5;8;6;6;6;0;665
280520;378;62;14;24;15;11;5;17;4;3;6;0;17;556
280530;519;384;24;49;32;18;21;12;11;18;8;10;5;1111
280540;1058;58;10;11;16;16;11;111;15;25;10;12;10;1363
280550;1915;71;69;64;70;44;35;33;23;34;30;51;9;2448
280560;1288;98;21;18;50;17;20;17;14;8;8;9;4;1572
280570;3135;369;93;140;154;86;116;55;93;119;110;52;47;4569
280580;785;280;112;113;42;53;20;18;26;14;23;23;4;1513
280590;1324;151;28;31;47;35;47;16;20;14;48;13;11;1785
280600;1633;117;74;148;59;80;45;43;51;31;54;64;35;2434
280610;2232;162;88;65;23;72;57;73;27;71;42;25;22;2959
280620;1254;197;70;46;206;48;39;32;31;24;14;13;6;1980
280630;661;249;41;199;63;23;10;87;35;19;14;10;11;1422
280640;405;84;46;37;5;30;15;12;21;7;7;4;2;675
280650;393;64;9;32;24;55;21;4;13;7;6;0;7;635
280660;524;107;23;31;76;32;7;8;17;12;13;8;16;874
280670;12342;585;500;284;389;390;325;293;323;264;270;265;385;16615
280680;639;158;34;49;29;12;32;15;9;25;5;11;12;1030
280690;245;121;26;9;29;15;7;3;5;7;1;2;9;479
280700;351;77;16;16;11;5;3;6;4;96;8;3;3;599
280710;4260;134;186;149;130;60;53;66;192;48;73;42;37;5430
280720;497;144;23;34;10;17;24;13;10;15;11;5;3;806
280730;234;86;20;28;7;3;11;10;11;5;5;0;0;420
280740;3992;411;422;360;109;68;63;89;105;80;73;78;42;5892
280750;714;45;21;62;25;12;4;11;29;7;9;14;3;956
280760;1834;360;221;237;85;100;60;21;48;35;46;34;29;3110
289999;0;0;0;0;0;0;0;0;0;0;0;0;0;0
290010;560;55;37;27;12;20;6;6;36;15;4;14;4;796
290020;1136;120;73;122;14;10;8;23;18;41;9;29;3;1606
290030;722;78;24;23;6;12;6;9;13;9;8;5;2;917
290035;520;154;283;11;46;30;13;8;88;8;29;2;0;1192
290040;1021;27;13;19;8;28;27;21;26;10;11;13;6;1230
290050;79;0;0;1;4;1;1;10;7;2;6;4;1;116
290060;393;59;19;14;11;8;9;4;2;13;3;2;4;541
290070;23299;1673;917;764;642;874;620;545;539;514;625;664;611;32287
290080;1409;81;72;252;75;107;51;36;26;35;18;20;15;2197
290090;315;54;11;10;3;4;5;6;5;6;3;3;3;428
290100;2731;108;122;226;154;113;91;150;126;77;100;52;133;4183
290110;1986;196;95;183;64;95;36;86;62;86;77;45;16;3027
290115;543;23;31;21;15;13;5;0;4;2;1;2;0;660
290120;1147;158;34;82;27;11;41;29;31;32;21;22;9;1644
290130;816;165;180;38;15;8;11;11;12;12;14;9;3;1294
290135;1602;261;136;33;47;20;13;17;6;21;12;12;12;2192
290140;1040;16;10;37;30;51;15;12;10;8;12;6;4;1251
290150;371;124;103;200;377;20;12;45;23;5;6;8;5;1299
290160;560;87;40;45;23;11;10;145;19;6;6;8;4;964
290170;630;25;88;98;34;19;24;22;19;16;7;79;5;1066
290180;601;0;5;1;1;0;1;1;1;3;1;0;0;615
290190;858;69;12;17;10;6;3;4;0;2;4;2;0;987
290195;353;25;12;15;3;4;1;3;8;0;1;5;2;432
290200;1145;35;21;35;25;10;23;45;24;17;92;16;12;1500
290205;1342;76;51;383;33;33;9;19;14;8;10;9;3;1990
290210;2596;132;75;58;135;47;39;45;63;64;65;47;23;3389
290220;457;311;41;121;50;18;15;28;19;16;13;16;14;1119
290225;562;171;36;107;153;24;19;14;6;8;2;2;4;1108
290230;379;14;24;39;38;14;4;6;8;4;3;5;1;539
290240;1087;18;29;33;4;8;3;9;5;9;15;4;4;1228
290250;631;107;28;154;66;39;27;131;29;129;38;10;11;1400
290260;857;215;97;42;26;46;11;38;26;19;20;30;13;1440
290265;662;55;18;55;12;14;3;13;18;10;5;6;3;874
290270;2513;40;24;43;38;21;22;21;31;27;14;16;19;2829
290280;1596;207;99;235;58;35;27;25;26;51;27;15;15;2416
290290;2246;406;179;299;74;108;169;134;177;234;203;150;24;4403
290300;650;14;8;12;5;1;1;1;7;9;4;1;2;715
290310;430;45;9;39;13;22;16;2;5;8;5;2;2;598
290320;25746;1741;1051;2202;1862;1644;1036;1134;1075;1143;1219;1095;637;41585
290323;659;18;2;6;0;24;1;0;0;15;1;1;0;727
290327;1483;89;79;87;25;48;57;205;56;42;38;18;5;2232
290330;542;56;14;58;11;4;5;6;4;1;3;12;4;720
290340;1655;258;93;190;57;92;34;49;31;29;61;10;24;2583
290350;824;20;43;43;10;8;11;6;9;8;4;6;6;998
290360;953;41;21;19;7;9;3;88;33;10;10;12;0;1206
290370;814;29;19;60;12;28;10;14;9;5;29;6;0;1035
290380;982;104;26;37;35;27;11;6;6;11;8;6;5;1264
290390;7134;508;205;254;260;542;266;286;252;173;159;142;114;10295
290395;378;55;27;21;16;5;62;11;5;3;2;0;1;586
290400;522;113;18;121;18;9;5;12;1;1;4;1;0;825
290405;701;15;7;83;12;8;2;14;23;8;1;4;3;881
290410;1009;135;67;142;34;16;13;10;4;20;13;16;5;1484
290420;366;5;4;15;22;6;1;2;1;4;7;0;1;434
290430;735;143;17;104;18;23;10;10;9;13;9;11;3;1105
290440;499;0;20;6;1;7;1;5;2;0;0;0;0;541
290450;416;88;31;62;17;12;4;11;4;3;1;2;1;652
290460;13005;708;512;430;411;351;390;454;657;310;307;233;251;18019
290470;1125;78;21;53;19;27;28;27;30;14;16;7;13;1458
290475;963;48;18;128;27;9;11;11;13;6;7;4;3;1248
290480;946;16;4;23;9;5;2;3;5;13;5;3;4;1038
290485;898;71;65;72;15;22;13;17;22;22;8;4;5;1234
290490;3238;207;120;67;70;52;70;51;49;53;76;80;59;4192
290500;2677;39;73;53;45;59;44;41;46;26;39;44;46;3232
290510;490;102;24;32;9;11;3;10;3;9;4;1;6;704
290515;222;198;30;201;18;15;4;5;3;8;5;3;0;712
290520;5567;302;147;544;228;238;245;187;147;142;98;72;59;7976
290530;684;110;37;46;22;11;7;18;4;13;4;2;3;961
290540;2578;388;111;178;123;76;164;80;111;65;108;77;101;4160
290550;602;96;107;256;31;26;12;20;11;15;3;7;11;1197
290560;2368;102;69;87;77;50;46;46;101;38;97;44;44;3169
290570;69229;3754;1983;2620;2409;2534;2361;2628;2849;2418;2070;2764;2231;99850
290580;2246;178;64;144;154;60;43;74;42;20;48;32;15;3120
290590;1240;44;35;73;10;14;26;16;10;4;38;18;2;1530
290600;4427;307;129;160;117;70;71;136;110;79;117;114;184;6021
290610;701;22;13;14;19;8;6;10;13;5;6;4;3;824
290620;1260;43;33;10;6;4;9;6;6;5;8;2;4;1396
290630;2058;300;64;373;55;67;42;56;72;65;62;34;36;3284
290640;474;22;6;12;10;8;1;2;3;3;2;1;1;545
290650;13454;848;410;726;770;586;506;574;417;308;365;579;343;19886
290660;672;12;9;10;3;3;3;5;6;6;12;6;3;750
290670;1339;285;49;169;22;33;19;11;12;26;17;20;9;2011
290680;1567;309;71;122;88;40;22;24;25;14;14;7;4;2307
290682;614;52;11;13;8;5;1;5;1;5;2;1;1;719
290685;683;19;15;18;10;6;6;10;20;2;6;1;1;797
290687;3061;107;96;142;56;189;196;78;75;103;73;63;40;4279
290689;263;43;17;130;16;10;4;6;3;8;5;1;0;506
290690;2172;183;80;169;102;302;163;89;72;68;84;46;54;3584
290700;392;79;21;44;9;60;13;26;10;12;5;13;6;690
290710;1406;8;24;28;17;10;7;11;38;26;10;9;5;1599
290720;6570;531;400;691;692;624;529;722;1557;1145;460;435;156;14512
290730;2795;48;92;98;43;67;28;44;43;34;31;38;273;3634
290740;354;15;4;8;20;5;6;3;8;7;2;5;1;438
290750;6369;390;333;278;499;350;200;211;310;271;319;208;111;9849
290755;240;5;18;9;1;1;0;0;15;1;1;0;0;291
290760;849;36;10;13;19;4;12;6;427;76;31;12;7;1502
290770;389;47;3;22;9;2;1;1;0;0;1;3;2;480
290780;1882;164;111;167;116;66;35;31;24;34;40;22;10;2702
290790;805;139;35;61;24;42;10;207;64;21;17;18;9;1452
290800;1633;67;52;30;46;83;41;43;31;24;52;37;13;2152
290810;2105;120;83;74;126;216;207;113;118;142;103;101;91;3599
290820;1867;56;53;58;55;62;54;51;67;78;49;77;29;2556
290830;1490;137;93;225;113;90;46;26;41;32;71;9;9;2382
290840;5664;372;279;146;130;128;177;132;214;191;178;127;83;7821
290850;6654;449;175;201;190;136;170;214;252;264;155;176;94;9130
290860;1856;156;43;25;32;19;16;44;52;25;33;21;12;2334
290870;1534;97;43;330;37;20;17;69;27;27;15;10;5;2231
290880;297;26;3;8;4;2;1;0;3;1;0;1;0;346
290890;1631;79;127;48;24;75;29;12;46;38;24;23;16;2172
290900;523;44;38;34;6;1;1;3;4;2;2;0;1;659
290910;774;47;7;12;10;6;3;26;79;8;11;11;8;1002
290920;853;31;48;42;92;6;13;1;13;75;5;2;1;1182
290930;5026;226;181;388;447;321;383;205;277;125;266;175;143;8163
290940;791;88;41;97;4;5;8;106;6;16;5;14;5;1186
290950;366;10;5;4;3;0;2;1;0;3;4;3;0;401
290960;1070;71;40;13;23;16;6;22;10;8;12;15;8;1314
290970;558;101;17;19;1;21;2;3;20;3;4;2;2;753
290980;11149;575;443;880;440;521;409;299;242;280;198;239;183;15858
290990;1862;156;311;97;46;131;68;63;41;83;34;25;241;3158
291000;769;55;21;35;5;5;9;5;8;6;8;5;1;932
291005;13005;1136;828;1314;989;1009;642;545;896;770;555;764;778;23231
291010;734;105;41;86;9;19;13;20;7;12;3;6;12;1067
291020;211;43;40;6;5;12;3;2;1;2;1;2;1;329
291030;374;58;27;50;3;5;2;0;6;6;5;3;2;541
291040;1411;167;87;236;31;41;38;40;16;19;20;14;18;2138
291050;4148;561;251;162;90;214;158;99;118;75;69;80;52;6077
291060;3649;232;181;286;88;112;174;53;141;43;150;124;64;5297
291070;3666;140;88;120;66;203;94;40;70;72;48;131;45;4783
291072;20571;1828;1722;1004;2838;1864;1349;2002;1217;718;842;724;1123;37802
291075;801;116;28;40;47;18;5;3;14;11;10;4;13;1110
291077;290;56;13;29;2;5;4;8;2;10;1;1;6;427
291080;112049;3751;3412;3373;3469;3644;3807;3354;3636;3345;3587;3614;3143;154184
291085;941;39;22;15;9;32;18;9;6;3;7;8;3;1112
291090;586;66;56;75;4;6;11;89;26;10;19;5;1;954
291100;662;65;36;44;32;30;12;9;9;21;6;9;7;942
291110;3961;419;247;592;560;141;379;181;227;244;405;309;144;7809
291120;2720;190;71;238;88;63;68;84;64;73;95;33;20;3807
291125;369;10;7;4;1;2;0;2;1;0;0;0;0;396
291130;476;29;7;169;17;28;8;7;8;6;0;2;0;757
291140;712;116;14;34;56;82;53;26;13;6;21;9;8;1150
291150;535;104;78;23;12;12;10;5;5;11;11;4;6;816
291160;2478;155;138;204;80;46;33;68;196;192;166;212;14;3982
291165;496;3;3;30;4;0;1;1;2;5;1;0;1;547
291170;10381;997;541;320;221;209;270;404;416;277;298;314;182;14830
291180;1594;76;75;76;290;228;43;36;39;54;28;17;23;2579
291185;643;78;29;18;9;5;14;3;9;13;3;10;3;837
291190;1698;334;151;241;65;29;38;44;26;22;26;12;14;2700
291200;803;26;48;27;10;9;12;8;15;5;10;14;7;994
291210;1852;254;54;80;52;39;42;33;34;45;22;23;16;2546
291220;2624;257;92;53;60;39;23;29;61;53;92;135;17;3535
291230;1408;136;71;39;35;24;6;18;34;10;7;6;8;1802
291240;676;30;21;10;15;2;14;22;4;5;1;3;9;812
291250;808;18;16;29;13;9;6;11;5;10;12;3;2;942
291260;170;63;40;8;2;0;2;3;2;1;4;0;0;295
291270;1018;222;67;164;34;29;20;12;13;14;19;14;8;1634
291280;1549;72;92;133;296;91;44;32;50;32;35;42;28;2496
291290;1598;77;52;167;93;42;17;222;33;84;116;36;14;2551
291300;504;22;46;62;13;6;26;36;19;13;38;1;6;792
291310;672;65;8;33;4;5;2;4;2;6;0;0;0;801
291320;2389;151;120;72;74;75;47;63;47;32;34;35;17;3156
291330;333;19;24;37;6;7;2;6;4;3;1;0;2;444
291340;792;79;210;230;54;16;12;8;7;14;6;9;4;1441
291345;1506;60;23;30;28;26;51;54;54;33;23;48;11;1947
291350;1486;67;37;41;32;21;24;5;13;13;2;8;6;1755
291360;30667;1370;768;955;885;769;802;623;716;1155;737;723;805;40975
291370;2535;273;150;101;111;104;43;90;127;59;44;45;54;3736
291380;761;82;69;70;87;25;5;9;8;3;3;4;2;1128
291390;4319;161;93;138;94;127;81;102;133;95;78;64;59;5544
291400;6184;469;432;177;185;104;90;97;368;219;470;130;149;9074
291410;704;23;98;19;14;14;8;16;14;12;13;9;2;946
291420;365;118;6;34;3;4;3;5;2;4;4;2;1;551
291430;532;47;16;16;53;15;5;82;27;9;5;3;4;814
291440;1026;67;78;35;12;17;15;11;19;23;9;9;7;1328
291450;1655;173;90;319;118;72;42;44;46;36;19;17;8;2639
291460;9994;726;492;332;337;382;310;308;287;337;270;494;296;14565
291465;3299;286;142;192;314;440;112;80;82;107;86;108;58;5306
291470;7505;884;415;914;434;341;340;311;183;143;239;125;101;11935
291480;39799;2746;1334;1365;1155;1130;1019;1267;1206;1178;1047;1205;1154;55605
291490;2557;354;85;239;112;74;67;65;67;56;66;85;120;3947
291500;564;54;37;207;16;25;10;12;6;16;1;4;0;952
291510;711;13;4;16;25;32;18;10;8;2;7;0;2;848
291520;1262;136;42;125;135;29;46;39;202;43;13;19;12;2103
291530;787;69;106;33;55;132;27;42;19;20;13;25;7;1335
291535;447;164;43;179;34;19;50;12;25;20;4;9;4;1010
291540;507;98;36;98;19;10;10;7;8;9;9;3;97;911
291550;1931;99;43;51;18;44;40;46;27;18;21;75;12;2425
291560;6922;750;585;1086;1808;693;383;329;521;336;361;263;143;14180
291570;618;14;2;2;3;2;1;15;0;1;0;0;1;659
291580;2015;79;41;44;30;44;23;20;44;35;31;30;18;2454
291590;348;92;21;49;37;16;18;7;14;0;8;1;3;614
291600;1323;58;28;74;37;20;20;13;17;13;15;9;10;1637
291610;1613;367;272;333;87;55;50;29;47;20;27;27;56;2983
291620;854;42;23;33;25;15;9;10;17;5;8;8;6;1055
291630;855;67;60;86;11;17;14;6;9;17;11;16;14;1183
291640;11766;875;752;422;332;297;363;278;311;283;227;287;127;16320
291650;1640;159;53;117;99;29;37;26;33;19;18;27;28;2285
291660;762;22;25;17;18;7;1;2;7;3;32;6;6;908
291670;504;37;16;41;7;8;6;14;28;9;3;4;7;684
291680;2139;122;93;34;38;29;48;31;118;41;38;26;17;2774
291685;1307;101;231;51;81;24;21;26;35;14;12;22;9;1934
291690;792;43;17;100;45;12;9;18;7;5;6;37;4;1095
291700;1613;101;85;53;22;16;178;7;25;16;18;5;11;2150
291710;2176;169;108;67;44;33;15;17;80;27;23;16;5;2780
291720;1130;37;46;33;23;17;11;18;11;25;6;20;7;1384
291730;2294;93;276;239;40;88;30;30;28;37;41;26;21;3243
291733;604;13;47;34;5;5;3;0;8;4;4;0;0;727
291735;1770;140;115;154;65;189;125;127;201;80;149;131;91;3337
291740;588;45;17;4;5;5;2;2;4;6;5;5;0;688
291750;9710;378;587;261;327;269;204;310;239;284;272;249;187;13277
291760;3430;469;80;365;183;67;53;53;49;51;42;67;48;4957
291770;3042;340;88;292;195;131;95;86;248;112;64;71;33;4797
291780;901;86;25;77;86;42;18;37;19;13;13;7;4;1328
291790;632;80;20;18;5;9;14;1;15;20;10;14;5;843
291800;19573;5266;761;1383;587;749;503;542;660;537;524;684;302;32071
291810;1928;429;128;211;80;46;41;128;62;75;131;28;31;3318
291820;533;82;49;108;36;9;7;9;29;13;11;9;6;901
291830;777;25;91;41;128;41;22;19;65;28;14;24;7;1282
291835;1350;29;32;44;20;13;23;13;11;14;9;23;8;1589
291840;33301;1671;2225;1613;1778;4575;1797;1846;2230;2332;1615;1362;843;57188
291845;776;13;27;26;14;9;9;13;10;5;7;4;9;922
291850;584;40;9;18;7;3;1;5;1;3;3;1;0;675
291855;561;92;12;60;11;4;14;11;7;4;13;8;3;800
291860;461;83;16;17;9;5;5;4;4;2;7;0;0;613
291870;317;84;70;20;5;6;3;11;2;2;8;1;3;532
291875;589;120;44;29;20;9;10;7;9;16;5;4;0;862
291880;1059;122;118;270;92;89;41;34;40;53;41;16;11;1986
291890;564;25;12;21;113;13;11;7;11;9;21;10;2;819
291900;265;44;18;2;5;1;3;0;5;6;1;1;1;352
291905;503;41;15;22;3;3;10;5;5;9;4;1;1;622
291910;381;76;18;56;6;3;3;1;2;3;4;2;3;558
291915;1035;69;163;168;123;70;28;28;14;8;33;34;8;1781
291920;104817;5574;5193;4828;4111;3852;3347;3257;3466;3242;3444;3066;2658;150855
291930;487;13;15;23;19;21;23;9;13;14;13;15;19;684
291940;672;172;100;25;18;8;7;4;12;4;1;7;2;1032
291950;3113;146;53;99;94;86;63;102;89;75;86;72;29;4107
291955;19453;1501;1702;1833;1635;1382;1546;1122;1211;1358;1360;1114;594;35811
291960;387;15;27;10;12;4;2;7;10;5;3;2;4;488
291970;1851;40;20;31;19;15;24;16;13;17;15;17;9;2087
291980;2134;345;75;209;168;90;33;39;41;46;62;40;58;3340
291990;413;26;59;150;6;7;8;128;1;3;7;6;0;814
291992;2704;621;164;143;211;94;147;142;46;91;91;61;33;4548
291995;315;51;36;119;60;58;8;23;9;6;1;0;1;687
292000;1151;100;33;49;7;10;8;10;23;29;13;12;6;1451
292010;886;99;118;44;17;6;10;12;16;7;7;3;3;1228
292020;842;36;17;54;17;16;10;3;9;9;7;6;5;1031
292030;571;24;27;23;11;10;7;9;10;8;12;4;8;724
292040;424;31;10;6;5;3;2;2;10;9;10;3;2;517
292045;495;19;3;5;6;1;2;1;2;2;1;2;0;539
292050;2418;294;76;369;150;244;118;113;95;90;45;37;69;4118
292060;1947;77;69;64;39;26;24;19;26;11;33;39;6;2380
292070;1516;292;106;344;58;59;33;49;46;32;40;41;94;2710
292080;606;8;4;4;8;1;4;4;1;5;3;3;4;655
292090;932;55;22;40;18;18;11;35;19;16;8;9;6;1189
292100;13178;586;716;635;403;406;291;458;381;409;517;581;669;19230
292105;493;15;10;67;30;6;1;2;3;1;1;0;0;629
292110;2480;303;256;160;885;150;72;74;56;48;34;47;75;4640
292120;1780;61;49;49;32;24;19;47;29;23;27;44;10;2194
292130;665;131;32;163;24;24;21;18;19;18;4;5;11;1135
292140;825;1;5;1;0;2;6;4;3;3;1;0;1;852
292145;367;33;14;47;4;4;5;2;6;8;8;1;1;500
292150;2266;132;55;73;55;19;20;18;32;28;17;23;3;2741
292160;259;132;87;62;14;47;10;8;11;16;21;2;3;672
292170;2424;464;318;139;107;138;159;94;605;227;104;68;52;4899
292180;682;25;88;16;10;11;4;6;9;3;2;4;3;863
292190;2270;137;166;46;274;142;69;243;339;118;12;96;19;3931
292200;7269;904;314;462;356;415;255;348;286;440;541;233;203;12026
292205;638;26;39;20;9;7;18;11;22;22;46;6;23;887
292210;878;184;63;130;16;30;6;13;19;9;10;3;12;1373
292220;342;62;20;74;16;9;12;13;3;1;6;5;2;565
292225;619;15;34;172;16;17;26;10;15;9;9;8;1;951
292230;2065;99;90;105;122;166;123;47;68;36;56;56;27;3060
292240;1471;50;35;42;33;26;20;21;37;19;15;20;9;1798
292250;2059;186;107;76;100;58;71;103;38;36;39;41;11;2925
292260;686;10;7;7;6;10;4;3;0;7;7;1;3;751
292265;779;14;18;14;9;9;36;10;13;9;6;12;12;941
292270;947;45;23;61;8;10;4;8;14;3;9;5;4;1141
292273;471;44;28;33;18;25;6;5;8;4;5;4;0;651
292275;385;22;14;22;4;10;1;1;1;0;0;3;0;463
292280;428;26;9;82;43;4;11;5;6;5;3;1;0;623
292285;449;5;26;1;53;86;6;263;118;4;1;4;4;1020
292290;1139;242;48;117;32;52;22;9;29;11;24;22;3;1750
292300;5742;520;444;198;251;175;260;148;148;103;132;156;108;8385
292303;363;52;29;103;28;16;11;7;4;12;2;2;1;630
292305;641;4;7;12;4;6;1;5;3;2;0;1;0;686
292310;1182;112;17;86;29;26;16;32;26;44;11;35;4;1620
292320;1315;38;14;16;9;12;19;24;15;8;12;14;5;1501
292330;390;53;13;24;3;4;12;4;6;18;1;6;5;539
292335;1246;180;73;143;62;46;33;60;159;38;48;15;10;2113
292340;1042;21;40;80;72;9;16;12;15;12;7;16;1;1343
292350;511;32;27;61;12;25;7;8;10;51;6;4;9;763
292360;1391;70;28;25;26;32;24;25;45;21;30;19;8;1744
292370;1338;109;45;85;76;130;28;26;11;27;20;41;7;1943
292380;1777;177;35;79;42;25;23;14;26;46;10;17;11;2282
292390;746;40;30;35;11;11;9;13;9;14;7;8;5;938
292400;13631;781;506;463;401;274;407;298;325;487;358;409;331;18671
292405;700;69;17;36;7;14;14;3;12;9;12;5;6;904
292410;276;55;8;8;6;2;15;11;5;2;4;7;0;399
292420;818;27;8;5;4;1;1;2;3;2;0;0;0;871
292430;642;29;2;21;7;17;4;7;7;9;4;3;3;755
292440;1275;156;3;33;100;41;11;3;7;2;5;3;2;1641
292450;430;31;69;49;15;10;9;21;4;4;6;3;4;655
292460;999;74;30;28;144;25;11;16;18;12;5;6;3;1371
292465;697;16;10;15;9;6;8;7;5;15;25;9;7;829
292467;649;9;25;1;9;17;2;6;4;3;2;0;1;728
292470;482;7;7;9;2;0;2;2;0;8;2;2;2;525
292480;759;85;15;48;10;10;8;9;10;3;17;32;0;1006
292490;330;68;26;142;8;18;9;0;6;9;1;3;4;624
292500;1641;94;45;34;20;36;98;22;30;19;21;26;12;2098
292510;2948;128;159;96;46;45;29;127;56;37;29;105;55;3860
292520;5578;432;487;308;205;133;162;146;283;120;156;130;114;8254
292525;1424;28;21;16;5;6;7;14;7;39;2;7;2;1578
292530;26884;3232;2123;1268;1204;1451;1115;1164;2159;1119;1158;1217;1837;45931
292540;967;61;43;62;20;10;19;35;30;22;10;7;0;1286
292550;3065;146;246;145;168;475;271;102;219;114;128;103;106;5288
292560;590;11;29;101;22;6;10;1;7;7;4;2;3;793
292570;446;41;167;42;15;6;6;7;13;6;4;3;3;759
292575;1598;215;99;191;90;46;22;22;37;29;14;19;12;2394
292580;1534;21;37;22;8;11;10;11;8;7;22;9;11;1711
292590;964;90;46;165;69;28;19;7;14;12;10;2;2;1428
292593;540;23;49;60;8;3;0;3;5;32;4;4;2;733
292595;1205;150;39;78;29;27;17;46;16;27;33;4;8;1679
292600;2630;470;316;543;99;65;74;88;51;26;34;30;37;4463
292610;1074;99;106;158;50;18;54;16;66;202;29;41;18;1931
292620;2152;90;117;129;64;71;236;67;62;63;104;122;28;3305
292630;2644;162;55;62;36;96;46;74;38;46;46;35;32;3372
292640;1429;112;24;165;40;39;24;8;8;12;10;8;4;1883
292650;1190;28;64;96;3;7;7;49;73;72;214;62;5;1870
292660;3917;367;141;413;126;94;70;155;92;91;65;91;50;5672
292665;782;23;21;27;8;3;7;11;15;8;5;3;0;913
292670;638;39;44;47;16;19;14;28;5;9;8;8;6;881
292680;829;26;5;6;7;3;2;1;2;3;1;3;2;890
292690;622;3;1;2;2;5;1;3;2;2;5;1;0;649
292700;2975;229;190;549;158;94;75;68;141;71;70;83;19;4722
292710;495;119;26;136;49;18;10;12;2;3;1;2;12;885
292720;2616;344;63;500;92;108;81;59;85;46;124;25;16;4159
292730;735;43;29;94;41;43;17;56;29;25;20;11;12;1155
292740;760506;26514;19427;22056;21127;21510;18647;22577;24134;19812;21264;21142;18069;1016785
292750;1131;92;47;96;40;26;16;14;22;33;33;22;14;1586
292760;719;49;12;5;184;71;8;3;7;2;1;3;12;1076
292770;3265;461;180;359;259;325;149;595;264;186;671;96;165;6975
292780;545;42;3;5;2;12;7;0;7;3;4;1;3;634
292790;474;55;4;37;17;5;3;5;5;2;12;6;13;638
292800;2127;186;129;291;71;89;82;161;77;86;47;35;29;3410
292805;801;39;42;71;104;14;16;11;9;4;3;4;8;1126
292810;3664;157;125;184;185;130;167;160;103;154;77;113;110;5329
292820;1561;31;29;12;19;15;9;9;9;5;6;8;4;1717
292830;346;27;3;19;6;4;4;11;5;0;3;0;2;430
292840;1261;87;43;35;38;18;6;11;13;6;9;13;6;1546
292850;468;119;46;126;33;22;19;12;8;9;14;14;6;896
292860;4876;571;248;526;377;247;188;97;98;102;128;114;100;7672
292870;20758;1164;579;515;688;507;495;477;452;490;431;529;407;27492
292880;6867;394;110;279;269;124;142;229;169;70;91;46;46;8836
292890;6430;581;404;909;561;622;1177;474;342;346;424;440;246;12956
292895;452;79;51;50;19;13;13;9;11;3;112;16;7;835
292900;1200;83;28;67;38;17;31;28;35;22;11;11;25;1596
292905;1158;178;112;59;50;26;17;33;19;19;13;41;7;1732
292910;1239;283;87;188;78;47;15;31;22;25;25;27;5;2072
292920;9518;1943;708;1424;288;373;299;128;1999;675;189;224;42;17810
292925;775;67;120;24;12;24;16;17;8;4;5;5;6;1083
292930;5352;221;255;131;148;173;242;152;146;220;193;117;68;7418
292935;389;96;26;127;13;10;6;8;2;6;2;4;1;690
292937;497;69;51;25;4;24;15;10;10;6;2;3;9;725
292940;534;138;43;110;15;7;82;7;9;8;9;15;5;982
292950;3914;709;415;249;229;159;112;225;151;137;102;81;67;6550
292960;1270;190;46;219;87;158;153;17;34;46;22;18;5;2265
292970;1336;127;31;47;122;31;18;11;12;13;11;11;2;1772
292975;504;214;29;138;40;16;14;16;32;11;7;12;4;1037
292980;646;74;10;17;12;3;16;8;7;16;10;9;2;830
292990;3235;180;250;82;63;97;55;81;54;91;44;65;41;4338
293000;700;18;4;19;2;6;3;8;4;1;5;1;0;771
293010;7228;442;200;209;181;189;194;160;176;186;145;153;100;9563
293015;2340;159;192;226;60;61;74;142;86;51;36;28;11;3466
293020;2035;101;67;100;80;56;24;61;39;24;15;38;4;2644
293030;1086;19;6;6;3;6;5;2;3;5;13;4;1;1159
293040;607;96;44;150;50;24;30;8;15;5;8;12;8;1057
293050;7655;591;440;282;242;192;176;292;197;343;215;235;175;11035
293060;827;47;58;10;14;9;17;7;25;19;12;7;10;1062
293070;30944;2044;1086;985;1026;1309;1103;994;1187;1136;1028;921;869;44632
293075;787;16;26;21;25;27;15;2;11;10;8;7;3;958
293076;592;29;10;15;2;4;1;24;4;3;1;6;0;691
293077;1452;370;407;92;219;186;132;106;81;142;119;188;40;3534
293080;544;25;6;81;6;5;5;5;0;4;5;22;2;710
293090;847;26;40;33;18;9;6;13;10;8;19;11;9;1049
293100;1205;148;46;300;21;40;27;41;39;31;19;15;19;1951
293105;903;99;25;54;20;15;15;19;23;7;20;8;4;1212
293110;401;60;28;9;9;6;8;9;11;7;8;3;3;562
293120;732;117;30;97;24;19;15;10;8;7;17;4;8;1088
293130;690;53;66;44;22;9;4;55;11;10;1;5;1;971
293135;22474;1295;1334;1296;992;1514;896;751;857;1212;663;773;674;34731
293140;1042;93;183;40;27;25;20;29;18;30;17;26;22;1572
293150;1092;96;216;29;18;12;12;145;12;36;8;5;4;1685
293160;1011;14;16;6;38;8;6;7;7;9;7;13;5;1147
293170;1164;197;107;97;89;21;24;10;43;6;8;11;7;1784
293180;736;72;43;70;27;26;11;18;8;4;16;5;8;1044
293190;3163;70;71;77;132;35;137;42;60;22;46;25;11;3891
293200;1302;121;121;53;103;49;16;25;25;12;18;4;5;1854
293210;986;145;84;145;26;522;45;39;36;81;24;13;8;2154
293220;1773;101;140;299;159;52;21;33;19;41;17;16;13;2684
293230;1660;167;27;26;20;23;22;23;17;21;21;14;9;2050
293240;552;17;23;14;7;2;5;9;8;2;2;0;3;644
293245;1000;127;85;187;40;30;18;42;9;17;16;22;8;1601
293250;2614;144;137;122;91;65;37;57;39;47;38;24;37;3452
293260;872;52;31;67;41;19;9;8;8;5;12;6;5;1135
293270;1561;58;29;37;37;25;26;36;29;27;48;51;40;2004
293280;1185;74;12;28;15;21;29;7;16;22;10;6;5;1430
293290;10165;620;420;692;307;409;200;261;202;689;658;209;293;15125
293300;2264;316;223;448;117;82;82;137;101;43;26;41;15;3895
293305;575;150;70;84;50;16;9;16;3;4;2;6;4;989
293310;389;40;41;7;9;7;11;3;5;4;3;0;1;520
293315;796;27;21;24;14;9;6;5;5;14;6;5;4;936
293317;514;50;18;96;17;17;6;14;7;10;6;5;4;764
293320;3637;303;157;497;212;99;54;114;105;124;101;75;143;5621
293325;561;41;18;54;18;11;10;18;8;6;5;9;1;760
293330;66254;2351;2387;2291;1880;1927;2044;2310;1977;1894;1763;1801;1508;90387
293340;391;36;88;18;13;8;2;13;8;3;5;5;1;591
293345;759;82;108;48;21;21;14;10;5;6;8;6;12;1100
293350;1238;44;16;19;5;9;3;4;7;11;12;4;2;1374
293360;2352;325;249;208;225;54;29;84;38;32;40;45;11;3692
299999;0;0;0;0;0;0;0;0;0;0;0;0;0;0
310010;2658;112;120;106;92;97;115;105;95;89;126;82;81;3878
310020;3933;226;232;170;132;154;128;130;164;136;131;152;91;5779
310030;1596;45;112;80;55;71;54;50;62;36;50;43;38;2292
310040;424;17;28;10;18;5;29;11;9;18;7;8;4;588
310050;450;32;84;23;16;11;15;17;13;8;8;4;5;686
310060;911;28;44;24;41;68;63;99;38;21;13;8;9;1367
310070;438;8;9;1;11;36;64;82;3;52;103;58;96;961
310080;607;72;33;18;17;22;32;17;15;22;34;24;5;918
310090;1554;113;205;105;60;54;41;24;45;38;44;71;35;2389
310100;995;93;71;45;56;98;27;15;29;21;33;26;6;1515
310110;2859;314;173;155;93;87;101;144;82;112;74;94;83;4371
310120;818;74;61;32;38;29;18;15;20;37;20;22;11;1195
310130;324;30;10;5;8;3;10;4;8;2;4;8;2;418
310140;405;7;6;12;18;55;99;26;9;2;11;5;5;660
310150;5532;397;165;146;116;128;123;115;111;117;93;126;126;7295
310160;19361;1388;1040;1145;1389;1255;794;813;810;705;852;707;520;30779
310163;777;44;38;24;22;34;18;21;30;22;35;16;20;1101
310170;4698;249;347;187;171;165;109;135;140;121;155;106;85;6668
310180;861;28;48;37;23;13;13;20;17;20;26;12;6;1124
310190;2556;105;92;98;66;101;104;93;75;97;92;83;41;3603
310200;1490;149;59;53;192;149;107;54;62;29;30;40;37;2451
310205;530;39;14;10;8;17;55;18;10;19;11;12;5;748
310210;759;94;65;68;30;27;16;13;71;56;24;34;13;1270
310220;76;171;110;14;6;15;5;0;8;7;3;3;0;418
310230;2378;114;80;83;41;34;26;27;35;22;21;39;24;2924
310240;410;24;34;5;23;13;10;5;15;13;8;3;2;565
310250;356;68;49;15;17;16;9;39;9;10;11;10;3;612
310260;10401;707;499;459;399;455;386;322;473;386;412;317;312;15528
310270;547;125;121;52;31;12;18;20;21;13;17;13;8;998
310280;1729;183;73;47;192;62;43;55;48;42;51;71;67;2663
310285;580;187;56;23;21;16;245;54;29;14;27;5;27;1284
310290;1272;54;69;36;32;45;35;43;37;38;48;32;27;1768
310300;1342;144;108;69;64;48;103;80;112;85;96;44;33;2328
310310;126;76;24;4;6;5;5;1;7;8;0;3;0;265
310320;517;13;29;12;4;4;12;11;5;12;9;9;0;637
310330;211;6;2;2;0;2;0;2;5;5;0;1;3;239
310340;3820;162;295;193;148;110;98;212;159;146;115;94;90;5642
310350;22156;1511;1299;888;1197;1072;1040;854;1123;869;869;745;678;34301
310360;377;39;29;13;9;7;7;16;7;6;8;5;12;535
310370;449;30;55;17;8;12;76;156;22;8;11;2;3;849
310375;2858;217;294;252;103;126;121;62;73;41;60;103;39;4349
310380;550;67;29;12;9;12;12;8;3;7;16;8;7;740
310390;1700;90;124;93;60;65;71;95;88;57;66;67;43;2619
310400;28292;1796;1750;1584;1145;1339;1226;1123;1367;1223;1346;1097;811;44099
310410;2185;106;101;64;164;135;62;35;43;54;68;40;21;3078
310420;10084;983;650;541;402;417;394;416;475;393;442;469;303;15969
310430;1698;81;55;55;60;198;98;55;64;48;39;47;31;2529
310440;438;33;21;24;10;3;5;12;4;1;2;9;4;566
310445;231;44;51;12;12;21;22;13;10;11;11;7;0;445
310450;1355;114;207;81;46;60;60;46;66;53;66;41;34;2229
310460;3889;138;312;152;110;150;147;145;195;232;125;103;44;5742
310470;932;97;80;36;21;23;20;16;9;15;16;8;16;1289
310480;548;19;34;14;8;18;11;16;11;9;7;9;7;711
310490;3252;113;183;77;91;151;370;98;147;79;73;85;38;4757
310500;1116;63;88;68;52;58;28;214;117;114;103;28;24;2073
310510;3953;452;307;198;247;225;213;113;172;112;103;108;82;6285
310520;339;36;29;15;24;12;13;7;17;5;2;6;6;511
310530;893;35;64;17;31;89;36;29;30;20;38;16;11;1309
310540;4158;264;248;132;140;186;185;181;161;179;170;121;110;6235
310550;549;15;43;11;7;5;8;6;7;2;2;6;4;665
310560;26576;1209;1210;902;858;791;775;656;1418;656;878;665;729;37323
310570;522;10;3;2;10;13;6;8;9;14;5;8;6;616
310590;2621;355;182;83;59;89;48;65;87;77;58;51;64;3839
310600;1094;23;26;46;53;21;39;26;60;49;40;127;30;1634
310610;484;11;11;9;13;6;13;16;15;3;2;8;6;597
310620;1295964;41753;44189;43394;39119;40186;38709;40089;42534;39321;44190;39567;30586;1779601
310630;5700;429;215;333;260;192;219;140;248;199;742;147;145;8969
310640;736;239;176;56;52;35;21;34;46;20;19;17;13;1464
310650;461;61;111;15;15;6;15;8;32;46;11;8;8;797
310660;236;79;41;39;17;5;48;15;2;3;5;2;0;492
310665;289;67;57;38;12;9;12;10;22;8;5;11;5;545
310670;99206;3651;3106;3056;2819;4672;3109;3185;3958;4654;3516;2834;2236;140002
310680;295;43;12;7;4;1;5;1;2;2;3;1;0;376
310690;2635;326;214;121;251;145;110;111;129;102;65;115;58;4382
310700;286;18;23;5;4;6;9;3;6;2;7;5;1;375
310710;6977;531;654;389;326;949;376;328;333;340;252;262;179;11896
310720;601;20;42;29;35;34;22;12;12;10;17;14;14;862
310730;6989;686;416;299;204;218;195;196;441;209;181;222;127;10383
310740;11001;604;706;501;446;402;490;421;455;570;422;425;304;16747
310750;872;88;75;30;34;19;29;20;20;14;17;15;14;1247
310760;561;30;15;30;35;20;65;18;15;6;22;5;7;829
310770;987;34;26;20;35;26;16;22;40;25;24;39;30;1324
310780;801;108;67;62;23;27;18;35;20;94;25;25;22;1327
310790;855;84;49;28;27;39;37;24;33;26;28;12;15;1257
310800;2344;75;80;81;50;297;322;84;57;53;60;49;46;3598
310810;569;74;45;22;24;22;12;15;15;12;13;10;12;845
310820;955;71;87;24;24;29;68;36;68;32;25;62;12;1493
310825;341;50;52;25;123;31;14;9;25;15;14;15;19;733
310830;2717;71;92;84;79;79;67;59;79;70;70;63;47;3577
310840;2274;156;69;78;104;405;352;123;95;69;62;72;59;3918
310850;360;79;74;17;12;36;25;9;5;17;8;4;1;647
310855;1331;75;123;83;49;86;53;92;48;38;60;60;13;2111
310860;2597;224;165;203;100;74;57;103;87;85;50;51;50;3846
310870;275;11;64;8;6;6;4;6;8;5;2;0;2;397
310880;333;20;8;7;2;2;7;20;4;4;7;3;4;421
310890;1483;83;47;33;31;27;22;35;36;32;28;24;15;1896
310900;7933;833;643;470;279;246;304;261;259;225;205;205;115;11978
310910;927;104;56;44;44;51;52;44;34;26;14;25;19;1440
310920;882;50;42;56;13;26;19;32;21;21;13;21;15;1211
310925;289;13;27;8;9;8;7;5;10;9;8;3;6;402
310930;3328;220;415;336;144;179;179;231;166;128;144;151;69;5690
310940;3182;342;214;197;163;179;273;123;148;152;121;161;83;5338
310945;810;55;90;34;20;27;17;13;25;22;19;8;10;1150
310950;1693;56;89;34;52;626;380;88;40;63;53;49;27;3250
310960;426;39;54;22;13;27;21;10;11;26;12;8;8;677
310970;1739;78;113;74;79;94;149;91;59;61;49;60;29;2675
310980;589;80;98;15;10;8;14;12;68;15;8;2;6;925
310990;1953;105;99;53;58;53;51;79;59;68;38;44;43;2703
311000;5136;186;203;228;224;255;175;213;233;158;110;122;94;7337
311010;363;51;39;19;13;7;22;10;10;25;3;3;1;566
311020;486;30;38;29;18;40;28;23;23;9;12;12;6;754
311030;1988;99;104;65;60;82;53;86;74;65;62;52;34;2824
311040;254;11;4;7;11;10;51;1;7;3;0;0;0;359
311050;4822;206;200;166;159;203;201;251;171;176;191;115;125;6986
311060;6549;236;329;565;239;286;262;344;421;339;220;274;187;10251
311070;1728;58;95;70;87;236;309;181;52;100;28;35;23;3002
311080;408;28;61;50;13;15;4;5;9;6;5;8;2;614
311090;2838;157;199;84;116;219;391;248;144;75;113;75;53;4712
311100;2584;201;205;161;92;458;398;189;95;116;76;56;57;4688
311110;2415;147;152;117;117;97;94;109;117;105;127;99;75;3771
311115;300;16;25;11;4;9;19;9;7;5;4;5;8;422
311120;9557;1092;575;415;413;502;530;383;479;406;355;347;249;15303
311130;1467;79;71;43;101;125;76;39;33;48;30;41;14;2167
311140;2171;119;184;239;188;139;65;84;92;78;63;66;55;3543
311150;2030;193;185;200;80;151;436;268;200;90;112;179;49;4173
311160;3777;186;183;128;187;343;254;133;92;102;100;114;65;5664
311170;352;67;28;7;13;40;83;4;99;17;13;8;3;734
311180;1805;233;136;79;128;111;38;51;38;40;34;47;28;2768
311190;557;15;35;10;9;31;15;17;29;18;12;14;24;786
311200;2046;139;89;107;61;58;77;54;81;58;91;47;33;2941
311205;447;11;53;41;5;9;20;17;9;24;11;13;3;663
311210;446;26;30;12;2;12;17;38;61;10;8;10;3;675
311220;403;32;34;11;19;41;27;16;10;4;6;2;13;618
311230;6064;325;308;180;166;135;525;165;150;203;110;326;109;8766
311240;1083;80;104;80;29;210;148;122;64;62;64;126;55;2227
311250;824;62;96;52;29;40;33;31;30;29;20;29;16;1291
311260;2615;269;205;494;136;82;58;70;46;261;281;137;56;4710
311265;376;79;50;40;13;4;10;11;9;18;17;2;2;631
311270;2298;108;91;103;107;43;33;31;43;30;37;27;9;2960
311280;1867;109;120;115;91;131;95;60;82;82;68;87;57;2964
311290;425;117;141;25;9;37;43;28;14;12;7;23;19;900
311300;765;80;129;82;128;39;32;11;33;32;17;11;9;1368
311310;204;79;32;50;35;4;3;9;2;14;2;7;2;443
311320;4018;228;214;105;121;173;101;87;142;136;111;102;93;5631
311330;4922;373;352;199;183;170;192;145;158;141;154;126;107;7222
311340;15791;976;875;782;773;1067;688;522;611;567;506;641;490;24289
311350;1245;106;163;75;72;45;52;48;66;42;38;22;13;1987
311360;992;80;75;37;46;98;98;27;25;35;28;33;43;1617
311370;2892;177;196;116;142;111;231;152;115;81;86;101;70;4470
311380;334;25;18;5;0;1;6;1;1;4;2;2;1;400
311390;2415;159;148;101;169;476;595;198;249;135;71;112;55;4883
311400;2041;180;106;72;44;87;134;131;61;37;39;54;24;3010
311410;2104;171;89;58;118;525;282;107;78;76;46;52;24;3730
311420;3816;290;303;177;141;144;151;150;255;151;159;172;85;5994
311430;5419;248;269;234;198;544;438;294;196;160;139;225;129;8493
311440;3286;149;191;146;166;253;175;174;138;131;119;87;98;5113
311450;3272;116;197;107;92;104;110;76;133;131;115;72;56;4581
311455;1511;154;150;85;151;62;49;43;41;53;543;40;22;2904
311460;542;49;14;9;9;7;16;18;16;6;8;19;8;721
311470;384;25;21;17;10;14;29;15;16;8;6;2;10;557
311480;404;38;11;9;16;4;4;6;13;16;3;8;4;536
311490;399;48;30;11;9;19;20;3;10;10;5;4;1;569
311500;366;106;193;62;73;93;46;47;33;16;17;9;10;1071
311510;2622;283;149;123;75;185;241;103;95;82;61;65;49;4133
311520;305;31;14;12;7;7;8;7;15;9;3;4;3;425
311530;15741;598;599;676;501;328;377;398;367;316;260;307;303;20771
311535;713;39;28;29;28;90;11;103;52;29;9;9;4;1144
311540;289;20;37;12;6;9;5;5;7;2;4;1;2;399
311545;610;20;26;41;17;13;6;17;14;10;12;18;4;808
311547;251;29;49;12;11;1;25;6;7;8;3;1;6;409
311550;3394;131;151;107;71;96;90;87;93;109;92;75;87;4583
311560;106;33;40;11;1;2;6;0;6;4;1;1;1;212
311570;436;182;72;23;15;21;22;12;13;4;7;7;4;818
311580;916;42;120;37;20;16;20;22;14;35;29;49;18;1338
311590;266;44;37;14;17;10;9;8;9;6;10;11;5;446
311600;366;7;48;30;11;16;7;8;5;9;9;3;2;521
311610;733;26;35;41;11;13;3;18;15;4;10;4;3;916
311615;757;132;94;174;77;218;73;128;45;71;32;10;21;1832
311620;333;77;48;14;17;7;8;9;17;12;5;0;1;548
311630;210;52;48;40;13;5;8;9;21;8;4;4;4;426
311640;637;185;64;35;54;17;26;28;24;25;28;19;11;1153
311650;574;32;72;12;7;9;11;11;20;1;32;14;3;798
311660;7462;479;497;422;329;297;264;365;338;275;294;330;199;11551
311670;927;83;97;52;38;70;46;41;40;20;16;27;19;1476
311680;542;93;31;9;23;9;9;15;14;10;8;6;5;774
311690;1430;271;483;185;39;907;414;247;142;208;49;108;52;4535
311700;388;49;41;16;15;12;12;6;14;6;5;9;3;576
311710;1059;95;95;35;33;278;117;68;33;30;25;31;10;1909
311720;227;34;20;9;3;8;3;7;6;2;1;4;0;324
311730;4934;218;373;189;343;154;151;86;84;95;112;143;166;7048
311740;262;25;3;17;18;9;4;9;8;4;2;4;2;367
311750;3745;145;240;197;106;71;72;137;100;149;116;142;96;5316
311760;1834;33;65;521;38;39;54;35;35;31;28;25;19;2757
311770;2104;105;106;117;127;702;408;121;65;52;71;31;60;4069
311780;1967;218;128;72;47;167;155;159;103;59;139;30;32;3276
311783;272;14;86;19;23;12;5;12;17;8;11;3;1;483
311787;5090;159;169;217;246;277;264;115;159;160;166;111;213;7346
311790;1379;108;110;84;51;47;51;52;55;47;37;26;27;2074
311800;15133;997;767;784;848;558;502;1596;490;445;380;332;299;23131
311810;284;15;18;12;36;5;7;8;4;11;7;9;5;421
311820;1319;102;107;72;173;62;43;37;29;27;20;30;9;2030
311830;20724;712;867;679;695;613;706;792;864;723;651;798;520;29344
311840;1864;86;237;95;44;69;53;52;53;45;31;42;19;2690
311850;133;24;20;8;2;2;25;9;5;5;4;4;0;241
311860;180414;8469;8433;8114;8033;7188;7493;7303;7561;7642;8432;7028;5198;271308
311870;1254;91;75;74;50;167;143;61;34;36;40;40;17;2082
311880;1239;229;223;45;50;41;23;40;52;27;30;24;16;2039
311890;722;33;21;15;25;29;18;15;23;20;76;29;9;1035
311900;489;50;20;20;12;63;26;46;54;7;11;24;7;829
311910;2680;273;328;77;82;91;52;65;73;61;70;65;69;3986
311920;526;70;128;43;18;30;38;24;78;22;20;18;4;1019
311930;5005;435;446;339;250;337;341;309;317;184;187;199;197;8546
311940;15484;692;651;866;692;512;790;560;578;476;627;570;706;23204
311950;740;54;126;44;20;12;26;17;107;10;12;12;2;1182
311960;393;61;23;23;11;23;14;18;14;8;24;7;9;628
311970;410;48;23;20;18;19;50;32;19;17;9;16;10;691
311980;517;41;83;30;26;159;92;50;25;21;11;70;16;1141
311990;256;16;12;9;7;6;5;0;5;9;1;3;3;332
311995;1440;81;69;60;68;79;70;53;51;46;45;39;45;2146
312000;344;4;19;4;13;2;8;12;4;11;3;3;3;430
312010;378;43;11;5;8;6;7;4;3;7;7;6;3;488
312015;392;23;60;56;28;8;13;10;14;10;20;7;6;647
312020;2651;174;159;156;193;209;132;176;129;152;114;173;57;4475
312030;334;21;14;41;41;8;5;12;7;3;4;6;0;496
312040;684;66;51;26;26;11;17;49;53;11;12;12;8;1026
312050;1190;132;85;45;115;57;14;24;34;36;19;26;20;1797
312060;559;51;52;27;24;28;15;23;22;12;11;17;7;848
312070;615;52;50;19;14;25;15;47;18;24;19;18;9;925
312080;2520;73;66;81;76;64;73;64;109;51;61;87;23;3348
312083;270;102;90;17;15;19;8;11;15;4;4;4;5;564
312087;398;43;61;42;24;14;6;9;5;4;5;2;1;614
312090;15223;860;596;571;452;544;651;520;548;506;598;490;380;21939
312100;477;33;35;27;27;6;0;7;6;5;3;6;15;647
312110;772;24;44;27;16;27;13;16;16;23;30;25;10;1043
312120;1549;80;92;101;71;54;104;41;79;45;61;73;54;2404
312125;3018;114;123;119;262;91;71;61;44;57;51;91;72;4174
312130;951;60;53;24;18;21;25;11;51;32;22;28;12;1308
312140;446;109;20;5;17;16;12;14;12;6;20;7;8;692
312150;292;21;65;20;4;5;2;5;8;4;2;3;2;433
312160;8787;264;354;254;247;256;236;227;190;179;201;177;138;11510
312170;149;40;50;15;7;8;5;9;8;8;4;5;1;309
312180;556;79;37;40;16;20;15;20;14;13;12;11;16;849
312190;345;97;66;22;28;21;23;18;26;27;28;27;6;734
312200;1419;194;179;78;69;54;62;81;174;132;117;48;21;2628
312210;336;100;72;30;26;6;4;19;9;4;3;10;3;622
312220;348;100;103;24;20;14;13;21;22;22;16;7;4;714
312230;55936;2639;3002;2479;2236;2409;2666;2278;2490;2314;2298;2247;1662;84656
312235;687;36;78;43;23;15;23;17;18;19;13;14;11;997
312240;666;67;35;33;32;177;63;34;13;23;22;21;9;1195
312245;376;150;36;37;10;17;5;9;3;13;8;3;2;669
312247;310;14;18;3;10;21;15;6;5;7;5;1;3;418
312250;450;68;44;10;16;16;14;12;13;8;8;12;7;678
312260;379;17;24;14;8;8;7;10;8;3;6;4;4;492
312270;979;21;33;31;45;16;17;20;15;18;8;13;9;1225
312280;280;28;20;10;28;14;83;9;0;2;8;5;3;490
312290;936;44;32;38;30;19;32;20;34;12;25;12;4;1238
312300;2660;189;106;41;60;54;67;40;80;39;47;67;25;3475
312310;584;61;109;38;20;7;18;82;31;17;16;66;23;1072
312320;2050;93;129;71;62;69;69;61;52;67;75;56;37;2891
312330;236;58;40;11;10;35;13;3;12;4;19;28;6;475
312340;231;45;69;16;17;3;12;7;5;8;4;3;7;427
312350;264;33;41;5;3;5;4;9;4;6;4;1;3;382
312352;349;92;44;26;12;36;26;8;14;14;11;10;2;644
312360;4665;304;358;204;191;318;212;190;283;174;149;146;118;7312
312370;1186;196;178;61;46;43;60;52;37;39;42;13;29;1982
312380;630;49;35;23;15;17;12;34;22;21;17;17;1;893
312385;329;18;65;17;12;7;3;9;5;8;1;3;3;480
312390;1560;177;128;50;32;40;75;84;58;39;45;56;45;2389
312400;1992;167;208;58;223;75;124;142;103;64;92;74;31;3353
312410;5964;251;306;370;196;187;203;234;152;150;157;140;139;8449
312420;2991;109;121;81;92;132;87;108;92;81;90;98;33;4115
312430;2730;207;214;131;127;87;86;90;109;123;72;64;42;4082
312440;606;67;58;41;21;21;27;30;23;15;20;16;10;955
312450;1440;50;42;81;68;50;48;57;49;31;36;44;31;2027
312460;371;15;10;6;6;19;9;5;4;6;6;2;4;463
312470;424;46;48;19;17;12;22;14;6;9;8;13;19;657
312480;1227;128;157;232;89;108;170;84;136;70;103;61;40;2605
312490;1557;130;99;58;40;50;35;55;44;65;33;22;10;2198
312500;364;43;47;10;12;8;9;15;18;4;10;9;9;558
312510;16750;1742;1550;893;797;835;937;1397;974;1024;1384;934;646;29863
312520;267;32;26;21;43;9;5;7;6;6;7;3;3;435
312530;483;16;10;48;53;10;16;9;14;15;10;11;4;699
312540;329;55;31;11;14;8;63;22;5;15;7;4;2;566
312550;348;5;17;6;8;9;10;7;5;6;1;0;1;423
312560;556;10;42;16;11;9;7;5;9;11;7;7;4;694
312570;1744;253;179;79;74;71;105;101;65;58;79;51;44;2903
312580;297;72;79;25;21;23;10;15;22;19;28;12;10;633
312590;910;27;37;29;30;25;21;18;20;17;16;18;8;1176
312595;625;186;101;37;28;37;37;22;25;20;10;10;22;1160
312600;1298;113;69;49;37;32;30;29;35;40;26;28;38;1824
312610;17086;1151;1006;920;736;788;811;765;890;671;777;746;481;26828
312620;656;92;119;52;33;29;23;44;26;31;29;15;13;1162
312630;581;27;18;20;74;22;87;26;8;34;6;5;11;919
312640;412;35;31;10;13;12;6;12;8;30;13;3;1;586
312650;354;23;58;100;17;12;11;7;9;5;6;7;2;611
312660;421;54;28;27;12;13;6;8;17;5;6;3;6;606
312670;2445;107;128;131;122;71;73;106;83;69;87;65;62;3549
312675;433;107;58;45;22;11;6;11;28;6;4;0;2;733
312680;519;20;13;12;10;7;14;5;5;5;5;7;5;627
312690;753;225;183;24;22;23;16;40;119;26;17;18;7;1473
312695;216;30;39;14;10;7;2;2;4;1;0;1;0;326
312700;1628;284;251;156;105;55;39;105;54;71;56;60;50;2914
312705;260;78;64;20;23;9;7;5;5;2;3;5;0;481
312707;313;12;5;16;6;19;8;7;9;16;8;11;8;438
312710;12587;554;543;449;801;508;408;348;466;381;421;325;321;18112
312720;685;45;28;16;15;11;10;12;13;17;14;11;9;886
312730;578;262;154;31;21;18;26;15;30;19;12;10;13;1189
312733;347;14;34;22;5;17;2;14;8;11;6;6;6;492
312735;208;20;113;13;2;4;0;7;6;11;6;9;2;401
312737;385;40;22;10;27;12;17;11;4;8;3;2;2;543
312738;521;18;11;21;20;14;11;12;19;12;9;24;4;696
312740;602;34;16;25;10;28;33;20;14;18;29;13;20;862
312750;203;137;81;38;31;19;14;11;15;11;11;10;4;585
312760;1607;107;128;51;41;39;31;31;63;36;14;39;22;2209
312770;54224;2238;4333;2535;2273;2248;2011;2361;2605;2002;1942;1890;1562;82224
312780;1696;27;77;37;41;23;14;12;37;85;51;28;15;2143
312790;229;37;63;42;12;12;7;9;2;9;2;5;7;436
312800;6176;329;336;210;170;141;159;140;182;173;166;166;112;8460
312810;2027;141;116;80;130;150;159;84;73;62;38;69;22;3151
312820;821;102;81;31;31;67;29;11;59;74;27;27;19;1379
312825;344;37;12;18;8;2;9;9;3;4;3;23;4;476
312830;4471;156;156;223;373;354;171;113;150;97;101;122;62;6549
312840;1341;54;120;46;21;48;64;45;47;34;105;92;35;2052
312850;471;60;65;23;15;18;16;18;15;23;4;35;6;769
312860;1313;130;117;214;107;61;65;60;65;41;44;39;21;2277
312870;13322;583;522;488;501;938;610;488;445;436;386;426;320;19465
312880;1039;60;76;36;15;37;33;29;34;25;28;25;11;1448
312890;916;119;128;62;47;35;138;151;69;34;26;28;67;1820
312900;907;46;47;60;27;31;17;32;27;27;23;13;23;1280
312910;699;79;38;30;35;20;25;21;17;35;15;19;20;1053
312920;977;48;29;50;56;65;70;16;75;26;23;14;22;1471
312930;764;179;118;17;16;19;84;26;121;34;25;29;14;1446
312940;496;82;51;36;17;13;19;16;21;6;13;16;10;796
312950;4464;340;446;401;259;422;386;499;411;284;226;170;120;8428
312960;523;49;31;16;34;83;25;10;7;7;13;11;5;814
312965;351;62;50;20;19;14;20;7;21;6;8;12;10;600
312970;1864;189;219;133;110;206;591;161;86;76;70;49;58;3812
312980;15367;689;1155;751;591;674;527;538;693;556;490;483;357;22871
312990;324;10;16;12;6;11;21;4;7;5;11;2;7;436
313000;330;13;16;9;9;23;33;12;7;4;13;2;10;481
313005;402;13;41;34;8;30;11;15;20;12;11;8;5;610
313010;5814;237;322;296;205;203;204;201;270;183;158;144;146;8383
313020;2942;148;152;102;82;131;89;100;87;137;94;83;41;4188
313030;1264;144;58;47;36;33;40;36;56;29;38;36;18;1835
313040;1301;50;28;35;63;39;54;40;35;32;45;28;79;1829
313050;1893;129;92;111;88;98;127;82;51;83;90;65;41;2950
313055;515;46;34;44;117;86;70;7;22;5;10;31;3;990
313060;986;52;61;49;34;41;31;19;26;26;17;36;7;1385
313065;418;51;65;24;15;51;20;59;5;9;4;5;9;735
313070;1085;89;70;50;150;60;71;90;120;68;191;74;20;2138
313080;644;64;126;24;34;227;63;17;18;11;10;26;51;1315
313090;2095;136;279;99;113;117;73;51;82;69;65;85;53;3317
313100;945;174;86;25;42;28;56;26;36;25;21;27;21;1512
313110;919;25;90;39;21;36;25;19;43;26;28;17;16;1304
313115;1252;254;87;96;81;60;60;44;90;58;83;43;20;2228
313120;2057;280;138;89;47;77;80;58;69;106;75;42;32;3150
313130;61607;2827;2258;2792;2107;1929;1820;1927;2397;1978;2576;2357;2443;89018
313140;522;56;75;25;14;16;9;9;11;19;19;8;8;791
313150;1281;98;50;40;23;45;24;62;48;32;23;46;14;1786
313160;1010;118;70;42;30;94;55;35;33;32;29;26;22;1596
313170;31082;1213;1121;794;666;4635;689;892;903;630;798;495;503;44421
313180;860;38;130;46;33;22;28;18;27;47;37;23;9;1318
313190;13580;650;668;719;620;712;380;480;484;424;392;384;333;19826
313200;737;25;35;27;26;27;11;9;6;10;6;9;5;933
313210;1848;132;137;57;44;77;65;138;40;26;36;21;27;2648
313220;2558;130;136;113;102;110;100;88;89;99;86;121;82;3814
313230;551;91;65;27;13;13;21;18;39;14;11;8;11;882
313240;23705;676;801;821;662;664;643;711;665;615;610;587;463;31623
313250;3378;102;205;131;98;118;94;75;89;96;111;101;48;4646
313260;473;58;47;34;12;22;16;18;10;10;8;15;3;726
313270;2192;210;137;146;41;50;51;48;109;53;32;35;18;3122
313280;234;12;1;10;5;8;9;8;3;7;7;2;0;306
313290;1465;118;93;63;52;62;156;69;42;32;30;33;20;2235
313300;2822;170;170;97;71;83;96;96;80;75;84;82;58;3984
313310;4094;137;103;112;107;79;110;138;136;115;156;101;77;5465
313320;894;49;236;44;31;18;26;20;35;40;16;16;14;1439
313330;2018;295;114;64;37;85;89;42;44;103;92;62;38;3083
313340;2723;159;222;88;72;72;91;111;44;94;41;64;29;3810
313350;3556;184;186;121;95;84;112;103;182;114;105;78;46;4966
313360;2201;160;133;107;105;74;74;202;88;123;87;71;71;3496
313370;2131;193;124;36;88;119;192;129;101;204;70;74;37;3498
313375;3072;313;197;196;140;152;104;80;172;119;130;178;204;5057
313380;24170;1217;1130;878;1053;1049;916;1002;1142;970;992;1107;747;36373
313390;348;99;84;43;14;16;8;17;13;7;19;11;4;683
313400;806;97;72;29;16;26;56;16;37;14;15;15;9;1208
313410;412;33;55;10;11;36;15;5;12;13;3;10;8;623
313420;19916;1269;1275;1022;931;694;648;583;704;666;575;620;544;29447
313430;436;45;33;6;6;32;39;10;8;6;7;7;1;636
313440;9893;505;911;1006;978;422;356;287;344;325;413;291;205;15936
313450;472;28;25;13;8;31;23;23;12;9;15;5;4;668
313460;2028;51;71;65;93;73;84;91;45;58;61;76;61;2857
313470;655;110;120;26;37;9;23;12;14;10;16;9;8;1049
313480;1002;27;42;13;25;76;161;34;35;17;26;42;16;1516
313490;6032;634;518;420;314;497;450;361;264;260;277;225;160;10412
313500;630;32;46;21;11;23;22;28;19;9;18;17;11;887
313505;6022;543;413;466;508;691;361;212;221;138;186;166;151;10078
313507;311;72;55;13;5;15;3;5;12;5;2;4;0;502
313510;12012;898;788;485;380;398;328;320;396;327;296;386;265;17279
313520;4946;314;414;220;133;230;117;130;192;134;240;118;114;7302
313530;789;53;18;28;8;28;18;15;28;25;38;17;7;1072
313535;461;22;81;24;7;17;9;9;13;6;9;3;2;663
313540;3708;71;266;97;96;56;485;206;113;95;140;34;22;5389
313545;343;46;49;17;11;22;9;9;20;11;7;11;8;563
313550;1300;77;131;61;46;68;43;53;29;24;12;22;16;1882
313560;771;17;29;34;38;10;14;45;30;12;13;33;7;1053
313570;849;108;83;64;54;42;50;30;30;45;42;37;10;1444
313580;1809;230;164;36;49;48;42;44;45;33;44;31;13;2588
313590;585;94;17;18;32;75;76;38;25;11;12;15;3;1001
313600;1050;60;35;63;36;20;79;16;42;21;10;7;13;1452
313610;220;56;65;52;37;44;27;6;3;7;15;6;7;545
313620;16868;788;1145;1519;864;751;1427;2141;1106;840;620;735;661;29465
313630;11129;723;900;739;825;1002;651;558;664;468;564;515;412;19150
313640;355;63;39;23;11;8;9;1;10;10;4;11;0;544
313650;704;81;73;45;33;34;26;13;5;16;7;7;10;1054
313652;326;9;10;4;8;16;11;3;14;12;2;2;3;420
313655;483;38;83;37;16;13;10;10;9;3;6;5;3;716
313657;378;29;30;16;7;11;6;4;5;1;6;2;7;502
313660;613;26;24;19;11;10;8;26;9;9;18;8;7;788
313665;5753;371;485;294;282;303;215;200;177;191;202;188;121;8782
313670;143140;7318;4905;5393;5287;6382;4960;5001;5703;5513;5267;4836;4096;207801
313680;406;15;47;17;20;11;11;4;26;6;6;1;0;570
313690;2210;103;105;103;108;115;222;89;108;110;111;82;48;3514
313695;332;21;29;28;18;9;7;4;2;11;5;4;2;472
313700;738;26;52;47;23;18;17;11;26;18;14;13;7;1010
313710;986;50;232;78;63;79;47;78;66;37;29;38;20;1803
313720;12259;432;322;708;394;408;438;373;383;364;337;336;312;17066
313730;336;44;22;5;8;26;5;9;11;6;4;1;3;480
313740;1449;121;100;48;20;30;62;97;56;40;33;30;19;2105
313750;2993;139;218;109;183;163;172;125;142;89;100;103;74;4610
313753;1200;121;106;61;36;73;46;104;100;202;90;131;25;2295
313760;14660;656;1017;779;558;627;501;567;661;465;449;387;266;21593
313770;1918;284;147;69;57;139;95;97;100;67;106;61;43;3183
313780;2540;139;220;74;84;137;109;56;87;84;75;77;36;3718
313790;261;44;51;22;10;9;50;6;9;5;5;4;1;477
313800;790;30;34;41;18;33;26;84;25;16;17;9;19;1142
313810;1379;136;136;76;184;157;127;81;104;53;42;57;66;2598
313820;25162;948;1062;1006;813;948;840;747;867;750;722;946;679;35490
313830;375;45;12;16;39;17;13;22;22;23;16;13;3;616
313835;327;19;37;24;13;12;25;11;17;10;8;12;14;529
313840;10855;333;301;389;348;266;256;275;358;273;278;207;159;14298
313850;591;32;29;9;15;10;9;8;19;23;9;7;9;770
313860;2463;103;148;95;52;84;63;67;67;58;54;68;67;3389
313862;1901;152;220;138;570;111;105;56;39;36;33;39;24;3424
313865;364;141;78;33;24;27;14;16;100;17;12;13;5;844
313867;417;34;24;19;13;26;19;22;22;12;20;4;7;639
313868;319;39;30;16;10;8;3;7;7;3;3;3;0;448
313870;902;131;80;49;33;187;50;58;35;21;41;31;9;1627
313880;3644;172;157;162;89;128;138;144;133;98;126;94;82;5167
313890;462;61;64;38;42;13;8;3;12;6;5;7;4;725
313900;9072;372;417;376;447;896;735;436;375;230;268;308;214;14146
313910;736;48;34;22;43;45;24;35;15;25;40;14;13;1094
313920;1220;159;81;35;60;30;39;26;29;17;22;56;14;1788
313925;344;33;30;41;3;10;4;12;11;7;4;0;1;500
313930;1932;97;113;67;31;30;39;28;82;35;36;47;13;2550
313940;19890;907;776;930;820;1063;988;825;877;882;780;712;455;29905
313950;2878;464;320;154;136;243;160;136;160;112;96;92;69;5020
313960;3775;320;255;146;155;205;85;114;133;130;112;90;69;5589
313970;1218;66;63;40;37;43;35;80;49;125;51;62;22;1891
313980;3004;123;174;130;141;156;160;134;158;133;131;89;55;4588
313990;1230;93;144;50;31;33;32;34;43;28;29;23;24;1794
314000;12473;457;824;363;308;2325;242;486;438;459;255;280;341;19251
314010;362;21;8;47;33;29;18;11;16;3;4;7;7;566
314015;1424;105;151;69;73;47;51;47;47;48;33;68;36;2199
314020;641;64;84;56;18;17;24;11;20;33;26;28;4;1026
314030;462;12;10;12;9;12;17;7;10;5;13;7;7;583
314040;307;6;9;24;19;24;10;13;14;7;8;9;4;454
314050;3434;214;202;149;157;196;185;145;139;157;131;113;82;5304
314053;539;102;86;54;36;194;67;34;18;31;24;11;7;1203
314055;293;83;39;13;10;2;7;4;7;6;2;4;2;472
314060;290;36;31;9;9;5;5;7;2;10;7;2;0;413
314070;5746;754;513;272;227;236;155;209;430;217;249;202;171;9381
314080;5054;242;172;160;165;157;243;151;149;143;171;177;111;7095
314085;1505;69;112;95;104;92;71;71;59;25;50;22;34;2309
314090;1737;287;469;128;132;187;144;96;106;115;67;72;40;3580
314100;847;116;83;66;50;37;31;29;70;31;30;16;9;1415
314110;8687;954;628;915;454;604;555;581;700;368;488;360;615;15909
314120;450;21;33;12;16;11;17;7;15;14;12;9;14;631
314130;639;69;70;43;42;73;66;31;38;30;10;10;10;1131
314140;1610;209;158;84;33;67;47;69;55;28;40;37;8;2445
314150;468;57;23;23;28;16;16;13;8;6;17;3;2;680
314160;869;136;100;39;19;29;21;22;25;15;19;9;7;1310
314170;409;32;34;14;13;17;14;12;12;7;8;8;1;581
314180;1687;195;322;95;25;56;119;88;57;37;33;37;40;2791
314190;662;15;7;16;14;14;35;10;20;16;6;9;12;836
314200;835;89;77;38;21;17;15;39;60;19;19;16;8;1253
314210;994;41;95;51;40;47;31;17;39;19;24;22;8;1428
314220;2241;91;78;75;60;68;47;51;55;49;84;55;35;2989
314225;308;24;40;27;17;12;8;1;22;8;2;3;4;476
314230;523;108;54;19;17;33;33;16;15;15;10;19;10;872
314240;831;40;91;33;21;27;27;84;35;24;29;25;21;1288
314250;338;14;15;3;15;19;47;34;21;6;18;2;3;535
314260;1759;180;115;54;46;102;126;79;68;45;45;54;24;2697
314270;1050;51;73;53;91;63;40;27;18;8;21;21;10;1526
314280;3185;294;329;131;134;163;149;138;236;124;129;120;100;5232
314290;1445;67;178;49;29;35;28;32;199;64;32;35;12;2205
314300;3122;81;130;192;406;366;105;58;73;148;123;73;52;4929
314310;9278;556;477;433;362;555;692;397;322;313;269;469;287;14410
314315;199;10;42;24;8;4;21;4;18;6;1;2;2;341
314320;3806;426;277;178;279;307;416;209;200;163;129;116;113;6619
314330;82063;6244;4670;3183;3598;3775;2466;2552;3077;2617;2938;2717;2493;122393
314340;4920;208;297;267;292;267;195;170;205;168;196;151;100;7436
314345;560;94;119;185;36;68;31;32;40;19;6;29;13;1232
314350;1860;169;174;69;93;73;95;66;69;49;93;86;51;2947
314360;495;38;116;31;48;18;17;12;10;10;10;5;19;829
314370;243;23;24;15;35;7;1;3;7;6;6;7;8;385
314380;653;67;61;34;56;34;45;45;43;40;26;27;8;1139
314390;23807;937;885;858;727;745;668;613;781;691;692;606;410;32420
314400;2390;160;154;86;66;116;62;84;68;75;69;72;23;3425
314410;3395;214;207;159;138;163;372;300;190;274;181;199;90;5882
314420;138;67;34;16;4;4;6;11;27;3;4;4;2;320
314430;5795;203;151;95;123;120;116;323;158;187;136;155;95;7657
314435;600;18;27;58;21;25;23;9;16;16;6;14;7;840
314437;378;15;13;5;26;7;2;4;1;1;10;4;0;466
314440;448;21;77;22;11;8;29;12;15;8;6;5;1;663
314450;1862;109;103;179;173;236;264;155;221;300;227;315;141;4285
314460;3682;113;137;175;112;430;373;165;103;98;116;63;56;5623
314465;698;26;30;10;20;177;127;13;14;9;16;16;3;1159
314467;171;57;95;27;5;5;5;2;6;0;1;4;0;378
314470;3814;188;151;103;145;71;96;361;242;111;67;64;45;5458
314480;37959;1785;1799;1747;1662;1433;1501;1307;1759;1506;1427;1200;1365;56450
314490;387;78;32;23;13;27;10;11;13;15;6;11;1;627
314500;2571;198;383;125;94;107;171;91;236;138;89;163;133;4499
314505;1431;123;120;88;75;84;59;28;41;36;64;19;19;2187
314510;1558;55;180;71;53;133;323;59;62;43;66;54;39;2696
314520;25926;1983;3835;2599;1807;1636;1619;1764;1875;1752;1531;961;294;47582
314530;1374;56;198;76;68;228;70;43;50;50;65;35;57;2370
314535;479;48;90;30;32;17;10;9;21;37;16;9;4;802
314537;363;65;61;21;11;8;22;7;8;5;13;7;6;597
314540;285;21;33;18;11;11;16;30;15;6;5;2;8;461
314545;837;51;46;52;60;40;29;21;38;98;35;42;18;1367
314550;406;7;14;5;61;47;11;8;7;6;7;4;3;586
314560;8268;835;503;340;301;657;584;305;282;203;280;228;222;13008
314570;178;28;30;4;8;4;4;8;3;1;3;2;0;273
314580;432;28;17;14;16;16;6;10;8;15;5;7;8;582
314585;553;37;27;23;16;21;22;21;13;5;9;5;9;761
314587;363;44;47;16;10;11;14;4;15;6;5;4;2;541
314590;11581;358;540;276;269;257;221;273;243;177;210;299;252;14956
314600;5626;319;228;162;160;223;196;159;210;172;133;200;99;7887
314610;18626;757;783;840;531;938;469;503;572;389;540;420;296;25664
314620;306;23;27;9;14;14;10;6;7;7;11;4;4;442
314625;585;26;78;29;44;27;12;8;4;7;2;2;2;826
314630;1202;183;227;48;45;51;40;38;36;35;13;33;5;1956
314640;517;24;32;30;16;20;13;10;21;15;13;11;3;725
314650;2207;104;82;76;56;60;66;130;80;115;41;45;33;3095
314655;413;7;40;17;18;10;5;6;7;3;4;0;3;533
314660;165;47;33;10;4;6;10;2;5;2;1;2;0;287
314670;634;79;19;58;16;27;25;16;14;4;7;5;8;912
314675;341;13;34;7;12;6;10;4;6;5;4;4;3;449
314690;2926;118;89;105;97;120;100;110;103;86;115;120;61;4150
314700;21354;1771;1334;2185;2165;1346;1487;829;967;1482;1127;1488;1032;38567
314710;25637;1024;1494;1042;1045;965;837;1061;948;794;804;811;673;37135
314720;4392;154;254;229;213;251;230;191;194;185;152;150;111;6706
314730;4163;99;181;187;83;125;87;103;186;121;146;81;63;5625
314740;5131;196;186;137;140;217;180;200;245;137;180;224;120;7293
314750;132;44;32;10;11;2;5;6;3;1;3;0;1;250
314760;3030;211;129;92;87;103;73;93;116;75;109;85;44;4247
314770;1119;147;73;41;31;34;21;26;73;38;41;71;22;1737
314780;256;32;25;16;14;12;10;11;12;14;11;5;7;425
314790;22868;861;1280;972;876;959;721;917;1219;911;814;820;721;33939
314795;338;19;39;18;8;10;6;5;10;6;5;4;9;477
314800;39258;2321;2131;1987;1984;2248;2174;1945;1949;2291;1893;2032;1623;63836
314810;21129;1834;1541;1261;973;2239;1580;1137;1057;1057;1116;889;846;36659
314820;743;122;48;37;14;13;22;22;25;17;18;9;7;1097
314830;753;53;137;25;33;181;105;24;15;26;14;5;10;1381
314840;346;16;37;37;9;4;14;14;12;11;0;4;3;507
314850;576;46;45;28;8;14;24;26;8;16;11;8;5;815
314860;1249;36;63;19;49;40;29;18;39;38;30;21;16;1647
314870;1936;156;308;78;54;64;40;41;48;19;33;24;32;2833
314875;257;46;89;36;9;4;10;2;2;4;0;0;0;459
314880;301;30;20;12;5;3;2;3;5;5;3;4;4;397
314890;966;45;27;82;76;31;23;35;27;30;26;19;10;1397
314900;210;33;44;5;15;14;15;10;6;2;4;1;1;360
314910;1178;56;45;34;33;37;59;29;76;36;17;28;15;1643
314915;629;43;60;46;41;8;23;22;40;22;16;4;3;957
314920;733;38;50;22;8;47;38;15;18;13;21;11;12;1026
314930;14188;790;694;506;511;431;450;914;546;499;510;597;424;21060
314940;142;61;48;5;10;3;6;1;11;5;7;4;0;303
314950;702;61;45;13;34;25;12;24;5;20;12;8;10;971
314960;549;25;16;11;20;16;8;11;12;20;10;7;8;713
314970;2283;97;188;227;178;165;101;94;117;96;110;55;30;3741
314980;3987;301;373;241;210;399;576;297;154;269;208;121;232;7368
314990;4101;196;205;181;185;169;207;123;143;131;166;154;151;6112
314995;708;18;120;30;23;14;12;12;14;13;13;11;5;993
315000;340;16;4;22;9;5;5;7;10;5;4;2;6;435
315010;209;3;4;4;5;4;7;6;11;10;14;32;2;311
315015;507;79;74;37;39;97;84;53;26;15;5;20;8;1044
315020;599;21;89;44;35;24;28;16;9;8;9;15;5;902
315030;514;15;11;6;7;12;7;17;5;12;19;8;7;640
315040;393;21;10;11;11;5;6;8;4;4;6;5;9;493
315050;1519;79;74;67;483;395;87;53;42;62;74;42;25;3002
315053;505;15;21;10;5;4;26;18;32;18;9;15;6;684
315057;426;29;25;25;13;7;19;33;14;20;15;8;3;637
315060;678;32;112;13;15;13;13;15;23;17;14;18;17;980
315070;2507;80;305;435;208;60;78;51;71;45;60;42;14;3956
315080;1163;32;26;38;35;66;33;38;39;14;31;23;17;1555
315090;525;20;17;27;9;18;18;16;15;13;16;11;2;707
315100;885;97;40;41;29;55;40;33;23;30;32;23;8;1336
315110;2030;222;114;118;59;33;52;24;84;65;46;28;8;2883
315120;13214;587;471;520;510;497;527;533;522;503;431;445;323;19083
315130;1572;289;142;89;67;108;106;178;114;67;91;74;31;2928
315140;4135;144;340;184;162;138;144;152;200;132;134;90;96;6051
315150;7433;618;484;351;387;712;465;218;296;269;332;419;257;12241
315160;1209;35;65;170;33;27;40;26;27;35;37;27;36;1767
315170;1802;119;89;60;53;87;141;57;53;63;75;43;35;2677
315180;48879;2293;1654;1855;1872;2087;1974;1990;1949;1843;1877;2096;1664;72033
315190;396;80;42;46;17;16;8;10;14;19;15;15;5;683
315200;5310;180;162;168;128;325;155;155;228;125;140;109;75;7260
315210;15584;446;793;480;444;622;459;528;583;404;353;532;297;21525
315213;370;26;16;22;8;6;2;4;2;2;6;4;2;470
315217;561;63;110;45;15;20;13;14;17;14;5;12;4;893
315220;2399;190;230;104;77;95;98;85;142;72;73;38;29;3632
315230;538;36;28;30;9;170;15;26;15;18;4;13;3;905
315240;925;195;130;36;22;21;16;26;128;28;17;15;9;1568
315250;45049;2136;2547;1963;1777;1912;1928;1980;1914;1737;1779;1689;1299;67710
315260;1484;84;145;78;53;80;31;51;44;30;26;45;25;2176
315270;1480;99;74;47;32;24;39;31;32;54;46;39;20;2017
315280;6556;266;318;307;224;628;359;308;306;178;182;209;213;10054
315290;1153;130;87;43;34;94;28;36;37;18;32;21;9;1722
315300;452;57;64;21;27;30;54;21;22;22;12;51;20;853
315310;411;41;31;14;7;11;43;7;11;7;7;6;3;599
315320;467;10;23;7;6;2;7;3;30;7;6;1;2;571
315330;258;35;65;9;12;11;5;4;17;1;8;4;0;429
315340;3259;202;291;166;145;261;464;302;151;102;169;136;197;5845
315350;675;28;27;16;17;21;13;6;15;14;12;8;18;870
315360;1111;91;158;62;52;56;35;36;38;40;38;23;11;1751
315370;363;58;107;20;10;8;164;21;20;46;7;8;6;838
315380;254;55;10;32;9;3;9;6;5;3;2;6;4;398
315390;723;141;164;27;28;36;23;21;44;8;16;40;16;1287
315400;3229;368;305;147;119;110;92;77;153;95;79;114;51;4939
315410;906;93;110;55;30;15;28;35;17;13;15;13;10;1340
315415;791;124;97;73;100;80;79;56;43;17;22;13;7;1502
315420;1195;34;25;35;25;35;27;20;26;24;32;18;23;1519
315430;2037;77;215;61;81;70;52;49;61;63;61;49;45;2921
315440;532;61;64;33;18;14;17;14;11;9;18;5;8;804
315445;451;66;63;19;12;16;18;47;25;20;12;14;8;771
315450;983;61;35;96;80;46;28;19;49;69;93;125;67;1751
315460;25950;1350;1504;1480;1051;1107;883;915;825;873;1032;851;747;38568
315470;759;34;19;25;25;12;14;23;30;19;28;10;5;1003
315480;1319;117;108;67;78;58;37;53;55;76;112;73;47;2200
315490;2149;133;126;79;96;48;72;59;67;51;107;55;20;3062
315500;290;13;13;8;9;15;6;4;51;147;49;38;71;714
315510;391;149;18;18;9;12;11;9;3;21;24;5;3;673
315520;283;38;39;16;6;2;16;7;7;7;5;5;6;437
315530;487;61;38;21;23;25;12;22;29;15;11;8;7;759
315540;1155;89;66;47;27;47;34;56;38;45;20;33;37;1694
315550;4886;1292;742;1653;569;378;2106;1560;744;469;364;399;363;15525
315560;1944;94;68;63;40;59;100;53;43;33;42;18;46;2603
315570;1661;53;74;52;89;546;44;103;109;46;47;16;22;2862
315580;3270;85;113;91;88;80;96;60;73;93;142;67;51;4309
315590;578;51;60;25;15;9;11;8;14;27;5;13;7;823
315600;746;115;106;19;15;18;19;17;22;21;15;7;6;1126
315610;564;52;25;22;28;68;60;25;22;25;15;21;11;938
315620;363;22;28;12;8;5;7;22;7;11;12;9;12;518
315630;2997;189;122;332;135;123;91;85;96;112;165;129;64;4640
315640;890;85;100;67;26;214;155;27;73;17;26;71;70;1821
315645;495;16;21;21;14;12;19;19;27;20;5;12;24;705
315650;413;18;50;35;18;14;3;10;14;7;7;10;7;606
315660;621;97;71;28;17;24;17;15;15;26;9;15;4;959
315670;18282;571;497;726;495;949;430;423;488;420;427;566;366;24640
315680;1269;44;50;34;42;31;33;30;29;41;22;22;20;1667
315690;6001;310;422;365;238;205;312;525;476;206;196;204;102;9562
315700;5129;412;234;212;183;302;190;238;197;137;133;106;83;7556
315710;586;162;103;36;18;23;16;293;18;11;11;7;0;1284
315720;5702;159;168;128;118;125;144;107;187;122;71;99;152;7282
315725;493;86;87;26;25;14;21;13;15;13;27;7;7;834
315727;281;111;83;16;7;4;5;9;5;1;3;1;3;529
315730;373;36;74;10;3;11;17;13;4;10;3;2;2;558
315733;936;44;38;37;49;50;37;43;47;45;40;25;17;1408
315737;244;111;32;7;4;4;10;29;6;4;6;4;11;472
315740;405;36;30;10;16;37;14;11;6;12;11;10;65;663
315750;317;26;16;22;20;14;5;22;17;6;12;14;5;496
315760;200;132;73;30;14;10;4;6;9;22;6;9;4;519
315765;257;48;35;13;5;3;8;6;3;4;1;5;2;390
315770;3973;202;311;199;406;358;328;420;338;261;160;104;89;7149
315780;23754;1117;745;922;807;803;781;813;852;1012;990;860;672;34128
315790;761;191;154;37;37;25;129;43;29;34;15;36;4;1495
315800;1507;77;90;58;28;31;38;20;44;28;32;30;25;2008
315810;224;56;77;10;5;8;2;3;7;7;2;7;1;409
315820;891;102;205;108;104;56;44;119;49;40;35;70;15;1838
315830;1432;120;115;115;60;275;165;52;66;95;44;34;27;2600
315840;342;18;19;7;24;11;5;6;9;9;9;10;6;475
315850;441;37;81;31;20;19;24;9;13;8;7;7;4;701
315860;433;24;44;29;7;13;25;11;8;15;21;25;8;663
315870;220;44;35;7;11;8;11;6;2;4;0;0;2;350
315880;586;52;49;25;13;21;24;43;12;15;15;13;16;884
315890;586;35;108;28;75;77;38;24;25;23;11;18;6;1054
315895;4160;195;229;112;115;152;95;133;127;99;116;137;125;5795
315900;667;32;23;18;19;19;22;23;24;18;13;10;14;902
315910;297;52;37;12;8;9;9;4;10;13;14;6;4;475
315920;1085;39;33;30;18;20;27;26;19;21;27;34;18;1397
315930;551;37;53;16;20;24;8;11;12;21;14;9;4;780
315935;908;89;28;34;18;164;154;41;42;40;26;17;15;1576
315940;402;21;44;12;10;13;16;2;6;4;8;4;4;546
315950;343;89;77;18;2;30;61;32;14;8;9;7;6;696
315960;12214;534;480;466;641;591;612;634;517;341;433;393;233;18089
315970;364;43;30;23;13;8;33;18;18;8;2;4;4;568
315980;4925;811;546;313;301;246;167;161;115;153;105;120;63;8026
315990;2493;135;199;116;154;913;273;127;86;89;80;194;48;4907
316000;417;20;23;5;9;12;11;38;9;11;6;3;6;570
316010;414;43;35;14;9;12;9;20;12;6;7;6;4;591
316020;304;37;15;5;7;12;7;5;5;6;4;2;1;410
316030;543;130;111;31;24;29;13;12;10;14;13;11;2;943
316040;5288;290;315;195;178;137;139;165;181;295;224;153;145;7705
316045;182;236;83;17;13;15;4;14;119;7;12;7;2;711
316050;180;10;18;14;7;2;3;2;0;4;3;0;0;243
316060;338;38;16;3;6;3;6;4;6;2;2;6;3;433
316070;6822;246;401;234;154;163;170;134;201;127;155;164;150;9121
316080;397;33;32;9;21;11;78;28;13;12;21;9;2;666
316090;440;101;102;25;21;12;15;91;83;13;8;52;10;973
316095;497;59;45;14;98;109;54;19;8;38;9;8;8;966
316100;1976;110;122;73;51;78;71;50;64;30;38;34;8;2705
316105;320;64;39;5;8;7;2;7;5;7;3;7;1;475
316110;3335;393;267;106;128;90;73;102;252;89;80;88;35;5038
316120;736;107;67;23;11;115;108;52;21;28;20;19;2;1309
316130;944;45;47;59;63;50;34;34;23;26;23;31;31;1410
316140;362;62;8;22;3;15;7;13;11;13;3;1;0;520
316150;1733;121;95;95;107;98;108;77;74;104;74;61;47;2794
316160;261;6;46;9;5;3;2;3;2;4;4;2;3;350
316165;239;118;52;33;14;10;9;14;8;9;7;1;2;516
316170;1363;86;135;44;52;96;58;44;64;51;33;102;52;2180
316180;2096;95;184;79;61;119;64;98;82;56;54;54;48;3090
316190;2260;130;229;181;75;1743;105;254;202;224;146;72;52;5673
316200;4336;307;248;215;302;453;406;169;195;136;133;109;77;7086
316210;6888;369;782;1475;496;442;1377;1059;840;389;519;360;222;15218
316220;1255;113;67;43;38;44;24;50;46;45;39;36;34;1834
316225;359;26;53;23;10;4;3;4;7;5;5;4;11;514
316230;297;8;13;15;7;12;13;13;7;5;1;4;1;396
316240;915;474;264;80;213;90;65;45;240;39;31;33;16;2505
316245;368;43;97;67;27;21;7;10;12;13;7;5;4;681
316250;19110;728;857;832;612;675;573;637;610;661;694;557;408;26954
316255;769;75;99;43;28;46;146;52;24;17;14;41;35;1389
316257;985;63;65;41;23;38;32;29;30;27;23;12;11;1379
316260;718;54;37;27;17;20;21;15;20;12;12;10;10;973
316265;290;34;35;13;2;6;6;23;16;2;3;4;1;435
316270;2207;109;93;187;85;128;93;58;68;50;113;71;29;3291
316280;1156;141;129;45;42;28;35;28;104;28;25;27;8;1796
316290;5629;312;264;221;163;142;186;200;189;155;176;150;89;7876
316292;5494;365;322;211;197;246;190;342;213;196;184;146;160;8266
316294;1266;59;63;45;49;107;57;51;50;55;78;34;37;1951
316295;3834;420;402;214;161;131;119;194;215;115;133;133;78;6149
316300;354;21;71;40;13;7;8;7;8;3;5;4;1;542
316310;633;36;28;18;21;18;15;63;32;12;38;23;20;957
316320;299;19;12;4;10;13;6;3;21;8;6;5;10;416
316330;225;63;130;10;2;0;5;2;6;2;5;1;8;459
316340;493;37;66;61;116;25;32;20;6;12;7;10;5;890
316350;408;73;42;19;18;13;19;26;10;22;24;14;18;706
316360;194;28;39;33;10;6;6;7;6;4;2;2;3;340
316370;10468;461;433;397;370;357;336;338;472;374;420;359;268;15053
316380;389;64;102;25;17;6;19;7;11;8;6;11;3;668
316390;538;37;9;26;50;116;32;12;11;13;12;13;4;873
316400;1104;35;31;44;27;39;43;42;34;22;24;21;15;1481
316410;320;50;85;16;7;11;3;6;9;9;6;6;1;529
316420;727;46;23;27;20;16;67;33;21;20;11;11;13;1035
316430;1070;53;69;61;50;102;102;59;29;44;32;28;36;1735
316440;1372;138;104;57;81;122;108;54;70;53;68;41;36;2304
316443;349;3;21;5;5;6;3;11;0;8;6;3;1;421
316447;441;24;34;23;12;48;21;10;22;17;8;12;6;678
316450;303;146;103;21;15;11;6;6;14;16;25;14;3;683
316460;3436;241;244;237;162;156;163;149;99;149;129;211;156;5532
316470;17003;975;1029;650;631;842;852;836;690;592;611;599;452;25762
316480;174;38;22;4;0;4;2;6;1;0;2;1;1;255
316490;335;32;19;8;3;4;4;5;14;9;6;3;2;444
316500;1699;91;53;65;53;85;60;64;69;68;69;35;34;2445
316510;1189;127;66;43;56;91;94;29;41;43;23;61;35;1898
316520;1455;206;107;41;22;71;61;39;36;51;58;55;50;2252
316530;1380;58;49;59;25;30;33;22;64;40;41;33;13;1847
316540;1244;30;51;43;36;31;28;30;37;25;26;45;17;1643
316550;274;113;150;30;32;25;19;28;31;15;15;19;11;762
316553;5877;606;652;555;282;272;239;232;258;175;189;190;106;9633
316555;492;21;62;16;11;28;12;10;7;7;6;16;3;691
316556;269;6;7;3;3;9;3;0;9;1;1;1;1;313
316557;656;37;38;26;30;14;18;23;42;24;28;20;9;965
316560;369;27;41;23;10;10;7;13;17;10;5;13;8;553
316570;589;142;67;43;50;22;79;99;66;27;30;20;9;1243
316580;205;31;29;4;5;1;12;2;2;0;0;2;0;293
316590;332;41;7;13;9;5;6;8;6;5;8;2;4;446
316600;439;44;37;8;9;5;5;5;6;9;7;4;0;578
316610;319;25;38;23;9;10;3;14;9;9;4;2;3;468
316620;598;49;41;19;14;24;19;14;15;19;24;14;17;867
316630;678;18;27;22;17;12;14;8;18;12;11;11;5;853
316640;282;34;19;13;12;3;13;7;12;13;10;3;4;425
316650;131;118;57;45;59;9;10;5;3;15;3;6;1;462
316660;224;7;4;3;3;2;8;1;4;2;3;1;1;263
316670;532;124;52;15;71;91;69;478;227;164;109;12;26;1970
316680;2579;262;397;217;293;302;438;347;399;376;189;151;120;6070
316690;1055;75;139;46;93;176;60;86;30;27;16;30;21;1854
316695;224;28;67;22;15;12;17;14;14;16;3;12;7;451
316700;242;8;19;10;5;1;4;5;6;5;7;2;5;319
316710;1925;164;82;66;96;52;26;28;62;41;52;29;23;2646
316720;51968;2420;2607;2089;2020;2036;1677;1883;2028;1736;1879;1858;1355;75556
316730;261;16;11;13;4;8;0;4;9;4;2;3;2;337
316740;1192;70;63;38;26;49;76;44;45;41;35;20;18;1717
316750;401;6;10;14;5;8;7;6;13;10;10;2;8;500
316760;517;19;18;23;77;25;52;24;23;22;16;16;19;851
316770;486;30;58;10;6;15;14;8;6;5;6;10;2;656
316780;570;34;22;16;20;100;49;21;22;14;17;10;18;913
316790;481;25;9;55;11;13;13;20;24;4;20;15;7;697
316800;4296;245;141;189;153;202;140;107;152;99;122;98;46;5990
316805;314;24;63;15;20;4;11;4;9;6;11;1;3;485
316810;2769;280;188;153;79;86;81;60;46;104;39;62;22;3969
316820;255;28;52;7;13;74;30;5;11;3;4;8;2;492
316830;493;70;49;77;5;10;12;6;10;11;5;8;7;763
316840;875;356;102;46;38;30;29;33;28;27;25;22;11;1622
316850;1104;133;136;56;20;115;33;23;28;29;25;33;18;1753
316860;24647;1117;1514;1301;939;1096;974;1091;1040;1454;986;910;662;37731
316870;16819;660;684;685;513;460;443;452;459;518;507;448;396;23044
316880;2002;135;95;104;71;99;86;99;93;103;71;74;61;3093
316890;977;94;74;135;45;27;275;70;39;26;26;112;90;1990
316900;2878;165;126;116;109;105;103;81;112;92;82;108;45;4122
316905;266;10;28;7;0;5;14;5;4;4;1;2;0;346
316910;599;64;66;42;17;16;47;33;30;24;51;23;5;1017
316920;1001;99;95;29;21;32;30;16;22;31;14;15;10;1415
316930;16027;896;1065;776;687;1115;1030;836;685;659;609;628;361;25374
316935;5495;576;580;245;246;244;234;252;305;195;243;153;108;8876
316940;12111;680;564;599;712;1167;867;433;556;478;513;414;294;19388
316950;308;160;111;22;18;10;8;15;13;6;10;10;4;695
316960;4194;493;381;293;167;201;223;149;247;137;132;144;80;6841
316970;2772;157;235;128;47;78;336;97;95;88;60;90;53;4236
316980;758;39;59;23;41;25;31;38;31;31;74;29;8;1187
316990;24675;1104;821;1140;863;820;833;1219;1014;1000;1012;913;550;35964
317000;651;7;15;26;15;14;6;9;14;8;4;2;5;776
317005;1030;32;66;38;127;96;57;46;31;44;37;27;28;1659
317010;84634;4825;3846;4039;3723;3972;3873;3697;3758;3948;3823;3222;2923;130283
317020;206630;12689;10843;10530;9761;9827;8972;9451;9465;9177;10269;9267;7901;324782
317030;270;23;31;13;16;9;9;6;8;2;5;3;2;397
317040;16104;712;812;680;678;788;633;630;723;581;757;597;579;24274
317043;586;110;142;71;75;26;21;29;11;13;15;15;7;1121
317047;278;76;88;12;123;21;20;29;19;12;16;9;7;710
317050;3105;20;160;52;31;714;44;28;25;36;32;38;21;4306
317052;752;42;135;144;64;21;23;12;17;24;9;12;8;1263
317057;552;22;12;14;20;23;12;15;26;13;16;8;8;741
317060;375;23;22;15;14;13;34;6;11;4;6;9;6;538
317065;381;18;27;27;34;24;9;14;10;10;11;5;3;573
317070;38937;2456;1974;2000;1987;2069;2336;1817;1880;1730;1495;1535;1128;61344
317075;1053;151;83;114;117;240;38;34;30;42;29;23;97;2051
317080;5075;503;354;225;279;243;151;217;125;202;161;126;143;7804
317090;875;154;113;62;14;34;56;27;99;15;3;11;7;1470
317100;4264;343;486;285;195;181;164;265;242;209;195;144;149;7122
317103;570;251;200;45;49;42;30;27;24;17;5;15;19;1294
317107;641;36;128;42;31;159;86;32;40;28;19;16;20;1278
317110;674;49;43;32;29;32;20;19;16;11;12;15;12;964
317115;243;52;46;15;16;25;10;3;4;3;7;1;1;426
317120;15798;978;2818;1130;980;1674;900;906;1446;513;1376;779;1422;30720
317130;21040;636;659;563;574;718;570;491;619;512;475;511;369;27737
317140;384;14;6;11;6;2;9;2;3;4;3;5;0;449
317150;616;16;31;28;10;14;13;8;14;13;8;10;4;785
317160;695;235;88;45;96;45;44;38;24;10;39;20;9;1388
317170;1124;36;67;41;24;36;23;54;55;62;39;23;46;1630
317180;965;111;79;47;30;51;19;27;42;26;17;16;12;1442
317190;304;0;16;14;26;19;10;10;10;8;9;4;0;430
317200;10824;514;298;248;312;229;303;324;302;261;269;238;235;14357
317210;626;122;80;26;16;23;12;23;26;13;7;22;13;1009
317220;289;8;8;15;6;7;4;7;2;14;5;10;9;384
319999;0;0;0;0;0;0;0;0;0;0;0;0;0;0
320010;3574;165;298;150;114;127;97;80;76;165;88;47;55;5036
320013;1205;28;223;62;38;38;37;49;10;8;10;12;6;1726
320016;938;11;83;32;45;29;23;27;14;15;19;14;10;1260
320020;3549;182;95;84;71;116;81;76;104;116;88;59;61;4682
320030;2509;261;287;120;83;82;71;75;90;114;111;77;159;4039
320035;616;50;53;15;14;10;10;4;34;31;16;13;6;872
320040;5962;622;767;311;110;131;147;290;152;169;191;275;241;9368
320050;654;41;67;37;14;17;20;6;13;47;12;7;6;941
320060;26174;3413;1728;3527;1727;1675;1806;1744;2147;1542;2780;1671;1357;51291
320070;2600;177;159;123;119;86;92;74;68;60;101;57;38;3754
320080;4299;206;219;300;111;178;128;258;158;117;142;130;121;6367
320090;6591;366;362;280;212;242;152;182;195;141;113;151;101;9088
320100;1609;69;165;56;43;65;50;32;59;55;33;40;36;2312
320110;1352;115;62;28;37;70;53;33;24;28;39;32;23;1896
320115;1288;140;109;84;72;143;147;131;54;42;45;41;21;2317
320120;42486;1599;1370;1267;1242;1233;1138;1085;1564;1188;1278;1202;870;57522
320130;50318;2426;2888;2381;2289;2677;1991;1862;1900;2293;1800;2005;1610;76440
320140;7169;216;525;337;312;350;295;288;305;233;228;299;177;10734
320150;31702;1141;1234;1143;993;1101;902;1063;1000;859;966;886;621;43611
320160;2872;543;314;208;707;139;97;311;308;128;89;127;92;5935
320170;1298;133;232;41;38;140;130;64;38;31;40;60;27;2272
320180;376;52;70;13;8;38;9;7;16;13;11;8;9;630
320190;5406;265;622;239;171;215;155;228;314;200;175;187;177;8354
320200;693;142;73;63;29;46;34;43;21;16;22;17;24;1223
320210;2582;150;98;282;79;131;108;51;61;39;32;39;18;3670
320220;3103;187;204;189;240;185;130;160;178;118;96;287;128;5205
320225;998;92;103;28;24;50;25;27;41;17;46;23;12;1486
320230;4662;103;251;175;155;192;127;128;131;127;145;122;77;6395
320240;20919;1048;1215;688;623;593;561;496;511;563;641;694;1298;29850
320245;2085;112;163;126;68;163;154;68;56;53;81;46;32;3207
320250;4010;203;269;265;138;294;105;106;115;106;139;204;121;6075
320255;687;49;105;80;23;87;17;23;37;17;16;8;8;1157
320260;4069;93;107;122;92;84;69;90;73;88;138;114;108;5247
320265;1066;138;66;65;37;93;42;57;35;32;26;25;17;1699
320270;1390;66;197;48;44;50;43;30;43;39;30;30;14;2024
320280;12357;1511;1402;861;975;864;445;724;534;891;295;314;348;21521
320290;1466;47;139;55;51;59;40;35;72;39;51;27;10;2091
320300;2696;91;269;134;135;163;124;97;108;69;71;78;53;4088
320305;3271;206;524;188;250;837;217;159;208;152;251;246;74;6583
320310;1005;44;64;50;37;41;23;32;15;41;22;11;13;1398
320313;2401;252;286;280;283;354;195;303;160;222;201;207;175;5319
320316;1050;111;135;49;24;45;27;47;34;33;48;29;16;1648
320320;40821;1745;1955;1632;2014;2546;1540;1397;1270;1319;1233;1450;923;59845
320330;686;232;109;21;9;18;19;226;50;17;13;35;26;1461
320332;5174;404;408;191;296;184;117;113;119;91;131;157;257;7642
320334;3759;203;347;184;201;199;232;187;245;537;171;163;153;6581
320335;1698;223;132;81;45;109;67;113;100;55;48;36;27;2734
320340;2701;134;133;86;64;116;94;84;59;68;74;46;32;3691
320350;2911;125;287;132;135;236;166;98;85;79;59;45;28;4386
320360;783;12;81;24;18;15;56;14;16;7;18;14;3;1061
320370;1702;32;91;51;63;71;64;31;32;29;23;66;26;2281
320380;1295;15;84;28;36;57;23;24;37;34;27;14;7;1681
320390;8580;186;574;302;435;615;352;541;271;261;288;249;183;12837
320400;1515;90;147;29;38;44;39;34;69;37;50;19;19;2130
320405;2602;293;211;297;141;243;180;143;273;154;99;120;125;4881
320410;4043;298;312;218;319;1208;442;217;193;179;119;100;73;7721
320420;2661;279;193;148;90;62;71;73;72;82;74;73;88;3966
320425;845;21;16;35;37;40;26;17;20;16;9;14;8;1104
320430;2397;112;380;108;90;66;264;331;59;140;51;62;30;4090
320435;2252;106;345;126;95;262;173;83;86;73;83;77;30;3791
320440;1490;35;68;41;31;48;26;22;31;25;34;13;19;1883
320450;1098;28;59;37;14;98;41;25;34;33;26;21;16;1530
320455;7015;305;371;313;299;295;367;251;296;267;257;258;199;10493
320460;4461;168;329;143;159;247;195;173;151;146;157;128;117;6574
320465;1184;194;171;73;78;51;79;47;82;52;43;36;19;2109
320470;7288;281;328;316;374;303;317;231;278;354;360;253;127;10810
320480;1043;66;267;30;99;33;27;27;18;26;20;34;27;1717
320490;19641;884;1378;1191;797;853;1015;734;788;649;634;806;612;29982
320495;1733;147;243;97;65;54;66;69;57;66;64;65;27;2753
320500;123463;6092;5296;5572;5278;5974;5337;4518;6876;4070;4703;4698;4060;185937
320501;3487;185;134;373;155;1565;338;225;126;216;189;133;143;7269
320503;3144;180;197;109;119;134;132;53;103;106;112;108;63;4560
320506;5470;221;437;271;220;357;232;231;216;164;134;128;136;8217
320510;13276;677;830;507;427;414;466;415;418;375;366;390;274;18835
320515;1016;19;88;28;48;32;24;26;28;12;16;23;8;1368
320517;1508;80;112;172;79;324;43;65;71;46;53;27;18;2598
320520;95322;4291;3335;4685;3885;3958;3699;3327;3504;3709;3529;3704;3098;140046
320530;209066;6420;12784;8252;6433;6047;5868;5705;6645;5114;6654;4779;4203;287970
329999;0;0;0;0;0;0;0;0;0;0;0;0;0;0
330010;35540;1433;1177;799;942;764;915;761;952;1168;879;1039;886;47255
330015;1637;152;11;30;24;29;17;24;38;32;16;20;13;2043
330020;17211;2115;1417;743;651;678;666;552;453;537;375;477;444;26319
330022;3476;134;173;165;90;133;130;139;84;125;77;72;84;4882
330023;12218;848;734;1157;465;435;436;344;485;408;502;671;877;19580
330025;3375;1934;513;973;271;210;224;181;204;153;248;219;318;8823
330030;15822;492;476;383;849;410;376;355;517;392;597;438;348;21455
330040;32323;1206;822;989;854;808;1187;905;995;1178;953;882;1015;44117
330045;29208;1508;1192;1517;1103;935;1468;1021;1925;1232;872;962;598;43541
330050;4858;243;180;132;111;97;107;154;122;112;135;99;78;6428
330060;5662;182;450;280;159;154;155;143;136;106;123;101;85;7736
330070;39220;4721;2360;1678;2150;2695;1313;1750;1159;1753;1596;1584;2691;64670
330080;7246;201;314;762;292;212;843;195;582;789;268;139;86;11929
330090;1382;295;129;82;33;42;43;47;71;64;13;21;4;2226
330093;1667;230;207;195;101;58;75;79;55;45;51;35;28;2826
330095;2397;165;83;95;59;49;53;69;110;88;78;54;38;3338
330100;88663;2791;2226;2416;3122;4279;2757;2721;2345;2294;1793;1907;1634;118948
330110;3715;137;50;69;202;69;63;71;53;87;62;59;44;4681
330115;1420;77;144;79;87;31;80;27;23;26;23;22;17;2056
330120;2893;189;58;132;72;89;74;55;70;87;33;45;124;3921
330130;6315;505;313;268;214;278;215;189;217;133;141;115;117;9020
330140;2733;139;90;58;69;44;34;30;49;32;43;44;27;3392
330150;4783;272;152;143;93;209;108;168;138;190;102;68;134;6560
330160;1461;73;25;58;20;43;34;30;30;16;19;10;7;1826
330170;152991;5288;4633;5578;4464;4584;4113;4142;4631;4278;4847;4075;3796;207420
330180;1594;236;48;236;59;37;18;35;41;33;36;20;8;2401
330185;5085;734;478;740;184;247;222;279;238;168;157;115;79;8726
330187;2470;415;751;228;121;128;98;105;84;77;54;48;70;4649
330190;26673;1558;921;1275;1163;1015;884;1248;1053;786;851;740;679;38846
330200;26737;1058;797;765;725;681;605;836;691;621;576;737;573;35402
330205;1670;110;101;123;46;28;40;40;48;40;33;23;17;2319
330210;3117;392;197;87;108;69;61;87;90;58;54;57;31;4408
330220;20126;883;702;874;630;503;589;560;748;567;594;556;629;27961
330225;8645;435;503;301;340;383;328;303;320;248;235;274;190;12505
330227;5569;643;501;839;197;225;212;159;257;164;265;110;80;9221
330230;952;52;38;17;11;16;12;9;9;9;4;21;1;1151
330240;118604;5191;3884;3925;3272;3263;3166;2713;4128;3174;3506;3319;2999;161144
330245;1405;117;40;22;26;18;22;30;16;9;31;12;11;1759
330250;20945;4519;1581;1855;1302;868;1033;657;757;983;572;762;425;36259
330260;8120;847;1625;508;220;196;167;133;170;155;143;159;301;12744
330270;15944;2443;676;809;1914;767;786;666;975;549;475;562;435;27001
330280;2235;136;90;72;64;53;78;45;84;44;39;74;22;3036
330285;15623;701;597;470;430;434;419;956;460;433;476;354;265;21618
330290;3674;230;61;124;71;59;51;73;68;70;70;86;54;4691
330300;3812;180;137;70;77;84;83;76;102;98;127;151;51;5048
330310;2046;270;131;43;68;36;35;38;53;21;22;20;20;2803
330320;17054;921;746;655;800;822;588;514;588;585;494;680;431;24878
330330;172574;5718;5314;6126;5174;4809;4666;4797;5935;5220;4351;4822;4163;233669
330340;48825;2042;1654;1836;1716;1711;1707;1422;1736;1489;1451;1421;986;67996
330350;95962;3702;3204;3192;3340;3693;3386;2979;3329;3501;3018;3361;2862;135529
330360;4729;324;329;321;165;116;225;271;185;117;170;92;101;7145
330370;7983;194;686;421;258;274;273;332;244;382;163;188;184;11582
330380;7488;400;696;387;345;266;409;544;258;283;279;437;362;12154
330385;3518;118;101;123;69;68;71;80;113;52;50;52;45;4460
330390;70186;2440;2327;2223;2009;1960;1974;1875;2105;1928;2132;1977;1783;94919
330395;3099;222;80;164;140;120;99;56;78;66;67;105;68;4364
330400;7139;372;277;321;301;163;256;206;159;245;247;350;273;10309
330410;1905;45;34;24;26;25;53;19;21;39;19;17;11;2238
330411;8124;333;353;268;207;252;204;238;177;238;266;197;142;10999
330412;2018;44;50;36;33;51;74;51;52;43;51;44;36;2583
330414;14917;719;522;741;625;535;536;359;472;353;549;607;297;21232
330415;3113;227;43;26;30;28;40;26;33;125;210;135;79;4115
330420;32625;1427;1131;1138;1145;1418;1358;1121;1255;1060;1238;1071;1104;47091
330430;17689;807;501;559;372;476;447;561;541;786;450;472;435;24096
330440;1875;50;58;96;93;58;69;74;45;34;24;24;17;2517
330450;2519;64;152;59;82;102;55;57;119;70;63;37;36;3415
330452;24209;1320;1331;2275;969;1164;1008;728;1222;777;944;1136;736;37819
330455;2325903;71824;71124;68484;65099;66249;62558;65542;72801;80376;79381;68752;61780;3159873
330460;1569;32;24;27;21;35;59;37;35;13;22;23;22;1919
330470;8282;263;201;210;212;247;180;199;210;135;171;135;104;10549
330475;3246;155;118;62;488;237;176;106;109;58;39;90;37;4921
330480;4708;285;377;186;248;184;89;108;114;435;174;132;212;7252
330490;108212;5451;5028;3920;3565;3662;3715;3517;3653;3274;3056;3079;2487;152619
330500;8337;929;801;347;181;252;302;169;219;270;239;226;129;12401
330510;50760;1762;1793;1699;1766;1463;1545;1384;1535;1649;1416;1707;1199;69678
330513;947;84;62;32;14;14;7;15;16;17;28;7;4;1247
330515;3565;138;92;123;98;210;148;138;94;116;89;80;74;4965
330520;14200;1401;866;552;374;420;666;339;532;336;675;375;370;21106
330530;1154;67;50;20;6;24;15;28;14;41;10;5;2;1436
330540;4396;515;232;179;153;246;154;178;287;169;159;189;97;6954
330550;14737;1111;1048;830;704;601;648;493;505;420;465;443;521;22526
330555;12811;413;276;393;258;419;405;460;572;237;337;513;133;17227
330560;3113;445;395;80;100;84;354;68;323;55;68;42;51;5178
330570;1659;119;64;50;29;57;76;31;20;33;34;55;39;2266
330575;3658;171;192;265;180;66;177;102;75;105;57;48;43;5139
330580;35245;1206;1309;1216;1073;1106;994;1011;1015;1132;1305;1150;1023;48785
330590;1502;77;68;19;18;31;30;16;41;15;14;17;23;1871
330600;22042;762;655;559;743;543;750;631;702;618;576;584;416;29581
330610;11340;335;314;379;274;237;376;220;249;249;311;218;208;14710
330615;1066;62;20;16;21;26;13;29;32;32;18;6;12;1353
330620;7736;237;191;181;297;149;161;143;125;121;114;121;121;9697
330630;68765;2088;1794;2082;1816;2133;2445;2176;2792;2170;2082;1810;1742;93895
339999;0;0;0;0;0;0;0;0;0;0;0;0;0;0
350010;9825;326;545;315;499;251;227;320;332;259;266;314;204;13683
350020;829;28;56;30;26;51;18;14;13;25;33;27;51;1201
350030;6491;278;348;231;220;289;210;337;338;302;280;190;129;9643
350040;972;44;27;19;22;67;84;32;28;28;26;23;14;1386
350050;4698;252;140;136;262;189;148;114;142;151;160;146;120;6658
350055;1407;41;43;37;27;56;244;59;79;22;35;45;25;2120
350060;1352;50;44;107;63;51;48;47;41;30;39;26;70;1968
350070;8501;339;478;289;294;315;365;231;288;288;220;200;228;12036
350075;912;20;99;36;25;23;41;21;29;23;31;20;7;1287
350080;821;12;17;12;27;35;27;11;100;11;49;11;10;1143
350090;658;14;14;70;6;7;11;4;12;13;15;8;7;839
350100;3952;205;176;164;81;761;218;174;116;138;80;198;89;6352
350110;546;22;16;27;39;36;21;11;11;10;9;18;6;772
350115;6425;185;109;194;87;111;67;108;112;82;89;74;76;7719
350120;520;7;14;11;6;8;9;8;2;4;7;7;4;607
350130;3368;76;146;92;56;143;81;87;127;90;72;114;72;4524
350140;376;19;15;23;6;24;15;4;7;1;13;3;9;515
350150;353;7;9;13;12;18;7;13;7;11;4;7;0;461
350160;70756;3868;2596;2710;2598;2495;2196;2496;2847;2486;2516;2336;1878;101778
350170;9218;578;374;397;343;264;276;244;272;293;201;258;462;13180
350180;554;21;42;6;54;6;15;13;43;10;11;14;5;794
350190;23968;607;611;691;586;648;673;654;709;657;697;708;470;31679
350200;958;24;16;8;18;43;22;27;37;17;21;17;16;1224
350210;14689;476;662;929;616;473;440;430;489;372;485;473;316;20850
350220;4874;155;196;138;205;383;167;226;238;196;125;232;118;7253
350230;809;66;41;28;30;42;114;59;44;27;23;17;12;1312
350240;521;16;17;7;7;7;6;8;3;9;7;4;2;614
350250;11624;351;337;305;384;356;319;260;389;435;363;319;306;15748
350260;525;32;12;12;12;28;17;21;68;38;26;30;6;827
350270;4694;186;295;230;106;205;216;138;467;540;323;324;286;8010
350275;9495;587;404;380;409;342;252;281;309;324;307;252;294;13636
350280;53648;2366;2189;2581;2315;2116;2232;2033;2113;1830;2210;1937;1409;78979
350290;4849;159;207;168;193;172;128;129;137;122;135;104;95;6598
350300;743;42;54;48;156;30;47;14;21;21;23;7;14;1220
350310;1176;31;27;26;24;39;44;26;240;45;67;110;66;1921
350315;377;15;7;3;22;3;2;0;1;7;4;1;5;447
350320;72309;2617;2638;2830;2512;2735;2608;2090;2989;2422;2384;2307;1680;102121
350330;36265;1247;1246;1474;1361;991;1244;886;1197;1085;1247;1270;961;50474
350335;256;3;1;12;3;2;7;3;3;48;7;7;1;353
350340;1922;70;78;67;52;41;46;39;83;30;48;185;42;2703
350350;528;8;9;10;17;33;15;9;12;18;9;11;5;684
350360;1062;40;23;22;186;64;22;24;39;23;14;17;10;1546
350370;3899;42;531;229;94;66;44;31;79;56;50;19;42;5182
350380;10625;431;490;320;259;341;260;285;316;274;301;249;156;14307
350390;21663;683;812;778;750;620;633;644;924;662;669;786;526;30150
350395;215;1;15;2;2;1;0;0;9;0;1;0;0;246
350400;21224;890;722;958;845;779;670;709;787;630;699;661;699;30273
350410;39117;1750;1557;1463;1516;1305;1235;1483;1393;1407;1269;1374;1061;55930
350420;2822;107;109;74;34;63;75;49;61;79;33;38;22;3566
350430;938;111;31;82;66;90;257;78;58;44;25;30;23;1833
350440;1926;50;169;95;855;54;53;51;41;28;38;22;33;3415
350450;21690;841;1028;836;1053;1143;1155;1080;943;940;828;949;582;33068
350460;2986;101;84;170;54;64;89;63;91;109;97;76;40;4024
350470;399;6;0;1;3;3;2;1;2;7;4;3;2;433
350480;1318;141;69;36;62;41;43;40;41;45;40;34;24;1934
350490;1897;58;47;46;70;62;41;37;35;45;24;22;29;2413
350500;531;15;21;24;26;106;20;16;19;24;10;16;7;835
350510;581;16;13;7;19;12;11;17;14;5;5;12;30;742
350520;9028;326;417;294;281;301;361;250;234;356;370;260;174;12652
350530;11427;269;240;1101;560;308;384;239;221;186;210;713;179;16037
350535;599;24;95;54;35;26;61;14;28;25;26;64;21;1072
350540;596;28;28;13;37;18;15;22;24;9;7;10;2;809
350550;32534;1022;1742;1414;1078;1180;1043;1041;1228;1102;1123;896;794;46197
350560;3804;626;334;330;364;211;181;174;157;137;179;295;396;7188
350570;248836;10541;9314;9768;9197;9235;9953;11426;11401;9667;10807;10444;8640;369229
350580;6879;222;240;270;240;243;246;243;240;221;265;225;208;9742
350590;15183;690;509;707;482;521;390;431;493;447;439;400;265;20957
350600;120169;4568;4610;4559;4190;3998;4296;4723;4754;4622;4914;3951;3372;172726
350610;24257;862;1299;1119;2103;4182;3712;1835;1037;1028;923;723;718;43798
350620;860;11;10;105;37;85;22;13;8;11;10;3;4;1179
350630;1983;62;63;59;97;58;47;65;65;54;46;74;42;2715
350635;12422;562;394;402;298;336;539;293;331;307;386;444;837;17551
350640;1413;40;36;117;49;60;42;23;33;37;46;42;20;1958
350650;33272;2269;2496;2026;1424;1388;1246;1336;1635;1425;1163;1032;443;51155
350660;3926;201;123;116;145;134;129;112;111;94;93;117;104;5405
350670;2453;71;79;68;96;145;184;113;78;93;74;116;59;3629
350680;3198;99;67;61;733;61;73;49;36;52;66;46;24;4565
350690;1811;54;51;60;41;50;38;62;140;47;87;36;44;2521
350700;21001;940;887;679;876;939;716;749;817;954;1006;722;609;30895
350710;4764;165;147;157;145;112;156;133;156;109;163;194;72;6473
350715;495;13;50;3;15;14;5;8;7;21;16;15;4;666
350720;1360;14;20;89;14;12;16;11;7;24;2;1;6;1576
350730;1225;44;54;106;72;42;31;47;34;59;49;52;11;1826
350740;2702;132;174;106;149;167;108;104;155;123;87;86;52;4145
350745;623;27;11;29;24;23;21;25;18;8;18;20;9;856
350750;38619;1247;1219;1097;1061;2692;2084;1378;1534;1500;1477;1182;861;55951
350760;42256;1823;1802;1620;1444;1512;1573;1684;1586;1777;2330;1761;1383;62551
350770;509;13;5;6;15;5;11;8;13;9;7;27;10;638
350775;1922;6;12;5;2;3;10;8;6;5;7;1;4;1991
350780;4945;184;272;181;287;188;262;135;160;162;146;176;106;7204
350790;6596;208;168;151;165;802;205;140;175;156;266;193;119;9344
350800;4335;195;232;237;174;302;208;638;203;184;224;161;106;7199
350810;4042;157;118;641;227;169;68;80;128;109;86;74;84;5983
350820;1705;60;28;30;143;44;37;22;20;22;44;14;13;2182
350830;969;27;27;28;23;43;37;34;48;50;20;52;9;1367
350840;13656;475;317;359;406;434;358;347;416;342;335;332;324;18101
350850;20810;705;525;506;437;606;591;548;682;814;610;620;436;27890
350860;5198;146;187;168;151;129;124;92;109;101;95;102;86;6688
350870;2098;109;73;35;64;267;310;99;61;75;74;52;31;3348
350880;3755;121;167;238;158;136;176;104;157;86;120;150;78;5446
350890;371;1;1;1;6;6;5;10;9;5;3;1;0;419
350900;21499;675;1071;877;722;677;746;699;663;833;705;623;410;30200
350910;552;14;14;11;15;12;15;2;16;10;6;9;2;678
350920;38446;1339;1461;1182;1511;1347;1301;1249;1592;1545;1530;1481;955;54939
350925;5810;135;277;214;212;211;269;204;185;267;266;297;220;8567
350930;1293;78;73;48;64;42;57;40;47;28;31;28;13;1842
350940;4674;179;179;155;125;336;269;184;149;158;110;142;110;6770
350945;669;14;27;13;8;17;23;16;14;5;7;11;5;829
350950;401628;16489;15496;16182;15166;14536;14053;14779;16992;15050;15306;15208;12183;583068
350960;12145;472;465;464;458;442;316;295;378;295;385;255;155;16525
350970;12068;525;449;407;410;533;551;493;418;519;302;343;319;17337
350980;624;53;55;34;21;36;27;40;26;8;28;31;20;1003
350990;1488;63;37;75;40;41;29;30;35;26;27;47;34;1972
350995;1403;46;48;31;22;33;40;26;24;28;37;13;12;1763
351000;5175;148;264;166;139;117;93;256;163;178;147;134;88;7068
351010;726;16;28;15;27;13;36;18;12;13;12;10;6;932
351015;720;12;15;10;31;63;44;14;17;27;127;17;5;1102
351020;8107;309;281;311;291;431;320;459;330;269;243;219;148;11718
351030;3395;165;233;74;92;1192;303;502;133;239;73;71;61;6533
351040;14070;517;650;454;964;533;450;459;521;498;587;343;321;20367
351050;22999;924;801;708;815;901;937;1067;1005;818;772;1564;1204;34515
351060;34648;1688;1650;1424;1197;1421;1333;1267;1369;1120;1178;1307;992;50594
351070;1361;41;52;72;54;49;32;48;32;28;33;26;19;1847
351080;6307;287;311;213;185;270;325;463;427;233;202;251;270;9744
351090;450;32;5;15;11;45;15;26;14;37;19;4;25;698
351100;3088;119;258;697;128;69;56;42;45;30;22;105;153;4812
351110;34513;1406;1168;1853;1160;1327;1273;1311;1275;1421;1432;1352;916;50407
351120;914;39;26;69;74;44;23;24;27;18;6;8;6;1278
351130;2733;946;663;414;276;364;275;343;332;296;399;250;237;7528
351140;4646;124;136;173;318;356;273;248;289;241;180;158;96;7238
351150;12191;559;723;501;520;575;409;480;400;338;381;266;150;17493
351160;3561;92;142;110;93;89;141;71;82;125;88;93;63;4750
351170;2448;50;75;170;418;99;72;92;69;49;86;46;33;3707
351190;4037;119;80;228;163;79;76;105;144;60;34;27;88;5240
351200;4795;121;113;365;173;297;199;162;160;189;78;89;88;6829
351210;3270;315;503;247;109;1551;779;357;78;413;176;98;57;7953
351220;5351;202;247;172;106;227;295;233;250;260;248;269;133;7993
351230;3431;147;168;127;110;117;119;142;120;102;141;89;32;4845
351240;9272;430;278;248;282;226;226;208;219;230;260;223;155;12257
351250;885;86;66;72;35;44;22;40;26;39;30;26;20;1391
351260;812;22;51;30;19;12;10;14;13;16;39;18;5;1061
351270;1122;17;20;26;26;24;9;22;27;16;19;19;21;1368
351280;9514;404;495;425;337;272;247;300;324;269;311;268;267;13433
351290;1771;10;84;54;108;42;40;49;51;78;104;30;72;2493
351300;71941;2883;3023;3182;2468;2925;2774;3154;2867;2642;3048;2574;1875;105356
351310;8251;583;379;371;362;391;188;238;274;355;338;459;486;12675
351320;1688;77;80;51;91;225;141;51;45;36;89;83;19;2676
351330;430;6;17;17;25;15;12;6;1;5;9;9;2;554
351340;15815;466;601;346;282;311;297;304;327;288;310;356;301;20004
351350;27521;888;704;768;813;719;724;1913;648;1084;1111;869;740;38502
351360;2127;97;110;58;39;63;38;42;45;39;50;45;30;2783
351370;9254;434;340;353;314;339;303;278;267;282;286;248;415;13113
351380;90295;2711;2453;2783;2437;2391;2562;3013;2553;2315;2384;2361;1708;119966
351385;314;9;7;3;2;8;4;5;7;1;4;3;2;369
351390;2271;48;80;50;46;42;46;48;47;33;47;32;33;2823
351400;702;22;24;25;46;17;15;16;20;11;8;12;10;928
351410;5360;184;281;283;454;453;367;288;180;148;192;105;103;8398
351420;296;6;8;6;4;1;4;4;7;3;1;1;1;342
351430;2491;109;63;117;142;141;105;98;96;105;61;74;69;3671
351440;10341;340;784;398;338;302;301;424;324;330;285;324;206;14697
351450;2120;51;54;49;54;76;117;84;53;52;43;163;35;2951
351460;1873;79;48;46;37;92;56;66;57;58;37;23;82;2554
351470;775;31;35;32;32;45;35;21;47;50;13;35;24;1175
351480;2120;52;70;89;75;118;54;46;52;41;34;54;55;2860
351490;4470;136;233;397;698;306;179;142;212;106;231;405;107;7622
351492;509;13;40;77;15;17;8;11;9;18;20;10;7;754
351495;352;6;7;15;9;14;18;5;4;22;6;4;1;463
351500;41712;1499;2015;2193;1673;1448;1437;1364;1406;1845;1478;1601;1018;60689
351510;8004;242;242;160;203;175;191;205;200;159;151;166;94;10192
351512;330;8;8;6;4;23;4;11;7;4;7;2;9;423
351515;3821;234;170;118;170;126;390;171;118;114;155;181;76;5844
351518;12026;557;404;475;271;452;483;289;266;242;267;254;195;16181
351519;535;16;23;9;33;12;14;8;7;18;8;17;6;706
351520;2699;77;106;89;119;214;123;1363;133;146;77;69;103;5318
351530;536;5;31;12;5;2;3;3;19;11;27;5;2;661
351535;722;28;11;64;17;13;15;12;19;10;5;8;8;932
351540;3604;255;146;125;154;259;143;138;169;118;134;85;89;5419
351550;16812;646;728;732;859;756;546;606;511;430;559;539;350;24074
351560;1091;92;130;71;61;41;36;65;37;36;42;64;25;1791
351565;353;4;14;11;6;6;22;18;12;11;11;15;4;487
351570;18479;812;617;579;463;740;645;583;624;586;609;431;297;25465
351580;266;10;3;3;1;1;2;3;1;1;3;3;1;298
351590;505;18;5;9;11;11;10;2;12;10;10;7;3;613
351600;1162;136;91;79;82;25;46;32;29;37;43;36;57;1855
351610;511;17;29;5;7;6;5;23;13;7;9;3;7;642
351620;83796;4751;5385;4941;4099;4713;3849;3470;3440;4110;3750;2848;2193;131345
351630;9605;326;572;584;317;261;255;245;282;274;240;198;197;13356
351640;15329;500;1296;630;653;554;424;524;637;530;444;655;507;22683
351650;951;40;110;49;132;18;12;23;19;7;10;10;7;1388
351660;1400;50;42;91;36;104;59;70;23;31;44;37;27;2014
351670;10449;302;437;308;328;423;514;333;330;226;275;268;165;14358
351680;417;22;16;47;27;20;18;8;17;19;10;6;7;634
351685;3219;127;69;87;82;195;59;95;38;77;49;81;67;4245
351690;1318;49;43;71;168;88;38;34;51;35;23;18;13;1949
351700;1101;26;37;28;39;65;44;103;33;41;21;76;20;1634
351710;897;51;57;59;30;44;56;20;25;44;16;17;31;1347
351720;1662;99;58;54;103;83;86;45;53;46;40;33;23;2385
351730;542;28;17;21;21;70;29;23;21;25;18;15;14;844
351740;14057;456;577;1213;739;421;330;424;403;303;311;315;153;19702
351750;4107;138;203;184;126;122;120;173;166;131;129;120;109;5828
351760;1968;56;125;60;52;51;23;18;41;55;98;140;44;2731
351770;2409;62;83;110;137;85;98;86;94;123;124;99;63;3573
351780;1322;40;45;31;24;52;19;39;34;33;19;23;27;1708
351790;2213;64;105;95;200;67;99;63;64;43;39;18;15;3085
351800;333;4;9;5;2;7;6;7;2;3;4;5;2;389
351810;1356;47;39;28;52;118;36;39;31;43;61;21;23;1894
351820;5792;1115;189;351;377;595;176;188;151;139;181;120;119;9493
351830;7529;275;285;420;279;245;291;296;215;244;245;196;135;10655
351840;29966;1300;876;1089;659;765;726;815;826;803;730;779;730;40064
351850;2188;67;55;60;60;52;69;303;65;33;37;35;44;3068
351860;7041;443;381;571;370;180;214;164;253;203;171;226;290;10507
351870;49087;1357;1168;1193;1047;974;1099;946;963;833;1023;1078;1939;62707
351880;315556;11606;10374;11106;10600;10791;10081;10583;12962;11289;12785;10696;7776;446205
351885;1677;71;43;83;28;37;42;58;55;41;50;50;15;2250
351890;585;10;16;126;19;35;57;13;20;14;14;17;13;939
351900;1191;46;51;49;37;67;43;36;35;37;41;34;19;1686
351905;7662;377;302;336;340;239;266;289;421;409;308;275;239;11463
351907;45388;1674;1358;1394;1255;1218;1165;1229;1329;1276;1405;1580;883;61154
351910;3226;52;116;144;120;172;180;134;112;68;54;78;73;4529
351920;848;43;19;28;34;31;51;43;28;32;34;35;19;1245
351925;1604;33;48;41;46;44;31;31;26;28;38;26;22;2018
351930;5813;202;204;371;398;330;240;236;185;204;192;589;111;9075
351940;1823;116;72;142;50;75;75;70;72;63;56;36;35;2685
351950;730;29;32;129;143;28;46;30;51;28;17;22;13;1298
351960;13628;773;628;710;667;562;501;489;515;654;580;774;690;21171
351970;12989;472;775;564;441;472;395;396;454;479;430;384;293;18544
351980;937;50;38;30;35;28;33;12;24;30;19;16;11;1263
351990;1136;43;46;60;30;24;46;56;50;13;19;22;12;1557
352000;2447;51;84;75;205;66;66;70;72;50;45;65;40;3336
352010;5189;173;226;176;562;155;118;138;134;123;93;172;105;7364
352020;1573;46;43;58;36;39;38;68;50;32;30;31;21;2065
352030;2843;87;230;80;53;77;78;109;73;58;66;63;43;3860
352040;8626;383;387;339;313;199;222;194;258;248;274;262;360;12065
352042;1867;81;64;95;39;55;47;79;126;65;42;61;163;2784
352044;4848;209;209;204;140;98;215;103;197;166;368;155;157;7069
352050;71588;3208;2826;3325;2879;2850;2411;2865;2789;2866;2689;2718;1695;104709
352060;594;10;25;13;14;14;22;18;13;21;11;12;7;774
352070;471;22;18;34;13;11;10;38;23;13;6;18;4;681
352080;961;17;6;13;22;9;10;7;10;14;10;3;30;1112
352090;3115;91;59;267;203;61;68;95;93;56;72;60;24;4264
352100;5118;201;322;212;194;161;249;326;226;231;228;192;83;7743
352110;1975;74;59;81;78;64;55;32;54;42;46;62;52;2674
352115;1063;54;68;87;85;131;39;54;65;90;129;30;14;1909
352120;470;15;32;14;12;8;5;8;3;11;2;0;0;580
352130;3080;56;57;156;117;207;67;104;173;44;51;43;147;4302
352140;6600;316;186;380;370;371;180;178;239;167;197;142;100;9426
352150;952;42;63;41;32;29;56;20;25;29;18;23;10;1340
352160;697;16;25;6;16;6;15;16;14;20;10;10;7;858
352170;2648;109;165;145;61;94;68;73;134;100;58;47;28;3730
352180;4826;130;133;106;166;142;163;242;194;150;175;531;226;7184
352190;3186;125;125;131;155;121;92;144;143;146;136;102;242;4848
352200;736;49;30;20;15;54;23;25;18;27;15;18;7;1037
352210;13657;628;511;409;306;388;339;275;697;394;473;458;644;19179
352215;320;7;3;3;9;2;3;3;6;5;1;13;4;379
352220;21608;733;673;681;575;583;575;660;736;646;633;567;488;29158
352230;35177;1477;1257;1208;1210;2006;1352;1461;1541;1207;1322;1117;917;51252
352240;19644;675;766;822;626;578;691;821;779;704;623;579;519;27827
352250;34355;978;886;1150;880;1100;880;1245;1051;945;1032;1498;566;46566
352260;22426;626;755;1131;855;752;660;686;661;607;692;544;499;30894
352265;570;4;23;12;11;4;5;5;16;6;9;14;9;688
352270;9849;487;411;500;325;532;886;467;399;318;287;356;299;15116
352280;2153;99;59;70;51;53;60;69;66;46;67;60;49;2902
352290;4047;146;97;71;150;150;126;125;167;109;199;194;189;5770
352300;580;12;18;27;21;17;2;10;6;7;16;9;19;744
352310;39032;1605;1425;1593;1691;1643;1498;1512;1796;1457;1491;1532;1041;57316
352320;8572;269;260;239;243;287;216;171;260;217;221;198;152;11305
352330;1461;78;54;45;43;31;28;38;31;35;32;37;27;1940
352340;31967;1205;1239;1383;1064;1258;998;1257;1071;916;989;1107;786;45240
352350;2947;123;110;132;75;174;232;122;130;184;108;111;86;4534
352360;4885;230;306;260;100;128;159;138;104;108;148;193;73;6832
352370;807;44;20;32;63;60;40;19;19;33;33;18;9;1197
352380;889;59;43;36;45;75;25;52;45;50;20;48;15;1402
352390;54099;1853;1958;1777;1656;1719;1614;1627;1833;1544;1757;1605;1283;74325
352400;23468;1081;1042;1045;1016;1098;968;1306;973;1089;1222;1208;936;36452
352410;7144;418;328;198;261;232;197;205;179;188;255;215;178;9998
352420;881;70;37;48;43;15;21;19;25;28;16;7;16;1226
352430;19939;965;1295;683;614;519;430;478;450;478;505;451;356;27163
352440;47191;1704;2060;1621;1448;1393;1650;1530;1583;1533;1460;1395;1188;65756
352450;2369;83;41;54;63;47;58;47;51;51;55;67;34;3020
352460;3403;124;132;148;95;133;105;100;115;85;100;76;77;4693
352470;33427;1256;1241;1382;1261;1128;1245;1596;1241;1271;1080;1112;915;48155
352480;10767;322;564;412;308;289;264;295;345;338;494;340;373;15111
352490;2397;165;202;180;186;158;137;112;235;71;169;128;81;4221
352500;19273;890;502;624;583;454;615;922;708;620;727;503;333;26754
352510;8710;426;371;426;304;368;393;367;349;306;347;283;246;12896
352520;8215;282;289;250;206;169;275;259;282;260;457;366;225;11535
352530;38588;1405;1488;1556;1436;1329;1253;1224;1472;3089;1296;1109;1802;57047
352540;780;12;29;21;139;52;32;44;24;13;10;11;23;1190
352550;2272;92;85;82;64;82;59;57;81;72;72;94;41;3153
352560;403;12;34;15;6;18;9;22;14;9;24;8;7;581
352570;9720;678;673;411;390;396;333;435;412;301;266;217;200;14432
352580;536;17;12;17;7;4;20;13;7;9;13;4;6;665
352585;1112;66;66;60;29;47;31;27;46;29;23;44;29;1609
352590;163210;6015;6024;6439;5564;6041;5898;5633;6885;5576;6506;7170;5133;236094
352600;4815;113;236;659;310;203;102;99;106;86;113;117;76;7035
352610;2333;74;101;71;68;80;53;37;92;57;30;58;31;3085
352620;4076;157;165;181;208;140;106;204;148;95;112;80;60;5732
352630;717;12;35;18;11;11;11;4;19;10;77;11;8;944
352640;8702;383;409;471;488;477;467;425;585;415;372;282;169;13645
352650;701;12;7;28;15;18;12;19;16;5;4;3;11;851
352660;762;41;62;20;16;11;12;10;12;14;16;13;12;1001
352670;21765;727;614;904;681;695;692;703;837;618;630;646;507;30019
352680;19170;1078;783;751;671;642;728;632;610;811;652;787;617;27932
352690;79794;3017;2991;3021;2788;2902;2619;2677;3111;2477;2988;2693;1727;112805
352700;1866;253;56;45;68;49;36;52;50;64;53;36;33;2661
352710;24584;717;999;904;709;714;617;556;591;666;707;646;548;32958
352720;16875;606;704;569;479;428;455;413;571;481;548;534;378;23041
352725;253;4;6;11;3;1;3;4;7;2;2;3;0;299
352730;16587;411;570;737;634;498;455;435;487;649;440;391;284;22578
352740;8157;498;200;531;610;346;414;351;371;292;309;329;189;12597
352750;749;26;18;30;31;90;220;98;53;53;33;33;10;1444
352760;5450;336;358;622;119;870;500;265;256;230;151;53;59;9269
352770;445;9;10;17;6;15;8;8;7;4;9;5;6;549
352780;580;23;12;35;14;39;31;38;18;20;23;13;5;851
352790;444;7;20;10;2;9;2;9;7;5;6;7;5;533
352800;4062;81;108;108;120;113;103;112;113;115;88;65;97;5285
352810;1618;75;33;49;42;23;108;89;33;106;44;37;163;2420
352820;467;11;4;23;12;7;3;5;11;19;11;3;4;580
352830;641;31;44;29;36;15;33;18;13;7;8;8;3;886
352840;9081;409;406;386;337;308;356;280;249;542;317;209;220;13100
352850;13139;432;512;446;402;453;331;425;465;395;412;484;303;18199
352860;1671;71;100;81;135;130;35;73;58;59;52;46;31;2542
352870;674;13;15;7;11;19;11;6;28;15;12;12;3;826
352880;2387;169;152;99;175;77;58;293;75;49;61;45;60;3700
352885;1442;142;90;131;46;33;36;32;53;23;23;18;32;2101
352890;334;4;6;11;6;8;6;3;4;2;2;1;0;387
352900;65249;2305;2053;2347;1981;2148;2058;2268;2479;2403;2260;2409;1756;91716
352910;316;7;8;11;6;9;2;5;5;5;5;2;1;382
352920;2944;147;185;252;97;69;82;70;79;66;89;83;36;4199
352930;29682;1091;999;1191;1004;2690;4622;1665;1176;797;925;984;420;47246
352940;63892;2504;2479;2486;2111;2378;1859;2235;2703;2147;2038;2052;1649;90533
352950;2268;96;568;44;260;66;58;52;31;113;27;22;26;3631
352960;2171;36;58;162;88;53;49;40;73;41;35;27;17;2850
352965;255;1;5;6;0;3;6;4;2;0;1;2;1;286
352970;2788;211;117;83;39;128;67;136;61;51;70;138;126;4015
352980;1429;51;53;55;144;75;55;51;66;54;41;29;15;2118
352990;2731;71;142;104;78;106;70;72;72;52;69;54;25;3646
353000;466;6;8;26;13;5;6;5;6;9;3;9;4;566
353010;3732;80;84;265;119;122;78;100;158;107;62;67;66;5040
353020;3496;123;103;238;62;58;60;49;56;48;45;24;53;4415
353030;13112;605;364;395;389;435;684;452;632;561;545;484;395;19053
353040;544;22;32;18;14;24;11;23;15;8;12;5;5;733
353050;16090;431;491;633;429;529;832;431;445;453;439;515;282;22000
353060;97001;7050;4072;3959;3633;3781;4096;3843;4463;4314;4240;4054;3432;147938
353070;38930;2070;1674;1638;1617;3785;1529;1562;1453;1658;1529;1529;1176;60150
353080;27556;1064;873;880;788;984;823;1000;848;814;779;1006;716;38131
353090;612;47;27;20;29;24;18;29;50;26;42;26;11;961
353100;1761;382;85;27;17;16;15;15;20;15;6;6;9;2374
353110;6051;231;234;131;156;189;142;177;277;174;239;185;270;8456
353120;1127;59;55;28;23;26;35;34;47;30;29;37;20;1550
353130;12574;358;382;388;297;413;427;579;332;353;363;389;295;17150
353140;4204;585;433;474;184;167;160;124;141;112;96;216;275;7171
353150;3960;154;93;99;97;170;684;372;202;732;186;198;162;7109
353160;494;15;23;61;43;9;12;11;18;15;16;22;4;743
353170;675;16;28;8;17;15;18;9;18;9;15;12;9;849
353180;13747;858;697;652;534;534;663;635;701;690;485;512;336;21044
353190;8726;227;476;503;309;227;110;265;206;182;114;117;116;11578
353200;5622;103;534;227;137;323;188;188;263;162;124;138;101;8110
353205;660;22;8;14;6;24;20;14;30;9;11;11;3;832
353210;521;13;13;4;11;6;9;7;6;12;5;1;1;609
353215;343;24;45;16;4;10;13;18;15;7;13;6;3;517
353220;1010;40;35;16;9;10;16;11;17;20;21;36;5;1246
353230;666;23;41;22;15;10;17;6;7;10;6;8;7;838
353240;2692;134;219;139;99;93;79;102;111;104;177;151;66;4166
353250;1847;78;74;85;55;69;61;42;48;75;71;48;16;2569
353260;1696;86;55;78;53;69;33;46;55;48;27;46;41;2333
353270;752;39;34;38;28;62;29;63;31;31;23;13;25;1168
353280;1268;27;39;44;29;42;31;23;73;45;40;55;23;1739
353282;1886;70;64;46;64;69;70;58;58;50;47;35;50;2567
353284;202;6;8;7;1;4;5;1;3;2;4;2;6;251
353286;225;4;14;4;5;2;2;3;3;2;2;0;3;269
353290;3717;47;98;70;29;35;30;83;39;39;20;29;9;4245
353300;2647;108;234;223;171;108;141;124;108;96;116;78;44;4198
353310;226;9;13;6;13;3;2;3;14;10;1;0;1;301
353320;1358;85;36;49;42;47;24;34;26;35;19;21;15;1791
353325;430;17;12;42;63;131;21;11;13;6;5;35;4;790
353330;255;10;7;14;13;2;6;2;3;4;2;4;1;323
353340;17944;729;652;681;572;628;581;580;844;762;836;573;503;25885
353350;9630;238;900;326;811;319;263;206;231;292;214;194;134;13758
353360;3018;65;172;135;85;117;87;69;151;111;59;73;50;4192
353370;809;18;22;23;13;12;142;67;34;66;19;11;11;1247
353380;324;9;10;6;6;13;12;6;7;5;8;3;2;411
353390;14754;842;486;489;1026;456;376;528;374;422;415;451;421;21040
353400;2258;28;44;191;30;35;24;35;39;34;11;29;6;2764
353410;886;24;15;13;19;25;16;24;14;12;10;23;4;1085
353420;2914;41;97;62;101;41;37;42;28;24;25;23;26;3461
353430;11184;629;470;328;306;375;306;318;374;239;290;353;657;15829
353440;157493;5717;5502;7971;5692;5406;5253;5994;5897;4785;5202;6721;4042;225675
353450;451;11;7;3;3;14;4;12;11;5;10;14;3;548
353460;7370;416;254;265;215;173;141;153;218;177;194;213;160;9949
353470;26527;1014;1202;932;870;762;722;737;904;731;688;813;540;36442
353475;2749;168;92;129;57;99;42;75;43;27;154;134;181;3950
353480;744;9;20;115;29;12;16;57;65;42;11;26;5;1151
353490;1517;50;53;54;23;40;34;33;37;29;24;17;23;1934
353500;2545;53;115;126;68;41;41;45;50;39;34;33;44;3234
353510;783;7;45;115;171;81;34;24;32;7;14;17;10;1340
353520;1150;45;48;35;27;24;34;15;27;50;24;25;29;1533
353530;3809;75;173;112;395;140;96;173;136;78;73;58;50;5368
353540;2612;127;96;110;86;95;80;102;123;144;79;81;58;3793
353550;12729;518;549;298;722;295;251;279;212;169;196;200;147;16565
353560;2851;73;55;42;75;89;71;58;50;60;51;48;37;3560
353570;1980;48;210;362;72;49;38;34;55;29;35;15;16;2943
353580;4652;183;196;139;192;127;428;222;208;190;160;145;131;6973
353590;676;6;25;44;26;17;59;32;8;19;8;33;23;976
353600;2810;51;66;261;90;99;42;89;83;41;49;56;30;3767
353610;2334;68;62;44;68;57;60;57;56;60;61;45;130;3102
353620;4440;190;152;131;93;125;91;69;102;69;63;109;88;5722
353625;293;23;6;3;7;9;3;4;7;6;11;3;6;381
353630;4104;241;197;237;251;223;160;130;115;129;141;103;79;6110
353640;1975;65;36;47;79;76;47;30;42;37;22;41;32;2529
353650;41176;1870;1536;1426;1480;1708;1189;1276;1375;1515;1506;980;1217;58254
353657;296;15;8;3;5;10;4;5;8;14;7;5;4;384
353660;1025;42;28;33;101;43;70;38;48;29;15;12;8;1492
353670;12463;370;604;359;507;424;323;283;378;263;370;311;268;16923
353680;805;26;31;34;38;25;36;35;38;27;25;13;8;1141
353690;395;7;5;6;4;8;3;11;4;8;5;5;3;464
353700;3437;97;152;126;225;421;109;104;60;79;75;107;52;5044
353710;12962;476;532;626;535;476;367;339;454;530;412;421;238;18368
353715;549;16;27;8;15;10;30;27;25;13;9;17;5;751
353720;988;45;27;25;22;19;22;29;26;20;19;15;11;1268
353730;15121;630;541;812;577;495;489;574;535;489;395;449;418;21525
353740;5474;130;359;449;242;158;130;144;149;116;106;89;87;7633
353750;2036;304;93;89;163;106;58;70;125;72;59;189;55;3419
353760;8868;299;254;267;172;327;318;212;237;295;263;311;377;12200
353770;922;19;53;63;63;46;14;41;13;22;8;6;4;1274
353780;8257;227;318;348;192;236;304;262;238;185;176;211;539;11493
353790;6924;236;199;221;167;207;177;187;180;240;418;252;145;9553
353800;28968;1331;977;954;720;962;1158;909;1144;786;958;1002;790;40659
353810;2394;71;121;104;51;67;51;49;42;39;56;61;36;3142
353820;2053;84;79;73;52;77;64;55;106;78;57;33;30;2841
353830;539;8;18;7;12;25;20;9;4;8;17;12;3;682
353850;1374;48;31;25;36;19;20;23;36;25;23;34;13;1707
353860;4130;182;108;102;140;104;196;135;130;116;127;93;77;5640
353870;121402;4788;4240;4427;4330;4302;3717;4039;4278;3690;3850;4834;3047;170944
353880;5827;311;361;191;208;208;239;262;296;217;202;186;127;8635
353890;3421;92;86;56;79;91;125;153;191;131;94;152;63;4734
353900;2156;41;97;62;65;92;64;47;54;57;51;49;32;2867
353910;2058;71;243;96;64;52;50;52;155;51;51;40;22;3005
353920;4708;142;207;247;106;113;856;147;150;113;131;107;101;7128
353930;21126;744;704;1179;448;724;1604;757;1024;906;984;1002;616;31818
353940;1902;85;62;68;44;65;71;86;54;61;64;76;54;2692
353950;8012;232;371;409;1368;186;163;133;142;133;159;105;132;11545
353960;2857;157;624;248;280;148;110;71;46;87;150;71;26;4875
353970;458;18;5;29;10;97;8;10;5;2;5;1;2;650
353980;26898;1309;914;1832;947;1108;1368;1084;997;925;857;825;830;39894
353990;934;42;17;53;128;187;79;21;37;25;49;15;11;1598
354000;7315;261;240;260;219;170;139;166;146;108;121;158;76;9379
354010;476;14;15;13;9;67;10;52;11;13;13;11;3;707
354020;9195;409;880;835;1788;385;324;148;158;127;131;121;176;14677
354025;370;8;32;22;8;15;10;36;11;10;12;5;1;540
354030;1421;19;30;39;69;21;17;11;29;14;11;12;3;1696
354040;492;25;23;12;6;33;3;9;6;3;14;30;5;661
354050;1391;56;44;53;75;47;29;26;57;50;27;27;12;1894
354060;13717;497;519;480;577;521;545;602;505;486;515;443;237;19644
354070;14916;809;505;692;560;432;392;442;517;472;471;501;305;21014
354075;1252;82;105;69;39;38;17;28;109;27;28;29;21;1844
354080;4536;227;123;242;165;142;156;146;140;157;113;94;44;6285
354085;279;3;0;0;10;8;10;7;3;2;1;0;1;324
354090;6940;272;271;406;216;229;141;185;164;156;204;207;241;9632
354100;47162;1530;2189;1432;1290;1602;1375;1419;1297;1325;1526;1872;1538;65557
354105;1116;101;42;33;50;67;104;38;56;60;51;34;32;1784
354110;601;29;12;11;27;27;45;7;33;19;9;9;2;831
354120;2101;66;79;57;66;41;41;52;69;58;52;67;21;2770
354130;5691;148;200;136;114;135;103;116;119;154;159;128;88;7291
354140;65904;2215;2190;2147;2378;2109;2341;2632;2287;1829;2023;1971;1486;91512
354150;6031;333;349;206;146;186;174;206;213;203;241;158;97;8543
354160;9558;322;405;230;217;252;322;289;282;203;210;175;174;12639
354165;547;25;14;38;19;13;10;22;9;18;8;25;9;757
354170;4076;229;154;94;400;101;65;43;42;52;56;21;31;5364
354180;940;24;24;26;26;22;21;23;20;16;23;16;14;1195
354190;1595;44;57;44;20;81;30;37;38;34;31;55;30;2096
354200;1180;54;41;40;28;52;13;26;41;30;35;40;10;1590
354210;2970;54;65;63;196;88;89;90;43;52;38;57;30;3835
354220;7173;167;394;295;328;261;256;215;222;190;167;211;117;9996
354230;619;8;27;18;11;17;10;20;10;12;14;9;10;785
354240;4375;162;104;113;77;93;102;122;191;143;109;111;87;5789
354250;1060;23;20;36;47;21;15;25;20;47;21;27;18;1380
354260;13252;394;376;448;330;399;360;330;363;322;428;355;270;17627
354270;1597;71;124;58;126;211;130;68;54;31;45;28;31;2574
354280;511;10;62;25;19;19;9;16;42;18;5;4;13;753
354290;1801;97;80;110;137;102;75;71;56;59;26;27;37;2678
354300;3454;126;152;73;52;63;122;56;144;374;381;412;201;5610
354310;631;36;41;18;13;179;43;30;28;17;8;39;4;1087
354320;620;10;70;29;16;43;27;35;21;18;6;6;16;917
354323;279;9;6;15;7;6;4;12;10;8;3;6;3;368
354325;849;32;15;11;18;8;11;6;11;10;11;7;3;992
354330;21513;786;986;776;661;580;690;784;651;637;597;501;385;29547
354340;218931;10094;8819;8688;8120;8872;8149;8566;8940;7818;8794;8861;7089;321741
354350;530;12;35;7;7;14;6;22;8;12;7;7;0;667
354360;742;28;54;23;12;15;10;27;17;31;15;16;22;1012
354370;1488;55;44;37;42;67;46;36;31;27;44;35;15;1967
354380;1662;61;63;53;76;64;55;37;53;47;42;56;45;2314
354390;58876;3826;2100;2149;1769;2207;2232;2089;2284;1968;2439;2486;1698;86123
354400;7929;297;256;429;871;422;257;337;282;264;230;224;142;11940
354410;3834;75;136;91;84;94;73;94;72;49;69;70;97;4838
354420;994;36;24;38;31;4;27;9;26;19;18;14;13;1253
354425;2514;57;90;67;77;60;36;35;50;37;32;50;24;3129
354430;2167;74;115;66;50;77;110;86;74;112;85;76;53;3145
354440;383;12;3;15;17;24;5;5;6;1;4;3;1;479
354450;567;67;20;42;19;21;15;15;21;10;11;21;14;843
354460;586;14;24;41;26;22;28;30;17;14;19;20;10;851
354470;408;14;7;4;7;2;4;5;3;4;2;3;6;469
354480;801;49;24;61;28;22;24;16;18;28;16;17;15;1119
354490;2240;184;138;79;61;57;59;44;56;57;67;95;51;3188
354500;2157;104;192;91;55;71;66;55;74;64;76;55;37;3097
354510;520;7;40;20;54;14;6;8;7;4;51;6;4;741
354515;1477;100;82;30;54;65;49;40;50;52;48;31;27;2105
354520;28648;1013;982;959;800;799;895;919;1210;1009;841;1032;707;39814
354530;6739;206;174;157;155;139;180;150;156;153;146;116;111;8582
354540;1317;44;48;37;17;23;31;32;24;17;51;35;18;1694
354550;2041;23;19;225;66;80;42;21;41;37;19;39;3;2656
354560;4386;186;736;79;120;91;60;88;38;45;47;72;61;6009
354570;2018;20;121;61;55;23;14;15;46;18;12;23;6;2432
354580;44939;1539;1692;1690;2170;1385;1306;1565;1706;1418;1515;1403;1052;63380
354600;3995;383;392;297;247;353;389;254;707;237;279;273;479;8285
354610;502;21;17;48;38;23;9;14;16;34;16;58;16;812
354620;1219;33;55;32;29;33;114;89;31;30;53;22;26;1766
354625;366;14;23;12;11;31;7;4;1;3;2;14;5;493
354630;5943;265;166;276;141;503;237;130;149;128;202;111;95;8346
354640;13557;483;279;326;373;625;1401;798;520;558;554;708;347;20529
354650;520;14;8;24;66;4;5;1;7;7;6;8;17;687
354660;8155;293;287;235;210;239;297;173;274;240;268;255;198;11124
354670;7294;276;231;169;140;197;121;165;168;143;140;109;126;9279
354680;10826;326;400;354;325;346;284;264;331;469;336;241;256;14758
354690;651;32;14;42;17;12;16;17;20;19;18;14;13;885
354700;959;63;56;20;61;45;25;13;59;12;15;30;61;1419
354710;391;19;5;6;49;15;11;58;6;4;5;4;16;589
354720;237;2;0;3;4;2;3;3;7;2;0;6;0;269
354730;57618;2220;2460;2528;2404;2410;2359;2115;2587;2270;2309;2046;1764;85090
354740;388;3;8;6;8;19;2;1;2;10;2;3;1;453
354750;5273;209;662;249;293;724;261;156;309;210;188;163;136;8833
354760;4269;134;94;285;180;114;133;120;142;104;91;114;86;5866
354765;217;22;3;2;4;5;4;12;1;4;2;6;3;285
354770;3113;111;117;104;65;75;100;121;92;82;78;138;45;4241
354780;193932;7751;7647;8091;7595;8125;7799;8098;8644;7986;8261;8981;8911;291821
354790;1068;45;82;32;59;98;45;39;61;31;33;69;16;1678
354800;7765;328;569;473;320;270;243;323;377;324;352;345;240;11929
354805;1759;81;53;121;61;105;51;90;48;42;39;29;24;2503
354810;1271;51;26;24;26;116;54;18;32;30;23;22;14;1707
354820;1164;32;35;47;32;31;31;31;44;26;26;45;15;1559
354830;325;14;7;6;2;4;6;6;5;3;4;1;1;384
354840;476;7;16;32;17;51;15;8;10;7;6;10;4;659
354850;174337;7714;6192;5029;6220;5046;4971;4741;5113;4142;4567;5004;4414;237490
354860;1484;48;38;44;40;23;41;40;26;30;31;37;35;1917
354870;250327;9925;8656;8602;7933;8547;8474;9146;9692;7969;8027;8626;6486;352410
354880;101610;4715;4160;4575;4627;5649;4672;4785;4601;4035;4420;4628;3438;155915
354890;72973;2584;2614;2389;2139;2391;2360;2225;2182;2040;2446;2277;1661;100281
354900;250;5;3;3;6;20;1;2;1;1;1;4;0;297
354910;23846;1064;809;890;769;1187;946;794;837;798;603;692;545;33780
354920;272;13;6;4;2;9;3;9;5;2;2;1;2;330
354925;96;1;5;3;4;3;3;1;6;1;2;2;0;127
354930;223;4;0;5;2;7;1;4;2;8;2;2;0;260
354940;11383;536;348;386;307;282;279;253;231;219;222;303;210;14959
354950;790;83;44;20;17;139;58;43;16;32;14;11;18;1285
354960;465;20;17;8;8;6;5;8;10;8;9;8;4;576
354970;14969;487;496;703;505;574;581;1752;1051;529;710;431;363;23151
354980;133472;6021;5400;5352;4881;5738;5274;4956;5583;4809;5530;5954;3952;196922
354990;187910;7994;7455;6748;6213;6659;6407;7454;7437;6431;7643;6674;5668;270693
354995;8122;257;538;304;202;246;182;269;287;238;249;232;147;11273
355000;1854;75;84;42;71;36;40;27;60;49;31;45;56;2470
355010;8825;341;288;249;390;303;247;220;194;183;231;162;159;11792
355020;4309;150;151;153;135;154;145;119;111;141;129;118;112;5927
355030;4897569;184641;179062;176981;164789;167944;165830;177946;188927;171182;167715;174593;145739;6962918
355040;6072;218;322;235;177;345;162;180;212;162;168;218;188;8659
355050;1303;45;110;64;84;86;59;78;42;95;51;53;24;2094
355060;20764;861;961;776;738;792;831;701;699;1071;685;756;469;30104
355070;19979;725;692;792;687;791;617;681;665;625;648;706;948;28556
355080;2879;113;146;173;243;273;220;164;99;138;106;100;69;4723
355090;3332;162;125;107;93;120;97;88;141;117;187;114;61;4744
355100;35796;1130;1379;1113;892;999;957;885;918;797;887;985;985;47723
355110;1812;162;80;33;38;36;28;40;22;43;47;83;30;2454
355120;465;17;5;49;46;48;17;18;19;17;16;13;3;733
355130;2318;26;47;139;83;54;43;28;67;26;39;27;15;2912
355140;735;40;20;17;8;22;17;25;18;33;25;21;7;988
355150;6758;375;232;494;346;227;141;235;277;247;288;239;210;10069
355160;6684;233;200;264;185;186;194;188;191;177;179;187;169;9037
355170;39710;3369;2417;1925;2548;1474;1279;974;1137;1126;1247;2125;2219;61550
355180;1754;68;87;69;70;48;63;49;34;34;44;43;32;2395
355190;2136;227;293;144;174;76;96;49;58;45;55;59;97;3509
355200;817;35;11;21;10;13;15;9;17;5;18;11;5;987
355210;7504;423;320;316;263;291;212;185;192;239;269;242;184;10640
355220;186617;9737;7646;8001;7058;7172;6803;7695;7986;7873;7501;7344;5690;277123
355230;1348;27;50;46;55;37;22;18;35;27;23;27;45;1760
355240;54225;2768;2061;2086;1918;2014;1834;2216;2326;1976;1717;1982;1486;78609
355250;53409;2218;2259;2355;1940;1875;1736;2301;1883;1830;2156;2075;1745;77782
355255;1481;26;21;49;289;79;39;40;28;22;27;6;5;2112
355260;1869;70;101;71;93;72;302;109;94;49;36;50;32;2948
355270;2816;270;119;158;194;367;897;532;426;213;277;170;166;6605
355280;58053;3692;3207;2829;2619;2473;2371;2276;2766;2609;2972;3253;2886;92006
355290;794;32;50;30;15;13;19;65;15;9;16;16;11;1085
355300;4514;304;266;274;269;507;401;274;363;242;287;176;58;7935
355310;589;27;25;16;15;16;13;21;41;22;9;17;6;817
355320;754;12;42;24;22;24;9;30;21;12;12;23;7;992
355330;5753;154;110;148;106;118;320;151;111;169;191;233;136;7700
355340;5212;147;132;205;253;190;184;131;131;119;129;76;93;7002
355350;1170;19;26;42;32;22;29;36;27;29;24;11;21;1488
355360;3217;80;83;213;204;184;163;62;73;51;66;51;53;4500
355365;540;14;21;14;10;31;17;3;4;5;5;8;9;681
355370;10684;489;433;381;343;391;333;345;356;283;302;286;346;14972
355380;4706;268;175;142;133;120;356;359;169;150;150;108;109;6945
355385;1249;11;34;68;41;41;47;64;31;12;27;54;39;1718
355390;959;45;47;34;33;21;25;21;30;22;23;9;8;1277
355395;5382;360;254;379;487;190;117;110;106;119;127;218;217;8066
355400;28235;1595;948;769;916;685;735;847;810;810;879;700;492;38421
355410;78039;2633;2620;2665;2548;2843;2810;2505;3593;2467;2626;2735;2245;110329
355420;757;84;45;36;25;67;37;48;47;21;20;10;14;1211
355430;3314;111;141;81;145;68;71;74;80;47;65;72;45;4314
355440;1180;13;45;61;85;27;43;36;26;11;20;21;28;1596
355450;14025;384;539;416;616;454;373;488;406;433;481;335;234;19184
355460;372;21;21;41;6;10;9;43;57;41;9;11;20;661
355465;244;3;2;2;6;8;3;4;6;1;7;4;0;290
355470;1968;82;56;70;50;86;65;88;54;52;61;78;59;2769
355475;415;24;13;7;7;16;10;7;5;10;5;18;6;543
355480;4072;139;412;233;129;173;154;103;177;115;223;194;163;6287
355490;643;34;14;46;31;22;12;29;29;21;17;22;11;931
355495;649;10;16;15;22;15;13;10;14;17;21;11;13;826
355500;15991;638;666;506;519;637;497;485;461;484;455;603;460;22402
355510;2129;51;83;148;156;64;61;36;108;101;42;51;28;3058
355520;305;9;3;0;3;6;5;2;15;5;1;3;1;358
355530;326;3;10;5;5;2;11;0;3;2;6;3;2;378
355535;1419;80;164;240;41;73;41;30;30;38;24;22;10;2212
355540;18168;930;589;579;531;500;518;567;575;549;704;928;1389;26527
355550;1001;63;43;32;10;53;185;138;38;69;112;53;28;1825
355560;1176;45;100;47;38;38;213;131;60;59;49;38;29;2023
355570;89;3;4;1;4;19;11;5;7;3;3;4;0;153
355580;1163;62;57;34;21;38;20;30;24;10;19;24;6;1508
355590;298;2;6;1;1;1;0;2;17;19;17;5;4;373
355600;2340;95;92;97;76;129;89;105;72;97;75;55;65;3387
355610;3096;140;225;117;162;90;122;140;111;111;131;93;34;4572
355620;42951;1635;1466;1588;1410;1413;1569;1423;3373;1502;1855;1424;1047;62656
355630;5197;194;139;532;687;240;158;109;137;73;142;95;98;7801
355635;887;22;35;27;22;27;16;26;25;24;23;24;9;1167
355640;7308;275;301;222;204;252;267;1371;781;268;267;320;156;11992
355645;11114;432;413;406;412;359;372;359;455;382;448;426;285;15863
355650;16638;561;544;575;403;615;544;531;554;484;532;631;394;23006
355660;1188;49;26;64;63;53;59;44;30;28;39;22;26;1691
355670;34672;1268;1372;1147;1102;1134;963;1184;1208;1062;1406;1096;791;48405
355680;2714;130;145;188;146;124;150;270;129;91;105;71;52;4315
355690;3354;214;979;62;788;157;94;64;56;21;77;58;92;6016
355695;188;0;5;25;0;7;11;17;0;7;3;3;0;266
355700;18152;815;883;890;648;737;792;968;768;844;747;719;643;27606
355710;23867;1246;1333;1033;1261;1099;1307;924;938;880;1522;1274;838;37522
355715;574;40;11;21;9;15;8;13;12;7;14;10;7;741
355720;1813;82;65;110;62;47;48;52;46;60;31;13;42;2471
355730;1860;139;178;137;61;807;252;169;76;73;41;52;49;3894
359999;0;0;0;0;0;0;0;0;0;0;0;0;0;0
410010;1100;54;49;16;47;45;18;37;21;31;114;27;10;1569
410020;875;86;54;25;25;28;21;21;14;14;32;14;18;1227
410030;947;50;45;28;26;32;45;27;57;37;40;40;16;1390
410040;11818;740;515;472;641;604;497;366;450;439;400;332;297;17571
410045;491;12;31;12;8;12;5;9;7;12;11;9;4;623
410050;3419;93;126;85;106;110;113;77;125;100;91;59;24;4528
410060;2138;72;89;100;203;125;227;220;203;79;65;67;47;3635
410070;1046;49;78;47;40;32;25;29;27;18;17;20;13;1441
410080;1519;36;61;49;43;30;48;25;48;35;42;12;31;1979
410090;666;20;16;14;39;17;12;7;13;8;8;9;5;834
410100;4906;154;255;214;170;149;187;128;162;172;92;128;83;6800
410105;393;15;23;10;17;5;14;11;9;12;2;5;8;524
410110;3499;159;101;226;192;185;102;78;80;82;183;79;60;5026
410115;544;12;25;23;17;49;14;11;7;6;17;10;7;742
410120;2992;150;81;81;87;83;146;500;163;111;119;186;104;4803
410130;699;19;37;22;30;21;12;10;9;8;10;64;20;961
410140;32124;1397;1448;1463;1333;1377;1631;1198;1311;1365;1376;1178;697;47898
410150;33369;1338;1809;1500;1065;1288;1153;1092;1341;1299;1269;1137;786;48446
410160;6167;268;303;232;178;231;225;193;216;274;202;160;108;8757
410165;358;23;12;6;5;6;61;11;12;4;7;4;0;509
410170;2997;91;121;113;75;100;76;62;64;64;97;70;29;3959
410180;41101;1338;1759;1586;1498;1395;1207;1481;1403;1333;1382;1295;1169;57947
410185;261;10;13;13;10;4;6;2;7;2;2;6;2;338
410190;2513;58;112;79;45;57;31;62;35;44;61;28;26;3151
410200;5651;295;279;177;147;171;237;189;189;163;128;146;121;7893
410210;5746;155;149;215;150;141;186;217;175;247;174;139;102;7796
410220;663;48;13;22;23;29;34;35;38;22;15;19;3;964
410230;3221;319;196;161;121;109;129;107;170;107;113;113;61;4927
410240;6273;112;163;135;132;152;157;136;146;126;128;119;75;7854
410250;1288;50;38;46;43;30;20;30;25;24;32;12;18;1656
410260;1939;95;127;110;80;68;65;74;104;80;88;83;44;2957
410270;347;10;18;8;5;9;6;4;10;6;2;4;1;430
410275;338;17;12;12;4;3;0;23;14;7;6;3;3;442
410280;2263;81;102;69;58;58;72;147;64;53;95;36;26;3124
410290;3014;106;141;159;144;136;125;136;142;104;120;124;61;4512
410300;631;28;25;20;4;16;23;9;23;13;11;9;9;821
410302;422;37;41;14;17;8;14;6;18;7;12;4;2;602
410304;888;54;66;33;28;25;19;37;45;18;30;16;21;1280
410305;994;35;45;33;41;24;34;22;19;30;10;29;9;1325
410310;2048;155;83;145;87;84;94;70;83;98;76;91;55;3169
410315;400;20;43;5;19;16;11;21;19;14;10;16;3;597
410320;959;56;45;36;33;37;46;22;41;30;19;26;17;1367
410322;737;57;46;41;28;19;30;26;22;35;27;22;18;1108
410330;988;17;36;26;20;21;24;20;28;12;11;12;4;1219
410335;601;27;33;27;13;10;13;30;12;10;14;14;8;812
410337;515;28;27;15;23;22;32;15;10;12;7;16;10;732
410340;326;7;12;0;2;4;5;1;6;7;6;18;8;402
410345;9445;374;406;381;489;399;424;304;246;354;248;195;354;13619
410347;505;19;28;36;12;25;44;21;28;31;26;16;7;798
410350;1376;66;51;71;83;104;86;49;55;71;52;32;13;2109
410360;5289;177;181;193;684;409;222;136;185;135;120;99;62;7892
410370;22035;938;927;829;735;761;683;773;784;806;699;774;542;31286
410380;1534;74;65;75;60;54;41;50;49;33;57;24;18;2134
410390;1887;95;73;52;52;112;81;38;31;94;60;50;32;2657
410395;478;27;22;55;28;21;14;7;20;16;9;9;0;706
410400;7812;357;303;379;254;258;268;284;322;283;256;266;202;11244
410405;405;17;17;13;20;8;10;10;11;16;7;3;7;544
410410;1278;68;83;36;48;19;43;45;43;73;22;24;171;1953
410420;29324;1228;1280;1108;876;1085;1185;1024;1069;945;988;858;504;41474
410425;2717;188;220;177;108;109;113;73;107;94;87;70;61;4124
410430;24894;826;822;917;786;844;856;2570;900;1029;734;761;542;36481
410440;1474;21;59;27;20;17;28;21;21;15;31;10;16;1760
410442;2109;69;112;76;55;67;70;61;57;63;64;45;124;2972
410445;1404;56;34;40;28;21;49;40;37;28;33;28;16;1814
410450;5344;1037;974;293;205;194;224;171;252;177;141;107;70;9189
410460;2782;124;145;129;108;106;140;109;109;103;100;108;47;4110
410465;7745;1964;328;1316;335;292;224;326;297;391;255;274;198;13945
410470;2623;132;128;96;98;168;156;137;109;105;110;126;74;4062
410480;99111;4892;5909;5650;4241;5033;4221;4618;4958;4461;4635;4265;3361;155355
410490;16639;709;719;608;1013;650;620;592;584;640;642;715;464;24595
410500;1187;56;73;64;27;26;52;57;80;43;43;32;18;1758
410510;1548;31;63;34;31;32;26;34;38;22;27;21;8;1915
410520;1454;82;144;122;76;42;34;25;30;34;34;26;15;2118
410530;2537;211;125;137;103;111;87;116;82;98;122;81;64;3874
410540;3832;195;159;226;169;210;160;148;138;123;160;147;140;5807
410550;22701;830;915;1063;851;854;985;718;758;891;859;900;483;32808
410560;3311;154;108;213;182;104;148;175;98;73;37;68;46;4717
410570;2555;110;111;107;72;78;82;80;92;68;72;94;28;3549
410580;36853;1622;1443;1774;1460;1517;1927;1687;1592;1552;1860;1469;1072;55828
410590;6477;147;254;178;422;155;137;142;158;118;92;90;64;8434
410600;985;20;29;21;23;54;25;43;36;68;72;28;25;1429
410610;453;21;6;10;16;10;7;5;7;3;5;15;3;561
410620;1997;125;103;96;86;73;65;52;85;55;85;51;70;2943
410630;3091;219;170;158;98;152;98;171;103;118;127;83;95;4683
410640;16306;700;586;655;593;786;521;465;557;585;444;586;399;23183
410645;1240;113;132;57;36;70;61;80;52;49;39;34;19;1982
410650;4101;176;208;152;120;126;133;139;150;163;251;144;92;5955
410655;463;9;9;7;13;11;5;12;14;10;9;6;3;571
410657;782;40;34;41;33;121;107;15;21;31;18;14;29;1286
410660;4076;184;212;139;108;188;262;252;192;164;224;147;87;6235
410670;729;15;14;26;25;38;17;60;11;15;8;11;8;977
410680;1589;54;44;48;38;32;32;27;25;27;24;22;14;1976
410685;477;13;14;5;9;7;5;18;9;6;10;5;5;583
410690;870289;36965;57896;39690;31780;32614;31518;32088;34078;31710;32300;31372;25034;1287334
410700;1385;50;57;36;38;28;28;41;33;32;21;45;104;1898
410710;684;28;18;26;15;11;5;8;26;17;9;30;4;881
410712;342;27;14;4;3;13;7;4;6;12;4;6;5;447
410715;538;26;41;15;17;19;14;10;23;16;10;4;5;738
410720;10446;3255;515;505;469;509;455;418;483;471;419;395;297;18637
410725;2660;78;97;41;80;57;100;73;60;157;75;55;30;3563
410730;755;33;15;29;19;13;14;34;6;8;10;8;6;950
410740;1093;21;31;26;29;53;23;41;39;34;18;21;17;1446
410750;2199;95;113;97;50;48;70;67;101;63;79;67;56;3105
410752;348;12;21;17;9;19;8;20;9;2;9;9;4;487
410753;1204;57;78;62;39;55;47;42;63;50;51;32;34;1814
410754;578;9;20;26;11;16;6;15;14;13;22;8;9;747
410755;364;24;17;13;8;8;10;3;10;11;10;3;2;483
410760;2561;88;104;86;98;79;67;74;48;89;64;60;37;3455
410765;14836;612;580;776;622;567;509;627;851;590;693;687;464;22414
410770;512;49;55;33;43;61;24;16;12;13;10;4;5;837
410773;774;45;43;21;18;23;9;19;16;16;30;13;30;1057
410775;1116;26;25;31;19;23;29;25;15;16;16;17;5;1363
410780;930;20;50;28;16;26;26;159;27;22;18;15;4;1341
410785;698;47;34;67;29;40;23;35;38;43;24;17;13;1108
410790;1042;61;20;23;24;26;25;41;33;27;45;23;22;1412
410800;2968;71;52;119;255;89;72;46;63;52;22;25;39;3873
410810;426;18;6;10;12;17;6;14;14;7;2;10;11;553
410820;1088;48;56;35;29;33;47;23;19;36;44;15;21;1494
410830;60445;2409;2758;2751;2212;2247;2252;2452;2688;2425;2329;2470;2100;89538
410832;782;26;37;28;31;23;45;24;22;19;17;16;5;1075
410840;22651;4019;1298;1199;900;1051;923;969;978;954;970;950;645;37507
410845;537;33;78;12;13;11;17;17;25;15;17;20;8;803
410850;1952;225;139;95;72;101;82;78;54;86;103;60;40;3087
410855;309;8;3;10;16;13;1;7;11;3;6;5;0;392
410860;4919;236;225;144;116;139;158;118;233;240;141;147;112;6928
410865;562;25;45;33;20;19;13;14;11;16;12;1;6;777
410870;754;18;20;27;13;41;41;13;13;16;12;18;5;991
410880;4969;244;188;174;160;160;160;147;184;177;173;111;104;6951
410890;1009;28;21;31;39;116;98;58;32;30;30;26;16;1534
410895;734;29;20;17;20;17;11;15;24;21;11;33;7;959
410900;690;21;16;25;26;30;26;18;28;42;16;11;6;955
410910;378;7;9;11;9;13;14;10;10;8;8;8;0;485
410920;842;8;18;27;15;18;13;13;22;17;24;12;2;1031
410930;2313;104;72;88;61;65;64;68;77;64;53;49;44;3122
410940;41661;1979;1839;1822;1484;1713;1472;1449;1639;1352;1452;1298;1380;60540
410950;793;50;26;19;10;8;34;29;57;17;17;20;8;1088
410960;6085;531;260;258;200;165;207;207;198;214;322;611;880;10138
410965;675;39;33;17;17;18;13;17;18;18;19;15;4;903
410970;5208;183;247;151;375;163;187;223;246;198;188;149;94;7612
410975;1170;27;40;48;32;46;31;42;48;33;29;28;5;1579
410980;11275;788;945;624;325;474;456;531;469;445;428;371;260;17391
410990;1187;52;39;53;50;28;45;51;17;26;43;35;20;1646
411000;929;62;46;35;34;37;33;39;18;53;57;45;24;1412
411005;344;19;13;16;11;10;2;9;10;10;6;5;5;460
411007;1377;77;109;37;39;80;57;54;36;34;21;18;61;2000
411010;6217;296;371;312;304;260;308;327;266;271;487;212;101;9732
411020;1237;56;79;59;21;47;35;39;52;32;64;24;21;1766
411030;290;14;25;30;5;12;6;3;2;8;2;3;3;403
411040;1111;30;52;27;17;28;28;27;26;15;11;18;11;1401
411050;1696;83;63;68;62;62;42;55;98;50;41;27;17;2364
411060;2532;54;92;69;65;60;47;61;71;58;71;45;45;3270
411065;354;14;47;9;20;21;4;3;4;3;8;3;5;495
411070;11760;409;374;345;313;329;462;375;424;358;328;343;312;16132
411080;1437;40;43;25;25;28;26;16;32;23;45;21;18;1779
411090;452;16;11;12;4;38;6;11;8;12;6;12;8;596
411095;3103;193;129;138;135;85;66;78;131;78;78;68;40;4322
411100;776;18;29;14;57;51;23;30;21;17;15;4;8;1063
411110;746;19;17;14;10;7;6;7;5;9;13;13;2;868
411120;3136;100;158;122;75;97;90;99;126;151;119;105;76;4454
411125;3080;300;262;200;227;222;150;97;104;101;88;90;95;5016
411130;378;27;27;16;8;1;12;5;6;8;9;4;1;502
411140;1136;265;86;49;38;17;67;31;28;22;21;36;25;1821
411150;5612;199;186;178;161;217;154;203;193;139;223;139;180;7784
411155;2093;68;21;41;405;146;63;49;32;17;21;19;23;2998
411160;662;39;93;58;16;20;17;13;17;19;7;5;7;973
411170;493;11;9;18;12;16;13;10;9;4;14;16;3;628
411180;9844;276;213;337;347;271;234;221;306;229;222;185;173;12858
411190;5902;197;244;304;119;285;236;228;242;201;209;108;155;8430
411200;8398;433;400;426;249;314;311;435;413;318;321;293;263;12574
411210;5686;173;154;358;179;155;140;165;143;145;159;157;91;7705
411220;672;39;37;15;9;6;14;27;15;12;7;7;4;864
411230;548;48;41;24;14;16;126;18;15;17;22;9;3;901
411240;1826;37;72;77;66;71;65;47;84;108;95;68;21;2637
411250;1174;71;33;51;19;21;25;41;31;31;23;17;21;1558
411260;290;14;12;9;8;9;5;1;10;23;26;8;2;417
411270;1592;45;61;33;40;54;30;56;77;44;43;37;23;2135
411275;1313;37;49;29;31;109;42;32;32;26;46;27;28;1801
411280;4506;156;196;182;236;240;150;152;191;199;155;102;139;6604
411290;396;5;15;16;1;7;2;7;7;3;8;10;3;480
411295;1036;46;50;38;28;43;26;24;27;20;24;16;14;1392
411300;2395;37;91;138;76;123;79;65;82;93;79;28;10;3296
411310;723;15;24;18;7;15;11;4;15;10;11;10;5;868
411320;9701;379;235;278;245;223;273;217;237;363;259;278;133;12821
411325;431;39;47;20;7;13;2;8;10;6;9;2;4;598
411330;5223;168;183;231;153;190;172;140;152;190;169;136;87;7194
411340;535;24;18;8;12;8;7;11;8;5;5;6;3;650
411342;430;24;31;18;12;9;12;15;17;8;11;6;5;598
411345;694;24;47;29;12;14;21;20;22;30;20;13;12;958
411350;5013;192;205;189;181;218;149;153;135;130;164;139;75;6943
411360;729;33;23;7;7;35;22;21;43;26;16;11;2;975
411370;165315;7025;8458;7723;6174;6525;6714;7286;7545;6350;6701;5913;4651;246380
411373;1171;69;48;20;33;19;30;24;20;32;19;35;8;1528
411375;480;27;28;22;7;13;5;9;1;10;5;6;3;616
411380;799;32;27;15;14;25;19;16;22;20;45;15;6;1055
411390;2510;86;63;80;72;61;100;64;74;50;73;65;46;3344
411400;2227;62;70;48;51;28;53;54;59;43;34;29;23;2781
411410;3971;172;148;155;152;168;104;181;166;154;147;127;88;5733
411420;10264;314;483;478;447;418;384;363;306;301;298;301;167;14524
411430;3881;266;182;177;146;124;117;165;189;117;147;150;124;5785
411435;341;12;21;60;20;8;18;9;8;15;10;14;12;548
411440;2785;97;130;134;108;86;92;90;133;115;105;81;46;4002
411450;1730;85;57;89;55;48;35;46;53;50;31;29;39;2347
411460;15146;708;736;747;614;684;542;511;571;667;547;610;433;22516
411470;696;27;48;23;24;38;55;64;43;23;9;29;13;1092
411480;7806;276;299;271;217;253;288;268;267;250;213;233;210;10851
411490;1110;46;56;38;35;46;30;44;36;23;40;24;25;1553
411500;1234;241;75;172;31;51;37;29;67;35;34;30;14;2050
411510;959;25;22;28;22;33;15;28;32;14;33;13;3;1227
411520;152068;6884;6756;6967;6608;6457;5990;7168;7468;6693;6531;6071;4651;230312
411530;1174;83;78;71;30;50;57;40;52;40;49;20;22;1766
411535;1221;45;49;44;45;42;40;38;47;30;23;34;40;1698
411540;2426;123;132;119;148;97;108;110;123;92;81;90;63;3712
411545;392;9;6;8;23;11;5;4;5;16;9;1;2;491
411550;1026;148;58;278;92;53;54;85;65;59;36;15;6;1975
411560;8138;316;508;281;277;294;330;283;168;155;189;207;201;11347
411570;6522;476;297;545;219;207;171;224;213;216;345;325;691;10451
411573;401;3;26;6;7;13;3;3;6;3;4;2;0;477
411575;1991;84;69;89;46;55;54;74;85;55;41;56;33;2732
411580;16575;768;714;763;652;613;757;595;660;629;549;495;344;24114
411585;1070;40;39;30;21;20;31;22;19;20;30;24;18;1384
411590;407;17;10;11;8;7;38;8;7;8;5;7;6;539
411600;246;5;2;3;3;1;1;5;2;4;7;2;1;282
411605;1792;63;35;52;82;54;47;59;44;52;39;38;22;2379
411610;2554;59;32;38;148;98;42;60;38;33;34;23;27;3186
411620;2298;130;115;112;108;65;99;99;83;72;63;47;47;3338
411630;516;13;18;18;21;12;5;10;15;8;10;5;8;659
411640;343;13;19;7;24;24;8;4;10;4;3;4;1;464
411650;280;13;4;21;16;8;17;9;11;6;14;5;3;407
411660;1319;6;5;8;46;19;11;7;18;13;7;4;2;1465
411670;2834;162;140;161;210;182;128;178;95;130;101;119;107;4547
411680;750;68;35;21;16;8;15;13;15;15;11;8;13;988
411690;4893;191;185;183;142;126;219;358;151;135;162;139;109;6993
411695;912;48;56;49;44;59;41;39;45;29;41;25;22;1410
411700;1121;21;23;27;28;22;126;76;37;25;15;20;836;2377
411705;763;56;40;35;11;83;38;23;25;35;30;16;14;1169
411710;3238;183;104;617;98;110;92;86;109;159;86;92;61;5035
411720;825;39;47;36;34;41;21;51;39;35;25;25;11;1229
411721;414;10;14;9;19;14;15;7;6;6;5;1;2;522
411722;1593;84;109;91;88;84;53;67;44;63;51;62;63;2452
411725;1807;58;66;76;57;64;67;89;79;52;58;41;27;2541
411727;655;23;32;31;10;10;18;7;17;13;4;9;6;835
411729;518;28;34;16;27;44;32;22;11;22;22;35;9;820
411730;2942;103;187;282;130;154;84;109;138;83;98;80;60;4450
411740;384;21;17;5;9;3;7;6;4;5;4;5;1;471
411745;785;43;31;49;27;22;44;24;33;28;20;20;13;1139
411750;5500;247;295;302;241;219;272;307;315;305;297;230;153;8683
411760;10846;944;795;512;402;510;320;364;493;382;508;347;299;16722
411770;7242;418;283;409;298;311;314;235;312;302;264;309;259;10956
411780;1357;56;41;30;34;29;38;35;33;28;39;18;18;1756
411790;12185;547;758;870;672;551;560;545;528;468;517;469;621;19291
411800;4113;74;197;270;239;188;88;105;101;81;64;63;50;5633
411810;2926;131;44;519;172;71;30;58;46;23;16;35;82;4153
411820;37534;1737;1573;1271;1159;1290;1232;1376;1407;1393;1195;1154;1130;53451
411830;496;9;2;12;25;25;8;6;6;6;12;8;1;616
411840;21842;807;840;1029;835;1003;944;811;897;936;714;658;513;31829
411845;1346;82;85;69;66;68;69;50;91;49;53;37;28;2093
411850;26275;1469;1553;1830;1264;1415;1154;1283;1250;1347;1369;1153;777;42139
411860;829;78;56;23;37;28;34;39;18;43;18;21;52;1276
411870;636;25;39;44;15;10;5;12;16;11;12;7;5;837
411880;1635;95;78;39;38;36;34;77;71;47;54;46;34;2284
411885;940;51;48;45;21;16;22;20;14;18;15;17;7;1234
411890;2240;146;141;144;266;86;134;122;93;142;78;61;48;3701
411900;741;21;15;17;22;19;18;33;26;15;18;11;7;963
411910;2497;50;69;172;136;89;55;68;95;54;121;21;36;3463
411915;42266;1714;1950;1977;1639;1689;1724;1877;1612;1562;1706;1728;1123;62567
411920;684;30;13;11;13;10;16;50;77;13;12;11;3;943
411925;294;8;14;9;16;14;11;9;3;25;7;31;21;462
411930;3575;280;142;107;204;94;62;81;278;168;97;93;215;5396
411940;3896;291;271;286;440;509;367;385;302;200;213;309;138;7607
411950;8198;481;348;361;308;317;275;298;327;260;263;233;180;11849
411960;5320;190;229;194;160;135;133;127;136;130;153;116;96;7119
411965;412;11;10;11;10;14;6;10;7;11;10;8;4;524
411970;770;31;39;29;35;32;26;22;21;22;25;29;28;1109
411980;1763;86;83;58;76;137;51;58;55;68;43;49;35;2562
411990;83518;3196;3742;3689;2980;3417;2873;3179;3782;3304;3170;3199;2342;122391
411995;6526;489;309;339;177;268;384;390;864;347;402;384;455;11334
412000;2735;117;82;73;66;62;25;59;81;47;50;107;46;3550
412010;999;26;15;19;13;27;14;61;31;13;26;16;17;1277
412015;333;8;11;6;9;6;8;5;7;5;5;5;1;409
412020;558;27;15;43;13;16;9;9;6;15;17;15;22;765
412030;485;29;75;24;24;14;9;26;18;39;26;21;11;801
412033;729;17;29;27;19;28;19;24;20;17;12;25;24;990
412035;1094;37;47;48;27;25;30;33;44;18;27;16;18;1464
412040;725;22;14;29;29;47;68;26;6;29;18;23;15;1051
412050;1324;32;33;67;25;28;14;28;12;31;20;13;2;1629
412060;6436;171;217;206;137;165;156;187;225;182;190;198;75;8545
412065;655;17;29;23;10;35;23;6;13;7;15;34;15;882
412070;1545;55;45;49;38;51;74;83;43;43;30;42;25;2123
412080;7549;260;277;222;266;241;298;307;300;278;306;259;188;10751
412085;1044;54;58;48;40;33;39;30;34;29;34;22;17;1482
412090;5751;195;226;251;236;217;182;163;188;212;194;212;114;8141
412100;1271;46;68;36;50;35;35;29;31;39;22;23;10;1695
412110;595;14;60;21;12;7;16;18;13;24;5;8;10;803
412120;1454;59;81;80;33;35;36;23;41;56;45;33;16;1992
412125;367;21;11;11;12;13;13;5;4;4;10;5;2;478
412130;498;13;7;10;5;10;5;7;6;2;7;3;4;577
412135;424;20;15;30;6;7;9;12;14;21;5;2;4;569
412140;3750;222;187;119;166;122;177;126;157;114;129;127;64;5460
412150;1747;73;107;84;58;56;47;47;52;65;68;85;18;2507
412160;1080;44;71;43;40;39;35;41;45;32;52;40;13;1575
412170;3448;112;162;117;134;101;105;96;130;209;121;145;81;4961
412175;692;60;42;46;24;22;39;23;24;35;14;18;4;1043
412180;2366;82;89;56;35;56;38;36;101;73;51;53;64;3100
412190;1521;67;96;42;62;41;38;35;37;27;30;28;16;2040
412200;1628;53;120;63;45;46;39;38;38;49;49;29;15;2212
412210;728;46;40;16;21;20;24;33;27;23;27;18;4;1027
412215;1133;40;42;29;34;23;32;33;23;22;26;15;22;1474
412217;476;9;10;19;11;13;4;12;4;7;8;3;8;584
412220;4677;225;429;131;101;101;113;176;144;135;115;122;210;6679
412230;7563;693;672;368;259;258;201;190;333;212;244;340;202;11535
412240;19384;710;708;806;713;822;743;750;919;679;657;716;419;28026
412250;1526;60;66;53;36;46;78;51;56;36;32;66;20;2126
412260;2504;178;75;246;73;97;59;37;49;36;27;23;25;3429
412265;596;44;22;12;18;16;3;18;17;10;10;10;10;786
412270;3038;119;189;168;176;129;128;153;167;155;178;189;104;4893
412280;654;32;28;36;14;60;21;24;21;22;28;13;4;957
412290;715;22;25;18;14;14;251;30;38;22;64;16;8;1237
412300;2349;85;128;141;91;121;94;98;136;137;188;116;42;3726
412310;518;23;9;10;9;1;17;5;11;15;109;10;2;739
412320;454;19;35;16;15;7;6;7;19;10;12;12;4;616
412330;1114;54;53;41;42;45;34;37;44;22;92;48;37;1663
412340;2471;116;106;82;59;108;69;72;107;64;53;67;55;3429
412350;4482;316;338;254;256;193;217;320;350;212;183;178;112;7411
412360;216;6;2;1;8;0;8;6;2;1;0;7;2;259
412370;1289;31;71;35;37;25;22;18;31;33;29;22;28;1671
412380;1984;48;83;77;72;63;65;59;78;66;73;45;22;2735
412382;608;52;31;40;23;29;19;39;31;17;22;8;5;924
412385;781;65;46;50;72;23;18;16;15;22;20;16;13;1157
412390;1561;83;69;74;38;36;77;78;36;30;41;51;12;2186
412395;611;11;17;11;32;20;8;8;9;6;9;8;2;752
412400;574;8;26;16;17;27;19;11;6;20;12;7;8;751
412402;2270;115;91;91;50;75;61;83;102;86;62;67;57;3210
412405;3365;111;113;99;106;84;123;95;138;93;83;103;55;4568
412410;10008;419;320;374;383;310;271;340;414;306;360;324;211;14040
412420;410;20;8;25;2;15;17;6;9;5;12;7;5;541
412430;376;12;20;9;6;12;0;5;2;9;7;12;0;470
412440;3770;194;196;122;168;142;186;143;150;156;132;98;74;5531
412450;3847;42;41;111;294;95;75;71;77;55;58;25;73;4864
412460;2757;62;125;120;55;89;61;48;42;41;27;32;13;3472
412470;937;13;14;39;4;15;9;13;22;5;10;4;16;1101
412480;3381;284;113;165;140;120;124;159;130;106;63;135;42;4962
412490;730;15;11;25;16;15;35;21;8;7;13;13;19;928
412500;1349;38;28;46;15;22;29;35;37;22;23;17;15;1676
412510;1017;66;22;31;29;87;36;27;15;25;26;14;4;1399
412520;1848;63;109;60;65;53;151;75;89;87;55;34;38;2727
412530;865;46;58;35;16;25;50;32;31;18;29;18;9;1232
412535;1093;18;32;51;18;19;57;66;31;14;25;28;6;1458
412540;874;14;67;15;10;17;40;19;28;25;17;31;8;1165
412545;488;13;21;32;13;11;4;6;8;6;12;8;1;623
412550;86912;3248;3358;4243;3226;3103;3034;3593;4250;3590;3454;2839;2271;127121
412555;555;18;21;16;15;14;15;13;17;3;7;15;0;709
412560;7258;291;426;375;541;497;301;397;259;232;248;392;323;11540
412570;5662;232;228;222;192;223;210;152;204;205;126;168;91;7915
412575;647;20;48;34;29;22;13;19;7;12;14;15;9;889
412580;3419;47;21;88;124;89;35;45;49;49;31;46;26;4069
412590;505;20;42;19;13;14;11;13;9;23;6;8;2;685
412600;1159;43;33;49;48;26;14;22;46;7;29;17;13;1506
412610;1186;30;28;208;11;59;9;38;37;29;15;23;6;1679
412620;817;14;49;21;31;22;15;25;9;25;8;9;12;1057
412625;11916;491;453;500;433;424;407;509;539;606;537;371;301;17487
412627;1160;77;100;71;27;35;22;26;22;13;39;23;15;1630
412630;4162;177;190;141;108;440;98;93;209;134;100;132;77;6061
412635;693;14;38;28;17;15;26;7;20;14;14;19;12;917
412640;1017;55;53;50;23;32;38;32;49;23;29;13;10;1424
412650;3771;192;189;122;94;77;98;101;88;72;91;49;67;5011
412660;5634;158;142;130;209;224;158;163;175;209;200;249;221;7872
412665;316;16;18;23;8;8;4;5;7;4;7;8;6;430
412667;1524;147;82;66;40;31;42;24;45;30;28;29;12;2100
412670;723;53;69;50;30;19;42;21;23;39;31;18;6;1124
412680;4917;387;247;192;395;180;158;78;112;94;145;92;52;7049
412690;860;39;43;20;26;39;17;28;36;30;32;36;13;1219
412700;1240;43;44;74;39;50;39;39;50;36;33;33;17;1737
412710;19744;959;919;1273;977;836;612;659;769;684;584;611;490;29117
412720;4427;114;169;108;88;172;139;146;131;221;208;119;762;6804
412730;3465;129;169;177;130;84;78;90;69;59;47;47;18;4562
412740;3249;132;112;100;83;82;117;99;122;132;160;90;44;4522
412750;3219;133;155;154;87;104;127;86;82;125;148;76;66;4562
412760;2922;125;81;101;51;73;62;64;67;66;75;66;45;3798
412770;48435;2809;2642;2312;1827;1782;1780;1990;2016;1969;1896;1931;1550;72939
412780;1097;37;55;37;30;29;39;27;28;29;30;45;14;1497
412785;1542;46;54;61;94;62;32;42;62;65;52;34;22;2168
412788;1132;74;46;41;29;43;22;45;34;42;30;33;28;1599
412790;955;29;21;26;22;27;12;29;37;30;23;11;6;1228
412795;1262;58;54;48;39;60;53;21;30;30;26;17;18;1716
412796;2336;98;117;76;70;83;102;134;86;97;83;62;39;3383
412800;5850;290;246;260;158;233;297;174;172;147;216;139;153;8335
412810;28742;1191;1130;1222;1376;1191;1054;1054;1137;1077;1134;908;743;41959
412820;13079;659;644;557;536;477;367;404;490;543;513;496;416;19181
412830;445;21;21;6;5;11;4;7;7;10;6;6;2;551
412840;1416;49;73;33;24;24;77;27;121;67;26;24;13;1974
412850;2750;163;239;99;118;104;96;108;83;124;139;100;72;4195
412853;1942;45;71;51;69;63;73;66;41;81;47;32;16;2597
412855;1095;72;29;32;19;15;21;39;46;30;24;17;23;1462
412860;1228;53;109;91;52;71;69;33;60;52;37;32;17;1904
412862;709;18;20;9;19;12;39;29;12;14;6;10;3;900
412863;453;36;10;8;7;3;6;2;6;4;4;4;0;543
412865;494;44;32;42;15;8;6;15;6;13;25;21;5;726
412870;1501;107;84;78;48;64;58;53;68;51;48;52;43;2255
412880;705;13;16;12;24;11;14;27;28;23;35;20;2;930
419999;0;0;0;0;0;0;0;0;0;0;0;0;0;0
420005;397;29;38;48;13;19;5;12;16;9;6;10;11;613
420010;4145;157;203;216;164;175;173;129;147;123;170;125;106;6033
420020;2838;181;197;151;115;141;75;138;175;124;106;82;46;4369
420030;904;42;76;34;37;48;33;32;41;33;38;35;10;1363
420040;1626;147;171;111;71;54;105;96;122;87;42;116;38;2786
420050;466;33;56;32;17;30;42;28;40;26;34;22;9;835
420055;525;21;32;27;13;23;20;19;29;19;9;14;9;760
420060;983;50;46;34;27;41;29;31;27;17;31;29;21;1366
420070;1112;63;94;63;39;36;40;29;40;41;27;33;24;1641
420075;264;16;17;11;14;8;7;11;8;6;3;7;11;383
420080;1007;83;44;27;20;37;17;24;29;29;16;19;10;1362
420090;699;34;16;14;22;25;14;14;24;27;19;10;7;925
420100;1082;69;143;117;40;61;50;44;33;27;65;18;8;1757
420110;400;13;14;17;14;9;9;18;10;5;12;12;3;536
420120;2299;42;193;167;123;151;729;107;114;72;162;182;114;4455
420125;3005;153;193;127;87;112;93;101;111;108;69;60;28;4247
420127;523;24;71;20;16;23;18;12;20;14;21;13;13;788
420130;11880;924;1349;666;543;611;582;590;587;687;658;597;351;20025
420140;14363;868;827;904;793;656;629;579;732;651;601;674;493;22770
420150;2304;123;155;107;79;108;94;69;102;94;66;70;38;3409
420160;802;30;32;27;22;24;24;26;30;31;32;18;14;1112
420165;412;21;36;11;17;84;36;37;19;28;24;35;34;794
420170;2446;164;128;131;112;134;114;119;128;123;134;165;37;3935
420180;617;28;40;20;16;21;8;22;16;11;13;27;19;858
420190;1096;109;173;58;33;60;47;49;37;31;51;42;41;1827
420195;1145;140;175;50;79;40;41;27;36;33;34;57;151;2008
420200;45944;3905;3216;2928;2174;2523;2208;2262;2606;2691;2943;3291;3785;80476
420205;1193;61;123;59;42;101;36;40;62;47;76;76;55;1971
420207;1119;49;75;104;54;42;47;59;48;38;39;45;92;1811
420208;336;22;46;14;20;13;11;10;10;11;4;5;5;507
420209;179;12;17;3;1;17;4;8;8;4;9;7;2;271
420210;5226;415;375;319;226;298;285;279;341;398;423;350;268;9203
420213;505;15;9;8;5;16;8;9;17;4;11;3;4;614
420215;284;4;16;13;9;8;8;13;4;6;3;10;2;380
420220;3212;144;170;147;117;99;91;79;194;127;93;85;29;4587
420230;12388;617;1067;735;590;560;755;437;541;519;550;559;571;19889
420240;128698;5258;6948;6107;4825;5322;5170;6696;6122;5308;6206;4836;3329;194825
420243;430;13;110;44;12;12;11;6;8;12;14;11;7;690
420245;5769;758;324;313;208;214;268;267;239;369;435;678;1326;11168
420250;512;75;97;81;22;106;37;31;37;7;15;11;12;1043
420253;471;11;30;13;18;13;12;19;15;7;9;9;8;635
420257;220;16;17;15;2;14;12;10;10;13;9;7;9;354
420260;1632;282;531;115;45;106;100;146;57;40;58;201;51;3364
420270;2039;81;101;72;207;58;53;68;71;56;66;109;13;2994
420280;10672;419;664;628;466;454;437;500;518;467;480;456;246;16407
420285;1368;34;37;28;29;27;12;19;12;24;26;11;8;1635
420287;324;18;58;19;8;11;23;11;11;12;24;6;2;527
420290;46490;1876;3002;2284;1943;1978;1720;2012;2103;1994;2268;1773;849;70292
420300;23246;978;1582;1069;783;902;840;790;1121;838;937;845;563;34494
420310;1196;110;94;55;50;56;41;37;42;44;32;40;17;1814
420315;410;125;142;110;30;31;35;34;10;58;63;31;10;1089
420320;9523;810;1082;870;558;478;495;501;510;537;466;469;383;16682
420325;592;18;17;23;29;24;5;15;20;21;15;28;5;812
420330;4065;181;244;264;187;329;171;226;183;216;127;149;125;6467
420340;1317;109;140;101;64;34;30;26;56;30;32;35;26;2000
420350;1614;87;184;111;96;53;120;78;96;62;58;73;24;2656
420360;9685;624;806;661;371;488;319;347;314;275;307;276;220;14693
420370;2089;106;176;127;58;89;65;114;199;135;103;65;30;3356
420380;11151;548;645;735;396;406;435;378;473;295;371;421;297;16551
420390;8389;446;480;354;290;211;286;177;200;212;248;290;193;11776
420395;3881;201;228;326;178;170;163;143;200;123;128;98;113;5952
420400;3219;185;187;209;181;145;180;185;120;117;145;131;100;5104
420410;477;32;47;17;20;12;26;14;14;18;8;8;16;709
420415;479;7;24;18;21;14;13;4;20;2;5;5;5;617
420417;346;25;21;20;18;6;13;5;9;0;6;2;3;474
420419;217;12;45;26;6;4;16;8;8;5;7;8;6;368
420420;75501;4215;5220;4173;3555;3536;3616;3626;4453;3877;3763;3178;2399;121112
420425;5017;159;272;196;134;161;148;144;202;147;145;120;98;6943
420430;26666;1257;1550;1553;1077;1112;1112;1016;1133;1237;1159;1140;848;40860
420435;1569;61;102;78;50;74;48;70;59;48;45;34;57;2295
420440;1929;45;88;51;59;45;35;40;39;58;54;50;32;2525
420445;237;13;9;4;2;10;7;2;4;6;8;4;1;307
420450;3988;169;198;216;152;158;129;118;188;169;174;130;38;5827
420455;2973;171;229;201;140;108;154;156;110;262;254;139;75;4972
420460;65793;3084;3663;3188;2590;2649;2631;2644;2889;2613;2505;2504;1948;98701
420470;2545;119;171;95;70;92;72;88;95;103;81;70;60;3661
420475;265;25;18;19;7;5;8;12;11;3;2;7;1;383
420480;9182;476;676;475;342;403;360;417;444;389;362;376;366;14268
420490;1131;77;68;46;35;52;22;23;32;23;34;35;22;1600
420500;2004;120;190;119;65;76;61;61;73;100;70;51;51;3041
420510;1032;59;135;64;51;45;158;40;53;40;36;33;4;1750
420515;1117;58;76;62;98;44;46;57;41;32;47;28;8;1714
420517;295;12;21;8;12;25;6;6;4;4;3;1;3;400
420519;378;23;20;22;49;27;24;10;11;13;12;6;10;605
420520;848;38;37;49;41;42;50;35;26;22;33;31;26;1278
420530;3431;101;185;195;138;125;90;108;106;104;109;83;68;4843
420535;279;15;19;5;9;5;0;4;9;4;12;2;2;365
420540;277397;10684;25568;14200;10054;11891;9606;11009;12131;10677;10665;11244;12233;427359
420543;242;22;7;12;9;13;5;3;7;3;6;4;3;336
420545;7420;318;408;288;193;234;308;203;275;314;271;312;176;10720
420550;8313;2274;1062;580;415;426;497;437;438;438;580;684;287;16431
420555;302;9;18;10;4;4;8;4;3;8;9;10;3;392
420560;379;10;33;16;13;15;9;10;13;21;15;14;3;551
420570;4922;446;338;274;251;177;184;170;206;220;256;266;900;8610
420580;3880;171;214;137;128;130;127;212;141;103;131;124;53;5551
420590;21342;1176;1749;1295;1100;1208;979;1009;1233;1105;1093;946;459;34694
420600;2338;150;469;147;135;100;132;114;156;128;107;128;199;4303
420610;1502;85;79;105;102;128;132;122;83;92;107;72;59;2668
420620;2622;165;227;149;120;111;64;114;118;102;160;104;87;4143
420630;6362;199;479;327;203;254;241;213;267;221;267;209;96;9338
420640;2035;62;116;88;66;73;77;69;62;84;53;54;32;2871
420650;11526;558;876;618;512;520;462;488;607;1147;584;545;280;18723
420660;904;32;75;42;88;41;31;46;38;28;34;23;11;1393
420665;2259;133;138;81;112;107;85;92;115;95;55;86;72;3430
420670;4687;233;329;275;161;192;169;176;190;195;185;163;159;7114
420675;227;8;9;10;2;7;9;4;10;7;6;5;1;305
420680;619;28;20;28;35;19;23;30;32;35;20;14;19;922
420690;5792;516;605;514;419;437;482;588;545;408;468;391;280;11445
420700;15362;681;968;745;518;588;531;668;725;703;785;638;490;23402
420710;2843;206;319;243;131;138;171;202;241;219;157;166;70;5106
420720;1067;65;49;173;47;38;41;24;28;17;28;23;14;1614
420730;9144;619;660;421;507;369;248;367;381;399;363;457;673;14608
420740;776;52;78;41;21;17;12;19;17;26;17;27;50;1153
420750;21927;1044;1854;1046;864;1063;949;1077;1299;1138;1080;723;295;34359
420757;703;25;51;45;23;30;34;20;38;15;24;13;20;1041
420760;436;45;60;26;29;37;41;24;30;13;31;12;9;793
420765;1620;55;91;72;53;55;45;55;62;54;45;62;31;2300
420768;1349;85;128;83;49;74;85;123;86;46;48;42;35;2233
420770;3062;190;234;187;146;123;89;124;119;84;84;69;62;4573
420775;311;15;30;45;8;14;13;13;11;12;9;8;7;496
420780;1445;141;157;80;77;103;69;73;79;62;119;61;36;2502
420785;308;23;19;21;20;13;6;38;17;4;12;4;2;487
420790;1036;29;33;32;40;37;15;43;38;36;23;15;8;1385
420800;1497;105;129;77;42;39;45;58;209;55;51;89;66;2462
420810;3904;149;379;202;184;143;156;1706;105;158;130;133;61;7410
420820;79520;5041;5115;4716;3684;4057;3802;3778;4256;3701;3844;3835;4943;130292
420830;15299;1390;1335;1169;883;878;835;903;1380;965;1460;1152;1655;29304
420840;6169;211;260;200;154;156;164;177;259;249;139;156;85;8379
420845;3401;176;185;134;109;115;94;142;138;270;155;171;219;5309
420850;6118;413;488;472;297;387;410;361;326;273;347;353;227;10472
420860;708;26;35;31;19;27;18;16;20;19;22;23;10;974
420870;2056;84;129;97;60;57;49;64;176;68;63;41;48;2992
420880;3668;290;242;179;134;167;162;174;164;162;173;139;83;5737
420890;63920;2668;3439;2410;1856;2006;2015;2011;2588;2092;1979;1683;902;89569
420895;192;6;23;14;2;10;7;9;3;0;9;2;4;281
420900;16132;563;797;800;547;591;531;599;663;567;539;677;477;23483
420910;189418;10564;9283;8490;7788;8065;8209;8597;9770;7906;9370;8126;5978;291564
420915;926;40;85;61;35;39;32;40;39;29;28;27;11;1392
420917;238;31;45;13;9;13;16;38;27;13;3;6;1;453
420920;521;24;21;28;17;15;18;6;9;15;26;9;22;731
420930;42153;1769;2646;2684;2140;1721;1690;2135;1873;1816;1775;1540;1070;65012
420940;6872;553;547;395;270;333;302;263;304;250;290;299;392;11070
420945;224;15;21;15;5;10;9;11;14;15;23;10;6;378
420950;1813;75;86;69;66;77;51;86;72;65;79;65;20;2624
420960;3205;99;144;126;85;82;111;110;131;84;90;122;37;4426
420970;1781;649;124;156;62;52;50;52;48;160;367;252;72;3825
420980;349;11;35;25;6;17;10;5;10;12;11;9;13;513
420985;942;53;38;39;20;25;28;18;30;28;13;18;13;1265
420990;2887;278;244;222;188;171;177;192;195;185;191;144;76;5150
421000;4334;273;363;249;177;207;171;169;191;144;160;96;340;6874
421003;1602;25;61;40;41;47;37;36;52;36;44;34;26;2081
421005;316;24;60;14;17;5;9;4;6;19;30;11;6;521
421010;11864;539;713;761;386;649;525;608;582;521;649;713;548;19058
421020;419;18;21;15;36;16;34;18;12;17;25;4;1;636
421030;719;23;51;45;21;21;39;22;34;43;40;48;15;1121
421040;1646;87;93;152;94;72;74;58;49;67;54;60;47;2553
421050;8286;433;685;548;403;416;380;431;511;473;365;434;362;13727
421055;262;7;21;16;12;9;8;7;13;5;4;3;4;371
421060;4977;148;313;195;104;161;176;182;184;193;178;125;45;6981
421070;503;24;23;26;12;9;10;12;8;5;11;4;5;652
421080;1341;45;84;46;53;60;33;33;57;43;31;31;24;1881
421085;421;21;25;22;16;7;11;16;17;10;13;8;3;590
421090;1062;77;102;54;49;52;33;21;60;18;29;29;8;1594
421100;2392;130;144;88;80;72;92;79;106;103;79;85;42;3492
421105;1817;703;82;63;69;42;51;49;38;172;202;103;31;3422
421110;1050;101;116;50;55;36;16;57;62;59;54;48;75;1779
421120;6268;294;466;287;202;210;239;355;251;285;294;184;82;9417
421125;1415;16;59;19;13;29;28;62;31;16;4;11;4;1707
421130;19455;810;825;1149;739;805;695;715;934;766;827;852;693;29265
421140;1261;69;93;57;84;79;54;44;55;60;58;41;24;1979
421145;656;29;48;27;23;22;19;14;10;12;16;9;5;890
421150;5127;289;415;380;260;316;439;295;309;330;308;284;84;8836
421160;6481;371;437;336;303;291;322;206;275;262;263;273;127;9947
421165;388;42;50;19;14;8;18;15;8;7;7;5;5;586
421170;6928;322;410;484;378;338;294;349;346;345;264;273;245;10976
421175;5175;226;490;359;316;186;166;179;217;274;183;205;109;8085
421180;975;48;81;48;51;24;24;20;41;34;21;21;19;1407
421185;307;11;22;17;12;11;9;3;17;6;3;5;0;423
421187;142;22;20;12;5;5;3;8;5;9;3;4;1;239
421189;440;37;84;39;10;17;15;12;22;27;77;46;26;852
421190;36782;3003;2881;2355;1687;2044;1842;2294;2400;1695;1950;1857;1632;62422
421200;1525;48;83;43;42;50;30;30;56;54;38;23;25;2047
421205;576;65;82;42;26;27;27;23;27;16;20;12;23;966
421210;3519;174;151;221;155;148;135;142;199;155;174;151;105;5429
421220;3519;149;238;158;142;181;178;96;163;122;304;183;121;5554
421223;562;33;51;13;25;29;26;21;27;24;9;9;19;848
421225;916;80;42;165;36;54;28;48;24;27;50;48;124;1642
421227;885;52;59;51;29;34;31;25;29;21;20;21;17;1274
421230;1537;80;100;127;65;54;43;69;59;57;48;63;52;2354
421240;1038;39;96;47;34;26;44;25;32;36;25;23;34;1499
421250;5937;423;507;364;278;253;414;299;334;365;361;416;387;10338
421260;524;15;32;27;12;6;12;13;9;12;10;12;8;692
421265;360;125;140;39;29;26;17;24;28;19;37;22;14;880
421270;986;47;57;40;25;25;22;18;53;20;18;94;12;1417
421280;3929;656;572;273;196;214;229;168;237;198;239;238;297;7446
421290;6620;469;504;377;246;282;287;279;373;270;250;228;170;10355
421300;1135;144;94;73;43;53;76;52;78;66;62;61;28;1965
421310;1609;93;88;73;70;88;60;53;83;49;63;61;44;2434
421315;503;22;41;32;36;16;36;21;24;34;25;19;5;814
421320;13423;993;695;529;407;508;476;1299;540;473;530;387;162;20422
421330;697;29;34;34;32;21;42;32;34;29;21;11;6;1022
421335;843;31;37;32;30;32;24;22;49;30;40;52;24;1246
421340;2091;81;189;104;54;109;166;91;104;93;76;113;44;3315
421350;5018;556;363;521;292;287;295;311;350;357;351;438;812;9951
421360;5799;216;322;262;220;220;143;270;234;186;228;284;147;8531
421370;4333;303;339;336;220;266;209;196;286;224;233;207;109;7261
421380;1321;88;104;83;72;50;27;37;108;61;38;54;21;2064
421390;241;2;18;3;3;4;2;3;8;11;3;1;4;303
421400;6346;509;468;400;289;340;273;328;301;302;328;238;85;10207
421410;336;15;13;5;8;16;3;6;5;5;5;7;2;426
421415;604;23;30;25;10;34;19;16;17;22;17;8;3;828
421420;2830;87;89;75;69;49;57;97;92;71;34;54;54;3658
421430;486;33;35;31;32;12;15;20;19;17;17;11;4;732
421440;1162;299;286;97;80;58;57;36;38;61;36;49;98;2357
421450;1299;115;120;108;112;103;68;90;140;74;79;69;64;2441
421460;1461;57;104;101;57;68;53;52;67;48;51;31;9;2159
421470;3203;214;230;172;141;132;96;115;148;124;92;54;32;4753
421480;24002;1071;1438;1264;885;988;882;1030;1062;954;1149;908;467;36100
421490;1039;24;30;48;31;32;43;46;42;15;32;30;18;1430
421500;11279;438;574;517;377;476;417;436;479;394;436;393;203;16419
421505;315;57;58;11;6;9;4;16;33;9;22;28;8;576
421507;607;35;31;40;13;26;19;25;17;15;16;10;9;863
421510;3122;210;224;166;131;130;133;141;161;116;108;63;25;4730
421520;395;22;56;22;23;13;21;21;49;10;16;16;13;677
421530;2020;91;106;100;79;104;57;63;79;58;40;40;17;2854
421535;355;25;30;25;18;22;16;25;31;23;20;9;3;602
421540;1360;39;56;47;36;45;75;32;35;34;38;36;54;1887
421545;3661;145;272;166;108;153;135;135;170;221;151;196;114;5627
421550;4220;488;360;288;159;191;183;209;218;238;234;260;109;7157
421555;369;14;17;20;13;10;9;11;16;11;8;11;0;509
421560;334;16;20;23;10;10;6;14;4;11;10;11;3;472
421565;1002;57;31;113;55;48;44;39;42;30;29;22;32;1544
421567;627;37;77;25;26;21;12;28;19;20;14;16;11;933
421568;206;24;43;12;3;6;7;4;6;6;0;3;4;324
421569;210;14;24;4;5;3;5;5;5;6;0;3;1;285
421570;5079;194;319;207;195;186;154;160;274;207;215;158;163;7511
421575;378;13;35;12;8;16;14;9;16;12;11;5;5;534
421580;27448;1225;1498;1401;912;1042;925;836;1014;966;941;948;404;39560
421590;437;10;7;12;11;6;7;8;10;4;7;6;3;528
421600;2277;118;228;139;142;99;123;128;110;139;135;106;95;3839
421605;1355;87;133;91;71;84;77;85;105;87;72;65;39;2351
421610;1522;39;95;79;59;51;50;61;40;43;47;41;25;2152
421620;10300;462;633;487;307;440;329;318;382;313;343;396;432;15142
421625;1129;52;53;47;20;26;35;38;45;25;30;42;51;1593
421630;8368;830;911;642;353;337;382;472;582;412;385;236;93;14003
421635;1065;66;81;82;61;54;50;71;63;54;95;58;55;1855
421640;932;64;97;163;55;54;44;54;60;44;55;41;18;1681
421650;6011;383;1181;596;477;291;307;446;462;434;615;550;187;11940
421660;99125;4635;7093;5787;4650;4824;5016;6203;5895;4796;5303;4530;3931;161788
421670;3020;81;154;108;109;101;110;81;118;114;110;97;75;4278
421680;734;13;41;28;11;26;23;19;19;37;24;11;7;993
421690;8126;324;456;280;284;319;259;306;273;287;295;211;122;11542
421700;4289;157;182;138;132;214;140;188;141;140;184;112;99;6116
421710;706;34;24;41;16;22;22;12;25;25;16;15;8;966
421715;139;1;10;11;2;4;4;2;5;1;1;5;1;186
421720;13003;549;580;523;431;461;465;440;463;520;410;416;311;18572
421725;474;30;59;24;22;11;11;13;10;14;16;6;8;698
421730;2782;156;164;96;63;66;54;61;85;103;103;81;34;3848
421740;3831;162;316;198;145;157;139;119;157;147;123;122;45;5661
421750;6408;260;370;233;162;181;249;254;257;275;191;192;129;9161
421755;727;33;56;23;12;12;20;22;19;23;23;18;5;993
421760;3325;91;180;132;99;80;99;139;140;99;127;71;53;4635
421770;6810;338;326;584;321;324;266;313;347;325;297;234;216;10701
421775;333;3;36;10;10;11;3;3;8;12;6;8;4;447
421780;4852;224;331;262;497;203;156;305;233;182;168;154;81;7648
421790;2189;71;143;125;87;105;66;73;94;89;73;57;41;3213
421795;162;11;21;10;2;5;5;4;5;7;3;2;3;240
421800;11534;599;743;694;523;490;467;518;634;495;487;472;440;18096
421810;595;50;99;29;4;27;16;76;102;20;16;22;5;1061
421820;16062;1105;1272;870;720;822;655;700;805;709;660;590;240;25210
421825;1486;76;120;95;83;63;63;81;99;88;49;36;22;2361
421830;4854;148;238;149;130;133;130;135;164;134;176;190;130;6711
421835;1584;114;106;53;57;28;53;18;33;51;22;11;7;2137
421840;1800;115;127;89;75;80;81;80;97;72;65;63;37;2781
421850;3441;163;249;210;150;180;114;110;181;134;129;119;103;5283
421860;1843;106;135;79;56;74;56;51;67;74;50;35;12;2638
421870;37102;2043;2148;2021;1575;1390;1671;1835;1401;1490;1516;1427;1130;56749
421875;732;32;28;32;29;31;18;14;24;20;31;21;31;1043
421880;4024;525;483;285;358;277;317;402;353;379;358;290;317;8368
421885;285;5;11;16;13;4;6;9;9;3;1;8;3;373
421890;1566;43;198;117;62;80;68;55;74;58;35;96;32;2484
421895;354;161;152;89;18;37;38;9;20;9;3;88;22;1000
421900;6172;255;357;245;221;226;199;159;187;181;204;251;123;8780
421910;984;45;83;60;37;72;47;46;52;49;57;35;40;1607
421915;385;9;18;10;4;10;6;3;8;3;12;3;1;472
421917;1725;42;92;45;44;88;27;42;73;37;40;43;19;2317
421920;904;38;42;55;37;80;25;16;38;19;18;32;59;1363
421930;19137;915;1141;1057;748;649;667;591;728;757;819;810;543;28562
421935;1005;60;80;65;41;68;52;54;53;51;40;28;7;1604
421940;1165;75;91;62;37;51;34;53;34;64;45;28;9;1748
421950;14356;788;1003;773;674;640;560;588;724;636;516;523;369;22150
421960;479;25;48;23;14;13;12;9;27;10;7;12;9;688
421970;9487;444;635;443;380;460;431;403;521;661;491;409;270;15035
421985;266;17;55;19;12;12;6;25;21;8;6;1;5;453
422000;1619;124;141;104;81;135;82;107;114;126;68;80;156;2937
429999;0;0;0;0;0;0;0;0;0;0;0;0;0;0
430003;1094;46;24;53;28;38;45;36;32;36;37;37;29;1535
430005;569;21;42;41;47;25;6;23;12;16;21;15;16;854
430010;2416;60;112;91;70;66;57;41;83;42;40;51;58;3187
430020;1144;53;53;64;35;29;29;31;43;31;23;21;26;1582
430030;521;11;29;30;8;5;11;8;15;11;16;9;2;676
430040;13056;1331;474;600;352;493;371;385;740;626;532;460;337;19757
430045;367;26;18;36;16;8;16;7;14;11;20;8;9;556
430047;424;21;22;20;13;8;6;15;10;17;23;16;11;606
430050;732;37;26;20;14;20;14;17;16;7;9;14;3;929
430055;418;32;20;19;13;12;14;11;12;6;12;7;8;584
430057;683;54;25;15;102;18;8;16;23;18;20;5;9;996
430060;16830;850;567;660;552;561;685;575;653;601;728;605;453;24320
430063;339;34;9;16;15;2;25;14;6;3;1;5;0;469
430064;926;47;32;42;34;30;27;47;38;30;20;35;16;1324
430066;247;21;22;26;10;13;7;14;7;20;26;4;8;425
430070;1239;67;47;56;41;29;24;30;51;62;54;31;25;1756
430080;3638;180;119;101;137;116;99;80;108;99;99;71;54;4901
430085;550;49;30;40;10;13;18;21;11;14;13;8;20;797
430087;1453;172;181;152;93;51;73;58;71;68;58;51;20;2501
430090;1093;131;110;94;78;90;64;91;86;63;66;61;100;2127
430100;6721;201;246;255;214;207;172;239;224;192;217;193;132;9213
430105;1851;273;135;228;102;54;61;87;97;117;74;90;352;3521
430107;250;10;7;7;2;2;6;8;5;2;9;3;3;314
430110;1852;92;136;80;49;65;47;33;52;37;32;42;54;2571
430120;1575;143;112;110;67;52;34;47;41;30;48;38;18;2315
430130;2919;108;103;176;92;87;164;83;100;90;90;99;52;4163
430140;1596;52;47;75;61;56;60;56;46;59;56;37;36;2237
430150;1171;54;23;78;39;46;39;37;36;41;48;32;21;1665
430155;467;14;9;18;10;7;7;7;9;6;13;7;9;583
430160;21045;1431;569;1049;683;601;568;552;589;708;723;625;475;29618
430163;1449;226;58;63;55;47;51;40;62;27;36;43;150;2307
430165;1544;67;77;63;44;58;38;40;45;32;37;23;10;2078
430170;1194;59;37;48;44;51;34;34;28;32;47;38;29;1675
430175;404;11;0;14;4;9;12;9;6;10;4;2;1;486
430180;616;32;17;70;20;7;12;9;8;11;13;16;5;836
430185;199;11;11;29;11;5;11;9;3;15;6;2;7;319
430187;668;20;105;82;57;54;31;39;39;38;38;33;65;1269
430190;2325;174;149;137;40;62;28;48;45;38;38;68;30;3182
430192;198;6;6;6;7;10;4;5;3;4;0;6;8;263
430195;860;132;109;62;20;66;29;39;65;49;42;43;44;1560
430200;834;21;18;86;40;19;20;27;33;15;32;29;15;1189
430205;170;5;28;10;11;0;1;0;8;6;3;0;0;242
430210;43074;1597;1820;1957;1547;1515;1437;1597;1590;1576;1715;1640;931;61996
430215;384;15;16;14;5;4;10;9;6;10;7;3;5;488
430220;1655;54;47;77;49;56;41;56;45;64;53;36;20;2253
430222;356;15;19;27;10;4;16;12;11;9;23;12;11;525
430223;389;37;11;43;10;10;6;7;12;8;11;50;9;603
430225;552;20;43;23;16;15;14;21;15;22;19;28;12;800
430230;2248;750;855;446;395;265;117;210;147;114;207;241;66;6061
430235;4579;236;271;276;194;128;162;195;200;219;178;133;93;6864
430237;305;60;36;13;33;8;13;8;13;3;28;7;2;529
430240;3023;140;212;158;140;102;64;113;109;109;115;91;55;4431
430245;543;45;15;29;33;20;22;41;18;32;16;22;5;841
430250;932;50;21;52;27;26;24;27;27;22;32;28;18;1286
430258;210;8;12;18;10;2;9;8;8;2;8;6;2;303
430260;355;17;19;32;7;5;1;23;9;2;17;2;1;490
430265;776;19;37;58;10;18;11;19;17;7;10;19;18;1019
430270;3597;137;89;144;88;72;100;95;74;61;69;100;54;4680
430280;5922;170;140;243;206;202;200;165;220;178;179;183;142;8150
430290;1355;45;55;57;31;41;37;59;35;45;28;29;28;1845
430300;15008;538;485;691;437;573;310;406;354;384;370;399;307;20262
430310;40149;2055;1636;1969;1656;1489;1655;1982;1842;1627;1906;1724;1312;61002
430320;367;15;18;16;4;5;10;7;10;4;6;6;7;475
430330;861;46;23;43;24;10;28;12;10;4;17;11;8;1097
430340;494;19;7;6;11;15;17;12;10;5;8;7;5;616
430350;11588;397;317;381;367;269;273;333;308;259;275;317;223;15307
430355;598;13;18;32;17;23;15;27;16;26;18;21;10;834
430360;1634;53;127;78;51;62;25;64;82;45;53;36;34;2344
430367;523;87;42;43;18;17;14;14;13;7;12;29;17;836
430370;703;26;18;32;26;16;12;5;25;18;31;22;10;944
430380;928;49;39;57;27;22;24;28;25;34;36;18;11;1298
430390;21871;1069;979;974;742;711;855;802;855;607;718;605;337;31125
430400;997;29;14;43;41;34;23;17;35;19;37;13;18;1320
430410;450;26;32;40;26;14;17;14;15;8;24;13;11;690
430420;4634;309;352;294;199;163;170;202;225;168;208;166;99;7189
430430;1004;58;51;61;37;23;22;21;41;25;33;27;15;1418
430435;2636;274;133;180;194;289;163;199;493;202;91;89;68;5011
430440;9282;569;439;504;403;417;419;624;479;373;528;513;313;14863
430450;5000;154;178;264;181;138;133;117;148;112;105;102;134;6766
430460;80271;4690;3031;3789;3230;3001;2912;2990;3742;4363;3771;4996;2940;123726
430461;174;9;5;6;3;2;0;2;12;6;0;2;2;223
430462;257;19;17;47;9;7;7;8;4;10;9;2;6;402
430463;12180;1672;437;708;540;410;386;449;475;537;609;925;1872;21200
430465;366;39;20;67;24;10;16;9;19;8;11;6;8;603
430466;3340;223;178;185;127;109;307;123;149;129;127;322;71;5390
430467;1108;31;47;46;31;37;25;20;31;26;41;35;27;1505
430468;1432;77;39;72;33;28;24;42;47;35;41;28;27;1925
430469;580;34;35;39;18;23;13;20;24;16;23;23;11;859
430470;14090;656;612;684;565;463;493;598;489;485;528;515;439;20617
430471;1067;72;66;80;56;40;35;35;31;22;28;19;15;1566
430480;11485;380;547;435;321;380;359;533;403;306;330;287;219;15985
430485;146;4;3;7;9;5;1;1;2;1;2;4;1;186
430490;2680;120;153;126;123;91;124;107;77;70;87;70;73;3901
430495;419;27;19;30;12;9;19;9;11;8;10;12;2;587
430500;1231;53;56;117;59;37;58;38;54;58;59;33;38;1891
430510;153180;5762;6864;6412;5136;5063;4603;4883;6072;5234;5795;5628;3514;218146
430511;234;14;5;8;9;19;5;12;7;6;4;6;3;332
430512;505;23;23;14;11;10;10;7;8;9;10;4;0;634
430513;367;8;12;13;8;10;10;3;6;13;2;2;6;460
430515;229;12;12;8;16;4;1;10;1;7;4;4;4;312
430517;980;28;35;44;20;16;19;13;20;18;18;10;18;1239
430520;3096;77;85;95;97;79;46;90;85;66;59;61;69;4005
430530;1883;70;99;87;40;30;32;31;46;45;68;30;16;2477
430535;6037;476;325;727;199;224;179;417;268;314;337;228;499;10230
430537;217;20;6;20;2;7;2;0;3;4;4;4;3;292
430540;519;50;110;80;20;24;13;17;19;15;18;10;5;900
430543;1553;180;94;119;83;61;73;100;69;81;97;138;139;2787
430544;268;18;9;22;17;13;17;10;6;11;4;10;7;412
430545;1904;421;179;125;69;122;50;62;65;110;105;105;304;3621
430550;536;23;37;37;11;19;9;14;10;9;15;9;15;744
430558;486;18;23;22;13;7;8;9;10;9;17;11;7;640
430560;497;13;26;48;8;15;8;12;10;8;31;10;4;690
430570;1647;79;70;153;44;34;41;68;65;57;109;56;44;2467
430580;1789;144;142;106;87;82;92;104;104;102;96;54;40;2942
430583;120;6;7;2;0;3;1;1;3;2;1;1;1;148
430585;260;14;29;14;6;3;4;4;15;8;8;3;3;371
430587;345;31;36;18;15;4;6;11;7;13;12;6;2;506
430590;790;37;25;76;18;25;16;24;30;16;31;44;18;1150
430593;104;14;3;2;1;3;5;2;0;1;3;2;2;142
430595;717;14;27;22;25;17;11;12;15;5;11;26;7;909
430597;571;15;21;58;17;15;10;12;31;12;32;7;47;848
430600;2500;103;36;128;81;58;56;54;60;55;64;22;31;3248
430605;2041;58;156;125;56;74;67;56;77;85;65;142;123;3125
430607;193;12;41;27;10;6;3;7;1;4;1;0;0;305
430610;13993;505;484;1058;576;442;454;459;454;394;698;2138;422;22077
430613;163;7;11;14;7;5;3;5;3;1;9;5;0;233
430620;2918;174;111;127;90;106;108;139;113;96;102;57;96;4237
430630;607;18;34;21;27;17;9;17;21;22;14;13;8;828
430632;257;16;69;11;9;5;11;3;4;4;8;8;3;408
430635;205;8;4;8;4;2;3;3;2;2;3;1;1;246
430637;337;15;12;5;10;6;6;6;11;5;7;6;2;428
430640;12309;347;474;468;353;357;322;301;386;346;308;257;160;16388
430642;370;25;6;27;12;8;11;4;8;7;19;7;8;512
430645;525;14;19;24;26;17;7;8;16;8;8;11;10;693
430650;877;53;152;22;13;13;19;21;25;9;17;12;16;1249
430655;351;28;27;14;27;35;16;16;5;10;7;5;8;549
430660;6946;244;228;437;276;174;221;256;253;245;242;164;154;9840
430670;361;51;41;33;22;11;6;6;9;2;6;7;5;560
430673;616;26;19;19;18;10;8;11;11;14;14;9;29;804
430675;366;28;14;11;6;15;8;10;10;6;16;12;6;508
430676;15838;561;1093;590;426;415;444;488;467;364;403;556;691;22336
430680;7512;249;318;291;271;278;235;229;319;256;266;232;225;10681
430690;3531;310;229;167;156;136;120;109;108;78;112;102;59;5217
430692;192;4;21;9;9;4;9;8;2;5;5;2;2;272
430693;1422;50;57;96;50;38;54;49;44;42;38;35;43;2018
430695;373;14;11;39;10;2;14;6;11;10;12;7;2;511
430697;370;27;42;19;10;16;7;14;9;9;3;8;3;537
430700;34135;1413;1507;1455;1341;1256;1113;1445;1617;1298;1217;1125;899;49821
430705;559;30;51;46;14;20;16;25;14;9;18;16;12;830
430710;774;13;24;28;9;17;14;11;17;15;14;17;10;963
430720;659;6;30;37;20;23;21;21;16;14;17;10;13;887
430730;764;29;23;19;12;19;13;15;15;25;20;10;10;974
430740;482;16;29;33;15;5;18;9;51;21;20;9;11;719
430745;319;10;18;9;13;6;9;15;13;16;10;7;2;447
430750;3059;158;106;227;95;90;113;74;96;90;111;94;43;4356
430755;1829;97;78;85;35;35;37;53;56;40;66;61;38;2510
430760;12188;704;639;769;467;507;522;560;519;423;546;486;257;18587
430770;18419;724;618;839;732;742;637;792;685;749;831;620;598;26986
430780;10709;511;825;568;411;419;348;357;377;330;380;340;235;15810
430781;460;14;34;41;11;6;17;10;6;10;7;15;4;635
430783;342;22;8;30;15;9;9;2;5;9;6;11;0;468
430786;522;12;30;9;13;11;2;5;7;5;9;2;3;630
430790;25487;1021;1197;1098;869;871;923;767;1087;672;787;650;491;35920
430800;1230;60;77;41;42;40;28;31;40;22;34;27;19;1691
430805;268;15;16;16;9;7;6;8;10;4;4;3;5;371
430807;687;53;100;55;50;38;16;35;31;29;27;24;8;1153
430810;3767;119;121;180;103;120;78;66;162;110;110;103;70;5109
430820;10108;407;484;460;379;381;368;346;387;355;333;328;250;14586
430825;191;11;9;7;2;2;0;1;4;7;0;0;1;235
430830;1329;94;48;96;73;32;41;40;40;31;35;35;26;1920
430840;772;42;33;47;25;15;17;16;23;15;15;11;15;1046
430843;334;23;18;16;8;0;9;6;6;9;7;1;1;438
430845;734;53;44;63;19;16;8;14;21;56;25;25;5;1083
430850;8834;373;421;414;324;391;297;344;301;304;277;321;223;12824
430860;12897;569;680;507;455;398;404;381;456;506;510;451;292;18506
430865;325;25;8;10;9;11;20;15;11;11;7;3;1;456
430870;1045;61;47;71;27;20;37;54;41;17;21;11;14;1466
430880;640;69;36;58;12;15;36;35;16;20;24;18;8;987
430885;317;17;32;36;27;12;7;5;11;7;7;6;8;492
430890;3875;106;179;150;94;112;96;112;128;96;109;127;53;5237
430900;2788;141;99;271;103;102;64;84;112;77;149;102;58;4150
430905;2198;105;86;101;102;81;60;80;75;78;120;87;73;3246
430910;17814;928;775;782;862;850;974;1003;1013;939;1094;1288;859;29181
430912;155;17;14;18;2;3;0;3;0;1;2;3;0;218
430915;241;23;8;26;4;6;2;9;3;5;3;2;5;337
430920;50738;1649;1648;1703;1530;1661;1766;1751;1737;1756;1793;3195;1656;72583
430925;257;13;10;7;9;6;7;8;4;7;7;13;0;348
430930;16741;641;537;641;591;675;505;596;567;545;668;569;498;23774
430940;8154;276;311;391;331;331;295;320;323;351;314;315;158;11870
430950;1126;31;24;59;47;12;14;18;25;39;30;16;9;1450
430955;1230;34;86;39;41;41;41;25;32;30;34;29;23;1685
430957;194;15;10;2;5;2;2;6;3;2;2;0;0;243
430960;5581;189;172;224;156;123;134;133;155;97;131;136;87;7318
430965;2046;45;71;21;43;35;34;77;14;36;18;73;26;2539
430970;852;30;20;41;21;20;15;13;13;24;27;22;3;1101
430975;345;15;17;11;5;36;13;8;5;5;3;2;5;470
430980;753;45;46;53;30;31;19;21;13;15;19;41;11;1097
430990;1060;44;36;52;29;32;80;24;33;18;21;57;25;1511
430995;342;42;48;61;26;8;8;5;6;14;6;11;2;579
431000;5866;258;240;328;216;204;227;292;295;182;214;157;127;8606
431010;12460;691;824;855;464;429;392;437;533;530;438;417;205;18675
431020;21988;960;826;1486;861;729;701;719;778;773;823;809;710;32163
431030;599;43;33;25;16;22;18;18;19;13;20;11;8;845
431033;3425;729;172;166;130;120;93;96;107;148;163;204;533;6086
431036;963;24;44;38;21;19;18;16;17;14;15;20;9;1218
431040;923;66;47;41;26;26;22;37;20;19;55;30;22;1334
431041;246;12;8;35;17;3;1;0;0;1;1;5;1;330
431043;1132;76;54;41;32;37;27;22;26;28;25;136;25;1661
431046;261;5;17;15;3;2;0;6;3;7;1;6;8;334
431050;729;38;16;43;11;12;23;9;17;8;13;16;12;947
431053;488;37;27;20;12;13;5;21;18;11;31;15;6;704
431055;380;14;12;11;10;14;7;8;5;7;13;5;7;493
431057;157;8;8;24;1;7;3;1;6;2;2;2;0;221
431060;7569;294;488;339;159;200;218;226;242;186;199;220;175;10515
431065;281;20;7;76;13;17;10;6;9;14;14;7;6;480
431070;352;5;21;11;6;5;6;9;3;3;2;0;1;424
431075;181;13;3;6;2;3;0;2;5;1;2;3;3;224
431080;7096;254;344;325;241;207;199;237;247;188;204;249;107;9898
431085;353;9;18;18;7;11;6;10;4;8;9;9;1;463
431087;275;15;3;26;3;6;6;1;10;10;14;2;2;373
431090;556;23;24;34;16;11;12;7;14;19;19;11;10;756
431100;4013;187;92;160;131;96;99;81;126;111;138;115;90;5439
431110;1344;56;24;46;39;26;23;23;18;25;19;19;44;1706
431112;619;29;49;22;20;21;30;11;22;7;13;18;14;875
431113;382;11;4;62;31;15;6;11;17;8;8;5;7;567
431115;891;37;18;92;20;19;21;17;31;34;23;19;9;1231
431120;3099;97;133;262;125;82;108;129;200;109;132;112;66;4654
431123;165;7;5;13;10;11;9;5;2;6;2;0;2;237
431125;282;27;12;66;19;1;7;3;8;42;9;3;3;482
431127;311;11;16;20;4;11;4;4;6;10;9;3;5;414
431130;5852;338;251;329;234;267;198;218;205;206;257;272;166;8793
431140;34490;1280;1282;1365;1164;1294;1161;1391;1499;1305;1340;1365;1023;49959
431142;214;5;13;32;22;5;5;2;1;0;4;3;5;311
431150;1161;65;22;53;46;40;23;42;29;28;29;29;20;1587
431160;485;20;26;24;12;13;7;29;6;15;7;5;2;651
431162;2391;146;95;75;38;55;39;42;54;34;82;23;20;3094
431164;254;11;6;5;4;5;6;4;4;3;2;4;3;311
431170;706;33;27;39;17;20;24;40;39;30;29;29;14;1047
431171;544;45;68;54;9;14;21;22;24;17;34;13;7;872
431173;184;20;48;14;5;9;1;2;8;8;8;3;5;315
431175;828;42;26;30;12;18;14;38;33;30;21;17;22;1131
431177;743;33;13;15;15;26;16;17;21;25;23;18;23;988
431179;480;22;23;9;10;11;10;23;10;12;16;5;4;635
431180;13807;609;691;742;503;448;422;413;470;456;466;456;373;19856
431190;725;32;41;34;22;17;22;6;20;22;29;36;12;1018
431198;374;11;6;17;19;5;16;9;5;7;0;4;4;477
431200;313;7;7;19;19;18;7;14;6;5;4;13;8;440
431205;639;16;16;17;18;28;11;12;13;15;10;15;15;825
431210;488;13;10;17;12;16;13;15;19;5;7;5;5;625
431213;309;12;33;49;9;8;10;9;17;5;8;8;6;483
431215;1772;92;74;74;48;41;30;63;66;59;75;53;10;2457
431217;194;7;8;13;2;1;2;4;3;8;5;3;1;251
431220;576;20;16;38;7;7;9;10;16;11;10;3;2;725
431225;1168;81;75;100;32;46;28;51;37;57;33;31;30;1769
431230;1111;79;44;96;42;83;61;21;56;47;37;32;53;1762
431235;293;5;9;6;6;9;4;4;8;1;5;2;2;354
431237;294;145;141;59;42;15;10;6;7;3;5;24;1;752
431238;361;22;28;19;8;3;12;3;6;4;3;3;0;472
431240;18886;551;587;763;584;792;556;614;593;868;512;582;522;26410
431242;317;26;30;37;14;7;6;7;5;3;15;2;0;469
431244;275;13;6;42;14;11;10;10;11;3;10;4;1;410
431245;1280;19;6;24;36;9;5;4;8;63;545;337;3;2339
431247;1795;54;67;88;50;44;77;52;56;46;45;55;16;2445
431250;2360;121;70;154;94;58;57;63;123;122;118;84;95;3519
431260;2088;104;128;136;70;82;58;56;61;81;51;38;16;2969
431261;694;321;283;229;76;45;16;14;69;20;31;48;45;1891
431262;211;12;15;8;17;4;2;5;19;4;2;3;3;305
431265;6718;203;298;455;198;168;133;235;205;138;175;118;114;9158
431267;226;14;34;18;14;5;14;4;15;5;4;6;6;365
431270;1867;71;116;96;76;55;49;26;35;40;33;41;19;2524
431275;873;35;40;46;13;19;31;22;32;46;34;20;33;1244
431280;2466;98;99;226;24;16;46;31;92;80;68;96;75;3417
431290;3729;206;136;184;129;184;172;152;192;182;168;134;85;5653
431295;400;26;20;19;12;15;14;16;18;4;14;6;12;576
431300;485;29;23;17;15;15;11;18;13;14;3;11;8;662
431301;908;26;36;15;19;30;22;18;15;23;10;32;4;1158
431303;1716;113;58;56;42;33;19;19;33;46;16;35;27;2213
431306;7098;378;479;325;155;131;141;129;302;213;152;145;49;9697
431308;294;22;14;9;16;6;9;10;9;5;7;49;4;454
431310;1003;33;11;41;24;13;13;15;17;8;28;21;15;1242
431320;6992;386;303;379;218;204;250;216;205;217;194;167;138;9869
431330;8285;291;376;349;266;287;296;323;333;250;271;209;188;11724
431333;247;11;11;51;6;4;9;10;11;6;25;4;0;395
431335;512;18;11;23;8;23;13;9;17;21;19;25;5;704
431337;7460;248;528;304;221;255;323;261;355;175;305;272;282;10989
431339;380;13;17;17;10;4;16;9;10;15;12;13;4;520
431340;75020;3473;3260;3280;2916;2719;2814;2938;3219;2767;2867;2512;1629;109414
431342;292;25;7;25;22;9;4;5;10;3;14;5;5;426
431344;206;11;23;15;11;4;4;6;4;1;0;4;3;292
431346;194;3;24;17;10;6;7;2;7;10;5;2;7;294
431349;453;14;24;26;9;9;8;8;9;4;12;6;4;586
431350;11150;542;439;458;294;297;292;370;612;347;317;442;429;15989
431360;467;25;24;28;17;23;16;11;17;15;3;15;5;666
431365;1880;109;79;109;76;41;51;35;55;47;48;52;76;2658
431370;5810;233;203;313;192;201;160;201;157;172;179;197;125;8143
431380;1252;74;78;169;66;74;73;74;88;47;83;87;33;2198
431390;12718;430;514;551;452;428;260;376;364;354;400;272;233;17352
431395;2199;147;75;130;91;77;61;62;53;81;76;69;52;3173
431400;2498;89;70;95;93;92;45;75;62;68;81;56;32;3356
431402;572;27;20;29;12;7;9;18;19;16;8;9;6;752
431403;881;50;35;41;26;22;18;30;40;21;28;18;12;1222
431405;12575;1138;746;591;493;449;445;369;448;518;467;323;118;18680
431406;205;9;10;22;5;5;5;9;10;4;5;5;2;296
431407;778;77;55;54;16;22;26;26;14;22;22;23;32;1167
431410;58312;2297;2315;3654;2395;2213;2630;2216;2514;2108;2314;2217;1748;86933
431413;438;18;15;5;10;21;14;10;13;11;12;8;9;584
431415;1416;62;74;66;59;48;51;34;49;61;49;45;29;2043
431417;399;7;6;9;8;14;5;7;10;9;11;7;2;494
431420;986;57;39;73;34;14;33;16;29;22;24;43;20;1390
431430;712;18;35;26;16;19;17;13;18;13;24;9;9;929
431440;73239;2551;2454;3009;2409;2682;2487;2400;2935;2426;2837;3340;2279;105048
431442;2766;71;75;46;66;19;49;53;100;67;84;63;28;3487
431445;699;16;28;23;9;16;20;17;19;21;11;17;17;913
431446;312;26;10;26;5;7;10;5;6;3;34;5;5;454
431447;426;25;10;26;29;10;10;10;14;13;7;8;10;598
431449;431;13;15;46;21;10;21;6;15;13;9;16;1;617
431450;1491;57;32;109;27;45;25;33;39;29;34;33;28;1982
431453;0;0;0;0;0;0;0;0;0;0;0;0;0;0
431454;275;13;15;13;24;21;8;24;13;11;14;34;5;470
431455;238;15;6;11;4;2;0;4;6;8;5;4;3;306
431460;2592;74;51;151;114;135;65;60;55;83;64;85;27;3556
431470;1182;52;55;42;43;31;30;36;25;41;23;26;30;1616
431475;1049;54;48;33;19;22;26;25;57;35;25;30;23;1446
431477;467;43;102;55;30;26;21;15;37;15;20;3;6;840
431478;185;3;1;9;8;2;7;3;6;2;6;1;1;234
431480;8401;328;320;335;290;363;286;264;321;202;266;266;150;11792
431490;711323;22694;20217;24242;20947;23128;23616;22714;24096;21238;21353;21990;19364;976922
431500;489;18;10;33;11;11;7;9;13;7;10;5;5;628
431505;202;24;7;14;3;7;3;4;5;7;12;3;6;297
431507;142;14;12;3;3;5;4;1;4;6;3;4;1;202
431510;1223;45;18;74;89;57;31;92;39;33;16;17;22;1756
431513;276;19;14;11;9;8;7;14;4;13;7;9;10;401
431514;1541;82;88;80;43;62;39;36;68;47;30;39;43;2198
431515;610;16;24;23;15;14;15;15;24;7;13;22;9;807
431517;359;19;12;9;3;11;3;4;3;8;10;8;1;450
431520;541;22;31;39;8;8;8;10;15;10;7;19;9;727
431530;3039;122;95;128;100;78;126;81;111;79;125;91;104;4279
431531;283;4;9;47;7;2;9;11;4;7;12;5;9;409
431532;274;10;7;7;9;4;11;9;9;6;7;7;4;364
431535;606;39;27;64;20;23;14;14;10;15;19;11;9;871
431540;556;22;20;17;19;10;7;33;10;26;11;7;13;751
431545;192;23;5;12;9;4;9;3;5;4;5;7;0;278
431550;2305;86;98;84;49;47;47;78;57;49;55;61;35;3051
431555;287;10;5;16;3;2;1;1;1;1;6;0;0;333
431560;48986;1631;1563;1815;2042;1624;1384;1344;1744;1391;1439;1298;1305;67566
431570;4450;440;154;253;402;119;178;143;174;138;146;166;106;6869
431575;1662;55;93;66;48;44;26;37;34;36;25;23;7;2156
431580;3235;155;133;102;100;67;80;102;107;128;126;77;33;4445
431590;1196;36;31;65;39;39;38;25;45;34;23;26;20;1617
431595;236;17;13;6;8;6;0;1;6;3;7;0;4;307
431600;6808;430;579;495;286;206;222;201;230;256;224;460;85;10482
431610;1287;40;60;71;30;35;32;42;49;24;40;44;23;1777
431620;585;20;79;15;9;26;13;11;45;14;17;14;7;855
431630;673;58;20;48;21;11;23;17;17;12;13;17;15;945
431640;5950;241;193;317;163;209;209;214;181;172;211;169;161;8390
431642;325;20;33;31;17;28;8;6;5;4;8;9;2;496
431643;410;10;24;46;7;5;7;3;12;4;28;13;9;578
431645;1505;65;56;118;45;127;73;117;55;47;26;32;32;2298
431647;636;30;46;39;17;7;28;5;12;14;35;10;11;890
431650;2591;173;103;125;85;173;89;92;128;83;90;123;53;3908
431660;3660;147;103;121;86;103;91;75;128;90;98;83;55;4840
431670;1770;102;72;134;51;44;44;34;47;21;45;36;46;2446
431673;159;33;10;17;7;14;5;6;4;2;5;2;11;275
431675;2241;188;167;126;50;89;41;132;105;59;78;60;13;3349
431680;39907;1746;3143;4557;2294;1454;1452;1607;2168;1329;1665;1588;1460;64370
431690;67579;2656;2671;3144;2504;2650;2311;2529;3000;2426;2687;2765;2263;99185
431695;1932;54;92;41;44;31;23;10;30;32;29;24;58;2400
431697;480;16;24;44;17;30;13;25;12;13;11;8;6;699
431700;638;39;12;41;15;11;9;14;8;6;17;4;2;816
431710;13916;646;633;708;408;427;440;483;464;433;498;418;371;19845
431720;21035;1545;925;1111;800;703;811;890;815;802;773;760;649;31619
431725;219;5;2;3;3;0;0;0;0;3;1;4;2;242
431730;6182;405;255;558;224;310;228;208;228;220;234;207;155;9414
431740;8051;258;253;317;266;200;238;296;255;202;269;255;231;11091
431750;17595;721;687;757;664;540;912;547;596;559;737;837;600;25752
431755;330;63;25;36;15;20;21;12;13;16;5;10;4;570
431760;9446;524;511;464;321;444;242;257;327;303;308;305;284;13736
431770;1217;53;49;85;52;60;48;35;55;41;50;56;29;1830
431775;290;26;33;21;7;9;3;3;6;4;16;2;1;421
431780;2760;101;80;168;91;100;56;68;71;63;105;62;65;3790
431790;3053;108;82;152;76;68;74;70;99;72;83;77;74;4088
431795;224;14;20;26;4;1;4;4;5;2;3;6;0;313
431800;10366;491;696;603;368;285;385;320;350;283;417;285;229;15078
431805;597;24;27;32;18;25;22;26;10;21;24;11;6;843
431810;1762;75;30;42;61;45;33;34;39;30;32;35;64;2282
431820;3864;472;388;187;192;136;111;140;185;166;167;192;190;6390
431830;9380;408;299;463;271;249;236;248;381;322;278;281;243;13059
431840;3572;246;117;109;67;73;80;58;77;83;67;69;45;4663
431842;550;28;25;22;5;10;20;6;9;12;3;9;8;707
431843;517;41;20;39;28;33;14;18;18;16;28;16;12;800
431844;410;14;11;18;10;10;13;17;8;7;21;10;3;552
431845;210;8;19;40;18;5;10;7;8;2;23;3;5;358
431846;403;13;25;9;13;7;10;9;10;7;6;6;5;523
431848;919;43;55;46;31;18;21;11;10;15;21;19;11;1220
431849;506;13;25;21;4;14;17;14;23;5;20;4;9;675
431850;5539;313;94;396;139;84;173;358;657;242;269;164;104;8532
431860;1365;34;39;58;33;23;33;30;29;40;29;32;27;1772
431861;366;15;12;21;13;16;9;16;13;17;6;11;6;521
431862;708;269;408;134;49;49;45;31;43;85;55;49;30;1955
431870;56573;2290;2252;2611;1915;1995;2141;2270;2334;1988;2046;2318;1478;82211
431880;5782;210;140;147;142;94;107;106;174;131;132;175;171;7511
431890;6090;296;217;284;216;211;209;163;275;183;201;161;131;8637
431900;6338;227;216;244;194;221;171;178;200;206;246;297;94;8832
431910;1090;68;62;50;29;33;36;33;36;32;37;18;16;1540
431912;261;12;17;23;6;10;13;7;4;8;10;15;24;410
431915;1247;54;39;110;31;30;37;21;30;28;48;18;16;1709
431920;400;107;73;27;13;3;11;10;18;4;11;6;7;690
431930;670;21;33;24;18;25;11;13;15;15;6;23;13;887
431935;694;48;45;35;19;16;19;17;16;13;20;14;5;961
431936;236;2;5;4;1;2;2;3;0;0;1;0;1;257
431937;605;28;26;15;12;25;19;9;11;11;21;18;12;812
431940;1920;70;51;82;58;40;49;58;62;47;51;49;40;2577
431950;7684;254;269;292;207;224;177;200;193;203;191;211;122;10227
431960;3786;103;106;233;120;101;92;109;150;72;107;84;76;5139
431970;438;12;16;21;4;15;10;10;7;5;6;12;5;561
431971;332;12;20;11;10;10;4;10;12;16;12;10;6;465
431973;192;18;5;5;11;3;6;3;7;13;15;5;2;285
431975;649;28;38;31;22;37;24;25;28;9;20;20;7;938
431980;1171;84;39;81;72;29;34;22;46;49;34;18;19;1698
431990;23111;1458;1581;1386;981;950;916;967;1102;1064;1239;775;348;35878
432000;19132;1229;838;731;747;732;708;819;1023;522;666;796;844;28787
432010;6539;265;268;325;246;178;214;230;225;199;215;157;116;9177
432020;2390;107;89;165;114;117;127;204;96;128;122;78;64;3801
432023;329;25;48;30;15;13;20;12;23;14;40;11;8;588
432026;385;13;19;31;30;15;4;22;9;15;12;7;7;569
432030;1057;43;43;52;20;44;60;34;27;30;43;15;22;1490
432032;262;15;9;33;7;8;7;0;6;8;13;3;2;373
432035;564;26;10;23;13;11;14;14;3;17;9;10;6;720
432040;5835;162;261;194;110;238;171;151;224;191;196;182;133;8048
432045;201;4;2;7;7;7;9;4;6;4;2;8;4;265
432050;765;30;21;41;22;33;21;11;18;16;19;17;18;1032
432055;669;31;11;31;32;24;15;14;22;7;27;19;14;916
432057;151;28;3;19;4;6;6;1;3;1;4;9;1;236
432060;462;11;6;15;10;10;8;13;13;11;9;11;2;581
432065;289;18;12;17;16;14;6;15;12;11;10;19;4;443
432067;880;34;20;15;12;17;25;15;10;12;14;4;16;1074
432070;2497;108;104;123;126;91;106;75;75;121;82;64;26;3598
432080;4870;244;280;275;144;252;186;224;186;157;229;151;125;7323
432085;655;54;43;29;56;37;28;16;26;13;46;25;29;1057
432090;7987;361;406;472;295;303;306;329;360;304;300;248;180;11851
432100;2209;64;124;121;61;80;81;86;80;66;74;52;53;3151
432110;2096;59;70;75;75;41;58;47;45;40;47;49;29;2731
432120;10864;482;581;528;331;381;376;377;481;328;408;318;404;15859
432130;4776;166;119;172;228;125;116;124;203;124;115;138;160;6566
432132;422;23;18;5;12;13;11;6;9;11;18;9;9;566
432135;606;39;25;29;22;24;12;22;10;30;14;20;13;866
432140;2357;105;124;114;79;77;102;68;62;57;110;42;53;3350
432143;1553;145;95;77;96;96;70;70;53;50;59;64;54;2482
432145;11140;862;735;1116;429;347;227;286;359;291;310;304;186;16592
432146;594;35;44;29;17;13;10;20;18;8;16;10;13;827
432147;453;24;11;23;9;13;6;11;10;5;8;15;6;594
432149;245;19;6;5;7;2;4;5;4;2;7;2;3;311
432150;9373;882;340;421;376;357;305;320;382;347;440;503;841;14887
432160;8091;1275;373;257;272;249;255;323;238;322;413;473;1007;13548
432162;529;21;19;30;16;14;14;29;26;10;13;3;20;744
432163;309;5;5;9;9;5;6;2;7;6;12;7;4;386
432166;2062;102;84;114;89;93;105;76;150;74;65;57;58;3129
432170;9336;512;465;450;286;262;253;329;397;399;707;183;73;13652
432180;5968;300;218;589;201;177;166;163;175;156;190;152;137;8592
432183;312;12;8;13;7;4;4;9;5;1;1;2;5;383
432185;554;14;49;14;20;12;33;11;9;8;13;12;3;752
432190;5671;154;313;219;170;131;171;158;169;170;169;188;122;7805
432195;1443;47;64;58;48;67;51;34;39;26;37;25;46;1985
432200;9584;598;647;706;670;313;358;476;396;310;485;316;395;15254
432210;887;37;23;25;55;19;20;24;35;23;30;19;26;1223
432215;270;13;19;45;12;11;2;1;5;4;9;5;1;397
432218;165;5;1;17;4;3;0;2;1;1;1;1;2;203
432220;3616;123;121;380;87;69;74;87;92;69;143;99;65;5025
432225;2801;85;137;77;83;57;46;47;124;210;126;81;36;3910
432230;1350;48;74;48;46;22;22;13;41;23;42;25;17;1771
432232;443;35;20;18;12;12;5;10;11;19;9;13;3;610
432234;175;15;4;22;5;3;7;6;5;0;10;5;1;258
432235;218;23;22;6;7;8;14;4;3;3;4;1;0;313
432237;255;15;5;17;8;2;4;14;4;5;1;2;1;333
432240;21548;874;1007;1071;801;878;701;747;776;744;745;952;639;31483
432250;16554;5745;5295;3648;2228;1549;939;1835;1171;901;1170;2851;813;44699
432252;256;47;21;56;6;6;12;7;4;20;4;6;8;453
432253;729;23;25;53;18;13;15;7;15;9;8;22;6;943
432254;1570;69;59;158;50;54;35;65;48;57;36;25;22;2248
432255;386;12;14;15;10;12;8;6;8;9;4;7;4;495
432260;15183;921;1880;1756;2170;1034;966;743;620;730;528;537;368;27436
432270;4132;230;240;221;157;146;139;165;145;149;131;131;100;6086
432280;7604;216;328;293;242;267;176;210;168;168;191;204;100;10167
432285;300;10;9;6;7;8;6;9;7;5;6;8;5;386
432290;562;15;12;29;17;14;9;6;11;9;12;12;7;715
432300;20547;851;749;926;717;685;764;828;889;846;715;793;683;29993
432310;299;3;3;13;13;20;1;3;5;5;4;3;1;373
432320;517;21;42;41;11;13;11;15;12;8;22;10;6;729
432330;1026;68;59;36;22;15;12;14;215;14;20;11;9;1521
432335;385;24;22;25;15;27;17;12;18;12;19;12;15;603
432340;1478;95;83;88;58;67;66;63;61;28;61;74;71;2293
432345;629;39;17;31;21;25;13;17;26;16;11;11;11;867
432350;348;13;11;13;41;11;15;9;18;4;14;6;11;514
432360;179;6;3;11;5;5;4;5;2;1;1;1;8;231
432370;410;18;28;18;13;15;22;8;17;9;12;8;9;587
432375;285;35;29;36;12;11;11;11;5;5;3;3;5;451
432377;1449;34;48;35;15;22;34;34;66;31;31;25;16;1840
432380;4062;421;115;180;179;142;146;118;194;130;146;226;608;6667
439999;0;0;0;0;0;0;0;0;0;0;0;0;0;0
500020;4948;570;734;441;357;331;396;293;325;275;253;230;208;9361
500025;778;41;59;33;14;28;27;40;22;22;24;22;15;1125
500060;5220;412;516;267;267;251;283;502;241;260;258;238;235;8950
500070;2631;220;185;340;132;97;96;141;141;78;91;79;93;4324
500080;1635;65;97;58;29;50;52;41;55;48;32;49;34;2245
500085;6728;96;70;112;64;88;101;89;88;61;53;92;73;7715
500090;853;134;155;50;36;54;45;51;114;60;28;23;20;1623
500100;7250;398;452;410;488;541;444;400;363;365;326;244;219;11900
500110;6143;607;317;668;301;346;258;552;254;284;227;315;166;10438
500124;1315;289;300;64;72;39;43;45;25;40;35;19;21;2307
500150;1378;102;199;89;91;73;72;139;73;81;66;32;55;2450
500190;5820;148;322;226;201;191;219;308;269;203;219;212;138;8476
500200;2044;113;224;105;44;56;42;41;54;40;34;18;19;2834
500210;2767;122;132;279;104;83;72;75;232;92;88;83;45;4174
500215;1337;115;218;81;65;43;43;142;35;39;42;39;28;2227
500220;4816;370;464;344;264;242;223;358;263;255;241;277;214;8331
500230;3184;141;244;205;199;171;165;203;144;98;90;150;135;5129
500240;6043;298;455;739;380;260;197;329;327;184;214;151;101;9678
500260;2519;186;223;141;101;187;157;110;205;118;124;77;69;4217
500270;260015;14148;24600;12639;11588;11595;10353;22157;14494;11028;10232;9807;7222;419878
500280;717;39;25;59;26;32;36;27;69;20;24;16;16;1106
500290;4181;166;186;189;183;165;158;169;236;155;179;142;116;6225
500295;7587;509;518;572;300;433;408;446;390;322;374;274;191;12324
500310;691;74;70;44;33;32;25;30;64;32;30;28;22;1175
500315;1093;66;165;66;49;36;31;157;16;30;21;28;12;1770
500320;15360;1007;1402;1057;731;780;744;1690;667;745;606;709;421;25919
500325;5737;307;544;465;333;200;435;244;246;267;238;174;140;9330
500330;5107;189;264;176;138;168;178;168;229;174;190;249;137;7367
500345;1312;122;146;114;82;60;71;100;50;86;41;52;43;2279
500348;1422;119;68;205;30;39;53;87;72;50;45;35;17;2242
500350;540;51;38;36;12;11;14;26;32;6;9;8;6;789
500370;61571;2407;3200;3720;2471;2781;3046;2416;4039;2535;2277;2259;1634;94356
500375;1706;106;87;131;90;117;55;92;60;122;140;52;53;2811
500380;2899;166;274;188;188;107;121;103;141;81;77;61;45;4451
500390;581;36;38;28;29;21;31;16;28;25;17;13;10;873
500400;1096;88;64;34;43;38;45;23;42;19;23;19;13;1547
500410;1280;147;192;77;70;62;59;114;53;64;41;52;39;2250
500430;2132;199;176;211;98;83;80;139;68;82;53;75;36;3432
500440;1553;130;124;86;66;74;79;65;120;76;37;72;38;2520
500450;2471;144;245;154;84;64;109;66;71;78;64;46;25;3621
500460;3906;274;343;255;188;130;125;195;103;95;99;95;91;5899
500470;4239;168;218;187;160;234;137;184;191;201;193;126;129;6367
500480;440;40;163;83;26;20;21;10;13;7;8;20;2;853
500490;1006;92;75;66;42;71;51;46;41;28;33;29;31;1611
500500;3173;236;366;197;209;134;111;116;292;127;126;150;87;5324
500510;848;72;26;100;31;28;16;80;28;55;30;20;19;1353
500515;951;105;94;66;35;49;33;358;57;69;50;38;26;1931
500520;2559;143;147;51;72;31;58;46;165;16;29;32;18;3367
500525;1324;79;191;73;34;77;53;55;29;37;35;12;27;2026
500540;9991;552;902;844;628;634;541;528;540;392;348;317;241;16458
500560;3725;309;481;256;115;123;111;94;161;91;96;92;49;5703
500568;2577;194;149;122;80;81;113;64;59;111;67;68;28;3713
500570;10765;518;801;603;417;539;579;596;531;472;489;407;214;16931
500580;1470;113;76;216;50;69;67;57;207;67;48;43;40;2523
500600;5505;252;421;250;249;211;315;195;478;210;122;128;111;8447
500620;10875;626;574;873;431;607;418;513;491;373;557;416;330;17084
500625;655;43;71;45;35;45;33;16;82;29;37;13;15;1119
500627;1149;81;172;126;66;61;82;90;89;69;48;42;23;2098
500630;7998;471;497;511;606;429;345;558;501;859;432;448;284;13939
500635;917;47;215;33;30;18;11;134;14;14;9;9;9;1460
500640;1011;59;112;33;35;31;33;51;103;27;19;30;32;1576
500660;11914;943;1000;616;482;477;482;1011;538;387;417;352;326;18945
500690;2145;245;329;128;122;101;89;94;323;108;75;117;52;3928
500710;5157;340;614;326;257;260;275;551;326;402;278;222;137;9145
500720;10568;414;833;563;591;476;377;669;323;238;248;256;153;15709
500730;628;30;29;70;20;69;23;73;23;17;27;15;12;1036
500740;3143;322;237;169;112;146;115;177;183;117;129;106;67;5023
500750;1302;89;86;92;35;23;68;69;68;39;52;41;54;2018
500755;1616;155;207;77;76;92;67;108;70;79;65;75;59;2746
500769;8030;562;661;535;352;418;380;414;433;355;324;269;219;12952
500770;976;65;40;29;20;67;30;30;25;33;42;19;16;1392
500780;1980;166;193;103;62;73;47;48;40;68;38;57;48;2923
500790;8502;640;1032;459;359;405;329;528;393;323;321;493;320;14104
500793;4090;218;381;679;251;119;109;270;134;154;150;164;153;6872
500795;949;150;172;47;27;19;20;90;198;33;26;27;15;1773
500797;562;46;86;18;8;14;6;58;14;10;8;3;1;834
500800;2901;172;278;213;115;122;159;177;142;238;77;71;53;4718
500830;38329;2603;2878;2456;1785;1757;2391;2355;1978;1695;1396;1483;1286;62392
500840;1004;45;63;56;208;51;47;38;25;25;27;19;4;1612
509999;0;0;0;0;0;0;0;0;0;0;0;0;0;0
510010;476;23;20;6;12;12;9;11;9;19;15;10;5;627
510020;5061;429;470;423;258;316;285;278;372;282;328;233;184;8919
510025;10733;743;1075;621;439;503;553;1295;726;630;723;576;354;18971
510030;2679;160;122;101;79;73;99;90;88;97;70;81;51;3790
510035;412;43;19;8;12;5;8;11;15;6;38;12;13;602
510040;2634;407;378;212;87;164;164;154;149;227;115;89;40;4820
510050;478;60;38;21;17;12;8;6;8;7;11;3;3;672
510060;2832;170;165;226;225;101;117;108;125;105;75;80;46;4375
510080;1032;69;62;40;55;51;55;43;34;35;28;39;19;1562
510100;685;62;50;23;38;27;30;20;24;37;18;27;13;1054
510120;213;17;7;0;6;2;1;1;1;2;1;3;1;255
510125;3580;114;113;87;73;89;109;157;117;115;129;63;85;4831
510130;1136;41;48;81;43;41;32;42;35;40;29;35;38;1641
510140;2899;168;240;142;126;132;215;175;166;160;128;120;43;4714
510160;436;94;27;45;16;16;19;13;22;17;13;7;6;731
510170;5780;266;346;212;830;588;287;254;295;226;202;243;208;9737
510180;13277;1002;855;585;455;568;551;633;654;734;513;479;462;20768
510185;970;125;80;76;39;37;64;49;48;49;65;27;13;1642
510190;3408;444;356;141;199;156;204;161;133;244;187;110;114;5857
510250;14524;600;612;548;885;611;502;523;544;577;626;446;352;21350
510260;1018;49;246;122;59;35;40;37;55;30;82;48;33;1854
510263;10592;1257;913;901;1110;598;761;1037;725;713;787;651;503;20548
510267;10523;808;918;638;763;614;805;1257;1069;746;719;676;405;19941
510268;3035;397;302;137;179;302;167;265;198;196;139;153;180;5650
510269;392;61;8;68;12;35;5;6;23;13;8;8;8;647
510270;3956;325;366;352;218;239;290;192;215;200;214;159;155;6881
510279;1038;97;120;52;34;30;33;39;37;41;36;36;18;1611
510285;832;47;29;36;43;61;58;48;45;42;27;22;6;1296
510300;2253;226;165;186;122;134;138;129;120;94;88;77;78;3810
510305;1735;133;91;73;70;76;74;59;61;80;129;107;21;2709
510310;1207;82;70;87;68;68;63;76;64;78;58;74;36;2031
510320;6453;271;459;220;272;188;219;201;264;178;191;226;185;9327
510325;2269;271;121;443;235;230;169;179;141;106;105;84;49;4402
510330;3160;257;156;218;154;156;168;235;198;183;198;137;110;5330
510335;3580;264;175;219;151;245;170;279;270;203;179;213;189;6137
510336;574;42;57;23;27;22;30;27;27;17;15;18;18;897
510337;1188;52;37;42;70;48;67;77;78;40;37;31;27;1794
510340;233484;11149;20616;30795;14574;12410;11812;11067;15274;10812;11095;9294;5475;397857
510343;395;36;12;9;29;61;30;21;17;13;26;6;4;659
510345;697;175;50;35;129;254;67;35;32;20;17;12;12;1535
510350;6644;690;426;381;290;315;445;578;313;381;334;250;242;11289
510360;1302;95;32;86;70;82;119;90;173;48;31;52;26;2206
510370;1920;167;84;57;83;83;127;108;130;91;79;80;45;3054
510380;500;25;13;36;26;18;3;14;24;8;7;6;7;687
510385;1262;220;253;133;84;90;82;60;65;93;163;39;43;2587
510390;736;206;146;46;34;31;111;40;35;81;59;35;38;1598
510395;369;17;5;12;18;5;13;20;17;12;1;8;3;500
510410;4202;233;220;271;134;247;274;250;348;181;219;140;142;6861
510420;1486;168;79;38;39;40;72;42;60;48;80;42;30;2224
510450;381;21;28;14;14;13;15;6;6;13;18;6;17;552
510452;1724;291;79;63;72;151;177;102;102;112;87;61;40;3061
510454;698;84;61;42;27;28;29;22;28;33;31;22;12;1117
510455;999;98;77;47;47;64;38;43;53;64;65;32;23;1650
510460;3514;301;343;127;131;126;196;139;161;199;148;149;75;5609
510480;6941;406;585;363;360;744;413;385;340;257;273;329;158;11554
510490;915;77;55;67;79;64;20;26;27;18;18;19;12;1397
510500;950;59;43;59;44;30;24;62;13;17;29;32;13;1375
510510;6854;349;321;237;344;334;299;321;354;346;346;287;210;10602
510515;7791;388;319;539;306;476;400;381;375;303;355;398;217;12248
510517;1263;83;77;43;52;52;57;46;64;45;56;31;31;1900
510520;1362;66;118;107;29;38;64;74;58;54;51;64;17;2102
510523;1113;61;55;139;434;25;40;24;22;28;13;16;18;1988
510525;19419;1927;1435;1342;977;1414;1418;1195;1179;1337;1317;1027;812;34799
510530;232;12;5;8;5;13;4;3;6;3;4;1;2;298
510550;2677;166;130;246;171;180;124;117;109;119;113;102;62;4316
510558;1859;127;95;70;96;95;83;92;119;82;71;66;36;2891
510560;3578;236;237;158;106;132;161;171;202;190;204;144;135;5654
510562;4726;124;159;231;564;270;236;938;397;240;229;194;96;8404
510590;2296;131;189;92;111;97;98;87;104;95;126;73;48;3547
510600;579;43;62;25;24;32;32;27;28;36;28;13;14;943
510610;1330;100;50;75;89;56;44;69;99;69;47;39;50;2117
510615;1286;156;76;154;92;54;65;92;177;59;48;55;36;2350
510617;332;25;44;15;56;16;11;9;11;8;11;2;7;547
510618;886;59;98;71;55;79;54;47;45;63;72;53;55;1637
510619;600;53;60;28;56;103;43;68;74;63;44;28;24;1244
510620;538;32;31;30;23;16;12;15;22;12;14;16;16;777
510621;2246;97;81;75;50;71;194;216;100;102;93;103;84;3512
510622;12763;3680;944;896;672;920;1046;900;745;855;1018;745;498;25682
510623;4105;364;241;195;157;244;241;145;191;121;85;56;169;6314
510624;2715;622;322;162;156;213;239;209;168;238;225;98;121;5488
510625;3150;157;187;198;127;178;240;662;391;281;250;133;140;6094
510626;837;32;75;53;27;45;47;42;64;48;53;41;20;1384
510627;326;13;7;8;20;15;8;10;12;0;1;1;2;423
510628;1393;183;67;90;66;68;129;90;56;78;101;39;41;2401
510629;2141;118;167;123;87;79;79;66;71;58;45;64;52;3150
510630;4701;373;396;245;280;211;267;275;334;356;385;326;156;8305
510631;171;18;1;3;15;1;17;18;13;0;3;3;0;263
510637;4473;634;471;226;196;177;200;529;389;244;214;175;118;8046
510642;2659;217;134;126;119;134;123;106;123;114;119;129;125;4228
510645;517;60;73;21;13;37;30;30;30;94;62;23;14;1004
510650;3533;152;112;86;120;100;104;261;121;145;95;67;54;4950
510665;596;50;42;26;23;22;22;17;48;25;42;23;18;954
510670;134;6;21;43;16;7;5;7;10;1;3;1;2;256
510675;8598;402;446;493;385;505;400;374;338;419;469;416;290;13535
510677;965;75;79;39;28;48;56;55;34;23;50;25;16;1493
510680;1491;245;71;29;79;107;75;72;75;106;66;65;55;2536
510682;1443;97;205;92;62;59;49;48;58;44;54;40;25;2276
510685;501;37;49;12;12;21;27;15;7;8;12;17;5;723
510700;2559;231;128;207;72;84;274;106;107;102;95;47;71;4083
510704;18644;1819;1445;1089;1147;1306;1699;1267;1275;1264;1066;856;696;33573
510706;4128;707;506;271;180;233;349;283;353;349;372;221;109;8061
510710;2578;96;98;125;80;80;44;54;64;56;171;77;27;3550
510715;302;24;31;15;25;11;5;7;8;3;4;3;1;439
510718;1207;178;236;92;62;77;63;90;102;68;70;59;53;2357
510719;291;19;22;5;1;2;11;3;4;3;13;5;3;382
510720;549;18;14;13;40;8;11;18;8;13;4;7;2;705
510724;951;102;43;32;94;56;76;30;40;43;69;21;29;1586
510726;596;44;28;26;19;24;16;21;47;21;36;13;9;900
510729;302;16;8;13;5;4;5;2;3;5;5;6;2;376
510730;3041;210;716;205;246;176;161;141;113;153;131;92;87;5472
510735;1178;140;91;54;46;82;84;101;92;82;95;85;54;2184
510740;313;16;42;26;18;13;14;12;9;7;9;3;5;487
510757;740;111;74;75;50;91;91;54;81;75;64;56;45;1607
510760;53492;3923;3179;3710;2694;3012;3532;3186;3205;2856;2803;2540;2195;90327
510770;1716;144;106;90;101;92;57;59;122;47;92;38;35;2699
510774;494;75;52;21;17;31;29;19;30;27;21;20;14;850
510775;516;18;23;11;23;11;25;20;9;3;20;14;8;701
510776;1228;267;58;32;80;84;160;116;68;184;100;38;26;2441
510777;765;63;30;27;27;46;53;26;51;33;32;14;13;1180
510779;1254;308;94;90;72;88;182;66;55;84;70;53;29;2445
510780;2408;295;198;243;117;96;136;206;147;152;109;110;69;4286
510785;1852;356;184;103;71;69;125;93;136;124;190;89;30;3422
510787;8522;1237;677;483;537;461;981;1527;794;661;537;460;663;17540
510788;211;7;6;5;3;5;2;1;3;3;1;3;0;250
510790;34591;2175;1869;2034;1856;2060;1937;2193;2268;1903;1976;1485;1308;57655
510792;22176;2478;1681;1373;1170;1686;1570;1391;1417;1376;1375;1192;867;39752
510794;1688;218;51;55;110;110;94;72;108;151;78;61;40;2836
510795;21029;1015;1301;1059;927;1051;976;1308;1148;1049;1153;897;796;33709
510800;3499;624;233;186;155;266;299;354;155;237;186;148;124;6466
510805;1455;76;70;128;67;62;64;52;69;47;56;43;30;2219
510810;429;125;44;20;13;20;58;25;13;32;32;8;12;831
510820;591;41;63;10;17;20;18;29;15;36;29;22;6;897
510830;588;56;75;26;21;30;41;17;36;29;30;9;4;962
510835;308;14;11;13;8;11;10;12;7;11;11;12;4;432
510840;43051;3253;3509;2668;1996;2324;3283;2413;2433;2156;2334;1913;1717;73050
510850;2247;233;114;223;157;186;299;411;388;438;331;182;112;5321
510860;2353;162;106;102;117;194;216;106;128;140;114;94;112;3944
510880;651;38;26;24;10;29;19;20;19;20;23;15;7;901
510885;1471;72;37;99;51;84;61;65;49;45;54;28;12;2128
510890;1415;129;66;75;66;74;71;60;50;69;52;49;22;2198
510895;1341;100;67;62;51;85;79;83;52;86;66;54;37;2163
519999;0;0;0;0;0;0;0;0;0;0;0;0;0;0
520005;1660;151;98;110;124;105;97;91;135;131;97;78;66;2943
520010;2177;238;134;109;92;133;91;58;84;73;80;61;45;3375
520013;3239;229;109;200;209;201;101;107;125;80;84;143;60;4887
520015;276;55;27;24;19;25;10;18;19;18;29;17;13;550
520017;744;101;79;30;65;20;22;65;82;44;43;32;13;1340
520020;321;26;25;14;20;11;10;10;14;3;13;6;2;475
520025;10412;992;550;1316;519;544;499;343;464;400;350;297;193;16879
520030;4411;424;257;178;162;209;192;165;263;210;203;379;179;7232
520040;0;0;0;0;0;0;0;0;0;0;0;0;0;0
520050;220;19;15;4;10;2;0;6;7;5;1;1;3;293
520055;1364;301;245;268;132;139;76;99;120;116;223;35;50;3168
520060;1243;78;46;67;51;79;67;45;62;63;43;59;39;1942
520070;0;0;0;0;0;0;0;0;0;0;0;0;0;0
520080;791;18;19;85;17;47;50;16;76;46;23;23;24;1235
520082;274;10;12;5;5;2;6;9;8;10;10;2;3;356
520085;498;26;21;12;15;20;14;20;12;3;9;10;7;667
520090;260;29;3;6;6;9;4;9;17;36;5;1;3;388
520100;0;0;0;0;0;0;0;0;0;0;0;0;0;0
520110;91901;4274;4428;3933;3339;3466;3601;3226;4610;3529;3301;3192;2703;135503
520120;145;25;18;4;2;3;4;5;8;9;9;1;4;237
520130;3194;201;114;211;762;386;147;75;111;67;72;80;42;5462
520140;103802;5394;4302;4740;4371;4635;5019;5214;5689;5012;4803;4395;4346;161722
520145;708;71;22;36;27;24;21;30;17;18;18;17;12;1021
520150;919;58;53;103;29;46;36;40;35;46;35;35;25;1460
520160;431;22;9;10;12;12;75;21;18;25;16;6;6;663
520170;1000;348;236;75;68;79;51;49;63;50;34;39;28;2120
520180;911;196;90;23;18;17;40;21;68;33;41;32;31;1521
520190;0;0;0;0;0;0;0;0;0;0;0;0;0;0
520200;0;0;0;0;0;0;0;0;0;0;0;0;0;0
520210;0;0;0;0;0;0;0;0;0;0;0;0;0;0
520215;623;140;52;45;41;36;33;30;55;239;25;26;16;1361
520220;0;0;0;0;0;0;0;0;0;0;0;0;0;0
520230;0;0;0;0;0;0;0;0;0;0;0;0;0;0
520235;439;86;37;21;76;18;23;61;43;43;32;21;5;905
520240;0;0;0;0;0;0;0;0;0;0;0;0;0;0
520250;951;178;57;46;49;45;53;49;41;27;19;50;24;1589
520255;0;0;0;0;0;0;0;0;0;0;0;0;0;0
520260;359;10;14;11;13;8;13;6;6;13;9;9;1;472
520270;0;0;0;0;0;0;0;0;0;0;0;0;0;0
520280;240;52;89;17;36;33;21;13;13;11;12;11;6;554
520290;0;0;0;0;0;0;0;0;0;0;0;0;0;0
520300;0;0;0;0;0;0;0;0;0;0;0;0;0;0
520310;218;46;18;14;54;9;7;6;10;5;7;9;1;404
520320;2793;214;149;159;102;76;66;37;51;34;52;35;25;3793
520330;5370;259;202;205;206;207;190;208;227;180;179;183;153;7769
520340;621;88;21;18;23;129;20;15;37;11;15;14;17;1029
520350;3294;209;232;184;191;208;280;128;204;132;152;134;76;5424
520355;634;48;88;30;31;19;18;22;23;22;14;16;10;975
520357;540;35;15;29;18;13;14;10;13;13;18;9;5;732
520360;438;92;24;15;23;24;11;20;19;15;11;11;5;708
520370;0;0;0;0;0;0;0;0;0;0;0;0;0;0
520380;659;192;100;18;44;42;71;39;31;41;28;27;8;1300
520390;1345;828;105;81;97;111;62;68;57;73;67;26;44;2964
520393;472;31;32;35;29;23;20;10;26;4;20;9;11;722
520396;243;12;6;4;7;0;3;2;16;17;5;0;0;315
520400;876;95;76;47;15;120;42;34;15;16;28;31;4;1399
520410;2333;105;74;393;80;87;52;86;63;45;46;72;356;3792
520420;211;16;9;15;2;7;15;4;7;9;6;1;2;304
520425;2114;111;63;201;129;129;130;28;69;41;105;72;69;3261
520430;3402;182;184;234;147;195;129;134;170;127;107;93;87;5191
520440;2094;224;123;81;85;102;105;84;79;83;102;66;33;3261
520450;22175;1295;1031;938;1245;1118;1099;1538;1080;1101;972;867;972;35431
520455;369;18;5;10;25;15;14;31;9;45;14;10;9;574
520460;375;26;5;10;14;13;7;10;28;12;11;9;1;521
520465;88;4;8;5;0;3;4;5;1;2;5;1;3;129
520470;1201;53;73;41;36;38;39;69;57;38;30;30;22;1727
520480;1367;172;99;439;59;129;254;106;84;112;137;37;58;3053
520485;913;142;27;25;71;48;61;60;52;47;47;36;34;1563
520490;2178;125;73;76;76;67;81;71;57;50;76;44;41;3015
520495;352;26;28;13;11;9;6;6;34;12;6;14;3;520
520500;1148;82;42;28;162;48;21;20;24;20;14;28;26;1663
520505;328;59;31;31;17;7;21;8;6;5;7;2;1;523
520510;23407;1739;1725;1115;886;831;1056;905;1443;1079;903;978;644;36711
520520;535;108;26;12;27;21;36;20;12;25;19;12;12;865
520530;765;132;21;18;19;21;5;11;7;15;5;11;5;1035
520540;4881;232;223;177;130;155;157;199;233;310;207;140;148;7192
520545;1344;58;113;72;60;64;119;66;51;51;32;43;23;2096
520547;4087;353;267;181;165;133;189;149;136;139;185;128;102;6214
520549;4016;250;231;341;147;237;174;153;212;244;179;133;127;6444
520550;0;0;0;0;0;0;0;0;0;0;0;0;0;0
520551;1538;76;92;70;45;32;28;31;112;34;39;33;17;2147
520552;237;93;24;12;6;8;9;14;1;5;5;13;2;429
520560;0;0;0;0;0;0;0;0;0;0;0;0;0;0
520570;410;37;14;12;15;15;14;9;23;10;14;9;5;587
520580;1061;63;89;50;100;54;107;46;55;50;42;35;16;1768
520590;2273;112;96;111;65;81;70;65;94;63;91;68;68;3257
520600;0;0;0;0;0;0;0;0;0;0;0;0;0;0
520610;0;0;0;0;0;0;0;0;0;0;0;0;0;0
520620;11573;1072;1535;2184;927;1110;1471;1690;1601;420;407;406;229;24625
520630;409;89;26;26;20;13;13;8;11;11;14;14;9;663
520640;3547;122;115;103;80;79;59;83;109;63;127;61;41;4589
520650;414;69;18;23;9;13;7;18;16;25;9;14;8;643
520660;282;41;12;9;8;5;3;7;8;8;4;4;5;396
520670;172;21;8;45;3;3;11;6;12;4;4;1;2;292
520680;262;68;7;58;17;5;4;6;5;7;12;5;10;466
520690;230;70;128;21;8;11;5;5;14;5;12;7;3;519
520700;0;0;0;0;0;0;0;0;0;0;0;0;0;0
520710;221;25;6;15;7;6;5;8;5;4;6;3;4;315
520720;0;0;0;0;0;0;0;0;0;0;0;0;0;0
520725;911;99;39;40;24;30;28;30;40;49;32;27;28;1377
520730;0;0;0;0;0;0;0;0;0;0;0;0;0;0
520735;680;38;24;14;19;7;20;16;14;16;6;10;11;875
520740;3249;170;89;163;81;77;97;86;65;57;49;26;20;4229
520750;375;32;11;4;5;3;5;3;40;4;28;7;4;521
520753;581;53;64;23;91;28;24;29;33;15;21;16;7;985
520755;0;0;0;0;0;0;0;0;0;0;0;0;0;0
520760;622;116;34;49;33;43;28;31;23;48;33;29;5;1094
520765;0;0;0;0;0;0;0;0;0;0;0;0;0;0
520770;0;0;0;0;0;0;0;0;0;0;0;0;0;0
520780;988;88;85;53;20;32;55;24;47;26;45;35;38;1536
520790;941;54;17;24;10;21;15;20;25;17;13;13;15;1185
520800;15721;1032;791;1447;2111;824;968;711;1081;876;1559;690;1022;28833
520810;351;68;34;10;11;23;10;5;24;9;14;11;4;574
520815;418;65;18;15;58;21;18;6;8;8;6;11;5;657
520820;0;0;0;0;0;0;0;0;0;0;0;0;0;0
520830;323;13;20;4;13;13;2;9;5;6;4;2;2;416
520840;1064;114;213;78;63;67;75;47;78;64;57;72;89;2081
520850;543;57;58;35;13;12;18;7;21;16;13;13;12;818
520860;13051;1439;713;738;2088;1059;770;529;660;678;834;716;370;23645
520870;587896;28251;23222;23113;21548;24630;23875;22552;26462;25348;24306;22313;16635;870151
520880;5413;429;280;256;281;420;238;225;257;236;218;192;116;8561
520890;3380;300;284;119;173;211;161;167;158;238;112;100;73;5476
520900;0;0;0;0;0;0;0;0;0;0;0;0;0;0
520910;8515;621;761;532;613;315;279;274;267;377;627;289;466;13936
520915;661;214;30;36;17;19;10;13;10;18;12;8;13;1061
520920;1053;192;380;45;65;31;55;40;46;33;22;34;29;2025
520929;216;7;3;29;9;4;4;5;5;6;0;3;3;294
520930;0;0;0;0;0;0;0;0;0;0;0;0;0;0
520940;283;84;23;11;25;15;12;14;9;9;9;10;3;507
520945;92;84;36;13;7;5;3;0;6;7;2;2;1;258
520950;0;0;0;0;0;0;0;0;0;0;0;0;0;0
520960;293;49;18;6;17;14;10;7;11;13;6;8;2;454
520970;3553;361;262;270;310;194;371;294;274;217;233;208;199;6746
520980;284;52;37;27;21;12;6;6;9;13;7;5;2;481
520990;1139;45;31;23;21;25;17;15;23;64;24;15;22;1464
520993;604;101;41;43;29;101;26;32;33;18;24;20;21;1093
520995;2523;274;161;134;166;131;129;135;96;87;115;138;87;4176
521000;9707;717;399;402;406;539;1636;515;510;391;439;346;369;16376
521010;4701;344;273;238;137;327;179;258;153;165;163;113;103;7154
521015;304;35;32;19;5;10;8;8;7;8;1;2;2;441
521020;4471;207;344;183;163;159;146;140;228;190;126;184;104;6645
521030;259;77;12;6;21;8;39;21;7;5;7;7;4;473
521040;8072;826;730;508;452;555;447;400;483;490;410;404;292;14069
521050;0;0;0;0;0;0;0;0;0;0;0;0;0;0
521056;466;63;25;19;15;10;17;8;15;11;17;8;5;679
521060;457;5;12;9;8;15;9;6;5;17;6;4;1;554
521070;0;0;0;0;0;0;0;0;0;0;0;0;0;0
521080;805;61;38;30;31;25;22;22;35;16;30;24;11;1150
521090;2285;224;111;64;80;1175;229;70;91;48;76;73;135;4661
521100;1059;126;164;109;81;68;96;85;98;55;38;35;25;2039
521110;0;0;0;0;0;0;0;0;0;0;0;0;0;0
521120;2960;222;149;117;159;132;187;105;98;82;72;57;39;4379
521130;972;175;89;37;43;44;43;41;51;41;35;43;20;1634
521140;1034;40;34;51;44;70;47;29;43;33;31;26;46;1528
521150;27770;1586;1210;1481;1234;1663;1460;1040;1336;1058;1123;1109;1135;43205
521160;358;49;7;6;8;10;13;5;7;10;6;3;1;483
521170;1603;81;42;38;276;68;49;34;25;31;36;17;14;2314
521180;5315;274;292;194;164;190;177;179;225;166;162;238;103;7679
521190;19468;1376;1070;1133;1042;1269;1060;1034;902;918;943;927;712;31854
521200;389;20;16;9;38;11;22;16;11;20;18;10;2;582
521205;189;5;14;5;4;12;4;4;7;2;6;2;0;254
521210;778;40;54;17;21;13;16;33;17;28;13;17;8;1055
521220;3120;205;149;102;141;124;102;166;149;225;199;94;141;4917
521225;236;11;16;12;14;46;13;8;16;6;8;7;4;397
521230;1554;149;83;59;66;72;42;61;63;40;48;37;34;2308
521240;0;0;0;0;0;0;0;0;0;0;0;0;0;0
521250;20728;963;817;763;825;1008;879;956;1154;873;1376;823;534;31699
521260;218;45;28;10;21;15;10;12;11;10;9;17;3;409
521270;501;37;48;30;68;11;18;7;23;9;19;48;9;828
521280;1143;49;51;42;40;44;92;34;37;43;60;72;25;1732
521290;248;14;53;7;27;10;12;4;2;5;14;5;3;404
521295;570;49;32;28;20;34;19;13;34;28;16;10;4;857
521300;1077;121;79;52;84;89;57;20;26;34;34;27;9;1709
521305;281;82;65;54;9;12;9;9;8;9;8;18;4;568
521308;3373;388;323;200;120;130;121;137;225;110;84;41;45;5297
521310;16812;846;747;875;865;742;616;1109;917;631;604;553;520;25837
521320;0;0;0;0;0;0;0;0;0;0;0;0;0;0
521330;0;0;0;0;0;0;0;0;0;0;0;0;0;0
521340;243;51;20;15;3;10;4;2;7;7;3;8;4;377
521350;472;12;8;13;6;5;59;8;19;10;10;4;3;629
521360;0;0;0;0;0;0;0;0;0;0;0;0;0;0
521370;1569;137;95;99;46;55;51;180;69;47;41;40;29;2458
521375;2147;749;209;83;117;88;135;134;124;90;116;70;56;4118
521377;349;22;52;15;5;2;7;3;11;6;7;4;0;483
521380;9649;532;435;1220;983;378;287;323;371;478;803;265;317;16041
521385;175;73;18;15;7;0;1;19;8;2;5;1;1;325
521390;681;76;25;29;49;28;26;21;29;29;15;17;3;1028
521400;3143;230;143;109;85;119;96;73;122;58;71;56;52;4357
521405;857;41;30;35;25;43;25;41;27;22;29;28;23;1226
521410;365;20;6;11;12;7;5;5;6;10;6;11;7;471
521420;0;0;0;0;0;0;0;0;0;0;0;0;0;0
521430;0;0;0;0;0;0;0;0;0;0;0;0;0;0
521440;1299;104;80;43;48;60;53;65;52;48;61;47;25;1985
521450;5868;320;231;218;189;181;384;363;230;219;165;161;160;8689
521460;5284;608;579;573;267;527;421;297;340;702;256;238;180;10272
521470;283;52;42;26;14;11;19;3;15;11;7;11;2;496
521480;270;9;9;3;2;5;3;5;4;1;5;4;2;322
521483;2280;224;154;163;96;95;96;92;94;100;68;89;57;3608
521486;570;87;28;20;20;42;12;6;10;10;15;31;11;862
521487;240;10;8;7;3;4;4;1;13;4;3;2;1;300
521488;0;0;0;0;0;0;0;0;0;0;0;0;0;0
521490;247;23;21;7;28;17;7;11;9;7;8;3;1;389
521500;1391;153;47;64;67;83;42;37;77;50;67;62;19;2159
521510;0;0;0;0;0;0;0;0;0;0;0;0;0;0
521520;501;26;17;28;19;27;19;14;17;12;8;5;8;701
521523;3771;390;574;266;203;220;170;224;113;158;173;153;127;6542
521525;521;15;42;37;10;12;13;7;6;7;5;5;8;688
521530;2512;174;172;116;70;88;75;103;172;81;68;88;55;3774
521540;465;17;10;16;12;3;17;10;8;6;7;7;0;578
521550;1539;89;114;48;34;82;51;50;69;62;44;24;33;2239
521560;2695;132;122;86;206;107;109;91;83;82;93;90;61;3957
521565;342;41;10;6;9;4;7;4;9;9;4;39;8;492
521570;6563;357;254;213;242;286;290;235;278;221;256;201;121;9517
521575;0;0;0;0;0;0;0;0;0;0;0;0;0;0
521580;269;58;19;8;9;13;9;5;13;13;5;8;3;432
521590;503;36;47;18;18;7;12;17;65;25;12;7;14;781
521600;450;33;23;6;35;12;7;4;15;16;11;7;5;624
521610;0;0;0;0;0;0;0;0;0;0;0;0;0;0
521620;0;0;0;0;0;0;0;0;0;0;0;0;0;0
521630;892;72;103;29;34;39;16;34;31;36;20;23;11;1340
521640;2717;346;265;207;181;141;205;99;129;126;165;95;59;4735
521645;1566;90;44;39;63;39;55;38;29;22;28;22;15;2050
521650;0;0;0;0;0;0;0;0;0;0;0;0;0;0
521660;0;0;0;0;0;0;0;0;0;0;0;0;0;0
521670;0;0;0;0;0;0;0;0;0;0;0;0;0;0
521680;955;37;31;35;16;15;15;37;32;20;13;17;5;1228
521690;988;24;43;34;26;17;18;16;26;8;16;13;18;1247
521700;0;0;0;0;0;0;0;0;0;0;0;0;0;0
521710;3212;256;142;93;143;84;105;127;121;133;106;83;98;4703
521720;1376;91;54;61;57;109;58;52;38;59;50;55;27;2087
521730;2977;214;142;450;226;201;97;673;206;209;156;186;98;5835
521740;6733;616;342;232;256;257;238;200;327;221;243;209;221;10095
521750;0;0;0;0;0;0;0;0;0;0;0;0;0;0
521760;6755;332;416;317;262;319;332;295;298;261;241;431;195;10454
521770;2576;81;115;74;217;237;172;134;163;137;114;53;45;4118
521780;0;0;0;0;0;0;0;0;0;0;0;0;0;0
521790;0;0;0;0;0;0;0;0;0;0;0;0;0;0
521800;6324;442;305;186;181;204;237;311;181;171;169;178;273;9162
521805;571;125;77;33;39;55;43;107;24;20;12;27;13;1146
521810;724;79;42;27;23;60;47;41;43;37;46;19;30;1218
521820;0;0;0;0;0;0;0;0;0;0;0;0;0;0
521830;3617;194;201;230;154;140;140;131;134;108;142;120;123;5434
521839;381;28;26;23;11;9;9;14;13;5;11;9;12;551
521840;0;0;0;0;0;0;0;0;0;0;0;0;0;0
521850;11330;554;552;951;626;491;335;320;319;280;344;278;269;16649
521860;1514;136;54;48;41;89;48;45;55;59;103;53;74;2319
521870;645;55;35;14;9;17;12;28;12;19;16;8;7;877
521875;0;0;0;0;0;0;0;0;0;0;0;0;0;0
521878;3073;210;153;113;154;92;110;136;140;159;79;96;110;4625
521880;54682;5905;3873;2867;2828;2832;2617;2349;2504;2622;2600;2320;2147;90146
521890;3554;477;592;98;566;224;170;88;96;70;93;159;175;6362
521900;1287;142;85;55;103;116;65;81;115;105;112;61;41;2368
521910;821;162;31;34;28;21;15;50;45;15;27;17;14;1280
521920;554;41;31;25;21;69;26;28;103;46;18;11;13;986
521925;1553;117;84;60;77;91;86;40;58;66;25;48;43;2348
521930;7302;580;628;590;689;895;470;346;299;355;349;220;152;12875
521935;357;33;18;38;11;15;9;13;12;13;3;10;3;535
521940;686;80;38;31;31;37;26;29;13;27;20;18;23;1059
521945;523;69;51;93;83;69;28;46;61;67;31;17;23;1161
521950;319;8;7;4;7;10;3;4;6;2;1;6;6;383
521960;403;40;19;4;8;2;2;4;8;6;3;1;1;501
521970;848;42;35;45;14;20;17;23;15;22;21;17;8;1127
521971;990;102;163;17;98;79;21;17;19;20;15;5;12;1558
521973;1949;159;138;121;115;100;113;92;113;94;81;132;94;3301
521975;4720;317;412;172;275;160;157;255;366;270;214;250;154;7722
521980;762;39;18;16;26;22;17;15;8;15;12;19;7;976
521990;835;64;44;21;36;44;36;35;43;27;18;18;10;1231
522000;1294;109;156;58;33;44;47;31;47;68;41;40;23;1991
522005;219;12;13;8;11;7;4;4;6;10;7;2;3;306
522010;5409;287;229;305;206;226;214;218;231;170;191;148;122;7956
522015;533;68;75;40;31;42;46;15;28;26;18;15;14;951
522020;2699;233;119;85;119;134;102;117;138;154;119;115;85;4219
522026;522;65;39;23;17;32;11;15;51;15;14;13;8;825
522028;1043;261;187;19;333;51;71;21;13;3;30;22;28;2082
522030;0;0;0;0;0;0;0;0;0;0;0;0;0;0
522040;3146;592;544;184;252;671;133;109;251;66;120;134;79;6281
522045;14968;1207;1069;874;765;1231;661;645;1274;625;807;633;505;25264
522050;1661;232;250;54;593;134;97;66;54;148;65;56;35;3445
522060;3199;236;239;103;218;126;131;140;172;141;116;85;51;4957
522065;0;0;0;0;0;0;0;0;0;0;0;0;0;0
522068;604;20;19;16;13;10;10;13;13;23;22;14;8;785
522070;280;15;9;35;5;11;18;21;4;8;11;15;3;435
522080;0;0;0;0;0;0;0;0;0;0;0;0;0;0
522090;0;0;0;0;0;0;0;0;0;0;0;0;0;0
522100;630;67;31;18;17;38;18;18;40;15;11;16;10;929
522108;237;39;16;10;13;7;2;3;8;5;1;0;1;342
522110;0;0;0;0;0;0;0;0;0;0;0;0;0;0
522119;1001;61;75;48;35;34;31;32;33;25;42;24;17;1458
522120;0;0;0;0;0;0;0;0;0;0;0;0;0;0
522130;414;40;16;18;7;6;18;18;13;26;11;12;18;617
522140;13193;1365;1022;607;605;688;572;560;684;538;594;809;435;21672
522145;333;5;8;9;6;8;5;8;10;4;5;6;2;409
522150;442;67;22;30;23;27;22;18;16;19;14;6;6;712
522155;2425;166;311;73;218;105;61;90;65;31;60;42;34;3681
522157;251;41;40;11;6;2;9;2;4;6;3;1;3;379
522160;5519;464;281;263;281;255;228;302;219;289;180;123;175;8579
522170;923;40;16;29;14;27;25;32;29;25;25;26;15;1226
522180;791;77;25;28;31;35;30;26;35;22;16;23;18;1157
522185;14765;1964;950;1379;1157;1166;896;1108;1206;703;725;800;446;27265
522190;383;50;34;12;8;8;16;7;11;10;14;9;6;568
522200;2051;103;128;77;65;97;116;75;128;79;78;86;43;3126
522205;1600;88;301;183;92;486;100;64;82;43;31;75;29;3174
522208;0;0;0;0;0;0;0;0;0;0;0;0;0;0
522210;0;0;0;0;0;0;0;0;0;0;0;0;0;0
522220;629;245;174;68;52;152;577;108;24;16;63;218;49;2375
522230;717;170;52;35;71;44;43;28;34;28;16;32;26;1296
529999;0;0;0;0;0;0;0;0;0;0;0;0;0;0
530010;1193281;30346;44188;79494;27117;30830;30411;32373;40832;29467;29907;27474;22887;1618607
539999;0;0;0;0;0;0;0;0;0;0;0;0;0;0
{ñ class};0;0;0;0;0;0;0;0;0;0;0;0;0;0
Total;45279674;2202630;2048985;1988315;1629318;1685144;1582282;1627023;1769600;1575054;1589100;1490874;1187883;65655882

Seleções vigentes
Variável;Critério;Valor
Ano;igual a;2017
