Coluna;Mês Desligamento
Município;Não desligado ano;Janeiro;Fevereiro;Março;Abril;Maio;Junho;Julho;Agosto;Setembro;Outubro;Novembro;Dezembro;Total
110001;2900;200;106;98;87;110;176;97;91;82;105;149;175;4376
110002;18028;815;737;899;743;749;694;904;812;779;831;816;627;27434
110003;730;16;7;14;21;25;15;11;17;21;18;15;11;921
110004;17364;714;700;740;585;700;711;724;970;793;815;715;609;26140
110005;2349;71;51;79;95;87;69;69;94;68;56;90;42;3220
110006;2419;67;75;72;113;65;60;72;103;56;90;80;84;3356
110007;1200;28;43;45;89;47;45;36;54;38;48;48;46;1767
110008;972;19;15;26;14;28;20;29;32;24;18;26;19;1242
110009;4992;196;217;226;167;181;149;133;199;225;185;209;173;7252
110010;3984;110;120;114;106;239;137;106;110;80;90;118;82;5396
110011;9736;333;311;352;321;378;293;337;345;362;349;310;365;13792
110012;27973;972;1006;1237;827;1003;957;1161;1032;1412;1132;1139;972;40823
110013;3238;128;94;117;102;112;105;139;105;120;120;117;101;4598
110014;1689;42;68;50;37;80;99;46;62;65;60;69;40;2407
110015;5870;167;176;176;223;200;232;189;178;177;196;179;127;8090
110018;9218;401;341;413;288;315;489;420;372;288;355;338;307;13545
110020;163877;3999;4054;4460;3821;4057;4145;4221;4232;3952;3685;4054;4192;212749
110025;2132;61;76;70;62;86;73;59;81;151;55;66;468;3440
110026;680;53;29;45;16;26;29;31;30;31;28;42;21;1061
110028;10860;346;354;395;278;370;380;564;341;1271;412;448;328;16347
110029;1109;22;23;31;30;32;27;20;27;24;24;22;46;1437
110030;19846;1027;760;1066;688;844;799;775;786;863;815;826;810;29905
110032;3283;76;71;82;66;85;99;79;95;93;82;53;53;4217
110033;1879;33;45;46;34;53;45;46;37;28;44;49;69;2408
110034;1397;34;30;70;31;41;23;39;33;24;46;26;44;1838
110037;1076;46;17;25;15;28;17;19;16;16;21;44;9;1349
110040;1424;27;37;55;47;62;68;49;52;50;41;55;76;2043
110045;3500;251;142;150;152;160;143;169;162;181;172;193;391;5766
110050;839;17;11;12;11;16;7;14;14;12;14;23;12;1002
110060;541;14;17;17;8;14;14;15;20;14;8;12;33;727
110070;933;18;12;27;29;32;28;27;29;21;38;35;72;1301
110080;2149;150;64;81;77;90;68;130;68;73;79;90;60;3179
110090;533;8;10;27;17;23;18;23;10;17;6;18;11;721
110092;2886;109;127;160;115;190;156;175;206;143;127;185;154;4733
110094;1446;68;42;77;52;62;48;62;50;53;65;88;112;2225
110100;667;14;14;13;26;21;10;28;27;13;11;17;27;888
110110;1281;46;28;44;35;20;27;50;79;68;40;45;32;1795
110120;831;26;12;30;19;21;17;35;25;21;48;38;44;1167
110130;1305;25;19;23;39;58;28;24;28;32;35;28;37;1681
110140;1061;47;41;50;38;44;29;38;43;32;46;38;384;1891
110143;534;9;9;6;14;9;6;9;11;10;7;9;28;661
110145;701;55;22;14;23;15;23;12;14;17;18;26;20;960
110146;570;74;27;39;68;27;40;24;45;21;29;20;13;997
110147;495;11;16;9;9;12;6;4;11;9;8;6;1;597
110148;525;9;7;11;15;10;9;9;24;18;26;21;24;708
110149;1498;51;46;53;37;59;50;100;46;51;46;55;89;2181
110150;1262;52;36;58;24;43;42;54;47;56;43;53;35;1805
110155;498;11;15;14;9;13;9;11;19;12;10;11;10;642
110160;923;74;19;33;22;30;25;21;26;23;32;44;45;1317
110170;1172;34;34;34;20;20;31;27;28;27;22;29;30;1508
110175;709;5;34;16;22;16;18;16;30;16;30;20;30;962
110180;711;20;8;4;11;10;7;13;27;17;9;16;57;910
119999;0;0;0;0;0;0;0;0;0;0;0;0;0;0
120001;891;17;20;31;20;20;19;31;24;23;29;42;16;1183
120005;504;12;6;16;8;3;13;94;4;4;9;21;25;719
120010;2216;41;56;71;65;49;87;55;51;43;46;54;99;2933
120013;1646;182;40;87;95;84;58;137;76;67;45;90;34;2641
120017;621;8;15;17;21;12;35;6;21;12;26;13;8;815
120020;8340;163;195;188;246;190;196;181;185;188;206;322;207;10807
120025;1469;32;39;39;36;54;34;34;36;72;36;44;17;1942
120030;1680;29;57;38;58;61;28;28;29;65;32;38;303;2446
120032;500;0;3;1;1;0;0;1;1;0;0;2;1;510
120033;874;15;6;12;17;8;18;8;8;13;20;57;91;1147
120034;826;30;10;92;34;11;16;41;11;25;36;186;112;1430
120035;1288;3;3;19;1;3;28;6;3;6;21;1;91;1473
120038;1199;11;23;45;24;15;24;36;20;19;22;21;16;1475
120039;612;1;2;4;0;0;6;9;3;3;2;52;28;722
120040;99316;3436;2780;3273;2375;3270;2433;2585;2721;2284;2362;2278;5340;134453
120042;849;0;2;1;1;0;0;0;5;3;2;1;19;883
120043;261;0;0;1;0;0;1;0;0;0;1;0;0;264
120045;2177;56;47;99;68;49;50;61;92;45;62;50;68;2924
120050;2001;37;178;61;68;74;75;55;58;98;90;75;352;3222
120060;2136;23;45;79;77;71;28;33;36;43;56;231;89;2947
120070;832;19;23;19;12;19;23;21;13;18;34;23;7;1063
120080;1053;20;23;37;45;27;27;18;17;24;24;25;19;1359
129999;0;0;0;0;0;0;0;0;0;0;0;0;0;0
130002;808;3;3;1;4;8;3;1;3;5;6;1;215;1061
130006;484;0;2;2;21;3;0;1;6;0;6;1;9;535
130008;468;1;0;4;32;3;5;1;2;5;1;24;125;671
130010;637;0;0;1;6;6;3;4;8;2;1;1;90;759
130014;933;14;41;14;7;14;8;5;5;10;8;45;13;1117
130020;1279;4;3;15;10;22;15;7;12;13;7;107;2;1496
130030;1794;14;7;13;30;14;8;26;16;8;6;98;222;2256
130040;927;12;6;23;18;15;10;5;8;14;5;302;8;1353
130050;889;1;6;4;3;1;3;6;4;9;6;5;6;943
130060;2131;9;166;41;76;22;15;39;14;22;12;9;128;2684
130063;950;0;0;2;0;1;4;0;1;54;24;14;3;1053
130068;650;0;1;1;0;1;0;1;3;3;0;3;3;666
130070;2160;26;16;40;14;23;34;31;28;36;30;171;225;2834
130080;1927;301;24;30;37;20;15;12;4;4;8;12;395;2789
130083;959;0;0;1;0;0;0;0;0;0;0;0;0;960
130090;505;2;1;1;1;2;2;1;3;4;0;0;0;522
130100;1437;2;5;7;7;3;3;5;3;6;1;3;1;1483
130110;1225;7;5;20;14;33;15;18;21;5;81;40;240;1724
130115;958;40;11;7;5;4;27;6;5;10;34;11;35;1153
130120;5345;41;62;39;33;29;50;51;37;19;20;39;79;5844
130130;1013;5;9;4;1;2;3;7;0;3;4;4;178;1233
130140;1601;0;3;2;4;7;6;4;5;5;7;6;33;1683
130150;956;0;4;2;1;4;5;7;6;3;2;1;148;1139
130160;1681;2;0;1;20;0;1;2;1;1;1;0;1;1711
130165;697;4;1;3;3;1;2;2;0;1;3;5;49;771
130170;2861;109;50;56;86;125;52;69;53;146;60;70;452;4189
130180;334;0;0;2;0;0;3;0;0;1;0;1;2;343
130185;4435;95;97;72;108;112;107;124;95;119;94;78;728;6264
130190;9251;368;224;241;166;378;209;208;183;232;221;863;679;13223
130195;377;0;0;2;2;0;0;0;0;0;0;0;0;381
130200;433;1;0;3;2;5;5;2;3;2;0;28;162;646
130210;473;0;0;0;3;0;0;0;0;0;0;0;0;476
130220;29;0;0;0;0;1;0;0;1;0;1;0;0;32
130230;64;1;0;2;3;0;1;0;0;1;1;0;0;73
130240;2031;14;18;12;8;9;8;17;15;14;20;13;24;2203
130250;5096;133;140;196;107;130;107;140;731;155;88;96;409;7528
130255;1487;1;13;10;14;14;14;16;29;12;12;12;7;1641
130260;485033;14164;14284;16951;14147;15056;14734;14095;14733;13789;14411;13969;17433;662799
130270;1517;34;20;28;49;18;13;17;12;19;17;23;72;1839
130280;435;2;2;3;3;4;2;0;1;1;2;15;180;650
130290;3287;23;30;88;58;90;54;44;28;26;48;70;32;3878
130300;720;4;5;19;1;4;7;3;3;3;81;98;171;1119
130310;1273;8;5;9;8;9;4;12;4;7;3;10;551;1903
130320;1176;9;7;31;8;43;10;13;11;9;15;3;43;1378
130330;648;1;9;6;3;7;8;7;3;10;1;72;159;934
130340;5502;168;123;296;109;203;85;91;80;102;98;98;1311;8266
130350;904;0;0;2;3;1;0;0;2;1;2;2;0;917
130353;5691;235;562;154;152;286;475;193;536;125;141;499;497;9546
130356;1679;8;19;27;21;24;18;31;24;28;26;19;43;1967
130360;986;2;2;0;1;0;1;2;0;8;3;8;5;1018
130370;1089;9;5;13;1;5;0;3;3;3;1;1;203;1336
130380;2126;14;28;38;24;24;103;26;29;31;17;33;25;2518
130390;1942;2;0;1;0;1;2;0;2;2;2;1;0;1955
130395;522;1;2;10;5;7;4;1;2;2;4;3;59;622
130400;435;6;1;3;9;4;2;3;6;70;1;4;6;550
130406;2870;39;35;69;51;37;77;38;34;34;73;29;126;3512
130410;718;0;2;0;0;0;0;0;0;1;0;1;3;725
130420;4024;2532;86;144;116;121;182;100;71;59;88;101;2736;10360
130423;727;2;0;5;2;2;2;8;0;0;1;0;338;1087
130426;398;27;32;16;11;54;13;16;105;8;10;12;852;1554
130430;660;4;2;0;3;4;0;3;5;3;2;3;347;1036
130440;671;3;18;11;3;14;5;2;4;1;2;43;115;892
139999;0;0;0;0;0;0;0;0;0;0;0;0;0;0
140002;791;9;2;9;1;14;9;11;9;5;9;5;17;891
140005;909;16;8;11;14;18;17;15;20;16;16;18;61;1139
140010;88216;1855;1947;2138;1962;1973;2041;2113;2264;1837;2268;2063;2515;113192
140015;1053;21;32;24;14;18;17;18;7;15;19;22;28;1288
140017;1385;22;24;28;29;130;35;37;34;26;30;35;24;1839
140020;1485;16;27;48;77;22;25;17;17;30;27;17;27;1835
140023;483;1;6;5;8;8;5;23;11;22;51;10;62;695
140028;259;5;16;211;11;7;10;20;9;7;44;3;346;948
140030;885;15;28;40;18;21;27;20;35;115;39;33;315;1591
140040;703;0;3;7;36;6;18;56;11;22;10;17;2;891
140045;537;9;13;13;32;16;7;12;22;10;11;47;136;865
140047;2377;69;69;85;143;86;98;119;101;65;69;92;141;3514
140050;550;10;16;13;8;13;16;11;19;7;13;17;130;823
140060;558;3;5;1;9;6;6;2;5;4;8;5;6;618
140070;186;2;1;3;4;4;8;2;5;3;1;20;81;320
149999;0;0;0;0;0;0;0;0;0;0;0;0;0;0
150010;11529;195;139;216;186;255;565;171;157;157;201;233;235;14239
150013;605;10;7;10;14;10;16;5;10;7;6;12;14;726
150020;4279;209;176;111;101;149;500;143;64;64;64;83;448;6391
150030;2453;4;8;64;10;13;14;14;12;6;27;13;9;2647
150034;2048;74;85;92;78;104;334;92;74;83;99;102;505;3770
150040;2971;10;11;18;43;93;29;21;14;23;75;12;16;3336
150050;4004;167;98;157;86;526;289;55;79;82;257;97;541;6438
150060;15589;1393;1760;966;870;1170;1077;713;764;581;708;919;2248;28758
150070;1223;13;10;14;6;6;7;36;4;12;1;1;481;1814
150080;64764;2356;1885;2270;1868;1856;2779;1732;2318;2000;1974;2057;2178;90037
150085;1731;30;37;126;42;50;270;51;50;27;53;49;331;2847
150090;1941;19;16;14;17;10;648;13;8;18;16;12;621;3353
150095;1659;34;23;18;12;24;352;21;18;15;140;165;22;2503
150100;345;2;0;17;6;1;3;2;0;2;21;0;39;438
150110;622;0;2;1;1;4;0;1;0;2;3;0;0;636
150120;1868;10;11;15;9;11;163;18;16;16;13;12;186;2348
150125;564;36;38;33;37;27;48;34;34;43;35;32;41;1002
150130;23108;907;1143;1025;867;1048;825;724;955;718;867;770;1072;34029
150140;398223;9542;10038;10126;9237;8947;10126;9548;10513;9242;9663;9442;10409;515056
150145;1348;40;13;21;17;24;21;21;32;20;20;84;17;1678
150150;9782;268;255;336;261;389;360;248;236;294;299;243;1108;14079
150157;1196;25;22;38;38;40;34;30;35;28;50;26;53;1615
150160;1612;12;15;12;12;69;83;69;25;39;52;19;14;2033
150170;7143;171;87;130;101;127;399;132;104;101;187;104;415;9201
150172;1027;50;23;36;41;22;27;29;29;28;56;376;60;1804
150175;666;8;8;10;12;9;14;11;11;16;6;10;13;794
150178;3498;149;103;77;68;57;89;90;62;41;79;75;261;4649
150180;6558;118;115;222;103;105;86;115;185;69;142;64;111;7993
150190;1376;14;21;14;5;7;11;10;27;7;15;8;464;1979
150195;654;2;11;5;13;35;177;8;9;4;8;20;246;1192
150200;970;12;11;15;9;5;48;5;10;30;15;47;20;1197
150210;6656;34;62;77;51;56;55;46;43;76;77;80;123;7436
150215;11373;1035;1367;953;1180;921;840;642;934;697;454;467;644;21507
150220;7455;232;123;177;148;181;269;176;167;165;166;176;201;9636
150230;2358;41;97;72;118;57;42;35;50;35;57;70;952;3984
150240;30135;1014;910;1015;944;904;890;711;897;834;793;755;3592;43394
150250;791;9;9;12;9;10;202;5;5;35;7;6;652;1752
150260;582;1;1;1;1;4;29;1;3;2;0;2;4;631
150270;4115;126;86;97;104;144;202;285;112;112;194;107;199;5883
150275;2883;42;24;19;37;28;38;46;15;26;26;35;55;3274
150276;1555;76;85;99;122;86;182;91;86;81;92;180;194;2929
150277;2552;123;54;83;59;73;118;83;201;412;399;309;442;4908
150280;1636;0;1;4;4;3;2;1;1;4;2;10;1;1669
150285;870;1;0;1;13;38;25;31;6;2;3;18;154;1162
150290;1666;9;13;19;25;10;14;6;19;59;18;13;56;1927
150293;4955;183;140;172;149;175;207;198;314;165;229;132;514;7533
150295;1756;72;53;75;43;100;102;46;75;54;90;40;401;2907
150300;571;0;2;1;1;2;7;0;2;1;2;2;23;614
150304;1055;32;27;21;17;37;22;19;28;24;18;23;22;1345
150307;1234;3;4;7;3;3;29;7;5;10;73;13;4;1395
150309;3058;85;72;86;79;57;65;834;55;65;60;75;88;4679
150310;1648;21;8;30;89;23;450;31;48;47;66;494;130;3085
150320;2330;48;57;42;33;38;25;40;37;35;29;27;25;2766
150330;3817;36;49;32;14;15;5;11;35;17;20;33;79;4163
150340;931;41;10;7;13;14;14;22;16;41;5;18;45;1177
150345;2276;35;108;33;24;23;28;35;59;70;60;26;1433;4210
150350;1138;20;10;13;13;18;9;9;4;13;6;24;371;1648
150360;11226;410;298;305;319;315;353;369;321;318;347;311;1282;16174
150370;3110;31;59;53;33;55;47;416;47;46;48;107;71;4123
150375;1350;29;40;66;61;50;45;90;168;300;186;164;971;3520
150380;3509;48;70;89;52;69;112;313;76;93;48;157;760;5396
150390;4872;120;222;113;105;93;649;166;150;74;149;108;591;7412
150400;1071;0;0;0;5;0;2;0;2;0;2;6;12;1100
150405;2877;38;49;73;51;40;57;112;48;42;163;71;82;3703
150410;293;1;0;2;0;3;0;1;4;3;0;0;298;605
150420;45976;1364;1326;1443;1312;1391;1301;1463;1447;1261;1321;1170;1731;62506
150430;1945;2;4;1;1;3;5;0;3;1;3;2;7;1977
150440;1452;12;10;14;19;13;47;18;20;46;69;24;303;2047
150442;16840;440;329;454;594;535;363;271;410;432;358;405;511;21942
150445;1131;19;32;18;37;50;185;25;43;34;19;21;393;2007
150450;1000;2;1;4;4;5;9;1;0;1;1;55;361;1444
150460;1674;5;9;10;4;7;52;29;15;19;10;4;8;1846
150470;8369;186;231;261;183;231;290;407;174;198;207;262;1529;12528
150475;569;8;15;5;5;3;87;286;3;10;11;2;479;1483
150480;3056;65;19;48;21;27;100;54;26;31;35;31;58;3571
150490;987;2;1;7;5;6;21;2;3;8;2;43;45;1132
150495;837;18;19;31;9;13;159;13;11;13;5;61;171;1360
150497;899;16;23;11;17;22;17;121;21;10;8;49;141;1355
150500;872;12;7;10;7;10;6;7;4;18;8;8;6;975
150503;3626;152;130;190;151;201;158;155;162;166;149;188;721;6149
150506;4242;92;82;94;118;100;134;74;87;93;91;189;313;5709
150510;3751;38;54;66;89;47;65;52;137;44;57;116;64;4580
150520;1145;6;4;11;27;5;458;6;7;13;10;7;508;2207
150530;7191;170;195;122;137;133;293;126;115;121;151;116;807;9677
150540;520;64;6;11;15;11;2;4;76;3;5;219;2;938
150543;2729;110;114;194;301;300;300;96;183;150;106;322;447;5352
150548;3274;29;26;44;43;58;39;174;94;43;36;57;99;4016
150549;447;12;14;20;9;13;9;6;5;3;9;9;11;567
150550;19712;644;543;757;455;602;1090;885;698;596;607;710;1443;28742
150553;42945;2087;2607;2000;1827;1700;1787;5030;2051;2492;1765;2138;3439;71868
150555;594;20;22;21;24;20;49;20;16;12;8;13;186;1005
150560;496;0;1;0;2;1;2;0;0;2;1;0;13;518
150563;1172;43;34;48;22;31;25;34;43;39;45;30;283;1849
150565;783;8;6;5;10;8;128;22;13;4;22;112;85;1206
150570;1109;6;5;7;5;1;65;7;3;15;8;8;25;1264
150580;3979;55;48;22;25;19;23;10;11;18;38;56;104;4408
150590;1718;1;15;22;14;13;58;11;9;15;15;12;16;1919
150600;1850;7;7;25;61;29;12;15;32;41;11;46;116;2252
150610;647;23;7;19;9;11;66;14;19;42;5;18;184;1064
150611;582;1;4;3;1;7;5;15;7;0;9;5;6;645
150613;12719;558;455;480;395;441;495;493;434;435;465;582;1578;19530
150616;2742;105;110;107;88;108;85;71;103;72;78;82;76;3827
150618;4105;105;95;106;93;120;138;79;121;115;119;246;98;5540
150619;1729;52;43;69;40;26;55;188;71;51;48;74;504;2950
150620;3590;246;104;82;71;93;125;74;122;92;76;77;68;4820
150630;1081;24;16;13;9;9;285;10;16;7;10;9;342;1831
150635;2374;15;46;46;30;40;17;77;23;28;45;45;61;2847
150640;322;2;3;4;0;3;1;0;5;1;5;17;29;392
150650;7676;179;209;222;238;209;580;277;198;211;191;157;141;10488
150655;1025;18;7;10;19;26;90;12;12;44;91;30;254;1638
150658;1890;65;78;82;118;86;110;88;99;115;86;261;229;3307
150660;1740;25;20;34;31;30;60;23;24;33;20;32;109;2181
150670;4349;131;135;143;502;152;150;748;146;146;114;162;288;7166
150680;42185;1100;987;1234;1064;1054;1214;960;1121;1031;1003;1062;1365;55380
150690;428;1;4;7;13;6;5;2;5;6;1;7;92;577
150700;2251;30;19;42;26;26;29;58;40;129;157;41;69;2917
150710;739;7;2;9;2;3;7;12;6;4;42;16;22;871
150715;1811;13;34;24;19;34;26;24;43;20;31;18;22;2119
150720;1920;7;14;64;30;15;75;19;8;12;14;13;95;2286
150730;5534;215;218;292;469;568;247;230;295;215;225;221;554;9283
150740;864;9;41;12;12;21;177;23;14;121;78;15;383;1770
150745;3074;60;101;61;44;53;59;68;57;53;55;40;55;3780
150746;278;0;101;1;6;2;0;3;4;21;2;2;9;429
150747;1248;10;11;4;8;5;4;5;18;17;2;10;43;1385
150750;663;4;8;5;6;8;9;11;20;15;19;7;91;866
150760;4841;203;78;165;175;178;348;122;121;114;142;142;599;7228
150770;1012;10;4;12;14;10;31;7;4;7;55;13;500;1679
150775;1144;67;40;61;43;65;60;33;49;47;39;39;33;1720
150780;667;6;13;7;7;8;32;5;8;1;5;8;75;842
150790;1305;13;6;12;13;8;7;4;8;11;12;12;9;1420
150795;10801;1073;311;354;402;207;216;761;322;212;255;340;226;15480
150796;476;6;3;4;14;5;1;7;6;9;15;40;118;704
150797;1356;11;13;14;16;17;17;11;14;16;8;9;12;1514
150800;8808;330;201;239;187;182;183;223;228;153;206;223;373;11536
150803;1502;156;24;12;20;10;11;37;99;14;31;29;12;1957
150805;959;68;13;29;14;13;50;25;23;32;24;39;254;1543
150808;4431;170;190;414;156;169;682;147;228;260;190;657;486;8180
150810;11993;452;345;465;356;377;329;1303;390;271;550;355;387;17573
150812;4262;82;94;132;95;158;113;158;117;102;106;110;288;5817
150815;2530;703;51;92;69;96;163;78;96;51;87;167;559;4742
150820;2667;44;16;60;44;28;465;61;43;46;483;70;391;4418
150830;1859;16;19;16;12;14;394;26;13;11;9;24;914;3327
150835;2803;317;89;243;61;99;82;117;478;933;87;87;1435;6831
150840;7886;325;308;348;308;329;572;332;360;271;354;438;696;12527
159999;0;0;0;0;0;0;0;0;0;0;0;0;0;0
160005;353;13;4;5;4;5;4;8;4;9;7;9;10;435
160010;789;12;28;18;9;21;8;22;27;12;22;16;26;1010
160015;2000;24;21;28;17;40;24;34;40;443;30;53;119;2873
160020;530;3;7;5;13;15;19;5;6;7;36;56;27;729
160021;379;1;1;2;0;0;0;0;2;1;0;2;1;389
160023;724;8;7;16;3;9;6;52;9;10;2;7;10;863
160025;277;1;0;2;0;3;3;3;1;2;1;0;0;293
160027;1753;25;24;45;24;28;50;25;31;25;34;33;43;2140
160030;105653;2580;2931;3139;2036;2204;2483;2184;2638;2126;2167;2396;3173;135710
160040;958;11;3;5;13;9;9;6;8;9;30;17;77;1155
160050;1015;37;28;52;37;35;49;37;37;41;54;49;34;1505
160053;1650;48;40;31;27;35;49;104;52;71;267;122;149;2645
160055;324;0;0;0;0;1;1;0;0;1;0;0;0;327
160060;9598;252;185;263;148;304;684;364;277;296;264;467;647;13749
160070;956;20;27;14;11;7;17;4;18;11;12;14;51;1162
160080;591;6;21;11;7;10;41;33;7;12;10;124;200;1073
169999;0;0;0;0;0;0;0;0;0;0;0;0;0;0
170025;281;6;5;7;14;11;49;7;2;26;3;4;33;448
170030;1488;20;20;21;25;32;25;17;20;24;27;71;55;1845
170035;552;14;5;22;9;12;24;14;13;10;27;22;31;755
170040;737;5;5;11;13;12;18;11;18;15;72;18;25;960
170070;1535;32;33;41;57;59;51;41;64;33;45;45;56;2092
170100;938;43;54;45;36;39;112;358;35;46;34;23;122;1885
170105;226;2;5;3;1;1;11;4;5;2;6;5;84;355
170110;460;3;3;10;18;16;35;11;11;9;12;11;99;698
170130;436;11;6;15;11;17;49;22;13;13;12;44;52;701
170190;497;6;8;135;37;66;30;56;10;16;17;7;92;977
170200;1189;35;22;26;32;26;37;26;23;20;26;26;16;1504
170210;32034;1098;1140;1746;1019;1506;1932;1647;1124;1227;1123;1250;1875;48721
170215;449;14;12;12;9;22;49;12;12;15;7;27;74;714
170220;1999;49;56;70;401;53;70;252;75;45;53;39;340;3502
170230;749;21;12;29;19;25;18;20;17;20;13;20;56;1019
170240;1472;17;11;34;7;13;107;55;25;23;15;36;161;1976
170255;1679;113;46;42;41;56;44;39;34;39;38;45;59;2275
170270;181;1;0;1;2;1;3;3;0;3;3;1;78;277
170290;810;73;20;5;13;11;21;58;30;17;8;13;4;1083
170300;831;19;16;94;12;12;18;20;18;21;21;18;156;1256
170305;578;17;25;22;26;49;78;31;33;16;33;32;116;1056
170307;342;13;13;4;12;8;80;33;4;8;3;5;93;618
170310;493;3;9;7;6;6;16;9;8;5;4;6;55;627
170320;477;14;8;15;12;19;48;14;16;21;6;13;92;755
170330;272;5;5;12;21;13;25;2;10;8;4;41;35;453
170360;345;6;12;7;5;9;2;6;13;2;10;5;14;436
170370;589;12;9;16;12;6;45;9;13;18;13;10;103;855
170380;592;7;15;27;9;10;5;7;22;6;24;21;74;819
170382;187;0;1;0;1;0;1;4;0;0;2;1;36;233
170384;530;102;15;26;73;79;39;21;29;34;38;28;36;1050
170386;904;12;21;65;34;48;27;17;19;35;51;34;24;1291
170388;384;4;7;12;3;1;1;3;4;3;1;0;4;427
170389;230;3;3;1;0;0;2;1;1;1;2;1;34;279
170390;651;37;34;30;185;36;70;12;93;48;22;27;113;1358
170410;220;1;2;4;1;1;3;2;2;2;3;2;23;266
170460;131;1;0;1;2;4;1;2;6;2;1;9;125;285
170510;281;14;10;6;36;6;8;3;1;55;6;9;40;475
170550;3652;186;209;152;122;124;239;108;139;441;102;137;617;6228
170555;347;6;2;1;4;5;2;2;18;5;8;1;49;450
170560;272;6;6;5;4;9;3;3;2;4;5;6;95;420
170600;472;7;9;9;3;14;49;27;19;11;13;7;101;741
170610;691;22;11;17;21;24;14;12;16;13;16;22;16;895
170625;253;5;5;8;5;6;6;3;6;18;3;2;22;342
170650;902;9;12;15;11;24;29;28;34;35;49;49;136;1333
170700;1929;71;43;64;54;58;150;75;98;73;53;53;229;2950
170710;684;24;23;26;19;22;232;22;19;18;11;10;156;1266
170720;426;4;5;6;13;9;70;8;14;16;13;6;120;710
170730;744;33;27;18;27;20;21;18;22;18;18;15;20;1001
170740;379;2;4;6;4;0;2;1;3;5;2;79;28;515
170755;369;4;9;11;9;9;5;8;10;13;11;8;109;575
170765;720;11;12;12;28;32;18;34;27;8;13;23;106;1044
170770;564;7;7;17;8;8;13;47;10;12;11;9;45;758
170820;2812;50;61;131;85;134;110;99;75;78;142;108;88;3973
170825;635;10;27;8;9;15;8;12;7;11;9;13;10;774
170830;483;10;3;4;4;7;11;4;9;3;4;6;3;551
170900;677;20;3;18;18;21;16;12;39;16;13;18;130;1001
170930;3146;98;75;116;104;136;105;129;117;113;68;80;121;4408
170950;13791;522;464;477;542;527;618;1045;476;553;448;571;1883;21917
170980;213;2;3;3;2;2;3;4;2;4;5;4;29;276
171050;426;7;8;6;7;6;6;16;14;10;21;8;114;649
171070;354;2;3;4;2;1;1;4;3;2;5;7;37;425
171090;304;1;1;4;7;5;9;0;1;2;1;2;64;401
171110;387;9;10;13;15;23;18;11;12;11;15;8;48;580
171150;364;4;3;3;0;1;4;1;2;0;1;3;8;394
171180;227;0;2;6;5;0;3;0;3;3;2;1;5;257
171190;1748;72;63;74;121;174;180;88;60;109;73;113;98;2973
171195;226;5;1;3;0;5;18;3;2;4;3;0;36;306
171200;626;20;21;15;11;10;28;18;16;31;14;58;162;1030
171215;211;0;1;1;0;0;24;0;0;2;1;1;0;241
171240;180;1;0;0;1;0;1;0;5;1;2;2;36;229
171245;277;2;4;9;5;2;6;2;2;3;3;3;28;346
171250;669;13;14;20;25;19;73;33;32;27;11;16;96;1048
171270;404;11;7;13;18;12;10;17;6;10;7;10;60;585
171280;276;1;3;1;0;2;6;6;1;5;2;2;32;337
171320;1756;60;74;57;34;44;146;154;39;38;38;73;460;2973
171330;1262;63;30;31;33;30;37;96;21;29;46;27;161;1866
171360;885;25;47;38;26;35;24;27;41;29;25;32;29;1263
171370;181;3;5;5;5;5;3;4;14;11;9;7;96;348
171380;303;1;1;1;0;1;1;4;8;3;6;24;47;400
171395;358;11;13;6;10;17;6;5;13;17;11;9;84;560
171420;882;11;13;13;78;14;20;19;19;20;33;15;56;1193
171430;290;6;10;4;8;3;11;2;7;3;3;27;26;400
171488;1243;24;20;24;25;29;130;41;22;25;37;56;177;1853
171500;269;2;3;9;4;3;2;0;0;2;1;4;7;306
171510;400;16;9;0;1;5;5;8;2;7;8;7;1;469
171515;209;7;1;0;1;3;14;5;0;0;2;2;3;247
171525;270;4;2;2;2;1;3;1;1;4;5;6;5;306
171550;126;1;1;1;1;2;41;3;4;6;10;0;61;257
171570;407;12;18;13;6;4;192;17;28;41;15;11;155;919
171575;838;28;10;21;19;15;68;18;70;22;34;28;77;1248
171610;8327;407;302;314;322;285;308;288;384;572;300;478;1238;13525
171620;599;6;9;14;9;7;13;110;15;9;14;5;292;1102
171630;376;6;9;21;18;6;12;15;16;10;8;19;68;584
171650;2403;44;99;47;51;62;119;55;58;62;35;49;324;3408
171660;1289;22;56;40;53;30;115;34;44;28;37;193;174;2115
171665;389;6;13;15;18;11;58;22;14;7;4;30;54;641
171670;928;37;27;27;23;20;94;54;23;15;32;28;148;1456
171700;315;1;8;21;3;1;6;1;0;0;2;1;6;365
171720;535;14;18;12;23;19;136;18;10;19;17;13;107;941
171750;659;13;24;23;20;15;20;26;33;20;26;37;281;1197
171780;138;1;4;3;1;3;13;0;3;5;6;3;105;285
171790;441;6;2;10;2;7;26;8;12;9;6;5;63;597
171800;226;1;3;4;3;3;12;7;2;10;3;1;51;326
171820;10048;585;427;439;412;683;417;1046;470;443;354;474;1518;17316
171830;251;1;0;1;0;0;1;0;0;2;2;0;0;258
171840;276;5;7;5;6;7;7;3;10;10;2;34;44;416
171845;344;2;2;6;4;1;7;5;19;6;27;6;17;446
171850;237;0;0;3;3;9;4;19;3;28;9;11;37;363
171855;311;2;3;1;3;1;3;3;4;3;3;1;7;345
171865;274;1;0;1;0;1;2;1;13;0;2;4;0;299
171870;198;3;2;4;2;5;2;2;10;2;1;0;59;290
171875;310;1;4;15;10;2;2;9;3;1;11;2;37;407
171880;151;8;12;2;0;1;67;4;7;3;7;9;102;373
171884;387;12;8;14;7;15;14;18;8;8;17;11;41;560
171886;839;29;27;19;38;31;42;55;36;20;27;23;38;1224
171888;256;6;2;2;3;10;18;10;7;7;4;12;34;371
171889;371;16;11;22;7;18;11;39;22;15;10;11;28;581
171890;426;13;4;6;9;13;48;11;3;9;33;12;95;682
171900;231;0;2;2;6;6;1;4;4;4;3;13;2;278
172000;130;1;13;56;3;5;106;2;5;2;1;1;107;432
172010;548;8;39;13;16;11;32;43;13;18;7;4;89;841
172015;116;0;2;1;0;1;2;1;0;0;2;1;93;219
172020;654;7;5;11;14;10;11;10;21;9;13;19;93;877
172025;277;6;1;1;3;1;3;4;2;9;7;2;35;351
172030;284;1;4;2;5;6;2;2;5;5;14;2;68;400
172049;465;12;3;15;22;12;45;16;4;15;7;6;38;660
172065;549;4;5;6;21;22;11;15;20;7;14;3;20;697
172080;615;2;1;7;8;5;3;6;3;5;1;5;6;667
172085;327;2;2;3;5;8;7;3;5;12;1;6;10;391
172090;1083;13;17;19;15;17;23;147;8;22;48;34;72;1518
172093;228;1;0;1;0;1;0;0;0;3;1;2;2;239
172097;470;23;4;11;8;12;10;9;15;10;12;12;42;638
172100;132783;4880;4923;3973;3182;3647;3504;3442;3626;3226;4571;3289;3983;179029
172110;380;11;14;15;7;9;10;9;9;60;7;4;145;680
172120;2108;31;67;61;49;50;62;89;54;66;35;71;196;2939
172125;181;5;1;6;5;3;0;8;11;3;11;55;68;357
172130;201;1;0;2;2;2;2;3;0;5;4;2;78;302
172208;744;8;33;18;22;20;34;18;12;26;22;37;55;1049
172210;1528;26;35;49;20;21;26;33;30;25;23;22;20;1858
179999;0;0;0;0;0;0;0;0;0;0;0;0;0;0
210005;15577;1052;560;1425;577;542;667;567;767;471;362;637;1796;25000
210010;258;1;0;1;0;0;1;0;1;1;0;0;0;263
210015;413;0;3;2;2;3;0;0;0;0;2;1;4;430
210020;1662;15;81;4;1;2;5;67;5;1;3;5;9;1860
210030;1175;9;3;8;5;3;1;10;4;6;837;300;3;2364
210040;336;0;14;0;3;1;4;3;4;1;2;2;4;374
210043;840;11;11;14;8;8;11;16;9;25;10;25;11;999
210047;994;1;2;0;3;3;3;5;2;2;4;3;2;1024
210050;1113;20;15;18;22;30;11;10;15;16;8;9;54;1341
210055;250;1;0;1;2;0;0;2;0;0;0;0;0;256
210060;1325;9;36;7;12;26;11;20;17;14;6;11;11;1505
210070;804;2;6;7;8;2;3;5;3;4;2;4;3;853
210080;706;25;7;7;10;7;8;10;3;25;31;9;225;1073
210083;574;3;1;1;1;0;1;1;3;0;1;2;0;588
210087;262;0;0;0;0;0;0;0;0;1;0;1;0;264
210090;2042;18;6;16;11;7;13;8;13;18;17;16;39;2224
210095;263;4;7;4;7;6;4;6;12;5;3;5;5;331
210100;1604;7;4;17;6;15;6;3;10;8;8;9;19;1716
210110;508;2;7;16;13;2;6;11;1;1;1;4;1;573
210120;8610;187;204;160;151;167;186;165;203;201;136;176;297;10843
210125;1848;66;96;148;148;44;23;46;35;38;72;39;64;2667
210130;806;1;0;6;0;0;0;0;1;3;0;1;0;818
210135;282;0;1;1;0;1;2;0;0;1;0;27;23;338
210140;17879;687;559;619;693;745;642;513;597;644;537;945;899;25959
210150;1166;69;28;31;26;21;14;17;43;23;12;14;11;1475
210160;4873;115;90;107;98;99;140;125;93;92;93;120;103;6148
210170;2783;47;24;37;32;37;27;44;53;55;19;30;32;3220
210173;527;4;1;3;1;3;4;3;2;3;0;3;3;557
210177;318;8;4;3;12;10;2;8;3;5;2;6;7;388
210180;298;4;6;3;3;6;4;3;3;2;2;1;2;337
210190;740;0;1;4;1;0;2;1;1;0;2;1;1;754
210193;194;0;0;4;2;2;1;0;2;1;1;0;4;211
210197;451;2;1;3;0;6;6;11;1;2;0;2;28;513
210200;1620;15;17;21;17;10;8;12;23;18;16;13;24;1814
210203;1336;12;22;20;26;27;22;12;13;10;21;14;16;1551
210207;64;2;0;1;3;1;1;3;2;2;2;2;2;85
210210;997;14;7;15;12;7;13;10;12;12;10;21;10;1140
210215;211;0;1;0;0;0;0;1;0;5;0;1;0;219
210220;976;7;10;6;12;9;6;16;19;11;7;15;14;1108
210230;770;21;16;14;35;36;17;25;75;96;46;12;27;1190
210232;2905;35;57;113;60;82;416;94;49;56;32;54;1484;5437
210235;513;1;2;2;4;1;0;3;1;2;4;1;16;550
210237;274;0;0;0;0;0;0;1;0;0;0;0;1;276
210240;316;0;0;1;6;4;0;0;0;0;0;0;0;327
210250;717;1;0;0;0;1;1;0;4;0;1;0;16;741
210255;1333;26;18;19;15;34;179;123;134;160;94;1239;111;3485
210260;728;2;2;3;2;6;2;4;3;3;2;1;2;760
210270;776;4;3;12;5;5;5;5;5;1;4;3;41;869
210275;526;5;5;24;8;5;7;5;3;21;18;12;2;641
210280;2760;68;69;50;76;62;52;49;88;54;56;58;151;3593
210290;1631;12;12;14;17;14;10;19;20;37;9;7;316;2118
210300;11379;291;298;268;199;222;222;191;179;210;202;214;4218;18093
210310;325;1;0;0;0;0;0;2;0;0;0;1;1;330
210312;91;0;0;0;0;0;0;0;0;1;0;0;47;139
210315;448;0;0;0;1;1;2;12;0;0;2;0;25;491
210317;523;2;2;1;0;0;2;3;7;3;5;7;138;693
210320;4498;51;50;74;40;61;77;49;53;63;40;69;72;5197
210325;887;16;14;15;11;10;9;17;10;18;10;11;29;1057
210330;8887;139;154;147;114;128;136;236;142;162;151;316;131;10843
210340;3337;179;68;80;46;42;90;123;49;1026;91;29;404;5564
210350;2411;22;27;22;19;29;35;23;36;25;24;23;27;2723
210355;878;1;3;1;8;10;3;23;7;0;1;2;0;937
210360;3012;50;29;42;19;36;29;34;34;40;28;40;530;3923
210370;1316;7;2;9;6;7;1;6;6;5;3;6;22;1396
210375;2157;55;62;54;59;217;99;82;85;79;19;115;26;3109
210380;1620;42;30;44;30;50;36;37;33;57;66;73;63;2181
210390;404;1;0;1;2;1;0;6;2;2;28;200;90;737
210400;1321;7;5;15;4;1;4;5;2;3;8;1;1;1377
210405;3402;53;93;94;83;73;100;141;78;93;53;121;155;4539
210407;418;1;0;2;1;1;4;0;0;0;3;0;1;431
210408;417;3;5;8;4;5;12;13;6;10;14;21;11;529
210409;736;3;6;13;3;4;2;6;3;6;0;3;6;791
210410;700;3;5;6;14;10;17;15;13;10;10;13;35;851
210420;485;1;0;0;3;3;3;0;1;2;1;5;1;505
210430;660;2;2;5;5;9;85;66;22;3;8;17;13;897
210440;614;1;2;6;5;1;2;2;3;1;2;3;2;644
210450;329;3;4;2;3;1;1;1;1;1;2;1;0;349
210455;1846;26;35;69;41;42;51;43;48;76;56;46;38;2417
210460;546;1;4;3;3;1;3;2;3;0;1;1;4;572
210462;392;0;0;1;1;3;1;0;0;0;0;0;0;398
210465;258;2;1;3;0;2;0;7;3;1;0;0;2;279
210467;1262;6;7;12;10;9;6;7;11;10;6;10;25;1381
210470;217;1;0;0;0;0;0;1;1;1;0;0;0;221
210480;6150;182;175;143;139;181;249;278;163;126;154;277;504;8721
210490;480;2;0;6;0;0;1;1;3;0;0;1;9;503
210500;1885;4;12;4;9;5;5;7;2;5;5;3;6;1952
210510;714;2;2;0;0;4;1;2;2;1;2;1;1;732
210515;899;22;13;23;11;14;11;27;8;3;9;3;109;1152
210520;458;7;3;3;4;6;2;1;6;4;1;5;3;503
210530;53260;1441;1624;1790;1340;1801;1705;1723;1747;1728;1439;1854;2421;73873
210535;220;2;1;0;0;0;0;0;0;0;1;0;9;233
210540;5047;84;115;117;90;76;92;64;119;122;765;65;145;6901
210542;2430;49;64;74;51;72;57;103;82;43;89;59;33;3206
210545;387;0;0;0;0;0;0;0;0;0;0;0;1;388
210547;519;1;0;0;0;0;0;0;0;1;0;0;1;522
210550;1587;10;19;61;36;26;10;24;19;25;27;16;29;1889
210560;557;0;3;0;2;1;1;1;1;2;0;0;0;568
210565;288;1;1;5;0;1;4;4;5;7;0;5;0;321
210570;2425;32;29;25;31;17;19;26;37;19;31;20;18;2729
210580;358;5;0;0;0;0;1;0;0;1;1;1;0;367
210590;637;4;1;6;1;3;3;0;2;2;2;3;1;665
210592;416;3;0;2;1;0;0;0;1;1;0;1;1;426
210594;481;3;1;2;3;2;0;6;2;1;1;2;3;507
210596;453;3;1;4;1;3;2;4;1;6;1;0;1;480
210598;269;4;4;5;1;3;1;3;3;2;5;0;4;304
210600;610;3;1;4;3;6;4;3;3;5;5;6;5;658
210610;1225;12;11;19;23;18;23;14;17;15;12;14;29;1432
210620;427;0;0;2;1;0;1;1;0;0;0;2;6;440
210630;888;27;47;3;1;3;9;5;16;4;2;43;6;1054
210632;981;8;11;13;10;14;13;11;15;10;10;7;67;1170
210635;206;1;1;0;0;0;1;1;0;0;0;0;2;212
210637;370;0;0;1;0;1;6;5;12;3;2;2;248;650
210640;566;42;7;1;2;1;3;5;3;5;3;4;205;847
210650;1062;4;3;9;1;2;7;4;16;5;7;4;8;1132
210660;1484;5;8;4;6;5;5;7;11;4;8;10;254;1811
210663;492;2;0;2;1;2;2;4;11;3;27;3;191;740
210667;344;0;0;0;0;0;0;0;0;0;0;0;0;344
210670;840;9;3;0;4;6;0;5;2;2;2;3;2;878
210675;1093;15;20;27;18;16;11;23;15;18;15;9;174;1454
210680;463;1;3;3;1;2;3;1;2;1;0;0;3;483
210690;1275;10;3;1;0;2;3;2;3;2;1;2;1;1305
210700;393;2;0;6;3;0;4;1;1;2;1;3;2;418
210710;812;3;2;4;3;5;9;5;3;3;3;12;6;870
210720;343;2;0;0;0;0;0;0;0;1;1;2;7;356
210725;368;0;1;1;2;0;2;0;1;1;0;0;0;376
210730;247;0;0;0;0;2;0;1;3;1;3;2;0;259
210735;311;0;3;2;1;3;2;3;2;5;1;2;2;337
210740;1219;4;8;5;9;3;8;5;6;9;3;1;5;1285
210745;524;1;0;0;1;0;0;2;0;1;1;0;0;530
210750;5289;176;108;153;139;165;124;146;153;230;171;150;169;7173
210760;786;0;0;1;1;0;0;0;0;0;0;0;2;790
210770;821;3;1;7;5;26;10;8;10;9;5;7;54;966
210780;2064;52;9;10;8;23;8;10;5;13;12;9;11;2234
210790;625;6;8;7;3;9;4;8;3;5;4;5;7;694
210800;900;4;5;11;3;8;4;7;14;9;12;11;13;1001
210805;940;13;11;43;32;51;25;15;148;16;176;37;243;1750
210810;861;4;5;10;0;10;1;9;1;8;12;10;11;942
210820;5147;114;90;101;60;90;81;89;126;154;81;98;276;6507
210825;39;0;0;0;3;1;0;2;1;0;1;0;0;47
210830;1113;1;10;2;6;2;7;0;4;7;2;3;2;1159
210840;454;0;0;1;0;1;0;0;1;0;0;1;0;458
210845;1055;15;38;19;25;12;4;7;39;16;31;20;15;1296
210850;1890;21;15;20;17;19;21;21;19;15;11;15;17;2101
210860;4707;87;65;84;79;63;65;70;84;77;49;49;105;5584
210870;1345;6;6;1;5;13;26;28;10;8;2;7;9;1466
210880;581;1;1;4;2;0;6;3;3;1;6;3;0;611
210890;794;4;8;9;10;8;14;6;5;5;6;5;4;878
210900;2373;51;50;56;62;47;46;49;50;86;25;37;71;3003
210905;255;0;0;0;0;0;0;0;0;0;1;7;22;285
210910;4003;140;97;89;65;81;68;75;87;95;55;104;155;5114
210920;398;0;0;0;1;1;0;1;0;1;2;1;5;410
210923;442;1;0;1;1;2;0;2;0;0;1;3;121;574
210927;515;1;1;0;3;1;1;2;1;0;1;1;2;529
210930;692;2;2;3;1;7;17;7;7;4;1;62;64;869
210940;273;0;0;0;2;0;0;0;0;0;0;0;0;275
210945;1434;49;31;47;44;28;27;31;38;41;34;42;45;1891
210950;1424;20;39;42;59;70;36;31;31;30;21;16;204;2023
210955;561;6;6;7;13;18;17;5;11;9;29;7;17;706
210960;2213;52;37;63;61;40;51;42;50;45;37;25;66;2782
210970;712;30;17;7;38;40;14;11;14;6;8;12;31;940
210975;290;1;0;0;2;1;0;4;0;0;0;4;0;302
210980;1535;10;10;11;7;11;12;19;9;6;17;72;107;1826
210990;10138;330;242;390;264;262;236;270;311;180;223;225;299;13370
211000;3750;43;29;38;23;35;31;35;42;45;45;36;48;4200
211003;1626;24;30;17;5;12;23;38;21;16;32;25;14;1883
211010;912;3;7;3;7;4;6;9;5;7;3;6;6;978
211020;1556;26;17;35;15;49;20;21;22;22;20;42;28;1873
211023;220;1;1;5;0;1;0;0;1;4;1;0;2;236
211027;504;3;0;0;0;0;0;0;1;0;0;0;1;509
211030;1071;5;19;21;9;13;9;9;25;7;5;8;3;1204
211040;651;2;0;6;4;4;9;7;0;7;4;8;12;714
211050;1205;16;7;17;3;11;10;3;9;10;6;4;10;1311
211060;1235;10;15;13;8;9;10;10;17;10;11;6;9;1363
211065;483;5;4;13;2;30;9;7;4;4;4;5;4;574
211070;1203;20;14;9;11;10;7;8;10;8;9;6;9;1324
211080;339;7;3;5;5;8;5;1;4;7;1;9;16;410
211085;515;5;9;8;8;9;9;10;15;9;7;7;14;625
211090;533;1;2;1;1;2;0;1;0;2;0;3;1;547
211100;515;1;2;5;0;1;3;2;0;4;0;1;1;535
211102;41;0;10;14;3;9;0;3;0;0;1;1;0;82
211105;720;2;9;2;2;3;3;7;2;3;2;9;9;773
211107;433;1;7;0;0;0;0;2;0;2;3;0;2;450
211110;2016;41;62;41;42;49;42;44;54;38;37;48;189;2703
211120;17506;543;527;586;510;539;455;469;560;704;542;567;725;24233
211125;176;0;0;1;1;0;1;1;0;0;0;1;0;181
211130;329753;7666;8551;8905;8998;7676;7612;8106;9047;8749;6972;7813;9388;429236
211140;392;14;12;7;6;11;5;5;4;10;4;5;8;483
211150;1904;34;16;33;25;21;25;24;23;20;28;29;51;2233
211153;524;5;5;4;7;15;2;6;6;5;3;5;14;601
211157;236;1;1;4;0;3;3;3;2;2;3;24;111;393
211160;2612;51;40;185;63;316;151;132;70;47;49;67;163;3946
211163;299;0;3;0;2;1;0;0;0;0;0;2;0;307
211167;327;0;0;0;0;0;0;0;0;0;0;0;1;328
211170;692;4;1;2;0;0;1;3;4;4;1;3;4;719
211172;466;0;0;1;0;0;0;0;0;0;3;22;19;511
211174;249;2;1;2;1;1;0;0;3;3;0;1;1;264
211176;926;7;4;9;7;11;6;4;12;14;12;24;5;1041
211178;549;6;0;0;0;0;1;0;0;0;0;0;0;556
211180;979;15;14;21;68;20;330;22;16;32;17;36;440;2010
211190;406;5;3;4;2;8;4;6;5;6;0;6;7;462
211195;243;1;0;2;3;1;0;0;1;1;1;15;6;274
211200;1627;88;30;55;83;150;86;51;55;101;109;95;226;2756
211210;605;13;5;7;6;6;2;4;1;4;6;0;9;668
211220;13102;311;236;323;256;325;327;269;287;275;259;313;600;16883
211223;1469;11;14;13;18;11;12;14;15;14;5;23;33;1652
211227;299;0;2;2;1;3;1;0;1;3;1;1;2;316
211230;557;12;11;24;24;19;26;24;105;18;9;14;15;858
211240;1330;6;3;7;5;0;0;0;1;2;0;4;2;1360
211245;543;2;7;9;2;1;1;2;1;0;2;2;108;680
211250;4086;11;20;21;17;12;18;10;32;22;17;9;21;4296
211260;1238;115;15;73;38;28;23;35;27;13;17;9;12;1643
211270;2415;13;17;32;15;18;11;14;16;12;17;22;18;2620
211280;1977;38;39;18;37;32;30;30;37;67;18;33;9;2365
211285;1138;658;98;66;39;106;39;205;66;49;37;200;27;2728
211290;1673;448;38;24;7;15;20;9;19;11;3;26;28;2321
211300;1642;10;6;11;17;26;11;15;20;40;13;11;25;1847
211400;2741;46;25;22;13;26;30;17;19;31;16;30;20;3036
219999;0;0;0;0;0;0;0;0;0;0;0;0;0;0
220005;314;3;4;0;0;1;3;3;0;1;1;1;1;332
220010;141;0;0;0;0;0;0;0;0;1;0;0;0;142
220020;1536;32;46;39;66;19;43;44;32;46;23;47;36;2009
220025;242;0;2;0;0;2;1;0;3;2;0;1;0;253
220027;237;1;2;3;1;2;3;3;2;0;2;43;0;299
220030;681;12;7;37;65;7;6;10;7;8;8;1;3;852
220040;2890;84;182;119;78;79;163;84;48;85;83;61;286;4242
220045;365;0;2;0;2;0;1;7;4;2;3;1;86;473
220050;781;11;10;6;7;3;13;5;1;4;3;14;7;865
220060;397;0;2;5;5;5;4;7;2;3;3;3;4;440
220070;374;8;2;9;8;47;3;3;8;5;2;88;82;639
220080;312;4;2;3;0;2;3;4;0;2;1;22;22;377
220090;464;32;10;8;4;3;5;1;7;7;3;0;0;544
220095;187;0;1;0;5;0;1;3;6;0;9;8;0;220
220100;222;0;0;2;0;1;0;0;1;1;0;2;0;229
220105;378;1;0;0;4;0;0;0;1;0;0;0;1;385
220110;515;0;1;2;0;4;0;0;1;2;2;4;7;538
220115;2018;102;47;45;144;128;158;99;81;54;91;36;297;3300
220117;204;0;4;8;0;3;10;0;4;3;32;0;1;269
220120;2597;34;29;19;19;33;19;24;26;14;10;18;53;2895
220130;250;11;3;5;21;9;2;10;4;2;9;9;18;353
220140;407;13;12;9;23;6;5;10;13;10;11;39;8;566
220150;1167;7;5;9;7;8;6;8;5;7;6;12;0;1247
220155;240;1;0;1;1;1;2;0;1;0;0;0;1;248
220157;176;1;1;0;0;0;1;5;0;2;0;0;0;186
220160;454;1;3;1;1;3;1;2;2;1;2;2;1;474
220170;295;2;0;0;0;3;1;1;1;2;2;1;0;308
220173;216;1;1;0;0;0;0;1;0;0;0;0;0;219
220177;382;0;4;1;2;5;0;1;2;2;37;7;7;450
220180;354;5;0;3;0;0;0;2;3;1;0;50;0;418
220190;3251;134;97;125;103;113;119;108;85;87;98;81;110;4511
220191;396;1;0;2;0;1;2;1;0;0;1;2;9;415
220192;118;0;3;1;0;2;1;3;0;0;0;0;1;129
220194;332;1;2;1;4;2;0;1;0;1;1;0;4;349
220196;329;6;1;2;2;1;8;1;4;2;2;29;7;394
220198;234;0;1;1;0;0;0;1;2;0;1;0;0;240
220200;1152;18;9;11;5;9;32;14;18;11;13;27;19;1338
220202;318;0;0;2;0;28;1;1;3;2;0;0;3;358
220205;474;7;2;3;6;4;1;1;1;1;2;7;3;512
220207;237;0;0;1;2;1;0;1;0;0;0;1;0;243
220208;745;10;10;7;8;6;15;12;10;11;47;6;7;894
220209;255;2;2;0;5;2;3;2;3;0;6;3;1;284
220210;228;0;0;0;0;0;0;0;0;0;9;9;2;248
220211;198;0;0;1;6;0;0;0;2;1;2;1;0;211
220213;307;1;0;0;1;0;1;2;0;1;4;0;0;317
220217;246;1;0;0;0;0;0;0;1;1;1;0;0;250
220220;5036;74;57;80;69;66;64;55;65;138;71;53;79;5907
220225;17;1;0;0;0;1;0;0;0;0;0;0;0;19
220230;1373;11;19;21;10;21;19;43;91;118;242;104;9;2081
220240;627;4;3;5;1;0;3;1;10;6;3;7;4;674
220245;198;2;1;2;0;20;7;1;1;0;1;13;5;251
220250;481;3;2;2;1;0;0;47;1;0;0;2;0;539
220253;219;1;0;0;1;0;0;0;0;0;0;8;1;230
220255;299;0;0;4;0;1;0;0;3;1;1;1;2;312
220260;1123;63;13;16;22;10;12;8;10;56;14;11;26;1384
220265;375;1;1;1;1;0;1;1;1;0;1;0;0;383
220270;1126;11;5;5;11;9;3;6;8;15;6;16;4;1225
220271;295;1;1;1;4;2;2;1;0;0;0;0;0;307
220272;291;0;0;2;2;1;0;0;0;1;2;3;16;318
220273;286;0;0;0;0;0;0;0;1;0;0;1;0;288
220275;338;3;15;4;2;0;2;0;0;7;4;3;4;382
220277;361;2;2;5;3;3;1;3;2;3;1;1;1;388
220280;262;0;2;3;0;0;0;0;0;2;10;5;0;284
220285;278;1;0;0;5;2;4;1;1;0;3;2;0;297
220290;2239;45;22;32;25;31;24;112;28;27;36;34;116;2771
220300;354;3;2;4;3;2;0;0;2;1;19;2;0;392
220310;654;7;3;12;4;9;9;4;2;7;5;9;3;728
220320;696;9;5;4;2;7;3;5;1;4;4;5;5;750
220323;364;17;5;10;2;14;17;7;20;13;4;4;7;484
220325;153;1;2;0;1;1;0;1;0;2;4;5;41;211
220327;358;44;36;18;52;32;82;118;69;29;5;14;7;864
220330;961;15;22;25;19;7;24;19;23;86;29;7;11;1248
220335;257;0;1;3;1;0;1;2;0;0;1;0;0;266
220340;337;1;3;4;2;6;3;3;2;4;0;1;3;369
220342;171;1;1;1;1;3;0;1;1;0;10;31;5;226
220345;234;0;0;0;0;1;1;2;0;1;0;0;0;239
220350;810;7;4;9;10;3;10;3;56;9;9;3;140;1073
220360;303;4;3;2;0;3;4;0;1;3;1;4;2;330
220370;2764;27;37;41;28;23;94;27;39;31;59;34;51;3255
220375;14;0;0;1;0;1;0;0;0;0;0;0;0;16
220380;346;2;0;1;2;0;2;0;0;0;0;0;1;354
220385;204;1;0;0;0;0;0;0;1;0;9;1;4;220
220390;9580;230;187;230;201;211;181;186;197;187;116;314;185;12005
220400;213;1;2;0;1;0;2;0;4;2;3;1;42;271
220410;238;0;0;1;0;0;2;0;0;1;7;0;0;249
220415;188;0;0;0;0;0;0;0;0;0;0;0;0;188
220420;351;0;1;0;5;1;0;1;0;0;0;0;0;359
220430;586;13;10;43;162;176;62;17;15;15;5;13;14;1131
220435;198;1;11;3;0;1;2;1;0;0;0;1;1;219
220440;734;8;8;10;7;5;5;7;10;7;6;6;11;824
220450;1014;32;18;24;24;23;13;24;24;27;25;26;29;1303
220455;205;0;0;0;0;0;0;1;0;0;0;0;0;206
220460;222;1;0;1;1;1;0;0;0;2;0;7;3;238
220465;447;1;7;2;4;1;1;4;3;0;4;5;3;482
220470;684;2;2;3;1;2;3;2;3;6;1;6;5;720
220480;363;4;0;3;5;6;8;2;7;5;3;6;3;415
220490;57;1;0;1;0;1;0;0;1;0;0;1;1;63
220500;398;3;2;1;2;2;6;3;4;7;17;0;2;447
220510;573;3;11;10;5;21;24;30;107;56;23;22;7;892
220515;286;0;1;1;2;0;1;0;1;1;0;1;0;294
220520;767;5;10;9;9;5;7;7;5;6;5;13;113;961
220525;239;1;0;0;0;0;0;1;1;0;0;1;1;244
220527;254;0;1;2;0;0;0;1;3;0;0;1;0;262
220530;480;4;1;8;28;12;4;11;6;24;17;6;55;656
220535;163;1;0;5;9;2;1;4;1;2;0;1;9;198
220540;682;8;1;2;4;6;5;7;13;11;32;8;74;853
220545;178;1;0;0;9;0;1;0;0;0;1;1;1;192
220550;2195;19;49;70;19;36;41;33;43;37;19;438;338;3337
220551;428;0;2;4;3;1;4;0;0;2;2;1;1;448
220552;384;0;0;2;1;1;7;10;0;6;11;6;1;429
220553;320;0;1;4;2;0;6;1;1;0;0;0;0;335
220554;171;0;0;0;1;0;1;0;0;0;1;0;0;174
220555;406;1;1;1;4;4;2;4;4;11;1;2;1;442
220556;279;0;0;1;14;4;0;5;1;2;7;4;0;317
220557;399;2;1;2;1;3;0;1;1;0;1;1;0;412
220558;381;9;9;15;3;15;5;4;6;3;13;3;0;466
220559;222;5;0;2;1;2;5;5;0;26;2;27;2;299
220560;312;3;2;3;4;3;0;3;0;5;0;1;0;336
220570;2786;34;23;58;70;37;149;220;52;158;68;118;222;3995
220580;1335;27;21;40;9;9;10;2;8;8;4;5;7;1485
220585;320;5;4;0;0;2;3;2;4;0;2;3;4;349
220590;205;0;0;0;4;0;1;0;1;0;2;0;0;213
220595;325;21;23;10;12;6;28;6;4;17;5;4;11;472
220600;318;6;6;4;8;7;4;10;8;5;3;4;4;387
220605;269;3;0;0;1;0;1;0;1;0;0;0;7;282
220610;590;4;7;5;30;8;4;14;7;3;1;5;0;678
220620;1148;6;9;5;9;7;4;4;10;11;3;15;74;1305
220630;136;0;1;1;3;2;2;0;55;2;2;0;33;237
220635;359;4;0;0;0;0;1;0;1;1;0;9;48;423
220640;715;20;15;9;27;12;7;13;4;7;1;8;13;851
220650;222;0;0;0;0;1;2;0;0;0;0;0;0;225
220660;841;33;30;37;30;36;88;22;10;19;7;37;42;1232
220665;211;11;0;0;1;0;0;0;0;2;6;0;1;232
220667;315;2;1;2;0;1;0;0;1;0;1;3;0;326
220669;463;5;4;3;3;2;7;3;2;3;3;38;47;583
220670;373;1;0;4;13;4;0;4;4;26;5;7;19;460
220672;717;7;1;2;0;10;5;2;8;0;6;1;7;766
220675;223;1;0;0;0;1;0;0;0;1;0;0;0;226
220680;200;0;2;1;5;1;0;1;1;0;0;0;0;211
220690;293;2;0;1;3;1;3;0;0;1;2;1;0;307
220695;171;0;2;0;0;0;1;0;0;0;1;0;0;175
220700;2962;58;52;108;64;71;65;53;42;52;78;87;59;3751
220710;90;0;0;0;0;0;0;0;1;0;1;0;0;92
220720;322;4;0;9;5;3;2;4;11;2;6;2;13;383
220730;66;0;0;0;0;1;0;1;4;2;0;0;0;74
220735;201;0;0;3;1;2;0;0;1;1;6;1;12;228
220740;174;11;3;2;0;7;21;10;3;2;0;1;1;235
220750;567;1;0;4;2;0;0;2;1;1;3;0;4;585
220755;201;1;0;0;0;0;0;0;0;0;46;63;9;320
220760;545;5;4;4;2;3;3;12;5;0;36;2;28;649
220770;19734;565;534;588;599;550;493;582;520;549;434;546;936;26630
220775;183;0;0;1;0;0;1;0;1;2;1;1;0;190
220777;269;1;1;1;3;0;1;2;1;2;3;1;4;289
220779;107;0;0;0;0;0;0;0;0;0;0;0;0;107
220780;1357;29;44;229;31;13;11;26;52;29;33;170;67;2091
220785;291;0;0;0;0;0;1;0;0;0;1;0;0;293
220790;2000;25;29;35;27;46;49;29;46;46;556;97;335;3320
220793;168;0;0;11;3;35;29;9;3;0;1;2;35;296
220795;34;0;0;0;4;4;2;0;1;1;4;0;0;50
220800;13705;333;432;440;383;371;393;314;384;362;335;496;442;18390
220810;472;1;1;0;7;2;1;10;2;4;3;102;26;631
220820;558;15;6;3;6;3;3;8;4;4;1;5;6;622
220830;1746;33;38;60;48;62;40;57;24;36;30;62;57;2293
220840;6069;74;99;83;82;184;199;349;109;87;86;80;173;7674
220850;655;5;12;2;7;8;6;8;6;1;2;1;5;718
220855;157;0;0;1;0;0;0;0;1;1;3;0;12;175
220860;155;0;6;4;0;0;2;0;1;6;0;0;0;174
220865;339;3;2;4;3;3;1;6;5;4;6;4;177;557
220870;481;3;0;3;1;3;5;2;9;9;3;46;2;567
220880;1185;21;36;27;24;19;8;8;9;9;30;28;15;1419
220885;297;2;2;3;1;5;5;5;3;1;0;2;6;332
220887;198;2;16;7;9;10;22;61;57;57;10;66;16;531
220890;465;37;7;12;25;23;30;22;7;15;12;11;291;957
220900;355;1;1;0;1;3;1;1;9;5;3;7;3;390
220910;421;1;0;1;0;1;3;1;6;16;22;5;4;481
220915;222;1;0;1;1;4;0;2;1;0;0;18;7;257
220920;347;43;9;9;16;73;26;15;34;15;22;35;42;686
220930;355;7;2;13;1;4;3;3;1;3;2;2;5;401
220935;203;0;0;0;3;0;1;1;0;12;0;9;0;229
220937;204;4;2;7;1;5;4;1;3;4;2;6;8;251
220940;436;0;7;15;9;2;2;1;0;3;0;0;1;476
220945;99;0;0;0;0;0;0;0;0;0;0;0;0;99
220950;258;4;0;3;0;2;1;0;0;9;10;10;4;301
220955;226;0;0;3;1;1;0;0;0;0;0;0;0;231
220960;220;0;0;1;2;2;4;0;0;1;0;0;0;230
220965;251;0;1;1;0;0;0;0;1;0;0;2;0;256
220970;379;1;0;7;0;1;3;0;1;0;1;5;0;398
220975;194;0;3;0;0;1;0;0;1;3;0;2;5;209
220980;236;2;0;0;0;22;2;1;2;1;4;9;1;280
220985;261;0;0;0;0;1;2;1;0;1;0;2;0;268
220987;297;0;0;0;0;1;3;1;3;1;0;0;0;306
220990;330;1;0;1;0;3;0;2;0;0;1;3;1;342
220995;202;0;0;2;3;0;0;2;0;2;1;0;0;212
220997;333;0;6;0;1;1;3;3;5;1;5;3;6;367
221000;1920;27;35;50;37;34;25;29;33;47;34;56;48;2375
221005;328;1;1;2;1;1;1;0;16;1;0;1;1;354
221010;262;31;0;0;4;1;1;0;4;64;9;2;4;382
221020;309;0;0;3;3;3;1;1;0;0;2;1;2;325
221030;279;2;1;0;0;3;0;0;2;0;1;0;1;289
221035;326;2;0;0;1;0;0;2;1;1;1;19;74;427
221037;142;1;0;0;1;0;1;0;1;0;0;0;1;147
221038;210;30;0;1;3;1;1;10;2;0;1;0;1;260
221039;171;0;0;0;0;0;1;0;0;0;2;1;0;175
221040;610;4;5;9;18;15;47;136;6;5;33;5;216;1109
221050;718;3;4;5;6;1;3;7;6;6;2;4;1;766
221060;3186;45;39;48;96;43;65;44;45;48;44;56;49;3808
221062;272;0;0;2;1;2;0;1;1;2;1;0;5;287
221063;724;7;2;9;11;17;24;11;17;30;31;104;61;1048
221065;367;3;7;2;6;2;3;2;6;0;1;0;5;404
221070;1193;89;64;14;19;4;11;76;29;30;7;22;64;1622
221080;701;9;11;10;4;11;3;20;10;21;6;55;63;924
221090;215;0;0;0;0;0;0;0;0;1;1;0;0;217
221093;468;2;2;3;8;8;0;1;2;0;1;0;3;498
221095;230;0;0;0;0;0;0;0;0;2;0;0;0;232
221097;196;6;1;0;0;1;0;1;0;0;0;1;6;212
221100;278543;6590;7383;7851;6251;5858;6565;6571;7184;6184;5967;6743;6216;357906
221110;4649;58;34;73;29;34;57;66;93;94;39;1485;120;6831
221120;4167;124;95;90;86;80;179;225;168;165;119;116;341;5955
221130;1758;14;49;21;33;27;19;17;36;28;32;54;69;2157
221135;159;1;0;0;0;1;0;0;1;0;0;0;1;163
221140;180;0;1;0;0;1;0;0;0;1;0;1;1;185
221150;122;0;0;0;0;0;0;1;0;1;0;0;0;124
221160;86;1;0;0;0;1;2;0;0;1;0;2;0;93
221170;204;0;0;1;0;0;1;1;2;28;16;7;0;260
229999;0;0;0;0;0;0;0;0;0;0;0;0;0;0
230010;958;10;14;19;19;13;13;8;22;15;5;8;7;1111
230015;2062;46;39;36;30;43;43;173;51;47;47;53;271;2941
230020;3647;54;93;103;47;45;74;38;92;45;108;81;793;5220
230030;2760;29;25;44;24;27;32;41;48;29;142;37;328;3566
230040;554;3;4;3;3;2;6;11;16;8;3;17;1;631
230050;594;3;19;3;22;55;327;49;57;14;5;17;7;1172
230060;446;6;3;1;0;0;0;2;1;0;0;112;32;603
230070;1303;21;26;73;31;25;131;49;23;24;14;26;18;1764
230075;2623;25;27;214;73;93;548;104;67;106;358;256;238;4732
230080;566;2;0;5;4;0;0;4;6;2;3;4;8;604
230090;1292;34;9;44;23;17;24;28;37;27;16;28;93;1672
230100;16608;808;521;930;604;503;517;481;667;503;579;557;476;23754
230110;9989;399;425;466;543;461;402;419;516;262;260;309;342;14793
230120;1962;36;38;72;96;46;51;32;56;58;161;80;574;3262
230125;747;3;2;1;0;6;8;60;6;11;2;66;5;917
230130;935;4;8;10;10;65;20;26;11;14;52;59;145;1359
230140;1046;4;7;12;55;14;10;5;3;12;4;8;7;1187
230150;424;0;1;5;1;4;3;391;5;6;5;24;344;1213
230160;1294;19;10;8;24;8;29;16;15;23;20;27;107;1600
230170;1213;9;12;33;26;26;213;48;14;60;17;24;451;2146
230180;427;0;4;1;6;2;0;9;2;2;3;2;3;461
230185;1499;5;8;7;6;0;5;2;11;7;19;11;17;1597
230190;9708;193;179;274;231;275;267;212;202;244;172;179;440;12576
230195;1050;36;9;145;24;29;158;31;27;245;123;143;63;2083
230200;1199;27;17;39;165;18;65;11;16;20;14;131;70;1792
230205;1073;5;3;3;2;5;4;2;3;3;1;6;5;1115
230210;3059;50;48;75;52;65;87;57;56;42;40;54;34;3719
230220;5411;74;79;82;68;95;76;77;64;90;90;88;164;6458
230230;1773;38;30;33;30;44;11;20;23;102;29;110;71;2314
230240;3213;35;46;49;52;37;47;61;41;56;33;227;178;4075
230250;5717;236;205;377;567;316;189;283;259;197;96;133;681;9256
230260;5432;66;132;129;101;158;177;128;185;83;301;162;2192;9246
230270;2122;26;12;13;10;21;17;11;13;15;7;10;39;2316
230280;6245;162;99;162;118;207;370;110;218;143;109;127;289;8359
230290;957;22;31;27;29;17;185;6;21;11;26;22;22;1376
230300;1007;56;13;14;12;4;10;12;3;6;7;3;6;1153
230310;1028;9;8;67;12;8;10;11;7;6;12;15;35;1228
230320;1797;20;20;86;32;16;71;25;24;23;25;23;148;2310
230330;767;12;34;49;7;17;17;18;17;15;14;16;193;1176
230340;996;2;6;11;6;5;6;6;4;7;9;14;54;1126
230350;7269;583;340;384;138;223;1759;227;208;158;210;202;2320;14021
230360;575;1;10;7;21;28;379;6;11;6;5;88;217;1354
230365;677;28;4;2;3;4;65;20;43;3;6;49;22;926
230370;36741;1198;1073;1300;1024;1339;1266;1941;1569;1260;1083;2070;1041;52905
230380;1370;18;15;13;34;20;28;17;11;14;25;12;13;1590
230390;1905;5;45;14;6;11;17;36;16;5;52;6;32;2150
230393;559;2;4;4;6;20;110;4;26;26;12;56;225;1054
230395;1371;23;40;45;33;43;131;29;20;38;19;19;244;2055
230400;1129;9;36;17;6;28;9;11;5;11;7;5;361;1634
230410;5508;215;225;98;83;179;116;142;140;123;200;204;591;7824
230420;18084;417;872;1018;438;466;1052;548;555;458;396;345;329;24978
230423;812;5;13;17;14;7;18;15;7;16;10;7;60;1001
230425;1497;22;46;49;49;35;382;49;33;29;34;196;379;2800
230426;503;13;7;10;7;12;61;25;19;9;9;10;149;834
230427;583;1;1;0;1;2;2;3;0;3;0;0;1;597
230428;38855;2360;1160;1528;1253;1183;1043;1035;1315;1187;1220;1014;941;54094
230430;1161;6;24;11;20;16;11;22;7;14;14;10;149;1465
230435;1871;71;41;90;43;76;93;48;50;42;44;83;417;2969
230440;773125;28003;25995;28491;22370;24807;24239;24487;26303;23962;22827;23105;22343;1070057
230445;917;20;25;75;15;12;160;38;74;34;16;47;387;1820
230450;2795;19;29;31;31;45;51;60;76;50;59;35;45;3326
230460;697;5;2;11;6;17;115;12;4;6;12;125;3;1015
230465;754;2;0;0;4;0;1;0;0;0;1;1;52;815
230470;2052;34;59;37;20;34;40;1250;59;89;92;278;1481;5525
230480;628;11;9;11;1;9;3;2;1;0;1;3;0;679
230490;603;8;8;19;10;18;8;83;10;14;13;50;115;959
230495;2084;15;30;46;29;52;48;31;49;35;19;157;25;2620
230500;2758;34;41;31;27;37;45;23;38;35;30;28;119;3246
230510;813;5;12;8;7;14;10;4;14;5;11;4;86;993
230520;1171;5;6;5;2;2;8;13;5;6;5;7;6;1241
230523;17721;249;333;350;508;351;492;347;540;443;431;497;376;22638
230526;881;9;88;36;38;14;112;7;53;9;74;13;109;1443
230530;1501;18;18;12;10;21;108;17;16;15;14;25;19;1794
230533;796;11;3;10;16;8;10;12;40;29;27;22;47;1031
230535;3840;270;505;345;237;132;185;101;129;208;269;184;190;6595
230540;4221;48;98;53;38;52;56;63;57;41;72;37;419;5255
230550;14509;362;366;556;368;481;334;696;387;355;480;476;647;20017
230560;1559;18;15;9;40;13;22;15;20;20;20;34;5;1790
230565;601;10;7;7;3;6;141;131;17;24;14;38;75;1074
230570;897;39;8;0;6;6;13;24;9;6;17;13;5;1043
230580;3113;29;37;42;55;36;58;34;53;46;75;175;33;3786
230590;1841;18;10;23;15;14;249;9;7;16;16;130;246;2594
230600;897;28;12;6;2;6;10;12;5;12;3;25;41;1059
230610;1787;30;14;110;33;73;28;61;29;25;39;50;98;2377
230620;594;9;9;4;2;4;1;7;8;2;3;5;16;664
230625;4458;189;196;180;263;262;329;173;168;134;310;241;223;7126
230630;4593;102;74;183;79;83;673;325;213;125;207;248;810;7715
230640;11604;408;434;377;278;350;1396;294;579;301;337;664;2146;19168
230650;745;12;61;11;16;21;248;13;10;12;7;174;359;1689
230655;2828;86;73;61;71;55;33;219;47;75;59;33;242;3882
230660;1083;0;3;4;0;3;7;1;6;2;0;16;4;1129
230670;1110;6;4;21;11;4;6;10;5;11;4;10;4;1206
230680;764;18;8;11;8;15;17;83;11;6;7;8;67;1023
230690;2873;59;42;44;30;66;354;56;47;65;62;41;375;4114
230700;3970;55;324;83;36;55;75;66;52;125;69;143;87;5140
230710;1681;8;17;22;25;29;67;24;10;19;37;9;18;1966
230720;777;1;0;2;2;4;1;3;4;0;0;0;2;796
230725;3585;133;150;159;139;204;151;207;143;146;130;156;385;5688
230730;48843;1764;1411;3065;1786;2007;3878;2309;1934;2033;1722;1880;1987;74619
230740;1463;43;36;112;21;51;55;42;44;45;57;68;45;2082
230750;1767;4;13;5;8;4;65;9;7;6;6;6;5;1905
230760;6915;161;143;195;149;203;132;186;183;247;317;295;242;9368
230763;1122;4;6;9;8;6;46;35;5;14;12;15;116;1398
230765;53918;2445;1755;1906;2319;1931;1904;1533;1708;1537;1662;1924;2313;76855
230770;15334;387;346;409;317;293;1551;1151;387;419;354;403;651;22002
230780;2917;72;96;85;91;68;55;109;67;60;62;60;262;4004
230790;793;7;2;30;15;7;11;11;11;12;23;75;128;1125
230800;1927;14;14;27;21;24;17;21;15;36;14;18;536;2684
230810;2651;26;31;29;60;34;147;88;45;35;33;17;56;3252
230820;1058;14;7;5;13;6;5;8;4;5;8;21;23;1177
230830;1351;12;14;91;27;23;90;129;69;28;59;55;198;2146
230835;589;34;14;7;55;19;117;27;87;24;8;198;6;1185
230837;943;47;9;6;5;0;22;90;7;4;3;1;9;1146
230840;3025;28;31;56;62;59;48;88;74;151;209;245;168;4244
230850;2774;45;61;44;30;37;28;29;64;23;52;66;35;3288
230860;1337;8;3;9;3;6;7;8;1;2;4;6;6;1400
230870;6419;81;127;132;117;345;240;110;97;93;186;264;226;8437
230880;550;1;2;2;4;2;2;10;6;2;2;8;12;603
230890;808;11;20;24;20;27;102;22;80;14;454;52;17;1651
230900;946;8;18;6;16;7;27;171;13;18;11;6;170;1417
230910;732;4;8;6;16;4;6;36;13;8;8;2;12;855
230920;1413;19;27;29;27;24;36;48;18;18;21;15;29;1724
230930;1978;20;49;165;56;87;201;60;36;46;84;82;294;3158
230940;1299;7;5;67;9;14;16;11;16;2;9;13;49;1517
230945;1129;93;18;62;26;61;405;48;40;56;29;217;243;2427
230950;873;11;2;6;12;7;7;7;6;2;6;4;7;950
230960;8104;282;247;232;263;324;611;297;310;268;295;241;501;11975
230970;7009;150;153;251;129;322;194;233;677;199;188;193;388;10086
230980;825;9;4;14;24;13;3;7;5;5;43;57;39;1048
230990;451;5;7;2;4;2;2;3;6;1;6;128;14;631
231000;601;12;12;4;15;8;24;12;3;7;12;12;111;833
231010;820;1;5;5;8;8;6;7;4;11;3;4;3;885
231020;3467;107;59;70;122;174;582;122;149;53;65;59;88;5117
231025;3173;39;90;116;131;83;113;92;100;74;104;117;111;4343
231030;1619;49;17;6;1;1;3;4;8;5;1;6;5;1725
231040;788;3;8;1;7;68;10;3;3;6;5;6;45;953
231050;2190;40;21;21;16;20;21;17;15;42;36;52;95;2586
231060;801;3;1;6;5;1;5;7;7;11;3;5;3;858
231070;4128;50;52;74;140;128;77;99;106;66;60;71;286;5337
231080;2701;20;37;43;86;28;99;37;38;45;42;35;203;3414
231085;1469;50;236;71;112;62;67;58;71;36;65;24;766;3087
231090;773;8;9;9;4;5;51;4;15;16;8;9;2;913
231095;564;7;5;14;29;12;9;9;10;3;4;3;33;702
231100;720;3;0;5;1;1;7;1;3;5;2;11;7;766
231110;1043;2;3;7;9;18;7;8;6;5;4;7;4;1123
231120;787;6;12;28;7;2;10;8;1;8;8;4;28;909
231123;633;1;1;1;0;0;1;0;1;0;9;1;1;649
231126;1315;3;9;2;3;1;0;10;2;4;4;7;4;1364
231130;7943;241;145;346;352;231;130;128;151;119;133;139;151;10209
231135;970;18;22;17;19;17;16;14;30;16;32;20;91;1282
231140;5814;178;175;239;199;163;143;139;133;102;121;91;680;8177
231150;1681;251;454;119;44;314;276;61;27;69;56;41;226;3619
231160;2796;32;43;59;24;39;52;55;54;40;23;40;63;3320
231170;1319;6;5;13;8;4;5;68;12;13;6;130;50;1639
231180;9729;242;286;337;421;467;1817;331;417;317;453;1362;998;17177
231190;1217;3;4;5;3;4;5;35;35;29;91;6;81;1518
231195;1544;0;0;0;3;6;3;3;4;17;42;3;6;1631
231200;1598;234;22;31;22;22;49;9;30;16;41;47;215;2336
231210;1077;8;3;11;11;9;16;15;12;8;10;23;42;1245
231220;3702;71;35;71;61;56;77;54;65;60;93;93;688;5126
231230;3924;115;77;32;44;69;58;184;50;114;65;49;64;4845
231240;13243;340;402;433;330;375;429;430;730;321;354;250;508;18145
231250;485;5;5;9;6;15;47;6;9;2;1;0;87;677
231260;1035;6;17;9;23;6;101;9;12;7;11;7;9;1252
231270;2916;41;44;538;50;76;134;133;98;93;38;55;83;4299
231280;440;1;8;1;0;0;4;4;2;3;16;2;12;493
231290;46150;1267;1154;1214;1153;1094;914;2023;873;951;1111;1223;2587;61714
231300;1387;24;86;15;25;15;40;94;29;20;39;62;220;2056
231310;2094;42;43;41;31;42;55;60;37;52;41;34;96;2668
231320;1437;16;6;3;40;12;12;16;17;10;23;80;160;1832
231325;445;2;1;0;0;0;1;1;0;0;0;0;0;450
231330;4574;62;89;98;65;72;314;251;88;83;196;116;714;6722
231335;1201;15;8;10;31;8;14;6;4;4;4;8;4;1317
231340;7832;182;166;226;164;223;370;201;187;214;202;420;272;10659
231350;3258;193;136;91;102;147;99;77;217;130;80;122;42;4694
231355;857;4;14;17;12;17;27;166;27;20;9;90;254;1514
231360;3099;44;40;66;32;39;46;147;46;42;30;49;354;4034
231370;381;2;1;3;15;29;4;2;5;6;35;19;22;524
231375;1002;8;14;16;39;19;58;55;24;23;39;44;143;1484
231380;2627;15;15;177;432;43;73;96;130;42;77;181;26;3934
231390;1084;4;19;9;12;7;5;3;8;28;11;31;102;1323
231395;1780;8;30;41;13;12;13;13;10;10;101;6;13;2050
231400;3207;40;41;51;16;28;52;35;22;45;57;42;64;3700
231410;3046;18;35;53;173;23;16;25;40;36;20;43;55;3583
239999;0;0;0;0;0;0;0;0;0;0;0;0;0;0
240010;974;17;16;21;17;23;33;16;19;34;22;31;22;1245
240020;5763;242;318;180;176;199;121;152;165;89;123;141;228;7897
240030;577;16;50;21;3;6;6;13;7;11;10;5;422;1147
240040;254;0;0;0;1;3;0;0;0;0;11;0;0;269
240050;957;11;4;9;10;15;12;8;9;20;8;6;58;1127
240060;194;1;1;1;0;0;3;0;0;0;0;2;1;203
240070;2212;67;44;55;64;57;56;43;40;65;68;149;67;2987
240080;772;18;16;20;18;14;20;10;22;12;16;9;173;1120
240090;296;2;8;6;3;7;22;0;3;2;1;4;3;357
240100;3687;196;87;235;156;85;67;49;51;131;99;92;212;5147
240110;4255;78;96;91;104;104;77;74;121;53;69;97;175;5394
240120;2507;41;42;218;78;180;84;33;37;65;34;49;111;3479
240130;487;7;3;2;12;20;5;10;4;10;9;7;60;636
240140;3378;1420;32;39;16;5;17;6;10;12;16;33;31;5015
240145;3731;158;348;210;148;80;112;114;43;110;103;77;166;5400
240150;333;3;3;1;7;1;0;2;2;2;1;2;49;406
240160;371;2;0;2;1;10;22;3;0;4;16;5;39;475
240165;475;9;2;6;7;5;5;3;5;3;6;2;100;628
240170;461;10;3;2;2;3;7;7;5;5;11;1;52;569
240180;828;21;21;17;6;14;29;11;28;21;23;133;171;1323
240185;452;3;5;9;15;2;12;24;8;2;6;15;70;623
240190;270;2;3;8;5;11;3;3;10;3;3;5;31;357
240200;9741;218;256;242;242;286;376;220;270;204;317;246;379;12997
240210;644;2;2;1;4;46;2;10;3;5;4;2;61;786
240220;3363;121;94;126;111;85;77;75;117;117;85;122;768;5261
240230;1251;84;250;60;15;16;23;31;23;23;31;30;197;2034
240240;1242;22;32;21;23;31;33;25;45;26;28;34;35;1597
240250;751;82;23;8;17;42;20;93;21;39;9;13;127;1245
240260;6035;201;268;176;156;291;204;164;159;110;219;133;516;8632
240270;809;15;19;16;15;39;15;13;13;6;20;28;8;1016
240280;337;0;1;1;4;3;3;10;17;3;7;2;32;420
240290;294;7;6;1;3;2;3;0;2;1;2;0;2;323
240300;1024;12;33;23;11;12;15;9;18;14;16;12;24;1223
240310;5751;170;318;116;89;95;80;119;130;87;92;108;105;7260
240320;405;1;0;0;0;1;2;3;1;0;11;1;4;429
240325;41177;1310;1659;1242;1200;1335;1216;1372;1461;1121;1242;1171;1200;56706
240330;396;3;0;0;2;0;2;6;8;4;3;5;3;432
240340;554;1;7;14;1;11;7;4;5;0;2;8;3;617
240350;554;4;6;1;2;4;2;1;6;3;18;33;58;692
240360;2465;119;197;108;123;109;225;126;267;197;226;168;184;4514
240370;405;2;0;2;0;5;0;3;2;3;1;12;1;436
240375;259;1;2;1;0;3;35;1;9;6;6;10;58;391
240380;600;6;8;8;9;11;16;15;4;15;9;9;10;720
240390;218;0;0;0;0;1;0;0;0;2;0;0;0;221
240400;244;1;0;0;0;0;1;1;2;1;1;1;2;254
240410;768;4;3;6;8;7;13;13;9;26;11;8;5;881
240420;3074;350;61;96;96;67;73;128;128;100;42;121;728;5064
240430;1023;12;19;21;23;39;15;5;10;19;10;16;18;1230
240440;1097;16;12;20;17;24;11;9;23;41;18;23;97;1408
240450;2559;33;179;61;47;113;127;62;38;25;34;26;520;3824
240460;645;4;11;26;36;36;12;11;9;49;29;4;311;1183
240470;1485;142;167;50;58;51;119;35;22;47;69;210;440;2895
240480;282;1;0;2;3;8;5;2;6;7;8;0;6;330
240485;915;16;17;57;46;20;17;60;42;11;10;136;93;1440
240490;359;2;1;1;1;1;5;12;13;1;10;2;2;410
240500;359;4;11;0;3;10;4;23;1;4;29;7;67;522
240510;886;17;22;82;36;58;34;9;5;6;4;3;126;1288
240520;465;11;6;4;4;16;7;80;26;3;3;5;2;632
240530;362;1;10;10;39;2;5;2;4;1;8;4;5;453
240540;408;16;2;1;0;0;0;1;1;1;1;0;0;431
240550;304;1;0;1;2;1;1;4;1;1;4;2;0;322
240560;1622;22;15;22;9;28;14;17;21;18;9;14;11;1822
240570;1459;23;39;53;74;38;51;62;39;43;29;33;57;2000
240580;2588;56;58;69;51;56;63;65;51;52;59;53;164;3385
240590;191;2;0;1;2;2;4;0;1;1;1;1;0;206
240600;371;0;1;2;3;5;1;4;4;1;3;5;1;401
240610;1719;33;34;31;22;41;23;37;36;28;37;23;55;2119
240615;320;0;6;2;4;1;3;3;1;3;2;26;7;378
240620;323;2;0;0;1;0;0;5;2;1;2;4;92;432
240630;370;5;6;5;2;1;1;5;0;5;6;3;170;579
240640;287;9;3;14;5;5;5;23;9;13;20;7;53;453
240650;1068;12;17;19;13;20;12;27;10;16;13;33;19;1279
240660;497;4;6;8;11;5;7;3;13;1;33;19;70;677
240670;938;11;6;24;22;14;9;16;11;12;21;11;44;1139
240680;370;6;7;6;0;6;2;2;3;16;8;31;2;459
240690;253;2;4;3;0;2;2;2;4;4;2;3;2;283
240700;471;4;1;9;1;3;2;1;7;1;4;2;6;512
240710;10778;197;254;317;219;323;271;343;265;274;234;218;484;14177
240720;3359;104;112;161;349;125;83;107;64;125;264;77;402;5332
240725;293;3;1;1;1;1;0;12;2;3;0;3;0;320
240730;290;0;0;0;2;1;0;0;0;0;1;2;2;298
240740;469;8;11;9;159;14;73;9;17;13;34;17;155;988
240750;983;31;18;28;22;26;10;27;18;17;11;7;7;1205
240760;320;3;3;3;0;1;3;19;6;5;10;5;4;382
240770;696;6;10;13;14;12;8;17;12;20;6;22;6;842
240780;1600;22;25;32;16;32;32;33;25;15;53;79;156;2120
240790;298;0;5;2;3;4;21;2;4;5;7;19;1;371
240800;58213;2548;2450;2069;2046;2156;1912;1923;1709;2127;1661;1906;2492;83212
240810;295852;7933;7937;8229;7789;8384;7705;7596;8711;7142;7846;7277;8707;391108
240820;2014;112;69;130;103;189;94;98;94;59;44;93;848;3947
240830;2825;113;68;55;55;79;63;100;64;65;393;175;255;4310
240840;236;1;3;2;4;2;0;6;3;2;3;2;0;264
240850;460;2;4;4;3;6;6;1;9;8;4;5;7;519
240860;217;0;6;0;1;2;1;4;4;0;0;1;0;236
240870;335;4;1;3;1;0;10;2;3;10;40;22;9;440
240880;336;2;8;6;8;3;4;6;10;6;8;2;104;503
240890;3058;66;93;112;75;98;130;95;103;95;95;79;129;4228
240895;641;5;7;7;6;6;9;4;3;9;66;10;254;1027
240910;955;11;7;7;3;3;3;5;5;5;3;3;13;1023
240920;301;0;4;2;5;8;5;6;43;19;3;55;59;510
240930;718;20;14;2;9;8;4;8;13;64;9;8;2;879
240933;394;1;3;7;5;10;34;9;47;19;6;9;14;558
240940;3569;66;68;57;61;74;73;72;59;60;91;76;59;4385
240950;619;42;166;34;15;5;9;15;11;1;13;22;13;965
240960;275;1;4;1;2;4;3;2;2;2;5;8;37;346
240970;534;9;2;3;5;12;7;14;9;4;3;3;49;654
240980;945;12;8;17;17;12;14;18;19;26;16;104;148;1356
240990;1778;35;24;53;189;66;27;38;41;186;41;56;66;2600
241000;243;0;0;1;1;7;8;1;4;1;1;0;1;268
241010;797;1;3;1;7;5;9;5;6;8;9;18;0;869
241020;410;19;8;6;5;8;21;13;13;7;25;8;45;588
241025;681;24;19;10;29;21;26;53;16;12;29;22;39;981
241030;620;7;1;19;14;9;6;3;6;24;7;3;13;732
241040;802;5;11;7;2;3;5;2;4;4;5;3;11;864
241050;171;3;0;1;1;1;2;5;14;2;1;1;6;208
241060;301;0;1;0;0;0;1;0;0;0;0;0;1;304
241070;201;0;4;1;1;3;2;3;5;1;4;6;46;277
241080;175;0;1;2;1;2;0;2;0;0;0;0;61;244
241090;376;11;3;5;5;3;4;6;2;1;15;2;6;439
241100;339;0;0;0;1;27;1;1;1;3;7;1;1;382
241105;701;9;22;27;37;26;23;39;14;53;14;5;64;1034
241110;242;4;1;2;1;2;5;6;2;1;1;57;12;336
241120;3392;66;55;84;73;74;48;96;75;77;56;62;90;4248
241140;731;9;6;12;11;7;7;9;8;13;19;23;165;1020
241142;444;8;9;20;6;8;13;15;9;19;23;15;18;607
241150;1398;15;18;17;15;38;17;28;26;104;30;45;507;2258
241160;718;32;30;48;112;120;128;305;55;48;8;28;143;1775
241170;383;0;2;0;0;1;1;0;1;0;0;1;0;389
241180;455;6;15;12;18;5;9;9;9;9;6;7;3;563
241190;538;1;12;3;2;4;5;4;4;4;10;2;3;592
241200;11995;281;253;296;375;427;387;368;392;306;295;321;281;15977
241210;393;2;2;7;1;7;7;1;1;9;1;3;9;443
241220;5447;142;100;127;128;143;120;169;158;109;148;117;149;7057
241230;525;8;4;8;42;26;11;6;11;41;10;39;197;928
241240;929;23;44;32;36;51;61;25;69;26;76;48;17;1437
241250;1190;26;20;9;14;19;13;11;14;10;11;12;25;1374
241255;595;17;18;31;22;36;12;22;26;31;43;30;176;1059
241260;1134;19;13;31;32;122;31;14;14;49;24;20;273;1776
241270;393;1;2;9;10;4;6;14;12;61;4;8;39;563
241280;489;3;2;0;5;7;2;3;4;0;0;5;0;520
241290;725;8;14;17;7;17;16;13;8;11;10;27;109;982
241300;615;0;3;11;7;6;6;38;4;4;17;7;2;720
241310;268;1;3;1;7;2;1;3;3;1;36;40;27;393
241320;325;0;1;2;4;1;5;0;0;1;5;65;26;435
241330;364;3;4;12;1;4;7;2;7;2;4;40;157;607
241335;701;23;28;50;32;42;41;40;27;3;11;25;37;1060
241340;858;27;27;38;21;36;28;24;43;33;29;52;19;1235
241350;233;1;0;2;2;1;1;2;2;0;2;2;4;252
241355;302;0;1;3;1;1;1;0;0;1;3;1;4;318
241360;299;0;2;1;6;11;4;1;2;3;5;1;2;337
241370;313;7;0;2;4;9;4;11;29;26;7;6;42;460
241380;291;1;0;2;0;0;1;2;0;5;3;2;65;372
241390;771;11;11;15;16;17;8;11;21;102;15;17;58;1073
241400;1002;12;12;35;21;36;26;27;14;129;14;32;23;1383
241410;384;2;5;7;6;3;4;5;6;3;17;4;1;447
241415;467;2;4;4;4;3;5;3;5;1;3;55;13;569
241420;3536;149;140;156;85;160;95;89;176;115;97;90;98;4986
241430;257;5;1;5;2;1;1;4;1;2;21;0;2;302
241440;2468;30;38;41;37;129;43;47;40;86;58;113;263;3393
241445;275;0;0;3;2;5;1;1;2;2;74;1;7;373
241450;656;17;19;9;4;3;32;17;61;57;19;4;17;915
241460;1053;9;25;24;14;42;43;6;8;33;11;11;65;1344
241470;334;4;5;1;4;2;6;2;10;4;4;1;4;381
241475;297;2;1;0;13;0;0;2;1;4;4;0;1;325
241480;786;11;13;25;10;13;7;14;24;9;33;52;6;1003
241490;261;0;3;5;2;0;2;1;1;0;0;2;0;277
241500;372;1;1;10;3;2;2;5;5;2;0;5;2;410
249999;0;0;0;0;0;0;0;0;0;0;0;0;0;0
250010;872;9;16;12;17;17;5;18;11;7;9;16;37;1046
250020;394;5;3;0;2;0;2;3;0;2;0;1;0;412
250030;1771;19;14;12;29;14;12;44;65;12;10;42;8;2052
250040;2286;20;20;22;23;23;10;12;13;11;26;25;21;2512
250050;692;11;3;7;4;7;0;6;6;1;10;4;4;755
250053;432;2;1;4;3;1;0;0;2;2;3;3;1;454
250057;323;0;3;3;3;3;4;1;0;91;0;2;5;438
250060;3536;44;107;60;69;78;94;176;162;113;84;102;124;4749
250070;1186;8;24;11;26;18;6;15;21;27;32;58;143;1575
250073;335;0;0;1;3;0;0;0;1;0;0;1;1;342
250077;412;2;2;3;3;4;8;45;9;5;6;2;20;521
250080;861;1;14;11;16;10;67;6;12;38;31;7;26;1100
250090;654;3;12;5;8;4;11;7;5;10;4;5;26;754
250100;1177;5;5;5;0;4;2;5;3;2;1;0;2;1211
250110;1636;22;22;32;11;13;17;6;14;7;7;12;18;1817
250115;284;0;0;0;0;0;0;1;0;0;0;0;0;285
250120;453;0;5;1;3;1;1;3;2;2;2;3;1;477
250130;1195;11;16;49;13;9;8;16;11;9;8;128;0;1473
250135;346;2;2;0;2;5;0;3;3;2;1;3;0;369
250140;286;22;72;14;13;14;172;12;18;13;8;89;321;1054
250150;1376;39;27;28;46;11;36;46;5;38;35;115;55;1857
250153;337;1;0;2;1;1;1;1;0;2;3;2;1;352
250157;528;1;0;2;0;0;1;1;3;0;0;0;0;536
250160;719;3;8;11;6;6;42;14;73;5;5;23;115;1030
250170;371;4;4;3;7;1;1;3;4;7;10;10;29;454
250180;9478;245;287;256;220;337;246;417;254;321;335;218;810;13424
250190;1519;17;8;21;13;18;18;13;16;25;16;20;20;1724
250200;421;1;0;0;4;11;4;4;2;2;8;2;0;459
250205;361;1;0;4;2;1;2;1;0;4;1;0;2;379
250210;442;1;2;1;0;0;0;0;0;0;0;2;0;448
250215;993;9;13;6;9;14;9;9;16;12;9;8;11;1118
250220;218;2;4;3;0;3;5;60;1;3;0;0;68;367
250230;345;1;3;1;1;2;3;1;0;2;0;0;2;361
250240;587;2;3;1;1;0;1;4;1;1;1;0;1;603
250250;1272;16;11;10;7;27;14;10;6;19;7;13;11;1423
250260;424;26;2;0;1;1;0;0;0;0;13;1;0;468
250270;326;5;3;3;4;0;2;0;2;9;4;43;5;406
250280;747;8;8;13;9;7;19;15;16;23;34;35;19;953
250290;318;1;1;0;0;1;2;2;4;5;5;2;1;342
250300;4536;662;25;33;26;42;37;19;33;34;39;70;30;5586
250310;294;3;2;2;7;5;2;2;1;7;2;2;65;394
250320;18899;603;592;714;549;597;433;520;553;524;523;473;480;25460
250330;548;6;7;9;15;10;9;19;8;42;7;23;14;717
250340;353;1;0;0;5;4;0;0;4;1;2;2;0;372
250350;758;1;4;6;8;9;6;8;6;6;23;13;76;924
250355;511;2;0;2;0;3;0;0;0;1;0;1;1;521
250360;418;2;2;5;4;4;5;2;8;12;5;3;6;476
250370;7839;153;194;185;149;192;140;181;262;190;145;413;278;10321
250375;249;0;3;2;1;2;7;5;7;19;1;77;0;373
250380;621;1;1;2;1;4;2;0;4;6;4;2;3;651
250390;383;1;1;6;1;1;1;7;2;4;2;1;1;411
250400;101281;2402;2831;2970;2535;3154;2741;2723;2967;2417;2596;2670;3533;134820
250403;530;3;3;5;3;2;3;1;5;4;2;2;3;566
250407;230;4;3;3;2;0;2;1;3;0;3;0;97;348
250410;237;0;0;1;2;1;0;0;1;2;0;6;17;267
250415;437;2;2;2;1;8;7;3;1;2;13;35;20;533
250420;326;9;6;11;1;4;5;5;8;10;6;2;2;395
250430;3018;48;66;52;49;58;65;82;57;84;136;63;54;3832
250435;561;2;2;6;0;9;1;7;6;3;1;1;3;602
250440;1161;33;5;13;3;6;21;4;4;4;6;1;1;1262
250450;350;1;8;2;5;1;8;5;1;3;1;3;31;419
250460;4215;150;232;191;168;184;186;240;188;158;199;149;315;6575
250470;396;6;0;4;4;1;4;2;13;10;53;4;13;510
250480;591;6;5;13;7;8;5;10;6;7;4;18;7;687
250485;165;0;1;0;0;0;0;3;2;4;1;3;3;182
250490;1267;5;207;53;4;18;2;18;28;7;12;8;16;1645
250500;540;1;0;1;0;0;1;0;1;1;0;0;0;545
250510;1225;12;13;16;23;12;28;20;22;42;12;63;48;1536
250520;517;5;4;16;1;5;5;0;3;3;8;5;43;615
250523;495;24;5;8;2;4;13;3;1;1;10;6;24;596
250527;354;3;1;5;4;2;2;4;0;5;0;23;2;405
250530;190;0;1;1;0;0;0;0;0;0;0;0;0;192
250535;307;8;9;13;2;2;7;7;2;3;27;5;35;427
250540;455;1;1;3;1;1;2;2;0;1;1;2;2;472
250550;437;1;0;0;2;0;0;0;0;0;0;0;0;440
250560;473;2;0;1;0;1;0;0;0;0;2;0;0;479
250570;502;5;2;7;1;2;8;2;10;28;4;5;10;586
250580;406;2;1;5;2;1;0;3;0;1;1;0;0;422
250590;324;0;0;0;0;1;0;0;0;0;0;0;0;325
250600;3398;67;94;101;79;70;556;82;70;68;102;115;521;5323
250610;567;0;2;1;0;2;1;1;3;0;0;6;22;605
250620;288;0;0;0;0;0;1;1;0;0;0;0;0;290
250625;476;1;0;0;1;1;0;0;0;0;0;0;0;479
250630;9309;255;234;188;161;216;225;211;204;237;226;206;229;11901
250640;1057;54;21;11;20;27;13;18;20;12;16;8;118;1395
250650;340;3;0;0;2;2;2;5;2;1;2;2;1;362
250660;365;0;0;1;0;1;0;0;0;0;0;0;0;367
250670;523;0;2;0;0;0;1;0;0;2;0;0;1;529
250680;1510;29;23;20;18;16;9;68;12;13;14;37;14;1783
250690;2032;38;44;51;39;64;67;50;61;85;48;22;51;2652
250700;2734;54;36;46;29;54;47;48;68;34;35;45;41;3271
250710;1182;85;41;52;9;19;13;12;10;12;17;97;17;1566
250720;826;4;2;14;7;11;7;6;10;10;3;8;21;929
250730;1176;3;11;6;6;6;6;4;6;6;7;9;10;1256
250740;420;2;11;3;5;3;5;3;5;5;1;30;40;533
250750;268291;6722;7085;7829;6412;6763;6017;5863;6352;10480;5794;5712;5441;348761
250760;485;2;0;1;1;0;1;0;1;1;0;0;1;493
250770;1359;8;15;6;10;4;3;29;9;7;36;10;6;1502
250780;627;11;11;15;4;24;7;5;9;4;5;5;11;738
250790;1130;7;181;10;3;5;7;3;6;3;3;4;6;1368
250800;436;0;0;0;1;1;1;0;0;2;0;0;0;441
250810;276;13;3;2;2;4;1;22;3;4;7;24;72;433
250820;584;4;2;2;2;2;1;1;2;0;1;2;1;604
250830;1862;32;22;47;19;25;21;34;36;21;19;16;19;2173
250840;253;1;2;2;3;1;2;1;0;1;1;2;25;294
250850;484;8;4;1;1;9;10;3;3;1;1;1;0;526
250855;267;2;4;2;4;1;0;1;2;2;2;1;2;290
250860;2110;17;14;18;19;16;28;11;125;21;10;16;11;2416
250870;349;0;0;0;1;0;0;0;0;0;0;0;0;350
250880;420;2;2;0;12;20;4;1;1;2;0;1;1;466
250890;7183;1335;235;156;108;146;148;94;112;93;113;135;102;9960
250900;485;4;24;10;30;19;0;1;1;4;4;4;4;590
250905;557;23;2;8;5;3;3;5;8;8;5;19;6;652
250910;1483;31;11;15;16;20;15;16;14;11;23;19;6;1680
250915;581;1;1;2;5;0;3;1;3;2;3;0;3;605
250920;610;1;0;9;1;4;3;7;5;12;1;4;3;660
250930;1375;54;147;27;4;30;10;62;124;8;9;9;315;2174
250933;343;0;0;0;0;0;1;0;1;0;0;1;1;347
250937;227;0;3;0;1;1;1;3;1;1;0;0;27;265
250939;385;2;3;4;4;4;4;2;3;0;2;3;8;424
250940;1510;23;16;21;62;26;21;14;15;19;15;113;19;1874
250950;511;4;2;4;1;8;2;4;6;1;7;14;6;570
250960;179;0;4;3;4;9;3;2;0;2;3;2;83;294
250970;2540;58;52;47;42;68;51;56;71;64;51;34;347;3481
250980;677;6;4;6;10;12;4;4;8;5;1;3;4;744
250990;707;1;0;0;0;3;1;0;1;1;0;0;0;714
251000;384;0;1;1;0;9;1;4;1;1;0;1;0;403
251010;573;7;3;4;8;9;9;12;15;9;9;13;49;720
251020;420;0;2;2;1;1;3;0;1;2;1;3;3;439
251030;425;0;0;0;1;0;0;1;0;1;1;1;0;430
251040;357;6;1;2;2;1;4;3;3;1;4;3;3;390
251050;262;0;1;4;3;2;2;0;4;1;2;0;45;326
251060;312;0;0;1;0;1;0;1;0;0;0;0;0;315
251065;222;0;1;0;1;0;0;1;1;0;1;0;0;227
251070;240;1;2;0;2;3;0;2;2;0;2;1;0;255
251080;14745;251;257;260;281;282;271;266;390;291;368;232;342;18236
251090;652;4;2;1;1;5;2;0;1;5;0;0;1;674
251100;307;1;0;0;0;0;0;0;1;1;0;1;0;311
251110;675;4;2;7;6;5;2;1;2;3;1;1;3;712
251120;5308;696;287;177;45;269;51;35;38;68;53;85;79;7191
251130;1481;5;8;10;10;4;2;3;3;26;15;11;8;1586
251140;1399;29;14;23;16;15;21;17;19;36;11;16;66;1682
251150;1105;99;9;57;29;5;3;5;16;7;4;4;6;1349
251160;414;0;0;4;1;0;2;7;1;3;0;1;13;446
251170;308;2;2;2;3;6;2;0;3;3;2;6;1;340
251180;594;5;8;6;13;9;8;9;6;4;6;3;24;695
251190;1262;15;16;13;13;6;9;29;15;27;31;19;15;1470
251200;1214;13;30;29;17;18;17;19;74;65;56;74;10;1636
251203;386;0;6;1;0;0;3;0;2;3;1;0;0;402
251207;467;1;0;1;2;2;0;0;1;0;10;1;12;497
251210;2614;43;37;56;32;42;48;35;34;17;40;43;97;3138
251220;307;0;13;6;3;1;2;2;2;6;0;2;2;346
251230;1441;25;57;26;32;21;19;8;34;23;12;17;20;1735
251240;731;6;3;4;7;9;4;5;9;10;6;24;49;867
251250;3563;59;70;75;57;70;64;83;56;63;75;77;61;4373
251260;260;2;0;0;0;1;0;1;0;0;0;0;1;265
251270;1183;4;14;14;7;6;7;11;6;3;8;65;40;1368
251272;371;0;2;0;0;1;1;3;0;3;2;9;4;396
251274;407;0;0;1;0;0;0;0;1;0;1;1;3;414
251275;433;0;0;0;1;0;0;0;2;2;0;2;1;441
251276;408;0;1;1;0;0;1;2;0;0;0;3;0;416
251278;221;2;8;1;2;3;42;0;3;1;2;14;42;341
251280;434;6;8;7;5;7;5;8;6;3;19;30;33;571
251290;3872;1663;106;104;80;34;58;56;45;30;39;53;298;6438
251300;237;0;1;1;2;0;0;0;0;0;0;0;1;242
251310;1176;19;36;6;9;9;15;57;27;12;25;54;8;1453
251315;457;1;0;2;0;0;0;0;1;0;0;1;1;463
251320;357;3;1;4;2;4;1;13;17;4;2;34;3;445
251330;435;0;0;0;0;1;1;0;0;0;0;0;0;437
251335;289;0;0;0;0;0;0;0;0;0;0;0;0;289
251340;1392;22;25;23;24;28;24;26;19;17;56;27;27;1710
251350;379;0;0;0;0;0;0;0;0;0;0;0;0;379
251360;410;0;0;0;0;1;3;0;0;0;2;1;6;423
251365;341;0;1;1;0;2;0;0;0;0;1;0;0;346
251370;22234;2384;792;1097;457;488;423;547;669;428;465;403;523;30910
251380;494;24;5;20;13;33;20;4;5;1;4;2;31;656
251385;270;3;2;1;2;2;18;1;5;14;7;12;14;351
251390;3047;43;45;35;39;51;34;33;44;43;93;41;178;3726
251392;423;0;0;2;3;0;0;2;2;1;1;0;1;435
251394;152;0;2;3;0;0;1;2;2;1;0;2;41;206
251396;270;3;1;1;1;4;0;1;6;0;1;9;1;298
251398;246;1;2;3;3;4;1;2;1;1;1;0;2;267
251400;486;1;1;2;2;4;4;2;1;3;2;2;4;514
251410;304;0;0;2;0;0;0;0;0;1;1;1;1;310
251420;427;1;7;3;3;7;2;1;2;19;5;12;9;498
251430;256;0;0;0;0;0;0;0;1;0;0;0;0;257
251440;406;124;14;6;27;50;16;25;14;7;0;0;6;695
251445;437;4;2;8;2;6;7;2;1;11;1;91;1;573
251450;943;42;13;27;16;19;14;15;34;15;6;18;13;1175
251455;152;0;0;0;0;0;0;0;2;0;0;1;0;155
251460;154;0;0;2;0;0;0;0;1;0;0;0;0;157
251465;239;0;0;0;0;0;1;0;6;2;0;3;3;254
251470;388;2;2;3;3;4;3;6;3;9;1;3;2;429
251480;247;1;1;0;0;1;4;1;0;0;34;3;0;292
251490;569;1;2;2;3;3;1;6;0;3;4;3;0;597
251500;530;12;2;1;1;1;4;1;4;15;5;8;1;585
251510;589;2;1;21;2;4;0;1;0;4;3;1;2;630
251520;228;0;1;0;0;0;0;1;0;0;0;0;0;230
251530;4049;98;94;96;49;64;47;98;72;87;68;57;418;5297
251540;491;0;1;0;1;0;2;10;36;5;7;0;1;554
251550;983;5;3;9;9;6;7;8;9;10;5;17;14;1085
251560;324;2;0;3;2;0;0;0;1;1;7;17;0;357
251570;267;0;0;0;0;0;0;0;0;0;1;0;0;268
251580;636;11;4;7;2;6;3;20;5;29;83;21;33;860
251590;315;2;6;5;8;2;3;2;2;2;1;18;0;366
251593;554;1;4;11;4;2;5;8;5;1;20;2;15;632
251597;560;6;1;2;5;3;30;2;4;0;5;7;5;630
251600;1527;16;24;17;13;28;18;44;55;36;143;23;202;2146
251610;1280;10;24;17;9;3;5;19;14;5;7;10;27;1430
251615;331;1;0;0;0;0;0;0;0;0;1;1;2;336
251620;9114;182;211;260;209;293;146;190;177;197;166;136;189;11470
251630;1278;17;24;23;26;20;203;34;18;21;35;20;127;1846
251640;565;4;4;3;0;7;5;6;4;3;5;1;4;611
251650;1193;2;3;1;6;4;7;6;2;7;3;2;9;1245
251660;706;4;11;10;4;7;10;10;11;13;12;15;46;859
251670;960;14;7;10;0;21;19;16;22;11;24;24;12;1140
251675;306;0;0;1;1;0;0;1;1;0;1;1;0;312
251680;516;1;3;3;5;2;3;2;1;2;1;2;8;549
251690;1160;37;24;29;32;30;16;9;20;42;77;77;39;1592
251700;642;2;0;0;1;1;1;2;1;0;1;2;2;655
251710;369;1;1;6;8;1;0;0;2;1;8;4;0;401
251720;401;0;2;1;3;0;6;0;0;1;0;0;0;414
251740;221;0;0;0;0;0;0;0;0;1;0;0;0;222
259999;0;0;0;0;0;0;0;0;0;0;0;0;0;0
260005;11060;423;316;333;275;295;348;355;345;314;288;349;1311;16012
260010;3162;55;45;41;49;47;53;44;60;41;55;60;66;3778
260020;1617;38;45;39;26;68;44;30;59;171;118;126;235;2616
260030;1461;23;128;28;32;485;84;25;496;26;46;52;721;3607
260040;1738;158;50;88;38;42;37;32;11;5;112;569;20;2900
260050;1693;14;16;24;19;21;15;25;23;98;130;27;171;2276
260060;974;7;5;3;1;3;1;22;3;6;4;0;8;1037
260070;3500;73;434;94;40;40;31;124;76;137;101;128;501;5279
260080;1144;11;10;20;12;17;12;10;15;9;132;30;154;1576
260090;1664;156;84;52;28;68;13;20;32;19;42;42;34;2254
260100;624;3;2;40;5;14;3;4;14;5;6;11;5;736
260105;1026;14;10;18;10;6;15;6;7;10;17;25;319;1483
260110;6297;116;155;142;160;180;170;163;190;147;211;387;479;8797
260120;8484;156;135;234;165;200;243;182;221;355;182;137;397;11091
260130;4955;398;2056;31;23;46;49;71;91;157;199;234;122;8432
260140;4275;123;223;114;54;57;49;55;69;89;88;110;49;5355
260150;320;1;2;46;72;13;24;4;2;0;0;3;213;700
260160;2580;49;55;61;44;14;61;20;20;42;27;57;161;3191
260170;11997;263;210;179;239;349;251;600;502;360;254;265;459;15928
260180;615;3;18;8;4;7;24;14;46;10;11;5;13;778
260190;8477;149;155;411;104;159;121;133;309;388;149;849;584;11988
260200;1579;16;12;15;20;28;9;14;19;10;12;14;16;1764
260210;2675;14;233;24;23;51;34;45;27;20;38;14;139;3337
260220;2605;23;37;63;30;25;32;26;34;22;21;53;50;3021
260230;2713;72;105;75;217;50;46;106;40;45;41;25;257;3792
260240;748;2;6;5;4;5;6;7;7;12;9;5;9;825
260250;552;6;2;3;4;5;1;2;3;0;1;0;7;586
260260;2289;33;30;36;34;31;53;35;514;29;29;55;600;3768
260270;637;2;2;11;9;5;6;8;44;17;9;13;52;815
260280;2981;24;29;39;16;35;37;28;30;26;28;22;18;3313
260290;37519;2229;1181;1037;1050;946;843;848;1012;1009;779;896;1025;50374
260300;2532;35;53;60;42;75;486;238;59;25;66;58;289;4018
260310;1284;9;7;14;15;10;58;10;13;7;10;13;15;1465
260320;970;9;8;10;17;6;11;11;12;18;3;13;10;1098
260330;428;0;8;2;3;5;9;6;5;4;0;0;7;477
260340;356;0;2;1;0;1;1;1;1;4;4;3;14;388
260345;12831;358;599;339;341;316;360;295;325;283;301;443;285;17076
260350;1153;10;9;8;12;10;5;9;15;4;6;19;12;1272
260360;4120;27;1111;370;148;17;45;86;99;40;56;23;18;6160
260370;1296;10;13;17;8;6;18;17;16;18;11;11;19;1460
260380;880;2;8;15;9;10;9;10;9;12;13;11;6;994
260390;1028;10;17;10;11;5;6;4;16;39;36;17;8;1207
260392;361;5;4;5;11;4;6;6;10;2;76;5;99;594
260400;11069;224;298;233;217;221;216;301;264;370;208;205;198;14024
260410;72792;3010;2083;2415;1974;2072;1847;2143;2276;2779;2016;2200;2181;99788
260415;900;1;2;5;2;5;5;1;1;5;0;1;9;937
260420;2385;20;28;24;49;96;28;44;54;51;36;35;35;2885
260430;594;3;5;10;3;9;11;2;10;36;8;28;74;793
260440;726;5;8;6;7;2;5;7;13;2;7;13;5;806
260450;1433;15;21;17;23;13;16;26;95;21;18;13;160;1871
260460;1715;149;86;185;36;46;51;59;54;34;29;38;137;2619
260470;914;2;4;11;10;14;15;8;7;15;3;13;208;1224
260480;1772;418;46;10;6;6;2;5;10;30;19;27;40;2391
260490;601;3;5;6;1;10;5;3;4;1;17;3;275;934
260500;2290;20;26;26;22;27;33;45;28;25;254;41;77;2914
260510;2427;37;60;42;50;52;69;65;88;61;114;199;346;3610
260515;1726;42;30;30;27;47;42;68;35;29;42;67;166;2351
260520;7213;234;354;815;237;395;603;504;333;426;210;233;316;11873
260530;1977;10;7;8;7;12;9;7;10;6;6;10;4;2073
260540;1452;19;26;37;53;34;20;10;17;9;21;13;6;1717
260545;1741;72;78;85;73;63;82;69;60;80;100;105;82;2690
260550;988;64;33;22;20;29;28;40;44;27;63;48;123;1529
260560;1152;6;2;6;6;3;15;3;2;1;1;7;6;1210
260570;2996;44;80;57;62;89;84;64;81;80;77;88;714;4516
260580;678;10;10;10;22;8;14;127;9;13;15;10;204;1130
260590;1491;122;13;25;11;21;7;18;17;16;16;17;43;1817
260600;19895;443;411;523;457;435;526;427;443;522;449;361;565;25457
260610;2183;30;28;40;48;44;30;40;34;50;58;27;558;3170
260620;18891;710;411;602;411;602;669;553;574;535;439;504;842;25743
260630;440;1;0;1;3;5;1;2;3;8;79;7;15;565
260640;8851;223;266;264;328;245;250;225;159;186;340;271;1098;12706
260650;1028;4;7;14;7;9;5;7;9;8;43;11;7;1159
260660;1087;20;34;44;33;46;43;28;32;22;32;30;362;1813
260670;315;6;4;8;3;11;3;2;6;0;203;3;13;577
260680;18783;2158;466;357;325;374;345;321;403;385;384;355;773;25429
260690;446;5;2;2;31;5;0;4;9;4;5;5;6;524
260700;1468;15;7;18;17;27;21;21;7;29;28;40;11;1709
260710;272;4;6;1;2;1;3;1;3;0;1;4;2;300
260720;33579;1212;814;724;2812;2503;888;800;799;1139;980;832;1743;48825
260730;1948;21;25;42;30;38;24;38;22;12;33;17;33;2283
260740;513;1;1;0;3;7;2;3;8;5;0;0;170;713
260750;1112;2;7;6;12;3;10;3;6;3;14;22;13;1213
260760;1702;38;23;28;28;30;57;47;42;39;41;23;13;2111
260765;3615;122;141;121;66;62;59;50;92;111;106;81;565;5191
260770;598;9;7;1;3;12;4;2;6;3;10;8;206;869
260775;3885;84;114;104;43;87;153;92;133;71;114;114;91;5085
260780;750;9;8;11;30;18;5;8;88;25;104;12;151;1219
260790;105575;7189;3834;3579;3388;3571;3422;3408;3865;3054;2952;3259;4639;151735
260795;828;9;3;6;6;3;2;4;17;3;1;212;117;1211
260800;897;6;5;6;6;6;5;5;6;0;9;5;189;1145
260805;1455;10;18;15;10;13;19;12;11;24;21;11;15;1634
260810;1668;26;25;48;47;38;32;35;25;37;23;38;677;2719
260820;1158;199;31;21;33;17;12;19;10;20;8;18;247;1793
260825;740;6;6;9;5;20;12;7;7;13;7;3;3;838
260830;1058;9;8;14;12;6;32;18;53;37;6;41;23;1317
260840;542;2;6;7;1;25;3;60;5;5;6;3;281;946
260845;1254;15;20;44;14;13;14;8;32;12;42;26;76;1570
260850;5521;63;764;622;202;87;33;97;50;42;78;157;486;8202
260860;759;2;8;12;16;2;6;9;8;4;9;5;2;842
260870;522;2;32;9;16;5;8;7;7;9;4;4;13;638
260875;2799;87;90;187;129;88;105;192;124;161;247;208;730;5147
260880;3605;62;66;56;74;86;53;72;89;51;62;84;379;4739
260890;6019;185;133;163;136;152;196;166;172;160;135;276;882;8775
260900;2145;24;13;26;24;23;18;15;42;30;26;27;54;2467
260910;1290;41;14;31;33;105;54;72;22;35;19;33;161;1910
260915;677;3;0;2;3;2;1;1;1;1;0;3;2;696
260920;1259;0;1;1;3;1;2;1;2;2;0;0;1;1273
260930;609;15;10;4;1;10;5;7;4;5;1;3;6;680
260940;6549;295;699;319;149;134;112;136;485;187;128;217;252;9662
260950;4776;77;56;86;95;79;81;115;93;113;66;82;119;5838
260960;77448;2481;2530;2334;1864;2204;2354;2234;2325;1906;2201;2088;1824;103793
260970;1703;21;9;13;10;7;10;7;8;11;13;14;16;1842
260980;721;3;51;6;4;3;4;12;9;6;3;139;100;1061
260990;4518;56;65;57;76;54;82;87;61;91;67;42;111;5367
261000;6457;369;270;230;225;302;217;331;152;150;304;129;662;9798
261010;317;6;3;1;7;4;4;2;11;13;4;7;95;474
261020;1761;13;12;24;13;15;13;13;8;62;12;11;7;1964
261030;736;15;12;26;17;78;35;81;64;16;7;19;41;1147
261040;1158;10;10;4;7;4;5;12;3;1;5;8;25;1252
261050;1316;31;64;18;30;13;11;26;16;21;18;22;23;1609
261060;4840;144;121;173;126;172;150;187;161;112;118;145;831;7280
261070;31634;1013;911;1244;1023;901;770;1001;888;667;899;776;989;42716
261080;955;2;4;27;11;60;17;9;10;8;8;12;297;1420
261090;5102;85;63;103;104;92;95;106;145;111;96;160;416;6678
261100;4316;55;58;52;115;49;90;65;63;66;81;63;41;5114
261110;66063;3129;2074;3699;2915;2605;3035;2583;2919;3050;3503;5929;7083;108587
261120;756;7;8;17;17;14;15;16;7;11;14;20;81;983
261130;2290;27;48;51;38;71;47;53;34;78;55;33;277;3102
261140;921;5;8;10;21;18;17;21;14;14;49;10;113;1221
261150;1248;6;11;7;23;6;6;7;5;3;5;6;6;1339
261153;390;6;3;4;1;2;6;2;2;2;2;6;21;447
261160;662337;17773;20643;18238;15992;17717;15533;17303;18556;16939;17290;15399;21316;875036
261170;1111;19;15;15;14;15;21;6;13;17;16;14;388;1664
261180;3616;826;59;74;55;46;31;47;43;108;91;53;459;5508
261190;8010;211;3755;36;21;27;39;27;67;33;150;140;319;12835
261200;1035;10;26;8;13;16;11;7;29;33;18;76;130;1412
261210;532;2;1;1;2;0;1;1;1;5;7;1;4;558
261220;6192;166;182;170;183;171;165;169;224;161;129;154;416;8482
261230;574;5;16;15;7;9;7;14;11;19;14;7;666;1364
261240;1337;12;16;19;5;11;13;16;24;11;16;38;74;1592
261245;666;2;6;4;4;7;3;17;7;13;2;170;57;958
261247;606;7;9;4;6;9;3;8;2;2;4;31;10;701
261250;12177;253;230;340;270;333;279;351;351;340;436;412;1625;17397
261255;549;2;6;6;5;19;8;9;7;5;8;1;183;808
261260;2217;41;13;8;18;36;28;21;21;30;24;18;16;2491
261270;707;2;11;10;5;8;21;7;1;5;58;6;4;845
261280;789;11;4;3;7;3;2;4;4;10;4;10;14;865
261290;805;3;11;1;6;2;3;0;0;2;1;0;1;835
261300;5203;77;57;97;80;69;106;103;87;97;90;79;86;6231
261310;2595;41;92;54;51;57;51;61;54;47;46;50;633;3832
261320;1214;9;44;18;17;12;15;15;12;20;137;25;9;1547
261330;733;10;17;46;12;11;42;54;14;28;13;148;401;1529
261340;1415;22;41;35;24;32;42;35;29;25;19;127;237;2083
261350;2169;15;14;24;17;29;16;18;32;11;13;14;17;2389
261360;2400;35;43;103;50;96;126;54;78;108;61;95;258;3507
261370;9345;170;173;194;269;194;155;221;195;174;218;268;244;11820
261380;1164;12;16;14;10;11;13;12;9;19;20;23;179;1502
261390;10888;910;203;568;238;326;379;411;332;278;350;384;561;15828
261400;969;5;6;3;9;8;18;10;41;11;15;15;168;1278
261410;1981;29;39;24;45;79;56;39;29;63;35;28;23;2470
261420;8090;79;2668;319;138;83;75;134;864;134;71;58;98;12811
261430;642;2;1;5;9;11;5;4;3;58;5;11;28;784
261440;365;0;2;0;0;0;2;0;1;0;2;1;2;375
261450;6450;117;145;253;123;135;139;256;130;101;103;119;98;8169
261460;1847;13;20;21;25;24;13;22;17;18;18;15;13;2066
261470;1032;20;12;16;20;31;74;18;20;14;14;11;10;1292
261480;1337;6;4;11;14;14;3;297;11;20;7;26;2;1752
261485;3481;147;97;167;91;124;83;65;67;80;44;40;57;4543
261500;2078;18;37;43;30;46;45;32;33;31;29;207;376;3005
261510;246;10;0;2;8;2;0;0;1;1;1;15;1;287
261520;526;1;1;3;0;1;1;4;0;1;4;4;3;549
261530;5518;164;131;118;90;143;100;105;133;157;135;155;1045;7994
261540;6480;124;109;234;153;181;152;139;167;147;145;130;165;8326
261550;683;66;13;16;13;18;12;79;31;18;14;42;301;1306
261560;2307;39;81;48;55;61;58;57;61;38;58;84;88;3035
261570;1190;14;19;6;11;14;13;27;13;15;17;9;8;1356
261580;1159;2;2;1;4;6;2;3;4;5;1;8;7;1204
261590;431;3;4;23;4;3;10;8;9;11;10;5;241;762
261600;984;3;6;8;6;4;9;3;9;6;4;3;4;1049
261610;377;1;0;7;14;14;5;2;4;5;44;57;70;600
261618;538;1;7;13;6;7;4;8;3;1;2;6;75;671
261620;1049;4;9;13;15;8;22;14;11;15;14;16;9;1199
261630;3224;45;79;48;35;171;78;272;1049;60;82;51;1888;7082
261640;22184;388;1402;775;407;441;324;427;487;393;348;457;672;28705
261650;1278;223;12;48;36;18;17;21;20;32;2;61;107;1875
269999;0;0;0;0;0;0;0;0;0;0;0;0;0;0
270010;1424;13;4;4;4;3;3;2;6;4;1;3;6;1477
270020;1196;9;10;21;10;10;11;14;7;14;8;7;13;1330
270030;36517;875;1212;976;959;945;977;962;1083;993;782;886;913;48080
270040;4980;55;1697;125;76;73;71;41;140;51;106;57;52;7524
270050;1048;11;16;22;15;13;12;10;9;10;11;4;8;1189
270060;1888;36;53;54;30;50;34;44;38;109;92;69;98;2595
270070;1372;14;10;21;10;15;5;8;6;13;10;34;9;1527
270080;528;0;3;0;0;7;2;2;1;28;5;16;14;606
270090;293;0;0;0;1;0;0;0;0;1;1;0;0;296
270100;2240;26;48;294;62;61;51;26;20;33;56;31;57;3005
270110;604;3;2;29;2;7;1;2;2;3;1;0;5;661
270120;735;4;0;6;5;3;3;3;5;4;4;8;5;785
270130;1611;52;24;192;63;45;11;11;34;17;21;6;47;2134
270135;576;3;9;5;3;3;0;1;1;3;2;2;2;610
270140;4368;57;76;1599;156;211;34;27;35;174;69;47;1163;8016
270150;603;2;1;9;3;10;3;4;1;1;0;5;4;646
270160;600;9;10;5;4;1;3;5;3;0;2;0;2;644
270170;1289;30;20;31;24;17;20;25;18;66;8;25;16;1589
270180;443;1;0;0;1;2;0;0;3;0;1;0;0;451
270190;455;1;7;1;2;3;0;0;1;47;1;2;3;523
270200;506;4;1;4;2;3;3;2;3;4;2;2;3;539
270210;2039;235;495;104;38;8;46;7;8;1;79;23;53;3136
270220;612;2;6;10;3;15;6;8;3;26;13;31;16;751
270230;11675;150;986;332;2125;199;73;136;103;95;71;380;1823;18148
270235;1245;12;28;20;9;10;16;19;38;37;19;11;99;1563
270240;3941;99;457;752;82;389;140;86;692;75;136;97;844;7790
270250;608;1;14;15;4;6;1;8;15;2;6;4;28;712
270255;582;1;6;5;8;5;5;6;15;2;2;8;233;878
270260;891;6;2;4;7;3;9;6;6;9;3;10;1;957
270270;576;4;5;4;6;5;3;2;5;4;11;4;9;638
270280;1144;3;6;14;8;10;5;6;12;4;3;7;6;1228
270290;1328;8;13;7;6;7;5;12;11;9;1;12;4;1423
270300;779;11;3;4;4;2;5;2;4;5;7;26;6;858
270310;1159;1;12;5;7;3;5;11;7;8;3;12;2;1235
270320;3770;25;1388;181;251;10;2;2;9;6;18;21;20;5703
270330;722;4;2;3;3;2;3;1;1;2;4;2;4;753
270340;261;4;0;2;0;0;1;2;2;0;2;0;0;274
270350;474;31;16;18;9;5;37;6;6;5;1;5;76;689
270360;830;143;4;17;12;11;12;15;7;7;8;7;11;1084
270370;533;0;2;1;1;0;0;0;6;2;0;0;0;545
270375;1515;248;26;33;115;72;19;18;14;12;18;21;157;2268
270380;1523;7;18;16;12;6;17;17;6;15;19;31;45;1732
270390;466;5;3;9;2;4;1;4;2;1;1;2;0;500
270400;2200;33;46;62;65;35;45;47;112;53;30;115;378;3221
270410;914;8;10;27;7;6;5;17;88;110;31;22;18;1263
270420;1841;61;15;19;15;30;19;17;12;12;24;8;14;2087
270430;251800;6063;8932;7384;6434;6511;6741;6542;6122;5983;5426;6147;7717;331802
270440;1116;2;4;10;8;9;5;5;5;2;7;18;8;1199
270450;4738;72;73;93;100;87;109;87;81;122;78;75;58;5773
270460;345;3;0;1;1;1;2;1;0;4;1;0;3;362
270470;9209;185;158;1137;150;165;202;217;223;228;237;266;205;12582
270480;884;17;4;7;10;4;8;6;9;18;11;22;10;1010
270490;350;0;0;1;0;0;2;1;1;0;0;0;0;355
270500;779;2;3;5;7;1;5;5;2;3;6;5;2;825
270510;3903;140;137;746;50;38;41;29;37;67;50;74;514;5826
270520;1288;22;19;25;15;27;45;24;13;24;28;32;34;1596
270530;359;0;0;4;1;0;3;0;2;0;0;0;0;369
270540;464;1;1;1;0;1;1;0;1;0;1;1;1;473
270550;2739;36;90;46;26;22;41;61;49;28;27;24;34;3223
270560;1005;24;8;23;41;12;6;13;4;7;9;14;21;1187
270570;1885;11;79;17;9;24;22;13;22;18;15;18;24;2157
270580;524;1;2;4;2;3;3;9;2;5;10;0;49;614
270590;278;0;0;0;1;0;0;0;0;1;0;0;0;280
270600;666;4;1;1;3;2;0;2;2;2;0;3;1;687
270610;473;1;2;5;4;5;5;2;4;4;1;4;4;514
270620;288;0;0;0;1;0;0;0;0;0;0;0;0;289
270630;6670;111;108;106;89;197;453;189;85;130;95;162;83;8478
270640;1881;8;21;8;19;11;13;7;16;24;10;9;5;2032
270642;589;4;0;0;3;0;3;2;1;2;0;1;0;605
270644;1109;37;31;38;47;60;22;83;31;24;26;48;23;1579
270650;986;9;17;14;4;31;8;16;28;22;6;2;26;1169
270660;539;1;1;4;9;4;4;3;8;12;9;2;7;603
270670;7149;663;832;325;170;121;171;112;122;120;292;101;455;10633
270680;1078;4;6;3;3;0;5;3;6;9;4;3;3;1127
270690;3997;52;164;126;75;58;38;81;48;83;105;61;63;4951
270700;339;1;1;0;0;0;0;0;0;0;0;0;0;341
270710;503;52;9;9;7;8;6;16;10;13;8;9;9;659
270720;729;1;0;1;0;2;0;0;0;1;1;0;1;736
270730;4470;1129;134;47;59;59;42;49;27;57;68;225;267;6633
270740;807;37;11;8;4;3;6;4;6;4;12;7;8;917
270750;745;9;3;26;4;0;2;4;2;3;3;1;1;803
270760;666;4;9;2;3;4;6;3;4;4;2;13;3;723
270770;14208;2790;1309;675;352;264;192;151;171;133;160;315;348;21068
270780;825;0;0;7;18;6;1;9;14;3;5;2;7;897
270790;850;9;17;18;18;16;16;8;34;184;45;20;177;1412
270800;4163;122;67;68;551;113;86;101;64;133;102;366;279;6215
270810;794;5;1;7;3;0;3;2;1;2;3;2;0;823
270820;417;0;0;0;0;0;1;0;1;0;1;1;0;421
270830;5921;1779;645;68;55;31;51;22;425;45;39;103;92;9276
270840;2099;8;27;5;9;10;11;28;26;9;8;116;5;2361
270850;8642;93;84;1825;92;73;61;49;72;83;64;121;184;11443
270860;9711;129;690;1342;500;143;159;151;276;195;277;168;142;13883
270870;984;6;7;11;14;16;7;17;5;6;5;14;4;1096
270880;2020;23;24;35;27;20;26;12;27;25;52;22;57;2370
270890;1317;22;13;32;17;46;26;26;14;15;10;13;34;1585
270895;616;1;1;0;0;5;4;0;6;1;2;1;1;638
270900;384;6;0;1;1;0;1;0;3;2;0;2;0;400
270910;910;5;5;4;6;2;5;4;2;0;2;1;7;953
270915;3719;85;884;425;210;81;41;36;59;55;62;115;1794;7566
270920;1509;9;20;4;8;12;9;4;10;10;3;9;7;1614
270930;5083;78;120;81;73;88;79;64;77;92;76;48;56;6015
270940;2337;43;44;38;51;39;34;42;39;27;37;30;480;3241
279999;0;0;0;0;0;0;0;0;0;0;0;0;0;0
280010;427;6;4;7;2;7;6;5;6;5;5;5;4;489
280020;1601;21;25;16;14;19;15;18;20;19;23;57;19;1867
280030;216126;5916;5394;5911;5111;5257;5536;5666;5395;4769;4878;5118;6534;281611
280040;748;5;8;9;7;5;5;7;14;25;23;9;144;1009
280050;1148;17;82;34;15;30;11;32;17;14;10;25;106;1541
280060;3783;86;74;61;78;93;70;100;89;134;111;60;44;4783
280067;1827;34;32;38;11;24;34;42;21;22;39;24;154;2302
280070;218;9;2;4;11;3;6;2;12;20;6;4;298;595
280100;1631;50;32;59;32;36;54;27;89;37;28;32;78;2185
280110;402;1;5;0;0;0;0;1;1;0;3;0;2;415
280120;2302;43;31;19;21;95;32;22;40;15;17;37;40;2714
280130;5123;533;403;1331;259;337;58;77;29;162;40;212;593;9157
280140;1542;17;19;50;14;84;120;17;54;27;90;23;66;2123
280150;2947;230;102;319;307;140;143;40;56;52;73;105;298;4812
280160;432;4;2;2;4;6;3;7;0;8;6;6;39;519
280170;1168;39;13;78;34;28;56;20;31;11;327;31;226;2062
280190;334;6;5;0;3;2;5;67;6;10;5;2;52;497
280200;437;2;6;11;8;3;9;31;4;8;44;7;109;679
280210;9637;224;235;229;328;217;195;184;225;221;148;189;378;12410
280220;484;5;2;3;2;1;2;4;6;3;1;2;3;518
280230;2015;21;21;52;24;19;21;29;65;22;26;21;235;2571
280240;626;19;1;5;6;8;5;4;2;3;3;4;4;690
280250;361;0;2;4;0;3;19;3;5;4;5;2;15;423
280260;345;2;1;6;3;6;6;7;17;3;5;5;37;443
280270;449;3;2;6;10;3;2;7;2;3;13;3;7;510
280280;916;8;11;11;15;9;12;11;10;11;10;123;149;1296
280290;14717;293;357;371;306;374;907;426;327;366;374;310;540;19668
280300;3120;50;53;53;31;45;79;53;74;54;40;48;200;3900
280310;419;1;0;1;1;3;4;1;1;0;0;0;0;431
280320;4397;152;75;327;108;117;90;129;82;75;77;78;399;6106
280330;2132;32;17;69;53;27;36;45;17;16;32;18;25;2519
280340;1505;16;14;12;42;13;15;8;9;70;79;215;16;2014
280350;12093;260;245;247;242;220;256;346;246;286;304;225;953;15923
280360;6908;114;2122;135;88;58;83;94;269;958;174;165;181;11349
280370;633;4;10;6;5;4;11;8;12;3;5;8;16;725
280380;626;1;4;2;4;13;2;3;3;3;4;1;5;671
280390;578;57;12;21;11;10;7;7;7;4;6;2;23;745
280400;1863;11;18;30;22;73;16;8;12;48;16;11;22;2150
280410;610;7;44;7;15;15;12;4;10;10;10;17;30;791
280420;906;6;6;26;22;54;3;6;3;4;7;10;3;1056
280430;890;4;6;9;14;40;13;13;13;7;15;4;15;1043
280440;2420;23;20;27;21;72;67;32;33;34;35;19;17;2820
280445;960;8;5;19;19;30;11;30;16;5;11;18;130;1262
280450;4656;119;80;78;73;82;102;76;99;60;70;58;67;5620
280460;3318;253;833;89;39;201;57;65;94;27;42;212;319;5549
280470;276;1;4;9;11;3;2;1;5;1;4;5;58;380
280480;19729;512;450;512;469;543;521;462;481;530;763;475;452;25899
280490;1106;1;2;0;5;2;2;7;1;4;0;1;2;1133
280500;216;4;1;0;0;0;0;1;1;0;2;17;1;243
280510;472;2;6;16;2;6;10;7;2;6;37;76;23;665
280520;445;16;4;18;18;5;5;6;5;5;7;4;18;556
280530;727;7;24;5;8;9;11;12;7;9;4;19;269;1111
280540;1158;9;16;13;18;13;9;10;84;9;12;3;9;1363
280550;1888;74;31;67;24;24;38;25;75;39;30;64;69;2448
280560;1492;4;5;24;7;7;9;1;4;5;2;6;6;1572
280570;3929;53;48;61;58;54;44;45;45;55;43;58;76;4569
280580;1442;9;4;14;7;2;2;7;5;7;6;3;5;1513
280590;1444;14;71;45;19;19;28;80;23;10;9;3;20;1785
280600;2024;20;46;39;41;49;23;33;38;26;24;44;27;2434
280610;2586;26;20;24;24;24;38;44;50;18;42;31;32;2959
280620;1391;11;13;154;20;29;23;20;32;18;18;123;128;1980
280630;865;3;6;19;18;16;42;51;79;23;13;21;266;1422
280640;642;1;1;0;3;2;2;2;12;1;2;4;3;675
280650;573;1;3;4;3;6;6;1;3;2;0;24;9;635
280660;798;4;4;6;5;9;4;9;8;7;11;6;3;874
280670;13210;236;206;254;272;364;370;466;232;232;209;311;253;16615
280680;948;6;10;4;7;12;11;0;3;4;13;6;6;1030
280690;466;1;1;0;2;1;1;1;1;0;1;2;2;479
280700;537;2;10;14;4;1;4;3;4;5;6;4;5;599
280710;4317;39;70;161;54;91;93;196;80;61;43;172;53;5430
280720;695;9;4;5;14;9;8;11;5;6;4;10;26;806
280730;349;1;0;3;3;1;3;1;3;10;20;1;25;420
280740;4219;117;105;102;71;745;57;101;58;93;70;62;92;5892
280750;900;5;4;7;8;4;4;5;2;5;2;6;4;956
280760;1838;28;91;49;28;44;75;41;43;37;29;564;243;3110
289999;0;0;0;0;0;0;0;0;0;0;0;0;0;0
290010;666;8;6;8;13;10;9;13;18;20;11;9;5;796
290020;1248;56;23;9;32;13;59;94;12;9;16;10;25;1606
290030;814;7;5;21;6;8;6;6;5;11;8;5;15;917
290035;734;2;6;3;10;6;103;170;65;22;2;65;4;1192
290040;1046;16;3;11;15;4;7;12;9;14;10;12;71;1230
290050;101;0;2;0;1;2;0;1;4;2;0;1;2;116
290060;455;3;3;3;2;7;3;6;3;37;5;9;5;541
290070;23507;635;626;769;615;616;742;610;668;938;652;534;1375;32287
290080;1585;10;23;36;34;36;73;44;78;23;20;25;210;2197
290090;389;3;1;3;1;7;2;3;3;5;5;3;3;428
290100;3271;43;39;65;57;36;30;106;71;61;96;69;239;4183
290110;2392;25;38;60;48;58;35;28;41;40;38;74;150;3027
290115;551;8;2;2;4;4;5;5;9;8;21;5;36;660
290120;1306;28;16;57;14;11;18;11;26;47;27;30;53;1644
290130;1023;10;4;8;7;9;10;11;13;16;2;69;112;1294
290135;1793;12;7;6;15;11;13;21;25;28;30;52;179;2192
290140;1048;10;5;12;8;20;9;11;45;13;7;26;37;1251
290150;1199;17;2;41;3;13;5;3;8;1;1;1;5;1299
290160;747;3;5;9;13;6;1;24;6;6;50;3;91;964
290170;714;11;8;10;4;4;12;3;33;11;126;5;125;1066
290180;586;1;3;5;3;1;1;4;2;1;0;8;0;615
290190;911;6;13;6;10;7;10;2;2;7;4;2;7;987
290195;386;0;4;6;2;1;0;14;4;3;2;5;5;432
290200;1291;19;15;18;16;15;11;18;21;15;29;17;15;1500
290205;830;539;17;15;20;68;20;18;12;55;51;60;285;1990
290210;2786;25;17;33;103;20;46;50;67;26;44;42;130;3389
290220;586;10;42;43;9;71;9;162;11;14;16;42;104;1119
290225;737;7;4;7;17;119;14;23;26;10;44;86;14;1108
290230;501;1;2;7;2;4;0;5;5;2;3;1;6;539
290240;989;15;21;18;18;16;12;18;54;10;13;17;27;1228
290250;869;13;16;15;7;17;153;7;142;9;51;17;84;1400
290260;972;7;7;11;22;11;19;21;28;62;93;84;103;1440
290265;654;33;9;12;27;33;9;7;3;1;4;14;68;874
290270;2481;46;21;44;28;20;20;26;18;20;27;52;26;2829
290280;1676;21;28;30;39;34;31;35;45;47;94;75;261;2416
290290;2650;110;92;99;195;87;72;173;118;95;237;250;225;4403
290300;677;3;4;10;5;2;3;1;0;2;3;5;0;715
290310;525;8;2;9;4;13;7;5;4;1;6;4;10;598
290320;28555;846;950;894;1347;1234;1222;1090;940;896;953;1127;1531;41585
290323;695;3;0;3;2;2;2;2;0;5;3;4;6;727
290327;1576;27;25;31;43;43;43;46;68;49;29;154;98;2232
290330;588;2;3;14;6;4;10;12;0;6;51;21;3;720
290340;1610;37;48;56;53;62;33;56;80;61;58;189;240;2583
290350;910;4;8;15;9;6;3;7;10;5;4;11;6;998
290360;1135;9;3;8;3;4;7;5;6;9;6;9;2;1206
290370;854;3;5;8;30;10;14;13;9;69;5;2;13;1035
290380;1153;3;5;17;5;10;12;10;9;16;12;6;6;1264
290390;7746;153;181;135;146;350;221;148;197;151;172;196;499;10295
290395;440;5;5;8;5;49;17;3;5;5;1;29;14;586
290400;606;4;3;3;3;3;10;2;6;8;4;71;102;825
290405;751;5;0;11;0;4;5;7;7;6;15;10;60;881
290410;1367;10;9;15;9;15;7;10;10;9;13;6;4;1484
290420;359;4;0;2;4;1;4;3;2;12;5;1;37;434
290430;761;19;15;14;13;9;15;16;23;9;27;9;175;1105
290440;496;0;7;4;2;7;3;2;2;7;2;2;7;541
290450;455;2;2;0;67;6;9;9;20;3;4;63;12;652
290460;13299;363;291;355;385;458;342;330;451;323;319;399;704;18019
290470;1200;20;22;18;27;22;23;15;17;13;10;18;53;1458
290475;1138;1;10;6;3;10;11;7;8;5;9;7;33;1248
290480;976;2;6;8;2;5;6;5;7;9;2;2;8;1038
290485;977;14;18;12;11;9;5;8;11;17;10;104;38;1234
290490;3479;40;54;60;70;67;58;79;54;44;39;80;68;4192
290500;2755;37;69;39;50;27;48;35;41;39;33;29;30;3232
290510;548;6;9;12;5;4;5;3;2;50;50;1;9;704
290515;424;9;3;9;6;13;10;27;4;9;51;11;136;712
290520;5366;159;223;213;150;211;134;148;141;128;214;205;684;7976
290530;795;10;4;9;7;7;13;4;20;8;12;70;2;961
290540;3009;162;68;110;108;112;116;67;82;53;86;64;123;4160
290550;814;6;10;12;7;35;16;19;8;4;7;222;37;1197
290560;2537;35;43;54;42;66;46;48;45;58;50;88;57;3169
290570;71397;2602;1846;2813;2038;2348;2438;2138;2459;2496;2322;2066;2887;99850
290580;2398;45;38;48;35;39;34;40;55;87;23;32;246;3120
290590;1213;31;30;19;53;32;9;6;3;17;8;30;79;1530
290600;4551;117;127;265;168;163;77;60;73;71;101;180;68;6021
290610;750;3;6;6;11;7;3;3;9;11;8;4;3;824
290620;1334;9;5;4;4;8;6;5;5;2;10;1;3;1396
290630;2229;47;55;37;42;72;36;39;41;32;77;373;204;3284
290640;506;1;2;1;3;4;5;0;1;1;6;12;3;545
290650;14694;650;303;528;349;376;442;495;358;438;311;435;507;19886
290660;689;4;6;3;2;4;6;3;5;16;1;6;5;750
290670;1827;16;12;14;15;21;18;17;14;14;12;16;15;2011
290680;1857;19;11;16;14;17;13;17;11;27;31;199;75;2307
290682;659;2;2;2;1;3;4;3;1;6;5;22;9;719
290685;730;4;1;6;4;5;4;8;8;8;7;3;9;797
290687;3560;42;61;67;50;76;62;54;55;72;59;54;67;4279
290689;452;5;1;13;12;3;2;2;0;2;1;7;6;506
290690;2449;47;48;58;59;123;135;233;81;51;58;75;167;3584
290700;589;5;5;8;7;13;5;22;6;5;3;15;7;690
290710;1390;6;6;22;6;5;11;89;14;9;7;7;27;1599
290720;7574;387;233;291;326;347;224;259;1399;360;656;1465;991;14512
290730;3053;36;75;86;46;45;63;33;50;38;39;42;28;3634
290740;356;7;6;8;9;6;7;3;10;8;1;3;14;438
290750;7309;344;310;217;132;127;229;151;217;166;154;248;245;9849
290755;237;4;0;3;3;2;2;4;2;8;13;9;4;291
290760;1356;4;3;10;3;3;13;5;1;8;62;14;20;1502
290770;396;1;1;2;2;2;0;0;1;2;6;66;1;480
290780;2125;31;42;33;35;25;30;30;114;32;28;52;125;2702
290790;961;18;8;10;15;7;138;26;9;18;6;42;194;1452
290800;1793;23;17;21;13;14;19;30;30;67;28;47;50;2152
290810;2431;66;28;75;83;40;116;216;129;94;73;133;115;3599
290820;1945;39;61;66;60;39;42;37;50;101;20;50;46;2556
290830;1754;10;14;30;19;49;29;28;26;24;48;269;82;2382
290840;6020;158;154;256;159;123;109;122;177;162;102;139;140;7821
290850;6914;248;180;204;194;136;148;158;162;162;143;191;290;9130
290860;1927;50;18;18;15;32;34;35;74;22;34;24;51;2334
290870;1708;4;6;11;14;19;26;25;23;79;32;43;241;2231
290880;301;1;5;4;1;2;2;0;2;5;2;20;1;346
290890;1886;8;15;17;15;16;16;9;42;37;34;22;55;2172
290900;555;1;3;3;1;7;1;3;3;1;0;56;25;659
290910;875;9;9;9;3;2;4;45;17;4;13;1;11;1002
290920;994;4;3;5;3;8;10;2;6;3;2;136;6;1182
290930;5032;307;129;172;178;264;188;146;224;236;204;526;557;8163
290940;869;9;60;9;7;7;5;4;7;10;11;95;93;1186
290950;384;4;1;0;3;1;2;0;0;0;1;2;3;401
290960;1150;8;5;10;5;6;5;2;7;7;6;8;95;1314
290970;564;4;20;61;5;12;12;17;4;4;3;25;22;753
290980;11354;232;325;353;230;244;346;314;504;372;469;309;806;15858
290990;2560;21;20;32;20;31;50;30;38;112;65;51;128;3158
291000;903;1;4;3;0;3;3;3;2;2;3;4;1;932
291005;12904;671;755;674;778;867;869;630;737;776;557;1652;1361;23231
291010;775;10;7;15;9;13;30;52;16;13;15;23;89;1067
291020;251;3;1;5;1;4;1;4;3;1;3;3;49;329
291030;414;5;5;6;1;5;4;2;5;2;5;40;47;541
291040;1583;21;16;20;13;22;25;25;42;41;37;26;267;2138
291050;4594;99;109;94;85;71;132;156;128;117;124;133;235;6077
291060;4301;56;45;51;108;87;74;45;134;87;76;57;176;5297
291070;3766;63;85;75;67;186;57;75;53;42;57;195;62;4783
291072;21607;652;878;988;1006;1611;2587;1992;1721;616;819;705;2620;37802
291075;942;28;7;7;5;9;6;11;13;13;15;17;37;1110
291077;299;5;1;5;14;3;6;4;5;2;42;23;18;427
291080;114484;3032;3215;3925;2994;3320;3758;3280;3367;3622;2726;3311;3150;154184
291085;956;14;10;13;14;23;11;8;26;9;8;10;10;1112
291090;859;4;2;6;8;4;1;6;6;11;4;16;27;954
291100;752;11;3;15;6;13;6;9;22;5;7;10;83;942
291110;4427;241;92;160;434;365;254;463;183;161;219;320;490;7809
291120;2960;45;46;46;69;61;100;72;54;37;111;57;149;3807
291125;386;0;0;1;0;0;1;1;1;0;4;1;1;396
291130;591;1;2;2;9;12;1;10;2;6;3;3;115;757
291140;954;13;10;11;6;19;12;4;25;14;63;9;10;1150
291150;705;2;6;10;2;8;14;14;26;11;9;3;6;816
291160;2680;97;144;261;225;158;26;66;35;21;18;127;124;3982
291165;488;3;0;6;4;3;6;2;3;0;3;4;25;547
291170;10817;272;236;285;249;331;267;311;225;235;223;283;1096;14830
291180;1763;24;22;23;32;39;62;326;29;52;18;105;84;2579
291185;689;9;10;14;6;10;6;7;31;2;2;2;49;837
291190;2220;35;41;40;39;26;33;19;28;28;80;71;40;2700
291200;798;17;24;14;8;15;9;14;15;17;21;22;20;994
291210;2235;16;22;34;30;21;27;18;22;27;32;31;31;2546
291220;2512;48;108;95;73;59;91;81;94;58;49;54;213;3535
291230;1573;17;13;25;13;27;26;22;23;15;14;19;15;1802
291240;756;2;10;5;6;5;2;1;5;5;8;4;3;812
291250;792;1;2;14;1;1;4;6;5;7;7;4;98;942
291260;222;0;3;1;2;16;3;0;1;4;0;1;42;295
291270;1267;18;12;26;13;11;31;19;8;6;20;171;32;1634
291280;1798;23;98;26;32;20;37;58;62;41;39;65;197;2496
291290;1673;29;39;23;36;18;229;36;49;140;101;75;103;2551
291300;529;22;5;5;5;20;38;14;12;70;7;22;43;792
291310;746;10;3;6;7;6;3;6;3;3;3;2;3;801
291320;2501;37;51;34;41;45;38;53;33;64;32;35;192;3156
291330;357;3;2;3;5;3;5;12;7;1;4;3;39;444
291340;1088;6;6;15;5;13;12;16;44;35;11;47;143;1441
291345;1662;23;10;20;26;11;14;32;16;13;19;60;41;1947
291350;1583;16;14;24;9;14;21;18;13;14;17;7;5;1755
291360;31946;875;791;1033;699;678;685;692;780;721;614;739;722;40975
291370;2707;92;39;68;55;44;79;86;59;110;60;52;285;3736
291380;978;6;4;9;13;4;4;5;8;8;1;76;12;1128
291390;4439;79;69;137;79;93;82;86;116;87;103;66;108;5544
291400;6087;444;166;242;241;170;104;107;427;183;527;244;132;9074
291410;837;22;10;10;6;11;3;5;9;4;9;15;5;946
291420;503;2;3;3;3;3;5;2;2;1;6;1;17;551
291430;619;0;3;3;1;4;18;109;10;10;13;19;5;814
291440;1092;11;12;23;17;10;30;21;13;16;5;14;64;1328
291450;2043;12;19;22;21;28;20;30;26;24;15;126;253;2639
291460;10948;268;313;234;233;230;259;322;322;254;300;310;572;14565
291465;3690;91;93;131;78;97;276;282;154;102;95;132;85;5306
291470;9670;150;142;169;153;137;161;190;139;268;245;282;229;11935
291480;42332;1086;1332;1219;893;1044;878;939;1043;1416;1085;982;1356;55605
291490;3001;57;102;81;63;71;79;53;61;46;59;145;129;3947
291500;563;7;2;9;6;24;32;14;16;49;9;2;219;952
291510;702;9;3;4;9;6;7;6;6;85;3;5;3;848
291520;1664;15;24;39;26;16;50;95;19;18;33;22;82;2103
291530;931;5;35;18;38;20;36;115;13;20;28;29;47;1335
291535;670;5;5;8;5;4;7;12;9;19;8;48;210;1010
291540;573;6;3;6;6;3;4;5;6;3;6;187;103;911
291550;1863;20;36;44;26;59;68;52;28;73;49;40;67;2425
291560;7651;248;349;278;321;510;1574;363;379;348;423;293;1443;14180
291570;596;5;6;6;10;2;6;6;3;4;4;9;2;659
291580;2012;32;28;34;31;28;34;26;38;38;24;37;92;2454
291590;544;3;3;10;6;4;2;10;10;9;4;6;3;614
291600;1372;16;22;19;24;20;16;22;20;33;17;19;37;1637
291610;1914;36;20;239;36;51;39;46;46;55;48;149;304;2983
291620;893;10;10;5;6;7;14;5;10;13;16;17;49;1055
291630;964;10;8;27;16;16;13;4;20;29;7;6;63;1183
291640;13151;297;262;225;266;318;311;232;294;326;176;301;161;16320
291650;1746;28;24;20;18;29;32;18;22;35;16;24;273;2285
291660;785;11;6;11;9;15;5;7;7;9;5;15;23;908
291670;474;11;2;6;7;5;54;9;10;9;34;6;57;684
291680;2297;14;29;30;31;29;16;21;88;76;24;76;43;2774
291685;1323;24;24;22;40;24;29;27;39;90;39;188;65;1934
291690;840;47;2;8;20;4;12;5;13;46;57;4;37;1095
291700;1939;11;15;5;13;13;13;31;14;8;15;50;23;2150
291710;2333;18;46;26;31;42;35;57;17;26;38;59;52;2780
291720;1196;15;20;16;10;5;8;34;15;28;11;10;16;1384
291730;2509;30;44;39;49;79;43;69;44;49;87;155;46;3243
291733;649;3;1;5;13;2;3;2;4;5;4;15;21;727
291735;2204;78;67;62;67;112;101;64;88;115;110;130;139;3337
291740;628;3;7;4;2;2;1;6;5;1;4;11;14;688
291750;10459;204;232;470;224;209;181;236;206;216;181;230;229;13277
291760;3528;50;65;70;66;47;48;70;51;147;189;107;519;4957
291770;3325;62;57;177;166;84;42;44;47;85;67;128;513;4797
291780;1064;7;4;14;24;10;37;14;36;14;5;11;88;1328
291790;625;7;16;16;5;10;14;11;10;16;19;10;84;843
291800;23471;597;550;684;554;1070;749;721;579;542;564;737;1253;32071
291810;2226;26;26;102;30;29;259;30;36;43;134;174;203;3318
291820;825;3;4;8;5;10;4;11;8;8;1;6;8;901
291830;842;9;18;7;11;20;21;42;32;44;18;208;10;1282
291835;1394;26;14;20;5;15;25;10;21;15;14;17;13;1589
291840;36101;1055;1103;1446;2393;1739;1303;1370;1427;1189;1898;3544;2620;57188
291845;764;8;8;15;2;9;8;7;28;11;14;41;7;922
291850;623;3;5;6;2;4;3;1;3;7;7;7;4;675
291855;682;6;3;4;6;12;21;17;6;1;8;32;2;800
291860;513;1;7;27;6;4;8;3;26;2;4;1;11;613
291870;484;2;1;4;4;3;4;4;5;3;11;4;3;532
291875;778;2;10;19;3;6;5;6;2;5;2;5;19;862
291880;1255;10;14;15;22;14;17;122;16;36;25;49;391;1986
291890;559;13;15;15;14;8;12;9;21;13;8;115;17;819
291900;319;2;2;7;5;2;1;0;3;4;4;2;1;352
291905;557;4;5;7;7;5;1;7;6;0;7;5;11;622
291910;426;2;1;1;2;2;1;10;20;2;39;13;39;558
291915;1220;12;23;17;9;15;11;11;17;36;59;58;293;1781
291920;104419;4054;3864;4995;3758;4715;3874;3227;3240;3173;2869;2972;5695;150855
291930;519;15;19;16;11;14;12;10;15;14;18;8;13;684
291940;703;13;5;5;7;5;6;11;5;5;13;78;176;1032
291950;3333;82;56;71;59;73;54;38;51;61;41;57;131;4107
291955;21208;1018;1029;938;1295;1288;1236;1152;1135;1394;1347;1345;1426;35811
291960;451;6;1;3;1;3;4;3;2;7;2;3;2;488
291970;1890;21;21;19;14;18;18;15;12;8;19;17;15;2087
291980;2241;69;24;35;36;15;24;28;31;21;33;106;677;3340
291990;794;0;1;0;0;5;3;2;3;0;6;0;0;814
291992;3037;537;53;89;55;61;66;62;154;198;70;102;64;4548
291995;405;4;6;2;6;2;2;11;7;22;58;7;155;687
292000;1196;14;9;18;16;21;17;40;46;7;13;25;29;1451
292010;950;16;12;15;9;16;19;15;14;7;33;26;96;1228
292020;937;6;7;10;10;8;6;7;9;7;4;11;9;1031
292030;670;3;2;4;0;6;4;3;4;7;4;5;12;724
292040;438;7;6;4;4;11;7;6;5;4;11;6;8;517
292045;525;0;1;2;1;0;0;1;2;1;3;3;0;539
292050;3004;137;65;100;87;251;74;91;39;25;56;139;50;4118
292060;1872;14;17;17;35;46;46;21;24;70;75;42;101;2380
292070;1657;74;31;58;48;44;32;20;37;32;66;334;277;2710
292080;614;4;2;1;1;6;11;2;2;1;6;3;2;655
292090;991;11;18;15;13;14;9;15;16;15;4;7;61;1189
292100;13958;372;479;625;404;536;320;437;415;308;354;387;635;19230
292105;531;0;0;0;2;0;1;4;2;15;8;22;44;629
292110;2823;22;56;64;60;98;46;67;56;39;68;234;1007;4640
292120;1903;33;25;30;12;31;10;22;30;13;17;29;39;2194
292130;698;17;15;16;28;17;21;12;20;155;16;36;84;1135
292140;799;1;6;1;28;5;2;4;5;1;0;0;0;852
292145;429;2;6;2;3;4;2;5;2;10;2;8;25;500
292150;2364;15;21;34;26;15;20;33;20;11;123;46;13;2741
292160;387;3;19;8;21;19;5;11;69;38;35;6;51;672
292170;3199;44;87;144;78;144;64;104;111;67;174;352;331;4899
292180;698;10;6;7;4;2;6;9;5;8;2;15;91;863
292190;2382;41;44;154;52;121;334;112;97;84;104;309;97;3931
292200;8057;193;531;290;192;210;257;199;400;264;469;496;468;12026
292205;849;0;1;0;1;8;1;3;4;4;4;3;9;887
292210;1077;7;5;14;16;10;14;14;20;23;48;12;113;1373
292220;452;3;3;6;3;27;5;2;3;5;2;49;5;565
292225;790;11;13;11;7;7;17;11;38;5;15;8;18;951
292230;2230;26;41;71;29;37;58;83;224;150;58;25;28;3060
292240;1537;20;20;14;13;25;25;20;18;48;24;19;15;1798
292250;2562;33;15;41;29;41;32;35;31;17;21;37;31;2925
292260;693;6;4;4;4;6;4;7;3;4;4;6;6;751
292265;827;12;6;18;12;11;6;9;8;6;6;12;8;941
292270;962;9;9;51;7;20;13;15;12;13;11;14;5;1141
292273;544;1;9;5;6;8;9;8;19;10;2;29;1;651
292275;403;4;3;13;5;3;3;3;4;2;9;8;3;463
292280;455;3;4;2;1;2;2;7;3;24;11;14;95;623
292285;465;2;53;3;3;7;3;4;18;291;119;52;0;1020
292290;1288;18;11;11;15;14;4;11;18;19;48;26;267;1750
292300;5836;133;184;317;179;274;127;175;256;169;243;129;363;8385
292303;498;1;3;1;3;2;0;4;2;3;7;71;35;630
292305;633;6;2;2;2;1;1;0;2;11;23;3;0;686
292310;1245;8;21;32;15;19;11;22;9;21;32;27;158;1620
292320;1311;10;13;34;20;7;9;25;11;14;13;14;20;1501
292330;445;11;10;4;1;3;4;32;0;11;8;4;6;539
292335;1562;35;44;39;21;37;31;40;51;104;31;68;50;2113
292340;1121;4;20;10;13;24;9;13;15;5;8;18;83;1343
292350;573;10;15;13;10;12;9;8;58;10;21;20;4;763
292360;1443;25;20;28;20;19;41;18;27;19;22;27;35;1744
292370;1673;24;13;13;18;12;17;10;17;12;21;30;83;1943
292380;1945;43;24;28;27;21;36;24;21;40;17;17;39;2282
292390;827;15;20;7;10;6;6;2;6;5;5;7;22;938
292400;14700;398;329;329;297;351;281;387;263;317;296;428;295;18671
292405;732;5;15;21;5;6;8;8;12;58;11;17;6;904
292410;342;0;7;1;5;8;9;3;10;4;5;2;3;399
292420;847;5;2;1;2;5;3;1;2;1;1;1;0;871
292430;663;6;2;4;9;5;4;1;5;5;3;2;46;755
292440;1508;1;3;7;5;10;16;10;30;27;8;6;10;1641
292450;454;5;2;5;9;9;8;29;10;7;6;1;110;655
292460;1132;31;10;7;10;5;15;7;6;7;31;45;65;1371
292465;734;12;1;17;2;2;11;3;14;1;13;12;7;829
292467;636;7;1;10;6;27;8;7;11;1;2;4;8;728
292470;503;4;1;2;4;1;3;1;1;1;1;2;1;525
292480;782;93;7;9;36;12;8;4;2;4;8;8;33;1006
292490;361;2;1;2;5;2;6;6;4;4;1;21;209;624
292500;1703;30;25;28;44;26;37;34;26;18;16;98;13;2098
292510;3112;63;120;44;63;39;106;64;57;47;33;40;72;3860
292520;6393;93;120;121;159;173;146;371;164;84;138;96;196;8254
292525;966;16;52;159;149;25;56;29;14;56;16;20;20;1578
292530;29635;1239;1380;1798;1165;968;1280;1714;1594;961;966;1032;2199;45931
292540;1051;5;15;67;32;14;14;22;20;11;6;8;21;1286
292550;3690;71;90;116;79;142;399;164;241;74;83;74;65;5288
292560;727;1;9;13;9;5;5;3;6;7;4;2;2;793
292570;528;6;7;3;4;4;9;8;3;5;2;76;104;759
292575;1794;18;11;66;36;17;31;62;38;50;57;183;31;2394
292580;1503;38;9;32;12;22;17;23;11;10;16;9;9;1711
292590;1014;25;32;9;8;12;9;4;13;4;31;17;250;1428
292593;572;2;4;3;3;2;17;29;72;4;5;9;11;733
292595;1237;5;15;15;17;8;15;10;34;23;46;120;134;1679
292600;3128;212;36;39;53;41;78;30;62;32;44;123;585;4463
292610;1181;14;16;16;16;26;38;52;192;85;46;107;142;1931
292620;2314;86;36;52;51;128;70;53;98;102;63;86;166;3305
292630;2617;38;62;63;46;71;55;48;52;47;66;29;178;3372
292640;1377;23;24;22;14;12;12;7;6;46;22;74;244;1883
292650;1172;42;74;24;94;338;17;2;11;9;38;28;21;1870
292660;4219;93;64;65;46;66;83;98;164;85;62;112;515;5672
292665;802;10;4;7;7;7;9;22;6;17;17;4;1;913
292670;770;3;7;4;15;11;9;5;20;12;16;5;4;881
292680;771;5;15;8;2;1;6;4;4;6;3;6;59;890
292690;628;2;1;3;0;1;2;2;3;3;2;1;1;649
292700;3144;92;71;80;38;39;55;104;50;98;251;82;618;4722
292710;606;5;6;4;5;4;2;7;6;4;4;142;90;885
292720;2900;41;38;53;55;79;66;172;64;61;79;35;516;4159
292730;781;8;4;13;12;9;19;27;14;16;10;8;234;1155
292740;766796;20721;18339;25386;19470;21776;19143;21133;21930;20493;18926;19699;22973;1016785
292750;1266;68;11;21;23;18;22;16;14;11;22;14;80;1586
292760;1005;7;17;2;5;5;1;2;6;8;5;5;8;1076
292770;4013;98;122;144;137;146;105;195;228;347;322;137;981;6975
292780;586;7;5;0;1;4;4;10;3;5;4;2;3;634
292790;512;3;14;34;8;8;16;10;5;3;8;7;10;638
292800;2693;18;36;58;54;38;117;54;40;33;48;67;154;3410
292805;798;9;13;27;12;8;11;7;14;42;27;85;73;1126
292810;4042;64;59;44;69;84;104;89;88;158;119;131;278;5329
292820;1545;17;14;9;13;17;14;9;33;15;6;6;19;1717
292830;392;1;3;5;6;2;4;1;0;1;2;1;12;430
292840;1312;26;10;12;96;10;9;16;12;8;11;13;11;1546
292850;580;13;14;11;8;8;18;14;16;22;36;118;38;896
292860;6602;86;84;82;77;106;111;94;65;86;83;105;91;7672
292870;20723;605;450;641;463;549;621;580;585;507;556;463;749;27492
292880;7188;99;75;106;106;173;129;244;131;111;118;129;227;8836
292890;7762;317;217;307;543;561;400;362;355;578;678;412;464;12956
292895;453;10;8;8;4;8;8;15;12;140;31;24;114;835
292900;1249;37;67;63;32;31;15;21;12;15;13;12;29;1596
292905;1413;7;96;12;7;18;9;7;14;9;7;9;124;1732
292910;1369;9;24;23;25;27;18;27;39;29;54;177;251;2072
292920;9677;3541;316;170;115;203;342;130;2990;65;122;41;98;17810
292925;906;7;5;5;5;6;4;9;7;19;2;3;105;1083
292930;6086;93;108;79;98;131;119;145;130;110;103;99;117;7418
292935;513;3;4;3;8;8;7;6;6;5;8;71;48;690
292937;622;1;6;7;5;8;12;5;8;16;3;31;1;725
292940;710;6;7;8;7;70;9;13;6;14;17;10;105;982
292950;4104;105;112;175;164;154;135;110;126;206;105;132;922;6550
292960;1417;20;13;13;29;18;324;34;107;153;88;22;27;2265
292970;1485;9;10;15;16;13;4;55;15;48;34;17;51;1772
292975;841;7;14;14;10;12;5;14;7;10;26;23;54;1037
292980;748;4;5;8;8;3;7;7;9;4;4;6;17;830
292990;3437;48;82;61;53;43;45;44;47;52;60;56;310;4338
293000;641;5;6;3;5;5;11;5;2;16;58;13;1;771
293010;7627;137;158;202;138;184;167;165;203;136;135;160;151;9563
293015;2495;35;35;45;52;48;96;48;39;68;100;202;203;3466
293020;2177;7;16;28;44;31;46;31;74;44;129;14;3;2644
293030;1100;3;12;3;3;2;7;6;4;2;5;4;8;1159
293040;692;1;11;12;2;10;11;4;38;9;8;14;245;1057
293050;8929;157;166;253;120;166;147;175;202;255;159;167;139;11035
293060;899;5;8;13;6;7;7;13;9;21;10;23;41;1062
293070;30037;1689;991;1348;1145;1116;1042;944;1138;1023;1050;878;2231;44632
293075;787;16;8;13;16;24;7;7;9;6;14;7;44;958
293076;632;0;4;3;2;2;17;2;2;1;3;6;17;691
293077;1893;20;58;117;68;50;47;38;61;61;488;346;287;3534
293080;583;2;9;3;1;3;7;4;2;9;1;24;62;710
293090;807;7;15;3;6;7;4;13;60;18;21;40;48;1049
293100;1460;35;31;37;16;28;27;42;33;31;28;31;152;1951
293105;1051;11;7;9;15;6;6;8;16;21;3;16;43;1212
293110;461;12;6;3;6;5;7;7;7;14;13;7;14;562
293120;906;9;7;9;10;10;9;7;12;8;7;5;89;1088
293130;912;4;4;8;2;2;4;5;5;2;3;7;13;971
293135;24636;919;746;974;710;698;1184;916;834;686;621;722;1085;34731
293140;1061;25;20;27;3;25;40;17;15;32;52;42;213;1572
293150;992;13;13;13;40;44;221;31;36;26;237;7;12;1685
293160;1039;11;10;9;4;9;13;19;8;10;2;3;10;1147
293170;1268;19;13;29;31;41;35;30;61;37;40;97;83;1784
293180;776;32;18;8;7;18;17;18;6;15;10;9;110;1044
293190;3225;34;29;55;80;44;30;25;32;27;79;31;200;3891
293200;1223;14;39;30;27;12;39;20;34;38;132;96;150;1854
293210;1457;9;8;25;8;5;17;60;14;514;6;11;20;2154
293220;2078;26;27;28;28;27;27;35;35;28;22;176;147;2684
293230;1702;10;16;28;14;16;17;39;27;19;54;65;43;2050
293240;616;3;2;2;2;4;0;1;0;3;6;5;0;644
293245;933;48;12;12;26;51;116;204;47;10;14;106;22;1601
293250;2672;43;37;121;94;135;30;33;32;44;38;39;134;3452
293260;859;16;7;11;7;19;10;9;13;15;18;13;138;1135
293270;1554;29;45;55;88;31;24;21;42;22;26;26;41;2004
293280;1233;7;5;13;14;16;11;8;20;59;6;16;22;1430
293290;10603;225;199;260;300;303;320;280;1102;187;222;514;610;15125
293300;2516;37;57;78;30;72;37;48;178;31;38;304;469;3895
293305;663;6;8;76;9;7;14;11;49;25;16;10;95;989
293310;413;4;10;5;2;3;7;5;4;3;1;63;0;520
293315;855;4;3;3;1;9;9;8;8;5;5;4;22;936
293317;508;3;15;21;6;18;22;82;7;7;32;42;1;764
293320;3885;79;82;192;171;170;139;126;156;136;83;80;322;5621
293325;607;13;6;7;2;6;11;7;3;11;14;11;62;760
293330;68186;1645;2000;1955;1756;1912;1834;1988;1915;1880;1762;1856;1698;90387
293340;467;1;3;2;2;2;8;8;1;4;5;2;86;591
293345;865;5;7;9;19;8;11;4;7;6;5;11;143;1100
293350;1255;9;12;9;9;9;3;16;10;9;9;6;18;1374
293360;2830;22;39;39;51;41;32;47;73;47;28;76;367;3692
299999;0;0;0;0;0;0;0;0;0;0;0;0;0;0
310010;2716;83;80;100;98;110;85;103;84;82;113;87;137;3878
310020;4084;121;125;138;133;140;147;125;144;93;130;143;256;5779
310030;1706;46;56;67;40;46;47;44;49;58;38;34;61;2292
310040;462;7;13;4;12;26;8;6;3;8;11;11;17;588
310050;563;7;12;9;12;15;12;9;14;6;8;6;13;686
310060;989;15;15;10;50;24;17;44;16;25;91;13;58;1367
310070;686;5;11;9;6;6;22;45;74;42;7;27;21;961
310080;713;24;14;12;16;24;15;32;16;12;18;15;7;918
310090;1728;34;34;34;38;32;36;59;35;59;64;107;129;2389
310100;1215;15;11;11;17;19;19;25;23;24;22;15;99;1515
310110;3092;156;68;137;75;94;63;97;96;87;89;81;236;4371
310120;891;35;20;23;12;24;16;21;33;10;24;13;73;1195
310130;369;1;4;7;4;3;4;9;0;1;3;4;9;418
310140;393;8;3;9;10;12;10;31;104;35;21;14;10;660
310150;5599;130;113;148;135;145;166;120;104;148;203;91;193;7295
310160;20655;673;577;824;695;724;628;1174;997;1038;853;786;1155;30779
310163;825;17;18;25;19;33;25;26;16;22;24;17;34;1101
310170;5122;112;111;151;100;131;113;152;99;131;86;120;240;6668
310180;840;23;50;41;16;31;15;7;20;18;25;15;23;1124
310190;2678;65;70;91;79;65;59;55;100;109;81;81;70;3603
310200;1666;44;56;70;51;51;72;45;140;52;68;39;97;2451
310205;562;12;7;18;15;11;10;22;42;11;8;7;23;748
310210;900;13;20;101;15;26;11;34;45;28;38;15;24;1270
310220;273;8;4;2;7;6;6;7;3;3;4;3;92;418
310230;2537;25;32;61;37;31;31;20;38;32;26;30;24;2924
310240;456;7;6;38;3;7;8;6;7;3;3;6;15;565
310250;442;5;12;1;10;13;22;31;4;8;11;30;23;612
310260;10845;345;375;375;385;483;424;386;439;363;352;401;355;15528
310270;550;24;30;15;12;17;8;17;26;10;14;9;266;998
310280;1824;43;57;182;41;54;143;50;50;42;45;50;82;2663
310285;691;22;25;39;26;31;72;91;110;69;12;32;64;1284
310290;1411;15;34;33;23;23;31;40;33;18;19;21;67;1768
310300;1655;18;31;41;25;91;47;73;31;34;51;40;191;2328
310310;242;1;1;6;5;5;1;0;2;0;0;1;1;265
310320;454;7;9;13;2;6;15;12;11;7;7;10;84;637
310330;220;2;2;3;3;0;0;2;5;0;1;0;1;239
310340;3923;150;177;140;117;132;147;99;117;126;118;107;289;5642
310350;22996;877;844;1282;817;845;780;965;1339;926;783;872;975;34301
310360;435;7;3;8;2;18;11;9;5;8;8;4;17;535
310370;505;6;23;17;6;11;2;58;109;37;7;32;36;849
310375;2989;162;86;131;202;111;67;124;66;62;70;66;213;4349
310380;620;5;5;9;5;19;11;6;17;6;12;6;19;740
310390;1818;31;80;90;45;67;48;66;65;75;65;69;100;2619
310400;29198;1065;1254;1346;1240;1310;1252;1327;1468;1040;1158;1189;1252;44099
310410;2261;38;49;78;57;71;72;97;58;111;58;37;91;3078
310420;11026;468;430;490;372;485;404;373;353;338;372;426;432;15969
310430;1771;39;72;60;50;56;64;84;91;103;59;37;43;2529
310440;480;4;13;6;5;6;8;10;5;2;5;6;16;566
310445;292;3;3;3;18;4;2;14;11;10;7;5;73;445
310450;1652;45;24;49;26;41;35;33;30;33;46;48;167;2229
310460;3578;209;321;201;143;169;138;159;249;130;163;105;177;5742
310470;965;14;15;23;22;21;19;29;56;12;20;21;72;1289
310480;584;5;14;11;4;5;12;17;7;10;8;10;24;711
310490;3404;82;77;95;71;56;89;121;153;232;207;83;87;4757
310500;1133;37;69;41;39;34;51;223;74;204;56;58;54;2073
310510;4004;121;128;120;145;151;195;135;178;164;113;135;696;6285
310520;370;4;6;8;9;14;6;18;14;4;6;4;48;511
310530;975;25;32;34;14;15;25;42;62;30;25;10;20;1309
310540;4324;132;128;150;128;109;185;136;195;206;154;149;239;6235
310550;566;25;16;13;6;3;5;8;3;6;1;12;1;665
310560;26549;1279;843;950;760;765;749;1166;836;723;754;1022;927;37323
310570;513;8;4;13;6;3;6;9;9;10;14;15;6;616
310590;2796;72;191;99;69;85;89;107;111;44;67;61;48;3839
310600;1222;34;31;74;21;58;34;28;29;29;25;18;31;1634
310610;463;10;8;20;9;8;7;6;6;19;15;12;14;597
310620;1177785;37543;38369;44361;35804;40710;39812;42348;42617;38937;38534;40379;162402;1779601
310630;6164;199;263;185;218;133;179;212;230;78;213;698;197;8969
310640;741;38;21;24;22;25;17;61;38;19;19;160;279;1464
310650;615;6;3;6;8;10;11;40;27;7;16;4;44;797
310660;233;6;4;7;9;3;1;13;7;20;11;0;178;492
310665;441;8;4;11;7;7;5;9;4;6;9;10;24;545
310670;100863;2357;2638;3425;3922;3718;3190;3385;3541;3054;3483;3328;3098;140002
310680;330;4;7;4;1;0;8;1;4;4;0;3;10;376
310690;3066;75;77;280;99;110;98;108;83;101;97;82;106;4382
310700;302;9;2;5;3;9;9;7;3;3;3;4;16;375
310710;7600;262;345;393;185;336;306;490;631;485;212;266;385;11896
310720;630;70;9;20;14;34;12;16;9;11;17;6;14;862
310730;7514;226;217;234;193;151;279;313;210;214;266;217;349;10383
310740;11187;388;462;495;460;417;468;402;444;428;386;443;767;16747
310750;983;27;25;23;19;17;24;24;20;19;24;13;29;1247
310760;604;16;13;27;15;16;23;19;38;28;9;10;11;829
310770;1014;33;21;40;24;24;30;12;13;29;28;33;23;1324
310780;917;18;14;30;14;10;19;26;29;19;22;25;184;1327
310790;937;34;34;28;26;40;23;17;23;23;21;14;37;1257
310800;2331;73;48;54;43;69;54;198;131;320;129;54;94;3598
310810;604;19;23;33;26;15;12;14;9;14;14;9;53;845
310820;1028;52;25;27;18;22;36;59;72;31;18;67;38;1493
310825;461;4;6;35;36;20;5;10;8;7;7;10;124;733
310830;2717;70;60;83;63;96;81;66;77;58;57;76;73;3577
310840;2465;87;47;64;64;70;89;219;369;220;58;90;76;3918
310850;441;2;7;81;5;20;5;5;4;8;6;45;18;647
310855;1413;46;54;45;64;60;54;89;62;32;50;43;99;2111
310860;2703;59;54;56;68;58;90;74;118;59;47;99;361;3846
310870;340;3;3;6;3;4;13;5;5;4;1;7;3;397
310880;354;3;1;12;3;3;7;4;4;1;13;4;12;421
310890;1474;20;37;35;31;31;24;21;51;44;41;33;54;1896
310900;8977;211;277;276;217;200;267;284;277;222;181;170;419;11978
310910;1038;29;23;52;24;68;34;39;32;23;25;17;36;1440
310920;925;16;17;60;15;24;24;18;36;21;19;18;18;1211
310925;330;14;4;8;7;11;4;4;3;5;4;7;1;402
310930;3717;100;124;198;163;146;150;150;159;124;126;126;407;5690
310940;3116;134;120;169;146;154;171;240;178;165;128;163;454;5338
310945;845;18;15;19;10;20;15;28;27;14;18;22;99;1150
310950;1700;39;41;58;47;57;66;337;452;196;99;57;101;3250
310960;528;7;8;21;8;17;3;10;12;9;15;16;23;677
310970;1872;51;57;64;44;60;36;42;96;123;63;48;119;2675
310980;585;6;14;12;9;14;18;106;90;13;8;7;43;925
310990;2108;39;34;35;76;46;58;36;54;46;52;47;72;2703
311000;5180;260;132;144;140;134;193;172;177;158;236;229;182;7337
311010;465;7;7;10;8;3;6;21;4;3;4;16;12;566
311020;576;16;4;8;12;14;15;18;18;14;13;10;36;754
311030;2033;67;47;70;69;57;62;68;54;58;60;51;128;2824
311040;265;2;1;1;2;5;1;7;43;4;3;4;21;359
311050;4945;158;204;167;149;144;199;149;232;179;176;148;136;6986
311060;6881;250;210;345;432;285;298;275;274;207;230;263;301;10251
311070;1759;52;44;74;41;105;62;178;278;200;115;37;57;3002
311080;432;9;10;10;7;4;8;8;4;6;19;7;90;614
311090;2898;88;135;112;69;108;99;185;301;277;141;121;178;4712
311100;2644;187;107;145;83;110;130;144;299;393;149;131;166;4688
311110;2526;89;77;86;83;80;90;73;81;95;130;154;207;3771
311115;372;1;2;2;4;6;17;6;1;3;2;3;3;422
311120;9987;295;319;496;378;371;375;397;341;357;352;383;1252;15303
311130;1475;40;98;55;34;39;55;56;45;125;39;30;76;2167
311140;2512;90;39;64;104;84;99;61;61;64;70;96;199;3543
311150;2145;124;75;90;130;78;165;260;350;210;100;69;377;4173
311160;3841;124;139;120;86;120;161;174;327;174;137;97;164;5664
311170;442;9;3;5;11;2;7;99;100;16;5;4;31;734
311180;2077;35;79;48;39;42;44;87;45;56;44;32;140;2768
311190;570;7;18;14;23;26;17;10;9;15;18;15;44;786
311200;2111;57;83;89;72;59;65;53;72;40;60;60;120;2941
311205;499;2;4;14;2;36;2;6;26;2;9;6;55;663
311210;466;10;11;7;14;10;5;4;41;28;31;9;39;675
311220;441;9;7;15;24;6;10;35;39;8;4;4;16;618
311230;6147;158;154;202;127;160;161;314;234;206;157;213;533;8766
311240;1190;51;40;101;44;127;29;83;119;183;84;78;98;2227
311250;878;19;25;39;26;40;30;37;26;24;40;26;81;1291
311260;2604;135;195;188;75;142;444;224;81;296;90;71;165;4710
311265;486;4;5;11;7;9;17;5;57;11;8;5;6;631
311270;2466;31;21;49;56;31;23;28;33;39;33;68;82;2960
311280;2012;77;69;54;76;88;74;66;118;99;71;64;96;2964
311290;569;6;11;17;12;17;9;18;33;80;38;5;85;900
311300;958;14;24;27;20;14;17;14;24;24;12;19;201;1368
311310;365;5;1;6;2;6;5;6;3;2;12;2;28;443
311320;4096;132;108;172;96;158;121;128;113;112;76;96;223;5631
311330;5248;144;143;181;155;158;154;196;170;143;136;127;267;7222
311340;16591;453;546;752;544;638;720;735;755;669;452;549;885;24289
311350;1519;25;25;29;28;33;35;21;34;25;32;42;139;1987
311360;1060;36;29;33;42;41;31;34;98;34;53;32;94;1617
311370;2989;95;83;117;87;192;139;124;95;105;114;112;218;4470
311380;309;1;9;3;0;6;3;6;4;2;4;5;48;400
311390;2545;93;164;126;63;107;156;199;457;388;324;128;133;4883
311400;2148;61;51;59;67;49;116;41;159;88;38;32;101;3010
311410;2179;50;57;67;38;61;63;152;250;269;223;145;176;3730
311420;4283;110;114;152;140;149;110;141;151;180;124;128;212;5994
311430;5612;147;245;213;130;208;208;359;471;351;210;132;207;8493
311440;3418;157;85;132;104;139;167;114;209;109;134;114;231;5113
311450;3488;81;72;121;71;69;79;92;79;102;64;103;160;4581
311455;2169;56;66;134;49;38;40;42;40;32;44;88;106;2904
311460;601;8;17;18;3;8;9;15;6;5;7;9;15;721
311470;426;8;14;10;7;19;3;17;13;15;8;3;14;557
311480;469;4;6;7;8;4;7;4;4;2;4;9;8;536
311490;424;7;8;11;9;13;8;7;6;12;6;10;48;569
311500;539;29;29;24;17;31;32;80;69;36;48;60;77;1071
311510;2700;71;181;96;70;136;74;128;161;160;90;106;160;4133
311520;340;6;6;7;7;8;8;8;7;3;6;15;4;425
311530;15760;413;408;597;452;416;428;436;384;337;332;311;497;20771
311535;861;10;27;29;18;19;22;54;22;22;21;12;27;1144
311540;255;4;4;7;5;2;1;6;3;0;1;1;110;399
311545;605;21;14;21;9;14;5;11;10;11;31;13;43;808
311547;285;1;2;2;5;24;6;13;3;5;6;7;50;409
311550;3467;76;69;90;66;107;77;112;96;70;100;99;154;4583
311560;114;1;4;3;1;6;0;0;3;3;1;4;72;212
311570;471;12;19;13;19;8;5;10;13;14;10;9;215;818
311580;967;26;23;21;21;15;26;27;16;27;48;31;90;1338
311590;326;6;9;7;8;10;12;8;5;7;11;10;27;446
311600;410;9;4;3;7;7;6;6;6;3;5;2;53;521
311610;616;14;15;6;16;38;9;15;18;14;15;67;73;916
311615;1006;20;19;53;38;120;46;51;34;68;112;70;195;1832
311620;349;85;2;5;9;4;11;5;7;5;3;6;57;548
311630;341;6;6;6;5;5;10;2;3;7;0;5;30;426
311640;864;17;21;33;20;44;19;10;31;33;25;21;15;1153
311650;657;4;8;16;6;6;8;31;9;14;3;7;29;798
311660;8324;246;268;267;267;289;266;238;285;249;190;231;431;11551
311670;963;27;42;40;29;47;43;74;70;38;29;13;61;1476
311680;641;15;8;6;9;7;10;9;17;9;10;6;27;774
311690;2720;27;32;345;156;73;121;207;173;109;166;83;323;4535
311700;407;6;15;9;10;12;9;7;13;8;4;10;66;576
311710;1071;61;54;13;27;65;62;107;127;49;85;93;95;1909
311720;278;8;5;7;0;0;5;2;1;3;1;0;14;324
311730;5182;218;186;137;176;140;120;92;93;111;112;256;225;7048
311740;313;0;7;4;5;6;0;6;3;2;3;7;11;367
311750;4196;154;104;92;80;128;67;92;69;70;92;71;101;5316
311760;1804;33;43;527;37;44;33;30;26;17;67;38;58;2757
311770;2272;70;74;60;49;113;107;100;369;486;178;97;94;4069
311780;2353;62;76;71;65;54;61;75;127;100;88;57;87;3276
311783;301;3;12;3;7;6;6;10;7;10;9;44;65;483
311787;5377;154;170;283;117;157;164;186;129;169;124;147;169;7346
311790;1471;32;51;33;44;59;38;41;57;28;35;32;153;2074
311800;16650;699;494;602;431;530;511;434;733;481;456;498;612;23131
311810;324;7;6;31;1;5;4;4;6;9;1;6;17;421
311820;1470;39;34;39;106;35;28;24;39;39;31;94;52;2030
311830;20517;756;603;852;628;745;836;755;666;613;703;637;1033;29344
311840;1883;44;38;76;55;40;48;42;41;38;48;47;290;2690
311850;181;1;4;6;3;1;22;2;3;3;7;5;3;241
311860;185898;6615;6908;7836;6591;7634;6459;7357;7233;7278;7423;7066;7010;271308
311870;1305;46;54;41;54;51;47;72;152;72;44;85;59;2082
311880;1281;25;28;35;19;13;21;34;21;34;20;22;486;2039
311890;772;19;17;33;36;13;9;18;14;20;18;15;51;1035
311900;546;12;13;15;12;13;12;18;94;25;24;9;36;829
311910;2716;102;105;133;67;85;91;97;77;80;96;92;245;3986
311920;559;18;13;15;24;20;8;83;15;22;11;10;221;1019
311930;5333;164;214;253;189;346;170;208;292;609;174;162;432;8546
311940;15527;668;559;645;531;571;712;483;550;576;569;540;1273;23204
311950;738;12;11;14;13;16;10;91;18;11;26;17;205;1182
311960;473;10;12;9;6;7;13;17;9;9;11;16;36;628
311970;466;9;17;9;13;19;19;24;42;11;12;15;35;691
311980;622;17;18;21;15;18;31;63;74;61;87;43;71;1141
311990;276;11;8;3;3;4;4;5;3;6;2;2;5;332
311995;1537;47;33;47;47;35;51;35;53;69;54;47;91;2146
312000;348;18;4;5;6;11;5;4;6;3;8;11;1;430
312010;398;10;6;9;7;5;8;7;6;8;7;10;7;488
312015;452;7;9;8;11;8;13;3;8;71;10;12;35;647
312020;2830;86;115;152;118;114;127;171;208;155;142;153;104;4475
312030;351;0;11;16;2;4;2;13;4;28;5;3;57;496
312040;774;16;35;14;12;10;40;12;17;18;23;19;36;1026
312050;1291;31;40;48;86;42;28;26;44;39;22;20;80;1797
312060;638;15;17;24;23;12;19;6;18;28;16;11;21;848
312070;629;32;22;18;20;20;26;22;30;21;14;18;53;925
312080;2609;59;69;59;50;66;49;75;77;44;59;60;72;3348
312083;453;12;7;9;8;4;9;8;6;6;3;6;33;564
312087;451;14;17;21;7;8;10;10;4;4;6;6;56;614
312090;16024;525;648;580;479;530;466;454;486;396;543;431;377;21939
312100;489;5;5;24;6;9;5;5;8;18;7;7;59;647
312110;824;27;24;28;15;18;8;17;22;8;13;13;26;1043
312120;1649;62;74;67;60;52;57;63;74;51;58;60;77;2404
312125;3101;94;81;136;140;67;62;75;52;47;45;151;123;4174
312130;1037;24;26;32;19;21;25;36;19;21;15;20;13;1308
312140;607;4;10;4;8;8;8;9;6;6;5;8;9;692
312150;362;2;4;14;5;4;5;2;4;7;4;1;19;433
312160;9031;161;194;245;215;221;185;186;257;182;206;272;155;11510
312170;175;2;6;4;1;5;1;0;2;2;3;43;65;309
312180;654;11;8;17;12;22;21;13;25;14;13;9;30;849
312190;419;7;22;13;9;21;9;25;13;20;14;9;153;734
312200;1750;41;53;47;39;47;78;157;37;85;48;108;138;2628
312210;441;7;6;11;7;12;11;6;9;48;19;9;36;622
312220;373;13;4;7;8;8;8;15;11;16;21;30;200;714
312230;56895;2272;2454;2249;2120;2358;2397;2233;2197;2295;2041;2240;2905;84656
312235;765;5;7;10;14;3;11;11;10;15;15;6;125;997
312240;705;18;27;28;34;34;33;51;63;126;18;24;34;1195
312245;469;14;7;3;6;8;10;27;48;17;6;5;49;669
312247;334;19;4;5;7;6;6;0;6;8;3;4;16;418
312250;537;14;8;12;8;10;10;11;11;9;11;15;22;678
312260;407;4;11;8;6;7;4;5;5;3;9;3;20;492
312270;986;26;19;22;20;24;15;17;14;18;23;23;18;1225
312280;338;2;4;8;3;4;2;12;51;33;12;12;9;490
312290;942;24;22;18;21;19;22;39;43;21;19;30;18;1238
312300;2882;106;56;66;39;45;37;50;33;35;39;48;39;3475
312310;829;16;19;17;20;12;81;7;24;4;5;18;20;1072
312320;2071;65;65;69;49;82;62;60;75;62;63;47;121;2891
312330;365;3;3;5;3;3;34;4;6;8;6;7;28;475
312340;304;9;24;4;8;29;11;5;6;7;10;2;8;427
312350;337;4;4;2;10;2;4;1;4;5;4;1;4;382
312352;474;11;7;20;14;13;13;38;9;9;10;6;20;644
312360;5173;135;136;227;154;162;135;182;225;255;188;166;174;7312
312370;1264;33;43;47;34;22;43;35;28;44;37;37;315;1982
312380;723;14;9;20;7;20;11;20;16;12;9;6;26;893
312385;407;4;4;4;2;3;4;2;5;4;7;4;30;480
312390;1785;49;37;50;37;22;56;53;54;37;38;47;124;2389
312400;2206;58;84;201;64;55;89;80;121;42;36;66;251;3353
312410;6074;155;224;213;179;173;180;181;199;170;143;162;396;8449
312420;3144;97;72;83;78;109;77;88;62;87;86;55;77;4115
312430;3168;85;63;94;65;86;75;66;59;39;47;119;116;4082
312440;697;19;13;22;14;15;48;21;17;25;20;28;16;955
312450;1481;50;43;47;40;32;40;30;64;53;46;72;29;2027
312460;395;5;3;9;4;12;6;1;13;6;4;1;4;463
312470;435;8;14;22;10;17;6;4;22;8;17;6;88;657
312480;1432;44;44;42;48;75;112;124;59;98;178;253;96;2605
312490;1571;174;32;44;55;53;33;42;42;45;32;40;35;2198
312500;408;21;6;5;7;7;14;16;8;10;11;10;35;558
312510;19805;750;798;979;698;817;741;840;1026;793;790;690;1136;29863
312520;298;3;12;26;3;9;5;43;8;9;6;9;4;435
312530;581;13;5;14;13;12;9;10;4;12;7;9;10;699
312540;398;10;8;11;11;5;5;14;9;52;5;3;35;566
312550;381;1;2;2;2;1;6;3;4;4;5;1;11;423
312560;616;10;3;6;7;4;5;5;10;9;3;5;11;694
312570;2003;83;56;48;55;55;58;77;72;102;53;77;164;2903
312580;452;4;6;11;16;8;20;19;14;6;17;11;49;633
312590;941;22;24;10;15;12;22;13;17;16;21;24;39;1176
312595;680;32;33;24;25;20;15;23;23;16;16;12;241;1160
312600;1412;39;39;42;32;47;22;35;28;29;23;35;41;1824
312610;17912;841;716;877;714;716;770;650;665;646;672;638;1011;26828
312620;689;9;9;21;21;24;17;21;54;28;25;27;217;1162
312630;622;9;14;17;10;10;12;60;52;58;17;19;19;919
312640;462;6;0;10;3;14;10;15;18;21;4;0;23;586
312650;555;4;6;8;2;5;6;2;5;5;5;3;5;611
312660;480;14;7;9;13;8;7;6;4;0;25;9;24;606
312670;2451;54;73;129;58;78;126;125;83;83;44;75;170;3549
312675;570;4;6;17;6;17;15;8;7;8;47;7;21;733
312680;545;6;4;10;5;5;3;8;9;1;2;7;22;627
312690;789;28;72;22;31;21;6;111;29;36;16;18;294;1473
312695;255;8;5;5;2;2;5;1;10;5;7;0;21;326
312700;1681;78;74;110;71;57;47;99;135;68;101;87;306;2914
312705;344;2;2;2;4;4;3;3;8;24;13;39;33;481
312707;308;3;2;10;4;4;20;4;6;6;2;11;58;438
312710;12421;677;404;450;717;508;305;353;464;394;353;703;363;18112
312720;673;18;14;33;5;14;14;15;20;27;13;7;33;886
312730;716;26;18;24;25;50;27;24;28;58;13;28;152;1189
312733;350;1;3;1;2;12;2;6;12;6;4;9;84;492
312735;298;1;5;5;1;1;4;3;4;37;3;5;34;401
312737;490;7;13;0;2;3;7;4;5;5;2;2;3;543
312738;565;13;11;8;8;10;10;6;8;16;23;8;10;696
312740;680;7;22;11;13;23;25;11;9;14;14;19;14;862
312750;208;12;6;22;21;9;8;6;10;6;10;47;220;585
312760;1706;35;34;30;32;40;67;45;28;24;52;13;103;2209
312770;55564;1679;1972;2486;1976;1898;1904;1838;2072;2341;2099;1723;4672;82224
312780;1776;16;24;33;35;41;36;26;15;27;34;20;60;2143
312790;349;4;0;6;3;3;6;1;6;5;18;4;31;436
312800;6072;138;162;179;156;204;177;171;210;166;147;151;527;8460
312810;1994;140;57;75;64;91;92;118;125;92;63;109;131;3151
312820;950;36;13;31;14;16;31;63;35;78;14;60;38;1379
312825;354;1;2;12;8;3;57;4;1;2;4;2;26;476
312830;4567;101;139;141;198;149;156;209;230;217;181;116;145;6549
312840;1470;85;51;30;33;35;23;58;65;31;29;30;112;2052
312850;616;9;7;14;15;10;16;11;24;12;6;9;20;769
312860;1476;45;34;41;120;61;77;71;52;110;49;54;87;2277
312870;13403;457;430;514;413;485;573;573;628;662;447;447;433;19465
312880;1063;57;33;33;30;26;27;27;25;24;17;28;58;1448
312890;1036;38;28;41;76;30;58;71;112;159;28;36;107;1820
312900;963;30;35;26;25;22;24;23;19;23;24;18;48;1280
312910;767;22;23;24;16;13;18;27;19;15;21;25;63;1053
312920;933;18;20;29;46;72;21;39;48;82;59;44;60;1471
312930;942;30;30;18;23;29;123;104;34;21;31;5;56;1446
312940;610;26;24;19;12;10;16;6;16;9;16;8;24;796
312950;4754;241;212;305;324;360;214;392;462;295;278;272;319;8428
312960;517;7;11;9;27;12;43;18;14;25;20;17;94;814
312965;368;5;9;9;9;9;11;17;22;16;7;41;77;600
312970;2152;71;56;80;109;73;74;225;344;243;84;87;214;3812
312980;16146;646;509;605;425;490;478;478;644;822;465;489;674;22871
312990;354;1;8;11;8;8;7;6;5;9;6;11;2;436
313000;359;6;6;7;9;4;4;19;33;10;8;9;7;481
313005;432;5;7;37;11;10;11;9;5;7;6;10;60;610
313010;5860;215;224;232;229;220;146;160;216;164;152;132;433;8383
313020;3061;94;118;100;64;73;86;114;145;64;73;90;106;4188
313030;1393;41;31;34;36;27;26;37;27;19;31;37;96;1835
313040;1422;24;19;35;18;49;30;25;35;48;31;25;68;1829
313050;2049;47;56;64;54;57;56;73;153;70;87;84;100;2950
313055;559;6;9;20;32;27;68;74;66;25;46;28;30;990
313060;983;29;25;38;34;30;24;25;36;28;33;22;78;1385
313065;448;4;16;10;15;36;14;43;42;3;12;14;78;735
313070;1253;39;43;36;43;65;70;67;52;73;92;166;139;2138
313080;577;18;10;31;233;43;22;26;28;31;21;116;159;1315
313090;2509;64;45;58;97;57;75;95;72;76;51;68;50;3317
313100;998;24;16;32;18;27;115;27;27;24;29;27;148;1512
313110;954;30;12;23;18;33;13;39;26;25;22;26;83;1304
313115;1668;58;24;43;40;35;37;32;46;41;45;89;70;2228
313120;2206;70;78;78;58;62;63;55;40;76;44;67;253;3150
313130;62824;2748;2370;2521;1859;2374;2030;2082;2081;1706;1930;2154;2339;89018
313140;524;13;10;18;13;13;6;14;15;13;8;11;133;791
313150;1315;34;53;44;21;33;31;35;38;33;38;39;72;1786
313160;1114;51;34;60;25;24;37;25;42;25;79;28;52;1596
313170;26168;808;837;866;805;9119;750;1131;722;714;657;664;1180;44421
313180;1053;14;18;28;18;20;9;22;17;16;20;21;62;1318
313190;13733;424;607;619;438;649;452;686;569;436;400;403;410;19826
313200;624;26;19;39;22;12;13;5;7;6;119;3;38;933
313210;1900;41;25;45;49;51;41;29;62;88;77;74;166;2648
313220;2759;86;67;98;83;78;89;80;74;72;116;94;118;3814
313230;714;8;3;10;9;14;11;12;22;13;20;13;33;882
313240;24191;628;662;715;479;623;601;616;638;563;643;638;626;31623
313250;3479;79;81;90;57;87;107;131;88;93;73;81;200;4646
313260;589;15;21;14;9;8;9;9;14;9;8;6;15;726
313270;2397;43;43;67;36;46;42;90;75;69;37;35;142;3122
313280;227;1;5;4;6;7;2;3;6;5;3;1;36;306
313290;1604;24;45;52;38;44;46;59;80;90;46;44;63;2235
313300;3003;75;95;105;83;79;91;85;69;64;48;67;120;3984
313310;4111;98;87;157;219;76;82;122;99;74;113;100;127;5465
313320;1052;33;22;26;23;23;33;32;31;19;22;15;108;1439
313330;2221;47;54;48;50;121;53;35;56;108;47;43;200;3083
313340;2933;65;57;93;77;62;53;68;59;57;112;77;97;3810
313350;3879;82;113;88;70;76;78;115;101;60;71;78;155;4966
313360;2254;99;132;114;82;97;166;105;133;85;84;70;75;3496
313370;2658;53;24;36;41;45;35;35;124;60;139;52;196;3498
313375;2935;137;300;271;143;212;129;107;129;149;159;200;186;5057
313380;25066;939;914;884;1055;923;912;978;953;993;870;695;1191;36373
313390;457;7;15;14;12;26;25;9;15;40;14;10;39;683
313400;892;13;14;20;27;21;62;13;20;11;30;13;72;1208
313410;467;11;5;15;12;8;9;4;14;7;8;6;57;623
313420;20085;903;717;1117;677;711;621;722;612;722;616;766;1178;29447
313430;491;11;8;5;5;8;12;32;6;21;14;5;18;636
313440;9453;385;336;388;680;417;384;297;311;406;829;799;1251;15936
313450;496;12;11;10;8;10;10;21;18;23;8;10;31;668
313460;2244;34;50;83;56;51;56;29;40;37;41;47;89;2857
313470;820;5;7;13;15;16;9;22;9;11;8;8;106;1049
313480;911;25;93;55;43;23;65;27;149;37;15;20;53;1516
313490;6620;353;212;335;269;345;271;345;503;281;233;222;423;10412
313500;689;11;15;14;9;13;19;27;16;9;18;16;31;887
313505;6437;203;216;264;237;268;258;214;297;367;175;482;660;10078
313507;368;4;8;5;2;5;5;16;9;8;6;41;25;502
313510;11115;1118;403;380;317;321;383;475;400;309;399;412;1247;17279
313520;5308;104;154;154;116;146;122;120;130;106;217;129;496;7302
313530;676;39;15;66;36;36;12;47;16;32;33;17;47;1072
313535;541;6;2;2;11;7;4;2;1;3;1;0;83;663
313540;3819;49;68;99;99;97;132;281;186;51;59;159;290;5389
313545;435;3;13;4;3;5;9;14;10;7;9;9;42;563
313550;1466;102;47;35;25;25;21;18;28;33;30;29;23;1882
313560;810;19;20;39;9;32;18;17;18;15;23;11;22;1053
313570;864;20;42;48;31;42;40;29;47;77;38;38;128;1444
313580;1838;22;38;48;46;34;35;45;36;25;38;47;336;2588
313590;686;13;18;16;13;18;14;33;32;76;20;39;23;1001
313600;1137;14;19;23;16;38;24;49;19;6;13;17;77;1452
313610;318;5;4;10;8;10;45;13;6;93;10;4;19;545
313620;18511;620;844;793;880;651;809;755;1443;1381;1136;730;912;29465
313630;11716;522;588;616;496;571;626;590;496;562;661;722;984;19150
313640;457;5;2;4;8;7;7;6;15;4;14;5;10;544
313650;739;26;28;29;17;29;22;21;11;7;17;10;98;1054
313652;271;7;6;3;4;9;8;9;4;6;8;57;28;420
313655;493;7;21;20;4;34;16;36;62;5;7;2;9;716
313657;411;12;6;5;3;5;12;4;4;1;28;3;8;502
313660;622;9;8;17;13;11;24;11;12;12;16;15;18;788
313665;6403;121;210;216;216;198;161;166;211;209;175;179;317;8782
313670;143344;4906;5062;5696;4404;6584;5102;5254;5783;4334;5188;4579;7565;207801
313680;494;5;6;8;1;5;6;21;4;6;1;7;6;570
313690;2339;67;82;117;68;91;89;105;197;78;90;115;76;3514
313695;374;3;3;7;3;6;4;6;3;3;7;1;52;472
313700;786;12;8;16;9;10;17;27;27;6;12;13;67;1010
313710;1209;24;44;50;74;38;49;46;44;41;31;66;87;1803
313720;11526;638;356;440;352;435;458;378;412;465;589;486;531;17066
313730;395;4;2;5;20;5;5;2;4;1;6;4;27;480
313740;1552;48;20;30;32;84;84;51;28;29;42;36;69;2105
313750;3224;93;103;123;89;147;110;144;165;116;91;102;103;4610
313753;1568;98;96;67;26;48;44;41;60;37;46;43;121;2295
313760;14954;435;598;787;532;581;556;553;534;413;396;356;898;21593
313770;2192;41;37;59;75;59;80;112;78;206;84;49;111;3183
313780;2593;67;72;87;63;89;49;82;122;92;76;75;251;3718
313790;322;1;5;3;6;4;39;31;16;2;6;7;35;477
313800;843;17;25;28;17;23;75;19;18;12;21;17;27;1142
313810;1476;55;55;59;81;78;61;134;119;55;109;105;211;2598
313820;25537;672;771;884;654;786;930;713;943;917;892;718;1073;35490
313830;446;5;9;16;10;14;6;10;12;15;20;20;33;616
313835;359;17;5;8;8;8;9;13;6;7;12;27;50;529
313840;10867;235;305;401;224;242;236;277;283;279;242;304;403;14298
313850;632;10;13;13;19;9;7;15;12;13;7;10;10;770
313860;2554;103;76;74;53;58;61;51;70;43;45;59;142;3389
313862;2364;31;31;65;195;61;52;65;55;37;36;288;144;3424
313865;600;4;6;10;6;11;6;96;22;13;7;55;8;844
313867;424;41;11;10;15;14;15;9;18;24;14;8;36;639
313868;360;2;4;6;2;12;5;5;10;3;0;4;35;448
313870;944;99;26;37;37;42;62;26;150;35;28;85;56;1627
313880;3734;115;96;111;106;118;129;124;111;84;139;115;185;5167
313890;512;10;6;13;13;5;17;14;9;16;34;11;65;725
313900;9094;321;293;323;339;346;407;587;641;650;473;315;357;14146
313910;856;20;16;14;18;17;20;28;23;22;22;16;22;1094
313920;1385;33;19;19;28;22;33;21;27;52;32;29;88;1788
313925;344;2;0;23;5;23;4;9;14;11;24;7;34;500
313930;1771;46;53;53;46;75;48;75;58;35;85;58;147;2550
313940;20852;565;778;722;698;763;735;776;946;893;679;723;775;29905
313950;3183;104;93;111;107;122;222;227;187;146;115;79;324;5020
313960;3888;75;125;95;196;95;111;124;108;112;94;88;478;5589
313970;1298;59;35;57;42;41;45;45;71;45;43;63;47;1891
313980;3185;76;128;120;118;116;162;129;123;87;102;106;136;4588
313990;1351;33;24;39;24;34;30;37;24;41;61;14;82;1794
314000;14142;704;752;371;380;379;349;460;302;373;247;277;515;19251
314010;395;6;9;6;10;4;4;6;16;34;16;49;11;566
314015;1451;44;92;54;55;49;58;39;61;64;43;57;132;2199
314020;743;9;28;46;18;17;31;16;23;16;17;32;30;1026
314030;477;4;6;7;5;14;20;10;12;9;5;8;6;583
314040;311;8;5;16;15;11;9;14;13;7;12;22;11;454
314050;3685;93;120;172;168;120;105;141;121;113;132;120;214;5304
314053;551;32;19;8;40;29;71;61;128;64;17;19;164;1203
314055;407;3;4;4;3;6;1;7;2;2;9;4;20;472
314060;342;3;4;8;3;5;3;4;4;3;5;6;23;413
314070;6378;260;365;265;175;173;223;347;255;197;247;216;280;9381
314080;4410;678;196;170;137;158;189;249;198;135;160;173;242;7095
314085;1517;38;31;73;60;53;50;43;79;42;60;46;217;2309
314090;2432;96;98;109;60;115;81;112;133;109;79;80;76;3580
314100;1043;6;13;17;23;18;11;60;22;16;13;20;153;1415
314110;9499;736;643;650;472;592;378;483;517;394;563;512;470;15909
314120;489;10;9;11;7;13;4;5;11;11;6;12;43;631
314130;685;30;19;35;39;34;38;47;34;43;14;10;103;1131
314140;1767;35;41;39;78;72;48;38;32;25;34;50;186;2445
314150;444;6;15;30;9;14;19;12;10;31;3;11;76;680
314160;1028;21;25;19;35;21;23;19;15;20;29;16;39;1310
314170;471;5;15;7;7;13;10;4;9;5;10;1;24;581
314180;1809;43;57;89;58;52;35;51;38;60;61;205;233;2791
314190;635;60;8;17;17;6;13;9;23;7;9;17;15;836
314200;992;6;12;15;11;16;13;7;17;34;48;8;74;1253
314210;1088;21;20;56;20;28;25;25;30;33;16;30;36;1428
314220;2354;52;53;52;45;78;40;51;66;47;49;46;56;2989
314225;324;5;2;14;8;11;10;39;9;10;3;10;31;476
314230;585;13;18;37;20;11;21;17;11;9;12;26;92;872
314240;940;8;11;37;27;23;91;38;19;30;16;23;25;1288
314250;362;11;5;5;2;5;17;7;38;8;23;30;22;535
314260;1757;171;70;61;73;44;44;64;103;137;63;59;51;2697
314270;1178;12;14;28;19;22;27;45;28;20;26;33;74;1526
314280;3273;129;107;143;122;205;113;227;113;112;125;121;442;5232
314290;1679;22;20;26;15;19;20;224;24;21;22;27;86;2205
314300;3315;77;72;67;83;81;84;75;69;414;249;177;166;4929
314310;9562;313;351;380;404;393;472;685;431;335;348;333;403;14410
314315;240;2;2;4;5;4;10;3;3;1;3;4;60;341
314320;3934;162;198;238;157;154;210;208;449;253;226;155;275;6619
314330;84746;2439;2936;3324;3621;2741;2744;2943;2990;2809;2573;2781;5746;122393
314340;5141;184;184;189;182;221;166;222;237;185;166;172;187;7436
314345;725;10;16;128;40;41;44;29;28;18;49;37;67;1232
314350;1996;48;69;115;91;47;66;65;64;71;75;76;164;2947
314360;506;22;16;15;16;11;17;10;8;7;17;130;54;829
314370;311;4;3;36;2;4;4;4;6;8;1;2;0;385
314380;835;14;21;25;22;19;22;21;25;24;23;26;62;1139
314390;24068;650;695;790;673;657;678;705;659;641;614;678;912;32420
314400;2508;69;55;64;65;72;144;69;52;63;61;74;129;3425
314410;3681;106;125;137;169;168;146;145;323;325;218;152;187;5882
314420;178;1;1;18;5;2;0;1;1;5;3;6;99;320
314430;5703;225;141;158;142;123;120;122;131;138;156;355;143;7657
314435;661;30;10;16;14;11;15;16;10;9;14;17;17;840
314437;386;10;5;2;5;12;9;18;5;3;1;1;9;466
314440;505;21;23;13;8;13;15;16;15;5;2;10;17;663
314450;2786;147;36;62;103;60;72;98;186;266;179;123;167;4285
314460;3753;68;105;184;77;99;138;164;475;209;86;107;158;5623
314465;688;25;12;11;19;9;35;41;154;73;11;18;63;1159
314467;247;1;2;6;1;3;3;5;4;3;3;36;64;378
314470;4381;69;82;130;92;62;88;92;110;70;90;111;81;5458
314480;38480;1253;1584;1787;1447;1519;1400;1417;1300;1463;1315;1762;1723;56450
314490;401;11;14;6;8;8;10;8;10;57;12;6;76;627
314500;2747;137;266;111;77;100;86;253;115;65;113;165;264;4499
314505;1581;47;36;87;55;37;42;38;72;40;32;33;87;2187
314510;1643;65;69;73;109;76;49;92;195;108;54;52;111;2696
314520;26532;568;819;1988;1594;1845;1929;1658;1626;1372;1322;1519;4810;47582
314530;1489;24;23;65;16;35;38;30;182;35;32;109;292;2370
314535;521;19;15;12;10;7;9;11;18;8;9;20;143;802
314537;304;9;9;25;21;11;7;58;11;5;11;29;97;597
314540;322;42;11;10;5;9;9;28;6;3;4;6;6;461
314545;973;19;29;41;44;19;29;34;31;34;37;36;41;1367
314550;403;10;13;8;3;8;5;12;16;4;12;23;69;586
314560;8866;396;311;410;272;273;262;323;560;381;293;285;376;13008
314570;178;4;3;4;6;4;3;1;3;1;2;1;63;273
314580;458;23;9;11;17;9;14;5;10;4;8;6;8;582
314585;588;11;7;8;13;9;10;7;5;11;13;24;55;761
314587;410;7;6;6;8;7;14;8;8;8;8;5;46;541
314590;11397;362;259;294;228;342;227;343;219;251;260;343;431;14956
314600;5898;144;151;198;160;148;145;165;204;241;154;139;140;7887
314610;17525;523;656;594;560;626;1603;606;776;551;594;525;525;25664
314620;313;6;6;10;4;5;7;5;10;2;6;6;62;442
314625;590;3;1;23;14;7;9;21;14;8;82;12;42;826
314630;1587;54;40;30;33;28;29;33;29;24;29;29;11;1956
314640;535;36;10;19;8;10;15;18;12;13;17;4;28;725
314650;2276;48;51;59;51;62;61;152;77;101;44;61;52;3095
314655;426;8;2;4;2;10;1;7;6;5;17;24;21;533
314660;228;5;7;9;4;4;7;4;3;3;3;1;9;287
314670;713;9;9;18;13;15;24;15;13;25;20;21;17;912
314675;351;2;7;6;1;1;5;7;4;10;3;4;48;449
314690;2943;81;103;147;82;96;96;93;83;91;98;116;121;4150
314700;22425;1433;1011;1313;997;1613;1842;909;1552;902;1237;1429;1904;38567
314710;26349;951;791;978;813;806;738;930;951;807;741;855;1425;37135
314720;4548;128;170;166;159;180;158;164;201;212;184;162;274;6706
314730;4460;67;77;94;96;106;96;94;94;104;91;90;156;5625
314740;5421;118;155;168;134;178;167;123;150;116;126;138;299;7293
314750;227;0;2;4;0;2;5;2;2;1;0;1;4;250
314760;3273;104;88;92;55;70;74;79;79;90;70;77;96;4247
314770;1330;31;28;42;27;25;20;44;25;27;43;23;72;1737
314780;317;12;4;16;2;5;6;7;16;14;7;10;9;425
314790;23621;829;881;914;825;726;730;937;798;815;927;954;982;33939
314795;383;4;4;3;3;5;4;4;12;2;3;2;48;477
314800;41305;1631;1539;1973;1920;1993;2190;1837;1655;1848;1773;1687;2485;63836
314810;22090;1168;951;1118;1010;950;1092;1490;1839;1202;1133;1176;1440;36659
314820;851;9;13;16;20;13;29;16;18;27;15;20;50;1097
314830;782;18;18;22;26;31;49;111;85;56;38;20;125;1381
314840;386;5;8;7;6;7;15;8;3;6;7;3;46;507
314850;627;9;5;8;14;14;6;10;17;14;22;11;58;815
314860;1340;72;26;24;15;22;27;18;22;26;13;20;22;1647
314870;2091;30;24;40;58;31;42;21;21;36;29;31;379;2833
314875;252;4;5;8;1;6;9;1;2;6;5;3;157;459
314880;345;5;4;4;2;7;4;4;4;4;7;4;3;397
314890;1060;16;12;41;14;42;37;29;41;15;23;15;52;1397
314900;293;0;4;6;3;4;4;7;5;4;4;1;25;360
314910;1227;22;26;24;21;27;21;26;74;24;44;61;46;1643
314915;597;9;20;18;11;24;9;47;26;21;13;36;126;957
314920;744;38;13;13;33;15;28;48;35;15;6;14;24;1026
314930;13970;824;660;630;467;536;494;758;518;387;618;409;789;21060
314940;239;0;0;10;4;2;3;6;2;11;2;3;21;303
314950;751;24;23;14;19;21;15;25;12;8;16;22;21;971
314960;537;7;14;12;12;11;10;8;19;11;39;5;28;713
314970;2458;72;53;114;112;91;113;89;76;82;83;139;259;3741
314980;4178;214;203;300;197;181;254;371;264;158;268;266;514;7368
314990;4308;142;124;154;118;155;161;162;200;136;154;109;189;6112
314995;696;15;26;22;16;10;17;14;15;13;11;9;129;993
315000;356;2;7;3;2;5;5;4;37;2;5;4;3;435
315010;242;11;12;4;5;3;2;2;3;4;6;13;4;311
315015;619;14;17;19;20;13;27;123;62;23;12;18;77;1044
315020;630;6;17;28;40;6;26;10;11;24;32;14;58;902
315030;499;7;14;17;7;5;13;21;10;14;10;8;15;640
315040;399;7;4;6;8;5;10;8;6;9;12;6;13;493
315050;1613;37;39;51;53;105;144;142;276;351;46;51;94;3002
315053;587;9;4;9;8;5;4;10;10;11;7;12;8;684
315057;457;5;2;4;6;7;5;29;13;12;13;7;77;637
315060;739;44;19;27;9;16;16;6;9;18;11;28;38;980
315070;2616;165;35;79;178;155;169;36;70;52;33;128;240;3956
315080;1248;18;19;18;19;28;43;29;28;23;21;27;34;1555
315090;518;12;15;13;13;16;12;16;10;10;22;10;40;707
315100;941;26;18;30;33;19;28;28;25;74;19;24;71;1336
315110;2272;33;33;44;38;49;38;118;59;45;38;44;72;2883
315120;13525;424;371;401;525;375;805;353;397;347;616;411;533;19083
315130;1824;49;70;76;78;67;139;146;75;82;52;66;204;2928
315140;4206;127;116;173;162;186;156;148;171;126;108;136;236;6051
315150;7595;307;262;348;422;364;283;410;648;385;318;339;560;12241
315160;1310;43;29;28;99;31;32;24;38;30;31;34;38;1767
315170;1802;63;72;63;46;76;61;79;140;81;63;48;83;2677
315180;49770;1559;1905;2222;1607;1878;1991;1950;1984;1831;1655;1807;1874;72033
315190;411;12;8;17;11;14;5;6;13;9;22;7;148;683
315200;5358;145;126;174;103;157;139;136;166;125;150;302;179;7260
315210;15947;404;540;446;357;483;409;442;519;466;356;621;535;21525
315213;404;7;6;4;3;3;2;2;0;1;7;2;29;470
315217;772;9;6;13;11;20;17;5;10;8;9;4;9;893
315220;2442;47;49;70;66;77;80;147;55;65;60;150;324;3632
315230;606;10;10;16;8;10;31;159;12;8;11;12;12;905
315240;1028;23;20;20;20;22;111;141;41;19;33;33;57;1568
315250;46793;1933;1750;2104;1426;1561;1600;1862;1735;1803;1732;1428;1983;67710
315260;1656;27;67;33;32;36;39;45;48;41;46;35;71;2176
315270;1507;41;43;34;22;34;25;25;52;34;26;52;122;2017
315280;6704;236;226;255;218;341;333;318;275;234;258;279;377;10054
315290;1167;36;55;40;31;74;50;43;32;36;20;45;93;1722
315300;507;26;40;25;17;10;20;10;37;28;15;31;87;853
315310;480;3;13;3;5;9;1;9;13;40;6;9;8;599
315320;484;11;4;5;6;15;7;11;14;5;3;2;4;571
315330;364;14;4;4;4;13;7;3;2;7;2;3;2;429
315340;3375;137;111;150;260;93;152;390;323;328;129;113;284;5845
315350;683;21;26;13;19;12;12;15;14;13;12;8;22;870
315360;1228;25;35;38;35;31;40;42;49;51;47;21;109;1751
315370;455;7;16;14;8;29;13;35;144;6;37;8;66;838
315380;311;6;6;22;4;8;9;4;8;3;3;4;10;398
315390;874;33;36;37;15;21;20;26;30;19;15;17;144;1287
315400;3549;79;82;112;91;80;66;85;121;84;139;77;374;4939
315410;1083;20;14;39;13;16;15;17;44;21;25;17;16;1340
315415;780;186;27;48;24;52;40;23;38;114;90;49;31;1502
315420;1219;19;28;27;26;19;19;27;24;27;9;17;58;1519
315430;2010;55;58;49;59;67;114;94;50;65;33;34;233;2921
315440;605;17;9;30;19;5;23;6;8;10;14;8;50;804
315445;567;9;6;7;4;20;51;51;6;14;13;14;9;771
315450;1277;26;16;22;42;18;19;8;101;75;65;53;29;1751
315460;27313;797;981;1325;864;992;940;994;883;977;851;844;807;38568
315470;779;12;28;23;15;21;15;19;17;16;15;19;24;1003
315480;1634;113;39;44;43;28;38;39;50;29;51;52;40;2200
315490;2072;57;56;62;70;59;55;47;79;64;82;39;320;3062
315500;625;4;2;2;7;7;2;5;2;6;25;11;16;714
315510;486;10;6;61;35;9;4;10;8;29;8;5;2;673
315520;381;3;4;6;6;5;3;5;4;3;3;4;10;437
315530;535;9;13;10;21;11;21;9;12;18;12;7;81;759
315540;1178;19;28;57;27;31;34;58;39;28;24;67;104;1694
315550;4560;740;787;324;836;1865;323;588;1147;717;902;1145;1591;15525
315560;1941;55;20;42;35;44;40;65;135;31;30;46;119;2603
315570;2055;89;83;63;62;36;37;53;68;95;49;56;116;2862
315580;3305;72;87;93;84;78;97;66;77;62;120;83;85;4309
315590;701;13;9;17;6;3;11;5;8;15;5;5;25;823
315600;833;11;20;13;35;10;35;11;8;8;11;12;119;1126
315610;613;13;14;16;32;19;33;21;62;45;20;26;24;938
315620;369;7;7;18;6;14;10;15;8;13;10;7;34;518
315630;3299;77;97;254;121;109;96;103;80;94;66;85;159;4640
315640;862;68;52;70;80;76;46;103;119;136;30;74;105;1821
315645;583;3;6;11;6;10;6;14;9;12;10;9;26;705
315650;486;1;3;9;5;12;4;10;4;22;4;13;33;606
315660;728;7;16;9;13;9;10;9;10;12;12;17;107;959
315670;18251;423;691;552;453;1024;488;467;506;468;470;424;423;24640
315680;1349;22;36;21;21;27;23;16;17;19;22;17;77;1667
315690;6198;239;300;307;207;251;276;264;569;188;284;198;281;9562
315700;5167;131;224;189;124;153;121;229;124;139;212;141;602;7556
315710;583;6;13;21;13;13;262;32;12;6;6;4;313;1284
315720;5675;132;159;155;144;170;142;99;102;130;121;115;138;7282
315725;661;16;18;15;10;15;14;12;19;11;15;16;12;834
315727;354;4;9;7;14;10;7;8;4;7;5;7;93;529
315730;483;8;9;4;5;8;9;4;2;6;3;6;11;558
315733;954;33;42;45;26;37;41;33;39;40;28;37;53;1408
315737;290;6;4;5;4;12;6;35;7;23;13;4;63;472
315740;517;7;5;13;8;31;13;7;11;8;7;6;30;663
315750;385;6;10;7;3;7;7;4;6;9;10;5;37;496
315760;375;2;17;3;8;6;6;3;11;7;5;8;68;519
315765;264;2;6;3;4;2;5;9;2;12;8;4;69;390
315770;4013;169;191;143;167;283;317;439;153;220;327;515;212;7149
315780;24388;730;921;953;787;870;684;700;735;810;796;793;961;34128
315790;1034;23;22;25;17;16;24;22;122;21;20;20;129;1495
315800;1518;28;35;52;24;20;48;22;30;23;28;29;151;2008
315810;386;0;4;3;0;2;2;0;7;0;1;3;1;409
315820;1142;29;41;33;45;42;64;133;25;23;138;20;103;1838
315830;1449;53;58;56;41;39;116;100;239;138;52;67;192;2600
315840;360;19;2;26;6;9;7;5;3;8;4;7;19;475
315850;500;9;21;9;15;13;6;11;6;10;8;7;86;701
315860;518;7;7;15;8;10;16;14;10;14;16;7;21;663
315870;274;3;4;4;3;3;5;3;5;3;4;6;33;350
315880;656;16;16;8;17;11;48;24;9;23;9;14;33;884
315890;591;23;9;18;29;50;21;98;15;13;9;22;156;1054
315895;4261;129;99;145;137;139;87;85;113;127;112;120;241;5795
315900;742;18;14;12;7;11;11;14;12;11;17;14;19;902
315910;390;5;7;10;6;4;4;7;6;5;10;12;9;475
315920;1094;43;41;26;15;19;29;18;13;21;17;35;26;1397
315930;645;24;10;13;12;7;8;14;16;4;9;9;9;780
315935;932;31;45;27;24;26;41;218;73;34;29;22;74;1576
315940;413;14;11;11;9;17;10;12;6;5;7;3;28;546
315950;383;5;9;6;4;13;18;55;26;12;15;9;141;696
315960;12345;344;390;505;416;431;409;561;571;438;546;536;597;18089
315970;385;4;8;12;6;6;11;23;4;38;18;4;49;568
315980;5150;188;205;311;205;210;418;114;145;120;126;126;708;8026
315990;2617;112;108;106;94;92;151;182;576;400;102;90;277;4907
316000;475;5;7;6;9;11;7;7;10;6;14;8;5;570
316010;399;11;15;15;3;9;5;6;10;13;17;11;77;591
316020;350;9;3;9;4;4;10;1;0;1;2;8;9;410
316030;649;13;7;16;6;10;13;87;15;8;23;20;76;943
316040;5577;212;228;243;151;200;125;171;153;129;176;153;187;7705
316045;334;2;3;34;25;10;76;80;52;4;5;1;85;711
316050;200;3;0;3;1;3;1;1;3;3;3;1;21;243
316060;330;9;4;4;7;6;5;7;8;3;3;10;37;433
316070;6357;354;479;201;194;166;140;186;156;165;119;164;440;9121
316080;384;18;17;26;26;18;10;14;37;43;27;13;33;666
316090;449;26;19;15;29;9;98;81;36;23;14;54;120;973
316095;537;8;7;15;31;23;34;120;96;17;15;22;41;966
316100;2182;51;35;51;26;46;35;33;37;38;47;40;84;2705
316105;380;3;5;4;2;2;1;8;10;2;18;11;29;475
316110;3815;53;109;135;85;75;134;250;88;84;82;85;43;5038
316120;720;16;16;24;21;59;35;36;119;69;17;24;153;1309
316130;1069;31;22;29;17;26;32;29;26;25;26;19;59;1410
316140;427;6;7;7;6;6;7;9;8;6;7;3;21;520
316150;2018;58;53;90;58;62;55;45;81;57;37;64;116;2794
316160;268;5;3;4;2;2;2;2;3;4;4;0;51;350
316165;416;8;6;6;8;5;7;8;7;9;4;9;23;516
316170;1468;58;56;69;54;75;62;70;58;45;35;46;84;2180
316180;2171;70;56;79;49;56;99;90;79;53;51;52;185;3090
316190;4570;62;82;81;45;99;98;168;71;81;91;100;125;5673
316200;4590;151;143;163;197;163;204;206;409;339;194;205;122;7086
316210;7153;608;540;372;476;1219;394;477;614;800;999;628;938;15218
316220;1294;27;51;39;47;69;37;45;51;31;56;47;40;1834
316225;415;3;5;14;0;6;2;10;7;7;4;3;38;514
316230;311;8;1;3;4;10;8;8;13;4;5;12;9;396
316240;1362;31;35;70;143;23;27;199;25;37;31;19;503;2505
316245;511;6;2;9;5;5;1;5;5;3;4;3;122;681
316250;20125;605;549;672;489;563;541;548;562;458;548;565;729;26954
316255;940;20;46;13;11;17;15;35;98;82;14;16;82;1389
316257;1008;24;25;27;24;33;25;27;26;23;21;28;88;1379
316260;709;92;12;28;19;18;16;17;7;8;15;12;20;973
316265;325;0;3;2;2;1;3;14;7;4;4;4;66;435
316270;2388;57;42;91;64;82;37;78;82;66;112;93;99;3291
316280;1272;35;36;16;19;30;40;99;27;36;39;31;116;1796
316290;5738;110;187;238;194;170;182;153;171;131;145;144;313;7876
316292;5874;153;171;247;147;170;299;211;181;201;187;183;242;8266
316294;1345;27;60;36;37;29;32;116;52;23;84;28;82;1951
316295;4348;108;122;129;146;104;126;217;141;156;130;148;274;6149
316300;345;7;10;8;5;10;12;5;11;7;1;2;119;542
316310;684;23;17;13;10;25;18;67;18;15;24;25;18;957
316320;348;5;5;2;2;9;7;3;9;9;3;4;10;416
316330;246;6;3;7;2;2;29;2;5;2;27;7;121;459
316340;541;5;15;23;22;31;17;15;17;16;25;118;45;890
316350;443;12;11;12;8;10;15;29;12;11;17;12;114;706
316360;203;1;3;3;5;3;9;1;2;1;3;21;85;340
316370;10860;337;398;372;370;337;339;281;388;286;373;398;314;15053
316380;479;10;10;8;15;6;12;9;18;22;7;15;57;668
316390;578;7;13;13;20;19;11;43;27;116;6;6;14;873
316400;1138;16;16;37;30;32;34;32;29;20;19;16;62;1481
316410;336;4;10;6;4;4;16;6;8;7;3;37;88;529
316420;850;13;12;9;14;14;9;16;22;17;9;17;33;1035
316430;1208;34;32;27;35;30;45;75;93;49;26;24;57;1735
316440;1464;37;55;51;49;70;51;48;115;97;93;109;65;2304
316443;322;56;8;5;4;0;7;3;3;4;3;5;1;421
316447;498;6;5;2;19;7;5;53;18;10;9;7;39;678
316450;474;14;24;10;3;8;7;5;12;85;6;6;29;683
316460;3745;138;158;165;132;190;137;196;122;136;120;124;169;5532
316470;17654;842;632;674;570;560;619;714;855;687;577;678;700;25762
316480;226;2;4;5;2;1;0;7;0;2;2;2;2;255
316490;380;4;2;12;3;3;2;3;7;10;6;3;9;444
316500;1802;53;46;60;46;49;38;53;88;60;53;43;54;2445
316510;1285;50;36;71;34;46;54;58;79;42;31;26;86;1898
316520;1566;46;60;68;45;55;42;74;92;55;32;31;86;2252
316530;1456;39;54;34;33;25;27;23;33;23;28;22;50;1847
316540;1302;24;26;33;25;27;31;30;24;27;43;21;30;1643
316550;428;11;14;20;35;15;12;28;21;28;12;13;125;762
316553;6456;366;326;298;276;223;253;280;208;146;200;159;442;9633
316555;576;4;3;2;1;10;4;27;30;7;10;8;9;691
316556;275;3;5;1;1;2;2;2;3;5;1;1;12;313
316557;726;17;17;21;24;17;18;22;28;22;15;22;16;965
316560;446;9;12;12;10;11;8;5;8;9;9;7;7;553
316570;655;22;10;26;19;22;29;129;97;21;23;11;179;1243
316580;201;41;2;6;3;7;3;0;1;2;1;1;25;293
316590;405;0;2;5;4;2;2;3;7;2;1;3;10;446
316600;468;9;0;6;6;6;3;4;9;3;8;9;47;578
316610;358;9;17;6;5;10;16;4;4;4;4;1;30;468
316620;689;20;22;22;8;12;12;16;10;11;11;8;26;867
316630;698;25;24;8;8;7;19;14;5;11;9;10;15;853
316640;317;9;7;1;2;6;3;7;9;8;2;3;51;425
316650;217;7;6;93;3;8;2;5;2;4;8;4;103;462
316660;246;2;0;3;2;2;0;1;5;0;0;1;1;263
316670;666;18;27;28;13;17;17;22;46;92;138;609;277;1970
316680;3075;186;167;231;171;281;174;325;380;222;182;307;369;6070
316690;1041;33;68;43;45;34;40;49;126;148;79;53;95;1854
316695;275;1;5;7;5;20;23;3;13;13;11;34;41;451
316700;244;7;0;4;3;5;3;7;10;8;1;5;22;319
316710;2069;38;47;66;54;42;42;49;39;47;46;42;65;2646
316720;54348;1904;1707;1819;1595;1704;1748;1642;1728;1402;1679;1651;2629;75556
316730;277;0;2;5;6;6;5;5;6;3;4;8;10;337
316740;1156;66;42;41;46;36;24;28;50;53;75;38;62;1717
316750;406;10;7;15;6;9;4;10;3;7;10;2;11;500
316760;609;23;15;19;21;23;28;10;35;20;14;16;18;851
316770;506;18;15;6;4;7;8;4;2;4;40;3;39;656
316780;570;16;10;15;18;11;32;64;38;42;23;29;45;913
316790;508;20;14;12;12;10;12;10;16;23;12;17;31;697
316800;4416;98;98;129;87;135;121;138;197;144;95;110;222;5990
316805;374;5;2;8;5;4;1;5;5;2;5;2;67;485
316810;2493;54;75;58;171;144;120;103;108;151;169;67;256;3969
316820;297;7;4;3;4;5;23;21;20;13;52;5;38;492
316830;519;7;56;13;12;13;14;35;10;12;13;16;43;763
316840;964;26;24;38;22;28;34;35;28;21;21;24;357;1622
316850;1394;20;31;25;20;22;45;92;20;21;22;16;25;1753
316860;25785;743;942;1052;827;843;808;1268;1166;1110;833;882;1472;37731
316870;16278;603;555;1014;448;541;519;434;503;345;595;528;681;23044
316880;2026;82;83;104;63;78;97;122;90;66;84;89;109;3093
316890;1120;30;88;39;23;132;26;72;57;78;110;100;115;1990
316900;2980;89;91;119;89;88;117;75;99;78;77;80;140;4122
316905;273;2;23;5;2;6;7;4;2;3;2;3;14;346
316910;739;25;20;29;15;10;17;22;22;33;17;26;42;1017
316920;1062;86;23;21;14;19;25;28;20;47;31;17;22;1415
316930;16705;530;462;612;495;792;726;830;891;934;669;658;1070;25374
316935;5725;376;164;218;176;172;187;176;225;184;280;330;663;8876
316940;12828;472;402;531;457;483;460;549;1006;753;653;403;391;19388
316950;314;5;6;11;10;25;47;14;12;13;9;6;223;695
316960;4776;157;159;142;146;130;126;156;204;161;224;159;301;6841
316970;2650;102;74;153;48;53;258;78;128;53;64;82;493;4236
316980;798;26;21;19;22;36;39;30;41;76;19;19;41;1187
316990;25612;652;792;1019;744;820;1061;910;721;824;901;769;1139;35964
317000;682;10;6;7;3;13;9;4;3;3;5;4;27;776
317005;1102;29;36;39;43;21;176;38;50;22;15;28;60;1659
317010;87711;3261;3252;3813;3552;3566;3353;3697;3957;3344;3178;3664;3935;130283
317020;212580;8937;9072;10392;8601;10129;9081;9761;8915;8845;8959;8487;11023;324782
317030;314;0;4;8;2;8;2;4;5;6;10;3;31;397
317040;16709;577;589;753;536;560;586;578;930;555;523;590;788;24274
317043;656;27;16;25;25;33;25;17;24;17;9;121;126;1121
317047;363;9;7;20;127;4;13;11;14;13;20;19;90;710
317050;3071;160;75;63;36;53;41;35;39;544;65;68;56;4306
317052;825;17;14;17;14;40;107;23;37;36;25;16;92;1263
317057;586;12;28;10;5;10;22;14;6;9;8;17;14;741
317060;362;6;17;12;19;13;30;8;16;11;17;7;20;538
317065;418;0;1;7;6;6;22;5;9;9;38;13;39;573
317070;40390;1717;1670;2037;1547;1605;1805;1926;1855;1848;1652;1459;1833;61344
317075;1298;55;33;78;47;30;30;73;69;32;184;40;82;2051
317080;5504;175;109;164;158;201;310;122;312;192;161;193;203;7804
317090;945;10;15;13;23;43;15;85;14;12;25;132;138;1470
317100;4523;201;166;130;172;144;174;154;184;120;175;273;706;7122
317103;780;14;24;31;15;21;36;12;33;17;34;24;253;1294
317107;841;52;16;17;32;40;21;20;26;26;22;44;121;1278
317110;629;21;31;42;17;26;15;25;22;35;14;15;72;964
317115;341;2;7;7;2;1;4;9;10;2;4;2;35;426
317120;16309;814;1704;667;1004;1531;1207;1045;1544;522;1379;756;2238;30720
317130;20919;696;515;625;473;604;595;709;598;494;508;612;389;27737
317140;400;5;1;8;5;6;7;4;3;2;5;2;1;449
317150;630;6;18;10;8;8;14;9;9;11;10;5;47;785
317160;985;31;19;15;21;64;37;32;26;10;25;26;97;1388
317170;1226;34;28;19;25;29;27;78;30;19;32;33;50;1630
317180;1196;20;20;25;16;9;18;26;25;28;19;15;25;1442
317190;364;2;5;3;5;2;6;3;2;3;0;5;30;430
317200;10910;278;313;315;251;283;302;254;296;228;246;221;460;14357
317210;734;26;17;22;16;9;20;16;18;13;15;18;85;1009
317220;303;9;12;9;5;1;6;6;7;5;6;10;5;384
319999;0;0;0;0;0;0;0;0;0;0;0;0;0;0
320010;3582;132;93;122;146;134;99;113;105;88;89;70;263;5036
320013;1116;283;36;39;25;12;50;44;13;24;23;31;30;1726
320016;935;15;19;28;14;20;27;26;22;18;18;26;92;1260
320020;3472;246;112;119;75;104;65;68;110;100;56;53;102;4682
320030;2606;69;99;184;178;104;85;94;98;81;56;93;292;4039
320035;676;9;11;12;9;11;10;24;27;16;12;6;49;872
320040;5893;229;521;333;137;146;490;133;156;141;147;170;872;9368
320050;688;11;16;14;16;25;8;7;9;41;30;10;66;941
320060;26289;1187;2314;3197;1197;2212;1422;1975;2157;1857;2599;2132;2753;51291
320070;2697;86;54;78;94;72;91;113;72;61;102;40;194;3754
320080;4387;279;112;181;102;125;100;208;226;105;145;130;267;6367
320090;6356;152;260;256;158;203;167;158;176;195;167;192;648;9088
320100;1702;75;49;45;35;43;47;53;49;34;25;45;110;2312
320110;1372;179;28;35;43;25;27;51;21;26;23;35;31;1896
320115;1284;72;47;63;27;97;96;110;167;140;48;72;94;2317
320120;41726;1192;1145;1468;1283;1374;1239;1195;1342;1235;1193;1279;1851;57522
320130;52138;1808;1653;2021;1794;2090;2309;1960;1931;2138;1562;1684;3352;76440
320140;6994;241;207;318;268;336;262;281;337;284;235;337;634;10734
320150;31955;845;869;1061;870;975;982;851;1036;906;746;835;1680;43611
320160;3581;53;59;139;149;96;241;147;259;127;88;87;909;5935
320170;1420;43;38;43;107;42;112;55;34;30;35;33;280;2272
320180;404;9;9;13;21;33;10;22;19;17;11;21;41;630
320190;5613;160;149;230;167;185;180;276;215;197;184;178;620;8354
320200;703;21;42;40;22;29;24;36;36;15;13;13;229;1223
320210;2452;96;74;96;94;111;87;62;107;63;48;51;329;3670
320220;3241;182;118;225;97;178;129;136;160;137;108;280;214;5205
320225;1063;21;22;55;36;23;27;28;32;18;37;25;99;1486
320230;4643;78;164;177;122;144;93;134;122;126;123;159;310;6395
320240;20719;956;735;994;627;739;612;546;591;623;643;567;1498;29850
320245;2137;47;63;116;66;47;53;63;109;78;67;56;305;3207
320250;3625;269;156;521;114;246;135;131;166;149;153;220;190;6075
320255;692;36;101;43;19;71;24;16;41;23;17;14;60;1157
320260;3994;88;67;115;65;99;89;127;89;111;81;157;165;5247
320265;1159;63;31;90;39;31;26;24;93;20;30;23;70;1699
320270;1492;48;43;32;52;28;27;30;36;27;28;19;162;2024
320280;9235;568;346;839;682;809;859;824;1728;1268;685;674;3004;21521
320290;1534;30;31;34;29;42;36;23;39;31;25;29;208;2091
320300;2625;105;75;132;64;102;103;101;146;109;93;68;365;4088
320305;4011;116;156;180;156;271;611;289;138;212;92;193;158;6583
320310;1118;16;24;29;25;22;22;45;23;21;28;10;15;1398
320313;2997;109;185;232;138;333;134;198;130;144;210;182;327;5319
320316;912;17;40;47;26;70;70;59;93;97;100;74;43;1648
320320;41628;1246;999;1563;1462;1600;1845;1747;1412;1288;1189;1459;2407;59845
320330;898;13;11;15;16;16;266;19;20;21;11;27;128;1461
320332;5503;358;143;409;124;157;191;107;146;120;118;125;141;7642
320334;4491;273;121;194;138;114;137;143;181;241;186;172;190;6581
320335;1950;61;48;56;47;84;61;105;73;44;40;52;113;2734
320340;2918;27;48;74;46;85;65;82;61;68;49;71;97;3691
320350;3200;125;84;64;76;81;104;126;185;101;76;66;98;4386
320360;818;18;18;29;14;23;52;22;21;8;10;16;12;1061
320370;1617;101;44;95;48;29;23;27;47;32;32;56;130;2281
320380;1326;16;17;28;28;17;19;36;33;26;12;21;102;1681
320390;8264;419;345;442;330;339;452;681;262;269;222;223;589;12837
320400;1600;32;43;31;30;36;36;45;50;31;50;34;112;2130
320405;2631;99;208;111;145;93;305;259;202;130;175;159;364;4881
320410;4176;169;147;215;204;174;319;552;1007;133;159;136;330;7721
320420;2881;81;81;122;74;72;52;79;73;73;48;62;268;3966
320425;824;19;21;32;20;21;24;21;22;14;15;18;53;1104
320430;2794;135;70;80;35;252;143;238;141;55;38;37;72;4090
320435;2452;74;69;90;90;90;213;178;74;68;64;67;262;3791
320440;1391;32;36;49;31;54;45;61;36;32;29;25;62;1883
320450;1145;40;14;23;20;20;36;89;31;14;27;23;48;1530
320455;7436;218;260;229;341;222;262;232;233;214;249;241;356;10493
320460;4389;147;141;179;163;291;167;153;121;212;151;111;349;6574
320465;1274;59;42;60;68;38;65;50;41;41;35;35;301;2109
320470;7049;214;267;473;526;255;307;245;310;250;211;225;478;10810
320480;1218;33;23;22;28;31;23;20;21;16;20;19;243;1717
320490;20764;813;635;850;662;735;720;748;995;633;528;709;1190;29982
320495;1945;39;46;56;44;39;58;73;69;59;28;58;239;2753
320500;122258;5323;4334;5314;4807;5238;4690;4934;6617;5162;4595;4715;7950;185937
320501;3722;159;144;146;108;614;1055;286;163;177;118;175;402;7269
320503;3338;80;80;109;98;103;117;113;120;91;111;101;99;4560
320506;5560;156;167;230;397;250;210;190;172;247;152;159;327;8217
320510;13680;413;298;432;384;373;432;470;403;388;299;386;877;18835
320515;881;106;11;39;31;22;27;21;42;17;21;30;120;1368
320517;1750;30;85;84;31;159;153;89;68;52;24;43;30;2598
320520;96320;3975;3297;4256;3613;3905;3643;3543;3828;3455;3262;3384;3565;140046
320530;214828;5490;4975;6365;5663;6146;5694;6445;6318;5421;5702;5080;9843;287970
329999;0;0;0;0;0;0;0;0;0;0;0;0;0;0
330010;35488;1125;786;1128;897;945;838;934;843;879;1023;1131;1238;47255
330015;1700;38;16;48;39;34;24;27;15;20;24;24;34;2043
330020;17201;490;568;1175;554;606;552;529;492;478;413;451;2810;26319
330022;3637;147;99;103;84;91;82;125;111;87;106;134;76;4882
330023;12758;614;483;734;559;537;484;468;471;404;473;434;1161;19580
330025;4077;324;170;264;272;216;268;261;211;203;217;223;2117;8823
330030;16259;375;436;902;323;400;403;368;378;481;320;354;456;21455
330040;32251;890;955;1378;767;1046;988;940;897;1081;959;936;1029;44117
330045;31827;935;1315;1190;831;794;937;1348;1026;847;750;855;886;43541
330050;4999;118;118;121;91;94;115;115;114;116;151;148;128;6428
330060;5878;187;210;172;128;162;121;82;90;123;107;346;130;7736
330070;44522;1383;1548;1745;1331;1437;1450;2540;1243;1782;1565;2328;1796;64670
330080;7797;245;720;368;194;192;427;628;208;563;278;167;142;11929
330090;1616;77;30;32;21;31;33;57;63;24;20;22;200;2226
330093;2388;29;40;37;38;26;32;40;36;57;34;37;32;2826
330095;2537;74;48;74;60;82;60;54;45;54;60;73;117;3338
330100;85303;2198;2232;2716;2599;2375;2218;2751;2773;4112;3825;2575;3271;118948
330110;3695;88;60;92;193;85;72;72;69;63;57;59;76;4681
330115;1574;26;20;40;28;28;28;15;20;20;12;27;218;2056
330120;3132;93;60;52;48;53;63;64;107;56;64;48;81;3921
330130;6662;195;288;239;361;241;164;139;152;147;112;144;176;9020
330140;2707;44;59;76;93;81;60;47;55;40;33;32;65;3392
330150;4925;170;150;173;118;186;136;81;131;136;82;127;145;6560
330160;1536;19;30;32;12;17;31;28;27;27;15;19;33;1826
330170;148852;5088;6787;5913;4504;4793;4726;4551;4601;4277;4235;4065;5028;207420
330180;1933;16;47;36;29;22;43;39;40;33;26;48;89;2401
330185;6242;200;158;180;204;183;203;182;196;166;220;217;375;8726
330187;2631;129;65;209;68;63;99;86;100;78;142;192;787;4649
330190;27559;798;806;879;966;869;922;993;1080;1130;723;1004;1117;38846
330200;26414;805;945;1059;511;754;643;815;903;514;589;593;857;35402
330205;1883;50;36;44;26;37;36;23;24;37;37;25;61;2319
330210;3107;70;85;101;56;65;95;70;106;48;49;54;502;4408
330220;21318;503;521;784;483;537;500;575;660;565;525;462;528;27961
330225;9614;205;178;214;307;246;176;270;258;213;311;205;308;12505
330227;7021;110;251;170;143;121;236;197;181;194;261;158;178;9221
330230;1000;16;11;6;7;15;19;10;7;9;11;32;8;1151
330240;113996;3761;3771;4660;3847;3548;3617;7082;2985;3154;3456;3240;4027;161144
330245;1460;17;23;27;28;28;22;36;26;23;25;19;25;1759
330250;20010;682;874;907;967;1040;1152;1256;787;580;1191;588;6225;36259
330260;8909;441;1003;319;250;301;265;297;230;173;160;183;213;12744
330270;19765;497;524;652;1430;583;468;507;690;565;444;417;459;27001
330280;2556;47;31;54;45;39;41;43;36;37;35;31;41;3036
330285;15948;476;537;684;556;436;440;486;400;393;416;409;437;21618
330290;3810;69;80;57;60;79;62;70;114;62;78;86;64;4691
330300;3995;76;68;79;73;95;66;73;99;105;133;66;120;5048
330310;2402;109;33;32;21;31;31;21;24;21;25;26;27;2803
330320;17761;575;641;725;679;566;574;517;587;517;493;592;651;24878
330330;170159;5433;5240;5757;4787;5386;5086;5970;6076;5757;4592;4260;5166;233669
330340;50269;1177;1428;1756;1258;1567;1681;1528;1591;1448;1370;1359;1564;67996
330350;96240;3459;4247;3876;2940;2949;4040;2939;3328;2777;2585;2564;3585;135529
330360;5168;98;137;231;137;122;196;209;166;110;126;128;317;7145
330370;8510;480;235;185;170;204;174;186;399;248;229;286;276;11582
330380;8403;333;280;361;296;354;264;417;357;265;287;232;305;12154
330385;3729;60;71;78;75;42;136;78;40;32;35;34;50;4460
330390;69308;2309;2119;2440;2240;2052;2006;2026;1894;1986;2096;1924;2519;94919
330395;3441;65;67;90;71;65;57;62;60;58;86;60;182;4364
330400;7840;453;151;165;121;192;182;190;199;190;224;157;245;10309
330410;1891;38;29;46;25;33;30;22;33;36;21;17;17;2238
330411;8458;313;176;222;372;192;163;122;199;226;169;127;260;10999
330412;2095;49;39;43;34;36;46;50;56;33;25;37;40;2583
330414;15410;465;645;651;392;421;579;463;464;408;413;458;463;21232
330415;3528;28;38;36;38;36;29;24;37;194;42;27;58;4115
330420;35776;966;753;1003;843;1030;855;960;996;974;945;912;1078;47091
330430;17848;769;605;594;516;481;435;457;504;488;458;406;535;24096
330440;2123;34;42;44;23;34;71;25;24;23;30;20;24;2517
330450;2548;175;36;45;55;151;58;71;53;70;45;67;41;3415
330452;25871;1045;920;943;763;1116;782;882;1097;881;813;793;1913;37819
330455;2304692;71487;74898;78536;66234;69384;70292;69532;72354;73486;66880;64674;77424;3159873
330460;1590;48;24;28;19;29;18;17;34;38;26;30;18;1919
330470;8008;508;173;248;178;186;224;168;185;208;118;149;196;10549
330475;3373;57;76;58;49;43;83;195;127;321;323;95;121;4921
330480;5110;107;111;134;109;151;93;86;726;68;159;103;295;7252
330490;109554;3218;3490;3966;3248;3727;3261;3534;3402;4370;3744;2954;4151;152619
330500;9007;247;622;628;224;190;224;196;176;125;274;215;273;12401
330510;49109;1740;2011;2649;1613;1709;1678;1684;1594;1577;1401;1283;1630;69678
330513;1089;13;22;13;14;11;17;13;13;17;6;10;9;1247
330515;3658;87;119;116;110;105;103;121;207;98;89;81;71;4965
330520;15262;382;418;431;362;348;643;537;381;351;334;924;733;21106
330530;1262;7;13;17;19;25;28;13;9;8;16;4;15;1436
330540;4847;143;342;170;136;142;145;190;207;169;127;160;176;6954
330550;15371;565;596;676;603;1079;526;498;466;482;424;412;828;22526
330555;13010;442;381;468;207;473;248;317;332;303;233;229;584;17227
330560;4023;61;55;100;79;89;65;42;77;53;358;78;98;5178
330570;1875;30;44;31;23;33;27;20;41;31;33;18;60;2266
330575;3763;92;128;221;95;120;94;83;77;125;69;107;165;5139
330580;35911;1054;1213;1299;982;1107;955;975;1031;1042;912;1073;1231;48785
330590;1459;25;31;38;15;29;39;25;33;25;31;14;107;1871
330600;21240;625;818;893;779;683;586;927;736;567;533;492;702;29581
330610;11730;226;214;322;229;249;191;217;253;273;236;244;326;14710
330615;1147;18;12;17;13;22;17;20;15;19;25;12;16;1353
330620;7886;128;131;167;176;180;154;151;153;127;130;130;184;9697
330630;69490;1875;1708;1992;1771;1739;1821;2407;3039;2453;1830;1703;2067;93895
339999;0;0;0;0;0;0;0;0;0;0;0;0;0;0
350010;10194;273;313;285;223;283;237;248;345;209;207;244;622;13683
350020;858;16;21;46;56;14;14;28;37;8;11;31;61;1201
350030;6966;205;188;321;156;183;189;183;201;269;288;226;268;9643
350040;994;18;21;21;16;23;36;33;94;44;30;25;31;1386
350050;4712;161;137;223;134;122;158;152;148;136;137;219;219;6658
350055;1387;244;34;36;53;61;89;41;34;31;35;35;40;2120
350060;1429;31;50;41;45;37;63;33;44;40;49;39;67;1968
350070;8545;205;266;255;242;276;351;232;274;277;335;250;528;12036
350075;968;19;20;32;29;26;43;13;18;33;21;28;37;1287
350080;906;20;12;17;42;55;10;16;12;7;6;19;21;1143
350090;704;4;9;7;10;58;9;7;5;9;7;10;0;839
350100;4048;112;136;154;133;122;167;410;266;395;97;110;202;6352
350110;532;24;12;23;6;14;12;12;9;9;8;23;88;772
350115;6305;67;97;95;82;101;174;109;111;166;100;155;157;7719
350120;507;12;3;14;8;6;6;4;8;7;13;9;10;607
350130;3375;67;51;94;105;142;71;94;133;83;99;71;139;4524
350140;400;6;4;6;4;10;8;6;13;21;13;9;15;515
350150;349;15;2;5;2;3;8;9;8;12;26;3;19;461
350160;71840;2256;2309;2718;2242;2211;2528;2402;2263;2670;2460;2588;3291;101778
350170;9443;244;279;432;316;353;308;248;307;296;252;365;337;13180
350180;568;8;22;11;15;14;9;39;16;11;12;9;60;794
350190;24510;547;565;603;569;559;577;579;704;540;589;566;771;31679
350200;984;19;23;14;21;24;12;20;13;22;42;19;11;1224
350210;14775;490;507;515;377;430;554;503;400;523;419;420;937;20850
350220;5166;209;122;179;151;145;146;157;205;184;163;185;241;7253
350230;872;36;29;25;19;29;32;33;28;33;48;54;74;1312
350240;501;4;8;14;3;8;12;8;11;11;11;8;15;614
350250;11528;515;269;346;299;317;335;300;411;361;272;426;369;15748
350260;635;28;12;16;12;11;9;14;11;26;22;14;17;827
350270;4879;180;169;355;575;428;362;125;127;123;147;172;368;8010
350275;9622;332;349;347;294;381;346;282;282;309;276;330;486;13636
350280;53599;1895;1974;2197;2165;2120;2165;1945;1998;2084;2610;2019;2208;78979
350290;4916;126;122;143;182;135;133;152;124;116;105;149;195;6598
350300;776;55;42;30;11;25;16;12;31;15;18;88;101;1220
350310;1328;21;65;28;33;27;20;21;62;53;109;87;67;1921
350315;354;1;4;8;23;3;8;6;4;5;7;4;20;447
350320;72525;2330;2216;2516;2208;2529;2721;2701;2306;2465;2728;2291;2585;102121
350330;37364;1074;1018;1335;1023;1071;960;1009;851;976;1233;1034;1526;50474
350335;308;6;1;3;0;2;2;1;3;4;1;3;19;353
350340;2082;48;44;67;40;35;36;46;42;45;66;56;96;2703
350350;556;8;10;8;7;12;8;7;3;5;15;30;15;684
350360;1017;45;32;30;28;65;25;19;37;22;15;20;191;1546
350370;3902;32;50;63;76;53;65;70;83;53;214;318;203;5182
350380;10857;342;331;298;277;251;270;254;261;243;290;268;365;14307
350390;22354;625;537;785;593;658;656;548;666;728;748;485;767;30150
350395;228;1;2;1;2;0;2;2;2;1;2;2;1;246
350400;21222;621;730;896;819;810;861;772;653;699;574;691;925;30273
350410;39106;1544;1457;1746;1410;1418;1239;1326;1594;1145;1242;1137;1566;55930
350420;2680;96;71;66;61;63;71;66;75;79;64;55;119;3566
350430;1160;41;77;32;36;21;29;76;40;44;46;177;54;1833
350440;1955;52;32;915;38;43;45;37;36;58;36;111;57;3415
350450;21947;884;852;904;733;793;852;823;844;882;1025;874;1655;33068
350460;2763;104;128;174;126;116;114;108;75;82;61;72;101;4024
350470;389;1;3;3;10;10;3;1;1;2;2;3;5;433
350480;1415;22;28;40;34;39;25;28;33;34;46;23;167;1934
350490;1843;34;48;44;59;51;37;48;57;41;70;54;27;2413
350500;558;23;14;17;27;38;37;48;13;11;17;12;20;835
350510;621;4;8;9;9;12;7;5;11;11;15;9;21;742
350520;9198;313;497;361;220;207;249;251;267;331;211;253;294;12652
350530;11595;308;195;270;500;238;282;238;260;343;283;314;1211;16037
350535;676;67;19;31;35;92;50;28;16;13;10;23;12;1072
350540;646;12;19;19;24;17;10;13;7;12;9;10;11;809
350550;31634;992;1139;1348;901;1189;1108;1076;1088;1168;1067;1229;2258;46197
350560;3735;266;287;565;412;280;268;222;227;187;169;314;256;7188
350570;251834;10516;9074;11056;8820;9386;8774;10214;11124;10337;10107;9454;8533;369229
350580;7173;154;216;208;214;214;226;214;233;226;226;177;261;9742
350590;15683;509;449;444;356;404;525;440;422;372;383;424;546;20957
350600;121528;3571;3951;4924;3796;4231;4537;4531;4023;4433;4318;4285;4598;172726
350610;28549;1506;1979;1052;788;1144;1057;1523;1263;1117;990;1051;1779;43798
350620;919;24;20;33;9;15;24;22;20;42;18;16;17;1179
350630;2100;53;55;62;45;56;48;37;61;37;39;31;91;2715
350635;12785;407;426;646;383;579;284;310;348;252;303;400;428;17551
350640;1414;20;46;51;29;38;39;119;22;38;49;58;35;1958
350650;33181;1178;1140;1611;1338;1687;1239;1585;1326;1439;1478;1636;2317;51155
350660;3985;152;108;140;112;114;92;137;111;93;104;131;126;5405
350670;2745;47;76;84;43;51;56;44;90;69;110;107;107;3629
350680;2196;88;50;78;74;92;83;67;48;1456;175;95;63;4565
350690;1899;56;39;60;54;63;43;63;59;52;40;45;48;2521
350700;23005;650;547;705;454;581;628;678;661;640;845;664;837;30895
350710;4913;117;143;175;149;142;127;100;111;102;133;116;145;6473
350715;508;10;7;21;7;8;6;10;10;13;7;4;55;666
350720;1079;11;3;20;11;13;17;17;15;74;4;15;297;1576
350730;1282;26;35;32;37;69;54;43;43;25;34;29;117;1826
350740;2877;173;77;105;93;86;109;85;68;93;80;130;169;4145
350745;655;17;25;16;20;10;15;13;11;19;17;19;19;856
350750;39415;1412;1080;1472;1172;1156;1487;1503;1405;1544;1206;1199;1900;55951
350760;43297;1832;1628;1699;1285;1282;1586;1377;1342;2013;1499;1585;2126;62551
350770;510;16;5;7;9;10;8;7;17;14;2;21;12;638
350775;1472;8;20;23;14;10;32;8;13;12;50;254;75;1991
350780;4983;132;167;211;199;156;199;180;134;172;244;200;227;7204
350790;5895;153;164;206;154;180;154;172;156;1384;292;216;218;9344
350800;4579;252;127;221;209;164;550;192;184;154;147;164;256;7199
350810;4108;119;109;128;121;130;135;79;110;75;595;121;153;5983
350820;1711;19;29;57;27;26;26;35;16;21;49;138;28;2182
350830;958;50;20;37;25;35;20;31;42;23;48;41;37;1367
350840;13804;272;361;405;338;420;412;444;401;281;312;288;363;18101
350850;21272;478;458;701;435;513;534;649;444;743;533;505;625;27890
350860;5318;79;142;156;126;99;93;88;92;93;163;96;143;6688
350870;2142;68;54;63;51;86;86;155;248;193;57;57;88;3348
350880;3927;98;103;129;115;149;163;124;134;109;99;104;192;5446
350890;354;2;5;7;2;3;8;6;6;6;12;2;6;419
350900;20415;726;726;937;607;831;923;970;913;805;683;708;956;30200
350910;545;14;13;9;5;8;12;7;11;17;5;13;19;678
350920;37601;1511;1481;1818;1649;1349;1368;1485;1424;1176;1260;1329;1488;54939
350925;6335;139;190;157;156;189;142;257;236;155;179;187;245;8567
350930;1358;33;34;36;30;28;26;36;63;29;34;58;77;1842
350940;4747;142;124;172;123;160;158;154;211;283;160;175;161;6770
350945;679;23;15;18;19;6;7;6;9;11;6;4;26;829
350950;405324;13895;14061;16834;14122;13900;14921;15610;14441;14543;15035;13355;17027;583068
350960;12870;372;295;360;295;308;257;266;316;346;278;280;282;16525
350970;12283;434;339;371;341;451;399;441;519;498;326;371;564;17337
350980;715;47;25;21;12;23;28;19;24;32;11;14;32;1003
350990;1586;24;39;52;25;39;23;26;30;28;25;30;45;1972
350995;1385;25;24;41;19;31;41;22;24;19;32;25;75;1763
351000;5326;80;107;186;185;135;120;113;119;206;125;138;228;7068
351010;709;10;16;27;21;17;20;12;15;17;18;13;37;932
351015;699;8;6;14;11;10;8;32;26;11;8;18;251;1102
351020;8240;360;410;282;209;223;252;429;313;237;223;215;325;11718
351030;3566;294;124;557;130;83;174;222;193;195;181;207;607;6533
351040;14710;361;364;457;386;372;388;382;388;417;536;625;981;20367
351050;23524;1139;965;1349;755;797;765;727;780;801;1270;712;931;34515
351060;35888;1023;1422;1449;1035;1249;1224;1291;1215;1080;1149;1220;1349;50594
351070;1439;30;35;32;30;34;33;27;27;29;35;50;46;1847
351080;6676;202;247;244;211;218;191;201;245;253;378;290;388;9744
351090;508;6;8;12;10;14;8;46;15;36;11;14;10;698
351100;3131;56;57;78;82;89;40;61;49;324;50;690;105;4812
351110;34545;1300;1125;1441;1069;1161;1194;1603;1098;1087;1100;1620;2064;50407
351120;821;31;49;37;24;28;19;18;37;16;24;131;43;1278
351130;4535;147;144;270;216;262;262;221;312;287;273;274;325;7528
351140;4846;118;133;166;133;98;145;187;157;182;220;475;378;7238
351150;12246;256;409;445;516;393;428;430;346;357;334;418;915;17493
351160;3578;85;130;94;87;90;92;87;119;86;80;82;140;4750
351170;2514;68;62;72;86;107;50;63;46;53;69;295;222;3707
351190;3792;53;42;77;92;97;173;160;64;53;79;232;326;5240
351200;5129;74;85;101;114;85;153;130;128;128;110;273;319;6829
351210;5261;166;159;338;120;109;246;357;329;171;145;261;291;7953
351220;5648;176;251;276;167;157;151;167;203;185;228;188;196;7993
351230;3320;169;155;130;125;106;108;107;100;114;125;114;172;4845
351240;9418;197;218;294;221;243;221;217;257;262;216;234;259;12257
351250;958;39;44;31;36;47;38;39;51;22;25;33;28;1391
351260;816;13;19;31;21;39;13;23;21;12;17;11;25;1061
351270;1040;15;53;52;17;12;34;19;23;17;34;24;28;1368
351280;9160;288;400;380;250;321;334;341;407;360;270;444;478;13433
351290;1961;31;34;59;33;48;39;103;36;37;25;45;42;2493
351300;72429;2280;2778;3415;2477;2531;2489;2861;2766;2438;3220;2510;3162;105356
351310;8681;293;251;330;360;452;335;281;239;316;412;297;428;12675
351320;1733;53;82;107;44;52;94;114;161;32;69;55;80;2676
351330;389;9;12;16;25;16;10;33;7;8;10;10;9;554
351340;15781;387;321;314;297;324;345;287;291;281;288;302;786;20004
351350;26402;852;778;936;1022;656;2325;1029;994;803;868;875;962;38502
351360;2298;44;34;47;40;36;35;61;34;29;32;34;59;2783
351370;9680;292;196;355;268;359;336;235;268;241;264;247;372;13113
351380;88832;2212;2261;2964;2463;2628;2612;2650;2925;2471;2404;2443;3101;119966
351385;325;5;6;1;1;4;1;5;7;4;1;5;4;369
351390;2237;44;59;37;46;41;41;65;53;48;50;41;61;2823
351400;708;11;19;15;16;11;20;21;11;17;20;44;15;928
351410;5032;149;144;160;153;168;150;338;279;286;759;340;440;8398
351420;290;7;3;4;5;2;4;7;6;0;3;5;6;342
351430;2664;63;60;102;72;59;91;109;110;95;63;115;68;3671
351440;10993;264;341;372;264;324;333;380;236;267;292;362;269;14697
351450;2214;51;51;62;49;40;47;41;44;62;60;151;79;2951
351460;1973;33;37;71;63;60;49;36;40;32;39;83;38;2554
351470;855;14;22;21;20;34;27;22;29;17;20;35;59;1175
351480;2148;69;111;65;52;58;51;50;42;45;33;40;96;2860
351490;4635;120;121;250;147;122;154;164;284;144;139;603;739;7622
351492;561;22;17;12;13;10;6;8;9;9;15;61;11;754
351495;364;9;7;2;4;13;6;4;3;5;7;26;13;463
351500;42868;1546;1320;2176;1353;1488;1609;1360;1519;1414;1303;1341;1392;60689
351510;7735;278;199;237;195;207;218;173;186;180;218;170;196;10192
351512;353;6;4;8;18;3;4;5;3;0;6;5;8;423
351515;4325;81;109;119;103;85;102;88;131;142;119;81;359;5844
351518;11883;360;337;464;342;327;305;447;377;351;399;228;361;16181
351519;542;14;11;21;10;9;12;4;10;3;21;28;21;706
351520;4194;83;92;85;53;90;110;91;128;112;77;108;95;5318
351530;454;8;17;27;31;16;19;19;11;25;26;4;4;661
351535;712;11;13;21;11;13;16;18;10;21;15;9;62;932
351540;3813;141;130;124;116;155;105;158;163;155;128;134;97;5419
351550;16641;443;527;630;699;644;739;736;501;478;495;539;1002;24074
351560;1212;52;36;45;36;42;26;56;40;53;54;22;117;1791
351565;357;5;17;7;6;12;9;2;29;13;7;9;14;487
351570;19046;458;553;657;441;592;577;554;535;411;439;526;676;25465
351580;272;3;4;4;3;1;1;2;2;2;2;2;0;298
351590;468;4;16;6;12;7;11;9;9;9;32;21;9;613
351600;1207;41;34;70;158;87;23;34;26;35;24;36;80;1855
351610;524;13;5;13;12;6;12;8;13;17;10;3;6;642
351620;84840;3040;2899;3772;3271;3892;3821;3895;3857;3555;3222;3941;7340;131345
351630;9522;483;374;316;273;335;295;261;230;272;232;296;467;13356
351640;16258;443;927;562;485;458;498;413;441;467;415;454;862;22683
351650;1002;20;35;42;27;34;65;82;15;16;13;12;25;1388
351660;1402;50;39;38;33;42;76;56;52;56;78;31;61;2014
351670;10409;216;290;371;300;285;324;311;389;411;292;296;464;14358
351680;448;13;6;10;9;13;14;13;10;14;8;64;12;634
351685;3645;33;57;56;66;132;45;52;27;14;27;29;62;4245
351690;1310;42;56;48;33;31;77;84;30;32;39;133;34;1949
351700;1167;68;18;29;25;23;50;17;22;29;34;31;121;1634
351710;999;13;20;22;41;32;19;53;16;20;26;40;46;1347
351720;1691;125;61;52;79;52;38;59;40;39;48;34;67;2385
351730;638;16;15;17;7;10;26;28;26;22;11;11;17;844
351740;14146;434;235;341;407;375;298;259;338;266;323;1435;845;19702
351750;4105;138;134;120;94;107;143;150;155;156;116;214;196;5828
351760;1970;34;72;105;132;56;76;46;39;28;45;29;99;2731
351770;2580;67;52;80;57;64;59;81;94;133;111;105;90;3573
351780;1388;19;31;20;20;16;38;17;30;35;30;22;42;1708
351790;2498;56;35;43;131;48;34;41;37;31;32;36;63;3085
351800;321;7;9;12;6;5;6;3;1;4;4;9;2;389
351810;1302;42;61;72;28;79;45;58;62;34;47;27;37;1894
351820;6641;192;141;334;233;186;181;265;235;283;139;274;389;9493
351830;7590;264;257;290;283;225;243;279;342;221;226;190;245;10655
351840;30731;901;739;728;643;790;650;728;707;737;674;748;1288;40064
351850;2339;37;61;79;47;67;66;54;81;71;54;49;63;3068
351860;7073;260;333;311;312;336;318;197;191;263;193;240;480;10507
351870;47693;1769;1589;1612;1130;1305;1416;1096;1074;816;996;1001;1210;62707
351880;320416;10137;9638;11504;9357;10544;10236;11089;10909;10094;10535;9684;12062;446205
351885;1383;29;43;78;55;221;71;116;113;27;39;37;38;2250
351890;633;7;17;15;17;20;58;95;6;16;15;16;24;939
351900;1270;33;23;38;19;39;35;40;38;38;37;33;43;1686
351905;8307;213;251;303;210;215;255;261;241;337;310;270;290;11463
351907;44992;1403;1349;1630;1392;1486;1248;1322;1206;1208;1283;1229;1406;61154
351910;3549;110;81;93;41;75;79;73;83;70;51;122;102;4529
351920;937;17;22;31;27;27;21;37;19;24;34;28;21;1245
351925;1598;31;34;34;46;20;26;26;34;24;37;40;68;2018
351930;6155;252;210;244;189;244;237;202;234;206;233;272;397;9075
351940;1950;45;55;62;52;65;60;35;49;42;44;83;143;2685
351950;757;20;43;27;35;47;167;21;12;47;43;12;67;1298
351960;14370;432;451;555;440;423;476;463;582;543;809;981;646;21171
351970;13412;476;396;500;368;398;418;391;421;404;418;404;538;18544
351980;942;28;53;26;18;19;16;19;40;21;21;29;31;1263
351990;1136;26;33;42;46;26;30;25;23;53;49;31;37;1557
352000;2448;56;59;55;45;85;52;44;62;93;65;62;210;3336
352010;5224;181;88;184;186;242;194;129;112;141;120;263;300;7364
352020;1646;26;22;47;23;22;29;71;38;21;34;25;61;2065
352030;2830;95;57;99;58;93;70;67;52;61;110;47;221;3860
352040;8547;284;415;372;300;281;265;287;194;223;197;243;457;12065
352042;1700;92;100;154;77;96;119;101;98;69;43;90;45;2784
352044;5165;188;128;181;139;125;142;170;120;152;169;141;249;7069
352050;72513;2389;2529;3213;2515;2664;2922;2728;2516;2970;2519;2485;2746;104709
352060;620;18;10;11;17;10;16;16;11;12;7;14;12;774
352070;556;9;26;11;11;5;5;11;8;12;11;9;7;681
352080;972;9;11;8;9;16;8;12;8;10;6;10;33;1112
352090;3225;44;73;57;205;65;77;83;69;60;64;55;187;4264
352100;5704;162;124;148;120;133;163;145;172;171;221;186;294;7743
352110;1944;43;37;60;81;56;72;56;60;46;58;70;91;2674
352115;1341;33;46;58;34;40;36;61;48;55;37;67;53;1909
352120;497;9;7;4;4;5;9;6;4;9;6;3;17;580
352130;2583;161;169;312;84;96;57;231;178;98;74;111;148;4302
352140;6899;168;153;233;262;187;193;168;198;176;243;330;216;9426
352150;947;40;25;26;22;48;20;35;26;19;27;59;46;1340
352160;690;14;14;15;10;21;13;15;8;5;12;17;24;858
352170;2760;63;59;100;79;66;75;59;61;80;70;121;137;3730
352180;5517;102;118;132;89;109;127;127;157;125;142;188;251;7184
352190;3439;82;97;114;89;136;104;92;99;124;107;200;165;4848
352200;756;19;22;29;24;34;16;19;17;19;28;38;16;1037
352210;13967;376;415;605;479;562;504;365;294;318;374;337;583;19179
352215;340;1;3;4;3;3;0;5;7;3;2;5;3;379
352220;21223;771;573;746;565;584;723;749;647;659;611;580;727;29158
352230;35521;1394;1147;1348;1134;1109;1142;1179;1324;1504;1310;1155;1985;51252
352240;19704;718;847;797;515;611;599;641;590;594;547;628;1036;27827
352250;32535;1320;1402;1333;1046;1264;1273;1090;908;1067;906;988;1434;46566
352260;22898;572;785;984;585;624;550;658;598;599;662;681;698;30894
352265;531;16;13;8;12;11;12;17;9;7;7;4;41;688
352270;10347;337;380;377;373;537;310;371;328;319;262;476;699;15116
352280;2278;48;59;67;44;53;53;45;43;61;58;41;52;2902
352290;4170;80;152;178;92;190;90;117;158;112;140;147;144;5770
352300;591;15;18;16;20;12;10;19;5;5;12;9;12;744
352310;40879;1441;1158;1511;1312;1236;1382;1462;1166;1455;1332;1226;1756;57316
352320;8543;274;242;268;222;261;227;223;184;211;179;187;284;11305
352330;1499;35;45;43;32;35;37;35;35;24;44;28;48;1940
352340;32751;904;957;1247;987;997;998;1032;924;1038;875;986;1544;45240
352350;3173;144;126;159;72;89;95;135;89;101;112;102;137;4534
352360;5047;147;237;187;169;142;128;127;174;104;126;125;119;6832
352370;809;16;16;69;26;54;19;59;47;23;15;18;26;1197
352380;968;29;28;29;22;25;40;25;43;29;96;27;41;1402
352390;54239;1731;1488;1792;1588;1653;1693;1704;1495;1925;1673;1597;1747;74325
352400;25145;812;818;1029;848;1019;1085;1023;945;1048;837;835;1008;36452
352410;7508;253;205;205;191;200;198;197;150;227;176;215;273;9998
352420;931;10;16;22;33;15;13;16;9;17;21;74;49;1226
352430;20323;464;472;629;640;609;636;529;470;461;423;799;708;27163
352440;47934;1158;1768;1723;1200;1385;1416;1582;1530;1466;1339;1520;1735;65756
352450;2396;40;50;75;50;56;56;77;59;43;51;35;32;3020
352460;3456;122;130;134;95;86;99;85;100;86;92;105;103;4693
352470;34384;1181;998;1423;1093;1198;1174;1193;1247;1109;1058;998;1099;48155
352480;10980;257;295;341;248;278;380;329;295;311;353;616;428;15111
352490;2674;52;191;153;82;200;91;103;146;193;112;114;110;4221
352500;18729;688;651;734;804;1019;445;574;566;709;550;512;773;26754
352510;8777;327;270;368;387;356;388;335;277;329;348;414;320;12896
352520;8227;209;270;304;374;263;256;238;287;358;232;239;278;11535
352530;41032;1997;1293;1415;1135;1328;1115;1324;1262;1261;1194;1331;1360;57047
352540;762;25;24;17;18;27;43;96;32;10;47;46;43;1190
352550;2332;75;70;75;70;75;56;61;65;65;81;64;64;3153
352560;456;6;14;10;8;9;10;9;11;7;13;7;21;581
352570;10083;288;324;363;272;336;300;382;475;265;314;450;580;14432
352580;539;12;9;15;3;6;8;22;9;13;8;6;15;665
352585;1217;25;42;40;32;29;35;25;34;26;17;27;60;1609
352590;162980;5714;5622;6700;5558;5985;5945;6347;5629;5935;6702;5875;7102;236094
352600;5315;117;105;117;129;151;121;210;82;207;108;91;282;7035
352610;2376;65;62;51;48;64;36;62;59;52;68;48;94;3085
352620;4431;102;84;111;90;178;99;120;95;130;85;105;102;5732
352630;715;7;22;10;10;11;9;12;6;9;83;26;24;944
352640;9093;325;296;428;299;284;324;375;380;341;338;402;760;13645
352650;686;6;12;14;9;20;7;11;11;10;11;10;44;851
352660;787;12;29;20;18;12;13;14;21;20;16;21;18;1001
352670;22244;653;546;667;639;555;604;834;539;544;654;729;811;30019
352680;19390;632;850;1015;663;630;653;567;589;785;717;651;790;27932
352690;81141;2416;2325;2944;2388;2601;2572;2944;2367;2517;2674;2393;3523;112805
352700;1975;82;68;85;46;37;63;39;49;67;61;37;52;2661
352710;24032;612;639;1053;842;639;664;656;575;613;891;714;1028;32958
352720;17261;441;423;508;449;457;531;514;527;483;361;447;639;23041
352725;248;4;6;6;6;8;0;3;5;3;1;5;4;299
352730;16166;466;474;733;570;746;561;448;727;496;360;446;385;22578
352740;7934;303;324;563;240;288;315;611;262;359;288;771;339;12597
352750;932;86;51;29;14;15;29;64;47;29;83;35;30;1444
352760;6443;121;89;284;139;154;248;258;212;126;228;203;764;9269
352770;443;18;7;3;10;14;15;1;5;7;5;6;15;549
352780;637;20;20;15;20;10;10;21;18;9;22;17;32;851
352790;445;8;8;3;6;8;5;4;6;8;8;3;21;533
352800;3974;71;95;186;140;101;95;91;108;106;92;89;137;5285
352810;1747;41;41;32;22;41;34;33;45;33;37;93;221;2420
352820;452;16;17;13;5;4;8;6;5;5;14;15;20;580
352830;667;29;25;17;15;16;25;20;6;12;9;16;29;886
352840;9562;334;277;314;223;262;392;279;263;337;240;290;327;13100
352850;13578;381;353;481;380;396;361;368;368;376;400;375;382;18199
352860;1440;56;57;122;48;79;318;67;37;47;59;38;174;2542
352870;649;9;24;19;22;12;9;15;14;7;12;20;14;826
352880;2696;54;86;115;155;92;70;71;63;71;41;32;154;3700
352885;1478;29;24;45;33;35;35;28;79;37;28;117;133;2101
352890;331;3;4;6;3;6;7;6;4;4;2;3;8;387
352900;66947;1907;1949;2407;1743;1939;2007;2000;1812;2133;2064;1974;2834;91716
352910;315;19;3;6;3;10;4;2;3;5;3;2;7;382
352920;2931;105;106;107;91;240;84;68;80;74;66;70;177;4199
352930;32368;810;2451;2147;1554;950;699;1070;924;1052;1003;1078;1140;47246
352940;63968;2163;2216;2191;2059;2047;1968;2346;2042;1930;1774;2019;3810;90533
352950;2429;50;46;54;33;90;442;42;76;24;33;156;156;3631
352960;2142;82;50;81;26;47;78;43;35;52;41;33;140;2850
352965;251;3;3;1;3;2;3;7;1;4;4;4;0;286
352970;2713;252;90;130;187;65;93;76;73;73;60;65;138;4015
352980;1536;54;44;64;54;37;38;35;47;42;26;65;76;2118
352990;2718;71;56;103;74;71;72;71;66;75;59;59;151;3646
353000;452;6;10;6;11;8;10;9;4;10;14;12;14;566
353010;3848;106;86;83;94;95;120;85;56;108;84;84;191;5040
353020;3633;83;85;81;43;46;74;98;48;61;53;31;79;4415
353030;13731;367;389;511;701;381;391;375;406;436;475;445;445;19053
353040;565;22;11;12;22;17;7;14;13;7;7;9;27;733
353050;16757;482;394;486;380;442;438;379;364;469;349;408;652;22000
353060;99614;4986;3791;4568;3531;3726;3732;3677;3985;3462;3681;4010;5175;147938
353070;39210;1652;1448;2245;1745;1638;1651;1819;1846;1510;1867;1834;1685;60150
353080;27594;814;944;873;941;787;856;989;971;714;699;841;1108;38131
353090;711;15;20;26;27;18;22;17;17;16;11;23;38;961
353100;1679;22;23;57;45;34;62;17;200;22;31;121;61;2374
353110;6189;211;263;216;161;166;188;144;159;152;202;184;221;8456
353120;1194;23;17;37;25;33;31;28;23;11;26;30;72;1550
353130;12925;347;283;319;275;325;477;318;314;353;358;379;477;17150
353140;4182;253;224;391;277;376;212;204;142;131;171;218;390;7171
353150;5467;84;164;161;83;113;124;111;145;139;155;139;224;7109
353160;507;15;11;10;11;8;19;17;6;13;9;28;89;743
353170;664;16;18;18;13;19;12;14;16;10;11;14;24;849
353180;14259;533;481;586;419;585;499;524;465;618;500;638;937;21044
353190;8200;249;192;343;265;253;328;201;293;266;169;247;572;11578
353200;5462;640;124;162;141;115;135;297;350;147;258;148;131;8110
353205;639;10;32;16;16;13;15;10;10;24;6;28;13;832
353210;478;23;10;10;8;9;9;9;8;8;6;10;21;609
353215;369;6;4;23;21;3;4;8;8;23;14;8;26;517
353220;1059;12;8;13;11;19;17;15;9;12;13;19;39;1246
353230;694;12;10;14;9;8;10;7;16;12;10;7;29;838
353240;2885;76;150;72;90;68;73;72;116;77;164;191;132;4166
353250;1916;43;73;48;43;46;38;59;77;36;52;73;65;2569
353260;1703;39;62;65;78;66;49;52;34;35;38;46;66;2333
353270;819;21;30;28;22;24;21;32;21;50;35;33;32;1168
353280;1352;32;31;21;24;42;24;24;36;59;30;31;33;1739
353282;1956;60;55;63;74;62;43;37;27;32;47;46;65;2567
353284;202;8;5;6;3;5;2;6;3;2;2;4;3;251
353286;219;5;4;7;3;3;3;3;0;4;5;0;13;269
353290;3586;59;55;87;58;27;93;29;76;44;35;49;47;4245
353300;2960;91;84;119;82;124;121;92;89;71;81;78;206;4198
353310;256;4;6;4;1;1;1;12;6;0;8;0;2;301
353320;1546;9;20;21;29;16;18;42;13;12;18;12;35;1791
353325;457;14;7;7;3;6;7;8;17;12;14;193;45;790
353330;278;7;3;3;3;5;4;7;2;3;2;4;2;323
353340;18963;485;454;586;486;472;542;546;552;671;683;604;841;25885
353350;9751;289;219;278;300;313;498;316;207;258;183;558;588;13758
353360;3170;56;98;121;130;66;58;72;67;69;89;120;76;4192
353370;969;9;12;7;21;20;17;16;58;29;31;26;32;1247
353380;333;13;5;7;4;4;6;9;7;4;4;5;10;411
353390;15075;543;439;569;434;452;467;422;410;381;400;709;739;21040
353400;2269;38;27;17;30;52;31;32;24;31;37;137;39;2764
353410;849;21;17;15;19;28;19;24;26;19;14;10;24;1085
353420;2876;26;46;46;39;51;32;38;37;34;46;89;101;3461
353430;11538;315;363;665;360;315;308;372;288;282;249;342;432;15829
353440;155192;5766;5169;6147;6786;5799;5396;6414;5899;6193;5607;5895;5412;225675
353450;454;7;4;11;5;10;11;9;6;3;13;10;5;548
353460;7367;188;195;255;201;212;205;202;214;226;220;235;229;9949
353470;26636;705;908;841;750;751;770;793;683;915;778;751;1161;36442
353475;2897;61;77;175;76;78;91;87;82;52;63;56;155;3950
353480;765;10;21;11;16;22;84;11;57;15;71;28;40;1151
353490;1502;26;25;37;35;38;41;39;25;32;34;47;53;1934
353500;2548;38;40;46;37;62;49;53;41;27;39;93;161;3234
353510;776;12;34;22;24;11;31;22;68;31;186;55;68;1340
353520;1071;31;28;48;26;34;33;24;37;34;35;54;78;1533
353530;4039;80;103;115;74;93;86;128;93;152;130;90;185;5368
353540;2776;81;90;90;72;74;75;67;99;67;72;116;114;3793
353550;12671;258;299;252;402;273;294;227;246;192;219;251;981;16565
353560;2734;64;59;113;80;58;54;58;69;50;64;72;85;3560
353570;1968;26;28;34;35;48;179;134;44;33;47;42;325;2943
353580;4607;181;138;190;112;139;191;194;173;170;174;203;501;6973
353590;734;8;6;6;22;7;8;25;33;55;16;27;29;976
353600;2928;41;64;47;74;75;76;79;68;53;99;83;80;3767
353610;2198;101;81;102;70;71;76;57;70;67;49;49;111;3102
353620;4427;78;113;131;117;100;85;115;111;108;103;111;123;5722
353625;314;11;8;9;3;1;4;7;3;5;9;4;3;381
353630;4243;110;147;171;197;144;151;138;123;124;128;280;154;6110
353640;1907;33;47;55;25;39;41;45;80;45;34;51;127;2529
353650;40792;1384;1230;1813;1280;1582;2023;1388;1152;1176;1170;1607;1657;58254
353657;315;5;30;1;5;5;1;2;4;5;2;4;5;384
353660;1071;30;21;15;19;32;38;89;29;17;28;54;49;1492
353670;12650;361;304;435;291;374;338;340;278;247;294;379;632;16923
353680;845;56;14;33;24;18;31;14;16;14;20;21;35;1141
353690;392;8;6;3;7;4;3;9;9;8;8;5;2;464
353700;3328;89;114;113;90;159;271;222;235;106;84;108;125;5044
353710;13137;351;384;526;441;458;577;453;453;364;365;404;455;18368
353715;600;8;5;31;9;8;9;8;18;10;17;13;15;751
353720;968;40;29;28;19;18;15;29;21;18;20;21;42;1268
353730;15077;533;503;574;467;550;637;425;454;484;403;692;726;21525
353740;5518;171;126;141;172;149;111;115;245;122;123;228;412;7633
353750;2364;92;66;103;122;72;84;83;103;70;78;92;90;3419
353760;9180;339;253;247;220;238;223;217;208;414;198;223;240;12200
353770;916;17;31;25;11;40;16;19;33;57;57;28;24;1274
353780;8395;303;256;282;382;284;211;318;247;178;160;213;264;11493
353790;6849;144;219;234;235;202;209;179;149;201;330;397;205;9553
353800;30020;855;782;851;729;931;938;1082;843;822;786;935;1085;40659
353810;2451;55;94;56;42;53;46;51;65;32;44;56;97;3142
353820;2093;68;47;71;45;62;64;58;60;38;71;45;119;2841
353830;563;5;10;13;7;23;8;9;10;13;5;6;10;682
353850;1336;19;41;38;44;41;25;13;33;23;15;29;50;1707
353860;4043;162;120;178;182;157;101;150;115;75;84;111;162;5640
353870;122896;3487;3736;4763;3473;3878;4041;3801;3490;3823;5021;3696;4839;170944
353880;6021;182;221;206;151;184;208;254;203;177;249;226;353;8635
353890;3468;175;76;108;71;93;93;105;119;103;89;95;139;4734
353900;2150;65;49;72;58;51;51;58;39;38;53;59;124;2867
353910;2175;66;68;67;28;89;31;51;61;57;57;55;200;3005
353920;4794;148;143;154;113;797;162;127;127;117;110;108;228;7128
353930;23046;552;662;669;553;526;584;859;680;698;692;1041;1256;31818
353940;1962;49;56;73;52;61;80;60;72;62;51;44;70;2692
353950;7756;122;168;234;509;364;242;159;121;133;123;800;814;11545
353960;3063;71;81;100;88;88;209;207;64;72;64;251;517;4875
353970;473;7;10;15;20;11;36;8;4;1;4;9;52;650
353980;26701;1340;988;1586;949;1032;1009;1177;1115;995;977;941;1084;39894
353990;1002;25;32;26;22;43;41;51;58;32;130;106;30;1598
354000;7482;212;150;179;150;162;161;168;142;151;109;125;188;9379
354010;561;6;12;11;11;7;42;10;10;8;8;6;15;707
354020;9211;193;240;230;227;233;212;188;179;159;118;2341;1146;14677
354025;429;1;8;6;9;4;2;9;10;7;10;10;35;540
354030;1375;37;26;27;19;15;8;59;18;23;20;24;45;1696
354040;527;8;9;4;21;13;5;25;5;11;3;8;22;661
354050;1402;23;33;38;30;60;49;31;50;59;30;51;38;1894
354060;14350;333;392;427;465;380;406;381;330;432;421;667;660;19644
354070;15197;392;458;620;503;460;419;426;410;400;549;511;669;21014
354075;1315;26;25;42;36;45;35;101;18;32;16;44;109;1844
354080;4386;234;115;143;233;135;133;152;140;117;119;192;186;6285
354085;279;2;1;4;2;0;3;3;1;6;9;4;10;324
354090;7047;163;171;337;218;219;208;187;177;188;198;355;164;9632
354100;47600;1787;1557;1574;1409;1362;1553;1331;1402;1485;1165;1506;1826;65557
354105;1159;72;73;53;37;76;62;26;30;38;48;37;73;1784
354110;605;4;20;22;12;12;11;40;23;9;23;38;12;831
354120;2046;53;51;89;49;50;53;43;59;58;49;51;119;2770
354130;5405;263;164;146;126;159;143;136;98;143;147;141;220;7291
354140;66293;1955;2036;2363;1902;2135;2151;2184;2362;2106;2032;1890;2103;91512
354150;5942;234;179;204;184;262;276;226;166;174;275;193;228;8543
354160;9121;196;201;288;175;278;305;248;230;218;297;601;481;12639
354165;573;13;11;14;11;21;14;16;16;14;18;20;16;757
354170;3946;230;68;99;58;108;92;332;105;65;75;55;131;5364
354180;942;67;24;19;13;11;15;13;14;17;23;20;17;1195
354190;1669;26;27;38;30;45;38;43;32;39;28;36;45;2096
354200;1264;34;37;26;22;36;30;32;29;24;20;18;18;1590
354210;2776;113;40;161;99;71;71;61;43;66;69;82;183;3835
354220;7161;195;187;230;212;223;223;249;264;244;197;199;412;9996
354230;585;37;11;13;13;19;13;18;22;9;19;10;16;785
354240;4449;114;105;118;109;118;97;95;98;114;107;111;154;5789
354250;1007;37;23;27;31;30;38;37;26;14;29;46;35;1380
354260;13411;335;375;465;334;350;327;369;387;296;318;333;327;17627
354270;1615;58;77;87;145;59;51;94;122;74;79;67;46;2574
354280;525;34;17;14;19;7;36;11;9;16;13;6;46;753
354290;1806;78;42;50;46;107;74;72;57;63;137;71;75;2678
354300;3214;140;270;472;327;482;225;69;59;66;85;73;128;5610
354310;689;19;16;20;23;12;6;129;62;11;12;30;58;1087
354320;617;12;8;34;40;50;13;12;22;21;10;20;58;917
354323;322;2;2;4;3;7;3;5;6;1;2;4;7;368
354325;696;22;12;23;20;24;24;30;41;28;17;25;30;992
354330;21515;796;627;751;673;736;620;672;577;584;599;565;832;29547
354340;222877;8004;8195;9126;7465;8707;8154;8363;7990;8362;8031;7909;8558;321741
354350;535;9;13;13;7;7;37;5;7;4;6;7;17;667
354360;705;22;25;27;24;44;23;16;25;49;18;18;16;1012
354370;1470;35;48;39;26;39;24;24;52;47;37;52;74;1967
354380;1771;45;47;50;52;55;34;45;42;46;36;52;39;2314
354390;62683;1858;1677;1943;1784;1794;1873;1864;1918;1942;2003;2300;2484;86123
354400;8541;138;136;249;232;209;344;224;238;148;386;458;637;11940
354410;3582;145;117;97;85;96;90;105;106;90;113;113;99;4838
354420;1012;18;16;16;21;16;12;14;17;16;32;30;33;1253
354425;2472;37;64;88;42;44;42;53;26;74;43;46;98;3129
354430;2329;49;61;53;51;70;40;63;135;54;71;58;111;3145
354440;359;7;25;5;6;10;5;11;3;5;5;9;29;479
354450;634;23;18;33;15;11;11;18;17;11;17;14;21;843
354460;582;30;15;12;15;14;17;18;11;41;54;22;20;851
354470;404;13;5;7;4;5;4;1;5;4;6;5;6;469
354480;812;35;25;21;17;23;28;16;16;13;25;20;68;1119
354490;2183;55;77;178;177;84;70;76;85;42;50;54;57;3188
354500;2295;52;55;85;70;63;68;73;45;69;72;41;109;3097
354510;509;2;9;13;46;17;9;22;8;8;30;56;12;741
354515;1431;40;59;84;74;59;50;58;41;53;51;52;53;2105
354520;28627;734;684;944;1712;790;884;837;819;758;1017;1006;1002;39814
354530;6350;134;260;231;168;188;194;186;194;167;153;181;176;8582
354540;1386;15;19;17;28;25;24;33;26;31;22;20;48;1694
354550;2184;44;37;23;34;30;25;28;55;34;25;41;96;2656
354560;4314;72;73;79;77;95;158;77;227;76;139;136;486;6009
354570;1963;18;24;28;30;38;40;37;17;27;28;65;117;2432
354580;44399;1276;1785;1756;1417;1543;1440;1432;1527;1323;2229;1726;1527;63380
354600;4133;410;294;359;260;267;338;254;316;498;337;312;507;8285
354610;575;22;16;15;17;18;13;13;15;27;41;19;21;812
354620;1215;40;29;42;40;53;38;39;46;28;83;45;68;1766
354625;395;11;3;9;4;4;1;2;6;18;6;23;11;493
354630;5408;153;148;163;149;419;185;141;173;589;322;313;183;8346
354640;14700;1030;590;450;291;362;361;465;422;413;458;432;555;20529
354650;496;12;9;7;8;11;13;4;8;2;16;22;79;687
354660;7772;233;766;275;243;246;195;185;218;260;243;221;267;11124
354670;7246;157;155;204;138;141;174;162;240;165;118;107;272;9279
354680;11087;321;276;319;298;365;282;295;266;295;288;278;388;14758
354690;652;18;13;26;18;22;16;20;18;27;20;18;17;885
354700;1000;26;26;46;68;24;23;53;26;23;28;25;51;1419
354710;402;3;5;15;17;10;24;6;54;8;5;10;30;589
354720;237;1;6;3;2;3;3;2;3;1;2;6;0;269
354730;56733;2292;2426;2696;2048;2551;2463;2577;2169;2536;1932;2109;2558;85090
354740;394;2;10;7;0;6;5;5;7;1;2;3;11;453
354750;5387;158;180;215;158;215;212;197;206;204;617;182;902;8833
354760;4364;148;129;162;112;182;123;81;93;108;132;118;114;5866
354765;247;3;6;1;3;4;3;7;2;2;4;0;3;285
354770;3206;90;66;114;73;103;107;92;71;64;78;66;111;4241
354780;198298;7679;6646;8511;7113;7996;7214;7959;7883;7143;7715;8517;9147;291821
354790;1105;32;36;42;37;26;23;57;55;75;33;101;56;1678
354800;8230;207;281;311;295;258;285;411;370;303;316;239;423;11929
354805;1759;47;35;68;57;58;56;106;66;62;52;46;91;2503
354810;1276;22;36;30;24;27;35;132;35;13;30;20;27;1707
354820;1194;28;33;30;31;33;18;35;31;35;25;25;41;1559
354830;343;3;2;5;2;4;3;4;4;3;5;3;3;384
354840;474;4;9;18;13;16;26;17;9;17;17;21;18;659
354850;173018;8490;5609;5690;5385;6052;5183;4632;5085;4201;4588;4413;5144;237490
354860;1534;26;29;38;18;35;33;44;28;32;29;38;33;1917
354870;249142;8484;8132;9902;7593;8480;8750;8893;8940;7690;9475;8493;8436;352410
354880;103620;4227;4369;4681;4041;4106;5346;4164;4917;4211;4061;3638;4534;155915
354890;74097;2203;1980;2555;1990;2581;2107;2124;2037;2002;2080;2121;2404;100281
354900;227;8;2;1;2;3;6;28;8;2;3;2;5;297
354910;24063;704;677;907;791;792;818;695;772;1312;731;703;815;33780
354920;271;0;7;6;0;9;2;3;5;7;10;8;2;330
354925;91;2;1;1;3;2;4;0;2;2;4;6;9;127
354930;228;6;4;0;6;1;3;2;3;2;3;0;2;260
354940;11713;289;294;311;257;275;222;273;261;238;219;317;290;14959
354950;827;22;16;42;18;96;59;69;45;12;22;39;18;1285
354960;476;12;4;13;7;7;7;10;6;7;5;6;16;576
354970;14896;398;443;483;452;676;423;488;604;766;2002;964;556;23151
354980;136102;5452;4597;5601;4748;5305;5127;5048;4644;5266;4945;4988;5099;196922
354990;187441;7412;6841;7213;5687;6607;6720;7407;6806;6438;6458;6759;8904;270693
354995;8304;261;294;376;242;278;193;241;238;225;196;174;251;11273
355000;1913;61;32;43;27;30;38;38;49;51;47;51;90;2470
355010;8526;404;256;269;221;219;220;256;193;244;182;238;564;11792
355020;4316;125;119;168;127;139;176;129;114;114;132;99;169;5927
355030;4867306;170700;158264;182817;160261;170665;175829;177388;172681;171370;178961;162047;214629;6962918
355040;6146;165;212;258;174;209;163;157;183;290;177;252;273;8659
355050;1480;37;43;55;45;44;56;52;53;33;52;41;103;2094
355060;20702;795;757;890;699;761;793;780;727;979;677;714;830;30104
355070;20815;789;614;855;569;762;591;538;507;484;592;622;818;28556
355080;2872;100;79;97;160;181;162;147;280;297;144;87;117;4723
355090;3526;132;102;127;89;97;142;95;84;82;91;77;100;4744
355100;35384;1189;1006;1164;1036;1157;1054;861;1012;809;887;933;1231;47723
355110;1669;92;54;87;116;44;38;22;33;39;50;66;144;2454
355120;543;9;14;4;10;11;22;13;9;21;19;45;13;733
355130;2349;72;39;59;24;33;60;69;32;36;34;49;56;2912
355140;772;17;13;29;11;21;18;17;24;11;13;23;19;988
355150;7064;167;193;428;236;192;184;254;170;240;319;333;289;10069
355160;6675;221;184;228;195;178;183;209;207;224;163;189;181;9037
355170;39879;1454;1853;2839;2178;1993;1433;1667;1392;1342;1063;1453;3004;61550
355180;1780;62;60;58;55;57;45;56;41;28;49;46;58;2395
355190;2204;57;77;199;119;164;99;85;66;43;49;91;256;3509
355200;819;18;16;15;9;19;16;11;14;14;13;10;13;987
355210;7754;364;260;252;180;207;222;217;188;218;232;292;254;10640
355220;191120;7382;6810;7564;6258;7512;7126;7738;6746;7377;7321;6614;7555;277123
355230;1344;32;30;48;50;34;27;14;25;26;23;52;55;1760
355240;57067;1769;1549;1905;1488;1651;1798;1848;1794;1658;2281;1601;2200;78609
355250;56357;1707;1746;2310;1577;1763;1600;1742;1736;1657;1598;1752;2237;77782
355255;1634;29;19;33;21;19;19;13;15;14;12;236;48;2112
355260;1960;87;43;62;51;74;82;73;61;73;57;197;128;2948
355270;3703;213;327;113;104;142;181;253;234;220;191;301;623;6605
355280;59267;2302;2509;3001;2197;2881;2859;2524;2792;2474;2419;2644;4137;92006
355290;828;25;14;27;5;18;11;19;8;49;23;27;31;1085
355300;4554;199;255;283;331;523;399;291;241;240;255;170;194;7935
355310;637;20;12;10;14;16;8;18;16;6;14;11;35;817
355320;749;27;26;22;6;9;15;21;11;19;13;15;59;992
355330;5566;127;346;200;144;213;181;152;152;132;138;118;231;7700
355340;5248;153;119;103;130;145;133;119;118;124;144;185;281;7002
355350;1165;40;21;31;16;19;39;24;18;28;41;24;22;1488
355360;3214;78;46;71;53;92;119;122;92;280;155;78;100;4500
355365;520;8;18;11;11;6;10;17;13;22;5;21;19;681
355370;10923;324;255;399;376;326;310;303;303;293;306;407;447;14972
355380;4764;202;138;168;170;147;155;158;134;144;156;131;478;6945
355385;1240;37;24;31;28;31;92;49;20;29;64;29;44;1718
355390;963;30;24;30;24;23;18;28;22;28;32;30;25;1277
355395;5530;136;114;217;261;236;248;158;194;106;108;408;350;8066
355400;28446;801;731;1240;759;875;734;825;703;746;790;666;1105;38421
355410;79269;2308;2498;2737;2143;2452;2477;3260;2523;2582;2354;2459;3267;110329
355420;857;14;40;35;21;28;27;17;38;27;31;36;40;1211
355430;3245;79;105;94;74;76;75;85;62;51;73;96;199;4314
355440;1196;18;20;42;72;26;17;50;26;18;22;72;17;1596
355450;14090;352;436;451;433;384;383;385;350;400;446;496;578;19184
355460;399;28;19;11;15;7;12;18;14;35;67;6;30;661
355465;247;6;5;5;0;4;0;4;1;0;1;4;13;290
355470;2097;56;58;48;51;50;45;46;89;46;46;61;76;2769
355475;402;11;12;14;12;15;12;21;3;10;9;12;10;543
355480;4576;124;141;140;110;158;129;144;144;120;117;120;264;6287
355490;655;22;40;20;14;21;15;18;23;18;25;26;34;931
355495;680;10;18;23;17;17;6;11;4;6;8;14;12;826
355500;16282;558;441;543;407;605;510;483;466;560;426;509;612;22402
355510;2252;56;48;74;51;49;62;133;53;41;64;46;129;3058
355520;290;7;4;5;4;5;19;1;6;3;4;3;7;358
355530;325;6;2;6;6;4;1;6;4;0;2;11;5;378
355535;1420;21;27;23;72;69;28;164;37;44;38;27;242;2212
355540;18470;855;884;1028;588;781;590;581;498;546;521;552;633;26527
355550;1120;38;79;78;52;20;23;36;41;77;38;36;187;1825
355560;1459;67;36;34;24;36;42;49;55;53;53;67;48;2023
355570;106;4;3;3;0;3;2;1;8;1;4;14;4;153
355580;1201;30;24;24;16;24;43;14;27;29;18;23;35;1508
355590;304;3;5;4;4;4;3;1;2;4;18;17;4;373
355600;2505;66;69;73;70;71;86;59;79;86;51;75;97;3387
355610;3190;104;128;123;59;101;118;121;116;93;104;139;176;4572
355620;45013;1147;1332;1706;1328;1421;1242;2650;1229;1366;1503;1335;1384;62656
355630;5733;94;128;201;163;136;110;222;217;123;121;199;354;7801
355635;921;15;23;26;17;20;18;23;25;12;17;22;28;1167
355640;7497;182;181;238;182;242;210;278;303;365;1552;380;382;11992
355645;11125;503;357;424;353;365;424;438;388;397;411;320;358;15863
355650;16851;428;604;612;458;578;517;496;485;454;445;497;581;23006
355660;1209;31;16;35;21;28;20;39;30;98;52;56;56;1691
355670;34648;1149;1114;1289;1038;1015;1021;1056;1462;1041;1254;1156;1162;48405
355680;3136;67;68;99;70;81;88;93;104;80;92;68;269;4315
355690;3382;30;76;55;79;68;102;56;148;47;113;1582;278;6016
355695;206;2;0;5;1;7;4;0;3;2;4;3;29;266
355700;18485;798;820;779;694;813;738;742;719;694;760;686;878;27606
355710;26835;842;796;1053;762;957;849;799;884;929;1031;873;912;37522
355715;596;7;12;11;14;13;13;12;12;7;8;13;23;741
355720;1804;50;43;77;63;48;36;44;40;61;29;41;135;2471
355730;2387;34;62;64;72;148;100;151;208;147;170;158;193;3894
359999;0;0;0;0;0;0;0;0;0;0;0;0;0;0
410010;1076;29;35;34;50;28;39;33;30;108;32;30;45;1569
410020;1010;16;13;19;14;21;17;18;27;26;17;13;16;1227
410030;1026;30;43;23;30;30;26;32;30;29;36;26;29;1390
410040;11742;467;399;460;428;468;426;520;743;422;688;404;404;17571
410045;522;24;8;7;5;11;6;9;5;7;6;9;4;623
410050;3422;74;104;112;65;92;82;100;83;94;79;82;139;4528
410060;2640;117;85;77;58;55;78;88;85;91;85;99;77;3635
410070;1084;33;31;42;30;25;26;21;20;27;23;41;38;1441
410080;1449;46;34;64;42;60;81;39;34;30;30;42;28;1979
410090;674;12;12;17;10;11;10;37;17;16;7;8;3;834
410100;5156;123;132;136;133;124;160;138;137;145;124;102;190;6800
410105;439;6;8;6;9;4;6;10;9;15;11;1;0;524
410110;3655;127;95;93;77;108;87;134;75;79;128;125;243;5026
410115;535;32;12;25;18;21;16;5;20;14;11;7;26;742
410120;3189;122;85;123;71;92;93;277;123;99;156;197;176;4803
410130;619;27;25;17;16;38;16;70;66;9;12;17;29;961
410140;33337;1007;1131;1348;1132;1102;1376;1208;1309;1232;1246;1190;1280;47898
410150;34554;978;1050;1606;835;1273;1062;1195;1259;1119;1099;1192;1224;48446
410160;6244;193;192;238;198;276;192;187;171;204;170;240;252;8757
410165;387;5;7;4;4;5;6;6;6;10;2;10;57;509
410170;3022;54;57;101;66;87;76;77;120;48;91;68;92;3959
410180;41584;1175;1358;1532;1460;1458;1439;1413;1647;1205;1270;1141;1265;57947
410185;284;2;6;5;0;7;3;2;7;3;13;4;2;338
410190;2508;93;55;91;43;51;33;37;56;43;49;40;52;3151
410200;5949;155;180;196;150;148;180;173;177;136;128;120;201;7893
410210;5691;152;190;220;173;161;128;136;197;171;196;201;180;7796
410220;755;29;30;15;14;10;18;13;16;16;13;19;16;964
410230;3301;161;128;158;123;278;113;117;146;97;85;86;134;4927
410240;6046;139;173;204;138;141;163;151;160;174;104;128;133;7854
410250;1297;38;28;43;44;32;28;33;26;28;16;10;33;1656
410260;1985;73;74;92;64;65;137;61;64;64;88;53;137;2957
410270;353;5;7;18;4;1;7;5;10;7;4;3;6;430
410275;361;10;9;6;13;5;6;4;4;5;3;13;3;442
410280;2349;40;50;98;59;52;46;48;57;102;65;46;112;3124
410290;3210;97;120;128;67;109;111;100;114;114;100;110;132;4512
410300;675;12;11;16;12;11;11;18;14;8;9;7;17;821
410302;492;7;12;10;7;4;9;15;8;13;6;9;10;602
410304;1022;31;28;28;21;14;19;11;23;20;24;24;15;1280
410305;1020;14;24;54;27;34;27;18;36;21;14;24;12;1325
410310;2099;59;68;117;67;95;78;66;92;94;186;71;77;3169
410315;457;8;10;18;8;15;28;7;8;5;15;7;11;597
410320;1021;42;22;28;23;35;24;21;28;24;34;35;30;1367
410322;783;17;36;41;19;28;17;38;33;28;24;23;21;1108
410330;1004;18;30;24;14;16;19;23;26;13;13;11;8;1219
410335;640;6;19;16;11;9;10;32;18;8;11;13;19;812
410337;534;39;17;20;9;5;11;10;34;10;12;14;17;732
410340;348;5;6;6;7;2;4;5;2;4;3;7;3;402
410345;10064;272;295;286;375;258;306;315;316;317;321;236;258;13619
410347;611;12;11;22;21;16;13;17;16;19;14;20;6;798
410350;1495;41;53;54;73;49;71;50;38;60;39;31;55;2109
410360;5444;121;126;156;148;145;108;179;190;150;442;342;341;7892
410370;22164;655;699;889;828;701;787;730;772;763;844;658;796;31286
410380;1451;57;68;55;48;104;53;51;58;34;58;37;60;2134
410390;1969;47;55;64;85;40;69;45;65;65;56;64;33;2657
410395;552;9;14;16;5;45;10;8;6;11;12;10;8;706
410400;8284;244;187;304;184;252;261;267;289;268;219;220;265;11244
410405;436;5;7;22;6;6;5;13;11;7;9;12;5;544
410410;1328;79;106;39;48;39;27;49;36;32;59;41;70;1953
410420;29057;964;1014;1189;880;1202;997;990;987;1087;1131;912;1064;41474
410425;2979;111;83;106;78;98;137;93;95;66;101;94;83;4124
410430;24931;714;862;912;742;712;776;2552;988;931;727;690;944;36481
410440;1471;41;40;27;17;23;27;19;21;25;16;17;16;1760
410442;2187;45;66;66;77;61;77;88;43;50;55;44;113;2972
410445;1349;57;36;32;54;48;25;49;20;24;32;32;56;1814
410450;5142;414;196;559;171;334;278;322;601;248;215;388;321;9189
410460;2984;94;97;114;78;98;80;97;81;94;100;87;106;4110
410465;9406;332;1295;463;281;318;296;287;238;239;249;263;278;13945
410470;2732;133;115;124;91;83;93;116;131;174;94;90;86;4062
410480;101351;3658;5178;5158;4691;4152;4421;4650;4625;4524;4267;4032;4648;155355
410490;17493;589;538;985;487;609;555;588;621;579;484;592;475;24595
410500;1295;34;34;41;29;29;45;52;39;47;41;25;47;1758
410510;1382;47;34;31;33;25;24;39;88;111;47;30;24;1915
410520;1706;27;12;43;30;35;30;82;40;30;29;35;19;2118
410530;2794;79;104;104;87;90;105;99;88;67;65;104;88;3874
410540;3995;153;161;175;167;182;126;124;142;127;146;143;166;5807
410550;22768;628;676;990;796;790;972;728;750;837;793;751;1329;32808
410560;3540;100;75;75;89;86;67;143;101;63;74;59;245;4717
410570;2537;93;95;110;86;80;93;85;80;63;70;78;79;3549
410580;37997;1206;1355;1862;1496;1408;1863;1539;1462;1386;1356;1393;1505;55828
410590;6558;151;135;138;158;116;130;139;113;98;100;115;483;8434
410600;1059;31;22;40;24;37;20;21;21;28;45;45;36;1429
410610;484;8;4;8;4;3;8;6;13;8;5;1;9;561
410620;1977;78;71;86;52;79;67;70;89;74;71;65;164;2943
410630;3081;123;152;136;143;101;179;155;112;137;100;103;161;4683
410640;15986;561;567;772;563;597;496;586;612;771;548;578;546;23183
410645;1247;38;71;77;57;76;58;51;83;51;45;46;82;1982
410650;4243;141;147;155;129;127;140;120;126;129;145;199;154;5955
410655;472;9;6;8;8;4;12;5;7;11;4;9;16;571
410657;821;17;26;47;18;103;114;10;17;16;41;22;34;1286
410660;4505;116;119;159;134;99;117;205;115;125;205;117;219;6235
410670;781;10;25;23;20;15;14;9;17;10;20;13;20;977
410680;1610;34;38;35;38;32;29;32;32;24;23;24;25;1976
410685;494;14;4;4;5;5;16;8;6;12;4;7;4;583
410690;863148;28624;29968;39575;31665;32966;30708;32537;37361;34289;30359;29565;66569;1287334
410700;1390;39;42;48;30;40;43;32;43;42;26;21;102;1898
410710;658;8;9;13;17;16;14;11;31;14;6;44;40;881
410712;360;5;7;10;8;10;7;7;6;5;8;4;10;447
410715;577;11;17;22;15;9;14;11;25;13;10;7;7;738
410720;13383;377;385;523;469;438;423;452;559;411;376;347;494;18637
410725;2785;59;104;50;40;60;54;55;56;116;64;59;61;3563
410730;756;16;29;15;20;12;19;18;14;10;13;15;13;950
410740;1059;26;16;25;32;36;44;39;36;33;28;42;30;1446
410750;2308;58;71;67;66;82;66;55;74;57;79;51;71;3105
410752;413;9;8;8;5;5;8;4;4;6;8;2;7;487
410753;1262;37;62;34;45;42;38;61;56;49;47;33;48;1814
410754;618;13;9;20;4;17;7;11;8;9;8;10;13;747
410755;380;5;4;5;7;11;9;2;9;6;6;8;31;483
410760;2607;91;65;96;73;73;55;64;70;50;61;71;79;3455
410765;15277;549;501;844;549;502;567;614;674;552;581;571;633;22414
410770;565;14;12;18;69;7;9;7;22;32;8;10;64;837
410773;788;32;21;42;10;11;16;46;19;22;12;12;26;1057
410775;1130;33;19;14;16;26;22;18;19;16;17;14;19;1363
410780;982;21;47;41;38;19;23;21;28;30;25;25;41;1341
410785;784;19;44;30;20;28;25;32;33;30;29;16;18;1108
410790;1108;12;24;15;14;44;37;43;24;32;22;18;19;1412
410800;2998;120;60;74;45;73;34;42;39;57;49;30;252;3873
410810;415;12;15;19;7;14;29;9;11;4;2;7;9;553
410820;1113;37;52;29;33;25;27;36;23;29;44;21;25;1494
410830;61210;2384;2470;2886;2166;1971;2492;2425;2313;2187;2370;2169;2495;89538
410832;834;14;16;28;20;20;30;19;13;21;21;13;26;1075
410840;26692;790;861;1050;935;827;948;884;906;886;917;860;951;37507
410845;607;9;8;14;11;22;10;25;17;21;22;19;18;803
410850;1856;92;115;140;74;96;173;92;71;104;89;101;84;3087
410855;329;6;6;9;3;8;5;4;8;4;2;5;3;392
410860;5212;152;152;156;131;112;110;122;213;170;131;133;134;6928
410865;553;20;27;19;12;31;15;7;14;8;12;18;41;777
410870;779;19;21;28;10;18;33;11;10;23;16;13;10;991
410880;4841;190;185;188;184;167;164;130;150;170;179;140;263;6951
410890;1059;80;34;60;20;27;31;24;47;46;17;23;66;1534
410895;727;27;16;19;20;24;22;16;23;16;15;16;18;959
410900;710;16;25;23;21;25;16;14;29;26;20;11;19;955
410910;389;2;5;9;11;8;8;5;12;8;10;10;8;485
410920;780;30;21;23;9;27;22;20;12;29;21;17;20;1031
410930;2378;63;80;80;53;63;68;54;55;56;37;75;60;3122
410940;42125;1637;1532;1828;1480;1585;1912;1647;1365;1361;1363;1273;1432;60540
410950;745;66;15;13;28;42;91;19;26;23;5;6;9;1088
410960;6751;350;474;507;198;255;226;220;224;203;188;254;288;10138
410965;708;23;20;22;23;14;18;18;11;13;15;9;9;903
410970;5530;181;190;190;172;175;175;156;180;162;168;176;157;7612
410975;1112;48;47;47;42;34;44;44;26;33;35;36;31;1579
410980;11654;400;491;798;505;516;458;414;435;379;413;369;559;17391
410990;1237;51;28;42;30;25;32;28;20;35;30;34;54;1646
411000;993;28;30;60;25;61;26;28;36;32;30;38;25;1412
411005;383;5;4;3;4;4;16;5;7;8;8;7;6;460
411007;1395;88;63;72;34;46;51;46;50;44;35;46;30;2000
411010;6714;213;274;272;197;223;232;250;264;251;449;203;190;9732
411020;1306;33;35;38;28;53;85;28;28;46;36;28;22;1766
411030;320;7;5;9;4;20;10;9;3;7;1;3;5;403
411040;1129;21;30;31;23;37;14;19;18;16;18;32;13;1401
411050;1801;43;61;75;35;45;51;42;52;35;39;46;39;2364
411060;2341;57;71;84;86;77;123;79;68;82;53;66;83;3270
411065;386;5;24;13;10;21;6;4;5;4;8;5;4;495
411070;11883;414;461;375;284;309;350;467;366;325;287;292;319;16132
411080;1465;17;32;31;22;23;19;33;18;45;20;31;23;1779
411090;463;11;9;12;4;10;6;7;8;12;9;12;33;596
411095;3174;124;105;119;125;64;116;112;72;74;75;68;94;4322
411100;795;11;8;15;11;17;10;30;19;36;70;8;33;1063
411110;735;13;18;9;9;7;10;16;9;14;10;13;5;868
411120;3181;85;106;111;110;101;84;125;100;112;73;98;168;4454
411125;2888;229;167;202;135;134;237;217;142;369;111;76;109;5016
411130;437;5;2;15;4;1;4;6;11;5;4;4;4;502
411140;1456;17;27;34;21;29;27;27;60;29;27;21;46;1821
411150;5764;159;159;193;173;208;163;191;138;177;150;138;171;7784
411155;2103;28;33;41;27;31;47;35;90;26;35;32;470;2998
411160;743;21;19;14;11;7;29;18;27;19;9;23;33;973
411170;521;10;6;19;3;7;8;8;15;7;11;6;7;628
411180;10159;203;242;304;200;221;187;199;252;246;192;144;309;12858
411190;5969;183;218;223;209;178;211;231;228;266;172;145;197;8430
411200;7926;379;359;467;257;627;337;420;419;334;349;327;373;12574
411210;5751;117;141;161;154;141;143;170;140;163;118;138;368;7705
411220;674;8;17;34;14;4;5;17;26;16;15;15;19;864
411230;572;23;22;30;15;126;23;14;24;14;15;16;7;901
411240;1922;59;51;69;50;61;48;50;60;58;56;66;87;2637
411250;1228;22;25;39;28;22;34;21;38;28;26;25;22;1558
411260;344;2;2;3;5;4;5;5;11;14;10;5;7;417
411270;1469;35;33;89;39;38;39;73;112;61;35;61;51;2135
411275;1332;21;43;27;30;95;33;30;35;35;47;28;45;1801
411280;4917;114;181;164;125;165;154;110;156;123;128;132;135;6604
411290;391;7;8;6;5;6;19;5;4;7;3;4;15;480
411295;1067;35;27;17;24;28;43;29;36;18;21;23;24;1392
411300;2535;107;53;53;57;70;43;67;72;61;45;71;62;3296
411310;716;28;8;18;12;15;9;11;13;13;5;14;6;868
411320;9346;276;327;279;278;274;398;281;303;383;234;176;266;12821
411325;493;12;7;12;3;12;7;3;9;12;4;12;12;598
411330;5208;177;143;188;183;177;176;138;173;187;127;170;147;7194
411340;520;7;8;4;4;31;10;5;7;8;4;9;33;650
411342;469;15;13;11;14;11;6;11;10;12;9;12;5;598
411345;727;18;28;17;18;25;16;21;21;24;13;11;19;958
411350;5051;117;173;196;144;256;178;150;144;130;149;107;148;6943
411360;779;20;22;19;16;12;19;19;12;22;12;9;14;975
411370;164583;6566;6311;8715;6782;6511;6401;6735;7373;6806;6841;6039;6717;246380
411373;1250;22;22;40;38;21;19;16;20;16;29;20;15;1528
411375;519;7;8;5;4;6;5;8;9;13;7;5;20;616
411380;835;9;18;18;12;22;12;36;18;13;19;23;20;1055
411390;2676;55;66;70;58;73;62;43;56;37;43;56;49;3344
411400;2163;36;52;70;41;62;64;61;45;36;51;44;56;2781
411410;3928;118;121;186;143;109;164;146;142;179;112;236;149;5733
411420;10199;296;317;370;319;313;357;428;420;428;316;312;449;14524
411430;4183;91;138;167;108;139;114;117;130;116;154;162;166;5785
411435;444;3;9;7;10;9;13;5;11;6;13;8;10;548
411440;2875;69;83;112;128;80;90;82;140;87;104;63;89;4002
411450;1761;52;116;54;33;35;55;42;41;36;27;40;55;2347
411460;15808;433;630;656;590;565;553;528;562;521;538;502;630;22516
411470;828;10;24;18;8;27;27;18;24;37;19;28;24;1092
411480;7969;157;225;277;198;253;187;238;230;219;260;209;429;10851
411490;1145;37;24;51;21;25;27;30;38;39;22;32;62;1553
411500;1325;50;199;156;48;25;39;23;68;33;27;32;25;2050
411510;964;15;24;38;19;10;20;21;10;36;23;13;34;1227
411520;156175;5188;5724;7375;5829;5399;6149;6967;6745;6316;5873;5823;6749;230312
411530;1244;43;56;41;50;47;48;41;46;43;32;29;46;1766
411535;1262;38;43;36;38;39;23;42;32;34;27;36;48;1698
411540;2540;79;107;107;77;102;102;91;117;82;89;112;107;3712
411545;408;4;11;3;9;11;13;10;3;3;3;4;9;491
411550;1050;131;27;61;52;45;43;57;62;61;82;134;170;1975
411560;8573;247;292;280;201;221;237;260;197;226;196;203;214;11347
411570;7239;304;405;490;217;241;230;277;169;211;163;284;221;10451
411573;412;13;4;8;5;3;4;7;2;0;3;11;5;477
411575;2101;47;40;71;63;37;47;45;50;65;58;49;59;2732
411580;17023;624;559;722;650;511;628;584;623;577;594;460;559;24114
411585;1011;25;32;35;13;21;16;33;88;21;24;26;39;1384
411590;474;3;3;6;7;5;4;7;6;5;3;9;7;539
411600;246;5;0;2;5;3;3;6;2;3;4;2;1;282
411605;1817;61;42;73;47;49;45;41;57;36;24;44;43;2379
411610;2580;30;36;97;35;56;48;39;69;33;31;30;102;3186
411620;2431;83;90;84;75;73;54;74;72;83;81;59;79;3338
411630;504;13;23;16;6;9;7;14;16;15;11;7;18;659
411640;362;11;6;3;3;11;7;8;12;11;7;8;15;464
411650;301;4;4;7;5;6;7;8;5;3;12;29;16;407
411660;1221;16;4;8;10;33;16;25;24;13;73;12;10;1465
411670;3175;91;116;141;106;174;118;125;125;95;114;96;71;4547
411680;825;11;9;17;16;14;19;20;11;10;9;17;10;988
411690;5015;166;168;236;159;89;164;231;150;161;128;145;181;6993
411695;1046;27;28;29;18;30;24;34;26;33;26;51;38;1410
411700;2006;23;27;34;16;19;23;24;23;108;36;14;24;2377
411705;873;23;21;35;62;14;21;20;21;16;16;21;26;1169
411710;3414;76;110;606;122;74;75;84;75;90;97;102;110;5035
411720;914;24;24;30;24;19;32;21;13;36;26;26;40;1229
411721;446;6;5;10;5;7;8;9;9;2;6;7;2;522
411722;1718;38;66;75;66;52;53;72;64;58;59;62;69;2452
411725;1809;63;66;83;61;98;61;58;70;46;28;48;50;2541
411727;711;10;11;8;8;14;5;22;14;9;9;8;6;835
411729;577;15;27;22;12;16;16;30;50;19;7;15;14;820
411730;2840;135;154;142;236;97;112;97;99;114;196;93;135;4450
411740;407;5;2;6;9;4;9;8;5;6;2;3;5;471
411745;891;15;24;30;20;20;15;19;34;23;19;12;17;1139
411750;5731;206;224;273;288;218;232;324;229;223;225;234;276;8683
411760;10948;485;737;692;505;585;541;431;421;357;346;362;312;16722
411770;7460;387;330;310;235;305;254;321;302;262;269;237;284;10956
411780;1358;32;34;29;73;27;37;38;30;30;27;21;20;1756
411790;13720;390;436;565;448;464;368;491;479;503;400;417;610;19291
411800;4038;85;86;147;151;107;138;132;99;110;276;99;165;5633
411810;3020;48;38;67;67;57;72;56;68;36;48;21;555;4153
411820;38591;1052;1157;1537;1260;1371;1191;1238;1317;1240;1157;1119;1221;53451
411830;523;5;11;14;6;8;3;10;4;4;10;7;11;616
411840;22400;730;889;893;714;690;765;781;892;741;709;771;854;31829
411845;1416;49;47;54;68;54;52;67;76;39;59;40;72;2093
411850;28213;1094;1175;1300;1124;1117;1122;1341;1151;1212;1096;1001;1193;42139
411860;908;52;41;20;18;24;24;42;27;20;31;23;46;1276
411870;657;12;17;18;19;21;17;10;12;6;20;12;16;837
411880;1709;30;42;69;47;49;63;58;40;44;45;43;45;2284
411885;968;36;31;27;20;20;23;23;19;18;18;17;14;1234
411890;2689;57;83;111;67;84;57;75;89;77;52;68;192;3701
411900;771;13;25;12;10;16;11;24;21;13;17;14;16;963
411910;2605;70;56;114;64;97;83;70;63;53;64;46;78;3463
411915;41865;1546;1519;2009;1483;1756;1714;1835;1775;1526;1884;1675;1980;62567
411920;706;8;5;17;14;18;15;19;45;41;20;20;15;943
411925;336;8;13;9;11;5;13;5;4;5;5;11;37;462
411930;3868;135;129;148;111;91;262;152;119;101;98;85;97;5396
411940;4503;185;196;231;170;386;214;284;228;390;253;190;377;7607
411950;8259;362;315;359;294;261;269;300;288;303;233;243;363;11849
411960;5454;102;147;164;170;120;160;136;132;137;111;139;147;7119
411965;407;7;6;20;8;14;6;11;11;12;9;9;4;524
411970;846;23;24;27;17;24;13;19;18;29;24;15;30;1109
411980;1850;49;54;64;150;70;42;39;59;52;42;38;53;2562
411990;85603;2952;3099;3463;2690;3002;3032;3197;3336;2813;3014;2878;3312;122391
411995;7489;401;312;403;413;207;340;252;240;216;279;399;383;11334
412000;2186;73;61;101;76;101;135;107;271;114;119;102;104;3550
412010;960;74;39;26;25;6;28;27;17;17;12;11;35;1277
412015;337;8;2;3;4;18;11;2;7;6;2;2;7;409
412020;575;15;21;21;20;20;13;14;6;15;16;18;11;765
412030;579;7;14;15;19;29;16;20;13;50;16;7;16;801
412033;763;15;26;25;13;19;22;13;19;30;12;16;17;990
412035;1152;28;28;27;17;24;36;32;25;23;30;27;15;1464
412040;784;36;14;18;14;19;46;34;13;17;23;11;22;1051
412050;1314;24;31;66;22;19;32;13;32;20;25;15;16;1629
412060;6443;178;221;164;151;147;168;195;223;158;173;182;142;8545
412065;657;9;10;27;12;46;20;15;19;13;10;31;13;882
412070;1531;41;41;49;81;47;66;27;62;33;70;41;34;2123
412080;7980;201;235;276;187;189;265;253;249;204;224;211;277;10751
412085;1048;33;54;48;38;30;39;34;47;40;18;24;29;1482
412090;5854;192;199;205;191;156;171;161;202;169;213;179;249;8141
412100;1310;17;30;24;29;35;37;29;47;27;27;38;45;1695
412110;685;14;7;15;5;15;11;10;20;7;4;3;7;803
412120;1585;26;36;45;30;38;26;22;51;40;40;27;26;1992
412125;388;16;6;14;10;10;8;5;2;10;2;4;3;478
412130;499;4;10;6;4;8;7;7;4;6;3;4;15;577
412135;437;11;5;3;10;12;20;9;15;16;9;2;20;569
412140;3582;150;154;198;151;193;154;179;144;111;168;98;178;5460
412150;1845;51;62;88;41;59;48;54;45;55;43;50;66;2507
412160;1142;21;40;52;43;40;27;34;38;35;29;38;36;1575
412170;3600;128;120;129;110;177;148;103;101;74;83;98;90;4961
412175;754;25;19;23;19;13;13;21;29;19;24;57;27;1043
412180;2540;66;39;70;41;55;39;34;44;56;37;46;33;3100
412190;1604;41;56;45;51;36;33;34;20;28;27;33;32;2040
412200;1702;36;33;56;36;39;45;70;53;43;40;42;17;2212
412210;779;16;29;15;13;16;12;19;21;32;29;19;27;1027
412215;1125;26;30;28;22;42;24;18;27;30;28;31;43;1474
412217;460;9;11;19;7;9;9;8;14;9;4;14;11;584
412220;4969;346;104;227;127;110;121;106;98;138;84;117;132;6679
412230;7476;215;255;343;269;226;536;855;262;303;350;245;200;11535
412240;20112;724;575;703;540;737;691;596;573;722;691;700;662;28026
412250;1530;35;53;49;52;39;43;39;44;78;62;68;34;2126
412260;2617;45;50;73;46;46;49;79;85;38;33;33;235;3429
412265;669;15;10;8;6;9;12;11;9;13;3;17;4;786
412270;3453;115;72;145;64;110;122;110;126;134;120;133;189;4893
412280;664;17;53;22;18;41;22;20;19;25;18;23;15;957
412290;767;16;14;27;21;237;10;13;19;74;13;16;10;1237
412300;2664;78;68;101;117;94;80;78;64;93;89;100;100;3726
412310;524;9;8;11;14;9;14;11;7;89;11;12;20;739
412320;503;4;6;23;25;4;4;3;9;9;9;12;5;616
412330;1261;27;28;29;39;42;25;23;44;24;38;41;42;1663
412340;2507;65;57;56;77;88;145;53;87;71;66;84;73;3429
412350;4774;165;220;280;205;182;189;341;242;182;219;191;221;7411
412360;238;0;2;3;0;0;2;0;3;7;1;1;2;259
412370;1289;29;34;40;31;39;23;28;27;30;52;14;35;1671
412380;2055;50;65;83;60;60;59;55;45;59;45;40;59;2735
412382;640;20;24;23;32;22;14;24;14;27;19;28;37;924
412385;847;15;18;24;29;19;20;26;18;21;33;27;60;1157
412390;1684;30;31;47;35;41;27;32;31;125;57;26;20;2186
412395;588;9;7;19;30;24;10;7;10;8;19;11;10;752
412400;615;7;7;17;6;23;12;12;12;5;13;10;12;751
412402;2188;73;101;100;75;83;85;77;66;103;78;80;101;3210
412405;3317;84;94;143;110;104;102;111;107;91;96;95;114;4568
412410;10330;341;384;356;300;280;238;301;325;312;259;275;339;14040
412420;408;12;16;10;8;23;14;7;4;8;23;5;3;541
412430;387;6;9;9;16;4;7;5;5;3;5;2;12;470
412440;4020;93;125;153;123;122;163;121;122;120;86;124;159;5531
412450;3675;115;67;75;50;78;84;70;163;57;88;51;291;4864
412460;2787;54;79;59;40;40;41;43;56;56;53;76;88;3472
412470;948;18;27;13;10;13;8;7;15;6;11;14;11;1101
412480;3622;105;144;125;89;116;121;134;86;121;124;88;87;4962
412490;742;12;14;18;11;14;19;16;10;12;11;15;34;928
412500;1372;27;19;36;24;28;32;26;29;22;22;14;25;1676
412510;1029;30;47;26;23;19;33;27;45;62;17;19;22;1399
412520;1874;55;69;84;64;65;151;64;66;62;53;47;73;2727
412530;908;19;24;45;30;12;26;22;41;31;38;22;14;1232
412535;1184;17;21;35;23;27;20;31;14;17;19;20;30;1458
412540;817;59;37;35;23;48;21;20;29;22;11;18;25;1165
412545;490;6;23;20;13;11;12;7;7;9;13;3;9;623
412550;88335;2510;2831;3929;2830;3084;3813;3671;3228;3062;3445;2921;3462;127121
412555;557;9;9;8;9;13;19;8;9;19;14;9;26;709
412560;7304;243;272;288;249;531;492;464;222;264;416;311;484;11540
412570;5658;210;211;211;208;180;193;170;248;179;158;132;157;7915
412575;691;18;11;28;16;17;15;13;15;10;21;10;24;889
412580;2808;45;52;52;60;57;64;53;54;409;156;69;190;4069
412590;562;12;12;8;7;9;8;4;11;22;10;9;11;685
412600;1173;42;32;35;13;31;22;22;18;40;31;21;26;1506
412610;942;108;102;277;20;28;49;20;26;20;27;31;29;1679
412620;849;13;19;30;23;16;15;23;21;9;13;12;14;1057
412625;11774;406;428;547;436;424;512;441;527;557;563;400;472;17487
412627;1073;43;92;58;39;29;35;45;46;34;59;34;43;1630
412630;4470;115;109;129;148;312;120;94;143;97;109;96;119;6061
412635;701;14;20;21;17;8;22;14;11;16;23;16;34;917
412640;1078;21;22;33;41;28;12;19;36;48;15;38;33;1424
412650;3816;86;118;121;104;109;92;110;107;95;106;72;75;5011
412660;5812;193;154;173;201;142;141;168;162;159;185;176;206;7872
412665;348;3;6;10;8;2;7;5;17;7;4;7;6;430
412667;1611;44;53;50;41;50;41;39;32;31;26;39;43;2100
412670;790;29;23;23;22;40;28;39;16;16;26;33;39;1124
412680;4857;238;115;203;223;129;136;126;124;90;96;137;575;7049
412690;956;20;33;21;25;25;12;20;22;24;19;25;17;1219
412700;1280;39;31;53;55;42;29;39;29;28;30;33;49;1737
412710;20107;763;665;960;698;1081;753;649;840;707;659;635;600;29117
412720;4694;86;136;129;103;84;103;95;110;143;134;116;871;6804
412730;3585;57;97;91;48;69;83;73;74;69;76;57;183;4562
412740;3256;66;123;127;99;82;79;103;106;82;137;98;164;4522
412750;3400;96;112;124;127;99;91;76;83;59;88;112;95;4562
412760;2161;84;85;101;58;894;80;43;55;76;41;64;56;3798
412770;50568;1891;1900;2102;1867;1851;1819;1991;1798;1743;1680;1846;1883;72939
412780;1141;27;41;24;20;19;19;22;21;36;31;35;61;1497
412785;1573;56;67;49;46;70;29;53;56;54;46;33;36;2168
412788;1164;48;67;43;25;25;26;31;39;32;27;15;57;1599
412790;934;29;20;31;25;22;15;33;19;22;33;21;24;1228
412795;1268;34;23;36;44;67;51;35;38;30;42;27;21;1716
412796;2528;68;101;98;62;55;43;79;71;81;75;51;71;3383
412800;6195;192;226;208;146;152;164;185;217;156;182;136;176;8335
412810;29625;990;1049;1172;1029;972;983;1001;987;1016;958;1130;1047;41959
412820;13233;548;486;520;424;501;483;496;584;454;432;577;443;19181
412830;442;9;13;10;7;10;10;5;9;11;15;6;4;551
412840;1457;143;29;36;25;36;67;74;30;25;21;12;19;1974
412850;3022;96;97;100;103;91;96;77;99;109;135;97;73;4195
412853;1862;38;61;65;53;151;56;62;64;51;24;53;57;2597
412855;1081;49;29;33;16;27;30;29;41;23;36;17;51;1462
412860;1355;27;32;52;54;47;72;38;59;57;26;30;55;1904
412862;711;15;22;14;14;18;19;25;12;13;11;7;19;900
412863;411;13;10;16;6;10;12;10;9;7;13;4;22;543
412865;568;14;12;9;21;13;10;17;17;12;9;7;17;726
412870;1509;57;80;66;62;44;77;61;56;50;68;61;64;2255
412880;761;14;12;13;14;12;12;8;9;20;19;10;26;930
419999;0;0;0;0;0;0;0;0;0;0;0;0;0;0
420005;447;18;20;14;10;11;11;11;12;12;15;10;22;613
420010;4128;195;223;138;150;140;165;153;135;128;130;120;228;6033
420020;2839;105;128;166;118;133;115;127;145;127;108;96;162;4369
420030;933;31;33;48;28;45;31;36;34;33;43;32;36;1363
420040;1649;66;98;93;109;256;51;60;77;73;51;69;134;2786
420050;523;41;25;18;37;24;27;15;36;9;15;16;49;835
420055;585;11;10;18;9;9;14;19;18;17;15;17;18;760
420060;1011;24;26;29;24;32;26;45;23;23;21;29;53;1366
420070;1126;38;36;47;35;55;63;41;25;40;33;21;81;1641
420075;298;6;11;7;3;4;9;7;3;6;3;15;11;383
420080;995;77;19;29;21;22;31;24;25;19;22;34;44;1362
420090;713;10;20;27;19;20;18;11;16;15;15;15;26;925
420100;1199;26;66;67;26;37;30;31;22;34;14;26;179;1757
420110;404;11;12;12;11;12;6;16;7;3;11;8;23;536
420120;2827;85;55;61;64;658;112;227;86;63;59;43;115;4455
420125;2990;97;106;151;105;104;96;80;109;88;85;81;155;4247
420127;595;23;24;15;4;12;14;11;16;9;11;9;45;788
420130;13684;518;454;578;434;495;507;540;578;558;573;486;620;20025
420140;14868;573;614;738;521;663;668;818;877;679;546;601;604;22770
420150;2425;68;67;110;78;82;79;67;76;78;58;68;153;3409
420160;840;22;24;20;23;22;16;21;22;31;25;23;23;1112
420165;577;14;25;13;11;16;16;9;22;24;22;21;24;794
420170;2578;87;118;106;99;116;101;115;120;130;91;182;92;3935
420180;626;15;30;19;13;22;8;31;17;12;13;9;43;858
420190;1106;36;77;48;49;75;41;58;57;63;46;54;117;1827
420195;1185;130;103;134;34;33;59;47;48;37;22;43;133;2008
420200;47573;2515;3188;3539;2343;2858;2501;2460;2593;2129;2585;2634;3558;80476
420205;1205;57;62;84;58;66;58;50;49;47;49;64;122;1971
420207;1167;43;101;94;43;37;67;46;27;32;29;44;81;1811
420208;371;8;8;12;13;2;16;8;9;8;4;5;43;507
420209;194;4;2;4;2;12;3;7;11;3;1;8;20;271
420210;5767;259;266;324;192;242;231;263;261;282;248;271;597;9203
420213;514;8;9;8;11;8;10;8;9;10;6;7;6;614
420215;288;4;7;10;6;8;12;8;0;9;7;4;17;380
420220;3129;94;98;152;71;123;114;113;229;103;127;119;115;4587
420230;12853;477;576;625;504;678;788;522;504;458;549;455;900;19889
420240;130424;4005;4714;5908;4766;5104;5908;6315;5208;4668;6076;4606;7123;194825
420243;452;34;14;18;10;11;12;15;6;8;8;39;63;690
420245;6351;432;645;845;598;469;236;259;231;228;222;289;363;11168
420250;549;13;30;33;69;22;24;25;36;25;71;42;104;1043
420253;495;9;12;18;16;15;9;11;9;4;5;10;22;635
420257;269;4;11;5;8;11;5;5;6;0;4;6;20;354
420260;1635;77;268;490;92;83;65;152;97;59;53;109;184;3364
420270;2148;41;48;70;191;59;56;65;64;58;55;94;45;2994
420280;11075;424;441;528;352;369;387;458;430;449;457;416;621;16407
420285;1211;41;30;31;32;40;18;26;40;17;94;21;34;1635
420287;372;9;9;11;8;5;19;12;12;7;12;12;39;527
420290;47822;1649;1812;2260;1517;1857;1783;1873;1801;1964;1574;1607;2773;70292
420300;23593;761;898;1069;975;853;906;883;931;879;667;749;1330;34494
420310;1248;40;36;69;46;38;44;39;58;48;42;31;75;1814
420315;646;54;31;32;61;21;40;28;42;41;33;24;36;1089
420320;10071;521;507;630;404;604;617;513;481;417;479;523;915;16682
420325;601;11;13;16;28;16;34;16;26;18;14;12;7;812
420330;4611;142;135;188;130;151;163;159;174;152;150;144;168;6467
420340;1360;150;52;96;59;62;58;35;30;29;17;23;29;2000
420350;1794;64;87;77;62;64;52;48;81;69;54;56;148;2656
420360;9556;331;358;456;381;385;377;342;443;341;353;394;976;14693
420370;2347;49;84;96;58;65;72;70;137;73;73;78;154;3356
420380;11488;371;465;416;340;429;378;475;403;363;346;374;703;16551
420390;8720;233;259;282;319;240;222;217;261;206;179;230;408;11776
420395;3987;140;141;166;153;139;120;147;125;142;167;123;402;5952
420400;3170;135;123;218;179;132;154;174;183;149;139;133;215;5104
420410;496;41;11;13;15;11;24;14;9;11;7;10;47;709
420415;482;8;10;12;7;9;13;9;11;7;13;9;27;617
420417;336;6;7;17;8;8;14;5;10;11;19;12;21;474
420419;249;2;8;12;13;7;11;4;3;4;3;9;43;368
420420;78568;3421;3516;4034;2885;3535;3364;3664;3424;3483;3469;3227;4522;121112
420425;5053;126;154;205;117;153;140;131;142;141;158;179;244;6943
420430;27906;1000;1231;1204;1010;1252;1037;987;1028;961;938;1007;1299;40860
420435;1668;37;56;66;43;61;48;44;40;47;48;34;103;2295
420440;1917;55;74;54;49;57;37;47;34;41;41;49;70;2525
420445;230;15;4;5;1;11;5;5;3;2;6;7;13;307
420450;4226;95;117;175;123;141;120;106;150;128;123;132;191;5827
420455;3004;125;148;200;168;131;93;145;93;210;234;173;248;4972
420460;66291;2435;2656;3079;2067;2750;2703;2777;2838;2528;2466;2439;3672;98701
420470;2650;75;91;83;68;76;64;67;105;81;74;72;155;3661
420475;315;4;5;4;7;5;5;6;9;3;0;2;18;383
420480;9426;327;385;438;336;334;371;373;464;375;380;339;720;14268
420490;1132;36;34;43;57;39;29;31;30;30;34;22;83;1600
420500;2019;141;85;84;49;46;63;84;53;93;66;78;180;3041
420510;1090;116;48;51;43;139;37;48;42;48;23;29;36;1750
420515;1134;48;54;55;51;53;46;52;46;38;37;48;52;1714
420517;333;12;6;5;8;10;5;7;4;3;3;2;2;400
420519;403;17;14;19;14;12;12;11;14;12;8;7;62;605
420520;883;33;33;46;29;40;41;31;28;18;20;43;33;1278
420530;3612;85;61;125;102;110;101;92;116;99;96;81;163;4843
420535;266;6;4;12;4;9;6;11;7;7;12;6;15;365
420540;277677;9620;10179;12417;9798;10483;9646;12780;12294;9755;10137;9481;33092;427359
420543;265;8;10;9;4;4;9;6;5;5;3;4;4;336
420545;7437;286;282;311;200;355;202;216;229;244;234;323;401;10720
420550;8647;408;677;1807;506;648;354;388;491;411;591;446;1057;16431
420555;306;3;2;3;31;5;4;2;5;4;4;5;18;392
420560;383;18;19;25;15;9;6;7;10;6;9;17;27;551
420570;5498;292;473;558;230;190;182;140;213;204;151;186;293;8610
420580;3854;133;125;140;139;114;119;101;149;174;185;106;212;5551
420590;22470;674;999;1262;1049;982;909;1071;1098;871;983;988;1338;34694
420600;2592;128;203;214;117;102;99;78;80;91;111;118;370;4303
420610;1698;56;72;56;68;84;102;70;96;114;70;72;110;2668
420620;2756;102;113;134;106;108;95;104;100;104;100;102;219;4143
420630;6731;181;152;307;167;244;195;231;192;215;180;210;333;9338
420640;2134;73;73;54;58;42;62;57;54;50;52;58;104;2871
420650;12236;343;454;626;454;580;459;467;494;1091;478;542;499;18723
420660;946;31;23;72;21;28;24;23;45;45;33;30;72;1393
420665;2373;78;98;108;80;81;63;81;101;73;83;71;140;3430
420670;4770;195;259;252;160;161;175;218;161;163;172;182;246;7114
420675;211;9;8;6;8;6;4;1;6;11;4;19;12;305
420680;634;27;24;21;14;26;20;25;38;14;30;21;28;922
420690;5733;471;432;529;433;442;516;600;513;432;417;484;443;11445
420700;15819;620;596;681;512;603;575;612;605;566;622;555;1036;23402
420710;3277;75;125;198;121;132;139;137;146;131;160;129;336;5106
420720;1077;45;39;50;34;31;50;34;29;27;44;35;119;1614
420730;9528;456;469;678;366;385;358;359;383;391;353;337;545;14608
420740;761;37;28;36;31;51;74;39;14;12;12;10;48;1153
420750;22848;700;898;1200;840;964;946;896;1032;927;874;871;1363;34359
420757;740;21;24;31;24;13;16;25;30;18;20;31;48;1041
420760;542;16;16;23;14;37;35;18;21;16;31;7;17;793
420765;1635;70;55;54;42;53;47;55;59;45;53;45;87;2300
420768;1529;49;62;79;62;48;63;103;63;47;37;33;58;2233
420770;3169;112;109;193;90;104;85;98;91;81;82;100;259;4573
420775;341;25;11;15;9;14;8;17;10;12;8;7;19;496
420780;1511;56;82;78;66;81;73;83;74;120;92;74;112;2502
420785;354;9;7;17;9;19;6;7;12;12;8;12;15;487
420790;1052;21;36;29;29;27;29;20;33;33;25;19;32;1385
420800;1592;71;68;54;56;48;55;68;201;53;42;64;90;2462
420810;4161;113;108;141;123;131;137;1714;112;122;102;110;336;7410
420820;82765;3178;3917;4288;3691;3843;3865;3560;3723;3402;3907;5326;4827;130292
420830;16297;1227;1121;1445;717;889;811;1382;881;921;1256;933;1424;29304
420840;6323;185;167;164;152;123;145;164;190;146;165;163;292;8379
420845;3641;128;160;190;97;142;135;127;115;122;133;138;181;5309
420850;6061;359;464;382;321;454;359;359;372;293;309;376;363;10472
420860;744;22;18;22;14;27;20;21;17;21;16;17;15;974
420870;2169;60;75;69;49;61;64;104;73;49;48;45;126;2992
420880;3782;189;152;193;164;178;128;149;159;133;140;164;206;5737
420890;64875;2391;1740;2317;1740;2189;1961;1826;2227;1946;1906;1877;2574;89569
420895;216;5;5;1;2;8;15;5;8;2;2;1;11;281
420900;16389;493;666;611;557;648;552;577;634;560;546;547;703;23483
420910;197972;6227;8201;8059;6754;8358;7620;8263;8278;7874;7490;7678;8790;291564
420915;943;55;45;36;33;38;36;36;31;19;33;23;64;1392
420917;283;19;9;15;11;13;28;11;13;10;6;6;29;453
420920;539;13;19;23;6;15;12;20;13;16;20;13;22;731
420930;43167;1563;1527;2273;1440;1866;1746;1986;1898;1724;1483;1530;2809;65012
420940;7021;376;334;500;283;288;288;248;322;270;248;308;584;11070
420945;240;7;12;14;7;6;15;11;12;11;14;9;20;378
420950;1833;50;70;75;61;81;65;68;62;73;43;61;82;2624
420960;3144;162;102;114;70;75;66;89;119;91;127;109;158;4426
420970;1844;79;190;731;384;163;81;48;56;45;49;57;98;3825
420980;397;4;6;6;13;22;6;3;7;5;6;5;33;513
420985;657;34;44;43;28;269;39;32;21;29;20;16;33;1265
420990;3206;160;158;208;159;181;121;198;195;146;148;124;146;5150
421000;4551;128;146;194;155;174;169;128;154;162;159;142;612;6874
421003;1489;43;46;53;34;47;56;64;40;39;31;44;95;2081
421005;292;17;11;40;15;8;16;12;5;8;8;28;61;521
421010;13332;568;382;507;380;406;428;563;438;474;474;417;689;19058
421020;439;9;16;26;10;10;14;12;7;16;14;9;54;636
421030;821;9;31;18;25;43;19;20;29;20;14;24;48;1121
421040;1658;64;71;71;64;73;87;75;70;77;56;57;130;2553
421050;8786;477;383;434;369;326;402;479;394;392;397;407;481;13727
421055;306;3;3;11;9;7;6;5;5;7;6;1;2;371
421060;4903;162;142;175;189;205;149;207;176;181;128;124;240;6981
421070;431;13;11;10;12;7;9;17;83;5;20;10;24;652
421080;1375;37;23;47;31;44;26;32;39;40;44;50;93;1881
421085;447;6;11;13;12;13;14;10;19;14;6;12;13;590
421090;968;103;71;79;47;49;40;54;43;37;31;35;37;1594
421100;2575;55;76;77;64;52;55;76;86;82;76;84;134;3492
421105;1847;79;106;544;48;375;52;51;36;31;59;73;121;3422
421110;1116;67;91;59;34;53;32;49;51;57;38;30;102;1779
421120;6168;272;242;302;185;270;257;318;253;227;345;238;340;9417
421125;506;68;77;48;34;21;38;29;29;29;14;747;67;1707
421130;19659;692;876;860;850;718;689;749;715;621;873;700;1263;29265
421140;1248;74;71;68;70;57;60;50;65;54;67;53;42;1979
421145;652;21;20;25;21;28;11;22;11;15;12;7;45;890
421150;5427;218;286;299;187;252;405;253;284;224;201;345;455;8836
421160;6926;375;257;304;195;196;230;253;224;205;233;272;277;9947
421165;417;11;13;21;15;9;21;7;14;9;11;7;31;586
421170;7015;306;304;400;313;293;287;371;360;359;283;333;352;10976
421175;4880;289;219;362;183;346;151;199;221;263;197;300;475;8085
421180;998;32;23;34;46;19;30;20;26;26;31;34;88;1407
421185;310;14;9;11;11;8;10;8;13;11;5;7;6;423
421187;184;1;6;5;1;2;7;7;5;5;2;3;11;239
421189;416;44;13;30;37;80;15;12;23;10;27;38;107;852
421190;37955;2561;1810;2336;1657;1931;2008;2416;1719;1760;1781;1635;2853;62422
421200;1526;45;45;51;32;34;36;54;38;47;43;31;65;2047
421205;680;33;24;36;19;13;18;17;13;16;16;23;58;966
421210;3816;128;110;143;129;134;118;140;135;139;124;141;172;5429
421220;3718;140;162;174;103;203;116;143;188;135;121;115;236;5554
421223;573;13;20;26;15;14;21;27;30;17;17;20;55;848
421225;1089;50;60;59;48;48;29;27;42;39;47;61;43;1642
421227;898;25;37;29;34;19;26;37;28;27;29;28;57;1274
421230;1629;68;56;64;55;48;51;47;48;68;54;57;109;2354
421240;1055;25;51;34;30;65;32;18;43;26;30;47;43;1499
421250;6487;304;465;464;353;241;229;224;283;237;274;305;472;10338
421260;548;10;16;14;5;14;12;13;11;16;6;12;15;692
421265;474;16;23;26;17;28;36;50;20;28;30;60;72;880
421270;984;26;40;33;30;70;48;31;23;26;25;38;43;1417
421280;4139;207;368;303;194;188;268;181;203;208;215;196;776;7446
421290;6749;325;320;299;288;278;270;298;298;277;278;260;415;10355
421300;1304;50;60;47;54;46;61;51;58;39;49;51;95;1965
421310;1674;61;63;75;80;51;45;75;60;49;52;56;93;2434
421315;551;50;22;24;21;23;18;22;26;18;11;12;16;814
421320;14104;530;486;503;460;460;385;1184;437;419;438;379;637;20422
421330;728;19;20;33;30;18;20;25;17;18;23;18;53;1022
421335;895;18;28;33;34;19;33;20;33;20;38;29;46;1246
421340;1956;112;128;91;80;156;127;102;195;69;85;88;126;3315
421350;5746;366;607;431;276;323;213;267;271;231;221;297;702;9951
421360;6035;196;164;228;181;214;176;190;230;151;205;235;326;8531
421370;4512;175;248;264;207;233;222;249;260;218;214;223;236;7261
421380;1299;66;60;58;70;43;45;116;73;36;42;41;115;2064
421390;245;3;3;6;5;3;5;6;4;6;1;3;13;303
421400;6630;265;317;346;277;275;238;296;413;318;293;246;293;10207
421410;336;7;9;7;7;10;6;9;5;6;10;2;12;426
421415;613;14;9;16;15;35;7;13;27;12;16;13;38;828
421420;2878;72;77;81;68;59;60;70;66;63;46;57;61;3658
421430;530;21;6;17;12;13;10;27;21;13;9;10;43;732
421440;1220;107;259;121;186;71;47;30;50;45;50;40;131;2357
421450;1047;100;113;129;108;100;115;105;116;105;113;145;145;2441
421460;1510;48;83;71;62;49;43;44;53;47;47;46;56;2159
421470;3050;116;167;129;121;138;102;135;107;109;100;85;394;4753
421480;24509;820;1012;1149;840;881;948;952;1000;865;1105;876;1143;36100
421490;1063;26;26;56;24;17;24;26;31;33;29;24;51;1430
421500;11358;421;446;502;373;413;354;367;457;411;418;339;560;16419
421505;373;14;14;23;21;14;5;28;13;5;4;2;60;576
421507;659;25;18;26;17;24;11;13;8;18;15;16;13;863
421510;3032;120;136;157;139;208;118;117;130;113;125;112;223;4730
421520;427;15;22;23;11;18;15;63;17;13;12;12;29;677
421530;2010;51;73;92;63;79;69;67;59;66;54;63;108;2854
421535;426;13;11;15;6;19;12;7;21;17;11;8;36;602
421540;1456;25;29;57;21;28;32;35;40;34;36;37;57;1887
421545;3702;108;106;137;90;161;124;136;147;153;167;378;218;5627
421550;4502;244;225;450;142;259;201;196;209;167;171;176;215;7157
421555;400;3;12;9;6;4;14;11;17;5;6;5;17;509
421560;356;9;11;14;3;10;4;8;10;7;13;6;21;472
421565;965;30;46;61;24;48;30;54;42;55;24;28;137;1544
421567;647;26;24;19;22;16;23;20;25;20;14;16;61;933
421568;225;5;7;5;6;9;4;4;4;12;1;9;33;324
421569;219;3;4;7;1;6;1;22;3;0;5;2;12;285
421570;5107;181;161;207;157;175;162;307;204;151;152;180;367;7511
421575;353;19;22;24;13;13;16;12;15;12;5;6;24;534
421580;27237;1115;955;1166;979;1073;972;1021;1080;964;895;877;1226;39560
421590;455;10;6;11;5;3;3;3;5;4;8;3;12;528
421600;2414;97;135;118;93;119;114;90;120;143;99;120;177;3839
421605;1480;56;82;84;66;70;74;80;70;56;61;77;95;2351
421610;1510;57;59;84;59;50;41;52;31;52;46;32;79;2152
421620;10804;447;375;536;273;365;336;291;310;268;254;330;553;15142
421625;1210;30;39;25;32;27;22;36;28;34;29;37;44;1593
421630;8821;265;423;498;449;298;359;403;427;387;344;395;934;14003
421635;1243;43;49;52;50;49;51;52;38;47;50;51;80;1855
421640;1014;40;34;67;43;55;42;57;42;51;46;27;163;1681
421650;6179;274;318;536;518;827;479;364;352;361;400;598;734;11940
421660;102360;4097;4220;5411;4061;4426;4376;6463;4491;4147;4797;4784;8155;161788
421670;3092;86;112;121;89;101;74;86;100;92;93;100;132;4278
421680;706;23;14;13;12;41;32;14;23;24;12;19;60;993
421690;8379;207;217;286;250;253;241;223;262;271;258;249;446;11542
421700;4467;101;141;133;114;149;146;131;143;133;166;110;182;6116
421710;736;19;16;15;24;16;22;13;21;18;21;12;33;966
421715;139;3;5;0;3;2;1;3;1;1;4;3;21;186
421720;13367;439;404;487;391;483;379;391;458;423;366;427;557;18572
421725;476;9;18;21;8;16;19;13;11;10;18;13;66;698
421730;2703;173;76;117;98;74;80;77;70;74;67;66;173;3848
421740;4034;92;131;166;106;164;112;118;128;129;117;178;186;5661
421750;6604;198;229;209;146;257;228;168;234;158;171;194;365;9161
421755;715;25;27;33;17;24;18;17;20;23;22;13;39;993
421760;3297;103;91;134;108;118;103;157;113;108;81;84;138;4635
421770;6875;326;284;375;236;320;319;329;302;269;253;293;520;10701
421775;305;8;15;8;24;12;11;6;8;7;7;1;35;447
421780;5013;183;149;266;501;214;153;292;181;157;182;139;218;7648
421790;2236;66;73;92;83;80;91;61;68;89;68;67;139;3213
421795;183;1;2;5;1;2;7;4;7;2;4;3;19;240
421800;11977;443;461;595;395;488;416;551;505;421;394;473;977;18096
421810;692;25;18;18;9;15;49;74;16;20;28;13;84;1061
421820;17190;414;544;767;615;697;596;600;742;658;637;590;1160;25210
421825;1601;56;50;40;49;61;55;82;52;71;53;44;147;2361
421830;5066;114;119;121;115;124;116;162;141;150;128;153;202;6711
421835;1718;22;20;25;19;28;29;27;25;34;37;56;97;2137
421840;1833;50;66;69;59;94;85;75;64;75;78;65;168;2781
421850;3548;149;154;169;126;139;128;154;125;107;120;120;244;5283
421860;1865;40;111;74;47;81;58;83;48;45;46;43;97;2638
421870;37164;1682;1530;1724;1762;1686;1542;1368;1619;1891;1374;1410;1997;56749
421875;804;12;15;23;22;24;14;10;27;25;23;8;36;1043
421880;4262;297;241;383;299;282;415;331;365;318;311;333;531;8368
421885;288;1;7;8;5;6;9;6;7;10;4;9;13;373
421890;1602;37;42;113;120;70;69;61;85;71;64;21;129;2484
421895;391;18;53;56;118;152;17;21;11;35;11;10;107;1000
421900;6020;273;197;250;208;197;198;210;192;215;191;233;396;8780
421910;1066;46;49;48;47;40;42;33;49;40;38;45;64;1607
421915;362;10;12;14;7;14;10;11;7;8;3;6;8;472
421917;1755;32;32;60;29;50;39;46;51;37;61;44;81;2317
421920;939;44;35;39;31;37;51;32;24;21;28;22;60;1363
421930;19641;591;1032;866;651;689;645;680;726;648;691;607;1095;28562
421935;1014;70;58;39;44;54;53;39;47;53;29;39;65;1604
421940;1205;39;48;31;49;43;37;39;64;41;31;42;79;1748
421950;14422;658;691;748;674;634;658;602;648;563;536;570;746;22150
421960;481;20;14;21;16;12;15;16;18;19;10;14;32;688
421970;9930;388;379;417;492;398;385;401;401;584;385;358;517;15035
421985;321;5;23;11;3;8;5;9;3;3;7;6;49;453
422000;1722;101;153;162;41;89;74;83;87;75;79;126;145;2937
429999;0;0;0;0;0;0;0;0;0;0;0;0;0;0
430003;1192;19;25;38;28;41;28;30;11;30;37;22;34;1535
430005;604;19;14;48;30;18;11;20;15;23;8;13;31;854
430010;2471;40;58;77;58;55;62;62;56;54;58;56;80;3187
430020;1172;42;27;55;51;33;28;26;24;33;27;32;32;1582
430030;544;3;8;11;8;16;12;9;13;8;10;9;25;676
430040;13956;398;415;1001;556;511;489;411;406;315;443;380;476;19757
430045;415;17;23;13;11;15;7;8;5;6;4;21;11;556
430047;471;7;11;15;12;10;14;9;8;9;7;14;19;606
430050;748;21;11;18;14;20;11;17;13;13;12;12;19;929
430055;477;7;5;12;15;5;8;4;9;5;14;6;17;584
430057;729;12;24;101;9;13;10;9;15;11;19;34;10;996
430060;16772;551;732;664;619;657;601;588;616;586;559;678;697;24320
430063;399;2;7;6;2;1;3;7;1;2;3;5;31;469
430064;1020;21;30;30;15;18;41;25;29;23;20;23;29;1324
430066;310;9;18;13;4;6;15;7;16;8;5;5;9;425
430070;1324;31;38;34;29;27;30;44;43;44;47;32;33;1756
430080;3709;85;80;131;141;93;83;98;103;107;87;74;110;4901
430085;624;9;11;19;26;20;18;11;10;6;8;12;23;797
430087;1667;111;46;86;60;79;73;47;84;85;47;58;58;2501
430090;1230;90;72;81;65;86;54;76;60;60;60;68;125;2127
430100;6735;172;174;236;162;214;219;220;220;296;166;179;220;9213
430105;2042;140;322;321;63;88;59;68;115;73;59;59;112;3521
430107;259;10;5;4;0;4;6;0;2;5;9;5;5;314
430110;1783;56;74;67;61;64;48;55;67;36;43;50;167;2571
430120;1815;37;47;67;40;47;49;37;56;37;24;23;36;2315
430130;2968;98;89;93;121;141;110;91;87;112;92;77;84;4163
430140;1566;51;46;75;91;59;51;64;65;54;36;30;49;2237
430150;1185;44;22;37;47;45;23;17;54;28;37;60;66;1665
430155;475;8;11;19;9;9;5;14;7;6;12;3;5;583
430160;22310;538;564;706;707;578;629;586;559;540;615;625;661;29618
430163;1576;87;60;144;57;54;36;66;40;35;28;40;84;2307
430165;1561;40;48;64;42;79;27;32;48;42;28;27;40;2078
430170;1242;32;38;54;26;29;27;30;38;59;29;39;32;1675
430175;399;7;1;12;4;4;8;4;6;6;4;5;26;486
430180;679;6;5;6;19;29;10;6;9;9;11;12;35;836
430185;255;4;5;5;3;3;5;8;8;12;4;2;5;319
430187;821;22;60;33;30;39;27;36;24;30;24;68;55;1269
430190;2300;88;74;149;103;67;72;98;71;48;41;33;38;3182
430192;196;2;2;14;7;4;1;9;14;2;3;2;7;263
430195;990;99;37;26;38;23;39;54;59;42;54;66;33;1560
430200;863;27;17;31;34;35;24;14;14;18;24;19;69;1189
430205;192;2;4;5;3;4;2;8;2;4;1;1;14;242
430210;43389;1336;1464;2141;1391;1632;1487;1580;1477;1510;1578;1441;1570;61996
430215;387;7;10;13;12;17;5;5;4;5;11;7;5;488
430220;1729;40;52;61;54;39;48;36;45;42;32;28;47;2253
430222;385;12;14;4;14;19;8;11;8;7;10;16;17;525
430223;434;12;10;8;15;23;10;10;6;6;8;7;54;603
430225;562;20;25;35;22;30;20;19;11;9;14;17;16;800
430230;2377;158;334;536;497;632;316;199;216;176;104;124;392;6061
430235;4647;142;151;236;144;192;187;177;221;187;152;191;237;6864
430237;320;10;7;11;23;8;10;11;13;10;12;21;73;529
430240;3076;91;109;178;105;135;103;94;94;86;121;80;159;4431
430245;629;12;13;29;15;20;17;20;14;9;18;18;27;841
430250;978;20;15;30;26;54;24;15;21;20;21;36;26;1286
430258;220;7;5;9;14;5;10;2;9;8;4;7;3;303
430260;377;1;6;6;16;4;25;2;3;6;5;36;3;490
430265;732;25;25;23;21;35;22;21;23;26;24;15;27;1019
430270;3419;114;85;145;112;110;112;102;114;90;74;90;113;4680
430280;6223;124;139;179;149;196;126;165;150;178;148;201;172;8150
430290;1462;21;23;35;35;47;38;38;25;39;25;22;35;1845
430300;15096;435;386;420;313;560;608;463;413;380;375;297;516;20262
430310;36367;1690;1594;2026;1638;1751;1799;1635;2264;1794;1705;1844;4895;61002
430320;395;1;3;3;6;13;8;10;7;4;6;4;15;475
430330;901;16;16;19;30;29;30;11;11;4;12;8;10;1097
430340;507;10;10;7;8;22;5;11;6;7;5;9;9;616
430350;11728;254;231;308;290;371;315;310;329;259;275;316;321;15307
430355;647;12;12;11;29;13;10;7;22;18;27;4;22;834
430360;1643;51;40;80;66;45;53;64;59;53;58;44;88;2344
430367;527;15;49;48;43;12;16;20;21;15;22;25;23;836
430370;759;17;12;22;16;23;16;8;8;14;9;25;15;944
430380;1035;24;17;35;19;40;16;16;13;17;20;23;23;1298
430390;21911;691;730;841;728;937;801;844;784;667;719;785;687;31125
430400;1021;28;12;34;29;15;17;16;20;42;11;30;45;1320
430410;502;12;13;13;21;14;20;21;10;15;15;19;15;690
430420;5055;140;144;251;168;186;159;163;207;162;135;215;204;7189
430430;1095;32;15;32;25;24;25;22;25;32;21;27;43;1418
430435;3423;83;80;108;70;87;107;137;163;135;153;217;248;5011
430440;9381;501;466;481;417;405;468;564;445;446;478;434;377;14863
430450;5077;133;145;162;121;176;113;114;103;96;102;168;256;6766
430460;82107;3157;2948;3709;3271;3350;3014;3366;3157;4305;2887;3664;4791;123726
430461;145;2;7;6;8;0;4;5;8;1;1;2;34;223
430462;292;5;5;6;20;28;9;2;9;9;5;2;10;402
430463;12515;757;1429;1592;603;463;503;467;531;509;457;533;841;21200
430465;427;11;8;12;30;38;12;6;9;6;8;18;18;603
430466;3417;276;104;133;107;328;153;104;124;119;98;157;270;5390
430467;1137;16;29;41;33;43;31;30;29;22;27;35;32;1505
430468;1331;74;30;72;56;47;52;38;39;35;45;36;70;1925
430469;597;25;30;19;24;17;29;12;22;22;19;20;23;859
430470;14021;523;513;647;506;641;481;606;527;527;510;510;605;20617
430471;1045;65;52;53;49;43;53;22;60;35;32;20;37;1566
430480;12026;209;283;310;313;334;528;360;324;301;294;324;379;15985
430485;164;0;1;7;1;0;3;0;2;4;1;1;2;186
430490;2685;112;131;125;93;97;100;86;95;89;90;83;115;3901
430495;465;14;9;6;12;11;6;9;12;11;9;7;16;587
430500;1301;31;39;42;72;50;54;43;65;36;45;42;71;1891
430510;153730;4511;5147;6145;5722;5549;4556;5463;5427;5240;4931;5430;6295;218146
430511;261;11;3;5;11;6;10;7;5;0;4;4;5;332
430512;518;13;14;14;9;8;10;6;8;9;2;8;15;634
430513;381;5;1;6;7;11;8;4;7;7;7;7;9;460
430515;252;7;5;5;6;2;4;1;3;3;6;3;15;312
430517;931;28;35;32;21;22;20;23;19;19;23;17;49;1239
430520;3058;70;69;100;81;88;91;85;67;61;65;71;99;4005
430530;1947;46;81;40;44;49;44;28;45;28;39;32;54;2477
430535;6671;312;439;344;242;216;213;446;234;206;287;292;328;10230
430537;226;6;6;4;12;6;6;5;2;4;2;6;7;292
430540;744;6;12;18;19;19;16;13;17;9;10;15;2;900
430543;1768;77;109;103;79;75;67;72;77;57;85;98;120;2787
430544;333;4;5;8;9;4;5;7;7;6;8;4;12;412
430545;2281;116;180;284;129;103;133;91;80;58;55;57;54;3621
430550;551;12;17;20;23;21;7;18;18;11;13;16;17;744
430558;433;51;11;47;16;11;7;11;7;6;7;12;21;640
430560;530;7;15;13;25;25;14;10;6;5;10;16;14;690
430570;1738;50;34;74;90;75;48;57;34;48;55;70;94;2467
430580;1931;87;73;90;82;91;55;81;104;78;71;70;129;2942
430583;129;8;0;0;2;3;1;1;1;1;1;1;0;148
430585;274;5;5;8;12;9;2;6;8;7;11;5;19;371
430587;368;8;11;8;18;8;15;4;13;9;7;12;25;506
430590;866;25;31;29;43;22;17;16;23;19;16;12;31;1150
430593;120;1;2;3;0;1;2;3;2;1;5;2;0;142
430595;700;12;22;23;21;13;18;12;17;14;17;15;25;909
430597;664;24;18;16;27;16;10;12;7;7;8;10;29;848
430600;2413;71;92;84;108;50;61;60;36;68;54;75;76;3248
430605;2258;61;54;69;77;68;68;54;61;64;74;138;79;3125
430607;197;5;6;5;6;6;1;5;2;8;32;9;23;305
430610;13160;1814;505;510;773;747;407;356;482;367;389;385;2182;22077
430613;197;5;1;3;3;5;3;0;4;1;4;2;5;233
430620;2917;98;139;151;85;103;134;107;111;105;90;82;115;4237
430630;630;22;24;15;16;15;15;18;17;11;20;12;13;828
430632;285;14;12;7;10;3;2;6;6;4;3;2;54;408
430635;214;3;5;3;1;4;3;3;2;1;1;3;3;246
430637;347;11;7;5;5;8;7;5;7;8;5;2;11;428
430640;11953;266;410;425;372;461;373;379;412;317;364;314;342;16388
430642;402;7;6;14;8;6;9;6;12;5;7;15;15;512
430645;527;15;20;19;14;11;14;14;17;8;11;9;14;693
430650;964;16;15;8;15;11;15;7;11;12;14;14;147;1249
430655;408;9;9;17;30;14;7;15;6;8;4;12;10;549
430660;7034;155;160;248;314;422;297;247;189;192;183;202;197;9840
430670;401;8;12;16;7;16;11;12;8;4;12;14;39;560
430673;626;16;18;16;14;13;13;15;14;9;16;13;21;804
430675;348;6;33;24;7;23;11;10;5;6;10;9;16;508
430676;15432;766;730;762;386;491;539;432;433;696;561;534;574;22336
430680;7658;200;230;377;218;348;255;214;260;271;186;224;240;10681
430690;3712;93;234;184;114;136;109;101;111;99;77;109;138;5217
430692;186;6;3;3;10;8;12;2;9;6;1;5;21;272
430693;1450;52;39;53;49;59;40;34;40;39;43;49;71;2018
430695;399;6;1;8;5;8;3;5;7;15;12;9;33;511
430697;377;5;9;18;11;18;18;15;15;15;17;8;11;537
430700;34752;1129;1210;1468;1187;1371;1240;1371;1318;1143;1097;1206;1329;49821
430705;551;10;21;18;37;26;17;35;19;13;8;24;51;830
430710;776;17;21;12;18;14;13;10;20;16;12;14;20;963
430720;703;10;17;31;13;18;19;15;12;16;10;7;16;887
430730;781;15;14;15;25;12;14;16;13;23;13;12;21;974
430740;505;13;20;16;15;17;14;13;47;12;14;12;21;719
430745;339;8;8;16;10;11;10;10;5;9;8;10;3;447
430750;3087;92;81;108;135;135;85;90;78;114;94;97;160;4356
430755;1887;59;55;53;53;56;47;43;50;46;67;42;52;2510
430760;12832;344;553;637;417;511;453;426;437;423;469;528;557;18587
430770;18353;798;609;754;651;875;610;752;747;656;664;786;731;26986
430780;10734;453;413;472;418;455;378;408;463;363;369;347;537;15810
430781;511;12;10;5;10;16;17;9;10;3;4;12;16;635
430783;341;7;9;11;9;34;11;3;11;13;3;9;7;468
430786;521;15;10;7;10;4;6;9;7;12;5;6;18;630
430790;25592;742;691;1067;858;1069;801;1081;835;775;719;722;968;35920
430800;1264;59;32;49;30;27;22;37;31;31;31;35;43;1691
430805;273;10;9;8;8;13;10;8;6;8;8;7;3;371
430807;699;38;47;39;33;40;27;34;34;46;27;34;55;1153
430810;3736;109;103;143;89;113;121;140;119;131;99;101;105;5109
430820;10232;305;376;539;414;330;309;313;344;344;317;320;443;14586
430825;189;3;3;7;7;4;7;5;2;2;2;0;4;235
430830;1355;30;62;34;74;58;48;41;30;27;33;40;88;1920
430840;796;14;15;30;20;35;32;16;17;17;14;16;24;1046
430843;351;7;3;8;4;5;12;8;4;9;5;11;11;438
430845;775;33;23;21;35;33;36;18;15;28;18;9;39;1083
430850;8883;338;322;342;349;379;313;405;352;289;264;279;309;12824
430860;13015;443;444;511;444;448;429;470;477;428;425;429;543;18506
430865;355;8;6;3;3;7;12;11;10;10;5;1;25;456
430870;1051;19;50;36;55;58;21;23;33;42;19;30;29;1466
430880;680;26;86;19;21;10;19;22;27;20;27;18;12;987
430885;341;12;19;15;15;11;7;11;10;9;8;12;22;492
430890;3839;90;125;120;125;131;109;103;118;96;123;101;157;5237
430900;2884;92;109;108;133;108;93;75;77;76;99;175;121;4150
430905;2351;53;72;62;65;99;51;88;93;60;97;71;84;3246
430910;18407;870;914;947;951;835;828;891;1044;885;814;857;938;29181
430912;184;1;3;6;3;8;2;3;1;3;3;0;1;218
430915;281;5;2;2;1;0;2;1;8;2;5;7;21;337
430920;52968;1548;1295;1705;1423;1766;1665;1721;1644;1667;1561;1696;1924;72583
430925;266;6;15;7;2;10;9;0;3;12;2;9;7;348
430930;17048;467;415;605;622;687;538;550;515;490;668;531;638;23774
430940;8384;216;279;349;280;347;258;292;306;274;295;285;305;11870
430950;1135;20;28;41;32;42;23;19;18;18;23;18;33;1450
430955;1223;30;42;45;24;33;41;37;34;41;33;37;65;1685
430957;214;0;3;4;1;2;3;3;3;3;1;1;5;243
430960;5728;126;137;231;120;135;115;123;110;99;148;110;136;7318
430965;2035;17;39;27;64;134;38;27;17;22;55;22;42;2539
430970;830;16;41;33;31;30;14;12;24;16;12;27;15;1101
430975;390;10;6;8;4;5;6;6;6;6;0;5;18;470
430980;781;36;19;55;39;26;26;11;13;12;15;40;24;1097
430990;1122;51;44;30;25;40;32;30;34;16;16;29;42;1511
430995;359;11;3;12;21;22;9;4;9;12;14;27;76;579
431000;5879;195;187;232;227;232;185;234;208;212;199;214;402;8606
431010;12784;357;551;563;579;501;422;290;509;501;477;466;675;18675
431020;22145;758;1152;1090;888;879;731;742;775;719;760;750;774;32163
431030;650;14;16;20;15;16;15;14;17;20;13;19;16;845
431033;3779;299;339;330;173;114;160;119;137;124;124;149;239;6086
431036;1009;18;17;21;12;11;19;17;19;17;11;26;21;1218
431040;993;26;31;31;37;40;24;17;22;12;25;26;50;1334
431041;283;2;2;7;6;8;2;3;1;3;2;6;5;330
431043;1130;63;32;62;46;49;52;31;35;16;21;52;72;1661
431046;259;5;6;5;9;7;5;8;4;6;3;5;12;334
431050;751;11;16;19;22;19;18;18;11;19;9;11;23;947
431053;535;11;8;11;3;19;11;19;9;16;10;17;35;704
431055;389;8;12;5;5;13;10;5;10;15;7;2;12;493
431057;178;4;5;9;1;1;6;3;2;2;2;2;6;221
431060;7759;154;174;341;294;385;194;318;212;175;147;191;171;10515
431065;321;21;42;30;6;7;11;3;6;14;6;7;6;480
431070;355;2;6;11;8;5;8;5;7;6;3;4;4;424
431075;195;1;4;4;2;2;3;5;3;1;2;0;2;224
431080;7154;190;265;266;222;234;210;190;234;173;203;289;268;9898
431085;375;4;8;7;5;7;4;7;8;9;4;4;21;463
431087;296;5;2;8;19;8;3;8;5;5;4;4;6;373
431090;575;14;10;15;24;18;14;13;9;16;20;14;14;756
431100;4057;104;91;132;155;200;106;105;92;110;68;96;123;5439
431110;1260;26;19;34;34;39;34;33;12;24;36;87;68;1706
431112;646;13;16;22;12;20;16;8;22;12;21;13;54;875
431113;416;5;8;6;12;60;5;13;4;12;7;11;8;567
431115;894;18;20;21;49;35;24;29;39;27;16;16;43;1231
431120;3265;93;82;104;93;192;129;120;155;116;77;98;130;4654
431123;188;7;3;2;2;4;1;6;6;2;1;6;9;237
431125;355;11;2;5;7;23;4;4;10;41;4;1;15;482
431127;327;3;8;7;7;14;8;6;7;7;2;9;9;414
431130;6022;205;212;263;215;246;257;256;229;198;249;221;220;8793
431140;35546;1109;1070;1282;1001;1275;1177;1328;1242;1160;1205;1208;1356;49959
431142;258;1;5;3;6;5;3;5;3;0;5;2;15;311
431150;1213;36;23;41;34;49;33;28;27;18;24;32;29;1587
431160;503;19;15;9;17;9;6;11;13;24;6;8;11;651
431162;2242;58;63;70;100;80;63;82;84;25;104;59;64;3094
431164;247;9;7;3;4;7;9;7;3;2;3;2;8;311
431170;794;17;17;19;23;19;20;14;33;18;21;30;22;1047
431171;616;10;15;27;11;72;17;20;13;13;12;22;24;872
431173;198;11;1;2;6;3;6;3;5;1;2;7;70;315
431175;845;21;16;19;24;25;32;25;33;20;23;19;29;1131
431177;801;9;13;17;17;11;25;20;18;23;13;13;8;988
431179;433;25;35;28;13;16;12;8;14;13;5;16;17;635
431180;14096;528;424;589;469;481;461;462;444;388;405;388;721;19856
431190;739;22;24;26;28;28;25;18;24;16;17;22;29;1018
431198;366;12;13;8;17;4;7;7;1;10;9;8;15;477
431200;345;12;5;20;6;8;8;8;5;5;7;2;9;440
431205;598;25;17;18;20;15;27;23;16;26;10;16;14;825
431210;539;8;4;6;7;11;6;15;5;10;4;6;4;625
431213;348;12;10;24;17;5;6;10;9;5;7;5;25;483
431215;1759;59;90;68;51;54;50;43;67;51;53;45;67;2457
431217;197;5;4;6;3;4;7;6;6;1;1;2;9;251
431220;573;14;15;16;9;26;11;10;16;8;6;9;12;725
431225;1126;41;90;71;43;86;60;32;43;29;26;36;86;1769
431230;1196;46;37;57;35;50;68;27;52;58;44;37;55;1762
431235;294;4;1;6;8;5;8;10;5;4;4;2;3;354
431237;323;20;87;108;45;44;7;17;15;10;6;30;40;752
431238;368;8;5;20;9;11;8;4;8;8;6;10;7;472
431240;18866;642;528;658;589;803;530;556;638;844;491;561;704;26410
431242;337;7;2;6;16;14;7;6;7;5;9;7;46;469
431244;297;6;4;10;7;5;8;4;15;3;3;8;40;410
431245;713;601;74;11;8;31;9;4;18;8;9;45;808;2339
431247;1795;36;34;64;59;43;56;49;60;58;41;47;103;2445
431250;2410;64;62;101;152;114;91;81;96;72;87;75;114;3519
431260;2068;69;74;119;97;94;75;53;77;65;62;64;52;2969
431261;774;29;307;317;112;118;22;48;21;63;14;38;28;1891
431262;253;2;4;4;3;5;7;5;4;4;7;4;3;305
431265;6818;118;172;420;162;236;165;174;206;159;182;156;190;9158
431267;263;4;9;7;14;7;4;12;8;13;2;5;17;365
431270;1874;42;62;41;89;57;33;47;51;61;41;47;79;2524
431275;922;18;25;32;20;28;22;19;18;43;22;25;50;1244
431280;2084;137;108;105;171;173;130;116;90;92;60;71;80;3417
431290;3530;170;150;229;111;191;195;250;185;176;164;161;141;5653
431295;453;8;16;6;13;8;10;8;6;9;9;10;20;576
431300;494;14;6;20;16;21;10;17;16;10;13;17;8;662
431301;936;18;24;11;23;15;20;18;25;22;15;12;19;1158
431303;1792;37;39;46;34;37;36;25;38;25;30;33;41;2213
431306;6819;205;275;301;234;360;237;103;310;203;212;210;228;9697
431308;331;6;11;6;7;5;1;4;9;6;5;35;28;454
431310;1018;18;9;30;17;31;11;13;8;14;16;34;23;1242
431320;7081;207;227;370;225;242;217;191;216;221;217;185;270;9869
431330;8587;221;250;315;248;311;233;306;206;288;214;244;301;11724
431333;273;6;2;6;27;17;3;7;8;6;3;29;8;395
431335;556;14;15;9;9;10;4;12;6;11;13;17;28;704
431337;7396;248;266;465;282;361;326;253;324;305;261;239;263;10989
431339;386;10;6;11;3;11;9;14;13;12;16;7;22;520
431340;74742;2482;2710;3340;2785;3192;2875;2733;3091;2676;2765;3018;3005;109414
431342;333;16;4;6;11;16;6;7;8;3;4;6;6;426
431344;217;4;5;9;7;13;2;4;4;2;9;2;14;292
431346;206;2;2;10;14;9;10;4;11;7;1;4;14;294
431349;466;8;15;10;11;16;10;4;10;4;5;8;19;586
431350;11337;373;453;521;381;373;402;349;367;346;342;344;401;15989
431360;542;12;13;11;10;10;8;6;15;9;8;6;16;666
431365;1909;46;51;96;117;69;55;40;58;73;45;41;58;2658
431370;5808;223;166;204;272;247;149;190;203;155;153;193;180;8143
431380;1197;81;115;90;79;66;68;66;81;80;76;66;133;2198
431390;12954;317;362;472;383;455;359;338;351;291;261;326;483;17352
431395;2174;69;59;69;77;227;109;48;61;66;67;72;75;3173
431400;2479;64;57;86;79;88;82;62;56;85;51;58;109;3356
431402;603;8;8;14;8;4;9;14;30;9;11;17;17;752
431403;868;46;24;30;26;71;25;21;19;24;29;20;19;1222
431405;12886;304;483;581;502;607;559;346;471;406;459;439;637;18680
431406;223;3;2;9;3;2;10;4;3;5;4;4;24;296
431407;786;25;30;33;47;41;29;28;32;36;21;27;32;1167
431410;59299;2052;2170;2526;2578;2825;2567;2288;2283;2115;2004;2088;2138;86933
431413;466;5;9;9;8;14;12;15;7;8;11;9;11;584
431415;1389;46;49;62;51;43;73;44;80;46;53;52;55;2043
431417;407;3;4;8;5;8;6;9;4;6;15;6;13;494
431420;1061;23;32;32;38;27;31;13;32;21;27;31;22;1390
431430;726;8;8;19;25;31;20;13;15;20;7;23;14;929
431440;73802;2926;2122;2724;2261;2987;2510;2701;2304;2357;2324;2386;3644;105048
431442;2673;57;65;65;52;132;59;51;72;61;54;69;77;3487
431445;723;6;12;20;16;16;8;17;15;21;17;12;30;913
431446;350;6;7;8;2;15;5;9;7;8;22;5;10;454
431447;439;32;10;9;8;9;11;11;9;4;12;9;35;598
431449;477;9;6;20;4;6;8;6;7;8;10;6;50;617
431450;1439;36;38;36;31;37;44;35;45;26;61;45;109;1982
431453;0;0;0;0;0;0;0;0;0;0;0;0;0;0
431454;300;14;17;18;16;11;12;13;8;13;8;13;27;470
431455;262;2;6;4;3;4;8;0;4;4;3;3;3;306
431460;2569;66;52;84;62;108;82;85;93;51;105;106;93;3556
431470;1217;57;30;43;18;28;30;35;24;30;25;21;58;1616
431475;1104;33;33;32;14;21;18;40;28;33;32;22;36;1446
431477;570;23;59;23;38;12;10;26;17;23;10;11;18;840
431478;187;5;3;8;6;6;2;5;3;1;2;1;5;234
431480;8572;230;244;293;242;300;299;295;303;243;242;269;260;11792
431490;699742;21536;21543;26403;21887;24416;23981;23026;26070;22189;20483;22041;23605;976922
431500;474;15;13;28;20;7;8;10;6;16;7;2;22;628
431505;220;2;11;4;6;1;4;4;2;7;6;10;20;297
431507;166;0;3;4;1;4;3;4;6;5;3;2;1;202
431510;1275;24;22;35;27;45;71;45;27;24;100;28;33;1756
431513;299;10;9;5;12;8;10;6;8;9;9;10;6;401
431514;1633;52;50;41;44;53;39;47;50;53;33;39;64;2198
431515;634;5;15;19;16;12;18;19;15;9;13;10;22;807
431517;332;11;11;15;13;9;11;10;4;6;10;9;9;450
431520;558;17;9;15;16;14;19;12;13;11;10;5;28;727
431530;3151;77;83;108;100;97;87;88;127;110;72;65;114;4279
431531;316;4;7;7;11;13;14;9;4;8;7;3;6;409
431532;296;4;3;5;7;7;11;1;6;3;3;6;12;364
431535;639;12;12;20;32;29;23;23;14;18;16;20;13;871
431540;635;14;4;9;18;6;11;16;5;9;3;9;12;751
431545;227;6;8;6;3;4;4;4;3;1;5;2;5;278
431550;2336;67;66;61;48;70;62;68;54;49;59;52;59;3051
431555;272;3;1;8;10;6;12;1;1;9;2;4;4;333
431560;44917;4746;1572;1874;1500;1619;1555;1484;1380;1452;1627;1578;2262;67566
431570;4732;102;122;157;311;270;136;138;130;134;125;290;222;6869
431575;1627;39;61;63;46;39;39;27;25;48;87;26;29;2156
431580;3251;117;118;107;89;94;72;81;108;92;95;118;103;4445
431590;1208;20;29;35;35;27;18;37;41;54;40;22;51;1617
431595;259;6;9;4;2;4;3;3;1;6;1;0;9;307
431600;7080;193;282;452;264;265;288;175;268;264;283;301;367;10482
431610;1302;36;34;45;75;39;34;36;33;22;40;51;30;1777
431620;569;16;20;25;17;18;8;35;31;14;14;8;80;855
431630;718;18;15;23;14;17;17;17;15;12;21;24;34;945
431640;5946;170;141;181;260;296;233;174;177;156;198;259;199;8390
431642;318;36;17;16;14;11;8;3;5;3;30;8;27;496
431643;418;7;9;8;34;28;7;6;5;5;7;16;28;578
431645;1504;39;44;42;123;68;49;40;54;110;43;42;140;2298
431647;692;9;8;27;16;20;12;16;16;24;16;11;23;890
431650;2719;124;103;137;88;89;88;82;95;89;91;101;102;3908
431660;3755;72;72;105;94;79;99;128;70;113;90;75;88;4840
431670;1742;86;45;35;124;86;45;57;51;38;41;54;42;2446
431673;203;6;3;6;7;4;6;5;5;7;0;6;17;275
431675;2300;74;103;143;83;110;94;77;94;75;75;48;73;3349
431680;40676;1641;1339;1669;1251;1598;1810;2684;3887;3045;1484;1567;1719;64370
431690;69215;2349;2365;2643;2387;2616;2468;2566;2552;2424;2414;2421;2765;99185
431695;1770;36;32;67;91;31;95;34;61;28;42;50;63;2400
431697;478;15;9;15;12;71;16;16;15;7;13;14;18;699
431700;652;10;8;8;5;24;9;19;8;16;23;8;26;816
431710;13956;803;438;616;436;460;434;382;484;422;456;390;568;19845
431720;21545;694;875;913;796;813;900;931;795;723;686;657;1291;31619
431725;218;3;3;1;3;0;2;3;1;0;1;2;5;242
431730;6339;199;166;264;398;534;262;209;190;152;211;181;309;9414
431740;8328;203;214;223;238;231;253;272;215;190;221;258;245;11091
431750;18477;511;605;746;534;737;648;596;582;552;553;573;638;25752
431755;383;17;17;17;25;12;8;14;13;13;7;4;40;570
431760;9732;329;313;464;310;308;333;260;385;321;350;269;362;13736
431770;1228;41;42;61;30;89;51;46;61;45;31;54;51;1830
431775;289;5;3;12;18;14;6;4;4;4;13;6;43;421
431780;2740;100;72;111;87;120;70;96;92;80;59;77;86;3790
431790;3219;55;67;91;69;69;75;76;93;55;66;78;75;4088
431795;253;3;3;2;9;8;11;5;2;4;2;4;7;313
431800;10740;274;299;384;393;446;343;341;305;289;313;272;679;15078
431805;603;17;24;26;17;22;6;21;26;12;22;17;30;843
431810;1843;25;37;64;25;54;27;27;38;38;30;35;39;2282
431820;4016;133;197;225;187;245;287;253;232;112;152;140;211;6390
431830;9799;213;179;297;274;355;291;282;335;244;251;233;306;13059
431840;3583;200;61;88;93;80;65;78;75;69;77;78;116;4663
431842;568;11;9;8;8;31;7;12;9;16;9;8;11;707
431843;568;19;19;29;15;23;21;13;17;14;21;23;18;800
431844;411;10;16;18;4;12;14;7;8;17;22;3;10;552
431845;262;6;6;5;6;6;10;4;5;12;12;3;21;358
431846;383;15;17;11;10;9;11;11;14;9;11;9;13;523
431848;914;30;46;22;28;24;23;17;18;19;17;23;39;1220
431849;569;8;10;14;7;8;14;6;7;6;2;11;13;675
431850;4860;267;326;556;186;593;316;243;146;211;317;300;211;8532
431860;1446;29;24;21;35;35;29;29;30;22;22;25;25;1772
431861;385;8;17;17;9;14;11;7;15;8;7;10;13;521
431862;806;53;103;187;143;285;88;147;32;23;34;24;30;1955
431870;58055;1718;2008;2014;1787;2205;2006;2134;2148;1963;1968;2083;2122;82211
431880;5878;143;124;179;134;156;131;106;154;116;111;132;147;7511
431890;6349;176;156;209;179;249;207;139;210;208;174;171;210;8637
431900;6545;165;153;256;187;174;213;182;182;181;202;210;182;8832
431910;1124;46;33;45;35;41;27;44;28;29;32;24;32;1540
431912;309;12;5;7;10;21;9;4;5;9;8;1;10;410
431915;1238;77;37;35;54;41;41;36;38;22;27;33;30;1709
431920;500;13;11;16;10;16;14;11;16;5;8;4;66;690
431930;732;17;23;15;12;14;9;7;13;12;10;12;11;887
431935;698;35;27;22;16;19;32;18;17;19;21;14;23;961
431936;235;3;6;0;6;1;0;1;0;1;1;2;1;257
431937;627;20;10;11;12;14;15;24;9;20;15;17;18;812
431940;2025;40;50;64;46;66;30;40;43;45;39;44;45;2577
431950;7602;198;219;250;212;204;213;195;281;206;201;189;257;10227
431960;3819;99;80;94;103;201;162;108;115;105;94;67;92;5139
431970;449;4;7;19;5;12;13;5;7;0;8;8;24;561
431971;328;9;9;15;7;19;7;10;14;6;10;8;23;465
431973;237;3;5;5;2;4;0;1;6;4;4;8;6;285
431975;661;29;30;37;25;22;26;25;12;8;21;18;24;938
431980;1252;31;55;83;32;39;35;56;34;28;11;23;19;1698
431990;24149;651;941;1211;985;1065;913;775;1324;935;975;972;982;35878
432000;20580;536;640;704;574;683;686;957;763;710;597;665;692;28787
432010;6646;189;206;276;269;189;162;168;202;224;194;187;265;9177
432020;2734;81;75;95;88;95;85;85;137;104;66;88;68;3801
432023;371;13;26;14;22;15;12;12;26;16;22;25;14;588
432026;385;16;8;12;29;13;6;28;17;9;9;8;29;569
432030;1102;36;39;36;43;38;26;21;35;24;23;43;24;1490
432032;273;6;8;10;16;10;6;3;8;5;7;14;7;373
432035;560;14;16;15;16;7;16;15;8;20;7;14;12;720
432040;5868;167;175;203;169;168;189;199;186;171;163;171;219;8048
432045;215;3;7;0;3;11;3;3;1;5;7;4;3;265
432050;792;20;18;28;18;18;9;15;13;16;12;34;39;1032
432055;729;8;19;16;20;8;16;18;18;19;15;11;19;916
432057;176;1;4;7;8;4;4;1;3;1;1;26;0;236
432060;469;13;8;19;8;18;6;7;4;7;10;10;2;581
432065;316;13;5;5;12;6;20;9;11;9;8;10;19;443
432067;859;20;14;21;19;17;14;18;25;15;13;18;21;1074
432070;2507;88;96;113;82;93;71;67;102;155;72;80;72;3598
432080;4982;205;184;245;229;259;194;163;148;146;164;157;247;7323
432085;774;20;28;25;24;14;25;14;24;16;23;30;40;1057
432090;8142;267;289;339;303;250;286;366;300;298;289;266;456;11851
432100;2149;103;91;94;68;107;83;79;95;59;60;58;105;3151
432110;2106;54;49;77;61;49;65;58;46;37;46;45;38;2731
432120;11064;340;377;466;344;405;343;350;365;424;389;333;659;15859
432130;4729;193;105;187;133;188;177;166;131;128;132;137;160;6566
432132;426;7;8;12;11;32;14;5;10;7;5;3;26;566
432135;619;23;15;25;29;15;26;19;15;14;20;14;32;866
432140;2466;70;67;62;72;79;91;60;50;69;89;53;122;3350
432143;1772;39;50;78;84;69;42;47;53;58;56;53;81;2482
432145;11200;324;1096;533;466;405;451;332;394;370;368;319;334;16592
432146;606;18;13;24;14;25;18;18;21;10;15;16;29;827
432147;480;14;12;9;12;9;12;11;3;3;7;8;14;594
432149;263;1;3;5;4;1;3;1;10;5;3;5;7;311
432150;9354;526;748;821;466;432;350;361;353;285;362;372;457;14887
432160;8837;425;553;704;430;350;346;297;318;275;277;371;365;13548
432162;542;20;11;18;46;18;7;18;10;14;11;22;7;744
432163;319;4;4;8;6;10;6;8;4;1;2;8;6;386
432166;2156;62;89;93;83;94;80;84;97;73;70;69;79;3129
432170;8942;311;461;479;364;403;438;213;358;375;670;320;318;13652
432180;6111;175;532;211;194;211;182;187;160;142;157;165;165;8592
432183;294;13;3;10;4;37;3;2;3;1;3;5;5;383
432185;533;12;46;16;22;35;14;14;12;14;8;11;15;752
432190;5821;161;153;183;155;171;145;119;157;145;173;182;240;7805
432195;1502;34;27;36;28;62;39;26;41;29;34;51;76;1985
432200;10296;516;466;384;381;636;327;438;301;380;446;263;420;15254
432210;933;16;28;27;50;25;24;11;21;11;16;24;37;1223
432215;303;12;3;4;15;2;5;0;7;4;6;3;33;397
432218;173;1;0;3;9;7;3;0;1;0;0;4;2;203
432220;3579;110;92;97;101;315;114;89;122;79;87;121;119;5025
432225;2970;75;96;73;57;57;72;127;92;75;81;71;64;3910
432230;1367;29;27;29;41;41;22;35;26;26;35;30;63;1771
432232;500;10;5;12;10;8;6;13;11;9;12;6;8;610
432234;207;5;4;1;13;9;2;2;2;2;1;9;1;258
432235;214;13;8;9;11;6;12;11;4;3;2;6;14;313
432237;260;9;3;6;4;6;11;3;2;9;2;4;14;333
432240;22377;731;595;946;947;1006;762;717;729;655;573;729;716;31483
432250;17164;1130;4834;4782;3195;2279;2020;1281;1414;1007;1207;1213;3173;44699
432252;318;9;13;10;4;6;8;7;8;22;7;4;37;453
432253;720;23;15;23;15;11;26;19;12;15;10;21;33;943
432254;1564;33;62;175;34;56;53;53;59;44;29;36;50;2248
432255;402;5;4;11;6;13;7;10;11;5;4;7;10;495
432260;15514;402;482;636;523;836;918;1077;1783;2944;869;577;875;27436
432270;4362;161;140;183;126;181;131;135;116;154;102;147;148;6086
432280;7514;198;208;283;232;268;199;204;276;186;198;149;252;10167
432285;284;10;12;13;8;6;11;8;15;7;4;5;3;386
432290;594;14;13;19;11;10;9;7;8;4;10;7;9;715
432300;20717;830;599;858;770;805;887;773;817;696;647;762;832;29993
432310;328;4;9;5;3;3;6;8;5;0;1;1;0;373
432320;510;18;16;12;23;31;12;9;13;17;9;30;29;729
432330;1018;19;41;28;9;41;26;226;27;17;25;19;25;1521
432335;458;10;8;15;18;11;11;8;7;14;11;16;16;603
432340;1592;59;74;67;66;55;40;47;45;50;75;60;63;2293
432345;653;20;11;19;13;35;21;16;25;5;14;7;28;867
432350;404;8;8;10;5;11;5;13;18;12;4;10;6;514
432360;190;3;4;2;4;3;7;5;2;1;4;4;2;231
432370;437;12;7;24;11;9;8;16;9;10;8;9;27;587
432375;330;1;12;12;9;7;3;9;3;17;5;7;36;451
432377;1439;40;34;31;33;21;28;49;28;45;42;24;26;1840
432380;3979;268;412;500;175;155;173;177;136;142;145;161;244;6667
439999;0;0;0;0;0;0;0;0;0;0;0;0;0;0
500020;4765;355;238;498;336;356;282;275;375;329;269;303;980;9361
500025;800;36;20;29;24;16;26;27;16;18;22;24;67;1125
500060;5646;188;183;270;209;289;220;505;259;251;225;249;456;8950
500070;2856;147;129;136;86;86;91;125;96;78;74;91;329;4324
500080;1552;47;47;56;57;26;50;103;62;70;45;56;74;2245
500085;6258;121;109;81;123;153;125;143;104;165;97;96;140;7715
500090;870;37;29;40;37;47;39;146;31;26;25;24;272;1623
500100;7346;310;305;376;294;399;383;320;634;368;333;465;367;11900
500110;6635;243;249;309;244;332;308;478;209;268;219;288;656;10438
500124;1337;69;38;58;101;33;33;30;46;42;49;63;408;2307
500150;1505;49;65;87;80;58;66;122;53;70;58;55;182;2450
500190;5899;140;161;239;170;229;196;301;206;222;194;195;324;8476
500200;2128;40;72;65;136;62;45;41;31;40;49;28;97;2834
500210;2901;71;60;88;70;87;100;247;63;68;72;73;274;4174
500215;1462;49;68;75;59;29;34;136;44;46;42;40;143;2227
500220;5144;252;276;296;220;252;235;351;224;220;198;235;428;8331
500230;3034;387;108;132;173;130;125;182;126;96;153;109;374;5129
500240;6677;195;134;268;160;221;302;203;402;261;174;174;507;9678
500260;2698;94;107;114;90;142;99;186;142;118;85;112;230;4217
500270;264839;9579;9686;12186;10597;11276;10570;21861;12950;11282;10164;10565;24323;419878
500280;771;20;20;32;21;13;18;66;22;17;16;16;74;1106
500290;4182;174;129;134;153;167;145;183;155;174;157;178;294;6225
500295;7828;301;411;369;381;279;396;307;353;379;333;353;634;12324
500310;739;21;18;24;17;27;28;21;72;21;23;30;134;1175
500315;1169;51;17;37;24;37;17;162;20;22;27;31;156;1770
500320;16152;528;592;739;630;754;615;1762;641;614;707;773;1412;25919
500325;5903;168;265;327;208;252;231;215;258;271;225;473;534;9330
500330;5063;177;348;208;160;178;135;224;170;167;134;178;225;7367
500345;1399;39;67;100;55;47;72;115;65;69;40;77;134;2279
500348;1516;40;52;56;44;43;34;55;35;58;40;47;222;2242
500350;583;11;21;8;18;14;13;31;16;12;17;7;38;789
500370;64236;2105;2045;2570;2129;2298;2153;4311;2318;2102;2049;2227;3813;94356
500375;2059;36;54;72;57;47;53;53;66;68;64;43;139;2811
500380;3122;160;131;109;96;96;86;130;77;118;71;77;178;4451
500390;579;29;17;23;29;36;20;15;20;16;21;27;41;873
500400;1138;39;37;42;29;42;36;27;27;25;24;19;62;1547
500410;1363;45;61;58;62;46;80;120;49;57;43;63;203;2250
500430;2319;67;130;122;73;70;47;130;96;78;63;58;179;3432
500440;1711;61;58;55;59;71;68;101;57;59;75;54;91;2520
500450;2662;83;52;119;99;61;57;62;108;84;56;71;107;3621
500460;4112;83;115;149;143;131;113;237;135;140;90;134;317;5899
500470;4413;173;129;166;125;165;157;193;167;155;139;149;236;6367
500480;554;12;11;28;11;6;7;5;8;6;5;20;180;853
500490;1084;63;25;49;54;41;42;46;36;28;37;52;54;1611
500500;3362;111;104;166;143;131;127;316;127;122;123;144;348;5324
500510;930;29;22;39;25;28;25;19;27;24;17;35;133;1353
500515;1071;48;59;56;40;40;61;177;133;51;36;45;114;1931
500520;2627;35;38;50;32;38;27;144;31;26;39;15;265;3367
500525;1378;52;51;73;40;57;47;24;52;58;32;31;131;2026
500540;9635;397;425;684;646;611;471;408;504;463;368;650;1196;16458
500560;3793;402;119;136;104;85;105;129;177;123;99;76;355;5703
500568;2596;61;110;97;112;165;99;79;79;76;56;52;131;3713
500570;10885;437;415;506;555;489;484;586;520;530;462;437;625;16931
500580;1527;77;59;67;52;58;42;199;63;51;37;111;180;2523
500600;5571;150;220;168;162;159;235;517;176;376;135;171;407;8447
500620;11382;455;412;494;392;534;432;444;486;483;434;348;788;17084
500625;679;13;19;33;29;38;30;74;31;25;32;20;96;1119
500627;1283;37;44;66;64;67;46;56;85;57;47;54;192;2098
500630;8786;361;286;398;364;343;417;591;391;400;364;511;727;13939
500635;1094;8;11;27;19;13;12;173;14;16;14;15;44;1460
500640;1051;26;22;44;41;37;51;84;20;49;17;36;98;1576
500660;12447;388;378;497;419;459;380;784;455;441;349;425;1523;18945
500690;2265;85;74;113;82;108;95;330;79;85;150;141;321;3928
500710;5250;241;280;366;324;332;267;470;351;328;237;236;463;9145
500720;10236;289;372;409;369;442;451;819;519;388;296;301;818;15709
500730;693;17;26;14;17;16;25;45;19;10;23;34;97;1036
500740;3177;115;132;144;130;139;112;235;138;130;118;148;305;5023
500750;1331;62;53;71;47;46;41;66;42;37;65;70;87;2018
500755;1835;71;65;72;68;92;54;117;70;64;53;69;116;2746
500769;8389;337;341;476;438;453;350;404;462;389;256;290;367;12952
500770;1031;32;21;28;22;22;45;20;40;26;22;29;54;1392
500780;1801;200;80;156;73;118;64;69;57;39;61;40;165;2923
500790;9323;417;283;369;319;404;268;415;387;336;301;349;933;14104
500793;4239;133;102;134;158;425;198;302;153;123;126;134;645;6872
500795;1002;25;22;37;35;14;201;118;42;25;19;18;215;1773
500797;587;11;14;32;5;13;6;64;13;7;4;10;68;834
500800;2916;134;224;110;104;105;107;182;245;90;147;113;241;4718
500830;35299;2120;1916;2211;1602;2157;2096;2791;2407;2038;1896;1867;3992;62392
500840;907;189;36;34;18;75;37;42;28;30;30;12;174;1612
509999;0;0;0;0;0;0;0;0;0;0;0;0;0;0
510010;512;10;6;13;9;5;8;9;7;14;11;7;16;627
510020;5319;219;234;340;368;301;241;245;288;268;256;264;576;8919
510025;11894;424;372;614;496;475;437;656;541;563;621;653;1225;18971
510030;2805;78;71;106;86;92;69;87;61;92;68;70;105;3790
510035;450;16;12;13;15;20;16;13;7;12;10;7;11;602
510040;2896;91;110;147;235;255;150;100;129;242;120;112;233;4820
510050;505;22;20;14;11;16;12;23;13;7;8;11;10;672
510060;2927;100;82;156;92;116;93;74;120;99;94;249;173;4375
510080;1075;31;31;37;41;40;41;39;41;34;40;41;71;1562
510100;763;47;25;22;19;22;22;20;17;19;27;27;24;1054
510120;209;3;3;3;2;3;2;1;4;4;4;12;5;255
510125;3711;77;80;92;77;82;84;147;106;96;85;78;116;4831
510130;1104;32;36;63;29;54;40;47;39;34;45;28;90;1641
510140;3034;100;138;154;88;139;130;122;123;110;119;145;312;4714
510160;469;13;18;18;11;20;23;19;36;31;12;18;43;731
510170;6097;172;163;185;360;323;225;217;286;222;422;632;433;9737
510180;13681;627;518;543;459;598;473;502;654;582;537;557;1037;20768
510185;1011;85;28;42;67;82;36;44;41;23;39;45;99;1642
510190;3456;125;171;318;271;201;216;123;178;191;181;162;264;5857
510250;14022;413;442;661;497;525;582;444;697;541;859;550;1117;21350
510260;1100;31;47;38;40;36;32;32;46;26;34;65;327;1854
510263;11711;517;538;1050;962;660;533;542;631;674;718;1139;873;20548
510267;11176;640;511;676;488;888;491;691;627;692;1223;957;881;19941
510268;3429;98;96;256;171;108;160;155;184;173;139;363;318;5650
510269;455;27;10;16;25;20;20;13;12;9;19;9;12;647
510270;4314;150;165;283;248;205;229;168;215;233;165;195;311;6881
510279;1061;44;41;46;53;43;38;54;37;23;34;53;84;1611
510285;897;35;22;32;30;21;26;34;25;33;25;47;69;1296
510300;2625;62;66;104;77;218;75;99;99;112;87;96;90;3810
510305;1807;87;44;85;53;71;59;41;86;56;60;71;189;2709
510310;1270;51;65;54;55;77;46;63;49;70;73;57;101;2031
510320;6397;230;183;266;243;237;202;195;216;294;195;189;480;9327
510325;2528;162;87;244;65;74;102;113;174;165;122;122;444;4402
510330;3389;158;125;191;148;149;146;173;181;157;134;201;178;5330
510335;3966;189;150;188;177;174;176;156;153;132;172;196;308;6137
510336;614;22;19;35;15;29;22;19;15;30;12;28;37;897
510337;1207;86;33;33;39;35;36;35;41;47;38;48;116;1794
510340;237432;8635;9880;12496;8846;10580;12408;10989;11620;9952;12536;9392;43091;397857
510343;433;15;11;9;13;21;13;22;28;15;25;39;15;659
510345;703;21;38;25;86;50;283;29;48;27;30;144;51;1535
510350;7129;196;246;625;375;302;289;279;364;418;272;332;462;11289
510360;1374;39;54;82;46;55;43;40;70;70;80;102;151;2206
510370;2020;59;68;165;83;83;75;91;77;70;74;90;99;3054
510380;555;6;11;14;11;9;15;8;20;10;8;10;10;687
510385;1427;55;113;159;125;99;79;76;72;90;63;56;173;2587
510390;850;90;32;99;81;39;35;71;42;45;68;67;79;1598
510395;367;15;6;12;13;8;10;14;16;6;9;8;16;500
510410;4482;147;136;206;145;179;188;175;225;183;304;183;308;6861
510420;1521;58;64;97;60;37;54;48;53;64;43;66;59;2224
510450;406;8;13;13;20;10;10;16;14;10;6;4;22;552
510452;1883;54;105;178;116;81;63;101;112;85;57;108;118;3061
510454;688;15;19;76;37;29;24;55;37;29;27;21;60;1117
510455;1053;25;47;56;63;44;31;46;52;44;51;66;72;1650
510460;3469;174;108;263;222;192;147;255;179;106;154;178;162;5609
510480;7045;356;231;320;226;289;259;251;568;566;426;490;527;11554
510490;1092;14;20;38;51;20;17;23;20;17;27;23;35;1397
510500;977;20;19;28;27;61;28;81;23;20;19;20;52;1375
510510;6967;290;307;285;263;311;299;287;294;297;306;269;427;10602
510515;8015;248;297;480;258;461;312;355;359;333;336;394;400;12248
510517;1297;50;35;53;48;42;39;43;54;65;39;51;84;1900
510520;1404;42;35;39;48;60;45;25;53;56;77;88;130;2102
510523;1129;34;14;28;16;31;44;18;38;34;38;495;69;1988
510525;21329;942;1021;1542;937;1107;1097;1114;1228;1134;979;1200;1169;34799
510530;249;8;7;4;1;6;5;4;2;2;4;3;3;298
510550;2745;99;105;134;105;189;115;113;95;146;108;103;259;4316
510558;2008;80;72;70;81;64;75;76;81;69;64;61;90;2891
510560;3735;130;116;193;121;126;186;208;170;174;166;141;188;5654
510562;5510;150;139;178;127;122;194;207;212;230;653;276;406;8404
510590;2397;81;98;97;84;91;56;143;87;66;79;93;175;3547
510600;579;15;14;29;37;20;31;22;19;37;40;31;69;943
510610;1459;30;51;67;29;63;51;52;50;36;47;69;113;2117
510615;1310;51;51;104;70;61;148;69;58;65;104;65;194;2350
510617;404;13;11;14;13;5;7;12;7;4;3;7;47;547
510618;973;57;38;35;45;73;43;39;42;71;59;55;107;1637
510619;715;27;29;29;34;29;42;83;48;47;43;42;76;1244
510620;516;29;15;29;30;16;19;17;20;20;12;20;34;777
510621;2493;79;60;88;64;111;99;113;84;64;76;79;102;3512
510622;15451;671;896;1130;808;844;714;807;875;786;927;750;1023;25682
510623;4347;108;112;259;178;131;159;171;140;101;145;165;298;6314
510624;2799;122;192;322;310;235;163;184;190;173;179;226;393;5488
510625;3713;143;182;159;136;132;155;200;318;262;258;196;240;6094
510626;880;37;18;42;32;52;32;45;44;36;42;42;82;1384
510627;341;3;6;11;7;9;4;12;5;4;6;6;9;423
510628;1493;47;41;115;73;86;53;50;68;75;90;131;79;2401
510629;1766;395;91;106;97;74;78;107;67;67;74;95;133;3150
510630;4975;184;188;253;283;283;220;272;218;277;234;397;521;8305
510631;228;1;0;1;1;5;2;0;5;1;6;4;9;263
510637;4768;171;271;338;460;256;242;133;190;341;273;299;304;8046
510642;2909;91;93;105;91;92;77;115;96;109;138;108;204;4228
510645;528;37;21;37;20;20;28;32;34;55;22;14;156;1004
510650;3566;116;102;108;92;96;94;85;113;108;103;101;266;4950
510665;672;29;24;16;18;23;12;18;19;25;28;28;42;954
510670;202;2;6;14;4;6;6;3;3;6;0;1;3;256
510675;8918;438;344;445;343;394;332;411;358;405;347;371;429;13535
510677;1002;27;25;49;85;65;27;35;40;34;33;14;57;1493
510680;1571;47;90;142;135;70;47;89;104;47;58;71;65;2536
510682;1537;77;68;66;45;44;57;39;53;39;42;51;158;2276
510685;583;10;11;9;2;9;10;13;15;13;14;20;14;723
510700;2481;100;104;152;126;99;170;100;141;139;189;115;167;4083
510704;19985;890;949;1340;983;1165;1065;1114;1306;1233;1236;1112;1195;33573
510706;4507;151;234;289;392;285;202;255;304;248;263;218;713;8061
510710;2627;71;61;84;86;65;65;92;84;76;70;65;104;3550
510715;329;3;4;20;8;14;9;5;6;5;13;4;19;439
510718;1304;69;63;69;98;90;75;61;71;76;74;93;214;2357
510719;330;2;3;10;10;3;3;1;4;1;2;3;10;382
510720;539;13;6;12;8;7;21;12;12;24;15;6;30;705
510724;1047;17;37;93;44;46;27;44;62;42;47;39;41;1586
510726;615;17;22;26;31;31;33;19;42;12;12;19;21;900
510729;320;7;7;4;7;5;4;6;3;1;4;3;5;376
510730;3283;89;90;132;369;177;138;120;588;128;99;99;160;5472
510735;1276;46;69;110;85;71;61;51;106;88;75;83;63;2184
510740;319;7;9;16;16;8;14;14;11;11;12;23;27;487
510757;894;37;36;63;40;48;52;53;40;47;76;90;131;1607
510760;56238;2718;2458;3306;2360;2970;2818;2625;2775;2904;3008;2998;3149;90327
510770;1766;76;50;61;177;87;55;64;48;47;62;70;136;2699
510774;477;25;18;37;43;29;31;44;23;17;55;39;12;850
510775;526;17;23;18;7;10;16;13;9;9;15;15;23;701
510776;1291;68;80;154;99;61;72;79;84;215;66;90;82;2441
510777;803;31;22;26;38;20;22;29;19;21;67;35;47;1180
510779;1307;71;46;196;76;107;59;80;95;114;78;79;137;2445
510780;2490;112;98;137;100;100;159;115;151;142;133;218;331;4286
510785;2019;67;76;177;193;144;82;113;132;92;67;97;163;3422
510787;9945;361;519;923;563;517;562;485;532;896;534;604;1099;17540
510788;218;1;2;1;2;3;1;4;4;7;4;1;2;250
510790;36466;1535;1457;2109;1579;1770;1658;1876;1905;1697;1651;1675;2277;57655
510792;23699;1074;1338;1863;1064;1306;1184;1449;1434;1311;1393;1193;1444;39752
510794;1731;65;83;168;104;52;62;67;101;64;77;85;177;2836
510795;21467;762;940;1130;915;991;1095;989;1043;911;963;995;1508;33709
510800;3897;160;197;334;158;197;184;202;229;165;190;262;291;6466
510805;1522;80;48;70;51;52;66;39;74;48;51;46;72;2219
510810;471;19;39;58;52;14;24;27;37;32;18;20;20;831
510820;661;18;10;18;21;33;15;16;10;24;24;24;23;897
510830;636;19;26;25;18;20;32;19;31;21;21;16;78;962
510835;297;3;16;6;10;12;10;28;11;5;7;10;17;432
510840;45248;1912;2017;2278;1651;1955;3170;1765;1985;1865;2003;1878;5323;73050
510850;3438;93;133;137;108;110;116;119;135;126;157;275;374;5321
510860;2646;106;73;116;110;101;84;101;127;107;112;126;135;3944
510880;683;23;10;19;20;20;21;14;18;21;10;17;25;901
510885;1580;31;31;56;35;46;64;57;43;39;52;34;60;2128
510890;1389;53;55;102;115;66;66;71;73;53;44;56;55;2198
510895;1343;56;42;68;46;86;67;48;78;111;67;72;79;2163
519999;0;0;0;0;0;0;0;0;0;0;0;0;0;0
520005;1826;66;83;103;130;90;103;72;87;81;117;91;94;2943
520010;2425;85;71;73;71;87;75;80;73;69;71;65;130;3375
520013;3207;105;105;124;229;159;126;92;150;107;96;155;232;4887
520015;374;29;8;12;8;24;8;7;12;27;14;16;11;550
520017;898;21;9;28;30;78;13;15;29;117;46;24;32;1340
520020;419;9;6;2;5;4;5;2;5;2;9;3;4;475
520025;12353;245;358;403;330;347;366;350;432;382;374;476;463;16879
520030;5190;174;182;159;184;184;165;140;176;145;183;182;168;7232
520040;0;0;0;0;0;0;0;0;0;0;0;0;0;0
520050;248;4;4;1;1;5;5;4;6;1;5;4;5;293
520055;1808;106;136;54;200;110;70;149;84;102;76;198;75;3168
520060;1302;62;41;46;47;42;68;73;46;43;56;57;59;1942
520070;0;0;0;0;0;0;0;0;0;0;0;0;0;0
520080;972;16;17;21;12;20;13;12;9;25;26;36;56;1235
520082;302;13;3;3;1;2;5;5;1;5;3;3;10;356
520085;487;12;7;11;8;15;15;6;11;23;49;7;16;667
520090;347;5;5;4;1;4;4;2;2;3;1;4;6;388
520100;0;0;0;0;0;0;0;0;0;0;0;0;0;0
520110;95434;3242;3805;3889;2853;3212;3307;3721;3339;3304;3071;3121;3205;135503
520120;169;5;11;5;4;4;7;4;4;8;5;6;5;237
520130;3181;127;91;104;114;106;117;126;177;273;683;176;187;5462
520140;110668;3773;3745;4109;3566;4326;4292;4156;4808;4742;4201;4367;4969;161722
520145;754;19;24;24;30;13;21;21;24;24;18;22;27;1021
520150;1093;49;16;32;34;25;22;24;47;22;27;37;32;1460
520160;479;2;4;15;9;15;11;39;19;8;24;28;10;663
520170;1399;57;89;56;64;39;44;50;49;41;43;43;146;2120
520180;946;29;51;130;34;49;33;35;32;73;33;34;42;1521
520190;0;0;0;0;0;0;0;0;0;0;0;0;0;0
520200;0;0;0;0;0;0;0;0;0;0;0;0;0;0
520210;0;0;0;0;0;0;0;0;0;0;0;0;0;0
520215;832;28;23;30;27;36;16;24;202;32;27;31;53;1361
520220;0;0;0;0;0;0;0;0;0;0;0;0;0;0
520230;0;0;0;0;0;0;0;0;0;0;0;0;0;0
520235;584;18;10;17;27;19;39;24;19;18;16;34;80;905
520240;0;0;0;0;0;0;0;0;0;0;0;0;0;0
520250;1081;61;36;53;36;42;40;42;34;34;25;34;71;1589
520255;0;0;0;0;0;0;0;0;0;0;0;0;0;0
520260;388;8;9;7;5;5;8;6;8;6;6;11;5;472
520270;0;0;0;0;0;0;0;0;0;0;0;0;0;0
520280;386;18;29;7;8;8;25;10;15;20;7;8;13;554
520290;0;0;0;0;0;0;0;0;0;0;0;0;0;0
520300;0;0;0;0;0;0;0;0;0;0;0;0;0;0
520310;256;5;4;10;6;8;7;6;8;7;5;11;71;404
520320;3068;84;85;49;46;40;56;90;44;27;59;68;77;3793
520330;5680;140;148;187;156;205;172;163;176;159;168;178;237;7769
520340;724;17;21;27;97;15;15;17;16;15;19;20;26;1029
520350;3267;117;130;215;166;133;114;252;195;133;127;146;429;5424
520355;706;22;19;22;11;11;30;21;20;23;18;42;30;975
520357;582;19;17;16;11;15;11;6;6;17;12;9;11;732
520360;519;13;13;24;7;11;17;17;10;11;17;17;32;708
520370;0;0;0;0;0;0;0;0;0;0;0;0;0;0
520380;883;24;36;58;34;32;38;22;22;40;47;42;22;1300
520390;2274;37;55;62;61;66;102;47;45;49;52;56;58;2964
520393;484;14;18;34;10;17;25;14;17;11;21;24;33;722
520396;271;1;0;2;1;3;1;3;1;2;1;2;27;315
520400;916;32;25;44;35;53;48;33;47;45;49;37;35;1399
520410;2237;95;456;83;96;122;83;54;70;68;265;61;102;3792
520420;254;4;2;4;6;4;4;5;3;6;4;5;3;304
520425;2223;96;38;60;97;55;61;64;73;44;50;48;352;3261
520430;3772;63;83;89;109;120;96;150;159;144;98;195;113;5191
520440;2222;64;69;96;106;126;81;57;87;97;76;86;94;3261
520450;23419;1086;849;1006;952;1038;1046;1016;1198;1043;929;897;952;35431
520455;431;5;8;11;7;9;9;10;17;10;16;18;23;574
520460;400;8;8;8;10;10;3;11;8;9;16;15;15;521
520465;92;5;2;3;5;0;2;1;3;3;2;5;6;129
520470;1222;38;29;52;34;38;38;34;37;44;44;45;72;1727
520480;1444;39;122;84;185;64;70;190;121;343;109;125;157;3053
520485;1181;31;32;33;25;26;27;23;39;27;35;38;46;1563
520490;2210;58;37;73;46;67;69;69;81;71;84;63;87;3015
520495;469;5;4;5;4;4;2;7;1;4;4;6;5;520
520500;1229;26;19;31;41;29;15;23;29;11;17;177;16;1663
520505;391;6;4;18;9;5;4;6;20;9;10;7;34;523
520510;24768;904;990;891;1171;1083;1037;903;1185;1012;918;938;911;36711
520520;491;25;35;84;25;26;22;21;42;28;30;16;20;865
520530;866;47;15;15;4;7;5;10;10;14;22;8;12;1035
520540;5124;220;153;160;181;161;115;126;143;331;169;147;162;7192
520545;1444;41;72;67;52;82;44;50;53;40;68;42;41;2096
520547;4517;108;116;210;129;142;98;101;167;166;205;111;144;6214
520549;4553;130;126;146;124;126;155;112;139;122;127;175;409;6444
520550;0;0;0;0;0;0;0;0;0;0;0;0;0;0
520551;1584;54;38;61;52;57;33;38;30;33;41;35;91;2147
520552;308;49;7;8;2;13;4;6;4;4;8;4;12;429
520560;0;0;0;0;0;0;0;0;0;0;0;0;0;0
520570;443;7;11;13;4;13;8;10;17;15;19;15;12;587
520580;1197;37;25;31;26;34;21;41;50;48;62;89;107;1768
520590;2461;39;72;61;72;66;70;67;53;53;61;128;54;3257
520600;0;0;0;0;0;0;0;0;0;0;0;0;0;0
520610;0;0;0;0;0;0;0;0;0;0;0;0;0;0
520620;12348;508;940;587;904;782;664;590;557;1164;2053;1461;2067;24625
520630;512;9;17;8;9;14;14;8;10;20;12;8;22;663
520640;3695;74;85;91;60;47;55;59;82;62;71;114;94;4589
520650;503;12;6;14;16;18;7;9;10;11;14;16;7;643
520660;318;5;14;11;8;7;7;0;8;2;6;7;3;396
520670;270;0;1;2;4;4;1;0;1;2;2;0;5;292
520680;292;8;18;7;10;8;4;6;8;8;5;9;83;466
520690;455;4;5;4;3;5;6;4;8;9;3;8;5;519
520700;0;0;0;0;0;0;0;0;0;0;0;0;0;0
520710;263;2;4;5;6;3;5;8;3;6;3;1;6;315
520720;0;0;0;0;0;0;0;0;0;0;0;0;0;0
520725;1025;19;24;37;27;23;22;56;33;32;27;27;25;1377
520730;0;0;0;0;0;0;0;0;0;0;0;0;0;0
520735;706;16;15;27;12;9;14;20;16;10;9;9;12;875
520740;3312;57;104;118;100;64;64;67;67;67;47;74;88;4229
520750;351;5;2;7;9;11;5;4;5;9;26;78;9;521
520753;733;15;11;13;13;30;18;40;13;20;17;21;41;985
520755;0;0;0;0;0;0;0;0;0;0;0;0;0;0
520760;716;17;33;30;25;26;30;24;31;24;35;37;66;1094
520765;0;0;0;0;0;0;0;0;0;0;0;0;0;0
520770;0;0;0;0;0;0;0;0;0;0;0;0;0;0
520780;1082;30;27;49;50;62;32;29;19;24;32;55;45;1536
520790;1029;4;9;17;14;13;9;18;18;14;11;11;18;1185
520800;16868;948;1081;986;616;1092;1478;1324;894;745;839;742;1220;28833
520810;403;13;8;15;28;14;36;6;5;2;7;21;16;574
520815;545;7;9;11;6;11;7;8;9;13;12;8;11;657
520820;0;0;0;0;0;0;0;0;0;0;0;0;0;0
520830;353;2;6;3;3;4;3;5;5;7;4;20;1;416
520840;1433;49;57;51;42;59;49;45;54;46;49;58;89;2081
520850;590;24;21;30;18;23;13;12;16;19;22;13;17;818
520860;14388;587;632;689;601;657;597;586;650;901;845;955;1557;23645
520870;601892;21745;22243;22080;20288;22627;21631;21704;23293;23349;22579;23280;23440;870151
520880;5836;201;230;234;196;243;205;215;250;247;213;235;256;8561
520890;3780;98;103;153;122;148;130;117;143;112;130;140;300;5476
520900;0;0;0;0;0;0;0;0;0;0;0;0;0;0
520910;9344;233;282;474;769;319;218;420;380;246;248;284;719;13936
520915;661;39;72;52;59;31;21;10;16;11;19;34;36;1061
520920;1616;20;18;64;27;40;31;21;37;47;45;28;31;2025
520929;268;1;3;4;3;2;2;3;3;2;0;2;1;294
520930;0;0;0;0;0;0;0;0;0;0;0;0;0;0
520940;424;3;3;7;2;3;7;5;5;9;28;5;6;507
520945;227;1;2;7;4;3;1;5;1;2;3;0;2;258
520950;0;0;0;0;0;0;0;0;0;0;0;0;0;0
520960;408;4;5;3;0;3;5;3;5;3;4;8;3;454
520970;4473;148;168;191;152;173;182;269;192;166;200;210;222;6746
520980;395;6;9;9;7;7;11;4;3;4;4;9;13;481
520990;1144;17;20;24;9;25;24;45;36;57;22;17;24;1464
520993;695;28;9;27;48;37;31;10;27;22;52;91;16;1093
520995;2769;124;104;87;131;79;92;93;96;110;120;102;269;4176
521000;10491;293;448;525;367;321;348;422;453;454;475;1355;424;16376
521010;4973;113;151;162;245;181;178;166;214;138;124;268;241;7154
521015;357;8;9;9;9;11;10;6;4;4;3;1;10;441
521020;4915;105;142;155;132;143;138;208;168;130;134;115;160;6645
521030;343;12;16;11;7;8;10;7;6;3;9;13;28;473
521040;9382;264;347;365;360;347;357;339;367;426;377;419;719;14069
521050;0;0;0;0;0;0;0;0;0;0;0;0;0;0
521056;527;6;11;15;15;25;9;8;12;13;10;16;12;679
521060;465;6;4;10;7;7;5;6;7;9;11;10;7;554
521070;0;0;0;0;0;0;0;0;0;0;0;0;0;0
521080;867;17;33;28;24;23;22;19;12;25;21;30;29;1150
521090;2665;46;53;64;71;72;88;98;115;1125;132;68;64;4661
521100;1250;55;53;71;43;69;74;68;60;51;68;51;126;2039
521110;0;0;0;0;0;0;0;0;0;0;0;0;0;0
521120;3481;81;72;67;68;61;70;72;91;69;74;90;83;4379
521130;1118;29;26;54;39;57;30;41;36;41;42;44;77;1634
521140;1076;31;35;53;27;42;46;53;33;33;24;25;50;1528
521150;28569;1185;1328;1349;957;1061;1079;1013;1180;1520;1245;1024;1695;43205
521160;398;10;3;8;3;8;9;5;10;3;12;8;6;483
521170;1699;23;22;33;19;34;40;37;36;47;23;22;279;2314
521180;5667;111;161;197;145;161;137;173;135;148;176;244;224;7679
521190;20913;727;717;1086;909;858;866;890;999;873;818;817;1381;31854
521200;409;11;13;20;18;15;20;17;15;13;9;15;7;582
521205;234;1;3;2;0;1;3;0;2;4;1;0;3;254
521210;839;19;14;17;34;19;18;20;13;9;11;14;28;1055
521220;3432;108;94;114;88;115;99;100;130;113;133;193;198;4917
521225;293;6;10;3;8;16;6;15;3;11;11;11;4;397
521230;1733;86;40;40;36;33;41;59;41;48;39;51;61;2308
521240;0;0;0;0;0;0;0;0;0;0;0;0;0;0
521250;21209;707;749;713;711;866;803;1006;1222;904;922;956;931;31699
521260;296;7;4;9;7;12;9;6;15;10;8;7;19;409
521270;562;11;16;31;10;36;24;29;4;9;27;12;57;828
521280;1202;28;35;28;44;101;42;35;35;30;27;64;61;1732
521290;309;22;1;6;11;5;6;5;4;4;12;13;6;404
521295;664;13;11;11;15;12;11;16;19;14;13;29;29;857
521300;1263;13;19;34;29;29;27;34;47;35;27;45;107;1709
521305;426;8;5;41;7;8;8;10;3;8;11;6;27;568
521308;2990;144;93;101;239;156;203;158;134;137;225;153;564;5297
521310;17401;623;716;695;591;584;661;686;812;618;899;824;727;25837
521320;0;0;0;0;0;0;0;0;0;0;0;0;0;0
521330;0;0;0;0;0;0;0;0;0;0;0;0;0;0
521340;277;10;2;12;34;3;7;7;7;7;3;1;7;377
521350;541;7;8;11;3;11;7;7;9;7;3;7;8;629
521360;0;0;0;0;0;0;0;0;0;0;0;0;0;0
521370;1638;52;47;56;69;59;70;48;63;54;150;98;54;2458
521375;2430;69;129;244;118;105;142;126;218;116;133;107;181;4118
521377;382;2;6;4;4;0;2;2;5;10;4;5;57;483
521380;9887;667;312;323;326;426;952;1066;240;355;387;415;685;16041
521385;291;5;5;0;1;3;2;2;2;5;3;5;1;325
521390;695;36;37;33;27;28;22;18;30;23;32;22;25;1028
521400;3421;78;65;114;87;86;61;72;103;66;69;74;61;4357
521405;896;39;19;26;22;34;24;41;29;20;29;21;26;1226
521410;361;15;7;16;3;10;16;6;7;7;6;10;7;471
521420;0;0;0;0;0;0;0;0;0;0;0;0;0;0
521430;0;0;0;0;0;0;0;0;0;0;0;0;0;0
521440;1390;60;33;66;45;52;51;52;41;40;69;50;36;1985
521450;6347;142;159;178;165;159;215;164;335;196;265;178;186;8689
521460;5368;507;184;235;447;532;734;307;450;333;518;389;268;10272
521470;429;6;1;7;5;9;7;3;7;8;6;4;4;496
521480;255;10;13;5;5;6;5;4;4;6;4;2;3;322
521483;2583;95;92;104;88;80;82;88;75;73;76;89;83;3608
521486;669;13;11;29;19;19;18;23;15;20;7;11;8;862
521487;251;9;9;7;4;5;7;1;2;3;1;1;0;300
521488;0;0;0;0;0;0;0;0;0;0;0;0;0;0
521490;278;9;3;2;4;6;1;5;2;4;2;7;66;389
521500;1618;30;32;45;50;55;61;51;35;46;43;50;43;2159
521510;0;0;0;0;0;0;0;0;0;0;0;0;0;0
521520;533;13;15;16;17;14;13;12;10;11;24;14;9;701
521523;4651;81;149;143;126;142;118;146;151;195;170;152;318;6542
521525;537;6;8;18;33;25;6;15;12;9;5;2;12;688
521530;2909;79;70;84;57;83;62;68;68;58;83;73;80;3774
521540;458;8;12;12;7;7;11;11;7;12;8;10;15;578
521550;1666;35;53;38;129;39;27;46;36;37;25;64;44;2239
521560;2970;63;64;66;167;111;74;58;66;68;76;78;96;3957
521565;386;3;2;6;5;2;3;9;9;5;5;46;11;492
521570;6805;412;186;223;209;175;225;181;220;226;240;235;180;9517
521575;0;0;0;0;0;0;0;0;0;0;0;0;0;0
521580;342;19;3;10;7;2;10;12;4;6;9;4;4;432
521590;617;14;8;25;9;8;13;6;12;22;18;10;19;781
521600;456;3;29;21;16;4;5;8;18;12;6;12;34;624
521610;0;0;0;0;0;0;0;0;0;0;0;0;0;0
521620;0;0;0;0;0;0;0;0;0;0;0;0;0;0
521630;1041;30;32;33;22;31;20;32;18;23;11;21;26;1340
521640;3036;98;94;222;168;99;105;146;133;133;109;212;180;4735
521645;1622;21;23;50;31;48;19;34;38;35;26;72;31;2050
521650;0;0;0;0;0;0;0;0;0;0;0;0;0;0
521660;0;0;0;0;0;0;0;0;0;0;0;0;0;0
521670;0;0;0;0;0;0;0;0;0;0;0;0;0;0
521680;987;25;21;23;26;19;11;21;24;17;17;18;19;1228
521690;965;21;26;41;15;23;20;15;13;51;18;16;23;1247
521700;0;0;0;0;0;0;0;0;0;0;0;0;0;0
521710;3459;97;72;154;118;125;73;93;96;87;104;102;123;4703
521720;1470;49;38;62;96;54;58;36;32;47;52;34;59;2087
521730;3992;112;97;155;225;157;102;123;193;129;196;135;219;5835
521740;7117;199;303;245;224;257;203;207;250;215;225;265;385;10095
521750;0;0;0;0;0;0;0;0;0;0;0;0;0;0
521760;7624;203;190;247;173;216;222;229;230;227;233;412;248;10454
521770;2855;83;60;69;92;111;149;82;143;104;132;108;130;4118
521780;0;0;0;0;0;0;0;0;0;0;0;0;0;0
521790;0;0;0;0;0;0;0;0;0;0;0;0;0;0
521800;6890;162;190;194;192;153;164;156;178;273;223;162;225;9162
521805;651;75;17;69;24;27;17;20;15;58;19;66;88;1146
521810;791;29;22;27;25;20;22;32;61;41;46;67;35;1218
521820;0;0;0;0;0;0;0;0;0;0;0;0;0;0
521830;3854;120;123;146;117;169;128;102;124;152;103;165;131;5434
521839;376;33;21;21;13;5;11;15;11;16;11;11;7;551
521840;0;0;0;0;0;0;0;0;0;0;0;0;0;0
521850;11774;352;308;366;418;461;282;358;411;350;309;322;938;16649
521860;1655;52;67;58;54;94;62;44;42;45;62;40;44;2319
521870;609;13;11;27;11;28;25;24;15;11;56;21;26;877
521875;0;0;0;0;0;0;0;0;0;0;0;0;0;0
521878;3390;102;105;101;90;120;68;128;122;146;107;69;77;4625
521880;57673;2891;2425;3373;2703;2334;2699;2475;2838;2568;2389;2469;3309;90146
521890;3858;81;80;206;282;134;117;105;104;101;157;823;314;6362
521900;1394;67;54;87;56;61;125;82;63;102;71;89;117;2368
521910;927;16;28;42;22;23;74;20;24;17;25;33;29;1280
521920;537;78;15;23;13;55;33;30;17;46;99;20;20;986
521925;1686;56;36;45;67;78;78;52;71;56;35;47;41;2348
521930;6872;638;267;490;398;338;564;404;405;373;400;753;973;12875
521935;418;17;9;8;27;4;9;4;18;7;7;3;4;535
521940;720;41;24;38;35;26;37;20;25;23;20;27;23;1059
521945;629;19;28;32;28;31;26;44;28;53;39;117;87;1161
521950;319;7;4;4;4;6;8;5;5;1;4;8;8;383
521960;442;1;2;7;3;4;8;6;12;6;1;5;4;501
521970;830;16;23;20;19;33;10;27;21;20;22;22;64;1127
521971;1080;20;16;20;112;18;15;15;15;20;22;22;183;1558
521973;1986;121;87;123;105;127;125;112;103;81;123;97;111;3301
521975;6070;80;92;100;98;183;128;93;164;124;135;285;170;7722
521980;806;16;19;22;8;11;16;13;13;14;18;10;10;976
521990;906;27;29;26;19;27;29;28;29;25;25;31;30;1231
522000;1375;35;28;43;68;85;43;39;22;42;49;31;131;1991
522005;237;1;3;5;7;6;4;8;10;8;6;6;5;306
522010;5907;206;175;185;141;200;156;158;149;183;180;166;150;7956
522015;569;54;14;22;16;17;20;11;9;106;32;63;18;951
522020;2967;83;84;125;120;90;81;106;82;192;121;75;93;4219
522026;660;11;13;14;16;10;22;9;13;13;14;15;15;825
522028;1110;10;8;121;13;22;64;30;37;45;41;356;225;2082
522030;0;0;0;0;0;0;0;0;0;0;0;0;0;0
522040;3548;220;144;197;173;361;279;394;123;113;439;170;120;6281
522045;17846;434;514;555;476;620;547;1020;665;754;501;652;680;25264
522050;2078;46;44;62;59;56;56;64;78;91;562;185;64;3445
522060;3454;118;69;92;211;128;99;82;127;148;139;100;190;4957
522065;0;0;0;0;0;0;0;0;0;0;0;0;0;0
522068;617;13;14;16;12;9;16;9;13;13;21;17;15;785
522070;298;9;21;7;6;8;31;5;19;4;12;6;9;435
522080;0;0;0;0;0;0;0;0;0;0;0;0;0;0
522090;0;0;0;0;0;0;0;0;0;0;0;0;0;0
522100;654;17;17;38;21;26;20;22;15;23;31;22;23;929
522108;300;3;3;4;2;5;3;6;2;1;5;1;7;342
522110;0;0;0;0;0;0;0;0;0;0;0;0;0;0
522119;1042;23;37;41;38;34;52;32;34;22;31;43;29;1458
522120;0;0;0;0;0;0;0;0;0;0;0;0;0;0
522130;469;10;11;21;7;6;19;14;7;14;14;14;11;617
522140;15191;477;528;510;491;532;523;557;569;488;536;614;656;21672
522145;374;3;3;3;2;1;6;4;2;4;4;3;0;409
522150;519;21;16;19;18;9;24;8;16;18;15;19;10;712
522155;2482;71;55;62;216;69;45;70;68;51;67;130;295;3681
522157;324;0;5;10;4;5;5;3;5;1;5;6;6;379
522160;6059;187;211;191;230;236;215;242;209;172;291;162;174;8579
522170;945;25;27;25;23;25;18;20;34;28;20;17;19;1226
522180;896;19;12;16;21;30;28;30;38;24;12;12;19;1157
522185;16637;721;860;838;686;903;1340;1336;677;1135;885;573;674;27265
522190;457;7;5;18;6;8;10;10;6;10;6;14;11;568
522200;2250;51;53;83;76;68;63;72;48;86;97;111;68;3126
522205;2004;57;48;88;44;72;71;69;56;90;45;412;118;3174
522208;0;0;0;0;0;0;0;0;0;0;0;0;0;0
522210;0;0;0;0;0;0;0;0;0;0;0;0;0;0
522220;881;10;19;16;111;12;29;36;45;540;436;46;194;2375
522230;950;22;26;38;24;30;37;20;27;26;19;55;22;1296
529999;0;0;0;0;0;0;0;0;0;0;0;0;0;0
530010;1246729;36223;28734;33574;22943;30070;31138;31154;32191;28700;28455;27463;41233;1618607
539999;0;0;0;0;0;0;0;0;0;0;0;0;0;0
{ñ class};0;0;0;0;0;0;0;0;0;0;0;0;0;0
Total;46281590;1529300;1514381;1744035;1436754;1563222;1551256;1600622;1594150;1515748;1490958;1512239;2321627;65655882

Seleções vigentes
Variável;Critério;Valor
Ano;igual a;2017
