Coluna;Mês Admissão
Município;Não admitido ano;Janeiro;Fevereiro;Março;Abril;Maio;Junho;Julho;Agosto;Setembro;Outubro;Novembro;Dezembro;Total
110001;2686;92;116;99;51;62;85;76;97;110;88;78;57;3697
110002;17919;765;865;758;319;365;498;641;754;816;847;717;544;25808
110003;739;46;26;16;7;7;23;18;18;24;24;18;7;973
110004;18000;887;1067;895;407;510;597;717;790;796;789;826;741;27022
110005;2270;166;106;80;36;45;45;64;73;101;100;109;80;3275
110006;2306;80;105;91;53;46;57;71;88;83;124;79;69;3252
110007;1315;135;116;64;20;42;35;45;54;62;66;51;48;2053
110008;970;36;30;26;67;14;21;18;7;11;18;8;9;1235
110009;4969;188;185;203;95;124;181;290;264;283;252;219;182;7435
110010;3679;122;105;139;74;89;103;124;100;100;86;90;62;4873
110011;10457;418;501;430;146;357;260;292;361;362;339;355;284;14562
110012;29746;1317;1329;1205;477;864;938;1153;1114;1259;1121;1149;877;42549
110013;3209;126;251;148;48;62;173;158;100;127;132;142;88;4764
110014;1707;64;72;50;33;37;34;45;51;51;51;48;42;2285
110015;6197;215;239;200;77;81;184;218;249;241;218;186;178;8483
110018;9803;449;480;420;201;297;406;457;464;474;411;401;275;14538
110020;158212;3635;4656;4249;1975;2551;3128;3510;3582;3705;4002;3690;2576;199471
110025;2545;165;162;136;83;59;118;125;136;104;85;66;76;3860
110026;466;30;36;23;10;24;52;34;41;26;37;25;9;813
110028;11999;581;467;482;225;257;444;532;412;404;448;451;436;17138
110029;914;14;18;20;11;23;9;39;17;17;16;15;9;1122
110030;21959;1192;1124;988;548;715;827;1018;1003;933;1092;1131;903;33433
110032;3281;90;137;102;72;55;79;116;117;128;145;97;91;4510
110033;1938;41;74;74;37;42;65;61;55;60;53;45;24;2569
110034;1349;65;100;48;23;14;27;33;33;35;29;31;37;1824
110037;1062;27;43;28;9;14;15;16;21;22;23;20;12;1312
110040;1396;97;67;56;18;46;42;39;56;65;44;50;28;2004
110045;3439;241;230;138;75;60;89;93;123;130;167;113;66;4964
110050;851;43;32;11;15;16;32;28;24;30;25;20;4;1131
110060;562;25;46;19;4;7;7;14;16;5;18;12;15;750
110070;921;32;54;22;21;22;46;25;26;17;21;17;19;1243
110080;2127;366;80;72;39;69;74;98;73;68;68;56;91;3281
110090;219;15;12;8;4;3;4;14;4;9;7;6;5;310
110092;2894;153;161;161;108;100;112;132;138;76;78;62;73;4248
110094;1383;53;116;69;38;37;30;49;64;54;39;34;31;1997
110100;610;28;19;15;9;5;9;11;13;5;7;2;6;739
110110;1193;32;20;39;42;42;56;46;38;50;37;32;32;1659
110120;844;21;67;18;7;14;15;37;26;27;46;21;19;1162
110130;1325;44;43;34;21;17;23;28;35;35;33;28;26;1692
110140;1240;30;104;89;41;29;17;32;60;33;35;45;48;1803
110143;504;8;35;16;3;1;5;5;7;7;11;6;3;611
110145;662;26;40;24;19;26;20;20;24;24;32;14;22;953
110146;660;86;56;38;31;33;65;52;18;38;36;17;24;1154
110147;375;5;3;8;2;4;4;6;6;2;2;1;5;423
110148;569;17;27;33;16;7;7;21;14;11;11;13;8;754
110149;1589;76;81;49;33;43;44;46;54;62;58;57;35;2227
110150;1263;53;35;69;29;28;29;47;39;20;20;29;20;1681
110155;454;8;9;11;5;3;16;13;6;22;14;9;26;596
110160;925;38;36;32;19;5;17;25;57;22;21;14;6;1217
110170;1323;50;62;61;23;16;51;45;33;39;38;34;44;1819
110175;735;18;54;24;8;12;11;12;24;15;24;27;8;972
110180;708;30;34;25;18;9;9;6;18;14;10;18;11;910
120001;828;41;13;38;47;13;13;30;21;38;30;25;24;1161
120005;330;14;17;94;8;8;18;10;11;7;14;7;2;540
120010;2372;42;67;99;60;33;72;61;62;80;77;87;73;3185
120013;1154;62;36;44;31;70;70;48;58;27;74;29;30;1733
120017;618;32;17;46;12;14;9;16;22;21;15;13;5;840
120020;8941;447;326;733;305;191;233;292;301;390;368;311;412;13250
120025;1639;39;58;61;17;55;19;32;42;55;48;54;39;2158
120030;1985;22;76;57;4;11;11;9;21;16;26;6;7;2251
120032;568;8;15;6;76;7;11;2;2;3;0;0;0;698
120033;873;23;30;43;2;17;23;23;30;13;9;9;9;1104
120034;445;1;17;12;2;4;1;12;60;52;28;2;3;639
120035;958;13;8;9;2;0;0;0;8;14;1;0;3;1016
120038;1538;31;75;60;18;18;30;25;268;67;52;64;45;2291
120039;638;5;6;7;0;16;36;23;32;45;8;2;30;848
120040;100455;3008;3348;2511;1726;1479;1529;1842;2223;2177;2788;2434;1514;127034
120042;722;10;6;8;6;0;1;0;12;7;2;0;0;774
120043;254;2;0;0;0;0;4;3;1;0;0;4;0;268
120045;2097;59;60;88;85;97;72;101;66;60;107;43;49;2984
120050;2399;81;214;145;47;97;70;71;81;72;81;32;30;3420
120060;1877;83;45;32;28;55;26;33;50;52;79;42;18;2420
120070;968;29;14;43;18;11;6;22;18;32;34;16;18;1229
120080;1128;18;18;26;14;13;42;29;49;20;33;11;14;1415
130002;752;47;17;239;13;4;3;3;3;2;0;2;4;1089
130006;566;4;6;94;13;6;3;17;5;1;2;5;6;728
130008;427;19;8;90;5;0;1;1;40;1;0;0;0;592
130010;735;10;0;11;4;12;6;29;11;15;6;0;20;859
130014;851;20;69;31;39;9;6;21;35;22;10;19;9;1141
130020;1156;52;54;311;32;15;42;21;24;6;5;26;0;1744
130030;1441;1392;53;34;23;27;43;22;63;19;26;8;20;3171
130040;904;216;243;229;0;39;11;13;17;12;12;12;14;1722
130050;863;429;212;623;212;60;27;62;189;10;7;6;3;2703
130060;2209;8;19;193;15;124;10;28;33;4;14;10;37;2704
130063;49;2;0;8;0;0;0;0;0;0;0;2;0;61
130068;866;72;42;438;9;8;18;12;50;2;11;0;1;1529
130070;2418;54;102;247;28;39;24;58;89;29;34;33;36;3191
130080;2305;33;48;99;50;34;29;87;232;12;9;9;4;2951
130083;906;27;46;217;14;13;19;13;75;7;5;3;2;1347
130090;518;9;23;26;2;1;1;5;12;0;2;0;2;601
130100;965;12;9;363;51;6;8;8;5;205;1;5;11;1649
130110;1204;292;333;33;9;16;18;23;52;81;22;12;6;2101
130115;1163;8;20;9;19;14;8;16;8;5;11;4;4;1289
130120;7980;85;50;98;1708;61;60;44;111;71;89;35;1765;12157
130130;870;182;189;14;35;2;32;6;14;3;9;5;2;1363
130140;1555;5;7;30;4;7;5;3;8;1;2;3;1;1631
130150;912;25;1;83;5;84;64;34;6;10;4;17;11;1256
130160;1893;11;6;132;12;9;6;6;62;2;2;1;3;2145
130165;676;1;2;4;1;1;2;1;2;1;1;0;0;692
130170;3075;259;348;464;71;68;89;130;88;97;114;98;60;4961
130180;358;0;0;0;3;0;2;0;2;4;1;4;5;379
130185;4423;664;124;314;167;114;95;120;262;80;161;72;49;6645
130190;8896;455;937;329;154;185;204;309;336;264;210;230;67;12576
130195;615;25;29;67;17;19;4;0;9;90;32;3;0;910
130200;339;65;55;284;27;14;10;38;26;4;0;5;2;869
130210;41;10;1;2;2;0;0;0;0;1;1;1;0;59
130220;707;7;21;259;12;4;18;6;8;3;3;7;4;1059
130230;769;1;1;2;1;0;0;8;0;0;0;0;1;783
130240;1648;20;255;93;23;12;25;27;261;32;30;28;13;2467
130250;5887;181;267;1127;231;85;136;228;276;114;83;98;65;8778
130255;1125;14;12;27;1;3;2;0;17;4;4;23;6;1238
130260;492716;20041;21000;15875;8669;7889;10289;16640;19123;19370;19716;18660;13058;683046
130270;1619;106;54;35;62;10;21;24;32;34;23;38;10;2068
130280;539;3;14;237;10;4;1;22;6;4;7;2;3;852
130290;3181;108;24;54;42;13;27;57;171;24;21;28;63;3813
130300;732;307;270;39;6;30;242;85;83;38;21;6;4;1863
130310;1429;123;109;691;60;16;13;17;107;7;13;10;11;2606
130320;1149;24;34;247;17;30;21;39;79;5;7;6;3;1661
130330;845;107;26;191;11;12;7;15;3;5;7;3;1;1233
130340;5577;766;1213;185;79;51;92;123;281;127;219;130;101;8944
130350;1007;3;2;16;8;12;2;2;3;2;1;1;0;1059
130353;5265;152;133;411;168;128;70;321;100;101;49;44;37;6979
130356;1935;22;97;52;11;17;23;30;35;46;29;39;17;2353
130360;733;23;222;29;6;8;7;12;5;4;3;1;0;1053
130370;390;1;2;2;2;1;3;3;1;1;0;8;1;415
130380;2097;36;71;64;66;71;21;25;33;83;30;4;19;2620
130390;1057;540;185;87;117;61;35;517;188;25;19;61;151;3043
130395;577;21;15;20;16;12;20;29;18;5;12;8;3;756
130400;511;40;17;51;8;14;7;13;23;10;5;1;7;707
130406;3403;137;102;836;46;15;63;194;157;38;35;29;30;5085
130410;1619;23;66;51;14;32;26;548;234;221;1;1;3;2839
130420;2974;1646;768;907;67;79;55;165;95;80;84;64;41;7025
130423;25;3;4;0;1;0;0;0;0;0;0;0;0;33
130426;397;487;71;517;103;20;40;59;185;103;50;15;3;2050
130430;803;147;43;260;22;13;33;33;2;12;3;1;5;1377
130440;919;187;270;33;10;7;11;16;5;8;3;0;3;1472
140002;206;187;37;164;9;9;17;6;72;13;8;6;8;742
140005;856;26;72;30;9;26;17;22;69;11;6;10;3;1157
140010;85015;3879;2850;3131;1329;1690;2789;2554;2630;2899;2890;3140;2494;117290
140015;1156;45;39;41;38;17;53;21;34;29;64;21;37;1595
140017;1009;81;38;162;34;129;125;50;100;38;28;31;13;1838
140020;1450;26;60;32;9;4;18;18;37;44;47;40;23;1808
140023;507;54;20;37;4;9;34;21;46;15;8;5;8;768
140028;431;132;127;79;16;30;67;15;13;2;5;4;2;923
140030;1026;51;131;76;23;9;29;23;106;11;14;25;12;1536
140040;499;52;20;6;4;11;14;12;54;2;37;0;2;713
140045;822;85;51;228;31;50;27;51;67;14;39;20;20;1505
140047;2239;60;104;223;79;94;160;96;242;33;36;39;35;3440
140050;898;28;81;24;28;54;23;11;14;20;39;52;11;1283
140060;128;6;2;5;2;2;2;1;0;4;7;2;2;163
140070;264;35;16;17;3;181;30;84;55;5;0;4;9;703
150010;9968;163;892;339;111;410;159;223;855;637;308;217;161;14443
150013;699;17;56;39;1;11;20;9;24;18;8;6;7;915
150020;4171;434;422;201;54;56;50;70;79;87;116;24;23;5787
150030;1940;16;408;74;6;2;8;18;38;13;44;11;0;2578
150034;1950;276;361;122;44;102;97;115;85;101;126;101;83;3563
150040;2761;58;130;55;107;40;49;54;90;20;11;7;13;3395
150050;3466;414;154;517;69;45;166;231;212;57;73;83;34;5521
150060;15239;1201;2280;1234;276;288;389;424;571;541;503;500;367;23813
150070;1225;10;25;591;48;21;14;42;82;0;0;2;0;2060
150080;68696;2270;2309;2185;1009;1094;1270;2444;2143;2289;2708;2471;2073;92961
150085;1486;253;329;83;24;25;26;20;46;48;40;26;21;2427
150090;2577;26;518;96;32;13;24;44;63;14;0;12;8;3427
150095;1294;225;127;249;29;6;32;35;46;19;19;11;22;2114
150100;727;0;14;128;35;28;18;99;57;3;16;10;19;1154
150110;733;28;1;0;0;0;0;3;4;1;2;0;0;772
150120;1652;100;196;29;58;20;8;23;15;6;8;2;2;2119
150125;575;133;49;70;22;11;35;35;37;24;21;21;20;1053
150130;26838;1041;1042;1422;611;773;934;843;1199;1373;1597;1261;887;39821
150140;404187;10630;11499;9973;6248;5768;7368;8792;9731;9388;10486;9718;7710;511498
150145;1384;81;163;48;20;33;65;42;39;46;10;27;26;1984
150150;10231;335;1018;369;137;104;304;434;435;439;429;357;271;14863
150157;1071;229;28;36;10;9;36;17;43;23;46;18;27;1593
150160;1797;63;17;16;8;11;109;104;54;28;136;168;87;2598
150170;7189;560;143;534;42;33;171;181;195;113;120;124;115;9520
150172;1168;35;285;135;16;14;31;50;44;21;31;17;67;1914
150175;613;52;40;10;5;4;9;5;15;3;7;9;11;783
150178;3558;92;73;248;39;60;47;68;83;98;62;107;68;4603
150180;6224;160;157;553;77;60;36;198;1506;89;73;57;37;9227
150190;1297;56;25;449;30;18;16;14;31;6;3;13;1;1959
150195;831;214;25;64;9;8;11;229;89;3;2;1;2;1488
150200;1087;7;10;188;24;10;22;15;199;8;4;1;2;1577
150210;5987;60;62;30;9;8;18;26;33;36;32;28;33;6362
150215;14682;663;816;675;615;570;972;1570;1375;1068;1172;1016;658;25852
150220;7773;248;285;194;149;124;149;136;155;167;175;492;272;10319
150230;3437;119;119;1229;68;22;38;82;152;81;98;37;179;5661
150240;31504;2279;1793;1048;599;741;600;1179;1814;1211;1419;1194;911;46292
150250;939;195;34;509;30;12;26;25;65;10;9;5;2;1861
150260;513;0;46;21;2;15;6;7;49;1;1;0;1;662
150270;3729;162;356;285;52;61;63;77;81;86;68;64;53;5137
150275;1615;65;53;73;17;9;36;52;22;38;50;60;6;2096
150276;1683;116;70;279;60;51;62;90;69;83;82;116;46;2807
150277;2179;570;391;99;67;57;108;92;151;216;195;84;51;4260
150280;1329;370;43;86;47;2;10;23;100;0;1;2;4;2017
150285;896;105;62;21;20;5;2;15;12;6;3;0;0;1147
150290;1870;28;246;82;9;37;11;25;25;17;3;11;37;2401
150293;4304;465;474;155;155;100;157;158;258;158;145;140;121;6790
150295;2160;386;95;63;52;30;85;123;212;233;135;143;47;3764
150300;564;2;12;1;0;0;0;0;1;0;2;1;3;586
150304;1291;50;348;57;26;61;43;29;162;24;34;19;28;2172
150307;1447;297;29;364;29;17;9;13;51;4;10;10;163;2443
150309;2262;411;149;346;60;84;60;97;187;99;49;54;62;3920
150310;1866;68;55;79;374;23;30;49;176;1;1;1;1;2724
150320;2451;89;82;42;13;20;32;29;49;42;49;37;29;2964
150330;3195;200;131;225;14;31;29;36;248;73;60;26;23;4291
150340;1148;32;19;20;8;5;34;26;62;66;36;15;11;1482
150345;3689;111;674;92;49;43;43;68;89;60;70;65;57;5110
150350;1596;36;29;108;75;11;1;6;17;8;14;13;16;1930
150360;11595;451;1407;566;209;272;453;554;478;607;597;578;343;18110
150370;2865;100;142;487;31;41;95;82;53;56;57;105;57;4171
150375;747;262;699;66;16;10;15;37;15;16;11;13;15;1922
150380;3334;326;523;94;39;25;58;101;202;89;104;74;31;5000
150390;4444;558;238;322;82;151;77;260;272;86;170;97;58;6815
150400;1133;211;218;43;12;204;16;20;73;0;1;1;1;1933
150405;2532;36;198;64;12;14;48;67;112;64;41;46;21;3255
150410;229;224;28;94;4;1;0;3;5;0;0;0;0;588
150420;50719;1883;2588;1907;920;930;1596;2161;1963;2248;2360;2256;1603;73134
150430;805;405;516;40;13;28;16;10;40;29;5;9;6;1922
150440;1464;81;156;27;13;9;12;11;67;5;7;4;5;1861
150442;15500;547;2698;729;324;247;611;599;788;474;489;456;399;23861
150445;1229;286;299;54;34;18;27;86;50;55;44;23;28;2233
150450;944;120;77;311;18;3;10;9;6;4;0;1;4;1507
150460;1949;13;15;97;12;16;20;30;193;20;8;4;4;2381
150470;7704;640;230;1157;169;124;331;374;157;266;236;245;163;11796
150475;681;149;373;40;21;20;13;25;12;13;5;5;4;1361
150480;3049;139;163;79;66;36;33;90;44;40;24;35;35;3833
150490;1101;18;95;196;18;16;12;17;37;60;4;0;1;1575
150495;873;257;211;44;12;10;11;30;18;43;5;1;1;1516
150497;840;121;158;28;26;39;29;35;77;24;22;20;7;1426
150500;947;11;47;19;6;7;0;13;18;11;2;4;5;1090
150503;3884;676;482;214;252;139;169;213;211;277;194;139;115;6965
150506;4332;193;380;140;69;39;104;91;166;78;65;75;59;5791
150510;3253;428;257;158;43;51;131;189;152;33;35;101;66;4897
150520;1161;266;88;299;25;18;12;35;53;6;0;0;0;1963
150530;6427;159;108;92;23;33;93;253;126;207;364;113;47;8045
150540;535;163;225;9;5;7;3;5;9;5;95;3;5;1069
150543;3400;415;451;193;64;85;291;249;189;187;107;120;124;5875
150548;2568;159;248;107;59;480;326;412;598;202;359;283;31;5832
150549;496;11;12;7;8;4;9;2;4;9;6;7;5;580
150550;18636;790;738;585;485;565;619;822;789;685;728;630;482;26554
150553;53239;3343;2905;3192;1717;1936;4374;3358;3761;3978;3368;3176;2010;90357
150555;661;201;122;36;26;26;28;34;49;18;25;21;25;1272
150560;301;86;5;100;0;3;2;1;102;1;0;1;0;602
150563;1250;85;296;45;13;16;23;28;47;40;33;24;26;1926
150565;969;55;171;19;13;2;25;13;25;5;6;8;2;1313
150570;1226;9;24;190;5;2;1;11;130;2;2;1;109;1712
150580;3076;127;139;526;30;15;8;42;62;28;11;33;17;4114
150590;1584;216;524;123;32;18;20;20;127;7;4;4;1;2680
150600;1374;82;339;53;8;9;10;21;73;5;269;4;2;2249
150610;706;204;29;65;18;11;15;29;43;5;14;8;2;1149
150611;456;77;45;10;4;4;2;5;54;0;2;0;0;659
150613;12772;1264;1325;534;388;353;561;524;1060;577;623;569;428;20978
150616;2811;214;253;202;60;67;111;91;103;102;126;87;83;4310
150618;2592;125;114;150;72;55;27;45;106;120;155;100;66;3727
150619;1778;145;229;100;43;47;61;56;190;67;48;34;61;2859
150620;3866;640;117;138;53;46;98;163;171;110;130;132;91;5755
150630;1028;13;198;42;4;5;3;6;11;7;10;11;1;1339
150635;2100;53;444;151;16;34;48;82;93;52;56;87;43;3259
150640;318;15;19;10;0;4;15;2;4;2;0;0;1;390
150650;8435;352;703;244;284;124;126;157;307;206;234;212;163;11547
150655;1023;13;14;224;8;5;5;20;188;4;6;4;1;1515
150658;1578;323;286;92;53;111;98;101;138;144;95;77;62;3158
150660;1637;371;172;40;18;15;12;44;42;14;28;31;29;2453
150670;4855;432;220;188;127;177;216;229;195;218;152;175;101;7285
150680;41355;1313;1225;1006;513;587;608;1211;1383;1421;2280;1425;1017;55344
150690;627;48;30;53;13;37;2;5;22;3;1;0;0;841
150700;2389;40;63;40;36;17;52;53;54;62;82;55;34;2977
150710;857;11;33;36;8;14;7;21;20;30;7;8;6;1058
150715;1706;75;118;20;34;10;24;31;41;40;17;38;29;2183
150720;2030;489;103;58;12;3;21;20;429;2;6;5;4;3182
150730;5544;303;382;340;163;152;265;285;244;248;255;253;182;8616
150740;866;252;16;151;9;1;6;8;15;10;17;21;11;1383
150745;3060;115;223;59;28;101;51;134;130;91;88;67;94;4241
150746;300;5;39;6;0;3;1;1;3;0;5;0;1;364
150747;1295;27;27;85;11;9;6;13;28;7;0;8;4;1520
150750;753;58;84;8;3;3;7;8;15;26;14;13;16;1008
150760;4758;506;702;350;59;77;91;146;261;181;217;193;199;7740
150770;970;252;10;212;19;7;31;16;106;0;1;0;4;1628
150775;1226;44;68;36;19;25;18;27;19;42;38;26;14;1602
150780;636;56;128;23;6;0;5;15;8;9;5;4;4;899
150790;1282;53;19;20;22;8;10;15;16;9;5;9;5;1473
150795;10241;535;835;243;99;308;304;427;669;583;643;365;210;15462
150796;661;125;28;25;14;7;14;20;9;5;16;8;1;933
150797;1082;38;24;17;106;37;48;64;57;93;43;13;29;1651
150800;6802;1474;862;973;136;144;215;269;572;300;381;259;121;12508
150803;1474;39;110;65;34;12;40;24;93;3;3;4;5;1906
150805;980;24;67;32;14;8;12;79;32;19;14;8;14;1303
150808;4268;587;239;737;147;96;153;175;514;192;173;227;165;7673
150810;10444;365;1182;563;312;193;169;381;1195;283;518;207;153;15965
150812;4138;306;437;180;84;197;177;343;199;185;210;178;74;6708
150815;2750;116;433;107;38;20;58;105;61;75;63;77;45;3948
150820;2451;95;39;22;95;7;20;124;116;98;35;34;14;3150
150830;2144;198;61;435;46;23;25;175;649;5;14;4;6;3785
150835;1279;941;460;104;29;68;104;249;62;56;67;71;25;3515
150840;8679;525;681;413;184;259;262;239;373;309;265;271;280;12740
160005;57;1;1;1;1;1;1;1;5;0;0;0;2;71
160010;343;58;8;1;9;9;4;3;18;31;8;10;1;503
160015;1971;51;48;41;24;22;14;16;97;37;38;30;46;2435
160020;499;5;9;6;5;1;3;3;3;5;4;3;2;548
160021;434;13;2;1;6;2;0;8;7;2;1;0;0;476
160023;776;114;31;17;17;2;10;19;20;14;7;2;2;1031
160025;351;5;9;21;0;19;7;6;11;3;2;2;1;437
160027;2083;55;155;32;23;18;16;40;27;47;23;23;18;2560
160030;105530;2509;2394;2484;1360;2276;1437;2015;2484;2665;3542;1847;2050;132593
160040;630;14;36;8;22;12;3;13;18;17;7;6;7;793
160050;620;55;25;31;6;12;8;30;48;38;25;16;30;944
160053;1568;134;122;146;37;56;21;70;109;42;15;12;69;2401
160055;299;2;0;1;3;0;0;0;0;0;0;0;0;305
160060;8296;270;200;156;87;92;179;169;220;236;333;228;212;10678
160070;651;87;8;19;86;203;44;68;330;8;12;0;0;1516
160080;703;17;36;106;18;8;42;30;50;7;5;7;1;1030
170025;241;23;72;22;4;6;0;90;15;9;8;7;2;499
170030;1151;135;60;67;70;44;63;24;31;32;80;54;10;1821
170035;590;29;53;13;7;13;14;21;33;16;20;9;14;832
170040;289;11;8;11;6;3;2;2;10;6;6;11;8;373
170070;1369;132;174;66;26;77;48;26;58;44;60;41;37;2158
170100;897;52;50;39;15;16;29;17;16;30;19;15;18;1213
170105;239;57;22;28;5;3;10;4;6;1;2;2;5;384
170110;675;160;105;26;4;28;9;11;24;18;6;18;8;1092
170130;392;67;47;15;8;2;17;31;26;6;2;8;6;627
170190;520;93;66;33;8;10;9;13;49;36;10;16;6;869
170200;1269;68;73;40;18;21;38;34;49;39;62;32;24;1767
170210;32564;2073;1382;1267;564;1105;1005;2090;1506;1651;1411;1539;1226;49383
170215;496;24;16;9;6;12;7;17;24;25;12;13;13;674
170220;2042;210;214;88;29;40;47;78;69;95;52;34;20;3018
170230;1123;33;111;200;135;312;474;379;401;473;403;426;377;4847
170240;998;73;119;29;19;4;14;26;64;12;20;13;5;1396
170255;1660;73;48;36;6;7;20;36;39;28;49;27;19;2048
170270;181;52;33;4;1;1;6;3;1;0;0;1;2;285
170290;736;28;45;17;1;2;10;9;17;10;8;10;7;900
170300;791;121;84;14;12;12;13;37;29;9;11;14;9;1156
170305;600;144;48;36;30;29;32;27;51;19;18;7;16;1057
170307;314;65;39;42;6;6;11;51;3;3;11;7;6;564
170310;510;52;47;22;3;5;8;53;44;9;7;7;8;775
170320;426;56;64;19;10;13;6;12;17;15;15;12;13;678
170330;279;55;33;47;10;7;4;12;13;4;2;14;6;486
170360;316;6;26;12;3;1;4;8;7;5;3;5;4;400
170370;651;49;58;21;22;9;14;37;17;13;18;16;16;941
170380;591;82;81;45;13;4;13;14;13;4;8;4;4;876
170382;221;9;4;26;5;5;1;16;0;7;7;1;3;305
170384;790;161;110;34;21;29;107;57;52;59;72;25;39;1556
170386;1092;46;130;96;27;30;45;52;61;34;35;37;36;1721
170388;279;51;50;4;12;2;8;4;25;2;4;19;2;462
170389;224;54;52;11;5;5;6;6;10;3;1;1;1;379
170390;689;102;90;45;12;24;31;59;16;131;43;13;16;1271
170410;241;22;13;9;3;13;15;1;5;3;5;0;0;330
170460;129;101;31;11;5;4;6;2;2;1;5;1;2;300
170510;395;26;34;18;14;11;14;9;16;8;8;13;10;576
170550;4607;143;437;192;126;158;159;584;264;167;130;119;130;7216
170555;361;6;33;9;2;3;5;1;8;4;0;1;4;437
170560;266;52;77;33;5;10;12;34;5;0;1;2;1;498
170600;447;76;57;29;19;7;12;44;28;17;21;10;7;774
170610;648;88;58;28;17;21;31;51;28;21;23;6;10;1030
170625;227;13;34;5;1;7;4;4;6;5;7;8;1;322
170650;772;25;70;38;21;28;35;19;35;31;22;30;22;1148
170700;2277;49;100;86;37;48;76;50;67;53;62;51;49;3005
170710;776;72;99;14;32;29;18;122;46;42;36;30;16;1332
170720;459;88;91;31;13;9;27;25;28;12;14;9;10;816
170730;677;26;51;22;13;19;18;28;29;14;28;21;16;962
170740;511;6;44;132;6;3;1;7;37;0;4;2;1;754
170755;391;82;105;31;4;3;12;9;17;12;2;8;9;685
170765;605;20;66;18;12;6;5;49;11;13;13;17;5;840
170770;614;19;20;3;5;11;24;5;16;8;4;5;2;736
170820;2428;124;229;100;55;92;68;78;177;171;100;43;73;3738
170825;684;42;24;21;2;13;11;34;19;34;15;21;16;936
170830;327;75;103;7;20;5;4;12;35;3;13;7;1;612
170900;676;85;71;35;26;21;31;31;21;35;26;3;9;1070
170930;3196;100;259;114;92;63;64;103;90;70;72;66;66;4355
170950;15089;1014;569;546;380;318;366;815;539;642;516;506;355;21655
170980;249;8;4;2;1;2;3;1;4;1;1;0;1;277
171050;400;65;44;30;5;2;12;12;10;26;9;8;5;628
171070;395;10;9;5;5;12;5;2;1;3;1;3;2;453
171090;283;10;99;9;4;4;3;5;5;4;7;4;6;443
171110;371;25;38;19;9;12;10;15;8;9;17;10;7;550
171150;356;7;4;11;7;4;10;2;1;11;5;8;3;429
171180;219;3;2;4;3;0;4;1;0;7;1;3;1;248
171190;1865;201;307;153;65;66;81;76;174;102;94;112;84;3380
171195;224;57;25;6;2;4;1;3;5;5;6;9;5;352
171200;430;258;131;37;16;15;17;47;18;22;10;16;10;1027
171215;118;48;20;23;2;2;14;6;8;0;0;0;1;242
171240;172;42;31;11;3;4;5;3;7;4;2;1;0;285
171245;290;40;17;6;2;15;7;6;19;6;8;3;6;425
171250;819;88;103;44;23;25;50;43;67;55;69;35;26;1447
171270;445;16;69;37;21;5;19;41;24;11;22;31;13;754
171280;272;0;34;5;1;31;2;2;14;2;5;4;0;372
171320;2145;145;154;73;32;38;61;83;96;46;53;51;43;3020
171330;1334;130;211;49;29;28;45;46;65;42;73;49;53;2154
171360;804;41;31;36;18;23;26;21;24;24;13;9;10;1080
171370;250;13;46;17;9;6;8;11;10;5;4;9;4;392
171380;323;6;65;24;5;4;12;6;22;5;2;5;2;481
171395;381;76;72;26;13;11;15;24;16;10;14;6;8;672
171420;867;54;51;34;26;33;35;31;49;32;24;19;13;1268
171430;280;13;33;23;3;7;4;10;14;7;4;3;6;407
171488;1326;97;161;31;15;56;46;43;121;29;45;18;27;2015
171500;341;34;11;4;2;5;12;14;34;21;20;5;3;506
171510;374;48;46;13;3;6;8;43;9;9;24;6;7;596
171515;108;66;27;6;3;0;1;8;5;0;0;2;1;227
171525;296;9;8;6;2;0;3;3;12;5;4;3;9;360
171550;192;17;12;14;21;5;3;6;6;3;2;5;0;286
171570;394;29;66;27;16;11;9;15;29;5;3;14;7;625
171575;856;19;78;48;35;15;39;64;46;55;26;11;18;1310
171610;9346;805;981;310;259;205;202;321;311;297;289;357;272;13955
171620;356;8;12;11;7;11;3;31;15;5;14;7;3;483
171630;363;47;46;25;8;22;18;28;33;7;10;6;7;620
171650;2295;163;200;124;94;81;53;73;84;31;54;28;35;3315
171660;1206;63;76;74;28;21;43;47;43;50;48;34;16;1749
171665;402;26;115;22;16;8;7;12;192;6;7;5;11;829
171670;690;24;100;25;15;16;20;133;56;11;14;33;15;1152
171700;314;12;18;6;6;3;3;5;11;5;4;4;3;394
171720;503;77;73;26;15;4;11;20;12;16;15;15;13;800
171750;800;145;189;43;17;14;32;46;48;38;35;39;32;1478
171780;171;94;89;8;4;4;13;19;18;1;3;3;2;429
171790;493;93;48;19;9;47;8;7;29;9;10;9;10;791
171800;220;44;36;6;6;1;4;9;51;2;5;5;1;390
171820;9392;447;1010;392;367;390;342;421;401;547;393;393;275;14770
171830;372;2;33;3;2;1;51;68;13;4;0;1;3;553
171840;276;58;36;32;8;4;18;5;9;2;3;6;5;462
171845;343;97;115;43;7;8;8;8;23;10;9;1;5;677
171850;275;32;40;18;15;6;6;10;16;6;3;4;6;437
171855;307;7;10;10;2;3;8;14;6;8;2;3;2;382
171865;80;3;0;3;2;2;0;1;2;2;4;2;0;101
171870;203;16;62;12;3;2;2;3;5;1;1;1;2;313
171875;367;31;40;9;20;5;3;7;8;3;6;3;6;508
171880;173;108;34;11;90;5;30;10;9;0;0;0;1;471
171884;444;65;57;12;6;4;16;14;22;13;16;13;9;691
171886;744;52;47;29;29;10;21;16;29;14;25;17;19;1052
171888;269;11;5;2;1;10;1;4;6;1;0;0;4;314
171889;427;29;46;18;14;12;13;21;33;16;10;17;18;674
171890;540;78;113;27;4;53;13;17;16;12;38;17;3;931
171900;54;3;7;2;1;1;1;0;2;0;1;0;2;74
172000;188;8;48;7;0;1;5;17;1;1;0;0;0;276
172010;439;4;79;7;3;4;2;2;17;2;3;6;0;568
172015;191;5;13;14;6;12;3;3;2;3;5;4;2;263
172020;608;34;149;25;13;12;12;21;10;1;2;3;6;896
172025;254;47;21;5;2;2;6;13;2;2;1;2;50;407
172030;304;33;41;21;2;0;2;1;8;7;3;6;2;430
172049;469;34;46;21;11;38;17;18;13;10;12;9;7;705
172065;662;28;67;17;6;8;6;8;12;10;12;22;9;867
172080;771;13;15;10;7;5;0;5;8;12;6;8;4;864
172085;194;52;28;17;3;4;2;5;4;4;5;7;4;329
172090;1014;46;87;116;42;36;27;35;36;63;17;19;7;1545
172093;220;5;32;5;5;0;0;8;7;3;2;2;0;289
172097;498;15;21;12;15;5;10;12;18;18;26;12;6;668
172100;121127;4826;9753;3849;1372;1912;3017;3012;3736;3439;3274;3413;2765;165495
172110;465;43;14;63;3;6;11;69;17;7;5;0;7;710
172120;1985;382;92;82;19;49;49;74;63;62;66;48;52;3023
172125;169;61;41;19;0;6;3;5;19;2;0;3;2;330
172130;195;17;50;35;0;1;2;2;8;5;1;1;0;317
172208;752;30;25;17;8;6;15;17;12;23;16;14;14;949
172210;1434;26;42;27;23;48;32;59;66;36;44;36;20;1893
210005;17277;668;812;1023;263;337;458;465;774;561;659;593;397;24287
210010;287;4;1;1;2;1;0;2;0;6;1;3;4;312
210015;554;6;0;2;0;4;0;1;14;0;6;6;2;595
210020;70;0;1;2;2;1;0;1;1;0;8;2;1;89
210030;1228;7;51;61;0;10;59;839;21;81;9;0;3;2369
210040;352;0;2;3;0;0;1;0;4;1;1;5;1;370
210043;826;12;16;16;6;25;25;5;7;10;37;21;20;1026
210047;1166;4;12;10;1;8;5;4;60;28;65;20;12;1395
210050;1237;35;53;68;17;30;50;54;65;62;74;28;20;1793
210055;293;1;2;4;0;0;0;2;0;2;1;1;1;307
210060;1988;14;29;23;6;3;2;10;11;15;9;6;7;2123
210070;701;34;1;18;2;2;2;3;4;12;8;1;0;788
210080;800;80;13;7;6;7;0;17;5;6;3;11;1;956
210083;630;1;1;2;0;0;0;0;0;5;4;7;8;658
210087;248;5;0;1;0;0;0;0;0;0;1;0;0;255
210090;358;2;3;32;1;1;1;5;5;4;8;2;7;429
210095;842;8;9;4;1;10;2;11;3;3;6;2;3;904
210100;1732;12;171;21;4;29;20;35;33;10;12;21;8;2108
210110;525;14;35;0;1;0;3;6;4;1;4;1;1;595
210120;8885;213;211;184;51;79;143;182;255;212;292;204;182;11093
210125;1336;24;20;33;6;14;33;34;23;29;32;15;20;1619
210130;947;1;19;16;1;0;26;2;6;0;0;0;0;1018
210135;269;14;33;0;6;2;3;0;1;1;0;0;1;330
210140;19361;805;997;871;356;540;610;890;863;770;919;795;515;28292
210150;1275;23;25;36;3;18;20;27;27;29;34;25;14;1556
210160;4828;87;110;82;34;20;25;31;39;44;147;264;88;5799
210170;3285;228;334;269;21;74;75;48;87;43;201;183;117;4965
210173;530;5;48;146;4;0;1;2;4;0;3;0;0;743
210177;592;5;15;17;0;3;12;9;7;10;8;7;13;698
210180;286;6;2;2;22;10;22;11;10;6;12;5;4;398
210190;836;12;6;6;62;9;5;76;14;1;1;2;4;1034
210193;235;4;2;0;0;0;1;2;2;0;2;0;0;248
210197;375;2;0;6;1;0;3;0;0;4;1;0;2;394
210200;1686;98;21;28;11;10;19;107;26;12;38;80;23;2159
210203;1693;39;136;23;15;15;14;14;10;17;32;15;13;2036
210207;57;2;1;0;2;1;0;1;0;2;0;1;0;67
210210;1361;86;16;9;1;2;0;8;12;11;7;10;6;1529
210215;251;0;1;1;0;0;0;0;0;1;0;1;0;255
210220;181;59;5;5;2;1;1;3;1;2;6;4;1;271
210230;672;15;9;7;6;1;22;11;18;6;21;10;13;811
210232;2806;525;846;153;28;67;24;91;411;32;64;44;51;5142
210235;503;7;2;0;0;1;1;2;6;5;1;5;2;535
210237;204;2;1;0;3;0;1;0;2;0;1;0;0;214
210240;282;3;3;0;0;0;0;0;0;0;0;0;0;288
210250;730;1;0;1;0;0;1;10;2;1;0;1;0;747
210255;1435;82;133;18;133;153;475;204;74;38;24;15;11;2795
210260;714;7;11;0;0;1;0;2;4;10;9;15;8;781
210270;769;42;4;50;7;21;20;6;43;8;3;4;0;977
210275;643;78;20;29;31;2;8;58;66;77;73;43;7;1135
210280;3010;96;177;138;16;29;46;45;43;51;74;82;116;3923
210290;1632;31;20;389;19;20;11;35;68;13;10;7;6;2261
210300;11890;3160;1847;523;98;158;143;147;236;196;286;348;114;19146
210310;559;4;5;6;0;2;17;48;6;0;1;2;1;651
210312;186;1;88;12;1;0;0;0;2;0;0;3;0;293
210315;495;2;2;4;0;3;1;0;1;0;0;0;0;508
210317;679;1;6;5;2;3;0;1;2;7;8;0;0;714
210320;4919;118;90;112;36;25;51;86;118;73;116;66;40;5850
210325;908;10;9;9;2;6;8;8;7;16;21;24;11;1039
210330;8109;171;284;601;107;233;632;251;375;301;232;166;141;11603
210340;2567;614;35;365;13;9;167;15;290;894;154;38;157;5318
210350;2638;47;246;29;18;46;13;42;34;88;165;46;27;3439
210355;820;1;1;1;0;0;1;0;0;0;1;1;0;826
210360;3000;100;167;362;67;66;53;75;126;51;46;96;42;4251
210370;1403;10;3;5;0;1;23;9;7;12;3;7;1;1484
210375;2065;60;57;27;50;14;35;24;42;55;63;67;49;2608
210380;1483;8;16;37;15;8;16;16;10;33;22;6;13;1683
210390;435;85;8;137;5;5;2;3;17;10;6;4;1;718
210400;915;203;273;56;20;241;77;37;94;2;13;2;1;1934
210405;3658;134;359;96;73;54;58;53;274;88;64;57;98;5066
210407;404;5;13;5;0;45;8;14;67;12;22;4;3;602
210408;327;0;0;0;2;0;19;1;2;2;2;3;16;374
210409;762;2;4;4;1;0;1;5;1;7;1;3;4;795
210410;889;46;29;12;6;1;23;8;19;21;14;16;18;1102
210420;468;0;3;3;0;0;2;6;2;2;12;1;1;500
210430;1392;63;33;40;12;15;23;106;88;52;34;36;11;1905
210440;629;2;10;5;1;0;0;2;5;2;0;0;1;657
210450;363;0;0;2;0;0;0;1;0;0;0;0;0;366
210455;2086;40;59;54;27;24;27;48;118;70;53;74;31;2711
210460;490;4;0;3;0;3;2;3;6;1;6;0;0;518
210462;518;2;2;3;1;0;2;0;5;3;4;0;2;542
210465;334;6;5;10;1;0;0;2;1;0;0;2;0;361
210467;1242;13;13;55;9;0;16;14;29;1;4;3;9;1408
210470;218;0;0;0;0;0;0;0;0;0;0;0;0;218
210480;6215;296;271;299;98;105;438;169;200;151;248;218;183;8891
210490;450;21;9;5;0;0;0;1;0;0;0;0;0;486
210500;1140;211;415;92;8;5;8;9;5;2;8;4;3;1910
210510;856;147;23;15;4;7;12;1;5;2;3;5;1;1081
210515;830;23;14;83;5;10;0;6;8;22;18;14;6;1039
210520;423;4;1;4;0;1;0;2;2;4;0;2;0;443
210530;58636;2109;2036;1824;1135;1042;1557;2118;2237;2195;2448;2094;1516;80947
210535;257;1;0;0;0;0;0;0;0;0;1;0;0;259
210540;4144;245;59;351;51;57;145;262;393;230;141;155;92;6325
210542;2876;198;244;107;36;52;31;56;55;67;66;74;35;3897
210545;355;0;1;0;0;0;1;2;0;0;0;0;0;359
210547;571;0;0;1;0;0;0;0;0;2;0;1;0;575
210550;1452;155;202;45;21;10;14;17;42;16;14;18;13;2019
210560;514;1;2;2;0;0;0;0;2;0;1;3;0;525
210565;547;2;1;21;6;0;1;1;4;0;0;0;2;585
210570;2548;36;27;40;18;13;20;20;28;41;54;51;22;2918
210580;450;4;5;1;2;3;1;3;1;2;0;0;1;473
210590;654;2;2;4;1;0;0;0;1;7;1;1;1;674
210592;427;2;1;0;0;1;0;0;0;0;2;2;0;435
210594;485;5;4;6;2;0;0;6;3;4;10;6;1;532
210596;392;4;3;2;0;0;0;0;2;0;1;3;0;407
210598;424;8;9;52;5;5;2;6;7;2;12;5;4;541
210600;578;54;4;2;0;1;2;2;7;9;4;2;9;674
210610;1228;32;43;11;13;10;5;10;8;15;18;26;9;1428
210620;11;0;0;1;0;0;0;0;0;0;1;1;0;14
210630;1030;34;4;15;9;2;2;2;12;0;3;5;11;1129
210632;944;11;19;42;6;0;4;12;8;1;10;2;7;1066
210635;301;2;1;0;0;0;0;0;1;1;0;0;0;306
210637;754;1;0;2;0;0;3;1;0;1;3;2;0;767
210640;950;105;54;95;3;23;48;27;56;44;62;27;10;1504
210650;985;5;1;13;0;2;0;6;5;5;2;0;14;1038
210660;2021;27;145;109;20;5;14;24;3;6;3;20;1;2398
210663;257;61;8;47;4;9;57;24;144;1;0;0;0;612
210667;358;0;0;0;1;0;0;0;0;0;1;0;0;360
210670;620;3;27;12;5;5;7;19;8;26;13;19;9;773
210675;1019;280;57;32;8;10;9;31;65;18;14;9;7;1559
210680;479;1;1;2;1;0;1;1;0;2;3;1;5;497
210690;1357;10;11;3;1;0;0;3;2;3;3;0;2;1395
210700;401;10;1;1;3;27;5;4;3;2;4;27;2;490
210710;171;3;1;5;0;0;2;1;1;2;4;6;1;197
210720;365;15;0;10;1;2;0;1;0;3;0;0;0;397
210725;343;5;7;3;4;0;4;1;4;0;2;1;1;375
210730;272;0;1;0;0;0;2;4;1;2;1;6;5;294
210735;442;2;3;3;1;3;0;6;5;4;1;4;2;476
210740;1145;3;23;26;84;92;6;23;11;4;6;13;1;1437
210745;560;3;41;1;0;1;0;0;0;2;0;0;0;608
210750;7703;407;291;272;54;94;176;183;286;189;184;166;149;10154
210760;854;1;0;0;0;1;0;0;0;0;0;0;0;856
210770;906;102;25;10;3;0;3;7;3;10;9;11;6;1095
210780;1949;38;13;19;8;11;11;74;10;15;30;13;16;2207
210790;790;22;13;10;7;3;3;17;6;12;9;12;2;906
210800;1182;66;105;52;24;14;41;110;35;30;56;35;28;1778
210805;830;10;3;4;0;0;1;1;1;1;1;3;3;858
210810;921;7;8;3;0;5;1;1;6;8;3;2;9;974
210820;4592;792;407;111;46;93;47;69;86;70;80;82;61;6536
210825;720;0;1;225;1;0;3;0;2;1;8;0;2;963
210830;1263;96;23;108;14;6;7;7;5;4;2;2;0;1537
210840;533;3;2;3;0;3;0;2;6;1;1;1;2;557
210845;1073;7;7;22;8;1;2;0;6;4;4;4;4;1142
210850;1946;43;36;20;12;11;27;34;41;24;37;18;8;2257
210860;4957;93;102;100;39;44;27;95;114;94;129;128;65;5987
210870;1144;2;5;1;1;1;15;3;6;1;17;8;4;1208
210880;682;4;1;0;0;1;4;1;1;2;1;3;2;702
210890;794;7;4;5;1;3;1;2;1;0;2;0;1;821
210900;2113;51;74;88;57;43;42;33;32;49;44;29;40;2695
210905;266;1;9;2;0;0;0;0;0;0;0;0;0;278
210910;4451;104;187;124;25;25;69;79;94;196;273;182;174;5983
210920;458;0;0;4;0;1;0;0;1;1;3;1;2;471
210923;464;4;6;80;7;3;6;2;5;1;0;1;1;580
210927;542;0;0;1;0;0;1;0;0;0;1;1;0;546
210930;701;13;35;43;42;4;5;24;14;7;18;4;1;911
210940;340;4;1;0;0;0;1;5;1;0;1;1;0;354
210945;1731;61;39;40;9;11;23;56;40;57;44;30;23;2164
210950;1488;128;215;144;22;37;32;32;31;34;50;37;19;2269
210955;664;8;29;16;14;13;8;4;14;21;19;5;6;821
210960;2641;229;275;227;71;68;98;131;136;52;140;83;28;4179
210970;719;40;87;23;6;2;25;15;26;7;42;13;25;1030
210975;283;1;0;1;0;0;0;0;2;2;0;1;0;290
210980;1426;167;19;32;7;8;9;21;20;276;21;5;4;2015
210990;10403;211;272;609;110;114;231;209;309;248;423;459;355;13953
211000;3550;25;29;27;7;8;36;29;26;19;48;39;26;3869
211003;1780;56;62;89;11;10;10;15;16;2;18;9;13;2091
211010;1013;1;4;2;4;1;6;2;5;19;5;0;8;1070
211020;1397;19;16;25;7;26;17;31;50;27;37;31;13;1696
211023;383;0;2;2;0;0;3;3;2;0;1;1;0;397
211027;620;16;2;8;3;1;0;74;4;0;2;1;3;734
211030;1246;21;6;12;16;6;13;19;23;16;16;21;17;1432
211040;715;4;1;2;1;0;5;8;2;3;2;2;0;745
211050;1223;7;2;22;7;2;34;12;5;3;6;6;2;1331
211060;861;12;38;21;12;5;10;15;9;16;32;19;8;1058
211065;730;13;14;81;6;16;22;5;22;24;24;13;24;994
211070;1252;80;64;69;3;13;14;2;15;15;32;9;14;1582
211080;315;1;3;0;0;1;2;7;4;1;3;6;4;347
211085;648;7;6;5;1;0;6;9;8;15;10;3;8;726
211090;544;2;1;0;1;0;0;0;6;4;1;0;0;559
211100;865;13;14;30;15;87;16;17;6;5;3;3;0;1074
211102;33;4;1;0;0;0;0;0;0;3;1;1;0;43
211105;699;2;4;8;0;4;2;0;0;0;1;3;5;728
211107;425;7;6;2;1;15;14;1;10;2;0;5;2;490
211110;2243;37;31;43;14;29;48;28;43;36;43;30;11;2636
211120;17297;871;401;421;259;391;518;483;464;403;419;515;347;22789
211125;226;0;0;0;0;0;0;0;4;0;4;0;2;236
211130;346211;8084;8051;7554;5712;6592;7746;8009;10431;8838;9200;8422;6073;440923
211140;931;9;6;4;0;3;2;3;0;0;0;4;0;962
211150;1942;33;42;34;6;23;31;43;16;42;45;31;25;2313
211153;658;52;11;8;4;3;5;8;3;10;8;9;4;783
211157;308;3;92;22;3;4;2;7;10;2;0;6;5;464
211160;2598;49;89;313;117;42;27;95;69;113;58;34;56;3660
211163;277;0;0;3;0;0;1;0;0;0;0;0;0;281
211167;277;0;0;0;0;0;0;0;0;0;0;0;0;277
211170;757;1;3;13;3;0;1;3;0;7;4;1;3;796
211172;416;23;7;20;0;1;0;0;0;1;0;0;0;468
211174;358;5;1;4;6;3;0;3;2;1;1;0;6;390
211176;890;7;9;7;1;2;4;7;10;9;5;9;5;965
211178;547;0;1;3;1;0;0;0;0;0;0;0;0;552
211180;986;200;77;279;41;46;21;18;75;17;11;2;7;1780
211190;462;4;9;30;1;0;3;9;2;2;7;1;0;530
211195;261;6;4;1;3;0;6;0;8;1;1;0;2;293
211200;1727;131;158;73;39;48;183;53;40;53;189;47;49;2790
211210;1270;11;8;5;2;3;2;11;5;3;2;5;1;1328
211220;14011;308;904;718;154;185;369;464;374;517;386;305;231;18926
211223;1870;48;39;20;2;7;7;18;8;34;9;18;8;2088
211227;320;12;1;11;2;0;0;0;0;1;0;0;1;348
211230;537;41;16;22;25;13;16;80;33;10;12;18;6;829
211240;1410;2;0;0;0;2;0;0;2;3;2;5;3;1429
211245;599;28;6;50;1;1;0;4;3;0;4;7;0;703
211250;3375;61;33;55;24;22;9;41;76;101;124;42;49;4012
211260;1850;30;31;217;17;32;23;79;29;37;27;24;20;2416
211270;2305;31;50;33;7;8;12;19;19;15;31;16;39;2585
211280;1967;164;43;350;24;34;19;24;60;22;37;18;13;2775
211285;980;168;84;36;32;17;15;23;56;73;103;73;20;1680
211290;1472;18;9;6;0;1;5;7;8;9;12;12;11;1570
211300;1978;14;54;43;7;10;7;9;18;13;9;86;30;2278
211400;3041;38;22;14;5;5;13;9;21;6;43;31;13;3261
220005;297;0;1;4;2;1;1;3;1;0;1;0;0;311
220010;50;1;1;2;0;1;5;0;2;2;2;1;1;68
220020;1416;219;181;45;35;63;16;18;36;49;58;43;25;2204
220025;263;14;2;4;1;2;3;3;1;0;0;1;0;294
220027;288;9;3;16;0;1;1;0;1;1;0;0;1;321
220030;769;9;18;11;2;0;4;1;11;3;8;18;6;860
220040;2744;177;113;360;66;32;67;96;67;41;48;30;39;3880
220045;386;7;1;7;1;2;1;21;2;0;1;2;1;432
220050;775;7;15;14;30;39;15;24;31;20;28;28;5;1031
220060;315;24;28;5;8;2;0;0;2;3;4;1;2;394
220070;361;16;9;61;7;1;4;5;1;0;2;1;1;469
220080;408;2;5;19;9;60;5;15;10;9;2;3;1;548
220090;309;11;45;11;5;2;4;2;17;1;0;0;0;407
220095;168;5;1;8;0;0;0;0;0;3;0;0;0;185
220100;288;1;5;1;8;0;1;4;3;0;2;0;0;313
220105;334;5;0;2;0;0;0;0;9;0;0;0;0;350
220110;481;14;7;3;2;2;1;0;0;0;1;1;1;513
220115;2246;151;327;287;58;100;123;101;163;146;232;124;86;4144
220117;200;16;7;7;7;2;3;0;6;5;0;0;0;253
220120;2637;26;31;46;3;6;8;8;32;18;14;14;14;2857
220130;237;10;6;4;4;7;13;11;4;10;14;13;12;345
220140;452;39;23;5;1;2;1;13;3;5;14;3;4;565
220150;1105;9;54;19;2;1;9;4;6;7;4;4;4;1228
220155;227;2;7;0;0;6;2;47;9;0;3;0;0;303
220157;191;6;0;14;0;1;1;4;0;5;3;0;2;227
220160;503;10;80;14;0;11;8;3;3;4;2;10;6;654
220170;277;10;3;1;2;2;0;0;1;3;0;0;1;300
220173;312;1;0;1;1;0;0;0;0;0;0;3;0;318
220177;342;3;10;8;1;2;0;2;0;0;0;1;1;370
220180;174;5;2;16;2;0;1;0;2;0;0;1;1;204
220190;3557;62;80;118;55;46;77;77;77;101;135;115;101;4601
220191;452;2;18;15;6;1;1;1;0;0;0;0;13;509
220192;115;1;0;3;0;0;1;1;1;1;1;2;1;127
220194;285;1;2;15;2;0;19;8;2;9;0;1;0;344
220196;365;10;8;18;9;1;20;17;1;3;16;0;1;469
220198;230;0;1;0;0;0;0;0;0;0;0;6;0;237
220200;1049;18;174;69;4;11;10;35;16;12;16;8;9;1431
220202;315;6;1;1;1;1;1;1;2;1;0;0;6;336
220205;495;9;9;8;3;22;2;2;10;3;3;5;0;571
220207;260;5;3;6;3;1;0;2;0;0;0;0;0;280
220208;877;21;18;18;2;0;4;2;13;12;16;51;42;1076
220209;191;36;23;14;2;2;6;7;3;4;1;1;0;290
220210;28;0;1;0;1;1;0;0;0;0;0;0;0;31
220211;274;5;1;2;2;1;3;1;1;0;1;1;0;292
220213;298;1;4;1;1;0;2;5;2;1;0;0;0;315
220217;259;1;3;2;4;1;0;0;0;0;0;0;0;270
220220;4218;70;63;91;24;22;30;56;84;86;88;89;41;4962
220225;248;40;10;11;11;8;1;1;1;3;0;1;2;337
220230;1610;204;168;156;195;253;71;217;71;62;30;4;11;3052
220240;623;0;6;2;2;1;1;3;17;1;8;0;2;666
220245;204;2;0;0;0;5;0;1;0;0;0;0;0;212
220250;485;5;10;37;3;0;0;10;3;2;1;0;8;564
220253;243;45;19;25;2;3;10;5;15;0;2;3;3;375
220255;350;46;9;5;17;12;35;30;16;3;30;1;1;555
220260;1060;23;17;12;1;3;5;41;4;8;6;16;2;1198
220265;359;2;14;5;2;7;2;1;6;2;2;2;0;404
220270;1162;10;14;9;3;1;5;5;8;10;10;10;4;1251
220271;291;4;7;2;1;4;4;6;0;0;3;2;3;327
220272;274;1;8;45;0;36;3;2;0;0;0;0;0;369
220273;207;1;13;34;6;0;5;8;3;2;0;0;0;279
220275;325;2;1;2;0;0;0;1;4;2;1;2;1;341
220277;369;8;5;1;4;3;2;2;2;1;0;0;2;399
220280;202;1;3;0;0;1;0;0;0;1;0;0;0;208
220285;314;2;3;4;2;6;1;0;1;7;3;4;1;348
220290;2387;96;275;90;30;28;112;180;390;221;193;857;253;5112
220300;371;10;0;1;0;1;0;9;1;1;0;1;4;399
220310;651;8;11;9;4;1;0;4;10;4;7;4;2;715
220320;671;16;4;12;12;23;26;5;13;6;8;2;7;805
220323;532;7;6;31;11;3;19;9;19;18;18;53;9;735
220325;159;4;23;3;0;0;0;1;0;0;0;1;0;191
220327;319;9;2;2;1;1;11;4;33;3;0;0;0;385
220330;1091;33;32;21;5;6;8;26;61;20;23;5;14;1345
220335;349;1;1;2;0;2;0;3;2;2;1;2;0;365
220340;352;4;0;4;1;4;0;0;3;4;6;1;1;380
220342;176;5;2;4;1;0;1;0;0;0;0;0;0;189
220345;276;5;3;5;0;2;3;3;3;11;35;49;58;453
220350;1030;22;24;163;11;3;32;5;41;12;10;22;10;1385
220360;283;1;3;3;0;0;0;2;0;13;0;2;2;309
220370;2733;32;96;80;10;6;13;23;44;35;52;45;31;3200
220375;268;3;1;2;2;1;3;1;3;0;0;0;0;284
220380;295;1;1;0;3;1;11;0;0;2;1;1;0;316
220385;187;0;1;0;1;0;1;0;1;0;0;0;0;191
220390;10088;242;280;251;116;121;149;166;141;270;341;331;211;12707
220400;195;25;5;18;1;0;2;3;1;23;4;0;0;277
220410;254;2;13;5;9;4;12;7;4;0;1;0;0;311
220415;178;1;6;2;0;0;0;4;0;3;1;0;0;195
220420;363;12;0;3;1;0;0;1;0;1;0;1;1;383
220430;564;5;10;18;4;4;1;2;4;14;1;7;1;635
220435;231;7;7;8;0;0;4;1;2;5;1;0;0;266
220440;858;13;10;10;6;3;20;5;25;24;8;5;20;1007
220450;863;54;34;55;12;7;7;6;10;3;35;11;0;1097
220455;243;1;0;0;0;0;1;1;1;1;0;0;0;248
220460;209;3;12;0;1;1;0;2;1;0;0;2;2;233
220465;442;3;5;2;2;2;17;3;4;6;3;2;2;493
220470;690;17;8;5;7;3;4;11;15;4;6;6;6;782
220480;363;3;2;1;0;0;0;0;6;0;1;0;0;376
220490;301;0;2;3;0;0;0;3;2;1;0;0;2;314
220500;431;2;43;20;3;1;7;3;1;0;5;1;1;518
220510;157;4;10;3;0;0;35;58;12;4;1;3;2;289
220515;307;0;2;2;0;2;0;1;1;0;4;0;0;319
220520;727;105;130;47;8;5;4;5;17;14;9;9;11;1091
220525;160;31;22;15;2;1;7;0;2;1;0;1;1;243
220527;242;1;0;0;0;0;0;1;1;1;0;0;1;247
220530;434;9;8;5;5;0;0;5;1;0;6;16;0;489
220535;239;8;9;4;1;7;7;18;9;0;0;0;2;304
220540;496;17;102;14;6;4;1;3;7;9;5;16;1;681
220545;176;0;0;0;0;0;0;2;0;0;0;0;0;178
220550;2157;37;147;51;13;36;39;32;80;25;28;36;22;2703
220551;364;38;35;15;6;2;4;35;10;59;32;18;10;628
220552;397;7;5;2;2;3;1;1;3;2;1;0;1;425
220553;144;0;3;3;0;1;0;0;14;0;2;0;0;167
220554;188;4;30;3;6;0;1;0;8;4;1;0;2;247
220555;438;9;19;4;1;2;3;8;4;4;9;1;1;503
220556;928;38;12;22;7;22;13;52;29;24;16;25;7;1195
220557;342;1;0;1;1;0;1;0;0;1;3;2;0;352
220558;282;10;36;18;0;25;5;4;0;1;11;38;4;434
220559;219;9;21;7;2;0;1;2;0;1;0;0;0;262
220560;301;30;17;13;0;3;4;9;10;4;14;7;16;428
220570;2217;50;50;94;21;11;18;42;74;48;48;25;23;2721
220580;1170;13;6;13;0;2;1;9;1;1;4;5;3;1228
220585;319;1;4;7;0;0;1;0;2;1;0;0;1;336
220590;213;4;0;3;0;1;2;2;3;4;1;2;1;236
220595;459;6;27;11;5;6;0;10;24;15;7;15;1;586
220600;310;4;8;2;1;0;1;1;2;1;1;1;1;333
220605;277;25;8;14;2;4;8;2;10;0;1;1;0;352
220610;546;6;7;1;0;0;0;1;1;1;0;3;2;568
220620;1130;9;120;25;10;24;28;16;34;17;5;6;4;1428
220630;165;9;12;15;23;10;4;6;4;9;0;0;0;257
220635;348;14;23;6;5;4;5;0;7;1;0;0;3;416
220640;672;13;23;24;9;2;5;12;6;13;4;22;5;810
220650;26;4;2;0;0;0;0;0;2;0;0;1;1;36
220660;850;20;83;57;10;9;43;66;63;38;30;34;15;1318
220665;257;1;1;0;1;0;1;5;9;1;1;0;0;277
220667;366;5;5;20;3;1;0;3;3;3;2;5;0;416
220669;452;2;4;7;2;1;1;7;3;4;0;0;4;487
220670;450;10;5;8;4;1;10;1;2;21;1;5;3;521
220672;1185;35;37;20;10;8;23;19;15;17;36;29;25;1459
220675;235;1;0;0;0;0;0;0;0;0;0;0;0;236
220680;185;1;0;0;0;0;0;0;1;0;0;1;2;190
220690;329;1;2;0;0;0;4;0;0;0;0;3;1;340
220695;138;0;0;0;2;5;0;1;1;0;0;0;0;147
220700;3150;72;41;61;46;23;32;31;95;62;66;55;45;3779
220710;136;5;1;0;0;0;0;0;0;0;0;0;0;142
220720;403;13;6;9;6;0;0;1;2;1;3;2;5;451
220730;159;0;0;0;0;0;2;0;0;2;0;0;0;163
220735;207;5;15;3;9;4;2;0;1;3;0;0;0;249
220740;218;2;3;6;6;2;2;2;5;1;7;12;4;270
220750;595;4;6;7;2;0;0;1;2;1;2;1;4;625
220755;204;69;61;10;5;4;1;1;2;48;0;0;0;405
220760;529;12;4;22;10;17;8;8;4;4;5;13;3;639
220770;22671;675;724;720;193;205;329;304;549;471;518;591;491;28441
220775;212;0;2;1;1;1;0;1;0;0;0;3;0;221
220777;275;8;1;1;0;1;0;0;1;0;1;0;0;288
220779;123;6;0;1;0;0;0;1;14;7;0;2;1;155
220780;1297;19;48;35;7;6;6;1;18;15;23;10;13;1498
220785;216;4;13;4;1;1;0;0;5;2;3;0;0;249
220790;2020;323;38;196;15;12;8;30;52;27;46;42;23;2832
220793;196;7;0;7;2;1;3;1;0;0;1;0;0;218
220795;186;0;0;0;0;1;0;0;0;0;0;0;0;187
220800;14337;473;417;668;106;301;180;229;590;318;431;350;209;18609
220810;393;5;115;11;6;1;4;3;4;16;9;0;2;569
220820;614;20;58;133;2;3;16;31;8;9;4;9;1;908
220830;1894;33;53;45;11;6;4;13;35;40;58;30;14;2236
220840;6322;246;367;144;49;236;248;186;141;165;156;137;82;8479
220850;531;4;1;10;1;11;1;2;1;2;4;1;0;569
220855;159;1;28;10;3;0;0;2;7;0;0;0;0;210
220860;154;5;3;5;2;2;1;5;1;0;0;2;0;180
220865;431;90;46;42;5;19;12;31;26;9;22;24;71;828
220870;412;23;12;12;0;3;0;2;29;3;1;2;2;501
220880;1168;14;25;7;10;14;9;43;43;27;46;37;15;1458
220885;275;9;2;1;0;1;0;1;2;0;0;0;1;292
220887;254;1;21;8;2;0;1;5;1;1;0;5;1;300
220890;458;174;75;163;11;19;40;12;47;23;66;21;8;1117
220900;336;0;2;1;0;3;2;4;3;9;1;0;0;361
220910;409;6;5;0;3;3;2;1;2;5;0;0;1;437
220915;259;1;1;1;5;1;1;1;3;3;1;3;0;280
220920;527;7;33;72;16;14;21;57;10;43;63;19;19;901
220930;383;6;11;6;1;1;1;1;9;2;7;8;1;437
220935;199;0;0;0;1;0;0;0;0;0;0;0;0;200
220937;226;1;21;4;2;0;1;0;6;1;1;2;0;265
220940;386;9;14;13;2;5;3;3;5;6;12;0;0;458
220945;80;1;34;1;0;0;0;0;0;2;0;0;0;118
220950;240;0;4;24;5;1;1;3;0;0;4;0;6;288
220955;213;0;2;2;4;4;1;0;0;1;2;0;0;229
220960;111;60;68;3;1;0;3;0;1;0;0;0;2;249
220965;298;5;0;0;0;4;1;2;0;0;1;1;9;321
220970;295;3;54;6;1;0;4;2;5;2;0;1;0;373
220975;629;27;24;0;0;4;8;54;4;6;0;0;0;756
220980;280;2;2;1;7;0;1;7;16;5;5;3;0;329
220985;254;2;10;8;3;1;1;2;1;0;0;0;1;283
220987;330;4;4;4;0;2;2;0;1;0;0;0;0;347
220990;291;9;7;14;2;0;0;0;5;0;4;2;2;336
220995;202;6;0;1;0;0;0;0;0;0;0;0;0;209
220997;313;1;1;34;7;0;1;11;0;1;1;0;1;371
221000;3010;82;216;241;124;83;145;265;384;225;212;203;151;5341
221005;304;4;2;0;1;1;0;2;6;0;4;0;0;324
221010;275;3;10;1;5;2;2;11;17;4;3;0;0;333
221020;299;5;6;3;1;1;1;2;0;0;0;1;0;319
221030;295;0;0;3;7;1;4;0;1;5;2;0;0;318
221035;257;0;0;16;2;1;0;0;0;0;1;0;1;278
221037;141;1;0;1;0;0;1;0;8;0;0;0;0;152
221038;195;12;22;8;4;3;8;3;2;0;0;2;0;259
221039;180;1;0;0;0;2;12;3;1;1;0;1;0;201
221040;627;202;154;30;11;16;8;175;90;33;20;14;25;1405
221050;645;8;9;2;3;2;0;7;18;3;3;2;1;703
221060;3233;69;110;59;56;35;38;52;129;74;78;42;39;4014
221062;290;0;1;0;0;0;0;0;2;1;0;0;5;299
221063;715;35;12;28;7;6;8;17;41;37;24;34;7;971
221065;275;5;6;0;5;0;0;2;3;0;0;0;0;296
221070;715;20;15;9;1;1;47;5;7;4;9;14;11;858
221080;1201;126;48;164;23;72;60;8;12;8;39;58;21;1840
221090;212;0;0;0;0;0;0;1;0;0;0;0;0;213
221093;287;101;3;44;8;6;7;5;8;8;4;3;3;487
221095;211;1;0;22;4;0;1;0;2;0;1;0;0;242
221097;199;1;18;1;1;1;0;0;3;0;2;1;0;227
221100;276877;6580;10061;6173;2060;2210;3302;3705;5595;5680;6747;5994;4567;339551
221110;4714;69;204;101;22;23;1198;423;107;268;111;28;21;7289
221120;4090;96;162;206;82;68;110;101;194;205;206;146;87;5753
221130;1774;30;32;22;11;7;9;5;43;32;21;17;20;2023
221135;188;2;2;0;1;1;1;3;3;1;2;0;0;204
221140;202;2;0;3;4;0;0;1;1;0;0;0;1;214
221150;113;0;0;0;0;0;0;0;0;0;0;0;0;113
221160;155;5;34;13;1;0;0;1;0;0;5;0;1;215
221170;178;0;0;0;0;0;0;3;3;0;0;0;0;184
230010;756;9;51;25;12;5;7;15;13;4;3;2;3;905
230015;1818;157;262;100;51;69;137;81;42;32;37;41;42;2869
230020;3774;736;408;78;31;44;26;50;417;47;62;84;29;5786
230030;2810;29;42;29;5;33;45;31;60;36;14;21;11;3166
230040;922;83;263;4;0;0;2;0;0;1;1;1;0;1277
230050;696;35;20;240;5;5;10;228;9;2;0;4;5;1259
230060;702;17;22;17;4;2;0;3;1;2;1;1;1;773
230070;1036;231;148;39;17;34;93;9;32;30;73;17;9;1768
230075;2779;385;88;61;30;145;49;32;240;112;123;32;17;4093
230080;635;6;2;6;2;5;3;7;5;3;6;1;0;681
230090;906;36;34;18;3;0;1;16;44;14;7;4;4;1087
230100;17913;521;481;633;279;320;246;438;511;468;562;663;690;23725
230110;10616;309;286;235;77;103;256;239;400;276;310;326;337;13770
230120;1939;398;675;211;120;48;29;59;119;21;37;27;22;3705
230125;708;56;81;40;45;1;11;2;8;2;3;2;12;971
230130;1211;44;52;12;19;7;7;3;12;8;3;3;2;1383
230140;743;8;91;25;2;1;5;1;2;15;7;2;0;902
230150;370;4;68;46;4;3;8;2;127;0;1;0;2;635
230160;1277;233;32;32;13;11;9;17;5;13;9;2;9;1662
230170;1572;120;191;28;9;51;60;41;84;29;6;16;18;2225
230180;640;15;77;4;10;1;2;10;0;1;0;2;0;762
230185;1476;50;31;41;36;16;4;29;13;17;15;18;8;1754
230190;10045;319;340;237;174;76;155;153;141;267;247;283;156;12593
230195;1087;160;64;23;19;24;5;26;179;10;5;20;17;1639
230200;1317;41;128;29;8;23;6;21;191;7;7;7;16;1801
230205;912;78;31;6;5;4;7;5;9;2;7;4;1;1071
230210;3126;62;122;70;12;55;57;48;28;30;39;31;41;3721
230220;4832;171;347;131;72;108;105;268;295;155;210;137;110;6941
230230;1671;69;68;165;12;23;45;45;25;19;31;19;16;2208
230240;3170;204;250;52;31;23;21;79;167;44;69;44;23;4177
230250;5959;163;145;418;33;78;93;104;190;247;115;190;260;7995
230260;5635;161;117;79;45;32;112;103;110;284;116;82;70;6946
230270;1759;56;79;29;18;5;20;11;9;12;11;9;20;2038
230280;6977;289;223;160;110;67;200;119;161;156;148;131;86;8827
230290;986;46;220;16;44;16;33;157;46;23;23;7;9;1626
230300;897;96;25;28;8;10;5;14;44;5;7;3;8;1150
230310;1266;271;28;88;26;23;27;11;31;20;16;11;12;1830
230320;1815;123;27;10;1;14;10;7;4;6;8;13;8;2046
230330;792;7;78;2;0;2;51;5;26;13;3;4;3;986
230340;990;103;60;17;32;30;16;10;6;1;3;2;1;1271
230350;7279;1577;1061;214;180;124;721;182;191;309;256;311;224;12629
230360;521;348;104;9;6;10;4;11;13;0;1;1;1;1029
230365;661;19;103;10;1;1;0;4;12;3;0;0;1;815
230370;39299;1818;1346;1198;439;470;855;1324;1530;1435;1395;1295;978;53382
230380;1358;55;16;7;24;31;15;20;15;19;6;12;19;1597
230390;1020;602;18;18;5;6;4;8;3;7;20;4;4;1719
230393;613;124;171;31;9;105;21;32;39;1;5;1;4;1156
230395;1471;35;226;99;9;15;21;46;23;77;70;36;24;2152
230400;1177;156;178;162;22;72;26;43;25;8;6;21;7;1903
230410;5750;898;203;282;67;67;77;86;98;100;155;126;69;7978
230420;17877;404;663;875;200;102;191;388;505;431;486;479;213;22814
230423;778;67;71;15;2;11;17;60;22;0;11;6;6;1066
230425;1735;323;415;56;9;11;20;21;64;35;39;52;43;2823
230426;562;71;49;20;15;9;12;31;20;20;11;5;8;833
230427;503;12;21;7;1;7;3;2;1;4;1;2;0;564
230428;40121;1650;1394;1284;857;833;922;1334;1572;1444;1773;1546;990;55720
230430;1146;37;168;13;12;4;5;8;39;6;9;41;3;1491
230435;2092;295;162;153;9;71;52;49;51;74;102;55;50;3215
230440;774169;31995;32818;24264;9142;10191;13378;16927;20929;22968;26180;24505;19192;1026658
230445;1274;289;217;35;20;4;15;23;21;12;28;62;30;2030
230450;2939;401;309;67;25;22;23;124;125;134;299;104;50;4622
230460;569;52;15;9;16;6;1;2;99;3;1;3;1;777
230465;725;6;94;5;2;0;4;3;15;1;4;4;2;865
230470;2357;53;100;185;28;742;45;159;22;44;41;39;9;3824
230480;304;102;151;35;14;8;15;133;64;2;2;1;0;831
230490;721;91;34;17;0;4;8;11;16;5;5;2;8;922
230495;1958;32;74;35;16;11;18;34;19;21;21;11;18;2268
230500;2761;31;37;61;12;16;34;12;30;27;43;16;39;3119
230510;848;6;41;19;3;2;13;29;17;6;5;5;0;994
230520;236;5;6;5;2;0;0;0;5;11;10;4;2;286
230523;17710;440;420;521;56;71;148;357;761;1086;773;677;267;23287
230526;780;85;18;16;12;50;27;10;19;8;5;7;22;1059
230530;1529;23;118;98;30;6;7;22;27;22;10;3;9;1904
230533;814;36;97;24;46;29;22;17;23;6;2;4;6;1126
230535;2967;54;377;81;32;121;266;393;575;268;115;233;47;5529
230540;3906;172;517;83;88;27;94;69;65;48;52;51;27;5199
230550;13500;793;948;405;119;120;226;869;416;293;356;316;200;18561
230560;1541;23;21;26;21;11;3;18;35;18;5;8;8;1738
230565;739;61;22;44;36;5;17;25;13;10;3;4;1;980
230570;942;13;22;9;2;2;24;14;5;7;3;5;2;1050
230580;3260;58;129;242;28;15;22;10;40;40;34;36;35;3949
230590;1897;446;46;70;15;3;13;243;52;10;6;14;201;3016
230600;772;121;55;23;11;3;4;6;21;17;9;5;2;1049
230610;1739;363;49;18;17;17;10;22;32;17;10;20;6;2320
230620;607;16;46;15;4;5;12;12;27;2;2;3;1;752
230625;5246;372;465;163;171;316;140;272;322;205;191;185;140;8188
230630;4641;665;127;89;10;69;47;63;69;41;37;78;124;6060
230640;11454;1024;1419;479;96;615;106;198;253;438;483;495;101;17161
230650;813;153;150;25;2;3;2;2;141;3;3;4;0;1301
230655;2603;90;159;124;26;12;17;95;119;31;21;35;8;3340
230660;870;95;240;14;3;8;1;8;107;3;2;2;0;1353
230670;1020;6;11;6;19;57;15;47;12;5;48;6;7;1259
230680;806;124;115;25;13;9;15;12;7;6;6;4;8;1150
230690;2856;262;249;126;11;18;68;49;105;44;102;111;34;4035
230700;3318;79;78;63;57;39;43;46;33;49;105;17;45;3972
230710;1528;66;20;14;27;29;9;34;42;10;15;6;2;1802
230720;645;27;23;12;28;14;3;1;5;1;3;0;2;764
230725;3480;230;173;169;9;12;19;12;72;195;274;177;246;5068
230730;46618;5413;1727;1462;765;446;638;1089;1057;1198;1559;1392;983;64347
230740;1510;176;44;52;19;13;6;26;176;6;14;31;15;2088
230750;1567;51;22;31;27;36;10;12;15;21;12;9;4;1817
230760;7340;263;287;298;142;303;304;318;531;430;426;354;382;11378
230763;1213;20;10;140;7;11;9;13;6;7;8;26;4;1474
230765;62102;1836;2038;1783;817;1093;1284;1627;1803;2377;2592;2807;2149;84308
230770;14831;1311;634;398;87;147;127;255;445;309;486;401;279;19710
230780;3364;141;175;104;14;22;28;78;34;65;56;152;153;4386
230790;826;10;12;6;5;3;8;27;2;7;5;3;1;915
230800;2289;59;107;60;29;22;21;38;31;37;36;43;23;2795
230810;2633;44;171;39;35;50;27;18;11;34;21;26;32;3141
230820;895;89;53;18;17;11;10;23;70;4;8;19;11;1228
230830;1658;174;194;65;168;128;122;136;103;147;99;88;37;3119
230835;588;59;75;21;22;6;24;27;27;8;2;4;8;871
230837;867;113;49;6;2;2;8;10;15;3;1;1;0;1077
230840;2745;56;57;280;32;15;36;52;144;25;57;24;25;3548
230850;2684;74;39;28;18;30;20;17;36;22;23;35;16;3042
230860;1228;2;16;3;2;1;4;6;1;8;6;2;1;1280
230870;7856;330;428;305;122;90;92;170;567;506;497;349;117;11429
230880;602;33;89;8;8;3;2;5;8;1;6;0;0;765
230890;768;241;300;33;7;18;9;31;29;11;10;1;4;1462
230900;853;300;93;10;5;6;2;5;25;3;2;1;2;1307
230910;652;154;76;55;21;11;13;16;44;4;3;14;4;1067
230920;1446;55;36;20;12;37;10;19;19;13;24;15;12;1718
230930;2013;253;408;107;61;47;51;47;64;31;27;37;32;3178
230940;1423;28;62;48;11;2;15;19;15;14;15;13;10;1675
230945;1230;481;128;80;34;24;23;310;110;18;32;16;6;2492
230950;830;73;10;7;8;1;17;7;0;3;3;3;2;964
230960;7433;894;307;426;86;121;99;121;219;208;318;240;216;10688
230970;6718;279;375;183;82;79;68;186;365;197;299;299;189;9319
230980;908;22;60;20;11;9;4;10;23;2;8;3;9;1089
230990;405;15;30;18;1;25;27;1;6;11;3;0;0;542
231000;144;1;2;3;1;1;0;1;7;28;5;16;2;211
231010;640;120;86;21;6;22;12;15;6;7;3;12;2;952
231020;3349;213;249;76;31;14;121;40;282;62;134;42;24;4637
231025;4037;77;105;72;80;44;58;107;236;122;117;106;61;5222
231030;1879;3;3;9;3;0;2;5;4;1;7;2;1;1919
231040;661;8;9;1;0;3;0;2;7;1;18;1;0;711
231050;2915;294;829;654;77;139;254;88;135;37;33;33;24;5512
231060;758;9;6;2;1;2;1;2;1;2;6;0;3;793
231070;4271;99;81;81;65;49;82;40;32;54;51;80;84;5069
231080;3704;160;157;50;44;80;91;122;149;119;202;143;50;5071
231085;1436;334;598;250;35;26;25;36;54;30;19;26;23;2892
231090;960;12;102;2;20;7;116;1;15;19;3;3;2;1262
231095;443;12;230;107;3;13;7;3;5;0;0;0;3;826
231100;762;13;18;8;8;1;6;2;15;5;0;2;1;841
231110;892;53;13;116;17;33;1;10;4;1;11;7;1;1159
231120;621;50;76;20;8;16;1;23;11;3;0;0;2;831
231123;663;11;21;22;6;5;2;6;7;1;1;0;1;746
231126;1176;86;20;3;0;1;5;2;1;2;4;2;3;1305
231130;8233;197;428;201;66;57;92;122;184;167;137;214;98;10196
231135;864;137;79;32;9;13;11;16;52;13;10;9;11;1256
231140;11786;310;954;265;177;200;855;120;230;227;231;140;366;15861
231150;2871;284;484;218;50;30;59;140;197;331;382;282;141;5469
231160;2539;377;242;75;31;24;72;102;113;22;42;48;22;3709
231170;1404;54;124;16;15;10;17;10;14;5;3;4;0;1676
231180;10158;805;608;504;140;132;149;226;622;356;307;230;208;14445
231190;799;25;107;155;16;18;60;16;7;6;4;6;4;1223
231195;1541;38;59;16;10;4;19;0;8;2;0;0;4;1701
231200;1551;194;48;18;6;8;52;6;33;21;19;20;24;2000
231210;1193;23;112;22;14;23;12;13;23;0;0;2;4;1441
231220;3953;86;375;95;16;36;50;907;206;162;75;52;14;6027
231230;4140;100;193;92;33;24;51;71;32;52;41;46;85;4960
231240;12704;453;418;465;130;151;219;362;852;427;487;607;341;17616
231250;495;88;37;5;4;5;2;6;6;3;2;1;0;654
231260;739;23;24;18;8;5;1;11;8;3;19;9;8;876
231270;2813;282;179;98;32;55;47;293;324;176;210;50;18;4577
231280;423;12;1;2;1;0;0;0;2;0;1;1;48;491
231290;45066;982;1878;1167;318;593;880;662;1531;1776;1997;1555;788;59193
231300;1606;182;90;47;17;108;35;92;111;60;88;38;16;2490
231310;2382;56;110;49;14;15;39;26;49;35;50;51;27;2903
231320;1224;172;137;28;18;14;6;9;10;0;2;0;2;1622
231325;453;7;4;4;0;0;0;1;3;1;3;2;2;480
231330;4676;856;220;151;122;106;69;115;213;141;98;61;43;6871
231335;1231;18;41;49;38;5;3;7;23;2;6;6;5;1434
231340;8833;464;334;632;90;145;305;161;351;240;278;229;156;12218
231350;3233;330;112;76;58;299;35;53;44;62;58;68;123;4551
231355;864;40;166;5;0;6;5;4;47;4;1;1;5;1148
231360;2896;178;171;64;22;27;17;46;57;49;68;60;72;3727
231370;431;58;45;26;6;7;5;32;10;5;2;0;0;627
231375;1224;49;243;26;14;11;10;44;131;19;38;31;20;1860
231380;2548;37;80;217;7;5;10;156;295;33;11;10;16;3425
231390;1201;125;61;29;15;4;24;12;24;9;15;12;8;1539
231395;1508;265;232;28;18;8;28;18;10;10;14;14;33;2186
231400;2690;435;260;101;20;24;57;21;132;42;56;32;30;3900
231410;3036;67;40;42;7;20;8;8;17;17;25;17;18;3322
240010;954;22;52;22;3;5;34;10;10;18;15;16;10;1171
240020;5776;276;240;267;98;83;109;128;235;182;145;188;81;7808
240030;627;211;43;110;15;19;23;17;162;72;103;72;38;1512
240040;245;1;6;2;0;0;0;1;1;0;0;0;0;256
240050;912;9;73;23;5;3;4;5;29;8;8;2;9;1090
240060;177;3;1;6;3;1;0;0;0;2;0;0;1;194
240070;2767;86;562;44;29;14;50;94;66;128;42;58;35;3975
240080;461;13;20;8;5;2;1;7;5;12;15;9;21;579
240090;307;7;2;1;3;8;1;0;1;2;1;2;1;336
240100;3776;48;50;57;26;80;231;347;662;279;111;145;27;5839
240110;3009;114;81;104;128;50;46;160;75;60;60;77;66;4030
240120;2616;20;26;141;22;12;36;16;925;41;46;18;16;3935
240130;458;24;22;18;2;20;9;1;14;12;3;21;6;610
240140;2903;6;5;69;5;4;48;106;1051;219;51;18;18;4503
240145;4126;71;80;338;50;87;194;360;466;322;176;130;116;6516
240150;236;110;13;56;7;1;1;10;6;1;1;6;10;458
240160;348;11;57;28;6;27;1;16;13;4;2;1;1;515
240165;444;2;6;5;12;3;12;1;13;2;30;24;1;555
240170;408;86;11;83;8;7;1;9;7;3;5;3;6;637
240180;815;32;41;149;30;11;38;14;25;5;9;7;9;1185
240185;538;11;61;80;19;52;35;48;8;6;7;1;5;871
240190;202;71;17;58;2;6;7;12;11;1;0;0;1;388
240200;10052;286;544;280;124;86;128;170;174;164;230;284;189;12711
240210;639;4;4;6;3;0;0;10;15;0;3;4;1;689
240220;3347;653;91;185;44;50;31;66;547;96;126;93;99;5428
240230;1799;94;97;336;24;27;56;33;87;40;19;42;27;2681
240240;1203;35;46;17;25;11;13;15;23;38;28;10;22;1486
240250;683;45;127;0;20;11;2;5;20;79;40;61;118;1211
240260;5671;322;730;275;119;184;180;153;325;135;96;110;123;8423
240270;767;11;17;14;3;2;1;7;2;13;5;3;2;847
240280;304;19;2;12;0;2;0;0;0;0;0;0;1;340
240290;298;16;4;34;0;9;6;4;4;2;0;3;0;380
240300;923;18;19;30;55;7;5;11;12;15;14;5;27;1141
240310;5401;100;120;86;48;57;40;79;75;358;77;110;71;6622
240320;398;2;0;2;0;3;2;1;0;1;2;1;0;412
240325;42686;1791;1514;1663;661;898;1307;1801;1387;1250;1600;1309;1248;59115
240330;342;13;22;53;2;6;9;6;9;4;10;5;1;482
240340;543;11;3;0;4;3;2;3;7;7;2;6;5;596
240350;593;20;4;116;5;5;5;4;33;5;5;5;9;809
240360;2595;1307;216;118;88;74;108;89;109;141;165;156;59;5225
240370;458;3;2;5;4;0;0;1;9;1;2;1;3;489
240375;255;16;22;13;2;3;24;11;26;3;1;0;1;377
240380;598;31;11;8;17;8;4;4;5;5;6;11;4;712
240390;278;5;8;3;1;0;1;1;3;0;1;0;0;301
240400;205;4;4;1;0;0;0;0;1;0;0;0;1;216
240410;707;10;9;40;8;1;1;3;3;8;2;9;2;803
240420;3031;378;259;500;75;209;66;546;351;90;80;171;87;5843
240430;1284;67;30;55;32;15;151;46;73;172;72;28;14;2039
240440;1248;15;35;125;14;16;21;20;36;30;8;26;28;1622
240450;2975;414;337;109;17;13;12;25;24;21;25;10;22;4004
240460;612;110;69;95;29;6;23;12;25;17;9;13;4;1024
240470;1346;58;278;70;19;9;25;30;195;351;74;20;11;2486
240480;259;1;2;3;1;2;0;2;0;1;1;0;2;274
240485;785;31;30;55;7;10;14;16;19;16;18;15;9;1025
240490;353;1;6;1;1;2;3;2;1;2;0;1;2;375
240500;405;14;18;15;3;5;0;9;8;2;1;5;3;488
240510;867;144;19;120;16;8;10;45;74;124;77;31;10;1545
240520;682;10;35;15;5;4;5;2;8;11;9;2;2;790
240530;349;7;8;15;2;1;3;0;8;2;1;4;12;412
240540;324;6;3;2;1;3;3;3;4;2;1;0;1;353
240550;245;9;25;19;14;10;4;2;7;0;0;5;4;344
240560;1246;55;29;21;10;11;10;25;24;18;35;15;6;1505
240570;1549;66;63;48;11;13;14;50;23;20;32;25;37;1951
240580;2923;123;162;140;47;88;44;115;61;94;90;81;52;4020
240590;132;0;0;4;10;0;0;0;0;6;4;1;0;157
240600;387;9;10;9;3;5;0;1;1;0;1;0;0;426
240610;2232;265;64;89;33;30;68;66;87;50;43;215;19;3261
240615;286;5;6;55;6;3;1;8;27;1;0;0;0;398
240620;337;70;28;55;3;7;6;3;12;1;2;3;1;528
240630;231;159;19;136;7;4;4;10;3;15;3;1;2;594
240640;331;38;11;17;3;26;7;10;4;3;15;6;4;475
240650;1156;43;18;96;38;18;14;11;14;12;35;13;8;1476
240660;679;26;9;186;7;2;16;27;7;1;11;5;5;981
240670;871;24;45;56;16;9;2;11;7;21;8;58;12;1140
240680;363;1;0;8;20;8;0;1;1;0;1;1;0;404
240690;270;4;3;11;1;0;0;3;8;1;4;1;1;307
240700;446;3;29;4;11;0;1;6;12;1;0;3;2;518
240710;11403;377;581;277;118;236;166;275;295;294;332;373;198;14925
240720;3132;81;67;148;19;73;44;80;108;112;39;47;45;3995
240725;241;2;6;31;3;2;2;4;2;0;0;1;5;299
240730;322;5;7;12;0;1;2;6;1;2;0;0;0;358
240740;710;21;42;8;11;4;11;9;23;22;5;15;6;887
240750;1172;23;26;314;2;9;9;13;42;15;24;12;16;1677
240760;351;1;8;9;0;1;1;2;17;3;6;2;1;402
240770;653;65;22;18;8;14;24;11;17;6;12;6;16;872
240780;1712;34;298;18;25;15;59;37;22;11;31;7;32;2301
240790;292;12;6;6;3;0;3;4;2;0;2;0;0;330
240800;62300;1810;1970;1762;1013;1180;2323;2234;2561;2455;2283;2397;1612;85900
240810;286589;7920;6614;7466;3363;3868;5450;5009;6257;7689;7278;8027;5829;361359
240820;2373;372;109;116;30;73;37;46;107;69;51;34;33;3450
240830;2868;79;67;230;28;27;75;54;72;42;33;39;31;3645
240840;366;0;2;6;5;3;7;4;14;0;1;0;0;408
240850;467;4;12;7;3;0;3;1;6;4;2;1;3;513
240860;201;12;1;0;0;0;0;0;1;1;0;0;0;216
240870;308;5;7;1;19;0;5;1;2;0;0;0;0;348
240880;281;10;1;43;4;0;4;0;5;5;3;6;0;362
240890;3323;91;114;84;54;53;59;49;94;80;125;81;55;4262
240895;666;129;55;120;11;5;20;4;28;18;72;30;2;1160
240910;761;203;91;19;19;3;3;9;7;11;8;14;12;1160
240920;175;134;83;69;12;3;8;13;2;5;1;6;1;512
240930;649;235;202;32;9;6;12;14;22;22;22;11;14;1250
240933;444;23;15;7;16;13;10;17;29;9;7;6;10;606
240940;3984;74;119;87;13;30;41;76;43;81;61;68;60;4737
240950;875;68;62;131;46;115;95;35;97;103;86;57;106;1876
240960;292;18;10;11;6;12;22;3;8;0;2;0;0;384
240970;498;9;18;63;23;32;24;26;14;1;5;7;7;727
240980;1160;46;68;51;22;49;24;27;49;5;14;11;2;1528
240990;1812;183;290;188;46;19;44;55;24;33;106;38;55;2893
241000;228;0;0;2;1;0;0;0;0;0;0;0;0;231
241010;718;46;14;56;23;6;6;12;34;6;6;9;22;958
241020;468;0;16;9;1;2;9;0;0;6;3;4;1;519
241025;648;27;12;62;9;35;25;22;22;16;14;11;17;920
241030;581;12;13;14;1;3;1;6;11;9;9;9;9;678
241040;617;32;60;20;21;11;16;13;27;13;6;7;12;855
241050;208;1;0;3;1;19;10;1;4;0;0;3;2;252
241060;277;13;28;2;1;0;1;1;1;1;0;1;0;326
241070;245;2;3;2;0;1;2;8;3;0;1;0;0;267
241080;171;53;0;42;3;2;6;4;0;1;0;0;0;282
241090;359;17;4;15;17;8;3;1;4;5;5;12;3;453
241100;345;7;1;9;3;0;2;27;2;1;0;0;0;397
241105;773;56;13;50;12;6;20;30;43;6;21;21;32;1083
241110;285;16;3;6;2;0;3;12;1;17;1;1;0;347
241120;3505;108;97;219;31;69;48;54;86;74;73;62;38;4464
241140;727;31;14;30;15;5;4;10;7;7;6;3;6;865
241142;379;36;8;10;2;0;2;4;1;3;22;4;0;471
241150;1734;24;42;183;30;44;25;29;72;23;71;24;26;2327
241160;886;45;36;93;3;18;9;33;10;20;4;3;13;1173
241170;315;1;2;2;1;1;2;3;2;1;0;0;1;331
241180;430;14;6;11;5;0;1;4;7;3;1;2;6;490
241190;398;43;5;62;1;1;4;6;3;2;3;0;3;531
241200;15642;434;407;596;152;197;299;257;272;239;397;332;305;19529
241210;358;30;8;11;20;8;6;7;12;4;6;2;1;473
241220;5855;126;218;419;125;90;152;216;273;180;151;193;169;8167
241230;694;19;21;32;8;8;5;8;21;2;3;4;1;826
241240;950;53;78;35;7;45;3;12;8;19;66;49;50;1375
241250;1191;40;23;12;5;10;8;20;20;43;130;46;17;1565
241255;893;187;55;35;9;20;26;102;59;55;41;40;45;1567
241260;1228;104;65;127;20;8;18;13;12;20;8;36;57;1716
241270;309;76;9;4;2;1;2;9;6;2;0;0;7;427
241280;404;29;7;8;10;3;2;10;6;0;0;3;2;484
241290;685;8;16;99;16;9;4;5;38;9;5;4;1;899
241300;659;10;21;7;4;1;11;4;11;10;21;4;4;767
241310;35;5;1;4;7;0;1;1;2;0;0;0;0;56
241320;329;13;11;45;8;9;1;2;3;1;6;2;2;432
241330;336;53;17;45;11;6;5;16;2;2;11;4;2;510
241335;1191;116;116;240;15;65;61;76;57;82;86;52;23;2180
241340;840;4;41;20;1;2;9;4;14;11;22;7;1;976
241350;236;3;1;3;0;2;0;0;0;1;1;1;4;252
241355;275;3;0;1;1;0;0;0;0;0;0;0;0;280
241360;377;113;3;5;33;14;18;10;7;4;13;4;4;605
241370;291;24;16;4;7;4;13;21;7;4;5;4;0;400
241380;234;43;12;42;7;6;8;2;5;0;2;1;1;363
241390;733;12;13;11;10;12;7;11;28;13;14;13;16;893
241400;1094;24;64;37;11;41;28;16;13;25;14;11;20;1398
241410;490;1;3;1;1;0;3;13;3;14;1;9;2;541
241415;502;18;12;11;1;2;1;3;4;2;7;0;12;575
241420;3795;190;199;113;24;31;23;64;126;100;156;229;276;5326
241430;295;1;27;2;2;2;2;12;5;3;1;1;0;353
241440;2442;66;96;262;42;34;135;110;42;52;48;60;32;3421
241445;240;3;13;3;2;2;1;1;2;2;2;3;1;275
241450;753;71;28;23;13;10;7;11;28;7;9;5;6;971
241460;1237;13;8;7;3;37;45;76;192;154;55;43;5;1875
241470;350;14;7;33;4;2;1;1;2;1;4;2;4;425
241475;229;5;1;0;1;0;0;3;0;3;2;0;0;244
241480;688;152;11;71;10;6;9;13;27;3;8;5;7;1010
241490;152;15;11;8;1;0;0;0;0;0;0;0;0;187
241500;294;38;9;114;4;3;6;4;33;4;4;4;4;521
250010;744;26;11;17;5;2;1;7;4;7;3;4;1;832
250020;232;128;10;3;2;10;7;3;4;2;1;0;1;403
250030;1758;57;137;69;21;16;21;16;39;6;23;16;31;2210
250040;2458;25;73;62;62;33;11;12;62;91;32;32;24;2977
250050;696;90;17;101;7;5;8;11;11;1;10;7;0;964
250053;382;10;29;5;3;2;4;6;6;5;6;3;3;464
250057;28;1;0;0;0;0;0;0;0;0;0;4;1;34
250060;4169;97;101;102;44;37;259;54;222;83;266;155;141;5730
250070;1306;119;149;98;11;8;15;7;38;17;18;20;21;1827
250073;319;3;2;1;0;1;0;0;15;2;0;1;2;346
250077;460;33;28;23;17;10;19;21;63;8;10;10;11;713
250080;960;81;24;37;24;16;17;63;22;5;4;9;5;1267
250090;700;6;20;13;4;3;5;6;14;25;9;4;7;816
250100;1221;21;5;38;10;9;22;6;13;16;10;9;10;1390
250110;1607;37;82;42;17;34;23;24;53;20;42;40;14;2035
250115;246;15;1;3;4;0;1;0;7;3;1;1;0;282
250120;373;11;83;7;8;4;1;2;6;1;0;0;1;497
250130;1068;36;16;133;16;11;34;27;24;54;41;8;25;1493
250135;307;3;23;14;1;0;0;2;3;7;2;1;1;364
250140;502;64;12;292;12;7;11;25;7;3;4;3;12;954
250150;1488;26;141;49;31;8;20;6;5;90;27;12;11;1914
250153;345;7;5;7;6;1;7;4;3;1;1;2;0;389
250157;423;75;49;9;7;5;2;8;5;3;2;5;1;594
250160;700;79;36;94;12;10;10;24;12;5;2;5;2;991
250170;340;7;83;12;0;2;1;2;1;0;1;0;0;449
250180;8724;1127;937;422;669;147;1743;465;512;453;413;301;360;16273
250190;1169;281;240;43;12;21;8;81;13;17;11;8;14;1918
250200;466;11;15;29;0;4;4;6;2;4;1;2;4;548
250205;327;14;16;36;9;12;33;20;12;22;15;36;16;568
250210;319;12;18;47;6;3;8;3;5;1;2;2;0;426
250215;964;11;55;15;12;15;12;13;18;25;23;18;12;1193
250220;196;2;42;18;5;0;8;5;5;0;6;4;0;291
250230;362;4;25;8;1;0;2;2;4;1;0;0;0;409
250240;489;75;29;9;14;9;10;3;14;9;7;1;4;673
250250;1243;70;61;56;47;48;18;21;48;48;48;35;53;1796
250260;394;22;15;3;11;3;2;1;3;0;0;1;0;455
250270;304;38;28;18;16;14;4;4;11;7;0;1;2;447
250280;673;68;6;117;1;2;6;13;22;7;9;7;2;933
250290;375;3;1;1;5;1;5;0;0;0;1;0;0;392
250300;4195;99;84;108;35;34;35;100;1248;217;106;80;68;6409
250310;286;35;33;5;7;4;1;4;5;6;4;2;10;402
250320;20090;673;713;628;200;213;272;411;506;600;599;572;470;25947
250330;510;32;64;47;7;7;12;4;2;7;8;3;3;706
250340;309;10;9;13;1;17;6;0;0;0;0;0;0;365
250350;771;53;45;28;6;16;13;8;13;5;4;2;2;966
250355;414;16;7;15;4;5;2;18;14;4;1;4;5;509
250360;425;2;3;1;1;4;2;1;1;2;1;2;0;445
250370;8240;249;421;271;80;66;174;121;189;139;151;177;160;10438
250375;256;47;16;25;6;0;2;1;5;4;1;0;0;363
250380;583;10;26;6;20;1;2;2;4;13;10;2;2;681
250390;415;8;5;6;4;3;3;5;3;6;3;5;1;467
250400;102295;3322;3655;3403;968;1468;1786;2211;3538;3618;3476;5668;2174;137582
250403;501;33;20;46;18;11;12;8;47;2;1;3;4;706
250407;227;12;74;21;5;34;1;1;3;1;3;3;3;388
250410;245;2;0;0;1;2;0;0;0;0;1;0;0;251
250415;430;26;61;13;2;6;4;6;7;5;2;1;4;567
250420;397;8;15;4;2;3;1;13;7;0;1;0;2;453
250430;3263;178;76;97;26;25;31;45;73;49;97;101;100;4161
250435;428;3;36;9;2;2;0;1;4;2;0;2;2;491
250440;1158;26;42;57;15;13;23;33;28;9;24;21;15;1464
250450;369;3;16;23;4;2;9;9;21;2;2;7;0;467
250460;5723;205;559;178;56;73;133;181;235;249;201;263;204;8260
250470;386;8;18;9;6;7;11;20;35;5;1;1;2;509
250480;571;13;20;3;3;2;1;0;3;0;4;7;4;631
250485;175;4;16;4;6;1;2;3;1;0;0;0;0;212
250490;1397;27;21;14;5;5;2;24;56;294;15;16;4;1880
250500;444;6;3;27;7;6;11;3;7;4;1;5;0;524
250510;1320;34;46;55;36;13;52;33;56;15;25;22;3;1710
250520;452;26;20;39;3;5;4;8;6;5;6;1;1;576
250523;434;12;3;7;9;5;4;6;88;1;3;2;0;574
250527;403;6;1;15;3;2;0;6;1;4;1;1;1;444
250530;134;14;0;2;0;0;2;1;0;0;1;0;0;154
250535;321;50;18;12;16;8;1;1;7;5;3;1;1;444
250540;316;4;48;73;7;5;2;4;0;0;1;2;1;463
250550;300;15;2;14;4;1;6;3;4;1;0;3;2;355
250560;449;28;20;10;5;5;8;4;7;2;4;0;3;545
250570;508;4;12;20;4;26;5;1;3;3;4;3;3;596
250580;304;0;15;2;7;5;2;5;12;2;1;1;0;356
250590;235;18;52;11;3;0;2;1;8;0;1;1;0;332
250600;3481;362;315;196;29;37;46;644;84;69;85;72;54;5474
250610;581;11;7;16;12;14;5;13;4;6;6;10;7;692
250620;245;3;5;6;0;2;4;1;0;3;2;0;2;273
250625;439;4;1;2;6;2;0;0;1;1;2;0;0;458
250630;9617;313;292;347;107;166;142;129;186;174;238;269;170;12150
250640;291;4;20;4;1;0;28;17;7;6;7;24;1;410
250650;329;3;7;8;3;2;0;4;1;8;2;1;3;371
250660;297;25;13;4;2;0;6;17;5;3;5;0;0;377
250670;457;5;4;3;4;53;1;3;0;0;1;0;2;533
250680;1595;78;231;106;25;21;39;45;87;22;11;22;20;2302
250690;1760;297;116;48;17;13;14;45;62;39;30;33;13;2487
250700;2473;170;51;67;9;27;12;79;130;55;50;53;17;3193
250710;1282;49;32;167;29;11;45;24;157;16;10;7;11;1840
250720;819;28;48;64;10;34;9;18;16;10;18;24;8;1106
250730;995;70;45;216;11;11;5;18;35;22;15;11;5;1459
250740;516;7;20;11;0;2;3;39;17;7;0;1;1;624
250750;276180;8116;8962;6827;3288;3494;3856;4557;6163;6706;6986;9073;5630;349838
250760;391;15;52;44;9;4;8;9;1;17;0;0;29;579
250770;1331;15;22;29;8;9;15;24;23;15;16;9;12;1528
250780;599;7;17;12;1;4;5;19;15;4;5;14;6;708
250790;1099;13;17;17;8;18;5;5;189;185;37;6;2;1601
250800;457;4;4;6;1;8;1;1;2;4;3;1;1;493
250810;386;9;27;0;1;8;11;5;9;2;5;1;3;467
250820;522;40;40;16;12;7;6;4;8;5;1;2;0;663
250830;1825;35;39;107;17;36;16;29;38;28;53;39;16;2278
250840;202;1;6;67;3;4;4;1;0;0;2;2;0;292
250850;446;1;27;8;3;5;0;0;3;2;3;0;1;499
250855;295;4;1;2;0;1;3;3;11;5;1;1;10;337
250860;1988;25;137;44;24;32;22;36;9;20;20;31;11;2399
250870;297;4;7;27;10;10;9;4;20;1;1;1;0;391
250880;416;5;20;10;10;2;14;3;8;1;2;2;0;493
250890;7778;135;193;134;82;43;110;116;1694;112;126;233;123;10879
250900;517;3;6;36;13;18;15;0;0;2;1;0;10;621
250905;513;9;6;77;4;57;15;33;16;14;3;0;2;749
250910;1239;29;72;31;18;23;18;17;24;15;25;16;9;1536
250915;535;4;23;10;2;2;2;4;6;1;0;1;0;590
250920;715;18;9;22;7;3;5;9;6;0;1;1;2;798
250930;1388;17;84;16;15;42;36;10;331;182;33;10;2;2166
250933;261;6;37;3;1;0;0;1;1;0;0;1;2;313
250937;223;5;37;0;3;2;0;0;16;0;0;0;0;286
250939;336;34;25;8;11;2;2;0;5;2;11;0;1;437
250940;1108;13;66;138;18;12;16;49;35;17;21;25;16;1534
250950;569;3;22;7;3;5;4;12;15;4;2;1;2;649
250960;196;9;65;93;7;1;2;3;3;2;1;0;0;382
250970;2824;166;163;61;26;28;25;39;57;68;53;28;25;3563
250980;598;11;5;17;1;4;0;9;12;10;5;6;8;686
250990;648;4;9;16;8;2;0;2;3;1;1;0;0;694
251000;353;5;3;12;0;4;1;1;2;5;1;2;2;391
251010;589;20;18;21;13;3;10;5;6;6;12;6;10;719
251020;365;16;55;21;23;4;5;4;8;7;6;0;0;514
251030;341;9;15;3;5;1;4;1;4;3;0;6;0;392
251040;476;0;7;10;0;4;2;0;1;0;1;0;0;501
251050;256;19;31;15;6;2;3;0;8;0;1;5;1;347
251060;259;1;36;2;2;0;2;8;4;4;1;2;0;321
251065;213;0;6;1;2;1;1;2;3;1;0;1;0;231
251070;241;6;9;3;1;5;1;7;3;4;5;0;0;285
251080;15411;423;778;529;212;243;301;291;651;508;439;513;419;20718
251090;645;2;5;6;2;3;0;4;7;3;4;2;1;684
251100;258;1;3;22;0;0;0;0;1;0;0;1;0;286
251110;640;3;6;10;1;1;15;6;16;17;5;6;20;746
251120;5537;57;84;109;40;76;124;512;847;93;88;92;21;7680
251130;1455;25;39;35;11;11;56;18;22;55;22;11;14;1774
251140;1301;30;76;38;13;18;14;10;21;21;13;8;14;1577
251150;1759;25;63;9;0;648;134;82;436;19;15;8;3;3201
251160;444;4;5;16;3;2;3;3;2;0;0;9;2;493
251170;251;2;9;4;1;4;4;0;1;0;0;1;1;278
251180;627;5;8;20;7;4;40;1;5;3;0;3;7;730
251190;1609;47;40;267;20;12;17;13;31;21;26;28;46;2177
251200;1182;10;54;11;17;6;19;22;99;24;13;8;9;1474
251203;313;28;48;2;2;4;8;1;3;9;2;1;0;421
251207;337;71;27;12;0;4;3;3;1;1;0;0;0;459
251210;2703;99;93;67;18;20;28;27;42;36;28;28;33;3222
251220;383;7;10;1;5;2;68;10;19;5;0;3;0;513
251230;1673;36;39;20;31;14;37;23;14;16;42;13;34;1992
251240;703;80;99;18;24;7;5;11;23;10;19;4;8;1011
251250;3485;109;347;135;28;23;42;90;81;120;78;82;70;4690
251260;242;0;2;2;0;0;2;1;0;2;1;0;1;253
251270;1027;92;159;32;12;13;8;21;21;5;10;6;6;1412
251272;358;7;7;6;4;1;1;0;4;2;1;1;2;394
251274;398;2;4;12;1;0;4;7;12;1;1;3;0;445
251275;398;9;74;8;3;1;5;7;13;4;1;1;1;525
251276;359;5;3;1;0;3;0;1;2;2;0;4;1;381
251278;226;8;20;14;5;9;5;6;39;19;7;3;1;362
251280;480;13;111;69;8;16;27;37;36;8;11;2;0;818
251290;3891;67;47;165;45;25;59;443;999;162;13;80;121;6117
251300;257;0;24;6;3;5;1;2;1;3;4;3;3;312
251310;935;41;111;13;16;21;20;56;30;43;70;69;31;1456
251315;368;14;14;5;5;2;5;1;1;0;1;13;1;430
251320;384;2;11;1;2;12;0;14;9;4;2;2;2;445
251330;421;5;0;12;3;4;0;4;8;3;0;0;0;460
251335;315;7;12;9;6;1;0;0;0;0;0;0;0;350
251340;1698;118;113;101;6;61;130;171;132;168;130;63;58;2949
251350;357;8;6;2;3;0;0;9;2;0;6;1;0;394
251360;351;24;12;43;3;4;1;4;1;1;1;1;1;447
251365;205;92;7;2;8;4;11;1;1;1;0;41;1;374
251370;20684;455;495;516;146;301;606;883;1307;504;467;430;342;27136
251380;471;2;38;6;4;1;0;0;2;0;104;9;1;638
251385;251;6;16;33;13;4;34;45;17;0;0;2;0;421
251390;2867;309;64;305;24;23;50;329;106;41;29;41;25;4213
251392;362;3;2;5;1;1;1;1;0;1;2;0;1;380
251394;152;17;33;1;5;0;1;1;1;0;0;0;0;211
251396;264;32;30;7;0;11;1;7;7;3;5;2;1;370
251398;275;3;5;6;9;3;2;4;2;0;0;1;1;311
251400;691;8;78;19;11;59;24;20;19;18;7;11;2;967
251410;242;10;26;6;2;0;3;1;2;0;0;0;0;292
251420;425;3;7;16;4;3;0;5;4;4;3;5;2;481
251430;284;6;35;13;0;1;1;0;1;0;1;0;0;342
251440;285;6;36;19;1;4;0;0;30;5;0;0;1;387
251445;392;43;30;19;8;6;4;3;16;11;6;2;1;541
251450;982;242;52;86;70;40;79;19;27;51;29;26;12;1715
251455;158;7;1;0;0;8;0;3;2;0;0;0;0;179
251460;165;3;4;7;2;1;2;0;2;1;0;2;0;189
251465;242;4;4;11;3;0;1;8;1;0;0;0;0;274
251470;357;7;7;7;2;1;1;0;4;0;2;0;0;388
251480;162;33;32;18;1;21;1;1;9;12;1;0;0;291
251490;473;9;6;6;5;6;5;3;5;5;2;1;3;529
251500;406;11;6;187;40;6;11;5;1;5;1;2;1;682
251510;602;9;32;8;5;2;7;9;7;1;3;2;1;688
251520;286;2;2;0;1;0;1;0;0;2;0;0;0;294
251530;4191;183;78;280;63;52;68;51;199;126;45;82;63;5481
251540;322;2;25;24;0;0;0;1;5;1;2;0;0;382
251550;833;13;60;46;9;10;15;9;17;7;8;7;3;1037
251560;297;21;48;11;7;4;1;8;6;2;1;4;0;410
251570;238;1;17;3;5;1;4;1;1;4;3;4;0;282
251580;805;26;23;3;25;7;9;21;22;3;1;1;1;947
251590;367;7;20;14;2;1;5;2;3;1;1;0;3;426
251593;497;33;18;88;9;3;3;5;3;3;12;1;8;683
251597;518;10;10;3;2;1;7;1;1;14;0;0;2;569
251600;1761;116;101;158;40;83;47;40;35;90;40;91;28;2630
251610;1169;19;108;101;9;19;22;31;29;10;15;9;12;1553
251615;20;1;0;0;0;1;0;0;0;0;2;0;0;24
251620;9976;206;242;252;102;93;185;147;529;199;232;205;147;12515
251630;1286;55;73;41;17;9;19;10;26;24;20;20;15;1615
251640;517;11;38;30;15;4;0;1;1;1;3;1;1;623
251650;806;45;29;14;1;4;23;11;29;14;3;2;0;981
251660;643;126;67;30;12;7;7;12;10;18;14;3;11;960
251670;863;4;7;56;8;5;24;13;13;18;8;26;6;1051
251675;288;1;0;0;1;1;0;1;0;5;1;1;0;299
251680;497;4;17;4;2;9;2;7;11;7;4;2;2;568
251690;1051;209;102;44;10;42;29;12;11;7;17;7;9;1550
251700;631;12;20;7;4;0;5;14;12;3;3;0;0;711
251710;250;58;46;22;2;2;2;2;13;2;3;1;0;403
251720;354;1;1;16;1;1;3;0;7;4;0;3;0;391
251740;130;46;59;6;5;0;2;1;3;0;1;0;0;253
260005;12709;335;534;302;196;196;285;461;512;425;387;373;272;16987
260010;3159;55;67;72;172;55;34;135;101;90;65;62;57;4124
260020;1394;80;157;80;28;65;166;78;176;167;126;343;265;3125
260030;1687;352;571;90;61;35;19;30;75;29;41;51;23;3064
260040;1847;44;17;227;53;38;24;11;98;186;91;25;16;2677
260050;1849;31;37;72;15;12;26;17;24;17;25;20;11;2156
260060;660;8;161;21;1;2;1;5;21;0;0;1;5;886
260070;3734;432;209;96;57;52;174;108;1208;373;154;38;58;6693
260080;1158;52;41;35;7;4;12;29;20;5;13;6;2;1384
260090;1628;33;241;69;26;10;167;31;73;178;59;17;11;2543
260100;802;20;99;8;4;10;23;8;18;6;11;7;3;1019
260105;1178;266;77;105;15;12;14;27;485;141;26;16;5;2367
260110;6722;212;228;301;160;91;84;116;440;126;179;124;118;8901
260120;8399;274;578;159;92;89;108;374;253;161;191;177;144;10999
260130;1723;48;41;17;8;3;6;22;15;6;12;8;9;1918
260140;3892;160;72;268;37;23;44;39;59;211;141;52;55;5053
260150;301;80;121;36;47;6;7;20;9;0;1;3;6;637
260160;1927;118;88;37;25;29;33;44;112;231;149;38;11;2842
260170;10895;1323;1226;483;96;202;218;320;367;263;220;338;228;16179
260180;593;51;61;11;14;1;3;14;5;7;5;5;2;772
260190;11940;765;717;323;103;126;188;154;218;173;351;186;172;15416
260200;1533;4;206;7;0;0;1;12;4;5;3;2;1;1778
260210;2748;42;34;56;18;22;33;24;30;24;28;28;40;3127
260220;1667;406;425;112;23;18;33;33;45;28;43;19;14;2866
260230;2566;423;320;93;24;65;27;45;63;94;75;45;45;3885
260240;647;26;41;22;5;4;3;32;7;13;4;1;10;815
260250;444;36;51;14;5;2;9;3;5;5;3;4;3;584
260260;2250;592;117;393;69;77;35;55;139;32;40;27;17;3843
260270;771;19;25;7;20;13;3;4;20;23;17;3;3;928
260280;2404;52;184;124;23;46;56;31;73;17;21;24;37;3092
260290;39988;1024;1024;980;562;479;647;1110;1521;2460;1652;1472;1123;54042
260300;2542;40;77;245;44;35;29;40;36;29;80;38;12;3247
260310;1094;72;116;32;2;14;16;17;14;10;18;9;3;1417
260320;1255;33;19;143;24;19;15;1;16;14;4;8;4;1555
260330;364;76;131;20;2;9;16;7;21;12;3;1;2;664
260340;327;17;2;3;2;0;1;4;0;1;1;2;0;360
260345;13499;649;555;549;269;265;237;317;474;450;432;613;391;18700
260350;987;27;68;28;13;59;19;8;9;9;20;16;10;1273
260360;4121;27;44;38;6;29;58;644;549;74;99;26;6;5721
260370;1134;241;356;59;33;61;36;74;65;41;52;28;28;2208
260380;893;11;74;8;4;2;5;7;7;3;3;3;2;1022
260390;904;16;17;8;9;7;3;13;17;38;26;12;15;1085
260392;358;233;121;29;10;10;4;8;7;5;0;0;0;785
260400;10616;826;629;261;73;126;146;254;251;316;323;285;239;14345
260410;74492;2230;3200;2225;640;793;1069;1769;2010;2520;2592;2834;2072;98446
260415;662;2;65;29;3;1;1;0;8;0;7;1;1;780
260420;1862;90;83;376;26;47;51;55;314;42;50;18;11;3025
260430;566;66;31;60;12;15;14;9;20;7;3;9;5;817
260440;576;18;162;26;3;4;14;24;9;5;1;2;7;851
260450;1423;48;17;61;19;13;50;78;38;22;18;10;9;1806
260460;1665;218;138;77;55;54;75;105;105;31;49;15;21;2608
260470;969;53;8;52;4;6;4;4;21;5;4;12;1;1143
260480;1580;30;96;52;27;92;58;69;25;100;357;16;13;2515
260490;591;207;23;128;39;46;19;7;50;0;8;5;1;1124
260500;1910;222;207;104;46;24;57;34;43;26;25;19;41;2758
260510;2394;390;293;85;49;32;49;77;67;57;67;75;93;3728
260515;1918;54;116;72;35;90;56;56;52;73;29;41;50;2642
260520;6582;315;558;421;113;113;184;383;497;337;351;263;268;10385
260530;1628;211;101;21;12;7;3;15;11;16;28;12;23;2088
260540;1499;52;122;35;8;74;12;43;26;22;10;13;10;1926
260545;1799;92;140;82;3;5;8;1;32;17;116;75;166;2536
260550;1108;76;22;59;71;33;23;47;235;132;27;17;19;1869
260560;979;229;294;34;27;38;33;52;18;28;17;41;16;1806
260570;3303;329;197;85;55;77;67;55;45;62;61;36;40;4412
260580;718;30;13;145;6;4;3;1;15;8;17;6;3;969
260590;1414;146;140;22;5;5;4;8;3;207;23;15;10;2002
260600;20499;2451;1670;704;281;271;370;470;601;533;502;568;442;29362
260610;2294;392;285;67;51;20;99;41;87;95;30;61;45;3567
260620;23164;361;537;507;275;234;187;376;666;365;347;489;491;27999
260630;429;23;5;7;1;0;19;5;8;18;3;1;0;519
260640;9374;499;351;590;235;151;152;200;225;222;294;257;217;12767
260650;689;305;135;49;31;11;15;24;112;4;4;1;5;1385
260660;1014;387;137;51;10;18;11;22;23;19;7;26;1;1726
260670;399;9;104;15;4;8;16;21;14;2;8;8;2;610
260680;19825;669;1131;738;249;697;434;579;2298;899;745;722;442;29428
260690;416;72;57;12;1;20;4;4;10;0;0;2;0;598
260700;1244;120;149;122;7;11;2;3;9;25;7;8;71;1778
260710;340;7;6;2;1;0;0;1;0;2;0;1;1;361
260720;32910;915;852;806;276;534;299;471;891;2775;1318;1118;1023;44188
260730;1993;68;35;11;11;28;11;22;21;30;28;20;20;2298
260740;385;195;150;64;7;4;5;11;29;2;0;6;0;858
260750;924;95;9;86;17;17;14;13;24;4;8;2;7;1220
260760;1458;41;14;83;58;57;30;43;33;17;16;11;30;1891
260765;3808;90;320;236;51;43;49;144;285;112;39;61;37;5275
260770;612;154;48;21;4;0;15;9;8;11;11;10;3;906
260775;5557;365;241;177;99;34;146;131;123;72;90;88;107;7230
260780;762;62;64;145;19;22;19;28;36;24;10;13;6;1210
260790;95682;3041;3391;2871;1519;1531;1524;2459;2824;3043;3268;3196;3470;127819
260795;553;223;145;71;29;17;2;11;6;133;2;2;2;1196
260800;933;18;211;16;2;2;4;9;9;108;11;11;2;1336
260805;1214;31;28;49;8;27;6;22;52;21;32;24;8;1522
260810;1522;298;61;277;25;22;10;29;21;31;25;22;14;2357
260820;1391;46;21;99;22;16;13;68;42;320;68;5;19;2130
260825;491;48;21;307;7;55;15;55;50;5;8;2;1;1065
260830;1000;171;246;41;4;27;16;4;91;8;6;11;9;1634
260840;805;54;49;124;12;10;14;28;26;15;6;1;25;1169
260845;1457;25;50;34;11;1;9;30;29;25;16;17;12;1716
260850;5677;341;298;179;41;32;16;400;1434;214;33;41;10;8716
260860;699;20;10;163;3;2;3;2;2;1;3;3;2;913
260870;523;17;7;4;2;5;1;4;4;8;3;6;3;587
260875;2760;445;269;148;251;115;296;255;130;531;131;112;111;5554
260880;3248;375;616;139;34;22;45;48;88;58;73;78;43;4867
260890;6557;250;206;400;50;62;80;175;241;110;161;98;140;8530
260900;1946;204;153;56;23;35;20;20;55;60;23;22;95;2712
260910;1029;78;162;39;13;18;17;22;46;104;35;46;8;1617
260915;593;49;0;25;0;6;7;0;1;1;2;0;0;684
260920;481;128;49;177;24;11;27;22;159;18;6;2;6;1110
260930;676;171;183;42;8;58;44;31;11;8;4;10;9;1255
260940;6423;196;197;166;74;222;114;124;243;751;181;121;97;8909
260950;5081;509;383;121;67;41;71;107;148;109;70;79;42;6828
260960;71955;2234;2311;2113;1211;947;1088;1452;1583;1942;2565;2370;2061;93832
260970;1456;160;56;44;50;16;26;37;32;33;28;40;21;1999
260980;687;79;69;189;24;32;25;32;76;11;6;5;2;1237
260990;4299;71;77;64;32;35;59;52;74;69;187;62;60;5141
261000;6784;194;518;410;97;84;102;105;139;137;283;184;170;9207
261010;359;3;33;5;2;1;5;16;28;1;10;6;2;471
261020;830;482;406;146;219;8;15;21;53;23;26;8;14;2251
261030;645;24;81;9;1;3;2;4;4;3;1;1;5;783
261040;789;161;30;47;10;12;12;8;14;8;133;8;1;1233
261050;1253;154;105;48;18;39;15;19;18;22;13;11;8;1723
261060;4607;801;452;149;99;348;156;143;223;150;133;216;100;7577
261070;34496;1068;1114;956;447;549;509;851;1858;1065;1918;4235;856;49922
261080;854;130;37;51;5;35;17;86;20;11;12;87;2;1347
261090;5265;215;201;561;94;104;108;93;131;137;116;97;119;7241
261100;4097;69;411;99;58;44;77;111;128;50;55;69;42;5310
261110;72473;3402;3636;2865;1416;1569;2636;3609;3663;4414;3324;3067;2527;108601
261120;819;12;51;9;3;13;14;7;5;3;5;0;3;944
261130;2951;85;66;70;13;25;50;60;63;81;104;80;40;3688
261140;4008;134;26;204;356;140;92;120;181;1473;276;85;86;7181
261150;958;32;145;39;2;2;2;4;7;8;13;6;1;1219
261153;396;0;9;1;1;7;0;6;6;3;6;0;2;437
261160;654367;17620;17082;15507;11444;9569;8229;12831;14994;15441;17446;17412;13957;825899
261170;1350;50;199;19;7;9;9;15;11;12;26;14;8;1729
261180;2779;269;41;142;67;62;70;74;188;635;222;72;72;4693
261190;7052;206;274;32;17;125;969;198;188;2473;269;102;132;12037
261200;1001;33;127;19;17;5;4;16;57;20;15;8;12;1334
261210;496;29;66;10;3;1;0;1;3;19;2;2;3;635
261220;7334;300;212;182;104;84;94;91;179;142;154;177;154;9207
261230;667;456;244;56;6;8;12;33;30;18;8;5;27;1570
261240;1161;149;57;23;13;14;6;46;20;15;65;13;25;1607
261245;747;67;64;133;4;40;43;33;48;9;3;1;8;1200
261247;653;7;83;17;9;9;3;10;8;7;2;18;5;831
261250;14181;506;610;487;105;101;156;316;381;530;750;577;400;19100
261255;548;58;134;17;10;3;11;12;22;7;8;1;0;831
261260;2288;103;47;85;166;25;43;128;71;21;55;55;17;3104
261270;723;14;18;13;9;2;4;5;11;9;6;6;13;833
261280;784;14;10;22;5;24;17;5;10;17;6;12;5;931
261290;747;11;65;30;5;6;12;4;11;1;4;7;2;905
261300;4932;577;230;407;79;100;98;147;116;155;186;108;94;7229
261310;2785;336;376;132;23;24;25;79;75;65;72;75;26;4093
261320;1198;141;197;67;16;3;27;22;18;12;7;11;9;1728
261330;1000;34;39;22;22;18;11;7;31;3;7;5;4;1203
261340;1228;453;220;73;70;39;41;73;98;23;27;39;55;2439
261350;2326;74;153;85;43;44;44;31;111;75;26;31;23;3066
261360;2938;86;116;81;17;22;35;69;51;76;38;100;47;3676
261370;8352;1421;646;606;154;144;262;303;451;224;237;209;133;13142
261380;1387;116;35;30;13;13;28;12;12;41;17;6;11;1721
261390;11548;503;448;304;100;76;148;424;377;296;275;275;220;14994
261400;983;75;131;37;12;9;11;17;23;13;12;5;3;1331
261410;4505;77;193;142;46;110;162;219;129;250;152;31;56;6072
261420;8435;115;205;628;245;613;102;243;91;2714;287;75;87;13840
261430;603;55;80;17;22;17;18;23;30;1;3;2;1;872
261440;360;8;28;0;6;0;0;4;0;0;0;0;0;406
261450;5823;589;172;155;41;68;56;88;235;124;183;217;92;7843
261460;1603;152;261;52;32;13;24;13;32;30;15;20;28;2275
261470;910;61;58;26;5;33;9;4;13;14;11;1;4;1149
261480;922;135;41;277;18;8;25;16;13;2;0;5;10;1472
261485;2730;579;244;84;17;21;8;59;88;88;128;136;151;4333
261500;2022;416;240;99;19;8;12;30;40;90;61;61;23;3121
261510;384;4;0;55;7;4;0;4;6;4;18;4;1;491
261520;518;9;6;4;3;6;2;3;7;2;2;3;0;565
261530;6126;803;173;385;78;83;137;169;536;528;200;145;250;9613
261540;5207;629;403;186;167;26;44;69;126;160;152;171;114;7454
261550;851;68;113;48;26;6;21;21;103;116;23;5;14;1415
261560;2185;82;95;45;26;10;21;40;62;30;56;61;54;2767
261570;1149;18;18;14;5;3;13;21;7;27;19;12;18;1324
261580;719;226;274;29;20;23;24;28;51;1;0;3;0;1398
261590;412;117;70;70;11;7;9;25;12;4;2;4;8;751
261600;972;13;21;13;2;3;6;6;17;4;7;3;5;1072
261610;517;27;165;38;9;10;8;11;7;9;4;2;2;809
261618;658;13;48;35;6;4;29;6;36;16;13;3;1;868
261620;934;27;79;50;3;20;2;32;34;5;16;6;5;1213
261630;3845;358;438;84;34;146;81;463;1421;185;67;41;23;7186
261640;24011;745;604;448;197;364;251;634;486;1477;445;583;362;30607
261650;1150;21;9;8;29;10;7;8;4;129;28;9;6;1418
270010;900;134;198;50;28;20;15;4;24;4;2;2;3;1384
270020;1140;13;92;7;32;11;1;8;12;90;3;1;5;1415
270030;37093;1072;1298;965;321;669;567;1114;805;997;1078;1300;1360;48639
270040;4130;39;43;47;33;33;23;39;69;1548;92;71;42;6209
270050;1085;24;12;11;2;4;11;5;4;10;1;14;6;1189
270060;1754;220;136;61;35;14;7;27;31;60;34;43;66;2488
270070;1311;14;19;20;6;4;10;4;7;7;18;6;15;1441
270080;571;28;7;60;0;2;4;4;3;0;0;0;1;680
270090;329;6;4;17;8;0;1;0;2;3;0;0;2;372
270100;2161;9;8;14;7;42;25;18;113;78;58;35;25;2593
270110;513;0;1;0;0;2;1;5;1;2;3;2;2;532
270120;836;14;6;55;9;2;7;9;6;1;5;2;0;952
270130;1306;10;15;220;10;18;171;7;6;10;8;5;1;1787
270135;471;85;11;21;3;0;6;2;6;4;4;3;3;619
270140;4618;1105;344;177;85;60;75;78;129;1410;258;71;24;8434
270150;536;3;3;4;1;1;0;1;1;0;1;1;0;552
270160;558;11;2;0;0;0;6;2;0;0;2;0;1;582
270170;1231;243;301;16;16;8;9;33;18;12;26;15;6;1934
270180;393;59;4;1;3;0;1;0;0;0;2;0;0;463
270190;443;19;37;9;6;1;10;7;2;4;2;0;0;540
270200;481;2;5;4;5;0;2;7;4;7;4;12;3;536
270210;1835;40;23;124;5;25;6;25;51;198;80;47;10;2469
270220;508;14;91;16;11;11;11;2;26;10;3;10;0;713
270230;11358;528;1092;351;94;188;124;221;860;1760;388;168;132;17264
270235;2201;288;194;271;62;66;63;108;106;131;115;46;20;3671
270240;4211;550;117;439;45;33;53;42;87;110;84;100;63;5934
270250;528;2;2;1;0;1;1;1;2;0;3;3;3;547
270255;546;130;14;88;1;2;2;4;18;4;1;4;2;816
270260;903;11;7;1;2;4;2;1;1;3;2;3;8;948
270270;401;31;2;4;6;0;6;3;7;7;4;1;1;473
270280;1181;11;6;0;1;5;1;1;2;7;4;21;13;1253
270290;949;9;121;14;8;5;16;7;23;13;9;12;11;1197
270300;697;7;11;6;23;8;4;6;2;20;10;4;5;803
270310;1102;43;32;15;3;2;8;10;29;11;2;6;1;1264
270320;3606;6;5;10;19;22;6;37;10;1138;80;21;30;4990
270330;655;11;11;4;1;7;6;1;3;1;3;0;3;706
270340;229;0;0;2;0;0;0;1;0;0;0;1;0;233
270350;587;2;2;1;2;0;1;0;16;52;8;6;1;678
270360;1084;23;54;11;2;0;2;4;49;44;24;38;70;1405
270370;34;0;0;1;0;1;0;0;0;0;0;0;2;38
270375;1226;38;16;20;18;13;11;4;8;11;29;17;3;1414
270380;1008;118;40;60;35;12;27;18;20;16;21;12;5;1392
270390;359;6;8;11;3;2;10;2;2;5;10;0;1;419
270400;2306;42;424;58;43;39;27;39;67;107;306;72;15;3545
270410;955;8;18;7;23;14;102;225;2;8;37;106;3;1508
270420;1817;16;25;10;0;37;13;79;18;90;38;13;9;2165
270430;254885;7272;7423;6315;2198;3352;3419;4393;5301;6521;6528;6867;5499;319973
270440;863;52;72;16;5;16;24;4;9;4;4;4;4;1077
270450;4227;233;321;115;5;36;19;22;124;136;178;171;181;5768
270460;316;1;0;2;0;0;3;1;0;0;0;1;2;326
270470;10593;259;294;505;239;191;279;303;288;1224;546;292;270;15283
270480;916;6;15;6;7;2;2;5;6;13;1;5;8;992
270490;278;43;0;4;2;0;2;2;1;1;1;1;0;335
270500;755;54;11;24;20;1;0;4;4;5;4;1;4;887
270510;3803;111;109;23;11;16;13;10;449;382;91;55;35;5108
270520;1218;38;20;38;3;8;16;54;152;10;33;21;9;1620
270530;345;3;0;3;0;0;0;1;0;0;0;0;0;352
270540;436;3;1;0;0;0;1;4;0;3;1;13;3;465
270550;2873;28;30;32;9;20;11;38;36;72;96;27;20;3292
270560;943;15;5;10;54;15;5;36;2;4;4;6;5;1104
270570;2028;137;365;149;15;36;19;19;51;41;24;12;20;2916
270580;503;99;37;4;2;1;9;14;3;1;0;1;3;677
270590;270;0;0;2;3;0;0;0;0;1;0;0;0;276
270600;528;49;61;22;8;2;2;7;31;20;5;6;1;742
270610;486;7;4;1;8;1;1;4;1;4;5;1;1;524
270620;221;1;0;0;0;0;0;0;0;0;0;0;0;222
270630;7806;266;131;192;58;135;206;118;212;101;116;110;72;9523
270640;1558;185;379;133;45;51;13;69;25;8;10;12;13;2501
270642;497;169;35;193;10;6;9;14;16;2;0;1;1;953
270644;1004;48;41;25;7;52;46;15;29;38;65;67;32;1469
270650;1098;23;25;73;4;7;5;6;8;11;80;25;11;1376
270660;509;4;22;9;3;0;2;17;10;0;0;0;0;576
270670;6066;118;108;501;41;116;105;192;144;404;228;123;57;8203
270680;807;109;80;17;5;4;5;19;5;7;11;7;4;1080
270690;3498;139;63;60;40;48;72;48;48;63;70;112;54;4315
270700;228;109;35;3;0;3;1;12;6;1;1;0;0;399
270710;1838;451;215;79;35;27;52;50;98;18;32;34;14;2943
270720;622;5;22;46;0;1;4;5;4;0;1;0;0;710
270730;3027;153;124;45;26;7;31;204;182;473;89;32;11;4404
270740;935;16;5;18;5;4;5;3;8;24;45;36;28;1132
270750;735;1;1;2;2;0;1;1;0;4;0;1;1;749
270760;617;11;13;48;3;5;3;6;5;3;1;3;0;718
270770;15498;564;665;263;404;277;710;367;532;3721;831;377;700;24909
270780;784;18;25;25;16;11;10;4;0;17;15;11;17;953
270790;759;268;12;10;15;6;21;18;70;7;19;15;17;1237
270800;4233;88;62;99;52;44;88;77;68;66;85;78;75;5115
270810;715;117;41;19;5;0;3;12;1;2;0;4;2;921
270820;376;5;1;2;0;0;1;0;0;0;2;1;0;388
270830;6070;53;157;12;399;506;73;99;84;2244;459;170;64;10390
270840;1868;88;87;47;5;1;7;6;11;8;18;11;8;2165
270850;7527;209;53;273;33;43;23;34;1106;521;141;74;206;10243
270860;11101;114;163;156;102;148;673;415;435;2432;448;288;336;16811
270870;1091;101;48;18;4;7;4;11;77;31;55;46;56;1549
270880;1828;33;34;45;45;48;62;27;31;30;30;25;26;2264
270890;1440;154;35;40;11;11;27;23;18;22;17;25;23;1846
270895;621;31;18;5;2;2;11;3;11;6;6;3;0;719
270900;413;7;4;1;0;0;0;6;1;0;0;0;2;434
270910;900;52;91;60;7;2;5;6;8;6;2;16;12;1167
270915;4917;133;540;223;122;176;304;191;703;486;199;88;126;8208
270920;1431;59;50;203;86;13;20;57;99;29;22;56;2;2127
270930;4512;63;121;62;17;52;51;88;71;142;81;100;49;5409
270940;2524;169;341;104;9;23;16;41;45;28;29;27;24;3380
280010;256;68;36;3;2;12;1;1;5;9;1;3;0;397
280020;1538;31;127;64;18;286;23;37;28;15;15;15;8;2205
280030;215651;6012;5331;4490;2085;1815;2852;3645;4562;4588;5232;5982;4748;266993
280040;697;91;49;14;4;6;5;5;15;10;3;4;22;925
280050;1250;83;43;34;4;12;15;11;34;169;35;35;26;1751
280060;3215;873;176;156;56;60;105;76;73;103;85;82;88;5148
280067;1807;87;86;57;9;5;8;18;34;29;18;13;20;2191
280070;227;277;216;40;10;74;2;1;3;2;6;8;1;867
280100;1429;93;92;57;57;26;33;50;52;84;61;45;30;2109
280110;309;44;24;8;3;2;1;10;0;1;2;0;0;404
280120;2470;476;61;66;28;25;27;297;27;63;24;77;22;3663
280130;4669;750;248;202;100;57;97;46;70;1068;406;116;66;7895
280140;1729;91;26;37;12;32;20;18;34;33;22;47;8;2109
280150;3376;293;106;68;94;68;256;78;115;101;84;64;66;4769
280160;445;14;16;12;1;4;1;25;4;1;6;1;7;537
280170;1552;25;26;50;53;41;17;26;104;22;34;25;56;2031
280190;304;7;10;25;6;5;6;4;0;0;3;1;0;371
280200;504;19;56;5;10;3;3;17;5;5;2;1;0;630
280210;10045;228;228;218;74;50;109;146;260;316;236;288;242;12440
280220;406;39;13;7;4;4;5;7;7;8;3;5;3;511
280230;2004;255;35;33;8;13;60;59;46;206;135;14;14;2882
280240;532;56;46;45;4;3;5;3;1;0;4;1;0;700
280250;283;56;27;9;7;8;0;8;9;9;2;1;2;421
280260;360;19;21;12;1;2;2;0;47;2;2;101;26;595
280270;262;41;53;2;2;0;0;0;5;0;1;2;0;368
280280;904;149;187;31;55;20;16;13;16;7;7;8;2;1415
280290;15921;464;745;481;142;156;248;333;316;437;694;396;363;20696
280300;3066;142;145;49;34;29;39;65;103;52;53;69;50;3896
280310;387;46;6;24;2;1;1;4;17;3;2;2;0;495
280320;4017;512;244;66;28;47;43;64;106;115;80;63;47;5432
280330;1853;394;146;57;97;53;27;33;125;38;221;45;35;3124
280340;1056;49;44;22;45;246;79;82;25;6;13;8;9;1684
280350;13463;374;576;676;237;192;332;266;412;316;255;251;210;17560
280360;6598;169;116;102;41;202;412;187;81;1534;645;225;188;10500
280370;582;25;50;8;7;20;1;11;11;20;10;6;5;756
280380;510;7;11;5;40;4;9;4;25;12;7;6;3;643
280390;612;16;61;18;3;9;6;12;7;10;9;5;2;770
280400;1432;251;110;39;43;16;20;252;49;34;21;14;34;2315
280410;646;29;10;26;9;5;3;9;14;16;5;5;5;782
280420;244;12;11;9;4;7;5;7;10;6;8;4;7;334
280430;567;5;21;154;16;102;10;34;18;15;0;16;7;965
280440;2203;132;73;62;73;35;36;21;42;66;79;43;34;2899
280445;747;25;120;10;3;6;1;7;6;1;3;6;2;937
280450;5019;158;145;164;82;56;66;158;116;138;191;173;127;6593
280460;3132;236;325;114;68;47;90;90;117;92;854;66;24;5255
280470;349;57;34;8;40;5;4;1;13;6;1;3;1;522
280480;19362;532;539;447;139;160;284;441;580;399;517;531;399;24330
280490;853;219;144;29;25;11;2;42;19;6;3;27;1;1381
280500;234;2;22;4;8;3;4;9;11;1;1;0;0;299
280510;384;71;67;24;5;7;5;13;11;0;1;2;1;591
280520;438;6;21;10;2;7;3;2;12;8;8;6;5;528
280530;523;266;6;23;7;10;10;12;22;68;13;9;9;978
280540;1315;21;4;16;6;9;12;15;13;6;4;2;5;1428
280550;1670;162;45;84;15;14;18;14;44;100;97;18;12;2293
280560;1240;490;20;28;13;8;5;33;34;8;7;6;4;1896
280570;3526;390;220;131;40;60;76;72;193;115;131;114;48;5116
280580;723;367;85;60;20;59;202;47;64;1;4;17;7;1656
280590;1499;42;30;12;5;17;30;7;21;28;64;18;21;1794
280600;1969;221;190;76;24;87;147;132;127;28;31;20;19;3071
280610;1804;55;45;34;40;15;11;72;36;52;37;77;20;2298
280620;1515;145;59;81;32;61;18;16;26;21;27;19;6;2026
280630;771;147;43;219;12;6;15;9;43;13;9;10;15;1312
280640;347;43;13;20;4;6;12;11;14;4;4;9;0;487
280650;381;61;31;11;4;1;0;4;14;0;1;0;1;509
280660;642;25;62;28;25;6;5;13;27;22;8;10;6;879
280670;13397;379;310;240;146;167;131;126;183;224;192;199;179;15873
280680;828;17;41;70;15;27;11;8;24;21;11;3;2;1078
280690;316;35;48;26;9;6;19;23;17;2;1;11;5;518
280700;404;41;27;2;1;0;6;12;6;8;5;7;6;525
280710;4083;339;172;232;40;32;43;50;88;164;168;75;65;5551
280720;686;86;81;40;19;5;9;8;24;19;8;9;2;996
280730;247;112;45;4;9;0;4;1;13;0;1;11;1;448
280740;4265;233;386;96;20;43;75;91;86;152;118;103;115;5783
280750;755;36;11;101;12;24;13;20;15;5;5;2;3;1002
280760;1905;597;321;115;33;27;22;32;33;31;28;13;17;3174
290010;248;41;13;41;70;4;25;10;9;5;10;13;3;492
290020;1236;8;51;27;1;5;34;3;4;20;40;2;3;1434
290030;804;8;23;39;5;8;3;3;9;3;2;0;15;922
290035;851;16;26;150;3;6;10;3;10;5;3;25;2;1110
290040;1083;13;15;12;10;2;7;6;11;2;5;8;5;1179
290050;575;39;3;97;74;8;8;4;20;12;11;6;0;857
290060;433;20;15;42;7;6;4;13;7;2;9;5;1;564
290070;28181;1707;975;981;423;406;476;526;687;845;753;710;868;37538
290080;1625;311;54;271;58;34;88;45;36;24;49;16;21;2632
290090;401;7;21;11;5;5;1;2;3;2;0;3;7;468
290100;3928;129;430;178;45;58;38;46;73;138;118;88;48;5317
290110;2860;94;83;264;87;29;46;52;108;80;86;83;63;3935
290115;561;16;50;8;0;3;2;0;3;1;0;1;0;645
290120;1326;25;42;27;15;14;14;35;19;16;16;14;11;1574
290130;1289;16;30;14;1;5;48;3;5;9;3;7;2;1432
290135;1972;41;45;41;4;10;9;11;70;20;10;6;9;2248
290140;1061;18;7;5;9;9;6;4;3;5;2;4;10;1143
290150;633;56;36;197;8;8;13;11;6;7;1;2;4;982
290160;750;8;10;8;1;5;3;9;11;7;1;2;1;816
290170;652;127;5;58;8;20;32;23;18;10;10;0;0;963
290180;523;7;6;6;0;3;4;2;2;1;3;0;1;558
290190;969;67;7;25;4;5;11;9;17;8;6;16;3;1147
290195;368;3;6;2;4;2;0;2;1;5;0;1;1;395
290200;907;91;18;45;3;3;20;37;12;71;62;36;61;1366
290205;894;124;45;357;5;9;7;19;40;8;15;7;9;1539
290210;2798;205;46;101;51;38;66;75;41;42;32;60;188;3743
290220;528;27;7;98;21;10;29;3;9;15;4;8;8;767
290225;1634;19;30;6;128;8;15;114;27;10;13;10;14;2028
290230;521;11;6;7;1;5;8;3;7;4;1;1;0;575
290240;770;259;12;148;13;7;5;4;9;14;8;14;8;1271
290250;859;63;97;49;12;30;21;65;19;18;29;8;12;1282
290260;1026;99;57;20;44;23;12;5;18;18;19;8;6;1355
290265;1038;5;17;131;18;22;14;6;15;5;3;19;3;1296
290270;2430;150;72;100;52;59;52;55;66;154;70;25;77;3362
290280;1606;254;28;170;27;8;16;31;20;22;33;43;16;2274
290290;2609;113;102;97;53;39;92;217;117;60;65;53;40;3657
290300;597;2;6;2;1;1;2;1;2;0;2;2;4;622
290310;494;50;26;12;5;12;19;3;12;3;9;8;2;655
290320;31737;1788;2441;1691;683;991;1078;1223;1230;1234;1275;1187;909;47467
290323;671;8;1;2;0;0;1;3;0;1;1;0;0;688
290327;1863;50;80;44;14;14;24;34;63;69;37;61;22;2375
290330;613;9;11;16;3;1;9;9;0;0;7;1;2;681
290340;1640;320;37;46;13;29;27;56;63;26;34;45;24;2360
290350;879;5;7;13;2;9;10;9;0;9;5;7;7;962
290360;1008;18;10;12;2;10;5;11;12;10;5;16;5;1124
290370;857;8;11;17;3;9;5;12;14;10;5;6;4;961
290380;1053;21;9;68;6;3;3;2;16;4;8;10;8;1211
290390;7952;322;187;336;63;71;146;165;338;116;153;152;110;10111
290395;454;13;47;29;11;13;6;4;17;4;1;2;0;601
290400;677;9;32;69;8;1;5;8;0;6;9;3;4;831
290405;808;14;31;92;16;9;2;8;9;28;8;7;8;1040
290410;1575;9;29;38;10;6;1;4;7;7;3;5;2;1696
290420;105;0;1;9;0;1;0;0;1;1;1;1;1;121
290430;729;202;19;115;13;11;14;12;30;1;5;3;4;1158
290440;564;6;11;4;0;1;1;18;35;1;35;3;117;796
290450;493;13;48;5;8;23;12;5;8;2;28;7;3;655
290460;14801;577;747;379;146;207;232;301;351;461;515;447;331;19495
290470;614;8;12;13;5;15;2;6;11;15;21;11;11;744
290475;998;9;20;9;1;2;5;5;21;6;1;2;0;1079
290480;697;16;119;10;11;4;9;7;5;4;8;3;5;898
290485;1111;26;119;43;33;11;12;8;22;10;6;5;7;1413
290490;3254;134;94;51;23;16;25;31;64;62;72;47;46;3919
290500;3041;39;166;47;20;26;80;40;48;134;65;81;45;3832
290510;486;93;18;7;8;3;4;4;3;2;2;2;4;636
290515;677;8;16;24;1;1;4;16;11;8;3;9;4;782
290520;5743;182;555;187;65;106;91;110;132;156;180;168;105;7780
290530;1011;18;63;26;6;23;16;40;30;21;13;4;4;1275
290540;3380;135;247;140;25;12;17;20;42;71;57;145;235;4526
290550;741;3;6;164;3;0;2;5;5;6;0;6;1;942
290560;2640;126;92;105;12;16;342;165;295;206;70;99;37;4205
290570;77410;2751;2485;3063;976;913;1054;1804;1959;2692;2433;2865;2593;102998
290580;2378;66;64;235;133;42;26;47;40;17;44;42;22;3156
290590;1319;8;18;35;23;5;3;30;8;8;10;11;12;1490
290600;4561;136;134;145;100;47;115;69;177;166;154;123;101;6028
290610;743;7;7;21;5;2;0;4;4;2;6;7;2;810
290620;972;5;7;6;0;2;1;8;10;2;5;21;3;1042
290630;2604;109;63;392;26;43;35;57;75;51;39;38;22;3554
290640;71;2;1;0;1;0;1;0;1;1;1;0;1;80
290650;15707;427;387;351;238;262;208;338;496;540;631;509;559;20653
290660;304;4;4;5;1;1;0;1;4;5;10;4;10;353
290670;1375;21;35;32;13;7;10;8;12;6;23;18;12;1572
290680;1931;84;316;43;10;16;25;11;8;6;15;21;12;2498
290682;885;18;22;14;7;7;16;9;9;7;5;2;0;1001
290685;737;10;7;4;9;2;4;1;1;10;1;10;5;801
290687;4055;82;104;73;38;21;59;34;50;70;111;81;73;4851
290689;771;11;7;23;15;8;2;3;3;0;4;5;5;857
290690;2240;64;149;253;105;65;70;20;55;53;22;51;38;3185
290700;571;16;60;34;9;6;30;24;38;25;33;15;4;865
290710;1197;5;7;5;2;2;5;9;6;8;6;3;4;1259
290720;9518;613;342;484;371;364;886;741;1084;1342;563;378;376;17062
290730;3218;32;72;83;63;25;36;44;167;85;53;45;124;4047
290740;351;7;5;5;7;3;2;0;1;12;6;5;22;426
290750;7685;149;185;358;67;96;98;146;154;243;239;206;180;9806
290755;261;1;0;21;1;1;3;2;0;0;5;1;5;301
290760;930;11;9;13;1;1;5;0;3;3;7;3;1;987
290770;399;208;97;32;26;33;49;21;47;4;2;6;0;924
290780;2110;72;138;83;45;14;21;36;42;20;18;14;14;2627
290790;902;14;10;32;7;33;4;17;16;21;6;5;6;1073
290800;1888;40;32;54;27;12;6;9;45;22;29;25;22;2211
290810;2510;35;36;27;31;104;88;184;84;34;89;117;42;3381
290820;2788;82;86;240;71;35;56;289;60;65;96;68;38;3974
290830;1894;139;141;270;18;24;19;46;82;13;10;33;13;2702
290840;5811;139;196;177;87;46;65;126;116;241;231;142;92;7469
290850;7311;375;234;227;67;134;113;279;444;315;338;232;374;10443
290860;1693;19;15;27;5;9;6;7;7;12;8;38;6;1852
290870;1682;39;165;13;5;8;9;12;14;8;13;20;13;2001
290880;290;8;6;7;1;0;0;7;2;0;3;0;1;325
290890;1845;66;42;138;45;23;80;48;56;82;42;59;36;2562
290900;554;6;61;25;9;3;6;3;7;2;12;6;6;700
290910;833;10;15;9;8;5;4;7;9;13;2;5;14;934
290920;1062;6;22;88;3;4;2;10;10;2;3;4;2;1218
290930;5335;240;171;575;162;155;281;459;238;200;286;260;131;8493
290940;1054;17;10;5;7;7;7;2;3;7;4;9;3;1135
290950;380;3;4;0;1;2;0;1;3;1;2;1;1;399
290960;1130;136;9;49;10;5;13;8;14;11;5;3;5;1398
290970;755;9;14;35;0;11;2;2;5;3;1;2;0;839
290980;11056;401;456;340;116;103;156;143;186;207;225;279;182;13850
290990;2193;18;69;234;16;27;78;67;54;34;20;31;17;2858
291000;908;4;15;7;2;14;2;4;1;1;3;3;2;966
291005;15336;551;586;876;252;164;307;469;648;350;709;676;372;21296
291010;893;26;13;6;2;45;6;5;8;9;5;2;1;1021
291020;283;11;2;46;1;1;1;6;10;7;6;0;0;374
291030;402;132;16;119;5;6;2;5;4;5;4;3;4;707
291040;1577;30;28;180;26;12;8;17;29;16;11;3;22;1959
291050;4370;204;107;261;98;64;53;83;72;42;62;78;53;5547
291060;4231;129;182;161;54;53;96;140;75;105;141;65;35;5467
291070;3749;69;95;73;22;24;32;33;26;28;40;51;45;4287
291072;22768;956;2057;835;1017;753;438;655;833;616;613;792;605;32938
291075;895;154;24;63;3;10;27;31;13;15;10;4;7;1256
291077;329;8;6;76;28;6;2;21;18;0;1;1;2;498
291080;121156;4114;3825;3509;1700;1408;1966;2464;2794;4317;4059;3756;3539;158607
291085;903;12;7;10;1;1;5;7;125;15;10;11;6;1113
291090;873;42;78;18;4;2;1;13;27;10;15;3;14;1100
291100;643;8;18;91;29;16;21;24;20;6;10;6;7;899
291110;4529;270;267;325;155;77;198;242;143;168;438;220;98;7130
291120;3099;79;200;74;12;13;16;24;38;47;86;46;63;3797
291125;371;4;2;2;2;0;4;2;0;2;0;0;1;390
291130;593;5;15;81;8;3;3;6;2;1;0;3;4;724
291140;938;30;68;27;2;4;13;14;21;8;7;14;1;1147
291150;933;169;22;66;9;2;21;18;13;11;7;4;7;1282
291160;2725;344;182;79;22;21;23;79;334;61;259;135;29;4293
291165;509;1;6;51;4;36;19;8;16;9;3;2;0;664
291170;11461;481;625;354;119;178;154;207;214;235;260;287;191;14766
291180;1668;89;37;52;58;23;16;23;43;23;15;9;10;2066
291185;766;27;19;12;3;10;9;12;17;2;1;20;0;898
291190;2206;18;36;29;31;39;5;17;13;67;82;16;31;2590
291200;792;4;14;2;3;0;1;0;3;3;2;8;3;835
291210;2032;34;34;41;14;12;51;33;50;10;27;24;14;2376
291220;2305;17;229;74;11;4;16;178;33;176;118;177;66;3404
291230;1530;64;21;12;1;3;6;8;4;53;67;10;7;1786
291240;779;6;3;5;5;1;6;4;9;8;7;9;2;844
291250;791;9;25;114;4;12;7;5;8;0;19;23;4;1021
291260;238;3;71;14;2;3;7;7;5;0;0;2;2;354
291270;1233;14;105;85;23;32;14;31;61;16;11;17;11;1653
291280;2026;33;90;39;431;183;24;35;35;29;21;79;48;3073
291290;1848;47;103;109;17;17;35;17;35;89;56;42;31;2446
291300;479;47;51;8;5;1;1;6;11;2;1;0;1;613
291310;748;2;0;3;4;0;1;1;2;2;2;4;0;769
291320;1793;42;72;45;8;27;59;28;29;43;59;38;95;2338
291330;346;105;42;4;1;0;3;34;37;16;10;3;7;608
291340;990;92;52;159;6;5;12;8;12;6;7;3;3;1355
291345;1321;45;38;66;33;16;8;23;21;29;17;31;8;1656
291350;1648;17;42;20;4;3;8;5;11;5;8;12;40;1823
291360;30647;1017;1255;841;272;340;344;405;522;774;838;840;929;39024
291370;2713;331;91;240;72;21;47;76;66;25;70;41;57;3850
291380;1021;9;11;62;15;4;16;1;9;3;2;3;2;1158
291390;4600;139;117;144;42;54;103;52;125;90;159;155;97;5877
291400;5974;167;228;254;80;52;184;71;72;105;109;88;148;7532
291410;867;21;36;23;5;35;13;7;28;12;23;6;8;1084
291420;411;3;0;0;0;0;1;0;9;10;11;4;0;449
291430;653;12;15;45;10;5;3;4;15;1;1;1;1;766
291440;1336;16;21;16;3;3;9;6;17;16;5;11;11;1470
291450;1639;346;47;267;18;13;42;36;52;29;26;36;18;2569
291460;12098;333;719;346;143;217;170;286;338;310;336;329;320;15945
291465;3356;205;125;323;144;77;62;102;120;61;82;96;77;4830
291470;8666;320;346;919;131;67;55;91;141;364;332;217;154;11803
291480;41089;1695;996;901;296;511;527;701;763;938;1109;1164;890;51580
291490;3738;172;144;130;40;44;19;40;73;68;105;197;199;4969
291500;844;26;139;73;25;16;16;9;56;0;13;5;3;1225
291510;644;9;4;14;1;25;7;22;15;3;3;10;2;759
291520;2095;63;111;131;53;61;58;64;125;159;110;80;94;3204
291530;1041;18;13;29;12;25;13;20;33;18;25;14;9;1270
291535;518;146;16;251;20;10;5;15;14;3;7;1;4;1010
291540;820;15;11;22;7;4;4;4;7;12;4;6;4;920
291550;970;16;13;34;9;12;4;10;24;52;56;85;44;1329
291560;8727;699;1006;363;780;326;181;181;206;215;168;179;144;13175
291570;469;4;3;2;1;1;1;1;2;8;3;0;4;499
291580;2124;97;42;55;5;19;24;37;32;31;29;24;25;2544
291590;617;21;12;64;10;20;11;10;7;8;10;7;6;803
291600;1417;27;84;19;10;9;9;4;8;6;15;13;10;1631
291610;2076;87;172;99;43;31;56;28;82;25;23;19;38;2779
291620;870;86;14;42;9;9;23;16;21;8;7;3;9;1117
291630;1051;41;77;15;10;12;31;18;18;18;21;3;10;1325
291640;13496;701;386;493;87;117;179;383;414;527;401;311;161;17656
291650;1878;357;201;112;22;21;15;66;131;37;68;199;33;3140
291660;864;8;14;80;13;10;18;14;14;6;3;5;5;1054
291670;148;7;1;4;2;1;1;3;4;2;3;3;3;182
291680;2646;48;43;55;16;19;19;32;22;27;199;70;26;3222
291685;1590;109;287;52;237;86;33;85;88;49;46;26;30;2718
291690;818;14;22;21;17;30;11;17;27;6;6;8;2;999
291700;1821;19;35;24;5;21;4;8;27;27;34;18;6;2049
291710;2269;85;150;48;9;48;42;37;110;155;32;7;35;3027
291720;1245;18;10;21;1;5;6;23;52;17;14;17;3;1432
291730;2334;45;57;48;24;6;17;21;33;33;32;27;65;2742
291733;724;5;4;1;0;1;1;3;1;1;8;1;2;752
291735;2740;198;140;127;87;153;256;187;162;189;167;114;68;4588
291740;608;62;110;14;3;4;3;14;8;5;3;6;3;843
291750;11086;312;264;238;70;125;113;298;267;209;254;264;216;13716
291760;3653;629;351;150;60;49;89;67;178;80;55;112;104;5577
291770;4269;42;78;301;24;55;60;107;106;41;60;42;31;5216
291780;1178;9;43;24;22;6;3;17;16;35;5;17;25;1400
291790;839;19;103;28;33;11;23;60;41;23;10;14;7;1211
291800;24764;834;696;569;258;247;274;250;510;656;766;790;357;30971
291810;2460;187;117;58;34;48;59;60;76;25;48;39;48;3259
291820;739;18;35;99;6;10;7;5;8;3;5;7;8;950
291830;827;227;31;242;113;12;11;7;2;13;23;1;9;1518
291835;1390;24;42;12;14;13;1;7;7;11;8;6;18;1553
291840;38332;1389;1470;1631;2092;1174;1387;1618;2179;1605;1204;1290;1136;56507
291845;612;20;171;29;6;3;5;0;5;12;5;10;9;887
291850;606;5;0;1;2;0;2;0;4;0;2;2;3;627
291855;698;38;3;13;31;11;7;13;25;5;4;7;16;871
291860;590;12;16;7;3;4;12;106;125;24;9;1;3;912
291870;409;38;98;25;5;0;5;30;20;11;8;7;4;660
291875;897;6;2;16;3;19;12;7;5;3;8;3;4;985
291880;1511;334;216;101;81;62;57;64;66;46;22;5;9;2574
291890;525;30;22;7;6;11;16;19;9;15;7;14;20;701
291900;297;3;1;19;0;0;0;3;2;3;2;1;0;331
291905;592;6;19;26;9;4;6;12;7;14;7;0;2;704
291910;457;20;45;23;2;3;2;2;2;3;1;0;8;568
291915;1442;44;140;155;47;28;50;37;48;22;16;28;9;2066
291920;110138;3815;4318;4264;2176;2714;2946;3572;4787;4857;4810;4114;4259;156770
291930;504;21;14;25;0;0;11;11;5;3;4;3;8;609
291940;968;20;7;16;3;1;3;9;4;5;4;3;9;1052
291950;3511;42;60;60;13;12;34;17;46;39;70;44;50;3998
291955;24091;1347;1580;1555;943;986;1829;1443;1358;1570;1610;1568;1046;40926
291960;76;2;0;0;0;1;0;0;1;1;2;0;0;83
291970;1871;105;37;34;8;7;9;23;14;8;9;12;9;2146
291980;2346;548;51;303;16;10;48;23;33;13;32;18;19;3460
291990;429;71;57;183;7;19;9;8;21;1;2;6;0;813
291992;2801;84;93;58;124;409;61;190;60;60;39;43;44;4066
291995;354;103;98;12;7;2;1;2;3;2;2;12;1;599
292000;1126;19;16;80;1;6;5;3;3;13;26;7;4;1309
292010;908;10;26;10;2;3;2;3;2;3;7;7;7;990
292020;1030;23;23;69;13;19;7;14;12;23;22;11;53;1319
292030;594;39;63;12;1;2;14;7;3;7;0;0;3;745
292040;692;7;2;6;2;7;2;3;1;3;5;4;3;737
292045;540;3;1;4;2;0;1;1;2;2;1;3;0;560
292050;2930;53;111;58;45;47;27;96;89;66;54;51;40;3667
292060;1942;34;63;29;15;12;17;28;63;47;31;18;20;2319
292070;1825;295;83;336;29;20;14;30;43;23;70;97;111;2976
292080;588;26;10;11;2;0;3;2;2;7;8;0;2;661
292090;966;19;37;16;2;13;4;11;13;10;10;3;10;1114
292100;14278;486;336;379;90;219;166;129;204;235;561;529;769;18381
292105;521;7;150;26;2;0;0;4;2;2;4;0;0;718
292110;3023;374;87;133;1021;84;45;45;121;49;46;35;30;5093
292120;1705;16;37;27;6;9;15;14;25;18;35;20;15;1942
292130;843;27;20;98;5;9;14;12;18;5;11;26;16;1104
292140;160;0;1;9;2;6;7;2;0;4;4;2;1;198
292145;465;8;39;7;1;2;6;6;5;3;3;4;3;552
292150;2705;23;37;20;8;8;31;13;22;6;10;11;5;2899
292160;434;13;4;52;10;12;17;0;10;1;0;1;1;555
292170;2478;156;56;250;18;17;15;22;37;67;68;65;48;3297
292180;723;28;121;14;1;3;2;2;5;2;3;5;3;912
292190;2681;21;51;21;9;14;75;258;101;165;46;221;135;3798
292200;8402;495;563;229;117;457;241;676;543;498;659;350;265;13495
292205;787;9;5;1;2;0;4;5;10;4;0;0;0;827
292210;910;12;89;13;1;5;6;8;10;9;3;10;4;1080
292220;547;31;22;64;2;9;5;3;3;3;9;19;15;732
292225;868;109;21;20;14;1;5;13;18;36;7;2;38;1152
292230;2161;380;221;191;82;93;175;142;137;70;69;114;39;3874
292240;2702;32;37;40;45;620;64;70;94;95;356;71;48;4274
292250;2345;54;33;62;20;12;23;40;123;26;31;26;18;2813
292260;818;14;20;44;8;2;3;4;7;7;5;2;3;937
292265;773;2;6;27;3;8;5;9;14;9;13;9;20;898
292270;894;10;6;18;2;2;1;2;2;4;7;9;3;960
292273;547;26;25;16;6;18;16;3;3;4;10;15;9;698
292275;465;13;12;13;17;2;4;7;1;3;0;5;1;543
292280;526;11;7;113;13;10;13;9;17;2;3;0;0;724
292285;438;16;4;21;3;1;1;1;5;2;1;0;0;493
292290;1253;227;34;166;12;11;11;15;27;13;5;9;5;1788
292300;5349;375;543;168;134;244;107;91;105;167;134;83;109;7609
292303;484;6;49;44;3;2;58;10;11;3;2;1;1;674
292305;680;12;12;13;14;11;9;9;0;1;1;0;7;769
292310;1193;150;164;20;8;8;21;20;51;13;28;20;29;1725
292320;1258;19;30;15;5;118;122;215;224;193;83;57;55;2394
292330;399;21;7;13;0;1;5;26;7;8;1;9;0;497
292335;1625;37;76;73;48;12;24;13;63;28;45;27;18;2089
292340;1209;28;18;73;8;16;35;14;33;54;8;13;29;1538
292350;631;23;34;25;1;16;23;3;14;2;2;4;7;785
292360;1705;21;31;22;4;5;9;31;22;25;16;15;7;1913
292370;2805;55;262;305;26;102;60;41;19;14;12;21;12;3734
292380;1911;18;60;39;16;7;39;26;41;14;10;28;11;2220
292390;821;12;11;9;4;4;2;1;3;4;5;15;5;896
292400;14922;461;490;451;195;213;196;402;424;407;666;371;268;19466
292405;877;16;9;14;9;7;9;1;25;7;4;7;85;1070
292410;339;4;2;18;5;2;7;5;3;3;4;0;0;392
292420;938;5;5;7;1;1;2;0;1;0;0;5;0;965
292430;768;69;117;16;3;2;7;25;76;10;16;4;9;1122
292440;1763;5;3;16;10;11;4;7;2;12;0;6;0;1839
292450;709;36;35;24;4;6;11;20;39;6;7;8;12;917
292460;1333;30;17;134;4;16;48;25;37;1;8;13;11;1677
292465;728;19;16;24;10;9;5;14;13;8;16;1;5;868
292467;650;9;10;19;1;2;3;4;4;5;2;0;0;709
292470;681;6;6;3;1;3;4;14;1;14;0;0;0;733
292480;830;23;15;18;4;4;4;4;27;5;5;3;0;942
292490;434;30;38;128;6;10;9;16;14;27;5;1;1;719
292500;1640;42;43;25;12;14;8;32;33;33;20;16;30;1948
292510;3752;94;92;49;17;18;104;137;42;51;61;40;59;4516
292520;6964;123;156;152;119;101;144;102;117;192;188;113;108;8579
292525;1018;15;8;9;3;4;1;4;3;1;3;13;0;1082
292530;32113;1871;2468;1100;259;348;487;491;478;1199;1706;2370;2960;47850
292540;1168;14;13;20;6;8;11;12;20;20;19;24;7;1342
292550;3563;146;152;414;250;261;387;82;96;46;77;131;113;5718
292560;499;18;196;73;3;2;1;8;4;2;1;4;8;819
292570;614;44;202;28;3;2;5;5;12;5;6;10;2;938
292575;1945;33;46;169;33;26;22;117;43;36;30;18;10;2528
292580;526;16;26;14;10;2;2;4;12;7;6;5;4;634
292590;953;151;171;27;12;2;4;19;5;2;2;4;4;1356
292593;584;4;8;3;0;1;1;1;0;3;3;3;1;612
292595;505;15;21;12;7;6;9;11;9;10;10;30;20;665
292600;3440;30;513;26;17;15;38;34;29;35;36;21;32;4266
292610;1105;146;136;43;16;17;11;19;20;28;17;12;10;1580
292620;2827;159;158;123;57;58;204;149;126;183;84;81;86;4295
292630;2649;149;56;96;15;76;51;43;86;32;34;65;87;3439
292640;1492;42;69;304;14;4;11;25;19;13;13;6;5;2017
292650;1654;49;16;5;5;2;3;52;76;86;441;103;33;2525
292660;4713;402;127;312;43;51;75;82;106;74;81;85;100;6251
292665;762;44;23;5;2;6;4;3;11;2;11;6;3;882
292670;830;11;42;18;8;10;8;11;30;7;8;3;7;993
292680;792;8;2;10;2;0;3;2;1;4;0;4;0;828
292690;650;2;1;5;1;0;2;1;0;3;2;0;0;667
292700;3111;353;118;279;27;47;31;32;74;35;37;57;22;4223
292710;648;101;7;188;5;0;19;5;11;1;22;1;6;1014
292720;3135;192;451;133;29;37;33;27;118;150;241;98;28;4672
292730;912;26;35;45;4;9;3;11;18;9;9;11;4;1096
292740;755190;23520;22765;19648;9159;11035;11277;13677;17237;18205;23032;20731;18717;964193
292750;1173;30;51;17;2;15;6;4;46;8;7;1;0;1360
292760;956;7;3;11;2;2;9;7;9;1;3;2;2;1014
292770;3862;203;676;240;48;209;406;216;170;209;160;156;158;6713
292780;568;2;6;1;1;5;6;0;8;3;4;4;1;609
292790;492;8;3;25;1;4;9;4;3;4;5;0;6;564
292800;2669;49;162;100;24;36;23;32;139;114;79;46;179;3652
292805;851;17;4;93;16;17;15;57;25;24;36;14;12;1181
292810;4362;127;78;91;26;69;63;65;106;61;77;76;56;5257
292820;1568;27;15;12;5;4;4;10;8;6;5;5;6;1675
292830;527;6;5;5;8;1;1;2;6;3;2;2;1;569
292840;1313;22;17;7;5;10;53;13;30;36;35;9;10;1560
292850;599;20;135;12;0;17;9;13;15;25;16;24;4;889
292860;4970;280;163;402;362;87;197;123;350;86;225;75;92;7412
292870;22050;543;549;588;396;222;274;346;512;513;626;666;595;27880
292880;6981;128;375;235;32;19;25;47;101;76;136;280;148;8583
292890;7886;474;361;663;233;366;1008;655;442;436;567;337;320;13748
292895;483;246;42;92;6;7;11;13;32;1;2;2;4;941
292900;1885;38;50;87;23;41;81;23;33;3;4;3;2;2273
292905;1668;35;35;76;22;27;33;30;28;24;23;21;37;2059
292910;1322;188;51;195;15;9;17;4;8;38;11;11;11;1880
292920;9201;86;225;390;104;79;52;55;64;95;75;167;81;10674
292925;988;22;193;26;15;37;13;18;86;6;4;5;5;1418
292930;6509;269;180;183;163;86;184;212;193;385;240;294;188;9086
292935;564;15;19;106;13;3;3;5;3;4;2;2;1;740
292937;674;9;22;3;4;1;5;5;7;3;4;4;6;747
292940;737;5;14;65;8;1;10;9;18;11;4;8;0;890
292950;4401;785;372;216;64;42;80;134;205;202;181;97;96;6875
292960;1416;29;43;90;32;15;65;56;69;59;79;27;15;1995
292970;1531;33;66;52;37;34;48;128;26;29;16;26;20;2046
292975;901;26;32;33;6;6;4;2;3;10;10;11;21;1065
292980;686;11;60;5;2;2;0;2;12;5;2;3;2;792
292990;4430;87;96;536;57;67;72;69;120;79;61;69;70;5813
293000;127;4;0;2;5;1;5;0;3;2;1;0;1;151
293010;8093;234;244;232;92;96;100;99;112;170;369;179;168;10188
293015;2257;61;181;87;36;26;69;38;70;27;17;47;25;2941
293020;2492;103;54;162;66;63;44;93;74;75;25;68;19;3338
293030;315;8;21;9;2;4;3;10;8;2;3;4;9;398
293040;665;244;30;164;30;32;46;90;82;8;5;8;24;1428
293050;8980;721;438;335;89;94;177;302;426;281;398;195;174;12610
293060;912;16;43;18;6;6;3;12;48;5;3;2;6;1080
293070;37284;1605;2048;1153;743;761;848;1073;1305;1306;1461;1731;1043;52361
293075;774;16;7;11;13;14;7;9;2;4;6;2;6;871
293076;621;6;5;23;1;3;1;5;8;1;0;0;2;676
293077;2117;89;215;566;51;56;52;108;132;55;33;32;21;3527
293080;619;35;81;17;0;1;7;4;1;3;5;1;8;782
293090;880;15;42;22;5;5;2;10;5;8;17;28;47;1086
293100;1382;30;60;318;20;13;7;9;43;11;14;11;22;1940
293105;944;21;50;15;11;5;48;15;8;5;9;2;4;1137
293110;430;13;29;9;1;3;2;1;2;5;8;8;2;513
293120;909;15;31;47;9;2;9;7;9;9;2;4;11;1064
293130;852;14;28;7;3;1;5;6;6;2;3;13;3;943
293135;24383;902;1561;937;488;378;576;941;745;791;794;776;667;33939
293140;796;57;222;66;39;13;22;19;60;8;25;14;10;1351
293150;1001;7;18;7;5;5;5;7;8;8;7;4;4;1086
293160;1066;15;12;18;6;4;3;3;7;3;18;5;6;1166
293170;1423;53;143;55;18;31;35;75;64;25;16;9;36;1983
293180;742;23;92;9;5;3;2;3;8;1;1;0;2;891
293190;3171;118;91;83;16;23;40;23;36;29;25;27;27;3709
293200;1168;247;20;181;18;56;16;25;53;2;5;3;4;1798
293210;1731;175;20;180;72;247;598;335;305;93;281;106;88;4231
293220;2005;117;29;300;23;23;25;23;52;20;33;41;36;2727
293230;1610;25;52;92;15;13;9;12;31;9;15;14;12;1909
293240;537;3;99;10;2;0;1;2;0;0;4;1;1;660
293245;1324;23;34;61;20;22;12;43;33;29;21;31;27;1680
293250;2655;48;90;215;16;13;27;36;52;40;28;42;176;3438
293260;1029;104;89;22;0;2;12;7;7;6;10;5;8;1301
293270;1557;71;36;27;13;28;11;41;18;27;37;23;48;1937
293280;1289;12;25;9;10;4;2;11;17;6;13;9;10;1417
293290;11853;259;237;830;142;70;147;155;162;223;243;254;241;14816
293300;2396;478;401;258;40;20;70;37;196;57;52;68;34;4107
293305;762;13;4;10;3;3;10;7;4;5;3;3;4;831
293310;443;34;24;2;2;1;2;12;2;9;2;5;4;542
293315;886;12;13;17;6;4;7;34;3;4;12;6;6;1010
293317;615;2;10;18;7;5;3;12;23;22;11;27;19;774
293320;3857;101;83;443;62;21;72;67;108;138;82;106;100;5240
293325;591;24;62;17;2;2;3;1;7;2;2;2;1;716
293330;72249;2303;2498;2476;748;836;1044;1658;2083;2180;2209;2170;1787;94241
293340;500;8;39;15;13;1;13;19;12;7;8;8;6;649
293345;981;9;9;98;29;14;7;8;3;13;5;4;7;1187
293350;1369;24;24;22;8;12;4;12;5;16;43;5;7;1551
293360;2517;72;452;30;17;19;23;32;19;24;35;35;45;3320
310010;1742;77;50;82;39;91;37;52;42;42;57;55;36;2402
310020;4108;220;215;126;65;69;73;107;102;116;138;103;120;5562
310030;1693;123;122;50;32;52;37;55;68;66;61;48;42;2449
310040;462;10;15;13;5;3;6;11;9;6;5;10;3;558
310050;509;8;20;14;9;4;5;14;26;6;4;7;6;632
310060;870;87;40;26;2;14;32;16;24;9;29;17;15;1181
310070;426;8;6;6;5;12;2;8;6;20;12;6;15;532
310080;651;19;53;18;4;7;17;8;13;13;20;21;9;853
310090;1718;101;129;41;11;51;42;33;33;26;28;18;31;2262
310100;1092;21;108;50;24;75;5;22;49;16;14;24;12;1512
310110;3061;67;253;155;86;46;74;71;84;193;111;131;70;4402
310120;918;42;33;25;12;9;12;23;49;24;16;39;10;1212
310130;381;18;15;5;0;4;4;1;9;3;12;1;7;460
310140;410;15;17;24;12;3;33;24;12;9;4;8;8;579
310150;5304;110;197;107;54;136;97;82;104;124;157;185;88;6745
310160;21395;1333;1250;1007;645;637;602;852;875;953;893;736;541;31719
310163;823;61;43;25;27;25;10;30;21;27;28;30;39;1189
310170;5579;370;356;290;112;98;105;113;187;281;210;97;114;7912
310180;804;18;90;34;24;17;33;18;20;17;20;34;13;1142
310190;2666;75;98;74;38;70;63;60;70;69;80;72;93;3528
310200;1573;42;76;77;45;47;35;19;38;68;40;22;38;2120
310205;552;23;21;12;4;10;6;9;13;15;5;9;4;683
310210;885;17;23;18;7;7;10;12;18;7;8;6;5;1023
310220;326;10;65;16;4;1;2;7;9;0;1;6;1;448
310230;2407;40;32;32;13;26;26;52;93;76;48;32;24;2901
310240;434;53;33;9;3;8;2;8;12;2;3;4;4;575
310250;423;20;23;14;2;4;17;15;10;11;6;7;9;561
310260;10450;399;513;410;98;104;130;223;388;376;521;419;337;14368
310270;668;69;58;19;10;8;2;13;14;17;11;17;11;917
310280;1699;84;98;61;22;30;39;78;67;80;58;53;59;2428
310285;777;28;46;40;35;47;89;68;23;28;75;9;19;1284
310290;1519;51;87;57;25;10;55;48;54;43;77;57;49;2132
310300;2594;95;169;87;95;105;90;32;64;46;40;61;43;3521
310310;210;3;21;1;0;0;0;12;12;0;1;0;0;260
310320;498;11;16;9;2;2;3;11;13;10;12;11;7;605
310330;197;1;4;6;7;0;0;5;17;0;3;0;0;240
310340;4018;165;305;127;39;62;134;121;101;121;128;124;91;5536
310350;24730;1123;1137;1031;667;830;916;1043;974;1107;1166;1086;969;36779
310360;343;12;12;24;1;2;6;3;9;16;15;4;2;449
310370;498;13;43;14;1;2;9;46;10;2;3;6;3;650
310375;2991;171;244;184;116;69;80;69;73;106;74;74;118;4369
310380;602;11;8;16;13;5;21;27;28;27;7;11;11;787
310390;1917;117;164;63;20;25;43;45;86;99;86;38;46;2749
310400;29751;1053;1228;1052;522;595;720;984;935;1137;1161;1209;917;41264
310410;2089;63;142;127;68;62;28;37;72;64;89;57;38;2936
310420;11151;514;608;603;244;407;328;430;409;502;499;479;376;16550
310430;1794;62;71;45;27;80;87;58;57;92;73;36;55;2537
310440;402;3;24;9;3;5;4;10;8;12;6;2;12;500
310445;328;25;36;9;2;0;4;16;23;6;9;12;8;478
310450;1607;40;192;37;11;22;72;26;46;30;27;49;23;2182
310460;3842;135;117;80;24;14;39;107;168;158;299;237;154;5374
310470;1044;43;68;20;18;18;26;31;26;12;20;22;19;1367
310480;534;8;57;12;4;7;9;16;6;14;9;3;4;683
310490;3263;165;100;98;35;88;47;68;71;85;159;125;67;4371
310500;1598;107;86;120;27;50;155;100;200;114;71;96;129;2853
310510;4405;453;430;171;52;136;160;135;117;142;134;102;59;6496
310520;327;73;37;15;4;22;1;15;12;0;6;4;0;516
310530;867;27;30;33;5;21;8;15;14;15;38;19;14;1106
310540;6229;243;453;401;174;230;368;415;374;303;328;294;308;10120
310550;521;15;18;12;10;4;39;13;26;12;10;5;6;691
310560;28356;862;1318;782;314;386;425;548;735;783;939;892;1014;37354
310570;473;15;20;14;6;3;6;30;9;19;11;15;9;630
310590;2761;124;131;85;48;64;65;80;133;127;91;89;55;3853
310600;1326;34;61;27;17;23;26;39;41;37;43;35;24;1733
310610;663;17;17;5;4;3;5;6;16;6;13;8;7;770
310620;1317565;40008;47892;39852;17247;20329;27375;33746;35310;39703;41738;42575;33708;1737048
310630;7643;157;412;335;56;76;105;195;215;207;346;262;199;10208
310640;879;394;154;51;22;28;34;29;35;32;50;29;22;1759
310650;624;16;41;17;11;1;11;41;40;4;0;23;4;833
310660;193;63;95;13;3;7;13;18;12;1;2;0;0;420
310665;444;57;75;11;8;19;8;22;23;10;8;0;4;689
310670;111542;3645;4129;4022;1691;1544;2161;2963;3922;3938;4052;3950;3685;151244
310680;305;9;16;5;1;4;4;1;26;1;3;1;1;377
310690;2896;103;84;79;35;25;37;78;78;109;85;65;46;3720
310700;311;2;11;4;2;4;4;6;1;2;2;8;3;360
310710;7115;327;334;378;223;325;223;207;162;239;268;244;187;10232
310720;581;11;24;16;17;12;16;4;9;15;14;7;12;738
310730;8185;238;389;390;246;163;205;222;235;265;301;326;299;11464
310740;11445;533;615;595;216;220;251;384;391;548;546;472;410;16626
310750;966;28;42;38;8;10;22;33;18;22;24;21;15;1247
310760;629;45;34;43;31;28;27;43;25;9;15;30;8;967
310770;1065;28;19;17;15;15;30;26;22;42;40;29;17;1365
310780;816;116;100;68;21;33;15;45;149;35;28;24;25;1475
310790;945;100;85;62;13;17;16;19;35;31;39;30;14;1406
310800;2347;91;96;63;35;212;174;69;44;40;72;42;52;3337
310810;571;17;42;16;6;3;17;15;9;17;22;19;13;767
310820;1012;37;70;14;21;44;37;60;38;30;31;15;25;1434
310825;509;20;77;16;21;19;5;15;28;17;22;2;20;771
310830;2819;80;111;80;33;21;79;110;104;113;148;125;47;3870
310840;2668;121;88;121;54;173;151;91;54;64;91;79;60;3815
310850;404;21;39;17;5;16;29;9;7;12;30;13;14;616
310855;1541;128;181;74;32;80;84;82;108;59;56;70;59;2554
310860;2780;335;152;105;66;78;53;100;55;51;50;55;43;3923
310870;279;9;38;21;3;5;4;5;5;6;7;5;1;388
310880;370;10;10;6;5;3;8;1;10;4;2;0;4;433
310890;1386;50;59;32;8;18;32;35;23;40;37;36;61;1817
310900;11198;424;847;471;258;219;423;446;356;364;485;365;249;16105
310910;1063;60;61;28;20;10;16;17;28;14;18;21;18;1374
310920;877;32;38;30;4;19;11;14;31;20;22;13;4;1115
310925;321;5;22;10;3;3;5;6;4;1;5;3;2;390
310930;3815;144;401;233;56;77;204;125;114;137;144;120;73;5643
310940;3230;501;300;351;122;208;154;195;200;152;209;183;134;5939
310945;927;20;97;20;23;9;17;24;18;16;31;23;19;1244
310950;1648;58;110;77;59;247;163;66;37;43;30;39;32;2609
310960;507;18;39;20;6;3;9;9;8;10;10;11;10;660
310970;1945;93;153;71;31;105;74;101;47;68;49;105;39;2881
310980;712;48;25;70;19;67;21;12;27;122;16;51;31;1221
310990;2250;55;58;57;26;24;33;36;39;59;99;57;39;2832
311000;5414;185;229;217;148;141;224;185;208;232;199;190;125;7697
311010;439;14;38;8;7;20;14;11;11;4;7;9;3;585
311020;530;66;58;18;8;14;20;13;14;13;9;6;6;775
311030;1988;60;59;67;52;49;53;53;57;56;65;50;46;2655
311040;292;0;4;3;0;49;2;4;3;3;2;0;4;366
311050;5456;623;443;256;55;95;125;171;315;259;339;420;274;8831
311060;6880;273;260;242;44;55;124;198;275;307;247;375;222;9502
311070;1691;41;150;137;54;53;124;89;79;30;39;36;47;2570
311080;428;78;24;14;4;2;4;4;7;7;6;7;4;589
311090;2974;166;174;108;55;111;154;84;92;96;73;79;64;4230
311100;2767;166;177;140;46;285;265;142;140;117;109;73;47;4474
311110;2513;100;139;144;41;64;80;92;84;82;82;103;90;3614
311115;362;2;17;5;6;3;7;5;13;17;8;1;0;446
311120;10231;1163;726;679;188;192;269;578;358;330;394;426;271;15805
311130;1513;34;63;81;139;98;42;28;51;68;40;28;21;2206
311140;2457;91;282;264;70;105;52;48;44;39;44;44;48;3588
311150;2157;217;311;276;88;166;605;281;77;62;53;103;126;4522
311160;4018;168;215;181;154;208;168;106;96;131;111;145;114;5815
311170;372;7;23;4;2;2;6;42;8;2;4;4;1;477
311180;2143;129;249;98;222;85;70;78;68;112;53;65;46;3418
311190;672;8;24;10;2;7;7;7;8;22;11;10;5;793
311200;2330;57;97;80;55;40;45;64;59;43;41;84;51;3046
311205;485;4;8;14;18;5;10;10;12;2;5;16;27;616
311210;455;9;14;21;6;6;8;12;1;12;6;6;4;560
311220;454;8;21;7;5;9;6;15;3;8;8;3;2;549
311230;5523;302;314;171;64;103;106;164;165;155;160;151;116;7494
311240;1098;61;94;85;29;178;121;57;34;66;137;91;43;2094
311250;902;61;121;33;18;25;21;76;37;30;38;21;19;1402
311260;2433;258;274;114;51;76;91;82;156;129;163;94;75;3996
311265;376;68;67;10;1;4;5;12;24;3;10;4;7;591
311270;2785;157;91;65;51;64;70;68;68;50;85;86;69;3709
311280;2396;102;144;111;43;41;34;46;64;74;136;152;96;3439
311290;512;43;128;18;9;9;7;13;19;7;5;5;7;782
311300;901;11;121;99;6;8;7;9;15;13;8;4;3;1205
311310;199;63;42;8;7;5;6;16;12;5;3;5;1;372
311320;4011;149;307;174;82;95;95;115;98;125;126;94;118;5589
311330;5041;144;212;126;186;142;125;119;184;145;121;133;88;6766
311340;18581;913;1559;919;365;568;601;696;768;737;848;820;608;27983
311350;1604;40;106;35;14;22;18;27;56;27;19;26;23;2017
311360;978;41;59;50;19;59;52;29;48;29;34;46;28;1472
311370;2858;93;189;117;50;76;66;78;80;57;142;82;52;3940
311380;337;3;27;3;1;1;12;4;3;1;0;5;1;398
311390;2503;139;83;93;158;369;233;91;81;58;76;120;42;4046
311400;2164;45;93;74;33;102;46;41;82;61;64;55;34;2894
311410;2149;141;98;69;68;360;275;92;57;56;43;245;62;3715
311420;4678;170;288;159;95;109;191;131;237;259;294;205;118;6934
311430;4794;187;174;183;68;211;232;138;109;143;139;207;121;6706
311440;3548;247;235;119;74;140;131;146;115;130;95;110;99;5189
311450;3582;106;222;130;42;30;66;95;144;131;148;131;83;4910
311455;2239;67;119;75;64;55;49;34;44;49;35;37;42;2909
311460;654;20;25;15;6;10;5;9;9;19;20;25;9;826
311470;395;3;12;11;3;17;6;1;5;3;5;4;3;468
311480;475;4;12;6;3;10;6;9;11;8;4;7;4;559
311490;273;37;17;7;6;8;5;4;5;3;1;2;1;369
311500;573;54;116;146;51;29;26;94;32;16;10;5;38;1190
311510;2761;150;115;85;78;128;110;111;69;65;105;101;51;3929
311520;306;3;9;4;2;4;4;4;12;1;1;3;0;353
311530;15834;390;444;417;153;97;239;260;244;344;446;322;273;19463
311535;1234;27;27;24;6;17;22;18;26;18;15;18;16;1468
311540;365;38;52;37;9;11;6;28;12;61;5;16;14;654
311545;645;17;13;67;11;22;20;85;31;17;26;8;22;984
311547;283;30;37;5;2;7;4;11;7;1;2;3;7;399
311550;3502;146;106;121;39;70;68;49;48;59;67;82;62;4419
311560;191;1;2;1;2;1;0;2;7;3;4;2;1;217
311570;457;166;83;27;7;12;16;16;45;15;10;7;12;873
311580;981;21;104;29;13;16;11;14;16;17;27;17;9;1275
311590;370;16;39;25;9;11;19;7;15;10;12;5;3;541
311600;406;6;73;8;7;3;4;2;8;4;1;2;4;528
311610;463;156;99;36;22;7;9;10;11;5;7;2;1;828
311615;1182;77;143;29;27;23;61;94;28;23;19;28;21;1755
311620;351;11;88;14;8;5;10;22;38;0;9;4;9;569
311630;380;9;7;4;2;4;9;4;14;5;2;1;9;450
311640;896;47;30;27;4;26;29;14;37;45;37;63;20;1275
311650;582;31;36;17;3;23;7;21;13;16;16;6;6;777
311660;9181;430;594;355;165;165;300;382;541;575;538;414;257;13897
311670;965;44;52;99;12;14;22;47;25;25;33;29;9;1376
311680;635;18;34;16;3;3;9;14;13;13;5;4;8;775
311690;3230;26;26;33;183;787;404;213;209;313;131;107;111;5773
311700;398;14;29;30;2;4;2;5;8;7;6;4;12;521
311710;1051;98;85;52;88;106;39;76;43;27;22;22;9;1718
311720;280;4;5;1;1;3;0;0;3;2;1;0;0;300
311730;5353;229;419;993;215;100;116;105;108;98;92;183;163;8174
311740;358;8;45;8;5;4;17;2;5;3;3;4;4;466
311750;5488;173;369;312;197;261;139;188;339;154;407;223;89;8339
311760;1854;42;72;61;27;22;29;45;44;70;59;68;61;2454
311770;2226;104;89;65;84;281;126;64;54;119;150;72;25;3459
311780;2149;192;198;113;41;32;28;55;133;56;90;79;187;3353
311783;346;4;43;10;3;2;8;4;17;8;1;1;1;448
311787;5637;272;175;145;55;29;54;110;121;199;157;207;174;7335
311790;1375;78;99;61;44;22;28;47;39;42;52;51;26;1964
311800;17416;604;721;363;203;258;378;432;425;569;837;465;726;23397
311810;300;12;21;14;5;3;5;2;7;3;6;4;3;385
311820;1356;27;61;64;31;24;13;18;24;33;17;14;11;1693
311830;22189;848;1162;801;259;664;591;654;745;763;835;940;726;31177
311840;2056;56;214;54;24;43;57;172;49;58;56;51;54;2944
311850;169;4;4;7;1;3;0;0;5;5;1;1;1;201
311860;194513;7770;8768;8550;3706;4362;5360;7162;7180;10154;12311;9899;8219;287954
311870;1294;72;83;58;30;129;93;61;32;45;30;46;23;1996
311880;1344;393;235;49;23;15;27;55;60;18;35;29;15;2298
311890;723;31;54;14;8;7;12;32;19;24;21;56;19;1020
311900;410;17;7;24;5;31;14;19;22;12;8;4;19;592
311910;2875;98;177;93;45;154;59;80;137;79;76;104;151;4128
311920;614;181;103;54;15;20;17;29;43;12;18;12;7;1125
311930;5802;330;497;348;142;410;346;337;178;235;193;197;208;9223
311940;15360;821;1046;661;281;339;456;523;559;603;623;593;531;22396
311950;656;85;107;31;2;6;21;19;35;3;15;7;3;990
311960;530;36;36;18;6;4;4;3;16;12;10;1;6;682
311970;472;15;33;29;12;3;40;13;13;12;16;21;13;692
311980;616;34;19;14;5;132;143;46;26;11;13;10;11;1080
311990;301;2;3;7;0;5;1;0;3;1;3;0;3;329
311995;1445;40;78;53;28;43;24;47;54;29;43;33;24;1941
312000;367;16;32;2;10;4;4;13;6;2;2;5;1;464
312010;691;31;46;34;24;8;13;8;18;8;25;17;21;944
312015;450;12;57;19;11;6;6;9;8;4;2;6;1;591
312020;2997;204;193;218;57;25;40;144;140;116;111;96;49;4390
312030;485;6;14;16;6;4;16;2;18;22;35;12;6;642
312040;692;20;33;28;11;15;27;18;25;19;26;20;16;950
312050;1495;76;116;57;25;30;60;35;34;32;39;20;30;2049
312060;654;35;49;38;14;10;4;3;25;15;5;11;11;874
312070;719;31;85;30;15;22;52;24;32;24;23;27;14;1098
312080;2883;77;133;83;39;26;44;54;77;57;71;64;61;3669
312083;402;19;69;8;11;9;13;25;22;11;12;6;138;745
312087;476;78;40;23;19;24;27;26;85;6;6;2;3;815
312090;17804;791;800;704;475;548;521;577;698;670;783;674;584;25629
312100;585;17;4;26;4;2;11;3;7;2;4;9;3;677
312110;855;15;24;22;5;12;28;42;26;16;28;12;14;1099
312120;1820;80;137;84;48;98;68;83;64;60;57;87;43;2729
312125;3310;128;133;487;161;117;82;177;62;60;56;194;123;5090
312130;904;37;43;12;3;6;2;4;9;55;30;38;30;1173
312140;895;17;25;34;11;27;21;13;28;50;36;36;16;1209
312150;346;4;21;18;2;1;2;1;11;1;1;2;0;410
312160;9212;167;466;269;104;106;193;191;182;206;164;258;157;11675
312170;234;7;46;25;11;1;32;3;11;1;2;5;6;384
312180;784;41;37;21;4;5;12;40;35;12;10;7;8;1016
312190;565;18;12;23;5;12;13;11;7;16;17;6;17;722
312200;1699;95;91;53;25;23;29;28;40;64;51;31;90;2319
312210;441;19;37;14;3;7;5;17;11;3;4;3;1;565
312220;376;138;90;20;5;4;7;10;12;9;18;5;15;709
312230;57852;2285;2879;2696;912;1033;1343;1904;2086;2225;2467;2500;1848;82030
312235;688;100;45;21;10;10;19;36;46;8;13;10;9;1015
312240;621;21;26;23;18;71;41;12;7;21;33;6;9;909
312245;497;54;24;20;7;5;11;13;17;3;2;2;3;658
312247;310;7;21;13;1;1;4;6;4;12;2;2;3;386
312250;580;26;32;22;9;4;5;2;7;11;12;8;3;721
312260;410;9;13;7;16;4;3;9;4;4;6;3;2;490
312270;936;13;24;13;6;5;14;23;23;26;9;6;4;1102
312280;312;8;15;2;7;11;14;4;6;3;5;1;6;394
312290;858;43;27;36;13;14;33;17;32;29;23;26;11;1162
312300;2930;39;102;58;33;9;18;28;33;49;43;34;39;3415
312310;624;108;35;22;8;3;5;7;23;12;13;7;9;876
312320;2167;98;137;94;78;58;41;63;104;97;62;80;39;3118
312330;288;31;112;9;19;3;4;5;5;5;2;7;4;494
312340;292;19;5;5;3;2;5;4;4;6;6;8;1;360
312350;364;11;5;5;11;1;1;1;0;4;1;4;1;409
312352;345;23;100;24;2;12;8;7;14;8;3;1;4;551
312360;5341;200;199;204;116;132;155;147;216;198;211;219;142;7480
312370;1360;59;104;112;26;19;36;28;30;25;44;39;38;1920
312380;698;45;39;28;10;20;42;13;19;19;31;4;9;977
312385;366;15;71;13;7;12;15;10;5;9;10;6;5;544
312390;1954;53;199;74;41;62;41;36;60;51;66;55;72;2764
312400;2436;48;124;59;17;19;47;50;29;52;65;75;40;3061
312410;6572;225;395;227;114;80;134;189;198;208;231;234;187;8994
312420;3201;85;36;185;47;52;69;108;80;98;62;84;71;4178
312430;2942;69;190;84;51;54;45;72;86;55;57;149;52;3906
312440;731;16;33;24;10;10;9;7;9;15;19;20;14;917
312450;1609;78;79;64;19;30;83;59;74;86;56;55;53;2345
312460;368;7;8;8;2;6;2;5;10;1;5;3;0;425
312470;471;12;32;13;6;13;12;11;10;7;6;14;7;614
312480;1443;68;50;22;19;47;88;50;109;79;37;42;30;2084
312490;1436;30;89;46;10;3;18;28;69;43;80;32;22;1906
312500;385;19;16;15;17;1;6;13;22;10;15;2;5;526
312510;24146;1651;1966;1318;644;855;1181;1946;2324;2816;3537;2336;1462;46182
312520;251;16;13;9;3;5;5;9;4;2;2;1;0;320
312530;529;16;45;19;1;7;7;5;5;6;4;2;6;652
312540;401;9;39;11;5;8;4;15;21;4;8;8;5;538
312550;376;9;14;6;1;2;0;6;2;2;0;1;1;420
312560;559;8;53;14;3;53;6;11;14;5;5;6;6;743
312570;2241;66;106;59;42;39;65;49;53;57;44;68;46;2935
312580;444;20;48;21;21;17;23;14;11;4;3;2;2;630
312590;960;24;79;17;9;3;8;14;28;12;14;11;9;1188
312595;710;173;108;25;14;12;15;19;14;18;15;10;12;1145
312600;1393;60;55;78;18;20;18;35;34;64;49;34;52;1910
312610;19840;1033;1338;924;329;452;600;775;764;731;944;888;632;29250
312620;801;39;100;55;53;24;22;14;38;21;23;25;7;1222
312630;490;9;22;30;11;23;8;15;7;28;11;12;9;675
312640;450;16;36;30;20;6;7;13;6;15;5;7;5;616
312650;443;3;25;8;9;8;2;4;7;2;3;6;4;524
312660;611;55;48;29;18;34;66;35;108;31;12;14;8;1069
312670;2608;58;118;104;37;31;51;47;74;48;63;38;53;3330
312675;509;60;45;45;1;5;7;13;36;16;5;3;6;751
312680;539;11;6;19;1;6;3;2;9;4;3;5;10;618
312690;747;121;84;84;18;21;18;27;29;40;27;18;47;1281
312695;279;4;18;4;4;1;1;4;2;2;0;0;6;325
312700;2122;248;180;185;59;48;51;70;100;75;65;59;63;3325
312705;341;13;38;11;11;3;2;2;7;2;1;1;1;433
312707;332;48;8;20;4;6;9;15;101;2;5;4;1;555
312710;12714;464;486;633;668;392;310;391;353;549;596;382;407;18345
312720;702;28;62;15;10;13;32;19;59;10;40;14;40;1044
312730;816;26;73;24;23;11;12;19;31;11;19;20;5;1090
312733;351;59;60;10;2;8;8;3;48;6;5;2;1;563
312735;315;13;24;3;6;1;3;7;22;8;3;5;3;413
312737;284;23;34;5;2;1;10;18;20;3;5;5;0;410
312738;575;23;15;17;2;8;6;4;16;9;5;24;7;711
312740;729;29;13;22;3;6;5;20;28;20;24;21;15;935
312750;239;140;116;29;10;17;7;12;14;5;6;10;2;607
312760;1780;38;45;51;12;6;14;30;34;36;34;20;31;2131
312770;56739;2794;3977;2229;836;1130;1485;1906;1888;2113;2247;2332;1881;81557
312780;1813;36;120;43;18;18;23;62;66;39;55;26;24;2343
312790;362;60;9;9;7;6;18;4;8;1;0;4;2;490
312800;6724;183;310;189;50;59;130;170;180;159;213;188;126;8681
312810;1924;206;227;196;130;152;98;121;144;121;133;104;58;3614
312820;1509;48;48;56;33;49;60;48;36;36;80;58;31;2092
312825;352;9;15;8;2;5;4;5;11;6;5;4;39;465
312830;4854;240;122;176;139;200;156;137;189;204;210;185;188;7000
312840;1354;72;86;55;27;22;32;48;33;40;70;34;25;1898
312850;579;26;13;24;2;15;5;11;15;7;6;9;10;722
312860;1445;88;96;152;109;65;97;68;105;51;73;27;64;2440
312870;13780;554;508;443;232;445;379;436;461;522;473;512;397;19142
312880;1118;30;41;54;19;12;27;49;82;58;59;36;47;1632
312890;957;111;115;99;11;85;81;121;42;53;71;52;42;1840
312900;985;20;22;18;10;5;33;22;36;36;35;31;22;1275
312910;716;34;62;21;6;16;12;15;16;12;16;15;18;959
312920;918;66;58;29;30;62;34;28;64;27;23;10;13;1362
312930;986;60;53;25;13;8;9;23;20;20;29;19;42;1307
312940;629;9;18;27;4;15;12;24;12;5;15;12;7;789
312950;4702;218;264;261;188;258;294;325;288;219;254;214;157;7642
312960;506;38;61;18;31;10;8;8;28;22;17;9;10;766
312965;370;16;28;13;1;3;4;15;11;3;3;2;15;484
312970;2027;90;135;102;26;209;490;253;85;90;158;108;51;3824
312980;16914;557;1242;765;280;399;478;563;664;549;637;515;502;24065
312990;355;19;14;8;18;10;4;8;7;5;6;1;2;457
313000;365;9;11;6;3;19;11;4;4;5;1;5;0;443
313005;431;51;33;11;4;17;1;2;3;6;1;2;3;565
313010;6227;260;552;323;121;155;131;195;233;259;304;252;170;9182
313020;3058;149;134;136;50;68;101;109;109;134;133;149;69;4399
313030;1352;43;61;55;23;25;17;26;50;43;50;36;26;1807
313040;1473;37;51;70;25;40;39;48;69;59;51;50;29;2041
313050;1917;82;150;108;38;39;55;55;31;33;66;73;38;2685
313055;528;13;46;27;7;45;20;9;15;7;14;12;13;756
313060;969;66;68;27;8;11;19;16;13;34;28;20;32;1311
313065;436;56;13;45;6;5;9;2;24;29;13;3;3;644
313070;2121;150;260;208;211;275;371;427;632;507;399;273;344;6178
313080;549;45;57;49;20;52;10;38;36;14;36;14;22;942
313090;2512;70;145;98;49;60;65;69;74;62;75;66;54;3399
313100;1107;123;79;50;38;16;36;41;43;27;40;34;24;1658
313110;871;26;92;66;21;7;35;35;48;53;30;34;25;1343
313115;1601;57;45;57;35;39;48;36;94;53;47;39;19;2170
313120;2083;236;116;84;37;31;54;46;32;34;31;42;33;2859
313130;70226;2011;2655;2651;764;1047;1454;1699;2105;2488;2250;2447;2285;94082
313140;851;279;231;112;22;39;40;56;49;76;61;39;21;1876
313150;1302;30;44;40;39;24;36;54;21;31;22;22;35;1700
313160;1323;61;78;96;10;13;141;104;15;14;14;8;78;1955
313170;28601;938;1795;1118;540;777;1047;1265;1514;1776;1903;1515;1180;43969
313180;1001;43;135;83;16;26;45;62;56;39;14;39;39;1598
313190;16436;948;933;890;341;662;720;836;1208;1299;860;1019;944;27096
313200;584;28;25;9;1;10;29;8;15;8;5;5;2;729
313210;1762;55;144;43;40;19;12;69;160;36;24;64;14;2442
313220;3019;134;155;109;47;61;46;85;101;111;118;105;84;4175
313230;731;20;87;28;4;2;25;10;15;8;11;5;9;955
313240;23146;611;767;614;278;302;382;432;516;608;815;649;565;29685
313250;4712;174;307;154;59;68;98;111;155;128;126;112;80;6284
313260;325;21;25;11;5;0;2;6;7;10;16;7;3;438
313270;2138;57;255;112;41;31;41;57;78;55;64;39;30;2998
313280;255;11;8;6;7;6;2;7;3;5;4;2;0;316
313290;1588;36;50;63;19;51;66;55;23;23;54;53;31;2112
313300;3015;83;134;67;28;50;52;98;80;84;119;78;75;3963
313310;4231;121;167;131;76;51;57;87;84;110;123;84;69;5391
313320;1105;18;101;16;9;9;21;12;18;17;17;13;18;1374
313330;2371;75;143;94;26;27;43;38;68;47;51;67;54;3104
313340;2783;63;94;61;12;37;57;50;50;43;76;69;71;3466
313350;3910;123;155;118;62;41;74;63;84;120;94;73;65;4982
313360;2290;113;136;76;18;30;51;93;96;91;137;135;101;3367
313370;3208;62;130;96;56;90;111;104;107;78;108;83;93;4326
313375;3211;167;268;232;108;73;108;144;103;223;110;227;113;5087
313380;26281;963;1415;1034;455;445;692;990;1130;1382;1373;1143;882;38185
313390;472;75;73;32;20;34;16;14;22;9;15;12;12;806
313400;849;17;110;23;5;18;5;12;12;14;10;7;2;1084
313410;427;23;64;11;5;5;8;17;22;15;10;9;10;626
313420;21210;820;1168;658;324;444;469;582;640;538;621;691;588;28753
313430;478;16;8;13;11;12;10;3;10;4;10;3;17;595
313440;10366;566;829;966;458;264;257;308;310;292;373;366;238;15593
313450;670;21;45;32;33;28;20;28;18;26;16;13;8;958
313460;2409;78;142;60;37;41;33;66;50;73;85;81;62;3217
313470;760;175;144;12;175;303;4;37;44;4;8;7;4;1677
313480;924;43;69;32;19;48;147;26;39;25;29;18;29;1448
313490;6820;296;482;327;155;212;205;277;319;364;317;325;204;10303
313500;778;14;55;23;23;35;34;26;20;41;23;30;14;1116
313505;6899;581;372;296;147;177;440;204;220;267;220;256;198;10277
313507;422;10;24;14;1;4;1;9;20;3;1;10;2;521
313510;11523;1012;632;424;153;177;427;540;434;358;367;302;426;16775
313520;5104;315;328;171;70;90;72;227;173;117;103;180;105;7055
313530;713;27;21;24;21;12;7;23;65;33;22;14;17;999
313535;446;65;53;14;10;3;8;9;30;7;8;5;8;666
313540;3973;120;395;82;24;30;31;106;141;56;78;45;24;5105
313545;454;2;30;6;0;3;9;2;8;6;2;2;2;526
313550;1639;32;50;48;20;28;42;40;42;31;27;33;18;2050
313560;844;13;47;46;8;20;33;21;12;35;6;12;15;1112
313570;908;94;70;37;23;26;34;49;65;36;46;37;25;1450
313580;1622;225;207;62;29;22;43;34;37;19;18;41;22;2381
313590;636;21;24;16;23;17;25;23;15;14;7;8;9;838
313600;1078;47;69;55;9;8;9;16;16;11;37;11;16;1382
313610;343;16;33;19;16;7;12;3;15;3;1;0;1;469
313620;19402;689;1076;952;180;303;619;620;1246;1144;977;1274;836;29318
313630;13959;798;1088;905;855;679;813;665;691;687;607;658;693;23098
313640;450;8;28;31;24;15;10;10;12;9;9;5;11;622
313650;747;59;20;36;8;6;21;35;17;3;2;4;5;963
313652;265;31;20;10;3;7;0;11;6;4;7;0;0;364
313655;465;8;54;11;5;11;12;29;12;1;6;12;1;627
313657;664;20;28;25;19;19;6;10;20;26;26;5;14;882
313660;674;12;44;35;3;8;16;16;17;27;28;20;4;904
313665;6541;244;467;215;39;48;96;203;430;240;306;200;180;9209
313670;147017;6998;6348;4698;2275;2113;2847;3230;3739;4504;5118;4727;3972;197586
313680;364;63;12;10;5;6;1;14;14;5;4;9;4;511
313690;2432;117;162;99;40;56;83;93;92;94;118;120;89;3595
313695;399;19;36;7;7;10;4;11;28;8;18;1;0;548
313700;805;11;65;50;13;30;35;34;42;11;7;3;0;1106
313710;899;22;82;30;16;89;64;32;33;15;38;29;23;1372
313720;12181;425;586;775;236;261;300;426;399;392;482;555;360;17378
313730;390;10;12;4;4;5;0;2;12;8;2;4;39;492
313740;1704;27;69;46;37;37;28;27;46;52;48;39;25;2185
313750;3336;131;268;133;68;132;250;269;317;222;135;75;93;5429
313753;1387;64;80;52;26;36;40;37;43;69;72;53;55;2014
313760;17438;613;827;689;247;296;267;441;552;490;673;599;426;23558
313770;2196;76;169;95;32;45;55;57;83;59;40;55;47;3009
313780;2891;100;153;129;69;84;54;48;66;75;108;67;59;3903
313790;311;20;31;6;1;6;9;12;23;3;1;3;5;431
313800;857;34;17;34;4;25;50;21;23;25;19;14;11;1134
313810;1659;194;229;163;61;111;63;92;105;100;73;87;103;3040
313820;25512;673;1273;815;277;334;540;541;565;675;938;787;690;33620
313830;443;17;13;34;2;1;5;3;8;17;5;24;16;588
313835;421;8;81;15;2;9;7;5;12;9;6;2;6;583
313840;11076;208;315;245;132;127;154;250;256;212;252;280;182;13689
313850;603;11;20;22;17;11;3;34;35;8;13;13;4;794
313860;2664;56;188;64;15;14;17;52;63;33;48;39;50;3303
313862;2345;60;172;192;121;40;37;38;29;31;16;27;31;3139
313865;586;30;67;70;21;10;7;10;86;6;2;8;2;905
313867;389;14;14;17;5;4;6;13;4;6;4;15;4;495
313868;349;12;36;14;11;3;10;2;1;3;15;1;2;459
313870;844;11;40;35;48;35;96;34;28;38;34;48;30;1321
313880;3877;198;191;156;91;79;113;101;113;83;129;112;111;5354
313890;490;64;28;14;4;12;6;5;3;10;6;3;1;646
313900;9073;280;298;237;233;528;430;322;391;374;675;258;210;13309
313910;898;23;41;26;30;21;24;15;15;20;17;16;12;1158
313920;1364;57;96;38;30;22;14;43;27;41;31;26;29;1818
313925;368;37;16;16;5;9;4;25;26;2;2;12;0;522
313930;1700;91;110;51;45;23;23;65;68;27;40;26;45;2314
313940;22607;1289;1082;1309;372;668;665;697;911;1006;974;669;621;32870
313950;2961;324;159;182;86;90;84;134;165;93;112;111;90;4591
313960;3818;411;305;288;67;51;45;412;90;72;94;110;65;5828
313970;1404;58;47;48;18;65;56;79;83;58;85;63;62;2126
313980;3297;131;168;149;22;16;44;68;138;139;151;173;96;4592
313990;1501;33;87;59;8;8;29;37;26;36;35;44;23;1926
314000;17305;769;1464;1171;153;289;478;756;874;889;959;708;458;26273
314010;419;24;59;110;19;4;21;31;3;14;15;10;13;742
314015;1413;70;101;82;44;60;52;46;58;44;82;54;26;2132
314020;786;40;45;34;3;9;10;31;23;23;17;17;14;1052
314030;525;5;10;8;3;7;2;14;8;21;30;8;8;649
314040;297;13;5;8;5;4;3;2;3;2;4;3;3;352
314050;4177;164;228;186;83;83;147;163;183;181;135;145;146;6021
314053;510;97;145;27;16;14;12;20;15;9;17;20;11;913
314055;458;8;43;11;34;13;9;14;119;6;3;20;2;740
314060;371;4;35;14;18;15;6;8;19;8;2;8;2;510
314070;5955;206;390;214;62;107;87;399;412;309;313;387;365;9206
314080;5133;150;282;243;73;234;183;299;300;231;261;167;201;7757
314085;1287;72;117;62;21;21;29;26;40;23;19;32;22;1771
314090;2170;64;294;96;69;60;125;103;97;89;62;74;40;3343
314100;1089;41;95;70;24;11;22;66;59;34;43;25;27;1606
314110;9983;592;721;621;142;203;350;412;402;591;819;591;561;15988
314120;531;12;46;11;37;11;12;12;8;9;7;10;9;715
314130;687;89;57;75;28;39;44;40;39;13;43;45;12;1211
314140;1633;69;66;42;8;9;11;24;38;32;27;15;11;1985
314150;438;48;23;34;2;11;1;9;21;16;8;20;4;635
314160;981;92;53;39;2;10;7;20;21;13;15;37;23;1313
314170;430;16;37;7;5;20;1;2;13;7;1;4;4;547
314180;1983;63;289;126;21;82;118;78;179;58;47;30;25;3099
314190;726;10;13;11;24;12;5;10;18;11;14;14;13;881
314200;969;132;55;19;21;23;15;12;22;26;25;10;34;1363
314210;1085;63;100;37;14;11;40;30;30;26;45;26;19;1526
314220;2038;87;65;42;10;20;22;43;83;69;73;95;66;2713
314225;298;27;23;11;2;1;2;4;23;2;2;5;1;401
314230;636;15;54;28;12;16;23;39;22;20;19;16;14;914
314240;988;34;46;31;11;30;27;29;27;29;19;30;21;1322
314250;337;11;10;5;2;1;3;3;4;6;33;3;7;425
314260;1514;24;64;40;19;40;43;22;25;40;33;41;23;1928
314270;1209;17;90;36;13;27;19;19;7;20;8;8;8;1481
314280;3433;195;241;238;62;79;106;95;89;127;138;207;116;5126
314290;1567;105;31;33;21;24;11;83;53;30;25;55;23;2061
314300;3972;107;247;158;470;136;138;133;216;252;215;85;123;6252
314310;9567;443;411;438;208;416;606;445;331;450;353;260;270;14198
314315;243;31;36;36;0;1;13;16;15;8;1;3;3;406
314320;3987;326;143;181;142;255;199;201;229;118;180;120;118;6199
314330;90044;2769;4457;3484;1051;1540;2044;2193;3192;3305;3697;3126;2843;123745
314340;4701;143;259;216;61;51;56;106;147;113;170;123;133;6279
314345;681;39;34;19;4;20;10;19;48;12;8;6;15;915
314350;2260;126;148;81;51;70;69;120;105;60;85;75;79;3329
314360;472;34;153;33;6;3;8;8;8;4;3;6;7;745
314370;325;3;0;8;4;5;7;0;0;5;0;2;1;360
314380;1013;62;91;39;7;10;27;17;22;60;47;29;14;1438
314390;24243;881;1085;735;324;338;435;489;1018;778;954;924;571;32775
314400;3245;101;132;114;56;70;58;78;105;68;58;57;46;4188
314410;3616;164;172;272;103;242;278;285;173;171;133;103;88;5800
314420;236;84;27;4;5;0;1;7;23;2;0;0;0;389
314430;5438;125;189;148;54;51;90;188;164;139;117;150;119;6972
314435;641;56;13;19;15;13;22;9;22;18;12;7;8;855
314437;493;6;9;4;16;11;15;3;11;14;40;78;47;747
314440;527;18;23;23;9;11;9;3;15;9;6;10;1;664
314450;1553;41;45;60;34;77;76;51;59;26;35;49;47;2153
314460;3796;93;155;110;136;214;185;123;106;88;76;83;95;5260
314465;811;9;32;20;17;62;14;18;40;20;12;5;13;1073
314467;262;12;73;10;4;6;4;5;70;1;1;1;4;453
314470;4159;51;93;73;29;25;56;49;73;71;57;52;59;4847
314480;58163;2543;2538;2261;1535;1958;2335;2349;2282;2364;2639;2539;1794;85300
314490;366;64;58;31;10;8;5;25;15;4;1;8;4;599
314500;3184;169;523;285;281;150;208;170;374;337;223;167;134;6205
314505;1496;42;76;30;44;69;29;39;45;30;36;29;22;1987
314510;1662;136;124;112;26;58;172;76;72;94;59;89;57;2737
314520;26880;1639;3978;1807;239;303;555;1484;1657;1929;1934;1204;492;44101
314530;1764;42;154;56;21;26;145;42;22;36;35;30;24;2397
314535;628;15;114;13;5;9;11;8;16;1;4;15;7;846
314537;298;68;53;15;15;15;7;24;12;14;7;6;4;538
314540;305;11;10;23;7;2;3;7;11;2;2;2;1;386
314545;1084;27;59;47;17;80;87;80;46;54;52;30;25;1688
314550;375;6;12;7;2;55;30;8;5;4;4;1;5;514
314560;9312;310;444;294;123;366;251;245;295;339;297;436;292;13004
314570;243;5;22;9;1;1;14;0;7;2;1;0;0;305
314580;414;10;24;12;8;6;5;17;11;8;10;7;21;553
314585;590;20;26;27;6;25;16;12;17;20;37;11;8;815
314587;470;13;51;31;5;3;13;1;10;5;10;3;11;626
314590;12241;637;676;426;130;115;161;183;408;407;516;401;394;16695
314600;6009;203;217;180;91;96;99;143;200;243;240;237;174;8132
314610;17829;429;663;456;173;234;294;393;494;534;657;650;465;23271
314620;324;44;35;6;3;12;24;4;9;12;3;4;1;481
314625;448;51;54;50;6;5;16;7;11;5;13;22;7;695
314630;1497;75;194;31;14;10;19;35;28;24;16;8;12;1963
314640;483;16;16;6;7;5;6;6;5;7;5;15;9;586
314650;2493;82;72;69;30;48;53;75;62;63;71;77;48;3243
314655;471;17;17;19;1;4;11;8;33;11;8;7;1;608
314660;236;6;4;4;4;8;5;13;11;1;4;3;1;300
314670;651;46;7;13;11;18;12;21;26;11;8;9;9;842
314675;393;13;26;12;1;2;2;4;13;3;0;3;2;474
314690;3296;120;129;118;41;55;155;139;110;109;149;90;121;4632
314700;22494;2025;1992;2868;2087;1300;1243;968;1055;1672;1603;1487;1390;42184
314710;28171;1303;1376;1230;481;599;718;907;1090;1017;1204;1123;1016;40235
314720;4745;222;280;246;103;202;183;185;159;212;273;267;180;7257
314730;4445;104;220;187;17;39;36;80;141;92;172;219;90;5842
314740;7635;182;224;149;101;122;147;149;138;162;230;169;165;9573
314750;207;12;10;1;3;0;1;1;1;1;0;2;0;239
314760;3380;85;93;79;48;34;35;47;58;105;105;66;93;4228
314770;1655;54;107;40;17;29;37;31;47;52;61;29;44;2203
314780;275;7;17;23;5;5;2;4;12;2;4;0;0;356
314790;22721;930;1262;818;384;435;550;835;749;815;963;913;685;32060
314795;323;67;53;15;11;2;2;6;7;5;1;1;3;496
314800;42651;1994;2374;2083;1130;1337;1617;1646;1683;1876;1994;2193;1692;64270
314810;22290;1069;1436;1151;653;1059;1398;1073;1030;869;939;928;828;34723
314820;782;23;46;18;20;12;17;14;21;7;21;9;3;993
314830;725;36;54;19;19;8;34;12;16;7;5;8;5;948
314840;426;9;32;17;1;4;5;6;4;3;12;8;7;534
314850;593;36;22;14;8;3;10;10;7;6;19;4;6;738
314860;1311;22;86;53;12;30;18;32;48;29;38;15;19;1713
314870;2119;205;201;39;25;15;28;85;35;46;23;31;38;2890
314875;268;73;105;14;5;6;4;8;9;2;1;2;3;500
314880;351;11;22;22;6;10;9;11;16;3;2;0;5;468
314890;1164;29;65;65;57;63;21;75;27;25;99;45;52;1787
314900;289;9;23;5;20;1;0;23;4;1;5;1;2;383
314910;1319;30;34;34;16;16;33;44;62;37;42;39;22;1728
314915;589;74;67;23;25;8;14;24;26;12;9;4;18;893
314920;682;37;38;14;6;10;22;41;16;8;24;12;22;932
314930;14970;578;990;655;230;295;472;537;609;761;744;611;605;22057
314940;236;12;31;9;2;7;0;4;23;1;0;0;2;327
314950;733;60;26;14;11;2;17;32;17;32;22;19;8;993
314960;627;30;40;29;5;15;8;35;24;27;26;24;18;908
314970;2596;123;243;139;24;18;65;148;177;181;190;106;23;4033
314980;4687;412;412;233;250;420;405;241;332;272;187;250;192;8293
314990;4484;145;241;166;69;85;92;137;156;182;165;193;125;6240
314995;673;15;172;17;5;7;10;10;17;7;23;5;8;969
315000;408;2;15;6;3;6;6;17;9;3;3;3;1;482
315010;379;2;6;2;6;1;3;7;1;7;7;0;5;426
315015;624;9;62;17;13;33;14;32;14;16;20;11;11;876
315020;557;8;60;16;2;27;17;31;29;13;10;16;9;795
315030;723;13;13;16;6;9;12;10;19;9;12;14;6;862
315040;385;10;26;7;5;5;12;10;13;10;3;7;3;496
315050;1687;86;144;81;24;180;72;68;53;41;43;104;40;2623
315053;565;5;37;4;5;5;9;32;9;2;3;7;0;683
315057;466;33;32;20;15;7;13;15;8;7;1;5;12;634
315060;755;24;74;59;13;14;8;18;33;20;30;22;31;1101
315070;2742;25;355;437;155;49;37;33;28;25;45;27;50;4008
315080;1306;17;68;35;20;49;32;23;25;23;11;11;20;1640
315090;476;19;21;7;5;6;4;6;7;6;21;16;3;597
315100;990;35;74;50;23;77;41;30;31;39;44;36;28;1498
315110;2139;44;123;62;13;16;17;43;79;42;37;55;40;2710
315120;13901;416;511;524;270;260;311;342;241;284;403;369;343;18175
315130;2012;115;121;78;22;57;73;72;100;87;154;78;75;3044
315140;4401;125;303;173;80;145;143;103;153;154;175;442;116;6513
315150;8488;416;546;388;177;445;284;246;238;268;362;327;233;12418
315160;1326;59;56;209;31;40;56;31;33;38;54;119;15;2067
315170;1820;70;85;60;29;81;98;55;53;49;68;74;62;2604
315180;50574;2026;1995;1657;537;961;1175;1341;1464;2132;2188;2084;1572;69706
315190;387;137;71;13;27;31;27;24;12;9;3;3;4;748
315200;5632;180;221;237;112;256;106;150;190;143;146;185;134;7692
315210;16728;444;896;621;178;468;522;490;389;457;494;449;395;22531
315213;431;18;4;28;5;5;2;10;8;15;4;12;3;545
315217;796;8;12;24;5;3;2;7;4;1;5;5;5;877
315220;2539;325;193;70;26;37;30;65;91;36;77;79;41;3609
315230;600;17;45;24;13;6;44;16;28;17;20;15;10;855
315240;1051;33;35;27;6;28;4;77;39;35;22;25;16;1398
315250;51153;1968;2810;2155;937;1027;1269;1722;1913;1938;2170;2013;1676;72751
315260;1580;39;100;38;28;24;26;47;51;66;24;35;41;2099
315270;1726;63;76;78;36;44;32;49;43;40;59;36;44;2326
315280;6696;203;318;250;126;309;339;290;263;316;249;267;174;9800
315290;1068;28;47;71;23;16;30;34;26;58;42;50;55;1548
315300;509;79;61;39;10;46;56;98;22;29;6;27;20;1002
315310;581;8;16;15;6;5;33;12;25;10;2;8;0;721
315320;468;6;33;7;11;22;7;7;6;7;10;4;14;602
315330;341;8;6;6;2;1;1;5;2;0;2;0;3;377
315340;3402;410;350;208;122;270;204;181;115;133;106;169;255;5925
315350;646;36;7;28;6;5;8;13;36;18;9;14;15;841
315360;1323;55;95;38;13;17;21;26;47;28;41;57;36;1797
315370;442;22;58;28;31;12;33;13;26;11;10;3;6;695
315380;302;8;6;12;3;6;4;6;6;5;5;1;3;367
315390;980;45;170;39;46;27;21;46;38;19;26;40;39;1536
315400;2693;153;125;88;23;46;51;77;75;70;60;53;67;3581
315410;1001;23;86;52;22;16;14;11;41;40;17;14;14;1351
315415;485;159;82;42;23;22;36;43;64;72;39;39;9;1115
315420;1355;27;47;40;14;9;26;23;24;21;37;38;40;1701
315430;1821;67;215;59;24;23;38;49;60;34;30;37;46;2503
315440;660;19;43;16;10;18;13;9;27;12;18;11;19;875
315445;685;30;30;38;12;38;29;59;29;25;29;29;36;1069
315450;1332;30;45;102;15;19;36;29;87;46;46;38;17;1842
315460;26992;888;1029;962;480;577;791;837;858;860;1006;972;808;37060
315470;807;28;23;24;7;6;6;8;35;29;33;24;14;1044
315480;1469;26;34;65;30;27;24;47;23;59;54;30;16;1904
315490;1938;188;149;62;50;41;53;55;90;61;44;47;32;2810
315500;589;13;66;38;12;12;16;20;38;21;17;5;10;857
315510;310;81;31;4;1;6;16;4;10;3;0;0;1;467
315520;333;3;11;6;3;4;5;19;15;5;5;4;0;413
315530;583;49;44;15;9;5;11;12;12;11;9;22;15;797
315540;991;34;44;52;12;22;17;24;53;27;35;35;9;1355
315550;5416;401;529;1785;799;179;1014;1908;1007;397;409;482;477;14803
315560;1865;45;83;77;41;21;135;52;92;38;52;25;14;2540
315570;2427;124;136;53;101;67;157;44;118;123;95;113;63;3621
315580;3409;118;111;136;39;30;42;72;66;96;90;60;63;4332
315590;701;5;7;14;6;8;6;11;6;6;7;6;6;789
315600;804;12;61;22;2;9;23;12;13;10;10;7;8;993
315610;606;27;36;17;5;10;28;35;16;27;28;25;12;872
315620;547;15;30;27;2;13;13;28;20;27;16;22;15;775
315630;3511;155;265;170;47;85;236;297;261;185;201;185;95;5693
315640;926;92;154;67;18;77;80;40;47;24;23;22;16;1586
315645;610;16;32;15;8;6;3;15;6;23;16;5;6;761
315650;569;18;25;22;8;28;31;18;54;29;13;10;5;830
315660;792;41;111;27;3;4;5;10;13;14;8;5;8;1041
315670;20122;547;617;607;311;357;446;477;626;548;546;515;442;26161
315680;1215;27;69;32;11;15;16;25;15;28;48;33;45;1579
315690;6781;359;357;381;202;150;447;280;436;347;386;291;267;10684
315700;5345;469;301;184;108;111;105;177;251;300;180;171;131;7833
315710;586;186;77;48;20;8;41;10;14;12;13;7;6;1028
315720;5762;196;212;206;117;170;183;256;218;236;204;263;165;8188
315725;580;12;76;15;7;7;12;14;13;9;10;9;13;777
315727;379;1;45;16;6;4;5;10;58;3;17;4;4;552
315730;434;24;35;14;4;4;6;2;6;8;4;4;0;545
315733;1031;35;57;27;26;5;10;29;30;45;38;28;32;1393
315737;297;51;30;24;27;13;9;9;16;8;3;13;12;512
315740;620;24;36;22;63;16;9;8;26;7;14;17;5;867
315750;399;18;36;7;5;4;6;4;3;4;5;2;5;498
315760;383;49;57;22;15;16;8;9;29;7;36;8;37;676
315765;252;63;31;13;10;10;2;4;1;0;2;0;0;388
315770;3740;134;203;194;167;109;442;376;259;139;174;123;72;6132
315780;26241;809;1042;1046;684;606;868;928;946;1238;1072;1114;814;37408
315790;1023;19;21;16;11;35;56;27;27;32;14;29;14;1324
315800;1765;66;109;50;34;20;33;33;37;37;57;42;48;2331
315810;334;12;53;11;7;1;3;5;71;2;2;0;0;501
315820;1205;43;159;69;25;45;32;19;20;14;15;21;21;1688
315830;1615;59;69;66;40;204;117;56;68;71;61;41;39;2506
315840;414;9;18;10;4;5;3;8;6;7;13;5;2;504
315850;464;43;79;11;7;6;11;6;7;10;7;5;7;663
315860;436;3;15;7;1;4;8;7;15;3;5;5;2;511
315870;228;25;15;1;3;2;2;3;2;2;2;2;0;287
315880;624;26;62;28;23;16;16;36;26;36;18;19;11;941
315890;741;115;65;25;12;56;39;120;27;23;19;26;13;1281
315895;5316;253;242;220;81;154;153;231;242;212;219;213;160;7696
315900;774;36;38;20;8;5;9;18;17;23;19;35;33;1035
315910;401;9;26;9;7;1;4;5;7;2;2;3;3;479
315920;1120;26;36;36;5;13;12;20;24;26;30;21;19;1388
315930;656;12;11;16;6;3;6;8;6;3;11;3;6;747
315935;923;43;50;53;7;38;27;29;32;23;24;38;9;1296
315940;452;5;26;13;5;5;1;11;18;2;4;3;5;550
315950;517;40;90;25;22;24;13;9;28;10;17;4;10;809
315960;12540;412;482;475;274;298;279;360;489;408;416;426;335;17194
315970;368;9;48;9;2;30;60;12;11;3;3;4;8;567
315980;4735;145;461;498;102;149;123;116;109;110;120;85;76;6829
315990;2720;135;174;143;90;626;188;122;149;102;80;176;41;4746
316000;490;14;13;9;6;3;3;0;6;25;12;4;9;594
316010;457;41;33;15;5;26;13;23;21;5;8;4;4;655
316020;323;23;7;6;2;0;0;8;4;3;3;0;0;379
316030;594;31;63;16;15;31;12;9;3;6;9;1;32;822
316040;5410;183;223;248;81;88;126;116;168;226;328;210;156;7563
316045;321;83;103;17;7;0;89;22;11;21;3;12;13;702
316050;194;6;14;1;4;1;0;0;5;1;1;0;0;227
316060;367;32;19;10;2;4;5;8;10;7;6;4;15;489
316070;6156;143;481;164;91;76;141;118;128;166;140;178;162;8144
316080;371;12;43;8;0;8;40;18;8;9;19;13;5;554
316090;490;174;9;17;7;5;7;5;11;18;19;9;13;784
316095;749;23;48;17;10;280;21;15;32;13;17;7;6;1238
316100;2144;61;108;57;15;20;33;41;57;39;55;29;38;2697
316105;361;18;38;6;3;3;15;6;3;1;4;2;3;463
316110;3538;159;243;118;44;63;89;169;129;124;107;95;67;4945
316120;908;30;64;29;8;44;89;79;33;56;32;18;9;1399
316130;895;36;62;56;15;13;18;21;35;32;27;24;21;1255
316140;459;13;24;12;19;15;21;9;10;17;13;3;10;625
316150;2558;107;88;139;32;32;132;150;139;137;101;99;52;3766
316160;318;15;38;12;6;4;1;2;7;3;3;3;1;413
316165;383;32;32;10;9;1;15;14;7;3;9;3;2;520
316170;1508;75;69;40;17;20;19;51;38;74;58;64;45;2078
316180;2155;50;171;71;21;24;27;59;52;90;144;67;53;2984
316190;5595;155;215;171;76;75;171;348;205;298;254;283;174;8020
316200;4827;201;278;176;217;152;205;241;156;217;198;217;98;7183
316210;7676;305;762;1629;321;214;1131;1282;503;460;521;544;369;15717
316220;1301;61;121;51;32;22;38;38;64;14;36;37;26;1841
316225;401;17;48;11;7;6;6;18;15;11;7;6;1;554
316230;346;11;12;27;4;11;3;0;5;4;8;7;4;442
316240;1599;76;347;249;30;59;48;82;73;115;77;44;31;2830
316245;469;44;87;49;20;55;19;56;40;23;6;6;25;899
316250;21711;603;819;627;222;291;315;515;599;644;666;688;644;28344
316255;979;22;50;48;10;35;61;40;36;32;19;19;15;1366
316257;946;72;67;55;9;27;12;25;28;42;54;21;16;1374
316260;684;20;46;15;5;7;5;16;9;9;12;12;12;852
316265;293;35;13;10;4;5;7;2;3;5;2;4;3;386
316270;2433;59;134;58;29;43;125;71;76;33;80;73;61;3275
316280;1253;36;109;38;31;81;46;35;20;29;31;38;21;1768
316290;5279;153;254;237;36;33;67;110;133;226;380;277;167;7352
316292;5989;342;289;311;103;128;167;215;201;299;292;312;234;8882
316294;1452;52;84;48;42;32;35;56;31;46;27;34;17;1956
316295;4597;124;410;233;135;195;157;203;198;273;179;164;122;6990
316300;381;85;27;26;6;9;6;23;19;3;6;5;2;598
316310;771;57;18;33;17;16;46;23;40;30;29;30;27;1137
316320;348;9;1;4;9;4;13;11;8;8;7;12;7;441
316330;233;38;42;10;36;13;0;3;2;3;1;0;0;381
316340;543;5;19;20;46;10;11;23;21;8;10;5;8;729
316350;434;83;60;29;15;14;14;39;28;11;10;14;9;760
316360;231;4;45;35;4;6;1;1;7;2;3;0;0;339
316370;10792;448;709;354;80;114;175;234;265;294;401;369;344;14579
316380;539;26;64;15;1;6;12;9;12;9;6;6;5;710
316390;567;16;22;15;40;17;26;7;16;12;11;10;1;760
316400;1126;31;42;27;11;16;24;20;89;24;21;39;14;1484
316410;370;86;60;16;5;6;4;10;47;6;9;11;3;633
316420;961;25;70;17;18;9;10;22;30;2;9;5;4;1182
316430;1296;93;99;63;47;69;66;61;35;51;41;47;50;2018
316440;1633;79;105;78;110;124;79;71;119;124;88;85;36;2731
316443;330;5;17;12;2;2;1;2;5;3;1;2;0;382
316447;555;25;58;11;6;39;12;9;18;15;11;11;4;774
316450;479;15;30;12;4;3;11;10;7;7;5;4;7;594
316460;3974;100;240;181;156;79;113;141;134;155;133;98;99;5603
316470;17897;619;894;732;345;516;615;549;748;815;778;725;453;25686
316480;218;8;21;5;0;7;0;0;3;0;0;0;0;262
316490;374;3;31;5;3;4;1;6;16;5;2;6;5;461
316500;1834;33;72;56;18;5;31;35;43;37;64;38;40;2306
316510;1371;32;50;30;49;131;99;35;47;52;33;33;21;1983
316520;1400;51;84;59;53;34;37;37;25;32;77;52;40;1981
316530;1649;51;88;47;23;57;37;54;39;43;40;87;33;2248
316540;1387;44;60;33;34;15;12;24;22;56;62;33;15;1797
316550;339;124;145;17;3;8;8;12;22;12;2;6;11;709
316553;7980;222;520;296;144;150;215;269;262;268;310;425;235;11296
316555;404;6;94;75;20;17;4;9;61;11;13;22;16;752
316556;257;7;30;8;2;2;1;3;4;11;1;2;1;329
316557;828;50;62;56;9;8;27;27;18;24;51;50;43;1253
316560;437;8;26;5;9;3;3;5;10;5;4;5;8;528
316570;677;175;45;28;8;42;23;129;74;34;50;31;26;1342
316580;236;10;40;5;3;4;2;7;6;3;2;1;4;323
316590;389;4;13;4;2;2;11;19;36;13;33;13;8;547
316600;533;18;38;12;8;4;5;10;4;8;6;7;3;656
316610;324;26;7;3;3;9;4;4;1;3;2;4;5;395
316620;698;25;14;53;21;34;23;13;15;8;22;21;20;967
316630;619;10;17;8;8;6;12;4;4;7;4;6;17;722
316640;350;23;19;13;9;11;8;4;18;11;11;3;4;484
316650;276;32;41;10;2;10;8;3;3;3;0;1;2;391
316660;195;3;2;2;0;3;1;0;3;1;1;0;2;213
316670;695;14;48;79;127;318;132;471;117;188;46;25;13;2273
316680;4622;206;391;228;74;145;269;241;130;147;117;173;91;6834
316690;1154;93;38;82;67;113;39;27;24;32;22;21;16;1728
316695;290;17;92;23;3;7;3;2;38;8;4;3;7;497
316700;255;7;25;4;3;3;3;9;2;2;3;7;3;326
316710;2137;33;51;64;28;26;27;25;36;29;26;41;37;2560
316720;58420;2340;3611;2490;1019;1329;1405;1942;2066;2309;2723;2435;1965;84054
316730;269;29;23;19;3;3;5;12;15;5;2;4;3;392
316740;1066;47;67;83;10;29;35;55;66;36;45;55;28;1622
316750;518;14;22;7;5;6;15;13;15;23;9;9;13;669
316760;1135;75;114;33;13;15;20;24;37;34;22;33;16;1571
316770;454;7;47;11;3;3;8;31;37;19;18;14;9;661
316780;607;22;20;5;9;13;59;12;13;15;21;16;7;819
316790;534;23;17;25;7;26;8;17;17;12;13;12;6;717
316800;4374;101;197;153;140;142;136;130;141;84;123;92;101;5914
316805;348;13;71;6;6;0;2;9;11;8;6;3;1;484
316810;2101;114;150;128;65;34;114;103;66;71;48;73;75;3142
316820;295;5;38;8;5;20;12;7;24;12;4;12;6;448
316830;510;3;40;29;4;3;13;6;9;3;12;10;3;645
316840;1266;38;76;41;14;35;19;37;48;40;38;16;20;1688
316850;1270;38;133;29;20;23;27;25;33;28;39;60;35;1760
316860;26008;1275;1541;1175;417;524;786;706;1008;988;942;871;734;36975
316870;16628;542;857;660;224;267;325;408;548;503;577;752;1042;23333
316880;2244;76;100;71;18;5;22;35;46;65;107;132;107;3028
316890;1091;36;89;29;23;38;139;83;35;37;54;29;45;1728
316900;2877;106;211;130;62;43;56;91;115;119;91;79;74;4054
316905;293;6;25;9;7;4;0;2;7;1;0;4;3;361
316910;598;14;112;24;26;31;59;16;30;52;53;34;12;1061
316920;1004;92;92;31;6;11;13;21;23;15;23;14;12;1357
316930;16593;583;1089;468;229;486;465;415;474;532;541;542;506;22923
316935;6306;198;614;149;85;117;191;241;232;172;171;241;244;8961
316940;13883;605;595;609;472;792;647;562;725;553;606;703;446;21198
316950;427;100;95;25;12;11;8;17;31;2;8;6;17;759
316960;5206;250;485;581;112;138;145;187;258;204;171;201;145;8083
316970;2970;165;233;117;44;45;73;77;97;87;81;94;61;4144
316980;873;31;32;34;5;15;47;26;20;45;31;24;20;1203
316990;26446;1354;1179;1118;258;353;926;1266;1468;1301;1301;1156;797;38923
317000;707;9;18;19;10;11;6;25;33;3;5;7;0;853
317005;1049;47;78;36;23;30;25;39;44;33;34;36;10;1484
317010;91703;3895;4404;3996;1811;1734;2329;2936;3369;3653;3788;3792;3640;131050
317020;220938;10235;13360;9991;4872;7525;6996;7296;8779;9921;10381;10641;8852;329787
317030;289;13;15;5;2;3;4;1;3;2;4;0;0;341
317040;16850;604;904;702;305;442;622;797;612;560;710;592;564;24264
317043;634;27;138;59;21;20;20;21;20;21;13;12;9;1015
317047;384;28;72;15;8;5;16;10;21;14;7;7;14;601
317050;3272;54;108;45;24;693;45;49;39;59;39;45;41;4513
317052;831;41;83;22;7;16;16;6;15;19;13;17;7;1093
317057;588;8;10;22;8;29;7;14;18;7;6;11;6;734
317060;333;49;34;25;19;20;9;11;4;14;18;23;17;576
317065;455;4;16;58;10;24;22;42;15;8;4;4;2;664
317070;42202;1792;2061;1898;745;1271;1466;1565;1936;1951;1877;1933;1617;62314
317075;1255;37;61;30;17;106;104;53;27;20;44;18;23;1795
317080;5846;506;572;268;125;123;161;131;206;153;191;178;159;8619
317090;1069;37;109;55;3;43;10;14;74;7;11;21;4;1457
317100;4792;320;482;187;59;108;113;157;431;147;162;138;95;7191
317103;827;166;104;37;5;32;13;64;47;16;28;14;13;1366
317107;905;16;63;46;9;12;18;45;22;27;65;37;25;1290
317110;590;20;49;20;7;13;10;14;13;12;13;6;7;774
317115;315;6;17;2;2;9;4;3;12;1;3;3;1;378
317120;18210;1087;1617;798;271;372;568;566;1246;676;917;775;576;27679
317130;20741;559;858;646;147;203;323;454;466;491;479;549;388;26304
317140;317;24;21;27;1;10;6;18;1;1;28;5;1;460
317150;636;34;32;34;6;5;8;9;26;11;13;14;9;837
317160;782;143;113;55;20;41;51;35;22;11;15;11;16;1315
317170;1245;147;91;13;16;12;17;158;55;56;39;38;35;1922
317180;995;54;184;45;19;19;24;20;26;23;25;22;15;1471
317190;371;10;27;4;0;0;0;10;10;2;2;4;3;443
317200;11292;336;467;360;202;215;276;452;450;276;419;347;223;15315
317210;781;65;119;36;18;13;20;41;12;13;17;12;11;1158
317220;284;6;7;8;1;8;5;7;5;7;8;7;3;356
320010;3674;84;243;118;141;93;97;94;120;84;126;92;80;5046
320013;1159;26;276;66;23;25;23;28;43;22;33;44;35;1803
320016;974;10;91;26;17;23;12;20;28;25;25;12;10;1273
320020;3671;129;155;111;276;92;78;83;72;85;62;71;60;4945
320030;3099;102;238;91;116;56;88;76;93;132;110;127;82;4410
320035;611;11;69;23;4;2;15;6;10;13;10;8;8;790
320040;6648;311;618;225;51;148;110;168;182;165;237;175;261;9299
320050;783;12;52;24;13;20;7;9;15;12;10;27;10;994
320060;28139;1051;2387;1767;489;954;1287;1543;2246;1745;2122;2371;1174;47275
320070;2654;124;193;151;39;55;56;81;56;78;74;83;68;3712
320080;4557;126;114;180;198;123;135;153;115;110;149;172;329;6461
320090;6685;470;598;176;60;113;123;187;199;173;237;291;113;9425
320100;1747;88;169;95;26;31;30;38;45;40;53;45;53;2460
320110;1456;24;29;30;17;12;15;38;37;17;42;35;25;1777
320115;1233;29;76;43;25;34;57;64;49;76;38;25;29;1778
320120;45005;1431;2833;1712;516;703;1068;1240;1540;1448;1738;1689;1220;62143
320130;56483;2456;2368;2188;755;1079;1205;1604;1755;2279;2488;2452;2040;79152
320140;7503;227;628;315;159;240;176;252;319;335;286;278;160;10878
320150;32777;931;1608;1052;448;626;656;959;1070;1010;1115;1321;861;44434
320160;5079;228;546;147;252;234;115;234;132;65;90;81;128;7331
320170;1439;147;142;65;37;34;30;36;46;41;53;36;21;2127
320180;407;40;43;7;40;5;8;14;34;7;20;5;5;635
320190;5921;222;751;240;93;137;120;148;185;167;251;151;178;8564
320200;662;176;57;26;9;18;12;15;79;21;22;24;5;1126
320210;2477;72;62;71;22;33;19;42;54;44;52;52;25;3025
320220;3016;148;181;146;48;76;52;130;108;97;112;82;118;4314
320225;1075;82;135;46;28;30;26;19;34;34;21;18;13;1561
320230;4294;86;303;139;47;39;84;65;91;100;101;127;95;5571
320240;20889;959;1660;662;271;290;352;485;517;712;886;1105;1420;30208
320245;2321;103;254;100;33;92;81;99;130;77;73;61;40;3464
320250;4620;166;292;395;130;227;212;271;273;150;308;676;87;7807
320255;673;13;97;23;10;4;13;7;22;22;11;17;7;919
320260;3788;64;140;82;54;40;55;152;147;156;143;117;94;5032
320265;1156;16;69;30;24;9;17;12;24;17;15;11;16;1416
320270;1470;32;216;46;29;38;20;29;36;30;43;28;22;2039
320280;6477;276;274;329;165;166;601;155;222;208;225;306;273;9677
320290;1253;120;165;46;15;38;27;24;41;41;49;40;44;1903
320300;2862;70;385;105;52;126;46;84;79;75;150;104;57;4195
320305;3752;217;399;143;515;437;99;120;95;122;157;143;126;6325
320310;1047;28;27;19;14;16;10;9;13;13;16;16;26;1254
320313;3427;119;335;229;95;89;149;220;363;164;251;323;191;5955
320316;1026;25;33;34;20;21;11;6;23;14;16;9;14;1252
320320;45393;1745;2006;1998;1184;1682;1502;1897;1928;1808;2108;1948;1558;66757
320330;854;79;111;35;4;5;8;21;10;7;8;7;7;1156
320332;6166;323;428;348;112;108;216;154;161;203;164;185;312;8880
320334;4699;144;172;210;97;107;155;316;223;177;175;171;168;6814
320335;2268;95;155;119;34;87;46;82;99;72;95;68;54;3274
320340;2865;79;39;126;37;55;49;49;68;46;60;66;50;3589
320350;3158;132;143;94;36;79;78;74;89;79;83;87;74;4206
320360;874;24;43;10;22;9;7;15;23;18;15;19;12;1091
320370;1706;18;124;77;30;27;38;41;37;47;40;41;47;2273
320380;1340;29;88;29;7;26;21;17;28;22;33;17;27;1684
320390;9270;246;676;328;204;446;231;233;262;329;313;321;278;13137
320400;1678;40;206;46;31;23;14;21;61;25;12;31;15;2203
320405;2572;276;464;189;93;169;130;245;113;68;247;82;75;4723
320410;4300;145;368;189;243;241;140;116;142;150;127;153;153;6467
320420;2848;119;180;141;39;37;38;62;80;57;147;108;115;3971
320425;821;27;45;21;3;8;24;13;18;18;12;15;5;1030
320430;3099;59;113;96;39;36;18;20;47;23;17;27;18;3612
320435;2476;70;333;95;106;172;60;80;90;116;78;95;66;3837
320440;1518;36;99;28;17;15;26;30;23;28;33;29;31;1913
320450;1143;26;77;22;9;50;43;20;19;16;12;20;22;1479
320455;8247;358;614;326;189;210;181;223;333;297;317;293;250;11838
320460;4700;133;399;168;81;88;92;103;105;131;145;121;128;6394
320465;1376;190;181;66;16;22;19;23;28;62;35;33;34;2085
320470;6756;251;538;362;67;105;99;111;145;224;207;265;164;9294
320480;1071;57;148;119;33;19;27;15;20;19;15;56;12;1611
320490;20886;888;1988;898;417;684;503;819;620;698;836;806;724;30767
320495;1911;73;155;81;41;39;44;47;53;58;73;31;43;2649
320500;132553;6174;8874;6726;2571;3118;3655;4799;5534;7038;7393;7219;5812;201466
320501;4125;294;452;195;501;1326;378;256;256;247;201;174;161;8566
320503;3399;93;178;103;50;71;84;77;103;106;127;93;71;4555
320506;6287;214;424;232;101;108;131;142;194;201;228;212;172;8646
320510;15582;437;1250;601;257;254;297;374;561;625;713;632;581;22164
320515;824;77;119;24;24;11;9;13;13;24;18;18;7;1181
320517;1913;53;123;81;171;259;77;32;56;64;52;56;42;2979
320520;101279;4421;4549;4082;1405;2123;2461;2838;3201;3979;4372;4843;5508;145061
320530;216673;6657;35916;6938;3125;3525;3855;4709;4698;5555;6610;6847;5493;310601
330010;34162;1033;1279;964;218;321;630;616;954;734;905;953;1017;43786
330015;965;38;23;45;11;6;6;14;21;27;32;23;22;1233
330020;19064;1065;1653;484;265;350;388;402;445;446;513;551;645;26271
330022;3137;112;79;98;43;37;66;113;123;89;85;77;59;4118
330023;13311;803;1277;547;116;82;90;136;223;455;666;877;924;19507
330025;4799;1677;807;402;199;377;270;111;337;163;169;202;310;9823
330030;16543;384;462;451;145;270;270;353;545;634;655;522;423;21657
330040;34731;1178;1445;1193;452;528;649;852;923;1076;1070;1076;939;46112
330045;32435;938;1072;1118;558;570;700;919;1039;709;959;763;673;42453
330050;4864;111;195;143;67;83;95;141;90;159;187;126;91;6352
330060;5303;140;138;266;106;44;113;144;81;110;194;160;233;7032
330070;41715;3245;3531;2149;644;484;1110;862;1087;1048;1790;1508;1882;61055
330080;7039;201;217;226;52;77;56;111;127;169;265;245;183;8968
330090;1333;214;58;33;17;15;11;16;40;16;51;22;16;1842
330093;2632;69;110;233;146;71;32;79;85;29;23;26;24;3559
330095;2579;51;83;52;39;29;53;54;91;83;97;66;55;3332
330100;86600;2181;2606;2860;1390;1188;2311;2039;2225;2120;2159;1988;1992;111659
330110;3486;55;72;71;21;31;45;48;55;56;74;55;85;4154
330115;1596;42;48;38;14;18;17;19;14;36;28;20;23;1913
330120;3648;45;90;81;52;68;132;54;80;67;56;89;92;4554
330130;6730;163;466;159;101;77;61;176;125;177;145;203;138;8721
330140;2554;73;84;31;68;37;26;28;66;59;51;51;36;3164
330150;3473;176;118;209;48;43;90;64;107;100;100;78;75;4681
330160;1492;26;30;18;20;15;16;26;16;26;27;22;9;1743
330170;149614;5315;5997;4505;2044;2825;2588;3281;5776;4324;4724;6126;4030;201149
330180;1838;33;185;36;43;36;13;28;85;23;22;24;53;2419
330185;6383;177;467;466;148;149;132;236;222;175;173;200;183;9111
330187;2519;926;784;181;83;103;74;82;178;37;39;64;85;5155
330190;31568;1043;2022;1112;229;450;620;1178;873;1070;952;1012;770;42899
330200;25487;692;728;589;345;580;640;1559;1146;745;933;734;557;34735
330205;1929;193;91;240;122;50;38;67;93;60;113;49;34;3079
330210;3296;390;118;68;42;71;34;59;39;45;47;42;36;4287
330220;22163;588;815;711;205;230;270;418;548;507;691;687;661;28494
330225;10263;323;406;311;119;72;153;185;191;246;294;257;330;13150
330227;8258;239;200;184;112;194;166;191;204;139;196;102;118;10303
330230;1130;25;75;30;78;39;23;72;54;16;14;15;7;1578
330240;121747;4144;3637;3143;1066;1198;1659;2324;2551;3373;3703;4263;3898;156706
330245;1588;23;36;17;23;9;13;21;13;21;52;22;18;1856
330250;20164;5694;2038;1003;411;344;527;544;733;608;638;723;1871;35298
330260;10141;365;1193;329;246;131;89;143;231;209;200;254;295;13826
330270;23953;812;1097;818;507;398;524;732;917;748;735;819;609;32669
330280;2512;85;268;66;12;35;67;45;62;40;51;54;28;3325
330285;15551;378;409;376;259;147;749;371;365;455;365;419;278;20122
330290;4012;100;73;62;74;47;43;60;61;60;85;67;124;4868
330300;3936;74;88;93;30;61;61;112;108;103;68;62;52;4848
330310;2337;66;59;313;31;52;23;29;44;23;23;23;20;3043
330320;18266;591;572;541;398;340;253;346;465;448;508;654;489;23871
330330;174729;4655;4731;3891;2573;1932;2457;2805;3793;4371;4323;4916;4661;219837
330340;51391;1488;1923;1703;497;695;733;1214;1421;1801;2107;1909;1211;68093
330350;92597;2972;3348;2857;1272;1623;1807;2535;2775;3165;2889;3261;2694;123795
330360;5576;190;204;131;70;70;96;164;160;194;190;199;110;7354
330370;8912;257;484;240;73;133;139;214;198;199;213;277;274;11613
330380;8376;434;392;390;90;91;95;121;201;307;435;511;539;11982
330385;3772;78;68;84;60;19;49;51;65;78;74;52;64;4514
330390;69509;1911;2143;2065;562;624;783;1171;1414;1957;2475;2346;1675;88635
330395;3768;120;105;86;22;49;104;85;112;88;129;122;128;4918
330400;8469;416;252;364;134;134;197;200;223;181;279;213;172;11234
330410;1888;40;33;106;47;18;28;66;49;56;54;38;16;2439
330411;8448;139;192;176;48;51;42;72;99;117;239;146;136;9905
330412;2155;74;58;42;38;32;40;33;37;39;33;40;59;2680
330414;16052;440;445;472;222;210;259;324;364;440;691;562;442;20923
330415;3579;76;103;55;29;17;35;38;46;35;43;33;24;4113
330420;38354;1241;1243;1161;405;433;618;819;974;1013;1067;1392;1220;49940
330430;15421;749;504;597;192;285;357;374;335;396;384;364;373;20331
330440;2122;45;60;62;10;47;33;46;42;26;57;45;32;2627
330450;2592;72;289;109;32;62;54;75;50;133;116;135;107;3826
330452;27921;1083;2170;1109;474;943;638;576;683;720;863;915;804;38899
330455;2239153;60245;64167;57534;28659;26815;29335;38957;45342;49160;55953;59921;54540;2809781
330460;1406;16;19;16;6;6;8;9;7;11;13;15;5;1537
330470;8253;233;212;230;71;87;111;139;151;180;179;164;151;10161
330475;3623;119;106;121;555;302;1004;207;196;64;151;157;52;6657
330480;4898;100;368;149;73;91;26;66;92;76;52;68;65;6124
330490;104939;3015;3921;3178;1541;2179;2765;2437;2935;3064;3674;3508;3121;140277
330500;14829;845;547;274;135;92;115;370;530;298;159;233;171;18598
330510;56676;1921;1627;1597;762;1008;908;1439;1497;1349;1436;1689;1326;73235
330513;1153;29;29;28;29;20;42;18;32;21;20;11;4;1436
330515;3926;115;119;148;98;147;135;89;131;158;158;132;144;5500
330520;17458;495;1326;427;126;166;237;352;518;433;549;510;521;23118
330530;1234;22;22;11;9;14;2;5;21;6;12;4;7;1369
330540;4912;370;215;152;56;113;89;100;129;136;176;104;102;6654
330550;13670;546;629;406;162;159;218;373;436;382;460;420;457;18318
330555;14542;248;490;424;264;305;337;532;403;237;661;613;209;19265
330560;3898;228;375;244;111;89;87;183;172;78;88;55;46;5654
330570;2026;37;47;49;13;56;74;45;54;46;45;40;31;2563
330575;4013;100;136;139;52;100;46;45;119;97;107;88;95;5137
330580;36011;1241;1367;1163;519;552;623;713;955;1244;1297;1342;1078;48105
330590;1430;49;50;6;17;15;11;9;39;7;9;8;9;1659
330600;22631;532;739;506;222;201;419;588;503;635;589;722;495;28782
330610;11712;291;462;274;141;142;169;157;224;186;258;206;237;14459
330615;1186;32;26;56;17;17;19;22;17;15;14;12;10;1443
330620;8102;98;195;201;113;68;137;157;154;181;119;169;142;9836
330630;78381;2063;2297;2191;842;718;1556;1475;1824;2397;2748;2738;2629;101859
350010;10300;335;608;343;372;154;226;208;268;254;266;270;183;13787
350020;940;20;88;29;23;23;18;27;19;17;32;47;19;1302
350030;6795;239;339;308;125;150;183;276;291;259;251;227;209;9652
350040;1008;63;36;20;32;52;59;73;45;17;35;48;49;1537
350050;5064;134;155;118;67;36;48;76;76;115;238;207;158;6492
350055;1494;83;64;48;22;39;73;162;66;105;59;123;116;2454
350060;1436;33;52;43;11;20;20;48;16;27;30;45;46;1827
350070;9346;325;487;268;138;189;301;315;281;319;372;306;296;12943
350075;883;20;33;21;12;8;20;13;12;26;18;24;19;1109
350080;1016;36;88;17;6;3;12;273;188;80;71;102;50;1942
350090;758;8;26;49;8;14;9;18;18;5;12;15;5;945
350100;3777;196;100;192;115;609;247;85;142;144;164;141;90;6002
350110;474;8;6;17;100;21;12;18;12;17;8;8;7;708
350115;6419;188;66;67;38;35;174;87;50;113;68;115;104;7524
350120;510;5;16;12;0;7;8;10;7;5;10;7;8;605
350130;3275;67;158;67;23;25;45;44;55;77;62;79;46;4023
350140;365;5;7;7;1;3;13;7;5;4;2;4;1;424
350150;309;5;19;4;5;1;4;4;3;3;1;0;5;363
350160;73773;2931;3201;2735;1085;1033;2018;2169;2675;3132;3229;3112;2423;103516
350170;9367;464;485;415;143;125;225;215;278;345;312;485;610;13469
350180;577;41;14;21;5;3;5;6;13;3;4;6;6;704
350190;23857;664;1183;701;435;401;503;551;736;724;764;859;723;32101
350200;1035;20;43;26;40;22;18;14;20;31;30;45;15;1359
350210;16072;558;711;925;525;330;434;532;452;536;586;602;446;22709
350220;5452;128;177;191;113;104;526;168;218;156;184;182;171;7770
350230;992;35;53;34;15;17;35;43;45;32;31;14;29;1375
350240;492;15;25;12;8;5;3;8;7;4;7;6;3;595
350250;11521;367;558;295;63;55;76;88;137;447;508;443;230;14788
350260;688;12;20;18;3;8;18;22;10;18;16;7;20;860
350270;4653;221;135;128;45;75;102;184;112;289;393;321;246;6904
350275;9732;601;362;354;141;128;269;406;387;406;479;454;347;14066
350280;52372;2391;2566;2218;942;753;1286;1508;2061;1783;2040;1989;1722;73631
350290;5781;239;370;197;71;84;123;147;186;203;181;177;121;7880
350300;723;34;27;68;85;18;17;6;23;14;13;25;15;1068
350310;1471;28;33;29;7;47;171;77;101;79;52;44;40;2179
350315;372;12;4;5;0;3;3;7;1;4;1;1;3;416
350320;76896;2985;3168;2792;1486;1282;1924;2172;2274;3117;3103;3063;2354;106616
350330;38824;1524;1308;1062;1259;534;699;959;1215;1246;1287;1406;1023;52346
350335;335;11;11;3;4;2;3;4;1;3;25;2;33;437
350340;1499;56;99;120;37;43;25;58;65;70;72;79;50;2273
350350;605;19;21;6;7;7;8;15;13;13;18;12;17;761
350360;1236;39;48;26;144;46;26;37;53;17;30;21;9;1732
350370;3570;69;33;117;88;28;22;44;23;26;10;37;33;4100
350380;9445;306;405;319;351;232;342;381;247;327;435;356;270;13416
350390;25554;836;869;1019;313;271;466;648;725;791;1027;1301;640;34460
350395;217;2;1;6;1;1;1;0;0;0;3;0;3;235
350400;21998;806;1265;843;325;330;535;623;633;789;832;889;706;30574
350410;41542;1558;1735;1619;440;588;737;1061;1450;1573;1742;1911;1352;57308
350420;2554;68;131;87;24;20;28;44;60;75;114;65;34;3304
350430;1203;143;41;101;104;62;68;92;125;106;54;55;46;2200
350440;1761;230;73;261;41;64;43;90;42;41;46;35;36;2763
350450;22931;950;1014;760;339;557;648;665;758;819;1006;912;748;32107
350460;3192;144;148;162;86;71;95;118;132;143;309;338;262;5200
350470;376;6;3;3;7;2;1;3;3;1;1;3;0;409
350480;1457;80;61;55;14;17;36;56;96;91;77;73;66;2179
350490;1634;33;25;38;14;17;19;37;27;24;29;27;31;1955
350500;579;3;26;45;5;1;5;15;24;3;78;20;5;809
350510;634;90;37;18;55;31;74;23;11;8;6;12;8;1007
350520;8857;278;293;246;145;139;312;332;258;382;392;311;156;12101
350530;11347;251;293;215;908;188;142;206;183;178;313;374;245;14843
350535;754;27;30;11;22;16;18;26;34;65;19;30;62;1114
350540;662;11;15;18;12;7;9;8;12;9;19;9;13;804
350550;33041;1186;1570;1319;843;639;782;891;1048;1123;1195;1080;774;45491
350560;3955;532;405;330;206;119;115;156;186;150;281;621;275;7331
350570;297391;11203;11865;13325;6234;7537;8929;10795;13566;13670;15154;16946;12007;438622
350580;7341;245;268;257;117;126;170;152;194;192;194;212;192;9660
350590;15764;570;649;503;201;212;247;380;432;497;535;441;380;20811
350600;128857;4969;6538;5512;1609;2291;4546;4078;4015;4529;5025;5452;4055;181476
350610;28864;904;1167;1012;690;2688;3238;1848;1082;1103;856;970;692;45114
350620;904;11;6;96;35;13;5;9;3;5;7;7;4;1105
350630;2531;175;96;124;155;63;56;33;62;70;94;71;60;3590
350635;13448;384;353;369;209;129;213;252;376;548;596;684;903;18464
350640;1449;36;59;84;25;72;39;59;38;45;55;37;27;2025
350650;30187;1488;2254;1720;576;499;864;1000;1193;1550;1703;1235;714;44983
350660;3509;86;204;92;68;48;74;97;97;71;96;83;89;4614
350670;2697;46;124;127;49;37;63;115;58;90;67;113;79;3665
350680;3370;74;111;297;148;88;34;49;51;44;100;68;50;4484
350690;2054;61;61;74;51;32;39;49;72;64;53;77;54;2741
350700;21432;708;733;774;231;384;469;502;724;600;803;808;726;28894
350710;5397;164;237;222;74;81;159;192;209;204;255;192;182;7568
350715;642;6;33;19;3;10;0;7;3;3;10;6;8;750
350720;792;36;33;184;83;53;25;20;12;8;5;5;1;1257
350730;1451;52;61;92;56;12;31;37;46;40;43;42;44;2007
350740;2708;128;112;111;129;115;64;93;113;106;91;65;58;3893
350745;749;14;23;12;3;3;29;13;24;29;50;5;11;965
350750;42508;1618;1601;1420;749;1034;1373;1189;1379;1298;1455;1465;1309;58398
350760;45220;2063;2050;1673;804;698;1049;1720;2184;1974;2776;2593;1643;66447
350770;499;16;12;9;20;43;6;6;7;9;8;8;2;645
350775;501;2;5;0;1;4;2;2;0;1;1;3;4;526
350780;5878;209;358;302;124;72;110;172;158;178;210;171;59;8001
350790;7223;227;277;358;302;107;205;175;162;235;253;181;205;9910
350800;4850;189;308;184;96;62;251;155;368;153;230;183;111;7140
350810;3720;87;95;142;619;67;60;72;64;71;66;83;52;5198
350820;1881;44;46;280;23;36;26;20;22;14;12;16;13;2433
350830;795;26;53;19;21;38;39;49;55;36;36;47;36;1250
350840;15138;470;483;490;221;192;258;426;462;586;602;643;488;20459
350850;22119;606;757;593;167;328;305;524;638;621;687;659;457;28461
350860;5211;116;210;115;53;44;51;60;85;80;69;60;60;6214
350870;2044;56;71;83;53;99;179;73;45;28;65;56;53;2905
350880;3924;176;126;197;170;89;126;100;98;124;142;73;38;5383
350890;358;4;14;10;5;12;2;4;0;5;1;1;2;418
350900;21792;1231;1051;839;445;323;385;786;977;865;820;977;595;31086
350910;540;5;8;25;6;2;9;7;12;4;7;8;6;639
350920;45256;1755;2044;2281;1385;1853;2096;2495;2617;4097;5087;4582;1967;77515
350925;6848;196;296;189;107;138;137;167;186;184;243;258;198;9147
350930;1486;42;58;32;30;37;49;32;50;25;20;17;19;1897
350940;5027;127;175;175;119;242;225;157;129;162;166;273;154;7131
350945;739;17;12;11;10;8;25;12;25;13;20;8;8;908
350950;412611;15865;16235;15632;6039;6137;8432;10664;12360;13654;15637;16779;12968;563013
350960;12318;278;536;288;69;92;126;150;246;364;318;551;364;15700
350970;12968;449;541;389;116;50;95;190;216;379;453;546;474;16866
350980;702;18;43;11;14;9;12;29;35;25;37;11;15;961
350990;1576;30;44;33;20;18;37;23;112;32;50;42;39;2056
350995;952;22;30;21;17;46;16;27;22;22;19;18;12;1224
351000;5873;275;335;187;57;86;94;181;252;145;210;232;136;8063
351010;744;41;18;17;12;55;20;62;42;45;53;72;30;1211
351015;505;19;10;21;3;1;2;5;4;5;5;3;3;586
351020;8115;211;427;311;167;133;315;269;348;358;427;316;333;11730
351030;3665;128;174;145;267;524;533;358;176;143;285;307;193;6898
351040;15003;687;604;612;229;277;251;447;479;543;483;455;317;20387
351050;26546;773;1660;916;435;471;402;626;640;841;1015;1254;1399;36978
351060;36925;1485;1554;1387;561;537;615;915;1000;1145;1293;1283;861;49561
351070;1453;35;50;63;36;18;19;22;30;33;45;51;22;1877
351080;6761;315;273;279;131;177;220;313;270;220;212;258;275;9704
351090;484;41;27;6;8;20;12;20;4;6;11;21;7;667
351100;2988;444;191;719;103;62;40;53;58;51;64;50;71;4894
351110;36162;2137;1911;1599;1889;1115;1211;1616;1912;1488;1741;1820;1495;56096
351120;712;28;42;66;85;18;10;17;11;7;13;11;8;1028
351130;5428;292;366;464;77;119;281;219;183;209;347;246;163;8394
351140;4530;144;239;142;325;229;111;178;163;151;143;165;124;6644
351150;12641;649;691;440;207;366;237;307;343;491;455;472;288;17587
351160;3813;113;86;129;56;70;105;100;148;150;223;224;175;5392
351170;2364;62;67;70;229;168;41;115;65;53;54;58;40;3386
351190;1141;34;30;38;55;122;121;29;21;20;19;37;19;1686
351200;5425;226;188;454;390;181;333;158;181;179;131;112;81;8039
351210;5130;49;179;267;298;763;489;134;139;126;131;59;42;7806
351220;5813;229;286;281;102;88;483;397;256;317;254;216;177;8899
351230;3344;153;115;83;52;55;55;68;80;133;96;163;110;4507
351240;10430;334;406;387;103;180;387;366;367;408;553;416;371;14708
351250;948;29;32;25;11;11;32;21;55;40;38;58;46;1346
351260;846;15;54;31;11;7;15;17;24;10;45;28;13;1116
351270;1167;44;26;47;41;26;29;29;29;34;20;30;14;1536
351280;9930;433;493;421;284;235;244;254;331;348;367;372;297;14009
351290;2279;60;82;67;10;9;34;99;416;70;186;200;62;3574
351300;77098;3117;3006;3035;1526;1423;1690;2123;2405;2778;3296;3272;2433;107202
351310;9410;334;326;365;294;189;181;256;444;447;365;395;253;13259
351320;1461;41;120;55;46;149;75;69;61;43;38;33;46;2237
351330;381;6;10;7;5;0;10;5;6;4;1;7;3;445
351340;17312;463;726;594;160;136;175;309;333;518;448;413;394;21981
351350;30084;686;758;767;367;400;620;588;947;939;722;849;672;38399
351360;2256;77;73;74;20;37;12;30;40;28;36;39;36;2758
351370;9773;288;382;350;386;179;205;281;320;232;307;289;264;13256
351380;88902;2492;2555;2365;774;776;1197;1830;2376;2471;2829;2920;2034;113521
351385;315;0;0;3;3;1;1;3;1;1;0;0;0;328
351390;2275;58;107;68;25;36;60;53;74;68;53;21;39;2937
351400;716;13;25;221;99;61;18;23;26;10;30;13;15;1270
351410;5137;210;236;326;342;283;170;170;97;171;145;155;107;7549
351420;260;4;8;10;0;2;0;0;4;14;1;7;1;311
351430;2752;71;92;74;54;43;59;60;99;160;151;157;108;3880
351440;11949;494;784;653;218;384;297;482;417;409;456;622;396;17561
351450;2397;62;130;144;42;61;54;85;41;50;73;56;46;3241
351460;2049;112;88;52;12;15;50;47;53;60;60;75;41;2714
351470;866;22;48;34;10;11;17;20;17;19;16;19;13;1112
351480;2136;52;188;71;31;43;35;37;54;51;58;32;63;2851
351490;5496;208;335;373;271;335;188;271;181;238;267;268;160;8591
351492;561;22;19;85;25;6;9;8;9;16;6;8;14;788
351495;366;1;2;3;6;0;2;11;2;0;0;1;2;396
351500;44634;1293;1627;1429;688;597;884;1198;1631;1499;1436;1553;989;59458
351510;8220;262;210;208;83;82;131;177;255;299;303;292;167;10689
351512;340;5;18;8;7;5;8;2;17;6;5;7;4;432
351515;4686;230;186;204;49;39;123;152;112;170;129;202;85;6367
351518;11480;787;572;593;168;173;231;259;466;350;337;505;452;16373
351519;537;9;14;19;8;19;12;12;21;12;24;11;20;718
351520;3625;130;106;95;24;90;134;80;114;86;109;121;89;4803
351530;344;3;5;1;3;2;1;2;7;3;2;3;1;377
351535;697;7;42;10;5;5;4;9;4;6;8;6;6;809
351540;3693;145;199;135;68;86;49;76;79;124;129;129;69;4981
351550;17154;711;1103;1074;362;331;379;537;552;564;686;688;490;24631
351560;1367;41;89;80;22;49;32;56;22;42;98;47;37;1982
351565;329;12;8;8;2;7;4;25;9;8;7;11;6;436
351570;19921;573;615;634;182;166;356;589;754;722;722;497;366;26097
351580;272;1;0;1;5;0;0;1;3;0;1;0;1;285
351590;442;21;11;14;0;1;4;5;9;9;16;6;3;541
351600;1334;61;180;77;60;15;23;39;35;45;35;47;33;1984
351610;490;5;18;5;2;5;10;4;13;6;3;2;7;570
351620;86052;5288;4650;3968;1348;1556;2095;3038;3335;3825;4567;3926;2409;126057
351630;9173;302;618;320;125;657;170;271;232;320;274;280;300;13042
351640;18534;543;883;622;300;358;415;364;582;567;666;849;479;25162
351650;926;41;153;46;3;8;8;11;4;9;9;16;11;1245
351660;1356;54;72;38;27;29;24;34;32;43;67;28;17;1821
351670;10177;354;444;332;136;327;199;428;402;440;474;350;230;14293
351680;415;9;11;75;19;35;21;8;18;9;4;22;4;650
351685;4196;40;67;31;36;22;26;19;15;17;8;9;16;4502
351690;1495;162;182;94;78;34;59;24;19;30;21;14;15;2227
351700;1270;24;23;17;11;59;148;49;36;12;37;27;8;1721
351710;899;14;28;45;12;12;10;14;9;14;9;11;7;1084
351720;1509;69;32;85;23;51;105;51;47;44;42;27;23;2108
351730;515;4;32;14;8;9;13;53;42;24;6;45;16;781
351740;15123;442;438;801;830;429;290;211;226;292;355;263;545;20245
351750;4765;201;214;302;137;145;264;255;199;178;208;209;267;7344
351760;1956;94;143;68;12;11;7;23;35;50;46;76;64;2585
351770;2981;103;229;291;78;46;29;66;71;81;79;56;36;4146
351780;1384;26;57;26;22;13;16;19;21;22;17;33;24;1680
351790;2492;45;56;102;81;65;92;167;33;29;58;27;26;3273
351800;317;1;3;5;9;3;3;4;1;6;6;6;4;368
351810;1178;26;47;34;15;50;23;20;5;14;15;9;7;1443
351820;6884;200;180;317;172;96;174;272;114;106;133;121;150;8919
351830;7993;243;247;241;81;59;108;180;272;293;471;258;190;10636
351840;30823;1263;1204;859;291;295;336;589;693;879;816;896;665;39609
351850;2538;57;96;49;14;24;36;33;62;86;115;87;79;3276
351860;7394;562;504;485;453;142;174;174;181;250;266;242;265;11092
351870;47311;1122;1224;982;414;398;608;658;911;900;1316;1522;1570;58936
351880;343513;11339;13283;11297;4844;4666;7052;9322;11099;13975;16091;15536;12137;474154
351885;1519;67;56;54;95;46;61;52;44;39;37;75;40;2185
351890;563;19;33;14;83;9;9;4;6;6;5;22;33;806
351900;1286;44;103;50;49;33;33;37;31;25;18;25;11;1745
351905;10504;392;522;633;438;189;301;262;313;591;836;583;366;15930
351907;47254;1587;1610;1586;559;779;928;1245;1480;1591;1671;1722;1204;63216
351910;3081;83;114;174;139;54;46;54;62;53;28;74;49;4011
351920;957;39;46;34;31;32;35;29;71;27;30;40;27;1398
351925;1723;64;70;34;34;11;14;31;38;31;64;24;49;2187
351930;6384;281;355;309;300;84;127;153;148;199;200;270;208;9018
351940;2022;94;193;114;33;42;49;74;64;72;103;82;43;2985
351950;750;31;117;148;111;169;93;65;89;46;33;34;12;1698
351960;15399;845;772;667;293;316;541;870;872;929;758;793;484;23539
351970;14319;514;698;521;250;311;352;383;515;484;543;547;433;19870
351980;949;17;64;196;72;9;7;53;24;15;49;15;14;1484
351990;1058;52;46;43;9;15;22;13;30;26;23;16;13;1366
352000;2286;65;76;58;188;80;54;37;46;65;80;70;42;3147
352010;5745;287;365;440;130;147;120;131;108;123;183;396;147;8322
352020;1645;43;69;29;10;9;15;21;33;61;64;43;30;2072
352030;2829;86;211;74;23;27;27;116;34;59;75;81;68;3710
352040;9303;287;362;298;116;75;83;155;230;320;464;500;537;12730
352042;1710;145;48;36;61;114;24;16;33;56;40;110;123;2516
352044;5046;135;211;127;90;49;105;107;166;119;161;214;142;6672
352050;79361;3328;3502;3342;1374;1171;1664;2213;2430;3339;3501;3750;2655;111630
352060;635;25;31;20;10;4;10;13;27;26;19;24;7;851
352070;544;12;22;24;7;14;10;8;9;4;8;3;10;675
352080;966;6;8;8;16;11;4;9;7;10;10;10;37;1102
352090;3476;61;109;198;149;42;51;84;70;84;86;74;55;4539
352100;6678;228;357;241;95;123;94;178;246;294;315;295;282;9426
352110;1911;68;58;46;21;43;45;51;62;65;43;55;54;2522
352115;959;36;46;61;10;13;24;32;20;29;57;48;25;1360
352120;511;1;7;17;0;2;2;1;5;4;7;5;2;564
352130;2712;98;55;144;106;50;220;64;49;54;68;66;155;3841
352140;7228;226;201;333;196;108;132;199;203;271;239;264;218;9818
352150;1006;47;73;52;22;7;14;20;24;31;24;32;22;1374
352160;666;9;25;8;13;17;7;5;16;9;10;5;10;800
352170;2801;108;319;83;50;44;50;48;55;64;42;41;36;3741
352180;5044;219;155;147;116;76;256;127;114;139;423;357;332;7505
352190;3580;167;214;110;59;64;84;160;163;199;153;120;96;5169
352200;607;27;25;17;7;20;36;11;11;21;18;22;17;839
352210;14510;356;392;271;183;266;174;267;302;317;420;462;731;18651
352215;304;8;9;6;18;4;4;2;6;6;6;3;2;378
352220;22601;1042;828;731;331;427;432;664;631;893;808;924;776;31088
352230;37468;1712;1422;1350;601;1046;1038;1258;1454;1532;1790;1608;1280;53559
352240;20388;715;820;815;252;259;485;674;797;863;740;738;496;28042
352250;35924;1100;1107;1053;621;558;1137;1370;1063;1116;1902;2492;1043;50486
352260;23899;795;838;797;464;355;525;739;777;809;909;834;532;32273
352265;565;12;16;8;1;3;22;4;4;15;9;12;5;676
352270;9964;343;394;412;238;289;407;277;337;228;364;421;192;13866
352280;2170;101;82;40;35;18;49;54;65;75;51;73;39;2852
352290;4564;268;155;224;110;109;122;118;125;217;226;366;182;6786
352300;638;92;66;22;42;10;42;27;26;22;13;22;48;1070
352310;45240;1773;2034;1656;708;593;1037;1698;2031;2009;2377;2611;1576;65343
352320;8078;199;316;236;57;73;118;126;150;203;312;268;115;10251
352330;1722;38;86;28;12;20;30;27;24;29;43;46;29;2134
352340;35142;1552;1660;1498;621;728;776;1146;1192;1277;1550;1266;1001;49409
352350;3097;103;75;70;44;49;216;149;122;220;164;123;84;4516
352360;5341;230;366;208;108;459;347;186;209;184;173;174;159;8144
352370;662;15;22;5;17;86;41;11;23;60;46;8;14;1010
352380;1025;28;45;27;11;23;32;49;25;40;37;28;47;1417
352390;56752;1738;2177;1929;727;705;1137;1547;1687;1807;2115;2431;2055;76807
352400;30841;1295;1460;1313;629;580;782;1012;1287;1486;1606;1780;1200;45271
352410;7622;229;201;262;72;89;122;170;217;209;177;218;102;9690
352420;900;10;43;152;94;20;46;15;14;42;7;11;7;1361
352430;21552;1043;1275;1160;264;239;484;581;703;746;653;682;501;29883
352440;50350;1632;2218;1410;549;728;839;1255;1493;1626;1836;2269;1437;67642
352450;2761;113;112;90;32;30;103;206;246;178;111;115;70;4167
352460;3314;132;136;108;55;65;60;84;101;107;155;102;94;4513
352470;34851;1275;1155;1123;485;549;727;929;1079;1168;1183;1242;952;46718
352480;11680;332;403;378;100;166;172;314;274;414;368;406;302;15309
352490;2921;214;132;105;35;24;26;65;87;193;107;205;90;4204
352500;19213;763;675;629;363;337;439;982;731;682;604;662;486;26566
352510;9283;360;403;343;199;209;344;305;396;406;392;355;276;13271
352520;8971;282;311;338;101;102;185;236;260;284;435;311;243;12059
352530;38533;1460;1586;1478;679;697;658;892;1034;1270;1422;1392;903;52004
352540;712;21;93;91;65;24;29;56;14;16;32;56;32;1241
352550;2408;90;86;73;49;36;39;59;62;80;93;78;50;3203
352560;522;13;12;25;14;1;14;9;9;7;12;12;6;656
352570;9682;341;470;430;188;146;208;338;329;335;356;355;286;13464
352580;468;2;21;9;6;4;5;8;2;3;8;6;1;543
352585;1364;28;77;45;36;41;41;42;41;46;66;52;49;1928
352590;171749;6560;6738;6473;3241;3043;4700;6254;6055;6946;8103;8328;6524;244714
352600;5440;113;186;137;138;125;68;83;71;109;84;73;93;6720
352610;2320;79;127;49;15;19;29;49;42;40;50;68;34;2921
352620;4529;129;188;175;126;60;59;83;90;76;103;71;64;5753
352630;705;6;12;9;7;9;7;7;9;9;17;12;7;816
352640;9536;371;396;497;120;130;219;687;839;570;423;315;243;14346
352650;684;9;4;9;7;14;6;8;8;4;2;8;8;771
352660;826;15;29;18;6;3;8;8;4;9;31;11;18;986
352670;23607;840;828;900;423;467;554;645;668;769;813;848;626;31988
352680;21544;1357;1457;1225;666;991;908;1251;1704;1661;1844;1649;1219;37476
352690;83874;3169;3636;2750;972;1203;1683;2500;2652;2877;3500;3096;2432;114344
352700;2001;54;48;71;34;9;23;32;44;64;93;43;28;2544
352710;26748;908;946;964;483;482;678;735;756;635;834;1070;667;35906
352720;17567;449;668;568;224;215;297;390;392;436;470;575;367;22618
352725;253;2;2;4;0;1;1;0;3;1;3;10;0;280
352730;17708;540;829;707;341;426;449;902;1169;1029;1058;1008;763;26929
352740;9025;541;765;585;542;394;442;508;359;464;517;471;364;14977
352750;814;13;15;11;3;9;87;78;60;40;56;54;22;1262
352760;7095;93;202;553;345;868;637;199;194;156;230;252;113;10937
352770;529;10;12;60;5;14;10;14;6;10;6;1;10;687
352780;587;7;10;28;9;22;12;12;11;13;12;8;8;739
352790;464;3;25;9;6;5;9;3;3;5;1;5;6;544
352800;3540;116;128;137;79;60;53;51;55;110;90;132;80;4631
352810;1786;34;60;91;26;29;30;65;29;101;37;45;34;2367
352820;497;9;21;16;6;6;5;3;7;8;9;11;10;608
352830;623;17;26;59;8;9;14;13;13;10;11;13;14;830
352840;10221;382;530;399;181;186;206;197;404;265;305;337;254;13867
352850;14680;627;630;493;194;124;237;426;563;551;551;608;405;20089
352860;1547;53;60;63;99;18;93;32;59;28;53;96;44;2245
352870;597;11;16;5;25;4;9;36;15;18;9;2;4;751
352880;2464;433;159;116;45;48;48;60;87;51;56;45;90;3702
352885;1666;99;104;213;81;38;30;23;68;32;32;32;29;2447
352890;331;4;3;3;4;2;7;4;6;2;4;2;0;372
352900;70079;2734;3045;2761;1254;1215;1608;2032;2514;2769;2829;2721;2309;97870
352910;292;0;6;4;1;2;4;2;5;2;3;1;3;325
352920;3026;71;151;115;88;46;54;79;78;75;113;66;55;4017
352930;32443;827;781;917;371;3074;2646;2132;1927;1296;949;1028;908;49299
352940;67667;2187;2359;2391;785;987;1148;1532;2061;2138;2573;2265;1767;89860
352950;2515;22;352;233;284;35;21;17;48;107;75;31;13;3753
352960;2061;25;150;85;29;23;20;47;53;51;40;52;32;2668
352965;246;0;1;3;2;9;4;6;4;3;2;4;4;288
352970;2787;208;216;97;44;29;47;47;81;66;79;59;98;3858
352980;1698;51;102;48;59;27;24;72;44;44;60;70;28;2327
352990;3064;70;122;49;38;22;29;38;57;31;40;36;63;3659
353000;446;6;10;6;3;9;6;1;6;6;6;5;4;514
353010;3878;108;174;277;258;136;104;106;53;69;64;69;65;5361
353020;3705;28;120;59;25;13;34;29;77;38;44;34;27;4233
353030;14788;690;594;585;248;286;402;677;858;715;808;655;439;21745
353040;758;24;44;41;6;14;16;29;20;19;6;18;26;1021
353050;16884;478;513;411;238;314;680;367;419;503;620;553;356;22336
353060;104735;4730;4998;4142;1436;1328;2344;3592;3523;3844;4326;4290;3534;146822
353070;40640;1304;1628;1821;772;1723;1642;1256;1399;1587;1669;1647;1284;58372
353080;28817;1060;1162;1186;459;522;675;807;831;907;1260;1208;1286;40180
353090;736;16;31;20;36;9;6;22;26;31;22;17;5;977
353100;940;10;6;7;2;12;10;23;6;16;7;1;1;1041
353110;6935;228;296;189;64;60;82;109;138;184;172;232;256;8945
353120;1426;56;77;85;21;26;58;42;56;40;41;36;25;1989
353130;13465;448;631;454;127;181;289;351;469;502;493;515;412;18337
353140;3878;300;327;281;323;195;171;203;132;158;192;200;140;6500
353150;5277;157;103;119;40;70;605;490;275;330;267;150;105;7988
353160;501;26;56;136;17;22;36;16;12;15;10;2;5;854
353170;649;7;18;21;1;9;11;5;5;7;23;15;11;782
353180;13419;694;767;564;221;246;265;515;570;551;654;741;384;19591
353190;7556;144;411;785;187;131;282;144;132;176;154;106;126;10334
353200;4408;131;145;231;49;46;70;131;153;134;272;190;101;6061
353205;669;24;15;24;25;15;11;56;48;28;29;12;13;969
353210;437;5;8;7;8;5;3;4;5;7;6;2;6;503
353215;378;34;42;9;4;1;3;38;11;9;8;18;7;562
353220;1151;12;38;37;36;23;7;17;24;16;13;15;8;1397
353230;675;19;16;5;7;1;25;8;10;9;8;7;2;792
353240;2782;46;144;153;26;24;34;50;99;64;96;113;62;3693
353250;1564;72;80;55;33;34;43;30;38;47;66;27;34;2123
353260;1734;58;45;51;19;34;28;40;39;32;54;35;39;2208
353270;587;27;23;21;47;21;7;11;9;19;15;16;9;812
353280;1416;53;83;43;39;36;32;38;32;39;46;42;36;1935
353282;2589;48;38;38;49;30;30;45;67;110;64;62;37;3207
353284;218;3;12;5;0;0;1;2;1;1;2;1;0;246
353286;204;3;7;2;1;1;0;0;0;7;5;4;5;239
353290;3436;39;45;54;71;51;47;43;39;39;30;26;76;3996
353300;2818;82;594;168;76;61;64;75;62;100;82;76;60;4318
353310;233;9;17;16;5;0;1;2;2;1;3;3;2;294
353320;1696;108;106;156;49;48;12;21;15;28;19;25;13;2296
353325;507;18;23;228;32;38;10;16;18;18;7;6;12;933
353330;290;9;5;2;4;4;6;2;6;1;2;1;2;334
353340;19413;649;1013;796;332;318;420;779;1024;1121;1128;1159;723;28875
353350;9793;234;643;928;534;163;231;192;211;324;256;269;147;13925
353360;3015;87;77;150;87;111;200;91;68;101;75;61;86;4209
353370;733;10;20;19;11;25;52;62;6;7;18;18;33;1014
353380;337;17;12;19;6;5;3;5;12;6;3;0;4;429
353390;15998;703;771;833;508;242;284;335;344;408;605;755;549;22335
353400;2476;31;32;70;29;28;9;21;36;40;39;34;27;2872
353410;844;31;17;18;0;10;10;15;24;26;18;26;21;1060
353420;3101;210;166;454;167;40;44;47;37;44;39;30;35;4414
353430;12023;616;732;591;272;227;276;351;351;302;597;667;429;17434
353440;164861;5650;6650;5915;2543;3105;5214;5553;5136;5276;6285;7337;5691;229216
353450;446;15;8;7;4;0;3;5;5;13;7;2;2;517
353460;7725;201;275;217;90;111;140;172;259;212;262;212;152;10028
353470;25027;750;909;753;334;329;548;548;739;960;962;1082;846;33787
353475;2688;167;109;282;97;62;83;101;41;71;56;291;154;4202
353480;725;25;18;242;32;5;17;55;10;5;9;11;11;1165
353490;1976;42;71;51;59;38;34;15;18;29;25;27;10;2395
353500;2573;85;83;99;40;43;42;62;38;57;45;34;38;3239
353510;759;61;59;50;16;26;51;16;11;14;18;11;10;1102
353520;1092;52;66;47;15;15;9;34;23;30;38;19;26;1466
353530;4187;91;186;213;136;58;69;117;102;102;115;95;74;5545
353540;2648;143;139;128;81;64;74;92;89;89;111;101;87;3846
353550;12857;207;487;309;676;134;148;162;190;227;226;245;515;16383
353560;2742;74;85;67;25;13;27;55;65;68;83;78;61;3443
353570;1902;154;41;254;131;15;15;26;44;24;25;13;39;2683
353580;4826;240;250;217;154;164;121;379;167;208;303;240;183;7452
353590;731;34;21;23;11;14;9;27;3;36;6;4;1;920
353600;2851;88;292;286;105;58;45;72;83;111;103;60;51;4205
353610;2277;75;66;47;17;31;35;27;34;50;57;72;63;2851
353620;4324;143;203;231;88;83;125;76;127;102;89;110;109;5810
353625;328;14;11;14;1;8;4;6;4;6;2;11;6;415
353630;4347;115;161;177;75;125;101;145;101;137;148;149;74;5855
353640;2065;48;41;42;311;68;95;99;50;32;30;33;25;2939
353650;47009;1796;2388;1780;691;742;1029;1771;1707;1595;1565;1507;1331;64911
353657;313;24;20;12;8;3;5;5;18;14;3;6;10;441
353660;1067;17;25;31;18;26;16;62;13;21;22;17;5;1340
353670;12232;532;567;728;289;200;380;379;339;538;595;921;528;18228
353680;887;23;40;30;9;9;7;19;12;40;21;26;17;1140
353690;420;9;6;9;6;1;4;7;8;11;11;10;8;510
353700;3252;137;98;97;224;255;142;71;72;88;84;104;94;4718
353710;13240;674;551;546;128;149;332;524;603;636;736;554;326;18999
353715;621;31;32;5;2;6;13;12;31;13;6;21;9;802
353720;913;18;41;20;14;27;3;11;14;17;18;18;11;1125
353730;14676;453;571;718;554;575;358;392;436;435;539;506;343;20556
353740;5375;293;192;411;61;50;68;78;92;75;68;86;50;6899
353750;2488;137;82;128;113;80;72;96;59;75;83;89;87;3589
353760;9616;308;343;243;163;124;147;170;272;309;326;368;422;12811
353770;1041;29;103;34;3;19;13;13;33;99;62;56;4;1509
353780;8207;189;337;243;87;87;114;185;238;208;228;197;192;10512
353790;5750;228;298;233;128;119;149;127;154;164;215;254;161;7980
353800;32838;1145;1185;1336;445;522;546;646;772;874;1135;1019;812;43275
353810;2478;91;73;108;46;42;31;37;49;58;70;61;38;3182
353820;2153;68;135;54;13;16;29;39;79;86;105;108;60;2945
353830;521;17;30;14;5;7;7;2;21;14;22;10;1;671
353850;1415;127;67;36;16;18;64;133;67;87;48;34;21;2133
353860;4768;135;309;205;51;63;58;102;160;153;190;179;66;6439
353870;123702;4256;4468;4533;2088;2163;2570;2929;3227;3732;4559;4740;3583;166550
353880;6037;190;329;186;62;47;90;93;125;199;176;207;157;7898
353890;3773;164;95;154;122;131;138;155;149;135;184;135;128;5463
353900;2747;142;81;166;98;71;59;96;104;65;58;61;47;3795
353910;2288;58;185;122;82;38;55;66;101;73;60;61;33;3222
353920;5256;182;200;159;68;78;78;117;120;154;178;191;106;6887
353930;22356;891;796;917;425;254;697;624;623;627;597;651;490;29948
353940;2024;80;90;43;44;40;48;46;55;55;48;114;60;2747
353950;7851;540;473;840;838;96;107;137;102;194;151;328;170;11827
353960;2164;155;169;162;309;423;68;44;54;26;51;59;38;3722
353970;526;7;22;6;7;4;9;5;7;8;2;4;0;607
353980;25655;1043;1363;979;333;428;619;961;854;965;1134;1010;863;36207
353990;1029;106;98;112;56;155;35;33;47;27;8;28;26;1760
354000;7657;270;196;129;68;111;93;163;112;190;172;191;158;9510
354010;441;8;38;34;18;6;10;16;5;7;10;13;9;615
354020;9482;239;873;497;1493;243;167;173;96;96;115;219;142;13835
354025;366;6;13;4;4;1;1;3;35;3;14;5;5;460
354030;561;8;37;16;9;9;6;5;1;7;4;3;3;669
354040;519;6;9;11;23;3;2;8;7;13;4;10;4;619
354050;1353;42;36;49;13;12;19;34;68;43;52;45;42;1808
354060;16253;633;702;567;369;307;362;471;502;764;646;751;508;22835
354070;15454;643;627;633;190;242;342;522;660;775;770;584;467;21909
354075;1322;52;75;77;19;35;20;13;22;26;19;31;20;1731
354080;4462;129;272;178;53;75;100;53;87;110;126;121;80;5846
354085;274;1;4;3;6;0;24;0;0;4;3;0;1;320
354090;7230;294;258;400;152;109;87;77;110;153;145;209;216;9440
354100;53237;1484;1782;1379;550;689;856;1076;1172;1371;1610;1991;1781;68978
354105;1262;48;55;56;32;18;63;85;57;59;38;38;28;1839
354110;537;9;14;13;35;37;4;13;3;7;9;5;4;690
354120;2498;47;110;57;45;647;45;100;68;60;38;44;32;3791
354130;5623;170;199;217;60;100;93;112;159;129;152;159;145;7318
354140;69361;1954;2307;2153;1124;864;1108;1547;1979;1994;2498;2343;1715;90947
354150;5931;238;260;295;83;88;118;161;137;122;172;135;84;7824
354160;8747;192;276;201;346;158;196;260;253;217;248;222;210;11526
354165;575;36;23;15;10;17;4;7;12;12;12;8;15;746
354170;3944;396;119;388;101;51;66;61;76;57;50;46;44;5399
354180;3021;21;21;25;189;65;160;42;34;35;21;15;14;3663
354190;1743;33;20;35;16;8;8;27;24;24;33;56;42;2069
354200;1250;27;37;47;10;14;25;33;26;72;26;38;10;1615
354210;2565;49;117;91;46;46;25;31;51;58;45;54;42;3220
354220;6995;402;380;308;254;126;156;194;208;195;163;175;191;9747
354230;1229;92;61;32;37;27;48;26;42;59;46;53;70;1822
354240;5052;139;163;156;66;81;96;197;235;145;164;123;139;6756
354250;1076;23;47;52;13;24;145;200;243;92;178;207;44;2344
354260;13611;367;438;387;154;163;171;212;375;308;408;460;325;17379
354270;1792;83;64;67;44;187;157;83;50;61;65;68;61;2782
354280;509;18;12;16;0;7;13;10;14;11;6;14;8;638
354290;1766;38;86;118;70;58;82;71;45;103;88;84;71;2680
354300;3551;156;90;64;99;54;117;102;127;363;389;418;287;5817
354310;725;15;53;20;10;80;29;49;17;21;26;13;15;1073
354320;635;16;73;9;12;25;9;20;13;9;8;6;7;842
354323;303;7;3;3;1;3;2;0;2;2;0;4;2;332
354325;324;11;7;6;1;2;10;12;4;3;8;2;10;400
354330;21674;560;799;610;208;372;352;670;555;675;631;611;479;28196
354340;236120;9980;10070;9502;4095;4244;5771;6850;7321;8942;9784;10551;8171;331401
354350;598;4;6;11;2;6;4;10;16;7;16;14;4;698
354360;934;36;38;54;14;38;78;34;14;42;66;36;55;1439
354370;1509;39;57;79;29;31;40;46;28;24;29;28;15;1954
354380;1843;56;75;75;35;43;55;53;42;53;37;61;58;2486
354390;62995;2867;2510;2470;890;1489;2325;3040;2625;2941;2906;2960;2388;92406
354400;8872;221;324;288;389;273;296;215;200;211;251;347;185;12072
354410;3584;71;67;114;48;40;66;77;61;82;75;94;40;4419
354420;1047;28;47;31;29;18;27;21;15;10;19;28;16;1336
354425;2464;37;135;55;24;19;40;45;43;39;53;46;39;3039
354430;2455;72;119;94;37;20;33;71;95;125;73;89;79;3362
354440;472;2;7;13;6;19;9;8;6;6;8;6;4;566
354450;616;7;19;14;6;7;11;12;2;4;19;18;5;740
354460;561;8;30;29;3;30;10;4;8;8;8;11;7;717
354470;327;4;10;8;2;7;4;2;1;5;3;2;4;379
354480;870;19;42;15;30;16;18;26;16;18;30;31;20;1151
354490;2532;212;95;72;53;45;42;66;127;68;73;112;44;3541
354500;2082;28;92;57;22;15;25;31;27;30;40;41;43;2533
354510;439;5;40;32;26;9;57;7;1;2;47;51;2;718
354515;1494;79;69;90;25;36;41;41;64;42;84;81;58;2204
354520;31256;1059;1223;941;318;344;957;843;1061;1034;1401;1415;789;42641
354530;6164;163;193;178;69;94;158;187;167;204;279;245;156;8257
354540;1463;40;35;23;6;6;30;22;50;44;46;33;16;1814
354550;2135;11;34;48;16;11;4;10;16;8;27;28;17;2365
354560;4386;593;132;126;64;55;50;57;79;42;82;56;36;5758
354570;1910;20;54;86;49;32;30;42;13;18;15;23;11;2303
354580;45956;1988;1995;1884;1118;923;907;1198;1380;1656;1911;2330;1383;64629
354600;2167;66;49;50;18;22;38;59;32;53;67;55;50;2726
354610;713;64;36;49;7;30;42;67;29;34;60;46;30;1207
354620;1211;23;36;30;61;16;26;16;26;45;29;38;40;1597
354625;416;4;7;10;8;44;15;12;11;3;6;6;5;547
354630;5740;157;167;506;310;244;184;131;100;150;149;173;111;8122
354640;15065;353;436;359;163;335;1051;902;665;690;769;754;383;21925
354650;530;52;24;18;5;10;6;14;6;7;2;27;5;706
354660;9248;334;431;309;145;129;133;301;347;348;333;325;263;12646
354670;8277;346;211;206;53;42;285;838;338;323;318;307;278;11822
354680;9924;247;452;357;163;186;220;215;216;243;254;236;236;12949
354690;640;14;18;4;13;4;44;14;11;11;15;15;12;815
354700;1203;33;32;45;19;21;35;51;28;39;24;54;127;1711
354710;365;9;8;13;4;58;15;4;10;3;6;5;29;529
354720;216;2;3;2;0;7;3;0;2;0;4;2;0;241
354730;55328;1743;2532;1769;746;804;903;2110;1680;1886;2872;1795;1508;75676
354740;354;6;5;5;3;2;2;0;4;4;1;0;2;388
354750;5596;316;2848;513;639;219;164;215;186;111;184;153;102;11246
354760;4177;121;135;143;133;70;56;93;134;113;129;116;77;5497
354765;210;2;2;5;9;1;2;7;3;3;3;2;1;250
354770;3377;81;166;103;34;40;59;93;109;94;76;103;68;4403
354780;215050;7995;8232;8678;4054;3736;4804;6052;6571;7425;8321;10253;7232;298403
354790;1015;27;55;35;25;73;28;21;14;20;20;26;24;1383
354800;7880;383;305;328;138;124;164;210;342;298;323;283;218;10996
354805;1734;56;36;71;16;36;20;58;30;55;31;29;35;2207
354810;1221;12;22;41;31;75;38;26;26;24;24;40;28;1608
354820;1164;32;51;17;2;7;7;21;28;25;30;24;20;1428
354830;324;6;4;14;5;6;1;1;10;3;1;2;4;381
354840;503;13;19;56;7;5;4;2;7;14;13;9;4;656
354850;177387;4954;5090;4437;2133;2150;2759;3175;3710;3939;4297;5073;5139;224243
354860;1590;40;44;40;23;35;21;24;26;31;48;38;29;1989
354870;261245;8879;9167;9427;3732;4131;5339;5742;6795;8215;9909;10972;8466;352019
354880;107825;4436;4174;4217;2301;1812;2365;3319;3549;4678;4495;4125;3534;150830
354890;75503;2895;2974;2815;1077;1037;1534;2447;2842;2693;3224;2786;2223;104050
354900;215;5;1;9;1;0;1;2;4;1;1;1;0;241
354910;24210;942;787;775;339;485;396;755;589;955;951;956;728;32868
354920;272;5;10;3;1;3;2;3;1;5;0;3;1;309
354925;260;2;16;44;7;14;9;50;13;0;1;6;3;425
354930;237;4;3;9;2;0;1;2;1;0;2;1;0;262
354940;12532;330;415;487;226;176;200;258;243;301;274;348;252;16042
354950;821;26;30;15;13;30;81;13;16;18;24;20;34;1141
354960;519;7;9;4;5;3;5;5;0;8;15;4;7;591
354970;14438;404;720;475;208;385;352;641;296;403;388;485;338;19533
354980;141761;6482;6064;5559;2425;2392;3032;4557;4814;5449;6266;6456;4703;199960
354990;194571;7625;8227;6884;2295;2725;3601;4805;5545;6360;6863;7631;5631;262763
354995;9092;682;575;341;237;213;145;228;279;266;279;222;124;12683
355000;1822;54;48;32;10;23;17;31;38;38;32;39;33;2217
355010;8218;412;282;220;319;167;176;186;222;215;207;226;234;11084
355020;4513;169;186;157;55;65;66;124;137;159;162;156;123;6072
355030;5123773;186642;198392;183388;88632;82416;101335;124763;143765;153774;183782;190453;158369;6919484
355040;6646;229;249;357;146;201;159;182;155;213;317;259;251;9364
355050;1413;36;45;46;12;26;193;26;58;44;60;56;26;2041
355060;21380;851;896;785;325;307;426;592;605;884;924;1129;823;29927
355070;18658;901;1098;646;281;233;464;467;633;819;1072;933;1015;27220
355080;2596;106;95;91;37;222;162;100;72;60;129;130;64;3864
355090;3439;100;107;78;31;35;46;80;79;167;129;101;52;4444
355100;36320;1025;1136;1531;305;374;507;657;718;943;1066;1116;969;46667
355110;1920;68;111;64;28;35;51;76;84;105;71;165;20;2798
355120;595;14;17;5;8;2;1;22;17;16;6;44;18;765
355130;2244;22;204;58;25;43;24;30;30;26;25;25;9;2765
355140;814;21;27;82;54;15;15;36;35;17;30;8;16;1170
355150;7556;277;341;455;464;182;191;213;204;218;230;297;197;10825
355160;6367;207;226;149;72;43;89;101;112;136;185;180;159;8026
355170;41515;2965;2306;2388;1655;800;927;1133;1441;1622;2096;2967;1910;63725
355180;1839;69;49;95;20;23;34;34;42;43;46;31;34;2359
355190;2249;228;629;282;130;73;56;28;45;61;24;143;106;4054
355200;759;15;8;15;8;3;5;23;24;5;14;8;13;900
355210;7900;335;361;224;124;120;160;194;194;233;315;279;258;10697
355220;200790;9338;8961;8494;3178;3308;4765;5573;7263;8005;9542;10137;7813;287167
355230;1543;40;137;112;20;132;274;195;118;81;55;80;65;2852
355240;56969;2109;2498;2044;850;882;1621;1744;1778;2045;2427;2193;1633;78793
355250;66235;2349;2677;2328;915;1004;1390;1386;1959;2252;2583;2511;2397;89986
355255;1453;24;17;88;339;75;26;25;20;18;10;7;43;2145
355260;2358;77;87;65;41;25;144;97;56;43;31;31;18;3073
355270;3409;126;83;135;70;68;92;124;219;154;159;155;96;4890
355280;64719;2943;2916;3067;1226;1639;2058;2428;2277;2474;2895;3353;2196;94191
355290;804;16;37;44;4;8;19;18;38;19;20;15;11;1053
355300;4568;287;231;217;86;28;36;48;52;232;260;198;210;6453
355310;692;10;11;17;14;5;4;9;27;12;23;15;10;849
355320;741;15;33;14;15;9;12;18;6;4;9;7;10;893
355330;5755;162;171;184;85;95;319;211;218;200;218;311;176;8105
355340;5367;252;303;229;123;94;165;225;180;153;207;229;138;7665
355350;1129;26;20;18;5;4;12;14;15;17;24;17;26;1327
355360;2038;44;74;49;109;71;46;37;58;38;54;43;42;2703
355365;540;19;18;15;23;16;18;13;6;3;6;5;5;687
355370;10958;344;659;391;285;165;205;323;276;245;368;404;249;14872
355380;5077;185;278;171;61;78;332;382;160;156;219;173;137;7409
355385;1465;69;49;73;29;29;58;101;46;81;47;69;21;2137
355390;1373;20;55;42;16;120;28;26;23;22;26;20;14;1785
355395;5171;478;577;480;328;144;119;198;240;200;154;252;439;8780
355400;29865;1178;1193;975;439;436;623;779;1110;1141;1366;1123;794;41022
355410;82895;2369;3030;2942;919;1219;1344;1789;2107;2491;2670;2772;2077;108624
355420;1085;37;50;31;22;25;20;22;36;48;28;46;20;1470
355430;3324;220;85;84;42;30;38;101;62;51;71;80;47;4235
355440;1186;35;48;254;236;33;54;52;46;124;91;25;7;2191
355450;14072;382;606;479;352;201;243;259;371;451;507;473;286;18682
355460;439;35;5;27;6;3;27;11;15;19;9;13;6;615
355465;224;1;1;2;0;0;5;3;2;2;5;4;0;249
355470;2074;60;76;61;48;57;39;58;73;56;67;76;48;2793
355475;388;19;20;44;11;26;27;40;23;25;24;34;11;692
355480;4684;137;174;161;55;48;64;93;159;176;217;163;113;6244
355490;649;18;33;31;5;10;9;5;8;7;8;10;26;819
355495;630;14;30;27;5;7;6;11;17;8;15;9;9;788
355500;16665;723;847;554;226;320;312;421;408;465;459;401;398;22199
355510;2238;53;111;210;35;49;31;53;37;41;44;45;129;3076
355520;288;1;3;2;6;2;1;1;1;4;1;2;2;314
355530;309;1;17;7;3;7;6;6;8;8;5;1;3;381
355535;1471;61;62;216;52;16;10;11;18;14;31;23;11;1996
355540;20559;781;675;539;278;161;208;345;430;712;1022;1173;1376;28259
355550;1355;42;41;26;18;12;184;54;56;67;77;62;31;2025
355560;1185;64;117;55;39;38;44;42;24;61;147;43;21;1880
355570;293;3;11;20;4;3;3;3;6;7;0;3;0;356
355580;1275;17;48;27;6;9;14;21;18;23;41;61;35;1595
355590;258;2;7;3;3;3;1;4;4;2;1;1;0;289
355600;2708;148;171;172;47;56;66;95;101;88;98;60;55;3865
355610;2953;100;209;285;122;61;71;174;181;236;232;249;151;5024
355620;49615;1818;1801;1618;592;814;1032;1256;1361;1598;1776;1728;1234;66243
355630;5832;122;121;851;185;102;105;93;79;68;90;96;92;7836
355635;934;28;46;53;16;18;25;51;25;33;30;23;28;1310
355640;7414;289;557;308;194;122;345;1399;670;382;357;257;257;12551
355645;12409;442;471;478;184;226;251;416;496;467;579;609;383;17411
355650;17498;532;850;710;290;240;293;423;826;1041;882;747;525;24857
355660;1237;19;43;54;48;54;36;38;22;19;44;34;30;1678
355670;37594;1270;1453;1428;527;653;780;1046;1101;1243;1481;1460;1340;51376
355680;2903;131;145;257;142;81;81;152;87;113;100;94;94;4380
355690;3410;135;847;802;29;52;53;67;38;33;87;59;26;5638
355695;208;1;12;5;5;1;7;7;3;6;2;4;4;265
355700;20018;801;886;686;210;267;479;532;582;869;968;854;706;27858
355710;26619;1028;1326;1109;541;452;759;1049;1065;1090;1586;1183;808;38615
355715;584;11;25;14;13;26;6;14;26;15;7;7;2;750
355720;1670;58;114;137;20;18;17;41;76;59;45;65;39;2359
355730;2204;86;215;41;33;22;38;66;40;41;51;47;39;2923
410010;1020;24;36;33;13;9;16;15;29;31;14;51;20;1311
410020;1038;43;26;45;6;22;29;39;28;34;28;22;23;1383
410030;900;41;28;44;53;21;13;20;47;30;33;26;25;1281
410040;12468;677;566;658;391;405;431;491;719;576;684;620;406;19092
410045;491;5;19;5;3;5;4;6;5;5;3;7;7;565
410050;3238;64;137;95;63;30;32;84;56;83;87;89;57;4115
410060;2114;93;58;61;27;16;26;108;106;63;55;35;29;2791
410070;1121;25;32;19;9;20;9;31;16;22;41;20;25;1390
410080;1497;33;28;45;35;29;36;55;49;66;42;44;36;1995
410090;640;13;15;14;7;30;11;6;13;13;13;23;2;800
410100;5275;191;205;156;70;101;102;146;147;248;219;178;94;7132
410105;477;13;18;6;4;26;10;33;11;8;9;6;3;624
410110;3634;75;107;186;104;73;203;129;139;136;119;85;68;5058
410115;528;4;13;22;9;6;4;11;13;22;13;10;5;660
410120;3030;167;200;262;36;113;142;130;150;117;125;157;74;4703
410130;586;24;21;18;4;41;34;10;10;17;20;35;58;878
410140;32518;1440;1476;1449;506;630;884;1126;1251;1549;1554;1400;897;46680
410150;35601;1798;1567;1506;493;761;1658;1988;1882;1882;2027;1595;1028;53786
410160;6089;309;233;201;147;161;147;217;203;220;206;205;200;8538
410165;408;10;7;9;4;1;34;21;11;4;6;6;6;527
410170;2814;147;94;55;17;50;150;191;186;168;99;125;65;4161
410180;43204;1561;2180;1615;1143;789;841;1177;1283;1480;1569;1888;1353;60083
410185;277;5;5;3;1;4;1;3;9;4;3;1;2;318
410190;2340;54;103;61;54;23;46;39;65;50;41;40;35;2951
410200;6254;166;363;198;107;108;163;181;213;174;225;292;224;8668
410210;5352;195;264;329;120;125;191;147;163;203;190;150;132;7561
410220;835;33;17;21;8;7;17;13;32;18;13;15;7;1036
410230;3303;135;126;119;48;99;105;94;120;113;125;122;110;4619
410240;6342;135;183;165;156;101;67;100;133;117;138;153;118;7908
410250;1292;26;28;20;14;14;10;12;26;26;33;40;24;1565
410260;2164;67;124;83;26;39;54;69;79;92;67;78;53;2995
410270;382;8;9;4;3;5;0;3;4;5;4;7;10;444
410275;343;8;8;8;2;5;2;7;1;2;4;1;3;394
410280;2438;71;76;79;31;28;60;60;76;76;63;78;24;3160
410290;3397;104;200;197;86;103;95;113;169;203;141;180;95;5083
410300;637;10;19;10;4;5;12;19;22;13;10;12;11;784
410302;444;14;13;9;2;3;3;4;5;7;12;9;6;531
410304;1082;18;64;54;14;9;21;19;17;22;30;16;27;1393
410305;1002;23;17;28;54;22;11;28;9;21;22;15;16;1268
410310;2266;152;139;107;61;61;88;81;82;124;134;113;89;3497
410315;503;10;45;7;3;1;0;2;19;10;31;12;2;645
410320;907;25;31;28;13;25;9;19;22;14;14;31;41;1179
410322;803;54;62;26;10;13;27;38;23;47;32;21;22;1178
410330;1009;22;34;25;19;16;14;19;20;29;16;23;17;1263
410335;661;9;21;15;11;14;9;11;6;6;11;11;4;789
410337;467;12;36;7;4;3;55;13;17;3;7;8;3;635
410340;316;1;8;6;5;3;5;3;3;3;3;3;4;363
410345;9868;383;457;407;436;293;187;584;329;287;489;371;300;14391
410347;598;13;19;17;6;7;13;0;2;12;13;9;3;712
410350;1571;81;80;63;29;25;59;51;35;65;63;42;19;2183
410360;5286;136;158;154;426;152;73;100;135;103;130;117;81;7051
410370;23271;941;1064;955;412;445;779;813;941;1050;1111;1034;684;33500
410380;1680;56;68;52;32;52;57;57;45;58;39;42;27;2265
410390;2075;60;168;83;24;35;37;38;62;52;52;52;56;2794
410395;340;24;10;15;4;2;4;3;8;17;2;4;3;436
410400;9265;337;411;301;150;158;183;306;290;344;408;423;305;12881
410405;462;14;9;11;6;5;5;7;5;6;6;4;9;549
410410;1510;53;28;47;23;27;13;35;34;60;64;100;97;2091
410420;28691;1112;1365;1117;729;583;890;907;907;1125;1384;1150;927;40887
410425;3326;125;142;141;46;91;76;119;121;108;129;100;76;4600
410430;26057;1059;1108;798;363;409;663;841;894;958;918;957;788;35813
410440;1438;21;32;37;26;16;25;20;21;23;24;26;25;1734
410442;1929;106;193;82;57;68;165;67;108;104;86;70;171;3206
410445;1317;40;67;47;24;17;29;29;38;37;32;36;29;1742
410450;4316;192;235;229;116;161;114;169;120;154;166;180;150;6302
410460;3097;127;116;93;51;55;116;145;149;184;171;183;76;4563
410465;9378;335;314;269;212;214;256;301;206;281;285;255;302;12608
410470;2470;141;71;94;33;51;49;51;46;70;73;128;72;3349
410480;106986;5851;7024;5453;2407;3290;3888;4314;4612;5607;6227;5731;4284;165674
410490;18831;622;853;866;417;399;457;604;652;623;812;747;576;26459
410500;1282;60;77;66;20;25;32;48;46;38;60;34;51;1839
410510;1228;35;24;30;19;13;11;10;24;33;26;71;8;1532
410520;1436;22;37;35;27;13;30;21;24;20;23;35;20;1743
410530;2757;108;126;138;59;69;86;90;118;126;147;102;72;3998
410540;4544;171;234;184;84;132;149;195;216;233;198;235;124;6699
410550;23898;1025;1284;932;301;454;625;639;604;719;915;786;716;32898
410560;3503;88;101;146;65;38;86;99;53;116;98;60;70;4523
410570;2470;126;134;129;33;48;48;81;110;73;115;97;39;3503
410580;38763;2224;2117;1829;823;940;1101;1471;1683;1771;1837;1962;1259;57780
410590;6987;121;301;148;326;137;93;105;159;130;143;128;97;8875
410600;942;24;30;37;19;28;31;43;19;33;38;17;21;1282
410610;456;8;9;9;4;3;3;6;7;5;10;10;9;539
410620;2007;110;113;106;36;43;67;76;57;54;52;77;102;2900
410630;3228;149;178;152;97;91;79;109;126;131;176;135;96;4747
410640;16119;542;764;821;371;530;343;435;436;490;761;501;560;22673
410645;1196;62;58;59;13;36;31;45;62;65;49;64;32;1772
410650;4550;199;208;208;72;107;106;123;154;189;193;216;159;6484
410655;434;7;20;8;3;3;3;5;4;4;6;6;6;509
410657;822;31;53;43;13;26;23;26;32;37;28;30;10;1174
410660;4569;205;116;132;102;80;268;144;152;109;148;228;187;6440
410670;740;16;12;14;12;5;9;5;16;6;10;3;7;855
410680;1519;39;37;35;29;13;30;33;26;21;34;43;25;1884
410685;428;9;5;9;7;7;3;2;4;3;3;8;11;499
410690;905537;43464;51610;36287;15093;18300;23504;29304;29776;33496;43727;40669;30560;1301327
410700;1473;50;71;78;28;20;19;67;65;51;44;80;29;2075
410710;642;12;6;17;13;5;9;5;7;21;8;5;1;751
410712;350;2;6;7;5;0;4;6;0;0;7;1;3;391
410715;545;18;34;13;3;3;6;13;11;16;12;46;9;729
410720;14354;531;694;530;347;409;408;529;576;516;655;580;551;20680
410725;2922;41;141;37;23;20;25;42;87;73;75;42;45;3573
410730;757;14;21;19;8;15;8;21;16;18;20;9;15;941
410740;1195;50;78;42;33;23;25;41;21;38;34;36;27;1643
410750;2201;54;66;84;24;17;38;42;40;50;38;42;59;2755
410752;359;2;9;2;3;5;2;1;4;4;7;4;3;405
410753;1297;47;69;75;28;40;31;34;50;60;51;52;31;1865
410754;580;17;8;11;12;8;7;8;11;12;7;15;4;700
410755;380;11;9;6;5;7;11;8;8;5;4;5;1;460
410760;2618;59;69;68;34;25;26;36;45;33;57;47;31;3148
410765;18398;948;1107;943;385;408;527;720;974;1034;988;1200;647;28279
410770;574;8;33;24;6;3;4;5;7;7;23;2;12;708
410773;756;16;21;16;9;6;8;6;16;14;24;16;19;927
410775;1110;23;27;15;7;10;19;17;43;32;22;34;15;1374
410780;871;19;49;35;12;11;10;68;37;26;24;18;12;1192
410785;784;51;35;31;11;7;12;19;17;46;30;111;17;1171
410790;1056;27;31;36;17;18;20;14;59;39;33;30;12;1392
410800;3253;34;49;65;184;21;39;58;29;28;34;22;36;3852
410810;427;28;23;13;12;3;3;8;8;10;2;7;4;548
410820;1116;45;43;31;12;11;29;27;43;27;31;21;15;1451
410830;67276;2590;3333;2340;714;878;1201;1291;1524;1833;2495;2880;2508;90863
410832;843;13;35;19;12;7;14;14;20;10;21;21;10;1039
410840;24290;1162;1356;1087;403;662;804;994;1101;1120;1229;1165;879;36252
410845;822;63;29;12;10;12;6;17;26;38;12;37;8;1092
410850;1846;203;150;121;67;64;59;64;70;83;72;64;41;2904
410855;319;3;2;3;0;2;1;1;3;2;0;4;0;340
410860;5191;170;230;178;67;106;136;146;125;162;164;162;127;6964
410865;587;12;17;16;1;5;11;8;9;19;10;13;9;717
410870;706;21;39;5;6;6;5;6;14;7;8;9;15;847
410880;4987;216;283;188;85;97;102;116;110;171;157;189;134;6835
410890;1060;57;46;57;30;67;32;79;46;81;28;28;23;1634
410895;766;38;28;18;5;7;16;28;29;30;20;12;13;1010
410900;663;17;38;15;10;11;12;14;19;23;35;17;13;887
410910;326;5;6;14;2;4;2;2;6;22;11;6;1;407
410920;758;21;14;33;15;6;13;14;16;41;31;19;14;995
410930;2448;79;142;104;47;50;51;95;65;72;95;89;52;3389
410940;44504;2107;2112;1703;879;938;1300;1488;1702;1945;2148;2243;2017;65086
410950;662;8;11;7;13;2;4;0;2;12;10;24;8;763
410960;6689;379;379;249;110;106;116;131;146;215;375;508;756;10159
410965;728;14;41;24;16;24;11;17;16;21;13;20;15;960
410970;5741;203;277;249;176;203;166;315;346;347;314;265;202;8804
410975;1094;73;118;39;17;18;25;34;35;37;65;65;28;1648
410980;12671;580;899;549;300;299;416;514;593;531;461;541;394;18748
410990;1242;33;57;36;27;23;29;35;41;21;21;40;42;1647
411000;1829;84;123;105;17;44;77;66;64;66;122;75;68;2740
411005;341;2;11;8;1;2;6;3;3;4;5;3;5;394
411007;1289;34;87;36;17;21;43;33;41;39;40;72;57;1809
411010;6533;346;413;477;67;113;227;399;413;508;435;543;255;10729
411020;1383;92;60;75;39;30;35;33;56;37;51;50;52;1993
411030;289;4;7;2;1;9;2;2;6;1;3;0;3;329
411040;1100;27;61;29;33;18;20;29;60;30;44;31;20;1502
411050;1741;68;74;68;23;20;34;48;66;41;52;40;29;2304
411060;2155;54;112;74;21;24;37;42;69;86;82;54;53;2863
411065;358;5;13;16;10;3;6;4;9;2;9;5;8;448
411070;12122;408;637;593;157;192;223;274;308;310;572;503;278;16577
411080;1536;31;88;40;25;9;22;20;24;32;82;69;41;2019
411090;486;8;57;17;25;8;3;9;42;5;3;67;5;735
411095;2516;213;319;111;90;98;200;128;68;109;100;106;46;4104
411100;730;18;38;31;116;18;104;23;23;18;10;9;6;1144
411110;930;38;19;35;5;17;11;30;19;20;34;17;19;1194
411120;3406;156;129;201;77;66;84;245;157;142;154;117;97;5031
411125;3263;167;188;130;91;106;125;134;134;205;179;176;93;4991
411130;450;4;11;6;21;17;3;10;10;8;17;19;9;585
411140;1786;28;65;36;16;15;78;29;40;53;31;25;22;2224
411150;5970;173;206;163;58;52;88;167;154;159;172;165;209;7736
411155;2102;11;23;64;10;15;8;23;29;27;11;16;27;2366
411160;797;36;76;21;1;0;2;1;14;11;16;14;4;993
411170;595;4;10;15;6;7;8;7;12;4;13;10;5;696
411180;10525;282;306;357;260;202;217;311;294;312;272;199;232;13769
411190;6736;306;297;361;133;162;237;352;127;202;254;255;345;9767
411200;8658;391;305;443;154;144;200;317;314;299;479;528;325;12557
411210;5954;185;201;272;260;103;131;141;184;184;187;178;98;8078
411220;725;24;16;12;5;18;13;22;20;16;20;5;20;916
411230;501;19;17;18;1;3;2;16;6;20;12;8;9;632
411240;2199;49;91;78;40;26;29;48;109;116;234;139;36;3194
411250;1295;57;26;56;44;41;55;67;35;53;57;65;35;1886
411260;319;8;7;6;2;8;1;2;8;12;8;44;24;449
411270;1512;36;44;54;30;28;43;21;24;70;50;41;25;1978
411275;1301;46;52;46;33;13;27;14;22;36;22;22;18;1652
411280;5220;132;155;134;64;139;199;97;106;113;119;170;145;6793
411290;387;0;24;6;4;6;9;8;6;0;5;3;1;459
411295;1146;48;48;58;17;30;20;20;27;30;49;35;32;1560
411300;2559;23;112;89;153;51;37;71;82;82;91;62;38;3450
411310;721;11;16;22;8;4;5;11;7;9;58;12;3;887
411320;9747;321;349;339;150;195;253;330;296;450;271;362;385;13448
411325;513;10;28;31;10;19;9;18;6;9;13;12;6;684
411330;5639;242;332;322;133;119;193;228;230;271;257;224;181;8371
411340;545;6;10;23;2;7;2;10;15;6;10;4;0;640
411342;469;7;11;12;5;3;6;13;10;11;11;17;16;591
411345;776;35;25;46;18;31;35;32;31;29;39;39;32;1168
411350;5340;191;224;229;104;87;144;198;319;234;276;227;146;7719
411360;729;35;37;24;10;9;9;10;8;15;7;2;14;909
411370;167204;8079;7790;6994;2878;2917;3896;5066;6192;6517;7100;7325;5271;237229
411373;1198;52;39;20;12;16;18;27;22;40;17;28;17;1506
411375;503;5;10;5;5;8;2;2;5;4;0;3;4;556
411380;760;9;32;12;10;6;4;26;17;36;17;13;8;950
411390;2909;74;78;69;31;41;55;62;66;85;67;65;55;3657
411400;2104;73;45;42;36;30;42;54;45;52;35;56;51;2665
411410;4270;213;233;168;75;159;148;177;180;191;187;178;140;6319
411420;11250;473;655;442;273;212;239;394;416;387;373;450;360;15924
411430;4372;225;194;195;73;57;115;148;201;165;224;217;112;6298
411435;463;9;23;18;10;5;6;5;12;30;12;17;20;630
411440;2945;113;184;117;53;62;90;102;92;93;97;87;68;4103
411450;1898;42;73;65;32;21;59;41;45;55;49;48;43;2471
411460;16870;681;925;776;406;412;589;589;738;960;955;774;641;25316
411470;798;28;28;54;7;10;8;20;11;18;16;5;19;1022
411480;8657;327;403;280;137;203;252;301;292;422;421;331;250;12276
411490;1241;16;40;47;8;16;30;17;18;24;32;27;20;1536
411500;1366;32;63;62;39;32;31;36;73;64;66;34;22;1920
411510;901;15;26;20;15;8;3;17;19;18;13;9;12;1076
411520;163604;7006;8338;7384;2806;3404;4262;4962;6144;6493;7245;7344;5196;234188
411530;1222;54;57;62;21;32;16;44;48;33;72;56;30;1747
411535;1321;41;65;35;15;48;41;27;39;35;57;37;49;1810
411540;2767;166;164;106;43;81;128;142;139;151;151;117;88;4243
411545;375;3;20;13;6;3;6;0;7;9;6;1;17;466
411550;1024;21;137;42;102;55;24;39;43;40;48;25;6;1606
411560;9102;324;575;802;967;563;743;669;408;274;294;432;349;15502
411570;6480;287;312;243;107;116;151;133;185;207;315;381;744;9661
411573;433;2;8;5;4;0;3;0;3;4;3;1;6;472
411575;1931;42;52;35;47;27;36;57;133;77;87;55;40;2619
411580;18184;758;864;809;470;471;560;628;679;751;752;640;498;26064
411585;1027;35;75;37;21;25;28;34;25;52;53;29;33;1474
411590;433;8;6;17;34;9;3;9;10;10;9;7;6;561
411600;242;4;0;3;0;5;1;0;2;0;2;2;2;263
411605;1795;48;70;49;27;43;62;48;53;76;79;45;49;2444
411610;1428;18;83;46;14;21;18;20;32;28;21;21;21;1771
411620;2481;53;96;160;34;34;38;31;55;40;97;90;69;3278
411630;555;20;19;15;7;10;4;15;12;12;14;6;5;694
411640;330;14;53;7;5;12;21;4;4;2;1;4;2;459
411650;253;7;16;17;1;5;2;1;10;4;3;1;5;325
411660;524;17;13;15;9;6;22;14;11;12;11;3;1;658
411670;3567;180;149;143;67;103;137;122;130;128;119;98;106;5049
411680;850;12;27;14;9;7;6;12;10;6;7;13;10;983
411690;4930;116;216;141;86;87;86;127;196;139;169;153;104;6550
411695;969;36;39;44;50;14;28;9;39;24;42;33;19;1346
411700;1202;18;29;21;27;13;9;22;63;35;29;22;25;1515
411705;901;18;55;35;30;19;21;23;30;33;32;11;17;1225
411710;3660;104;170;178;167;35;67;127;107;131;189;105;90;5130
411720;1053;46;42;54;22;18;23;10;16;25;21;20;22;1372
411721;517;18;18;16;3;3;7;9;5;3;11;8;5;623
411722;1785;93;116;105;32;33;47;71;53;87;110;71;48;2651
411725;1700;62;63;52;24;45;82;86;65;85;79;80;43;2466
411727;767;14;31;16;5;8;8;5;11;7;9;5;4;890
411729;590;10;8;20;9;26;13;28;17;23;14;6;13;777
411730;7152;723;830;735;87;175;671;788;461;711;641;876;394;14244
411740;392;9;22;10;3;9;5;6;13;9;12;8;5;503
411745;910;22;28;23;14;17;24;21;18;26;41;20;16;1180
411750;6491;260;274;264;110;110;142;195;201;201;329;273;196;9046
411760;10922;806;870;661;167;316;397;536;503;575;572;551;565;17441
411770;7393;385;406;374;144;154;198;209;315;388;298;472;219;10955
411780;1425;38;58;43;14;28;23;33;57;45;45;32;25;1866
411790;15680;540;615;577;519;548;551;860;733;612;500;579;482;22796
411800;4726;169;539;502;178;110;69;83;68;86;68;67;106;6771
411810;2450;45;57;91;43;59;21;39;52;49;27;25;39;2997
411820;38336;1967;1557;1456;707;1135;1101;1255;1016;1201;1307;1262;1048;53348
411830;489;3;7;19;2;2;3;12;15;5;12;8;5;582
411840;22844;846;1136;759;561;500;535;561;732;787;944;712;549;31466
411845;1435;61;76;45;33;26;34;46;54;57;87;68;33;2055
411850;31568;1668;1904;1481;584;794;981;1219;1354;1492;1742;1767;1264;47818
411860;1006;31;41;44;44;24;41;54;90;56;57;62;49;1599
411870;660;12;15;39;13;1;7;8;12;14;20;18;13;832
411880;1695;51;66;47;15;21;44;53;73;80;56;61;58;2320
411885;953;27;30;20;11;15;23;16;24;23;40;21;8;1211
411890;2441;52;105;95;16;12;28;43;52;100;89;61;29;3123
411900;796;34;28;40;14;23;10;17;9;15;14;26;12;1038
411910;2903;63;137;108;44;32;88;288;385;183;202;184;87;4704
411915;42694;1897;2177;1998;855;875;1174;1341;1585;1726;1966;2072;1466;61826
411920;647;15;14;17;12;26;12;12;21;17;31;11;8;843
411925;337;9;7;1;1;4;4;3;5;73;38;17;6;505
411930;3769;201;220;159;88;91;97;103;121;115;132;173;242;5511
411940;4149;366;213;157;142;131;181;149;148;140;150;181;138;6245
411950;8709;338;471;412;131;203;201;232;280;362;329;386;223;12277
411960;5758;161;187;176;84;92;116;133;170;176;142;171;156;7522
411965;452;6;12;35;4;5;5;8;5;8;11;20;9;580
411970;757;38;23;41;20;18;26;16;38;20;12;11;24;1044
411980;1538;78;62;60;27;38;44;78;76;64;88;81;71;2305
411990;91029;4124;4575;3960;1970;2630;2915;3377;4230;4302;5092;4571;3260;136035
411995;4556;196;185;197;60;85;107;83;181;239;230;236;402;6757
412000;2081;75;62;60;27;26;24;29;63;32;23;31;25;2558
412010;981;57;40;23;11;4;13;19;16;17;23;20;14;1238
412015;333;10;15;3;3;2;1;4;6;2;3;2;3;387
412020;608;19;22;36;15;9;11;20;25;22;45;44;36;912
412030;540;9;18;10;33;12;3;7;5;14;14;15;27;707
412033;820;57;37;40;36;43;31;54;37;69;43;51;33;1351
412035;1181;67;59;42;15;13;53;43;36;35;54;43;8;1649
412040;657;16;21;21;12;7;16;28;28;23;32;16;10;887
412050;1424;31;22;34;20;7;14;25;21;43;22;22;50;1735
412060;7344;213;301;247;120;157;171;219;223;294;322;306;210;10127
412065;716;34;17;11;6;7;13;14;23;17;16;9;29;912
412070;1523;61;44;70;26;25;30;45;78;42;75;45;38;2102
412080;8224;336;366;348;81;145;167;246;284;360;385;304;238;11484
412085;1123;47;39;59;21;22;27;27;30;42;40;34;43;1554
412090;5616;171;272;213;77;87;93;114;134;255;194;124;131;7481
412100;1244;56;69;43;34;15;12;11;27;49;26;31;25;1642
412110;680;8;13;10;3;4;3;9;4;9;12;8;5;768
412120;1566;59;85;39;20;32;16;36;29;47;65;63;22;2079
412125;363;14;18;27;20;9;16;24;8;22;13;14;14;562
412130;497;11;16;2;4;4;7;7;2;7;7;4;4;572
412135;382;17;16;5;3;3;5;6;3;10;4;7;5;466
412140;4279;190;244;136;81;74;122;160;131;168;225;186;107;6103
412150;2026;44;90;67;33;29;38;48;44;42;36;41;35;2573
412160;1143;67;92;90;49;28;37;63;55;63;88;44;20;1839
412170;3580;124;170;120;33;53;85;92;145;199;136;105;89;4931
412175;798;20;47;30;13;12;11;20;10;22;25;23;11;1042
412180;2627;60;61;44;44;43;31;24;36;67;75;82;74;3268
412190;1483;29;51;46;26;21;19;26;21;46;33;58;21;1880
412200;1846;108;97;83;29;56;40;54;42;68;38;52;36;2549
412210;576;25;28;35;6;14;17;14;18;11;14;15;2;775
412215;1179;10;30;27;7;17;14;22;18;33;27;24;19;1427
412217;453;11;4;12;5;8;2;6;7;7;0;3;4;522
412220;5208;150;204;163;70;91;177;182;132;209;277;181;201;7245
412230;7717;739;650;525;136;351;256;316;344;362;326;307;173;12202
412240;22109;719;1108;968;537;456;636;1105;1480;972;937;866;594;32487
412250;1571;77;75;45;45;21;32;46;20;28;39;31;24;2054
412260;2540;145;130;133;38;27;110;99;93;153;82;134;395;4079
412265;710;21;19;12;12;5;2;6;8;27;9;10;10;851
412270;4045;195;186;154;43;46;155;280;227;211;170;157;103;5972
412280;710;40;30;37;5;4;3;10;6;11;34;7;5;902
412290;785;40;46;43;1;5;1;2;14;3;28;8;38;1014
412300;2562;177;127;129;71;47;112;126;109;139;177;160;110;4046
412310;444;7;32;15;3;3;3;9;7;14;18;14;2;571
412320;492;7;7;5;0;5;1;5;6;8;4;5;4;549
412330;1262;32;70;40;35;22;23;32;23;25;39;48;37;1688
412340;2847;72;143;74;28;56;60;50;73;75;104;126;62;3770
412350;5222;281;302;270;156;136;189;199;177;166;234;190;138;7660
412360;256;1;6;1;7;0;0;1;12;2;2;2;0;290
412370;1421;42;40;43;21;27;27;60;36;33;40;25;22;1837
412380;2258;137;99;95;42;32;73;71;69;133;98;101;67;3275
412382;606;17;24;12;7;6;12;10;15;8;11;18;2;748
412385;883;28;58;27;6;16;11;19;37;12;27;10;46;1180
412390;1667;54;44;118;48;13;11;22;59;34;27;27;30;2154
412395;602;30;26;21;2;5;6;7;8;11;4;3;2;727
412400;625;27;21;15;6;1;6;17;17;30;18;15;8;806
412402;2406;126;132;108;66;68;63;94;99;100;143;81;77;3563
412405;3590;107;147;113;41;50;77;92;108;94;121;120;85;4745
412410;10165;244;295;294;137;144;173;202;287;249;319;428;190;13127
412420;429;4;9;7;6;2;3;1;10;3;6;1;4;485
412430;440;12;9;5;7;5;7;15;5;5;4;1;9;524
412440;3966;167;186;100;58;83;95;84;86;133;151;142;62;5313
412450;3945;47;60;77;203;53;19;63;273;95;278;146;81;5340
412460;1859;67;71;194;22;29;47;35;54;69;65;72;19;2603
412470;913;6;9;11;1;3;5;17;11;19;13;7;5;1020
412480;3809;170;172;184;151;50;120;101;59;113;67;126;29;5151
412490;705;15;22;19;16;3;10;4;14;10;13;6;2;839
412500;1391;28;86;35;32;18;25;39;24;13;20;9;12;1732
412510;1095;18;48;29;4;12;29;20;10;21;24;20;28;1358
412520;2256;108;109;88;46;42;47;80;76;76;101;81;52;3162
412530;985;28;31;21;14;19;31;32;19;19;31;22;24;1276
412535;1034;37;73;22;11;3;21;20;10;14;9;24;23;1301
412540;749;14;35;23;18;8;19;7;12;15;18;18;15;951
412545;501;12;13;16;4;4;6;7;8;14;7;9;20;621
412550;102817;4202;4332;4064;1754;2124;2667;3245;3683;4601;4523;4387;3073;145472
412555;490;2;43;15;13;7;13;5;7;14;10;6;4;629
412560;8389;510;682;380;298;259;209;302;486;926;443;598;385;13867
412570;6427;256;373;327;124;237;340;273;294;225;324;321;228;9749
412575;678;10;40;13;8;16;16;13;16;17;16;25;18;886
412580;2449;63;30;32;41;65;96;31;31;41;38;66;33;3016
412590;579;18;25;30;8;12;4;6;22;20;16;26;80;846
412600;1095;16;71;33;7;3;8;22;22;39;6;15;15;1352
412610;879;18;20;14;22;4;47;33;20;35;23;22;13;1150
412620;933;33;24;23;27;70;23;24;20;26;36;86;20;1345
412625;13306;778;688;570;218;341;362;487;693;666;772;710;398;19989
412627;1082;36;59;49;17;24;29;21;32;39;34;34;25;1481
412630;4262;205;102;112;91;98;92;221;154;159;208;197;155;6056
412635;697;23;33;34;12;10;9;20;14;19;19;17;11;918
412640;1055;14;43;28;10;8;5;20;36;28;63;40;8;1358
412650;3694;218;168;94;53;39;66;76;105;87;65;88;79;4832
412660;6543;245;288;363;67;62;135;314;435;353;249;248;188;9490
412665;439;19;25;8;3;2;19;7;12;8;14;7;10;573
412667;1625;42;52;62;18;21;31;33;40;60;46;47;33;2110
412670;767;16;43;47;17;5;5;8;19;20;40;21;13;1021
412680;5023;148;129;171;45;67;73;71;96;84;184;180;118;6389
412690;802;13;20;19;10;7;7;7;9;26;18;10;16;964
412700;1391;55;70;54;19;42;20;52;87;61;66;38;60;2015
412710;19777;785;845;665;246;324;519;845;888;728;821;844;646;27933
412720;4823;114;177;156;95;63;96;74;116;106;134;110;93;6157
412730;2883;58;73;66;35;33;26;85;44;61;44;45;19;3472
412740;3182;91;124;84;39;34;45;40;76;127;117;85;59;4103
412750;3354;115;113;124;53;113;59;62;92;86;109;126;80;4486
412760;2278;79;90;58;34;29;53;48;41;78;81;106;36;3011
412770;52743;2797;2875;2390;1229;1396;1688;1632;1836;2057;2483;2346;1693;77165
412780;1168;28;39;46;9;6;17;34;17;22;23;23;16;1448
412785;1617;55;85;54;25;17;24;72;66;77;92;85;45;2314
412788;1035;35;62;61;24;45;46;47;29;44;39;30;17;1514
412790;801;22;51;39;16;10;8;14;31;20;25;17;5;1059
412795;1364;45;58;40;24;21;14;21;15;24;28;25;14;1693
412796;2259;68;156;127;48;75;63;65;82;85;51;83;59;3221
412800;7995;615;524;487;315;386;345;413;356;319;445;311;364;12875
412810;30672;1277;1425;1273;521;575;900;1551;1345;1353;1473;1592;973;44930
412820;13545;588;658;556;212;252;347;454;486;508;688;625;485;19404
412830;478;5;8;5;6;3;1;2;9;5;12;2;7;543
412840;1528;32;49;31;17;17;40;47;20;28;39;45;38;1931
412850;2659;117;195;134;60;63;54;117;99;112;117;91;86;3904
412853;1773;23;48;126;27;42;60;76;45;62;45;39;36;2402
412855;1120;26;64;52;23;32;27;24;32;26;28;31;8;1493
412860;1457;52;78;44;42;43;32;38;51;42;56;56;50;2041
412862;677;21;30;17;24;14;16;15;13;15;13;12;11;878
412863;394;6;18;20;4;0;9;4;1;18;3;17;1;495
412865;521;5;32;18;7;4;10;5;14;13;14;20;4;667
412870;1662;100;68;80;32;41;51;75;85;54;71;65;51;2435
412880;727;20;45;25;7;14;9;12;9;17;19;23;3;930
420005;506;17;41;23;9;8;13;13;13;27;20;15;8;713
420010;4230;141;197;187;100;77;121;191;120;121;97;162;105;5849
420020;2963;171;254;144;53;62;58;98;176;271;187;171;92;4700
420030;1063;73;70;45;13;17;24;38;43;50;56;49;15;1556
420040;1760;132;134;99;85;46;65;58;82;64;89;168;86;2868
420050;663;35;69;16;4;5;6;8;13;12;50;20;10;911
420055;603;18;50;33;14;14;21;35;27;19;39;22;14;909
420060;1197;43;79;36;23;22;46;38;26;38;54;36;34;1672
420070;1211;44;120;95;18;20;23;30;23;30;27;50;44;1735
420075;322;9;6;14;10;3;5;15;10;18;7;4;3;426
420080;1044;46;46;29;8;16;22;45;35;31;33;28;24;1407
420090;789;49;27;29;19;22;24;40;45;61;41;22;14;1182
420100;1138;23;125;47;8;10;6;12;85;68;23;21;10;1576
420110;464;21;30;22;6;9;11;7;12;13;18;18;9;640
420120;2385;74;153;79;22;42;72;72;107;116;121;123;104;3470
420125;3005;186;183;117;17;28;31;50;88;154;132;113;47;4151
420127;721;23;59;29;14;24;15;47;17;31;27;29;16;1052
420130;15930;895;990;716;344;448;648;880;1004;966;1174;992;598;25585
420140;15528;889;1073;667;288;409;419;586;656;612;725;834;630;23316
420150;2473;144;197;107;44;49;64;68;91;106;137;86;49;3615
420160;833;36;53;20;17;23;18;19;23;28;32;19;11;1132
420165;724;61;69;32;48;38;51;36;41;45;37;34;44;1260
420170;2574;173;163;123;22;48;78;96;133;142;169;106;47;3874
420180;510;25;80;27;5;7;7;14;6;6;17;64;8;776
420190;1397;166;146;75;57;105;88;90;81;85;109;108;58;2565
420195;1151;88;118;58;18;19;36;74;42;42;47;72;119;1884
420200;51104;3497;4200;2686;854;1329;1505;1803;1887;2328;3349;3774;3891;82207
420205;1283;47;38;48;23;21;23;32;34;40;32;45;49;1715
420207;1348;68;171;43;22;33;52;60;48;67;68;56;97;2133
420208;431;24;62;17;9;13;47;39;28;14;11;24;18;737
420209;168;11;28;4;1;0;2;5;0;2;2;9;2;234
420210;7471;531;611;370;121;162;228;256;312;370;734;432;295;11893
420213;541;5;36;23;8;6;8;37;17;18;14;8;2;723
420215;276;13;19;13;7;7;10;12;8;8;8;7;4;392
420220;2962;172;175;108;28;32;42;108;82;124;116;77;50;4076
420230;15532;817;1071;800;332;416;441;534;723;700;794;832;590;23582
420240;132270;7226;8144;5459;1788;2765;3461;4711;5071;6572;7631;6610;3904;195612
420243;474;35;61;18;5;5;4;7;4;13;16;9;4;655
420245;6539;524;423;243;111;60;179;151;342;339;579;673;863;11026
420250;599;25;235;124;14;7;28;16;15;11;17;56;17;1164
420253;507;18;38;12;18;11;9;29;29;14;12;22;8;727
420257;273;12;14;12;3;2;2;5;12;6;7;9;12;369
420260;1594;89;185;69;40;42;34;39;55;49;48;87;37;2368
420270;2264;86;135;98;12;22;37;73;122;110;119;108;38;3224
420280;12185;806;953;694;305;402;389;562;608;733;737;612;370;19356
420285;1194;45;70;29;9;15;24;19;43;64;46;45;16;1619
420287;397;15;39;19;4;6;5;6;7;8;11;9;2;528
420290;50920;2877;3805;2120;488;734;1326;2187;2449;2909;2855;2567;1337;76574
420300;24996;1596;1480;1007;452;676;819;929;1302;1411;1419;1141;851;38079
420310;1447;110;126;73;79;32;58;59;68;77;74;43;37;2283
420315;720;55;108;46;46;11;24;28;26;25;71;31;36;1227
420320;11934;718;1249;966;298;493;444;541;599;697;723;660;541;19863
420325;657;38;23;13;10;16;10;20;12;23;30;30;6;888
420330;5100;176;338;195;21;34;192;176;265;201;203;221;200;7322
420340;1387;76;49;67;25;23;16;29;44;28;48;26;22;1840
420350;1942;91;195;106;31;25;107;68;126;105;81;80;32;2989
420360;10691;682;811;443;239;368;278;489;374;385;463;434;343;16000
420370;2414;106;216;105;59;60;56;79;106;165;115;102;53;3636
420380;11675;579;923;655;263;355;395;477;476;552;729;594;476;18149
420390;9431;407;662;379;191;259;294;320;380;300;466;505;320;13914
420395;4272;208;496;212;88;109;135;176;212;175;200;249;159;6691
420400;3332;260;253;152;83;127;135;180;197;148;183;179;140;5369
420410;576;56;62;25;11;19;19;20;57;25;22;23;10;925
420415;424;20;26;16;6;7;10;5;9;13;16;25;6;583
420417;319;3;18;20;3;3;7;5;1;3;6;0;0;388
420419;252;10;30;10;3;3;2;8;7;7;6;13;8;359
420420;88262;5010;5962;4587;2023;2984;3021;3512;3759;4413;4758;4638;3162;136091
420425;5494;207;322;195;51;57;80;128;153;185;219;225;194;7510
420430;30524;1501;1669;1224;650;752;979;1277;1526;1619;1569;1565;1027;45882
420435;1921;116;161;63;21;85;60;85;108;121;102;85;77;3005
420440;2157;115;119;91;26;35;57;114;88;84;91;80;53;3110
420445;234;3;20;7;1;2;2;0;1;5;3;1;2;281
420450;4583;278;210;203;55;75;103;179;208;192;216;172;68;6542
420455;3134;304;390;205;74;69;100;141;115;217;185;143;100;5177
420460;70711;3277;4329;3165;1230;1554;1778;2645;3076;3120;3509;3721;2716;104831
420470;2787;158;231;122;40;54;92;102;123;91;95;119;90;4104
420475;317;14;25;16;15;9;4;7;6;12;12;5;4;446
420480;9868;464;579;440;142;229;304;362;326;355;396;451;362;14278
420490;1226;63;101;42;19;22;23;29;40;30;43;35;26;1699
420500;2225;92;88;75;22;28;44;68;62;83;76;71;53;2987
420510;1127;107;112;66;28;39;35;46;31;96;61;49;20;1817
420515;1051;67;70;37;26;14;29;23;47;71;61;31;21;1548
420517;312;4;17;23;2;7;2;2;5;1;3;1;1;380
420519;769;52;89;64;37;32;41;40;55;40;45;35;48;1347
420520;905;53;65;51;27;39;34;32;44;55;38;63;35;1441
420530;3887;132;211;148;82;74;112;177;155;147;147;128;133;5533
420535;344;19;39;6;0;5;6;6;18;10;17;29;3;502
420540;286976;12025;31626;11123;4041;5156;4912;5523;8414;7741;10616;11525;12716;412394
420543;283;5;15;11;5;9;8;10;9;11;6;11;6;389
420545;8102;293;502;394;198;229;335;426;382;379;337;364;249;12190
420550;8944;2076;894;444;171;236;304;423;390;429;992;525;353;16181
420555;307;53;20;20;1;2;1;2;4;6;3;0;4;423
420560;374;4;34;14;4;5;10;11;10;10;7;9;10;502
420570;6076;434;487;250;70;124;126;170;211;347;407;464;725;9891
420580;4351;223;330;194;57;68;108;149;220;213;219;201;116;6449
420590;25140;1449;2186;1215;430;761;935;1162;1335;1710;1758;1534;703;40318
420600;2824;116;322;123;24;38;60;80;98;122;111;126;198;4242
420610;1849;73;123;126;56;40;44;67;69;68;78;71;44;2708
420620;2855;149;236;136;47;40;48;72;105;138;144;137;84;4191
420630;7335;420;443;306;53;66;110;251;345;359;446;343;118;10595
420640;2313;115;135;115;55;22;49;81;67;92;134;101;58;3337
420650;14767;788;849;658;171;245;307;485;635;728;850;643;335;21461
420660;1083;34;93;38;11;25;20;20;23;27;33;26;17;1450
420665;2410;127;124;58;74;77;66;86;86;63;113;82;60;3426
420670;4290;254;340;209;98;136;111;202;198;215;184;163;107;6507
420675;270;22;30;19;5;3;9;17;10;13;13;20;13;444
420680;893;129;44;53;26;52;52;45;70;80;58;58;21;1581
420690;6453;546;466;295;63;168;219;271;238;285;334;269;115;9722
420700;18141;1140;1247;826;434;573;871;908;1072;1057;1245;1123;797;29434
420710;3449;190;493;201;31;58;76;137;220;241;220;196;109;5621
420720;1028;66;198;72;19;39;50;35;34;37;40;40;29;1687
420730;10173;520;639;387;161;228;272;316;402;459;568;574;736;15435
420740;845;54;94;26;11;14;14;16;22;16;25;78;118;1333
420750;26381;1574;1493;1301;536;582;681;878;1224;1331;1298;1164;540;38983
420757;740;55;87;40;38;34;35;28;31;46;42;36;13;1225
420760;489;14;63;28;10;9;11;12;7;16;16;7;12;694
420765;1741;68;100;73;34;46;38;59;82;72;89;79;57;2538
420768;1546;91;159;62;4;37;118;33;92;58;64;48;57;2369
420770;3250;222;185;127;73;68;116;110;128;110;125;141;98;4753
420775;369;16;33;11;6;12;11;4;8;16;9;15;3;513
420780;1565;74;97;81;44;39;58;60;52;63;70;50;48;2301
420785;392;23;25;10;7;8;8;2;3;32;15;19;10;554
420790;1103;28;64;39;15;23;29;32;41;42;55;35;19;1525
420800;1638;98;153;56;37;56;36;46;40;58;52;98;94;2462
420810;4289;241;407;216;88;100;210;165;180;172;209;160;128;6565
420820;92589;5768;6634;4951;2131;2602;3173;4149;4030;4679;5586;6027;4989;147308
420830;20815;1847;1948;1347;671;766;917;1065;1082;1142;1477;1530;1701;36308
420840;7346;262;385;292;195;234;479;361;269;257;312;283;247;10922
420845;4113;148;216;184;99;121;122;118;137;169;200;273;331;6231
420850;7448;592;501;508;135;216;245;309;367;347;430;929;267;12294
420860;776;54;58;42;19;23;30;30;30;22;43;36;14;1177
420870;2310;195;254;91;24;28;61;60;56;67;70;57;43;3316
420880;5208;261;273;365;101;202;228;231;203;2098;425;548;719;10862
420890;68937;3061;3315;2326;898;1134;1206;1963;2388;2814;3136;2916;1530;95624
420895;245;13;16;9;4;2;2;8;6;5;9;6;7;332
420900;15806;591;705;649;299;360;413;459;448;552;535;649;521;21987
420910;216022;10397;10207;8747;3143;4153;6809;9818;10452;10817;12066;11934;9004;323569
420915;953;93;111;61;33;34;51;40;44;41;48;26;20;1555
420917;241;14;16;12;4;4;7;14;16;11;6;22;12;379
420920;581;24;39;40;21;16;18;24;34;13;19;24;16;869
420930;43682;2159;2898;1808;717;847;1261;1468;1464;1500;1899;1905;1381;62989
420940;6728;526;564;339;153;218;200;216;229;261;324;297;392;10447
420945;277;14;20;15;2;1;3;8;3;6;10;11;15;385
420950;1932;97;142;85;30;33;45;63;113;82;107;97;48;2874
420960;3565;123;231;134;79;130;91;108;91;105;124;116;82;4979
420970;1647;435;83;97;26;38;25;42;43;160;285;257;69;3207
420980;389;11;43;11;4;4;8;6;4;11;4;5;12;512
420985;652;17;23;15;10;12;9;13;18;10;14;21;14;828
420990;2988;304;261;180;76;99;135;184;246;231;251;160;84;5199
421000;4757;249;365;246;49;69;81;121;235;260;206;173;73;6884
421003;1753;98;104;75;30;41;61;59;48;81;80;86;51;2567
421005;344;13;54;22;7;10;9;10;12;20;28;13;12;554
421010;12848;526;794;590;253;351;369;405;502;575;773;768;550;19304
421020;472;20;26;16;11;15;8;7;5;10;13;16;2;621
421030;935;39;110;37;19;11;12;28;21;45;24;30;27;1338
421040;1634;87;113;119;32;41;53;66;78;87;73;87;67;2537
421050;10842;686;707;474;280;360;521;558;620;681;585;566;333;17213
421055;278;3;1;6;2;6;20;8;6;10;5;2;4;351
421060;5046;325;251;220;65;82;179;162;204;225;272;153;92;7276
421070;392;16;36;22;6;7;3;2;6;11;15;18;5;539
421080;1385;48;95;42;33;23;35;40;33;40;52;47;47;1920
421085;547;34;30;23;7;5;18;8;21;11;14;8;5;731
421090;1006;49;63;38;36;19;34;25;44;41;33;40;32;1460
421100;2769;134;210;192;59;62;133;206;122;255;169;143;46;4500
421105;1899;617;76;80;39;27;50;35;74;71;259;222;31;3480
421110;1179;103;144;45;18;22;33;40;41;28;97;56;43;1849
421120;6161;321;495;280;73;109;132;197;237;259;290;340;177;9071
421125;509;3;21;13;12;4;8;5;9;8;6;14;9;621
421130;21984;1122;1676;1194;388;534;641;985;910;996;1157;987;850;33424
421140;1314;73;102;85;42;31;59;79;91;104;94;88;58;2220
421145;663;22;46;15;8;5;8;10;20;27;18;28;9;879
421150;6393;559;560;400;170;184;198;290;482;398;463;406;197;10700
421160;6942;298;409;308;155;119;261;226;323;323;337;287;250;10238
421165;471;21;22;8;1;2;12;24;20;24;15;18;9;647
421170;7820;321;486;323;158;210;201;280;301;344;410;401;255;11510
421175;4357;247;310;161;66;104;160;124;160;242;165;203;141;6440
421180;1086;52;110;49;17;18;31;30;36;31;34;56;28;1578
421185;288;5;18;9;1;4;4;8;16;6;0;2;6;367
421187;226;8;15;13;9;8;3;13;19;10;5;9;2;340
421189;411;25;45;18;2;6;7;22;10;8;60;15;5;634
421190;43975;3191;3596;2286;764;1314;1821;1926;2378;2559;3233;2982;2523;72548
421200;1658;96;109;64;20;19;51;48;71;70;83;54;34;2377
421205;686;28;61;17;19;16;10;14;22;34;22;21;14;964
421210;4328;252;281;220;150;101;230;255;279;335;298;280;220;7229
421220;3732;236;316;186;71;82;77;120;176;215;264;219;127;5821
421223;574;36;43;25;5;19;13;33;20;21;43;35;33;900
421225;1056;83;137;39;24;30;28;34;39;35;80;78;89;1752
421227;842;42;87;46;15;17;20;29;34;21;35;26;4;1218
421230;1576;78;145;71;39;45;44;61;58;65;89;68;77;2416
421240;1034;49;91;28;19;134;61;59;48;56;85;36;27;1727
421250;7147;532;712;435;123;173;314;313;341;380;621;520;447;12058
421260;576;11;33;10;9;15;11;12;14;20;27;21;14;773
421265;606;33;136;44;23;23;25;23;33;34;22;27;28;1057
421270;945;41;56;27;13;11;15;61;42;28;47;93;22;1401
421280;4757;502;566;230;113;123;156;165;193;255;262;321;311;7954
421290;7440;553;478;371;201;185;294;424;498;425;462;393;237;11961
421300;1489;118;138;86;37;89;68;73;73;103;87;81;51;2493
421310;1733;68;110;49;12;17;15;19;21;24;31;45;53;2197
421315;581;39;40;13;6;8;17;14;23;40;38;19;12;850
421320;14330;829;870;482;132;195;270;387;518;742;720;584;250;20309
421330;769;17;49;34;10;15;14;13;25;28;34;14;28;1050
421335;907;18;55;43;9;19;19;36;47;36;32;56;25;1302
421340;1733;113;162;105;63;94;60;55;69;106;120;86;87;2853
421350;6889;553;659;382;190;171;305;369;330;411;665;647;622;12193
421360;6739;293;416;281;309;181;172;295;224;297;340;385;278;10210
421370;4882;400;431;299;146;144;180;203;257;276;295;264;125;7902
421380;1459;72;150;44;9;17;22;48;43;64;65;82;59;2134
421390;267;8;17;15;5;4;3;0;8;4;8;17;5;361
421400;6996;569;524;362;129;125;276;280;378;367;382;287;125;10800
421410;342;3;15;6;1;12;3;3;4;10;6;8;1;414
421415;651;13;48;53;25;7;8;25;38;27;32;8;8;943
421420;2903;93;75;100;82;77;78;115;201;207;148;168;131;4378
421430;574;10;50;12;7;17;3;13;14;16;18;14;13;761
421440;1124;73;55;44;24;26;27;63;49;96;63;46;48;1738
421450;1177;53;88;52;16;18;19;31;31;50;64;37;14;1650
421460;1463;118;108;64;23;24;27;69;57;95;63;58;43;2212
421470;3365;306;286;138;62;95;108;155;185;227;199;141;66;5333
421480;25462;1632;1484;1117;520;524;755;1019;1122;1295;1351;1326;886;38493
421490;1086;23;89;43;16;15;24;22;30;28;31;34;17;1458
421500;12058;665;660;578;183;342;454;502;649;668;758;605;311;18433
421505;393;9;52;14;1;1;2;12;1;12;4;8;2;511
421507;704;41;41;22;17;6;22;35;41;32;25;25;30;1041
421510;2861;149;225;125;40;36;84;91;115;134;129;119;45;4153
421520;339;6;34;27;6;11;3;16;10;17;10;11;9;499
421530;1941;154;126;87;37;61;73;86;59;76;102;60;16;2878
421535;451;67;69;33;5;2;6;9;30;34;20;29;9;764
421540;1557;100;80;65;55;35;60;56;60;78;89;103;64;2402
421545;3879;222;246;161;69;75;113;166;185;207;190;229;144;5886
421550;4406;547;341;202;74;113;139;190;235;254;270;173;125;7069
421555;386;32;28;18;6;4;15;10;15;23;22;13;8;580
421560;375;13;28;20;4;7;6;6;10;4;11;7;6;497
421565;1136;39;78;53;18;26;24;31;34;33;47;36;32;1587
421567;696;55;93;44;21;12;15;16;16;23;47;21;25;1084
421568;268;6;18;4;8;7;3;6;12;4;7;12;3;358
421569;271;2;18;9;6;5;6;4;10;5;7;4;10;357
421570;5992;266;430;209;84;159;164;206;196;238;278;335;183;8740
421575;409;23;27;6;1;3;7;18;7;11;12;9;5;538
421580;28871;1687;1612;1127;384;452;874;1433;1739;2100;2010;1754;931;44974
421590;497;20;7;7;4;7;6;2;9;5;18;11;6;599
421600;2785;231;211;112;71;55;72;86;157;123;128;125;65;4221
421605;1464;87;95;73;34;26;76;72;90;123;89;68;39;2336
421610;1445;47;145;45;25;40;37;45;38;46;46;53;33;2045
421620;11565;435;665;419;191;270;247;274;343;335;377;457;500;16078
421625;1495;71;78;80;24;32;41;54;43;49;95;60;66;2188
421630;9559;1106;920;554;106;94;107;184;394;709;573;319;195;14820
421635;1321;67;124;59;26;45;70;39;46;82;96;63;49;2087
421640;992;44;182;87;17;23;21;29;56;61;75;63;34;1684
421650;6567;287;1613;661;121;122;179;223;164;212;448;360;200;11157
421660;110662;5132;8140;6344;2579;3030;3867;4093;4946;5752;7512;5703;4995;172755
421670;3071;104;178;127;34;58;57;100;82;98;129;121;65;4224
421680;763;18;21;22;6;13;15;14;39;9;19;13;4;956
421690;10039;380;623;540;236;310;351;401;393;380;353;297;214;14517
421700;5094;228;266;186;75;81;113;166;334;249;281;311;153;7537
421710;729;33;34;13;6;16;18;4;16;28;48;31;18;994
421715;151;1;19;5;1;2;1;1;0;1;0;1;1;184
421720;14597;669;911;542;348;333;457;535;566;582;672;673;523;21408
421725;472;22;52;24;6;9;15;9;15;21;16;13;14;688
421730;3083;237;159;124;18;20;54;71;120;136;114;164;46;4346
421740;4033;209;274;177;46;63;67;134;263;212;230;153;86;5947
421750;7291;423;472;352;264;514;578;325;266;418;402;517;349;12171
421755;741;19;29;17;8;10;16;11;33;38;40;17;11;990
421760;3602;170;236;171;50;84;111;139;198;125;133;132;111;5262
421770;7387;389;717;379;107;140;146;174;236;286;420;379;339;11099
421775;334;5;44;8;7;5;0;6;8;15;18;11;3;464
421780;5526;336;449;209;75;103;122;153;202;216;278;233;162;8064
421790;2306;121;107;135;29;31;47;93;85;116;84;82;65;3301
421795;197;5;40;9;1;6;5;1;7;8;5;10;5;299
421800;13996;822;953;780;223;267;375;586;636;837;814;830;545;21664
421810;789;34;86;18;7;8;9;14;19;11;9;9;14;1027
421820;17764;999;1328;781;231;267;437;892;938;1089;1133;1016;494;27369
421825;1516;114;219;81;63;38;73;105;55;86;36;60;24;2470
421830;5738;554;369;271;140;177;154;168;145;219;235;222;175;8567
421835;1587;53;171;49;8;41;30;37;55;93;48;28;22;2222
421840;1954;136;137;96;25;42;26;29;74;91;125;99;58;2892
421850;3871;248;208;139;120;105;158;158;183;212;250;232;184;6068
421860;2068;132;211;69;35;30;33;52;32;121;115;72;30;3000
421870;38391;1894;2550;2274;624;846;1086;1189;1433;1880;2011;2271;1495;57944
421875;845;29;55;36;25;19;29;31;34;19;42;36;23;1223
421880;4801;197;339;155;83;113;106;130;183;177;186;166;129;6765
421885;308;8;43;11;0;7;9;8;17;11;13;7;3;445
421890;1689;55;151;117;18;19;33;25;26;60;53;66;83;2395
421895;381;104;202;93;14;10;34;36;7;3;6;92;10;992
421900;6455;406;614;295;133;217;290;342;405;400;398;370;262;10587
421910;1129;70;136;62;25;40;36;39;41;64;56;74;39;1811
421915;381;8;20;23;3;3;5;5;9;5;13;9;5;489
421917;1738;65;102;60;46;39;34;43;41;48;57;48;46;2367
421920;951;80;49;45;11;21;17;10;14;29;21;20;16;1284
421930;22123;1455;1302;895;517;792;647;835;934;1189;1405;1122;785;34001
421935;1015;77;81;42;22;20;27;32;49;66;51;39;12;1533
421940;1272;98;93;56;12;11;21;34;34;51;60;33;11;1786
421950;15052;785;889;651;285;529;504;658;643;733;742;674;476;22621
421960;358;5;29;9;13;4;5;6;14;7;11;12;10;483
421970;10777;677;737;501;278;378;460;446;499;515;492;401;336;16497
421985;308;31;37;16;6;7;5;9;7;12;5;7;4;454
422000;1599;93;145;117;47;60;65;69;79;97;84;133;152;2740
430003;1231;31;61;54;16;23;29;28;43;34;37;43;45;1675
430005;660;19;28;29;10;9;19;18;25;8;16;11;16;868
430010;2655;64;130;82;39;49;30;52;46;54;32;50;34;3317
430020;1193;36;45;46;12;11;27;23;30;32;47;23;20;1545
430030;553;15;17;12;1;4;8;7;14;8;8;6;12;665
430040;13277;443;423;527;136;189;286;317;332;315;301;361;316;17223
430045;395;14;8;18;2;4;7;4;3;5;12;14;7;493
430047;542;19;20;37;15;17;14;34;33;17;18;27;17;810
430050;751;13;22;8;14;11;9;12;11;19;12;6;9;897
430055;307;8;11;6;5;6;7;6;4;6;5;1;2;374
430057;818;21;37;30;11;7;12;21;27;27;54;16;16;1097
430060;17448;627;661;577;244;304;372;441;452;512;576;609;602;23425
430063;481;6;26;12;5;6;18;24;18;1;2;1;1;601
430064;981;40;45;52;3;18;7;17;13;27;44;46;12;1305
430066;321;8;6;16;5;7;6;4;4;5;7;9;18;416
430070;1327;41;53;57;11;15;32;33;30;25;41;35;27;1727
430080;3895;144;136;95;52;49;74;125;148;147;158;132;99;5254
430085;608;18;27;14;4;3;7;14;15;16;12;13;23;774
430087;2097;89;203;154;27;45;55;47;75;91;95;93;31;3102
430090;1325;68;90;65;54;48;40;48;64;53;38;52;56;2001
430100;7215;436;479;453;180;186;197;223;238;304;301;306;218;10736
430105;1995;222;113;101;54;41;39;33;45;43;101;157;262;3206
430107;282;7;14;5;16;6;2;7;8;8;4;11;2;372
430110;1788;37;70;42;20;28;25;25;25;30;29;29;30;2178
430120;1878;56;77;53;45;14;23;20;28;37;44;60;37;2372
430130;2521;92;129;167;29;38;50;74;61;74;76;69;50;3430
430140;1686;47;92;126;26;28;42;53;36;45;47;48;42;2318
430150;1253;45;43;44;51;28;31;57;28;28;61;38;25;1732
430155;468;16;8;8;4;4;4;11;9;3;9;4;12;560
430160;22219;489;528;629;254;329;348;476;455;673;600;626;405;28031
430163;1569;107;96;106;33;33;33;32;46;60;63;76;138;2392
430165;1807;54;95;80;22;24;30;51;87;104;139;68;39;2600
430170;1357;42;67;48;34;27;29;32;30;39;61;61;32;1859
430175;384;7;19;11;7;4;10;5;7;5;5;7;7;478
430180;643;15;21;26;12;7;5;11;12;6;8;13;7;786
430185;257;3;3;4;6;1;1;6;7;3;3;1;1;296
430187;916;44;28;51;24;24;16;20;27;22;42;34;23;1271
430190;2160;51;81;57;27;36;32;53;62;50;34;116;59;2818
430192;196;3;8;6;3;3;0;1;2;3;2;4;3;234
430195;1049;27;49;19;11;31;19;21;40;16;49;23;19;1373
430200;829;22;50;47;19;10;24;11;18;15;11;10;5;1071
430205;214;4;6;10;6;5;2;2;1;2;1;2;2;257
430210;44967;2102;2384;1950;632;832;1089;1435;1623;2006;2212;1927;1255;64414
430215;400;10;12;12;7;9;2;6;10;5;20;3;5;501
430220;1666;67;59;56;12;42;39;33;50;46;57;62;46;2235
430222;411;24;17;25;7;8;8;8;10;8;19;9;4;558
430223;434;33;18;20;5;0;7;7;9;8;12;45;9;607
430225;626;25;14;44;12;19;20;31;33;22;27;20;8;901
430230;2408;1090;1179;500;276;71;207;246;198;142;322;316;93;7048
430235;4366;346;324;229;73;140;218;215;205;240;277;240;143;7016
430237;357;15;79;8;2;6;27;7;3;1;17;2;1;525
430240;3174;180;189;181;75;45;65;61;43;101;125;122;82;4443
430245;551;22;43;28;13;16;8;7;17;10;9;14;2;740
430250;1027;20;28;28;16;8;14;8;20;10;29;13;11;1232
430258;235;7;9;13;3;7;2;5;5;4;19;3;4;316
430260;341;8;5;16;13;9;3;5;11;5;12;7;6;441
430265;665;14;29;20;5;10;10;10;24;9;25;30;19;870
430270;3688;108;96;76;39;62;34;58;84;144;96;118;94;4697
430280;6356;139;183;216;71;116;107;86;104;118;160;168;175;7999
430290;1474;46;119;56;26;18;21;32;35;39;33;32;21;1952
430300;14515;312;642;444;139;303;244;311;307;444;439;442;408;18950
430310;39089;1919;1654;1677;823;831;877;1083;1397;1463;1766;1779;1432;55790
430320;418;13;12;10;1;3;4;10;7;5;8;10;2;503
430330;941;26;43;29;8;20;11;8;12;15;25;10;9;1157
430340;515;7;23;25;9;6;10;4;12;8;7;7;9;642
430350;12089;271;385;317;164;152;191;215;257;303;308;262;273;15187
430355;593;17;27;11;10;17;8;14;16;25;16;18;14;786
430360;1454;68;125;82;30;33;47;14;39;31;45;48;25;2041
430367;485;37;101;36;7;22;16;18;11;14;7;15;15;784
430370;745;20;21;55;8;10;9;8;9;16;20;10;13;944
430380;995;44;31;27;7;17;24;9;12;21;19;14;19;1239
430390;22279;1020;1014;1039;226;257;335;450;870;1352;965;951;654;31412
430400;1160;43;16;33;9;14;23;13;46;24;36;21;40;1478
430410;518;13;27;53;10;12;32;17;13;12;20;13;7;747
430420;3896;121;218;185;34;126;66;78;82;128;135;129;139;5337
430430;1199;31;45;36;13;24;24;37;42;27;43;30;29;1580
430435;2487;62;76;41;32;17;38;29;73;139;52;54;36;3136
430440;9379;477;429;525;147;151;159;253;302;315;509;686;516;13848
430450;5240;120;188;222;59;47;55;76;125;153;121;160;135;6701
430460;81776;3250;3451;3301;1219;1789;1892;1864;2494;3088;4051;4190;3278;115643
430461;182;4;10;3;0;1;1;2;0;1;2;6;0;212
430462;312;5;17;29;2;3;1;3;6;9;2;5;5;399
430463;13429;1217;479;696;159;244;288;312;443;543;836;997;1510;21153
430465;491;16;13;46;3;4;6;7;9;6;29;9;8;647
430466;3841;114;156;191;160;123;82;120;126;186;188;319;123;5729
430467;1115;31;27;42;13;23;16;21;23;54;65;42;34;1506
430468;1339;59;66;34;6;12;36;45;51;37;70;49;41;1845
430469;563;35;40;25;11;10;12;15;12;14;24;15;22;798
430470;15390;526;554;630;230;310;311;476;539;592;642;604;490;21294
430471;1069;38;125;79;13;6;8;3;10;22;75;37;14;1499
430480;11979;428;666;421;154;203;331;400;530;487;451;456;250;16756
430485;185;9;4;4;0;2;3;3;3;0;1;4;1;219
430490;3023;125;156;100;50;115;98;93;99;73;120;87;97;4236
430495;442;6;41;22;12;4;9;11;10;32;18;10;6;623
430500;1261;26;52;92;11;22;42;34;32;39;72;39;35;1757
430510;161258;6490;8825;5832;2025;2341;3239;3837;4974;6064;6494;6414;4725;222518
430511;243;6;6;8;1;2;0;4;0;0;2;1;1;274
430512;481;7;18;14;5;3;10;8;10;4;6;5;8;579
430513;393;3;9;9;2;1;4;2;5;1;9;6;2;446
430515;301;15;3;18;3;4;2;3;6;2;4;1;2;364
430517;978;12;29;15;6;10;15;26;25;16;26;37;28;1223
430520;3225;123;70;105;32;58;61;90;92;122;111;95;63;4247
430530;2239;77;91;72;22;34;48;56;58;64;75;61;224;3121
430535;6260;240;210;207;92;102;157;170;186;258;328;294;239;8743
430537;254;2;25;14;6;1;2;5;4;9;6;4;1;333
430540;757;26;31;43;10;12;12;15;16;27;22;22;24;1017
430543;1964;154;89;87;34;31;41;51;56;50;84;90;69;2800
430544;337;19;6;27;9;8;6;12;17;2;6;6;15;470
430545;1218;124;51;31;10;23;26;18;57;41;61;97;124;1881
430550;590;29;34;39;15;4;14;7;20;15;28;21;5;821
430558;357;9;16;9;1;4;2;3;8;17;15;16;6;463
430560;493;6;30;24;4;8;10;7;4;7;22;6;8;629
430570;1844;53;68;108;22;23;37;63;64;42;95;80;43;2542
430580;1996;86;73;170;49;45;50;44;51;104;77;69;52;2866
430583;131;3;4;3;0;2;0;0;1;1;2;1;0;148
430585;297;10;22;5;1;8;6;11;9;12;12;9;6;408
430587;372;9;45;26;9;10;20;8;6;8;12;12;4;541
430590;961;28;49;54;31;38;11;16;12;32;29;25;19;1305
430593;139;2;3;4;0;4;0;2;4;1;2;3;3;167
430595;709;11;45;16;14;6;7;20;28;19;15;16;8;914
430597;732;23;46;25;10;15;17;42;34;23;30;35;10;1042
430600;2423;76;116;154;18;28;46;64;52;54;65;54;45;3195
430605;2521;68;91;88;32;21;26;62;256;41;72;62;43;3383
430607;212;7;10;28;7;5;1;0;0;4;0;2;2;278
430610;12867;526;592;485;216;250;351;352;370;400;456;428;404;17697
430613;194;5;11;8;0;3;2;4;2;4;3;3;0;239
430620;3041;136;104;83;33;36;54;71;98;124;113;112;78;4083
430630;661;15;15;17;9;8;7;8;19;12;18;9;9;807
430632;324;7;10;3;1;2;1;1;4;5;6;1;1;366
430635;195;4;12;2;5;1;14;11;3;0;1;1;2;251
430637;357;9;8;8;1;4;5;12;6;8;7;5;5;435
430640;12275;547;604;449;107;103;144;278;540;399;560;427;313;16746
430642;387;22;23;12;8;4;10;3;11;3;14;6;6;509
430645;538;19;26;12;11;7;11;16;16;15;16;14;9;710
430650;958;58;112;38;17;17;14;9;7;12;6;12;5;1265
430655;377;17;14;4;1;1;7;6;3;12;10;8;9;469
430660;6740;203;270;372;75;93;128;171;140;160;180;138;125;8795
430670;366;12;17;15;12;2;11;12;11;0;11;2;3;474
430673;601;36;11;20;6;6;1;4;10;12;18;18;9;752
430675;332;11;9;4;0;3;3;4;9;16;12;9;4;416
430676;17476;552;581;479;280;385;357;370;454;514;600;891;472;23411
430680;7787;440;335;320;142;209;216;233;271;266;306;276;262;11063
430690;3771;336;158;136;47;67;67;106;98;142;106;134;109;5277
430692;162;3;17;6;5;5;3;0;2;1;5;9;0;218
430693;1567;54;75;70;18;26;27;33;40;82;74;69;53;2188
430695;404;11;21;12;4;1;2;4;3;7;15;5;4;493
430697;354;4;23;11;2;5;2;5;9;9;13;9;8;454
430700;36673;1645;2042;1441;754;877;1056;1145;1534;1850;1965;1656;1265;53903
430705;555;33;48;27;5;6;5;21;19;17;21;11;10;778
430710;780;16;20;21;8;8;7;16;15;11;16;9;10;937
430720;658;26;55;20;19;8;19;7;20;9;13;18;17;889
430730;804;23;22;10;6;3;13;13;7;10;18;15;8;952
430740;557;7;24;29;11;9;8;7;13;12;5;15;4;701
430745;337;5;12;9;5;4;2;4;6;4;6;1;3;398
430750;3185;76;157;151;53;32;69;48;74;73;100;63;65;4146
430755;1473;42;57;71;38;33;25;25;38;26;47;20;24;1919
430760;13093;545;646;553;158;181;243;311;371;456;515;497;369;17938
430770;19445;700;746;744;307;389;369;705;634;704;867;904;678;27192
430780;11361;371;667;480;254;243;339;392;402;449;491;456;401;16306
430781;492;8;11;7;1;0;5;7;6;3;2;2;2;546
430783;363;13;14;35;6;2;2;6;7;6;17;3;5;479
430786;520;19;12;17;7;4;2;14;14;20;14;7;2;652
430790;25535;965;1353;1024;408;375;511;774;1027;1084;1122;1043;753;35974
430800;1403;36;51;37;14;24;31;27;39;33;30;30;37;1792
430805;288;3;1;6;1;1;4;5;7;6;6;6;1;335
430807;794;26;56;43;10;15;5;17;21;32;19;25;14;1077
430810;3980;146;228;161;79;56;110;137;150;193;207;202;110;5759
430820;10950;506;617;433;174;260;287;419;429;492;587;574;336;16064
430825;200;1;8;1;0;14;3;2;6;3;2;0;0;240
430830;1431;76;71;66;42;26;22;129;48;39;52;49;57;2108
430840;778;20;36;45;6;3;6;15;16;10;10;12;10;967
430843;354;2;13;5;3;2;0;0;6;3;3;7;1;399
430845;796;30;43;45;15;8;19;15;20;10;25;15;18;1059
430850;8708;366;439;361;166;205;247;303;326;423;690;483;421;13138
430860;15329;659;953;638;282;439;445;619;695;798;791;769;493;22910
430865;371;9;11;13;13;16;12;4;6;9;10;3;2;479
430870;1037;31;40;37;16;12;5;13;14;21;34;24;50;1334
430880;647;21;26;24;8;20;13;8;8;9;7;11;9;811
430885;356;16;21;18;8;16;16;9;22;9;11;12;11;525
430890;3989;168;197;176;59;65;77;98;126;131;120;112;113;5431
430900;3154;77;123;224;29;60;59;64;84;86;124;63;57;4204
430905;2057;118;92;56;14;21;30;32;48;39;49;63;61;2680
430910;19753;888;907;819;126;178;281;334;392;831;1257;1513;919;28198
430912;214;2;6;9;0;13;10;9;20;8;5;10;9;315
430915;262;5;6;31;5;3;2;3;4;3;5;4;4;337
430920;55246;1789;2091;1838;497;801;1077;1355;1405;1655;1939;2129;1552;73374
430925;244;5;4;11;3;1;3;0;5;2;0;2;3;283
430930;16884;648;641;591;294;344;395;598;482;495;672;571;520;23135
430940;9000;324;342;325;141;232;147;171;238;334;411;344;159;12168
430950;1057;29;33;43;11;13;17;18;8;13;26;25;19;1312
430955;1379;32;51;57;23;30;20;30;42;38;39;59;47;1847
430957;208;4;3;4;6;0;6;5;2;1;1;4;1;245
430960;5761;119;171;120;60;66;75;80;126;124;118;235;225;7280
430965;2079;22;19;17;3;25;64;74;35;26;33;50;19;2466
430970;835;22;52;27;10;7;6;14;12;22;29;16;11;1063
430975;363;2;11;16;5;9;11;1;8;3;1;3;1;434
430980;772;17;29;33;15;11;9;17;13;22;16;21;14;989
430990;1191;20;26;42;16;19;10;27;16;22;23;19;21;1452
430995;436;10;34;23;5;6;6;11;12;4;13;3;3;566
431000;6411;258;257;275;106;155;205;212;330;271;279;252;200;9211
431010;12823;601;886;587;176;161;195;258;369;554;613;560;241;18024
431020;23533;878;961;1061;398;457;667;608;878;911;1110;1026;848;33336
431030;658;13;25;35;17;11;17;21;17;15;13;12;9;863
431033;3822;309;148;96;41;44;49;84;114;106;175;195;332;5515
431036;1151;18;33;47;15;6;5;15;29;52;25;27;29;1452
431040;1065;53;28;60;6;14;24;25;25;19;43;56;17;1435
431041;263;6;12;9;1;2;0;1;2;1;4;2;0;303
431043;1097;49;52;34;20;18;23;36;23;16;23;40;24;1455
431046;253;1;20;16;7;1;3;3;1;7;2;10;3;327
431050;772;33;36;20;13;8;14;17;18;24;20;30;13;1018
431053;1223;27;54;37;16;26;22;24;24;37;40;28;13;1571
431055;425;30;21;15;4;5;5;8;7;13;19;11;6;569
431057;192;1;6;5;0;2;0;2;5;4;0;2;3;222
431060;7270;334;434;238;86;123;133;168;222;181;245;233;178;9845
431065;294;9;44;81;3;0;9;8;15;4;7;6;7;487
431070;289;4;18;6;1;1;2;7;3;3;4;4;0;342
431075;188;6;1;2;3;2;3;4;3;2;2;2;1;219
431080;7563;341;400;344;70;105;156;233;222;323;429;310;190;10686
431085;413;14;25;14;3;10;0;6;11;6;4;2;6;514
431087;298;7;12;5;3;1;3;8;5;3;5;6;1;357
431090;591;13;32;32;14;10;17;13;15;18;20;22;11;808
431100;3922;141;124;182;35;43;56;59;70;65;115;94;92;4998
431110;1448;40;21;36;18;21;18;27;16;18;21;23;27;1734
431112;655;14;88;36;15;14;27;25;11;18;33;12;12;960
431113;411;10;29;61;4;3;6;6;9;5;22;7;7;580
431115;870;19;84;47;13;14;14;20;8;10;51;18;15;1183
431120;3172;53;141;177;28;54;68;71;58;79;235;156;106;4398
431123;194;0;13;4;1;0;2;7;4;5;1;6;1;238
431125;358;9;19;22;2;0;2;4;3;1;1;3;2;426
431127;308;4;24;7;1;4;3;11;5;10;8;6;4;395
431130;6055;212;257;272;103;122;151;184;182;269;258;239;159;8463
431140;37774;1507;1677;1450;587;612;955;1225;1242;1701;1705;1634;1243;53312
431142;260;10;19;23;3;6;8;5;8;4;15;6;4;371
431150;1204;33;38;70;19;8;17;25;24;35;35;24;20;1552
431160;495;16;31;33;3;6;11;6;10;11;14;7;5;648
431162;2368;174;140;120;9;15;11;125;130;126;178;148;74;3618
431164;232;11;13;5;5;6;7;8;6;4;5;8;2;312
431170;820;27;40;24;6;6;11;14;13;19;36;52;32;1100
431171;634;37;15;37;4;15;18;31;10;12;26;15;6;860
431173;211;18;48;16;4;5;5;2;2;10;2;3;5;331
431175;839;21;23;28;18;10;8;11;24;20;28;18;18;1066
431177;804;25;24;35;16;31;20;17;21;31;27;24;22;1097
431179;491;17;31;35;8;14;15;12;16;19;8;5;5;676
431180;15207;903;940;742;357;387;468;503;575;600;686;667;577;22612
431190;697;27;25;15;8;15;9;20;19;25;17;20;17;914
431198;352;7;26;19;2;5;10;9;9;2;9;4;7;461
431200;293;20;19;14;12;9;8;6;3;1;4;6;6;401
431205;593;9;24;14;6;2;8;7;5;10;21;24;9;732
431210;495;7;19;10;11;5;8;5;4;4;4;4;6;582
431213;171;2;17;13;2;1;3;3;3;2;5;2;1;225
431215;1711;117;136;71;9;12;10;50;33;50;96;14;19;2328
431217;215;4;8;4;1;0;5;4;2;1;5;1;1;251
431220;607;20;24;11;13;6;12;8;5;10;12;17;9;754
431225;1091;37;61;79;23;9;20;35;13;46;52;46;29;1541
431230;1306;67;81;75;26;73;355;130;84;77;106;74;109;2563
431235;323;16;9;7;3;4;5;6;5;4;11;7;4;404
431237;356;64;135;32;5;8;11;4;11;10;20;4;6;666
431238;379;7;21;15;8;11;11;11;6;3;4;16;6;498
431240;20507;696;913;794;413;485;583;663;782;789;939;964;878;29406
431242;332;10;27;14;3;1;2;9;8;7;5;4;1;423
431244;298;15;47;20;7;5;4;8;12;4;10;6;3;439
431245;1278;11;29;9;5;11;3;4;15;47;36;635;149;2232
431247;1794;93;86;86;36;34;18;43;51;42;118;110;31;2542
431250;2264;136;138;139;53;46;45;45;73;90;78;98;77;3282
431260;2428;106;136;106;12;10;70;84;64;150;162;95;47;3470
431261;717;182;100;49;10;14;48;28;29;39;139;39;17;1411
431262;241;9;4;8;3;1;10;2;2;11;6;1;18;316
431265;7621;148;360;438;109;143;190;242;302;281;289;256;190;10569
431267;245;15;18;9;0;1;4;7;5;5;13;3;2;327
431270;1849;75;71;53;25;33;51;55;51;50;51;45;39;2448
431275;1080;67;25;41;19;39;43;30;16;57;38;69;38;1562
431280;2388;144;90;101;42;61;38;126;176;170;120;66;117;3639
431290;4128;163;163;193;118;118;179;202;208;171;175;153;138;6109
431295;525;18;27;26;5;7;10;6;35;22;24;15;11;731
431300;543;15;13;21;12;12;7;18;18;13;16;20;11;719
431301;968;16;28;16;21;18;10;25;21;26;30;34;21;1234
431303;1705;75;76;31;6;10;4;7;79;46;34;50;59;2182
431306;7011;296;496;292;80;33;108;111;251;398;283;168;94;9621
431308;355;11;22;11;4;6;3;12;1;4;8;2;5;444
431310;1009;16;26;44;1;5;13;18;21;7;18;14;10;1202
431320;7253;217;306;259;67;108;128;114;181;220;311;294;212;9670
431330;8735;296;409;328;127;144;155;211;280;342;369;344;273;12013
431333;277;13;22;33;4;8;11;13;12;8;13;9;0;423
431335;585;29;14;17;6;8;13;19;15;13;15;6;4;744
431337;8958;307;271;337;142;163;186;220;254;332;318;327;334;12149
431339;391;4;10;27;8;6;6;4;16;12;9;7;5;505
431340;70251;2852;3190;2845;910;988;1371;1620;2336;3156;3328;3299;2039;98185
431342;324;23;11;20;3;5;18;4;8;3;9;9;2;439
431344;247;5;15;16;3;3;0;1;1;0;4;0;1;296
431346;208;5;25;7;3;10;2;4;1;4;5;2;11;287
431349;429;18;22;13;9;6;4;2;4;8;20;6;6;547
431350;11692;590;440;410;166;189;209;191;293;401;514;552;454;16101
431360;584;15;31;21;4;10;10;8;14;8;10;12;15;742
431365;1978;80;73;58;53;34;59;29;58;70;63;59;58;2672
431370;5789;195;207;249;64;112;81;126;169;154;206;162;149;7663
431380;1514;112;87;68;67;39;40;50;63;61;49;59;34;2243
431390;13550;561;557;374;100;136;224;300;294;374;494;540;372;17876
431395;2292;52;101;67;34;24;54;48;74;65;76;87;50;3024
431400;2593;118;115;113;53;60;61;89;111;121;98;92;50;3674
431402;588;12;12;16;12;6;5;13;13;19;12;8;8;724
431403;880;47;40;30;14;15;21;26;32;43;27;29;22;1226
431405;13387;656;948;690;213;213;143;299;305;459;432;961;626;19332
431406;227;4;16;6;9;1;1;1;0;2;1;1;2;271
431407;844;33;49;23;24;28;33;35;33;36;46;50;28;1262
431410;63007;2776;3159;3575;871;1021;1340;1570;1943;2055;2495;2780;2038;88630
431413;541;11;26;17;19;10;19;8;13;4;10;21;17;716
431415;1315;81;76;75;10;14;27;19;27;54;33;52;27;1810
431417;411;8;9;12;9;8;2;10;11;5;6;4;8;503
431420;1204;42;38;55;14;18;27;24;29;36;46;35;32;1600
431430;726;5;23;14;5;5;7;13;10;10;19;19;17;873
431440;73229;2282;3053;2580;1005;1117;1299;1474;1614;1974;2082;3086;2169;96964
431442;2822;178;173;129;4;17;60;107;220;297;233;148;45;4433
431445;808;17;35;18;5;14;12;19;22;28;18;29;20;1045
431446;343;7;19;7;1;1;3;0;2;1;5;2;7;398
431447;502;7;28;24;10;8;6;3;7;12;1;11;8;627
431449;475;13;36;27;14;12;10;14;14;11;11;4;3;644
431450;1291;32;23;98;9;6;15;16;18;31;33;20;19;1611
431454;346;5;57;24;11;14;28;7;7;8;9;15;35;566
431455;268;5;3;4;2;2;2;5;1;7;4;2;2;307
431460;2690;92;69;83;77;33;44;37;44;69;56;42;62;3398
431470;1231;20;33;77;14;11;17;21;29;29;37;40;23;1582
431475;1022;12;46;29;42;12;31;25;29;32;24;45;41;1390
431477;573;6;36;28;10;7;6;11;12;15;14;8;9;735
431478;223;4;4;4;4;5;3;6;1;2;6;4;3;269
431480;8539;457;617;578;256;145;214;227;301;314;366;383;260;12657
431490;693818;21196;21522;22724;9796;12228;12760;12715;13868;16796;20770;21188;20401;899782
431500;461;13;18;15;1;8;12;7;9;8;5;2;8;567
431505;241;22;16;10;2;3;8;3;9;7;3;5;7;336
431507;167;2;3;2;0;0;1;1;0;2;1;2;0;181
431510;1341;39;41;137;81;28;33;74;27;46;49;29;31;1956
431513;305;1;13;16;7;2;0;3;5;7;13;7;1;380
431514;1797;135;113;100;21;40;89;116;79;112;132;97;62;2893
431515;697;24;32;27;7;11;14;11;13;12;25;11;12;896
431517;304;11;11;7;2;5;6;2;4;6;6;4;6;374
431520;610;28;17;23;2;7;8;10;4;4;14;5;8;740
431530;3234;118;120;119;61;55;65;86;115;94;83;109;91;4350
431531;318;3;9;1;3;4;6;7;20;1;5;6;2;385
431532;324;19;13;36;7;12;9;7;9;6;2;7;4;455
431535;633;10;23;24;12;22;15;22;23;18;27;23;21;873
431540;633;14;12;29;3;9;8;6;5;9;8;5;12;753
431545;264;3;8;8;1;2;0;2;3;4;6;4;2;307
431550;2650;92;93;105;12;22;29;35;48;45;73;55;91;3350
431555;262;13;17;10;6;3;8;0;6;6;6;1;1;339
431560;44768;1380;1532;1371;605;749;1002;1085;1153;1268;1352;1317;1092;58674
431570;5944;191;377;318;82;92;185;257;379;173;255;229;252;8734
431575;1473;52;70;47;7;2;13;17;17;99;82;21;13;1913
431580;2681;162;182;129;56;83;61;72;123;138;100;95;70;3952
431590;1361;69;86;44;18;32;29;28;31;41;44;39;37;1859
431595;229;8;10;7;6;0;4;2;7;1;12;2;0;288
431600;7174;382;583;366;52;78;48;93;95;311;289;214;81;9766
431610;1380;41;92;43;21;34;37;42;30;29;76;66;40;1931
431620;575;16;23;11;11;16;16;12;7;13;22;13;3;738
431630;788;29;24;29;9;15;12;15;20;18;25;16;18;1018
431640;5680;153;178;260;130;102;116;146;141;182;211;129;129;7557
431642;312;15;32;26;6;7;14;14;9;7;13;3;1;459
431643;459;11;34;27;7;13;7;5;9;3;26;9;8;618
431645;1573;45;58;74;56;22;30;29;38;55;50;37;17;2084
431647;620;26;13;10;4;7;7;22;16;19;26;7;17;794
431650;2561;118;173;137;52;62;105;94;120;108;131;111;101;3873
431660;3672;146;170;136;48;69;104;124;120;126;140;105;89;5049
431670;1879;87;85;95;31;35;79;49;67;79;145;48;27;2706
431673;216;2;10;3;5;2;4;4;4;8;6;7;5;276
431675;1306;55;66;59;27;23;31;52;58;52;76;36;36;1877
431680;43293;2643;4008;2612;1040;1302;1785;1750;2009;1623;1789;1872;1561;67287
431690;71825;2328;2666;2768;962;1231;1297;1501;1668;1668;2166;2149;2198;94427
431695;2046;71;105;56;12;19;36;62;74;80;78;41;19;2699
431697;426;8;25;19;1;13;15;6;7;7;19;7;5;558
431700;708;15;14;28;9;4;39;32;17;5;7;6;10;894
431710;13904;639;947;514;180;255;342;464;692;408;442;449;366;19602
431720;24106;876;922;871;354;505;668;742;724;903;873;862;987;33393
431725;191;6;4;6;1;0;1;5;5;4;5;2;8;238
431730;6083;214;246;561;81;126;137;160;235;206;188;197;130;8564
431740;8338;229;285;262;68;121;124;184;251;170;248;240;324;10844
431750;19180;608;745;755;279;507;488;499;647;710;790;677;581;26466
431755;329;21;40;18;6;6;15;11;8;3;13;11;4;485
431760;10252;420;546;387;106;119;227;256;437;360;515;398;259;14282
431770;1324;58;58;82;40;48;22;56;65;51;58;65;27;1954
431775;356;18;31;19;7;3;6;22;16;27;29;14;19;567
431780;2743;130;215;257;33;75;95;76;78;64;411;740;93;5010
431790;3467;101;97;102;28;28;56;62;121;70;124;114;76;4446
431795;258;29;17;18;5;3;3;4;4;2;2;7;2;354
431800;10825;514;788;511;148;158;506;214;260;241;330;282;292;15069
431805;571;18;38;28;12;18;11;17;15;11;14;13;8;774
431810;1955;41;47;46;19;23;19;27;48;51;36;20;21;2353
431820;4261;577;502;231;69;134;175;167;207;209;257;275;228;7292
431830;9816;264;283;338;167;133;184;248;396;260;266;270;224;12849
431840;3517;54;106;120;30;36;57;78;112;94;91;92;79;4466
431842;601;16;15;9;4;7;3;11;6;8;14;7;11;712
431843;578;20;21;26;17;9;12;13;14;22;23;29;10;794
431844;476;9;25;16;9;9;1;4;12;5;7;44;8;625
431845;276;8;20;10;6;3;6;7;7;5;8;4;0;360
431846;338;8;11;9;2;2;5;11;8;5;5;16;10;430
431848;891;28;78;63;9;1;18;11;13;21;12;16;6;1167
431849;680;21;32;60;2;5;23;18;20;33;21;50;22;987
431850;4302;164;129;145;56;128;156;121;264;372;372;442;448;7099
431860;1381;30;63;65;29;23;20;23;36;26;31;40;20;1787
431861;369;13;19;15;4;12;22;11;14;12;15;12;13;531
431862;731;205;368;167;62;27;91;15;54;60;93;82;30;1985
431870;57710;2038;2440;2668;1155;1389;1575;2164;2417;2746;2951;3284;1831;84368
431880;5687;94;124;105;60;45;69;92;74;93;114;126;119;6802
431890;6505;236;198;282;98;102;126;126;131;179;219;204;162;8568
431900;7122;263;360;235;118;65;105;202;301;327;318;261;142;9819
431910;1159;41;23;36;13;16;20;20;18;31;36;43;34;1490
431912;291;10;12;20;6;7;2;6;14;3;6;4;4;385
431915;1277;50;37;44;18;17;25;32;33;27;48;26;27;1661
431920;509;61;35;87;7;10;13;17;20;11;15;6;2;793
431930;753;16;10;14;8;3;6;7;18;11;13;14;7;880
431935;668;19;51;29;8;14;12;23;29;26;23;19;21;942
431936;256;2;6;11;5;0;10;6;2;4;2;2;1;307
431937;686;20;58;35;21;23;14;21;24;19;31;31;21;1004
431940;2123;57;87;96;29;47;25;32;49;44;57;42;58;2746
431950;7247;261;272;260;110;136;183;269;307;233;257;262;216;10013
431960;3715;91;129;131;34;40;42;44;63;65;78;77;42;4551
431970;449;13;16;11;6;6;2;1;4;8;6;8;5;535
431971;426;26;17;25;10;15;19;20;13;17;19;22;24;653
431973;236;9;4;12;8;0;4;2;3;1;8;10;0;297
431975;620;30;43;24;5;39;30;19;30;23;43;26;22;954
431980;1147;29;20;46;14;15;17;21;34;36;38;43;16;1476
431990;21685;1656;1450;1229;235;252;430;641;730;1100;1290;943;517;32158
432000;20424;620;917;735;326;418;497;548;555;725;817;849;630;28061
432010;6834;302;345;252;162;193;223;216;264;270;338;287;271;9957
432020;2887;122;108;93;118;81;127;88;70;63;116;91;207;4171
432023;386;26;22;13;5;7;9;15;16;6;18;13;6;542
432026;412;11;29;10;5;4;4;18;13;5;9;6;5;531
432030;1083;29;23;35;7;32;22;29;14;22;34;10;21;1361
432032;304;3;4;16;2;3;2;4;3;3;10;3;0;357
432035;529;10;19;29;13;21;13;21;19;11;21;9;3;718
432040;5961;236;246;242;175;176;173;189;190;262;255;241;211;8557
432045;218;9;7;9;6;6;11;5;5;9;3;10;6;304
432050;851;22;18;25;9;14;19;12;9;11;16;10;5;1021
432055;728;11;18;21;15;8;17;9;9;17;12;12;11;888
432057;181;6;12;11;3;7;0;2;2;0;3;4;0;231
432060;514;6;10;7;6;8;4;8;9;6;7;9;6;600
432065;312;7;15;19;5;5;5;8;9;6;9;3;7;410
432067;854;31;24;32;10;2;9;12;17;6;15;9;21;1042
432070;2695;78;113;126;50;49;56;67;50;53;83;69;79;3568
432080;5497;237;266;203;107;99;112;117;238;221;250;186;166;7699
432085;734;29;26;40;8;11;24;40;18;27;30;26;18;1031
432090;8830;430;632;429;151;365;201;320;354;311;370;328;263;12984
432100;2158;96;79;79;25;51;53;55;74;60;85;76;65;2956
432110;1943;40;55;50;17;22;23;23;45;30;86;48;56;2438
432120;11374;478;734;448;129;314;203;253;388;473;569;505;361;16229
432130;5431;303;151;208;93;168;205;360;221;389;328;345;187;8389
432132;460;29;27;24;8;9;6;6;8;15;14;12;18;636
432135;600;26;19;36;9;12;5;12;19;19;27;16;23;823
432140;2559;71;109;123;45;49;68;69;48;69;87;55;79;3431
432143;1895;69;82;87;21;20;54;36;45;68;77;98;91;2643
432145;10002;396;576;365;118;132;147;177;199;409;330;360;205;13416
432146;635;14;28;17;7;9;14;8;16;14;26;14;16;818
432147;454;15;21;6;3;9;8;8;7;10;8;13;11;573
432149;281;4;2;5;6;6;3;2;5;3;3;7;5;332
432150;10023;772;393;325;140;144;199;218;261;303;480;691;1031;14980
432160;9230;614;341;258;157;196;192;285;289;341;436;687;776;13802
432162;532;22;31;35;4;7;1;6;12;6;7;11;2;676
432163;429;17;21;20;7;12;21;15;22;29;24;22;10;649
432166;2414;162;105;190;56;62;70;70;85;98;151;153;83;3699
432170;8036;364;533;418;60;39;37;85;142;424;382;333;113;10966
432180;6274;206;288;254;99;123;141;137;169;169;222;248;137;8467
432183;315;2;0;10;4;5;3;6;3;5;1;3;18;375
432185;527;23;55;27;4;9;31;17;23;13;16;18;11;774
432190;6264;196;264;234;109;138;184;142;200;214;261;200;154;8560
432195;2182;99;121;148;66;111;149;123;95;131;99;128;135;3587
432200;10486;326;724;425;160;140;186;532;311;260;502;499;358;14909
432210;961;50;26;26;12;17;21;13;48;25;35;19;13;1266
432215;355;5;23;19;3;6;17;7;5;9;4;3;2;458
432218;175;0;7;13;2;0;2;0;2;1;0;1;1;204
432220;3763;85;217;321;40;47;61;68;82;64;185;95;67;5095
432225;3060;176;246;82;30;57;149;263;189;120;141;118;83;4714
432230;1396;28;102;46;13;14;13;19;17;39;33;38;33;1791
432232;463;9;11;14;2;2;5;6;7;2;5;8;8;542
432234;201;2;14;8;3;3;3;1;2;1;2;4;3;247
432235;197;3;5;5;5;4;3;4;5;4;2;11;4;252
432237;288;7;3;10;2;2;5;6;6;3;10;2;4;348
432240;20562;713;876;864;286;371;561;502;535;564;616;669;492;27611
432250;17511;6109;7297;2902;657;717;1106;1131;1157;1152;1787;2565;885;44976
432252;371;7;11;9;2;8;4;10;8;4;5;10;11;460
432253;690;7;56;24;6;6;5;27;9;4;8;12;14;868
432254;1704;61;97;77;22;19;15;35;34;76;74;47;29;2290
432255;428;11;12;12;6;3;10;11;5;12;7;3;4;524
432260;16279;1415;2243;1671;1145;1129;1085;923;857;799;861;855;444;29706
432270;4660;146;581;219;156;593;326;281;381;198;164;176;116;7997
432280;7543;207;255;264;64;80;139;179;222;267;293;319;173;10005
432285;302;7;7;9;1;8;6;9;7;10;8;13;1;388
432290;545;11;13;28;6;10;5;8;9;6;7;5;7;660
432300;21880;724;902;833;313;485;487;551;728;744;850;859;666;30022
432310;303;9;5;5;2;0;3;0;5;1;2;6;2;343
432320;560;40;39;25;5;7;12;20;24;32;42;22;12;840
432330;1157;34;76;26;10;17;9;30;24;32;56;47;20;1538
432335;497;11;42;21;8;26;16;31;22;19;19;19;11;742
432340;1968;99;235;167;53;60;74;69;100;90;162;99;92;3268
432345;640;17;56;15;4;9;11;8;14;14;11;8;6;813
432350;454;10;19;14;11;26;4;10;8;9;13;11;3;592
432360;242;5;6;5;6;0;1;8;3;5;6;3;2;292
432370;464;16;30;12;2;4;10;8;11;11;5;11;5;589
432375;348;8;35;27;7;6;12;14;7;7;4;1;1;477
432377;1626;16;60;40;59;86;17;50;70;28;79;40;40;2211
432380;4514;332;140;101;87;107;121;115;141;197;262;397;542;7056
500020;4558;534;647;333;156;165;195;178;217;266;222;243;169;7883
500025;821;24;66;27;22;9;22;32;16;26;49;25;20;1159
500060;6155;224;662;352;165;554;180;214;193;198;253;253;137;9540
500070;3094;187;369;135;76;311;127;128;120;120;110;126;77;4980
500080;1568;66;102;51;24;62;27;49;44;30;34;51;35;2143
500085;6173;50;145;192;25;34;85;112;56;92;92;76;60;7192
500090;1194;67;64;52;24;40;32;50;41;37;30;36;22;1689
500100;7749;424;336;753;278;282;340;405;379;291;316;293;243;12089
500110;6548;382;569;367;129;179;163;272;236;212;265;262;183;9767
500124;1416;239;400;90;41;38;43;314;94;77;85;51;36;2924
500150;1521;99;285;84;40;30;47;75;65;55;77;66;43;2487
500190;6298;218;322;281;93;114;147;182;274;287;338;380;320;9254
500200;2083;75;158;78;23;32;36;45;90;37;62;39;25;2783
500210;2965;128;347;130;69;179;60;134;104;73;72;88;69;4418
500215;1470;49;200;52;48;28;37;40;89;28;49;48;43;2181
500220;5424;314;430;263;73;136;94;133;161;247;273;319;293;8160
500230;3001;104;229;220;125;114;88;107;117;151;101;90;82;4529
500240;6330;333;554;302;335;291;237;248;309;253;241;190;186;9809
500260;2662;86;188;130;72;94;94;90;99;111;82;86;80;3874
500270;272212;10035;21204;14710;5127;8222;7152;8518;8561;9818;13113;10175;7895;396742
500280;769;42;28;61;13;24;19;28;22;27;29;17;16;1095
500290;4121;189;227;223;84;136;111;149;126;139;142;149;106;5902
500295;8872;673;892;522;295;261;471;498;389;467;501;419;289;14549
500310;754;87;72;41;15;60;23;78;33;33;21;27;13;1257
500315;1159;25;175;70;13;11;18;189;22;26;19;33;11;1771
500320;13830;791;685;700;388;382;427;433;564;581;570;573;512;20436
500325;6101;371;517;352;202;163;405;205;215;234;209;201;203;9378
500330;5493;228;361;289;108;241;190;221;203;192;249;172;167;8114
500345;1389;97;134;78;26;87;59;82;48;57;72;117;31;2277
500348;1593;86;107;197;44;173;30;56;33;49;35;53;34;2490
500350;638;33;28;38;6;4;10;24;22;7;8;11;4;833
500370;61824;2714;3016;2553;1309;1885;2061;3526;2547;2636;2613;2892;2174;91750
500375;2192;107;187;126;70;86;45;131;71;44;100;116;53;3328
500380;2947;87;102;517;63;94;88;71;73;101;72;108;62;4385
500390;600;47;54;31;25;23;33;41;16;17;19;20;11;937
500400;1245;40;90;105;18;62;34;20;60;31;37;21;36;1799
500410;1537;50;110;51;35;115;33;44;53;49;50;37;31;2195
500430;2381;106;256;87;71;54;75;89;98;101;140;80;56;3594
500440;1697;70;102;165;52;57;104;67;80;60;58;60;71;2643
500450;3067;69;221;63;33;54;53;197;114;79;69;74;44;4137
500460;4561;202;256;213;161;168;214;289;107;205;185;194;177;6932
500470;4350;180;258;162;111;94;139;183;169;146;146;195;116;6249
500480;506;5;45;130;9;19;8;9;6;27;7;18;4;793
500490;1107;31;87;35;24;17;26;46;33;41;44;46;33;1570
500500;3622;147;379;183;100;65;93;126;214;144;130;126;84;5413
500510;1067;33;104;44;20;46;32;25;38;46;42;34;43;1574
500515;1108;47;90;65;35;49;39;52;29;63;26;27;26;1656
500520;3356;85;109;136;14;17;79;27;57;12;23;24;23;3962
500525;1438;82;201;66;32;97;72;66;87;36;38;39;37;2291
500540;9657;354;963;480;196;216;306;337;313;293;443;265;206;14029
500560;3618;402;576;148;88;83;140;94;131;102;111;87;40;5620
500568;2527;120;84;191;33;40;89;89;100;114;106;67;93;3653
500570;9202;447;834;591;508;460;534;439;442;502;541;386;250;15136
500580;1728;55;81;256;44;153;91;59;108;43;48;74;70;2810
500600;5279;232;611;464;114;279;124;106;144;132;128;168;95;7876
500620;12053;662;776;843;422;365;532;491;469;687;725;537;299;18861
500625;659;32;79;37;21;18;14;12;26;10;26;14;7;955
500627;1691;55;287;138;55;60;114;59;67;88;69;45;34;2762
500630;9115;540;743;670;214;423;597;467;318;424;476;380;285;14652
500635;974;62;270;66;10;24;17;11;20;12;12;20;10;1508
500640;1045;46;117;29;18;20;26;34;71;35;18;21;24;1504
500660;13360;715;1307;836;275;280;378;445;476;467;508;510;337;19894
500690;2316;195;388;149;301;97;256;257;82;127;118;78;70;4434
500710;5884;278;438;337;256;182;193;244;366;260;244;259;202;9143
500720;10371;216;900;530;218;345;523;265;241;244;225;234;203;14515
500730;787;30;24;94;16;51;19;25;23;26;18;20;9;1142
500740;3200;320;278;143;100;100;106;215;149;115;124;126;89;5065
500750;1480;75;76;61;99;42;29;26;84;78;66;47;56;2219
500755;1928;108;125;61;58;77;59;87;85;85;73;83;47;2876
500769;8946;335;650;326;227;331;377;536;446;397;412;368;296;13647
500770;1022;61;63;45;19;31;17;34;48;25;17;18;15;1415
500780;2072;120;194;117;64;29;38;32;46;29;66;62;42;2911
500790;10103;346;1096;551;264;330;532;481;456;598;463;371;443;16034
500793;4269;183;442;260;392;95;105;122;104;129;214;175;72;6562
500795;953;25;99;142;28;11;23;41;16;16;23;18;33;1428
500797;578;9;12;20;2;14;1;17;5;9;17;8;5;697
500800;3182;126;323;159;68;252;108;100;88;107;109;73;98;4793
500830;37002;1640;2453;2045;697;1287;1160;1478;1423;1545;2044;2132;1279;56185
500840;1142;108;72;69;212;23;23;26;30;45;73;71;40;1934
510010;550;20;22;20;4;16;10;11;10;13;14;11;9;710
510020;5843;610;528;332;175;221;283;272;268;343;360;272;259;9766
510025;11875;853;1203;717;259;306;421;498;617;596;609;560;548;19062
510030;2657;142;143;100;29;49;91;64;92;75;77;64;72;3655
510035;444;106;101;74;77;78;78;84;85;88;122;67;65;1469
510040;2874;197;339;137;56;169;141;153;77;88;79;97;87;4494
510050;613;33;13;14;8;7;12;16;15;23;20;9;6;789
510060;2858;146;339;359;64;35;64;98;129;118;85;65;64;4424
510080;1129;32;90;56;27;30;27;27;44;36;51;33;35;1617
510100;747;34;47;45;27;19;25;33;27;25;27;32;25;1113
510120;155;5;0;0;0;1;0;1;4;0;1;1;1;169
510125;3497;96;136;99;42;51;73;100;65;114;108;103;42;4526
510130;1048;37;137;70;26;21;27;35;25;29;32;36;42;1565
510140;4218;366;507;499;202;315;604;490;689;567;424;293;290;9464
510160;481;49;43;34;12;16;19;15;29;14;9;6;3;730
510170;6215;237;395;231;215;629;156;159;159;196;185;199;152;9128
510180;15732;1298;985;652;253;611;499;503;575;453;552;553;503;23169
510185;1247;160;128;45;31;30;162;54;58;67;51;62;64;2159
510190;3915;568;342;175;112;176;218;180;197;305;252;190;202;6832
510250;14951;492;1075;719;241;225;252;322;486;421;467;439;330;20420
510260;1176;60;240;92;24;21;28;33;53;38;65;51;39;1920
510263;13894;1431;948;774;987;566;906;1155;825;932;850;886;736;24890
510267;11753;987;819;807;586;441;962;968;809;689;796;610;506;20733
510268;3711;439;154;146;98;138;308;238;131;181;97;133;176;5950
510269;411;20;6;21;14;8;16;14;14;19;8;14;19;584
510270;4629;624;459;206;150;174;367;259;204;270;280;200;200;8022
510279;1139;57;123;41;25;21;41;43;36;34;45;36;59;1700
510285;876;37;97;36;20;46;45;38;41;29;29;30;28;1352
510300;2966;248;296;173;56;69;86;94;82;136;138;117;126;4587
510305;1784;161;128;109;46;78;82;83;64;84;70;82;93;2864
510310;911;63;85;55;36;82;65;61;80;57;67;84;51;1697
510320;6467;226;443;224;126;157;176;189;245;240;269;246;158;9166
510325;2981;153;195;199;85;107;130;198;180;141;151;119;85;4724
510330;3561;298;264;217;98;118;209;149;145;188;214;200;167;5828
510335;5108;366;372;258;145;207;268;244;269;274;258;300;260;8329
510336;618;19;44;35;16;12;24;16;25;33;21;24;17;904
510337;1202;37;124;37;40;52;67;62;50;47;39;55;28;1840
510340;246528;13161;23682;13240;4687;5779;6470;13584;9543;8048;8725;8110;6684;368241
510343;467;16;17;13;11;43;11;10;37;6;8;7;8;654
510345;686;14;51;57;64;90;27;11;25;4;16;20;14;1079
510350;7768;723;353;240;159;180;549;485;270;297;325;272;244;11865
510360;1353;95;40;100;22;15;36;117;62;46;35;32;38;1991
510370;2230;192;101;69;54;97;103;78;65;117;163;90;58;3417
510380;518;18;25;17;12;13;11;13;30;15;13;11;5;701
510385;1573;157;104;60;34;58;91;124;91;127;143;68;56;2686
510390;794;78;96;61;25;41;56;38;34;54;61;37;25;1400
510395;406;9;14;8;4;7;3;4;9;4;4;9;5;486
510410;5397;193;392;269;112;240;163;192;243;232;270;263;177;8143
510420;1694;161;92;53;34;56;92;59;52;76;82;50;34;2535
510450;335;8;9;7;13;3;8;6;7;17;5;4;4;426
510452;2304;336;130;99;69;120;232;325;136;150;136;82;75;4194
510454;829;124;98;47;32;58;52;47;33;41;43;39;49;1492
510455;1174;66;105;63;46;79;82;89;66;70;61;56;35;1992
510460;3618;369;193;148;75;94;218;114;133;165;143;89;51;5410
510480;6107;436;235;431;138;142;145;232;202;265;285;166;175;8959
510490;865;27;21;58;13;24;26;10;23;16;12;11;3;1109
510500;966;20;44;30;15;13;13;18;10;17;18;19;15;1198
510510;7002;444;406;299;197;254;303;343;384;355;334;328;209;10858
510515;8499;416;481;376;166;182;320;310;407;370;447;375;241;12590
510517;1904;165;177;92;43;113;91;122;78;87;63;86;81;3102
510520;1414;106;99;99;26;23;69;66;61;41;61;49;37;2151
510523;1151;25;67;67;10;369;28;30;33;10;26;44;20;1880
510525;25298;2268;1455;1302;869;975;1228;1795;1489;1809;1863;1387;1311;43049
510530;246;8;8;0;4;3;5;0;4;3;1;0;1;283
510550;2960;175;229;119;129;99;94;116;151;157;140;116;109;4594
510558;2093;129;120;81;63;75;84;94;87;99;95;91;83;3194
510560;4335;275;254;223;157;201;223;190;212;291;249;188;128;6926
510562;5592;159;170;167;90;474;142;228;173;273;170;234;123;7995
510590;2676;89;106;111;91;75;88;74;57;78;64;100;71;3680
510600;644;30;33;43;9;12;32;52;19;26;16;25;16;957
510610;1629;37;149;78;38;29;45;39;59;96;89;61;49;2398
510615;1511;123;167;96;55;57;71;63;83;105;86;92;73;2582
510617;387;28;20;17;33;33;21;10;9;17;14;11;10;610
510618;1217;106;141;113;56;71;91;79;96;69;69;69;81;2258
510619;725;92;76;41;26;44;41;35;46;45;35;34;69;1309
510620;556;17;26;13;14;10;4;18;23;16;12;8;7;724
510621;2272;104;132;106;57;73;76;103;93;96;66;90;40;3308
510622;16895;1338;1195;951;538;750;915;1070;917;1096;971;829;793;28258
510623;4162;131;194;447;187;122;110;100;115;108;113;134;115;6038
510624;3162;560;258;108;127;167;238;213;181;303;227;116;190;5850
510625;3370;177;192;116;148;532;204;233;234;304;254;250;166;6180
510626;928;102;130;48;25;30;51;39;60;57;64;42;51;1627
510627;346;19;33;17;6;8;11;10;6;16;9;9;5;495
510628;1491;226;155;112;73;56;179;107;63;115;120;75;53;2825
510629;1761;102;170;57;33;35;54;55;50;51;71;45;42;2526
510630;4961;504;483;203;102;131;287;299;264;444;480;287;259;8704
510631;210;5;9;3;13;0;1;2;5;5;3;2;0;258
510637;4717;667;485;235;95;81;253;462;256;256;211;148;144;8010
510642;3230;168;200;182;105;106;118;166;153;168;156;152;126;5030
510645;504;59;33;64;10;9;15;12;17;12;25;11;26;797
510650;3760;129;245;245;112;128;89;126;131;102;95;80;62;5304
510665;631;42;42;21;14;44;32;27;32;18;41;25;27;996
510670;188;6;2;5;1;14;1;4;3;5;3;2;0;234
510675;10635;517;661;527;242;296;488;519;465;515;645;554;446;16510
510677;1207;92;46;51;21;50;64;45;38;112;74;37;49;1886
510680;1911;257;99;103;74;127;200;172;143;155;132;115;114;3602
510682;1628;73;51;176;33;53;41;40;60;42;58;63;42;2360
510685;484;5;16;7;11;16;31;5;7;4;6;7;4;603
510700;2719;196;183;120;49;127;242;82;136;90;118;98;68;4228
510704;21816;2041;1432;1234;674;867;1676;1483;1266;1418;1546;1267;1086;37806
510706;5445;1148;437;327;200;227;349;280;305;467;388;309;278;10160
510710;2613;88;82;96;46;56;53;36;50;74;101;91;54;3440
510715;269;19;6;56;1;6;4;3;3;5;1;4;3;380
510718;1532;202;232;99;84;58;51;86;68;67;92;97;86;2754
510719;323;18;2;5;6;1;18;4;9;4;13;9;3;415
510720;579;15;31;5;5;16;12;10;24;9;10;12;4;732
510724;1101;171;45;36;48;65;60;57;40;68;71;44;68;1874
510726;392;31;30;13;4;4;10;22;10;16;16;21;4;573
510729;317;7;6;3;2;10;3;19;5;13;4;4;1;394
510730;3620;203;380;210;82;130;149;136;249;231;196;117;119;5822
510735;1362;197;136;58;52;98;99;67;58;117;85;48;77;2454
510740;480;21;32;24;25;100;20;25;16;13;5;6;3;770
510757;906;63;93;68;44;40;47;56;66;60;59;42;38;1582
510760;60713;3829;4127;3039;1710;2309;2582;2818;3106;3530;3382;3000;2440;96585
510770;1884;98;87;59;42;70;42;60;62;47;68;33;65;2617
510774;561;42;30;15;18;22;25;31;18;46;43;13;16;880
510775;527;25;16;16;6;12;14;7;9;17;8;12;13;682
510776;1412;264;61;49;24;101;173;67;58;110;71;56;43;2489
510777;695;39;48;13;17;14;18;22;11;18;25;18;15;953
510779;1345;245;114;40;35;55;165;91;50;81;83;44;34;2382
510780;2679;357;202;266;86;89;208;176;196;168;130;116;69;4742
510785;2268;309;222;76;61;82;116;112;90;182;206;88;96;3908
510787;11660;1410;545;599;344;452;1317;1150;677;645;620;585;625;20629
510788;248;11;21;16;16;15;3;2;8;3;4;5;6;358
510790;42524;2890;2983;2400;1305;1640;2261;2095;2372;2628;3028;2388;1805;70319
510792;29083;2862;2319;1713;1103;1603;1926;1854;1771;2181;1973;1734;1388;51510
510794;1799;245;88;62;51;78;106;79;97;176;98;79;84;3042
510795;24311;1218;1344;1275;494;705;884;1109;1101;1260;1252;1229;963;37145
510800;4105;488;248;180;115;190;285;360;237;232;175;147;146;6908
510805;1572;68;165;85;30;40;45;38;55;53;67;65;53;2336
510810;511;79;22;27;15;23;47;18;34;31;36;15;14;872
510820;649;14;39;28;17;16;23;11;10;16;24;16;5;868
510830;840;104;85;41;25;33;35;75;30;45;51;29;29;1422
510835;322;18;29;23;10;8;11;10;14;7;18;9;15;494
510840;51555;2626;3965;2762;1043;1545;2015;1744;2155;2199;2367;2159;1812;77947
510850;2631;261;138;101;84;84;94;98;119;130;148;96;87;4071
510860;2822;219;152;128;88;95;149;124;133;138;149;124;128;4449
510880;586;22;23;18;7;32;16;18;21;22;30;13;11;819
510885;1779;167;67;58;72;55;53;143;39;73;109;48;63;2726
510890;1554;235;81;72;44;113;140;79;98;108;102;70;74;2770
510895;1505;97;99;100;39;61;118;88;86;103;201;129;124;2750
520005;1855;139;247;183;64;185;186;146;111;143;151;83;86;3579
520010;2260;91;76;62;57;39;43;49;70;78;64;71;49;3009
520013;3192;208;363;158;173;258;122;109;96;132;130;125;118;5184
520015;431;18;33;13;23;24;19;15;37;45;33;43;26;760
520017;1017;47;88;222;15;32;166;71;113;74;128;28;14;2015
520020;430;13;22;11;7;1;1;9;15;7;10;7;4;537
520025;11540;930;837;727;177;211;246;378;358;413;388;378;364;16947
520030;4645;216;189;207;58;55;93;126;200;137;167;242;251;6586
520050;247;10;8;5;6;5;1;1;3;2;5;1;1;295
520055;2597;57;45;73;39;59;43;39;68;40;36;36;62;3194
520060;1518;86;52;61;67;18;15;37;44;44;67;78;88;2175
520080;970;23;34;22;12;12;22;23;23;23;17;10;14;1205
520082;322;7;4;7;0;2;2;3;1;8;6;5;3;370
520085;557;3;13;44;62;19;16;12;6;7;21;7;34;801
520090;283;13;5;8;14;5;4;8;6;8;4;2;6;366
520110;96594;4746;4744;4079;2126;3095;3193;3751;3909;4069;4567;4477;3336;142686
520120;136;0;1;13;4;1;1;1;0;1;0;0;1;159
520130;3012;213;187;94;44;392;83;144;81;103;84;82;67;4586
520140;113262;5512;4867;5170;2800;2933;4023;4793;5423;6268;5907;5311;4095;170364
520145;571;36;50;33;17;10;16;20;21;25;16;26;8;849
520150;1238;45;72;57;19;30;36;34;47;30;38;30;22;1698
520160;395;32;18;11;3;5;9;8;28;14;19;7;6;555
520170;1282;91;203;48;26;47;43;45;82;62;83;57;51;2120
520180;928;79;24;44;7;90;43;31;33;51;28;39;19;1416
520215;794;31;56;48;22;39;39;32;94;51;29;20;38;1293
520235;559;21;22;31;10;9;4;13;16;44;38;13;3;783
520250;1228;68;136;59;32;36;50;50;67;69;71;58;46;1970
520260;351;24;10;24;7;2;4;6;6;20;9;8;11;482
520280;416;22;30;18;28;8;34;36;47;33;13;10;20;715
520310;579;38;86;38;13;16;86;105;82;88;80;90;33;1334
520320;3665;133;73;137;151;91;87;91;79;72;62;70;84;4795
520330;5660;217;218;167;102;139;133;184;256;218;215;183;163;7855
520340;796;29;23;22;15;5;19;12;20;16;9;16;4;986
520350;3275;353;488;181;110;115;210;153;120;83;176;175;98;5537
520355;761;54;65;59;20;23;22;16;26;20;30;19;18;1133
520357;580;6;20;9;10;26;15;16;15;19;23;13;4;756
520360;395;9;7;12;29;18;9;6;8;5;13;11;3;525
520380;871;34;23;36;22;23;14;22;27;22;48;45;51;1238
520390;2297;72;172;83;37;48;57;71;114;69;50;88;84;3242
520393;427;38;57;20;5;4;7;9;10;9;11;17;31;645
520396;300;3;2;3;0;2;4;0;1;2;4;3;0;324
520400;904;45;119;153;41;31;70;73;50;56;57;26;10;1635
520410;2248;127;170;144;56;106;99;65;147;73;95;67;109;3506
520420;111;3;2;5;4;1;1;2;3;2;1;2;2;139
520425;2296;128;185;147;76;30;20;28;87;23;21;73;34;3148
520430;3626;81;270;142;118;48;86;94;95;120;79;107;79;4945
520440;2367;175;140;72;59;119;99;107;74;97;101;65;55;3530
520450;24157;1241;944;671;432;320;296;471;524;649;1023;1263;1587;33578
520455;405;18;8;9;0;6;6;3;8;8;6;3;6;486
520460;379;23;23;19;6;8;3;15;12;7;13;12;10;530
520465;397;3;0;12;2;4;4;9;5;5;5;3;15;464
520470;1117;40;38;60;34;32;32;31;25;30;55;46;38;1578
520480;1577;184;118;247;58;36;307;100;98;90;57;38;57;2967
520485;1106;64;89;56;41;29;40;59;51;37;42;69;42;1725
520490;2368;42;82;37;44;17;38;35;57;49;37;75;29;2910
520495;559;24;16;12;5;6;3;5;12;9;13;10;2;676
520500;1185;87;43;18;111;22;11;13;51;21;12;16;34;1624
520505;372;95;69;24;7;12;20;9;13;5;6;2;3;637
520510;26836;1560;1276;1010;444;519;757;1166;1115;1331;1091;1132;1052;39289
520520;501;20;34;13;24;7;9;24;9;16;17;19;12;705
520530;838;49;25;16;7;13;8;15;17;3;22;17;1;1031
520540;5933;282;290;217;127;179;162;211;247;233;256;188;159;8484
520545;1449;81;59;110;16;47;24;31;52;42;42;175;81;2209
520547;4593;390;211;101;57;82;242;184;139;166;122;86;114;6487
520549;5997;185;481;206;100;103;141;209;171;125;148;161;148;8175
520551;1605;145;89;44;26;17;20;34;63;28;51;47;19;2188
520552;282;20;17;10;12;2;6;3;9;2;8;3;7;381
520570;411;15;20;11;2;2;5;14;4;13;10;11;4;522
520580;1106;34;67;44;21;9;12;27;24;25;31;37;32;1469
520590;2485;104;148;93;22;67;36;59;67;54;115;69;79;3398
520620;12981;733;1027;1645;887;646;949;2126;1269;626;610;403;391;24293
520630;441;26;39;19;11;9;15;16;6;5;8;8;10;613
520640;3955;84;88;98;72;59;93;83;82;119;217;121;86;5157
520650;526;16;18;8;3;13;2;6;6;12;14;7;8;639
520660;297;11;9;6;4;10;5;2;7;2;18;11;5;387
520670;286;1;16;4;0;4;4;2;2;2;1;5;0;327
520680;270;12;3;11;1;2;0;1;0;5;13;3;16;337
520690;489;8;9;4;4;4;5;4;6;1;6;1;2;543
520710;256;15;13;7;4;7;2;11;7;4;2;1;1;330
520725;1007;83;58;38;42;29;26;34;42;50;29;42;34;1514
520735;856;18;29;31;7;16;6;7;13;17;28;13;7;1048
520740;3133;90;103;99;98;68;51;74;67;71;81;48;73;4056
520750;468;14;20;12;5;8;7;8;6;26;22;13;8;617
520753;847;26;34;23;15;24;26;23;18;22;10;15;20;1103
520760;613;24;25;24;5;9;6;5;15;20;11;12;9;778
520780;996;71;54;21;6;15;24;25;45;44;47;27;21;1396
520790;895;15;17;13;10;9;11;20;25;18;12;10;17;1072
520800;16412;734;779;1131;1293;841;680;472;668;734;1696;837;657;26934
520810;380;7;31;4;6;4;6;4;6;4;5;3;0;460
520815;570;23;25;11;6;9;10;9;10;12;9;12;11;717
520830;367;7;8;12;21;8;4;6;5;3;3;1;1;446
520840;1722;68;51;49;32;22;38;38;57;72;54;58;44;2305
520850;752;33;23;35;12;18;11;16;9;17;19;26;9;980
520860;14918;942;761;748;1241;797;703;495;649;602;711;667;668;23902
520870;590217;26095;25303;21858;8168;9617;13806;15813;18884;20422;21705;21923;17289;811100
520880;5041;656;307;215;90;144;203;197;205;212;268;197;224;7959
520890;3414;113;348;101;913;149;284;163;307;192;137;114;94;6329
520910;9695;486;498;436;384;297;191;222;208;228;690;435;391;14161
520915;635;26;18;30;11;22;15;10;17;5;6;70;19;884
520920;1518;40;67;62;25;30;46;58;58;46;44;41;30;2065
520929;238;1;4;5;3;2;3;4;0;10;6;0;2;278
520940;377;10;10;17;32;4;8;6;5;6;3;6;6;490
520945;267;3;1;1;0;2;4;2;3;0;1;2;0;286
520960;389;13;23;10;8;0;3;23;8;4;2;11;60;554
520970;6004;242;251;277;155;152;158;174;269;293;276;212;207;8670
520980;401;11;14;6;5;1;3;6;14;11;15;9;11;507
520990;1090;18;33;25;23;41;26;35;30;41;35;28;29;1454
520993;914;47;31;48;38;23;18;16;13;28;21;19;10;1226
520995;2456;118;231;92;108;103;110;62;114;132;105;70;62;3763
521000;10149;789;473;362;225;251;928;384;396;387;498;408;385;15635
521010;5270;296;332;319;85;263;311;239;181;264;140;160;135;7995
521015;308;12;7;4;1;0;12;4;11;0;4;2;1;366
521020;5350;273;439;295;127;90;176;138;180;202;183;201;115;7769
521030;312;29;11;51;8;13;5;10;4;6;3;13;1;466
521040;11077;1106;703;505;362;345;374;454;529;464;502;461;615;17497
521056;610;67;65;30;11;9;2;17;21;16;19;16;11;894
521060;464;18;12;13;3;15;6;18;13;15;12;5;18;612
521080;716;48;31;17;14;18;15;20;27;8;19;15;22;970
521090;3011;247;382;207;72;574;106;122;118;169;78;104;68;5258
521100;1158;60;57;45;16;14;23;16;32;25;32;41;15;1534
521120;3199;141;185;75;12;71;46;64;60;89;77;93;65;4177
521130;1112;64;36;115;26;26;31;38;47;44;27;40;22;1628
521140;1133;72;55;42;19;17;15;28;28;25;24;40;14;1512
521150;28477;1336;1101;1206;829;1014;1041;944;1077;1069;1133;1180;1538;41945
521160;349;14;8;6;9;6;5;7;9;7;5;8;10;443
521170;1799;44;75;41;193;111;42;26;49;36;28;7;8;2459
521180;5104;275;194;143;45;45;64;85;124;138;270;131;116;6734
521190;23204;1345;1769;1082;501;655;908;862;946;1111;1206;1111;1062;35762
521200;360;31;16;4;4;8;2;7;14;12;11;3;4;476
521205;215;5;4;2;2;0;1;3;2;0;1;2;1;238
521210;902;21;27;26;19;32;26;19;48;39;43;36;49;1287
521220;3365;124;104;148;115;67;77;93;88;106;117;117;107;4628
521225;285;4;13;7;3;0;9;2;1;4;7;7;3;345
521230;1580;71;100;112;89;55;84;55;55;58;60;57;57;2433
521250;22492;1028;1007;917;440;465;906;833;895;737;1263;951;709;32643
521260;332;14;18;13;5;3;6;12;2;10;15;5;4;439
521270;394;55;48;16;34;5;22;16;15;25;20;20;18;688
521280;1115;28;27;30;8;17;22;32;27;27;29;21;10;1393
521290;310;15;16;25;12;6;7;9;30;7;10;17;12;476
521295;646;20;28;20;8;10;10;14;16;21;9;24;9;835
521300;1331;49;45;54;82;55;22;48;36;38;34;29;28;1851
521305;478;18;23;15;4;6;12;15;17;13;29;4;2;636
521308;3023;141;273;207;50;61;144;134;219;141;201;96;153;4843
521310;16242;783;738;1042;383;404;619;685;658;916;746;812;660;24688
521340;269;0;9;19;2;1;2;2;3;7;1;3;0;318
521350;467;47;41;6;3;5;10;12;13;6;10;7;4;631
521370;1749;93;88;59;35;30;216;39;49;77;63;56;53;2607
521375;2731;640;112;90;45;108;107;154;75;98;148;92;67;4467
521377;363;8;64;4;5;1;4;3;3;8;4;7;4;478
521380;9738;422;381;1115;984;318;421;336;330;337;1268;367;274;16291
521385;1090;22;42;21;4;12;94;131;80;85;73;85;16;1755
521390;631;128;48;25;4;15;32;41;28;30;10;15;14;1021
521400;3811;159;70;78;38;81;139;139;168;119;126;130;96;5154
521405;952;40;37;33;7;29;19;25;34;39;23;48;32;1318
521410;312;9;3;2;1;2;3;7;9;5;6;1;0;360
521440;1287;32;28;40;16;43;21;57;32;39;34;53;20;1702
521450;6972;358;310;283;165;156;214;523;305;365;538;247;188;10624
521460;5986;285;473;157;128;120;351;349;386;280;214;192;166;9087
521470;367;5;6;4;5;0;6;4;8;1;1;3;2;412
521480;225;3;2;7;1;1;0;6;5;3;3;3;1;260
521483;2542;138;112;131;61;66;81;85;67;108;127;88;69;3675
521486;671;16;32;19;3;11;5;11;14;11;7;10;5;815
521487;258;8;5;2;3;2;3;1;5;5;1;3;2;298
521490;435;8;15;3;1;5;5;7;4;6;8;5;10;512
521500;1601;165;194;228;82;55;19;43;73;58;65;71;80;2734
521520;460;15;34;11;6;3;7;2;10;12;4;12;11;587
521523;6198;207;609;287;103;200;187;184;254;225;253;260;244;9211
521525;562;17;19;16;13;9;0;8;19;24;14;9;14;724
521530;2716;126;133;97;81;66;82;143;137;108;111;105;86;3991
521540;448;17;8;4;4;3;6;4;7;5;16;9;4;535
521550;2519;63;55;42;31;35;41;26;38;44;25;41;26;2986
521560;3206;114;89;77;38;58;68;57;80;94;115;106;87;4189
521565;372;16;4;5;3;14;6;7;4;15;16;3;3;468
521570;7233;259;363;172;140;139;183;347;416;165;240;264;228;10149
521580;338;10;11;7;8;6;3;4;7;5;3;15;6;423
521590;601;29;18;24;24;10;9;10;19;11;13;15;16;799
521600;365;12;8;11;3;15;11;7;9;7;7;10;8;473
521630;1173;261;67;93;27;28;140;60;109;39;95;77;51;2220
521640;2987;307;117;68;42;287;180;115;96;158;127;104;89;4677
521645;1511;59;30;40;10;14;40;36;64;38;19;20;22;1903
521680;919;25;42;27;25;15;18;15;50;19;24;24;21;1224
521690;898;15;11;31;11;12;6;7;21;23;11;16;20;1082
521710;3502;106;177;104;58;74;76;106;98;76;105;77;85;4644
521720;1309;40;50;55;24;44;35;61;58;69;32;42;41;1860
521730;4039;211;196;167;61;71;48;101;114;325;436;461;210;6440
521740;7380;432;350;285;161;124;238;327;175;210;231;246;218;10377
521760;7269;540;508;255;177;126;232;234;176;205;223;376;218;10539
521770;2988;120;167;101;57;43;77;101;101;94;101;76;76;4102
521800;6664;175;236;210;95;135;121;206;244;206;255;210;184;8941
521805;1020;82;38;140;99;33;82;28;33;40;30;31;14;1670
521810;801;46;49;16;17;27;28;55;31;44;30;25;34;1203
521830;4404;185;209;155;97;103;109;126;148;182;154;162;146;6180
521839;376;12;7;9;10;4;7;5;10;7;4;5;10;466
521850;12571;580;703;567;300;197;262;318;294;357;333;412;327;17221
521860;1846;81;85;63;41;28;47;76;52;43;57;72;61;2552
521870;515;27;21;11;21;9;17;7;8;1;5;10;3;655
521878;3667;128;158;34;4;22;25;25;53;75;120;162;214;4687
521880;60922;5527;3125;2538;1758;1761;1785;1851;2439;2985;2853;2774;2279;92597
521890;4081;168;206;88;459;160;166;106;90;103;96;145;139;6007
521900;1554;108;76;68;9;10;42;66;45;71;93;68;80;2290
521910;1024;67;71;46;13;26;29;40;77;70;58;55;30;1606
521920;454;14;25;13;12;26;17;10;20;62;12;19;18;702
521925;1377;27;60;53;14;22;47;30;52;52;14;28;36;1812
521930;6209;669;276;852;654;586;353;209;236;439;273;460;252;11468
521935;398;17;9;10;3;4;9;8;6;3;7;7;10;491
521940;686;21;19;34;11;16;24;18;15;26;22;22;28;942
521945;586;17;22;176;37;32;27;13;13;8;6;15;17;969
521950;296;5;12;5;2;3;5;6;4;13;5;4;1;361
521960;414;23;4;4;3;1;2;4;1;7;4;4;3;474
521970;916;41;28;18;14;12;17;18;12;20;13;22;18;1149
521971;1132;27;127;27;243;117;62;76;41;50;19;8;10;1939
521973;1748;132;116;105;80;69;87;73;94;127;102;106;58;2897
521975;5229;117;156;171;84;73;95;131;161;117;87;105;93;6619
521980;723;72;24;11;14;6;9;18;14;15;11;15;7;939
521990;818;11;12;28;17;19;35;18;26;22;23;37;39;1105
522000;1644;86;80;88;24;22;28;47;44;56;72;27;53;2271
522005;255;16;8;10;15;2;7;14;3;7;7;3;3;350
522010;6149;304;336;263;100;151;148;145;192;218;317;251;240;8814
522015;577;13;14;21;16;7;10;13;10;13;50;8;12;764
522020;3349;143;127;144;54;71;92;93;124;113;141;107;112;4670
522026;741;23;45;25;14;7;15;17;12;17;16;23;13;968
522028;1157;121;237;21;224;74;145;73;24;19;6;33;90;2224
522040;3079;201;285;113;102;90;95;89;107;105;106;86;108;4566
522045;18306;922;1697;630;476;553;615;666;848;788;919;750;696;27866
522050;2188;85;280;48;404;103;89;64;45;36;64;49;37;3492
522060;3470;159;197;117;61;91;106;115;170;185;153;114;110;5048
522068;654;11;14;17;10;8;15;7;10;19;13;11;26;815
522070;252;6;8;6;7;0;13;8;0;5;13;15;4;337
522100;662;26;45;43;7;9;23;30;19;40;51;24;20;999
522108;299;3;4;11;128;8;6;12;7;8;7;20;2;515
522119;1235;34;69;55;23;56;42;69;119;55;37;39;23;1856
522130;467;7;8;7;4;11;8;3;5;4;12;3;11;550
522140;16243;701;785;673;263;357;452;626;604;655;692;578;508;23137
522145;279;5;4;1;4;0;5;3;8;8;6;1;3;327
522150;557;28;26;12;8;7;28;28;19;23;11;11;10;768
522155;2377;94;145;166;246;185;58;97;86;50;55;79;20;3658
522157;308;7;3;2;2;41;4;8;4;3;3;1;1;387
522160;7096;311;435;265;180;386;261;355;336;236;426;327;279;10893
522170;986;42;34;18;6;11;14;25;30;20;23;19;20;1248
522180;843;32;41;23;17;19;17;15;14;13;22;13;39;1108
522185;19336;886;888;594;261;360;442;533;558;542;562;804;668;26434
522190;389;13;8;12;12;6;4;12;10;6;10;11;7;500
522200;2345;87;153;113;56;65;80;76;83;94;101;87;57;3397
522205;2202;137;173;210;392;260;86;112;54;64;57;34;28;3809
522220;822;73;203;240;41;164;545;82;50;153;39;28;38;2478
522230;1127;103;33;36;31;32;30;30;26;21;24;41;26;1560
530010;1251945;32765;48484;67658;13724;17762;20738;26621;31577;30162;29615;28431;23763;1623245
Total;47820882;1933155;2224927;1826579;805496;891134;1092927;1334020;1520685;1610515;1759054;1728453;1373367;65921194

Seleções vigentes
Variável;Critério;Valor
Ano;igual a;2020
