Coluna;Mês Desligamento
Município;Não desligado ano;Janeiro;Fevereiro;Março;Abril;Maio;Junho;Julho;Agosto;Setembro;Outubro;Novembro;Dezembro;Total
110002;3087;128;106;118;122;80;113;151;185;139;109;127;150;4615
110003;5;0;0;0;0;1;0;0;0;0;1;1;0;8
110004;3774;174;114;133;144;140;116;120;211;121;160;169;202;5578
110005;466;15;13;12;7;9;13;17;9;0;8;8;16;593
110006;741;38;19;31;28;26;20;34;39;34;17;18;17;1062
110008;305;11;9;11;10;7;7;11;0;7;5;3;7;393
110009;549;20;6;10;15;9;24;11;8;9;17;30;23;731
110010;1277;32;28;31;74;27;37;20;24;30;27;54;22;1683
110011;1515;72;81;88;83;61;49;49;75;46;55;77;115;2366
110012;5782;257;261;257;296;188;257;216;259;214;249;199;582;9017
110013;4;0;0;1;0;0;0;1;0;0;0;0;0;6
110014;7;0;0;0;1;0;0;0;0;0;0;1;0;9
110015;960;42;33;49;41;44;40;58;79;40;59;104;50;1599
110018;1194;66;66;59;64;62;49;52;73;54;50;75;88;1952
110020;72655;907;955;1565;1185;978;839;1081;1063;848;903;997;1099;85075
110025;553;12;15;7;11;29;4;11;8;7;11;16;13;697
110028;647;58;32;44;40;54;37;57;40;23;44;39;34;1149
110029;301;10;6;1;11;2;3;1;6;3;2;2;2;350
110030;3652;231;180;150;202;142;177;158;247;152;158;161;238;5848
110032;267;14;8;22;3;1;2;2;3;1;3;0;0;326
110033;30;1;0;0;1;1;0;0;0;0;1;1;0;35
110034;44;13;2;4;4;3;0;5;0;0;4;0;1;80
119999;170;0;2;1;2;1;0;0;0;1;0;0;1;178
120005;1;0;0;0;0;0;0;0;0;0;0;0;0;1
120010;443;4;5;2;5;2;0;0;1;3;1;1;2;469
120020;1729;37;47;38;25;28;17;14;18;8;13;34;42;2050
120030;14;0;0;0;0;1;0;0;1;0;0;0;0;16
120033;1;0;0;0;0;0;0;0;0;0;0;0;0;1
120034;1;0;0;0;0;0;0;0;0;0;0;0;0;1
120038;201;2;0;1;2;0;0;3;1;0;2;0;10;222
120040;39140;682;609;748;761;496;462;533;847;433;656;621;834;46822
120045;308;2;1;1;3;3;3;2;3;4;2;2;11;345
120050;348;3;1;4;2;3;4;0;0;2;2;2;2;373
120060;670;1;0;2;0;0;0;0;0;1;1;1;1;677
120070;69;3;1;1;0;0;1;1;2;7;0;4;7;96
129999;30;1;2;1;1;0;0;3;7;2;1;1;2;51
130002;1;0;0;0;0;0;0;0;0;0;0;0;0;1
130006;1;0;0;0;0;0;0;0;0;0;0;0;0;1
130008;1;0;0;0;0;0;0;0;0;0;0;0;0;1
130010;245;2;0;0;0;0;0;1;2;0;0;0;0;250
130020;42;0;0;0;0;0;0;0;1;0;0;1;2;46
130030;30;0;0;1;0;0;0;0;0;0;0;0;1;32
130040;16;0;0;0;0;0;0;0;0;0;0;0;0;16
130050;363;1;1;0;2;0;0;1;0;0;1;0;0;369
130060;716;2;6;2;1;6;9;2;7;0;3;3;2;759
130063;3;0;0;0;0;0;0;0;0;0;0;0;3;6
130068;67;0;0;0;0;0;0;0;0;0;0;0;0;67
130070;466;3;4;7;1;1;0;1;4;1;1;1;1;491
130080;665;0;1;1;2;1;0;3;0;1;3;2;1;680
130083;1;0;0;0;0;0;0;0;0;0;0;0;0;1
130090;14;0;0;0;0;0;0;0;0;0;0;0;0;14
130100;437;5;1;3;0;1;9;0;0;2;1;1;1;461
130110;54;2;0;0;1;4;1;1;0;0;1;1;1;66
130120;1823;44;35;49;85;48;20;211;185;22;7;10;9;2548
130130;404;1;1;0;2;0;0;2;1;0;0;0;0;411
130140;555;0;0;1;0;1;2;0;2;2;1;1;4;569
130150;57;0;0;0;0;0;0;0;1;0;0;0;0;58
130160;286;1;2;2;5;2;0;1;1;2;1;4;1;308
130170;700;5;5;6;5;5;3;6;5;2;4;4;22;772
130180;232;0;0;0;0;0;0;3;0;0;0;0;0;235
130185;264;7;20;11;70;5;8;11;9;6;115;94;40;660
130190;3858;51;75;63;72;60;71;102;84;64;83;58;102;4743
130195;1;0;0;0;0;0;0;0;0;0;0;0;0;1
130200;16;0;0;0;1;0;3;0;0;0;0;0;1;21
130210;16;0;0;0;0;0;1;0;0;0;0;0;0;17
130220;7;0;0;0;0;0;0;0;0;0;0;0;0;7
130230;11;0;0;0;0;0;0;0;0;0;0;0;0;11
130240;308;8;0;2;0;1;1;0;1;2;1;0;3;327
130250;1649;25;14;15;15;11;16;25;30;37;13;27;24;1901
130255;1;0;0;0;0;0;0;0;0;0;0;0;0;1
130260;188311;8535;7851;8141;7304;5899;5660;5772;4409;4942;4533;4621;7402;263380
130270;493;0;1;1;3;1;1;1;0;0;1;2;0;504
130280;13;0;0;0;1;0;0;0;0;0;0;0;0;14
130290;222;19;13;11;8;3;6;10;4;3;4;2;4;309
130300;23;0;0;0;2;0;0;0;0;0;1;0;0;26
130310;524;2;2;3;0;1;3;3;3;1;3;3;0;548
130320;16;0;0;0;0;0;0;0;0;0;0;0;0;16
130330;13;0;0;0;0;0;0;0;0;0;0;0;0;13
130340;1859;9;14;21;13;44;8;14;24;5;9;14;17;2051
130350;80;0;0;0;0;1;0;0;0;0;0;0;0;81
130353;1878;87;73;50;67;47;69;70;72;38;52;48;72;2623
130356;147;0;0;0;0;2;3;0;0;1;1;0;2;156
130360;8;0;0;0;0;0;0;0;0;0;0;0;0;8
130370;154;1;2;0;0;0;0;1;0;0;0;1;0;159
130380;321;1;11;0;1;4;3;3;2;2;3;1;0;352
130390;172;0;0;0;0;0;0;1;0;1;4;0;0;178
130395;1;0;0;1;0;0;0;0;0;0;0;0;0;2
130400;45;0;5;2;1;0;0;0;0;0;2;4;4;63
130406;122;3;6;2;4;3;2;0;7;1;1;7;10;168
130410;12;0;0;0;0;0;0;0;0;0;0;0;0;12
130420;1702;46;63;40;28;31;29;35;178;166;34;57;26;2435
130430;379;2;3;4;1;0;1;0;1;4;10;23;5;433
130440;175;0;0;0;0;0;0;0;1;1;0;0;0;177
139999;3;0;0;0;0;0;0;0;0;0;0;0;0;3
140005;6;0;0;0;0;0;0;0;0;0;0;0;0;6
140010;17633;351;370;545;461;265;274;512;414;275;292;381;1260;23033
140015;15;1;1;0;2;0;0;0;1;0;0;1;0;21
140020;145;0;2;7;6;4;7;7;6;10;4;3;4;205
140030;36;0;2;0;0;0;4;1;5;0;3;4;0;55
140040;5;0;0;0;0;0;0;0;0;0;0;0;0;5
140050;471;0;0;0;0;0;0;0;3;25;40;21;24;584
140060;10;0;0;0;0;0;0;0;0;0;0;0;0;10
150010;2337;43;33;26;30;26;21;13;17;21;26;31;31;2655
150020;222;4;0;2;1;6;0;3;1;1;3;6;11;260
150030;173;4;5;3;0;8;8;4;2;4;36;2;10;259
150040;470;5;3;3;1;7;3;3;3;3;9;3;3;516
150050;6548;185;238;201;201;304;277;220;323;519;276;463;412;10167
150060;2069;96;56;78;56;36;56;61;53;44;34;44;80;2763
150070;13;0;1;1;0;0;1;1;0;0;1;0;0;18
150080;17851;796;793;863;819;708;626;575;613;547;606;571;649;26017
150090;364;2;0;1;0;0;2;0;0;1;0;0;2;372
150100;10;0;0;0;1;0;0;0;0;0;0;2;0;13
150110;10;0;0;0;2;0;0;0;1;0;0;0;0;13
150120;10;0;0;0;0;1;0;0;0;0;0;0;0;11
150130;3018;90;127;88;240;66;61;43;44;46;78;77;79;4057
150140;245566;5701;5354;6661;5804;4775;4905;4279;4865;4420;5236;5047;5282;307895
150150;1363;40;37;61;60;30;31;53;51;103;83;83;55;2050
150170;1425;43;35;39;15;20;33;14;23;11;12;21;25;1716
150175;59;4;11;6;6;2;4;1;6;4;6;2;6;117
150180;2060;29;31;58;66;66;42;110;65;35;50;72;138;2822
150190;119;8;1;6;5;0;1;4;1;0;2;0;7;154
150200;193;1;0;0;0;0;0;1;0;0;0;0;0;195
150210;858;4;4;3;10;6;4;3;3;2;6;11;3;917
150220;2480;117;54;47;67;59;49;59;36;50;23;39;105;3185
150230;760;6;11;5;12;7;4;9;12;8;14;31;20;899
150240;6960;272;237;284;403;215;222;231;245;216;190;233;263;9971
150250;44;0;0;1;0;0;3;1;0;0;2;0;1;52
150260;1;0;0;0;1;0;0;0;0;0;0;0;0;2
150270;1657;30;55;56;67;50;35;47;54;77;45;67;56;2296
150275;19;1;0;0;0;1;1;0;0;0;0;0;1;23
150277;14;0;0;0;0;0;0;0;1;0;0;0;2;17
150280;1;0;0;0;0;0;0;0;0;0;0;0;0;1
150290;46;2;0;0;0;1;2;0;4;2;0;1;0;58
150293;13;1;0;0;2;1;2;0;1;0;0;1;2;23
150300;17;0;0;0;0;0;0;0;0;0;0;2;1;20
150307;312;19;19;15;22;28;2;5;8;3;2;7;19;461
150310;13;0;0;1;0;0;0;1;0;0;6;0;1;22
150320;401;1;10;3;6;4;4;2;2;2;0;0;0;435
150330;596;0;2;0;0;0;1;1;2;1;1;0;0;604
150340;115;2;2;0;0;2;3;0;1;1;0;1;4;131
150350;653;10;9;24;24;28;12;15;14;3;9;11;50;862
150360;1189;57;37;34;40;32;35;30;38;54;33;23;34;1636
150370;34;2;0;8;2;2;0;3;1;2;0;0;2;56
150380;340;18;9;19;17;15;12;15;24;21;18;22;30;560
150390;25;0;4;0;1;0;0;0;0;0;0;0;67;97
150400;5;0;0;0;0;0;0;0;0;0;0;0;0;5
150410;104;0;3;2;2;1;3;2;1;2;15;1;2;138
150420;7454;411;231;392;348;385;356;228;377;189;403;269;434;11477
150430;180;2;1;7;1;0;0;3;1;2;1;1;4;203
150440;244;0;0;9;10;0;2;0;4;2;0;2;14;287
150450;2;0;0;0;0;0;0;0;0;0;0;0;0;2
150460;26;0;0;0;0;1;0;0;2;0;0;0;0;29
150470;712;40;36;38;71;32;35;22;28;33;38;31;20;1136
150480;704;5;2;6;4;3;1;2;3;2;2;3;4;741
150490;61;1;1;1;5;0;0;2;7;0;0;1;3;82
150500;130;4;1;0;0;0;1;0;6;1;1;0;0;144
150510;855;5;8;8;4;15;7;43;147;4;46;8;11;1161
150520;5;0;0;0;0;0;0;0;0;0;0;0;0;5
150530;3821;474;429;206;206;105;105;122;104;52;56;143;109;5932
150540;305;3;0;3;3;2;0;0;0;0;1;1;0;318
150543;3532;98;87;84;65;55;116;121;119;118;104;137;144;4780
150548;148;14;14;3;9;7;16;10;8;4;3;8;19;263
150550;4914;259;364;372;455;340;554;408;364;252;405;561;616;9864
150553;566;6;20;27;23;15;16;17;31;11;20;18;40;810
150560;4;0;0;0;0;0;0;0;0;0;0;0;0;4
150570;235;10;2;0;3;0;0;3;2;0;0;0;0;255
150580;855;21;30;34;14;28;44;30;74;20;20;24;14;1208
150590;50;4;0;1;4;1;0;1;2;0;0;1;1;65
150600;93;2;4;3;14;2;0;2;2;1;2;1;3;129
150610;282;7;1;1;1;0;0;1;1;1;3;1;1;300
150613;1446;64;69;72;100;58;72;62;45;67;41;47;83;2226
150616;449;22;11;6;26;7;4;9;3;12;11;8;18;586
150618;1880;51;63;85;91;54;60;89;94;80;111;126;139;2923
150619;278;2;2;2;142;3;4;2;0;3;2;70;28;538
150620;136;12;4;5;21;2;19;8;3;4;5;21;7;247
150630;14;0;0;0;0;0;0;0;0;0;1;2;0;17
150640;20;1;0;1;1;0;0;0;0;0;0;3;0;26
150650;1647;90;80;84;120;88;41;77;105;47;52;85;72;2588
150658;16;1;0;0;3;0;0;2;0;2;1;1;0;26
150660;356;1;2;3;3;1;1;4;1;2;1;0;1;376
150670;660;27;47;26;52;21;53;31;40;46;48;39;38;1128
150680;7505;299;257;293;356;251;235;244;257;207;240;218;421;10783
150690;1;0;0;0;0;0;0;0;0;0;0;0;0;1
150700;209;17;31;15;13;4;7;14;7;3;2;16;5;343
150710;354;0;0;0;0;0;0;0;0;0;0;0;0;354
150720;615;10;9;13;12;4;18;9;14;14;5;16;21;760
150730;660;37;35;43;42;25;35;24;67;10;27;32;20;1057
150740;225;11;24;17;7;9;11;59;50;9;0;2;2;426
150745;529;3;4;10;4;1;6;2;6;2;2;3;15;587
150750;14;0;1;1;1;1;0;0;0;0;0;0;1;19
150760;584;18;19;28;65;9;21;24;18;18;44;19;34;901
150770;16;0;0;1;0;0;0;1;0;0;0;0;1;19
150780;82;0;33;0;0;0;3;3;2;4;4;0;4;135
150790;464;2;1;3;1;0;1;4;0;0;3;0;3;482
150795;371;3;8;12;2;7;17;12;7;8;17;11;28;503
150800;874;50;30;30;34;18;50;33;52;24;29;54;106;1384
150808;129;10;9;3;7;6;6;5;24;4;2;1;7;213
150810;3094;165;88;108;87;63;88;92;185;93;109;292;304;4768
150820;76;2;6;5;1;5;2;1;3;0;1;2;1;105
150830;145;1;0;0;2;0;2;1;0;0;2;0;0;153
150840;1873;94;202;479;110;406;222;132;165;109;105;145;981;5023
159999;69;51;3;2;7;4;7;8;3;3;6;6;7;176
160010;50;0;0;0;0;0;0;0;0;0;0;0;1;51
160020;35;19;5;8;20;19;44;65;2;18;2;4;4;245
160027;58;8;7;7;62;8;51;2;1;1;1;8;8;222
160030;13589;2801;378;535;537;482;604;534;562;528;758;534;14254;36096
160040;118;2;3;0;4;1;4;2;1;2;2;6;0;145
160050;13;1;0;1;0;1;0;0;0;1;0;0;0;17
160060;2637;69;66;50;46;83;84;63;95;132;102;235;171;3833
179999;35940;838;781;890;891;718;925;908;1171;877;1130;1103;1312;47484
210005;3476;132;165;145;265;137;360;114;138;250;150;154;201;5687
210010;2;0;0;0;0;0;0;0;0;0;0;0;0;2
210020;205;127;30;150;102;62;29;2;1;0;3;4;5;720
210030;325;32;2;6;8;6;14;23;14;5;32;56;22;545
210040;44;0;0;0;0;0;0;0;0;1;1;3;0;49
210050;34;1;1;2;0;2;0;0;0;0;1;0;0;41
210060;45;1;0;0;2;0;0;1;1;1;0;0;3;54
210070;17;0;0;0;0;0;0;0;0;0;0;0;0;17
210080;2;0;0;0;0;0;0;0;0;0;0;0;0;2
210090;372;11;2;0;0;0;0;0;0;0;0;1;0;386
210095;86;1;2;0;0;0;0;0;1;0;0;1;4;95
210100;292;0;0;0;0;0;0;0;0;0;1;0;0;293
210110;15;0;0;0;0;0;1;0;2;0;0;0;2;20
210120;2885;70;45;40;53;40;38;41;42;26;39;42;40;3401
210130;7;0;2;0;0;0;0;0;0;0;0;1;0;10
210140;1229;30;34;29;24;24;29;8;11;15;25;32;24;1514
210150;434;1;2;3;2;1;1;9;1;4;0;0;7;465
210160;1236;7;10;5;4;7;9;6;4;3;4;6;54;1355
210170;598;8;0;0;0;0;0;1;1;0;0;0;0;608
210180;9;0;0;0;0;0;1;0;0;0;0;1;0;11
210190;30;0;0;0;0;0;0;1;0;0;1;0;6;38
210200;140;2;1;1;1;1;5;4;2;0;2;1;0;160
210210;694;8;1;0;1;2;2;1;0;0;1;0;0;710
210220;9;0;1;0;0;2;0;1;0;0;0;0;0;13
210230;34;1;0;1;0;2;0;0;0;0;0;0;1;39
210240;2;0;0;0;0;0;0;0;2;0;0;0;0;4
210250;2;0;0;0;0;0;0;0;0;0;0;0;0;2
210260;50;0;0;0;0;0;0;0;0;0;0;0;1;51
210270;34;0;0;0;0;0;0;1;0;0;1;1;1;38
210280;829;18;12;14;10;5;10;14;3;8;10;10;24;967
210290;56;0;3;2;0;2;0;2;0;2;0;1;4;72
210300;4653;43;91;54;135;45;40;52;47;49;37;56;50;5352
210310;3;0;0;0;0;0;0;0;0;0;0;0;0;3
210320;1867;5;7;9;3;0;7;4;1;0;2;1;6;1912
210330;2713;62;19;31;24;36;11;22;11;13;16;28;32;3018
210340;3145;96;109;75;58;57;44;47;74;64;50;100;439;4358
210360;368;2;5;7;16;6;13;2;4;9;3;0;14;449
210370;360;5;0;4;2;2;1;2;0;3;1;1;1;382
210380;233;1;3;3;5;1;3;2;1;0;3;6;2;263
210390;5;0;0;0;0;0;0;0;0;0;0;0;0;5
210400;23;0;0;2;0;0;0;0;0;1;0;0;0;26
210405;48;1;2;4;1;5;4;4;1;2;2;1;1;76
210410;281;46;54;4;4;5;7;8;6;28;28;75;47;593
210420;101;0;0;0;0;1;0;0;0;0;0;0;1;103
210430;84;2;2;0;1;0;2;0;0;1;1;2;3;98
210440;14;0;0;1;0;0;0;0;0;0;1;0;0;16
210450;8;0;0;2;0;1;0;1;0;0;0;0;0;12
210460;229;0;0;0;1;2;0;0;0;0;0;0;0;232
210470;2;0;0;0;0;0;0;0;0;0;0;0;0;2
210480;685;7;33;8;4;5;4;9;14;23;14;5;16;827
210490;9;0;0;0;0;0;0;0;0;0;0;0;0;9
210500;60;0;0;0;0;0;0;0;0;0;0;0;0;60
210510;1;0;0;0;0;0;0;0;0;0;0;0;0;1
210520;302;0;0;0;1;0;0;3;0;0;0;1;12;319
210530;14226;537;706;624;634;410;443;421;507;591;417;440;644;20600
210540;1024;5;11;6;2;2;3;4;2;4;3;1;8;1075
210550;465;3;8;2;7;0;4;6;3;1;3;13;30;545
210560;4;0;0;0;0;0;0;0;0;0;0;0;0;4
210570;218;0;4;2;0;0;0;7;2;2;3;3;2;243
210580;18;0;1;0;3;0;1;2;0;0;0;0;0;25
210590;3;0;0;0;0;0;0;0;0;0;0;0;0;3
210600;41;0;3;1;0;1;0;0;0;0;2;5;0;53
210610;63;0;1;0;1;0;1;1;3;0;1;0;0;71
210620;1;0;0;0;0;0;0;0;0;0;0;0;0;1
210630;69;0;0;0;0;0;0;0;1;0;0;0;0;70
210640;10;0;0;0;0;0;0;0;0;0;0;0;0;10
210650;11;0;0;0;2;0;0;0;0;1;0;0;0;14
210660;353;0;0;0;1;0;1;0;0;1;0;0;0;356
210670;11;0;1;0;0;1;0;0;1;0;0;0;0;14
210675;1;0;0;0;0;0;0;0;0;0;0;0;0;1
210680;5;0;0;0;0;0;0;0;0;0;0;0;0;5
210690;189;8;8;0;8;5;6;3;2;1;1;1;5;237
210700;46;2;0;0;0;0;0;1;1;1;0;1;0;52
210710;231;0;0;0;0;0;0;0;0;0;0;0;0;231
210720;210;0;0;0;0;0;0;0;0;0;0;0;0;210
210730;4;0;0;0;0;0;0;0;0;0;0;0;0;4
210740;283;0;0;0;1;0;0;0;0;1;0;1;0;286
210750;438;5;14;13;22;13;5;19;23;27;22;5;28;634
210760;1;0;0;0;0;0;0;0;0;0;0;0;0;1
210770;41;0;0;0;0;1;0;0;0;0;0;0;0;42
210780;563;50;1;1;0;0;0;0;0;1;1;0;0;617
210790;21;0;0;0;0;0;0;0;0;0;0;0;0;21
210800;119;0;0;0;0;0;0;0;0;0;0;0;0;119
210810;40;0;0;1;0;1;1;0;0;0;2;0;0;45
210820;1453;62;34;99;78;28;55;62;55;11;18;27;31;2013
210830;59;0;1;3;2;1;3;2;1;2;1;2;0;77
210840;2;0;0;0;0;0;0;0;0;0;0;0;0;2
210850;125;0;0;2;0;3;0;1;0;1;6;1;0;139
210860;1815;28;26;17;20;20;14;7;30;5;12;13;18;2025
210870;77;0;2;3;0;3;1;1;4;1;0;1;2;95
210880;2;0;0;0;0;0;0;0;0;0;0;0;0;2
210890;16;0;0;0;0;1;0;0;0;0;0;0;0;17
210900;300;49;6;9;28;2;11;7;8;16;20;59;15;530
210910;335;5;10;10;8;3;6;5;1;3;1;0;2;389
210920;130;1;0;1;3;1;0;0;1;0;1;1;1;140
210930;60;0;0;13;1;0;1;12;0;1;1;1;0;90
210940;274;0;0;0;0;0;0;0;0;0;0;0;0;274
210950;22;0;0;1;2;1;0;1;1;0;0;2;0;30
210960;796;10;10;15;9;39;22;19;12;14;19;12;23;1000
210990;1974;45;39;49;65;41;36;26;39;21;20;38;72;2465
211000;642;10;45;19;32;22;32;16;37;54;172;36;22;1139
211003;24;0;0;1;4;0;0;0;0;0;0;0;0;29
211010;102;2;4;3;3;14;21;7;8;0;4;1;3;172
211020;36;1;2;0;0;0;0;1;0;0;0;0;0;40
211030;300;1;1;2;4;1;2;3;8;2;1;0;8;333
211040;32;0;0;0;0;0;0;0;0;0;0;0;0;32
211050;84;0;0;7;2;1;2;0;0;0;1;2;1;100
211060;190;0;0;0;0;0;0;0;0;2;8;0;2;202
211070;324;1;0;1;1;1;0;2;0;0;3;1;0;334
211080;2;0;0;0;0;0;0;0;0;0;0;0;0;2
211090;158;6;2;1;0;0;0;1;1;0;0;0;0;169
211100;6;1;2;0;0;1;0;0;0;0;0;0;0;10
211110;557;7;3;7;2;3;0;13;4;1;2;4;0;603
211120;2092;47;55;99;67;47;64;40;67;50;46;92;88;2854
211130;154500;2882;3480;3614;3489;2444;2672;2580;2560;1994;2132;2161;3828;188336
211140;371;0;0;0;0;0;1;0;1;0;2;0;1;376
211150;631;0;0;1;1;2;2;1;0;1;1;1;4;645
211160;128;0;1;4;5;2;6;5;8;2;4;7;6;178
211170;2;0;0;0;0;0;0;0;0;0;0;0;0;2
211180;34;0;0;0;0;0;0;0;0;0;1;0;0;35
211190;3;0;0;0;0;0;0;0;0;0;0;0;0;3
211200;93;2;2;3;2;2;2;0;0;0;2;2;0;110
211210;480;1;0;1;0;0;1;1;1;0;0;1;2;488
211220;2851;30;33;31;31;21;35;38;44;34;29;43;61;3281
211230;129;0;2;6;4;5;6;4;4;5;6;5;1;177
211240;32;0;0;0;0;1;1;0;0;0;0;1;2;37
211250;2368;152;167;14;37;20;8;10;7;6;223;7;150;3169
211260;85;2;1;3;0;0;5;2;8;1;0;0;1;108
211270;582;0;2;0;4;0;10;0;2;3;1;0;3;607
211280;344;5;1;2;0;1;3;0;2;0;1;1;1;361
211290;101;3;2;0;0;1;2;1;0;3;0;1;0;114
211300;131;0;2;0;0;3;2;1;0;0;0;0;1;140
211400;97;0;1;2;2;1;1;1;1;1;0;1;2;110
219999;498;0;3;2;4;0;3;2;0;2;2;0;0;516
220010;8;1;3;0;0;0;0;1;0;0;0;0;0;13
220020;529;4;4;7;5;1;3;3;2;2;1;2;3;566
220030;710;2;0;0;0;0;0;0;0;0;0;0;1;713
220040;1219;8;10;28;7;7;5;9;7;13;1;6;25;1345
220050;629;1;4;5;4;0;3;1;2;0;1;3;0;653
220060;225;0;0;2;1;1;1;1;0;1;2;2;1;237
220070;3;0;0;0;0;0;0;0;0;0;0;0;0;3
220080;3;0;0;0;0;0;0;0;0;0;0;0;0;3
220090;345;1;0;0;0;2;0;1;1;1;0;1;0;352
220100;150;0;0;0;0;0;1;0;0;0;0;0;0;151
220110;14;0;0;0;0;0;0;0;0;0;0;0;0;14
220120;655;2;3;2;1;2;3;1;4;1;4;3;4;685
220130;4;0;0;0;0;0;0;0;0;0;0;0;0;4
220140;211;0;0;0;0;0;0;0;0;0;0;0;0;211
220150;268;0;1;0;0;0;0;0;3;0;0;0;0;272
220160;201;1;0;0;1;0;0;0;0;0;0;0;0;203
220170;25;1;0;0;0;1;1;0;0;0;0;0;0;28
220180;79;0;0;0;0;0;1;0;1;0;0;1;3;85
220190;213;8;0;8;10;2;0;3;1;2;4;2;3;256
220200;196;62;0;2;0;1;0;1;1;0;1;0;1;265
220210;194;0;0;0;0;0;0;0;0;0;0;0;0;194
220220;1796;19;23;15;48;18;22;25;41;11;18;18;23;2077
220230;207;3;1;5;3;0;3;2;1;2;2;3;0;232
220240;89;1;2;6;2;1;0;0;0;0;0;0;3;104
220250;4;0;0;0;0;0;0;0;0;0;0;0;0;4
220260;51;0;0;1;0;0;0;1;3;0;13;2;3;74
220270;667;0;1;0;0;0;0;0;0;0;0;0;1;669
220280;56;0;0;0;0;0;0;0;0;0;0;0;0;56
220290;196;8;2;5;0;4;8;2;4;2;9;3;3;246
220300;2;0;0;0;0;0;0;0;1;0;0;0;0;3
220310;51;12;1;1;1;0;1;1;2;0;0;1;1;72
220320;46;1;0;0;0;0;1;0;0;0;1;0;0;49
220330;237;1;0;0;1;0;1;0;4;0;0;0;2;246
220335;18;0;0;0;0;0;0;0;0;0;0;0;0;18
220340;219;2;0;2;1;0;0;0;0;1;4;0;0;229
220342;2;0;0;0;0;0;0;0;0;0;0;0;0;2
220350;267;0;0;1;1;5;3;5;2;7;0;1;1;293
220360;11;0;0;0;0;0;0;0;1;0;0;0;0;12
220370;447;5;9;5;1;4;5;4;1;3;4;8;4;500
220380;4;0;0;0;0;0;0;0;0;0;0;0;0;4
220390;2107;59;88;123;168;68;37;40;34;31;34;163;76;3028
220400;272;0;0;0;0;0;0;0;0;0;0;0;0;272
220410;59;0;0;0;0;0;0;0;0;0;0;0;0;59
220420;102;1;1;1;1;0;0;0;0;0;0;0;1;107
220430;131;4;5;3;1;2;0;0;22;0;2;48;13;231
220440;34;2;0;0;0;1;0;3;1;0;0;0;0;41
220450;451;7;21;17;5;14;2;3;6;3;1;5;18;553
220460;100;0;0;0;0;0;0;0;0;0;0;0;0;100
220470;141;0;2;2;0;1;0;0;0;0;0;0;5;151
220480;99;0;0;0;0;0;0;0;0;0;0;0;1;100
220490;71;0;1;0;0;0;0;0;0;0;0;0;0;72
220500;6;0;0;0;0;0;0;0;0;0;0;0;0;6
220510;113;1;0;1;0;0;0;0;0;1;0;1;0;117
220520;37;1;1;0;0;0;1;0;2;0;5;0;0;47
220530;171;1;0;0;1;0;0;0;0;0;0;0;0;173
220540;8;0;0;0;0;0;0;0;0;0;0;0;0;8
220550;260;1;1;1;0;1;0;1;4;0;2;3;0;274
220560;197;0;0;0;0;0;0;0;0;0;0;0;0;197
220570;1666;3;7;3;6;3;6;2;4;3;3;2;18;1726
220580;114;0;0;0;1;3;4;17;15;2;2;4;12;174
220590;262;0;0;0;0;0;0;0;0;0;0;0;0;262
220600;50;1;5;0;0;1;0;2;0;0;1;0;1;61
220610;5;0;0;0;0;0;0;0;0;0;0;0;0;5
220620;722;10;48;42;6;8;48;9;9;3;5;1;3;914
220630;28;0;1;0;1;0;0;0;0;0;0;0;0;30
220640;238;0;0;0;0;0;1;0;0;0;0;0;0;239
220650;54;0;0;1;0;0;0;0;0;0;0;0;0;55
220660;8;0;0;0;4;0;0;0;1;0;0;0;0;13
220670;126;0;0;0;0;0;0;0;0;0;0;0;0;126
220680;15;0;0;0;0;0;0;0;0;0;0;0;1;16
220690;243;0;2;1;0;0;0;0;2;0;0;0;0;248
220700;269;8;2;7;9;8;7;12;3;0;6;4;10;345
220720;58;1;0;1;0;0;0;0;0;0;0;1;0;61
220730;12;0;0;0;0;0;0;0;0;0;0;0;0;12
220740;6;0;0;0;0;0;0;0;0;0;0;0;0;6
220750;11;0;0;0;0;0;0;0;0;2;0;0;0;13
220760;4;0;0;0;0;0;0;0;0;0;0;0;0;4
220770;6535;144;116;126;213;87;159;117;221;110;101;116;335;8380
220780;175;2;1;0;6;1;4;2;0;0;1;2;2;196
220790;412;2;1;0;4;0;0;3;0;1;3;0;1;427
220800;4204;72;51;57;67;55;61;36;34;29;36;53;34;4789
220810;112;0;0;0;0;0;0;0;0;0;0;0;0;112
220820;230;1;0;0;1;0;2;0;1;0;0;3;0;238
220830;949;5;4;9;17;12;13;15;10;14;11;11;34;1104
220840;1661;52;72;28;57;23;21;10;16;14;12;28;32;2026
220850;137;1;0;0;0;0;0;1;1;0;0;0;0;140
220860;119;0;0;0;0;1;0;0;0;1;0;0;0;121
220870;46;0;0;2;0;0;0;0;0;0;0;0;0;48
220880;68;0;0;0;1;2;3;1;1;0;0;2;2;80
220890;74;0;12;1;1;3;4;1;4;4;6;4;1;115
220900;82;0;0;0;0;0;0;0;0;1;1;0;3;87
220910;6;0;0;0;0;0;0;0;0;0;0;0;0;6
220920;6;0;0;0;0;0;0;0;0;0;0;0;13;19
220930;17;0;0;0;0;0;0;0;0;0;0;1;0;18
220940;100;0;1;2;0;0;0;0;2;0;0;0;0;105
220950;59;0;0;0;0;0;1;0;0;0;0;0;0;60
220960;317;0;1;4;2;2;4;1;1;2;0;0;1;335
220970;3;0;0;0;0;0;0;0;0;0;0;0;0;3
220980;223;0;0;0;0;0;0;0;0;0;0;0;0;223
220990;3;0;0;0;0;0;0;0;0;0;0;0;0;3
221000;855;1;3;0;4;7;6;10;5;4;7;11;4;917
221010;193;2;0;0;0;0;1;0;0;0;0;0;1;197
221020;8;1;2;1;0;0;0;0;1;0;0;0;0;13
221030;152;0;0;0;0;0;0;0;0;0;0;0;0;152
221040;61;4;3;3;4;1;2;1;6;1;1;3;7;97
221050;15;0;1;0;0;1;0;0;0;0;0;0;0;17
221060;786;4;35;0;2;1;4;1;8;5;13;6;13;878
221070;19;0;3;1;0;0;0;0;0;0;1;0;0;24
221080;55;1;0;0;0;0;2;1;0;2;3;1;0;65
221090;4;0;0;0;0;0;0;0;0;0;0;0;0;4
221100;128125;2287;2803;3227;3353;2069;2482;3164;2992;1442;1468;1833;3205;158450
221110;1163;37;15;21;25;1097;115;18;17;64;133;179;1316;4200
221120;123;1;7;1;1;4;0;0;3;3;1;0;2;146
221130;468;5;3;2;1;0;3;2;4;0;3;1;1;493
221140;16;0;1;0;0;0;0;0;0;0;0;0;0;17
230010;582;3;0;1;1;2;2;0;1;0;1;1;4;598
230015;126;4;0;1;5;3;1;2;0;2;5;1;3;153
230020;226;7;4;6;1;22;10;0;5;9;11;1;19;321
230030;328;5;6;3;1;6;3;1;6;5;19;22;42;447
230040;498;0;0;0;0;0;0;0;0;0;0;0;0;498
230050;690;3;0;0;0;0;1;0;1;1;1;0;3;700
230060;319;4;0;0;3;1;2;2;2;2;2;0;3;340
230070;40;0;4;0;1;0;0;1;2;0;1;0;0;49
230075;823;6;5;6;5;7;4;3;10;1;4;7;5;886
230080;163;0;1;0;0;0;0;0;0;0;0;1;0;165
230090;141;0;0;0;0;0;0;0;0;0;0;0;2;143
230100;5528;102;154;245;148;124;203;223;121;67;100;73;70;7158
230110;2896;114;88;109;104;109;133;134;93;88;62;87;306;4323
230120;700;4;0;6;4;2;5;5;2;0;3;3;12;746
230130;18;0;0;0;0;0;0;0;0;0;0;0;0;18
230140;313;0;1;1;0;0;0;0;0;1;0;0;0;316
230150;352;2;2;1;0;11;0;0;1;0;0;0;64;433
230160;1178;5;6;2;3;2;2;0;1;2;0;4;2;1207
230170;1292;13;3;4;7;2;1;1;1;0;5;1;21;1351
230180;249;0;0;0;0;0;0;0;0;0;0;0;0;249
230185;3;0;0;0;0;0;0;0;0;0;0;0;0;3
230190;1779;67;77;24;24;82;345;84;188;884;47;330;152;4083
230195;6;1;0;0;1;3;0;0;0;0;0;1;1;13
230200;867;3;10;3;2;0;5;7;10;7;8;2;8;932
230205;1;0;0;0;0;0;2;0;0;0;0;0;0;3
230210;1376;18;6;26;21;11;8;10;9;6;8;10;23;1532
230220;1038;2;9;12;19;9;10;6;5;4;3;7;8;1132
230230;557;20;12;11;5;12;19;25;28;20;10;430;292;1441
230240;1129;3;8;9;10;7;5;7;0;10;6;3;1;1198
230250;1219;4;24;7;11;7;10;3;12;17;6;2;22;1344
230260;1928;22;14;4;10;16;105;11;59;14;53;31;60;2327
230270;713;3;2;4;4;12;11;4;1;4;4;16;10;788
230280;1726;17;9;13;6;5;18;11;8;3;6;5;11;1838
230290;428;0;1;0;0;0;0;0;0;0;0;0;0;429
230300;220;2;5;3;4;1;0;1;1;3;4;2;7;253
230310;304;0;0;0;0;1;0;1;0;0;0;0;18;324
230320;710;0;0;1;0;0;1;0;1;0;1;0;0;714
230330;467;0;0;1;0;1;0;0;0;1;1;0;0;471
230340;258;0;0;0;0;0;0;0;0;0;0;0;0;258
230350;2864;130;81;152;145;65;50;88;54;21;53;284;422;4409
230360;336;0;1;0;0;0;0;1;0;1;1;1;0;341
230370;10657;372;368;517;695;638;439;462;415;425;352;437;418;16195
230380;834;2;3;4;3;11;1;0;23;1;5;4;3;894
230390;804;0;1;0;0;0;1;0;0;0;1;0;2;809
230395;11;0;0;0;0;0;0;0;0;0;0;0;0;11
230400;1179;0;1;1;2;0;1;1;1;2;1;0;6;1195
230410;1496;37;45;20;12;17;9;10;45;24;33;28;18;1794
230420;5640;180;204;139;148;106;117;126;209;84;124;151;177;7405
230423;195;0;0;0;0;0;0;0;0;0;0;0;0;195
230425;150;0;0;0;0;0;0;0;0;0;1;0;0;151
230427;1;0;0;0;0;0;0;0;0;0;0;0;0;1
230428;1741;74;109;86;92;54;83;107;127;97;86;34;35;2725
230430;648;0;0;0;0;0;0;1;0;0;0;0;0;649
230435;548;2;3;14;16;1;0;1;0;0;0;5;7;597
230440;359582;13780;12605;13215;14342;9548;11681;10914;11872;8190;9655;10439;15814;501637
230450;277;0;0;0;0;3;1;0;0;0;0;0;5;286
230460;132;9;0;0;0;0;0;0;0;0;0;0;4;145
230465;1;0;0;0;0;0;0;0;0;0;0;0;0;1
230470;734;0;0;0;1;1;0;1;3;1;1;0;1;743
230480;3;0;0;0;0;0;0;0;0;0;0;0;0;3
230490;482;0;1;2;2;0;0;0;0;0;0;0;0;487
230495;595;6;0;1;11;2;1;0;4;1;1;1;2;625
230500;824;1;5;0;2;1;84;1;2;3;5;10;0;938
230510;180;1;0;3;1;1;2;3;1;3;2;1;4;202
230520;23;0;0;3;0;0;0;1;0;1;1;2;1;32
230523;420;10;13;7;16;9;11;41;5;14;12;6;13;577
230526;10;1;0;0;0;0;0;0;0;0;0;0;0;11
230530;96;147;7;2;3;1;0;1;21;25;1;4;0;308
230533;13;0;0;0;0;1;0;0;0;0;0;0;0;14
230535;567;20;6;24;38;13;6;10;5;13;33;43;26;804
230540;1008;12;7;9;17;6;7;6;5;7;7;12;22;1125
230560;1115;6;21;3;1;0;2;3;3;2;0;6;1;1163
230570;324;11;1;0;0;1;0;1;2;1;0;0;9;350
230580;715;3;6;1;3;2;7;2;6;5;9;5;10;774
230590;724;3;1;1;0;1;0;5;1;2;0;1;1;740
230600;635;4;2;1;2;3;2;2;1;1;2;2;2;659
230610;884;11;29;15;39;14;4;5;4;5;8;12;136;1166
230620;235;3;0;0;0;0;8;1;0;1;0;2;1;251
230630;967;10;3;4;2;6;6;2;3;6;30;20;7;1066
230640;2189;17;15;25;14;8;16;79;24;14;6;29;25;2461
230650;398;0;1;0;3;0;0;0;0;0;3;0;0;405
230655;112;66;0;54;1;0;0;1;1;2;1;1;0;239
230660;363;0;0;0;0;1;0;0;0;0;0;0;0;364
230670;768;0;1;0;0;0;8;0;0;0;0;0;1;778
230680;206;0;3;2;0;0;3;0;0;0;0;0;0;214
230690;890;6;7;3;13;1;7;1;7;7;11;7;9;969
230700;897;16;98;15;18;15;7;5;28;3;18;18;12;1150
230710;258;1;5;8;5;0;1;1;0;1;1;0;0;281
230720;27;0;0;0;0;0;0;0;0;0;1;0;0;28
230730;10094;373;395;400;531;284;393;372;412;295;514;339;453;14855
230740;517;3;2;3;2;5;4;1;2;3;4;9;3;558
230750;2184;1;0;1;1;0;1;1;0;3;0;0;3;2195
230760;1089;19;26;30;30;19;23;20;15;14;29;24;17;1355
230763;44;0;1;0;0;0;0;1;18;2;1;0;1;68
230765;11030;344;392;437;500;375;428;418;947;369;365;376;555;16536
230770;13010;219;239;308;287;255;384;363;265;222;322;335;332;16541
230780;816;0;1;0;0;1;0;1;4;2;3;0;0;828
230790;6;0;0;0;0;0;0;0;0;0;0;0;1;7
230800;1254;0;1;1;0;0;1;2;0;1;3;0;0;1263
230810;105;0;0;0;1;0;0;0;1;0;0;3;3;113
230820;575;0;0;0;0;0;0;0;0;0;0;0;0;575
230830;728;8;3;7;2;2;10;1;6;4;2;7;27;807
230835;335;0;0;0;0;1;0;0;0;1;0;0;0;337
230837;164;2;1;7;0;0;1;0;0;0;1;0;1;177
230840;183;5;10;3;0;2;0;1;2;0;6;5;1;218
230850;1480;4;2;3;4;4;4;2;8;1;7;3;4;1526
230860;513;0;0;3;2;1;0;0;0;0;0;0;0;519
230870;2530;15;132;46;34;30;28;17;21;11;15;12;21;2912
230880;434;0;0;0;0;0;0;0;0;0;0;0;0;434
230890;434;0;0;0;0;0;0;0;0;0;0;0;0;434
230900;369;1;0;0;0;0;1;0;0;0;0;0;1;372
230910;152;1;0;1;0;0;0;0;0;0;0;0;0;154
230920;348;0;0;2;1;0;1;0;0;0;4;0;2;358
230930;646;4;1;2;5;0;2;2;1;0;3;3;2;671
230940;982;14;1;14;9;2;4;2;5;0;2;0;38;1073
230945;6;0;0;0;0;0;0;0;0;0;1;1;0;8
230950;848;4;4;6;3;2;3;2;4;2;8;2;14;902
230960;3503;87;64;67;53;50;66;136;65;37;53;59;52;4292
230970;1122;35;40;59;60;27;62;24;45;22;34;47;63;1640
230980;307;2;3;0;0;2;0;0;0;1;0;2;2;319
230990;328;0;0;0;0;0;0;0;0;0;0;0;0;328
231000;224;2;3;0;1;1;3;0;2;0;0;0;9;245
231010;274;2;2;1;3;0;4;2;1;1;1;0;1;292
231020;1055;37;41;11;27;7;9;16;70;21;240;7;8;1549
231025;306;0;4;0;0;0;2;1;4;0;1;3;1;322
231030;568;3;5;2;1;0;0;0;1;5;0;0;0;585
231040;151;0;1;3;1;0;0;0;1;0;0;0;0;157
231050;984;0;12;2;9;3;1;1;7;0;1;0;1;1021
231060;87;0;0;0;0;0;0;0;0;0;0;0;2;89
231070;593;9;11;19;8;4;12;5;6;3;7;4;7;688
231080;451;1;2;1;0;0;0;1;1;0;0;0;1;458
231085;314;0;0;0;1;0;0;0;0;0;0;0;1;316
231090;189;8;2;2;1;1;1;0;0;1;0;0;2;207
231095;1;0;0;0;0;0;0;0;0;0;0;0;0;1
231100;437;0;1;0;1;1;0;4;11;6;0;0;1;462
231110;222;2;0;3;3;8;2;0;0;1;0;3;1;245
231120;339;264;1;6;6;4;4;3;0;3;5;1;0;636
231126;1;0;0;0;0;0;0;0;0;0;0;1;0;2
231130;3062;48;78;63;61;69;45;28;35;26;29;38;72;3654
231135;260;2;4;1;1;0;0;1;0;0;0;0;0;269
231140;1712;10;9;29;12;9;9;9;13;6;9;8;39;1874
231150;671;2;0;0;1;0;0;2;1;0;0;0;0;677
231160;816;9;8;9;8;2;8;12;11;19;9;4;8;923
231170;871;0;0;1;1;3;19;2;3;5;3;2;5;915
231180;1349;19;28;10;30;27;21;14;10;19;12;7;16;1562
231190;9;0;0;0;0;0;0;0;0;0;0;0;0;9
231195;1;0;0;0;0;0;0;0;0;0;0;0;0;1
231200;436;1;1;1;1;11;3;2;0;0;3;3;3;465
231210;336;0;1;1;0;1;0;1;2;1;1;0;1;345
231220;481;9;8;3;3;2;4;3;4;3;0;3;1;524
231230;521;3;1;24;3;1;4;3;5;0;1;5;4;575
231240;723;37;7;24;18;8;27;8;7;18;12;12;296;1197
231250;316;2;1;1;0;0;3;0;0;1;0;1;0;325
231260;549;1;2;3;2;2;4;1;5;1;1;1;0;572
231270;220;4;4;4;9;0;1;4;5;7;3;5;8;274
231280;293;1;0;0;0;0;0;0;0;0;0;0;0;294
231290;9202;284;200;228;351;166;220;238;266;150;285;349;375;12314
231300;597;0;0;1;2;4;1;1;2;0;0;1;0;609
231310;680;10;12;15;15;30;25;12;65;7;10;9;8;898
231320;1033;2;0;1;1;0;1;1;0;1;1;0;1;1042
231330;1560;1;6;6;14;13;10;13;9;1;78;8;0;1719
231335;352;3;0;7;0;1;0;0;1;0;1;1;0;366
231340;1525;20;20;36;61;54;47;37;142;34;39;15;27;2057
231350;677;4;1;4;0;0;1;1;4;2;2;0;0;696
231355;4;0;0;0;0;0;0;0;0;0;0;0;0;4
231360;939;3;0;5;3;5;6;3;0;2;5;4;0;975
231370;410;0;0;0;0;0;0;0;0;0;0;0;1;411
231375;25;0;1;0;1;0;0;0;4;0;0;2;0;33
231380;1458;11;11;29;58;33;20;37;47;22;24;34;60;1844
231390;624;0;0;0;2;1;1;1;0;1;0;1;0;631
231395;5;0;0;0;0;0;0;0;0;0;0;0;0;5
231400;1321;2;2;9;3;6;3;4;5;1;1;21;26;1404
231410;806;1;1;0;2;0;0;0;0;3;0;0;2;815
239999;3419;61;73;55;52;34;56;48;183;72;42;52;56;4203
240010;363;0;2;4;4;8;4;4;2;3;0;1;10;405
240020;3163;193;108;129;161;92;69;132;72;54;98;88;71;4430
240030;257;0;0;1;0;0;0;1;0;0;0;0;1;260
240040;2;0;0;0;0;0;0;0;0;0;0;0;0;2
240050;290;0;0;0;3;1;0;1;0;0;0;0;0;295
240060;5;0;0;0;0;0;0;0;0;0;0;0;0;5
240070;427;15;3;43;12;7;174;79;67;12;17;3;3;862
240080;279;1;1;1;1;0;4;6;5;0;1;1;1;301
240090;1;0;0;0;0;2;0;0;0;0;0;0;0;3
240100;815;1;2;0;4;1;2;2;0;2;3;3;0;835
240110;2110;70;19;92;135;19;58;31;28;16;30;45;82;2735
240120;3114;273;82;30;32;27;24;39;81;81;183;82;122;4170
240130;382;1;1;0;0;1;1;0;0;1;4;1;1;393
240140;3545;36;54;69;61;37;30;25;37;62;54;69;377;4456
240145;18;0;0;0;0;0;0;0;0;0;0;0;0;18
240150;100;0;0;0;0;0;1;0;0;0;0;0;0;101
240160;115;0;0;0;0;0;0;0;0;0;0;0;2;117
240170;225;0;1;2;0;1;0;1;1;0;0;1;0;232
240180;189;1;0;1;1;0;1;0;0;0;0;2;0;195
240190;160;2;2;0;2;2;2;1;1;0;0;0;0;172
240200;2795;34;43;46;81;19;30;33;89;45;233;71;88;3607
240210;173;3;1;1;0;0;3;0;0;0;0;0;0;181
240220;386;12;19;43;8;7;17;11;6;9;14;22;14;568
240230;908;45;12;10;10;8;10;16;9;0;13;5;9;1055
240240;57;1;0;0;6;0;0;0;0;0;0;0;0;64
240250;215;0;0;0;0;0;0;0;0;0;0;0;0;215
240260;4277;639;449;89;56;96;66;111;62;52;79;114;98;6188
240270;237;1;0;1;1;2;2;1;1;0;2;2;1;251
240280;211;0;0;0;1;1;0;0;0;0;0;0;0;213
240290;3;0;0;0;0;0;0;0;0;0;0;0;0;3
240300;200;0;0;0;1;1;0;0;0;0;1;0;0;203
240310;1842;34;58;40;86;73;28;49;34;34;22;18;24;2342
240320;49;0;0;0;1;0;0;0;0;0;0;0;0;50
240325;9638;195;222;286;238;115;201;138;179;149;167;148;167;11843
240330;81;0;0;0;0;0;0;0;0;0;0;0;0;81
240340;110;0;0;0;0;1;0;0;0;0;0;0;0;111
240350;151;0;0;0;0;0;0;0;0;0;0;0;2;153
240360;344;12;18;23;11;16;10;9;12;5;6;15;18;499
240370;235;0;0;0;0;0;0;0;0;0;0;0;0;235
240380;427;1;0;1;0;0;0;0;0;1;0;1;0;431
240390;125;0;0;0;0;0;0;0;0;0;0;0;0;125
240400;22;9;1;1;2;0;1;0;0;0;1;2;14;53
240410;85;0;3;2;0;0;0;3;1;0;1;1;7;103
240420;278;1;3;2;19;3;1;0;2;4;2;4;28;347
240430;283;1;2;8;5;2;2;0;0;0;1;0;6;310
240440;295;9;22;6;2;0;4;10;21;10;14;15;131;539
240450;164;5;0;1;8;7;4;5;1;6;10;2;17;230
240460;186;2;0;2;0;0;1;0;0;0;0;0;0;191
240470;411;14;63;6;10;7;32;68;8;8;29;11;12;679
240480;97;0;0;0;0;0;0;0;0;0;0;0;0;97
240490;173;3;6;3;4;3;6;2;294;4;0;3;1;502
240500;208;0;2;1;2;0;0;0;1;1;0;3;0;218
240510;124;0;0;0;0;0;0;0;0;0;0;0;0;124
240520;296;2;0;0;0;2;1;0;0;2;0;1;0;304
240530;3;0;0;0;0;0;0;0;0;0;0;0;0;3
240540;320;0;0;0;0;0;0;0;0;0;0;0;0;320
240550;118;0;0;0;0;0;0;0;0;0;0;0;0;118
240560;221;1;0;0;1;1;3;1;0;0;2;0;2;232
240570;844;4;11;3;6;5;10;4;4;0;5;3;4;903
240580;879;40;2;1;1;4;0;3;2;2;2;29;5;970
240590;149;15;0;0;0;0;0;1;0;0;1;0;1;167
240600;17;0;1;0;0;0;0;0;0;1;0;0;0;19
240610;299;8;5;1;2;2;4;4;3;27;2;1;2;360
240620;192;0;0;1;0;0;0;0;0;0;0;0;0;193
240630;73;1;0;0;0;0;0;1;0;0;0;0;0;75
240640;130;0;0;0;0;0;0;0;0;0;1;0;0;131
240650;15;0;0;0;0;0;0;0;0;0;0;0;0;15
240660;4;0;0;0;0;0;1;0;0;0;0;0;1;6
240670;372;0;1;2;5;1;0;2;2;0;1;0;1;387
240680;1;0;0;0;0;0;0;0;0;0;0;0;0;1
240690;146;0;0;0;0;0;0;0;0;0;0;0;0;146
240700;206;0;1;0;2;0;0;0;0;0;0;0;1;210
240710;1725;12;6;9;15;5;15;6;6;8;10;12;23;1852
240720;2702;185;166;250;261;31;30;18;69;18;26;25;26;3807
240730;467;15;0;0;0;0;1;1;0;0;0;0;0;484
240740;196;1;1;0;1;0;1;0;1;0;0;0;3;204
240750;308;1;2;14;0;4;5;0;2;1;2;0;0;339
240760;269;1;0;2;0;0;0;0;0;0;0;0;0;272
240770;221;1;0;0;0;0;0;0;0;0;1;0;0;223
240780;158;0;0;0;3;0;0;0;0;2;1;0;0;164
240790;256;0;1;0;1;1;0;0;0;1;0;0;2;262
240800;22357;995;1045;783;887;588;668;789;895;616;1198;859;928;32608
240810;165903;3682;2812;3752;4088;2174;2800;3210;2769;2366;2363;2764;2654;201337
240820;129;3;2;3;4;3;1;3;1;2;1;14;6;172
240830;631;7;6;2;3;4;12;5;5;2;9;7;4;697
240840;248;0;0;0;1;0;0;2;0;7;3;2;8;271
240850;152;0;0;2;0;0;3;3;0;0;0;2;0;162
240860;24;0;0;0;0;0;0;0;0;0;0;0;0;24
240870;177;0;0;0;0;0;0;0;0;0;0;0;3;180
240880;8;0;1;1;0;0;0;0;0;0;0;1;0;11
240890;406;5;5;1;8;3;3;3;3;5;18;8;1;469
240910;130;3;0;1;0;0;0;1;0;0;0;0;1;136
240920;129;0;0;0;0;0;0;0;0;0;0;0;0;129
240930;362;1;1;2;1;2;0;0;5;3;0;0;1;378
240940;928;5;4;10;9;5;3;8;3;4;3;4;27;1013
240950;119;0;0;0;0;0;0;0;0;0;0;0;3;122
240960;116;0;0;0;0;0;0;0;0;0;0;0;0;116
240970;355;33;1;41;1;1;3;2;6;0;2;2;0;447
240980;261;0;0;0;1;0;0;1;0;1;0;0;0;264
240990;575;2;3;3;21;4;5;2;3;7;1;2;16;644
241000;84;0;0;0;0;0;0;0;0;0;0;0;0;84
241010;257;0;0;0;0;0;0;0;0;0;0;1;1;259
241020;147;0;0;0;0;0;0;1;0;0;0;0;1;149
241030;180;1;0;0;0;0;0;0;0;0;1;0;19;201
241040;12;0;0;0;0;0;0;0;0;0;0;0;0;12
241050;101;0;0;0;0;0;0;0;0;0;0;0;0;101
241060;251;0;1;0;0;0;0;4;0;0;0;0;0;256
241070;111;0;0;0;1;0;0;0;0;0;0;0;0;112
241080;215;0;0;0;0;0;0;0;0;0;0;0;0;215
241090;268;3;2;0;0;2;2;1;0;0;1;1;1;281
241100;138;0;0;0;0;0;0;0;0;0;0;0;0;138
241110;180;0;0;0;0;0;0;0;0;1;0;0;13;194
241140;349;0;1;2;1;0;2;2;1;0;0;1;4;363
241142;108;0;0;0;0;0;0;0;0;0;0;0;0;108
241150;484;4;3;3;10;5;1;2;5;0;3;6;3;529
241160;211;0;0;0;0;0;0;0;0;0;0;0;0;211
241170;219;0;0;0;0;0;0;0;0;0;0;0;0;219
241180;141;1;0;1;0;0;0;1;0;0;0;0;0;144
241190;56;0;0;0;0;0;0;0;0;0;0;0;0;56
241200;4616;97;145;140;166;121;121;158;98;78;100;58;57;5955
241210;133;0;0;0;1;0;0;0;0;0;0;1;0;135
241220;547;4;1;27;11;1;8;8;4;8;7;4;28;658
241230;243;1;1;3;0;1;0;1;2;2;0;1;0;255
241240;124;0;1;0;1;0;0;0;0;2;0;0;6;134
241250;169;1;1;4;0;1;0;0;0;1;0;1;2;180
241260;439;0;1;0;0;0;3;1;2;1;0;0;3;450
241270;305;1;0;0;0;0;0;0;0;0;0;1;0;307
241280;235;3;2;0;0;0;2;4;1;1;0;1;0;249
241290;424;3;2;2;1;0;2;2;3;0;1;0;2;442
241300;132;0;0;1;0;0;0;1;1;0;0;0;0;135
241310;160;0;0;0;0;0;0;0;1;0;0;1;0;162
241320;4;0;0;0;0;0;0;0;0;0;0;0;0;4
241330;44;0;1;0;0;0;1;0;0;0;0;0;0;46
241340;47;0;0;3;0;0;0;1;0;0;0;0;0;51
241350;12;0;0;0;0;0;0;0;1;0;0;0;0;13
241360;260;2;0;1;1;1;0;0;0;1;0;0;3;269
241370;7;0;0;0;0;0;0;0;0;0;0;0;0;7
241380;2;0;0;0;0;0;0;0;0;0;0;0;0;2
241390;186;0;1;1;14;6;4;5;3;6;1;9;4;240
241400;147;3;2;0;1;2;2;2;0;1;0;0;0;160
241410;361;2;0;0;1;0;0;1;0;0;0;0;69;434
241420;99;2;3;3;2;2;0;0;4;0;2;10;0;127
241430;53;0;1;0;0;0;0;0;0;0;0;0;0;54
241440;437;0;2;2;1;26;25;2;27;2;9;6;2;541
241450;232;2;1;0;0;1;1;2;0;2;1;3;2;247
241460;280;2;0;1;20;0;0;0;0;0;0;0;26;329
241470;104;0;0;1;0;0;3;0;0;0;0;3;0;111
241480;123;0;0;0;0;0;0;0;0;0;0;0;0;123
241490;11;0;0;0;0;0;0;0;0;0;0;0;0;11
241500;3;0;0;0;0;0;0;0;0;0;0;0;0;3
249999;699;11;2;8;6;2;7;4;5;10;5;11;5;775
250010;2;0;0;0;0;0;0;0;0;0;0;0;0;2
250020;422;1;2;1;0;4;0;0;0;0;3;0;1;434
250030;889;15;9;106;6;4;4;5;4;16;9;6;8;1081
250040;35;0;0;0;4;7;0;2;0;0;1;0;2;51
250050;226;0;1;2;0;0;0;0;0;0;0;0;0;229
250060;366;14;11;9;15;4;4;10;10;12;19;15;7;496
250070;723;0;0;0;0;1;1;0;1;0;0;0;0;726
250080;379;0;0;0;0;1;0;0;1;0;2;1;0;384
250090;346;0;0;0;0;2;0;1;1;0;0;0;0;350
250100;708;1;1;0;1;6;0;1;0;2;0;1;2;723
250110;1830;45;35;56;95;10;3;5;6;1;6;9;10;2111
250120;284;0;0;0;0;0;1;0;0;1;0;1;1;288
250130;1403;1;1;4;1;5;4;2;2;0;7;0;15;1445
250140;205;0;1;1;0;0;1;0;0;1;0;0;9;218
250150;602;0;1;2;3;3;0;0;3;1;0;17;1;633
250160;482;1;1;1;2;2;0;4;0;0;0;0;1;494
250170;117;0;0;1;0;0;0;0;0;0;0;0;0;118
250180;5238;152;175;125;106;114;116;161;116;126;205;188;104;6926
250190;656;1;3;4;1;0;2;4;3;1;5;5;3;688
250200;75;0;0;0;0;0;0;0;0;0;0;0;0;75
250210;204;0;0;0;0;0;0;0;0;0;0;0;0;204
250220;228;0;0;0;0;0;0;0;0;0;0;0;0;228
250230;1;0;0;0;0;0;0;0;0;0;0;0;0;1
250240;810;1;3;0;0;1;0;0;1;0;1;0;3;820
250250;568;23;0;0;4;7;1;1;5;2;1;2;5;619
250260;318;1;1;2;2;3;1;2;0;2;0;0;1;333
250270;373;1;2;2;0;0;0;0;0;2;0;1;0;381
250280;291;0;2;0;0;0;5;1;1;1;2;0;3;306
250290;582;0;0;0;2;0;0;0;0;0;0;0;0;584
250300;2772;163;501;56;89;41;22;27;34;143;51;70;12;3981
250310;303;0;0;1;0;0;0;0;0;0;1;0;0;305
250320;4581;128;104;159;149;93;133;90;121;137;148;175;115;6133
250330;384;0;0;0;0;0;0;0;0;0;0;0;0;384
250340;106;0;0;0;0;0;0;0;0;0;0;0;0;106
250350;9;0;0;0;0;0;0;0;0;0;0;0;0;9
250360;538;0;1;0;2;4;1;0;3;0;4;0;0;553
250370;2017;49;35;43;39;44;39;54;64;35;41;62;122;2644
250380;126;1;1;0;0;0;1;2;0;0;0;0;0;131
250390;248;0;0;0;0;0;0;2;0;0;1;0;1;252
250400;31902;915;1077;960;1187;765;960;814;890;671;1430;888;2144;44603
250410;150;0;0;0;0;0;0;0;0;0;0;0;0;150
250420;51;0;0;0;0;0;2;0;1;0;0;0;0;54
250430;796;4;5;4;14;10;11;1;10;5;11;6;2;879
250440;221;1;2;0;3;2;0;2;1;1;2;0;1;236
250450;33;0;0;0;0;2;0;0;0;0;0;0;0;35
250460;1111;17;17;12;13;10;11;24;13;5;22;33;69;1357
250470;118;0;0;0;0;0;0;0;0;0;0;0;0;118
250480;1369;6;2;2;1;5;0;0;2;1;0;3;2;1393
250490;692;0;8;9;4;0;8;4;33;2;4;0;18;782
250500;157;0;0;0;0;0;0;0;0;0;0;0;0;157
250510;460;2;2;0;2;1;2;1;1;0;0;0;0;471
250520;260;0;0;0;0;0;0;0;0;0;0;0;0;260
250530;117;0;0;0;0;0;0;0;0;0;0;0;0;117
250540;45;0;0;0;0;0;0;0;0;0;0;0;0;45
250550;1;0;0;0;0;0;0;0;0;0;0;0;0;1
250560;36;0;0;0;0;0;0;0;0;0;2;0;0;38
250570;192;0;0;1;0;0;0;0;0;0;1;0;0;194
250580;310;0;0;1;3;1;1;3;0;2;1;3;2;327
250590;182;0;0;0;0;0;0;0;0;0;0;1;0;183
250600;1059;6;14;15;18;20;11;15;16;4;8;13;13;1212
250610;290;0;0;0;1;0;0;1;0;0;0;1;0;293
250620;109;0;0;0;0;0;0;0;0;0;0;0;0;109
250630;3126;50;43;52;72;47;30;26;69;29;33;97;52;3726
250640;462;1;1;2;2;0;0;4;1;0;2;2;1;478
250650;183;0;1;0;1;0;0;0;1;0;0;1;0;187
250660;23;0;0;0;0;0;0;0;0;0;0;0;0;23
250670;166;0;0;0;0;0;0;0;0;0;0;0;0;166
250680;537;3;1;1;0;7;3;1;0;3;0;4;5;565
250690;1613;15;16;15;26;20;26;20;61;12;17;52;17;1910
250700;716;2;2;0;0;0;27;3;2;2;0;1;11;766
250710;496;0;0;0;0;3;0;0;0;1;1;1;2;504
250720;205;2;0;2;1;0;0;0;1;1;1;1;2;216
250730;718;0;0;0;0;0;2;0;0;0;0;0;0;720
250740;291;1;0;0;0;0;0;0;0;0;1;0;11;304
250750;148755;2656;3115;2943;3297;2724;2196;2456;3134;2303;2522;2419;2618;181138
250760;350;0;0;0;0;0;0;0;0;0;1;0;0;351
250770;333;2;2;1;1;5;3;0;0;0;0;1;1;349
250780;38;6;1;0;1;4;4;1;2;2;0;2;0;61
250790;297;3;4;3;6;0;13;21;7;0;4;3;4;365
250800;216;1;2;1;7;2;1;0;2;3;0;0;0;235
250810;357;0;0;0;0;0;0;0;0;0;0;0;1;358
250820;240;0;1;3;1;0;0;1;0;2;0;1;0;249
250830;611;1;0;3;4;4;0;2;1;1;5;6;1;639
250840;348;0;0;0;0;0;0;0;0;0;0;0;0;348
250850;228;0;0;0;0;0;0;0;0;0;0;0;0;228
250860;697;25;33;20;54;26;4;43;6;8;6;5;12;939
250870;30;0;0;0;0;0;0;0;0;0;0;0;0;30
250880;11;0;0;0;0;0;0;0;0;0;0;0;0;11
250890;2289;44;191;42;35;20;34;48;84;53;123;117;140;3220
250900;4;2;0;0;0;0;0;0;1;0;0;0;0;7
250910;668;1;1;2;1;3;3;1;2;0;0;1;2;685
250920;180;1;0;0;0;1;1;0;0;1;1;0;0;185
250930;406;25;5;11;2;2;3;7;13;4;3;17;1;499
250940;229;0;1;4;1;0;0;0;1;0;1;0;1;238
250950;202;1;2;1;1;1;1;2;0;1;3;1;0;216
250960;230;0;0;0;1;1;0;4;0;1;1;0;0;238
250970;837;1;1;0;0;9;1;2;0;0;1;5;3;860
250980;388;0;2;2;2;1;1;3;0;0;3;1;21;424
250990;189;0;1;2;0;0;0;1;0;0;0;0;1;194
251000;319;2;0;2;0;1;1;1;0;0;2;0;0;328
251010;285;0;0;0;1;2;2;1;0;1;0;1;0;293
251020;367;16;37;73;39;9;8;10;5;2;8;46;27;647
251030;260;0;0;0;0;0;0;0;0;0;0;0;0;260
251040;142;0;0;0;0;0;0;0;0;0;0;0;0;142
251050;106;0;3;0;0;0;0;0;0;0;0;0;0;109
251060;143;0;0;0;0;0;0;0;0;0;0;0;0;143
251070;168;0;0;0;0;0;0;0;0;0;0;0;0;168
251080;3047;71;71;84;97;69;162;80;67;41;72;68;145;4074
251090;80;0;0;0;0;0;1;0;0;0;0;1;0;82
251100;237;0;0;0;0;0;0;0;0;0;0;0;1;238
251110;228;1;2;6;3;1;0;0;2;2;1;2;1;249
251120;2976;37;572;55;37;57;198;107;159;101;191;97;341;4928
251130;1477;14;0;11;2;2;1;2;4;0;1;1;2;1517
251140;551;2;4;2;2;10;2;0;9;2;2;4;4;594
251150;260;0;2;2;2;3;2;2;0;0;1;0;0;274
251160;250;0;0;0;0;0;0;0;0;0;0;4;0;254
251170;495;6;1;3;1;0;0;1;0;0;2;1;0;510
251180;333;0;11;18;1;5;0;3;0;2;3;7;42;425
251190;12;0;0;0;0;0;0;0;1;2;0;0;0;15
251200;432;3;9;6;3;7;4;3;0;3;8;13;12;503
251210;997;1;19;15;15;128;20;3;3;10;2;12;30;1255
251220;2;0;0;0;0;0;0;0;0;0;0;0;0;2
251230;377;1;2;7;7;7;0;6;5;11;6;6;5;440
251240;279;3;4;5;4;0;2;2;0;2;2;0;1;304
251250;1343;110;17;39;20;3;12;7;23;6;5;7;12;1604
251270;421;0;0;0;4;2;2;1;1;0;0;1;1;433
251280;475;0;0;0;0;0;0;0;1;0;0;0;0;476
251290;2315;62;243;50;60;54;68;73;91;54;148;69;86;3373
251300;8;2;0;0;0;0;0;0;1;0;0;0;0;11
251310;1084;0;0;0;0;1;1;0;0;0;2;0;0;1088
251320;206;0;1;0;2;0;1;0;0;0;0;0;1;211
251330;466;0;0;0;0;0;0;0;0;0;0;0;0;466
251340;464;1;7;7;4;3;9;2;9;1;1;6;9;523
251350;86;2;10;7;12;0;0;0;1;1;1;2;2;124
251360;415;13;4;0;0;1;0;3;0;0;1;0;5;442
251370;9305;257;1255;478;318;286;251;226;388;181;431;760;1373;15509
251380;124;0;1;2;0;0;2;0;0;1;1;2;0;133
251390;278;0;5;2;6;8;11;4;7;1;7;2;1;332
251400;496;15;5;12;6;4;4;10;6;19;12;82;24;695
251410;85;1;0;0;2;0;0;0;1;0;0;0;1;90
251420;335;0;0;2;0;2;1;0;0;1;1;0;12;354
251430;1;0;0;0;0;0;0;0;0;0;0;0;0;1
251440;2;0;0;0;0;0;0;0;0;0;0;0;0;2
251450;540;0;2;0;2;4;0;0;0;0;0;1;0;549
251460;86;0;0;0;0;0;7;0;0;0;0;1;0;94
251470;132;0;0;0;0;0;0;0;0;0;0;0;0;132
251480;220;0;1;0;0;0;0;0;0;0;0;0;0;221
251490;383;1;2;1;1;3;1;0;0;2;0;1;0;395
251500;71;0;0;1;0;0;0;0;0;0;0;0;0;72
251510;324;0;0;0;0;0;1;0;1;0;0;0;0;326
251520;60;0;0;0;0;0;0;0;0;0;0;0;0;60
251530;2049;18;12;14;14;21;17;11;16;36;33;39;277;2557
251540;325;1;0;0;0;0;0;0;0;0;0;0;0;326
251550;461;3;3;3;5;10;2;1;0;0;9;2;9;508
251560;145;4;0;0;0;0;1;0;0;0;0;0;1;151
251570;140;0;0;0;0;0;0;0;0;1;0;0;0;141
251580;257;0;0;1;0;0;0;0;1;0;1;0;2;262
251590;360;0;0;0;0;0;0;0;0;0;0;0;0;360
251600;867;11;13;9;20;14;4;9;8;6;5;7;7;980
251610;664;0;1;2;1;2;3;0;1;3;4;0;0;681
251620;3382;46;74;30;52;36;46;54;60;55;32;26;71;3964
251630;471;0;0;1;0;0;2;2;2;0;1;1;0;480
251640;483;0;2;0;0;0;2;1;0;0;0;0;0;488
251650;45;0;1;1;1;5;0;2;0;0;0;4;0;59
251660;124;2;0;0;0;1;0;1;1;0;0;0;2;131
251670;449;17;12;28;2;1;42;47;4;15;19;11;17;664
251680;197;0;0;0;0;0;0;0;0;0;0;0;0;197
251690;853;25;1;3;2;7;1;0;0;0;0;2;2;896
251700;29;0;0;0;0;5;1;1;0;0;0;0;0;36
251710;3;0;0;0;0;0;0;0;0;0;0;0;0;3
259999;59;0;0;0;0;0;0;0;0;0;1;0;0;60
260005;1392;44;31;59;64;25;56;34;29;24;95;42;55;1950
260010;1089;5;8;11;9;7;4;10;3;6;10;6;9;1177
260020;41;0;1;2;1;1;0;0;1;0;4;1;0;52
260030;512;24;13;7;14;6;18;10;55;11;9;23;15;717
260040;1768;19;40;34;143;20;7;12;13;7;16;21;19;2119
260050;239;9;29;3;10;2;3;5;5;2;10;3;5;325
260060;389;0;0;0;1;0;2;0;0;1;0;0;1;394
260070;4550;65;100;1299;64;29;25;24;27;20;40;28;15;6286
260080;495;0;0;5;0;0;1;1;1;0;0;0;0;503
260090;496;3;0;1;0;0;0;0;0;1;0;1;1;503
260100;260;3;0;1;2;0;0;3;3;1;0;1;1;275
260110;1657;51;47;48;69;17;39;28;39;24;43;53;47;2162
260120;3604;76;65;91;51;44;87;41;84;45;44;48;60;4340
260130;69;0;0;0;0;1;0;0;1;1;0;2;0;74
260140;3983;23;38;18;23;19;19;8;19;7;11;16;19;4203
260150;285;4;1;3;0;2;6;4;1;0;0;0;2;308
260160;217;1;3;1;9;0;2;6;6;15;7;2;6;275
260170;4435;207;130;125;107;87;73;126;99;52;86;97;92;5716
260180;173;2;0;1;0;0;1;1;0;1;1;4;0;184
260190;1085;9;20;15;17;22;11;12;17;22;11;7;12;1260
260200;27;1;0;0;0;0;1;0;2;0;0;0;0;31
260210;826;3;3;7;2;11;4;15;2;4;8;9;11;905
260220;576;1;5;1;11;1;2;6;2;3;2;14;4;628
260230;1182;2;13;11;22;6;10;18;28;21;32;21;9;1375
260240;67;0;0;1;0;0;1;0;0;0;0;2;0;71
260250;56;0;0;0;0;0;0;0;0;0;0;0;1;57
260260;512;1;2;4;12;9;1;2;0;1;0;4;0;548
260270;360;5;1;3;1;1;0;2;2;1;2;1;5;384
260280;651;1;1;1;1;0;0;1;1;1;1;1;0;660
260290;9201;375;610;886;559;491;284;465;324;401;288;253;278;14415
260300;132;10;1;2;4;5;5;5;3;0;5;3;5;180
260310;176;6;1;3;0;2;5;0;1;0;0;0;4;198
260320;121;1;1;1;1;0;0;1;1;0;0;1;0;128
260330;222;0;0;1;1;0;0;0;0;1;0;1;0;226
260340;17;0;0;0;0;0;0;0;0;0;0;0;0;17
260345;4030;97;106;126;133;99;209;87;104;74;71;97;164;5397
260350;246;1;0;1;6;1;1;0;0;2;3;1;5;267
260360;3429;58;1141;19;13;71;66;20;21;21;29;101;42;5031
260370;289;4;5;6;6;2;4;3;8;0;3;4;5;339
260380;108;1;0;0;0;0;2;1;1;0;0;1;0;114
260390;21;0;0;0;0;0;1;1;0;0;0;0;0;23
260400;2908;66;68;114;102;60;106;112;82;76;98;89;84;3965
260410;15709;493;449;480;420;306;391;345;405;322;383;260;548;20511
260420;3836;51;23;61;40;105;45;16;23;21;36;27;39;4323
260430;297;1;0;0;2;0;0;0;0;0;0;1;0;301
260440;1109;2;12;52;44;20;12;7;7;9;9;12;12;1307
260450;325;3;3;2;0;0;1;2;1;1;2;1;4;345
260460;433;2;1;4;7;11;3;4;1;6;6;1;8;487
260470;121;1;2;0;0;0;0;0;4;1;1;2;0;132
260480;3016;48;87;536;583;25;38;20;22;16;23;34;30;4478
260490;338;1;1;1;0;0;0;0;0;0;0;1;0;342
260500;241;1;2;2;2;1;1;0;0;2;1;1;1;255
260510;283;7;0;1;4;4;2;9;5;7;5;7;5;339
260520;8817;116;908;1783;275;144;230;172;169;198;217;385;403;13817
260530;17;0;0;0;0;0;0;0;0;1;1;2;0;21
260540;423;1;4;0;1;3;0;1;0;1;0;0;0;434
260545;371;2;2;4;2;4;2;2;2;57;7;5;5;465
260550;442;4;1;3;1;0;7;2;5;2;2;2;1;472
260560;248;3;2;1;3;4;3;4;5;2;1;0;40;316
260570;190;0;4;2;0;0;2;1;2;2;2;0;2;207
260580;68;0;0;1;0;0;2;0;0;0;0;0;0;71
260590;635;0;4;0;3;4;3;3;1;1;4;1;4;663
260600;7084;170;144;157;176;176;145;140;169;90;133;121;153;8858
260610;518;4;9;6;5;2;0;2;2;2;0;5;3;558
260620;14141;163;1085;2111;364;2159;402;274;233;416;449;943;453;23193
260630;159;0;0;7;0;0;0;0;1;0;0;0;0;167
260640;2284;65;49;56;95;54;42;52;34;33;51;32;42;2889
260650;109;6;2;1;1;0;0;0;0;0;0;0;2;121
260660;203;2;1;3;0;1;2;6;4;1;4;1;5;233
260670;1;0;0;0;0;0;0;0;0;0;0;0;0;1
260680;9220;429;182;464;1621;229;135;145;121;266;138;145;271;13366
260690;18;0;0;0;1;0;1;1;0;2;0;0;1;24
260700;125;0;0;0;0;0;0;1;0;0;1;1;0;128
260710;84;11;0;0;0;0;0;0;0;0;0;1;0;96
260720;9431;144;190;1622;414;74;51;73;69;44;91;103;73;12379
260730;188;7;4;3;4;4;6;8;6;5;3;7;6;251
260740;14;0;0;0;1;0;0;0;0;0;0;0;8;23
260750;225;1;3;6;2;2;2;0;4;5;6;6;2;264
260760;869;54;65;62;48;60;43;33;31;28;48;31;65;1437
260765;1243;28;12;8;19;9;11;7;11;22;41;22;35;1468
260770;535;1;0;1;0;0;0;0;3;0;2;0;0;542
260775;965;56;3;9;10;14;24;75;19;4;13;14;34;1240
260780;384;4;4;2;5;0;1;2;0;1;2;1;2;408
260790;41584;1910;1333;2362;1560;1192;1324;1261;1075;914;1067;1514;997;58093
260800;441;0;0;0;0;1;0;0;1;0;0;1;0;444
260810;447;3;6;1;0;2;3;1;1;0;3;2;0;469
260820;3076;26;1760;180;1454;131;39;8;50;17;31;64;29;6865
260830;250;0;0;0;0;1;0;2;1;0;0;1;0;255
260840;8;0;0;0;1;0;0;0;0;2;0;0;0;11
260850;5334;80;335;92;56;145;81;82;91;85;44;44;54;6523
260860;9;0;0;0;0;0;0;0;0;0;0;0;0;9
260870;262;2;0;0;1;0;0;0;0;0;1;0;0;266
260880;622;6;20;8;12;3;6;7;8;3;2;8;6;711
260890;2497;32;47;31;35;34;23;25;63;12;14;29;39;2881
260900;1305;15;66;42;11;11;10;17;6;5;8;8;44;1548
260910;259;2;1;1;0;1;1;0;3;0;0;0;0;268
260920;2906;34;45;146;46;37;26;12;22;17;29;18;10;3348
260930;328;0;0;0;0;0;0;0;1;0;0;0;3;332
260940;3267;49;26;78;47;41;59;49;63;62;39;32;30;3842
260950;5590;158;2363;38;73;56;161;50;58;154;145;212;70;9128
260960;27604;846;921;1145;1283;1141;846;1006;792;780;1004;1097;1393;39858
260970;455;2;2;1;0;2;2;0;1;11;2;6;37;521
260980;534;15;31;33;310;100;78;0;2;2;18;6;17;1146
260990;694;10;10;8;17;9;8;5;42;4;7;11;43;868
261000;3457;58;64;234;55;65;79;44;87;32;38;33;95;4341
261010;333;3;1;1;2;3;1;1;0;2;0;3;2;352
261020;456;0;1;0;1;0;1;0;0;0;1;0;0;460
261030;10;0;0;0;0;0;0;0;0;0;0;0;0;10
261040;130;7;4;7;4;8;4;0;2;0;1;17;1;185
261050;476;7;2;2;1;3;0;0;3;3;2;4;3;506
261060;2637;50;77;148;146;75;62;133;74;58;73;102;146;3781
261070;20192;364;412;372;355;333;350;383;401;409;397;409;389;24766
261080;298;0;0;0;0;0;0;0;1;2;1;0;2;304
261090;2840;134;59;56;54;51;57;60;57;34;36;96;70;3604
261100;826;29;10;64;35;8;23;10;7;9;8;11;38;1078
261110;14738;396;383;509;613;514;353;347;483;365;566;508;624;20399
261120;100;0;1;0;0;0;0;0;2;0;1;0;0;104
261130;1605;30;70;55;41;21;22;23;21;21;37;28;20;1994
261140;146;4;32;29;1;0;0;1;0;0;1;1;1;216
261150;749;26;14;41;19;34;8;2;0;6;3;7;8;917
261160;424238;10443;11091;11951;12546;9245;10954;9772;9924;8483;9872;9811;10693;549023
261170;501;4;1;0;6;3;9;9;10;9;7;3;3;565
261180;2667;100;81;401;85;293;41;45;209;54;223;66;52;4317
261190;8108;99;205;644;39;583;46;34;80;307;133;133;94;10505
261200;100;1;9;0;3;2;0;4;1;0;0;1;3;124
261210;143;0;0;0;2;0;0;0;0;0;0;0;0;145
261220;2203;51;50;277;71;46;103;32;32;24;30;33;52;3004
261230;14;0;2;0;0;0;0;0;0;0;0;0;1;17
261240;998;3;1;3;1;0;0;0;0;0;4;1;29;1040
261250;693;19;27;15;16;9;14;12;27;10;16;10;7;875
261260;3199;314;146;104;96;72;84;77;89;80;102;137;177;4677
261270;178;3;0;0;0;0;0;0;0;0;0;0;0;181
261290;221;2;0;0;0;0;1;1;0;0;0;0;0;225
261300;1065;7;21;4;3;20;15;15;4;5;7;13;15;1194
261310;822;8;4;17;12;7;5;8;4;2;10;5;8;912
261320;286;0;0;1;1;0;0;1;0;0;1;0;0;290
261330;277;0;1;0;0;2;2;22;9;11;10;11;16;361
261340;307;4;3;5;13;3;4;4;3;3;1;4;3;357
261350;338;2;3;4;1;0;0;0;1;0;0;1;2;352
261360;736;3;1;3;4;12;9;9;6;8;13;9;31;844
261370;7314;212;179;145;852;126;243;166;148;101;162;97;106;9851
261380;324;0;4;1;5;3;11;2;3;5;0;2;4;364
261390;3058;67;69;50;265;41;41;32;93;16;45;40;236;4053
261400;111;0;0;0;0;0;0;0;0;0;0;0;0;111
261410;989;12;7;4;11;63;9;18;8;9;29;26;9;1194
261420;5748;48;37;2246;195;106;21;38;44;29;93;60;30;8695
261430;431;1;1;2;0;0;0;0;1;1;0;0;1;438
261440;142;0;0;0;0;0;0;0;0;0;0;0;0;142
261450;2012;25;8;11;26;19;22;11;19;10;11;15;13;2202
261460;607;3;0;0;2;1;1;1;2;0;2;4;2;625
261470;340;4;8;13;15;8;5;23;2;3;4;5;3;433
261480;151;2;1;7;5;1;3;0;0;0;1;1;0;172
261500;315;13;18;5;8;2;1;4;7;1;1;1;4;380
261510;92;0;0;0;0;0;0;0;1;0;0;0;0;93
261520;13;0;0;0;0;0;0;0;0;0;0;0;2;15
261530;6685;252;232;214;525;86;78;109;148;113;140;114;115;8811
261540;242;1;3;1;1;0;1;2;3;1;2;0;3;260
261550;492;3;4;8;1;8;5;1;5;1;5;2;3;538
261560;380;4;6;8;28;6;4;14;15;7;21;6;7;506
261570;574;2;1;0;1;1;0;2;0;1;1;4;1;588
261580;365;0;1;0;0;0;1;0;0;0;0;0;0;367
261590;335;1;1;2;1;1;0;0;2;1;1;1;1;347
261600;342;0;1;2;1;2;0;2;4;0;5;1;0;360
261610;134;0;0;0;0;0;0;0;0;0;0;0;0;134
261620;259;0;0;0;0;0;0;2;1;0;0;5;4;271
261630;4712;54;597;263;212;14;43;63;44;138;380;34;21;6575
261640;7777;151;178;183;165;361;213;206;260;106;103;134;108;9945
269999;311;1;4;7;1;1;4;0;0;1;2;1;1;334
270010;465;5;12;3;1;0;0;0;2;8;0;0;0;496
270020;591;2;0;0;1;1;1;0;0;1;1;1;2;601
270030;9273;292;280;335;665;743;994;183;438;370;270;351;499;14693
270040;3033;66;76;168;88;115;118;62;25;33;35;62;52;3933
270050;480;0;7;2;12;7;6;2;10;4;6;6;7;549
270060;106;2;6;7;10;3;5;6;4;7;3;5;2;166
270070;359;28;6;3;2;2;2;2;5;2;8;4;55;478
270080;133;0;1;0;0;0;3;0;0;0;0;0;0;137
270090;145;1;0;0;1;1;1;3;0;8;0;2;0;162
270100;3518;167;137;141;791;455;118;60;115;65;135;107;56;5865
270110;185;0;0;0;1;2;1;1;0;0;1;0;1;192
270120;395;1;0;2;3;4;1;1;0;0;1;1;1;410
270130;940;31;32;59;156;31;18;33;74;23;16;18;14;1445
270140;2926;37;45;97;40;102;23;28;22;14;24;29;27;3414
270150;210;1;7;3;4;4;6;2;1;0;0;0;4;242
270160;204;2;1;3;3;2;8;4;5;0;3;1;3;239
270170;1308;30;28;76;55;20;22;15;15;8;24;4;14;1619
270180;250;0;1;0;1;0;0;0;1;0;0;0;1;254
270190;2;0;0;0;0;0;0;0;0;0;0;0;0;2
270200;287;0;0;1;0;0;0;0;0;0;0;0;0;288
270210;2389;38;47;70;43;64;67;52;25;36;39;75;61;3006
270220;6;2;0;0;0;0;1;0;0;0;0;0;0;9
270230;7809;329;355;527;564;141;258;220;166;111;212;126;306;11124
270235;3;0;0;0;1;0;0;0;0;0;0;0;0;4
270240;1721;130;15;9;49;20;19;11;4;7;33;22;18;2058
270250;212;0;2;1;0;0;1;0;0;0;0;1;0;217
270260;623;2;3;0;0;2;4;2;1;1;1;1;0;640
270270;136;0;0;0;0;0;1;0;0;0;0;0;0;137
270280;830;49;22;11;9;6;31;7;8;7;7;4;11;1002
270290;812;3;6;9;12;6;6;9;10;4;6;9;11;903
270300;59;0;0;0;0;0;0;0;0;0;0;0;0;59
270310;16;0;0;0;0;0;0;0;0;0;0;0;0;16
270320;1295;14;109;64;11;8;13;7;10;9;15;15;12;1582
270330;141;0;0;0;0;0;0;0;0;0;0;0;0;141
270340;121;1;2;0;1;0;0;1;0;0;0;1;0;127
270350;160;0;0;2;1;0;1;1;0;1;6;7;6;185
270360;1560;34;25;26;77;12;43;22;67;8;26;17;20;1937
270370;146;0;0;1;0;1;0;0;0;0;3;0;0;151
270380;1311;41;28;49;94;95;53;32;30;34;14;13;19;1813
270390;391;1;2;1;0;1;2;0;0;0;0;1;0;399
270400;2336;61;216;50;34;17;11;19;13;26;35;12;33;2863
270410;50;85;13;1;97;67;3;3;0;0;3;122;27;471
270420;24;0;0;0;1;0;0;0;0;0;1;0;0;26
270430;153803;3059;3565;4367;3996;2896;3115;3221;2860;2641;2910;2975;3561;192969
270440;43;1;2;3;3;1;0;2;1;1;1;0;2;60
270450;501;10;17;14;10;10;3;17;26;8;5;7;7;635
270460;226;7;4;1;1;2;4;0;1;1;0;2;0;249
270470;3225;41;30;51;29;20;18;112;45;21;16;36;18;3662
270480;580;1;2;0;1;2;3;1;0;0;0;2;0;592
270490;116;0;0;0;0;0;0;0;0;0;0;0;0;116
270500;884;0;0;2;0;0;0;0;0;0;0;1;21;908
270510;1367;25;17;25;43;89;23;13;13;11;17;18;27;1688
270520;782;53;77;229;12;16;8;4;8;16;32;41;32;1310
270530;157;1;1;2;0;0;0;0;3;0;2;1;0;167
270540;99;0;0;4;9;1;1;0;0;0;0;0;0;114
270550;1604;36;138;29;42;17;59;11;23;21;12;15;4;2011
270560;315;1;0;2;1;1;1;1;0;0;0;1;1;324
270570;576;3;9;20;8;12;9;10;3;4;4;6;23;687
270580;3;0;0;0;0;0;0;0;1;0;0;0;0;4
270590;62;0;3;2;0;10;1;0;0;1;2;2;2;85
270600;139;1;1;0;0;0;0;0;0;0;0;0;0;141
270610;499;0;0;1;0;1;1;2;0;0;1;0;0;505
270620;192;0;0;0;0;0;0;0;0;0;0;0;0;192
270630;2331;34;30;40;46;33;81;21;25;20;27;22;31;2741
270640;573;0;1;2;1;4;7;1;0;1;2;1;2;595
270650;121;3;2;2;4;4;11;21;7;3;4;4;2;188
270660;205;0;0;0;0;1;0;0;0;0;0;0;0;206
270670;2515;32;27;32;28;30;40;23;29;21;27;39;53;2896
270680;483;1;1;2;3;1;1;0;1;0;0;0;0;493
270690;1498;141;38;23;15;18;37;16;53;48;31;96;208;2222
270700;2;0;0;0;0;0;0;0;0;0;0;0;0;2
270710;257;1;23;2;1;10;5;35;70;49;114;16;165;748
270720;277;4;0;0;1;1;0;0;0;0;0;0;0;283
270730;2008;6;18;5;3;13;14;16;6;12;3;8;7;2119
270740;30;0;0;0;0;0;0;0;0;0;0;0;0;30
270750;18;0;1;1;0;0;0;0;1;0;0;1;1;23
270760;137;1;1;0;1;0;2;0;2;0;1;1;1;147
270770;4053;108;205;116;78;51;37;60;61;34;65;70;66;5004
270780;352;15;18;4;47;8;2;3;0;2;6;3;3;463
270790;318;13;10;7;2;0;1;11;5;4;6;4;6;387
270800;1139;5;11;14;14;11;29;13;10;70;18;33;82;1449
270810;160;0;0;1;0;0;0;0;0;1;0;1;0;163
270820;76;0;0;0;0;0;0;0;0;1;0;0;0;77
270830;3943;108;92;76;103;89;34;50;47;45;52;53;96;4788
270840;454;0;0;0;0;0;0;0;0;0;0;0;0;454
270850;3553;60;60;54;227;32;80;31;53;45;62;62;58;4377
270860;9304;269;354;783;603;242;141;76;117;133;112;208;166;12508
270870;272;1;0;0;2;0;0;0;0;0;0;0;0;275
270880;404;1;4;2;2;4;2;2;2;2;1;3;1;430
270890;674;21;12;8;20;12;12;5;5;7;6;8;7;797
270895;3;0;0;0;0;0;0;0;0;0;0;2;1;6
270900;252;1;1;1;0;0;18;0;0;0;0;0;0;273
270910;421;4;2;2;4;2;1;2;3;1;1;5;4;452
270920;504;2;2;0;4;0;0;0;1;2;3;1;1;520
270930;3959;86;116;120;199;184;457;476;87;42;58;40;55;5879
270940;798;14;7;15;14;5;11;9;7;8;5;6;12;911
280010;19;0;0;0;0;0;0;0;0;0;0;0;0;19
280020;386;2;8;13;5;36;18;6;9;2;3;2;20;510
280030;119277;2149;2881;3031;3488;2314;2381;3061;2878;2018;2294;2360;2709;150841
280040;262;1;4;1;4;3;1;2;2;0;2;0;4;286
280050;254;1;5;7;3;29;5;3;3;1;1;1;1;314
280060;639;27;34;24;22;12;32;27;24;52;13;58;22;986
280067;424;6;3;14;13;4;6;21;9;7;10;6;3;526
280070;4;0;0;0;0;0;0;0;0;0;1;0;1;6
280100;538;3;1;4;0;1;1;3;2;2;2;3;15;575
280110;13;0;1;0;0;0;0;2;0;0;1;0;0;17
280120;6371;321;310;362;110;226;614;419;461;424;343;603;368;10932
280130;504;49;32;34;21;22;13;94;125;17;19;105;15;1050
280140;217;2;3;0;1;1;1;1;1;0;1;0;7;235
280150;865;32;165;97;34;37;42;34;37;22;29;43;13;1450
280160;141;0;0;0;1;0;0;0;0;0;0;0;0;142
280170;153;0;0;0;1;1;0;2;1;0;1;0;1;160
280190;176;0;0;0;0;0;0;0;0;0;0;0;0;176
280200;110;0;0;33;0;0;1;1;1;0;1;2;0;149
280210;4741;148;116;170;155;65;66;72;107;91;67;111;118;6027
280220;33;0;0;0;3;0;1;1;0;0;0;0;0;38
280230;272;2;4;2;5;3;3;8;2;0;6;29;1;337
280240;9;0;0;0;0;0;0;0;0;0;0;0;0;9
280250;56;0;0;0;1;0;0;0;1;1;0;1;0;60
280260;10;0;0;0;0;0;0;0;0;0;0;0;0;10
280270;263;0;2;1;0;0;0;0;1;0;0;0;0;267
280280;258;0;0;0;0;1;0;1;0;0;2;0;0;262
280290;2068;53;83;91;96;38;49;65;74;43;49;64;66;2839
280300;791;2;8;17;51;12;10;21;18;6;4;1;14;955
280310;120;3;0;0;0;0;1;0;0;0;0;0;0;124
280320;1067;24;23;44;24;20;32;37;51;39;17;14;19;1411
280330;684;0;2;6;2;4;0;3;1;0;4;1;2;709
280340;41;0;0;1;0;0;0;0;2;0;1;0;0;45
280350;2539;34;48;64;35;28;51;51;52;34;46;42;70;3094
280360;3682;230;56;79;78;199;410;47;74;42;35;36;152;5120
280370;188;0;0;0;0;0;0;0;0;0;1;0;0;189
280380;9;0;0;0;0;0;0;0;0;1;0;0;0;10
280390;297;0;1;0;1;2;0;0;0;6;3;15;0;325
280400;640;17;53;14;11;3;18;20;6;14;19;25;26;866
280410;136;0;0;2;0;2;0;1;0;0;0;1;0;142
280420;99;2;0;0;0;0;0;0;0;0;0;0;0;101
280430;15;0;0;1;1;1;3;0;0;2;1;1;0;25
280440;1530;53;7;25;12;7;13;10;12;8;19;3;4;1703
280445;20;0;0;0;0;0;0;0;0;0;0;0;1;21
280450;431;3;0;4;2;2;2;2;0;1;3;4;3;457
280460;323;4;1;2;7;4;0;1;5;1;2;2;2;354
280470;159;0;0;2;1;1;1;2;0;0;1;0;0;167
280480;6181;99;184;207;230;147;211;155;210;155;229;163;150;8321
280490;657;15;88;41;6;11;10;6;12;6;5;9;13;879
280500;7;0;0;0;0;0;0;0;0;0;0;0;0;7
280510;164;0;0;1;1;2;2;1;0;0;1;0;0;172
280520;7;0;0;0;0;0;0;0;1;0;0;0;0;8
280530;100;0;0;0;0;0;0;0;0;0;1;0;0;101
280540;29;1;1;0;0;1;1;1;0;1;1;0;2;38
280550;114;1;1;2;0;2;0;0;1;1;0;0;1;123
280560;542;0;2;0;1;0;2;0;1;0;0;0;0;548
280570;1291;25;32;43;24;27;33;42;23;24;43;28;23;1658
280580;371;3;4;1;0;0;0;2;1;2;1;3;2;390
280590;757;27;24;19;10;12;17;11;15;16;25;14;11;958
280600;465;1;3;1;1;1;3;2;3;4;1;1;1;487
280610;1154;872;8;16;4;12;16;44;17;59;13;34;10;2259
280620;81;1;3;2;0;2;1;1;20;4;5;4;1;125
280630;205;3;1;2;3;2;2;1;1;1;3;10;2;236
280650;163;0;0;0;0;0;0;0;0;0;0;0;0;163
280660;525;8;38;64;78;27;63;13;16;18;11;20;13;894
280670;3255;49;50;69;105;36;53;68;102;41;57;88;88;4061
280680;268;1;0;0;0;0;0;0;1;0;0;1;0;271
280690;7;0;0;0;0;0;0;0;0;0;0;0;0;7
280700;5;0;1;1;0;0;0;0;0;0;0;0;0;7
280710;938;19;27;15;14;6;9;18;18;12;9;26;15;1126
280720;264;1;2;1;3;1;2;1;0;0;4;5;5;289
280730;120;14;4;20;16;7;2;3;1;0;0;0;0;187
280740;701;5;6;13;7;9;9;7;12;5;4;9;7;794
280750;30;0;1;1;1;3;2;0;0;0;1;2;0;41
280760;261;1;4;7;2;2;3;2;1;3;4;1;4;295
290010;3;0;0;0;0;0;0;0;0;0;0;0;0;3
290020;140;1;3;4;1;2;1;5;1;3;6;3;1;171
290030;235;7;5;0;1;1;0;0;1;0;1;2;0;253
290040;12;0;0;0;0;1;1;0;0;0;0;0;0;14
290050;35;0;0;0;0;0;0;0;0;0;0;0;0;35
290060;18;0;0;2;1;1;0;0;0;0;0;0;0;22
290070;6785;186;177;455;332;122;164;228;140;193;168;253;321;9524
290080;1488;84;61;90;153;48;43;59;98;38;122;60;48;2392
290090;217;2;1;1;0;0;0;0;0;1;0;1;0;223
290100;1031;11;15;18;9;8;17;12;18;11;3;11;20;1184
290110;2974;159;106;347;715;14;27;22;32;29;40;54;93;4612
290115;6;0;0;0;0;0;0;0;0;0;0;0;0;6
290120;275;0;0;2;4;1;1;0;1;0;0;0;1;285
290130;38;1;0;1;2;1;0;1;2;1;0;0;0;47
290135;534;3;8;26;4;4;9;9;3;5;29;255;44;933
290140;19;1;1;1;1;1;0;0;1;0;0;0;0;25
290150;15;0;0;0;0;0;0;0;0;0;2;0;0;17
290160;207;0;1;0;0;1;1;0;1;2;1;0;3;217
290170;177;0;1;0;1;0;0;0;3;0;0;0;1;183
290180;39;1;0;1;1;3;0;1;0;0;0;0;0;46
290190;182;0;0;0;0;0;0;0;1;0;0;1;1;185
290195;6;0;0;0;0;0;1;0;0;0;0;0;0;7
290200;142;0;0;0;2;0;0;0;1;0;0;0;0;145
290205;71;0;0;0;0;0;0;1;0;0;0;0;0;72
290210;169;5;6;7;2;3;3;3;3;2;7;9;4;223
290220;182;1;1;1;1;0;0;1;3;0;0;1;0;191
290225;261;1;3;5;3;3;1;5;5;1;4;0;6;298
290230;19;0;0;2;0;0;5;0;0;0;0;0;0;26
290240;73;4;2;3;7;3;0;9;2;4;7;5;6;125
290250;10;0;2;0;0;1;0;0;2;0;1;0;0;16
290260;308;9;1;3;2;1;2;0;0;1;2;1;3;333
290270;210;5;2;4;6;1;3;0;6;1;1;4;2;245
290280;200;2;0;0;0;0;0;0;0;0;0;1;0;203
290290;562;4;4;10;8;3;2;4;10;3;6;4;6;626
290300;166;1;1;1;2;2;0;0;1;2;1;0;0;177
290310;343;1;0;0;4;0;0;0;1;1;0;1;5;356
290320;5445;157;199;298;351;287;326;289;287;192;221;260;249;8561
290330;297;0;4;1;0;0;1;2;2;0;1;1;4;313
290350;259;5;1;1;0;1;0;0;2;0;2;0;1;272
290360;309;9;2;3;4;1;1;0;0;2;0;1;3;335
290370;34;0;1;1;0;0;9;1;0;0;0;1;0;47
290380;72;4;3;3;1;1;3;0;0;2;1;4;0;94
290390;1507;47;149;24;76;115;62;24;25;19;23;48;12;2131
290400;13;0;0;0;0;0;0;0;0;0;0;0;0;13
290410;371;1;3;0;1;1;2;1;2;2;1;1;4;390
290420;30;0;0;0;0;1;0;0;0;0;0;0;0;31
290430;228;2;2;24;2;1;3;3;5;3;3;5;4;285
290440;8;1;0;0;0;0;0;0;0;0;0;0;0;9
290450;7;0;1;0;0;0;0;0;0;0;1;1;0;10
290460;2934;48;117;122;66;69;46;57;95;30;57;67;61;3769
290470;593;3;10;2;8;8;3;7;7;7;3;6;2;659
290475;5;0;0;0;0;0;0;0;0;0;0;0;0;5
290480;109;3;1;1;0;1;1;1;4;2;1;2;0;126
290485;273;0;1;1;3;1;1;0;1;0;1;0;1;283
290490;1619;10;16;18;314;27;45;19;33;160;20;12;36;2329
290500;601;0;0;2;1;5;1;0;0;0;2;0;0;612
290510;167;1;0;3;2;0;0;1;3;0;1;4;0;182
290515;125;0;0;0;0;0;0;0;0;0;0;0;0;125
290520;1089;16;6;4;7;10;42;9;10;7;7;6;23;1236
290530;38;0;0;2;1;1;0;0;1;0;3;0;0;46
290540;68;1;3;1;3;1;1;2;0;3;3;3;4;93
290550;6;1;1;0;0;0;1;1;0;1;0;0;0;11
290560;1626;18;33;20;17;15;19;20;30;9;18;20;33;1878
290570;29039;2962;2750;2876;3423;2610;1869;1750;1498;1585;1543;1052;1137;54094
290580;2472;28;113;84;51;24;89;74;27;25;14;80;21;3102
290590;1;0;0;0;0;0;0;0;0;0;0;0;0;1
290600;1397;37;37;31;46;24;24;46;38;22;71;259;60;2092
290610;8;1;0;0;1;0;0;2;0;0;0;0;0;12
290620;32;0;1;0;11;0;0;0;1;1;0;2;0;48
290630;698;11;5;2;12;8;3;2;6;4;9;4;5;769
290640;17;0;0;0;0;0;0;0;0;2;1;0;0;20
290650;8145;518;306;302;570;938;444;374;262;137;317;255;233;12801
290660;183;1;1;5;0;0;0;2;1;0;1;0;0;194
290670;428;1;3;1;2;2;5;5;3;1;1;2;1;455
290680;396;3;1;2;1;10;0;3;0;0;2;0;0;418
290682;13;0;0;0;0;0;0;0;0;0;0;0;0;13
290685;265;1;0;2;0;0;0;0;1;1;2;0;0;272
290687;134;4;9;1;2;0;1;1;3;4;8;2;4;173
290700;158;0;0;0;1;0;0;0;1;0;1;1;0;162
290710;40;1;1;0;0;0;1;0;2;0;0;1;0;46
290720;214;42;434;9;16;9;11;23;23;9;9;7;16;822
290730;727;12;20;9;14;8;11;15;2;6;5;10;14;853
290740;7;0;0;0;0;0;0;0;0;0;0;0;0;7
290750;2513;70;135;124;105;66;98;132;139;153;69;80;90;3774
290760;61;0;1;0;2;0;2;0;1;0;3;0;1;71
290770;5;0;0;0;0;0;0;0;0;0;0;0;0;5
290780;819;2;3;30;67;39;67;108;142;79;67;204;187;1814
290790;117;4;0;0;0;0;0;0;0;0;0;2;1;124
290800;768;9;8;11;6;10;6;5;34;13;9;19;26;924
290810;152;1;1;1;0;0;1;1;1;1;1;2;1;163
290820;577;13;8;7;13;4;4;3;62;4;13;4;17;729
290830;728;15;4;27;44;21;6;11;26;37;67;8;11;1005
290840;1977;12;24;19;30;129;10;5;14;9;17;20;39;2305
290850;1114;22;33;49;20;17;19;115;29;11;40;70;11;1550
290860;1350;0;2;1;4;0;3;3;10;2;107;34;50;1566
290870;328;4;0;3;3;2;0;1;2;2;1;1;2;349
290880;39;0;0;0;0;0;0;0;0;0;0;1;1;41
290890;134;0;3;0;2;0;1;0;1;1;1;1;2;146
290900;6;0;0;0;0;0;0;0;0;0;0;0;0;6
290910;86;0;0;2;0;0;0;0;0;0;1;0;0;89
290920;38;0;2;0;0;0;0;0;0;0;0;0;0;40
290930;160;4;5;2;11;13;15;0;3;3;3;7;2;228
290940;118;10;4;1;3;4;2;2;3;0;1;1;1;150
290950;252;0;0;0;0;0;0;0;0;0;0;0;0;252
290960;130;0;0;0;0;3;2;0;0;2;1;1;0;139
290970;26;0;0;1;1;0;1;1;0;0;0;1;0;31
290980;5315;195;101;247;343;102;233;292;93;646;726;935;448;9676
290990;248;14;7;5;15;4;5;5;3;12;5;7;0;330
291000;65;0;0;1;0;0;1;2;1;1;0;4;0;75
291005;5043;592;370;435;356;550;560;299;390;930;415;350;316;10606
291010;223;0;1;1;0;0;1;3;0;0;0;1;3;233
291020;86;0;0;0;0;0;0;0;0;0;0;0;0;86
291030;20;0;1;1;2;0;1;1;0;1;0;0;0;27
291040;69;5;8;9;5;0;2;0;7;0;3;7;1;116
291050;914;41;26;30;40;54;38;16;23;12;29;15;23;1261
291060;1115;37;18;6;4;16;7;4;10;9;7;5;4;1242
291070;1186;15;20;10;8;9;26;8;13;6;5;12;17;1335
291075;252;0;0;0;0;0;0;1;0;0;0;0;0;253
291077;2;0;0;0;0;0;0;0;0;0;0;0;1;3
291080;35022;1230;1710;1533;1464;938;1174;1148;1259;875;870;933;1010;49166
291085;9;0;0;0;1;0;0;0;0;1;0;0;0;11
291090;114;1;0;1;0;0;0;0;0;0;0;0;0;116
291100;663;17;11;4;12;3;6;6;12;2;8;5;10;759
291110;80;3;2;1;4;4;4;9;1;1;1;1;2;113
291120;834;32;21;32;29;28;29;12;9;21;12;27;25;1111
291125;1;0;0;0;0;0;0;0;0;0;0;0;0;1
291130;10;0;4;0;0;0;0;0;0;0;0;0;0;14
291140;141;0;0;0;0;0;0;0;0;0;0;0;3;144
291150;24;0;0;1;0;0;0;4;5;0;1;2;4;41
291160;521;0;4;6;6;4;82;4;4;1;3;8;3;646
291165;1;0;0;0;0;0;0;0;0;0;0;0;0;1
291170;2135;53;53;68;53;31;37;72;113;17;41;39;101;2813
291180;71;5;2;2;6;3;1;3;1;2;3;2;2;103
291185;67;0;0;0;0;0;0;0;0;0;0;0;0;67
291190;288;5;11;13;15;9;3;4;3;2;5;2;17;377
291200;282;1;0;0;1;1;0;1;0;0;0;0;0;286
291210;1268;21;22;35;18;13;14;23;18;2;29;6;22;1491
291220;208;2;1;2;1;3;1;3;1;1;3;7;0;233
291230;387;1;0;1;3;1;0;1;2;2;0;0;13;411
291240;38;0;0;1;1;0;0;0;0;0;1;0;0;41
291250;6;0;0;0;0;0;0;0;0;0;0;0;0;6
291260;62;0;1;0;0;0;0;0;0;0;1;0;2;66
291270;114;5;0;4;3;1;1;1;2;0;2;6;2;141
291280;339;2;3;2;5;0;8;0;2;3;0;2;3;369
291290;172;0;6;5;3;1;6;7;2;3;3;3;4;215
291300;57;1;0;3;1;0;0;0;0;3;0;11;1;77
291310;26;0;0;0;0;0;1;0;4;0;0;1;0;32
291320;144;2;2;8;1;2;1;1;4;0;3;4;1;173
291330;15;0;0;0;1;0;0;0;0;0;0;0;0;16
291340;32;0;1;0;6;0;0;0;1;0;0;0;16;56
291345;178;0;0;2;0;1;0;0;0;0;0;0;0;181
291350;85;0;0;0;2;3;2;1;1;1;2;2;1;100
291360;16957;323;315;442;504;304;342;301;382;196;306;302;393;21067
291370;748;8;10;13;12;5;32;26;21;18;7;7;6;913
291380;334;0;0;0;0;0;0;0;0;0;0;0;0;334
291390;2089;52;46;41;66;36;47;42;33;21;32;53;36;2594
291400;1184;11;5;3;6;10;11;5;6;34;10;9;4;1298
291410;31;0;0;0;0;0;0;0;1;0;0;0;0;32
291420;135;0;0;0;0;0;0;0;0;0;0;0;0;135
291430;84;1;2;0;0;0;0;1;0;2;0;0;0;90
291440;24;0;1;2;0;2;0;1;1;0;0;0;0;31
291450;585;13;7;5;28;10;2;13;7;4;6;9;91;780
291460;2482;46;46;38;39;39;25;55;47;23;40;49;65;2994
291465;78;1;3;5;14;0;2;2;7;2;1;3;9;127
291470;1942;9;30;31;21;15;9;19;23;30;23;22;19;2193
291480;17713;528;670;671;811;502;557;712;799;447;577;535;810;25332
291490;476;1;0;4;6;1;5;5;2;5;2;1;1;509
291500;20;0;1;0;0;0;0;0;0;1;0;0;0;22
291510;341;99;4;2;1;3;3;1;4;1;1;2;11;473
291520;392;4;2;16;7;3;1;8;7;2;5;1;3;451
291530;99;9;5;2;4;3;6;8;2;3;2;0;3;146
291540;268;2;1;6;1;1;4;4;3;1;1;6;5;303
291550;246;13;2;13;11;3;5;10;3;3;4;1;6;320
291560;3117;100;96;165;98;119;85;127;115;72;79;87;169;4429
291570;23;0;0;0;2;2;0;2;0;0;0;0;0;29
291580;772;4;7;8;11;8;5;10;8;7;9;5;147;1001
291590;89;0;0;0;0;0;0;1;0;0;0;0;0;90
291600;617;2;2;3;2;1;1;1;2;1;1;2;0;635
291610;956;21;12;55;34;14;27;40;58;7;17;11;8;1260
291620;476;0;10;2;4;2;2;3;5;1;1;1;11;518
291630;111;10;6;9;6;3;2;6;2;3;8;4;5;175
291640;2976;68;61;67;52;43;48;44;74;28;27;36;50;3574
291650;141;0;0;5;0;2;3;0;5;1;0;0;0;157
291660;281;0;0;1;1;1;0;1;0;0;0;1;2;288
291670;251;7;4;1;2;0;0;2;1;1;0;0;2;271
291680;459;4;4;4;3;2;8;2;3;0;6;1;7;503
291685;35;4;1;1;6;0;1;0;1;0;2;0;0;51
291690;100;1;1;0;1;0;0;1;0;0;1;3;0;108
291700;499;0;0;0;4;1;0;0;1;0;2;2;2;511
291710;965;13;2;6;14;13;2;6;19;4;5;4;4;1057
291720;289;1;0;1;0;0;0;3;0;0;0;0;1;295
291730;772;10;18;24;25;8;22;30;43;13;14;17;37;1033
291740;118;0;0;1;0;0;0;0;2;1;2;0;0;124
291750;3683;109;125;141;81;182;160;62;78;64;67;45;98;4895
291760;444;6;11;6;21;3;9;5;5;2;11;15;13;551
291770;1539;9;24;39;29;14;24;18;13;14;21;12;26;1782
291780;279;2;13;3;4;5;4;1;3;10;19;6;10;359
291790;23;1;0;0;2;6;2;5;8;0;1;1;2;51
291800;7161;145;207;202;211;155;161;156;132;89;136;120;220;9095
291810;739;0;5;2;1;4;4;7;3;2;46;3;2;818
291820;273;0;1;0;0;0;1;0;0;0;0;0;16;291
291830;97;2;3;1;3;0;3;1;5;3;4;2;6;130
291835;20;1;0;0;1;0;0;0;1;1;2;0;1;27
291840;13141;645;569;590;621;636;753;610;654;533;1976;727;728;22183
291845;172;0;0;2;0;0;0;1;2;0;0;0;12;189
291850;18;0;1;0;2;2;0;0;0;1;0;1;0;25
291855;65;0;1;2;7;2;4;6;3;2;2;4;6;104
291860;86;0;0;0;0;0;0;0;0;0;0;0;0;86
291870;113;0;0;5;2;0;0;1;0;0;0;0;0;121
291875;3;0;1;0;0;0;0;0;0;0;0;0;0;4
291880;61;2;1;0;1;2;3;2;4;0;1;0;2;79
291890;115;2;1;1;0;0;1;1;2;1;3;0;0;127
291900;15;0;1;0;0;1;0;0;1;0;0;0;0;18
291905;31;0;0;0;0;0;0;0;0;0;0;0;1;32
291910;11;0;0;0;0;0;0;0;0;0;0;0;0;11
291915;5;0;0;0;0;0;0;0;0;0;0;0;1;6
291920;8375;421;496;1098;908;496;436;471;439;333;252;280;583;14588
291930;245;1;1;1;48;5;5;3;4;2;2;1;0;318
291940;640;2;1;4;0;2;2;3;11;2;11;5;2;685
291950;346;5;3;5;3;1;3;6;0;4;4;2;3;385
291960;56;0;0;0;0;0;0;0;0;0;0;0;1;57
291970;423;0;0;1;1;0;2;0;0;1;1;1;3;433
291980;206;3;1;2;2;0;0;0;1;0;2;1;10;228
291990;7;0;0;0;0;0;0;1;0;0;0;10;0;18
291992;18;3;1;0;3;0;4;0;1;0;2;0;2;34
291995;1;0;0;0;0;0;0;0;0;0;0;0;0;1
292000;174;1;1;0;3;1;0;0;0;1;0;0;0;181
292010;120;0;4;2;7;0;7;1;1;1;2;2;2;149
292020;24;0;0;0;0;0;0;0;1;0;0;0;1;26
292030;114;0;0;0;0;0;0;0;0;0;0;0;0;114
292040;513;2;2;0;4;1;2;2;2;1;3;27;1;560
292045;1;0;0;0;0;0;0;0;0;0;0;0;0;1
292050;350;3;0;3;3;1;3;4;8;3;2;2;2;384
292060;338;3;1;8;8;1;2;4;2;0;1;1;5;374
292070;271;5;2;8;12;4;3;5;4;4;14;16;13;361
292080;14;0;0;0;0;0;0;1;0;0;0;0;0;15
292090;370;12;1;1;1;2;24;1;1;0;2;1;3;419
292100;1449;47;59;161;47;52;30;36;27;65;57;26;51;2107
292110;1084;12;7;14;15;10;4;10;96;14;12;10;8;1296
292120;572;5;3;4;3;5;3;3;5;0;3;3;8;617
292130;148;6;5;4;6;6;1;3;7;2;5;5;27;225
292140;72;0;2;2;1;0;1;0;0;1;1;0;2;82
292145;148;1;2;1;0;2;0;1;2;0;0;0;0;157
292150;536;0;2;0;1;0;0;0;0;0;0;0;0;539
292160;5;0;0;0;0;0;0;0;0;0;0;0;0;5
292170;389;11;2;2;0;2;1;2;1;9;1;1;1;422
292180;147;0;1;0;0;0;0;0;1;0;0;0;0;149
292190;80;0;2;4;2;0;0;1;2;1;2;4;1;99
292200;4177;1351;422;658;1064;456;575;397;646;309;600;758;977;12390
292210;395;4;1;6;6;10;1;5;1;5;4;0;3;441
292220;153;0;0;1;1;0;0;0;1;0;0;1;1;158
292225;2160;88;109;107;169;88;92;99;137;76;66;65;120;3376
292230;768;8;7;14;22;5;8;13;23;10;24;233;20;1155
292240;402;5;5;6;4;6;4;4;4;1;3;1;5;450
292250;1461;6;17;16;25;11;15;19;13;24;28;17;40;1692
292260;21;1;1;6;2;0;0;0;1;3;0;0;2;37
292265;2;0;0;0;0;0;0;0;0;0;0;0;0;2
292270;358;4;7;5;8;2;1;6;13;1;7;2;7;421
292273;602;1;0;6;3;2;0;3;18;22;5;9;3;674
292280;8;0;0;0;0;0;0;0;0;0;1;0;0;9
292290;447;0;4;5;6;4;11;7;5;4;7;4;4;508
292300;1354;47;43;87;37;36;19;23;42;57;33;22;63;1863
292305;192;0;1;4;4;0;0;0;0;0;1;0;1;203
292310;365;1;2;0;2;2;0;1;0;1;1;2;0;377
292320;88;0;1;2;1;2;5;1;1;1;1;2;5;110
292330;7;0;0;0;0;0;0;0;1;0;1;0;0;9
292335;17;1;0;0;0;1;0;0;1;1;3;1;0;25
292340;51;0;0;2;3;1;0;1;2;0;0;2;0;62
292350;39;4;0;0;1;0;0;1;1;0;0;1;0;47
292360;430;20;11;5;2;2;4;5;15;6;25;41;12;578
292370;51;2;0;0;0;1;0;0;1;0;1;1;0;57
292380;104;3;2;3;0;0;2;5;1;1;2;1;0;124
292390;173;23;15;17;11;11;10;9;4;1;5;9;8;296
292400;6929;162;196;457;242;176;168;168;213;140;147;178;762;9938
292405;171;1;0;0;1;0;0;0;2;0;0;1;0;176
292410;150;0;0;0;0;0;0;0;0;0;0;0;0;150
292420;12;0;0;0;0;0;0;0;0;0;1;0;0;13
292430;20;0;0;0;0;0;0;0;1;0;0;0;0;21
292440;105;0;0;0;1;0;2;0;1;1;1;0;0;111
292450;165;3;0;5;0;0;0;1;19;61;29;4;1;288
292460;143;0;1;3;0;0;0;0;1;1;1;1;0;151
292465;3;0;0;0;0;0;0;0;0;0;0;0;0;3
292467;2;0;0;0;0;0;0;0;0;0;0;0;0;2
292470;7;0;0;0;0;0;0;0;0;0;0;0;0;7
292480;37;0;0;1;0;0;1;0;1;1;0;1;1;43
292490;13;0;0;1;0;0;0;0;3;0;1;0;1;19
292500;630;2;4;2;7;2;3;3;0;1;2;9;28;693
292510;770;8;7;10;9;6;4;9;9;4;6;25;13;880
292520;4180;96;92;188;184;133;141;96;177;122;474;177;120;6180
292525;6;0;0;0;0;0;0;0;0;0;0;0;0;6
292530;2108;100;123;153;193;108;96;156;184;59;125;126;186;3717
292540;346;6;0;1;2;0;1;1;1;1;0;0;9;368
292550;1133;32;23;53;40;15;19;35;38;15;22;31;75;1531
292560;17;0;0;0;0;0;0;0;0;0;0;1;0;18
292570;3;0;0;0;0;0;0;0;0;0;0;0;0;3
292575;327;0;1;0;1;0;0;0;1;1;0;0;6;337
292580;493;8;3;7;3;2;8;5;4;0;0;2;1;536
292590;387;1;1;3;0;0;0;0;0;0;0;0;0;392
292595;72;0;0;0;4;0;1;0;3;0;3;1;4;88
292600;313;2;5;3;2;0;4;2;4;4;5;2;4;350
292610;355;4;1;1;3;1;6;3;3;1;6;5;0;389
292620;267;2;3;3;3;6;9;4;6;2;28;6;7;346
292630;802;21;7;10;48;17;4;11;11;6;14;20;18;989
292640;114;2;1;5;3;4;3;5;0;24;8;1;2;172
292650;4;0;0;0;0;0;0;0;0;0;0;1;0;5
292660;281;4;8;11;9;5;11;6;1;2;16;2;12;368
292670;186;0;0;1;0;0;0;0;0;0;0;0;0;187
292680;327;0;0;0;0;0;0;0;0;0;0;0;0;327
292690;71;0;0;0;0;0;1;0;0;0;0;0;1;73
292700;860;19;10;8;23;15;8;8;33;2;62;17;17;1082
292710;483;4;56;37;0;3;13;3;0;1;5;10;15;630
292720;757;9;11;7;10;4;8;128;6;12;2;4;8;966
292730;193;4;3;2;1;2;2;2;1;1;3;1;1;216
292740;433678;10705;11016;12643;13914;10286;10278;12017;12736;10470;10927;10204;10489;569363
292750;363;2;3;1;0;2;1;6;2;0;1;0;0;381
292760;314;2;8;2;5;1;0;0;2;1;1;0;1;337
292770;261;8;10;15;19;7;11;4;13;9;1;5;9;372
292780;20;1;1;0;0;0;0;0;0;0;0;0;1;23
292790;181;0;2;2;1;0;2;2;0;0;2;1;0;193
292800;407;8;4;5;19;4;5;0;3;10;4;17;6;492
292805;56;2;5;0;1;1;1;1;0;0;1;0;1;69
292810;319;5;9;5;6;6;4;9;9;3;2;3;5;385
292820;260;6;0;3;1;2;5;0;3;1;0;4;0;285
292830;15;0;0;0;0;0;0;0;0;0;0;0;0;15
292840;88;0;1;0;0;0;0;0;0;0;1;0;0;90
292850;301;5;0;1;2;2;0;1;10;0;0;1;1;324
292860;3994;124;179;208;100;90;61;111;35;51;87;77;468;5585
292870;4146;59;90;93;127;73;83;120;124;68;67;79;491;5620
292880;615;5;1;4;1;9;8;2;3;3;10;4;6;671
292890;440;23;20;35;50;31;40;23;21;18;24;20;21;766
292895;10;0;2;0;0;0;0;0;1;0;0;0;0;13
292900;638;4;10;5;9;1;3;22;5;2;8;5;0;712
292905;48;1;1;0;0;0;0;1;2;2;0;0;3;58
292910;509;1;1;4;1;2;5;0;0;0;4;1;3;531
292920;4914;218;211;198;95;147;250;120;174;103;69;96;86;6681
292925;11;0;0;0;0;0;0;0;0;0;0;0;1;12
292930;1288;14;17;53;18;25;38;12;18;18;94;16;39;1650
292935;1;0;0;0;0;0;0;0;0;0;0;0;1;2
292940;23;0;0;0;0;1;0;0;0;1;1;0;0;26
292950;1771;66;93;165;165;169;241;219;47;122;84;100;110;3352
292960;478;1;3;7;3;7;3;6;3;4;3;5;4;527
292970;12;0;0;0;0;1;0;2;0;0;0;0;0;15
292975;91;1;0;0;1;0;0;0;1;0;0;0;0;94
292980;112;1;0;0;3;1;1;1;0;0;2;0;1;122
292990;750;21;11;20;26;23;18;18;21;11;17;17;25;978
293000;1;0;0;0;0;0;0;0;0;0;0;0;0;1
293010;2251;46;64;86;57;17;52;50;91;34;65;35;142;2990
293015;220;1;6;13;3;2;0;7;0;1;3;0;3;259
293020;105;1;2;1;2;4;8;1;4;11;0;24;39;202
293030;58;7;1;1;1;9;1;2;1;3;4;4;6;98
293040;157;0;0;0;0;1;0;0;0;0;0;0;0;158
293050;2013;18;28;47;46;37;20;21;32;29;42;50;95;2478
293060;149;3;0;0;4;0;0;1;0;0;1;0;0;158
293070;19058;442;524;444;549;420;331;518;549;554;495;648;436;24968
293075;5;0;0;0;0;0;1;0;0;0;0;0;0;6
293077;113;2;4;4;1;4;15;71;7;41;8;15;42;327
293080;8;0;0;0;0;0;0;0;0;0;0;0;0;8
293090;7;0;0;0;0;0;0;0;0;0;0;0;0;7
293100;142;3;1;0;2;2;1;2;0;2;0;1;0;156
293105;16;0;0;0;0;0;0;0;0;0;0;0;0;16
293110;284;0;0;1;1;0;0;0;1;1;0;0;1;289
293120;396;1;2;13;16;11;39;14;0;3;2;3;4;504
293130;33;0;0;0;0;0;0;0;0;5;5;1;0;44
293135;4794;173;101;192;217;174;154;211;176;114;202;123;181;6812
293140;243;3;2;0;4;0;4;5;22;0;1;0;0;284
293150;1099;50;20;20;3;25;14;15;57;17;22;10;11;1363
293160;26;2;0;0;0;0;0;0;0;2;1;1;0;32
293170;381;4;1;0;2;2;0;0;0;0;0;0;1;391
293180;97;0;0;1;1;1;1;0;2;0;0;0;0;103
293190;466;1;1;3;3;1;2;2;5;1;0;1;1;487
293200;342;0;0;1;1;0;0;1;2;2;4;1;0;354
293210;330;18;6;14;0;24;1;2;3;5;4;2;2;411
293220;1080;11;15;7;22;13;7;7;14;10;21;17;23;1247
293230;361;11;2;5;11;3;3;4;4;3;4;9;1;421
293240;22;1;1;0;0;1;0;0;0;0;0;0;0;25
293250;1936;76;66;91;98;51;32;48;79;25;46;78;60;2686
293260;203;3;2;6;8;2;3;7;1;0;14;1;4;254
293270;958;8;8;10;11;9;11;10;23;7;16;14;44;1129
293280;240;4;7;3;1;3;9;5;4;2;1;3;2;284
293290;4977;77;121;105;120;64;52;115;113;56;66;57;57;5980
293300;452;14;4;3;9;3;6;1;7;3;8;4;14;528
293305;3;0;1;0;0;0;0;0;0;1;0;0;0;5
293310;75;1;3;0;0;0;2;1;0;0;1;0;0;83
293315;19;1;0;1;1;1;0;3;1;1;4;3;0;35
293317;158;0;0;1;2;0;0;1;2;0;0;1;0;165
293320;1446;26;26;19;26;10;17;31;23;20;31;53;32;1760
293330;16049;496;400;525;600;365;403;462;619;390;345;391;464;21509
293340;9;0;0;0;0;0;0;0;0;0;0;0;0;9
293345;19;1;0;1;1;0;0;1;0;0;0;2;0;25
293350;137;0;0;0;0;2;1;3;2;0;3;4;4;156
293360;501;8;13;12;7;7;4;7;2;6;8;0;4;579
299999;1597;81;30;26;34;17;34;33;21;15;22;13;23;1946
310010;243;1;3;7;7;2;7;4;2;1;2;2;12;293
310020;1737;53;34;20;27;23;76;28;28;23;49;27;40;2165
310030;328;5;5;14;1;5;2;16;7;3;2;6;2;396
310040;123;2;1;2;2;1;2;1;3;1;0;3;4;145
310050;780;45;20;4;9;14;6;11;13;28;14;24;22;990
310060;43;0;0;0;0;1;0;1;0;2;0;1;1;49
310070;112;1;2;0;5;1;3;0;2;2;1;0;1;130
310080;31;0;0;1;1;0;0;4;0;1;1;0;1;40
310090;430;22;7;7;25;7;11;5;6;4;2;7;28;561
310100;244;15;14;16;17;15;30;31;27;2;6;11;34;462
310110;1131;20;28;36;40;22;30;40;33;19;50;25;34;1508
310120;227;3;4;0;2;2;0;2;1;1;2;1;1;246
310130;109;2;1;0;0;1;0;0;1;0;0;0;1;115
310140;100;2;1;1;0;2;0;3;7;0;4;1;0;121
310150;4005;119;156;185;122;122;120;113;125;80;80;102;95;5424
310160;7265;271;439;283;265;204;999;930;1911;239;258;235;289;13588
310170;950;15;17;19;34;17;15;9;15;8;16;8;30;1153
310180;283;3;4;4;6;1;3;3;3;2;4;4;19;339
310190;1033;38;19;13;11;12;20;16;26;10;29;9;23;1259
310200;406;12;10;14;12;15;13;6;13;5;2;8;12;528
310210;416;3;1;6;3;0;2;1;1;3;2;3;0;441
310220;30;1;1;0;1;0;1;0;0;1;0;0;1;36
310230;1382;24;20;15;27;22;13;22;22;8;18;13;49;1635
310240;66;0;0;0;1;1;0;0;0;1;0;0;0;69
310250;130;0;2;0;0;0;0;0;0;0;1;0;2;135
310260;2947;67;138;123;98;82;91;60;106;89;73;71;127;4072
310270;113;1;0;1;5;1;2;5;1;1;0;4;1;135
310280;681;10;15;11;13;1;6;2;6;2;4;43;9;803
310290;1188;53;30;74;73;66;17;11;21;7;13;19;23;1595
310300;312;6;7;3;10;5;2;0;2;3;6;7;12;375
310310;65;0;0;0;0;0;0;0;3;1;0;0;0;69
310320;489;7;3;5;7;25;4;5;5;5;6;10;9;580
310330;68;0;0;0;0;3;0;2;0;0;0;0;0;73
310340;930;19;17;15;18;9;10;8;23;13;10;28;22;1122
310350;9588;382;379;401;448;330;405;473;390;293;409;339;463;14300
310360;74;1;0;0;0;0;4;0;0;0;0;0;0;79
310370;4;0;0;0;0;0;0;0;0;0;0;0;0;4
310380;95;0;0;0;0;1;0;1;0;0;3;1;1;102
310390;239;3;3;6;10;8;5;2;1;3;5;5;3;293
310400;9359;363;515;401;714;235;282;485;410;242;401;634;556;14597
310410;675;18;20;22;30;16;21;25;42;15;19;20;8;931
310420;3627;105;90;99;130;65;83;140;112;104;62;119;104;4840
310430;402;14;17;8;7;12;8;6;6;20;6;8;19;533
310440;295;1;3;2;12;1;4;4;5;3;5;10;5;350
310450;493;4;12;6;8;4;2;4;4;2;4;2;4;549
310460;1470;51;54;31;60;30;36;64;22;27;42;30;189;2106
310470;321;14;20;14;12;14;7;20;4;1;2;6;12;447
310480;566;4;13;17;17;7;5;7;19;18;12;5;15;705
310490;831;34;66;18;26;24;22;57;41;117;25;12;36;1309
310500;577;64;9;2;5;0;0;0;14;1;0;4;3;679
310510;1082;36;42;48;46;22;24;40;24;25;27;29;26;1471
310520;12;0;0;0;0;0;0;1;0;0;0;0;1;14
310530;198;3;5;2;6;3;2;2;21;2;5;0;6;255
310540;2164;58;56;73;62;76;49;77;105;97;201;187;112;3317
310550;147;0;1;0;0;0;0;0;0;2;0;0;2;152
310560;14550;348;350;441;386;226;319;274;334;223;285;252;348;18336
310570;214;4;0;0;2;1;1;1;1;1;0;4;1;230
310590;2301;18;26;66;50;53;32;19;46;14;31;51;67;2774
310600;449;11;8;3;8;15;10;7;6;3;16;6;14;556
310610;291;16;6;7;5;2;3;10;4;1;3;2;6;356
310620;773842;28708;27485;28708;30476;25403;27295;27251;28931;25207;23831;24727;30640;1102504
310630;1767;103;221;19;36;82;35;50;34;41;22;103;29;2542
310640;208;2;2;0;0;1;5;4;0;4;2;2;2;232
310650;204;1;2;0;0;2;2;1;1;0;0;2;3;218
310660;16;0;0;0;0;0;0;0;0;0;0;2;4;22
310670;40654;1067;979;3495;918;878;1130;1113;963;972;821;826;936;54752
310680;179;3;4;1;2;2;1;0;7;1;0;0;4;204
310690;1229;31;42;49;115;30;32;30;72;17;29;23;74;1773
310700;158;0;0;1;0;0;0;1;0;0;2;0;0;162
310710;2872;61;75;97;95;145;78;102;126;74;79;69;211;4084
310720;175;1;0;4;2;3;3;6;1;3;3;4;1;206
310730;4630;190;66;106;108;166;171;228;215;648;258;224;123;7133
310740;4696;205;207;181;201;217;169;200;259;162;263;247;249;7256
310750;400;6;5;12;15;9;17;7;9;7;14;3;10;514
310760;142;1;1;5;3;1;0;0;0;1;0;0;0;154
310770;194;6;25;5;5;2;5;9;6;2;8;3;14;284
310780;414;2;6;0;5;0;3;0;0;0;1;2;1;434
310790;61;11;5;4;3;1;5;0;3;1;2;1;1;98
310800;802;21;26;19;34;13;10;16;26;25;38;23;39;1092
310810;81;1;0;1;1;2;1;0;2;0;0;4;4;97
310820;197;9;3;6;11;14;31;117;42;6;6;5;5;452
310830;721;14;13;16;23;21;35;19;20;14;17;39;17;969
310840;1130;34;41;44;44;35;31;34;38;62;25;35;50;1603
310850;7;0;0;0;0;0;0;0;0;0;0;0;0;7
310860;384;2;5;4;8;3;5;4;2;4;5;6;3;435
310870;245;0;0;4;1;3;20;2;1;0;2;1;1;280
310880;53;2;1;1;1;0;0;2;2;0;0;1;1;64
310890;352;9;148;5;12;10;6;2;16;1;18;14;12;605
310900;2407;75;128;110;113;94;118;67;50;72;73;68;138;3513
310910;470;10;6;8;5;14;7;11;9;2;10;10;7;569
310920;321;0;1;8;3;3;4;7;6;3;4;27;3;390
310930;206;2;0;13;10;12;23;36;13;28;36;16;7;402
310940;1152;28;32;67;28;37;35;40;47;17;40;42;41;1606
310950;905;19;34;34;27;29;22;19;37;18;18;14;22;1198
310960;1508;21;58;33;81;73;16;33;39;16;40;19;21;1958
310970;435;10;6;12;1;7;4;5;8;8;9;13;15;533
310980;118;5;0;8;28;1;4;3;4;5;1;3;4;184
310990;1150;57;54;23;24;10;37;12;5;5;30;7;8;1422
311000;3452;116;75;98;119;77;91;117;125;48;78;128;120;4644
311010;135;47;0;2;1;2;1;0;3;0;0;1;5;197
311020;19;0;0;1;1;1;0;1;0;0;1;2;1;27
311030;1346;45;33;49;25;18;20;49;20;19;10;33;37;1704
311040;210;6;2;2;2;1;2;4;4;3;4;4;9;253
311050;1239;65;37;54;45;38;44;50;111;46;48;47;40;1864
311060;1999;116;157;61;79;57;59;46;51;46;58;37;38;2804
311070;1138;26;47;47;33;20;37;36;56;32;20;23;52;1567
311080;78;2;10;1;1;2;2;0;2;1;6;3;2;110
311090;1330;42;44;46;57;37;41;38;50;21;32;38;60;1836
311100;1340;58;44;56;52;27;42;31;45;60;83;45;43;1926
311110;914;21;28;30;22;20;34;17;16;15;14;18;68;1217
311120;4101;147;128;204;214;102;123;121;130;80;125;138;230;5843
311130;943;2;13;4;12;11;21;28;26;101;788;90;14;2053
311140;282;1;2;6;4;11;4;5;5;6;6;19;3;354
311150;569;15;12;20;16;7;18;11;13;7;6;5;50;749
311160;960;24;15;18;31;21;7;15;32;11;20;7;25;1186
311170;100;1;2;1;1;2;1;1;0;1;0;0;2;112
311180;971;13;20;21;13;13;27;23;18;44;100;37;36;1336
311190;148;0;1;2;2;0;0;8;3;0;1;0;0;165
311200;978;38;53;37;37;27;43;40;16;18;30;42;99;1458
311210;111;1;3;1;3;4;2;2;0;0;0;0;1;128
311220;124;1;0;0;1;0;0;2;1;1;0;0;0;130
311230;1268;15;10;27;6;7;16;11;8;10;12;3;7;1400
311240;318;4;9;6;3;5;7;5;15;5;5;7;7;396
311250;516;14;16;22;16;15;7;12;23;14;23;12;12;702
311260;1292;32;44;27;50;65;42;42;65;176;44;52;102;2033
311270;676;7;8;6;11;44;11;5;8;2;9;11;14;812
311280;601;13;14;35;23;16;11;12;10;6;10;17;35;803
311290;10;0;0;0;1;0;0;0;1;0;0;0;0;12
311300;165;9;8;2;4;16;5;1;23;0;2;2;4;241
311310;128;0;0;2;1;1;1;0;1;0;0;6;1;141
311320;1364;40;81;43;28;20;60;32;27;26;69;84;35;1909
311330;2596;61;54;68;97;60;57;64;78;42;50;54;106;3387
311340;7121;256;251;243;323;175;196;228;283;160;155;212;383;9986
311350;694;31;40;16;6;8;11;10;19;22;25;12;47;941
311360;462;9;12;16;30;12;10;7;11;2;9;20;6;606
311370;1255;55;58;35;55;35;32;25;49;25;24;33;28;1709
311380;119;0;0;0;1;0;0;2;0;0;2;0;0;124
311390;434;7;6;4;12;7;7;4;11;5;7;4;35;543
311400;726;25;18;30;40;8;15;15;26;4;11;12;6;936
311410;887;19;23;13;20;12;16;12;83;7;12;12;34;1150
311420;1102;46;70;78;57;20;57;60;45;31;39;35;41;1681
311430;1498;38;33;27;58;40;37;60;112;70;86;189;39;2287
311440;1041;30;30;27;33;21;19;15;30;12;17;14;28;1317
311450;586;8;17;21;17;5;15;17;9;9;20;8;22;754
311460;200;3;0;2;0;4;1;0;2;0;3;0;1;216
311470;71;0;0;0;0;0;1;0;1;0;0;0;0;73
311480;194;1;3;4;19;1;5;9;1;2;3;4;5;251
311490;7;0;0;0;0;0;0;0;0;0;0;0;0;7
311500;72;0;0;1;1;1;0;0;0;0;0;3;1;79
311510;1034;63;35;40;55;26;38;33;46;22;31;35;38;1496
311520;187;4;8;0;3;0;6;5;2;1;2;1;1;220
311530;10130;251;272;421;271;213;257;338;289;172;222;223;387;13446
311540;77;0;0;0;0;0;0;0;0;0;0;0;0;77
311550;2745;122;72;156;112;88;70;81;116;69;96;105;66;3898
311560;60;0;2;0;1;1;3;0;1;1;0;0;3;72
311570;193;1;1;3;1;0;2;0;0;1;1;1;0;204
311580;489;22;22;11;13;6;14;20;24;8;16;22;10;677
311590;168;3;3;2;4;3;2;1;0;4;0;0;2;192
311600;6;0;0;0;1;0;1;0;0;0;0;0;0;8
311610;29;4;0;0;1;0;3;0;0;0;1;0;0;38
311620;147;3;1;2;0;1;1;0;1;1;2;2;1;162
311630;146;0;1;1;1;2;0;1;0;0;0;0;2;154
311640;258;5;6;17;11;5;9;4;9;5;5;2;9;345
311650;125;0;0;1;0;3;6;0;4;1;0;0;2;142
311660;1787;54;64;66;46;55;87;69;203;40;40;42;75;2628
311670;82;8;1;3;2;0;1;0;3;0;1;2;3;106
311680;34;1;1;1;2;2;2;0;2;1;3;2;2;53
311690;557;6;48;76;10;12;9;6;8;7;19;8;4;770
311700;7;0;1;0;0;0;0;0;0;0;0;0;0;8
311710;336;6;7;3;10;6;10;4;6;0;6;5;10;409
311720;127;1;2;0;4;4;0;0;1;0;0;0;0;139
311730;620;20;23;20;40;57;11;14;16;8;30;13;14;886
311740;112;0;0;0;0;1;0;1;0;1;0;0;2;117
311750;470;5;7;4;2;8;4;5;1;2;3;7;2;520
311760;435;30;28;23;16;26;19;24;12;15;29;10;10;677
311770;898;45;37;20;16;13;52;94;92;372;19;24;76;1758
311780;490;10;11;8;20;9;7;15;20;5;8;11;22;636
311790;278;37;9;8;6;8;2;6;5;0;3;9;14;385
311800;5043;154;117;126;188;135;174;129;158;119;129;167;440;7079
311810;65;0;0;0;0;0;0;1;0;0;0;0;5;71
311820;842;5;2;8;5;88;62;61;39;522;47;17;11;1709
311830;7400;222;227;211;284;167;172;152;206;133;132;176;217;9699
311840;1131;18;16;20;21;19;12;19;14;17;11;22;34;1354
311850;70;0;2;3;1;0;0;0;0;3;3;1;0;83
311860;89317;4263;4240;4085;4480;3793;4100;3831;4183;3668;3846;4795;3925;138526
311870;465;14;2;10;7;7;12;12;2;7;34;8;35;615
311880;501;33;2;2;6;8;4;2;9;2;3;3;7;582
311890;300;14;6;5;7;6;3;4;10;4;3;8;4;374
311900;164;1;1;3;1;6;5;4;1;0;3;2;2;193
311910;1288;20;33;55;41;30;44;34;49;34;29;70;94;1821
311920;185;2;2;3;3;3;1;1;2;4;3;2;15;226
311930;1428;23;57;47;55;39;47;72;104;155;81;72;166;2346
311940;8451;478;309;439;382;235;301;359;278;270;245;238;322;12307
311950;213;11;9;7;19;9;4;5;2;7;10;3;57;356
311960;576;4;3;7;6;5;5;1;1;4;6;4;12;634
311970;127;0;0;1;0;0;8;0;0;0;0;0;1;137
311980;199;8;2;5;4;0;1;3;1;0;2;5;6;236
311990;86;0;0;0;0;1;2;0;0;0;1;0;1;91
312000;724;33;4;7;1;8;7;6;3;0;4;5;5;807
312010;343;3;1;11;6;2;3;2;1;2;2;4;2;382
312020;205;1;1;5;14;10;5;13;0;8;7;1;14;284
312030;13;4;2;0;1;0;0;0;0;0;2;0;0;22
312040;311;1;5;12;8;5;7;2;10;3;2;3;2;371
312050;609;2;9;10;5;3;4;4;4;7;7;17;10;691
312060;79;1;2;3;0;0;0;0;0;1;0;0;0;86
312070;165;0;2;3;0;2;3;1;1;2;0;0;1;180
312080;477;42;16;20;25;16;12;10;14;14;25;20;17;708
312090;5991;1159;273;368;403;192;365;172;492;164;165;216;289;10249
312100;15;0;0;0;1;0;0;0;0;0;1;0;1;18
312110;540;17;5;24;10;9;12;14;12;6;7;10;16;682
312120;241;14;13;9;5;11;2;4;14;6;13;4;7;343
312130;232;3;7;3;5;6;6;3;10;6;5;5;4;295
312140;149;3;0;0;1;0;0;2;0;0;0;0;0;155
312150;92;1;1;0;2;0;0;1;0;0;0;0;1;98
312160;3115;84;77;79;99;51;51;55;77;60;42;77;82;3949
312170;4;0;1;0;0;0;0;1;1;0;0;0;0;7
312180;1103;65;28;22;33;25;24;17;14;15;5;13;10;1374
312190;11;2;1;1;0;0;1;0;0;1;0;0;1;18
312200;469;41;5;6;4;9;8;4;14;7;4;4;9;584
312210;69;3;3;0;5;1;2;2;0;0;0;3;3;91
312220;44;0;0;0;1;1;0;2;1;0;0;1;1;51
312230;24135;1112;1189;1198;1192;811;971;1058;1007;807;808;982;1474;36744
312240;234;1;7;4;3;9;1;6;2;1;2;3;5;278
312250;49;0;0;4;7;2;0;9;3;3;0;0;8;85
312260;70;2;3;2;0;0;1;0;0;0;0;0;1;79
312270;412;5;7;6;4;5;1;6;3;6;4;5;8;472
312280;41;1;0;0;1;0;2;1;0;1;2;1;0;50
312290;220;1;1;2;2;1;1;4;9;9;3;2;2;257
312300;809;58;36;27;26;13;24;46;21;38;16;17;30;1161
312310;82;0;0;0;4;0;0;0;0;0;0;0;0;86
312320;733;34;57;27;46;22;20;13;41;23;32;21;55;1124
312330;148;0;2;0;1;2;0;1;0;0;0;3;0;157
312340;69;0;0;0;0;1;5;0;0;0;0;0;0;75
312350;6;0;0;0;1;0;0;0;0;0;0;0;0;7
312360;1374;51;59;41;61;47;44;47;72;30;45;51;60;1982
312370;222;10;8;18;9;6;18;16;4;9;13;8;5;346
312380;223;10;3;58;8;7;23;22;2;1;11;18;63;449
312390;514;11;7;4;2;9;5;6;16;5;8;7;3;597
312400;433;7;10;11;9;4;5;5;7;4;6;3;5;509
312410;2182;107;75;89;84;47;69;44;90;56;98;82;140;3163
312420;413;9;3;6;13;10;3;5;16;8;11;4;2;503
312430;625;4;8;5;4;12;3;4;18;14;2;4;68;771
312440;112;0;0;2;3;0;0;1;0;1;3;0;0;122
312450;366;12;22;10;11;4;3;6;6;7;5;6;1;459
312460;130;0;0;2;1;0;0;0;1;1;0;0;2;137
312470;297;0;3;2;6;3;2;2;7;4;4;4;10;344
312480;436;15;12;8;7;13;5;5;8;5;2;6;1;523
312490;226;7;4;2;10;6;3;1;6;7;3;8;8;291
312500;68;2;2;1;1;22;6;2;11;1;1;2;19;138
312510;1779;69;108;44;122;45;46;51;52;79;30;17;74;2516
312520;124;0;3;2;1;0;0;0;0;1;1;1;0;133
312530;233;5;10;6;5;2;7;3;6;3;9;7;3;299
312540;134;0;0;0;0;0;0;0;0;0;0;0;0;134
312550;123;0;0;0;0;0;0;0;1;1;0;0;0;125
312560;85;0;0;0;1;1;0;2;0;0;1;0;0;90
312570;645;20;12;59;18;15;15;54;40;20;9;13;88;1008
312580;117;4;3;0;5;3;1;0;0;1;0;1;0;135
312590;336;6;5;2;0;5;9;4;5;0;2;5;6;385
312600;510;9;10;17;25;5;11;8;12;9;7;7;8;638
312610;5779;242;224;261;308;141;207;227;261;182;260;390;380;8862
312620;52;0;1;1;0;7;1;10;0;7;4;3;1;87
312630;87;1;2;3;1;2;1;6;3;13;17;3;4;143
312640;79;0;2;1;0;2;1;1;3;2;1;3;2;97
312650;81;0;4;0;1;1;0;0;1;0;0;1;1;90
312660;143;0;0;1;1;0;0;0;0;0;0;0;0;145
312670;661;13;16;10;18;12;5;7;10;4;9;15;19;799
312680;50;3;1;2;2;1;0;2;4;0;2;0;1;68
312690;448;9;13;13;11;6;9;10;2;9;12;14;18;574
312700;711;20;6;29;13;7;54;71;325;76;32;15;12;1371
312705;19;0;3;0;0;0;0;0;0;0;0;1;0;23
312710;3361;101;147;182;168;96;197;128;163;119;193;171;183;5209
312720;163;10;8;9;4;2;10;4;7;9;17;4;125;372
312730;284;3;1;4;3;3;4;6;5;1;4;4;3;325
312740;113;1;2;4;1;1;1;1;7;1;1;1;0;134
312750;79;1;0;0;0;0;0;0;0;0;0;0;0;80
312760;1325;44;23;29;14;19;22;20;7;19;7;14;8;1551
312770;25916;946;950;1121;1188;799;817;950;980;754;673;862;1147;37103
312780;436;4;3;4;3;3;7;8;4;3;1;2;5;483
312790;81;0;0;0;0;1;1;0;0;0;0;0;0;83
312800;3439;46;121;60;59;25;76;67;42;31;75;61;79;4181
312810;197;3;5;3;7;5;16;4;0;1;2;3;4;250
312820;258;2;3;4;6;5;4;4;1;1;7;6;2;303
312830;1787;115;161;144;130;144;197;138;297;151;162;248;284;3958
312840;446;17;21;18;25;9;15;13;51;13;6;10;11;655
312850;1238;18;25;50;31;62;678;14;27;33;9;10;20;2215
312860;252;7;4;7;5;14;11;5;3;4;2;2;14;330
312870;7197;326;272;281;228;240;232;219;312;304;269;264;261;10405
312880;297;18;13;5;15;7;7;4;8;9;3;8;4;398
312890;227;6;6;6;3;3;3;6;5;2;5;5;13;290
312900;266;0;4;4;3;4;4;2;5;1;3;4;4;304
312910;218;3;11;6;11;5;6;8;8;6;3;6;9;300
312920;330;9;3;2;0;3;9;89;3;4;3;5;22;482
312930;159;2;4;3;3;4;2;2;2;1;1;3;4;190
312940;327;5;3;5;3;1;3;3;5;2;1;1;40;399
312950;1358;29;23;29;29;22;52;30;20;19;34;31;25;1701
312960;104;0;0;10;5;1;1;6;2;3;2;1;1;136
312970;521;13;21;16;25;14;7;6;13;23;24;13;28;724
312980;3278;130;128;138;149;112;127;152;108;74;384;144;145;5069
312990;88;1;2;2;0;2;1;0;0;0;1;0;2;99
313000;101;2;2;3;1;1;2;1;0;0;1;0;2;116
313010;2614;170;108;132;99;75;87;97;95;85;87;93;170;3912
313020;831;30;43;58;45;43;41;50;37;18;36;39;50;1321
313030;830;49;19;23;17;20;20;10;13;4;10;16;23;1054
313040;442;11;1;9;12;6;20;4;12;5;6;2;6;536
313050;431;8;3;2;3;3;9;2;6;2;3;4;8;484
313060;373;9;10;3;7;23;3;3;10;2;5;6;12;466
313070;806;12;16;24;27;25;27;65;29;29;13;20;17;1110
313080;213;3;2;4;3;5;0;3;2;1;2;2;5;245
313090;617;54;21;14;28;12;7;20;9;3;5;10;44;844
313100;398;6;9;13;49;24;19;22;14;15;9;5;10;593
313110;592;50;89;8;1;2;7;5;8;2;1;5;9;779
313120;663;15;5;9;16;3;6;12;14;2;6;60;4;815
313130;35942;862;1372;1192;893;756;872;911;952;1605;1225;779;1362;48723
313140;223;1;2;0;12;4;3;2;6;1;1;4;2;261
313150;230;9;1;0;0;0;0;0;0;0;0;2;0;242
313160;269;6;2;6;4;12;12;4;3;0;0;2;3;323
313170;14977;326;335;433;543;275;317;337;395;331;421;309;507;19506
313180;54;2;0;2;2;2;0;0;0;0;1;0;0;63
313190;5038;195;99;181;154;123;142;165;189;188;161;236;166;7037
313200;104;11;0;20;1;0;2;1;0;3;4;2;2;150
313210;470;8;4;7;12;11;6;16;5;13;14;19;10;595
313220;696;20;16;15;28;10;8;21;15;10;17;14;31;901
313230;204;3;3;2;6;2;3;7;1;0;3;3;9;246
313240;12714;462;524;435;542;419;372;448;404;437;259;298;354;17668
313250;965;13;12;21;16;15;13;12;10;33;13;14;12;1149
313260;280;0;3;2;3;3;2;1;0;2;2;2;5;305
313270;767;7;12;19;14;14;28;39;11;8;15;11;55;1000
313280;90;0;0;1;0;0;0;0;0;0;0;0;0;91
313290;416;11;17;4;17;10;5;12;9;6;10;23;5;545
313300;1113;27;18;22;25;14;22;29;25;33;13;36;15;1392
313310;1483;58;47;39;70;24;37;34;57;23;30;44;59;2005
313320;195;7;4;2;5;8;4;3;4;1;4;6;19;262
313330;822;17;14;17;15;13;18;17;27;8;19;10;10;1007
313340;410;9;11;3;3;6;6;6;12;7;3;10;6;492
313350;1773;45;67;66;40;37;57;48;47;38;40;36;69;2363
313360;346;30;16;14;10;8;9;3;7;9;3;11;8;474
313370;530;10;10;10;8;11;15;11;15;9;17;10;30;686
313380;13340;520;522;554;459;503;417;461;489;371;357;366;420;18779
313390;101;3;0;0;0;0;1;4;1;0;1;0;0;111
313400;443;8;8;3;9;2;3;3;5;4;0;4;5;497
313410;134;4;2;1;1;2;1;1;1;1;0;1;3;152
313420;6544;326;386;332;345;218;301;328;336;236;284;280;288;10204
313430;150;1;2;14;1;2;2;2;2;0;2;3;4;185
313440;2294;59;64;77;76;78;122;124;119;152;88;503;126;3882
313450;162;3;5;3;3;1;4;1;3;3;1;3;2;194
313460;388;8;7;9;7;8;5;1;11;6;4;7;9;470
313470;295;0;0;1;1;1;0;3;0;1;0;0;0;302
313480;185;8;6;3;8;0;2;3;5;2;3;4;4;233
313490;1589;75;79;72;51;59;49;58;97;51;60;52;45;2337
313500;85;1;2;6;1;2;0;0;1;0;2;3;6;109
313510;2056;66;75;96;109;61;36;37;70;77;97;84;118;2982
313520;1996;100;52;58;87;35;24;39;20;25;36;41;37;2550
313530;118;2;5;1;5;4;2;1;1;2;1;3;7;152
313540;127;5;1;2;6;1;1;0;4;2;1;3;2;155
313550;182;9;8;3;4;6;6;4;1;0;1;4;0;228
313560;379;9;2;26;1;4;28;14;33;14;6;10;21;547
313570;238;2;2;8;10;1;6;8;5;2;6;9;13;310
313580;870;14;7;6;5;8;5;7;7;5;5;11;9;959
313590;301;4;1;7;1;2;2;4;2;2;11;1;3;341
313600;176;6;1;3;11;2;0;1;3;1;4;1;3;212
313610;54;0;0;0;0;0;1;0;0;1;0;1;0;57
313620;11185;396;404;509;321;267;336;358;428;352;327;384;480;15747
313630;1912;68;77;58;28;48;83;58;60;45;48;54;41;2580
313640;80;0;1;3;10;0;1;1;1;1;0;1;3;102
313650;79;2;0;2;2;1;3;0;1;0;3;0;1;94
313660;142;0;4;3;10;1;4;3;2;1;3;3;0;176
313670;84742;3741;3548;3490;3664;3058;3231;3043;2732;2603;2816;2600;3308;122576
313680;32;0;0;1;0;1;3;0;2;0;0;0;2;41
313690;183;3;2;2;4;1;3;1;10;0;0;0;1;210
313700;194;1;1;1;1;3;0;3;4;0;0;1;0;209
313710;203;1;2;2;3;4;0;5;0;0;4;6;1;231
313720;3852;106;156;113;109;113;127;111;172;104;107;185;869;6124
313730;8;0;0;0;0;0;0;0;0;0;0;0;0;8
313740;213;2;4;4;3;2;5;12;3;1;0;3;4;256
313750;541;11;10;4;6;9;7;14;14;10;18;7;18;669
313760;5586;114;239;127;147;156;112;96;156;104;131;139;261;7368
313770;338;4;14;16;30;0;7;7;9;8;6;6;22;467
313780;1237;35;44;34;42;24;29;41;47;28;27;21;44;1653
313790;116;0;0;0;0;0;0;0;0;0;0;0;0;116
313810;562;10;10;13;23;32;37;22;17;26;70;25;25;872
313820;9396;254;289;260;297;229;242;184;322;176;224;295;421;12589
313830;85;1;3;2;1;0;0;0;0;2;3;2;5;104
313840;5901;174;256;269;260;140;196;170;195;142;145;174;199;8221
313850;217;9;11;12;4;9;7;4;5;7;4;6;8;303
313860;709;5;14;16;30;9;13;18;18;13;18;13;16;892
313870;393;3;4;6;6;8;2;6;13;17;2;7;15;482
313880;1011;49;21;34;41;19;33;27;28;21;28;25;56;1393
313890;65;0;1;2;10;0;1;0;1;8;6;1;1;96
313900;3730;86;111;114;113;96;100;83;105;67;99;82;123;4909
313910;80;1;1;0;1;2;0;1;1;2;0;0;1;90
313920;243;3;2;4;4;0;1;1;1;3;0;1;7;270
313930;812;23;25;21;17;20;68;42;43;28;20;11;113;1243
313940;5148;231;234;364;364;143;195;216;265;135;183;215;152;7845
313950;1846;81;64;40;66;35;34;37;68;48;41;35;48;2443
313960;1266;29;20;28;41;15;20;22;30;16;23;16;31;1557
313970;169;2;1;4;1;14;5;1;1;9;6;4;7;224
313980;1113;47;36;27;86;31;22;37;30;17;24;23;86;1579
313990;780;42;26;29;29;17;18;16;33;13;12;11;25;1051
314000;4081;620;160;135;173;101;105;189;126;135;121;212;239;6397
314010;18;1;0;1;1;0;0;0;2;0;2;3;2;30
314020;203;6;6;3;6;4;5;25;3;10;4;33;4;312
314030;136;4;3;3;0;0;1;3;3;3;2;1;7;166
314040;130;0;2;0;2;0;0;1;0;2;0;0;1;138
314050;670;21;15;25;51;14;24;18;25;19;26;26;54;988
314060;10;0;0;1;0;0;0;0;0;0;0;0;0;11
314070;2746;70;103;103;125;71;227;96;97;42;54;133;58;3925
314080;1143;79;42;60;46;41;46;20;36;26;30;30;62;1661
314090;427;8;16;18;2;10;7;4;8;4;18;19;25;566
314100;68;0;1;5;1;2;1;0;3;4;0;0;1;86
314110;2847;103;87;104;162;91;96;116;96;64;108;92;139;4105
314120;49;1;3;0;1;1;2;1;1;5;1;0;2;67
314130;80;0;0;0;4;3;0;0;0;0;3;0;0;90
314140;239;5;4;14;6;4;5;7;9;4;27;25;20;369
314150;209;0;2;2;1;0;0;1;0;1;0;1;0;217
314160;123;3;2;3;4;1;1;2;1;2;0;1;4;147
314170;853;75;62;43;54;39;35;42;13;78;121;50;80;1545
314180;297;3;2;2;9;1;1;6;4;3;8;3;9;348
314190;264;1;2;2;3;0;1;3;1;1;2;2;1;283
314200;76;1;1;2;0;1;1;1;0;0;2;1;5;91
314210;362;7;13;12;14;7;12;8;9;3;5;9;6;467
314220;1112;19;26;49;15;6;4;43;29;14;20;23;26;1386
314230;128;2;4;3;1;3;3;1;2;0;1;0;6;154
314240;246;23;5;4;9;7;6;9;8;10;12;39;20;398
314250;171;0;0;0;0;0;0;0;0;1;0;2;0;174
314260;551;58;25;26;15;12;20;22;14;6;18;28;52;847
314270;99;0;0;1;1;4;2;1;3;4;0;2;3;120
314280;1264;20;40;45;18;47;32;160;180;360;67;56;95;2384
314290;255;7;7;7;11;8;3;5;43;8;7;3;5;369
314300;2932;46;27;39;49;28;59;65;94;113;65;90;193;3800
314310;3845;113;149;122;121;141;154;150;188;88;144;156;176;5547
314320;1779;63;55;75;73;44;51;60;46;44;43;73;76;2482
314330;28293;838;1082;1109;794;738;802;961;947;798;862;956;1249;39429
314340;777;56;54;31;36;20;32;25;33;19;17;17;62;1179
314350;430;4;7;3;3;3;6;5;6;7;4;3;17;498
314360;142;1;1;2;2;2;5;6;3;3;4;5;2;178
314370;9;0;1;0;0;0;0;0;2;0;0;2;0;14
314380;40;0;0;1;0;2;0;2;2;1;1;0;0;49
314390;9166;314;435;400;468;274;270;291;309;187;265;289;368;13036
314400;286;10;5;11;8;10;7;5;8;4;8;2;6;370
314410;1429;54;54;46;60;57;45;36;43;28;26;26;32;1936
314420;80;1;0;0;2;0;1;1;1;0;0;0;1;87
314430;2561;110;134;104;209;56;104;108;81;67;78;101;131;3844
314440;255;1;7;5;3;1;6;5;1;1;0;1;7;293
314450;568;7;8;4;5;6;5;5;3;10;8;9;6;644
314460;1644;38;46;37;41;42;23;27;35;17;24;32;27;2033
314470;2283;135;91;75;51;46;55;57;56;41;26;63;84;3063
314480;11681;492;334;262;314;291;267;268;214;237;233;595;302;15490
314490;28;2;2;0;0;0;1;1;2;3;0;1;2;42
314500;1861;77;108;77;172;66;32;29;60;108;398;100;92;3180
314510;415;6;13;6;3;1;10;13;11;7;5;3;9;502
314520;4159;117;141;160;158;79;100;92;120;110;150;135;396;5917
314530;317;438;10;47;31;4;83;89;254;297;199;9;69;1847
314540;136;0;0;0;0;8;1;0;0;0;0;2;0;147
314550;153;2;1;0;2;1;0;1;8;1;1;1;2;173
314560;3282;109;116;85;116;63;94;69;74;46;82;75;106;4317
314570;24;0;1;1;1;0;1;2;0;0;0;0;1;31
314580;183;3;6;14;10;3;11;0;6;6;3;4;11;260
314590;8164;167;296;133;168;418;369;153;200;71;94;92;136;10461
314600;2470;122;66;77;113;72;95;58;78;79;79;70;92;3471
314610;10754;241;249;293;250;285;208;223;272;186;225;228;381;13795
314620;12;0;1;0;0;1;1;0;0;0;0;0;0;15
314630;135;11;4;4;16;2;2;6;1;2;5;1;2;191
314640;173;8;3;2;0;13;7;6;1;5;5;1;9;233
314650;648;19;23;12;18;25;19;19;35;27;26;21;45;937
314660;76;0;0;1;0;0;0;0;0;0;0;0;0;77
314670;279;7;6;1;3;4;5;4;3;2;2;7;3;326
314690;741;33;58;52;52;36;50;57;55;41;51;59;81;1366
314700;4394;134;128;125;151;104;138;137;215;80;94;115;188;6003
314710;9662;476;385;385;461;818;340;332;379;302;289;359;401;14589
314720;1796;21;38;36;85;37;37;47;52;29;45;29;35;2287
314730;2135;49;35;19;30;15;54;30;36;22;21;36;22;2504
314740;2457;113;117;57;53;19;60;35;44;30;26;31;42;3084
314750;22;0;0;0;0;0;0;0;0;0;0;1;0;23
314760;1176;53;45;26;36;27;33;17;34;22;15;21;84;1589
314770;379;11;14;10;14;12;0;2;6;6;8;4;16;482
314780;160;0;0;0;3;0;1;0;1;1;4;1;1;172
314790;8774;366;368;349;406;204;321;464;581;256;332;262;359;13042
314800;12551;397;452;635;487;472;651;613;733;476;606;1000;770;19843
314810;5618;216;227;384;311;217;191;254;500;219;365;327;386;9215
314820;281;7;5;2;10;2;1;2;2;3;3;10;2;330
314830;188;5;2;1;0;0;1;1;0;1;3;0;2;204
314840;4;0;0;0;0;0;0;0;0;0;0;0;0;4
314850;218;1;4;3;1;2;1;3;4;2;3;1;2;245
314860;437;3;5;5;5;3;2;4;3;6;6;3;7;489
314870;1486;16;7;11;18;7;10;26;21;35;27;107;147;1918
314880;142;5;3;0;4;4;1;0;1;0;1;1;3;165
314890;247;6;8;10;4;8;3;6;17;9;5;5;5;333
314900;18;0;0;1;1;3;0;2;0;0;0;1;0;26
314910;341;6;4;5;6;7;6;4;4;4;11;15;4;417
314920;88;1;1;1;0;1;1;0;1;1;1;2;0;98
314930;7037;265;349;268;353;818;242;344;317;219;242;337;345;11136
314940;187;1;3;3;1;14;1;2;3;5;1;1;8;230
314950;332;20;5;38;22;14;9;8;14;11;6;29;29;537
314960;144;0;1;5;5;0;5;1;2;1;5;3;1;173
314970;240;4;9;7;6;7;6;5;9;1;21;15;4;334
314980;583;14;25;22;32;63;40;46;50;103;74;43;54;1149
314990;1231;31;72;74;65;34;40;32;57;25;22;31;66;1780
315000;85;2;0;2;3;0;6;11;17;5;13;9;2;155
315010;136;0;1;1;1;0;0;0;0;0;0;1;1;141
315020;216;9;4;6;9;2;3;4;11;5;4;2;8;283
315030;157;2;0;0;1;0;1;1;2;1;3;1;4;173
315040;27;0;0;0;0;0;0;0;0;0;0;0;0;27
315050;69;3;3;7;1;1;16;2;2;3;3;3;5;118
315060;229;1;1;5;2;0;0;1;0;1;1;1;3;245
315070;181;3;3;15;17;15;20;122;8;15;110;6;4;519
315080;219;5;5;2;2;3;2;3;5;1;3;3;4;257
315090;164;5;8;5;2;2;6;4;5;5;3;7;2;218
315100;264;3;8;1;12;6;1;4;2;2;2;2;4;311
315110;1052;17;78;39;20;22;44;31;16;22;41;20;12;1414
315120;5588;232;199;211;326;203;309;257;202;242;228;184;200;8381
315130;296;11;5;7;5;2;2;1;3;4;3;4;12;355
315140;2741;87;66;62;77;66;69;60;60;59;80;52;202;3681
315150;1360;42;41;66;71;78;46;19;66;41;35;36;43;1944
315160;310;10;4;4;5;3;4;2;13;4;3;1;9;372
315170;558;13;10;8;13;10;12;11;18;7;5;4;9;678
315180;22663;1038;896;984;948;817;840;785;826;748;705;829;964;33043
315190;190;1;1;1;6;0;1;1;2;0;2;0;1;206
315200;1406;28;18;19;22;47;17;21;23;21;16;86;27;1751
315210;7241;291;284;240;269;269;224;211;312;173;190;245;405;10354
315220;693;27;120;31;23;46;18;22;20;47;43;44;67;1201
315230;43;1;1;0;0;0;2;1;4;0;0;1;0;53
315240;134;2;2;3;2;2;2;5;4;1;2;2;4;165
315250;13652;1103;623;647;690;695;717;562;645;639;572;424;602;21571
315260;279;7;6;12;11;6;4;3;4;19;6;4;8;369
315270;320;2;8;2;6;1;7;5;2;3;4;3;10;373
315280;1807;51;68;113;95;119;63;164;138;28;43;61;77;2827
315290;709;12;22;24;37;9;14;19;7;8;21;17;12;911
315300;93;2;4;0;3;0;0;0;1;0;1;0;3;107
315310;145;0;2;1;0;0;1;2;0;1;0;0;0;152
315320;179;4;3;0;4;0;1;3;9;3;2;4;2;214
315330;123;2;0;1;0;0;0;0;0;0;0;0;0;126
315340;1206;53;35;37;41;23;83;203;566;18;31;22;106;2424
315350;254;3;7;6;5;1;5;2;3;2;3;1;4;296
315360;895;83;37;27;20;13;13;22;14;10;20;23;49;1226
315370;233;2;3;4;0;0;4;0;4;2;2;5;3;262
315380;72;1;0;0;1;1;0;2;0;2;1;0;5;85
315390;348;7;10;7;3;8;6;5;9;7;3;4;2;419
315400;1256;40;26;38;35;16;17;22;15;12;14;21;51;1563
315410;537;9;19;10;16;18;5;9;10;9;8;4;10;664
315420;303;15;7;10;4;2;10;6;7;10;6;5;10;395
315430;894;7;11;17;47;9;19;15;34;18;47;46;61;1225
315440;403;12;8;11;12;11;17;9;11;7;11;11;16;539
315450;154;7;11;6;2;1;3;2;3;1;7;1;1;199
315460;4881;233;263;173;183;151;157;275;244;185;206;294;251;7496
315470;80;6;10;7;2;5;13;2;3;1;1;2;4;136
315480;505;21;10;20;7;8;9;12;16;6;5;7;15;641
315490;1503;45;57;58;106;36;42;53;56;37;44;49;57;2143
315500;102;2;2;1;0;0;0;1;0;1;0;2;2;113
315510;72;0;0;3;0;0;2;0;0;0;0;2;0;79
315520;9;0;0;0;0;0;2;0;2;0;0;0;0;13
315530;6;0;0;0;0;0;0;0;0;0;0;0;0;6
315540;694;14;42;21;46;40;14;20;30;14;19;17;18;989
315550;656;12;7;35;16;5;14;10;17;8;11;19;15;825
315560;449;20;24;13;17;4;4;23;10;14;3;13;1;595
315570;1081;30;29;60;50;23;37;57;47;24;39;55;61;1593
315580;1317;34;29;28;16;17;20;14;16;16;14;13;20;1554
315590;316;8;8;10;5;7;5;4;7;1;6;5;4;386
315600;251;3;2;1;4;0;0;1;3;1;1;4;4;275
315610;197;1;3;0;8;6;5;4;2;1;1;2;2;232
315620;182;14;6;11;10;7;1;6;2;2;4;1;7;253
315630;325;7;7;28;4;14;8;2;3;5;3;6;9;421
315640;220;7;2;3;5;3;0;3;1;1;2;2;6;255
315650;24;5;0;1;0;1;109;1;0;0;0;0;0;141
315660;99;0;2;3;2;1;2;3;3;0;2;2;2;121
315670;5088;227;220;209;232;172;184;232;254;175;203;195;167;7558
315680;462;0;5;2;3;6;9;1;6;5;2;5;6;512
315690;1496;52;41;60;55;35;38;74;66;55;76;59;62;2169
315700;1165;19;19;26;19;93;16;18;28;13;9;19;24;1468
315710;59;1;1;1;2;2;6;2;0;2;2;1;0;79
315720;5112;148;155;170;122;99;118;108;139;104;151;90;119;6635
315730;89;1;0;1;1;1;1;0;0;0;0;0;0;94
315740;318;25;12;34;10;9;7;11;6;3;5;3;3;446
315750;77;0;0;0;0;0;0;0;0;0;0;0;0;77
315760;11;0;1;0;0;3;1;0;1;0;1;1;0;19
315770;313;17;12;8;9;20;53;7;10;8;4;6;21;488
315780;11647;334;367;843;543;384;597;355;363;398;273;274;386;16764
315790;168;3;8;9;3;2;1;2;2;2;8;0;1;209
315800;740;13;41;12;14;15;16;15;17;27;33;18;36;997
315810;127;0;0;1;1;1;1;0;0;0;0;0;0;131
315820;148;5;5;1;7;2;4;4;5;2;1;0;3;187
315830;525;6;5;3;6;3;13;12;15;8;4;10;6;616
315840;81;0;0;0;2;2;0;4;3;1;0;1;2;96
315850;186;2;0;2;0;1;3;1;0;2;2;3;1;203
315860;233;1;2;2;7;3;3;4;4;0;1;7;15;282
315870;100;0;0;0;0;1;0;1;1;0;0;0;0;103
315880;152;8;5;14;19;5;5;5;9;6;4;8;8;248
315890;48;2;1;2;2;0;1;4;0;0;2;1;3;66
315900;119;8;3;2;0;0;1;0;2;1;1;3;3;143
315910;47;0;0;0;0;0;1;0;0;1;1;0;0;50
315920;449;18;13;45;11;6;2;9;17;9;3;9;20;611
315930;309;4;1;1;0;1;4;7;1;2;8;5;4;347
315940;113;1;3;0;0;1;1;0;2;0;1;10;1;133
315950;124;3;0;1;1;0;0;0;0;0;1;2;3;135
315960;4268;152;227;148;205;145;108;198;156;146;159;178;189;6279
315970;121;30;6;0;0;2;3;2;0;0;8;1;5;178
315980;1123;12;17;17;23;12;23;29;10;10;11;18;26;1331
315990;511;12;14;23;16;11;3;8;6;5;7;7;13;636
316000;137;3;2;4;2;3;4;33;1;1;0;49;0;239
316010;235;8;9;9;13;3;9;6;7;1;7;6;5;318
316020;75;0;0;0;0;0;0;0;0;0;0;0;0;75
316030;14;1;0;0;1;0;0;0;2;0;1;0;0;19
316040;1440;237;74;83;82;34;38;100;39;44;45;58;61;2335
316050;58;1;0;0;1;0;0;0;0;0;0;0;1;61
316060;308;8;3;5;10;7;5;5;9;1;6;6;13;386
316070;3985;92;105;110;117;124;93;78;115;87;116;88;145;5255
316080;107;0;0;0;2;0;0;0;0;3;1;0;0;113
316090;132;0;1;2;3;0;2;0;1;0;3;0;1;145
316100;555;12;10;15;13;11;12;8;11;13;11;7;56;734
316110;383;14;12;8;11;14;10;13;14;13;9;9;45;555
316120;296;11;3;7;6;18;6;5;49;7;9;10;14;441
316130;66;9;2;3;10;8;3;2;1;1;3;3;3;114
316140;123;7;0;7;1;0;0;0;0;3;1;1;1;144
316150;284;3;3;5;8;0;2;1;7;4;6;4;16;343
316160;60;0;0;0;0;0;1;0;2;0;1;0;0;64
316170;169;12;11;5;12;6;4;10;11;3;5;10;6;264
316180;627;14;18;26;25;11;32;28;41;10;23;30;30;915
316190;338;8;10;4;11;6;2;4;0;4;7;3;35;432
316200;1913;39;52;64;72;89;69;40;48;19;48;52;75;2580
316210;1240;31;68;86;45;35;75;49;52;34;46;43;49;1853
316220;353;11;13;13;14;8;11;6;10;10;10;13;20;492
316230;87;3;0;4;2;3;3;1;3;0;1;1;2;110
316240;61;1;1;0;1;0;4;1;2;2;1;2;1;77
316250;9263;292;276;338;357;279;291;299;276;167;225;1037;768;13868
316260;222;4;4;12;5;2;5;12;1;2;17;5;8;299
316270;222;5;25;7;5;0;3;7;17;4;6;5;9;315
316280;787;5;2;3;4;5;3;5;6;7;34;40;49;950
316290;3370;110;298;378;124;66;111;105;82;76;68;67;194;5049
316300;10;0;0;0;0;1;0;0;0;0;0;1;1;13
316310;121;2;4;8;3;3;1;4;4;3;13;2;1;169
316320;86;1;0;0;1;0;0;0;2;0;0;0;1;91
316330;87;0;0;0;0;0;0;0;0;0;0;0;0;87
316340;206;1;27;2;4;3;3;5;1;2;1;3;11;269
316350;33;0;0;0;0;0;0;0;1;0;0;0;0;34
316360;1;0;0;0;0;0;0;0;0;0;0;0;0;1
316370;4622;173;212;249;199;142;158;190;233;125;161;134;223;6821
316380;94;1;0;2;1;0;1;0;0;0;0;0;1;100
316390;145;3;4;2;8;0;2;3;5;4;4;0;1;181
316400;868;62;22;15;125;11;49;15;51;50;134;245;147;1794
316410;47;1;0;2;0;0;0;1;1;0;0;3;4;59
316420;162;3;2;3;5;1;0;0;2;0;1;11;52;242
316430;113;4;0;0;0;1;5;0;2;5;2;1;1;134
316440;301;11;7;1;5;6;27;8;9;5;2;5;17;404
316450;75;1;0;1;0;0;2;0;0;0;0;0;2;81
316460;229;15;27;6;1;1;3;1;3;2;5;2;6;301
316470;5970;284;274;199;248;168;184;234;244;137;142;215;227;8526
316480;59;3;0;0;0;0;0;0;0;0;0;0;0;62
316490;69;1;0;0;1;0;1;0;0;0;0;0;0;72
316500;206;5;1;1;9;4;2;0;4;1;3;1;1;238
316510;286;13;6;4;14;1;3;3;6;6;12;4;4;362
316520;512;9;10;18;23;8;14;16;17;39;9;18;10;703
316530;248;3;2;9;7;3;2;0;4;1;0;0;11;290
316540;280;2;7;5;4;10;3;4;11;5;4;3;2;340
316550;7;0;0;0;0;0;0;1;0;0;0;0;0;8
316560;141;3;5;4;2;2;3;1;4;11;3;3;4;186
316570;124;0;2;1;1;1;1;2;2;1;3;0;1;139
316580;169;11;1;1;0;63;1;4;3;0;6;1;2;262
316590;33;0;0;0;0;0;0;1;0;0;0;0;2;36
316600;124;0;0;0;1;0;0;1;4;0;0;0;2;132
316610;50;1;0;0;1;0;0;0;0;0;0;0;0;52
316620;136;4;0;0;0;2;2;0;0;1;0;2;0;147
316630;114;1;1;0;2;0;1;1;1;0;0;0;0;121
316640;7;0;0;0;0;0;1;0;0;0;0;0;1;9
316650;56;0;0;0;0;0;0;0;0;0;0;0;0;56
316660;14;0;0;1;1;0;0;0;0;1;0;0;1;18
316670;334;10;11;24;19;15;96;192;805;40;66;12;15;1639
316680;290;7;4;11;12;12;11;12;6;3;11;7;6;392
316690;483;17;27;14;46;6;15;11;10;9;23;19;11;691
316700;85;0;1;0;0;0;0;0;0;0;2;1;0;89
316710;654;6;7;8;11;2;13;14;11;3;3;6;6;744
316720;22771;1299;981;1059;1034;844;730;671;851;515;748;691;1334;33528
316730;90;0;1;1;0;0;0;0;0;0;0;0;4;96
316740;255;9;7;2;1;0;5;5;10;2;6;23;6;331
316750;169;4;5;1;1;4;5;2;6;3;1;1;1;203
316760;85;1;1;2;3;2;7;3;2;2;2;2;4;116
316770;201;2;1;3;2;5;0;4;9;1;4;3;8;243
316780;159;2;2;2;5;2;3;1;7;0;1;1;4;189
316790;152;9;1;2;4;3;4;6;2;2;1;6;5;197
316800;887;199;32;21;15;29;8;12;12;10;7;6;21;1259
316810;879;7;7;9;4;16;27;68;12;20;34;8;141;1232
316820;127;1;1;5;0;0;3;2;3;2;1;1;0;146
316830;85;5;0;2;4;1;0;2;1;0;1;0;1;102
316840;236;5;8;3;4;3;8;5;2;3;1;5;6;289
316850;566;4;10;4;6;2;8;7;8;8;4;11;11;649
316860;8211;353;385;398;460;271;341;306;453;235;255;280;468;12416
316870;14041;459;783;498;589;510;386;403;461;379;729;250;284;19772
316880;439;12;9;5;5;6;9;23;10;27;9;9;1;564
316890;175;1;1;4;3;1;2;0;4;0;3;5;0;199
316900;953;21;20;27;22;21;30;28;25;22;46;15;32;1262
316910;8;0;0;0;0;1;0;0;0;0;0;0;0;9
316920;437;8;7;7;5;4;6;10;16;4;5;8;6;523
316930;7636;187;232;267;491;230;250;230;731;186;184;156;308;11088
316935;3105;46;61;74;74;75;35;46;62;56;106;28;25;3793
316940;5854;148;153;155;138;116;173;520;250;315;216;171;1158;9367
316950;164;1;1;3;4;3;4;2;9;2;1;0;8;202
316960;2795;236;187;115;98;71;225;294;183;150;118;544;314;5330
316970;447;8;19;5;10;12;8;7;5;7;4;4;11;547
316980;117;0;4;1;1;1;3;2;2;4;1;4;0;140
316990;10719;413;410;405;482;284;357;315;358;248;307;350;415;15063
317000;62;4;1;1;1;0;3;2;0;1;0;1;5;81
317010;36878;2166;2100;2153;2059;1824;1838;2368;2029;1372;2521;2195;2462;61965
317020;68245;2996;3892;3572;3682;2848;3218;3429;3338;2778;2765;2776;3071;106610
317030;23;1;2;1;14;2;1;1;1;0;0;1;4;51
317040;4541;105;85;83;112;87;104;131;176;81;112;91;167;5875
317050;2413;44;34;38;42;28;30;52;37;29;26;237;122;3132
317070;18084;733;871;852;901;773;1248;1051;833;711;993;860;1112;29022
317080;2744;210;103;66;72;34;58;73;59;62;76;71;44;3672
317090;65;1;5;7;2;1;1;5;1;1;5;2;1;97
317100;2233;45;32;35;41;24;38;50;76;66;47;26;34;2747
317110;143;2;3;0;0;3;2;3;2;0;1;1;3;163
317120;7368;273;203;190;219;166;155;210;244;232;187;231;280;9958
317130;6781;129;166;138;184;116;121;121;165;90;80;112;151;8354
317140;140;1;0;1;4;1;4;3;2;2;0;4;2;164
317150;101;0;0;0;4;2;0;0;1;0;0;1;1;110
317160;53;3;0;2;2;2;0;0;0;1;1;1;3;68
317170;241;3;2;1;6;3;3;2;3;2;0;1;4;271
317180;357;20;4;14;11;5;6;12;6;3;2;4;6;450
317190;5;0;0;0;0;0;0;0;0;0;0;0;0;5
317200;4485;152;119;158;135;99;155;112;129;93;111;116;175;6039
317210;326;4;5;6;3;5;3;3;5;3;10;2;9;384
317220;167;2;1;1;4;2;3;3;8;5;1;0;4;201
319999;1826;78;21;57;67;52;45;67;31;25;30;40;39;2378
320010;1634;16;13;12;13;20;20;16;14;16;13;13;49;1849
320016;174;0;1;0;3;0;1;2;2;1;2;1;1;188
320020;2598;63;59;43;63;51;24;32;37;45;53;34;142;3244
320030;467;11;14;16;5;4;5;3;3;6;8;5;4;551
320035;204;3;0;3;0;0;2;2;0;1;1;1;2;219
320040;1945;32;30;35;41;22;27;31;32;90;25;33;53;2396
320050;391;1;1;5;2;1;2;1;3;0;3;6;3;419
320060;10803;357;404;490;341;372;918;365;351;293;283;352;559;15888
320070;351;20;22;9;12;7;14;11;14;8;12;7;14;501
320080;1701;55;57;58;63;62;22;41;29;20;29;53;64;2254
320090;1583;31;45;25;42;42;29;28;42;16;35;54;60;2032
320100;579;40;30;23;20;15;10;9;6;42;16;3;22;815
320110;630;7;6;6;0;8;8;6;12;3;7;4;13;710
320120;25947;901;902;961;855;688;811;887;793;655;851;874;1388;36513
320130;26188;868;859;824;954;655;862;791;902;629;657;735;708;35632
320140;2176;54;55;54;89;41;38;34;41;22;42;43;48;2737
320150;15238;619;624;710;721;443;570;515;555;398;485;561;609;22048
320160;4040;200;152;182;137;91;416;129;161;154;414;294;257;6627
320170;396;4;11;7;6;6;9;2;3;3;5;1;6;459
320180;138;1;0;0;0;0;1;0;0;0;0;0;0;140
320200;124;0;2;0;5;0;0;0;1;3;1;0;8;144
320210;912;18;22;25;25;17;17;23;31;11;23;29;136;1289
320220;629;15;11;15;23;8;6;11;10;9;11;5;7;760
320230;1570;32;29;41;43;33;37;20;22;19;20;29;39;1934
320240;6575;330;380;502;411;251;310;238;347;254;254;251;364;10467
320245;199;1;3;4;9;4;2;7;4;1;3;0;7;244
320250;1282;70;49;37;80;40;141;89;98;68;50;80;155;2239
320255;3;0;0;0;0;0;0;0;0;0;0;0;0;3
320260;674;13;12;33;19;15;25;6;18;21;17;16;41;910
320270;827;15;23;18;22;11;13;13;11;9;10;9;46;1027
320280;4234;97;249;319;144;196;358;305;155;441;284;724;324;7830
320290;273;12;9;8;9;4;4;8;7;2;11;4;14;365
320300;1337;21;47;38;33;19;23;23;29;11;35;18;25;1659
320305;249;7;8;5;12;8;11;10;36;16;34;13;3;412
320310;294;9;11;35;7;15;8;10;17;11;12;13;35;477
320313;1077;17;33;65;59;17;41;39;29;56;43;38;45;1559
320320;12836;730;739;635;607;505;576;513;542;399;459;437;964;19942
320330;311;2;5;3;8;0;5;1;6;2;1;6;36;386
320335;328;6;0;4;5;4;3;13;4;3;6;3;1;380
320340;743;19;13;23;17;17;17;12;20;15;6;12;12;926
320350;631;18;8;21;14;12;12;7;7;7;5;15;8;765
320360;384;5;10;7;17;7;8;5;7;10;10;16;24;510
320370;574;9;7;9;1;4;5;3;6;8;7;3;13;649
320380;542;8;10;4;16;7;8;4;5;8;26;8;19;665
320390;3399;107;86;121;142;89;111;104;103;52;110;76;94;4594
320400;727;16;11;12;9;11;9;8;13;8;33;33;24;914
320405;532;29;53;41;43;59;26;23;33;24;17;21;22;923
320410;747;18;18;10;14;22;13;9;23;5;17;14;37;947
320420;523;5;8;6;12;5;9;5;17;2;2;3;13;610
320430;486;3;11;13;8;6;7;5;1;6;8;11;5;570
320435;351;9;6;3;5;2;5;6;4;3;1;4;119;518
320440;516;11;11;12;22;9;17;6;7;3;16;14;17;661
320450;546;6;8;10;9;8;4;6;7;5;5;2;26;642
320470;1519;65;56;51;47;28;51;28;74;23;49;31;68;2090
320480;477;10;7;4;6;4;7;4;4;1;5;5;2;536
320490;8256;372;488;526;457;323;323;489;524;313;423;449;485;13428
320500;35748;1775;1773;1529;1652;1423;1676;2132;1865;3729;1474;1421;1873;58070
320510;4780;230;131;151;336;179;136;146;342;108;84;348;116;7087
320520;27512;1350;1434;1651;1792;1151;1377;1273;1383;1070;1065;1139;1454;43651
320530;146870;4141;4363;5224;3928;3449;4128;3649;3818;3282;3176;3638;4335;194001
329999;6412;201;171;166;162;188;183;134;151;75;96;115;184;8238
330010;15969;438;372;528;406;343;382;681;333;220;361;284;344;20661
330020;4929;208;136;242;200;106;108;105;126;90;102;130;160;6642
330025;1714;98;105;47;57;179;242;228;187;165;262;156;204;3644
330030;10774;336;354;350;366;293;309;319;328;313;286;333;410;14771
330040;22754;629;764;646;668;620;663;620;725;627;632;499;871;30718
330050;1701;35;37;50;56;27;31;49;41;29;22;10;27;2115
330060;2997;85;69;76;197;72;89;73;137;73;124;131;390;4513
330070;15715;604;535;675;728;471;531;491;485;392;532;482;644;22285
330080;3355;54;75;121;108;115;96;60;81;83;80;107;86;4421
330090;1084;8;13;8;13;5;5;5;6;5;2;15;9;1178
330100;38739;1603;1091;1245;1244;839;1061;1157;1251;1118;1250;4652;3548;58798
330110;3050;71;56;66;43;61;48;59;115;81;110;94;143;3997
330120;1646;20;35;29;36;18;41;27;21;12;18;30;58;1991
330130;1543;59;46;65;86;57;80;64;80;50;196;60;75;2461
330140;1008;10;16;25;23;13;13;18;16;5;13;4;8;1172
330150;1645;41;43;63;35;35;68;42;49;22;71;40;69;2223
330160;501;12;25;9;5;14;15;3;24;4;7;7;7;633
330170;71141;3554;3188;3385;4015;2873;3493;4005;2875;3192;2902;2567;9106;116296
330180;1292;21;34;49;21;22;28;17;30;33;23;15;41;1626
330190;9688;499;372;371;559;263;326;300;332;283;275;202;872;14342
330200;11572;665;266;255;480;270;301;273;306;269;336;300;363;15656
330205;1090;12;8;13;31;8;11;8;8;2;2;5;10;1208
330210;1635;21;39;40;53;36;26;24;21;16;17;17;26;1971
330220;7884;217;181;207;259;208;198;214;250;182;238;195;237;10470
330225;1901;29;105;42;35;21;18;35;28;17;20;46;31;2328
330230;565;7;3;4;2;8;1;2;4;3;3;1;4;607
330240;24353;847;789;828;747;660;888;702;783;780;682;619;1468;34146
330250;10933;399;460;374;376;285;399;563;390;305;246;245;273;15248
330260;3962;88;85;114;133;133;208;166;80;86;76;147;134;5412
330270;6277;364;186;199;218;145;203;227;224;157;198;231;220;8849
330280;1583;43;44;44;34;23;198;32;30;10;27;45;28;2141
330290;1614;57;75;85;137;29;35;24;30;33;33;29;64;2245
330300;2258;18;43;42;60;15;32;19;33;17;30;19;51;2637
330310;1663;13;25;26;17;25;19;12;24;11;8;7;37;1887
330320;7663;331;255;256;234;211;181;258;195;183;195;235;243;10440
330330;109613;4420;4187;4257;4371;3450;3570;3671;3947;3457;3307;2903;3818;154971
330340;25398;861;1182;917;840;800;851;898;785;714;787;649;909;35591
330350;71308;3568;3245;3015;2884;2383;2455;2419;2510;2240;2367;2617;2731;103742
330360;4593;83;173;83;63;53;218;76;73;55;54;87;68;5679
330370;4198;112;110;113;115;55;82;77;81;89;85;71;219;5407
330380;1794;63;52;62;54;52;41;65;62;23;84;82;167;2601
330390;47588;2135;2297;2050;2196;1775;1699;1733;1437;1360;1495;1320;1866;68951
330400;4075;100;72;101;234;114;133;130;165;48;94;121;151;5538
330410;1100;18;23;30;34;8;9;12;11;7;8;14;105;1379
330415;764;4;1;0;2;0;0;1;0;1;1;0;1;775
330420;16576;822;648;757;799;564;654;677;551;477;616;666;739;24546
330430;5835;304;353;210;314;179;152;150;137;103;147;140;215;8239
330440;740;9;16;31;10;8;12;7;7;6;6;3;10;865
330450;556;11;15;13;13;6;3;16;11;9;13;12;9;687
330455;1832653;64887;61208;63515;64090;54496;59183;59297;56843;54907;54496;51972;61586;2539133
330460;705;4;17;4;9;0;3;2;4;4;9;3;9;773
330470;4047;75;99;87;176;85;71;78;97;34;92;80;111;5132
330480;2648;48;53;69;46;37;43;36;43;15;45;54;75;3212
330490;53916;2358;2163;2425;2430;2061;2126;2368;2117;1870;2299;2156;2326;80615
330500;3344;35;30;44;63;33;31;28;41;101;30;59;124;3963
330510;26325;1333;1151;1126;1243;1242;1095;1309;1177;1114;1109;1226;1042;40492
330520;5629;85;74;94;118;50;71;59;58;70;70;89;69;6536
330530;270;2;1;2;2;2;0;1;0;1;1;0;2;284
330540;1469;41;33;27;48;50;31;26;36;19;15;38;29;1862
330550;2473;47;46;48;65;56;38;47;40;20;44;35;50;3009
330560;1117;22;20;25;22;17;19;23;27;12;34;19;218;1575
330570;471;0;6;5;1;1;2;4;4;3;3;3;3;506
330580;15962;669;630;752;588;495;578;634;588;455;563;611;598;23123
330590;135;1;4;2;4;2;4;1;5;3;6;1;5;173
330600;14513;538;600;535;533;304;389;546;598;560;438;345;471;20370
330610;6736;182;232;200;236;224;162;290;139;130;209;149;217;9106
330620;4105;124;98;153;122;96;82;93;104;91;68;90;106;5332
330630;52210;1511;1363;1815;1432;1297;1201;1085;1160;1030;1113;1474;2490;69181
339999;907;19;21;10;15;4;16;10;12;7;10;21;38;1090
350010;4224;135;137;132;121;102;178;105;110;74;110;103;657;6188
350020;353;10;5;9;4;10;3;7;8;3;7;8;5;432
350030;2701;81;105;84;161;99;132;83;80;127;74;89;144;3960
350040;747;20;20;17;47;18;18;22;22;22;22;23;18;1016
350050;2154;71;142;56;77;70;53;93;59;41;67;62;66;3011
350055;700;20;16;28;21;27;21;29;33;21;22;9;16;963
350060;644;22;32;41;17;33;67;24;21;9;8;14;16;948
350070;4939;120;233;111;92;102;79;111;169;138;110;117;137;6458
350080;137;3;1;2;0;0;0;2;3;0;0;2;4;154
350090;497;24;33;32;17;13;26;33;15;14;19;20;34;777
350100;1282;54;24;41;31;32;31;43;25;26;31;23;37;1680
350110;759;460;245;150;36;10;44;119;59;60;78;64;962;3046
350120;151;7;1;2;1;0;1;3;2;0;0;0;1;169
350130;848;27;42;37;24;28;29;17;19;19;31;26;37;1184
350140;218;3;3;4;5;3;1;2;76;2;3;5;4;329
350150;113;1;0;1;1;2;6;1;5;2;2;3;0;137
350160;46159;2269;2519;2119;1622;1681;4544;1670;1552;1501;1224;1227;1663;69750
350170;5027;824;190;200;343;390;238;264;173;187;182;1277;185;9480
350180;387;13;1;8;4;2;0;4;5;6;2;0;12;444
350190;13150;765;599;439;415;357;395;413;530;419;366;333;364;18545
350200;600;34;35;42;27;36;44;43;18;21;32;29;29;990
350210;7752;302;407;297;308;224;255;250;261;161;192;187;245;10841
350220;1822;82;71;83;60;54;61;61;79;52;35;97;43;2600
350230;310;2;8;19;17;4;22;5;16;7;15;4;11;440
350240;157;5;3;4;3;1;0;2;1;0;2;5;2;185
350250;4980;213;185;174;195;110;146;151;141;144;119;125;151;6834
350260;236;0;4;4;6;3;1;3;2;2;1;2;3;267
350270;2183;85;78;87;64;47;44;98;108;58;50;41;58;3001
350280;26321;1353;1281;1373;1196;1192;1496;1478;1346;1136;3068;2089;1288;44617
350290;1171;48;35;58;42;44;36;50;41;54;67;44;97;1787
350300;181;2;3;2;3;10;6;2;5;2;2;22;4;244
350310;391;7;13;10;13;20;23;31;9;5;22;16;14;574
350320;37822;2213;2013;1843;2052;1763;2263;1765;1985;1654;3088;2162;4377;65000
350330;24948;981;844;5857;2085;1097;887;1040;902;856;8283;920;1920;50620
350340;368;5;8;4;9;7;4;6;10;8;4;8;11;452
350350;48;3;2;3;0;0;1;1;0;1;1;0;1;61
350360;448;48;27;31;46;35;21;38;13;9;14;7;16;753
350370;2350;63;235;239;264;401;429;371;263;223;231;2736;3326;11131
350380;5278;190;198;150;163;171;214;204;150;91;111;154;186;7260
350390;7317;595;401;239;313;304;384;504;420;381;380;401;322;11961
350400;13483;572;542;497;566;652;488;452;392;464;413;435;1948;20904
350410;11765;690;529;517;417;412;420;462;419;396;386;353;513;17279
350420;1264;39;39;30;46;22;27;20;20;21;25;29;18;1600
350430;214;3;4;12;5;6;1;1;2;2;1;9;6;266
350440;1389;168;84;116;57;53;66;74;64;58;45;103;436;2713
350450;9241;510;500;443;392;280;482;557;584;390;299;368;377;14423
350460;580;24;26;32;18;22;29;20;33;17;21;22;20;864
350470;119;1;1;1;0;3;3;0;4;1;5;0;1;139
350480;276;9;10;11;11;8;3;8;5;7;8;6;11;373
350490;900;18;29;34;36;6;31;4;20;6;11;16;19;1130
350500;135;5;3;0;3;5;5;0;0;1;0;4;1;162
350510;395;7;12;5;15;7;8;4;6;3;8;14;9;493
350520;2786;94;121;112;152;65;86;86;75;67;79;88;188;3999
350530;9940;242;303;276;210;283;219;272;301;195;194;226;351;13012
350540;192;6;7;5;5;11;3;5;4;4;5;0;5;252
350550;17500;871;1429;1204;615;691;1899;780;1038;833;687;696;691;28934
350560;641;16;42;50;55;23;56;75;42;50;223;124;60;1457
350570;51083;2446;2595;2175;2027;2127;2184;2023;2131;1837;1719;1668;1674;75689
350580;4050;137;138;135;88;90;129;101;100;94;119;135;109;5425
350590;6443;242;206;255;230;187;238;210;164;163;194;291;187;9010
350600;51221;2085;2103;2222;1963;1864;2030;1867;1943;1712;1649;1773;1769;74201
350610;28531;6889;2973;1392;1351;2522;762;2608;1099;988;963;1011;1475;52564
350620;370;7;4;6;14;20;45;61;33;38;52;796;13;1459
350630;865;31;38;32;33;23;14;24;17;18;23;20;45;1183
350640;528;25;31;16;21;7;8;17;13;6;10;4;11;697
350650;20737;990;1205;981;1027;1193;644;863;787;758;789;673;1027;31674
350660;781;18;32;42;26;15;32;21;25;17;18;21;52;1100
350670;2201;77;76;77;87;113;119;76;60;101;70;91;77;3225
350680;2064;76;51;89;91;70;82;182;200;57;72;50;356;3440
350690;559;14;15;33;16;14;34;23;17;16;33;30;33;837
350700;4168;273;252;254;227;122;175;178;216;193;476;362;528;7424
350710;1094;21;67;41;32;27;59;42;24;23;25;31;45;1531
350720;100;8;0;5;0;2;1;5;3;0;4;3;1;132
350730;208;17;9;10;7;5;8;7;7;2;2;3;24;309
350740;806;18;18;24;13;20;14;36;23;21;11;20;13;1037
350750;20722;666;949;672;557;514;558;757;777;686;548;514;621;28541
350760;16766;754;627;668;639;551;600;554;657;486;626;446;615;23989
350770;192;3;3;2;1;3;1;1;4;4;1;6;32;253
350780;1173;64;37;45;47;54;29;32;28;14;54;60;39;1676
350790;2721;156;136;117;154;163;161;142;184;103;100;110;106;4353
350800;1980;84;67;82;67;62;71;67;72;41;100;59;98;2850
350810;1014;26;36;50;21;33;31;39;27;18;19;21;35;1370
350820;153;12;3;6;3;5;9;23;15;15;20;44;1;309
350830;366;14;13;19;17;8;16;8;11;7;8;25;9;521
350840;3864;212;189;103;112;217;160;90;87;86;98;81;85;5384
350850;8485;752;366;312;293;283;327;296;231;232;415;176;167;12335
350860;1808;35;49;72;46;32;45;27;49;35;29;33;115;2375
350870;1178;26;40;21;24;19;24;26;53;12;42;25;47;1537
350880;1409;51;58;56;37;32;19;32;33;16;38;38;48;1867
350890;630;19;246;5;64;9;18;15;13;13;16;9;163;1220
350900;7501;360;331;343;325;221;291;427;289;244;275;310;268;11185
350910;265;2;7;3;9;2;5;10;5;111;8;4;11;442
350920;40943;2231;2450;2283;2063;2037;2345;2382;2105;1924;1832;1680;2087;66362
350925;1;0;0;0;0;0;0;0;0;0;0;0;0;1
350930;775;180;16;14;17;25;20;55;69;48;41;268;23;1551
350940;1970;101;122;98;170;180;93;103;108;186;99;264;145;3639
350950;224519;10994;9455;8912;7889;7787;8850;8383;7862;9500;8932;8019;8518;329620
350960;7173;236;229;142;116;106;121;125;99;103;84;133;134;8801
350970;5503;299;341;342;213;204;279;207;249;193;157;177;256;8420
350980;81;3;3;3;2;2;2;3;9;2;2;6;3;121
350990;291;34;11;24;33;12;5;17;11;14;4;11;10;477
351000;2222;66;60;64;74;57;74;84;86;72;100;83;71;3113
351010;206;4;4;5;2;6;3;1;3;2;3;6;1;246
351020;5125;159;271;238;182;147;130;165;119;131;89;127;142;7025
351030;1119;210;67;41;26;27;33;298;115;333;23;26;50;2368
351040;7945;348;311;366;441;354;292;371;433;375;492;1203;1235;14166
351050;5026;215;270;316;246;233;223;263;232;187;247;196;247;7901
351060;9641;482;738;452;477;462;495;494;464;432;371;379;458;15345
351070;506;11;6;7;5;6;8;8;9;3;16;7;6;598
351080;2877;188;92;108;118;96;105;483;82;87;85;84;118;4523
351090;177;11;2;5;3;3;4;2;1;0;2;14;5;229
351100;1569;25;31;38;18;17;15;19;28;20;26;28;28;1862
351110;18571;854;1022;850;786;1097;844;933;776;581;791;2997;940;31042
351120;618;15;53;57;57;74;46;82;57;74;147;214;346;1840
351130;463;12;10;10;13;10;5;10;10;12;12;10;13;590
351140;1663;70;74;41;50;44;83;67;54;48;45;63;105;2407
351150;5117;168;168;210;184;201;177;218;206;171;311;179;1120;8430
351160;965;36;26;43;21;22;15;36;23;15;18;25;32;1277
351170;999;29;48;44;60;59;87;72;50;59;104;254;95;1960
351190;431;15;10;3;4;4;32;59;25;13;15;677;94;1382
351200;2412;71;54;48;44;62;69;73;44;39;46;134;92;3188
351210;864;19;35;21;20;18;28;16;24;19;19;24;14;1121
351220;2805;498;275;237;162;260;390;401;1416;349;295;219;311;7618
351230;1352;47;50;35;36;44;43;41;59;32;51;39;41;1870
351240;3475;141;142;113;118;85;247;154;109;141;126;107;131;5089
351250;1106;29;24;15;25;28;16;24;17;17;23;19;23;1366
351260;258;4;3;2;2;4;3;3;1;1;5;2;9;297
351270;477;16;27;36;17;7;21;20;14;16;15;9;26;701
351280;5937;304;248;769;566;283;352;216;359;183;186;1636;311;11350
351290;282;4;6;1;6;2;4;4;6;3;2;9;2;331
351300;24612;1012;1636;1052;1083;749;885;992;931;1057;859;782;765;36415
351310;2242;60;72;66;58;84;61;127;60;67;105;104;105;3211
351320;455;15;22;29;23;6;14;15;12;16;20;10;13;650
351330;669;20;25;11;22;23;7;15;7;6;43;27;15;890
351340;10483;421;258;264;299;163;893;243;208;191;206;205;236;14070
351350;36202;1243;1371;1063;1263;1073;1624;1710;1463;1215;1141;1075;1179;51622
351360;476;11;10;7;8;14;11;9;8;5;6;7;5;577
351370;5902;325;299;204;223;218;214;388;288;158;189;553;114;9075
351380;80816;3996;3380;2887;2594;2215;2900;2780;2865;2668;2984;2481;2199;114765
351390;625;21;12;18;12;9;9;14;13;5;6;9;13;766
351400;712;37;16;184;27;36;18;18;18;25;825;14;29;1959
351410;3777;100;141;103;132;125;237;445;185;99;98;101;1034;6577
351420;168;1;4;0;0;0;1;1;0;1;8;5;1;190
351430;1032;31;23;29;49;62;77;32;95;41;35;152;61;1719
351440;4947;173;201;181;168;105;154;106;90;85;140;119;156;6625
351450;1526;90;49;37;41;16;46;23;35;23;20;15;9;1930
351460;714;35;39;38;64;60;73;50;58;40;51;23;65;1310
351470;420;9;9;9;15;2;9;5;6;5;4;3;9;505
351480;529;15;19;18;29;13;10;11;49;4;5;14;12;728
351490;2077;39;64;73;89;70;67;106;96;94;333;201;254;3563
351500;46872;4311;4074;6386;4293;4175;4349;3888;4356;4067;4204;3707;4315;98997
351510;5050;308;234;231;294;252;289;263;305;250;240;203;256;8175
351518;6173;267;193;236;243;271;226;210;328;195;260;153;173;8928
351519;6;0;1;0;0;2;0;0;0;0;0;0;0;9
351520;849;22;18;15;24;12;12;17;23;28;16;21;15;1072
351530;157;4;0;0;1;2;0;2;2;0;1;2;3;174
351535;2;0;0;0;0;0;0;0;0;0;0;0;0;2
351540;978;27;29;20;13;189;22;42;47;18;24;53;22;1484
351550;6856;255;286;207;256;207;422;267;225;180;245;870;250;10526
351560;384;12;9;25;13;13;17;13;11;8;12;12;11;540
351570;10009;565;447;509;347;290;357;302;346;295;368;392;425;14652
351580;143;2;1;1;1;1;0;0;0;0;1;1;13;164
351590;197;3;6;2;2;6;4;5;2;0;1;4;2;234
351600;732;9;19;26;26;41;29;45;21;15;727;37;208;1935
351610;276;4;13;4;8;8;4;3;1;4;3;4;3;335
351620;50741;1969;2713;2544;2302;1872;1941;2065;1859;2019;1796;1839;2990;76650
351630;2017;92;93;130;79;110;71;93;90;57;47;47;67;2993
351640;4547;208;215;242;207;153;175;173;242;160;126;189;162;6799
351650;382;3;3;3;6;4;5;2;12;4;7;8;3;442
351660;1032;20;37;36;49;50;39;99;43;125;136;38;37;1741
351670;5115;175;157;202;230;138;151;193;247;229;248;133;140;7358
351680;176;0;5;4;0;1;0;0;10;0;4;0;1;201
351690;905;16;15;18;37;28;16;12;22;21;541;15;15;1661
351700;575;11;15;21;22;16;22;13;20;11;4;6;19;755
351710;247;14;10;10;6;5;24;8;9;7;10;5;7;362
351720;514;27;21;20;33;21;24;8;15;12;10;17;18;740
351730;219;7;19;5;1;5;4;2;30;3;2;2;4;303
351740;4643;134;151;208;235;215;423;287;178;215;294;1526;245;8754
351750;971;40;18;16;28;23;22;16;32;21;59;25;25;1296
351760;1239;49;33;29;24;20;20;23;25;27;25;55;38;1607
351770;1204;16;59;65;41;145;58;14;59;15;32;85;167;1960
351780;818;12;21;18;8;9;13;22;19;13;14;14;19;1000
351790;616;28;14;7;11;18;20;30;19;20;20;81;50;934
351800;74;1;1;1;2;0;3;4;1;1;2;0;4;94
351810;417;11;15;9;16;7;13;17;13;6;4;12;33;573
351820;3434;124;121;62;85;76;100;181;126;94;612;589;87;5691
351830;2090;84;75;118;122;64;105;72;87;94;106;61;81;3159
351840;17714;658;510;604;582;473;496;430;482;389;397;630;467;23832
351850;351;11;10;8;30;13;15;6;12;12;8;8;26;510
351860;4150;99;147;150;1562;214;229;313;188;192;165;261;3995;11665
351870;25464;1238;1462;1685;1191;1015;1058;964;861;949;901;931;1176;38895
351880;180331;8337;9024;7999;7214;6688;7174;6639;7089;6506;5683;5732;6720;265136
351885;6;0;0;0;0;1;0;0;1;0;1;0;1;10
351890;151;7;1;1;0;0;4;0;5;1;1;2;2;175
351900;407;11;11;13;26;9;15;35;10;9;8;7;23;584
351910;492;17;18;17;7;15;6;11;11;13;15;19;32;673
351920;415;16;7;23;18;5;8;5;20;10;8;6;4;545
351925;29;0;0;0;0;0;0;0;0;0;0;0;0;29
351930;3473;110;102;122;167;293;176;118;105;105;111;403;1175;6460
351940;683;16;44;20;52;39;28;18;9;43;13;24;27;1016
351950;874;158;94;70;45;51;139;217;556;161;214;94;99;2772
351960;4159;198;247;212;242;201;197;221;134;124;156;287;138;6516
351970;3125;150;141;131;121;98;120;96;128;87;97;91;64;4449
351980;431;19;22;28;19;5;13;22;15;12;10;76;90;762
351990;473;18;24;15;13;29;36;17;13;10;14;7;24;693
352000;3779;104;71;93;105;61;62;232;63;60;54;45;68;4797
352010;3278;95;296;247;179;452;371;914;627;140;901;1636;1207;10343
352020;394;23;16;9;13;12;10;8;16;9;5;6;3;524
352030;1771;47;51;59;29;29;46;71;58;79;69;56;72;2437
352040;759;34;23;71;36;46;45;42;45;22;35;26;23;1207
352050;19368;1038;738;579;590;485;677;678;669;458;541;456;557;26834
352060;423;9;13;10;15;18;8;10;16;16;22;8;33;601
352070;270;18;18;2;3;9;8;5;3;4;3;23;8;374
352080;357;3;5;21;8;35;5;7;4;6;5;15;25;496
352090;1883;77;71;32;63;85;70;78;74;49;447;216;29;3174
352100;2761;72;52;39;33;36;43;47;34;59;49;37;66;3328
352110;460;27;17;13;17;13;8;20;14;18;26;7;3;643
352120;140;2;44;3;18;2;4;4;1;1;6;0;1;226
352130;1077;24;50;59;52;68;90;39;54;120;39;560;27;2259
352140;5354;191;122;127;195;214;200;206;181;115;152;837;525;8419
352150;184;4;2;4;7;7;5;9;2;1;4;1;7;237
352160;407;7;7;7;6;3;2;6;5;2;9;7;20;488
352170;1210;51;30;111;31;19;25;22;28;35;14;31;16;1623
352180;1373;39;131;82;35;32;60;118;98;62;51;58;731;2870
352190;1031;36;59;65;135;193;62;46;43;25;29;399;36;2159
352200;70;1;3;2;2;2;0;3;4;0;4;2;3;96
352210;5390;293;249;260;205;176;199;254;191;168;174;177;204;7940
352220;9966;461;510;369;550;314;419;450;377;337;675;352;531;15311
352230;19004;1947;795;782;729;581;594;628;609;556;475;627;892;28219
352240;9759;430;499;382;435;341;387;467;562;329;469;293;333;14686
352250;7896;918;776;1009;1347;878;652;538;521;437;759;598;585;16914
352260;10742;445;676;401;345;487;885;598;551;487;381;1508;1258;18764
352270;6674;589;785;236;259;111;125;169;296;224;231;305;411;10415
352280;496;20;16;13;19;10;18;8;12;3;4;12;19;650
352290;1770;71;116;104;102;139;123;157;160;879;89;186;70;3966
352300;168;3;1;4;3;1;5;3;6;3;9;3;4;213
352310;19389;900;914;753;620;683;774;812;640;603;654;719;776;28237
352320;3937;172;198;201;171;121;190;196;175;119;188;147;152;5967
352330;533;28;30;52;36;28;18;22;33;16;25;18;32;871
352340;14383;558;631;483;439;365;434;540;564;418;427;442;387;20071
352350;1434;104;100;96;62;74;89;87;57;66;69;55;82;2375
352360;1572;235;83;108;89;76;82;64;83;55;54;55;94;2650
352370;250;7;3;9;9;10;5;3;7;9;3;2;15;332
352380;191;11;9;3;6;3;4;6;8;2;8;6;8;265
352390;26429;1500;1454;1197;1224;1338;996;1471;877;934;947;1168;1118;40653
352400;3149;144;98;127;139;71;115;141;125;96;139;122;184;4650
352410;3309;108;109;102;103;701;123;84;105;94;87;92;134;5151
352420;451;15;13;12;11;18;13;3;9;7;9;16;12;589
352430;12515;424;502;768;1347;983;621;322;357;339;321;1098;2213;21810
352440;29112;1233;1419;1149;1077;957;913;980;1103;906;1285;1011;1294;42439
352450;244;10;12;10;0;9;8;6;6;6;4;8;7;330
352460;3663;190;180;191;174;91;124;153;213;99;94;91;177;5440
352470;7555;280;273;241;247;259;236;338;300;220;237;249;244;10679
352480;4561;157;146;172;140;159;133;122;141;122;95;225;152;6325
352490;426;7;8;18;16;10;17;17;30;9;18;9;12;597
352500;5466;307;511;490;647;399;406;254;346;218;404;419;235;10102
352510;3594;113;110;136;192;221;256;300;229;305;1066;386;742;7650
352520;995;32;37;57;71;29;58;39;34;27;53;36;34;1502
352530;21152;788;876;866;1024;767;1082;1179;1191;1590;1052;1182;1366;34115
352540;251;4;8;3;7;7;3;6;9;8;6;3;5;320
352550;850;18;29;18;55;35;13;13;26;15;23;13;16;1124
352560;131;4;6;5;2;3;0;3;1;2;1;0;1;159
352570;3743;142;114;130;121;85;131;118;109;74;103;142;86;5098
352580;240;2;4;2;0;5;1;4;0;2;1;5;6;272
352590;72476;3433;3704;2998;2799;2549;2696;2767;2643;2389;2529;2356;2752;106091
352600;1602;44;49;50;43;102;69;62;48;574;111;31;125;2910
352610;1199;26;40;41;16;22;38;27;42;17;38;20;80;1606
352620;5081;580;424;271;367;507;487;368;401;411;512;614;1423;11446
352630;206;1;0;2;1;0;0;0;1;1;2;2;0;216
352640;4486;222;257;244;200;230;224;222;224;173;223;217;257;7179
352650;363;5;8;16;1;5;4;3;3;5;2;6;5;426
352660;552;16;24;17;21;23;18;11;19;20;21;22;27;791
352670;9960;396;491;1274;360;536;496;443;545;323;354;1479;1135;17792
352680;14116;536;416;436;395;491;735;765;703;348;271;323;478;20013
352690;39556;2039;1368;1400;1253;1082;1346;1581;1394;1193;1244;1185;1488;56129
352700;954;41;59;54;38;34;31;28;63;25;36;24;39;1426
352710;10528;861;679;517;490;467;500;793;640;364;638;422;406;17305
352720;9282;313;290;357;305;256;266;228;324;259;246;228;320;12674
352730;3455;166;188;155;108;130;115;110;136;126;232;106;109;5136
352740;4543;156;152;173;194;133;126;131;144;138;138;324;509;6861
352750;110;0;2;8;1;0;2;3;6;4;6;4;8;154
352760;3114;420;384;536;1092;415;417;454;190;372;221;781;277;8673
352770;140;1;0;0;1;0;3;2;1;0;1;0;0;149
352780;463;15;6;16;10;2;7;17;20;34;9;7;7;613
352790;196;6;3;11;9;1;2;3;5;1;3;4;10;254
352800;6680;183;100;165;131;175;131;178;272;112;64;103;123;8417
352810;259;20;15;6;38;5;24;9;5;3;3;8;16;411
352820;145;3;2;4;4;1;1;0;2;1;1;2;1;167
352830;292;1;4;12;3;3;7;4;3;4;11;1;7;352
352840;11390;246;298;305;227;306;186;146;491;278;228;190;298;14589
352850;4727;301;437;336;403;406;521;306;339;229;323;260;349;8937
352860;469;31;27;11;16;18;37;10;10;19;16;12;8;684
352870;310;2;12;22;4;4;7;3;2;10;4;5;8;393
352880;3247;92;122;82;130;165;181;103;168;69;107;362;411;5239
352890;150;4;5;0;1;0;1;2;0;1;1;3;1;169
352900;31196;1219;1256;1160;1140;1123;1188;946;991;854;970;829;989;43861
352910;109;5;1;0;0;8;0;1;1;2;1;1;1;130
352920;1417;23;53;30;27;92;64;67;20;35;55;32;78;1993
352930;26303;1454;2520;591;1554;715;897;1129;1254;1666;988;1440;1202;41713
352940;30085;1135;1003;1002;817;801;731;826;1038;847;790;798;944;40817
352950;192;0;1;3;4;3;0;4;5;2;2;5;2;223
352960;144;2;0;0;1;2;2;2;0;3;2;0;3;161
352970;990;19;53;88;67;238;137;60;67;123;37;619;36;2534
352980;867;59;77;42;82;47;145;224;93;65;65;84;288;2138
352990;1024;30;73;39;31;24;35;37;50;48;51;45;34;1521
353000;93;1;3;2;0;0;0;0;0;0;0;1;4;104
353010;2047;77;94;119;75;80;146;121;109;81;165;952;116;4182
353020;956;14;21;23;20;16;17;40;291;61;26;14;94;1593
353030;6851;341;372;386;237;233;230;254;250;184;262;229;190;10019
353040;179;9;4;3;1;3;1;1;2;1;3;3;1;211
353050;9914;291;292;302;360;284;300;303;354;283;253;452;269;13657
353060;41552;2408;1907;1697;1612;1573;1826;1644;1824;1400;1394;1354;1858;62049
353070;18374;979;1031;584;478;406;570;467;499;425;668;466;655;25602
353080;13495;607;1592;441;458;462;500;464;452;422;351;466;432;20142
353090;226;3;2;10;11;6;6;4;3;2;6;10;5;294
353100;134;0;1;1;1;1;0;0;0;0;1;1;0;140
353110;1895;56;60;71;71;61;47;66;50;58;56;39;56;2586
353120;1043;37;35;33;31;41;91;42;29;29;23;41;17;1492
353130;6628;397;217;443;511;335;200;184;188;160;227;370;373;10233
353140;1668;47;54;58;48;28;59;97;90;43;590;93;116;2991
353150;3598;550;65;59;54;61;61;83;115;68;62;120;85;4981
353160;242;2;8;3;11;9;12;3;2;4;2;3;5;306
353170;300;15;9;5;6;6;11;10;6;3;8;7;9;395
353180;2802;79;64;58;49;58;92;34;70;56;45;124;109;3640
353190;2992;95;173;214;109;120;67;88;115;138;157;69;1100;5437
353200;13671;574;491;529;544;626;600;644;554;598;553;491;432;20307
353210;280;2;4;5;20;5;3;6;1;5;5;6;8;350
353220;329;25;4;47;5;16;8;4;12;8;22;18;49;547
353230;195;4;2;1;5;1;2;1;3;1;1;1;1;218
353240;2343;229;216;221;184;175;202;131;283;144;148;127;220;4623
353250;1326;46;23;19;18;12;16;32;34;66;47;65;114;1818
353260;607;12;11;14;7;13;13;13;20;10;15;7;32;774
353270;161;6;2;6;7;7;18;4;12;3;0;4;9;239
353280;246;11;5;3;3;2;5;6;4;1;7;5;6;304
353290;2105;103;127;96;40;52;49;62;122;49;56;100;173;3134
353300;840;98;132;280;100;36;654;27;26;22;15;13;948;3191
353310;24;0;1;2;1;1;0;0;3;0;1;0;0;33
353320;137;3;0;2;0;1;2;1;2;1;1;2;2;154
353330;115;1;4;0;0;2;1;2;2;12;0;0;2;141
353340;9299;463;446;252;335;262;363;245;318;336;176;216;185;12896
353350;4038;145;113;149;84;137;95;135;76;68;70;444;417;5971
353360;925;21;31;37;36;56;40;53;30;21;28;25;53;1356
353370;295;5;3;13;6;10;2;5;3;1;4;4;4;355
353380;140;2;1;3;1;3;4;4;3;2;3;3;10;179
353390;7599;287;303;328;229;292;314;355;343;224;243;1118;975;12610
353400;591;45;2;10;8;10;42;32;31;84;16;64;538;1473
353410;825;252;94;28;34;28;22;23;38;29;39;29;938;2379
353420;763;23;20;20;10;27;34;39;19;17;13;12;939;1936
353430;6272;127;228;142;269;362;181;136;152;116;154;506;177;8822
353440;93902;3486;3792;3514;3501;2765;3104;3737;2979;2513;3010;2433;2935;131671
353450;190;2;3;2;3;0;1;0;3;3;1;2;2;212
353460;3208;151;148;185;92;101;101;97;125;214;83;219;88;4812
353470;12432;515;712;567;529;402;572;540;525;368;416;427;714;18719
353480;281;3;3;6;3;3;4;1;1;4;16;2;2;329
353490;782;50;30;25;27;32;48;29;28;17;11;16;20;1115
353500;411;3;26;16;4;17;14;26;36;10;7;5;8;583
353510;254;2;2;2;3;10;44;38;11;9;16;104;4;499
353520;241;6;6;6;4;3;5;3;6;2;4;2;5;293
353540;915;31;45;41;72;48;27;60;46;45;54;64;50;1498
353550;5758;290;571;269;231;169;209;363;397;195;224;398;710;9784
353560;623;7;27;17;17;19;14;13;15;18;12;13;49;844
353570;448;16;36;48;42;35;21;30;14;16;28;326;14;1074
353580;1724;112;98;187;97;43;73;77;109;31;55;31;133;2770
353590;236;4;4;1;2;2;2;3;2;1;6;8;3;274
353600;1171;163;101;80;33;30;43;61;22;71;37;361;40;2213
353610;821;60;36;30;32;52;45;37;38;34;52;52;52;1341
353620;987;47;40;74;47;40;45;32;34;34;45;48;48;1521
353630;1395;38;63;51;63;55;37;46;41;56;44;66;42;1997
353640;457;18;20;24;14;20;5;25;17;9;12;12;29;662
353650;13693;912;752;1163;917;1157;1577;1245;1209;669;550;531;494;24869
353660;521;12;12;12;6;17;21;10;7;4;13;9;13;657
353670;4104;516;381;163;130;167;162;388;314;226;146;298;682;7677
353680;183;2;5;5;6;2;2;4;1;2;3;2;3;220
353690;140;1;1;2;6;1;1;0;1;0;2;3;5;163
353700;1478;87;51;47;64;28;38;69;46;40;50;53;59;2110
353710;6708;298;225;221;234;173;189;214;165;160;154;157;185;9083
353720;410;9;3;7;23;12;9;15;1;4;6;1;5;505
353730;7062;345;316;353;230;227;182;222;246;191;241;311;501;10427
353740;6465;181;230;246;278;212;351;236;221;138;111;118;152;8939
353750;580;32;25;20;31;19;25;23;9;25;13;20;50;872
353760;2625;111;136;167;156;108;92;104;83;76;82;77;178;3995
353770;178;3;5;5;6;3;1;1;1;2;5;2;4;216
353780;8963;403;296;243;256;233;322;231;464;379;526;568;481;13365
353790;21533;2060;1440;1995;1403;1835;1725;1515;1921;1730;1491;1507;2059;42214
353800;14065;534;529;448;423;336;402;401;446;409;359;354;430;19136
353810;739;24;26;35;53;65;84;32;35;21;100;33;17;1264
353820;482;3;15;6;10;10;13;5;6;11;9;9;6;585
353830;159;2;4;12;1;3;1;2;2;2;0;4;4;196
353850;1480;18;11;28;18;18;15;357;36;12;20;17;25;2055
353860;2695;103;155;103;138;83;104;93;269;128;58;36;68;4033
353870;58705;2114;2241;2245;1979;2026;2624;3250;1898;1944;1894;2916;2324;86160
353880;3042;111;103;109;88;92;85;113;100;76;69;90;110;4188
353890;1642;46;60;60;61;36;46;70;52;29;51;43;60;2256
353900;678;39;42;64;62;37;41;25;25;23;28;33;27;1124
353910;1353;43;58;47;55;29;77;46;54;45;33;68;37;1945
353920;2234;166;71;87;91;62;79;68;49;42;54;56;136;3195
353930;13006;445;449;442;886;1236;622;502;393;294;404;1800;1319;21798
353940;1281;67;32;52;32;43;115;92;52;133;165;51;28;2143
353950;4822;1258;142;188;590;119;244;314;221;266;631;638;817;10250
353960;306;6;6;6;15;3;2;4;11;8;10;8;9;394
353970;248;16;13;17;10;10;49;26;13;7;51;60;102;622
353980;6152;309;273;242;208;183;218;235;190;208;205;223;228;8874
353990;373;6;10;7;5;2;8;4;4;3;3;1;10;436
354000;2456;62;61;57;57;84;38;40;70;35;33;42;57;3092
354010;202;6;5;3;7;1;3;8;2;2;3;2;6;250
354020;3363;109;95;94;194;454;725;207;442;264;196;404;5171;11718
354030;244;27;1;7;5;5;9;9;8;4;2;2;22;345
354040;216;5;1;0;1;0;1;1;2;5;0;1;2;235
354050;402;7;3;9;15;4;8;13;16;12;17;8;15;529
354060;5473;301;301;178;218;154;256;231;198;147;233;391;200;8281
354070;9430;1395;526;632;335;597;549;751;412;331;501;866;692;17017
354080;643;7;16;6;26;11;13;12;13;9;11;8;19;794
354090;7407;164;101;257;137;99;102;84;79;72;71;116;261;8950
354100;13000;743;841;758;596;563;667;548;484;496;503;514;577;20290
354110;989;19;18;38;72;43;40;212;84;58;50;172;343;2138
354120;1021;21;30;30;18;17;26;26;20;70;45;19;44;1387
354130;4541;160;226;169;321;184;182;209;184;193;193;236;312;7110
354140;33315;1779;2015;1905;1621;1349;1477;1514;1518;1326;1320;2031;1815;52985
354150;4333;135;144;152;171;146;281;268;251;467;99;100;424;6971
354160;5359;132;131;179;144;183;217;241;193;140;139;184;1661;8903
354170;2631;65;52;35;30;51;66;77;71;56;47;125;39;3345
354180;49;3;0;1;1;1;2;1;0;1;0;0;2;61
354190;722;15;22;31;20;18;10;13;10;7;13;18;21;920
354200;421;8;10;16;9;5;5;4;12;12;11;5;13;531
354210;1986;102;44;64;40;22;67;73;86;57;39;163;42;2785
354220;3991;180;146;133;227;165;160;172;216;373;126;189;254;6332
354230;128;1;1;1;0;2;1;3;2;0;0;1;1;141
354240;1669;59;68;53;93;84;65;39;59;58;91;35;63;2436
354250;468;14;20;24;40;20;18;8;34;10;17;14;16;703
354260;5437;272;327;296;264;224;273;245;187;152;369;148;222;8416
354270;376;29;17;20;26;36;77;21;33;25;18;31;18;727
354280;236;6;6;13;8;2;1;5;2;0;4;7;4;294
354290;1390;26;52;55;53;45;26;35;39;149;93;36;72;2071
354300;463;11;7;8;14;9;18;10;10;10;15;10;25;610
354310;190;7;16;4;15;8;6;4;16;5;10;4;11;296
354320;203;7;2;4;1;3;3;4;6;5;7;8;55;308
354330;14811;647;483;582;508;319;414;466;515;494;436;378;390;20443
354340;100254;4665;4726;4969;4369;4178;4344;4527;4364;4182;3820;4162;4266;152826
354350;173;4;4;3;2;3;2;1;5;1;2;0;4;204
354360;153;1;4;1;7;1;2;2;3;8;4;1;1;188
354370;1252;75;76;82;137;125;137;276;59;37;56;261;52;2625
354380;723;33;34;23;19;15;8;13;17;14;18;9;11;937
354390;27176;956;1061;914;987;1246;1443;908;1057;819;903;1143;1132;39745
354400;4738;213;178;261;176;224;243;305;254;268;371;1108;320;8659
354410;1220;62;21;37;32;30;50;33;55;22;65;22;11;1660
354420;321;9;9;10;4;8;9;5;3;3;9;9;16;415
354425;14;0;1;1;2;0;1;1;0;1;2;0;3;26
354430;614;19;24;10;18;15;16;16;11;13;7;28;25;816
354440;143;1;2;3;1;2;4;1;2;3;2;1;8;173
354450;801;8;19;32;23;32;24;34;25;29;58;41;31;1157
354460;174;3;3;5;0;1;3;7;1;6;1;7;3;214
354470;153;3;1;2;3;1;3;4;1;0;0;1;2;174
354480;186;3;1;4;2;4;0;5;2;1;3;1;4;216
354490;638;10;38;44;80;47;29;15;10;16;57;34;62;1080
354500;802;37;48;31;36;33;31;54;46;44;48;35;53;1298
354510;176;2;1;1;0;0;1;5;1;0;34;2;0;223
354520;15227;792;611;573;468;395;444;456;462;342;491;505;431;21197
354530;2524;61;64;44;61;42;59;76;64;38;49;62;54;3198
354540;726;28;53;35;34;39;50;62;60;45;53;52;198;1435
354550;893;48;39;58;31;102;120;33;17;10;8;35;11;1405
354560;1206;79;123;109;346;82;119;124;86;58;65;46;641;3084
354570;851;51;17;12;26;11;9;10;8;4;10;7;22;1038
354580;19094;1319;1077;828;727;606;794;673;635;733;643;2099;822;30050
354600;1266;35;55;27;42;42;31;17;33;74;21;26;31;1700
354610;211;3;0;2;3;3;1;2;1;2;1;4;1;234
354620;369;12;12;11;29;15;15;7;9;9;6;7;6;507
354630;1901;62;64;92;79;96;80;77;87;43;72;119;112;2884
354640;6984;387;717;752;408;284;307;409;506;493;390;736;719;13092
354650;72;2;0;3;2;4;2;1;0;2;2;8;7;105
354660;2037;82;71;44;59;48;56;42;45;39;52;52;86;2713
354670;7660;1253;1116;181;64;101;189;1773;423;659;340;235;226;14220
354680;5080;413;353;440;393;352;600;577;430;278;310;421;1054;10701
354690;639;16;28;42;29;71;43;18;32;13;9;169;17;1126
354700;162;8;13;13;9;4;4;9;12;6;2;12;16;270
354710;211;1;3;1;1;0;0;4;3;3;1;3;1;232
354720;107;1;0;0;0;3;5;1;2;0;0;0;5;124
354730;5230;169;319;176;182;185;197;179;130;153;133;158;188;7399
354740;165;0;2;3;0;1;1;1;3;1;0;2;4;183
354750;3962;220;298;372;263;239;433;362;246;264;613;117;1596;8985
354760;3476;129;114;115;228;1164;307;700;397;303;167;545;915;8560
354770;1703;51;37;51;54;54;92;100;60;113;47;28;36;2426
354780;115542;6772;5438;5066;4192;4293;4808;4973;4530;3843;3796;3946;4700;171899
354790;251;17;9;5;6;1;4;6;10;4;1;4;9;327
354800;1329;55;74;62;70;50;45;65;45;27;45;70;59;1996
354810;717;45;38;33;20;27;26;18;52;18;31;19;38;1082
354820;302;9;6;3;7;11;1;8;20;4;1;4;6;382
354830;136;0;0;0;3;4;0;1;1;2;16;1;0;164
354840;207;4;0;5;8;3;5;1;2;3;0;5;2;245
354850;130069;5349;5991;5417;4591;4362;4717;4653;4464;3948;4011;3753;4919;186244
354860;558;12;10;24;14;9;12;8;13;7;3;5;18;693
354870;185900;6556;6112;6226;4350;4305;5029;5077;6462;5459;5430;4487;4825;250218
354880;60094;3299;3177;2585;2297;1987;2509;2337;2317;2682;2135;2030;2501;89950
354890;36192;1567;1427;1508;1280;1039;1548;1193;1165;1091;1144;917;1157;51228
354900;67;1;3;1;5;2;4;1;3;1;4;6;3;101
354910;12767;512;540;465;990;528;631;527;452;364;449;747;1331;20303
354920;99;0;0;1;1;0;0;1;1;0;0;0;2;105
354930;155;2;2;1;2;2;0;1;4;1;2;1;0;173
354940;5955;190;192;257;855;200;205;240;170;190;223;144;1928;10749
354950;226;16;6;9;8;4;20;12;12;26;5;10;9;363
354960;119;1;5;3;3;7;3;5;5;8;10;4;5;178
354970;7275;266;286;268;243;238;217;209;210;165;217;198;449;10241
354980;59737;3256;3979;2823;3041;2236;2589;3231;2642;2373;2597;2144;4339;94987
354990;100818;3880;3426;3040;3156;2499;4989;3411;3170;3090;2812;2684;2931;139906
355000;485;6;13;5;17;12;13;15;8;11;5;10;27;627
355010;7891;404;377;304;267;267;244;224;282;206;250;207;345;11268
355020;2032;111;86;111;100;71;79;85;72;65;106;70;70;3058
355030;3441178;130490;139091;127529;121109;110595;121380;117247;114262;106557;100825;94171;104479;4828913
355040;2001;62;86;93;83;54;53;78;163;69;64;52;96;2954
355050;435;12;8;12;8;15;53;68;195;82;31;36;25;980
355060;10117;514;479;442;380;415;695;470;525;364;403;348;299;15451
355070;4761;230;239;310;270;206;215;611;258;231;203;233;205;7972
355080;1275;66;45;73;89;66;33;26;50;68;80;72;40;1983
355090;1425;85;54;61;71;41;74;59;73;79;42;49;55;2168
355100;17834;1043;1002;926;1050;863;809;759;821;598;655;695;710;27765
355110;473;8;18;5;16;5;13;12;10;13;7;5;11;596
355120;177;4;8;7;5;3;35;3;8;7;1;4;2;264
355130;104;23;2;5;3;2;4;0;1;1;0;0;0;145
355140;342;14;10;14;8;6;10;11;5;7;7;6;9;449
355150;5769;251;259;160;192;273;275;345;412;346;414;935;1162;10793
355160;3430;129;127;111;141;104;103;137;100;78;125;129;178;4892
355170;19812;573;1025;807;1197;765;855;2479;999;704;1561;2898;5508;39183
355180;619;22;25;25;27;18;11;37;18;12;11;22;16;863
355190;1392;20;23;47;32;87;56;34;52;30;28;25;110;1936
355200;198;0;2;3;0;0;1;6;9;7;1;3;2;232
355210;3270;121;120;137;119;126;113;105;135;96;127;84;111;4664
355220;80751;4120;4196;4070;2927;3085;3362;3298;3426;3104;2631;2504;3001;120475
355230;1031;2;10;13;11;9;16;5;51;35;23;442;16;1664
355240;20438;850;851;776;811;611;1011;763;823;814;974;752;643;30117
355250;28790;1023;1150;944;1007;1251;793;869;714;895;821;784;846;39887
355260;1184;30;17;55;51;43;42;39;48;33;40;28;45;1655
355270;746;21;35;22;11;18;28;20;18;16;51;23;27;1036
355280;23391;1365;1283;1014;1191;888;1020;962;981;811;726;762;837;35231
355290;267;2;3;5;2;12;8;12;6;8;2;11;3;341
355300;482;10;22;17;28;6;12;11;7;3;12;5;12;627
355310;380;23;16;28;23;18;17;19;10;14;9;14;23;594
355320;359;9;17;5;5;4;11;20;11;6;5;5;5;462
355330;3771;173;175;165;134;157;148;156;142;99;175;97;114;5506
355340;2188;74;48;90;92;50;48;38;49;36;48;56;71;2888
355350;382;10;18;23;17;5;9;8;6;10;6;2;8;504
355360;1098;129;59;77;118;41;41;31;53;48;45;91;44;1875
355370;5550;322;412;355;288;307;379;384;204;192;251;199;616;9459
355380;1369;42;31;36;47;37;48;32;42;46;35;30;31;1826
355390;283;9;8;9;39;20;14;10;24;9;10;11;8;454
355395;53;0;1;0;2;1;0;2;1;1;1;0;5;67
355400;11776;676;583;456;474;440;371;441;487;366;369;383;334;17156
355410;33431;1469;1529;1429;994;1067;1072;920;1042;720;748;758;1083;46262
355420;193;11;21;12;16;3;14;8;14;6;2;6;8;314
355430;9343;637;616;409;419;354;513;550;734;276;1088;1472;704;17115
355440;498;14;28;15;11;16;18;10;8;4;6;13;16;657
355450;5478;309;239;647;310;215;203;257;194;179;225;220;234;8710
355460;187;4;5;9;4;6;8;1;6;3;2;3;1;239
355470;817;32;52;44;25;27;34;26;25;30;31;29;40;1212
355480;5174;476;497;399;509;444;422;400;543;312;382;338;395;10291
355490;252;2;5;4;2;3;6;4;3;4;6;1;1;293
355500;8515;339;360;334;493;249;300;337;291;219;413;270;298;12418
355510;1307;42;35;45;26;25;57;17;24;15;24;20;18;1655
355520;230;8;5;1;13;0;2;2;4;1;1;0;1;268
355530;115;1;0;0;1;0;0;0;0;0;0;3;0;120
355540;4544;276;263;340;242;202;211;171;241;182;189;213;224;7298
355550;183;4;3;5;1;7;4;3;4;2;4;2;5;227
355560;749;84;11;12;9;5;18;14;10;19;13;6;14;964
355570;152;0;3;4;18;4;9;5;4;7;7;28;3;244
355580;502;13;9;4;26;44;7;7;17;16;5;6;12;668
355590;109;0;0;3;2;0;0;0;0;1;0;0;1;116
355600;652;11;17;14;26;14;19;31;16;6;13;25;34;878
355610;269;17;9;16;11;13;9;13;10;7;21;15;11;421
355620;18505;718;729;774;654;503;533;563;606;564;558;532;545;25784
355630;1791;15;21;66;71;64;120;120;83;52;1750;40;14;4207
355640;3592;195;130;116;162;156;122;133;131;131;130;105;109;5212
355645;3205;253;136;139;103;122;126;110;92;118;81;82;105;4672
355650;6974;158;248;155;166;144;184;171;113;149;171;123;132;8888
355660;911;19;21;18;13;20;22;16;33;24;40;21;37;1195
355670;8770;362;396;270;236;264;280;362;257;226;235;180;186;12024
355680;770;40;23;50;77;24;36;30;30;47;25;31;96;1279
355690;521;5;16;10;11;13;13;9;10;8;7;85;10;718
355700;8067;504;469;343;306;319;366;452;201;179;191;228;811;12436
355710;8811;334;414;348;247;287;291;263;246;245;313;273;316;12388
355720;2084;125;91;57;71;59;61;145;85;95;87;109;110;3179
359999;2236;137;140;75;135;219;112;76;81;49;98;142;443;3943
410010;437;8;13;8;14;10;47;11;5;21;8;8;10;600
410020;758;15;5;28;13;6;8;9;7;4;14;8;43;918
410030;205;0;2;2;2;4;2;1;9;0;0;1;1;229
410040;4092;294;271;247;208;169;193;257;281;197;156;231;207;6803
410045;205;7;6;3;1;7;1;0;4;1;4;3;24;266
410050;979;21;33;38;33;7;10;13;12;16;21;7;14;1204
410060;640;35;6;19;16;4;13;11;17;8;19;12;39;839
410070;658;22;24;41;27;17;49;11;16;11;29;8;159;1072
410080;921;16;10;7;22;18;20;10;11;5;15;15;10;1080
410090;298;1;2;6;4;4;4;5;3;2;0;0;2;331
410100;1014;14;23;37;15;21;13;25;17;15;23;28;57;1302
410110;2273;76;86;62;64;88;169;118;74;337;84;74;85;3590
410120;1160;24;33;33;22;23;21;25;30;16;18;31;137;1573
410130;249;3;5;3;8;1;4;2;3;1;1;2;3;285
410140;13956;723;681;576;581;509;475;500;480;456;479;355;849;20620
410150;11525;567;810;813;436;307;528;413;363;344;356;411;429;17302
410160;3571;899;331;911;617;423;195;494;213;188;152;121;136;8251
410170;1004;27;29;34;38;17;17;20;41;16;23;21;17;1304
410180;13945;568;644;503;697;355;604;480;823;1339;611;469;585;21623
410190;1738;54;36;34;48;122;115;117;30;16;21;22;51;2404
410200;2548;104;107;127;88;80;69;366;60;69;84;77;98;3877
410210;2079;77;77;114;65;107;53;86;98;30;837;49;97;3769
410220;242;1;8;2;5;2;7;8;0;3;5;1;4;288
410230;641;16;24;11;21;13;4;12;10;9;16;13;15;805
410240;4711;142;211;203;168;354;241;187;172;211;124;343;129;7196
410250;677;21;75;15;11;16;15;12;16;10;1;7;21;897
410260;559;12;24;9;3;9;8;8;5;3;22;9;6;677
410270;173;1;0;3;8;15;2;4;0;0;11;0;0;217
410280;1335;48;40;58;52;45;45;96;40;28;33;36;38;1894
410290;1244;64;54;57;31;36;40;62;89;29;33;43;48;1830
410300;333;5;3;4;2;3;12;5;3;1;1;5;4;381
410305;90;1;4;4;4;4;2;0;1;3;1;0;4;118
410310;437;12;7;17;8;6;9;18;8;14;14;23;36;609
410320;377;28;5;9;4;11;9;2;4;0;5;5;12;471
410330;468;4;46;16;27;23;42;11;13;4;5;12;4;675
410335;79;13;1;5;11;18;0;5;2;1;3;0;0;138
410340;155;0;1;1;0;1;3;0;1;0;1;0;1;164
410345;1678;45;18;31;30;29;19;32;51;18;15;18;35;2019
410350;250;11;11;14;8;11;17;6;12;13;4;4;5;366
410360;2347;98;414;87;135;242;408;181;179;117;172;206;642;5228
410370;7442;446;410;327;263;267;292;347;331;255;303;288;398;11369
410380;416;12;24;5;7;4;6;12;8;5;7;4;11;521
410390;965;60;28;30;15;21;34;39;9;13;41;20;32;1307
410400;7360;324;325;370;252;276;284;362;314;334;295;290;365;11151
410405;183;3;8;1;7;6;2;1;4;3;0;3;0;221
410410;304;9;24;6;6;15;18;3;8;5;2;6;17;423
410420;11992;353;420;405;311;363;311;325;277;266;381;319;286;16009
410430;13629;489;641;496;568;340;451;376;357;327;369;404;487;18934
410440;403;7;10;9;11;11;7;11;9;4;3;4;30;519
410445;682;12;28;29;21;10;18;28;24;5;14;45;23;939
410450;1076;48;36;40;51;40;26;14;23;25;20;21;21;1441
410460;795;13;14;10;10;16;12;12;7;5;9;9;43;955
410470;576;26;21;20;13;11;16;9;5;2;9;15;6;729
410480;29023;1627;1711;1542;1647;1185;1504;1599;1569;1320;1331;1360;1823;47241
410490;11038;385;409;530;427;286;247;271;271;239;252;206;377;14938
410500;717;62;22;20;49;13;40;23;15;12;15;17;185;1190
410510;677;12;16;13;24;57;72;8;16;6;9;11;14;935
410520;695;11;27;38;40;16;20;16;16;5;8;18;13;923
410530;1016;46;31;38;30;40;26;33;24;23;17;22;49;1395
410540;1134;53;66;37;32;21;29;80;19;30;34;18;33;1586
410550;7204;191;304;182;184;135;201;201;180;241;285;206;302;9816
410560;673;14;13;46;14;8;17;21;24;10;15;15;121;991
410570;1792;220;55;71;37;46;68;70;51;31;39;70;65;2615
410580;20659;485;509;589;517;394;531;481;555;468;405;469;385;26447
410590;3300;56;1101;35;295;336;42;56;51;27;65;60;363;5787
410600;162;8;5;7;12;9;5;7;4;4;4;3;7;237
410610;246;2;18;0;7;2;0;12;2;3;0;19;6;317
410620;965;37;106;52;44;33;33;75;131;49;36;22;34;1617
410630;1545;58;55;61;88;42;46;53;35;25;44;39;61;2152
410640;8797;240;318;235;285;364;201;180;263;287;151;266;277;11864
410650;1519;56;54;43;46;40;56;49;47;26;27;65;66;2094
410655;199;6;8;2;4;1;3;3;2;11;2;4;16;261
410660;1223;66;30;22;43;37;56;23;110;26;12;25;76;1749
410670;223;5;1;4;3;6;2;3;1;3;3;1;4;259
410680;664;20;22;20;23;9;11;7;13;19;10;23;10;851
410690;497404;18327;18466;17569;15904;14116;16876;17433;15918;14379;15023;16048;16515;693978
410700;354;16;7;10;5;7;5;11;4;8;7;9;6;449
410710;1128;39;63;59;17;15;38;53;30;27;39;23;28;1559
410715;176;3;3;1;4;3;2;1;1;1;0;3;2;200
410720;4089;2293;142;144;100;62;83;80;73;68;76;101;121;7432
410725;258;10;12;17;2;5;3;2;6;1;1;2;2;321
410730;387;16;3;7;23;6;3;11;1;8;4;1;7;477
410740;305;7;7;4;4;0;6;9;6;3;2;5;10;368
410750;2245;27;38;24;45;56;133;158;135;380;57;158;118;3574
410760;2258;63;101;93;82;65;77;69;63;58;85;63;79;3156
410765;68;8;11;1;1;3;5;0;1;2;4;1;1;106
410770;297;7;5;1;10;3;4;2;3;2;3;1;5;343
410775;924;25;31;20;17;20;18;78;19;17;15;13;5;1202
410780;407;15;8;17;20;11;5;11;7;12;13;10;28;564
410790;265;5;0;2;13;1;6;14;6;4;16;3;1;336
410800;623;11;10;13;24;25;13;14;10;10;128;122;907;1910
410810;151;3;1;2;2;4;0;0;2;0;2;3;1;171
410820;645;23;13;24;19;62;16;69;9;2;11;7;9;909
410830;27668;1736;1491;1541;1359;1170;1825;1541;1498;1392;1345;1342;1597;45505
410832;353;3;7;8;0;3;10;4;16;3;5;2;9;423
410840;8036;1305;365;297;258;202;287;219;200;193;211;202;253;12028
410850;1944;106;98;88;92;63;97;85;94;92;73;65;118;3015
410855;0;0;0;1;0;1;0;0;0;0;0;0;0;2
410860;3970;122;245;148;194;415;494;267;121;80;108;89;270;6523
410870;653;26;26;54;32;16;15;9;10;8;13;10;12;884
410880;2058;83;144;77;54;57;81;100;52;33;64;69;79;2951
410890;265;3;11;5;2;3;4;6;6;3;1;5;3;317
410900;458;11;17;7;9;9;4;11;7;6;6;5;10;560
410910;70;1;1;3;1;2;0;0;1;0;2;1;0;82
410920;240;11;4;5;3;3;3;1;4;2;9;2;17;304
410930;1231;38;27;22;40;19;32;36;53;17;23;35;62;1635
410940;22013;1158;1038;1140;1065;793;1097;1116;772;684;747;729;871;33223
410950;384;4;2;2;10;1;3;5;5;11;3;0;3;433
410960;1241;49;87;98;37;38;29;24;48;22;21;42;111;1847
410970;2050;54;59;51;82;71;134;104;99;100;121;370;222;3517
410975;166;1;3;4;10;1;2;0;5;0;1;5;8;206
410980;2847;150;206;125;135;75;133;137;136;137;129;87;106;4403
410990;243;8;12;8;9;8;12;12;17;4;7;19;14;373
411000;303;9;14;7;4;20;3;4;18;2;8;4;10;406
411010;1467;56;54;78;97;62;54;62;63;42;126;61;58;2280
411020;1000;23;22;19;20;21;15;15;16;22;6;28;16;1223
411030;157;3;0;0;0;0;1;2;1;0;0;1;2;167
411040;387;11;8;3;0;1;2;2;0;3;5;3;1;426
411050;367;8;10;13;15;6;9;8;9;3;8;7;40;503
411060;947;39;95;33;28;20;114;47;35;14;54;27;50;1503
411070;5407;219;201;214;146;124;148;144;187;130;126;136;164;7346
411080;610;14;20;11;20;23;3;2;15;4;8;4;12;746
411090;185;4;3;5;7;28;5;2;2;5;3;1;3;253
411100;349;7;8;1;10;14;5;2;7;0;11;4;4;422
411110;384;9;7;7;7;12;5;3;16;7;6;5;7;475
411120;394;13;14;10;11;10;4;5;12;9;6;10;24;522
411130;132;1;0;0;0;3;0;0;1;2;1;2;0;142
411140;277;4;11;6;8;3;8;2;11;3;15;4;6;358
411150;2451;96;132;113;128;91;114;80;89;74;64;73;285;3790
411160;210;6;5;1;5;2;4;2;2;0;0;3;1;241
411170;191;6;2;4;5;1;0;1;0;0;1;1;1;213
411180;8441;286;908;370;155;175;283;298;262;265;369;776;189;12777
411190;775;22;28;22;26;18;23;27;18;11;37;25;72;1104
411200;2473;60;61;181;58;50;66;133;136;54;56;48;56;3432
411210;2425;75;124;73;53;48;40;54;67;50;48;63;55;3175
411220;339;5;9;8;8;6;28;3;5;2;4;7;6;430
411230;262;11;4;5;8;19;9;2;3;0;0;2;11;336
411240;451;15;15;23;18;5;11;11;9;7;8;4;18;595
411250;730;24;24;14;23;11;16;6;12;16;15;30;54;975
411260;97;1;4;4;2;0;0;1;1;0;0;0;3;113
411270;838;36;48;194;95;93;44;29;23;11;14;11;25;1461
411275;558;20;17;44;23;27;24;4;4;11;10;5;10;757
411280;798;28;30;71;12;54;10;20;11;13;24;18;44;1133
411290;248;5;26;1;1;4;3;2;7;5;2;2;11;317
411295;370;5;9;5;8;11;7;7;7;7;2;4;4;446
411300;1367;12;10;20;45;8;17;32;31;38;52;29;363;2024
411310;310;1;4;3;7;5;2;4;3;1;4;0;9;353
411320;4974;147;91;142;125;67;60;90;108;73;99;93;89;6158
411330;2826;98;123;92;88;79;86;81;59;46;71;82;156;3887
411340;400;2;4;3;8;5;9;4;4;0;4;3;5;451
411345;21;0;0;0;2;5;2;2;0;0;1;0;0;33
411350;1527;40;46;37;35;33;33;30;36;16;28;44;31;1936
411360;246;9;1;2;6;6;4;9;2;21;10;8;4;328
411370;80945;3751;4399;4440;3670;2660;3169;3501;5805;3165;3171;2871;3609;125156
411373;295;6;22;6;6;11;3;5;7;5;3;4;3;376
411375;140;2;12;3;2;6;9;5;4;17;3;6;3;212
411380;211;9;2;4;40;5;9;42;4;0;2;3;3;334
411390;931;52;18;20;14;13;16;16;16;16;15;9;38;1174
411400;1225;46;107;44;46;31;38;37;33;26;21;21;67;1742
411410;758;31;19;11;24;16;13;12;19;3;18;21;24;969
411420;5296;126;178;128;128;108;284;203;267;160;166;128;194;7366
411430;4367;133;150;193;163;121;145;164;130;98;91;96;114;5965
411440;1296;35;52;24;52;31;24;18;33;14;30;34;33;1676
411450;651;36;3;28;9;8;13;5;18;15;10;9;7;812
411460;5825;314;324;207;227;143;189;156;187;186;348;224;380;8710
411470;437;7;7;9;9;6;9;10;12;3;5;6;11;531
411480;1948;129;69;79;50;33;47;57;51;34;42;43;146;2728
411490;985;30;60;106;59;47;31;30;16;29;25;29;126;1573
411500;208;7;0;1;0;2;5;3;4;0;5;5;5;245
411510;441;12;8;8;12;9;15;6;24;8;7;1;14;565
411520;54473;3048;3365;2889;2671;2398;3081;3125;2908;2537;2303;3119;2898;88815
411530;513;7;13;8;13;9;18;16;18;9;12;9;14;659
411540;750;51;31;28;27;18;27;16;29;20;26;23;59;1105
411550;240;7;2;12;10;5;5;0;2;0;2;5;1;291
411560;933;27;62;35;24;18;29;15;22;22;30;16;64;1297
411570;1405;99;166;170;65;46;55;32;26;29;47;56;57;2253
411580;4849;219;221;228;229;159;180;169;154;124;157;166;210;7065
411590;139;5;2;2;0;1;0;25;1;3;2;1;1;182
411600;289;11;50;11;3;20;4;2;4;0;3;5;0;402
411605;552;59;114;14;17;20;7;11;14;15;8;8;48;887
411610;885;7;22;21;10;17;31;9;10;9;16;13;46;1096
411620;713;19;15;13;18;9;10;11;12;7;28;19;22;896
411630;274;7;2;5;3;5;2;2;5;3;6;2;13;329
411640;171;1;2;1;5;1;1;3;0;1;3;4;7;200
411650;125;0;1;1;4;0;0;0;1;0;1;3;0;136
411660;307;5;10;4;10;9;4;6;4;2;4;72;1;438
411670;961;17;30;19;28;56;28;69;25;11;22;20;21;1307
411680;450;12;4;5;10;2;12;16;4;5;5;5;6;536
411690;2119;85;113;49;51;40;59;63;41;36;45;54;64;2819
411700;818;26;37;29;27;12;25;16;31;25;8;11;22;1087
411710;1202;54;63;40;37;40;140;36;65;141;41;43;653;2555
411720;217;6;18;4;2;0;1;2;0;1;2;0;9;262
411722;401;28;12;19;17;19;16;8;10;11;16;28;13;598
411725;368;9;13;9;8;3;3;8;12;4;5;6;10;458
411727;19;0;1;0;0;0;0;1;0;0;0;0;1;22
411730;946;37;22;15;20;16;13;11;11;15;18;26;81;1231
411740;192;1;2;1;4;0;1;2;2;0;0;3;4;212
411745;4;0;0;0;0;0;0;0;0;0;0;0;1;5
411750;1044;82;36;18;35;22;6;21;21;14;25;38;36;1398
411760;3537;179;196;143;171;114;196;183;137;102;97;120;156;5331
411770;3821;102;111;108;86;88;104;153;73;72;80;60;111;4969
411790;3428;146;324;177;141;100;103;100;87;85;129;179;262;5261
411800;589;13;8;15;12;7;8;13;9;5;8;33;27;747
411810;469;12;11;14;37;53;18;14;12;11;19;53;14;737
411820;17540;521;474;444;489;330;400;611;412;507;461;471;495;23155
411830;248;3;12;3;1;3;1;2;4;0;0;0;2;279
411840;7413;274;292;314;326;158;226;316;244;204;322;284;543;10916
411850;7454;356;624;357;360;323;297;381;373;251;259;275;387;11697
411860;239;10;11;8;6;11;13;8;6;9;9;3;6;339
411870;304;9;5;6;9;4;5;5;8;6;9;10;9;389
411880;897;34;73;25;36;23;21;34;21;14;35;18;21;1252
411890;541;20;15;17;23;7;7;14;6;8;9;31;7;705
411900;423;11;5;5;4;15;11;3;1;5;10;6;15;514
411910;590;24;39;20;29;24;27;34;29;23;13;11;14;877
411915;19;0;0;0;4;0;1;3;0;0;0;0;2;29
411920;229;2;0;4;2;1;1;1;2;1;1;0;5;249
411930;2103;65;141;91;67;75;81;94;99;60;77;103;139;3195
411940;1711;33;22;26;42;46;33;55;51;42;79;38;33;2211
411950;12349;563;677;609;501;434;488;591;431;458;458;475;585;18619
411960;2499;93;72;54;71;45;59;49;65;51;110;74;194;3436
411970;223;2;7;5;4;4;5;1;3;2;3;4;6;269
411980;514;12;22;19;14;20;15;12;12;4;12;15;10;681
411990;35425;1892;1678;1750;1471;1286;1259;1254;1161;945;1065;1063;1243;51492
412000;4830;201;117;104;143;128;125;134;123;82;183;1181;323;7674
412010;662;25;19;32;12;38;18;44;23;23;62;48;62;1068
412020;146;2;7;0;3;1;3;1;1;2;4;1;5;176
412030;534;26;18;14;14;14;13;11;18;12;22;10;20;726
412035;230;11;8;12;5;16;6;19;3;3;7;17;31;368
412040;274;5;2;4;6;1;5;6;5;2;10;2;1;323
412050;624;20;21;18;11;11;7;11;15;16;16;5;33;808
412060;2182;69;44;56;46;50;47;49;54;61;31;46;163;2898
412070;247;24;6;6;5;7;5;9;4;5;3;3;3;327
412080;6196;1092;617;360;340;437;375;505;390;389;534;507;873;12615
412090;2994;181;99;138;119;87;73;75;77;61;90;76;136;4206
412100;474;6;24;5;12;14;6;15;56;3;10;7;12;644
412110;333;4;12;5;4;8;3;1;2;6;5;1;0;384
412120;392;3;6;13;6;7;9;5;14;4;5;7;36;507
412130;181;1;3;3;4;6;14;3;1;6;1;0;2;225
412140;1397;52;40;44;42;43;24;30;43;26;45;36;46;1868
412150;572;17;6;13;6;7;7;7;12;7;13;16;6;689
412160;475;11;16;4;9;12;14;14;12;5;13;9;26;620
412170;662;18;7;10;7;9;12;15;16;9;23;24;69;881
412180;520;28;20;18;12;6;7;9;9;6;7;6;13;661
412190;962;26;25;17;28;31;37;27;33;28;39;33;46;1332
412200;489;13;3;10;19;21;24;14;10;11;11;8;10;643
412210;182;3;13;3;2;3;1;3;0;2;2;0;11;225
412220;3077;98;81;95;74;48;58;75;66;69;83;59;81;3964
412230;3910;169;163;178;185;598;339;126;157;98;101;132;192;6348
412240;7394;236;339;333;359;256;244;275;269;179;379;217;712;11192
412250;683;8;35;21;33;29;26;13;21;10;24;12;22;937
412260;630;26;8;10;8;12;5;12;6;11;8;8;13;757
412265;18;0;0;0;1;2;3;1;4;1;3;0;0;33
412270;383;12;5;19;13;101;8;13;10;8;8;12;11;603
412280;272;6;12;7;1;1;3;2;1;3;8;9;8;333
412290;156;1;14;0;1;1;6;1;0;1;0;4;15;200
412300;574;14;15;17;8;11;3;9;7;6;8;17;10;699
412310;266;5;10;3;2;9;9;4;0;2;8;5;11;334
412320;397;11;7;11;28;75;11;6;3;2;9;6;5;571
412330;375;9;16;7;6;9;3;3;5;6;4;4;14;461
412340;521;21;14;8;39;6;45;4;5;14;10;7;6;700
412350;1150;26;42;30;14;20;18;56;20;17;19;29;36;1477
412360;159;6;1;2;1;0;0;1;1;2;1;2;13;189
412370;618;8;49;2;7;5;4;11;9;12;10;6;15;756
412380;588;8;9;16;23;21;10;20;14;5;3;14;38;769
412390;699;84;27;25;34;67;51;16;71;27;30;18;11;1160
412400;237;11;2;4;2;2;4;5;8;1;2;4;9;291
412402;17;0;0;0;0;4;3;0;0;0;0;0;1;25
412405;466;22;20;27;16;26;14;21;39;27;27;20;26;751
412410;3842;203;219;171;156;204;146;139;119;88;74;117;218;5696
412420;205;5;1;6;1;1;2;1;1;0;0;2;3;228
412430;203;10;7;3;2;0;2;0;1;3;1;0;8;240
412440;938;107;57;27;27;16;33;20;30;9;19;33;23;1339
412450;330;8;8;5;9;37;6;2;3;4;1;2;13;428
412460;404;3;6;13;5;5;0;7;4;2;3;154;3;609
412470;523;7;13;5;9;7;7;4;3;4;7;9;3;601
412480;882;20;30;30;24;17;38;21;50;16;14;14;11;1167
412490;371;11;5;17;11;10;6;8;4;5;6;10;8;472
412500;957;20;16;34;28;42;12;14;16;7;15;13;18;1192
412510;437;13;14;6;5;10;10;11;9;5;6;6;7;539
412520;331;10;9;11;10;2;6;7;6;6;3;6;12;419
412530;401;9;7;6;22;3;8;10;5;9;7;3;12;502
412535;70;7;3;3;0;0;3;3;0;2;0;1;1;93
412540;198;4;4;41;1;2;3;5;1;0;4;0;6;269
412545;39;0;2;0;2;6;4;3;3;8;3;1;2;73
412550;21712;878;1159;894;787;751;749;816;751;724;703;740;901;31565
412560;2838;158;188;125;130;94;67;74;62;51;101;102;80;4070
412570;1545;62;52;41;54;31;62;44;53;48;51;39;119;2201
412580;1048;13;52;21;23;27;27;17;44;23;12;7;1230;2544
412590;153;1;0;2;4;5;1;0;1;2;0;2;1;172
412600;418;5;6;4;14;10;2;5;3;2;2;2;2;475
412610;533;4;11;9;16;2;9;9;8;30;5;6;43;685
412620;267;6;1;5;1;1;2;1;1;2;4;3;6;300
412625;2459;105;116;103;66;62;115;81;111;77;118;67;74;3554
412630;1791;46;38;62;51;34;81;65;53;38;41;66;76;2442
412640;524;8;21;13;9;21;6;7;8;27;9;10;11;674
412650;1472;46;34;39;53;38;27;32;43;33;34;36;56;1943
412660;1025;21;29;20;26;14;16;17;30;18;21;29;33;1299
412665;84;1;1;3;1;1;2;0;0;0;0;0;0;93
412670;180;1;4;3;2;1;0;2;1;0;21;2;6;223
412680;1029;24;38;31;47;18;28;26;33;25;22;24;118;1463
412690;208;2;11;4;2;2;3;2;1;0;3;2;1;241
412700;766;19;20;40;20;13;10;19;11;11;12;18;48;1007
412710;10577;386;461;374;743;260;205;216;584;165;305;268;376;14920
412720;1866;43;38;64;45;28;60;56;41;58;45;116;58;2518
412730;755;24;19;26;25;31;13;15;25;13;17;18;26;1007
412740;1204;34;22;39;33;24;54;36;38;41;30;23;36;1614
412750;1328;63;56;33;61;37;35;30;33;40;25;25;120;1886
412760;488;24;14;22;7;9;16;15;7;7;19;5;20;653
412770;15043;471;704;588;449;400;400;346;430;381;304;377;712;20605
412780;436;9;10;10;8;3;2;5;17;2;7;14;9;532
412785;345;3;8;36;12;9;8;9;6;2;3;5;26;472
412790;474;2;4;6;5;3;3;2;4;4;9;4;7;527
412795;432;12;8;5;7;9;4;3;9;0;18;23;12;542
412796;573;18;22;19;13;7;20;18;16;26;25;17;19;793
412800;1926;69;77;80;70;40;55;64;54;39;51;44;76;2645
412810;10877;487;538;564;522;411;537;386;376;402;630;330;658;16718
412820;8312;307;255;238;249;191;217;267;239;173;176;212;278;11114
412830;161;3;3;0;0;1;2;1;1;0;0;1;1;174
412840;1047;22;84;30;83;47;21;46;52;19;9;17;20;1497
412850;1044;40;48;20;19;24;32;21;25;18;15;21;34;1361
412855;440;14;11;9;7;21;10;30;21;10;11;4;8;596
412860;339;5;3;5;3;8;5;5;4;5;9;1;6;398
412870;357;10;25;18;7;7;9;8;9;10;12;10;12;494
412880;366;8;19;9;14;0;13;7;4;18;0;7;4;469
419999;694;16;14;23;24;10;11;10;12;9;15;15;19;872
420005;64;0;0;0;0;0;0;1;0;0;0;0;5;70
420010;1062;50;41;31;46;57;35;37;27;23;12;31;136;1588
420020;812;36;27;31;19;28;28;77;65;31;28;30;47;1259
420030;261;5;7;6;8;6;10;22;2;8;14;6;15;370
420040;527;31;23;25;26;27;31;14;22;16;38;21;46;847
420050;75;1;3;1;6;4;3;3;2;0;1;2;1;102
420060;243;1;4;10;3;13;13;11;6;12;16;16;29;377
420070;325;7;7;7;4;9;9;13;6;6;5;2;5;405
420080;297;7;14;3;29;9;5;10;8;6;7;32;10;437
420090;258;6;6;2;1;4;1;4;4;7;2;4;23;322
420100;341;15;14;5;14;2;2;11;2;5;7;9;16;443
420110;141;7;2;3;1;5;1;2;2;3;2;1;0;170
420120;464;5;3;3;8;12;7;9;13;9;23;11;14;581
420125;715;5;16;17;25;22;12;18;9;14;16;26;36;931
420130;1007;45;48;48;29;27;36;49;42;45;30;54;80;1540
420140;6871;325;377;424;315;277;308;289;328;249;235;227;356;10581
420150;410;3;5;10;7;7;5;3;7;5;9;6;13;490
420160;354;5;4;4;4;2;3;6;5;6;9;2;12;416
420170;1289;40;56;68;37;31;41;40;42;42;29;44;53;1812
420180;164;2;1;1;4;3;1;2;3;1;2;2;1;187
420190;140;2;18;2;3;4;4;3;0;2;1;1;2;182
420200;8848;580;820;1115;786;528;451;422;433;379;462;511;725;16060
420210;536;40;46;74;31;29;20;15;25;15;24;29;42;926
420220;1535;33;60;32;32;29;48;37;46;19;41;38;46;1996
420230;2958;143;175;145;133;106;192;121;141;131;141;113;182;4681
420240;71607;2667;2624;2746;2645;2269;2517;2854;2733;2247;2338;2062;2265;101574
420250;258;4;6;8;5;4;3;7;8;1;10;6;11;331
420260;459;8;23;16;15;18;18;8;6;6;7;10;54;648
420270;444;24;12;20;28;11;16;13;23;12;12;7;9;631
420280;2503;87;91;80;62;65;86;119;101;67;89;67;133;3550
420290;18028;738;659;666;515;466;504;645;417;425;507;451;672;24693
420300;11841;445;503;548;381;348;555;378;351;305;288;264;648;16855
420310;315;6;10;5;19;6;9;10;6;2;11;5;26;430
420320;1157;68;64;54;52;74;57;51;92;48;79;111;92;1999
420330;1116;26;35;28;25;26;28;23;27;23;21;17;28;1423
420340;767;213;28;31;40;24;29;25;43;21;22;21;38;1302
420350;586;37;24;30;20;43;37;24;22;24;16;17;102;982
420360;4101;132;204;163;120;98;139;108;132;192;153;98;141;5781
420370;992;47;41;33;22;25;34;31;26;26;22;29;27;1355
420380;7115;351;324;298;250;199;221;302;236;195;186;296;226;10199
420390;3789;88;101;101;471;254;85;56;48;47;48;80;141;5309
420400;2419;71;264;86;131;53;56;73;57;46;66;71;145;3538
420410;134;4;6;4;1;1;1;4;1;1;3;3;5;168
420415;49;0;1;0;0;0;0;1;2;3;0;2;19;77
420420;22368;863;960;899;785;736;803;851;724;736;722;763;1208;32418
420430;10331;287;247;271;260;206;212;274;274;263;278;238;479;13620
420435;9;0;0;1;0;0;0;0;0;2;0;1;0;13
420440;549;29;28;23;9;7;28;13;10;10;21;17;68;812
420450;1529;89;83;79;48;30;54;41;51;49;28;37;55;2173
420455;2185;78;88;99;94;125;139;350;302;393;305;434;248;4840
420460;29073;2661;1454;1493;1166;1137;1534;1254;1433;1212;1187;1162;1064;45830
420470;803;18;22;16;22;25;21;24;31;23;16;24;37;1082
420480;5531;178;178;202;205;165;154;129;139;111;141;128;194;7455
420490;761;19;14;18;8;16;7;14;17;11;20;16;65;986
420500;536;8;13;17;20;16;16;16;15;11;20;18;29;735
420510;198;5;10;0;3;1;6;4;4;6;2;3;11;253
420515;152;11;2;4;6;2;6;1;3;2;6;3;18;216
420520;263;8;5;6;6;2;4;7;3;3;3;1;12;323
420530;1786;36;45;45;45;62;57;35;30;32;37;22;68;2300
420540;153920;2636;3360;3843;3011;2424;2961;2837;2978;2556;2660;2852;3175;189213
420545;129;2;17;69;5;4;0;4;53;24;8;1;5;321
420550;7022;512;579;566;712;497;583;482;459;261;222;251;472;12618
420560;199;1;4;5;4;4;4;3;5;2;0;3;5;239
420570;550;8;36;38;19;18;29;12;9;9;9;11;40;788
420580;480;35;37;21;18;18;20;22;21;22;14;20;26;754
420590;7660;315;400;268;297;331;246;272;238;217;285;283;248;11060
420600;343;26;23;13;12;28;10;6;4;3;9;38;7;522
420610;280;3;1;4;5;7;3;9;10;12;5;5;27;371
420620;507;46;17;25;30;10;16;15;23;16;27;21;22;775
420630;1372;63;26;37;31;24;26;25;34;32;58;34;61;1823
420640;611;24;16;18;8;16;14;9;14;12;10;9;15;776
420650;2607;130;91;100;88;79;123;56;75;126;136;83;105;3799
420660;255;14;10;4;14;5;4;12;5;8;5;6;30;372
420670;1612;52;39;46;193;100;67;68;56;37;34;39;110;2453
420680;220;5;8;5;5;6;4;7;3;5;2;13;9;292
420690;4111;79;59;63;66;63;64;96;58;53;68;79;63;4922
420700;2545;391;93;127;155;77;94;120;87;79;143;108;110;4129
420710;2060;46;30;23;64;58;35;24;37;25;23;50;40;2515
420720;517;8;5;2;6;7;4;4;9;4;14;4;64;648
420730;3176;57;70;115;74;46;34;49;60;46;37;349;74;4187
420740;138;0;2;1;1;0;1;2;1;2;0;3;1;152
420750;7989;299;331;249;269;415;351;316;191;236;299;263;259;11467
420760;141;0;5;1;2;2;2;2;6;3;2;7;5;178
420765;249;1;8;7;4;4;6;4;4;1;11;2;17;318
420770;490;10;9;8;7;17;6;5;6;7;22;5;14;606
420775;54;2;2;3;1;1;4;3;2;1;1;0;0;74
420780;312;26;10;10;9;13;15;29;13;23;12;21;37;530
420790;431;10;8;6;4;12;13;7;6;11;9;20;12;549
420800;139;11;22;5;10;3;4;4;13;7;2;13;1;234
420810;1485;66;58;64;45;38;46;51;38;31;48;45;90;2105
420820;23912;1195;1382;1431;1214;1007;1262;1261;1327;1159;1027;979;1529;38685
420830;1646;74;68;154;58;45;38;48;43;41;63;50;151;2479
420840;2735;51;78;72;74;54;73;64;57;44;63;48;55;3468
420845;9;4;1;1;1;0;1;0;0;0;0;0;0;17
420850;1264;53;43;36;46;32;40;33;28;30;24;28;22;1679
420860;258;11;11;12;10;5;10;4;2;13;7;3;46;392
420870;430;13;9;18;39;12;35;10;9;5;15;5;12;612
420880;1254;37;45;31;185;41;46;55;45;43;112;44;106;2044
420890;27897;906;1205;764;610;712;686;619;602;636;859;600;648;36744
420895;11;0;0;0;0;0;0;1;0;0;0;1;0;13
420900;7206;297;332;286;248;218;265;264;248;241;271;224;318;10418
420910;86438;4171;2944;3455;2923;2784;2734;2793;2732;2207;2793;2653;3078;121705
420915;33;0;1;2;0;5;1;1;1;2;0;1;1;48
420920;167;0;5;4;7;2;2;1;5;0;1;4;5;203
420930;21864;925;1057;947;829;685;910;784;808;753;793;866;805;32026
420940;2862;125;190;289;173;90;94;134;114;133;139;126;560;5029
420950;336;11;12;8;10;5;8;7;12;33;51;11;14;518
420960;1208;17;16;23;30;10;73;28;15;14;18;21;27;1500
420970;481;24;42;22;15;17;24;54;23;18;19;21;21;781
420980;99;1;0;1;0;0;1;0;1;0;1;0;0;104
420985;9;1;2;0;3;1;0;0;0;2;0;1;0;19
420990;611;16;10;37;20;16;12;29;20;12;19;20;31;853
421000;781;5;13;17;39;9;15;6;27;13;27;26;41;1019
421010;6749;510;346;238;218;269;228;466;283;255;283;294;446;10585
421020;79;3;8;2;1;4;2;0;4;0;1;0;1;105
421030;288;4;3;7;4;5;8;20;4;2;5;5;9;364
421040;464;26;10;35;19;13;14;25;19;9;12;33;8;687
421050;2497;72;95;132;120;69;70;88;101;57;81;76;139;3597
421055;1;0;0;0;0;0;0;0;0;0;0;0;0;1
421060;1355;40;49;35;34;36;31;29;27;19;35;39;43;1772
421070;390;9;14;9;8;10;20;12;10;18;11;4;57;572
421080;572;6;16;21;25;11;24;8;9;8;13;9;29;751
421090;479;11;8;13;17;10;14;7;6;9;7;11;8;600
421100;912;19;22;27;26;22;32;26;24;14;45;27;74;1270
421110;494;8;17;11;11;7;7;11;10;13;15;13;19;636
421120;2146;142;91;99;79;85;107;75;66;53;60;62;78;3143
421130;2268;69;156;113;130;154;127;186;197;176;190;111;522;4399
421140;188;9;7;5;3;5;10;2;2;4;3;3;9;250
421150;1080;63;99;72;74;70;114;91;101;67;99;121;148;2199
421160;1407;89;91;94;60;27;53;51;28;29;34;41;73;2077
421170;2138;57;74;64;117;58;66;48;65;63;68;65;69;2952
421175;2344;47;33;42;55;22;34;43;27;43;61;27;43;2821
421180;319;17;4;9;8;12;5;7;10;11;16;6;26;450
421190;4002;160;211;217;181;183;227;234;173;201;224;221;301;6535
421200;695;14;26;11;16;12;14;12;12;13;9;9;14;857
421210;1026;28;29;45;35;38;40;26;49;17;25;25;72;1455
421220;1298;50;47;46;68;37;83;89;96;37;27;56;97;2031
421223;1;0;0;0;0;0;0;0;0;0;0;0;0;1
421230;1010;28;27;41;36;30;29;35;53;45;45;50;33;1462
421240;236;1;3;2;2;0;1;6;3;1;1;4;13;273
421250;1284;91;75;135;70;23;35;47;47;52;52;63;132;2106
421260;184;4;3;2;0;4;1;6;5;3;8;1;5;226
421270;256;9;7;9;7;3;219;15;7;3;4;3;1;543
421280;672;51;68;91;21;28;20;19;14;24;30;23;47;1108
421290;1011;40;15;49;39;15;29;30;22;21;43;35;98;1447
421300;329;10;14;22;12;12;17;7;9;8;8;7;10;465
421310;213;7;4;11;5;7;6;8;5;5;5;12;12;300
421320;5874;131;148;137;126;123;140;132;142;129;129;111;126;7448
421330;335;6;15;14;22;8;2;10;11;13;13;15;29;493
421340;997;90;70;59;45;25;27;43;28;39;42;47;97;1609
421350;832;50;48;79;68;17;41;15;23;16;29;35;41;1294
421360;3260;126;116;117;97;67;87;104;93;84;91;87;125;4454
421370;705;51;32;28;25;48;46;40;66;24;21;58;39;1183
421380;537;20;19;25;106;6;3;14;9;13;10;18;14;794
421390;15;2;0;0;5;0;1;0;0;0;0;0;2;25
421400;1472;64;56;51;43;40;46;37;21;26;23;18;44;1941
421410;58;0;2;1;3;0;1;0;1;1;4;4;4;79
421420;672;15;16;20;9;12;12;18;10;6;12;13;31;846
421430;142;0;3;0;2;1;0;1;1;1;1;0;0;152
421440;274;11;10;3;7;21;4;13;5;6;10;5;23;392
421450;379;7;24;16;7;9;15;9;10;8;11;7;22;524
421460;378;10;10;12;13;8;18;5;9;3;8;11;28;513
421470;872;25;29;90;27;10;21;22;16;32;36;24;178;1382
421480;11371;426;639;526;461;504;455;427;335;380;344;336;518;16722
421490;189;3;1;7;6;1;5;6;1;2;4;1;1;227
421500;8186;457;355;301;317;266;217;299;288;618;666;266;300;12536
421510;2367;56;70;66;34;38;49;45;56;48;57;38;38;2962
421520;115;2;4;3;3;5;1;1;7;4;4;4;11;164
421530;1249;41;51;47;31;38;71;29;41;28;41;33;35;1735
421540;458;10;16;8;36;26;11;12;11;8;13;31;31;671
421550;2033;125;189;126;139;83;86;90;73;58;82;68;139;3291
421560;79;0;0;3;0;0;1;0;1;0;0;1;1;86
421565;122;3;14;35;12;4;2;3;0;3;0;4;35;237
421570;1532;45;36;38;37;31;37;43;57;35;67;52;88;2098
421580;16653;422;561;481;361;333;431;431;495;351;337;365;461;21682
421590;175;1;1;3;7;3;3;2;0;1;2;3;5;206
421600;721;14;8;14;18;13;6;9;8;9;21;8;7;856
421610;697;12;23;32;23;18;19;14;25;8;21;29;66;987
421620;3270;96;93;78;62;50;67;49;188;28;57;65;70;4173
421625;0;0;0;0;0;0;0;0;0;0;1;0;0;1
421630;1520;61;64;44;36;28;30;35;24;44;54;30;100;2070
421640;187;3;7;10;9;3;5;3;4;3;5;8;11;258
421650;2304;78;63;105;114;133;98;138;91;43;51;82;222;3522
421660;18864;1172;1121;1266;909;848;944;1038;848;888;905;864;967;30634
421670;888;40;33;26;20;16;27;12;17;20;11;26;41;1177
421680;94;3;3;7;9;2;2;6;8;6;4;11;6;161
421690;1779;72;44;60;72;95;162;56;56;36;49;64;92;2637
421700;947;43;23;28;35;27;21;31;31;21;34;38;30;1309
421710;150;1;4;4;2;2;0;0;2;0;3;1;1;170
421720;4583;159;166;186;180;171;195;159;169;124;132;133;365;6722
421730;587;17;22;23;17;17;12;19;9;16;10;9;33;791
421740;975;24;37;33;28;16;32;32;22;17;17;28;27;1288
421750;2382;81;73;90;67;74;73;52;52;57;52;53;50;3156
421755;46;2;2;1;2;4;2;0;3;1;2;0;9;74
421760;1331;42;38;108;104;36;111;273;67;34;26;25;47;2242
421770;2789;175;534;452;440;148;178;279;143;130;151;162;406;5987
421780;2087;65;87;92;117;58;113;77;71;58;67;73;95;3060
421790;905;30;45;44;47;36;32;33;19;18;26;19;73;1327
421800;2808;77;64;79;97;84;119;60;91;83;85;96;157;3900
421810;196;5;8;3;8;3;6;5;7;5;140;3;55;444
421820;8035;241;246;244;211;436;300;277;242;155;235;218;226;11066
421825;768;25;15;26;29;20;19;30;24;19;22;21;20;1038
421830;2438;128;95;95;78;77;105;95;132;84;67;66;310;3770
421840;422;10;15;18;6;14;16;10;36;21;8;12;11;599
421850;444;18;18;14;9;8;11;15;9;6;5;8;10;575
421860;1101;34;57;13;32;17;21;70;28;25;28;23;25;1474
421870;16535;623;633;715;656;740;676;515;487;441;554;603;741;23919
421875;90;2;0;1;3;2;3;1;1;1;4;0;30;138
421880;683;18;18;20;39;24;43;43;17;19;16;18;22;980
421885;145;1;0;2;0;1;0;2;0;1;3;0;2;157
421890;559;13;15;10;7;4;14;17;10;1;13;6;58;727
421895;72;0;0;1;0;0;0;0;1;0;0;0;0;74
421900;6238;206;214;294;193;181;592;296;234;177;187;156;254;9222
421910;269;8;9;13;4;4;6;9;5;9;5;6;5;352
421920;150;11;3;10;7;0;6;4;6;5;4;3;41;250
421930;8080;320;317;793;1236;714;364;210;261;212;230;308;389;13434
421935;120;1;5;2;1;6;3;3;1;4;1;1;8;156
421940;131;2;2;4;1;3;1;3;2;2;2;0;5;158
421950;4936;183;181;186;247;145;208;181;275;148;180;186;383;7439
421960;140;4;0;4;5;3;2;5;3;7;2;1;27;203
421970;3660;98;90;103;112;91;110;111;105;59;164;101;202;5006
429999;72;5;1;2;5;2;12;4;3;4;4;1;7;122
430005;6;0;0;0;1;0;0;0;0;0;0;0;0;7
430010;1118;14;16;28;41;52;63;33;15;14;22;18;22;1456
430030;367;12;6;8;9;7;8;12;8;8;8;7;22;482
430040;9146;311;301;379;400;454;599;421;286;346;278;254;440;13615
430045;3;0;0;0;0;0;1;0;0;0;0;1;0;5
430050;88;7;3;1;6;4;2;2;1;1;2;2;3;122
430055;5;0;0;0;0;0;0;0;0;0;0;0;0;5
430060;5355;252;278;343;212;194;224;192;197;165;193;183;207;7995
430066;1;0;0;0;0;0;0;0;0;0;1;0;0;2
430070;567;17;19;21;19;7;10;23;8;10;13;24;15;753
430080;1857;58;48;66;44;28;51;39;43;37;39;37;65;2412
430090;378;13;15;11;14;9;14;5;8;6;5;5;10;493
430100;4498;113;122;115;126;104;113;106;113;92;106;129;204;5941
430105;697;29;30;12;17;47;21;14;8;11;17;10;16;929
430110;5076;271;216;362;232;225;278;245;378;392;263;179;211;8328
430120;919;13;8;10;12;31;24;23;19;22;20;9;31;1141
430130;1837;58;49;70;94;142;75;34;64;32;38;51;69;2613
430140;476;5;9;11;8;10;11;8;10;9;9;6;24;596
430150;481;37;21;18;20;28;15;12;8;7;10;3;30;690
430155;1;0;0;0;0;0;0;0;0;0;0;0;0;1
430160;16720;678;1199;666;587;566;539;434;527;388;297;548;1054;24203
430165;2;0;0;0;0;0;0;0;0;0;0;0;0;2
430170;392;10;15;14;5;7;3;6;13;2;5;2;9;483
430180;319;5;5;5;3;18;3;7;8;3;3;6;7;392
430190;1501;98;57;75;85;60;73;73;64;50;38;51;78;2303
430200;372;1;5;7;12;8;4;3;11;5;1;5;10;444
430210;22014;809;1112;1161;868;693;762;864;803;713;738;756;1000;32293
430220;791;29;18;7;14;15;18;38;20;12;22;15;19;1018
430230;1780;40;39;59;92;58;48;48;95;48;82;56;193;2638
430235;1558;44;37;58;48;36;39;46;39;70;52;66;67;2160
430240;2635;72;64;74;75;50;69;73;51;32;46;91;69;3401
430250;530;9;14;9;12;47;20;11;5;4;4;20;14;699
430260;266;1;1;1;3;6;3;3;3;1;4;2;0;294
430265;94;2;1;1;0;1;0;1;2;1;1;0;12;116
430270;2774;68;56;88;67;50;61;82;60;74;76;69;67;3592
430280;4387;75;121;85;93;93;75;91;71;71;61;93;116;5432
430290;932;13;11;24;14;33;19;7;9;15;20;13;17;1127
430300;10459;330;320;381;371;372;373;454;372;262;288;247;608;14837
430310;10952;753;829;839;996;578;668;715;630;754;658;820;789;19981
430320;215;1;1;5;2;4;3;1;3;4;4;3;13;259
430330;549;5;10;13;15;9;9;9;3;4;7;6;16;655
430340;50;2;2;0;1;0;1;3;2;1;0;0;0;62
430350;6829;242;236;235;338;294;324;242;287;161;183;227;430;10028
430355;4;0;1;0;0;0;1;1;1;0;0;0;0;8
430360;1325;40;31;19;42;34;39;41;34;49;44;39;37;1774
430370;188;4;1;4;6;7;4;2;2;0;3;5;7;233
430380;452;4;2;12;2;9;4;4;5;2;4;9;22;531
430390;18888;823;882;834;968;642;794;937;1011;967;818;827;860;29251
430400;699;12;11;11;23;11;13;8;11;12;13;9;93;926
430410;134;0;1;1;1;0;0;0;0;0;0;0;9;146
430420;1938;125;92;90;218;93;46;44;64;59;65;40;67;2941
430430;383;5;8;5;6;3;12;4;5;4;7;5;4;451
430440;4358;205;197;230;200;236;238;350;227;186;166;205;257;7055
430450;2102;207;88;84;115;51;53;46;96;45;52;52;176;3167
430460;49838;2293;2334;2767;2402;1980;2344;2400;2235;1923;2263;2433;2623;77835
430463;2800;198;665;558;178;93;88;74;96;97;228;98;250;5423
430466;2258;203;230;77;59;64;68;179;111;66;71;65;92;3543
430468;340;49;75;33;12;10;10;9;11;16;22;11;15;613
430470;8020;287;212;318;254;279;309;256;289;203;202;203;431;11263
430480;4303;87;197;109;65;76;86;82;96;77;78;82;143;5481
430490;918;33;27;19;15;31;33;36;27;34;48;22;47;1290
430495;2;0;0;0;0;0;0;0;0;0;1;0;0;3
430500;808;21;7;20;20;33;16;16;15;15;46;25;24;1066
430510;78685;3132;3462;3840;3053;2270;2878;3203;2949;2873;2696;2587;3405;115033
430513;23;0;0;1;0;0;0;0;0;1;1;0;0;26
430515;0;0;0;0;0;1;0;0;0;0;0;0;0;1
430517;120;13;1;1;2;3;4;5;4;3;7;1;39;203
430520;1626;53;60;61;64;53;49;39;42;30;50;49;101;2277
430530;702;16;16;15;24;22;20;18;8;9;6;19;12;887
430535;2615;52;119;152;277;178;89;78;114;80;69;80;74;3977
430540;429;21;18;10;4;55;13;11;13;6;4;15;103;702
430545;166;12;46;37;18;10;2;0;0;2;3;4;2;302
430550;238;3;2;2;3;13;3;3;3;1;3;0;11;285
430560;317;10;1;4;4;27;7;6;4;1;4;12;4;401
430570;563;13;9;11;13;53;13;7;11;7;6;6;17;729
430580;561;6;16;19;37;38;18;10;7;11;14;28;81;846
430590;389;27;19;7;7;39;15;9;22;7;15;7;16;579
430595;417;4;1;8;13;7;6;7;6;1;7;11;3;491
430600;1154;33;22;29;30;18;34;31;16;16;14;21;26;1444
430605;116;41;92;128;19;9;40;13;47;145;38;30;58;776
430610;7034;260;179;290;260;288;249;236;230;225;215;222;369;10057
430620;1068;34;30;25;32;32;81;28;33;17;19;28;25;1452
430630;177;2;8;3;2;2;3;1;1;1;1;1;3;205
430635;11;0;0;0;0;1;2;0;0;0;0;0;1;15
430640;7502;127;240;188;192;186;172;151;181;178;190;147;238;9692
430645;84;1;3;1;2;4;2;2;1;0;0;0;38;138
430650;359;1;3;2;4;3;4;5;2;2;3;1;0;389
430660;4390;123;130;149;206;225;204;118;132;87;92;100;132;6088
430670;139;1;0;4;7;3;2;4;0;3;0;2;1;166
430673;175;2;1;5;0;6;1;1;2;2;1;1;11;208
430676;404;33;35;27;28;27;12;23;19;27;23;11;27;696
430680;3711;180;158;150;115;98;97;108;121;104;93;178;118;5231
430690;1988;158;67;129;147;73;99;138;111;71;76;79;146;3282
430693;371;8;2;6;10;9;5;4;7;5;2;8;6;443
430695;14;0;0;0;0;1;0;1;1;0;11;1;2;31
430697;105;0;2;3;0;0;3;0;2;3;1;1;6;126
430700;16210;631;764;738;624;486;564;689;637;590;730;651;789;24103
430705;20;0;0;1;0;1;1;0;0;1;0;0;1;25
430710;385;2;2;4;1;5;8;4;6;3;3;3;6;432
430720;200;3;6;4;3;0;1;2;1;1;3;0;1;225
430730;553;7;16;12;4;11;8;7;4;1;7;8;7;645
430740;219;3;5;4;7;2;4;6;2;4;5;3;18;282
430750;1725;38;38;62;108;128;62;45;27;58;50;41;133;2515
430755;68;0;4;3;3;1;3;6;3;3;0;3;1;98
430760;10829;510;555;559;899;510;507;558;496;463;508;437;548;17379
430770;12412;703;699;834;569;572;585;561;518;479;564;801;626;19923
430780;7462;226;252;279;227;180;325;257;253;201;209;327;336;10534
430783;118;3;0;2;0;6;0;1;0;0;0;1;4;135
430786;270;0;1;1;2;3;0;1;1;0;0;2;5;286
430790;16113;441;464;660;581;410;563;471;549;563;518;476;680;22489
430800;729;31;12;18;16;18;12;19;18;7;15;13;42;950
430805;21;1;0;0;1;0;0;1;1;0;0;1;1;27
430810;3036;103;112;105;128;86;85;118;102;76;79;71;83;4184
430820;4048;132;153;172;135;139;142;225;186;124;137;98;161;5852
430830;569;7;6;9;9;16;9;8;8;12;9;16;34;712
430840;337;0;4;1;8;23;7;6;2;3;1;0;28;420
430845;297;8;4;12;19;37;18;13;7;2;4;13;18;452
430850;3368;84;95;109;126;74;94;99;74;94;85;89;112;4503
430860;5615;192;217;352;168;161;231;170;151;189;192;166;448;8252
430870;558;7;21;10;132;19;5;6;7;11;9;6;48;839
430880;610;17;31;32;71;33;40;51;18;21;26;14;51;1015
430890;3449;162;109;134;203;119;72;74;56;88;50;87;113;4716
430900;1969;65;56;61;53;125;64;44;41;28;45;90;73;2714
430905;84;0;0;2;2;2;1;0;0;0;0;0;1;92
430910;6501;381;411;376;337;284;398;353;307;341;332;270;305;10596
430920;21706;891;831;816;698;610;574;713;767;493;540;580;684;29903
430925;33;3;0;0;0;0;0;0;0;0;0;0;1;37
430930;12654;530;674;525;592;854;450;592;411;619;339;376;420;19036
430940;4177;185;108;137;141;91;144;167;100;145;164;128;240;5927
430950;889;13;14;15;9;9;28;15;11;9;8;17;12;1049
430955;58;0;0;1;0;0;0;1;0;1;1;1;2;65
430960;2654;35;40;67;37;46;35;31;22;39;36;34;76;3152
430970;591;13;18;11;18;14;10;8;15;21;9;11;18;757
430975;383;8;5;2;2;4;9;4;2;3;4;3;42;471
430980;247;7;2;2;1;5;4;2;2;1;2;4;8;287
430990;467;6;15;16;19;25;17;18;24;18;19;7;17;668
430995;129;1;1;0;0;1;2;2;3;1;1;1;3;145
431000;2395;50;39;54;89;52;77;66;53;50;53;45;159;3182
431010;6422;272;367;410;327;389;463;344;339;441;464;399;527;11164
431020;10855;522;605;463;417;545;348;377;364;322;276;386;500;15980
431030;183;6;13;3;6;6;9;5;7;6;6;10;18;278
431033;34;4;13;4;4;4;1;4;1;2;5;5;6;87
431036;32;0;0;1;1;1;0;0;1;1;2;0;0;39
431040;510;10;10;21;8;28;30;4;15;16;25;7;23;707
431043;461;5;0;1;7;7;9;10;4;5;3;4;8;524
431046;83;0;0;0;0;5;6;0;2;0;2;0;7;105
431050;517;14;10;13;13;23;20;26;9;5;13;14;8;685
431055;111;0;1;2;0;0;0;1;1;0;0;0;14;130
431060;3869;103;161;143;263;166;190;129;144;139;113;108;179;5707
431070;205;0;2;2;3;4;5;5;1;0;1;3;8;239
431075;21;1;0;0;0;0;0;0;0;0;1;0;0;23
431080;6359;169;233;268;214;175;258;204;193;192;218;193;251;8927
431085;20;1;1;0;0;1;0;0;0;1;0;0;0;24
431090;276;4;3;7;16;2;4;5;4;4;1;19;21;366
431100;3244;103;98;143;139;155;113;92;81;53;104;145;148;4618
431110;1287;21;46;28;43;26;26;30;28;25;21;23;36;1640
431112;91;6;8;4;1;4;2;4;0;1;2;5;1;129
431115;443;21;3;6;15;33;10;13;10;9;12;11;22;608
431120;1739;21;29;34;39;74;45;45;34;25;36;29;58;2208
431125;179;1;1;1;2;0;1;1;3;2;2;3;5;201
431130;3205;160;101;109;94;109;142;138;137;111;108;101;99;4614
431140;14837;628;439;652;453;437;735;532;517;447;482;456;675;21290
431150;1599;8;20;10;17;27;16;13;15;15;10;5;32;1787
431160;215;2;3;11;1;4;7;1;2;1;0;3;2;252
431170;244;1;2;3;6;0;5;2;3;2;3;3;2;276
431180;4991;180;168;180;429;249;206;87;108;102;173;107;245;7225
431190;411;11;2;22;8;11;18;8;9;5;6;7;16;534
431200;158;1;1;6;0;0;0;1;1;0;1;1;0;170
431210;224;2;4;1;4;0;5;5;1;2;3;5;3;259
431220;249;9;10;9;3;6;7;3;4;3;4;7;21;335
431230;231;9;3;1;0;1;5;3;1;0;0;5;22;281
431235;45;0;0;0;0;0;1;0;0;0;0;0;8;54
431240;10704;363;407;482;528;448;356;360;299;315;328;395;374;15359
431245;658;300;171;5;79;4;4;1;2;2;4;5;39;1274
431250;663;12;11;10;12;13;8;17;9;9;12;8;7;791
431260;1217;31;22;32;26;31;47;24;22;40;26;31;67;1616
431265;2389;50;49;123;116;77;75;50;50;49;61;77;75;3241
431270;1055;24;14;13;36;32;21;20;23;14;21;30;160;1463
431275;75;0;12;3;0;4;0;2;0;0;0;0;8;104
431280;407;2;10;8;6;10;4;15;9;9;3;6;20;509
431290;1035;44;32;39;103;50;22;38;36;35;21;15;22;1492
431300;201;2;5;3;2;2;2;1;1;3;1;1;14;238
431303;88;5;0;3;1;0;0;1;1;0;3;0;1;103
431306;3466;123;167;200;157;175;184;156;165;157;182;176;168;5476
431310;390;11;8;2;8;5;10;6;2;5;10;7;30;494
431320;4792;113;176;190;138;121;151;148;88;79;103;94;169;6362
431330;2953;75;99;99;72;83;92;68;59;91;64;57;64;3876
431335;130;1;0;3;1;1;1;1;1;1;4;1;2;147
431340;66039;3405;3262;3634;3417;3115;4028;3790;3422;3436;3635;3436;4002;108621
431350;5713;241;415;398;284;223;238;392;219;231;263;240;254;9111
431360;387;5;4;8;4;4;7;8;1;5;10;3;5;451
431365;1452;51;71;99;83;60;51;53;67;35;36;51;59;2168
431370;3791;133;124;147;138;204;145;147;101;91;103;122;186;5432
431380;338;2;0;5;4;1;1;3;1;5;6;2;2;370
431390;5835;174;333;251;230;278;165;144;146;143;149;163;236;8247
431395;451;5;4;12;6;8;8;6;7;5;8;6;17;543
431400;454;17;12;9;14;8;18;7;6;11;18;24;14;612
431402;6;0;0;0;1;0;1;0;1;0;0;0;0;9
431405;10973;232;218;320;359;274;291;307;299;386;354;500;315;14828
431410;28259;995;976;1030;993;875;858;1024;918;803;951;884;1125;39691
431415;33;1;5;2;2;1;4;0;1;1;0;1;1;52
431420;1039;34;36;41;54;35;34;36;67;24;28;20;36;1484
431430;391;6;1;2;4;12;10;13;6;1;8;5;7;466
431440;57575;6344;5589;3149;3048;2818;2367;2149;2262;1775;2366;2340;4312;96094
431445;183;1;2;2;2;0;0;3;2;3;0;2;1;201
431450;1498;39;20;29;24;11;11;11;20;17;16;12;10;1718
431455;154;2;1;0;0;9;5;0;0;0;0;1;1;173
431460;1606;68;452;41;25;33;44;68;143;28;35;72;507;3122
431470;619;21;13;6;15;13;8;13;19;9;7;9;95;847
431475;49;0;1;0;0;1;1;0;0;0;1;0;3;56
431480;4775;209;209;293;261;242;192;202;217;179;164;221;203;7367
431490;537404;18927;17625;19311;17817;15621;17184;16354;16589;14449;14982;21102;16400;743765
431500;485;31;8;13;18;14;11;8;9;28;25;14;3;667
431510;633;14;25;15;9;14;33;10;11;5;10;22;29;830
431513;16;2;0;0;0;1;0;1;0;0;1;0;0;21
431515;39;0;0;0;4;0;1;0;0;0;2;1;1;48
431517;129;1;1;2;2;0;8;1;3;3;1;4;13;168
431520;265;11;4;5;2;3;2;0;8;2;3;2;5;312
431530;1831;65;65;90;74;39;54;49;66;41;43;50;78;2545
431535;219;12;8;25;4;7;2;4;5;2;8;6;2;304
431540;278;2;4;1;2;0;3;0;3;4;0;4;6;307
431545;64;0;0;0;0;1;4;0;0;0;0;0;1;70
431550;966;24;21;42;27;18;26;17;21;13;11;38;36;1260
431560;33508;910;997;1460;1118;881;931;801;826;804;952;777;1078;45043
431570;4645;113;129;136;184;381;114;164;120;98;100;108;190;6482
431575;287;3;10;21;5;1;8;1;5;8;5;2;5;361
431580;1831;48;41;32;46;35;38;59;74;29;35;61;57;2386
431590;398;5;10;9;4;3;3;5;3;2;2;3;12;459
431600;4518;149;154;178;215;169;222;147;168;142;157;178;177;6574
431610;650;22;15;13;30;32;7;12;10;8;16;20;19;854
431620;274;2;3;2;1;2;3;0;2;1;1;6;13;310
431630;366;8;10;7;7;22;11;9;2;3;8;10;23;486
431640;3535;128;125;194;292;210;131;168;201;90;142;161;259;5636
431643;201;3;3;4;1;5;1;1;2;1;2;2;13;239
431645;855;5;3;11;6;35;10;19;22;8;44;73;12;1103
431650;1750;112;60;58;37;30;57;49;29;35;27;47;65;2356
431660;1376;48;37;39;33;27;31;44;24;25;32;26;73;1815
431670;1390;18;28;55;58;71;51;29;60;26;28;28;47;1889
431680;22682;993;1121;1604;1900;2495;2247;4452;2021;1750;1005;959;1441;44670
431690;34553;1212;1243;1658;1275;877;1077;1048;1084;910;876;1036;1241;48090
431695;251;2;8;3;6;0;3;4;0;4;7;3;2;293
431700;482;7;13;20;48;9;5;3;2;0;3;0;8;600
431710;10892;458;559;1376;507;971;635;2395;625;1119;352;536;1514;21939
431720;9866;313;302;336;355;542;331;319;256;253;272;277;576;13998
431730;4972;212;274;386;461;759;212;178;220;149;223;500;361;8907
431740;5200;184;160;155;187;135;145;142;164;112;109;134;174;7001
431750;10756;366;365;363;344;345;340;352;388;277;478;337;394;15105
431760;5032;160;163;212;244;139;148;107;152;125;149;130;266;7027
431770;669;9;11;9;24;25;15;13;13;5;7;17;22;839
431780;1861;77;79;65;59;131;68;58;75;99;44;99;78;2793
431790;1306;29;26;25;18;23;30;32;18;36;37;41;38;1659
431800;6453;231;187;260;372;286;298;255;234;154;161;162;314;9367
431805;385;6;10;10;8;7;7;28;8;4;8;3;1;485
431810;1687;29;20;23;64;38;43;20;15;6;17;10;19;1991
431820;2481;62;104;110;84;89;121;95;114;78;105;90;108;3641
431830;5922;146;168;219;346;328;257;169;176;112;158;134;257;8392
431840;2806;54;60;88;63;74;62;69;80;60;51;60;72;3599
431842;380;12;32;29;13;5;12;17;20;5;8;16;32;581
431844;243;12;13;10;13;4;9;3;6;1;6;17;2;339
431846;84;1;1;0;0;0;1;2;1;1;0;1;1;93
431848;205;6;5;20;9;6;4;4;3;4;1;4;6;277
431850;1119;13;19;27;43;26;29;16;26;10;16;39;71;1454
431860;698;15;11;25;15;19;16;12;14;14;11;10;97;957
431870;33526;1749;1369;1650;1344;1282;1328;1321;1318;1160;1203;1105;1333;49688
431880;2970;68;99;88;72;130;90;71;77;68;55;69;115;3972
431890;4691;94;111;96;135;167;107;107;82;56;58;94;176;5974
431900;3812;148;187;134;174;80;136;132;114;117;169;105;133;5441
431910;467;23;8;10;7;8;6;5;11;4;4;6;10;569
431915;267;5;0;3;0;5;3;0;2;1;7;0;5;298
431920;317;6;5;14;17;7;7;3;0;8;23;7;33;447
431930;412;5;2;8;7;7;7;4;5;5;6;3;4;475
431940;1244;28;36;41;75;29;22;42;36;30;27;37;44;1691
431950;4216;151;149;176;298;188;168;140;113;120;134;97;163;6113
431960;2414;39;47;88;110;131;76;92;45;45;32;54;73;3246
431970;338;8;7;15;8;3;6;6;6;2;4;11;12;426
431975;42;3;0;2;0;0;0;0;2;2;1;0;16;68
431980;582;8;13;3;20;15;11;11;6;9;7;3;28;716
431990;20930;886;1345;1272;1340;1200;1397;1179;976;968;1051;1269;1252;35065
432000;10657;369;384;371;347;397;504;355;352;301;314;418;329;15098
432010;2818;95;93;116;114;78;92;77;93;95;85;83;304;4143
432020;585;4;10;1;9;10;2;13;7;5;5;7;29;687
432023;22;3;1;0;0;1;1;0;1;0;1;0;0;30
432026;161;8;2;3;2;2;6;1;3;4;2;2;3;199
432030;375;12;7;6;16;19;4;10;10;4;6;3;13;485
432040;2086;128;56;109;146;59;39;39;56;42;123;59;62;3004
432050;680;4;9;10;18;14;27;8;8;6;4;4;11;803
432060;206;0;1;5;5;1;3;3;3;2;1;2;2;234
432065;77;2;0;0;2;0;0;0;0;0;2;0;1;84
432070;1351;53;57;34;41;47;36;54;41;21;25;36;44;1840
432080;2906;75;86;146;92;70;91;111;86;68;93;82;120;4026
432090;1588;48;76;66;36;48;50;22;64;33;54;59;122;2266
432100;1646;49;37;31;53;58;48;24;40;46;25;48;90;2195
432110;2047;73;63;79;99;74;81;57;98;85;75;71;58;2960
432120;8571;356;505;447;561;486;431;354;387;385;402;422;450;13757
432130;4612;128;132;157;419;179;162;151;166;159;218;152;607;7242
432132;97;0;0;0;1;0;0;0;1;1;1;0;6;107
432135;171;0;1;8;2;0;5;1;0;0;5;1;26;220
432140;1103;66;34;26;20;45;24;25;30;23;13;23;26;1458
432143;418;5;16;20;41;6;7;8;5;3;7;4;77;617
432145;4724;126;104;171;130;121;97;101;117;73;52;93;142;6051
432150;3386;415;861;419;191;89;86;86;87;75;103;118;251;6167
432160;3317;184;410;587;198;115;98;109;124;62;99;93;123;5519
432163;9;0;1;0;1;0;0;1;0;0;0;0;0;12
432166;350;16;25;13;15;13;11;6;15;8;8;13;10;503
432170;5727;194;281;279;249;279;285;312;308;258;317;252;335;9076
432180;2940;103;91;120;87;86;119;88;72;82;48;107;135;4078
432185;59;1;1;0;4;2;1;2;1;0;2;1;3;77
432190;4301;91;86;104;98;62;91;87;88;86;74;94;166;5428
432195;12;2;1;1;0;1;0;1;1;0;1;1;1;22
432200;5376;316;217;252;213;189;178;184;235;206;361;532;323;8582
432210;702;13;10;22;31;28;18;16;23;13;13;20;34;943
432215;154;0;0;7;0;0;1;1;0;0;0;0;1;164
432220;1685;38;34;41;48;150;49;33;40;20;26;53;86;2303
432225;14;1;0;0;0;2;0;1;0;0;5;3;3;29
432230;799;39;21;24;22;36;19;11;6;17;18;23;19;1054
432240;14447;644;745;836;929;835;774;713;700;762;758;673;812;23628
432250;9778;480;489;517;602;339;432;443;403;282;337;367;555;15024
432255;55;1;0;1;2;2;0;0;0;0;2;0;9;72
432260;7612;421;491;523;618;607;763;2301;518;1897;1429;470;533;18183
432270;2076;84;83;89;123;205;645;1172;152;111;77;117;89;5023
432280;4235;139;151;104;115;105;132;328;126;109;124;146;133;5947
432290;259;2;3;2;4;6;7;2;6;2;2;3;3;301
432300;7012;233;270;247;231;202;264;245;213;194;186;240;266;9803
432310;167;3;5;18;14;15;8;10;3;4;1;0;30;278
432320;349;3;9;9;12;34;12;7;7;0;19;12;15;488
432330;82;3;0;3;2;0;0;2;0;1;0;3;0;96
432340;21;1;1;0;0;0;4;0;0;2;0;1;0;30
432350;7;0;0;1;0;0;0;0;0;0;0;0;0;8
432360;49;0;0;1;0;0;0;0;0;0;1;0;2;53
432370;66;19;10;1;2;2;2;0;0;0;0;3;9;114
439999;2360;17;83;53;43;43;40;33;38;20;55;35;132;2952
500020;3667;87;101;109;79;66;72;44;41;209;51;46;38;4610
500060;1685;66;53;66;42;40;37;47;49;29;54;52;65;2285
500070;1577;45;47;66;48;28;30;37;32;54;27;34;70;2095
500080;549;24;16;13;12;20;9;9;9;18;17;19;22;737
500085;259;8;7;13;9;5;6;11;9;11;2;5;9;354
500090;150;6;0;3;7;3;2;1;2;2;1;2;3;182
500100;1880;52;33;31;39;54;46;39;210;49;84;133;103;2753
500110;2535;107;79;85;115;59;78;71;86;53;76;63;66;3473
500124;326;8;4;7;6;5;12;9;4;1;3;5;4;394
500150;447;22;11;9;13;7;12;12;19;17;12;15;12;608
500190;1050;63;75;55;53;43;44;54;30;21;28;45;55;1616
500200;476;15;13;16;11;10;16;11;12;8;5;14;11;618
500210;628;28;12;21;25;16;20;14;23;12;24;10;17;850
500215;545;136;179;182;259;87;205;138;117;95;72;225;108;2348
500220;698;40;31;19;34;22;53;31;25;14;33;20;13;1033
500230;1341;31;27;43;46;44;34;69;58;40;201;41;41;2016
500240;1343;46;24;27;25;36;18;32;31;14;36;28;59;1719
500260;922;55;37;44;47;39;41;31;54;33;34;45;31;1413
500270;130454;4536;4358;4926;4261;3343;3938;3920;3977;3659;3737;3834;4311;179254
500280;28;4;1;0;1;0;0;1;0;1;0;0;1;37
500290;1748;67;61;73;78;70;61;66;64;54;97;75;157;2671
500295;526;14;8;12;13;29;13;17;16;17;16;15;55;751
500310;105;5;2;1;1;2;3;0;1;1;3;0;2;126
500315;6;0;0;0;0;0;0;0;0;0;0;0;0;6
500320;6400;269;245;323;283;202;240;233;252;211;315;476;317;9766
500325;584;26;28;34;25;80;34;26;23;46;16;36;55;1013
500330;1441;75;58;37;45;44;32;43;51;30;45;46;51;1998
500345;339;15;13;11;22;22;12;25;7;3;14;11;11;505
500348;62;5;2;1;9;1;15;0;2;1;2;1;3;104
500350;67;5;0;1;5;3;1;1;1;3;3;1;0;91
500370;17007;760;698;680;712;553;601;672;643;447;464;574;706;24517
500375;569;31;11;29;21;19;7;9;21;6;7;8;34;772
500380;1046;45;34;39;40;37;168;56;75;59;36;33;37;1705
500400;451;24;10;9;27;19;15;61;18;28;14;12;15;703
500410;319;8;6;9;12;8;13;9;10;5;5;3;20;427
500430;705;55;30;18;37;13;18;20;9;13;14;11;25;968
500440;150;22;2;7;7;1;5;7;8;0;10;4;10;233
500450;810;52;23;26;45;19;30;26;30;16;11;24;127;1239
500460;486;24;22;20;33;18;18;18;23;18;15;19;30;744
500470;1314;69;35;51;50;29;37;37;55;20;27;31;86;1841
500490;265;22;16;12;48;13;14;17;40;12;23;37;50;569
500500;901;49;34;24;30;38;37;43;39;33;19;17;72;1336
500510;233;17;9;11;16;10;9;13;8;12;8;4;27;377
500515;28;13;0;1;0;1;0;2;2;2;0;0;2;51
500520;2003;31;25;21;14;13;16;24;57;26;38;7;18;2293
500540;2036;89;72;99;129;159;94;105;79;68;426;86;246;3688
500560;1414;48;61;63;44;39;43;31;28;44;36;42;71;1964
500568;790;61;35;33;35;30;33;30;43;21;23;21;63;1218
500570;2321;92;74;106;96;101;78;195;141;93;94;144;171;3706
500580;281;2;3;1;0;8;15;25;22;9;14;29;11;420
500620;2286;115;71;91;97;135;109;98;85;64;95;76;122;3444
500630;2293;132;96;110;79;66;86;88;82;90;90;106;97;3415
500635;62;9;7;10;15;9;0;4;7;3;4;4;1;135
500640;490;14;17;9;15;31;31;17;12;26;29;18;101;810
500660;5372;230;279;163;172;164;141;120;153;136;134;174;200;7438
500690;427;17;12;13;9;9;11;12;11;16;35;23;67;662
500710;1251;43;50;70;64;52;58;60;54;76;92;87;74;2031
500720;2878;78;131;133;186;158;297;192;123;168;316;883;573;6116
500730;201;9;4;8;3;2;2;4;4;2;4;4;3;250
500740;948;52;36;25;24;17;37;25;47;21;29;38;40;1339
500750;63;8;1;1;4;0;3;3;1;1;8;20;20;133
500755;83;2;2;1;1;0;1;2;4;1;6;4;8;115
500769;1124;74;56;63;52;84;80;46;96;36;43;67;82;1903
500770;512;17;13;10;5;6;5;3;2;6;8;8;10;605
500780;251;9;5;7;3;7;4;10;4;5;8;3;88;404
500790;1982;50;53;58;91;96;117;123;114;65;64;470;68;3351
500793;95;65;3;1;26;10;4;16;57;4;2;1;11;295
500795;89;8;3;3;3;1;4;1;2;4;2;3;5;128
500797;185;7;7;4;10;6;12;13;5;3;3;1;6;262
500800;667;41;14;24;29;13;44;33;79;21;41;32;49;1087
500830;6605;305;281;283;265;205;230;250;236;240;210;251;318;9679
500840;36;1;0;0;1;3;1;2;1;0;0;0;1;46
509999;66;44;1;2;15;4;2;1;0;2;1;5;3;146
510010;61;2;1;1;0;0;0;3;1;1;1;4;0;75
510020;592;34;39;30;33;27;55;45;43;114;59;28;26;1125
510025;2333;136;120;79;87;111;72;99;68;55;93;91;88;3432
510030;673;25;21;26;21;30;25;19;12;7;20;20;37;936
510040;194;4;10;5;5;12;5;7;10;12;3;2;11;280
510050;281;9;6;11;23;12;11;18;13;6;5;14;16;425
510060;116;1;3;2;8;26;7;2;1;3;6;2;3;180
510080;128;13;4;3;5;0;4;3;0;4;0;0;2;166
510100;12;2;1;1;0;0;0;0;0;0;0;0;2;18
510120;12;0;1;2;2;3;0;1;0;0;2;1;1;25
510125;1079;50;62;41;33;19;20;25;20;33;28;26;27;1463
510130;262;11;18;12;12;13;10;15;2;19;13;14;8;409
510140;922;31;37;24;39;303;51;38;26;23;23;23;48;1588
510160;7;0;0;0;0;0;0;0;0;0;0;0;0;7
510170;1213;52;28;20;57;14;48;39;46;39;42;81;182;1861
510180;4112;157;142;175;192;136;161;156;228;151;148;131;149;6038
510190;76;9;1;4;2;2;0;2;3;0;0;2;4;105
510250;4461;175;152;218;223;121;180;176;159;238;218;259;264;6844
510260;20;0;1;0;1;0;0;1;3;1;1;2;0;30
510263;464;11;28;37;42;28;28;40;39;40;22;46;138;963
510267;152;3;52;14;37;50;11;9;11;6;11;5;7;368
510270;632;32;28;42;29;68;72;32;54;63;44;23;74;1193
510285;179;9;15;8;19;10;15;12;10;11;11;5;6;310
510300;389;28;9;35;14;15;11;7;11;7;23;10;25;584
510305;861;52;36;46;52;42;61;58;48;54;62;46;76;1494
510310;43;0;2;0;3;1;3;0;2;2;2;2;4;64
510320;1237;54;49;46;48;45;51;38;42;43;24;45;52;1774
510330;216;16;13;13;27;19;19;19;8;22;14;20;19;425
510340;70188;4335;4135;2694;2781;2179;2495;4456;2512;2285;2641;2742;34739;138182
510345;32;0;3;1;0;0;1;1;2;4;1;1;17;63
510350;2598;117;107;102;156;108;115;105;124;62;114;163;115;3986
510360;373;0;5;8;15;45;17;10;11;49;4;11;5;553
510380;35;5;0;0;0;1;0;0;0;1;1;1;1;45
510390;26;0;1;0;4;0;2;0;6;0;0;2;0;41
510410;181;13;5;6;8;6;4;7;6;6;7;7;13;269
510420;673;12;12;18;34;32;22;23;15;42;17;12;17;929
510450;13;7;0;0;0;1;0;0;0;0;0;1;0;22
510455;371;12;5;8;10;11;7;21;19;8;5;12;11;500
510460;1241;43;64;36;51;55;49;27;32;35;42;31;101;1807
510480;1886;54;44;30;64;41;71;45;44;396;223;457;70;3425
510490;70;0;0;1;1;0;0;2;0;0;1;0;0;75
510500;90;10;1;4;8;3;4;10;3;2;5;0;0;140
510510;489;25;20;18;20;32;20;22;22;12;19;22;21;742
510515;862;65;33;40;31;28;31;18;24;41;33;45;41;1292
510517;394;6;14;9;7;14;12;13;17;17;12;17;26;558
510520;253;2;23;6;5;2;2;2;2;55;5;3;13;373
510525;415;10;22;18;44;28;28;15;20;14;15;19;23;671
510530;274;13;20;21;18;13;33;21;24;38;20;203;129;827
510550;671;29;21;28;25;54;42;19;20;28;27;20;28;1012
510558;111;3;3;2;7;4;9;6;13;3;6;8;7;182
510560;81;4;1;3;3;3;2;1;1;4;5;4;3;115
510562;1095;44;59;28;48;29;17;23;34;34;38;50;40;1539
510590;1092;241;35;51;71;55;49;48;51;35;61;66;71;1926
510600;351;7;3;13;20;10;8;13;12;3;13;10;19;482
510610;130;0;0;2;0;1;1;2;3;1;0;6;4;150
510620;53;0;2;0;2;0;0;0;1;1;0;2;4;65
510622;483;24;53;23;49;24;25;32;28;14;8;16;12;791
510623;464;4;3;3;10;29;24;40;16;11;1433;50;150;2237
510625;566;15;31;19;44;27;41;27;43;40;26;37;33;949
510627;4;0;1;0;1;0;0;0;0;0;0;0;0;6
510628;54;0;3;2;6;3;3;2;6;0;2;1;4;86
510629;99;6;5;2;4;3;3;1;2;2;3;2;1;133
510630;200;52;37;33;16;20;7;4;13;11;15;10;154;572
510637;633;18;19;18;33;39;17;19;18;48;20;18;23;923
510642;407;11;14;11;21;11;30;11;12;32;14;18;16;608
510650;442;11;6;14;22;17;14;24;39;28;54;44;53;768
510670;107;0;1;0;8;12;1;0;0;0;2;1;2;134
510675;1394;77;69;78;93;63;79;46;149;100;95;32;50;2325
510680;675;20;24;19;13;15;32;11;17;16;19;17;35;913
510682;165;2;6;10;3;1;2;3;2;2;7;2;7;212
510700;553;43;16;21;29;15;15;14;8;10;10;9;19;762
510704;762;43;28;38;30;70;65;54;30;26;21;18;71;1256
510710;271;18;12;6;14;18;39;7;28;36;46;8;12;515
510715;7;0;0;0;0;0;0;0;0;1;1;1;0;10
510718;18;0;3;1;5;3;1;1;4;3;4;0;1;44
510720;267;8;14;7;2;6;6;4;13;9;0;3;20;359
510730;985;61;50;68;59;37;45;64;73;81;81;112;71;1787
510760;9565;468;485;433;489;342;389;391;355;324;389;402;590;14622
510770;309;17;13;25;16;12;12;11;10;11;14;7;26;483
510775;40;1;0;2;0;0;0;1;1;3;3;0;0;51
510777;580;43;35;51;201;53;41;61;183;14;84;57;366;1769
510780;1010;33;44;39;66;31;39;28;40;24;43;38;62;1497
510785;353;41;44;28;26;34;24;40;57;30;51;70;48;846
510790;6080;266;327;342;423;310;307;362;401;317;309;338;363;10145
510792;1148;48;50;51;135;74;82;54;46;31;34;42;64;1859
510795;2676;110;77;82;116;70;104;75;101;61;82;114;149;3817
510800;53;2;7;3;3;6;5;3;4;2;0;6;2;96
510805;91;12;3;12;7;4;5;4;2;4;0;2;0;146
510810;15;0;0;0;0;0;0;0;1;0;0;0;0;16
510820;123;0;0;6;3;2;1;2;3;0;1;2;2;145
510840;12308;864;569;526;545;480;519;519;445;472;548;452;561;18808
510850;614;47;44;58;41;30;39;33;39;34;33;66;50;1128
510860;56;0;2;5;1;1;3;4;6;1;1;1;1;82
519999;177;53;9;8;9;26;8;5;0;6;11;4;44;360
520010;398;1;1;3;1;1;12;2;5;1;4;9;10;448
520013;810;21;21;42;41;30;37;32;24;14;18;17;43;1150
520015;2;1;0;1;0;1;0;0;0;1;0;0;0;6
520017;115;0;1;0;0;0;1;1;5;0;4;6;3;136
520020;90;0;0;1;0;0;0;0;1;1;0;0;1;94
520030;512;13;15;17;33;3;11;10;20;9;15;10;17;685
520050;15;0;0;0;0;0;1;0;0;0;0;0;0;16
520060;146;1;3;6;0;0;1;0;0;0;3;3;6;169
520080;55;5;1;3;3;2;3;7;5;0;1;0;4;89
520085;290;5;16;13;6;44;4;0;12;1;11;0;0;402
520090;23;2;2;0;1;0;0;2;0;1;2;0;0;33
520110;27101;865;994;904;944;765;837;1248;867;714;726;774;1150;37889
520120;124;1;8;5;2;4;1;7;3;7;2;4;4;172
520130;1090;40;23;20;14;31;37;51;83;53;317;104;73;1936
520140;14386;444;1127;941;752;587;688;551;601;522;512;596;660;22367
520150;339;2;4;2;2;6;16;9;7;6;11;9;11;424
520160;102;0;0;0;0;0;0;1;1;0;0;1;2;107
520170;129;7;1;3;4;7;5;5;1;1;3;5;5;176
520180;137;0;0;1;0;1;0;1;1;1;4;0;10;156
520215;45;6;1;2;1;0;2;1;0;1;0;1;0;60
520235;96;2;2;1;1;1;7;2;0;0;6;0;1;119
520250;124;9;4;2;7;0;5;2;1;5;8;3;4;174
520260;150;22;27;47;4;3;3;0;1;2;3;1;4;267
520280;92;0;0;1;1;1;1;0;0;0;1;0;11;108
520310;62;1;0;1;1;0;0;1;0;0;0;0;0;66
520320;362;5;4;3;3;2;4;5;1;0;1;2;8;400
520330;1180;13;12;26;14;17;34;20;25;35;18;18;32;1444
520340;36;1;3;3;0;4;4;1;1;2;0;4;1;60
520350;754;14;9;24;52;70;25;8;18;10;13;11;29;1037
520355;14;0;0;0;0;0;0;0;0;0;0;0;3;17
520360;56;0;0;0;0;0;2;0;1;0;1;2;3;65
520380;135;0;4;2;1;3;0;0;2;2;0;2;6;157
520390;582;7;8;9;11;8;3;6;12;7;5;7;12;677
520400;144;4;4;6;2;4;10;5;18;6;18;19;47;287
520410;222;4;3;3;4;5;2;7;16;12;4;13;3;298
520420;71;0;0;2;0;4;0;0;0;0;0;0;1;78
520425;1077;28;8;5;9;7;7;27;32;22;36;14;21;1293
520430;536;9;20;10;9;20;5;15;13;6;5;3;6;657
520440;623;9;6;8;6;9;13;4;8;15;4;3;5;713
520450;4869;201;220;203;180;174;165;157;245;174;173;220;293;7274
520460;52;1;0;1;0;0;1;1;0;4;1;0;0;61
520465;1;0;0;0;0;0;0;0;0;0;0;0;0;1
520470;185;0;1;1;7;1;2;2;1;2;2;7;10;221
520480;242;0;2;3;6;2;5;1;3;2;4;3;0;273
520490;178;4;4;2;3;1;3;1;7;3;4;3;3;216
520495;14;0;0;0;0;1;0;0;0;0;0;0;0;15
520500;264;5;1;2;0;1;2;377;16;2;2;3;2;677
520510;4333;103;71;92;90;59;98;77;90;76;72;87;298;5546
520520;75;0;0;0;2;0;1;0;0;0;0;0;0;78
520530;431;10;8;6;9;15;15;42;23;12;26;109;32;738
520540;1625;30;28;65;31;33;37;27;40;22;17;30;119;2104
520545;857;0;0;1;0;2;89;9;33;24;18;9;12;1054
520570;158;0;0;2;0;5;0;0;1;0;0;1;0;167
520580;756;8;9;7;7;10;7;4;8;6;15;4;16;857
520590;195;3;2;2;7;4;5;1;3;2;3;2;5;234
520620;1388;18;26;26;19;22;33;20;39;33;33;47;37;1741
520630;102;0;0;0;0;1;0;0;2;0;0;0;1;106
520640;934;27;16;16;26;6;5;3;10;5;13;7;15;1083
520650;41;1;0;2;0;1;0;1;1;1;0;1;2;51
520660;200;1;1;1;4;2;1;1;1;3;2;1;3;221
520670;3;0;0;0;0;0;0;0;0;0;0;0;0;3
520680;805;15;3;3;9;15;27;11;33;10;19;9;11;970
520690;71;2;2;2;0;0;0;4;7;0;4;6;3;101
520710;104;1;3;1;2;0;1;1;0;2;0;1;3;119
520725;215;4;7;1;3;4;4;4;7;7;3;1;2;262
520735;38;0;1;0;4;2;6;0;1;0;2;1;5;60
520740;144;3;8;6;3;0;2;6;2;3;7;2;10;196
520750;30;0;0;0;0;0;2;0;0;1;1;0;1;35
520753;5;0;0;0;0;0;2;0;0;2;1;1;0;11
520760;289;5;7;0;3;11;3;0;1;6;2;4;7;338
520780;381;5;6;0;2;4;2;2;1;0;5;3;14;425
520790;94;4;4;7;3;1;4;7;3;6;4;5;6;148
520800;2763;75;106;88;67;74;102;92;203;84;140;107;87;3988
520810;487;5;4;3;4;3;8;7;3;0;6;0;2;532
520830;2;1;0;0;0;0;0;0;0;1;0;0;0;4
520840;61;3;2;5;15;5;2;3;2;1;3;1;3;106
520850;278;3;1;1;2;0;3;2;2;4;4;2;7;309
520860;4172;101;114;127;104;99;129;140;328;93;109;617;119;6252
520870;259456;7620;9195;9021;7396;7420;7332;7095;7157;6213;6342;6712;9435;350394
520880;849;18;24;35;21;20;21;22;24;20;18;5;14;1091
520890;1463;50;62;82;42;148;82;366;40;49;45;30;64;2523
520910;2919;61;134;94;118;178;97;117;101;219;87;77;168;4370
520915;165;0;0;0;1;0;0;2;0;1;1;3;0;173
520920;328;8;9;11;17;8;17;21;10;11;21;10;18;489
520940;1;0;0;0;0;0;0;0;0;0;0;0;0;1
520960;111;0;0;0;0;0;0;0;0;0;0;0;0;111
520970;372;27;6;11;12;11;18;19;10;15;13;11;20;545
520980;33;0;0;1;0;1;0;0;1;0;1;1;0;38
520990;60;0;1;0;3;0;2;2;4;0;1;0;3;76
520995;407;8;6;7;9;6;18;3;10;6;12;0;11;503
521000;3090;105;98;237;603;113;69;74;82;81;180;67;181;4980
521010;1295;29;17;45;15;17;20;12;12;17;13;22;22;1536
521020;1522;22;36;34;24;20;21;28;23;17;19;22;27;1815
521030;87;0;0;1;0;2;1;0;1;0;1;0;0;93
521040;982;17;26;14;16;15;14;9;17;9;12;10;16;1157
521056;9;0;1;1;0;1;1;3;0;1;1;0;0;18
521060;178;1;2;2;0;1;2;3;1;0;0;0;13;203
521080;353;4;2;6;10;2;6;1;4;2;8;4;8;410
521090;462;6;5;1;3;0;11;32;32;18;6;2;11;589
521100;325;2;5;2;2;6;3;4;9;0;2;5;4;369
521120;769;8;11;24;10;5;6;23;6;12;10;14;15;913
521130;163;2;7;5;1;4;4;7;5;6;4;3;8;219
521140;391;8;10;5;9;5;6;13;9;13;5;3;14;491
521150;8535;283;322;296;361;310;328;327;233;190;196;201;293;11875
521160;83;1;1;0;0;2;1;7;0;2;1;5;1;104
521170;1545;10;21;57;35;33;44;98;72;40;774;156;311;3196
521180;1046;36;19;17;21;22;23;13;24;10;11;13;71;1326
521190;4992;187;173;158;148;158;148;148;128;98;112;114;192;6756
521200;108;1;2;2;1;2;0;1;1;1;1;1;1;122
521210;318;3;3;6;14;7;4;4;2;4;1;5;7;378
521220;1034;16;27;26;15;25;14;17;26;17;16;19;29;1281
521230;126;6;9;34;12;10;4;3;8;9;12;2;8;243
521250;5675;248;198;208;209;209;198;219;236;219;209;214;249;8291
521260;67;1;0;0;0;0;0;3;2;0;0;3;0;76
521270;104;0;0;1;0;0;1;2;0;0;1;0;17;126
521280;420;6;7;13;7;3;7;6;9;9;18;15;11;531
521290;104;1;1;1;1;0;0;1;0;0;5;6;0;120
521295;18;0;0;0;1;1;0;1;3;1;0;0;1;26
521300;853;17;24;30;75;172;129;167;137;172;115;144;972;3007
521308;1541;43;40;28;25;49;45;49;83;25;25;58;190;2201
521310;2545;104;88;86;90;149;96;69;77;61;88;76;83;3612
521340;118;1;0;1;0;1;0;0;0;0;1;0;2;124
521350;50;0;0;0;0;0;2;0;0;0;0;0;0;52
521370;320;5;13;5;3;16;13;7;3;3;7;5;1;401
521375;76;1;5;9;5;16;6;12;2;6;2;3;1;144
521380;1843;82;55;67;64;38;60;49;57;27;43;53;65;2503
521390;134;1;1;2;1;3;0;2;0;1;1;1;0;147
521400;100;4;1;3;2;3;3;3;4;1;2;0;0;126
521405;141;1;1;3;8;0;1;1;0;5;3;1;3;168
521410;160;1;5;0;4;0;1;1;3;0;0;0;0;175
521440;251;45;1;6;5;0;0;2;5;1;4;4;3;327
521450;1242;25;17;39;27;15;31;35;45;29;39;42;67;1653
521460;3268;54;49;42;52;46;40;44;110;90;16;95;282;4188
521470;82;0;0;0;0;0;0;0;0;0;0;0;1;83
521480;175;0;0;0;0;1;0;0;0;0;0;0;1;177
521483;293;0;1;2;1;1;1;2;2;0;1;1;0;305
521486;368;2;5;2;6;4;2;1;6;6;72;7;3;484
521490;98;1;0;5;5;0;1;1;3;0;2;8;5;129
521500;531;9;17;22;25;14;23;21;19;21;17;30;34;783
521520;179;5;3;0;2;4;1;0;1;0;2;0;2;199
521525;148;0;0;1;4;0;1;0;1;0;0;0;2;157
521530;541;9;4;6;4;6;6;9;5;6;6;3;6;611
521540;163;2;3;4;3;1;2;1;3;2;4;1;1;190
521550;985;8;11;8;6;5;8;7;14;26;7;2;12;1099
521560;452;5;17;4;7;0;7;5;12;3;24;5;12;553
521565;97;4;1;2;1;3;0;1;0;0;3;1;2;115
521570;1630;13;9;10;15;20;24;8;9;3;13;10;18;1782
521580;166;1;3;1;0;2;4;1;0;3;5;3;4;193
521590;103;1;1;0;1;6;2;0;0;0;8;1;17;140
521600;153;2;2;1;6;2;0;1;1;0;2;0;3;173
521630;378;2;2;4;3;4;3;1;4;5;2;3;4;415
521640;633;13;17;18;29;12;24;23;26;9;17;19;14;854
521680;185;4;2;2;4;4;4;4;0;1;3;5;2;220
521690;150;2;0;0;2;0;0;2;0;1;0;0;0;157
521710;1321;126;72;77;49;34;145;119;28;20;35;104;117;2247
521720;566;8;9;13;7;14;19;7;10;5;12;4;17;691
521730;723;10;10;7;7;5;14;25;53;13;9;0;17;893
521740;1329;24;8;23;35;28;23;11;14;12;24;17;27;1575
521760;521;22;23;35;31;25;21;20;39;29;27;23;22;838
521770;279;4;6;6;8;10;8;5;10;5;3;4;9;357
521800;2282;47;36;30;32;39;47;43;47;40;45;38;69;2795
521810;166;1;1;1;3;29;13;8;2;5;0;4;19;252
521830;782;2;6;14;10;21;31;12;22;6;4;9;10;929
521850;1838;63;64;46;97;47;78;73;63;79;68;83;238;2837
521860;639;19;9;5;18;13;5;13;11;10;5;4;4;755
521870;269;3;9;5;5;7;5;5;2;0;3;8;5;326
521880;10021;282;287;332;295;391;326;279;329;291;264;257;294;13648
521890;646;8;4;8;62;12;12;17;22;13;466;19;14;1303
521900;269;0;0;4;3;28;17;2;3;1;4;5;15;351
521910;817;15;20;26;29;24;20;15;13;17;16;35;16;1063
521920;100;0;0;3;2;2;1;0;0;1;0;2;9;120
521925;85;7;0;0;0;0;0;0;0;0;0;2;0;94
521930;2755;81;53;68;62;121;113;214;128;165;69;1166;168;5163
521935;173;0;0;1;2;0;3;1;2;0;0;2;8;192
521940;177;2;3;5;0;1;0;4;2;1;4;0;13;212
521950;21;0;0;0;0;1;0;0;0;0;0;0;0;22
521960;136;3;9;7;2;4;13;8;5;4;8;8;3;210
521970;473;14;3;0;6;5;5;6;2;3;5;15;5;542
521975;385;16;11;10;13;25;17;18;24;35;12;20;3;589
521980;96;1;0;1;0;1;0;1;0;0;1;0;0;101
521990;199;0;1;0;0;0;0;0;0;0;3;2;12;217
522000;173;0;0;2;4;9;0;5;4;0;1;0;1;199
522005;96;2;1;3;3;5;0;1;2;1;6;2;8;130
522010;1666;30;17;11;28;53;18;22;20;25;27;43;24;1984
522015;11;0;0;0;2;0;0;1;0;0;1;0;0;15
522020;824;28;11;15;24;12;26;14;20;6;15;24;43;1062
522026;18;2;0;0;3;3;1;4;1;0;0;0;0;32
522040;447;12;2;5;4;21;5;11;7;8;9;5;5;541
522045;754;18;15;15;11;5;25;118;11;4;13;35;29;1053
522050;486;15;27;8;26;24;20;21;252;24;17;18;52;990
522060;585;41;11;20;13;18;14;20;11;13;17;8;21;792
522068;1;2;0;0;0;0;0;0;0;0;0;0;0;3
522070;21;0;0;0;0;0;0;0;0;0;0;0;0;21
522100;77;6;11;5;11;2;13;10;3;1;3;2;2;146
522130;107;1;1;0;0;1;0;2;1;0;4;7;2;126
522140;2535;68;57;63;37;54;47;62;46;41;43;33;77;3163
522145;2;0;0;0;0;0;0;0;0;0;0;0;0;2
522150;187;3;2;1;2;5;5;3;2;2;4;0;15;231
522155;12;0;0;1;2;0;1;0;0;3;0;0;0;19
522160;1139;40;21;25;28;29;25;42;27;10;22;33;68;1509
522170;350;4;5;3;5;6;3;0;18;1;1;1;3;400
522180;145;6;0;0;1;1;0;0;1;4;8;9;5;180
522190;157;0;2;5;2;1;3;1;10;1;0;1;1;184
522200;270;7;1;5;10;8;12;4;7;6;9;4;3;346
522205;337;5;4;6;14;27;29;4;2;6;3;3;11;451
529999;329;3;3;4;3;7;2;1;7;2;4;3;8;376
530010;568574;11674;13475;21128;13598;15485;12078;12366;11929;11248;11329;14404;12207;729495
539999;11;1;2;0;1;3;3;1;3;5;0;2;6;38
{ñ class};315501;12050;14606;14076;15700;13385;13550;13499;15244;12533;13635;15707;17645;487131
Total;22272843;842241;849688;856150;815230;698220;757476;759740;744786;657937;696061;723370;921843;31595585
