Município,Não admitido ano,Janeiro,Fevereiro,Março,Abril,Maio,Junho,Julho,Agosto,Setembro,Outubro,Novembro,Dezembro,Total
110002,2060,175,130,167,209,200,244,185,177,166,200,185,191,4289
110004,2068,266,150,155,263,434,397,331,291,242,297,224,101,5219
110006,136,19,4,9,12,42,67,43,22,16,49,33,72,524
110008,24,20,3,1,14,16,7,2,2,5,1,0,0,95
110009,75,4,4,3,1,8,2,8,1,10,1,0,1,118
110010,1256,68,46,36,41,46,35,45,56,71,118,95,46,1959
110011,281,13,7,13,12,41,56,62,30,13,30,53,50,661
110012,4399,419,232,257,241,397,502,487,451,436,540,554,317,9232
110015,257,22,14,10,22,32,27,24,30,18,47,58,35,596
110018,1134,75,64,104,150,237,200,168,116,125,94,95,63,2625
110020,56537,2512,2186,2959,2471,2691,2281,5351,2171,2100,1957,2168,1397,86781
110025,100,16,3,5,8,3,7,15,7,17,4,23,11,219
110030,2388,467,226,306,262,256,394,373,283,300,251,263,187,5956
120005,15,0,0,0,0,1,0,1,0,0,0,0,0,17
120010,210,7,2,21,7,11,5,27,0,3,5,4,1,303
120020,1071,67,167,41,26,16,15,34,12,31,14,31,7,1532
120030,134,2,0,0,0,1,0,1,2,2,1,1,0,144
120033,11,0,2,0,0,0,2,0,0,1,0,0,0,16
120034,14,1,0,0,1,0,0,0,0,4,1,0,0,21
120038,22,1,1,0,0,2,0,0,3,1,0,0,0,30
120040,27560,1789,677,877,553,812,858,1797,639,651,605,547,382,37747
120045,42,0,0,1,2,4,2,2,6,0,0,3,0,62
120050,266,9,2,27,7,2,9,18,13,45,17,8,0,423
120060,113,5,3,1,0,0,1,0,2,1,1,8,0,135
120070,114,4,0,0,2,8,8,1,2,1,1,2,3,146
130010,34,112,0,4,0,2,0,2,1,3,2,1,1,162
130020,28,0,1,2,1,11,2,0,1,8,3,1,3,61
130030,80,4,2,2,4,10,1,1,0,0,0,0,0,104
130040,27,0,0,2,1,0,0,1,1,0,0,0,0,32
130050,258,1,1,0,1,1,1,30,1,1,0,0,0,295
130060,634,4,17,36,11,23,34,34,17,10,8,14,12,854
130070,385,1,2,2,1,1,5,5,1,5,7,0,1,416
130080,563,83,17,8,3,1,9,7,6,3,1,3,3,707
130090,7,0,0,0,2,0,0,0,0,0,0,0,0,9
130100,240,4,4,3,4,0,1,4,3,0,2,0,0,265
130110,194,9,12,9,17,13,16,17,18,14,20,16,4,359
130120,449,9,3,3,5,6,13,11,31,9,1,6,4,550
130130,42,194,3,19,0,5,16,20,1,2,0,10,0,312
130140,710,24,41,38,21,26,59,10,54,47,39,30,12,1111
130150,5,0,0,0,0,0,0,0,0,0,0,0,0,5
130160,21,0,0,0,0,0,2,0,0,0,0,0,0,23
130170,633,39,24,41,59,78,25,82,43,52,26,46,29,1177
130180,66,9,0,0,1,0,0,0,0,0,0,0,0,76
130190,2788,710,227,175,176,176,146,164,204,151,125,82,74,5198
130200,7,0,0,0,0,0,0,0,0,0,0,0,0,7
130210,16,0,0,0,0,0,0,0,1,0,0,0,0,17
130220,9,0,0,0,0,0,0,0,0,0,0,0,1,10
130230,11,0,0,0,1,0,0,0,0,0,0,1,2,15
130240,376,6,1,7,2,2,1,6,2,0,1,0,0,404
130250,989,36,146,20,15,42,38,65,33,28,15,35,23,1485
130260,156140,8811,7198,7945,7402,7309,7523,10187,9104,9399,9229,8283,5061,253591
130270,682,30,21,13,44,41,46,43,31,37,22,13,2,1025
130280,11,0,0,1,0,0,0,0,0,0,0,0,0,12
130290,473,7,2,13,4,36,4,4,4,7,0,2,1,557
130300,86,1,2,36,1,2,0,1,1,0,1,0,1,132
130310,291,23,0,8,1,0,1,3,0,2,3,0,0,332
130320,73,0,17,8,3,2,3,0,11,5,5,1,1,129
130330,403,26,0,0,0,0,0,0,0,0,0,0,0,429
130340,1744,69,78,37,18,19,39,58,32,19,12,23,9,2157
130350,7,0,1,1,0,0,0,0,0,0,0,0,4,13
130360,4,0,0,1,0,0,0,0,0,0,0,0,0,5
130370,20,47,0,0,3,0,0,0,6,0,3,0,0,79
130380,152,79,1,0,2,0,3,1,3,4,0,3,2,250
130390,93,0,1,13,4,0,5,1,0,0,2,1,3,123
130400,32,0,0,5,0,0,0,1,2,3,0,0,2,45
130410,16,1,0,1,0,0,0,3,2,1,0,0,1,25
130420,499,450,11,29,7,12,13,21,17,21,19,42,5,1146
130430,106,5,0,4,0,0,0,0,0,2,1,0,0,118
130440,94,4,1,10,1,7,1,1,0,0,0,0,0,119
140005,41,6,1,4,3,3,2,0,0,0,0,0,0,60
140010,13121,646,551,562,367,367,356,566,313,415,347,457,331,18399
140015,8,0,1,0,0,0,1,0,0,0,0,0,0,10
140020,113,6,6,3,5,0,1,4,0,4,3,4,3,152
140030,5,0,0,0,0,0,0,0,0,0,0,0,0,5
140040,8,0,1,0,0,0,1,1,0,0,0,0,0,11
140060,8,0,0,0,2,0,0,2,0,0,0,0,0,12
150010,2082,68,28,37,35,39,51,129,24,54,45,58,21,2671
150020,195,68,8,47,20,26,21,6,19,27,10,6,10,463
150030,131,7,34,24,5,19,28,10,8,7,7,6,6,292
150040,513,18,19,16,16,6,8,10,23,2,5,5,0,641
150050,7473,728,733,825,491,419,517,682,716,495,451,401,237,14168
150060,1993,77,75,106,81,124,65,165,146,122,102,125,83,3264
150070,13,2,1,0,0,1,0,2,51,79,88,104,42,383
150080,9981,617,518,619,464,536,604,637,801,673,633,656,457,17196
150090,86,0,0,0,0,0,0,0,0,0,0,1,0,87
150100,109,5,6,4,1,0,1,0,2,2,3,1,1,135
150110,17,1,0,0,0,0,0,0,0,0,0,0,0,18
150120,29,3,3,0,1,1,3,1,0,4,0,3,7,55
150130,6844,895,350,563,566,458,649,627,627,1101,552,453,283,13968
150140,203607,12170,6424,9682,6979,6356,6217,6940,6774,6966,6714,7341,5192,291362
150150,2089,178,159,164,163,146,68,91,86,126,67,79,58,3474
150170,1226,38,16,32,49,18,24,27,12,28,26,34,9,1539
150180,1265,44,70,76,140,82,98,27,70,30,7,27,35,1971
150190,154,9,3,7,8,11,5,0,5,7,1,5,0,215
150200,206,13,1,5,0,0,0,1,2,2,0,0,0,230
150210,552,2,6,64,6,4,7,3,3,2,3,7,2,661
150220,2543,89,99,85,40,82,77,46,31,75,51,187,42,3447
150230,461,8,2,3,3,5,3,16,7,9,13,4,0,534
150240,5616,268,195,238,269,226,302,441,226,205,256,304,101,8647
150250,30,1,0,0,0,0,0,0,1,0,0,0,0,32
150260,5,0,0,0,0,0,0,0,0,0,0,0,0,5
150270,2599,127,125,151,100,117,126,205,163,185,138,177,105,4318
150280,11,1,0,2,0,0,2,0,0,0,0,0,0,16
150290,204,1,4,8,1,3,1,1,1,5,3,2,0,234
150300,12,0,3,6,0,0,0,0,5,1,0,0,0,27
150310,368,2,6,33,81,29,113,208,152,22,3,7,25,1049
150320,295,7,2,8,5,0,10,0,4,2,5,3,0,341
150330,377,6,2,7,1,2,1,2,1,1,0,1,0,401
150340,77,1,0,0,0,0,0,5,0,0,3,1,0,87
150350,558,58,21,45,28,40,31,50,27,33,31,56,24,1002
150360,1683,101,63,93,85,139,98,153,119,125,105,105,67,2936
150370,55,0,2,0,0,1,0,0,2,1,1,18,2,82
150380,24,0,1,0,0,1,0,5,0,1,5,2,1,40
150390,30,3,0,0,1,0,1,1,0,0,0,3,1,40
150400,4,0,0,0,0,0,0,0,0,0,0,0,0,4
150410,78,2,0,0,0,0,0,0,0,0,0,0,0,80
150420,11517,1805,1212,1510,1495,1522,1743,1422,1698,2079,1117,1135,460,28715
150430,521,22,31,6,12,3,2,13,19,10,3,3,2,647
150440,237,12,2,1,4,3,2,3,3,4,3,0,0,274
150450,2,0,0,0,0,1,0,0,0,0,0,0,0,3
150460,14,1,0,0,0,2,0,0,0,3,0,1,0,21
150470,610,116,63,74,42,58,46,72,64,88,22,40,24,1319
150480,613,2,3,7,4,3,4,10,6,1,1,2,5,661
150490,127,6,2,3,0,7,6,0,5,1,1,8,2,168
150500,155,2,1,2,0,1,0,3,0,1,0,0,0,165
150503,2,0,0,0,0,0,0,0,0,0,0,0,0,2
150510,707,53,22,274,108,50,52,46,72,22,52,26,10,1494
150520,9,0,0,0,0,0,0,0,0,0,1,0,1,11
150530,2749,478,150,187,132,151,113,305,187,186,228,237,84,5187
150540,325,12,4,2,2,5,10,3,6,6,3,9,3,390
150550,2844,273,217,187,146,310,269,326,252,240,308,347,191,5910
150560,113,2,2,4,2,7,0,0,1,0,0,1,0,132
150570,148,5,0,4,1,2,0,2,0,0,0,1,0,163
150580,282,25,21,10,7,18,13,7,9,15,10,12,24,453
150590,54,2,2,3,0,0,1,0,0,1,0,0,1,64
150600,172,11,6,6,4,3,9,21,17,17,26,7,9,308
150610,277,5,0,3,1,0,3,0,0,1,0,0,0,290
150613,585,64,29,40,27,56,87,46,45,33,31,46,13,1102
150616,253,23,4,14,4,5,13,23,13,11,4,6,2,375
150618,686,67,32,18,19,28,14,37,83,47,38,28,19,1116
150620,122,5,0,2,1,3,7,1,4,1,2,0,0,148
150630,122,1,1,0,0,2,2,1,0,0,0,0,0,129
150640,1,0,0,0,0,0,0,0,0,0,0,0,0,1
150650,1203,84,75,113,54,112,114,67,76,82,86,63,106,2235
150660,307,7,5,6,5,2,7,3,1,0,0,1,0,344
150670,1754,199,117,130,90,207,122,143,145,99,130,96,29,3261
150680,9703,677,252,454,351,490,289,561,421,417,332,458,350,14755
150690,15,0,0,0,0,0,0,0,0,0,3,0,0,18
150700,44,5,0,5,1,5,6,3,7,1,2,1,6,86
150710,7,1,1,1,1,1,0,0,1,0,0,0,0,13
150720,179,3,2,1,0,9,2,1,0,5,3,11,0,216
150730,1462,156,121,230,191,216,179,358,220,142,150,117,43,3585
150740,720,145,81,29,23,9,28,19,11,5,4,6,6,1086
150750,575,39,12,12,17,45,55,66,44,80,32,32,8,1017
150760,582,22,25,15,19,14,16,13,10,23,40,37,4,820
150770,44,0,0,0,0,2,0,1,0,1,1,1,0,50
150780,538,21,29,36,43,32,26,25,52,71,32,68,58,1031
150790,433,6,1,5,11,2,2,2,3,1,1,12,0,479
150800,708,21,16,28,25,33,13,23,42,22,23,30,18,1002
150810,14404,336,227,318,271,197,169,230,225,127,307,280,249,17340
150820,310,11,2,2,2,3,3,5,7,7,2,1,0,355
150830,168,12,1,30,16,14,1,4,3,5,7,6,0,267
150840,233,14,1,7,4,3,13,10,32,6,41,60,22,446
159999,1,0,0,0,0,0,0,0,0,0,0,0,0,1
160010,88,6,3,4,1,2,3,1,3,0,1,0,0,112
160020,84,14,10,5,0,5,3,5,4,8,2,1,2,143
160030,20569,1183,727,1081,629,759,561,708,650,641,475,548,298,28829
160040,26,0,0,1,1,7,6,20,7,13,6,4,1,92
160050,17,0,1,0,1,1,1,0,0,0,0,3,0,24
210005,557,46,45,30,31,45,74,52,96,107,57,65,114,1319
210010,6,0,0,0,0,0,0,0,0,0,0,0,0,6
210020,572,1,6,6,16,14,5,3,0,6,4,0,4,637
210030,112,1,2,0,21,4,3,19,0,0,0,2,1,165
210040,5,0,0,0,0,0,0,0,0,0,0,0,0,5
210050,65,0,0,6,0,1,1,2,0,0,1,0,0,76
210060,75,1,1,0,0,1,2,0,1,0,0,0,0,81
210070,17,0,0,0,0,0,0,0,0,0,3,0,0,20
210080,1,0,0,0,0,1,0,0,0,0,1,0,1,4
210090,3,4,19,5,20,0,0,0,2,0,0,0,0,53
210100,122,0,0,3,1,0,1,0,0,0,2,0,0,129
210110,6,0,0,0,0,0,0,0,0,0,0,0,0,6
210120,2288,277,70,48,55,40,52,72,112,143,339,255,128,3879
210130,6,0,1,0,0,0,0,0,0,0,0,0,0,7
210140,549,7,6,10,4,13,11,12,8,3,21,13,3,660
210150,301,6,7,12,5,4,0,0,6,1,2,0,2,346
210160,817,13,12,32,8,4,10,6,5,7,2,7,2,925
210170,60,2,24,24,0,2,3,1,5,1,3,0,0,125
210180,8,2,0,0,0,0,0,0,0,0,0,0,0,10
210190,33,1,3,0,0,2,0,0,0,0,6,0,0,45
210200,155,14,0,7,0,5,1,2,1,3,1,2,1,192
210210,456,57,0,8,2,1,2,7,4,0,0,4,0,541
210220,18,0,0,0,0,0,0,0,0,0,1,0,0,19
210230,19,1,1,5,0,0,0,0,0,0,0,0,0,26
210240,142,59,1,1,0,2,1,0,0,0,0,0,0,206
210250,7,0,0,0,0,0,0,0,0,0,0,1,0,8
210260,31,1,1,0,0,0,0,0,0,6,1,2,0,42
210270,9,0,1,0,2,0,0,1,0,0,1,4,2,20
210280,703,32,13,54,25,28,86,97,111,206,161,159,69,1744
210290,44,1,0,16,3,2,1,4,1,0,0,1,1,74
210300,2591,395,26,69,40,46,95,41,50,59,52,75,58,3597
210310,1,0,0,0,0,0,0,0,0,0,0,0,0,1
210320,926,114,11,18,8,8,9,24,1,2,5,7,2,1135
210330,1376,47,13,30,37,19,27,28,34,13,48,16,26,1714
210340,1697,143,72,71,81,56,39,315,122,157,173,179,117,3222
210360,797,93,3,11,6,5,20,6,4,5,8,6,2,966
210370,315,3,0,1,0,1,0,3,0,1,0,4,0,328
210380,219,5,2,12,2,2,7,1,3,4,6,31,6,300
210390,6,0,0,0,0,0,0,0,0,1,0,0,0,7
210400,541,21,21,18,6,4,5,17,16,12,7,7,2,677
210405,0,0,0,2,0,0,0,0,0,0,0,0,3,5
210410,72,0,0,0,0,0,0,0,0,0,0,0,0,72
210420,55,2,0,0,0,1,0,0,0,0,0,0,0,58
210430,58,2,0,1,0,1,3,4,3,8,4,3,1,88
210440,14,1,0,0,0,0,0,1,0,0,0,0,0,16
210450,14,0,0,0,0,0,0,0,0,0,1,0,0,15
210460,175,6,1,3,17,3,5,3,7,0,0,0,0,220
210470,7,0,0,0,0,0,0,0,0,0,0,0,0,7
210480,743,11,28,94,106,385,272,358,403,319,255,128,43,3145
210490,11,0,0,0,0,0,0,1,0,1,18,4,2,37
210500,8,0,0,0,0,0,1,1,0,0,0,0,0,10
210510,1,0,0,0,0,0,0,0,0,0,0,0,0,1
210520,201,36,0,0,1,0,0,0,0,0,0,0,1,239
210530,11181,990,617,718,492,667,714,762,884,796,826,1024,640,20311
210540,272,2,2,1,3,5,7,12,10,4,9,7,3,337
210550,308,13,3,12,7,2,6,14,39,13,14,13,1,445
210560,833,127,92,89,17,5,267,192,107,87,129,96,70,2111
210570,241,6,9,5,3,7,0,6,3,2,6,2,0,290
210580,14,0,0,0,1,2,0,0,0,0,0,0,0,17
210590,3,0,0,0,0,0,0,0,0,0,0,0,2,5
210600,21,0,0,0,4,0,0,0,0,0,0,0,0,25
210610,8,0,0,0,0,0,0,0,0,0,0,0,0,8
210620,4,1,0,0,0,0,0,0,0,0,0,0,0,5
210630,27,0,0,0,0,0,0,1,0,0,0,2,0,30
210640,88,1,0,0,0,0,9,0,0,0,2,4,0,104
210650,8,0,0,0,0,0,0,0,5,7,19,18,1,58
210660,149,1,0,3,3,2,0,0,0,0,0,0,0,158
210670,7,1,0,0,0,1,1,0,0,0,0,1,0,11
210680,4,0,3,1,0,0,0,0,0,0,0,0,0,8
210690,363,9,2,2,14,7,4,4,9,9,4,2,6,435
210700,37,0,0,0,1,0,1,0,0,0,0,1,0,40
210710,6,0,0,0,0,0,0,0,0,0,0,0,0,6
210720,1,0,0,0,0,0,0,0,0,0,0,0,0,1
210730,6,0,0,0,0,0,0,0,0,0,0,1,0,7
210740,59,1,0,0,0,0,0,1,0,0,0,0,0,61
210750,480,6,0,7,11,13,6,6,8,21,8,11,3,580
210760,14,1,3,0,1,0,1,0,0,0,0,0,0,20
210770,38,0,0,0,0,0,1,1,0,0,0,1,0,41
210780,171,21,1,3,1,0,0,0,0,0,0,0,1,198
210790,17,0,0,0,1,0,0,0,1,0,0,0,3,22
210800,10,0,0,1,0,0,0,0,0,0,0,1,0,12
210810,8,0,0,1,0,0,0,0,0,0,0,0,0,9
210820,1767,91,28,64,28,23,93,112,155,144,63,71,35,2674
210830,36,1,1,1,0,0,0,1,0,1,3,0,0,44
210840,2,0,3,0,0,0,0,0,0,0,0,0,0,5
210850,462,30,2,38,0,9,3,4,9,2,6,3,1,569
210860,693,9,10,28,18,14,22,7,10,20,12,8,13,864
210870,269,13,2,15,0,4,0,2,14,6,1,0,2,328
210880,3,0,3,0,0,0,0,0,0,0,0,0,0,6
210890,211,6,4,6,0,0,0,0,4,0,0,0,1,232
210900,59,1,10,3,6,9,5,0,0,1,1,17,5,117
210910,1030,44,5,48,62,42,34,21,13,11,9,14,8,1341
210920,79,1,0,1,2,1,4,2,0,2,0,0,0,92
210930,1,0,3,0,0,0,0,1,0,0,0,0,0,5
210940,347,11,1,3,3,1,1,0,0,1,1,0,0,369
210950,15,1,0,0,0,1,0,0,0,0,0,0,0,17
210960,596,20,56,15,7,35,18,43,42,59,18,23,22,954
210970,7,0,0,0,0,0,0,0,0,0,0,0,0,7
210990,1437,72,22,31,37,31,27,53,130,390,202,153,40,2625
211000,410,48,60,22,19,45,36,29,14,42,26,45,23,819
211010,83,0,0,0,0,1,0,0,0,0,0,0,1,85
211020,17,1,0,0,0,1,1,4,0,1,0,0,0,25
211030,259,2,2,7,1,0,2,2,1,1,2,2,0,281
211040,39,0,0,0,0,0,0,0,0,0,0,0,0,39
211050,61,0,0,2,3,0,1,1,1,1,2,0,0,72
211060,70,1,0,0,0,0,0,0,0,0,0,1,0,72
211070,102,0,3,0,0,1,0,2,6,2,1,2,0,119
211080,7,0,0,0,0,0,0,0,0,0,0,0,0,7
211090,86,0,2,0,0,0,0,0,0,0,0,0,0,88
211100,4,0,0,0,0,3,0,0,0,0,0,0,0,7
211110,417,86,18,45,8,7,5,2,1,3,3,3,1,599
211120,2063,179,26,28,29,34,94,156,426,241,179,121,51,3627
211130,128340,3716,2536,4259,3227,3861,3622,4223,4289,5225,4693,5908,3541,177440
211140,333,0,0,1,0,6,1,0,0,0,1,0,0,342
211150,530,138,73,72,10,73,368,453,473,199,121,131,111,2752
211160,13,1,0,0,0,0,2,1,0,0,0,1,1,19
211170,3,0,3,0,0,0,0,0,0,0,0,0,0,6
211180,49,0,0,3,0,3,0,2,2,1,0,1,0,61
211190,6,0,0,0,0,0,2,0,0,0,0,0,0,8
211200,6,0,0,0,0,1,0,0,0,0,0,0,0,7
211210,292,30,1,1,0,0,0,0,1,0,1,1,0,327
211220,1176,173,10,59,28,18,10,14,65,38,8,16,6,1621
211230,73,9,21,1,1,0,7,19,10,11,4,7,5,168
211240,120,6,2,1,0,2,0,2,2,1,0,2,1,139
211250,1870,81,17,15,9,19,17,27,14,29,101,105,40,2344
211260,49,8,2,2,0,0,0,1,0,0,0,2,0,64
211270,87,5,1,0,0,1,2,7,5,1,4,1,3,117
211280,70,0,0,0,1,0,1,0,5,1,4,1,0,83
211290,62,0,0,5,0,1,0,5,4,2,0,0,2,81
211300,172,2,1,5,6,1,1,2,0,2,1,0,1,194
219999,150,1,1,1,3,1,0,6,2,0,5,0,2,172
220010,76,1,2,2,0,1,3,0,0,0,0,0,1,86
220020,332,7,4,4,7,7,0,4,2,1,1,4,4,377
220030,200,13,0,76,0,1,0,0,0,0,0,1,0,291
220040,250,4,6,19,3,5,1,3,6,5,1,2,0,305
220050,139,12,1,2,0,1,0,0,1,1,0,0,1,158
220060,136,0,0,1,0,1,4,1,0,0,0,1,1,145
220070,2,0,0,0,1,0,0,0,0,0,0,0,0,3
220080,5,0,0,0,3,0,0,0,0,0,0,0,0,8
220090,103,0,0,0,1,7,7,2,0,0,1,0,0,121
220100,60,8,0,1,4,0,0,0,0,0,0,0,0,73
220110,13,0,0,0,0,0,0,3,1,0,0,0,0,17
220120,394,8,1,2,2,0,0,3,4,0,3,1,0,418
220130,3,0,0,0,0,0,0,0,0,0,0,0,0,3
220140,106,3,0,0,0,1,4,1,0,0,0,0,0,115
220150,198,4,2,1,6,1,1,1,6,2,1,3,1,227
220160,157,1,0,1,0,0,0,0,2,0,0,0,0,161
220170,28,0,0,1,1,0,0,1,1,2,1,4,0,39
220180,85,2,1,0,2,0,3,0,0,0,0,0,0,93
220190,167,2,2,1,0,0,0,1,5,1,1,1,0,181
220200,44,1,0,0,1,4,0,3,0,0,2,14,0,69
220210,6,0,0,0,0,0,0,0,3,0,0,0,0,9
220220,1378,38,21,19,16,13,23,16,15,20,15,26,19,1619
220230,205,2,0,8,3,2,2,0,4,2,19,10,0,257
220240,91,3,0,0,0,0,0,5,0,0,1,0,0,100
220250,9,0,0,0,0,0,0,0,0,0,0,0,0,9
220260,46,0,1,1,2,0,0,8,4,6,2,0,0,70
220270,18,0,0,0,0,0,0,0,0,0,0,0,0,18
220280,19,0,1,0,0,0,0,0,0,1,1,0,0,22
220290,191,6,3,10,3,7,1,4,3,5,1,1,0,235
220300,6,0,0,0,0,0,3,0,0,0,1,0,0,10
220310,27,5,0,0,0,0,3,0,1,1,3,0,0,40
220320,119,2,0,1,1,10,3,1,4,2,4,0,0,147
220330,106,2,1,6,4,4,2,0,2,3,1,1,0,132
220335,2,0,0,0,0,0,0,1,0,0,0,0,0,3
220340,172,2,0,6,10,6,9,5,12,6,1,4,3,236
220342,5,0,0,0,0,0,0,0,0,1,0,0,0,6
220350,262,16,10,7,0,2,13,9,6,3,4,3,0,335
220360,58,1,0,1,0,0,0,0,1,0,2,0,0,63
220370,297,3,3,5,1,2,1,4,7,9,0,2,2,336
220380,5,0,0,0,0,0,0,1,0,3,0,0,0,9
220390,2286,44,33,46,38,56,82,35,50,60,51,42,26,2849
220400,10,0,0,0,0,0,0,1,0,0,1,0,0,12
220410,44,3,0,0,0,3,0,0,0,0,0,0,0,50
220420,27,0,0,0,0,0,0,0,0,0,0,0,0,27
220430,218,23,0,4,2,2,11,2,6,6,20,14,14,322
220440,49,1,0,0,0,1,2,0,0,0,1,0,0,54
220450,357,1,0,2,6,0,1,1,3,0,0,3,0,374
220460,79,1,1,0,0,0,0,0,0,0,0,0,1,82
220470,99,2,2,5,1,4,2,5,5,0,0,0,0,125
220480,73,1,2,1,0,0,4,0,0,1,0,0,0,82
220490,35,2,0,0,0,0,6,4,4,1,0,0,0,52
220500,88,3,2,0,0,1,0,0,16,0,0,0,0,110
220510,28,0,0,1,2,1,0,2,0,0,2,0,0,36
220520,144,0,0,0,1,1,1,0,2,1,0,0,0,150
220530,31,0,0,0,0,0,0,3,1,1,2,0,0,38
220540,15,0,0,0,0,0,0,0,0,0,0,0,0,15
220550,239,3,0,6,4,4,5,4,2,11,16,19,3,316
220560,75,2,7,0,6,3,8,4,0,4,1,3,0,113
220570,1029,17,11,11,23,13,39,10,7,15,21,20,8,1224
220580,194,6,3,3,1,0,4,2,0,1,0,0,0,214
220590,8,1,0,0,0,0,0,0,0,1,7,0,0,17
220600,15,0,1,0,0,0,0,0,0,0,0,0,1,17
220610,8,0,0,0,0,1,0,0,0,0,0,0,0,9
220620,241,4,1,1,8,4,10,0,3,0,43,11,0,326
220630,30,1,0,0,0,0,0,1,0,0,1,0,0,33
220640,70,0,1,1,0,0,0,0,1,0,0,1,0,74
220650,41,0,0,0,0,1,0,0,0,0,0,0,0,42
220660,37,1,0,0,0,0,0,0,0,0,0,1,0,39
220670,93,12,0,0,1,0,4,1,0,2,1,1,0,115
220680,24,0,0,0,0,3,0,0,0,0,0,0,0,27
220690,12,0,0,0,0,0,0,0,0,0,0,0,0,12
220700,699,10,4,28,14,16,7,7,4,17,4,8,9,827
220720,27,0,0,0,0,0,0,1,0,0,0,0,0,28
220730,6,0,1,3,0,0,0,1,0,0,0,0,0,11
220740,10,0,0,0,0,0,0,1,0,0,1,0,0,12
220750,13,0,0,0,0,0,0,1,1,0,0,0,0,15
220760,10,0,0,0,1,0,0,1,0,0,0,0,0,12
220770,4130,153,83,84,76,153,94,80,127,129,221,146,127,5603
220780,259,10,3,7,6,1,8,4,4,4,4,2,0,312
220790,517,40,3,4,7,4,1,2,1,5,3,2,1,590
220800,3479,61,41,459,81,50,69,147,189,135,155,107,79,5052
220810,102,0,1,0,0,0,0,3,1,0,0,0,0,107
220820,125,5,3,0,0,0,4,7,4,7,0,0,0,155
220830,406,12,4,203,11,9,11,13,12,7,11,5,13,717
220840,1108,54,23,16,25,42,47,38,79,47,48,24,36,1587
220850,80,0,0,1,0,3,0,0,0,4,0,0,0,88
220860,30,0,0,0,0,2,0,0,0,0,0,0,0,32
220870,58,1,0,8,3,6,2,2,2,2,1,5,0,90
220880,272,0,0,0,1,0,0,2,3,1,0,0,0,279
220890,150,9,5,9,8,1,6,22,8,10,11,8,5,252
220900,74,0,0,0,2,2,0,0,0,4,1,0,0,83
220910,88,4,2,1,3,5,0,1,1,0,0,0,0,105
220920,40,1,0,0,0,0,0,0,0,0,0,0,0,41
220930,35,0,0,0,0,3,1,0,0,1,0,0,0,40
220940,38,0,0,0,3,0,0,0,0,0,0,1,0,42
220950,4,0,0,0,0,0,0,0,3,0,0,0,0,7
220960,12,0,0,0,1,0,0,0,0,0,0,0,0,13
220970,15,0,0,0,0,3,0,0,0,0,0,0,0,18
220980,136,1,0,4,1,19,1,1,1,0,0,0,0,164
220990,11,0,1,0,0,1,0,0,0,7,1,4,1,26
221000,165,2,5,1,4,2,1,4,0,0,0,2,1,187
221010,15,1,0,0,0,0,0,0,0,0,0,1,0,17
221020,75,3,1,0,2,4,12,15,18,4,4,1,1,140
221030,72,1,0,1,0,1,0,0,0,2,0,0,0,77
221040,82,1,0,3,3,0,0,5,6,0,0,3,0,103
221050,100,14,6,59,20,2,0,19,13,5,8,19,4,269
221060,218,18,2,4,1,2,1,10,5,3,1,2,4,271
221070,76,0,0,0,0,0,24,13,1,0,2,0,1,117
221080,106,10,0,1,1,2,1,1,0,2,0,0,0,124
221090,85,7,0,1,0,1,0,2,0,4,0,0,0,100
221100,92184,4445,2113,2219,1553,2116,1942,2910,2898,3318,3121,3455,1950,124224
221110,623,5,25,38,11,13,23,26,150,29,32,23,6,1004
221120,85,1,0,2,0,0,2,1,1,0,2,0,1,95
221130,258,0,2,1,0,6,0,1,1,6,6,0,1,282
221140,3,0,0,0,0,0,0,0,0,0,0,0,0,3
230010,251,13,0,2,1,0,0,0,0,0,0,0,0,267
230020,236,7,4,4,3,12,4,15,5,1,12,2,5,310
230030,1869,38,22,40,6,16,16,56,61,9,18,5,14,2170
230040,371,12,1,2,0,0,1,2,1,0,1,0,0,391
230050,304,1,7,2,2,5,3,5,10,2,0,2,1,344
230060,203,2,3,4,3,2,3,4,2,3,4,1,0,234
230070,364,7,20,6,1,4,2,4,4,2,0,3,2,419
230080,125,26,1,1,0,0,0,0,0,0,0,0,0,153
230090,158,0,0,0,0,0,0,0,0,0,0,1,0,159
230100,2430,58,98,143,71,40,62,56,58,90,73,62,85,3326
230110,3015,119,67,129,35,36,71,83,100,121,487,171,34,4468
230120,731,5,28,23,15,24,12,16,0,6,4,1,6,871
230130,288,7,21,12,5,3,0,2,1,0,0,0,1,340
230140,205,12,10,18,6,11,8,6,4,5,2,2,1,290
230150,129,3,0,4,0,0,0,1,0,0,0,0,0,137
230160,710,12,16,43,6,10,10,13,11,26,23,12,6,898
230170,170,1,0,2,0,1,1,1,2,1,48,1,1,229
230180,216,67,0,2,0,9,0,0,0,5,14,2,0,315
230190,1818,65,65,49,45,63,127,30,101,78,36,69,34,2580
230200,122,6,0,5,1,1,2,4,3,2,1,2,2,151
230210,728,65,4,19,3,4,3,2,9,9,4,8,0,858
230220,569,5,16,13,11,16,12,2,4,5,4,7,2,666
230230,930,9,1,6,139,47,88,31,54,3,0,28,0,1336
230240,884,8,29,8,16,8,4,5,13,44,13,16,14,1062
230250,476,11,9,18,11,5,18,10,15,15,10,8,4,610
230260,2222,70,23,103,28,56,26,29,36,36,33,40,47,2749
230270,602,32,2,3,1,16,1,6,6,9,7,33,6,724
230280,561,12,6,15,41,16,14,19,45,75,25,19,15,863
230290,279,1,7,4,2,1,2,2,1,1,1,1,0,302
230300,16,0,0,0,3,1,0,0,1,0,0,7,1,29
230310,141,4,0,0,0,1,1,0,0,0,0,0,0,147
230320,502,1,2,12,1,7,1,2,5,5,2,0,0,540
230330,584,11,2,3,0,2,1,14,0,0,4,0,0,621
230340,144,4,2,0,1,1,0,0,0,0,0,0,0,152
230350,1404,73,25,127,134,98,32,26,51,12,45,49,252,2328
230360,226,5,0,5,4,0,2,0,0,0,0,0,0,242
230370,5087,335,184,174,428,294,207,537,412,235,168,240,134,8435
230380,856,9,10,16,21,6,17,94,22,14,11,6,2,1084
230390,597,17,3,6,39,2,1,9,3,13,15,2,1,708
230400,316,11,0,2,0,0,0,0,0,0,0,0,0,329
230410,1301,35,14,22,25,45,27,18,29,62,22,43,10,1653
230420,4722,192,153,172,123,192,248,264,198,184,120,309,167,7044
230430,47,0,3,0,1,2,0,1,0,0,0,3,1,58
230440,321202,11726,9176,11468,10041,10356,9845,11309,11358,12527,11289,52211,7910,490418
230450,163,1,2,0,0,0,2,2,0,1,0,0,0,171
230460,119,6,1,0,0,0,0,1,0,0,0,0,0,127
230470,521,11,8,7,2,2,49,1,1,6,1,1,0,610
230480,2,0,0,1,0,0,0,0,0,0,0,0,0,3
230490,499,9,2,5,1,3,2,1,4,4,1,0,0,531
230500,470,15,9,6,6,3,0,7,7,6,3,4,38,574
230510,25,2,1,2,0,0,0,0,0,0,1,0,0,31
230520,20,0,0,0,1,0,0,0,0,0,1,0,0,22
230530,483,29,16,3,3,10,10,20,7,90,7,3,4,685
230540,1025,72,16,9,8,16,17,66,34,8,37,45,26,1379
230560,857,10,11,38,3,32,10,19,3,4,0,12,0,999
230570,343,21,2,1,0,1,0,1,1,1,0,1,0,372
230580,901,9,7,9,24,8,28,11,12,90,7,6,1,1113
230590,762,18,8,26,3,2,1,2,2,0,1,2,0,827
230600,540,5,21,4,9,1,8,5,19,18,8,3,29,670
230610,510,14,16,10,0,1,1,0,2,2,3,0,0,559
230620,123,5,0,0,0,0,0,0,0,11,0,0,0,139
230630,1061,5,5,2,3,6,7,2,22,75,8,8,1,1205
230640,1873,42,37,70,24,13,11,16,20,35,9,22,20,2192
230650,222,2,0,0,1,0,0,0,0,0,0,0,0,225
230660,9,0,0,0,0,0,0,1,0,1,0,1,0,12
230670,151,186,2,0,0,0,0,0,0,0,0,2,0,341
230680,209,1,7,1,3,1,1,2,1,0,0,0,0,226
230690,845,17,11,14,20,15,23,16,3,10,23,6,5,1008
230700,462,19,13,18,13,5,12,12,11,27,23,13,15,643
230710,166,0,0,1,0,1,3,0,0,0,1,1,0,173
230720,28,0,0,0,0,1,1,1,1,2,1,0,2,37
230730,7819,359,303,222,219,311,242,326,542,286,345,332,260,11566
230740,388,41,18,7,4,0,0,4,2,0,15,5,2,486
230750,670,280,11,10,1,5,1,0,11,15,3,4,13,1024
230760,1074,39,26,42,16,13,49,31,48,66,48,47,33,1532
230765,1304,74,73,104,109,86,118,102,93,130,68,145,117,2523
230770,7768,644,505,719,418,430,408,588,526,652,561,646,571,14436
230780,304,44,30,21,30,51,2,0,0,0,5,0,1,488
230790,39,0,0,0,0,0,0,0,0,1,0,0,0,40
230800,80,2,2,1,1,0,2,1,2,1,0,2,1,95
230810,89,1,1,0,2,1,1,1,1,3,2,3,1,106
230820,323,19,0,8,6,0,0,0,0,0,4,0,1,361
230830,636,33,11,25,22,74,35,34,32,39,22,3,6,972
230840,146,3,2,7,2,11,19,3,0,5,1,15,1,215
230850,1139,28,35,21,2,6,8,6,16,11,7,5,0,1284
230860,489,20,0,0,0,0,0,0,0,1,2,0,0,512
230870,1875,24,213,84,53,30,35,13,122,86,78,46,21,2680
230880,315,4,1,0,0,0,0,0,0,0,0,0,0,320
230890,163,12,0,0,1,0,0,0,0,0,0,0,0,176
230900,160,13,1,0,3,0,4,0,1,0,0,0,0,182
230910,81,0,0,2,1,1,0,2,1,0,0,0,0,88
230920,278,2,0,0,0,4,0,0,1,2,0,3,0,290
230930,701,7,38,6,3,5,7,10,10,10,12,17,0,826
230940,419,41,7,2,0,1,0,0,2,0,0,0,0,472
230950,830,11,8,11,3,6,8,23,29,5,11,25,7,977
230960,1163,215,68,13,53,43,72,54,99,69,88,124,20,2081
230970,1148,21,34,41,21,23,21,38,12,34,28,45,7,1473
230980,240,7,0,6,0,3,3,1,6,0,0,0,0,266
230990,147,3,5,7,2,3,2,1,4,0,6,0,2,182
231000,206,3,16,5,4,2,1,7,2,7,0,2,2,257
231010,225,4,3,5,0,3,1,12,2,1,0,0,0,256
231020,1250,6,20,32,17,29,25,18,9,248,34,25,4,1717
231030,40,1,0,1,1,0,0,1,0,0,0,0,0,44
231040,75,2,4,1,1,2,1,0,0,0,1,0,0,87
231050,541,18,6,4,3,0,1,1,42,13,4,4,1,638
231060,150,4,5,1,3,0,5,1,3,1,0,0,0,173
231070,549,5,22,14,17,5,4,41,1,10,2,2,0,672
231080,283,5,7,4,3,1,0,1,0,0,0,1,0,305
231090,257,1,1,10,4,6,5,0,0,1,0,0,0,285
231100,249,5,6,5,0,0,5,0,0,0,0,1,1,272
231110,152,7,0,2,2,0,1,0,0,0,0,0,0,164
231120,340,3,5,9,4,3,7,3,5,5,4,5,0,393
231130,1334,68,32,26,35,37,22,110,94,130,114,60,36,2098
231135,1,0,0,2,0,0,0,0,0,0,0,0,0,3
231140,1373,29,16,10,26,36,9,116,23,8,21,8,7,1682
231150,484,2,3,1,0,0,0,1,0,1,0,4,5,501
231160,803,37,87,19,105,26,20,14,107,14,27,42,13,1314
231170,506,2,1,6,2,17,0,1,6,3,1,0,0,545
231180,1341,31,35,79,34,28,27,54,19,23,27,52,20,1770
231190,266,9,25,3,0,2,0,0,0,0,1,2,0,308
231200,71,35,0,1,0,0,0,1,0,0,0,0,0,108
231210,242,0,0,0,0,1,1,0,0,0,0,1,0,245
231220,204,1,1,7,3,9,2,2,1,8,3,12,18,271
231230,551,18,12,13,3,11,1,9,1,3,3,6,2,633
231240,598,8,4,45,8,3,5,4,23,18,15,8,7,746
231250,365,5,2,6,1,1,3,1,1,0,2,1,0,388
231260,243,1,0,0,1,0,0,1,0,0,0,0,0,246
231270,274,9,2,2,6,8,10,54,8,18,6,2,4,403
231280,369,6,5,0,0,5,5,13,4,0,0,0,1,408
231290,7889,659,270,307,306,264,250,214,286,301,301,295,182,11524
231300,811,37,2,19,1,3,5,4,5,2,12,3,1,905
231310,598,10,18,11,2,10,11,4,5,5,24,12,1,711
231320,873,223,1,6,13,31,15,25,6,4,0,1,0,1198
231330,891,7,4,19,12,1,12,2,2,1,0,2,1,954
231340,934,23,26,29,30,16,6,4,23,2,6,34,2,1135
231350,163,124,5,1,0,0,1,0,1,0,0,0,1,296
231360,586,10,3,2,5,3,4,6,13,0,14,16,1,663
231370,298,15,8,0,1,0,6,1,0,1,0,0,1,331
231380,771,10,1,11,6,7,19,29,2,45,22,4,4,931
231390,475,11,2,2,4,13,2,3,1,1,0,0,1,515
231400,899,12,8,70,25,20,16,13,34,28,13,7,2,1147
231410,130,4,1,5,9,4,0,10,6,1,10,16,5,201
239999,4024,156,54,69,51,75,106,86,201,101,140,120,65,5248
240010,250,3,14,3,1,0,1,41,22,1,3,4,6,349
240020,1024,56,51,42,11,37,29,30,36,55,69,80,29,1549
240030,121,3,2,1,3,9,17,28,69,43,9,45,1,351
240040,81,0,0,0,0,0,0,0,0,0,0,0,0,81
240050,283,77,2,4,0,1,0,0,0,0,0,1,0,368
240060,50,5,0,0,0,0,1,0,0,0,0,0,0,56
240070,383,17,4,10,21,5,73,5,4,44,33,33,5,637
240080,695,29,23,12,7,102,12,8,42,21,7,3,11,972
240090,5,0,0,0,0,4,0,0,0,0,0,0,0,9
240100,652,10,4,7,6,7,4,23,1,9,1,1,5,730
240110,1626,51,14,135,37,13,20,33,16,90,130,42,40,2247
240120,3287,77,13,88,69,130,18,299,572,376,295,193,95,5512
240130,257,1,3,1,12,14,4,6,6,6,2,3,0,315
240140,1185,131,10,42,53,47,38,40,122,123,76,67,1,1935
240145,13,1,0,0,0,0,0,0,0,0,0,0,0,14
240150,103,3,0,5,0,3,0,0,2,3,0,8,0,127
240160,88,1,1,0,1,2,3,5,2,2,18,2,2,127
240170,78,20,0,0,0,0,0,2,1,0,0,0,0,101
240180,69,2,1,0,2,0,0,0,0,0,0,0,0,74
240190,76,1,3,6,0,1,0,2,0,1,1,0,0,91
240200,1961,55,54,55,31,78,60,86,95,44,63,73,41,2696
240210,116,1,0,0,0,1,0,1,0,0,0,1,0,120
240220,282,12,7,8,2,8,7,6,5,71,33,14,8,463
240230,421,2,1,9,13,14,10,34,4,4,11,12,3,538
240240,53,0,1,1,0,1,0,0,0,0,0,1,2,59
240250,213,0,0,0,0,0,0,0,0,0,0,0,0,213
240260,2711,110,181,178,194,285,341,100,456,348,107,89,42,5142
240270,223,7,0,0,6,9,4,4,1,8,7,5,3,277
240280,31,3,1,0,0,0,4,0,0,0,0,0,0,39
240290,43,0,0,0,0,0,0,4,0,0,0,0,1,48
240300,154,4,2,14,1,1,8,2,0,1,0,0,0,187
240310,3311,47,83,105,39,57,36,51,66,128,67,24,34,4048
240320,66,0,0,0,0,0,0,4,0,0,0,0,0,70
240325,4990,300,251,311,223,244,240,263,333,283,298,217,348,8301
240330,61,3,2,0,0,0,1,0,3,1,1,0,0,72
240340,76,0,0,2,0,1,0,0,0,0,0,0,0,79
240350,68,2,0,0,0,1,0,0,1,0,0,2,1,75
240360,142,38,3,5,9,7,17,5,9,5,3,2,2,247
240370,115,3,0,2,3,2,0,0,4,0,0,1,0,130
240380,154,0,2,1,1,10,3,8,0,0,0,0,0,179
240390,20,0,0,0,0,0,0,4,0,1,0,0,0,25
240400,106,25,7,12,3,33,17,1,19,21,25,4,22,295
240410,135,15,2,1,1,7,0,0,2,4,0,3,0,170
240420,356,3,0,7,4,3,4,1,8,3,2,3,5,399
240430,153,8,1,6,0,1,4,3,0,0,0,0,0,176
240440,161,9,5,3,6,14,0,3,8,2,1,11,3,226
240450,134,6,2,3,0,3,3,0,6,15,0,3,3,178
240460,115,0,1,1,1,5,2,4,4,0,0,0,0,133
240470,517,37,11,13,21,7,36,23,28,46,19,46,7,811
240480,56,1,0,0,0,0,0,0,0,0,0,0,0,57
240490,117,1,1,110,2,4,5,0,4,0,1,121,2,368
240500,94,6,1,1,1,0,0,4,0,0,0,1,2,110
240510,51,1,0,4,0,1,0,2,1,0,1,0,0,61
240520,142,1,0,0,0,0,0,0,0,0,0,0,0,143
240530,52,12,0,0,1,0,0,0,0,0,0,0,0,65
240540,103,0,0,0,0,1,0,0,0,0,0,0,0,104
240550,62,1,0,2,1,0,0,0,0,1,0,0,7,74
240560,180,8,0,0,0,0,0,1,0,0,1,2,1,193
240570,634,40,4,32,8,5,2,3,5,0,2,2,0,737
240580,880,68,10,102,52,142,22,20,33,47,57,71,20,1524
240590,79,1,0,3,0,0,1,0,1,0,0,0,2,87
240600,85,3,0,1,0,0,0,0,4,0,1,0,0,94
240610,164,7,2,2,1,1,0,0,0,0,0,1,0,178
240620,72,1,3,0,1,1,1,0,0,0,0,0,0,79
240630,54,1,0,0,0,0,0,0,1,0,0,0,0,56
240640,70,1,4,1,0,0,1,3,2,0,3,2,3,90
240650,114,2,0,0,6,1,0,0,0,0,4,1,0,128
240660,33,2,1,0,0,0,0,0,0,0,0,0,1,37
240670,153,9,4,1,2,2,0,6,1,1,0,8,1,188
240680,94,0,0,4,1,0,3,4,0,0,0,0,0,106
240690,64,0,0,0,0,1,0,0,0,1,0,0,0,66
240700,114,2,0,0,0,0,1,0,0,0,0,0,0,117
240710,1602,67,27,41,40,50,91,56,69,76,56,35,23,2233
240720,2325,50,64,87,30,39,42,47,154,141,134,60,38,3211
240730,199,2,0,0,0,0,0,0,4,0,0,0,0,205
240740,103,2,5,0,0,2,0,1,1,2,0,7,0,123
240750,127,0,1,1,0,0,0,16,4,3,1,2,5,160
240760,73,0,0,0,0,0,0,0,4,0,0,0,0,77
240770,108,3,1,9,10,8,1,0,0,0,5,1,0,146
240780,223,6,8,0,1,4,0,2,1,2,0,2,0,249
240790,85,6,9,2,0,0,0,0,0,0,0,0,0,102
240800,12364,645,470,484,390,417,429,530,944,738,899,935,443,19688
240810,122672,3922,3716,3605,2805,3565,3160,5512,3948,3510,3595,4076,2508,166594
240820,120,1,0,3,7,4,15,4,3,3,2,2,2,166
240830,703,11,11,7,5,11,4,11,42,9,2,4,3,823
240840,72,3,0,0,0,1,0,0,0,0,0,0,0,76
240850,71,1,0,1,0,1,2,0,1,0,1,0,0,78
240860,84,2,0,0,2,0,1,1,2,2,2,2,0,98
240870,99,1,2,1,0,2,5,1,0,4,1,0,0,116
240880,43,14,25,6,11,11,9,12,11,13,5,3,1,164
240890,280,8,2,1,1,5,3,8,10,38,1,1,4,362
240910,102,2,0,0,0,0,0,0,0,0,0,0,0,104
240930,174,2,0,5,0,1,0,0,2,1,0,1,0,186
240940,506,9,6,25,3,11,2,1,4,4,2,0,8,581
240950,71,1,5,1,1,0,0,0,0,1,0,0,0,80
240960,82,1,2,1,3,3,1,3,0,0,0,0,0,96
240970,252,12,5,7,0,5,1,6,11,3,2,0,0,304
240980,148,15,4,0,0,0,0,1,2,3,14,6,1,194
240990,230,49,4,2,5,1,6,1,6,11,1,3,10,329
241000,3,0,0,0,0,0,0,4,0,0,0,0,0,7
241010,154,2,6,4,3,2,3,2,0,2,0,1,0,179
241020,36,0,0,0,0,0,0,0,0,0,0,0,0,36
241030,88,15,0,3,3,0,0,4,0,0,3,1,0,117
241040,55,2,0,0,0,0,1,0,0,0,0,0,0,58
241050,4,1,0,0,0,0,0,0,0,0,0,0,0,5
241060,57,7,0,8,4,5,0,0,2,0,0,0,0,83
241070,9,0,0,0,0,0,0,0,0,0,0,0,0,9
241080,36,26,0,0,0,0,0,0,0,0,1,0,0,63
241090,140,1,0,1,4,2,2,0,2,2,19,2,0,175
241100,23,34,0,0,0,0,4,0,0,0,0,0,0,61
241110,92,1,0,0,0,2,1,4,0,1,0,0,0,101
241140,320,4,0,9,1,4,54,0,0,8,0,3,1,404
241142,61,4,1,0,0,0,0,0,0,0,0,0,0,66
241150,269,10,9,6,3,7,3,2,2,0,0,2,0,313
241160,100,4,0,4,2,1,0,1,2,1,0,2,2,119
241170,87,3,1,0,0,0,0,0,0,1,0,0,0,92
241180,84,3,0,0,0,0,1,1,1,1,1,0,0,92
241190,12,1,0,0,0,0,0,0,1,0,0,0,0,14
241200,1294,145,93,168,116,137,107,638,146,200,199,220,131,3594
241210,96,10,6,2,1,5,1,0,0,0,0,0,0,121
241220,279,14,10,6,12,40,6,26,13,25,16,28,19,494
241230,154,1,0,1,0,0,0,1,1,0,0,2,0,160
241240,129,6,7,7,2,2,9,14,10,1,37,11,6,241
241250,134,0,1,0,0,1,0,0,0,0,2,0,0,138
241260,336,7,11,6,3,9,8,5,1,13,4,5,0,408
241270,110,0,1,7,1,2,0,0,1,0,7,0,0,129
241280,43,0,2,1,0,2,0,0,2,0,0,1,0,51
241290,255,7,0,7,2,2,2,4,18,16,2,1,1,317
241300,59,11,0,0,0,0,0,0,0,0,0,0,0,70
241310,64,1,0,3,4,0,1,0,0,0,0,0,0,73
241320,29,7,0,0,0,0,1,0,0,1,0,0,0,38
241330,68,2,0,0,0,0,0,0,0,0,0,0,0,70
241340,78,1,0,1,0,1,1,1,0,5,0,0,0,88
241350,122,0,0,1,0,0,0,1,1,0,0,0,0,125
241360,70,1,0,0,4,0,0,0,4,1,1,0,2,83
241370,102,7,0,0,0,1,0,0,0,0,0,0,0,110
241380,1,0,0,0,0,0,0,0,0,0,0,0,0,1
241390,139,5,1,5,1,1,1,0,4,0,0,0,0,157
241400,216,6,0,1,1,6,0,16,4,0,0,1,0,251
241410,266,7,0,1,3,0,0,1,0,0,0,0,0,278
241420,3,0,0,0,0,0,0,3,0,0,0,0,0,6
241430,39,0,3,4,0,1,1,1,1,0,2,0,0,52
241440,526,7,2,14,5,14,5,5,0,7,10,2,1,598
241450,259,2,3,3,16,4,15,1,3,9,6,5,0,326
241460,159,0,4,3,10,7,5,11,6,2,2,5,1,215
241470,77,2,0,0,0,1,2,1,0,1,0,1,1,86
241480,64,0,0,0,0,1,0,0,0,0,0,0,0,65
241490,10,0,0,0,0,0,0,0,0,0,0,0,0,10
241500,50,0,1,1,0,0,0,2,0,0,0,1,0,55
249999,445,10,1,0,4,2,2,20,7,14,6,0,1,512
250010,74,1,0,0,1,0,0,0,0,0,0,0,0,76
250020,59,0,0,1,0,0,1,0,0,0,0,0,0,61
250030,310,8,7,28,5,6,6,4,5,53,8,12,1,453
250040,527,6,1,17,4,0,0,4,4,7,1,0,0,571
250050,143,7,3,2,3,3,0,5,2,2,2,0,1,173
250060,572,12,17,48,30,22,11,30,36,388,464,687,517,2834
250070,668,102,12,38,10,14,20,31,20,10,27,6,2,960
250080,193,64,1,0,0,0,0,0,0,2,0,0,1,261
250090,138,20,0,0,0,1,0,1,0,1,0,0,0,161
250100,612,5,2,0,1,0,0,1,1,2,0,1,1,626
250110,2169,24,15,58,43,60,66,111,81,128,35,13,20,2823
250120,164,3,0,0,0,2,21,2,1,1,0,0,0,194
250130,697,4,1,48,15,10,3,7,13,4,5,5,1,813
250140,111,3,1,1,1,0,0,3,0,0,0,1,0,121
250150,526,1,5,5,4,3,0,2,4,4,8,12,1,575
250160,377,6,4,7,23,5,7,6,0,1,0,0,0,436
250170,104,6,0,0,0,0,0,4,0,0,0,0,0,114
250180,4969,219,128,229,161,148,83,155,168,265,162,192,83,6962
250190,313,2,0,11,4,4,7,13,4,5,8,7,4,382
250200,70,0,1,0,0,0,0,0,4,1,0,0,0,76
250210,5,0,0,0,0,0,0,0,0,0,0,0,0,5
250220,110,0,0,10,7,1,1,0,0,0,0,0,0,129
250230,2,0,0,0,0,0,0,0,4,0,0,0,0,6
250240,388,27,8,10,2,5,6,2,3,4,1,5,1,462
250250,564,5,2,0,18,2,5,4,4,2,4,3,1,614
250260,304,6,0,5,4,0,4,3,1,0,2,1,0,330
250270,192,1,9,6,0,2,10,12,0,1,0,0,0,233
250280,374,8,2,0,0,2,0,1,1,0,0,4,1,393
250290,160,21,0,0,0,1,0,0,4,0,0,1,0,187
250300,908,41,24,104,21,66,42,54,148,84,95,91,76,1754
250310,198,4,0,9,3,1,3,3,3,5,0,5,0,234
250320,3415,81,59,86,32,73,41,43,45,70,73,49,30,4097
250330,221,1,0,0,0,1,0,0,0,0,0,0,0,223
250340,57,0,0,0,0,0,0,0,0,0,0,0,0,57
250350,235,4,1,1,1,0,1,3,3,1,2,2,0,254
250360,328,9,12,19,5,9,14,21,24,0,4,0,0,445
250370,2217,40,28,39,49,32,83,53,28,45,31,52,31,2728
250380,11,0,1,0,0,0,0,1,1,0,0,2,0,16
250390,122,2,0,1,0,0,0,0,0,4,0,0,0,129
250400,25157,997,785,1067,847,1065,992,1101,1246,1187,989,1466,741,37640
250410,63,7,0,0,0,0,0,0,0,0,0,1,0,71
250420,65,1,0,0,0,0,0,0,0,4,0,0,0,70
250430,737,26,8,14,5,5,4,9,8,9,14,8,0,847
250440,158,0,1,0,0,1,0,1,3,4,112,93,33,406
250450,65,2,0,1,1,1,0,0,2,1,0,0,0,73
250460,664,29,13,12,8,13,22,37,22,22,20,19,15,896
250470,5,0,0,0,0,1,0,3,0,0,0,0,0,9
250480,53,0,0,0,0,16,0,1,1,0,0,2,0,73
250490,295,100,2,0,3,0,1,1,0,1,1,4,1,409
250500,101,5,1,0,3,4,3,0,0,1,0,0,0,118
250510,667,46,19,22,3,8,7,9,5,4,26,23,1,840
250520,141,5,0,0,0,0,0,0,0,0,0,1,0,147
250530,82,1,0,0,0,0,1,0,0,0,0,0,0,84
250540,56,0,1,0,0,0,0,0,0,0,0,0,0,57
250550,36,0,0,0,0,0,0,0,0,4,1,0,0,41
250560,12,0,0,0,0,0,0,0,0,0,0,0,0,12
250570,115,0,3,3,0,1,0,0,0,0,0,0,0,122
250580,129,3,0,0,1,2,6,3,0,0,1,0,0,145
250590,98,3,0,0,0,0,0,0,0,0,0,0,0,101
250600,898,28,22,27,4,15,7,5,12,10,10,12,8,1058
250610,29,0,5,0,1,0,0,0,0,0,0,0,0,35
250620,68,3,0,4,1,2,2,0,2,0,2,0,0,84
250630,2141,66,43,39,128,37,58,61,78,56,39,65,21,2832
250640,217,1,2,1,0,0,0,3,0,3,0,0,2,229
250650,86,0,0,0,0,0,19,0,0,0,0,0,0,105
250660,35,11,1,0,0,0,1,0,1,0,0,0,0,49
250670,3,0,0,0,4,0,0,0,0,0,0,0,0,7
250680,328,0,4,8,5,4,3,5,6,4,5,1,0,373
250690,550,19,19,22,10,23,5,11,6,15,13,11,3,707
250700,460,23,4,2,3,3,59,17,17,4,7,3,10,612
250710,315,9,2,5,4,4,2,0,0,3,6,0,0,350
250720,62,1,2,0,0,0,0,0,1,2,0,0,0,68
250730,333,6,1,0,1,1,1,0,0,0,1,2,0,346
250740,152,5,5,114,6,3,9,18,20,21,15,8,1,377
250750,111727,3155,2953,3109,2683,3843,4174,8404,2531,2877,2869,3837,1755,153917
250760,244,0,1,0,1,0,1,2,4,0,1,0,0,254
250770,323,11,1,1,1,1,1,2,0,1,0,0,1,343
250780,246,6,9,1,0,13,5,1,11,4,4,3,1,304
250790,42,10,8,25,8,8,6,7,12,14,2,2,2,146
250800,58,12,0,16,6,1,0,0,0,2,0,0,2,97
250810,130,14,2,0,1,1,2,5,1,2,2,1,0,161
250820,181,0,1,0,0,0,1,20,10,14,5,3,0,235
250830,318,5,10,19,2,7,7,3,10,5,10,7,2,405
250840,218,8,0,14,0,1,0,0,1,1,4,0,0,247
250850,95,4,0,0,0,0,0,2,1,1,0,0,0,103
250860,503,10,5,10,12,13,8,11,17,11,14,11,10,635
250870,32,0,0,0,0,1,0,0,4,0,0,0,0,37
250880,9,0,0,0,1,0,1,5,0,0,0,0,0,16
250890,1032,56,39,50,43,41,38,36,28,25,35,21,22,1466
250900,39,0,0,0,0,0,0,0,0,0,0,0,0,39
250910,441,10,8,15,16,11,7,10,3,4,1,6,3,535
250920,192,2,1,0,3,0,0,1,0,0,1,0,0,200
250930,169,5,0,1,1,1,2,3,3,2,5,2,5,199
250940,204,5,5,1,4,12,0,0,0,3,0,0,0,234
250950,119,0,0,2,5,0,8,0,0,0,0,0,0,134
250960,205,66,1,2,4,7,1,0,0,0,0,1,0,287
250970,175,1,2,1,1,0,0,0,0,1,0,0,1,182
250980,227,13,1,0,1,1,2,1,2,0,0,0,0,248
250990,212,0,0,2,1,0,0,1,0,0,0,0,0,216
251000,223,8,7,5,3,5,0,0,2,0,0,0,0,253
251010,93,0,1,2,1,0,0,19,0,0,3,1,0,120
251020,186,9,2,3,0,1,1,0,0,0,0,0,0,202
251030,121,38,0,0,0,0,0,5,0,0,0,0,0,164
251040,190,2,0,0,0,1,0,3,0,0,0,0,0,196
251050,59,1,0,0,1,0,0,0,1,0,0,0,0,62
251060,99,6,1,6,1,0,0,3,0,0,0,4,3,123
251070,67,3,0,0,0,0,0,0,0,0,0,0,0,70
251080,2926,86,37,86,111,98,84,57,168,115,75,195,79,4117
251090,105,2,0,0,3,0,0,0,0,0,0,0,0,110
251100,108,2,0,0,0,0,0,0,0,0,0,0,0,110
251110,78,2,2,9,1,2,4,2,1,1,5,0,2,109
251120,1326,67,37,58,35,90,38,17,205,47,54,55,24,2053
251130,1072,13,2,28,7,21,4,10,58,20,20,31,7,1293
251140,258,1,3,7,4,22,3,4,2,1,0,1,0,306
251150,62,1,0,0,0,2,1,1,15,4,1,2,0,89
251160,148,2,0,2,0,1,2,1,0,0,0,0,1,157
251170,171,5,3,5,9,2,2,7,3,4,1,4,0,216
251180,178,1,0,6,1,0,3,2,2,0,53,3,10,259
251190,3,0,0,12,0,0,1,0,0,0,0,0,0,16
251200,317,4,19,9,2,6,12,13,2,13,1,17,5,420
251210,913,27,5,39,43,14,11,31,29,16,84,31,21,1264
251220,9,0,0,0,0,0,0,0,1,0,0,0,0,10
251230,353,5,4,0,0,3,1,3,2,0,7,7,0,385
251240,207,9,1,1,8,3,5,2,1,5,5,0,0,247
251250,947,66,9,4,9,28,6,10,8,49,12,3,3,1154
251270,496,51,2,1,0,0,2,1,3,1,1,1,0,559
251280,303,38,2,5,0,1,0,1,3,1,1,1,0,356
251290,1744,71,79,41,31,38,31,54,221,174,101,186,50,2821
251300,40,2,0,1,0,0,0,0,1,0,3,0,1,48
251310,57,1,2,0,0,1,0,2,0,0,0,5,0,68
251320,13,0,0,1,0,1,0,0,0,0,0,0,0,15
251330,164,26,1,0,4,0,0,0,0,0,0,0,0,195
251340,301,3,5,2,5,2,3,1,2,2,3,4,0,333
251350,4,0,1,0,0,0,0,0,0,0,0,0,0,5
251360,265,2,4,10,5,1,3,4,0,0,0,2,43,339
251370,5212,289,109,274,65,158,135,135,616,417,278,238,249,8175
251380,9,1,0,0,0,0,1,0,1,0,0,0,0,12
251390,141,1,0,1,3,0,1,2,8,4,4,2,0,167
251400,170,1,0,2,1,2,1,0,0,0,0,0,0,177
251410,3,0,0,3,0,0,0,0,0,0,0,0,0,6
251420,183,4,0,1,0,0,0,0,0,0,2,0,2,192
251430,62,4,0,0,0,0,3,0,4,0,0,0,0,73
251440,45,9,23,0,1,7,1,1,1,0,0,0,1,89
251450,998,217,1,0,2,0,1,1,0,1,0,2,1,1224
251460,85,0,0,0,0,0,0,0,0,0,0,0,0,85
251470,22,0,0,0,0,0,0,0,1,1,0,0,0,24
251480,165,6,1,7,0,0,1,0,2,0,0,0,0,182
251490,217,5,1,8,4,2,2,0,42,1,0,1,2,285
251500,11,0,0,0,0,0,11,0,0,0,0,0,0,22
251510,235,12,1,1,0,0,0,0,1,0,1,0,0,251
251520,67,1,1,0,0,0,0,0,0,0,1,1,0,71
251530,1917,25,27,34,21,32,29,83,109,34,32,33,12,2388
251540,126,1,0,0,0,0,0,1,0,4,0,0,0,132
251550,329,2,5,3,1,1,6,2,1,2,2,3,2,359
251560,115,2,0,1,0,0,0,1,0,0,1,0,0,120
251570,81,2,9,4,3,1,0,1,2,0,0,0,0,103
251580,160,0,3,1,0,1,0,0,0,1,0,2,0,168
251590,177,5,0,0,0,1,0,0,0,0,0,1,0,184
251600,629,104,65,24,27,18,15,17,3,6,28,8,2,946
251610,283,5,3,3,0,3,2,0,2,3,0,1,1,306
251620,3226,61,25,60,49,56,91,63,60,62,31,51,24,3859
251630,141,139,0,3,1,0,2,2,2,0,1,6,1,298
251640,140,89,0,0,0,0,0,0,0,0,0,0,0,229
251650,300,4,1,1,0,0,0,1,3,0,1,0,0,311
251660,50,2,0,0,0,1,1,0,2,0,0,4,0,60
251670,273,9,2,6,5,29,3,7,7,10,28,10,7,396
251680,102,23,0,9,0,1,0,0,0,1,1,0,0,137
251690,687,11,4,2,5,5,0,2,19,0,7,3,2,747
251700,305,5,5,5,0,2,0,0,2,1,2,1,3,331
251710,278,10,8,4,4,6,16,7,2,0,4,2,3,344
259999,11,0,0,0,0,0,0,0,0,0,0,3,0,14
260005,476,27,27,24,25,13,23,18,50,149,223,185,126,1366
260010,752,29,31,12,8,15,14,20,7,11,8,4,4,915
260020,155,2,1,1,0,1,0,2,2,0,1,1,0,166
260030,242,21,2,6,10,5,2,35,10,9,6,5,2,355
260040,1542,40,17,22,15,39,6,17,16,25,42,42,11,1834
260050,151,3,0,1,1,1,3,2,0,0,0,1,2,165
260060,158,7,1,0,0,4,3,4,2,2,0,0,0,181
260070,5389,84,34,47,42,15,15,26,791,416,322,131,21,7333
260080,508,5,4,1,1,4,6,29,2,1,1,1,2,565
260090,323,3,0,2,1,1,5,3,1,0,26,3,5,373
260100,301,6,5,23,3,0,0,1,1,5,4,0,0,349
260110,1208,25,22,28,19,101,39,77,31,46,66,110,40,1812
260120,2087,138,44,58,27,64,50,104,63,68,52,141,38,2934
260130,57,4,0,0,0,2,2,0,3,6,2,1,0,77
260140,5561,345,65,84,78,69,48,51,71,214,238,191,15,7030
260150,307,8,1,4,3,2,2,3,0,6,1,3,1,341
260160,264,5,8,3,0,3,4,5,3,3,6,2,2,308
260170,3526,144,70,72,72,138,77,84,155,202,145,115,42,4842
260180,115,17,5,4,3,2,0,0,1,0,1,1,1,150
260190,458,11,10,5,2,16,7,11,10,18,9,17,4,578
260200,253,4,0,0,1,2,3,1,4,0,0,1,0,269
260210,654,4,17,12,4,8,5,55,4,3,31,20,3,820
260220,241,32,14,1,2,4,7,1,5,2,15,7,4,335
260230,1496,215,39,150,38,15,21,26,8,18,65,71,88,2250
260240,52,0,1,0,1,1,0,1,0,0,1,2,0,59
260250,48,0,0,0,0,0,0,0,0,1,0,0,0,49
260260,254,5,2,1,1,13,4,2,4,3,2,3,2,296
260270,252,5,0,0,1,1,2,1,0,18,2,1,1,284
260280,281,66,0,1,1,0,1,2,0,1,2,2,0,357
260290,10966,306,236,494,576,431,456,388,458,582,543,396,349,16181
260300,492,15,2,2,2,2,20,19,23,20,16,16,9,638
260310,151,1,1,0,4,2,1,0,0,2,0,0,0,162
260320,101,7,0,0,1,0,0,2,0,0,1,1,0,113
260330,149,13,1,0,2,0,0,0,0,0,1,0,0,166
260340,26,8,0,0,0,1,1,0,1,0,1,1,0,39
260345,1283,37,30,34,41,24,16,29,28,116,104,89,76,1907
260350,202,6,3,1,1,3,1,2,2,2,1,5,0,229
260360,2158,24,48,121,29,14,45,82,503,195,117,41,13,3390
260370,404,59,2,9,5,25,6,4,0,3,5,2,0,524
260380,85,0,0,0,0,0,1,1,1,1,0,0,0,89
260390,181,40,0,0,0,1,1,4,0,0,0,0,0,227
260400,2632,65,46,37,54,64,127,80,90,169,87,64,59,3574
260410,11260,368,384,332,349,334,324,374,389,320,412,465,378,15689
260420,7590,174,64,50,61,57,49,93,87,171,109,52,49,8606
260430,102,4,2,4,0,1,0,0,0,0,1,0,0,114
260440,629,9,2,3,1,9,7,12,4,7,18,33,0,734
260450,170,24,0,1,4,0,1,0,3,1,7,1,1,213
260460,457,10,1,19,1,3,0,0,4,83,5,1,2,586
260470,256,3,7,0,2,1,2,2,0,7,12,9,8,309
260480,2704,72,38,19,6,11,5,5,9,352,63,29,22,3335
260490,321,5,8,16,1,1,4,6,2,1,2,0,0,367
260500,253,6,1,0,3,1,0,3,0,2,1,3,0,273
260510,495,8,19,13,4,3,5,7,8,6,1,2,0,571
260520,8835,243,134,144,91,300,228,193,365,1103,426,211,103,12376
260530,592,27,5,1,4,6,15,19,6,5,0,1,0,681
260540,359,24,17,18,11,14,6,6,9,10,4,31,17,526
260545,416,1,9,0,0,0,1,0,1,0,0,0,0,428
260550,176,8,10,1,6,0,1,1,0,0,1,1,0,205
260560,162,0,0,1,0,0,0,1,1,0,0,1,0,166
260570,297,7,1,1,1,5,1,9,3,2,0,1,0,328
260580,133,1,0,1,0,0,0,0,1,0,1,0,0,137
260590,319,28,7,10,9,8,5,11,4,16,38,14,2,471
260600,5150,201,200,149,140,183,126,177,197,218,231,171,237,7380
260610,442,5,12,11,5,1,0,1,4,0,1,2,1,485
260620,6624,155,117,99,128,171,154,295,500,767,335,189,194,9728
260630,9,0,2,0,0,0,0,0,0,0,0,0,0,11
260640,1697,45,62,55,32,31,35,45,59,51,37,65,25,2239
260650,125,2,1,0,0,1,0,2,0,0,2,0,0,133
260660,248,5,1,1,2,2,0,1,1,1,0,0,0,262
260670,13,0,0,0,0,0,0,0,0,0,0,0,0,13
260680,9454,165,191,231,120,155,143,208,198,603,803,121,83,12475
260690,123,0,0,1,2,1,0,0,0,1,0,0,1,129
260700,165,15,2,2,2,1,0,3,3,0,0,0,0,193
260710,23,0,0,0,1,0,0,0,0,1,0,0,0,25
260720,7049,136,33,83,54,77,99,87,51,1483,511,164,70,9897
260730,265,3,1,2,1,6,3,4,3,2,6,4,1,301
260740,14,1,0,0,0,1,0,0,0,2,0,0,0,18
260750,246,29,15,3,7,6,3,1,0,43,34,5,1,393
260760,419,19,14,15,1,18,8,14,7,9,3,12,1,540
260765,837,21,24,7,8,23,16,4,41,12,23,26,1,1043
260770,339,14,12,8,2,4,3,8,1,0,4,1,1,397
260775,965,27,24,28,21,29,21,13,12,26,11,13,21,1211
260780,500,13,10,18,10,4,2,2,14,17,13,10,3,616
260790,29317,2066,1205,1199,1153,1127,1090,1766,1502,2258,2269,1682,905,47539
260800,199,57,0,0,0,0,2,0,0,0,0,0,0,258
260810,82,1,0,0,0,0,4,0,2,11,4,5,3,112
260820,3555,55,52,46,28,35,25,33,19,274,79,40,42,4283
260830,220,1,1,1,3,2,0,1,0,0,0,1,0,230
260840,24,0,0,0,0,0,0,0,0,0,0,0,1,25
260845,9,3,1,0,0,1,2,0,1,1,2,0,0,20
260850,1022,19,12,6,13,22,86,120,16,145,64,10,13,1548
260860,20,99,1,0,0,0,0,0,0,0,0,0,0,120
260870,224,3,0,0,0,0,0,1,0,0,0,0,0,228
260880,330,88,16,12,2,3,3,12,2,4,5,10,4,491
260890,2171,58,100,46,35,60,78,53,60,95,52,80,22,2910
260900,853,39,12,8,4,2,4,11,3,35,6,13,4,994
260910,124,2,1,0,1,2,0,0,0,1,0,0,0,131
260920,1922,70,24,18,36,56,27,20,99,305,91,56,20,2744
260930,297,11,1,5,0,3,1,4,0,1,0,0,0,323
260940,1736,63,65,48,50,42,55,45,43,24,113,100,30,2414
260950,3240,151,110,137,302,108,83,115,127,555,252,97,61,5338
260960,14526,979,720,659,664,608,593,893,748,757,631,748,487,23013
260970,175,69,0,1,2,0,1,1,0,0,2,0,0,251
260980,62,2,0,1,0,0,0,3,0,0,1,0,0,69
260990,469,13,28,9,12,30,59,17,8,20,35,14,9,723
261000,3264,119,91,140,60,86,57,103,78,300,144,119,102,4663
261010,188,1,11,4,3,5,2,2,1,0,0,1,0,218
261020,174,0,0,0,0,4,0,0,0,0,0,0,0,178
261030,19,0,0,0,0,2,0,0,0,0,0,0,0,21
261040,97,0,0,2,0,1,10,5,2,2,20,0,7,146
261050,353,10,11,4,4,8,2,3,2,1,0,0,1,399
261060,1688,74,42,44,63,86,38,38,38,166,86,51,48,2462
261070,17349,522,439,602,486,480,548,760,690,581,710,712,364,24243
261080,130,1,0,0,0,0,1,0,0,1,0,0,1,134
261090,2190,84,120,128,244,108,67,118,176,319,169,113,36,3872
261100,5588,359,223,280,381,309,245,569,291,209,303,422,200,9379
261110,9562,527,531,706,492,467,586,538,430,517,618,577,286,15837
261120,75,0,1,0,2,1,2,2,0,2,0,1,0,86
261130,1272,39,16,13,13,47,32,19,16,355,90,33,27,1972
261140,180,4,0,10,1,0,1,2,0,3,1,1,1,204
261150,377,10,5,6,13,9,6,12,16,5,3,6,3,471
261160,377208,15173,11065,12112,10409,10947,9501,12749,12279,13393,12816,13349,7881,518882
261170,193,52,2,1,1,0,0,7,1,0,0,1,0,258
261180,5439,299,121,79,83,144,71,84,181,769,296,125,112,7803
261190,2927,74,49,18,98,44,48,19,189,210,65,42,18,3801
261200,86,25,0,0,0,0,2,0,0,0,0,0,2,115
261210,57,0,1,0,0,0,0,0,0,0,0,0,0,58
261220,1226,38,37,25,15,35,17,22,33,24,24,28,19,1543
261230,31,0,0,0,0,0,1,2,0,0,0,0,0,34
261240,574,4,75,1,11,40,17,13,0,13,0,6,0,754
261250,524,20,11,21,3,7,15,22,15,10,7,8,3,666
261260,1001,95,52,36,36,7,21,21,8,16,38,114,14,1459
261270,25,0,1,0,0,0,0,0,0,0,0,0,0,26
261290,223,6,3,3,1,2,1,3,0,3,1,0,0,246
261300,941,24,16,53,19,16,9,33,15,3,13,3,2,1147
261310,365,2,5,3,1,2,4,2,0,3,1,10,3,401
261320,179,7,4,0,1,8,1,2,5,6,2,1,0,216
261330,201,2,0,2,0,1,0,1,0,0,0,0,0,207
261340,336,71,14,8,12,8,4,6,8,9,8,11,8,503
261350,592,27,9,13,6,68,40,18,18,10,4,25,3,833
261360,653,20,19,14,24,28,22,24,1,3,11,18,6,843
261370,7308,144,94,148,172,530,72,112,279,255,600,210,136,10060
261380,349,144,1,1,1,1,0,0,1,0,0,4,5,507
261390,2558,68,18,73,106,104,57,123,73,24,36,59,20,3319
261400,141,3,0,2,0,0,2,1,0,2,5,0,1,157
261410,749,20,8,12,14,15,8,56,10,6,19,19,2,938
261420,4758,54,42,18,86,53,20,15,19,578,180,54,28,5905
261430,10,0,0,0,0,1,0,2,0,0,0,0,0,13
261440,112,2,0,0,0,0,0,0,0,0,0,0,0,114
261450,1254,19,15,25,24,37,8,14,10,18,47,25,10,1506
261460,363,14,12,6,8,5,16,22,1,1,0,1,3,452
261470,255,14,17,7,12,1,1,14,2,11,22,14,10,380
261480,66,45,0,1,1,1,1,1,0,0,1,1,0,118
261500,573,24,16,9,5,10,10,4,21,52,12,24,5,765
261510,83,0,0,0,0,1,0,1,0,0,0,0,0,85
261520,67,3,0,0,0,0,2,0,0,0,0,0,0,72
261530,4791,86,217,82,120,123,91,96,228,465,226,104,68,6697
261540,194,1,1,4,0,2,1,2,2,1,2,0,1,211
261550,786,24,2,3,24,1,1,5,6,92,74,2,3,1023
261560,247,8,5,5,1,24,8,7,18,2,14,18,17,374
261570,285,3,0,3,0,1,0,1,0,0,3,0,1,297
261580,150,3,0,0,0,0,1,0,1,0,2,0,1,158
261590,113,19,4,2,2,2,2,5,9,2,1,2,1,164
261600,173,14,0,0,0,0,0,1,0,0,0,0,0,188
261610,57,9,1,0,0,0,0,2,2,0,0,0,0,71
261620,176,10,5,2,3,0,1,2,1,0,1,0,0,201
261630,2280,74,19,17,49,58,76,27,15,208,181,76,7,3087
261640,5958,177,176,129,124,131,99,253,283,207,145,144,100,7926
261650,10,1,0,0,0,0,0,0,0,1,0,0,0,12
269999,70,35,0,0,1,1,0,1,1,1,0,1,0,111
270010,278,14,0,1,0,8,5,3,1,0,0,0,0,310
270020,279,9,1,0,0,1,1,0,1,0,1,1,2,296
270030,7753,962,461,363,169,244,319,823,416,2494,697,532,184,15417
270040,3422,177,48,77,67,52,70,114,96,133,209,97,146,4708
270050,147,17,7,4,12,2,1,7,2,6,1,0,1,207
270060,123,3,12,10,10,19,15,6,9,9,11,7,1,235
270070,248,39,6,7,6,8,5,2,2,4,2,3,3,335
270080,94,1,0,1,0,1,3,0,0,0,1,1,0,102
270090,66,1,0,0,0,0,0,0,0,0,0,0,0,67
270100,2762,98,68,118,103,150,126,135,123,373,80,66,60,4262
270110,110,8,5,0,3,1,0,5,1,1,2,4,1,141
270120,183,2,8,10,16,2,2,0,1,2,1,0,1,228
270130,1124,38,44,22,27,4,27,26,45,84,18,12,11,1482
270140,1923,143,22,23,85,83,65,52,188,166,64,145,13,2972
270150,79,3,0,0,0,0,1,0,0,0,0,0,0,83
270160,194,10,7,6,6,5,0,0,1,0,0,0,0,229
270170,944,13,5,7,16,14,27,17,15,44,84,12,14,1212
270180,7,0,1,0,0,0,0,0,0,0,0,0,0,8
270190,110,0,1,0,1,0,0,1,0,0,0,0,0,113
270200,119,0,1,4,1,1,0,0,0,0,1,1,0,128
270210,1696,35,44,34,47,37,56,52,44,116,107,85,26,2379
270220,130,1,3,4,5,0,4,0,4,4,2,6,2,165
270230,4197,240,30,68,141,83,67,85,91,303,181,148,118,5752
270235,3,0,0,0,0,0,0,0,0,0,0,0,0,3
270240,1743,82,31,31,36,40,23,22,26,36,21,29,23,2143
270250,102,12,2,1,0,2,0,0,0,0,1,0,0,120
270260,212,2,0,1,1,0,1,0,0,0,1,0,1,219
270270,83,4,0,0,0,0,1,0,1,0,0,1,0,90
270280,792,27,19,6,5,16,3,17,34,73,32,31,9,1064
270290,297,49,0,2,3,0,2,0,1,2,2,2,3,363
270300,28,0,1,0,2,0,0,1,0,0,0,2,1,35
270310,123,70,0,1,1,0,0,0,0,0,2,0,0,197
270320,826,32,23,21,22,61,34,23,28,113,61,47,12,1303
270330,88,2,0,0,0,0,0,0,0,0,0,0,0,90
270340,71,0,2,0,0,0,0,0,0,1,0,0,0,74
270350,74,8,1,0,0,0,1,0,1,1,1,2,0,89
270360,753,79,52,34,39,62,43,42,45,51,57,49,34,1340
270370,73,0,1,0,0,0,0,0,0,0,0,0,0,74
270380,1560,68,17,34,81,47,48,50,15,42,245,89,20,2316
270390,229,2,1,0,0,0,0,1,0,0,1,0,0,234
270400,1049,48,27,30,41,171,44,20,23,56,47,24,16,1596
270410,364,122,45,2,19,4,2,0,214,66,51,2,0,891
270420,154,1,2,0,1,1,1,0,1,0,0,0,0,161
270430,114684,5344,5043,5327,3809,4770,4010,7788,3912,3891,3890,4653,2867,169988
270440,380,6,10,4,6,8,10,11,17,6,3,4,9,474
270450,364,3,21,4,9,5,5,8,10,13,2,6,0,450
270460,129,17,2,0,0,0,0,2,6,0,0,0,1,157
270470,2095,124,142,168,104,172,77,129,70,118,245,76,65,3585
270480,397,18,12,14,9,20,3,12,18,1,15,9,1,529
270490,77,5,0,1,0,0,0,0,0,0,0,0,0,83
270500,392,58,2,1,1,2,1,1,0,0,1,0,0,459
270510,841,44,27,17,14,23,15,8,9,121,28,23,9,1179
270520,720,29,9,19,12,9,14,25,14,54,24,20,4,953
270530,73,1,0,0,0,0,0,0,2,0,0,0,0,76
270540,65,0,1,0,0,0,0,2,3,0,1,0,0,72
270550,2167,60,12,15,62,35,20,49,46,94,74,59,62,2755
270560,717,14,9,4,6,5,6,15,13,14,7,28,1,839
270570,378,28,3,7,5,25,7,4,9,5,2,2,7,482
270580,13,0,0,0,0,0,0,0,0,0,0,0,0,13
270590,5,0,0,0,0,0,0,0,0,0,0,0,0,5
270600,99,4,0,0,1,0,0,0,0,0,0,0,0,104
270610,144,27,0,1,0,0,1,0,1,0,1,0,0,175
270620,59,2,0,3,4,1,1,1,0,4,1,16,0,92
270630,1950,41,47,61,41,37,36,98,44,60,55,56,49,2575
270640,534,1,1,3,3,0,1,1,1,7,3,1,0,556
270644,19,1,4,3,0,0,0,0,0,2,0,1,0,30
270650,219,4,1,2,6,5,11,5,3,0,3,4,3,266
270660,137,3,13,2,0,0,0,4,3,4,1,2,2,171
270670,2282,93,113,172,99,101,96,125,211,267,141,118,96,3914
270680,319,16,0,30,9,5,5,3,2,1,4,2,0,396
270690,1191,17,11,11,5,16,7,3,10,11,13,24,5,1324
270700,7,0,0,1,0,0,0,0,0,0,0,0,0,8
270710,18,0,0,0,0,0,0,0,0,0,0,0,0,18
270720,87,38,1,0,0,0,0,0,0,0,0,0,0,126
270730,2127,126,62,70,75,58,59,47,61,168,95,69,53,3070
270740,177,8,1,1,2,4,2,1,2,2,14,1,1,216
270750,166,0,1,0,3,3,0,0,1,3,0,0,0,177
270760,176,2,1,0,0,0,0,1,2,0,1,0,1,184
270770,4423,167,95,69,65,117,89,109,54,312,118,117,85,5820
270780,516,30,12,1,8,3,26,50,30,44,58,31,16,825
270790,304,13,10,14,6,2,6,2,3,7,8,4,1,380
270800,973,49,8,14,21,11,5,23,17,16,25,16,5,1183
270810,178,0,0,0,0,1,0,1,0,1,0,0,0,181
270820,62,1,0,0,0,0,0,0,0,2,0,0,0,65
270830,3221,801,71,56,67,128,82,86,85,107,55,59,18,4836
270840,248,4,0,0,1,0,1,0,2,0,0,2,2,260
270850,773,40,44,30,32,41,18,38,51,36,22,23,10,1158
270860,7643,347,198,353,165,220,264,225,172,585,461,232,187,11052
270870,4,0,0,0,3,0,1,0,0,0,0,0,0,8
270880,227,9,1,5,3,3,4,0,8,13,4,1,0,278
270890,725,63,48,27,25,27,25,14,26,37,33,21,25,1096
270895,1,0,0,0,0,0,0,0,0,0,0,0,0,1
270900,125,0,0,1,0,0,0,1,1,0,1,0,1,130
270910,158,3,0,1,0,0,1,3,1,0,1,3,1,172
270920,296,1,0,0,1,0,1,2,0,1,2,1,0,305
270930,3226,134,42,62,51,51,80,87,53,803,88,78,25,4780
270940,512,20,3,8,5,10,3,2,15,5,10,3,6,602
280010,6,0,0,0,0,0,0,1,0,0,0,0,0,7
280020,263,2,2,0,1,6,0,2,3,0,1,1,7,288
280030,86790,3802,2921,4378,3953,3895,2998,6736,3652,4899,4217,4733,3003,135977
280040,76,8,1,0,1,1,0,7,0,4,2,0,0,100
280050,202,13,3,22,26,12,9,7,2,4,1,4,0,305
280060,123,3,3,5,1,2,3,0,5,1,0,2,4,152
280067,537,17,4,56,13,17,2,16,105,25,13,23,5,833
280070,18,0,0,0,0,0,1,0,6,3,0,0,0,28
280100,322,7,4,18,0,8,3,4,8,2,2,0,0,378
280110,13,0,0,0,0,0,0,0,0,0,0,0,0,13
280120,39,13,9,3,2,1,1,0,91,137,139,160,51,646
280130,443,14,13,11,5,24,8,14,16,15,18,8,20,609
280140,169,81,1,5,2,4,1,2,1,5,0,3,3,277
280150,878,82,27,47,38,55,52,136,102,75,47,45,67,1651
280160,77,11,0,0,1,0,0,0,0,0,0,0,0,89
280170,149,0,3,2,6,4,0,3,0,1,2,1,1,172
280190,64,0,1,1,0,1,1,1,0,0,0,1,0,70
280200,146,3,1,1,2,36,0,0,0,2,8,1,2,202
280210,4435,128,176,135,166,170,89,104,169,236,146,212,187,6353
280220,35,1,0,0,0,0,0,0,0,0,0,1,0,37
280230,287,4,5,11,11,2,2,11,1,0,5,2,6,347
280240,33,1,1,0,0,1,2,0,1,0,0,0,1,40
280250,10,0,0,0,0,0,1,0,0,0,0,0,0,11
280260,10,1,0,0,0,0,0,0,0,0,0,0,0,11
280270,116,3,1,8,0,2,7,5,0,3,0,7,0,152
280280,69,7,0,0,1,1,0,0,0,2,0,0,0,80
280290,1751,73,52,57,62,65,45,70,64,54,76,158,174,2701
280300,491,5,11,2,40,3,52,6,1,10,5,4,10,640
280310,50,1,0,1,1,1,1,0,0,2,0,0,0,57
280320,667,13,23,26,27,27,16,33,26,37,27,33,16,971
280330,333,14,3,18,8,2,13,1,6,3,2,4,4,411
280340,31,1,0,5,0,0,2,2,2,0,0,0,0,43
280350,2098,88,27,40,38,59,47,54,63,37,53,81,23,2708
280360,3402,148,80,109,66,97,76,110,92,219,120,43,40,4602
280370,132,3,3,2,1,3,4,7,2,0,1,0,0,158
280380,37,2,0,0,0,1,1,0,2,1,3,0,2,49
280390,139,2,4,1,1,3,0,2,0,2,0,1,0,155
280400,687,10,17,9,11,6,3,11,15,13,16,10,10,818
280410,138,1,0,0,0,0,0,1,0,0,1,2,0,143
280420,47,43,0,11,0,1,0,0,0,0,0,0,0,102
280430,14,3,0,0,0,0,0,0,0,0,1,1,0,19
280440,1489,65,43,73,41,74,61,50,90,114,36,45,43,2224
280445,108,43,0,0,3,3,0,2,5,4,1,1,0,170
280450,412,17,5,3,3,8,3,7,5,2,7,15,0,487
280460,205,21,5,0,2,4,6,4,1,12,6,10,8,284
280470,79,0,3,4,2,0,0,0,0,1,0,0,0,89
280480,1926,133,124,133,108,132,101,135,134,200,113,124,94,3457
280490,308,25,5,7,16,16,12,4,6,14,10,1,1,425
280500,5,0,0,0,0,0,0,0,0,0,0,0,0,5
280510,130,11,9,8,5,2,1,3,3,0,1,0,0,173
280520,3,0,0,0,0,0,0,0,0,1,0,0,0,4
280530,98,3,0,3,0,0,1,0,0,2,0,3,0,110
280540,123,199,88,45,7,27,26,10,9,11,18,1,0,564
280550,118,0,0,1,0,0,0,0,1,2,0,0,0,122
280560,347,21,0,2,5,2,1,11,1,1,0,0,0,391
280570,1520,60,22,58,79,74,40,33,56,108,143,53,23,2269
280580,200,2,2,2,0,1,0,4,0,2,1,1,0,215
280590,466,17,4,14,17,31,17,36,15,4,9,10,22,662
280600,264,24,0,2,2,1,0,2,2,1,0,4,2,304
280610,3075,665,191,57,113,112,41,7,20,5,12,16,3,4317
280620,147,3,1,1,1,2,1,1,0,1,0,2,6,166
280630,94,12,1,4,1,0,2,3,1,6,3,0,2,129
280650,123,2,1,0,1,1,2,0,0,0,0,0,0,130
280660,587,62,62,48,20,74,26,27,6,17,9,15,18,971
280670,2528,71,98,115,92,110,88,121,70,106,111,93,19,3622
280680,160,3,0,8,4,1,1,4,5,10,5,3,2,206
280690,11,0,0,0,0,0,0,0,0,0,0,1,0,12
280700,44,3,0,0,1,0,0,0,0,0,0,0,0,48
280710,868,86,9,10,5,7,3,7,13,9,7,3,1,1028
280720,121,2,8,4,3,2,1,0,0,1,1,1,0,144
280730,12,0,0,0,0,0,0,1,0,0,0,0,0,13
280740,598,12,14,12,5,5,6,9,16,60,14,7,3,761
280750,150,3,1,1,1,0,0,0,0,0,1,0,0,157
280760,192,2,3,4,3,4,7,2,0,4,4,2,1,228
290010,33,0,0,1,0,0,0,0,0,0,0,0,0,34
290020,8,0,0,0,0,0,1,0,0,0,0,0,0,9
290030,134,5,0,1,1,1,2,0,3,0,0,0,0,147
290040,520,10,11,2,2,8,1,1,16,0,34,8,13,626
290050,62,0,0,0,0,0,0,0,0,0,1,0,0,63
290060,202,8,5,15,3,5,7,0,1,1,0,0,0,247
290070,6217,471,185,157,294,290,170,181,182,231,259,192,183,9012
290080,2356,116,69,87,92,128,96,204,129,167,160,175,151,3930
290090,135,2,2,3,0,0,0,1,2,5,1,1,0,152
290100,454,13,4,5,7,2,5,6,6,4,1,5,2,514
290110,1430,83,25,33,51,58,85,70,85,172,135,85,43,2355
290120,258,4,1,2,2,2,0,1,0,1,0,0,0,271
290130,19,0,0,1,1,0,0,0,0,0,0,0,1,22
290140,42,1,0,1,3,2,0,0,0,0,1,1,0,51
290150,56,3,0,0,0,0,0,1,0,0,0,0,0,60
290160,155,1,2,13,1,2,0,0,1,0,0,3,0,178
290170,167,1,0,0,0,0,0,0,0,0,0,0,4,172
290180,56,9,1,0,0,2,1,0,1,2,0,2,1,75
290190,91,2,0,0,0,0,0,2,1,0,1,0,0,97
290200,74,0,0,0,48,1,2,1,0,0,0,0,0,126
290210,509,32,26,30,9,9,4,14,9,9,22,13,3,689
290220,8,0,0,0,0,0,0,0,1,0,0,0,1,10
290225,3,0,1,0,0,0,0,0,0,0,0,0,0,4
290230,146,2,0,3,7,1,2,2,0,0,1,0,0,164
290240,262,16,0,1,2,4,1,2,1,1,0,0,0,290
290250,7,0,0,0,0,0,0,0,0,2,0,0,0,9
290260,184,0,1,1,5,1,0,1,2,6,2,5,2,210
290270,369,9,1,12,13,12,8,5,8,4,2,8,5,456
290280,50,15,0,0,1,0,0,1,1,0,0,9,0,77
290290,215,13,5,7,2,7,2,3,5,5,3,8,1,276
290300,165,1,2,15,1,1,8,0,1,2,2,0,0,198
290310,110,10,0,0,1,2,1,0,0,1,3,2,0,130
290320,2189,74,45,76,56,103,69,81,150,84,76,111,61,3175
290330,195,6,0,9,3,1,0,0,1,2,1,2,0,220
290350,171,2,0,1,1,0,0,1,2,0,1,0,0,179
290360,202,3,4,0,1,4,0,3,1,0,1,0,0,219
290370,138,1,3,0,13,7,0,6,3,3,1,4,2,181
290380,123,6,0,4,1,0,1,0,0,2,4,1,0,142
290390,987,19,15,9,9,17,20,18,9,4,19,50,7,1183
290400,73,0,0,0,1,1,0,0,1,0,0,0,0,76
290410,748,11,11,72,99,11,6,6,13,9,15,8,7,1016
290420,37,1,0,0,0,0,6,0,0,0,0,0,0,44
290430,66,4,2,1,7,3,3,0,0,1,2,3,0,92
290440,9,0,0,1,0,0,0,1,1,1,0,0,0,13
290450,13,0,0,1,0,0,0,0,0,2,0,0,0,16
290460,3487,69,54,65,52,85,67,92,52,61,76,56,25,4241
290470,292,22,7,10,7,22,3,9,8,7,3,13,5,408
290480,68,6,0,0,0,0,0,1,0,0,0,1,1,77
290490,1149,25,69,35,36,77,74,42,113,501,159,142,134,2556
290500,380,3,26,6,3,4,7,13,5,3,4,4,1,459
290510,80,9,0,0,0,0,0,0,0,0,0,0,0,89
290520,740,63,10,3,5,11,4,4,2,2,1,8,2,855
290530,39,0,0,2,0,0,1,0,0,0,1,0,0,43
290540,81,70,2,2,2,3,2,2,2,2,1,0,0,169
290550,54,0,1,0,0,0,1,0,1,0,1,0,1,59
290560,1184,57,43,61,32,85,59,23,46,40,45,58,18,1751
290570,36071,2116,1461,1835,1807,1681,1232,2248,1796,1477,1595,2296,643,56258
290580,2484,104,41,63,45,59,33,58,71,62,51,42,19,3132
290590,8,0,0,0,0,0,0,0,1,1,0,0,0,10
290600,1766,29,46,34,26,27,45,52,37,29,48,47,42,2228
290610,31,1,0,1,0,0,0,0,0,0,0,0,0,33
290620,24,0,0,0,0,2,0,1,1,0,2,2,0,32
290630,598,48,11,172,25,22,14,36,8,14,15,14,4,981
290640,19,2,1,0,0,1,1,0,0,0,0,0,0,24
290650,8326,620,461,465,527,594,340,769,334,339,281,274,273,13603
290660,89,15,0,11,0,2,0,2,1,0,0,0,4,124
290670,259,3,10,10,6,6,4,8,1,1,3,1,0,312
290680,359,6,5,1,10,34,1,5,3,6,3,3,2,438
290700,111,4,11,22,7,34,5,8,6,17,16,8,10,259
290710,100,3,0,1,0,0,1,1,1,0,0,0,0,107
290720,956,103,49,53,8,28,24,18,22,15,8,13,5,1302
290730,1119,26,11,10,24,23,20,12,27,19,105,114,34,1544
290740,35,0,0,0,0,0,0,0,0,0,0,0,0,35
290750,3207,119,131,131,83,153,69,83,126,103,84,175,37,4501
290760,89,5,0,2,0,0,0,1,3,7,4,3,2,116
290770,7,0,0,0,0,0,0,0,0,1,0,0,0,8
290780,229,4,5,4,0,5,2,1,1,2,0,6,3,262
290790,23,4,0,0,1,1,1,1,0,0,6,0,0,37
290800,645,25,5,15,13,17,17,7,9,14,10,12,2,791
290810,160,3,7,10,4,2,3,9,3,2,0,13,1,217
290820,386,12,10,5,8,10,6,4,15,8,3,3,6,476
290830,448,61,93,184,51,7,0,10,9,31,7,34,151,1086
290840,1146,60,18,19,32,43,33,44,19,31,17,22,8,1492
290850,460,130,115,79,13,12,20,12,14,26,30,50,5,966
290860,197,4,3,4,2,1,0,3,8,5,6,14,5,252
290870,172,1,4,1,0,2,1,1,2,1,1,1,0,187
290880,49,3,1,1,1,2,5,1,0,0,1,0,0,64
290890,125,3,3,3,1,1,1,4,1,2,2,4,1,151
290900,8,0,0,0,0,0,0,0,0,0,0,0,0,8
290910,91,1,0,2,6,4,2,1,2,0,1,0,1,111
290920,21,17,0,0,0,0,0,0,0,0,0,0,0,38
290930,151,7,9,13,4,5,7,8,2,4,7,3,1,221
290940,165,0,0,3,0,0,1,1,8,1,2,0,1,182
290950,67,2,0,4,0,0,1,1,0,0,0,0,1,76
290960,87,2,0,4,1,0,1,2,1,1,1,0,0,100
290970,16,1,0,0,0,0,0,0,0,0,1,1,0,19
290980,3159,468,216,517,447,512,301,159,189,125,709,620,253,7675
290990,128,4,2,0,0,2,1,0,1,0,5,0,1,144
291000,18,1,1,0,0,0,0,0,0,0,0,0,0,20
291005,650,13,12,24,17,21,20,14,13,13,19,12,4,832
291010,81,8,0,0,0,0,0,1,0,0,0,0,0,90
291020,89,6,0,0,0,0,0,1,0,0,0,0,0,96
291030,12,5,0,0,1,0,1,0,0,0,0,0,0,19
291040,227,9,1,7,6,1,7,1,12,5,2,7,4,289
291050,854,49,36,93,24,34,49,64,76,31,75,38,12,1435
291060,581,20,8,30,24,46,6,11,10,8,14,9,18,785
291070,1145,36,17,27,9,14,22,24,10,12,22,8,4,1350
291080,30486,1454,1298,1233,1032,1239,1181,1293,1358,1537,1130,1776,958,45975
291090,115,1,0,3,2,0,0,1,0,2,0,1,0,125
291100,263,5,3,57,14,16,13,4,7,6,5,4,5,402
291110,48,0,1,4,8,3,1,1,0,4,1,0,4,75
291120,433,46,24,21,13,38,4,7,11,19,8,14,11,649
291130,49,1,0,0,0,0,0,0,0,0,0,0,0,50
291140,105,22,3,0,1,0,0,0,0,0,0,5,0,136
291150,171,21,3,0,1,2,0,0,1,7,3,3,0,212
291160,485,20,16,32,15,37,29,35,55,18,12,6,2,762
291170,1306,51,39,49,84,97,22,37,63,46,28,41,31,1894
291180,116,2,1,1,0,1,5,5,3,1,1,3,1,140
291190,137,1,10,0,1,1,1,2,7,9,2,12,2,185
291200,152,24,1,0,0,0,1,0,0,1,2,0,0,181
291210,853,11,15,36,23,25,22,26,44,30,14,42,28,1169
291220,23,1,0,0,1,0,0,1,0,0,0,0,0,26
291230,191,7,0,3,2,1,1,3,8,2,2,2,1,223
291240,27,0,0,0,0,1,0,0,0,0,1,0,0,29
291250,7,0,0,0,0,0,0,1,0,0,0,0,0,8
291260,59,1,0,4,4,2,1,1,1,2,0,0,0,75
291270,200,7,1,6,3,2,1,3,4,4,2,5,5,243
291280,193,11,9,6,19,7,5,11,5,7,0,2,1,276
291290,136,5,3,1,3,11,3,8,1,3,6,5,2,187
291300,182,8,2,2,4,3,2,1,1,1,1,0,0,207
291310,73,0,0,1,0,0,0,0,4,2,1,5,2,88
291320,219,3,1,6,0,3,1,2,3,1,3,11,7,260
291330,48,2,0,0,0,0,0,0,1,0,0,0,0,51
291340,135,3,1,7,2,4,5,8,0,1,3,19,3,191
291350,71,3,2,5,2,6,1,4,0,2,0,1,2,99
291360,9422,1434,395,455,502,592,481,646,705,516,496,587,456,16687
291370,439,5,2,20,3,2,10,2,7,2,1,1,3,497
291380,226,0,1,0,0,0,0,0,0,0,1,2,0,230
291390,1478,59,32,83,49,59,47,59,81,53,39,41,33,2113
291400,729,10,11,5,9,8,18,14,5,6,6,11,4,836
291410,20,2,0,0,0,0,0,0,0,0,0,0,0,22
291420,91,1,0,10,3,4,1,0,4,2,0,1,1,118
291430,121,3,0,3,0,3,2,2,37,5,0,0,1,177
291440,62,0,0,0,1,0,0,2,0,0,0,0,0,65
291450,601,14,7,30,19,12,19,11,18,17,10,27,8,793
291460,1514,52,35,37,39,64,42,41,72,76,96,56,43,2167
291470,959,27,14,19,18,22,21,23,16,17,11,12,17,1176
291480,20145,787,664,737,633,823,769,714,769,706,789,940,629,29105
291490,261,2,2,4,1,6,1,1,0,0,0,0,0,278
291500,32,1,0,1,1,1,0,0,0,0,0,1,0,37
291510,257,24,1,1,0,2,0,1,1,7,1,4,2,301
291520,279,2,10,20,3,4,0,11,1,1,0,0,1,332
291530,55,2,6,3,0,2,2,2,2,5,8,18,1,106
291540,90,1,1,0,1,1,2,8,1,3,1,1,0,110
291550,715,28,3,3,6,17,15,6,17,7,9,6,2,834
291560,1288,92,66,96,170,173,85,119,97,98,95,104,56,2539
291570,25,0,0,1,1,3,3,3,2,1,2,0,1,42
291580,530,9,0,5,1,7,5,9,10,12,19,1,2,610
291590,35,0,2,0,1,19,5,24,8,7,9,12,13,135
291600,398,7,18,9,6,3,7,2,7,10,2,2,1,472
291610,650,38,27,16,10,14,3,51,11,11,8,14,67,920
291620,211,7,0,17,5,3,4,2,0,3,2,4,0,258
291630,137,6,3,4,1,7,4,0,10,2,4,5,0,183
291640,3157,101,64,82,38,102,65,76,77,57,80,94,50,4043
291650,216,1,0,0,1,1,0,0,0,0,0,1,0,220
291660,206,5,0,4,9,1,3,0,1,1,2,0,0,232
291670,121,3,1,0,2,0,0,0,0,0,0,0,0,127
291680,326,5,6,14,4,5,7,1,2,5,1,3,3,382
291690,63,5,3,1,3,1,1,1,2,0,3,2,2,87
291700,616,9,3,6,3,1,0,4,5,12,21,5,4,689
291710,671,34,6,22,14,11,9,18,15,14,8,5,14,841
291720,135,12,0,0,0,1,0,0,1,1,0,10,0,160
291730,1163,78,65,45,35,51,34,40,37,32,26,39,28,1673
291740,177,12,0,0,0,0,1,2,0,0,0,2,0,194
291750,4963,174,71,114,129,96,231,185,145,134,149,174,133,6698
291760,610,14,5,25,9,25,8,19,15,9,9,11,6,765
291770,3215,203,188,310,74,125,152,126,125,524,132,93,63,5330
291780,109,9,1,0,0,1,0,0,0,3,0,1,0,124
291790,9,1,0,0,1,0,0,0,0,0,1,1,0,13
291800,5175,597,128,225,194,266,180,229,200,257,242,185,147,8025
291810,438,23,2,1,1,3,0,0,2,5,1,1,0,477
291820,130,5,0,6,2,1,2,0,0,2,0,1,0,149
291830,358,4,7,5,3,9,4,5,4,4,3,5,1,412
291840,10108,435,312,440,306,689,813,842,600,887,754,536,238,16960
291850,22,0,0,0,0,0,0,0,0,0,2,3,1,28
291860,72,0,0,5,1,0,0,0,1,1,0,0,0,80
291870,57,1,2,8,1,1,0,0,0,0,1,0,0,71
291880,71,5,0,2,1,2,1,1,0,0,3,2,4,92
291890,72,0,0,0,0,0,0,0,0,0,0,0,0,72
291900,8,0,0,0,0,0,0,0,0,0,0,1,0,9
291910,43,21,0,0,0,0,0,0,0,0,0,0,0,64
291920,3656,495,262,298,734,496,111,266,172,234,245,362,209,7540
291930,238,9,2,10,11,9,4,7,11,2,9,10,8,330
291940,658,1,3,7,2,3,1,3,0,1,1,1,2,683
291950,274,3,5,3,3,4,1,1,2,1,0,2,0,299
291960,95,7,0,1,1,0,0,1,1,0,0,0,0,106
291970,323,5,0,0,0,2,3,5,0,1,2,3,0,344
291980,132,3,2,1,4,2,0,10,5,2,1,3,2,167
291990,7,0,0,0,0,0,0,0,0,0,0,0,0,7
292000,89,1,0,1,1,0,2,1,6,3,0,0,0,104
292010,728,94,81,62,13,17,2,9,4,4,3,1,0,1018
292020,12,0,0,0,0,0,0,2,0,0,0,0,0,14
292030,77,0,0,0,0,0,0,0,1,1,0,0,0,79
292040,145,4,0,4,19,20,11,1,4,0,1,0,0,209
292050,230,8,1,0,1,4,2,0,3,1,3,3,0,256
292060,699,10,7,1,21,1,6,1,2,9,2,2,1,762
292070,38,1,4,5,0,0,4,0,0,0,0,0,0,52
292080,101,6,4,3,1,0,1,3,2,0,0,0,0,121
292090,375,12,7,15,8,9,12,9,7,21,11,15,3,504
292100,1082,72,73,52,10,64,99,51,41,48,51,118,56,1817
292110,381,89,6,24,3,16,8,13,5,5,18,18,9,595
292120,535,17,15,9,7,3,2,7,1,3,5,4,1,609
292130,166,9,2,2,3,2,13,0,1,13,2,7,14,234
292140,39,1,1,0,0,1,0,0,1,1,4,0,0,48
292150,154,10,0,2,1,1,2,1,1,0,0,0,0,172
292160,12,0,0,0,0,0,0,0,0,0,1,0,1,14
292170,269,8,4,4,2,6,1,3,8,6,1,5,2,319
292180,64,6,0,1,0,0,0,0,0,1,0,0,0,72
292190,68,117,1,0,0,0,1,0,8,2,0,2,0,199
292200,392,11,7,26,7,48,107,53,63,34,38,32,16,834
292210,417,10,0,9,16,4,5,4,2,2,1,1,2,473
292220,127,4,0,4,3,2,0,1,2,1,4,2,0,150
292230,958,25,13,118,102,18,11,51,16,88,10,59,14,1483
292240,336,16,8,24,9,9,3,7,9,10,11,19,4,465
292250,1055,34,48,74,16,30,18,37,23,44,12,26,14,1431
292260,95,3,2,4,1,10,0,1,10,0,0,1,4,131
292270,173,2,0,2,1,9,0,0,7,0,0,1,0,195
292280,9,2,0,0,0,0,0,1,0,0,0,0,0,12
292290,395,18,7,16,10,7,10,12,3,4,13,22,20,537
292300,500,9,14,32,14,29,22,31,20,17,11,9,2,710
292310,325,12,3,6,6,5,11,12,14,2,5,1,0,402
292320,22,1,0,1,1,0,1,0,1,1,0,0,0,28
292330,10,0,1,0,0,1,3,0,1,0,0,0,0,16
292340,99,0,1,3,1,3,3,2,2,2,0,0,0,116
292350,64,2,0,1,1,1,1,0,1,8,0,2,0,81
292360,130,6,0,1,1,1,0,1,1,1,0,0,2,144
292370,168,11,1,2,2,2,6,0,8,1,3,1,0,205
292380,83,5,0,1,3,0,1,0,1,0,1,1,1,97
292390,59,0,0,0,2,3,0,0,0,2,2,1,1,70
292400,7602,252,207,260,133,209,219,285,207,121,135,142,201,9973
292410,7,0,0,0,0,0,1,0,0,0,0,0,0,8
292420,21,0,0,0,0,2,2,0,0,0,1,0,0,26
292430,9,0,0,0,0,0,0,0,0,0,0,0,0,9
292440,8,0,0,0,0,0,0,1,0,0,0,0,1,10
292450,67,1,0,1,13,3,1,0,0,0,0,0,2,88
292460,81,10,2,1,3,9,2,2,2,0,1,13,2,128
292470,7,0,0,0,0,0,0,0,0,0,0,1,0,8
292480,200,10,1,7,6,9,6,9,4,5,5,0,2,264
292490,21,2,0,0,0,2,1,0,2,0,0,0,0,28
292500,299,15,3,6,19,12,13,16,2,0,1,4,1,391
292510,600,25,8,12,4,13,10,18,19,12,8,18,9,756
292520,3553,301,138,300,156,193,198,140,151,142,199,116,91,5678
292530,2202,108,91,190,108,152,135,124,119,109,82,99,43,3562
292540,170,2,5,3,0,3,5,2,3,2,5,1,1,202
292550,976,32,32,60,31,69,31,40,42,24,30,16,16,1399
292560,36,0,1,0,2,3,0,0,2,2,1,2,0,49
292570,10,1,0,0,0,1,0,0,1,0,0,1,0,14
292580,316,38,2,7,4,5,5,4,0,1,0,3,1,386
292590,53,9,0,0,0,1,1,1,4,2,0,0,0,71
292595,1,0,0,0,0,0,0,0,0,0,1,0,0,2
292600,327,15,5,6,8,1,9,6,7,3,1,9,5,402
292610,107,5,4,26,1,2,2,7,8,0,2,6,0,170
292620,199,2,2,16,3,0,8,2,1,6,3,2,2,246
292630,846,22,12,34,27,20,12,20,30,19,11,21,1,1075
292640,142,1,2,0,7,6,2,2,0,0,2,0,1,165
292650,21,0,0,1,0,0,0,0,0,0,1,0,0,23
292660,435,11,6,3,7,8,3,10,4,7,1,10,7,512
292670,97,1,0,0,0,1,0,0,1,0,0,0,0,100
292680,115,3,0,4,1,2,0,1,2,2,0,2,0,132
292690,69,1,0,0,2,1,0,1,1,1,0,0,0,76
292700,768,53,43,68,51,39,13,28,36,21,9,52,11,1192
292710,7,0,0,0,0,0,0,0,0,0,0,0,0,7
292720,432,13,0,2,9,1,2,7,5,1,0,9,1,482
292730,134,6,2,0,5,4,19,3,2,1,10,5,0,191
292740,461131,20802,13194,18391,14342,14717,13231,22833,15604,17745,15969,18751,11604,658314
292750,214,5,7,8,12,7,4,4,10,1,6,5,3,286
292760,41,0,0,0,0,1,0,1,1,0,0,0,0,44
292770,1566,88,84,95,88,81,150,83,112,62,123,132,90,2754
292780,119,6,1,1,0,0,0,2,1,0,0,0,0,130
292790,94,4,2,0,0,1,0,1,0,0,3,0,0,105
292800,1348,44,38,45,17,29,38,129,62,41,39,52,30,1912
292810,478,16,2,12,12,16,24,12,2,4,4,7,12,601
292820,247,6,0,6,2,3,4,0,2,2,0,1,2,275
292830,88,10,2,0,13,0,0,11,0,6,0,4,2,136
292840,84,1,0,5,6,2,0,1,2,0,0,0,0,101
292850,44,1,1,4,1,3,2,0,0,4,0,0,3,63
292860,5520,305,332,294,314,196,285,363,359,760,431,272,296,9727
292870,3160,184,122,196,125,121,196,115,112,155,107,153,70,4816
292880,268,19,2,4,5,3,5,0,0,4,5,7,0,322
292890,182,3,0,5,8,13,15,12,6,30,10,1,0,285
292900,477,22,3,5,4,2,5,5,8,2,4,7,5,549
292910,332,7,1,6,5,10,2,0,7,8,9,9,2,398
292920,3507,94,31,100,75,66,40,113,112,90,61,57,77,4423
292930,763,260,37,103,50,213,46,39,20,14,16,13,2,1576
292940,105,4,2,7,1,0,3,5,0,0,0,1,0,128
292950,2031,73,71,35,63,40,33,58,40,260,55,57,23,2839
292960,406,29,12,32,34,16,12,21,15,5,35,115,8,740
292970,41,2,0,0,0,0,1,0,1,0,1,0,0,46
292980,88,7,1,0,2,3,1,0,2,2,3,1,0,110
292990,205,3,3,2,6,13,15,2,4,3,7,4,8,275
293000,25,0,0,0,0,0,0,0,0,0,0,0,0,25
293010,2579,104,94,73,45,72,83,135,70,117,114,129,42,3657
293020,57,4,1,1,0,2,0,2,0,0,2,1,0,70
293030,43,0,1,5,3,3,1,0,2,3,2,3,1,67
293040,111,4,2,0,0,0,0,2,1,0,1,0,0,121
293050,1589,70,53,67,48,30,19,24,104,103,120,82,24,2333
293060,83,10,2,1,1,2,1,1,1,3,0,1,1,107
293070,14786,701,443,498,585,414,525,489,498,584,560,678,365,21126
293080,14,0,0,0,1,0,0,0,0,0,0,0,0,15
293090,8,0,0,1,0,0,0,0,0,0,0,0,0,9
293100,69,1,0,13,2,1,1,1,1,0,0,4,5,98
293110,163,6,0,1,1,2,2,2,5,7,5,3,1,198
293120,479,24,29,22,21,27,5,8,10,21,9,12,7,674
293130,37,6,0,2,0,3,1,1,1,5,1,1,0,58
293140,254,20,6,10,5,17,16,9,4,8,2,19,2,372
293150,151,68,7,12,7,3,16,0,1,0,1,5,0,271
293160,15,0,0,1,1,0,1,6,0,1,0,0,0,25
293170,227,9,2,8,6,9,1,4,4,8,1,3,1,283
293180,67,1,0,1,2,3,0,0,0,0,2,1,1,78
293190,86,7,1,1,1,3,0,1,0,0,0,0,1,101
293200,276,6,0,4,5,0,0,1,1,2,3,2,0,300
293210,329,13,5,3,8,3,5,1,4,13,12,5,0,401
293220,565,86,6,13,14,26,11,21,15,14,11,22,6,810
293230,294,12,10,9,4,11,10,8,12,4,7,9,4,394
293240,53,2,0,0,0,0,0,0,1,0,0,1,1,58
293250,1380,119,50,74,68,54,48,84,43,33,53,49,53,2108
293260,101,1,0,0,0,1,0,0,1,3,1,0,0,108
293270,319,18,4,11,10,8,10,5,5,4,7,14,1,416
293280,191,6,6,6,3,15,6,13,7,6,9,12,9,289
293290,3321,234,96,171,125,124,80,110,105,146,126,113,60,4811
293300,432,15,5,4,3,7,59,9,6,5,11,10,19,585
293310,57,11,0,1,1,0,1,2,1,0,0,2,0,76
293320,764,32,20,17,12,54,75,36,22,98,72,96,23,1321
293330,11618,577,427,451,533,616,414,409,558,646,566,770,486,18071
293340,10,0,0,1,0,0,0,0,0,0,2,0,0,13
293350,116,11,3,34,2,2,2,9,5,0,1,3,1,189
293360,362,17,1,5,0,2,6,2,6,0,3,6,4,414
299999,299,13,2,19,8,3,12,7,19,11,15,7,0,415
310010,161,1,8,7,3,0,4,2,9,3,5,4,5,212
310020,1232,47,34,33,32,27,19,46,22,23,46,43,30,1634
310030,262,3,3,7,10,17,6,0,7,3,8,3,4,333
310040,57,3,2,4,1,0,0,2,0,0,0,1,0,70
310050,780,6,7,21,14,11,7,11,3,7,2,3,2,874
310060,110,3,0,1,1,1,4,5,2,1,1,39,0,168
310070,114,5,5,3,8,5,4,9,1,7,2,7,6,176
310080,40,0,0,1,0,2,0,0,1,1,1,0,1,47
310090,278,13,9,5,1,6,17,2,2,8,4,31,3,379
310100,41,2,1,1,1,2,0,0,0,1,1,2,0,52
310110,745,14,16,34,11,26,20,18,20,14,3,32,12,965
310120,141,6,3,2,1,3,1,2,5,3,2,1,1,171
310130,65,3,3,1,1,0,1,1,0,3,1,2,3,84
310140,30,0,0,0,4,4,0,1,1,8,0,0,0,48
310150,2684,106,93,114,127,128,88,93,74,100,101,132,65,3905
310160,4853,181,233,208,180,220,157,195,206,224,184,205,160,7206
310170,690,13,12,29,22,18,22,20,22,12,16,12,15,903
310180,101,1,3,1,4,4,15,0,2,3,2,19,6,161
310190,1003,11,16,10,20,24,26,16,15,10,18,12,15,1196
310200,196,3,5,6,8,10,0,5,8,1,2,7,3,254
310210,233,3,3,1,3,5,5,3,4,7,0,0,8,275
310220,17,0,0,0,0,0,0,0,0,1,0,0,0,18
310230,1038,11,38,73,11,26,46,19,25,19,17,10,5,1338
310240,29,2,1,0,14,0,3,1,0,2,3,4,0,59
310250,88,5,0,1,1,1,2,3,0,0,0,1,0,102
310260,2231,124,83,104,102,100,103,134,131,117,123,148,160,3660
310270,77,7,2,0,1,4,0,3,7,0,4,0,1,106
310280,422,13,9,8,1,3,5,9,3,5,4,4,7,493
310290,429,6,11,69,15,12,3,5,10,15,8,16,6,605
310300,279,21,40,9,10,3,5,4,1,7,1,4,0,384
310310,28,0,0,0,0,0,0,1,1,2,1,0,0,33
310320,316,7,16,22,16,8,12,7,19,14,4,11,0,452
310330,52,2,4,1,1,0,0,2,0,1,2,0,0,65
310340,898,14,11,11,7,8,6,28,24,37,20,24,14,1102
310350,7196,410,425,445,394,434,431,357,427,455,513,420,255,12162
310360,31,0,1,1,1,3,2,1,2,0,0,0,1,43
310370,50,0,2,0,0,0,1,0,1,1,0,0,0,55
310380,92,1,8,7,0,3,0,3,4,1,2,3,2,126
310390,187,4,6,3,5,20,4,6,7,13,3,3,1,262
310400,8037,446,361,415,441,418,459,424,493,386,423,399,322,13024
310410,397,14,12,15,22,56,18,21,21,26,14,9,8,633
310420,2667,102,100,104,140,85,133,110,126,152,122,152,99,4092
310430,237,4,6,6,5,9,9,10,8,6,2,6,4,312
310440,181,6,1,3,0,5,7,0,9,10,1,3,5,231
310450,253,0,2,2,1,1,2,9,2,13,4,1,3,293
310460,1714,93,34,57,222,223,104,137,54,25,24,69,94,2850
310470,218,10,11,13,13,7,7,4,2,1,6,8,11,311
310480,277,7,8,12,4,6,3,3,4,16,14,10,1,365
310490,647,17,9,29,12,16,14,11,18,16,22,21,10,842
310500,360,9,3,5,9,9,6,3,4,2,2,7,3,422
310510,1106,72,41,33,49,42,27,31,15,23,34,40,12,1525
310520,26,1,0,0,0,0,0,0,0,0,0,0,0,27
310530,150,4,15,8,2,2,35,5,6,12,6,14,15,274
310540,1818,25,33,111,61,80,69,43,64,67,53,40,36,2500
310550,77,1,0,0,1,0,2,2,0,4,0,1,0,88
310560,11249,313,567,382,268,294,246,275,384,335,258,412,288,15271
310570,148,30,2,3,1,1,3,0,0,1,0,1,0,190
310590,1745,217,93,120,144,99,104,71,69,116,73,62,115,3028
310600,217,5,4,18,0,5,17,7,9,9,3,28,4,326
310610,240,2,3,27,8,7,11,2,8,4,17,15,1,345
310620,650752,26628,22321,31376,26293,28084,24922,33727,31258,33807,33688,33895,23422,1000173
310630,1450,24,28,77,52,51,45,101,53,38,40,68,10,2037
310640,166,3,6,3,3,4,4,3,2,1,2,4,1,202
310650,83,5,3,2,0,6,1,2,1,1,0,0,0,104
310660,20,2,2,0,2,0,2,0,0,0,0,3,0,31
310670,23703,1032,601,964,763,760,667,694,821,703,891,767,591,32957
310680,107,10,2,1,3,1,0,1,0,1,1,2,3,132
310690,1690,85,27,38,48,40,19,31,43,38,33,25,28,2145
310700,73,3,1,0,0,0,1,1,0,0,0,0,0,79
310710,1933,78,83,43,139,80,57,151,101,79,77,43,51,2915
310720,80,1,1,2,1,1,5,1,1,1,0,3,1,98
310730,4498,300,140,251,568,678,316,324,468,369,454,465,182,9013
310740,3949,188,157,172,162,206,240,260,193,258,243,301,226,6555
310750,199,6,6,5,2,13,22,11,7,10,4,9,1,295
310760,65,0,0,1,0,1,3,0,0,2,0,1,0,73
310770,172,10,2,3,10,14,8,3,6,9,2,11,5,255
310780,762,22,8,5,6,14,2,5,4,2,0,3,0,833
310790,86,5,4,8,2,0,2,4,0,5,0,8,5,129
310800,617,87,28,24,34,25,23,41,37,12,38,18,10,994
310810,104,1,0,0,0,1,1,1,2,5,5,0,0,120
310820,33,0,4,1,0,1,1,15,6,1,0,1,5,68
310830,433,5,11,19,15,11,15,19,16,8,13,26,7,598
310840,1298,57,58,40,66,71,56,58,58,53,38,39,46,1938
310850,28,2,1,0,0,0,11,0,0,0,8,0,1,51
310860,843,14,1,7,5,3,3,54,23,20,37,23,8,1041
310870,172,1,12,2,0,18,2,7,22,19,0,2,1,258
310880,86,1,1,0,0,0,1,0,0,0,1,0,0,90
310890,424,9,10,7,2,10,13,6,14,6,17,6,7,531
310900,2284,57,90,98,139,169,127,342,339,254,356,246,138,4639
310910,124,4,2,7,1,2,1,0,0,3,5,6,3,158
310920,147,8,2,4,1,2,1,1,5,4,3,0,2,180
310930,214,13,48,4,5,4,7,11,1,6,7,3,0,323
310940,1385,68,57,92,65,66,79,110,113,69,113,109,46,2372
310950,476,19,9,10,11,27,26,33,15,16,26,29,12,709
310960,2137,73,57,77,51,62,83,64,98,70,121,135,62,3090
310970,159,2,9,3,1,4,3,13,2,4,4,3,2,209
310980,109,2,1,3,3,20,0,4,0,16,0,0,1,159
310990,846,19,16,6,17,12,15,4,20,24,99,49,36,1163
311000,3194,61,109,149,237,167,195,147,194,215,145,224,106,5143
311010,81,2,1,2,2,3,0,1,2,1,3,0,1,99
311020,60,3,0,0,1,1,0,1,0,1,0,0,0,67
311030,1758,65,75,52,42,37,52,28,20,23,16,23,16,2207
311040,64,0,1,0,0,0,0,0,0,1,0,0,0,66
311050,710,53,20,29,21,30,57,49,41,43,50,26,17,1146
311060,1022,51,55,21,58,28,30,25,36,27,57,60,19,1489
311070,603,33,30,8,7,14,12,14,16,14,13,19,8,791
311080,113,1,2,4,3,2,1,1,0,3,2,3,1,136
311090,889,24,11,16,17,21,25,16,13,16,24,43,9,1124
311100,598,25,16,26,9,37,17,10,17,21,32,26,7,841
311110,731,24,41,17,17,18,14,10,18,22,29,21,21,983
311120,2696,128,99,125,186,142,193,179,94,111,159,155,88,4355
311130,645,10,16,33,36,147,303,118,32,69,41,182,223,1855
311140,127,2,10,0,4,3,1,4,1,6,2,3,5,168
311150,335,6,34,19,20,12,18,14,31,14,16,7,5,531
311160,570,33,157,43,9,14,6,20,41,99,88,44,59,1183
311170,73,1,6,2,2,0,0,0,1,3,0,0,1,89
311180,508,20,15,8,27,124,98,13,15,11,12,19,13,883
311190,105,6,5,2,1,1,0,1,1,8,11,4,2,147
311200,420,10,22,9,14,16,20,24,19,17,21,11,7,610
311210,80,5,2,1,1,1,1,1,1,5,1,3,2,104
311220,81,2,1,4,0,1,2,2,0,0,1,3,1,98
311230,798,28,3,4,4,9,8,4,5,7,12,7,2,891
311240,167,23,4,2,0,3,2,1,3,0,3,4,13,225
311250,178,7,2,2,10,12,20,7,16,6,4,10,5,279
311260,1251,245,101,155,114,87,35,43,44,20,56,47,37,2235
311270,193,5,5,3,1,1,1,1,3,1,5,2,0,221
311280,349,25,17,9,17,47,31,23,17,10,11,57,25,638
311290,53,3,0,2,3,3,2,1,0,0,1,0,0,68
311300,62,2,0,4,4,0,0,0,1,3,3,0,0,79
311310,70,0,1,0,5,0,0,1,0,5,0,0,1,83
311320,915,23,51,29,29,20,35,28,15,26,16,30,15,1232
311330,1976,52,67,75,85,88,80,66,110,112,83,73,35,2902
311340,5187,203,115,160,134,314,223,197,336,264,319,352,281,8085
311350,398,85,32,29,31,25,10,21,14,21,13,16,29,724
311360,172,5,7,22,5,0,7,0,1,3,3,3,6,234
311370,904,12,36,29,23,56,25,21,11,97,34,179,17,1444
311380,63,1,0,0,1,0,2,1,0,0,1,0,0,69
311390,301,10,5,8,3,12,5,12,8,3,6,21,14,408
311400,535,14,7,11,11,17,36,10,16,17,8,14,4,700
311410,613,22,13,16,7,26,14,14,12,9,10,10,8,774
311420,641,35,41,45,28,38,52,34,26,51,36,37,17,1081
311430,1120,51,54,68,60,40,59,63,54,38,50,49,33,1739
311440,549,21,27,19,17,32,30,14,13,29,26,28,13,818
311450,279,9,9,13,11,10,7,7,11,6,11,16,3,392
311460,120,1,13,2,2,0,2,2,0,5,1,0,0,148
311470,69,0,1,0,0,2,0,2,1,1,1,0,0,77
311480,74,8,4,1,0,0,0,0,0,1,0,0,1,89
311490,34,0,0,0,0,1,0,0,0,0,1,0,0,36
311500,39,1,1,0,3,2,3,6,1,0,0,0,2,58
311510,779,25,21,31,32,31,34,21,34,45,35,19,26,1133
311520,72,0,0,0,0,0,0,0,0,1,1,1,0,75
311530,8586,307,316,322,314,408,292,278,372,341,424,340,323,12623
311540,36,0,0,2,0,0,4,0,1,0,2,0,0,45
311550,2079,181,77,72,84,52,61,156,76,83,80,60,174,3235
311560,28,0,1,3,3,0,0,1,3,2,0,1,0,42
311570,71,3,0,4,1,1,1,0,1,0,1,1,0,84
311580,330,19,15,8,6,8,14,13,6,8,15,8,3,453
311590,94,4,2,1,5,2,5,0,1,2,5,0,1,122
311600,14,2,0,1,0,1,0,1,0,0,0,1,0,20
311610,15,2,0,0,1,0,2,0,1,0,0,0,0,21
311620,115,3,1,0,6,1,1,1,1,0,3,4,0,136
311630,49,0,0,0,2,0,1,0,1,2,1,1,0,57
311640,99,23,36,6,6,10,5,13,25,18,17,18,12,288
311650,88,2,0,0,0,1,1,0,0,0,0,0,1,93
311660,1240,66,61,90,61,83,51,75,84,77,79,63,68,2098
311670,37,0,0,0,0,0,0,3,0,0,0,1,0,41
311680,33,35,0,0,0,0,0,1,0,0,0,1,0,70
311690,350,17,0,22,73,7,17,6,6,2,0,3,41,544
311700,26,0,1,2,1,1,0,1,0,0,0,0,1,33
311710,559,19,7,21,7,34,9,9,7,17,4,13,9,715
311720,50,0,0,1,1,1,5,2,0,1,1,0,0,62
311730,364,18,6,25,8,12,6,20,9,12,12,13,5,510
311740,54,0,1,0,0,1,0,0,1,0,0,1,0,58
311750,329,7,5,5,6,3,7,6,6,3,4,1,1,383
311760,87,4,2,1,10,8,7,6,3,1,3,0,0,132
311770,402,16,30,16,6,23,19,8,18,17,17,5,2,579
311780,328,6,11,13,5,14,15,20,15,8,12,9,3,459
311790,162,6,2,1,2,8,1,2,3,1,4,5,1,198
311800,3836,137,174,163,114,439,279,213,255,381,262,334,182,6769
311810,82,1,3,2,3,3,3,1,3,2,3,0,1,107
311820,734,28,30,22,267,736,378,249,319,85,204,205,18,3275
311830,5385,206,204,283,215,169,169,145,218,258,251,260,226,7989
311840,1104,29,30,29,17,27,17,9,16,28,48,34,15,1403
311850,37,1,1,1,2,0,3,0,2,3,0,0,1,51
311860,61194,4301,3191,3163,3120,3198,2978,3203,3471,3645,4146,4216,2994,102820
311870,310,12,8,4,4,4,9,8,5,2,5,9,8,388
311880,795,12,19,9,11,9,42,100,59,37,49,31,39,1212
311890,244,11,5,4,10,5,7,6,5,8,9,5,1,320
311900,57,4,2,2,2,2,0,0,0,1,1,0,1,72
311910,1190,24,25,44,58,35,28,28,31,47,26,36,18,1590
311920,134,1,10,3,2,5,3,3,2,2,5,4,1,175
311930,1060,27,49,65,49,43,24,19,16,36,36,71,12,1507
311940,5994,273,417,346,300,365,309,334,363,357,344,354,325,10081
311950,73,5,3,0,0,7,7,1,2,1,1,0,1,101
311960,492,4,3,4,2,1,0,0,4,3,11,1,0,525
311970,71,1,2,2,2,0,0,0,0,1,0,0,0,79
311980,185,9,4,9,6,18,13,9,19,12,9,8,2,303
311990,63,0,1,0,2,5,3,0,4,2,3,2,0,85
312000,923,23,2,13,5,25,17,5,1,5,1,0,2,1022
312010,128,1,4,2,0,1,6,8,2,15,3,10,0,180
312020,126,3,0,17,9,2,0,5,1,1,0,3,2,169
312030,25,1,0,33,0,0,11,6,0,2,0,0,0,78
312040,212,5,7,3,8,2,4,5,5,10,13,4,6,284
312050,188,4,3,5,1,15,1,0,2,0,2,0,0,221
312060,83,0,0,2,2,2,3,5,3,3,2,2,1,108
312070,84,2,10,2,1,1,0,4,1,2,1,4,0,112
312080,400,15,8,12,3,21,7,12,10,16,2,19,15,540
312090,5412,224,235,294,275,265,286,415,258,356,381,382,200,8983
312100,59,3,3,2,1,2,0,2,3,6,0,2,1,84
312110,490,20,46,7,75,19,14,14,14,28,15,13,1,756
312120,143,17,6,2,53,33,9,11,4,7,16,15,8,324
312130,106,3,3,1,1,4,2,3,3,6,3,12,2,149
312140,31,14,17,0,2,1,0,0,0,0,0,1,0,66
312150,48,1,0,0,0,1,1,2,0,3,1,0,1,58
312160,3489,81,82,116,71,112,127,146,141,105,142,114,61,4787
312170,4,0,0,3,0,0,0,0,0,0,0,0,0,7
312180,3561,188,71,327,588,521,349,373,252,298,348,407,284,7567
312190,56,0,0,0,0,0,2,0,0,0,0,1,0,59
312200,343,4,4,2,12,12,17,6,23,14,21,15,7,480
312210,73,1,2,5,1,2,4,3,4,2,0,0,0,97
312220,169,28,0,1,0,0,17,58,15,22,19,24,1,354
312230,16858,1288,921,1091,864,1111,1033,927,1227,1180,1094,1192,914,29700
312240,104,8,6,5,3,2,0,0,1,1,5,0,0,135
312250,99,8,4,5,5,2,1,4,3,2,0,5,0,138
312260,20,1,0,1,0,0,0,1,0,0,1,1,1,26
312270,290,5,17,9,7,3,8,8,5,6,5,16,1,380
312280,58,4,3,2,0,0,0,0,1,0,0,0,0,68
312290,150,8,11,6,3,4,2,4,1,13,6,7,5,220
312300,801,37,31,25,28,35,27,29,35,45,26,43,19,1181
312310,41,5,2,0,1,0,0,0,0,0,0,1,0,50
312320,600,19,32,23,31,59,33,33,52,38,26,36,16,998
312330,99,0,2,3,2,0,1,1,0,0,0,0,0,108
312340,81,4,4,5,3,0,0,3,1,2,0,0,0,103
312350,43,0,0,0,0,1,1,0,0,0,0,1,0,46
312360,820,32,21,28,23,49,27,26,37,39,29,37,18,1186
312370,147,2,4,9,8,11,10,8,3,6,19,15,3,245
312380,487,37,21,13,40,42,149,40,19,42,30,38,19,977
312390,294,4,12,6,5,1,12,9,9,3,4,5,9,373
312400,192,7,4,1,3,1,1,2,2,7,1,8,3,232
312410,665,31,21,45,18,36,28,25,38,30,23,41,25,1026
312420,595,15,4,15,13,23,16,21,29,13,18,18,24,804
312430,425,62,56,14,10,9,6,10,9,15,7,6,12,641
312440,37,4,0,0,0,1,0,1,2,3,0,0,0,48
312450,193,4,3,18,5,21,4,3,6,3,6,9,1,276
312460,82,5,2,0,1,3,3,1,0,4,1,3,0,105
312470,141,0,6,4,3,2,4,4,1,1,4,0,1,171
312480,228,7,10,5,9,17,7,7,6,2,13,39,14,364
312490,136,2,1,0,0,4,3,1,0,25,2,2,1,177
312500,92,10,2,2,10,4,2,16,10,2,8,9,6,173
312510,1540,109,103,95,64,82,89,71,92,101,84,89,32,2551
312520,52,0,0,0,0,6,14,0,2,0,6,2,0,82
312530,179,1,0,5,2,1,3,1,5,2,2,2,0,203
312540,84,0,2,7,1,0,0,0,2,0,0,0,2,98
312550,64,0,0,0,0,3,6,3,1,1,3,0,3,84
312560,48,0,0,0,0,2,2,0,0,3,0,0,0,55
312570,655,34,25,31,15,90,53,62,54,28,26,25,9,1107
312580,33,0,0,0,0,2,0,0,0,0,0,0,0,35
312590,190,9,4,6,4,8,7,6,7,21,2,3,7,274
312600,128,3,8,3,4,4,7,2,7,4,4,0,2,176
312610,4322,213,158,266,253,477,387,339,248,291,324,284,159,7721
312620,44,1,1,2,0,2,0,0,0,0,1,2,0,53
312630,51,4,8,3,1,0,3,2,6,2,2,0,1,83
312640,54,15,0,2,1,5,7,0,4,3,7,4,1,103
312650,50,5,0,0,0,5,1,0,0,0,0,0,1,62
312660,53,0,1,0,0,0,0,0,1,1,1,0,0,57
312670,410,7,9,4,4,3,34,6,10,8,14,8,5,522
312680,22,0,0,0,0,1,0,0,0,0,0,1,0,24
312690,318,18,4,32,20,17,6,6,4,7,4,1,15,452
312700,878,16,13,15,11,60,287,73,26,31,37,6,97,1550
312705,1,8,0,0,0,0,0,0,1,0,0,0,1,11
312710,2476,315,107,213,122,118,128,184,217,238,150,224,124,4616
312720,62,1,2,1,1,5,2,5,11,3,7,3,10,113
312730,139,7,4,6,2,3,2,2,1,7,7,5,2,187
312740,92,3,4,0,3,2,1,1,0,0,4,2,3,115
312750,271,38,13,32,9,1,12,28,16,5,11,22,26,484
312760,931,36,43,28,35,28,42,96,78,36,36,68,11,1468
312770,22854,1005,974,1260,1192,1467,1234,1226,1659,1359,1677,1646,1272,38825
312780,709,27,5,11,6,70,23,56,70,64,59,91,28,1219
312790,18,3,0,0,0,1,0,0,0,0,0,0,0,22
312800,2806,166,135,77,34,36,34,57,87,61,79,70,35,3677
312810,228,5,5,28,3,9,4,11,14,5,3,5,3,323
312820,180,2,5,0,5,3,2,3,1,0,1,5,15,222
312830,1468,75,23,145,209,360,128,128,86,96,110,47,157,3032
312840,315,16,4,13,4,5,6,10,7,67,25,8,6,486
312850,93,4,16,3,16,9,2,7,3,4,2,9,2,170
312860,88,15,4,16,8,7,24,18,15,14,12,13,10,244
312870,4500,190,135,285,217,230,205,271,231,283,423,327,160,7457
312880,146,34,1,5,0,2,2,1,2,4,5,4,2,208
312890,201,6,1,1,2,10,1,1,4,1,2,5,3,238
312900,195,30,5,5,4,17,1,3,3,3,5,3,0,274
312910,208,7,8,26,2,8,4,10,5,1,2,4,2,287
312920,154,15,29,15,23,21,29,12,9,19,4,7,4,341
312930,66,2,5,1,2,0,0,3,1,2,3,2,1,88
312940,170,4,8,6,1,0,5,5,2,7,1,2,0,211
312950,1106,24,71,14,27,43,44,25,49,14,9,18,20,1464
312960,54,4,6,0,5,6,1,3,2,1,3,1,0,86
312970,244,3,34,13,6,8,3,2,5,5,8,17,6,354
312980,1718,74,96,65,79,84,89,88,111,138,118,108,86,2854
312990,40,7,6,4,2,0,3,1,0,1,3,0,3,70
313000,45,0,3,0,4,0,3,2,2,0,1,3,0,63
313010,1465,94,36,43,108,64,66,39,91,80,133,88,62,2369
313020,318,16,17,19,27,14,24,24,24,19,17,28,11,558
313030,1136,89,256,110,51,29,58,35,22,21,13,8,4,1832
313040,233,12,3,6,1,2,22,8,6,5,6,23,5,332
313050,163,4,5,2,11,2,3,7,3,3,1,11,1,216
313060,218,4,1,5,16,10,5,17,14,7,3,25,1,326
313070,232,14,13,14,15,6,6,13,17,16,6,4,2,358
313080,50,6,1,0,1,0,9,3,1,0,0,1,2,74
313090,593,10,18,16,13,10,11,8,24,17,8,12,8,748
313100,192,9,9,8,11,11,8,10,9,7,16,14,5,309
313110,803,5,9,2,6,6,9,13,9,22,9,5,9,907
313120,366,13,6,9,5,13,8,6,12,13,8,13,8,480
313130,32777,1155,1032,1196,802,917,934,898,1376,978,935,1266,722,44988
313140,162,5,8,9,17,4,5,8,9,1,5,2,2,237
313150,202,9,6,5,9,3,0,4,8,4,2,3,1,256
313160,91,3,4,4,9,2,3,5,5,1,2,4,0,133
313170,12458,402,428,344,310,392,354,588,238,354,399,298,186,16751
313180,87,0,0,2,2,2,2,1,1,2,3,0,0,102
313190,3332,149,118,154,117,156,158,158,145,234,207,148,120,5196
313200,416,101,28,59,47,94,31,76,84,43,55,115,57,1206
313210,166,3,3,3,2,2,36,16,1,1,2,1,12,248
313220,508,28,6,8,5,5,5,11,17,23,25,2,7,650
313230,45,44,1,3,2,1,6,9,5,6,1,5,1,129
313240,9489,394,403,378,406,339,358,331,417,386,440,521,298,14160
313250,1574,32,11,17,19,37,57,8,11,18,10,14,4,1812
313260,72,0,0,7,8,1,5,4,0,11,1,0,0,109
313270,436,9,12,18,16,3,10,17,10,10,13,7,10,571
313280,57,2,1,0,1,1,0,0,0,0,0,6,2,70
313290,249,9,4,5,13,4,6,15,9,29,4,11,5,363
313300,582,16,9,8,24,28,20,11,17,16,19,31,18,799
313310,1231,88,30,20,56,116,39,38,61,117,79,79,68,2022
313320,348,17,6,6,5,8,9,24,4,6,11,8,11,463
313330,760,33,19,78,46,27,44,41,47,40,45,41,33,1254
313340,410,15,8,4,6,22,12,4,4,4,0,5,6,500
313350,954,39,33,28,25,25,37,24,56,62,43,69,13,1408
313360,106,10,0,3,0,3,3,3,5,2,2,5,5,147
313370,446,15,13,8,16,22,10,20,11,12,9,7,3,592
313380,10307,659,513,589,508,663,528,540,662,643,665,890,629,17796
313390,67,4,3,0,1,0,0,3,0,1,2,0,0,81
313400,278,29,11,5,2,11,4,7,4,6,2,6,3,368
313410,104,5,3,7,2,1,2,1,1,3,3,5,6,143
313420,8047,456,432,381,338,424,429,313,424,314,341,420,238,12557
313430,143,6,12,3,5,6,6,0,10,8,1,2,3,205
313440,1750,232,360,194,304,437,395,646,582,414,323,127,102,5866
313450,101,4,1,0,0,3,3,0,2,2,1,1,0,118
313460,246,8,19,4,5,16,6,22,11,8,9,14,3,371
313470,200,1,2,3,0,1,0,0,1,0,2,3,8,221
313480,178,10,6,4,3,5,1,6,19,6,4,2,0,244
313490,1117,34,32,57,49,66,58,62,32,41,39,52,26,1665
313500,87,47,0,2,2,1,3,0,1,4,0,1,0,148
313510,1935,90,106,252,107,166,128,57,87,91,71,95,55,3240
313520,1795,151,78,186,54,220,42,111,70,148,101,99,18,3073
313530,95,2,0,2,1,1,1,1,2,1,2,0,2,110
313540,99,0,5,5,3,3,0,0,1,5,2,2,4,129
313550,172,10,13,5,10,17,8,17,6,4,5,6,4,277
313560,323,6,5,14,21,21,23,18,218,23,109,32,0,813
313570,126,3,6,5,3,3,1,1,2,1,1,1,2,155
313580,707,28,7,8,23,20,10,15,7,8,16,8,7,864
313590,156,1,6,9,1,13,2,4,0,1,3,5,0,201
313600,194,8,2,5,2,9,1,2,4,1,1,3,0,232
313610,49,0,0,1,2,1,1,2,0,1,0,1,0,58
313620,8926,368,479,761,424,472,425,480,530,326,333,381,324,14229
313630,1456,64,109,219,75,80,93,180,197,185,156,186,43,3043
313640,135,6,3,3,2,0,0,4,3,1,3,4,0,164
313650,57,0,2,1,0,0,1,0,1,1,1,0,0,64
313660,128,3,2,4,1,1,4,8,3,6,6,13,4,183
313670,73540,2705,2501,2705,2768,2718,2459,3182,3019,3277,3135,3470,2431,107910
313680,77,38,9,3,2,4,3,0,3,1,0,0,0,140
313690,131,4,3,0,2,0,4,0,2,1,2,4,1,154
313700,124,4,0,0,0,1,1,1,1,0,1,2,0,135
313710,179,4,7,5,12,1,0,1,3,0,0,2,1,215
313720,4029,396,117,93,62,272,1220,277,86,67,110,116,141,6986
313730,63,1,1,0,0,0,1,1,1,0,0,0,0,68
313740,127,2,4,4,4,2,2,6,3,4,1,0,1,160
313750,379,7,10,2,7,2,4,7,9,8,13,5,4,457
313760,4241,201,261,180,116,159,145,138,140,162,173,92,104,6112
313770,286,7,7,11,6,7,4,6,2,6,12,7,8,369
313780,995,32,25,27,30,20,34,24,11,27,40,29,26,1320
313790,57,1,1,1,0,2,0,0,3,1,0,3,0,69
313810,1744,50,68,186,110,298,158,125,101,90,126,150,57,3263
313820,6207,231,300,290,213,263,275,275,279,278,278,281,221,9391
313830,57,1,1,0,0,1,1,2,0,2,2,0,2,69
313840,5233,178,226,216,181,156,221,222,247,268,205,256,198,7807
313850,168,12,2,5,1,6,6,4,8,9,6,2,12,241
313860,489,20,21,27,10,16,8,8,11,10,15,5,10,650
313870,143,14,2,5,4,0,3,5,1,7,6,7,12,209
313880,648,33,28,38,23,33,55,31,105,65,46,47,42,1194
313890,89,1,1,0,0,0,1,0,0,0,0,1,0,93
313900,2780,118,104,55,86,121,73,77,94,82,97,119,116,3922
313910,106,3,1,1,0,0,1,1,0,0,3,6,0,122
313920,83,3,1,14,0,1,2,0,1,3,2,1,1,112
313930,496,43,9,24,14,53,27,21,18,65,31,35,24,860
313940,3305,197,274,139,152,213,173,187,209,174,202,251,157,5633
313950,1305,23,41,53,25,27,18,39,38,75,81,68,19,1812
313960,1263,31,31,30,25,35,57,30,31,43,44,33,28,1681
313970,178,6,2,6,6,3,9,5,3,5,4,9,3,239
313980,976,25,21,18,62,17,17,26,26,20,48,40,6,1302
313990,403,19,11,13,20,9,6,14,6,15,6,19,2,543
314000,2842,79,137,139,130,140,86,111,217,98,113,103,66,4261
314010,66,9,1,3,1,4,2,3,1,1,0,1,0,92
314020,61,9,1,1,2,2,1,2,0,5,2,3,17,106
314030,292,1,5,4,8,2,5,1,6,1,2,1,0,328
314040,109,1,4,1,1,0,2,2,1,2,1,0,1,125
314050,284,22,45,29,34,18,18,18,25,25,41,33,20,612
314060,72,2,2,2,1,0,1,1,0,1,1,0,0,83
314070,2137,86,50,58,65,56,58,52,46,66,68,180,101,3023
314080,699,53,22,38,24,42,25,37,40,72,48,23,34,1157
314090,212,39,54,12,8,4,11,19,41,39,38,15,6,498
314100,134,0,0,1,1,4,15,8,2,3,3,7,7,185
314110,2626,167,107,141,157,137,157,194,127,189,233,206,91,4532
314120,117,8,0,0,1,1,0,0,4,1,1,1,1,135
314130,56,0,0,1,0,3,0,0,0,0,0,1,0,61
314140,231,8,5,12,26,4,5,19,15,27,5,7,3,367
314150,53,1,0,2,0,1,0,0,2,0,2,3,0,64
314160,198,3,3,1,5,0,0,3,7,0,5,3,0,228
314170,1637,47,91,62,35,64,87,44,47,51,27,31,13,2236
314180,801,6,7,80,18,78,69,32,32,16,25,11,8,1183
314190,156,2,0,0,2,0,6,4,2,1,4,11,1,189
314200,180,30,7,3,2,0,5,3,0,4,37,0,0,271
314210,242,6,4,6,2,14,10,18,9,9,20,6,1,347
314220,592,14,8,13,11,17,12,13,16,6,17,23,4,746
314230,57,2,0,0,2,0,0,0,1,1,0,0,0,63
314240,98,2,5,3,1,3,2,20,2,2,7,3,1,149
314250,51,1,1,0,0,0,3,1,3,0,2,0,1,63
314260,364,18,13,9,17,27,21,27,38,31,43,22,8,638
314270,96,3,4,0,3,4,2,3,0,6,0,8,0,129
314280,921,40,51,44,30,92,168,130,53,59,76,75,49,1788
314290,300,6,0,5,5,6,4,6,8,5,5,3,1,354
314300,475,14,20,18,17,111,39,43,32,23,10,6,3,811
314310,2215,90,83,89,88,107,109,108,117,80,80,118,75,3359
314320,1055,27,68,45,39,55,36,19,48,79,63,51,36,1621
314330,20399,865,892,1174,1068,1289,1033,1118,1243,1111,1126,1186,761,33265
314340,459,25,8,13,14,19,25,16,17,20,6,23,7,652
314350,223,2,1,8,13,13,6,8,9,7,32,15,5,342
314360,82,0,2,1,2,5,6,5,3,3,0,2,1,112
314370,81,6,0,0,1,5,2,2,0,3,1,1,0,102
314380,42,0,0,1,0,0,1,3,1,4,1,2,0,55
314390,6243,248,207,272,258,244,296,259,312,356,355,378,206,9634
314400,394,7,10,8,5,12,25,14,6,19,7,15,4,526
314410,811,38,24,12,35,49,35,49,28,75,53,23,31,1263
314420,25,1,0,1,1,0,1,0,0,0,0,1,0,30
314430,3242,112,113,152,91,241,77,112,136,134,140,153,69,4772
314440,138,5,2,6,5,4,1,4,4,7,2,3,4,185
314450,357,5,4,3,4,1,37,11,5,4,3,1,2,437
314460,901,36,33,35,7,32,36,28,38,71,47,32,12,1308
314470,1489,25,25,32,61,72,125,93,86,70,49,47,32,2206
314480,11635,572,325,469,363,641,434,374,416,442,537,393,273,16874
314490,43,0,1,1,0,0,2,1,0,1,1,1,0,51
314500,418,5,9,22,17,22,25,21,33,32,26,51,31,712
314510,178,4,3,5,6,11,4,9,2,8,5,8,0,243
314520,1310,53,72,91,150,125,160,141,154,175,189,128,84,2832
314530,220,4,17,0,62,32,11,40,15,5,10,4,7,427
314540,84,1,0,3,2,2,1,0,0,2,9,7,0,111
314550,56,1,0,0,3,1,0,2,0,2,0,0,0,65
314560,2156,76,57,87,52,75,72,73,81,69,123,83,61,3065
314570,82,2,0,0,0,4,0,0,0,22,0,1,1,112
314580,120,0,1,6,4,0,4,2,3,1,2,2,1,146
314590,7177,683,351,334,210,252,280,275,145,134,367,524,653,11385
314600,1378,62,55,71,40,55,70,69,67,62,54,91,42,2116
314610,10926,383,297,330,276,301,277,249,253,264,240,252,193,14241
314620,92,11,0,5,0,0,0,5,1,0,0,3,0,117
314630,108,1,2,9,6,2,2,2,6,14,2,8,2,164
314640,67,1,0,0,0,0,2,2,38,53,40,4,0,207
314650,446,20,21,31,22,43,36,28,41,41,23,7,18,777
314660,51,0,0,1,0,0,0,3,2,3,0,1,0,61
314670,213,2,1,11,2,1,1,2,3,4,1,0,3,244
314690,245,27,27,34,29,20,33,18,22,32,30,16,11,544
314700,2700,163,113,114,86,167,94,119,134,127,299,198,113,4427
314710,6663,417,287,356,275,475,328,387,392,397,489,534,327,11327
314720,1140,40,41,35,26,40,49,33,76,48,64,37,38,1667
314730,872,14,16,3,6,12,9,13,26,9,14,18,6,1018
314740,2042,72,90,70,61,82,62,73,61,60,87,53,55,2868
314750,45,0,1,1,3,0,0,0,1,2,1,0,1,55
314760,762,24,17,23,25,22,14,38,29,30,19,38,27,1068
314770,246,2,0,1,1,2,14,3,3,2,3,11,1,289
314780,195,0,3,0,2,3,3,3,4,1,0,4,7,225
314790,10992,810,466,427,272,1703,782,543,400,462,1191,680,420,19148
314800,7810,369,326,421,402,477,378,524,488,424,386,528,359,12892
314810,4286,286,152,174,163,366,246,285,264,192,160,187,121,6882
314820,135,7,6,4,0,2,0,2,0,4,2,8,0,170
314830,133,11,3,0,0,0,4,1,4,1,1,0,0,158
314840,30,0,0,0,0,1,0,0,0,0,0,0,0,31
314850,86,1,8,1,0,1,0,1,0,0,0,2,1,101
314860,316,17,0,6,14,2,4,2,3,6,4,3,1,378
314870,852,25,41,16,6,12,19,7,10,17,14,16,16,1051
314880,83,2,2,0,0,1,1,2,1,2,0,1,2,97
314890,75,2,1,6,1,6,2,4,2,4,2,4,13,122
314900,2,0,0,0,0,0,0,0,0,1,0,0,0,3
314910,265,6,9,6,7,11,16,7,2,3,3,0,1,336
314920,52,0,0,1,1,1,1,1,0,0,0,0,1,58
314930,5666,220,230,234,229,267,280,282,309,286,219,251,139,8612
314940,50,0,1,0,1,0,0,0,1,0,0,0,0,53
314950,279,7,5,14,6,6,30,18,11,10,10,16,7,419
314960,45,1,1,0,2,1,1,2,0,1,0,0,0,54
314970,85,4,5,2,4,6,3,2,1,6,12,3,4,137
314980,525,80,80,46,32,40,19,41,43,24,19,31,11,991
314990,1004,52,31,38,31,51,47,33,49,53,44,62,36,1531
315000,81,0,1,7,3,10,1,4,9,9,22,11,4,162
315010,76,1,4,3,5,0,3,4,3,3,3,1,1,107
315020,163,2,6,2,11,9,11,3,1,4,2,1,6,221
315030,91,3,4,5,0,7,1,0,0,0,0,0,0,111
315040,24,2,5,0,0,0,2,0,0,0,0,0,1,34
315050,124,8,3,13,12,10,13,11,7,14,10,8,4,237
315060,130,1,1,12,8,6,3,0,3,4,0,2,3,173
315070,70,3,2,2,1,3,4,7,0,6,3,9,2,112
315080,161,4,5,7,1,4,4,2,4,2,0,5,0,199
315090,109,4,3,2,3,1,2,1,4,6,0,2,0,137
315100,120,1,9,1,2,4,1,4,5,11,2,2,4,166
315110,742,17,30,31,20,21,18,8,51,19,36,24,27,1044
315120,4826,240,206,188,161,329,250,291,242,201,209,230,149,7522
315130,177,15,7,2,2,11,1,3,4,4,40,25,11,302
315140,2222,73,68,54,105,131,137,81,99,164,93,239,85,3551
315150,925,51,25,45,47,138,110,84,49,89,59,59,47,1728
315160,316,2,17,4,5,6,3,4,5,5,6,4,1,378
315170,179,5,1,1,5,6,2,5,0,6,6,14,2,232
315180,18062,936,741,769,726,775,740,919,971,842,850,860,833,28024
315190,159,15,6,2,0,1,1,2,1,1,4,2,2,196
315200,878,34,15,25,98,705,101,48,112,131,48,33,13,2241
315210,6755,395,203,262,205,351,355,356,242,304,227,233,105,9993
315220,554,68,50,60,51,69,29,30,15,62,23,74,81,1166
315230,86,4,3,2,11,0,4,0,1,3,2,1,0,117
315240,104,3,0,0,0,1,2,14,0,0,1,2,0,127
315250,10237,517,572,743,319,365,357,406,389,562,511,644,398,16020
315260,303,11,9,11,19,7,10,7,13,9,5,13,11,428
315270,253,1,12,8,6,6,11,3,10,3,1,3,4,321
315280,872,46,26,48,28,33,38,22,29,43,55,40,24,1304
315290,2383,66,50,53,56,37,39,54,44,28,32,26,16,2884
315300,44,1,6,4,0,3,1,4,4,1,3,5,1,77
315310,88,1,4,0,2,2,0,0,2,3,1,1,1,105
315320,88,5,3,21,4,4,1,0,3,4,4,0,1,138
315330,54,6,0,0,0,0,0,0,1,1,1,2,0,65
315340,1203,38,87,77,90,126,115,104,104,276,135,162,85,2602
315350,128,5,3,4,6,5,4,2,2,0,4,4,2,169
315360,753,124,62,104,68,127,88,49,56,63,14,29,14,1551
315370,71,1,2,29,5,11,2,5,3,7,5,6,4,151
315380,58,0,0,0,1,0,0,0,0,0,0,0,0,59
315390,78,11,26,5,2,3,2,3,14,11,22,8,7,192
315400,839,13,10,17,12,23,13,14,7,13,29,25,17,1032
315410,532,17,11,15,11,11,11,11,12,13,31,23,5,703
315420,210,5,1,17,3,0,6,4,2,2,4,0,1,255
315430,610,21,6,13,14,28,11,12,9,18,11,23,13,789
315440,594,25,18,32,10,12,14,16,25,20,20,30,12,828
315450,23,0,1,4,3,12,22,38,29,45,119,36,84,416
315460,1179,69,52,101,58,54,63,68,109,199,160,188,134,2434
315470,114,1,9,4,4,5,5,5,3,11,10,0,3,174
315480,372,11,4,12,5,11,2,12,11,46,27,12,6,531
315490,1077,44,18,60,54,43,37,46,31,32,45,47,18,1552
315500,73,0,0,6,0,7,2,6,6,0,3,0,0,103
315510,58,0,0,0,0,1,0,0,1,1,0,1,1,63
315520,80,2,5,0,0,1,2,2,1,0,1,1,0,95
315530,52,2,4,1,1,0,0,6,2,5,0,1,0,74
315540,412,28,7,27,5,21,19,7,19,16,13,39,7,620
315550,436,16,5,7,8,5,5,10,6,5,25,23,15,566
315560,935,117,65,77,139,79,109,93,43,51,51,42,27,1828
315570,520,9,19,37,36,18,26,35,53,49,35,27,10,874
315580,922,17,18,15,17,41,14,12,18,36,31,35,14,1190
315590,144,17,0,3,3,6,3,5,6,4,4,3,2,200
315600,158,6,8,7,2,4,1,3,8,1,3,1,0,202
315610,137,4,42,12,4,9,6,1,15,6,11,6,2,255
315620,97,1,0,9,5,4,2,7,2,2,0,6,3,138
315630,160,10,2,35,5,2,10,12,35,41,18,53,10,393
315640,141,2,1,1,2,1,4,2,0,1,2,3,2,162
315650,354,61,3,4,38,55,15,21,19,12,12,8,5,607
315660,103,1,1,2,2,2,10,3,3,14,4,2,3,150
315670,3660,155,99,159,165,176,134,180,245,132,161,177,120,5563
315680,268,15,15,4,4,4,7,7,5,3,8,6,1,347
315690,1426,63,56,56,28,62,54,33,56,66,63,36,12,2011
315700,847,12,15,12,15,15,13,15,11,12,12,6,13,998
315710,46,3,0,0,1,2,1,0,1,0,0,0,0,54
315720,3275,157,199,244,310,298,297,229,207,229,143,144,79,5811
315730,58,3,0,3,1,0,0,0,2,0,0,0,1,68
315740,125,16,3,12,7,9,15,6,5,5,8,6,2,219
315750,41,2,0,0,0,0,1,0,0,0,0,0,0,44
315760,5,0,0,0,0,0,0,0,0,5,0,0,0,10
315770,174,3,9,33,60,8,7,0,1,10,4,2,2,313
315780,8219,378,441,456,331,314,336,383,337,413,407,457,293,12765
315790,148,13,2,3,3,3,1,4,2,2,4,2,4,191
315800,256,6,12,6,12,6,8,3,2,5,15,8,4,343
315810,74,4,6,1,4,2,4,0,3,1,2,3,0,104
315820,194,15,2,4,3,5,2,4,0,2,1,8,1,241
315830,189,13,0,5,6,38,5,28,5,24,13,15,13,354
315840,42,1,2,9,1,3,0,1,2,0,1,1,0,63
315850,103,1,0,1,0,1,2,2,3,0,0,0,2,115
315860,174,3,6,0,7,1,2,3,12,10,3,1,6,228
315870,26,4,1,2,1,0,2,2,0,0,3,0,0,41
315880,167,3,3,1,0,1,5,3,4,5,5,13,7,217
315890,19,3,0,6,10,11,19,7,6,13,3,2,1,100
315895,0,0,0,0,0,0,0,0,1,0,0,0,0,1
315900,31,0,0,0,2,4,4,0,2,2,0,5,2,52
315910,26,0,8,0,1,0,0,1,2,0,1,0,0,39
315920,357,9,54,8,4,12,3,9,5,5,18,6,3,493
315930,186,1,2,4,2,1,5,2,30,1,1,0,0,235
315940,59,2,0,1,0,4,0,1,0,0,0,4,2,73
315950,73,3,0,0,2,0,2,1,1,0,1,0,4,87
315960,3128,194,165,163,122,156,177,146,143,152,172,182,102,5002
315970,72,6,0,4,4,2,0,4,0,4,2,3,2,103
315980,633,28,18,22,17,20,21,14,25,27,17,17,9,868
315990,521,16,6,10,10,24,21,5,12,26,16,17,6,690
316000,73,2,0,3,5,4,1,2,0,1,1,1,0,93
316010,108,6,3,0,2,6,4,2,4,3,1,1,0,140
316020,28,0,0,0,4,3,8,5,2,5,10,6,6,77
316030,24,0,0,1,0,0,2,0,0,0,1,0,0,28
316040,967,53,53,71,49,58,40,42,38,42,87,53,38,1591
316050,25,0,1,0,2,2,0,1,1,0,0,0,0,32
316060,158,6,1,1,4,3,19,6,3,0,2,0,0,203
316070,2792,174,151,143,131,96,125,81,77,126,92,100,34,4122
316080,49,1,0,0,0,0,1,1,0,0,1,0,0,53
316090,60,2,2,0,0,0,1,4,0,0,2,3,1,75
316100,386,5,6,9,15,8,11,23,12,18,13,11,10,527
316110,773,30,16,8,14,10,18,147,51,33,57,40,4,1201
316120,111,1,3,2,1,3,3,1,3,1,5,9,0,143
316130,33,1,0,1,0,1,1,1,0,0,0,1,8,47
316140,87,4,2,1,2,5,3,0,0,1,4,1,0,110
316150,157,2,1,4,2,2,7,3,2,8,2,9,7,206
316160,36,11,1,0,0,1,2,1,0,0,3,1,2,58
316170,215,9,6,3,9,5,5,2,6,0,9,7,0,276
316180,464,16,25,32,9,6,29,25,31,24,31,40,8,740
316190,133,0,3,4,4,3,4,11,19,10,13,7,23,234
316200,1003,43,52,33,38,22,35,26,47,63,49,48,40,1499
316210,1358,70,80,48,50,53,38,42,51,54,70,71,64,2049
316220,255,23,7,31,20,37,34,10,28,27,13,17,21,523
316230,55,1,2,0,1,0,0,0,0,1,0,1,0,61
316240,157,6,15,27,14,13,63,9,28,4,45,2,17,400
316250,7119,229,259,244,224,234,213,283,345,346,319,366,196,10377
316260,148,7,6,7,4,13,7,4,7,2,4,2,3,214
316270,255,33,13,13,11,7,6,4,67,83,13,13,5,523
316280,259,2,0,5,2,18,4,8,27,8,0,15,4,352
316290,3034,48,104,51,85,128,99,91,187,158,164,153,46,4348
316300,12,0,0,0,1,0,5,0,0,0,0,0,5,23
316310,53,1,1,2,0,0,2,8,2,5,3,2,3,82
316320,70,2,5,0,4,2,2,0,0,3,1,2,1,92
316330,44,2,0,0,0,1,0,0,0,0,0,0,0,47
316340,80,2,2,0,1,0,1,3,0,4,1,4,0,98
316350,44,0,0,0,0,0,0,2,7,0,0,0,0,53
316360,51,12,0,1,0,0,0,3,0,0,0,7,3,77
316370,3264,252,98,125,124,131,92,115,167,115,119,146,117,4865
316380,23,9,0,0,0,0,0,1,0,1,1,1,0,36
316390,85,8,0,2,1,1,3,1,3,1,1,0,1,107
316400,721,50,29,50,88,66,163,66,85,94,51,54,15,1532
316410,50,0,0,1,1,0,0,3,3,0,0,2,0,60
316420,139,3,5,1,1,1,0,1,5,2,0,1,2,161
316430,91,6,0,1,2,1,1,0,1,3,9,1,0,116
316440,90,1,1,2,7,1,1,1,1,5,3,2,6,121
316450,83,10,0,0,0,0,0,0,0,0,0,0,0,93
316460,309,13,17,23,59,59,11,15,38,22,47,55,80,748
316470,3933,122,122,134,136,237,220,218,270,322,211,241,143,6309
316480,57,4,0,0,3,0,0,0,3,3,0,0,0,70
316490,57,1,2,0,0,0,1,8,3,0,0,5,0,77
316500,217,5,5,4,6,0,1,1,0,20,4,1,3,267
316510,228,12,5,5,3,6,6,10,4,6,3,6,5,299
316520,122,4,2,3,2,5,7,3,0,1,2,2,3,156
316530,275,0,1,1,2,0,2,10,9,3,3,2,2,310
316540,114,3,0,12,2,1,8,4,4,3,0,3,1,155
316550,43,0,4,0,0,2,0,3,0,1,0,0,0,53
316560,28,7,0,1,0,0,0,0,1,0,0,1,2,40
316570,135,4,0,1,2,3,2,0,1,0,0,1,0,149
316580,38,2,2,0,0,0,1,1,0,0,1,1,0,46
316590,34,1,1,2,0,1,2,2,2,0,2,0,0,47
316600,92,3,1,0,1,24,13,4,4,0,1,14,21,178
316610,43,0,3,1,0,0,0,0,0,0,0,0,0,47
316620,97,1,7,5,0,3,0,0,1,1,1,0,0,116
316630,24,25,0,0,1,0,0,1,1,3,0,0,0,55
316640,86,1,0,2,3,0,0,1,2,1,4,1,0,101
316650,46,0,0,0,0,0,0,0,0,0,0,0,1,47
316660,49,6,0,1,0,0,0,3,0,2,0,0,0,61
316670,131,4,2,2,7,14,8,6,3,0,2,3,1,183
316680,162,7,7,8,13,11,5,6,8,8,18,13,20,286
316690,262,32,24,29,26,15,22,9,7,11,20,6,6,469
316700,49,1,0,0,2,0,0,0,3,1,1,2,1,60
316710,388,7,15,14,11,6,9,12,4,16,7,14,2,505
316720,18227,2139,928,906,967,1213,1002,1066,1092,1198,1353,1696,1028,32815
316730,36,0,2,0,0,0,0,2,0,0,0,0,0,40
316740,141,2,4,7,0,2,32,7,4,8,2,6,1,216
316750,93,11,0,4,5,1,2,2,4,2,2,4,1,131
316760,96,0,1,2,0,1,2,2,0,9,1,1,0,115
316770,145,1,6,41,3,3,8,9,12,1,1,5,1,236
316780,116,4,6,4,3,5,2,0,3,2,2,1,1,149
316790,82,3,0,0,0,1,2,0,1,3,2,1,1,96
316800,419,25,10,22,8,8,0,1,2,3,2,4,0,504
316810,928,5,10,15,6,3,2,7,3,106,225,125,89,1524
316820,94,13,1,1,2,1,0,0,3,1,1,1,0,118
316830,63,1,4,4,1,1,21,4,2,7,6,3,7,124
316840,216,9,4,4,2,1,3,2,4,5,2,6,1,259
316850,219,2,7,3,2,4,0,6,4,0,5,3,4,259
316860,7865,315,318,366,342,322,277,355,320,372,405,487,350,12094
316870,11289,284,205,233,189,370,470,1007,634,595,793,396,260,16725
316880,298,17,15,6,17,17,19,10,29,8,3,13,6,458
316890,107,8,0,2,4,4,4,4,2,0,5,2,2,144
316900,475,8,20,10,7,19,16,21,9,15,44,9,8,661
316910,49,4,0,5,0,2,0,0,0,0,0,0,0,60
316920,314,7,2,14,13,6,12,6,11,7,8,4,3,407
316930,5620,207,165,166,166,169,134,183,161,120,201,178,166,7636
316935,2650,61,131,101,94,120,91,97,222,92,109,89,50,3907
316940,4309,639,444,245,529,858,873,412,251,180,286,251,101,9378
316950,157,3,3,4,10,6,11,4,9,5,4,12,5,233
316960,2051,93,78,71,100,239,72,149,106,126,86,103,32,3306
316970,710,6,4,7,34,24,3,6,18,9,12,7,2,842
316980,86,4,0,8,2,5,3,2,3,0,0,5,0,118
316990,7618,316,307,461,346,337,286,427,478,413,401,510,335,12235
317000,49,5,1,0,0,2,2,3,0,3,1,4,2,72
317005,2,0,0,0,0,0,0,0,1,0,0,0,0,3
317010,26406,1544,1526,1817,1670,2581,1544,1650,1962,1832,1896,1784,1543,47755
317020,47795,3032,2401,2848,2614,2664,2434,2678,2530,2689,2676,2847,2253,79461
317030,44,1,1,0,0,0,1,0,0,1,0,0,0,48
317040,2473,87,92,94,146,153,165,173,94,137,124,145,78,3961
317050,1897,137,51,95,124,212,274,142,149,69,105,100,36,3391
317070,14041,851,655,867,861,828,713,811,994,792,702,812,455,23382
317080,2630,150,118,123,131,205,163,138,179,205,173,241,172,4628
317090,94,3,1,0,6,2,4,3,2,1,1,3,2,122
317100,2136,126,82,120,90,95,88,112,129,96,108,106,74,3362
317110,68,3,3,2,3,1,1,3,0,3,4,3,1,95
317120,5209,191,176,170,162,133,179,179,157,216,235,187,90,7284
317130,6959,171,112,183,326,137,128,159,131,242,178,108,106,8940
317140,75,4,0,0,0,1,4,0,1,3,5,0,2,95
317150,72,3,6,1,0,1,0,0,0,0,1,0,0,84
317160,125,0,0,1,1,3,2,2,1,5,0,1,0,141
317170,196,8,33,1,4,5,5,1,2,2,0,2,2,261
317180,222,6,9,4,3,8,3,3,11,7,3,1,1,281
317190,84,5,0,1,0,2,2,3,1,0,0,0,0,98
317200,2328,105,76,66,153,275,96,72,110,79,59,69,119,3607
317210,181,6,1,2,10,7,7,2,8,1,6,8,5,244
317220,107,4,1,3,5,2,2,2,1,1,3,3,3,137
319999,249,3,4,10,8,7,6,2,6,8,1,4,2,310
320010,1029,34,20,28,19,40,104,30,19,24,35,17,18,1417
320020,1087,35,29,39,25,41,29,64,21,19,22,21,25,1457
320030,233,6,9,5,1,18,3,5,2,7,3,4,2,298
320035,13,3,0,0,1,2,1,0,22,11,2,8,7,70
320040,1236,51,66,42,41,30,38,25,22,33,29,35,46,1694
320050,136,17,2,16,4,4,1,6,1,2,2,4,4,199
320060,6368,167,166,168,160,190,123,162,86,112,136,118,147,8103
320070,135,1,1,2,2,0,3,1,1,2,3,5,9,165
320080,1011,44,53,55,35,78,26,32,154,190,37,66,43,1824
320090,1146,24,18,29,31,44,46,66,42,75,34,41,34,1630
320100,455,21,10,5,12,64,25,91,28,52,25,53,47,888
320110,390,7,8,9,5,1,5,12,2,3,3,14,5,464
320120,19266,741,658,678,649,908,759,825,1052,1083,940,1053,614,29226
320130,17778,890,725,928,930,799,712,1017,822,735,832,1037,705,27910
320140,1468,36,34,49,53,46,56,79,46,64,45,57,30,2063
320150,12564,553,404,593,590,676,513,822,577,573,538,552,470,19425
320160,2755,228,202,312,134,197,188,144,171,156,195,173,70,4925
320170,798,31,37,44,34,52,30,57,46,26,52,39,17,1263
320180,61,1,0,1,3,1,5,0,0,3,0,1,0,76
320200,76,1,1,4,1,1,2,2,1,0,3,0,1,93
320210,619,10,9,13,13,26,12,10,7,12,8,19,6,764
320220,349,29,38,74,38,35,62,59,130,96,53,49,13,1025
320230,1182,27,16,42,33,39,45,33,23,28,44,43,81,1636
320240,3955,418,134,249,235,186,136,158,187,196,178,222,297,6551
320245,59,7,6,2,6,9,5,12,4,4,6,1,2,123
320250,1593,49,29,87,65,108,60,66,58,85,117,79,61,2457
320260,396,20,16,20,10,9,20,9,11,12,12,11,10,556
320270,469,8,8,15,12,21,16,20,7,38,22,11,6,653
320280,2257,149,778,503,223,219,393,108,139,169,102,44,25,5109
320290,253,10,4,7,5,18,8,6,8,5,3,4,9,340
320300,595,34,10,26,49,28,17,41,21,22,28,25,18,914
320305,154,8,0,1,10,5,2,4,10,5,18,18,0,235
320310,312,19,17,6,22,7,8,19,7,4,14,16,2,453
320313,4,0,0,0,0,1,0,0,0,0,0,0,0,5
320320,9048,450,459,783,731,680,597,797,739,852,946,779,406,17267
320330,211,12,6,6,11,1,5,15,3,0,0,5,1,276
320334,156,2,3,9,2,4,2,0,9,4,1,4,5,201
320335,58,3,0,0,14,4,0,2,0,0,0,6,5,92
320340,612,11,15,20,12,15,27,12,3,13,27,16,4,787
320350,458,23,27,33,21,38,19,12,11,31,20,28,3,724
320360,277,23,3,10,12,5,5,1,1,3,6,1,3,350
320370,387,10,23,15,14,9,14,14,6,3,10,8,7,520
320380,528,16,30,26,21,53,36,129,89,95,93,29,8,1153
320390,2242,111,149,141,88,108,112,147,170,193,105,124,104,3794
320400,538,8,11,40,14,35,19,3,20,12,11,15,17,743
320405,45,30,5,6,3,4,0,2,2,2,10,3,0,112
320410,578,23,0,37,29,21,9,21,24,33,10,14,10,809
320420,206,14,8,20,6,9,4,7,17,5,4,3,1,304
320430,126,1,2,6,1,3,3,2,3,3,2,14,4,170
320435,18,0,1,0,0,0,3,0,0,6,1,0,0,29
320440,263,13,3,12,9,15,8,5,8,8,9,2,2,357
320450,485,29,9,12,25,18,1,22,10,13,9,16,5,654
320470,1299,31,38,65,43,41,116,60,58,85,116,50,60,2062
320480,333,5,5,10,3,14,43,13,10,26,7,6,6,481
320490,7464,381,465,630,481,723,502,506,677,613,383,458,248,13531
320500,24354,1581,1313,1474,1247,1542,1151,1392,1429,1390,1274,1537,1027,40711
320510,4181,165,141,171,97,196,176,128,86,124,158,153,96,5872
320520,18270,1175,767,938,819,1015,861,1236,1101,1046,1266,1105,693,30292
320530,130771,4402,4886,4955,4273,4697,3960,4678,4105,4509,4002,4638,3368,183244
329999,2206,66,117,95,52,70,90,98,91,85,95,83,98,3246
330010,17522,791,954,684,669,679,769,694,532,547,519,512,844,25716
330020,3869,151,199,160,142,151,98,115,151,121,123,161,118,5559
330025,14,0,1,0,2,0,1,0,0,0,2,2,1,23
330030,10227,507,397,601,515,397,380,503,638,408,425,631,430,16059
330040,20597,693,616,901,745,877,675,709,828,867,1001,997,642,30148
330045,11,0,0,0,0,0,0,0,1,0,0,0,1,13
330050,827,30,39,36,4,20,20,32,23,42,9,27,16,1125
330060,2623,88,43,100,64,75,115,69,115,207,104,76,63,3742
330070,9478,618,353,460,408,465,526,457,422,497,429,532,792,15437
330080,1370,79,54,107,58,46,64,114,31,56,42,59,49,2129
330090,442,17,9,5,10,7,4,7,19,15,2,7,6,550
330100,44773,2078,1066,2375,1251,4200,7003,2480,1493,1386,1137,1285,942,71469
330110,2812,73,33,115,79,60,76,121,38,51,54,59,17,3588
330120,1391,24,24,43,33,30,41,42,18,30,25,40,22,1763
330130,1528,93,72,94,104,69,53,78,66,60,69,106,57,2449
330140,720,12,10,8,14,14,9,13,13,9,13,20,22,877
330150,970,21,26,23,46,38,54,48,41,41,36,39,18,1401
330160,197,5,7,7,5,7,6,8,8,8,9,28,1,296
330170,60322,2743,2738,3402,2550,3117,2620,2953,3006,2591,2845,2921,2082,93890
330180,843,25,32,32,34,35,30,28,29,53,41,24,13,1219
330185,7,0,0,0,0,0,0,1,0,0,1,0,0,9
330190,6585,364,347,402,380,355,251,324,269,324,285,313,219,10418
330200,7564,289,321,279,307,313,204,286,258,240,262,278,236,10837
330205,1,0,0,0,0,0,0,0,0,0,0,0,0,1
330210,1124,38,38,55,66,41,56,58,57,37,56,34,21,1681
330220,4800,128,106,137,170,162,255,126,214,163,166,207,134,6768
330230,218,35,2,4,0,6,1,3,0,0,2,2,1,274
330240,17055,807,606,700,481,533,898,863,864,710,583,628,593,25321
330250,9628,287,266,412,425,401,275,238,346,278,268,351,260,13435
330260,2797,90,66,93,71,76,66,65,78,72,55,97,58,3684
330270,2742,110,99,90,105,98,86,109,107,136,110,108,145,4045
330280,1396,26,20,40,46,22,37,32,23,30,65,42,31,1810
330290,992,24,21,34,21,17,21,22,45,26,31,25,19,1298
330300,1083,21,12,36,85,38,75,56,31,33,36,24,19,1549
330310,1158,46,36,26,45,13,68,44,21,34,28,41,18,1578
330320,7816,265,287,362,239,348,282,367,290,274,525,346,280,11681
330330,101326,3647,2874,3978,3454,4046,3359,3915,3676,3795,3969,5061,2891,145991
330340,21214,731,602,817,926,815,615,781,874,857,811,835,596,30474
330350,59784,2788,2048,2658,2444,2593,2173,2739,2565,2486,2719,2732,1891,89620
330360,3938,96,83,137,91,91,73,144,105,107,138,117,66,5186
330370,2758,83,70,82,66,82,67,128,54,74,72,96,91,3723
330380,1114,70,75,89,37,50,67,40,49,26,66,120,56,1859
330390,41472,1837,1468,1997,1581,1732,1582,1806,1804,1741,1812,2181,1592,62605
330400,4302,133,87,137,99,142,105,98,152,114,177,61,71,5678
330410,429,9,14,9,4,4,12,32,82,12,15,17,11,650
330412,25,2,0,3,0,0,0,2,6,1,5,0,0,44
330414,0,0,1,0,0,0,0,0,0,0,0,0,0,1
330415,8,0,0,0,0,0,0,0,0,0,0,0,0,8
330420,13995,770,424,807,565,551,574,504,616,598,619,706,438,21167
330430,4235,202,169,230,199,202,237,183,207,144,122,157,84,6371
330440,249,5,6,8,4,9,2,8,7,4,5,10,2,319
330450,293,8,1,18,7,8,7,15,4,4,3,6,0,374
330452,4,0,1,0,0,0,0,1,0,0,1,0,0,7
330455,1839701,77549,60663,74186,61690,71663,56060,68077,64654,66633,66360,70127,47713,2625076
330460,324,48,9,8,9,9,6,21,4,9,2,3,2,454
330470,2197,74,55,71,54,83,62,79,57,75,48,70,39,2964
330480,2060,36,40,60,37,41,157,138,75,51,49,69,34,2847
330490,39928,1527,1259,1657,1447,1430,1415,2057,1875,1865,1716,1766,1347,59289
330500,3402,96,29,57,48,103,642,84,50,39,29,27,31,4637
330510,23865,960,636,928,863,976,893,923,943,1109,1222,1086,897,35301
330520,3715,122,126,137,51,77,56,143,85,201,158,296,145,5312
330530,105,0,0,4,1,1,0,0,5,3,0,0,2,121
330540,956,54,29,19,12,23,24,38,34,21,17,14,20,1261
330550,1189,61,50,40,39,70,34,49,40,47,26,38,27,1710
330560,715,36,25,29,25,19,31,17,36,17,22,27,11,1010
330570,175,7,4,6,5,19,11,3,4,12,12,7,7,272
330580,12730,617,471,699,561,582,470,452,609,617,699,526,431,19464
330590,262,3,0,6,5,15,8,3,1,4,2,4,0,313
330600,13851,490,424,522,525,562,432,505,622,534,582,466,372,19887
330610,6708,214,194,264,174,231,214,298,240,309,280,290,168,9584
330615,6,0,2,0,0,0,0,0,0,1,0,0,0,9
330620,3440,108,128,191,151,140,98,153,175,102,154,126,81,5047
330630,57792,2234,1603,2407,1308,1390,1285,1208,1768,2462,1609,2266,1464,78796
339999,37,3,1,0,0,6,0,0,4,5,2,3,0,61
350010,5418,295,347,234,259,339,311,333,276,316,368,273,224,8993
350020,133,5,4,1,2,15,0,15,3,89,37,6,0,310
350030,1667,74,172,107,71,135,74,87,106,75,86,69,57,2780
350040,526,18,15,10,8,16,9,15,34,24,41,36,10,762
350050,1454,76,47,69,57,80,44,84,55,66,76,109,56,2273
350055,285,20,17,39,33,25,8,18,30,60,54,23,19,631
350060,474,11,7,23,19,13,14,11,9,9,12,22,24,648
350070,3443,163,93,90,117,116,110,115,141,162,166,151,89,4956
350075,4,0,0,0,0,0,0,0,0,0,0,0,0,4
350080,102,12,2,2,2,3,2,0,2,1,5,3,2,138
350090,149,6,5,8,9,6,3,3,1,2,10,6,1,209
350100,797,22,22,21,23,100,72,166,25,30,28,41,17,1364
350110,102,5,6,44,10,39,22,6,3,5,6,3,1,252
350120,29,0,1,1,6,0,0,0,1,0,0,0,0,38
350130,685,64,39,40,32,53,55,53,42,27,30,33,10,1163
350140,220,15,4,21,5,16,1,1,5,15,8,11,4,326
350150,59,2,2,1,0,3,8,7,3,1,1,2,1,90
350160,38434,2665,2250,2396,2072,2370,2280,2633,2809,2637,2735,2363,1589,67233
350170,4995,697,339,195,241,814,660,474,296,184,179,118,146,9338
350180,333,8,14,13,16,14,6,10,16,9,23,19,8,489
350190,8898,474,324,395,293,318,302,313,370,515,470,387,253,13312
350200,194,16,15,22,6,11,6,5,9,12,9,5,3,313
350210,5617,229,292,202,280,311,279,234,228,385,246,251,251,8805
350220,1254,57,74,38,55,91,93,107,50,86,85,32,16,2038
350230,181,21,4,11,5,13,13,16,15,13,31,11,17,351
350240,89,7,1,1,5,0,0,2,1,2,10,2,1,121
350250,3376,150,106,141,167,187,228,129,166,164,132,197,61,5204
350260,194,1,4,3,2,1,7,6,6,7,3,6,7,247
350270,1586,70,35,42,67,55,57,53,52,45,65,123,45,2295
350280,22193,1518,1187,1021,1159,3295,2387,2284,1583,1595,1645,1242,817,41926
350290,597,33,67,31,18,29,22,21,24,21,33,35,15,946
350300,139,12,1,7,5,60,38,8,15,1,12,1,2,301
350310,172,11,3,9,6,2,7,3,1,9,13,3,0,239
350320,31912,2269,1843,2046,1948,4445,3396,2824,1695,2049,1866,2207,1321,59821
350330,16292,6868,672,906,766,4167,1232,776,746,649,727,602,1044,35447
350340,188,10,1,4,3,4,7,6,0,0,1,5,2,231
350350,81,0,0,3,1,0,1,1,3,1,0,3,2,96
350360,218,50,20,8,6,17,26,10,2,8,18,12,7,402
350370,1734,249,373,85,78,1216,327,277,217,69,12,75,6,4718
350380,2512,96,116,177,98,140,458,133,142,131,195,95,58,4351
350390,4856,340,235,280,245,247,244,351,416,384,309,277,151,8335
350400,12110,720,701,537,782,2607,786,659,708,589,494,447,345,21485
350410,7912,741,360,475,421,485,413,409,464,438,384,411,306,13219
350420,840,35,32,57,32,37,41,62,63,36,59,44,17,1355
350430,135,6,6,7,3,6,7,2,4,2,1,5,2,186
350440,521,17,8,52,13,92,47,38,14,36,30,22,11,901
350450,6805,484,430,488,297,421,328,293,303,280,294,301,208,10932
350460,162,15,7,3,12,12,3,17,11,6,5,7,2,262
350470,47,1,0,0,0,2,0,2,19,1,1,1,0,74
350480,203,8,2,8,4,10,5,10,1,10,2,5,4,272
350490,701,14,23,9,6,25,10,17,38,38,15,37,13,946
350500,55,0,1,0,1,0,0,0,1,1,4,0,0,63
350510,213,24,8,20,18,11,8,12,6,10,9,9,12,360
350520,2586,101,95,173,57,181,219,237,258,183,89,91,88,4358
350530,6824,1089,350,596,396,977,316,479,269,280,313,242,146,12277
350540,33,5,0,2,3,0,4,3,3,2,4,2,7,68
350550,11109,1020,706,1060,1307,1593,2245,1495,668,1336,980,791,860,25170
350560,438,32,19,30,93,468,124,24,17,31,32,22,12,1342
350570,32656,1837,1470,1802,1562,1526,1359,1876,1803,1801,1830,1951,1410,52883
350580,3400,127,113,183,44,125,40,108,59,52,166,83,57,4557
350590,4240,174,105,165,144,195,124,200,166,208,291,280,207,6499
350600,44283,2008,1777,1741,1534,1786,1494,1875,1893,1825,1974,2061,1561,65812
350610,10611,3089,669,1069,2673,2424,6096,3177,3003,2047,1326,1173,638,37995
350620,276,12,16,10,23,623,150,71,53,47,65,11,0,1357
350630,454,13,6,17,14,21,28,16,13,7,16,16,16,637
350640,374,12,16,9,5,18,20,22,18,10,20,10,3,537
350650,13804,774,888,969,581,667,452,719,933,1211,937,841,378,23154
350660,469,22,13,29,25,17,10,8,13,24,13,26,9,678
350670,1599,376,88,64,68,168,566,442,178,116,100,150,57,3972
350680,530,396,73,21,49,69,228,146,89,133,70,19,5,1828
350690,234,12,20,12,1,8,80,31,10,25,19,11,3,466
350700,2873,193,213,263,136,517,362,266,152,112,168,118,117,5490
350710,699,37,34,47,35,60,19,28,28,62,60,31,27,1167
350720,835,16,10,41,226,682,222,202,89,37,2,64,3,2429
350730,162,34,5,9,1,6,3,89,4,9,8,1,2,333
350740,397,20,19,19,11,34,13,16,11,8,16,15,8,587
350750,16038,690,562,658,590,520,399,600,641,658,793,702,533,23384
350760,12482,716,450,547,475,662,449,578,521,527,650,566,353,18976
350770,432,5,4,62,7,212,54,13,4,18,6,4,3,824
350780,812,44,20,39,42,37,33,22,18,46,42,22,32,1209
350790,1504,138,62,58,73,113,104,136,102,93,152,67,57,2659
350800,1256,76,87,233,101,90,135,114,145,151,71,83,97,2639
350810,979,30,7,13,21,34,22,52,17,35,35,15,30,1290
350820,57,2,2,9,4,36,12,1,4,1,1,0,1,130
350830,252,15,6,10,44,6,11,10,14,15,15,49,16,463
350840,2698,124,88,94,99,51,71,127,78,118,95,87,65,3795
350850,6458,239,206,318,315,319,264,310,285,268,242,266,191,9681
350860,2558,58,87,85,81,71,51,79,105,79,76,78,47,3455
350870,656,41,24,16,52,16,35,16,32,33,35,32,27,1015
350880,828,51,32,16,17,26,29,32,66,41,50,41,18,1247
350890,234,7,7,3,0,9,7,191,4,26,12,4,4,508
350900,5756,228,197,241,251,225,235,232,207,211,355,206,148,8492
350910,170,3,4,1,5,102,20,13,7,5,2,6,0,338
350920,14859,1608,1061,1488,1217,1242,1170,1219,1176,1536,1770,1585,1024,30955
350925,0,0,0,0,0,0,0,0,1,1,1,1,0,4
350930,246,6,6,9,11,10,42,18,12,14,8,7,9,398
350940,1035,94,46,74,380,121,94,111,43,45,43,136,54,2276
350950,169393,9142,8174,9587,7798,8222,8408,9549,9506,8916,10168,9741,6469,275073
350960,5050,183,181,135,121,124,93,86,117,113,114,147,48,6512
350970,4306,285,175,207,179,214,242,244,190,293,169,199,164,6867
350980,81,2,1,1,5,1,0,0,1,2,1,1,0,96
350990,461,18,4,15,39,39,16,10,22,33,24,25,24,730
351000,1765,53,131,141,365,966,425,156,186,66,136,83,32,4505
351010,87,9,1,2,4,8,2,1,2,4,3,2,2,127
351020,3490,146,200,172,193,145,147,147,140,156,138,171,97,5342
351030,1081,55,40,40,18,301,62,125,36,51,46,24,19,1898
351040,6339,368,352,235,172,749,877,879,458,409,511,296,160,11805
351050,2910,159,150,156,144,183,100,127,124,165,134,236,141,4729
351060,9133,715,558,621,547,608,593,674,570,628,524,578,369,16118
351070,491,14,43,18,15,16,15,15,10,21,12,12,10,692
351080,1945,71,101,70,94,123,61,84,122,78,57,101,80,2987
351090,60,6,1,6,0,5,2,2,2,3,1,0,1,89
351100,1141,31,81,27,23,39,21,79,22,15,27,26,6,1538
351110,13586,646,868,717,881,2297,1794,1424,892,878,907,815,773,26478
351120,206,4,3,3,1,9,7,5,7,13,4,5,2,269
351130,164,19,1,10,0,7,4,3,8,5,4,8,2,235
351140,870,41,34,39,56,93,70,63,68,51,65,23,19,1492
351150,3173,278,103,256,118,286,124,191,178,173,173,140,98,5291
351160,569,55,39,21,32,111,38,27,91,24,20,12,17,1056
351170,419,15,5,18,36,38,16,41,22,13,44,31,11,709
351190,281,28,15,42,142,452,119,260,143,90,32,28,1,1633
351200,1785,80,72,54,91,144,440,196,129,108,156,80,113,3448
351210,559,22,15,10,8,6,17,6,15,18,5,2,2,685
351220,1294,158,103,275,147,410,511,172,370,247,83,370,171,4311
351230,692,63,33,28,31,36,38,26,42,27,35,42,29,1122
351240,2187,173,128,89,62,345,228,187,143,150,116,126,80,4014
351250,103,21,14,9,7,22,6,7,11,8,11,1,4,224
351260,130,1,3,2,3,4,2,3,3,3,2,1,1,158
351270,226,11,15,21,17,6,8,13,22,16,15,8,4,382
351280,4352,457,139,131,154,1397,358,194,119,107,137,98,98,7741
351290,174,2,4,8,5,4,5,6,7,6,5,12,1,239
351300,17987,1102,807,931,810,772,650,969,949,946,933,890,718,28464
351310,1583,202,84,84,326,300,336,298,214,92,84,105,80,3788
351320,247,7,3,11,10,16,11,12,4,8,9,8,4,350
351330,532,32,28,13,22,13,10,14,27,26,15,4,3,739
351340,9241,293,373,357,321,327,294,297,242,219,317,230,217,12728
351350,38684,2744,1878,2308,1366,1940,1720,2246,1898,1718,2037,1374,1493,61406
351360,251,7,4,11,15,18,2,3,7,6,3,5,8,340
351370,4058,273,188,136,155,503,389,234,256,182,170,184,99,6827
351380,66572,4955,3926,4339,3321,3654,3327,4173,4356,4609,5422,4855,2948,116457
351390,270,11,7,7,4,10,6,11,8,5,6,8,8,361
351400,1469,564,330,155,469,1115,714,303,512,518,472,586,326,7533
351410,2821,63,147,66,89,378,116,79,91,156,91,83,39,4219
351420,68,1,5,0,1,1,3,3,0,1,0,1,0,84
351430,471,31,52,32,20,14,14,17,18,17,39,8,10,743
351440,3854,138,211,160,105,175,154,112,142,160,163,161,150,5685
351450,1098,22,52,47,32,29,12,35,32,26,33,36,14,1468
351460,663,8,205,57,489,87,85,19,11,67,3,232,171,2097
351470,228,11,6,7,7,7,6,18,5,10,12,4,4,325
351480,431,17,20,22,32,8,9,72,25,50,40,19,10,755
351490,1123,135,88,65,40,277,177,241,94,209,146,115,58,2768
351500,31000,3302,2718,3056,2656,2756,2368,2705,3075,3384,3498,3463,1973,65954
351510,2141,196,145,141,127,104,87,92,118,160,137,174,95,3717
351518,5676,216,198,284,333,345,289,209,270,378,402,285,119,9004
351520,278,6,9,10,9,32,24,8,11,5,9,7,1,409
351530,81,2,1,1,3,7,7,11,5,3,6,1,3,131
351540,571,19,17,18,14,30,36,29,29,35,11,22,9,840
351550,5338,310,219,352,238,329,454,558,336,288,289,302,208,9221
351560,124,4,7,5,15,11,4,8,6,4,1,7,6,202
351570,7801,592,427,591,401,497,573,768,766,731,903,742,334,15126
351580,57,1,1,7,2,3,1,1,2,1,1,3,1,81
351590,122,5,3,2,0,1,9,5,5,1,5,5,0,163
351600,571,31,18,22,18,170,29,24,11,4,21,21,16,956
351610,138,1,11,9,1,9,2,5,14,1,8,8,3,210
351620,48391,2985,2792,2640,2757,3303,2832,3086,3079,3258,3431,2948,1618,83120
351630,1080,76,53,87,97,79,55,84,83,78,60,55,29,1916
351640,2959,138,117,103,175,120,202,178,239,246,183,202,112,4974
351650,56,0,1,2,0,3,0,0,0,0,1,0,1,64
351660,583,23,20,34,18,14,10,28,22,22,11,30,9,824
351670,4183,155,138,207,257,247,132,190,230,185,202,169,106,6401
351680,102,2,1,1,0,1,0,2,1,3,1,4,0,118
351690,558,12,5,38,23,317,54,30,11,13,12,10,3,1086
351700,380,16,9,12,4,16,11,11,8,22,5,16,15,525
351710,191,18,5,9,3,4,5,9,4,10,3,16,4,281
351720,274,9,3,23,11,4,7,14,8,9,17,19,8,406
351730,214,13,6,18,17,54,139,165,243,99,43,30,9,1050
351740,2405,143,325,226,430,421,112,85,103,103,67,83,74,4577
351750,547,19,15,18,11,28,5,5,16,21,6,16,6,713
351760,688,26,28,19,15,11,9,27,12,22,21,10,9,897
351770,711,59,106,68,27,61,47,54,34,27,20,28,44,1286
351780,444,15,20,27,8,10,13,11,12,10,14,24,9,617
351790,341,33,3,9,28,7,5,7,11,17,10,8,4,483
351800,100,2,4,3,1,1,1,0,5,3,1,13,4,138
351810,208,15,8,10,3,8,18,17,9,2,15,18,4,335
351820,2443,119,153,155,94,313,223,158,113,84,97,109,41,4102
351830,1120,108,37,45,74,77,56,60,57,60,62,49,29,1834
351840,14788,429,973,468,407,421,378,853,548,502,457,547,359,21130
351850,400,59,28,23,13,37,5,20,10,11,34,42,33,715
351860,4395,320,294,212,2033,1848,741,229,146,87,137,1054,165,11661
351870,17656,1398,1033,1277,909,1017,851,1096,1067,877,983,1049,1452,30665
351880,141496,9013,6870,7436,6342,6216,5757,6756,8365,7920,7961,7548,5074,226754
351890,77,5,5,2,1,3,1,0,0,0,3,1,0,98
351900,180,8,8,3,4,5,1,7,7,8,8,4,3,246
351910,346,11,2,3,15,17,12,15,3,8,14,10,6,462
351920,365,3,5,11,6,25,5,8,8,14,4,7,5,466
351930,3125,415,277,219,115,1336,419,410,215,219,302,103,73,7228
351940,337,6,10,13,8,10,12,7,11,11,21,13,9,468
351950,558,52,46,15,32,106,64,110,140,87,73,29,22,1334
351960,2390,157,177,164,143,149,95,177,119,125,142,124,107,4069
351970,1902,82,53,80,69,79,75,127,77,83,71,81,61,2840
351980,300,11,29,11,12,37,26,34,23,15,34,70,29,631
351990,482,9,19,13,25,54,23,18,17,41,12,7,9,729
352000,6100,37,30,36,30,1294,142,80,51,58,35,30,18,7941
352010,2996,116,223,119,213,386,840,493,221,147,213,121,239,6327
352020,277,13,19,18,6,18,6,11,6,11,11,14,8,418
352030,918,32,45,39,23,35,15,29,22,46,45,49,29,1327
352040,650,59,41,30,41,60,24,18,30,39,34,36,31,1093
352044,9,2,0,1,0,0,1,1,0,2,1,0,0,17
352050,12670,911,658,606,457,603,541,701,762,981,870,678,365,20803
352060,240,14,11,17,12,25,3,11,10,6,9,26,3,387
352070,191,6,7,3,11,5,1,17,5,8,4,4,2,264
352080,150,3,7,2,4,7,7,2,6,3,3,22,3,219
352090,920,33,28,43,31,382,165,154,99,104,75,17,19,2070
352100,591,41,35,51,29,15,18,26,21,42,26,43,20,958
352110,133,12,10,10,14,8,33,20,5,12,10,22,4,293
352120,96,7,11,18,4,4,4,8,0,6,4,1,4,167
352130,626,17,23,33,22,18,16,29,39,29,11,14,17,894
352140,5210,390,67,50,186,1647,308,268,104,93,108,77,80,8588
352150,103,2,2,2,2,3,3,0,3,6,2,0,1,129
352160,367,8,16,6,6,11,8,14,7,9,5,12,2,471
352170,612,20,21,21,14,31,26,125,67,27,32,20,10,1026
352180,559,28,40,23,14,17,33,27,56,32,16,23,18,886
352190,1012,35,57,41,26,59,49,56,44,61,27,39,59,1565
352200,57,3,0,1,2,3,1,5,1,1,0,1,0,75
352210,3853,231,219,201,145,161,167,200,178,216,167,188,220,6146
352220,6013,485,329,293,316,395,305,333,324,368,360,328,234,10083
352230,12449,562,592,534,446,648,549,453,602,602,636,510,406,18989
352240,7428,497,358,410,351,375,349,584,407,414,370,349,275,12167
352250,3950,258,231,377,221,188,246,284,288,255,248,298,160,7004
352260,8786,580,448,415,355,3222,1265,976,426,644,634,559,293,18603
352270,3299,88,82,67,262,270,1010,814,362,498,642,400,176,7970
352280,350,26,7,10,11,16,6,13,9,6,4,7,4,469
352290,1064,95,15,49,29,49,59,43,39,41,81,77,7,1648
352300,85,7,2,0,7,9,4,4,1,3,1,11,0,134
352310,10717,901,674,931,725,685,719,773,774,788,965,912,564,20128
352320,3060,251,166,151,144,210,192,237,181,171,163,142,96,5164
352330,421,16,4,20,30,35,30,18,17,36,19,20,16,682
352340,11146,616,443,580,513,614,466,514,613,583,731,576,403,17798
352350,708,42,27,27,40,66,51,89,50,70,88,34,36,1328
352360,1066,92,52,84,76,71,49,112,92,123,137,92,50,2096
352370,99,0,1,12,2,7,1,3,5,1,1,2,1,135
352380,307,10,25,8,22,7,8,16,8,0,36,22,8,477
352390,19929,1579,1398,1556,1082,1241,1183,1319,1462,1474,1258,1458,753,35692
352400,1412,105,124,140,101,103,111,147,161,116,268,97,69,2954
352410,2096,75,304,209,120,167,51,72,63,103,90,100,54,3504
352420,159,19,40,24,20,7,6,6,4,5,5,3,9,307
352430,11366,646,647,1000,2010,3663,929,451,347,369,335,1943,635,24341
352440,21305,1066,838,1062,917,927,799,939,1036,1204,1935,1096,617,33741
352450,95,5,0,1,4,10,9,0,0,3,1,7,2,137
352460,3161,248,203,325,193,185,262,186,151,196,166,166,113,5555
352470,4163,170,121,199,188,316,149,216,201,197,279,241,187,6627
352480,3064,170,118,168,150,173,120,130,141,140,129,138,136,4777
352490,108,11,6,17,2,12,0,3,1,4,33,10,4,211
352500,4743,303,347,400,265,302,201,237,277,241,232,266,178,7992
352510,2248,186,143,120,80,319,198,158,143,148,183,157,78,4161
352520,316,15,12,25,15,20,9,8,19,10,38,8,17,512
352530,20183,1247,942,988,884,2836,1431,1389,1479,1794,1616,1159,845,36793
352540,52,1,0,1,1,3,2,0,5,1,0,1,1,68
352550,668,26,22,29,23,43,29,34,33,52,36,23,13,1031
352560,53,4,1,1,2,5,3,0,2,4,1,2,4,82
352570,2292,166,100,89,99,197,90,137,105,132,179,122,75,3783
352580,360,3,3,2,51,4,1,1,61,5,1,1,1,494
352590,61056,3500,3271,3219,2836,2645,2598,3078,3205,3105,3514,3423,2370,97820
352600,1214,86,96,46,44,118,381,44,65,61,26,81,19,2281
352610,859,33,47,69,28,86,77,53,56,40,61,108,92,1609
352620,539,24,20,13,23,23,24,20,37,11,43,29,10,816
352630,120,16,1,0,3,1,0,0,0,1,0,10,0,152
352640,2754,172,160,224,155,183,120,195,198,163,203,168,104,4799
352650,239,0,1,4,5,7,13,7,2,4,6,10,2,300
352660,295,13,7,11,6,9,12,13,7,8,4,13,7,405
352670,6264,1221,441,348,453,1890,688,356,476,470,435,833,294,14169
352680,11776,342,481,1230,952,710,743,614,550,503,792,487,309,19489
352690,36439,1628,1471,1819,1568,1780,1661,1513,1744,1849,1833,1647,1243,56195
352700,550,17,12,15,11,30,25,35,7,21,39,58,44,864
352710,6853,305,243,256,302,272,237,229,348,260,349,377,253,10284
352720,6627,254,251,281,421,265,219,226,288,359,386,398,310,10285
352730,2134,141,118,86,90,124,89,94,90,79,74,84,86,3289
352740,1627,183,71,116,66,209,77,61,104,87,88,44,116,2849
352750,63,5,0,0,0,2,1,1,0,0,0,0,0,72
352760,925,144,96,68,62,290,132,113,172,46,59,24,12,2143
352770,70,0,8,3,1,0,1,0,3,3,2,2,0,93
352780,96,4,2,1,1,0,10,2,1,1,4,1,2,125
352790,99,3,2,3,1,2,3,1,0,1,2,1,0,118
352800,8077,109,111,585,558,1385,340,334,362,315,233,165,81,12655
352810,185,8,3,5,14,3,2,3,4,6,19,3,5,260
352820,79,2,1,2,4,3,0,1,2,5,2,0,1,102
352830,274,13,8,9,10,4,3,5,4,3,0,3,1,337
352840,9910,470,387,421,421,284,256,345,416,319,358,451,349,14387
352850,4634,252,262,238,271,261,208,264,288,236,319,342,213,7788
352860,400,34,11,34,84,45,50,59,38,22,52,9,15,853
352870,137,7,7,9,2,4,2,3,3,3,2,6,1,186
352880,3268,116,101,128,166,360,121,93,87,100,75,91,35,4741
352890,98,4,5,2,2,1,3,1,5,3,1,1,0,126
352900,22241,1064,1161,1267,901,919,911,1057,1023,1139,946,1126,770,34525
352910,50,0,1,0,0,2,1,1,0,0,0,2,0,57
352920,1022,80,173,56,36,48,36,66,26,29,17,37,16,1642
352930,14565,1435,683,883,1125,1968,2841,1779,1350,1563,1220,1260,616,31288
352940,24136,1157,1046,1176,1013,970,971,1107,1072,1050,1112,985,616,36411
352950,81,4,1,0,0,2,0,0,1,5,1,1,1,97
352960,99,2,4,2,3,6,0,4,1,6,4,1,2,134
352970,477,21,11,19,28,23,18,16,9,16,16,18,12,684
352980,1947,211,211,267,328,408,368,262,169,167,114,37,44,4533
352990,659,30,29,35,27,44,24,55,32,55,38,43,19,1090
353000,56,0,0,0,0,1,0,0,1,3,1,1,0,63
353010,1663,72,72,52,57,232,61,65,60,45,31,34,30,2474
353020,571,28,11,15,17,15,19,8,19,20,3,18,6,750
353030,6234,303,341,450,323,400,421,383,385,411,523,379,285,10838
353040,61,0,2,1,0,3,1,1,1,0,0,1,0,71
353050,8138,375,346,393,318,1383,485,437,400,294,292,409,303,13573
353060,37165,2078,1437,1669,1466,1592,1478,1833,1909,1635,1841,1716,1415,57234
353070,14035,579,644,715,620,955,771,568,709,698,682,585,397,21958
353080,11274,440,384,464,493,632,533,458,520,533,593,739,491,17554
353090,176,33,40,4,6,6,47,55,44,6,9,4,2,432
353100,23,2,0,1,0,0,0,4,8,5,0,1,1,45
353110,1188,90,85,62,50,58,25,68,53,36,53,58,46,1872
353120,645,30,47,22,21,16,15,14,10,14,18,33,3,888
353130,5034,335,427,295,332,261,310,235,306,317,305,336,172,8665
353140,1241,39,28,34,47,91,153,108,60,42,144,49,17,2053
353150,1164,69,41,53,52,71,41,49,42,79,53,47,29,1790
353160,124,9,5,10,10,4,4,6,2,9,2,12,2,199
353170,62,2,14,20,7,6,0,6,19,11,10,8,2,167
353180,1332,126,101,57,47,170,83,205,135,77,60,53,18,2464
353190,1927,55,47,112,151,297,104,72,44,51,38,24,23,2945
353200,14861,1193,777,807,696,883,797,1060,1067,980,1180,1039,965,26305
353205,15,0,2,1,0,0,36,14,1,2,3,0,0,74
353210,156,10,3,1,2,4,1,0,2,1,1,1,4,186
353220,173,10,7,2,2,5,1,2,34,46,18,19,3,322
353230,114,1,1,19,12,3,6,5,0,2,3,0,0,166
353240,185,5,7,8,10,5,3,3,6,1,21,25,4,283
353250,386,8,10,11,51,23,573,209,104,73,155,155,57,1815
353260,506,12,26,3,18,8,9,9,4,10,1,10,29,645
353270,74,0,6,1,9,1,27,2,6,3,4,3,1,137
353280,142,3,2,1,0,9,8,4,11,3,2,2,1,188
353290,1456,242,86,66,61,381,263,81,43,26,22,30,14,2771
353300,617,29,20,12,18,15,25,25,11,24,28,24,7,855
353310,89,1,7,3,5,3,4,1,6,4,2,8,0,133
353320,69,0,1,1,0,3,0,1,2,2,0,1,0,80
353330,49,3,1,1,0,2,2,1,1,2,0,0,0,62
353340,5882,456,407,377,346,270,267,302,337,415,409,367,178,10013
353350,1683,68,32,46,39,123,283,72,69,48,31,63,50,2607
353360,641,15,8,36,9,11,29,8,21,16,33,15,24,866
353370,133,7,4,12,7,10,6,15,6,10,3,18,2,233
353380,81,3,2,1,0,2,3,0,4,1,0,0,1,98
353390,3887,200,202,212,486,328,406,587,542,274,481,518,123,8246
353400,541,22,26,36,83,621,176,50,31,26,15,36,13,1676
353410,1264,108,44,25,330,313,67,39,41,16,14,178,19,2458
353420,916,73,79,163,38,363,36,54,33,34,10,10,3,1812
353430,5390,240,257,305,194,350,229,220,208,214,294,197,210,8308
353440,92853,4118,3664,4293,4291,4331,3701,4361,4243,4370,4560,4004,3561,142350
353450,89,4,3,5,3,2,1,1,3,10,1,3,0,125
353460,2528,151,132,105,93,144,116,168,190,178,121,115,88,4129
353470,9765,474,525,469,439,590,603,587,641,534,601,549,321,16098
353480,121,6,6,11,2,5,3,6,1,3,1,5,1,171
353490,676,32,21,23,17,24,29,25,23,37,26,37,2,972
353500,288,5,6,7,12,2,5,44,7,16,14,25,22,453
353510,447,23,346,51,42,268,123,146,49,33,8,6,4,1546
353520,412,22,4,13,11,24,19,16,11,19,8,4,6,569
353540,338,16,24,51,15,20,23,26,36,15,22,29,29,644
353550,2650,163,165,126,140,316,194,250,225,278,314,255,85,5161
353560,261,4,10,14,18,16,4,10,6,12,8,10,11,384
353570,182,8,1,0,4,4,3,6,6,9,3,13,2,241
353580,891,23,140,91,69,33,19,32,41,58,36,18,14,1465
353590,129,8,6,3,4,1,4,3,0,1,1,4,1,165
353600,553,23,39,42,27,136,33,31,22,13,18,23,10,970
353610,378,38,35,19,16,16,40,32,26,24,15,16,4,659
353620,837,80,54,65,54,52,32,34,45,29,37,26,43,1388
353630,519,27,23,42,24,33,21,12,33,48,44,37,19,882
353640,129,5,4,1,4,2,6,4,3,5,7,11,3,184
353650,11009,445,354,369,282,454,500,399,362,384,508,407,327,15800
353660,259,17,40,8,10,12,3,0,4,4,3,6,1,367
353670,3006,186,128,189,167,196,426,337,328,205,289,124,67,5648
353680,108,0,6,10,5,2,3,1,1,3,1,0,1,141
353690,20,2,1,0,0,0,1,0,1,0,0,0,0,25
353700,807,47,18,32,16,37,42,45,38,27,29,39,16,1193
353710,6066,315,254,216,232,243,187,264,360,324,382,256,184,9283
353720,174,4,12,6,9,11,8,3,7,5,3,14,2,258
353730,5231,185,153,476,242,484,460,295,308,247,333,223,173,8810
353740,4517,130,167,128,65,112,70,113,64,76,86,105,57,5690
353750,244,6,13,9,6,16,6,6,5,19,15,7,5,357
353760,1632,115,54,103,99,124,109,94,103,106,83,99,103,2824
353770,103,3,1,4,2,3,6,2,6,4,3,2,2,141
353780,4695,625,438,519,410,506,426,742,504,514,562,538,395,10874
353790,16870,1538,1037,1516,1319,1449,1300,1388,1612,1690,2121,3074,1569,36483
353800,13791,776,685,757,522,671,680,825,804,740,584,610,493,21938
353810,482,25,12,40,10,16,104,25,38,27,32,41,13,865
353820,143,2,1,8,6,6,3,3,7,31,13,11,12,246
353830,108,4,2,1,0,4,2,4,4,3,6,1,2,141
353850,1506,101,46,49,45,44,20,28,22,29,14,39,31,1974
353860,1211,99,31,113,73,128,41,46,71,210,90,93,21,2227
353870,52689,2859,2333,2459,2406,3461,2084,2439,2302,2309,2311,2345,1753,81750
353880,2021,68,72,78,57,63,67,69,84,72,93,83,36,2863
353890,1407,54,44,45,37,62,51,51,46,108,96,87,359,2447
353900,443,8,30,21,12,45,18,27,26,15,15,17,5,682
353910,749,41,27,54,36,54,31,31,28,52,38,40,30,1211
353920,1539,189,317,69,94,111,63,168,221,94,122,95,30,3112
353930,10579,487,610,380,311,770,378,295,465,335,308,369,180,15467
353940,671,13,26,57,22,107,26,10,16,21,11,24,7,1011
353950,2586,238,253,268,194,1216,473,443,240,119,194,243,60,6527
353960,131,0,1,0,3,4,6,4,4,2,7,4,1,167
353970,145,6,7,1,4,4,10,4,14,3,3,4,8,213
353980,5001,304,287,352,250,212,154,193,246,294,316,389,255,8253
353990,182,8,3,7,4,4,4,3,4,4,5,2,4,234
354000,2209,130,115,185,46,86,75,46,49,45,86,51,61,3184
354010,115,9,3,1,2,5,2,0,2,1,1,1,0,142
354020,3251,2146,895,523,2190,1927,1533,604,165,1060,450,81,77,14902
354030,240,2,5,5,4,3,3,20,6,26,27,8,3,352
354040,109,10,1,3,0,0,1,3,1,6,1,0,1,136
354050,248,4,22,14,8,10,10,13,4,10,10,8,2,363
354060,4641,174,149,180,188,519,495,226,167,191,192,199,123,7444
354070,7914,406,291,380,723,1518,1709,1192,922,1063,927,1173,597,18815
354080,357,23,5,4,13,5,0,14,13,23,8,32,9,506
354090,10008,295,118,52,57,7449,524,104,141,92,49,6658,53,25600
354100,7711,549,412,555,369,401,365,416,431,409,548,602,584,13352
354110,441,7,21,12,21,234,116,53,47,60,104,33,6,1155
354120,849,53,51,19,41,23,18,22,33,23,14,28,22,1196
354130,2535,145,420,188,166,311,253,206,121,124,123,183,86,4861
354140,26325,1246,1487,1448,1373,1490,1553,1393,1690,1359,1713,1415,1215,43707
354150,4293,296,300,303,402,469,362,375,339,320,288,224,131,8102
354160,2198,859,196,269,241,1153,694,367,499,577,245,152,91,7541
354170,2512,62,231,151,245,101,101,199,165,65,29,30,31,3922
354180,89,1,2,0,5,1,5,1,2,0,1,1,2,110
354190,558,48,15,36,30,40,17,27,24,18,20,29,24,886
354200,247,8,3,9,7,5,17,19,7,6,4,3,4,339
354210,1566,104,46,32,37,278,150,111,59,49,18,25,13,2488
354220,3042,141,672,329,448,493,147,135,208,111,171,117,70,6084
354230,129,7,3,1,2,8,4,6,3,9,5,13,1,191
354240,1129,45,129,75,57,145,60,111,54,54,72,73,40,2044
354250,170,3,0,3,3,10,6,3,5,7,1,6,3,220
354260,3996,250,189,211,174,224,169,187,218,229,237,229,153,6466
354270,156,3,3,1,9,7,25,7,5,11,8,8,1,244
354280,134,9,4,9,4,7,4,6,2,4,3,6,3,195
354290,667,45,91,61,62,60,41,41,23,38,57,33,17,1236
354300,223,8,2,7,2,9,0,3,12,21,8,17,0,312
354310,67,1,1,1,2,2,0,4,2,10,3,8,7,108
354320,107,1,2,5,2,3,0,2,5,8,398,4,2,539
354330,13043,665,530,472,510,550,506,443,490,508,563,481,283,19044
354340,77885,5239,3829,4522,5696,4623,3681,4502,4270,4428,4402,4762,3172,131011
354350,143,7,4,6,3,3,3,2,3,12,6,1,0,193
354360,120,3,1,1,4,2,2,7,1,7,9,2,2,161
354370,988,102,71,67,21,164,229,97,58,38,71,47,46,1999
354380,555,12,11,14,13,31,15,20,18,12,16,17,15,749
354390,22212,1085,1085,1135,921,1232,946,1170,1105,1059,1201,1087,829,35067
354400,3508,166,121,157,135,1046,488,428,349,192,115,183,150,7038
354410,1481,84,52,56,73,51,47,66,53,44,59,105,21,2192
354420,127,3,6,5,5,7,1,6,4,5,5,4,2,180
354430,337,11,10,16,10,8,12,13,13,31,9,7,4,481
354440,71,0,4,1,1,2,2,0,0,0,0,8,0,89
354450,68,1,0,0,2,0,1,2,2,3,0,1,0,80
354460,104,5,0,2,3,3,4,3,3,0,1,1,2,131
354470,19,0,0,0,0,0,0,0,0,0,0,1,0,20
354480,78,0,0,1,0,2,1,5,4,2,1,7,2,103
354490,479,61,58,34,15,75,93,22,35,40,47,36,71,1066
354500,635,57,21,60,35,37,22,20,46,36,26,30,12,1037
354510,113,9,2,4,2,5,1,2,3,8,3,1,0,153
354515,1,0,0,0,0,0,0,0,0,0,0,0,0,1
354520,14668,805,590,536,535,623,492,754,714,636,969,668,474,22464
354530,1798,80,53,73,78,70,78,117,65,68,87,51,61,2679
354540,357,5,10,35,11,26,12,13,28,19,23,16,7,562
354550,1564,106,38,56,58,76,36,51,16,5,6,3,4,2019
354560,1128,89,221,126,33,354,208,134,125,104,73,51,19,2665
354570,166,6,0,4,6,2,2,4,2,6,2,8,2,210
354580,13937,697,604,795,690,1093,757,711,761,642,837,680,424,22628
354600,1140,18,64,82,32,27,28,39,20,44,51,37,28,1610
354610,37,1,2,0,0,2,0,0,0,1,0,0,1,44
354620,129,7,12,3,12,8,4,2,1,10,21,54,9,272
354630,1846,617,145,119,50,1965,204,298,84,323,79,97,215,6042
354640,5471,245,700,283,493,2733,1078,776,691,848,276,166,137,13897
354650,223,16,11,8,13,19,16,7,14,4,1,2,0,334
354660,1606,50,38,57,39,76,62,57,42,41,55,70,66,2259
354670,1921,121,100,121,384,1676,1708,790,298,518,529,553,645,9364
354680,3804,114,80,82,72,63,140,101,103,107,106,119,66,4957
354690,217,25,16,13,5,28,67,35,9,10,6,4,9,444
354700,139,8,4,4,6,4,1,6,1,1,9,6,2,191
354710,74,2,0,0,1,3,0,0,0,3,1,0,1,85
354720,110,14,0,5,1,1,2,1,2,4,1,1,0,142
354730,3260,297,173,267,215,219,208,174,268,345,354,303,155,6238
354740,81,2,0,2,2,3,0,2,0,1,2,1,0,96
354750,3193,564,267,128,1143,2075,446,383,135,535,558,410,548,10385
354760,3165,129,133,386,1221,253,188,182,89,99,120,283,234,6482
354770,1689,80,259,94,72,185,58,52,57,60,60,69,38,2773
354780,113623,5370,4940,5595,4870,5251,5654,5221,5530,5197,5542,6053,4053,176899
354790,112,6,3,5,2,3,3,2,4,5,1,2,2,150
354800,917,110,17,37,29,228,67,84,60,38,38,49,21,1695
354805,2,0,0,0,0,0,0,0,0,0,0,0,0,2
354810,299,35,17,11,24,24,22,11,21,18,10,39,7,538
354820,130,11,6,7,5,4,1,4,2,2,2,1,2,177
354830,63,0,0,0,1,1,0,2,0,0,2,1,1,71
354840,47,3,1,2,2,6,0,1,2,0,2,2,0,68
354850,111930,7249,5409,6201,5159,5497,4672,5162,5199,5089,5207,5701,4391,176866
354860,416,20,8,31,4,20,15,19,6,13,15,17,8,592
354870,181586,8369,7215,7414,6162,6354,7565,8325,8463,8919,8878,7472,4489,271211
354880,58390,2843,2942,3206,2563,2777,2537,2924,3331,3263,3192,2764,1822,92554
354890,29563,1501,1225,1374,1210,1313,1187,1297,1375,1829,1546,1462,1248,46130
354900,90,0,0,2,1,4,6,2,2,2,12,9,6,136
354910,8990,557,422,441,612,1212,393,447,414,407,528,459,367,15249
354920,30,1,5,12,9,2,7,5,1,0,3,15,0,90
354930,106,3,5,3,1,2,2,0,3,1,0,1,2,129
354940,3595,222,367,401,233,334,933,327,224,223,317,338,146,7660
354950,174,4,3,0,2,2,1,3,9,5,3,2,11,219
354960,87,0,0,0,10,0,0,2,1,3,9,7,2,121
354970,4321,148,124,175,194,117,124,140,134,185,231,223,164,6280
354980,38627,2083,2341,2218,2514,2831,2639,3278,2911,3002,3220,3217,2435,71316
354990,89389,3509,3058,3755,3071,3101,2898,3633,4000,3645,3871,3801,2968,130699
355000,317,9,9,6,40,7,27,9,4,14,62,7,8,519
355010,5352,451,321,375,868,942,385,362,239,373,346,142,101,10257
355020,765,42,23,15,42,37,30,21,31,39,45,31,10,1131
355030,2899708,146994,123747,146792,127982,135262,119278,148137,146472,144656,151513,136579,91995,4519115
355040,1468,85,61,46,81,208,62,65,72,46,74,62,28,2358
355050,296,6,27,8,13,41,39,28,18,43,24,11,3,557
355060,8477,647,446,490,386,501,446,559,553,579,586,501,313,14484
355070,3266,181,163,228,227,195,139,269,189,168,199,188,127,5539
355080,509,25,29,35,39,36,17,35,15,17,15,23,12,807
355090,1152,85,34,54,67,89,104,90,53,84,77,45,66,2000
355100,17225,924,783,914,764,774,680,688,787,750,811,883,769,26752
355110,202,22,2,8,6,11,7,7,9,23,6,14,2,319
355120,93,5,2,2,3,10,0,0,0,4,7,0,0,126
355130,162,8,1,7,42,6,2,7,2,3,1,3,2,246
355140,169,11,9,2,5,33,23,11,7,4,13,5,3,295
355150,7209,942,625,526,1316,1991,957,520,285,189,139,443,1010,16152
355160,2298,185,95,129,82,123,120,168,144,102,107,94,84,3731
355170,20804,3699,1852,2086,3104,3090,1520,1248,1103,1216,847,701,395,41665
355180,319,13,8,8,10,13,22,12,6,5,9,8,7,440
355190,2184,611,724,772,1069,1533,1342,2099,666,666,631,791,245,13333
355200,131,9,6,9,2,8,9,2,13,5,11,7,7,219
355210,1791,150,133,202,193,145,189,241,329,291,284,274,234,4456
355220,65525,3846,3589,4030,3427,3903,3250,3693,3850,4022,3747,3769,2630,109281
355230,390,8,4,18,24,33,104,11,16,6,10,2,2,628
355240,21424,1017,1056,1135,960,1032,1122,1223,947,1004,1080,1008,775,33783
355250,22358,1455,1194,1201,1003,860,767,977,1099,1091,1119,1130,745,34999
355260,444,24,9,17,14,17,16,21,30,15,18,12,4,641
355270,455,16,16,17,11,23,92,19,35,36,20,29,10,779
355280,22829,1258,1041,1296,1113,1233,970,1515,1284,1328,1573,1553,968,37961
355290,138,3,2,12,1,7,6,5,2,3,13,28,3,223
355300,174,7,3,5,4,3,2,17,12,8,7,7,5,254
355310,237,24,22,31,1,18,3,9,9,10,7,5,4,380
355320,209,9,7,10,4,15,9,6,7,5,8,6,8,303
355330,2510,227,148,254,145,210,187,155,161,131,129,208,131,4596
355340,1455,101,73,70,65,54,285,127,46,169,95,59,75,2674
355350,986,75,61,49,53,44,40,36,26,36,41,44,15,1506
355360,3133,60,21,61,955,516,62,68,61,57,57,75,308,5434
355370,4348,375,302,289,365,667,516,607,455,309,333,274,245,9085
355380,782,27,25,47,54,27,36,23,24,31,15,36,42,1169
355385,3,0,1,0,0,0,0,0,0,0,0,1,0,5
355390,96,3,5,0,7,4,1,0,8,4,0,5,1,134
355395,83,46,3,9,94,75,100,15,60,28,11,4,3,531
355400,7583,443,380,392,385,352,437,430,349,386,476,421,279,12313
355410,29963,1815,1017,1369,919,1268,1293,1617,1442,1546,1394,1379,1225,46247
355420,59,2,0,0,0,1,0,1,0,1,0,3,0,67
355430,3800,139,79,272,289,600,113,195,226,180,134,137,77,6241
355440,287,12,28,15,16,23,8,19,9,15,10,17,7,466
355450,3957,320,345,271,193,444,473,567,320,292,340,255,234,8011
355460,66,6,4,1,2,2,1,2,4,3,0,7,0,98
355470,403,8,12,7,12,21,11,27,11,21,8,15,26,582
355480,956,59,37,52,49,37,27,60,26,28,65,38,28,1462
355490,161,5,1,3,0,5,4,0,3,6,3,13,2,206
355500,6984,519,359,426,484,551,464,378,389,373,375,279,218,11799
355510,1061,33,27,19,31,23,39,31,20,32,21,28,27,1392
355520,95,0,1,2,1,1,2,0,3,1,3,2,0,111
355530,100,8,2,2,1,3,4,1,1,1,1,5,0,129
355540,2956,275,188,207,188,201,155,148,166,227,197,252,220,5380
355550,105,6,1,9,4,7,6,5,5,9,1,1,8,167
355560,206,4,15,29,49,39,16,19,3,13,21,6,12,432
355570,87,0,2,2,2,4,4,1,3,0,1,3,1,110
355580,382,12,61,8,19,16,5,22,9,9,16,22,3,584
355590,57,2,0,1,2,2,10,1,3,1,0,0,0,79
355600,552,7,38,44,14,49,15,6,11,8,7,8,43,802
355610,152,4,6,6,10,2,6,7,3,9,10,6,1,222
355620,14863,589,605,614,518,576,477,597,659,682,641,642,525,21988
355630,1263,42,47,68,156,2076,469,435,112,58,31,68,20,4845
355640,1949,108,74,90,58,92,88,65,96,92,75,84,59,2930
355645,2450,251,141,211,181,149,119,59,71,90,138,116,76,4052
355650,6128,332,381,404,274,306,249,305,337,342,349,324,195,9926
355660,797,32,31,16,43,31,29,39,63,48,38,27,20,1214
355670,6773,346,293,340,416,350,306,245,268,335,349,287,249,10557
355680,472,32,13,34,12,60,106,77,52,21,18,18,25,940
355690,356,76,22,11,6,35,37,36,14,12,25,16,7,653
355700,8356,403,365,390,435,361,328,382,279,337,325,377,309,12647
355710,7558,417,472,422,376,375,393,428,429,433,443,426,261,12433
355720,1665,68,38,46,48,36,151,178,118,48,54,39,24,2513
359999,1234,36,33,35,47,30,97,75,57,48,37,59,51,1839
410010,202,7,30,15,20,7,4,5,5,1,2,3,0,301
410020,727,16,22,32,21,14,6,13,10,22,5,5,12,905
410030,110,3,3,1,0,1,2,1,0,1,3,3,1,129
410040,2274,167,98,190,152,250,200,178,135,145,163,170,126,4248
410045,169,9,13,9,8,7,5,1,13,9,6,2,0,251
410050,1019,52,48,92,46,37,27,18,29,93,32,31,17,1541
410060,496,6,26,14,10,16,13,19,9,16,9,13,2,649
410070,717,12,75,48,45,21,21,9,15,15,23,29,10,1040
410080,953,17,13,9,24,14,21,13,77,13,12,13,9,1188
410090,159,5,2,3,3,2,1,1,3,3,1,5,2,190
410100,417,13,46,21,17,16,16,12,13,8,26,25,19,649
410110,1415,91,203,151,100,75,79,60,78,108,80,87,41,2568
410120,1073,36,28,36,33,40,34,24,36,56,35,33,28,1492
410130,125,5,5,8,7,0,1,4,2,1,1,1,8,168
410140,11977,600,591,544,566,533,521,512,569,666,693,602,404,18778
410150,8950,391,338,477,271,425,636,525,550,641,580,501,267,14552
410160,1139,73,96,67,63,45,21,32,25,31,16,16,6,1630
410170,506,14,25,38,21,23,92,75,57,20,22,10,8,911
410180,8101,507,409,450,399,483,1226,880,367,473,642,352,317,14606
410190,1509,172,351,167,95,62,67,45,51,43,51,51,47,2711
410200,2982,169,256,232,160,160,140,120,154,133,180,129,85,4900
410210,1809,83,147,178,92,347,96,59,71,66,72,65,64,3149
410220,96,35,11,31,9,1,4,8,6,1,6,1,0,209
410230,573,24,13,19,12,23,45,59,121,88,92,51,75,1195
410240,3986,114,437,221,254,222,260,177,122,66,75,96,52,6082
410250,769,18,61,36,22,22,26,25,47,11,24,35,19,1115
410260,441,7,12,15,17,30,13,29,6,4,9,12,14,609
410270,146,3,20,6,2,5,3,0,1,3,2,0,1,192
410280,741,27,19,51,31,24,55,27,110,34,26,29,15,1189
410290,912,48,37,54,35,40,30,52,41,58,33,19,20,1379
410300,267,10,39,39,8,1,7,1,10,8,10,7,4,411
410305,94,1,1,3,0,4,1,3,4,3,2,2,3,121
410310,533,30,11,18,13,19,11,13,22,7,6,18,4,705
410320,330,7,13,10,7,13,11,12,10,3,9,15,2,442
410330,562,19,45,34,5,22,6,13,8,17,19,6,12,768
410335,44,6,1,1,1,4,2,7,4,6,7,2,2,87
410340,77,2,4,1,4,4,0,1,2,0,0,3,0,98
410345,81,3,5,8,3,6,5,7,1,4,5,5,4,137
410350,261,8,14,15,24,8,5,8,13,10,21,7,7,401
410360,2283,109,286,98,59,104,87,136,121,89,93,128,85,3678
410370,4757,293,303,319,313,222,223,183,252,256,220,204,128,7673
410380,280,9,10,5,5,8,6,7,22,14,5,4,3,378
410390,751,21,25,35,26,17,18,20,27,14,34,20,8,1016
410400,1926,198,96,130,79,92,134,97,227,97,175,130,95,3476
410405,0,0,0,0,0,0,0,0,0,0,0,3,0,3
410410,185,5,7,5,3,10,16,6,6,27,25,31,3,329
410420,9027,323,334,326,356,273,244,218,302,226,302,325,281,12537
410430,10825,890,1076,1016,740,724,503,560,748,722,632,750,550,19736
410440,222,16,42,35,6,8,21,12,7,7,6,6,6,394
410445,98,12,6,10,11,7,4,6,8,9,5,8,2,186
410450,1327,68,86,68,56,71,39,82,64,46,71,85,43,2106
410460,839,33,50,19,13,33,16,17,27,10,25,16,26,1124
410470,402,10,8,11,5,12,15,13,16,8,12,8,12,532
410480,24693,1551,1635,1874,1521,1553,1427,1361,1412,1585,1790,1794,1346,43542
410490,6715,227,250,367,259,222,266,242,250,252,213,361,184,9808
410500,1170,96,75,84,67,78,46,60,67,42,85,55,24,1949
410510,710,61,202,109,88,85,24,33,54,35,20,15,24,1460
410520,630,33,35,17,14,13,24,11,59,43,20,26,18,943
410530,1074,24,93,74,32,34,47,27,44,24,33,21,19,1546
410540,896,60,81,48,42,51,80,41,42,49,33,38,21,1482
410550,4974,230,272,309,214,290,211,253,207,269,207,286,139,7861
410560,453,8,20,7,22,142,36,31,28,21,17,27,9,821
410570,1547,93,132,244,147,94,82,68,70,88,105,73,34,2777
410580,5435,532,577,603,543,444,475,499,620,612,710,594,414,12058
410590,1586,52,57,51,90,1422,387,218,166,160,106,44,15,4354
410600,249,8,5,8,10,6,6,11,6,3,1,3,3,319
410610,178,15,7,2,12,10,12,7,0,9,1,3,0,256
410620,438,60,35,14,22,22,47,11,14,17,13,19,80,792
410630,1283,36,67,98,45,43,30,34,85,68,63,64,28,1944
410640,7142,324,382,345,313,383,276,197,233,307,242,229,145,10518
410650,1312,83,94,84,73,53,69,60,64,51,65,48,42,2098
410660,1364,46,66,73,44,55,35,40,51,57,39,51,20,1941
410670,148,11,2,11,13,4,8,5,2,11,4,1,1,221
410680,427,27,34,16,21,23,17,13,21,34,13,11,14,671
410690,402092,18065,16295,16748,15056,15728,14425,16681,16897,17256,17740,17832,12418,597233
410700,1407,12,20,35,29,34,124,41,41,32,78,21,21,1895
410710,1174,81,49,281,562,685,584,347,363,348,454,164,69,5161
410720,2793,144,125,162,131,145,114,97,129,173,117,135,61,4326
410725,224,6,7,9,5,7,3,9,7,10,16,12,2,317
410730,283,9,36,16,16,9,8,3,10,5,5,6,2,408
410740,231,8,6,12,4,10,9,4,1,5,0,2,8,300
410750,1187,36,79,78,65,169,86,130,88,67,70,35,18,2108
410760,861,30,55,43,27,39,25,16,47,28,21,17,27,1236
410765,6,0,0,0,0,0,0,0,0,0,0,0,0,6
410770,242,13,50,24,15,6,0,2,4,7,3,1,0,367
410775,149,3,19,10,5,3,8,7,5,6,5,0,5,225
410780,356,13,22,23,9,9,7,7,13,8,9,5,7,488
410790,176,1,14,4,1,3,7,3,15,3,3,6,0,236
410800,247,3,13,10,2,5,10,5,7,4,5,2,4,317
410810,89,2,2,1,1,0,3,2,1,1,0,0,2,104
410820,747,10,55,22,14,27,16,9,13,8,12,12,6,951
410830,22044,1744,1177,1318,957,928,987,1126,1060,992,1185,1238,966,35722
410832,260,11,10,1,14,6,7,1,1,7,5,4,5,332
410840,5946,344,297,422,311,322,298,267,253,281,263,362,233,9599
410850,1257,70,96,53,52,99,88,72,99,69,81,123,30,2189
410855,0,0,0,0,0,0,0,1,0,0,0,0,0,1
410860,2643,131,422,220,134,149,94,117,192,113,78,126,85,4504
410870,471,14,18,34,15,10,9,15,19,23,9,12,4,653
410880,2588,153,153,408,251,183,132,119,166,284,217,109,104,4867
410890,233,3,5,5,5,12,1,3,9,6,2,6,1,291
410900,271,38,23,45,51,11,17,7,9,7,5,4,5,493
410910,70,5,1,0,3,1,5,1,1,1,2,0,0,90
410920,223,10,6,4,7,12,8,9,1,2,5,1,2,290
410930,1137,32,78,86,43,55,42,53,53,26,40,55,15,1715
410940,15672,800,851,962,909,716,566,676,778,755,846,730,697,24958
410950,285,16,5,12,7,6,16,10,3,6,6,7,10,389
410960,760,84,17,37,42,48,30,22,30,33,32,48,95,1278
410970,1923,114,57,77,125,183,163,99,89,55,60,52,34,3031
410980,1976,85,182,144,119,125,96,89,98,92,76,52,63,3197
410990,487,9,21,13,22,31,20,20,18,14,9,14,16,694
411000,177,6,16,5,2,4,3,5,9,2,6,3,8,246
411010,1031,37,34,37,35,30,39,38,29,52,50,86,20,1518
411020,595,5,13,12,5,14,16,6,12,23,34,19,9,763
411030,120,8,0,1,0,2,0,1,1,0,1,0,0,134
411040,308,0,7,7,13,8,7,6,3,5,3,2,2,371
411050,248,6,8,10,6,9,8,7,7,3,5,4,0,321
411060,1114,87,161,105,82,58,36,36,34,26,65,32,24,1860
411070,4536,216,139,179,141,159,130,176,193,151,160,161,102,6443
411080,494,33,18,39,17,25,14,11,20,6,8,10,4,699
411090,126,7,16,4,2,3,2,3,3,0,2,3,2,173
411100,254,3,17,8,4,2,6,10,17,1,0,3,1,326
411110,273,15,9,7,4,4,4,5,6,4,4,6,5,346
411120,250,8,14,20,8,5,10,8,10,10,6,11,6,366
411130,122,2,5,5,7,4,5,2,6,4,3,0,1,166
411140,306,16,5,11,13,4,5,1,7,3,13,5,6,395
411150,2958,95,111,233,229,129,93,133,76,119,93,74,40,4383
411160,160,0,5,4,0,3,0,1,0,0,2,0,1,176
411170,108,3,2,0,3,1,1,4,3,0,1,0,0,126
411180,6595,182,171,254,219,1348,422,329,333,358,241,358,150,10960
411190,630,24,18,26,17,23,25,27,19,23,27,18,12,889
411200,3097,384,164,179,132,119,279,146,55,38,51,55,47,4746
411210,1951,111,72,84,63,157,65,96,68,52,49,49,45,2862
411220,288,4,12,11,5,18,7,7,4,3,10,4,4,377
411230,145,5,1,8,1,3,3,0,1,2,1,6,1,177
411240,434,18,14,5,26,21,27,20,25,25,17,21,32,685
411250,661,21,28,43,17,31,21,18,10,12,9,28,9,908
411260,64,0,0,0,1,0,5,0,1,1,0,0,0,72
411270,908,50,250,130,119,75,69,53,69,33,27,25,31,1839
411275,308,21,15,29,23,9,27,17,19,32,21,56,37,614
411280,433,14,24,8,11,21,9,7,10,7,8,9,7,568
411290,264,18,13,5,7,9,10,5,4,4,3,7,4,353
411295,92,1,1,7,1,6,7,6,1,3,2,1,2,130
411300,1281,99,29,32,359,403,321,86,189,73,45,5,3,2925
411310,250,1,3,13,5,15,4,6,4,4,4,9,3,321
411320,2511,159,144,120,106,83,89,155,98,90,174,317,84,4130
411330,2290,168,159,141,105,83,95,96,84,130,86,117,86,3640
411340,190,1,9,4,5,6,1,6,0,2,3,0,0,227
411345,2,1,0,0,0,0,0,0,0,0,0,1,0,4
411350,857,72,27,28,35,40,25,51,28,30,23,24,19,1259
411360,170,5,4,3,2,4,1,2,6,3,2,6,3,211
411370,63890,3394,3337,3850,3186,3112,2986,3372,3883,3457,3888,4432,2870,105657
411373,90,1,1,0,2,1,1,0,1,4,0,5,1,107
411375,68,6,8,1,3,7,4,5,0,5,1,0,1,109
411380,132,0,3,2,2,3,4,0,2,3,1,1,0,153
411390,602,40,25,13,19,29,12,22,26,26,13,23,15,865
411400,760,52,46,73,36,30,30,18,14,39,9,31,28,1166
411410,496,8,15,28,17,11,27,31,15,18,16,9,15,706
411420,3399,218,369,187,237,230,322,925,555,336,233,253,281,7545
411430,798,28,42,58,46,57,52,32,39,50,46,52,40,1340
411440,1393,63,70,112,69,56,44,45,65,51,63,31,16,2078
411450,424,8,13,15,11,12,8,152,19,42,43,13,8,768
411460,4923,285,352,391,287,261,261,231,266,246,315,230,260,8308
411470,328,11,13,7,6,12,9,12,4,8,16,12,7,445
411480,2237,82,78,109,109,82,85,64,112,159,86,79,87,3369
411490,783,29,70,42,37,28,43,26,37,55,26,24,15,1215
411500,160,4,4,5,7,12,13,7,13,9,5,12,9,260
411510,454,14,67,35,36,13,21,4,15,16,4,3,4,686
411520,42159,2734,3215,2752,2617,2907,3395,2931,2857,2739,3436,2991,2363,77096
411530,464,29,39,23,16,17,9,4,22,7,17,9,6,662
411535,3,0,0,0,0,0,0,0,0,0,1,0,0,4
411540,598,39,33,42,24,28,39,30,16,18,13,25,9,914
411550,230,3,4,5,6,5,13,4,3,1,10,6,4,294
411560,1055,70,69,52,34,53,21,45,23,26,33,30,32,1543
411570,929,54,17,21,24,17,17,22,20,16,94,81,140,1452
411575,2,0,0,0,0,0,0,0,1,0,0,0,0,3
411580,4325,339,271,284,193,238,169,194,182,301,252,353,190,7291
411585,2,0,0,0,0,0,0,2,0,0,0,0,0,4
411590,75,5,0,3,1,3,4,2,0,1,5,1,0,100
411600,198,8,7,2,2,2,1,1,1,6,1,4,1,234
411605,201,5,17,9,13,11,3,10,12,13,10,11,6,321
411610,951,54,17,19,28,85,26,21,21,20,20,23,3,1288
411620,844,52,33,69,20,43,31,44,48,41,25,52,26,1328
411630,131,2,0,6,2,3,2,4,3,2,5,7,1,168
411640,84,1,0,2,3,5,7,3,1,1,0,3,1,111
411650,47,1,0,3,1,3,0,3,0,0,1,2,0,61
411660,253,13,8,1,4,9,65,15,13,10,0,5,0,396
411670,822,12,35,64,17,23,28,36,9,18,11,18,11,1104
411680,300,1,17,18,4,6,5,1,11,8,1,2,0,374
411690,1857,84,111,100,58,97,58,124,82,82,141,118,68,2980
411700,498,17,12,17,17,28,5,6,14,28,36,9,5,692
411710,816,29,22,19,75,63,105,68,33,29,22,26,16,1323
411720,177,13,3,4,4,2,3,2,0,9,4,3,3,227
411722,278,13,17,13,14,7,13,19,14,10,10,13,8,429
411725,79,4,5,3,12,11,6,3,7,8,5,7,19,169
411729,2,0,0,0,0,0,0,0,0,0,0,0,0,2
411730,475,8,22,29,18,22,27,15,21,23,22,26,13,721
411740,123,2,1,1,1,0,1,3,0,7,3,3,0,145
411745,5,0,0,0,0,0,0,0,0,1,0,0,0,6
411750,728,11,14,33,52,49,63,76,57,42,55,13,7,1200
411760,2860,246,149,230,122,218,120,138,246,170,166,140,74,4879
411770,2285,111,116,156,108,166,93,101,112,117,110,103,52,3630
411780,335,27,12,9,13,16,4,7,8,5,10,7,4,457
411790,3492,226,197,182,149,146,110,109,122,124,126,123,97,5203
411800,417,16,27,15,18,25,16,20,14,11,20,12,15,626
411810,522,30,58,13,11,19,163,26,10,5,9,9,3,878
411820,13034,862,363,526,519,539,371,399,454,421,482,436,376,18782
411830,169,2,1,4,1,1,7,1,4,2,2,1,0,195
411840,6903,271,299,364,313,316,287,276,416,346,300,370,206,10667
411850,7105,509,462,536,502,472,368,391,418,469,448,483,393,12556
411860,124,5,4,4,4,7,5,3,1,21,8,5,0,191
411870,126,8,6,11,2,9,0,1,6,5,1,5,0,180
411880,671,30,27,36,22,30,16,26,22,31,20,29,20,980
411890,655,19,15,27,29,40,33,25,26,18,19,9,6,921
411900,455,14,29,31,10,21,21,17,13,10,12,11,6,650
411910,629,99,44,101,37,26,13,20,26,43,59,31,3,1131
411915,1,0,1,0,0,0,0,0,0,1,0,0,0,3
411920,165,5,6,5,3,9,7,6,3,1,2,7,3,222
411930,849,25,55,43,69,29,27,29,36,25,36,22,27,1272
411940,1381,71,35,51,34,28,19,30,34,37,37,37,28,1822
411950,7088,400,328,412,257,384,463,517,425,435,420,433,265,11827
411960,1923,48,51,127,86,63,64,84,78,76,108,41,16,2765
411970,111,0,2,5,3,1,4,4,0,5,0,1,1,137
411980,478,21,15,33,22,19,24,24,20,13,12,26,14,721
411990,29200,1704,1483,1818,1420,1355,1087,1213,1449,1450,1410,1718,1156,46463
412000,4723,86,204,121,102,186,846,252,198,136,103,95,32,7084
412010,519,23,15,12,7,8,8,20,18,35,54,55,30,804
412020,161,7,10,3,1,6,3,3,4,4,3,6,1,212
412030,259,16,36,74,47,37,42,46,52,36,32,37,23,737
412035,248,8,14,31,18,9,11,17,20,17,21,8,9,431
412040,112,3,5,2,9,2,5,3,13,13,8,5,4,184
412050,664,18,19,17,27,18,25,20,28,11,18,11,6,882
412060,1563,53,45,90,36,38,38,37,47,73,54,42,25,2141
412070,277,5,10,12,10,4,10,4,10,4,2,8,4,360
412080,7054,276,318,311,253,325,220,196,322,247,280,257,149,10208
412090,3328,188,153,149,101,217,180,148,294,156,134,172,159,5379
412100,271,16,14,11,11,5,9,10,7,16,5,7,2,384
412110,209,6,9,2,3,4,3,1,5,2,1,4,1,250
412120,248,11,14,16,8,6,10,9,8,2,1,2,0,335
412130,196,2,2,6,1,2,1,3,3,0,0,0,0,216
412140,1219,84,104,57,70,61,53,39,51,62,64,102,45,2011
412150,426,6,16,22,26,20,12,16,13,18,7,15,3,600
412160,359,17,13,15,9,5,23,21,9,17,18,5,12,523
412170,337,14,18,16,4,9,6,9,26,17,4,3,12,475
412180,531,4,10,32,9,5,7,13,11,6,8,2,4,642
412190,592,3,10,19,19,16,21,18,18,6,12,17,6,757
412200,340,7,17,7,6,7,23,7,10,44,7,16,2,493
412210,134,2,13,13,4,7,3,8,1,3,7,2,1,198
412220,3030,112,195,115,78,120,119,91,98,58,53,90,72,4231
412230,3014,635,321,307,159,113,138,179,160,138,170,170,75,5579
412240,5210,249,162,218,166,321,288,259,202,289,262,200,115,7941
412250,577,31,43,65,33,32,9,18,16,22,10,5,0,861
412260,378,8,9,9,11,18,7,9,5,9,12,7,5,487
412270,144,9,4,6,1,2,14,6,3,4,5,5,0,203
412280,221,9,8,20,9,7,2,6,11,4,12,0,2,311
412290,105,1,4,9,2,5,1,2,0,3,0,0,0,132
412300,494,13,22,34,15,25,22,13,15,25,16,18,14,726
412310,156,7,15,1,6,9,2,0,9,4,3,0,2,214
412320,316,3,2,4,2,5,7,4,8,2,5,2,0,360
412330,347,22,30,19,9,16,15,12,19,17,26,6,7,545
412340,426,14,41,20,14,9,20,12,24,20,9,20,9,638
412350,928,88,66,42,33,39,28,41,34,43,33,24,27,1426
412360,90,5,0,0,0,0,1,0,0,0,1,2,0,99
412370,601,25,9,31,18,18,28,14,23,12,14,13,7,813
412380,407,12,18,33,17,32,30,17,12,11,10,11,11,621
412390,872,24,51,46,22,24,10,13,18,16,27,15,9,1147
412400,165,9,1,8,4,4,7,3,10,2,5,3,6,227
412405,357,14,30,29,23,17,24,15,10,55,8,13,16,611
412410,2966,135,171,242,124,288,210,191,159,142,156,166,121,5071
412420,42,0,0,1,0,2,2,1,0,0,0,2,2,52
412430,94,1,3,2,2,8,2,1,3,2,2,8,0,128
412440,803,48,27,48,26,35,44,38,24,34,20,21,25,1193
412450,310,23,10,6,6,9,8,4,2,1,10,3,2,394
412460,211,5,5,1,3,153,22,11,21,2,5,3,2,444
412470,268,47,5,7,10,4,1,1,7,1,6,0,2,359
412480,686,47,45,50,26,18,23,30,10,13,14,22,16,1000
412490,238,5,7,2,1,4,4,3,0,8,3,6,4,285
412500,841,30,113,109,76,41,54,36,10,22,22,6,10,1370
412510,430,10,8,31,2,15,6,7,21,13,9,6,8,566
412520,363,14,21,31,14,13,15,16,11,14,15,6,7,540
412530,384,9,29,17,8,19,5,12,14,5,10,10,2,524
412535,57,7,0,3,2,7,6,5,3,7,10,5,1,113
412540,161,3,8,22,6,6,6,3,8,1,5,4,4,237
412550,13103,600,620,808,698,656,697,667,752,798,961,870,608,21838
412560,2554,86,115,148,140,207,169,158,154,204,253,140,86,4414
412570,1364,56,146,77,54,73,67,41,55,66,67,45,38,2149
412580,785,38,38,31,21,60,95,40,33,19,33,32,13,1238
412590,93,1,1,2,2,10,5,1,1,1,0,7,3,127
412600,309,31,8,10,4,5,5,2,5,3,0,5,3,390
412610,426,41,4,8,37,213,133,67,154,72,26,2,2,1185
412620,219,6,5,9,7,6,6,5,6,5,3,3,0,280
412625,497,115,82,102,94,78,59,45,43,38,42,81,34,1310
412630,1107,52,90,60,80,58,107,70,69,42,24,19,18,1796
412640,446,9,14,17,7,21,5,12,8,11,9,16,7,582
412650,907,35,66,54,18,50,27,59,31,34,31,27,13,1352
412660,614,22,23,22,19,26,9,18,15,19,15,23,17,842
412670,170,3,10,3,4,8,5,1,3,3,5,1,3,219
412680,648,29,21,24,30,28,108,31,25,25,16,25,12,1022
412690,244,4,9,10,2,5,6,6,6,6,2,7,2,309
412700,494,32,15,26,32,23,26,16,17,39,25,29,33,807
412710,11592,301,241,276,252,428,262,340,267,335,214,292,198,14998
412720,886,120,33,19,79,23,43,24,82,165,38,43,37,1592
412730,562,29,22,17,18,23,25,20,25,16,17,16,12,802
412740,1132,25,50,80,22,41,34,30,35,35,26,26,17,1553
412750,731,26,15,27,18,16,46,46,14,10,31,8,20,1008
412760,323,11,13,16,8,11,12,6,23,24,10,11,16,484
412770,11831,511,646,737,462,581,450,421,559,482,559,518,372,18129
412780,272,7,9,9,10,14,6,12,13,4,11,3,6,376
412785,84,5,3,7,1,4,1,3,8,6,24,6,7,159
412790,434,26,9,25,10,9,57,5,4,8,7,2,2,598
412795,250,13,10,30,14,7,7,10,24,12,7,10,5,399
412796,64,4,7,12,8,1,7,2,9,7,3,4,1,129
412800,1950,52,145,96,88,87,68,40,53,58,43,51,46,2777
412810,9081,472,917,723,537,508,487,494,643,626,562,561,348,15959
412820,7967,495,387,400,360,364,358,317,424,376,393,378,190,12409
412830,148,3,0,2,0,1,1,0,0,4,7,0,0,166
412840,1387,65,80,47,25,40,21,23,37,35,15,18,23,1816
412850,829,17,43,34,26,66,28,18,9,16,26,21,6,1139
412855,352,19,21,10,21,16,10,9,6,50,20,17,17,568
412860,270,19,27,14,15,13,14,16,15,8,8,5,2,426
412870,300,10,8,14,4,18,16,10,7,6,6,8,7,414
412880,321,13,9,7,9,4,4,1,9,9,5,1,1,393
419999,0,0,0,0,0,0,1,0,0,0,0,0,0,1
420010,767,139,65,136,61,29,73,44,38,52,59,51,17,1531
420020,580,29,26,19,18,50,43,35,15,14,24,27,11,891
420030,171,9,7,7,10,6,16,10,17,7,5,11,3,279
420040,498,26,49,32,25,22,25,16,22,29,26,22,14,806
420050,117,8,6,4,8,8,6,5,1,4,2,1,2,172
420060,171,23,8,13,5,5,9,10,8,5,5,7,11,280
420070,858,86,50,74,44,8,41,68,60,41,16,15,8,1369
420080,295,19,8,48,1,18,4,15,12,14,13,10,4,461
420090,187,4,8,3,6,8,2,7,3,2,3,2,0,235
420100,384,22,16,18,18,21,20,12,17,14,8,17,5,572
420110,112,7,2,2,1,3,9,9,10,4,3,6,2,170
420120,139,5,5,7,1,0,5,12,4,6,4,10,2,200
420130,660,46,35,31,39,43,31,35,40,36,43,34,23,1096
420140,4834,493,279,350,411,358,417,338,397,434,311,492,367,9481
420150,206,3,0,6,1,5,9,7,2,6,3,9,2,259
420160,158,5,8,4,4,7,1,15,3,4,3,0,5,217
420170,680,15,28,33,20,17,24,22,35,36,13,11,8,942
420180,96,3,4,9,2,8,3,3,8,5,6,8,2,157
420190,115,2,2,7,3,8,7,13,4,2,4,1,3,171
420200,4889,807,368,303,298,332,280,331,317,313,385,673,1009,10305
420210,523,48,16,36,27,38,32,21,36,34,39,47,38,935
420220,834,59,36,55,35,50,36,41,53,66,46,36,30,1377
420230,1403,70,64,93,104,94,57,144,95,73,71,69,47,2384
420240,62072,4302,2684,2942,2278,2351,2468,2514,2479,2470,2644,2478,1408,93090
420250,358,7,39,15,6,16,21,22,13,14,10,2,6,529
420260,476,81,10,12,13,15,16,19,10,33,19,19,23,746
420270,178,9,3,13,6,6,8,15,10,15,5,3,0,271
420280,1266,47,42,83,52,80,57,61,48,53,59,77,41,1966
420290,13369,730,566,579,534,440,464,554,458,579,635,584,355,19847
420300,10957,794,582,729,620,591,508,553,565,542,666,694,354,18155
420310,299,13,4,19,9,9,9,12,11,12,11,10,6,424
420320,532,32,64,50,43,56,49,56,47,52,40,61,29,1111
420330,647,47,43,32,20,30,44,26,31,46,100,75,13,1154
420340,779,68,37,45,33,27,23,39,18,18,14,7,4,1112
420350,537,42,30,54,35,44,24,40,48,26,17,26,25,948
420360,3508,188,154,284,167,144,168,164,349,157,238,156,105,5782
420370,656,28,27,64,60,55,26,42,22,66,36,38,17,1137
420380,7516,474,392,350,288,284,329,334,384,360,350,334,262,11657
420390,2884,131,114,103,80,106,183,207,195,135,120,135,133,4526
420400,2788,167,133,133,168,203,192,143,122,184,177,132,106,4648
420410,229,5,10,15,10,4,13,3,0,10,10,5,2,316
420420,13658,742,697,694,729,732,651,807,816,733,663,797,585,22304
420430,8695,319,217,301,226,231,278,290,230,286,289,264,200,11826
420440,565,22,34,28,34,27,37,36,25,29,35,13,15,900
420450,1148,77,78,83,34,69,22,62,74,67,55,33,12,1814
420455,430,65,19,65,35,43,14,20,30,8,15,17,17,778
420460,31518,1617,1413,1767,1751,1619,1351,1448,1540,1795,1743,1744,1328,50634
420470,793,42,32,39,44,35,67,54,35,41,34,35,15,1266
420480,4502,233,155,202,193,187,201,196,181,389,202,231,151,7023
420490,617,30,20,24,32,32,14,19,49,38,9,13,10,907
420500,450,14,21,14,15,8,10,15,25,9,11,6,11,609
420510,154,8,8,5,6,3,3,4,5,18,3,2,2,221
420520,241,7,8,11,7,12,3,7,20,10,2,6,1,335
420530,1455,94,81,88,78,64,65,56,60,52,47,35,85,2260
420540,136681,6825,4458,6045,3382,3499,3240,5150,2874,2819,2985,3119,2270,183347
420550,5246,672,782,661,323,305,174,393,744,443,396,330,260,10729
420560,180,10,9,5,5,17,7,5,4,6,2,1,2,253
420570,175,48,8,1,11,12,2,11,10,18,9,25,7,337
420580,691,72,52,49,35,27,51,55,55,65,44,95,41,1332
420590,5014,172,216,169,127,156,177,195,219,263,317,353,82,7460
420600,283,10,115,22,24,22,40,68,29,40,44,22,2,721
420610,143,9,7,7,8,5,5,7,3,7,9,2,0,212
420620,495,23,15,21,22,20,13,12,10,12,11,16,17,687
420630,599,25,11,27,28,11,18,31,27,26,42,28,31,904
420640,514,35,15,24,32,27,23,29,22,26,25,21,19,812
420650,1777,166,127,99,96,123,86,185,154,128,137,122,37,3237
420660,245,15,7,22,17,10,7,8,10,8,3,5,3,360
420670,1135,52,44,37,17,27,80,89,76,56,70,51,23,1757
420680,152,3,16,19,12,17,5,8,6,11,5,7,5,266
420690,3521,170,161,309,110,121,114,104,206,114,106,133,42,5211
420700,1474,155,104,82,69,84,77,90,90,93,72,65,56,2511
420710,1858,68,14,15,9,23,266,41,56,11,12,21,17,2411
420720,308,8,4,33,12,13,15,8,9,13,21,10,3,457
420730,3809,119,112,89,101,136,97,92,82,146,85,98,49,5015
420740,95,13,6,10,0,5,3,7,7,2,2,10,3,163
420750,5746,436,671,379,404,329,395,370,292,252,251,179,142,9846
420760,122,1,2,2,0,7,3,4,3,4,2,2,3,155
420765,0,0,1,0,0,0,0,0,0,0,0,0,0,1
420770,340,13,8,11,11,8,7,8,13,2,11,6,9,447
420780,169,6,8,11,11,11,7,13,19,8,5,6,6,280
420790,254,8,7,6,7,4,4,9,4,7,4,10,6,330
420800,192,3,9,18,10,5,13,13,9,11,4,3,3,293
420810,1017,33,34,31,43,45,53,52,29,30,67,71,15,1520
420820,19609,1295,1717,1584,1145,1154,959,924,1048,1175,1071,1339,869,33889
420830,930,85,24,49,37,25,20,34,25,36,104,57,140,1566
420840,1880,103,66,78,72,76,64,165,79,78,74,63,41,2839
420850,1165,58,41,64,62,54,42,57,72,93,31,59,28,1826
420860,195,4,1,11,8,16,7,14,7,7,6,6,18,300
420870,328,80,36,24,9,12,20,16,12,17,8,14,12,588
420880,524,26,39,38,33,22,26,32,20,34,39,33,24,890
420890,20560,1206,1055,1014,905,874,717,901,1159,1100,1116,849,320,31776
420900,6794,240,252,352,277,317,257,253,262,289,316,289,236,10134
420910,68499,3214,2956,2905,2624,2367,2287,2458,3215,3316,3814,3496,2012,103163
420920,120,1,6,11,11,6,7,4,7,6,4,5,2,190
420930,21720,820,897,1028,800,914,887,995,953,1014,1134,1012,666,32840
420940,2316,255,85,137,62,104,77,64,87,79,114,160,154,3694
420950,253,7,19,10,13,8,18,11,13,5,5,9,4,375
420960,2094,103,67,118,64,74,47,56,46,41,53,62,33,2858
420970,481,19,26,49,25,26,22,29,32,26,11,13,6,765
420980,85,4,3,2,1,3,2,2,3,3,2,5,5,120
420990,325,23,18,26,12,14,20,11,17,22,16,12,10,526
421000,395,32,18,18,9,16,13,13,22,36,39,32,5,648
421010,5042,313,231,243,205,307,234,229,300,283,428,379,313,8507
421020,53,0,3,4,1,1,1,4,3,4,0,1,0,75
421030,186,6,9,11,4,7,7,5,6,7,1,5,1,255
421040,225,34,19,15,6,10,7,18,18,9,5,9,12,387
421050,1078,74,53,80,59,52,50,70,60,50,62,53,35,1776
421060,738,48,37,41,42,38,17,49,47,40,40,84,10,1231
421070,348,13,12,23,17,14,12,19,18,9,21,8,6,520
421080,341,8,5,20,27,11,9,14,11,8,10,15,9,488
421085,0,0,0,0,0,0,0,0,0,1,0,0,0,1
421090,374,15,12,37,22,13,13,14,15,13,12,15,5,560
421100,1011,34,39,32,35,45,64,41,79,44,26,26,12,1488
421110,256,2,12,15,19,17,26,19,18,10,19,19,9,441
421120,1931,143,92,98,62,78,83,85,68,93,93,101,65,2992
421130,1397,175,350,182,94,190,175,126,85,51,110,103,60,3098
421140,178,3,6,6,7,5,5,6,4,7,4,10,1,242
421150,803,172,170,148,214,193,136,134,170,132,167,113,51,2603
421160,599,19,26,35,51,27,59,49,44,34,44,59,15,1061
421170,1376,68,62,82,92,109,130,72,83,78,51,44,47,2294
421175,2044,33,52,38,22,45,45,68,33,66,49,42,7,2544
421180,278,5,11,14,9,7,24,12,15,12,6,20,5,418
421190,2071,164,120,172,141,148,121,132,100,115,116,129,99,3628
421200,492,21,12,26,17,15,13,17,14,11,11,12,3,664
421210,941,60,48,62,35,51,46,50,41,50,54,32,24,1494
421220,837,73,48,46,67,47,43,16,42,36,35,48,31,1369
421230,2161,81,73,65,72,64,78,94,92,85,52,74,73,3064
421240,203,14,7,18,10,15,16,23,8,8,6,11,22,361
421250,509,60,63,22,34,16,21,45,50,33,42,33,53,981
421260,131,6,5,4,4,10,10,16,2,4,2,4,0,198
421270,200,4,6,3,194,28,14,8,4,4,5,6,1,477
421280,540,108,10,14,16,8,22,16,22,24,19,51,101,951
421290,772,51,38,43,67,74,41,49,58,41,78,26,35,1373
421300,230,8,10,19,4,4,15,16,2,14,46,15,5,388
421310,158,6,6,7,3,7,3,4,2,2,7,9,2,216
421320,4381,206,116,173,160,139,118,144,121,213,173,132,88,6164
421330,232,10,6,7,7,5,7,6,13,11,7,8,7,326
421340,1188,114,88,80,119,90,60,58,61,99,78,86,79,2200
421350,489,53,18,60,18,16,14,8,6,23,20,32,20,777
421360,2704,141,195,159,144,114,105,137,118,133,151,139,60,4300
421370,604,44,56,52,40,49,27,51,26,29,18,16,11,1023
421380,265,11,6,4,17,8,17,19,18,12,9,14,10,410
421390,66,1,2,2,0,0,0,1,2,1,3,0,1,79
421400,1067,65,55,42,44,47,75,46,66,45,47,38,32,1669
421410,82,4,3,1,2,4,5,6,9,1,2,2,0,121
421420,660,47,42,36,28,30,36,42,32,45,31,46,14,1089
421430,114,1,2,3,1,5,3,0,1,2,2,0,1,135
421440,209,6,2,9,14,17,8,15,0,6,9,6,4,305
421450,268,13,6,12,0,7,11,8,13,7,8,4,3,360
421460,301,11,9,20,20,10,12,14,15,11,13,11,2,449
421470,789,75,45,34,63,28,26,32,41,27,54,52,16,1282
421480,9262,745,602,566,427,517,418,421,501,474,687,500,278,15398
421490,117,3,2,2,4,4,0,3,5,2,0,2,0,144
421500,5642,399,295,298,271,258,205,421,353,372,284,277,67,9142
421510,1829,90,80,50,28,56,60,122,76,49,34,29,10,2513
421520,198,13,20,17,11,12,10,10,9,7,5,19,4,335
421530,760,50,30,29,16,34,23,20,26,39,71,47,27,1172
421540,527,5,8,13,3,5,8,10,11,14,23,10,5,642
421550,1660,115,86,88,106,107,71,68,92,85,145,105,52,2780
421560,56,2,2,2,0,1,1,4,0,1,4,5,0,78
421570,1045,48,54,77,81,46,72,53,40,64,44,43,27,1694
421580,13583,871,729,715,606,700,548,687,749,745,815,609,213,21570
421590,135,7,3,5,4,7,3,5,4,3,3,4,1,184
421600,524,32,26,26,46,29,22,18,24,17,33,21,22,840
421610,584,40,39,30,39,24,45,24,38,26,19,24,0,932
421620,2693,74,96,81,140,83,135,94,79,65,62,93,81,3776
421630,1581,89,59,113,116,85,153,185,90,121,99,121,23,2835
421640,110,3,1,3,9,5,2,9,2,2,0,7,1,154
421650,1726,103,200,186,68,50,49,66,78,62,54,71,33,2746
421660,11871,804,589,905,680,729,610,738,716,756,774,1089,591,20852
421670,793,50,38,24,21,23,40,27,45,22,31,39,14,1167
421680,202,2,5,7,8,7,6,9,4,9,1,9,0,269
421690,1093,35,44,48,28,73,38,45,38,44,46,51,14,1597
421700,324,48,13,16,22,39,14,24,34,15,8,14,12,583
421710,81,2,1,2,1,1,5,6,1,2,0,1,3,106
421720,3632,213,196,241,269,300,239,246,256,217,173,207,147,6336
421730,476,32,38,28,21,22,15,30,37,37,14,6,9,765
421740,512,61,31,30,27,37,28,30,31,45,56,13,5,906
421750,1460,29,37,43,27,38,26,30,46,44,29,63,24,1896
421760,1835,55,35,135,48,39,29,34,40,16,35,26,16,2343
421770,2449,196,294,339,127,196,352,124,94,91,275,329,205,5071
421780,1865,81,90,105,92,95,97,112,116,94,98,92,55,2992
421790,820,32,32,27,37,35,21,21,56,23,42,31,21,1198
421800,2601,122,96,80,84,111,338,142,133,92,72,97,70,4038
421810,183,11,4,9,18,10,10,2,7,7,2,4,1,268
421820,5640,383,379,484,286,264,209,301,287,232,245,230,68,9008
421830,2113,208,109,142,118,100,95,94,83,103,144,98,39,3446
421840,272,5,4,13,5,17,10,26,4,12,8,16,6,398
421850,252,5,15,6,8,8,11,10,9,14,7,11,3,359
421860,994,44,32,40,40,41,45,46,32,32,34,32,18,1430
421870,14048,987,802,728,577,711,636,575,591,581,575,840,584,22235
421880,510,70,21,45,15,12,20,23,18,16,20,15,9,794
421890,505,17,15,19,14,13,12,21,12,11,21,12,6,678
421900,6167,323,225,253,301,262,202,279,234,211,285,335,193,9270
421910,155,14,3,7,5,11,9,9,1,1,2,7,4,228
421920,155,8,6,8,6,42,6,13,9,10,1,7,4,275
421930,10284,364,586,354,333,304,254,313,267,243,339,310,191,14142
421940,97,5,1,8,2,11,5,5,5,2,4,1,1,147
421950,3894,226,176,225,163,193,194,151,206,175,217,205,149,6174
421960,135,1,2,15,4,6,5,8,1,6,2,6,0,191
421970,2563,105,84,112,51,79,111,130,105,140,124,82,42,3728
430005,1,0,0,0,0,0,0,1,0,0,0,0,0,2
430010,649,55,29,39,33,8,29,14,16,13,23,16,15,939
430030,265,5,12,35,14,5,3,1,1,8,2,2,3,356
430040,7647,331,403,483,751,472,215,230,255,362,381,472,360,12362
430050,305,13,25,35,18,13,11,19,18,6,7,15,11,496
430060,4029,274,217,361,251,191,186,334,216,244,294,282,135,7014
430070,247,4,5,5,5,12,13,14,9,4,5,7,3,333
430080,1498,35,66,84,48,33,60,63,52,50,93,68,39,2189
430090,310,9,3,16,9,13,7,4,7,4,5,4,5,396
430100,2832,183,159,301,129,187,114,123,71,110,106,111,57,4483
430105,627,15,24,61,38,19,16,8,12,16,16,14,4,870
430110,816,40,12,36,20,23,34,40,63,33,25,31,18,1191
430120,660,12,27,35,73,31,18,27,22,13,22,28,8,976
430130,1385,56,32,72,70,46,44,30,38,68,94,50,12,1997
430140,515,15,9,21,18,11,16,10,11,10,15,10,8,669
430150,499,18,32,39,34,15,11,13,11,12,17,11,8,720
430160,15484,529,935,1039,523,557,818,489,520,652,752,746,509,23553
430170,251,14,11,9,18,8,6,6,4,4,7,4,10,352
430180,224,20,5,17,15,3,6,3,15,4,7,4,3,326
430190,1570,35,29,184,76,105,91,28,30,35,89,130,55,2457
430200,352,24,10,12,12,10,7,1,8,5,4,3,3,451
430210,17997,858,1169,1209,822,799,668,1044,1049,1488,1495,1194,555,30347
430220,510,28,7,37,39,15,30,16,6,14,16,23,18,759
430230,1450,56,97,64,73,49,53,49,41,53,47,53,38,2123
430235,1118,70,34,95,106,62,50,20,31,44,59,42,55,1786
430240,2097,63,78,78,112,137,98,85,42,70,109,92,90,3151
430250,428,15,4,23,33,6,6,5,11,3,9,7,11,561
430260,185,8,4,9,7,0,4,3,3,9,13,4,1,250
430270,2828,56,47,69,70,42,38,40,68,66,56,54,44,3478
430280,3804,80,47,176,86,95,90,104,66,92,156,115,110,5021
430290,818,30,17,74,85,13,17,21,10,19,24,25,15,1168
430300,10110,455,350,733,636,395,275,322,346,373,438,438,289,15160
430310,8768,724,393,679,638,538,464,505,465,814,842,737,463,16030
430320,153,4,1,7,4,1,2,0,2,1,2,3,0,180
430330,500,5,7,32,28,16,5,4,40,9,10,8,3,667
430340,172,4,1,14,5,5,6,4,4,1,6,4,0,226
430350,5472,209,134,481,203,214,185,187,235,181,244,294,162,8201
430360,1333,67,46,65,75,37,44,78,36,37,55,97,37,2007
430370,291,12,7,19,17,4,3,6,9,3,5,6,2,384
430380,401,13,12,35,21,13,8,6,7,6,15,8,4,549
430390,20382,1495,1035,1563,1595,1548,1247,1279,1057,1534,1357,1217,1040,36349
430400,641,29,23,65,63,29,23,44,30,24,36,33,9,1049
430420,1540,94,112,180,203,79,55,158,49,66,52,60,56,2704
430430,242,7,5,17,17,3,3,8,5,11,7,9,1,335
430440,3604,280,183,311,272,196,185,204,180,244,280,261,144,6344
430450,1667,119,140,131,95,76,56,68,54,66,75,302,367,3216
430460,37151,1703,1550,1988,1560,1520,1441,1513,1945,1994,1883,1880,1259,57387
430463,881,375,36,76,59,44,36,22,64,39,62,125,164,1983
430466,1222,101,27,271,356,293,55,11,18,34,85,58,53,2584
430470,8650,429,343,608,490,424,289,312,329,315,355,376,267,13187
430480,3276,86,136,131,95,70,74,73,52,93,201,151,85,4523
430490,716,21,15,44,16,18,21,54,26,41,31,17,20,1040
430500,886,28,27,63,112,27,22,14,31,15,32,46,12,1315
430510,64739,3642,3285,3506,2958,2784,2542,2937,3160,3610,4434,3701,3185,104483
430520,1721,57,49,151,102,56,33,46,50,45,46,71,46,2473
430530,448,15,6,17,22,19,14,32,14,2,19,11,7,626
430535,127,109,21,52,105,23,24,66,25,30,44,141,28,795
430540,295,5,4,20,29,14,6,8,13,21,20,5,3,443
430545,0,0,0,0,0,0,0,0,0,0,0,1,0,1
430550,207,5,0,7,10,8,4,2,3,1,1,5,1,254
430560,261,5,12,16,42,7,7,5,6,8,6,10,0,385
430570,290,17,13,41,28,13,3,8,14,7,21,6,14,475
430580,550,13,11,19,37,23,17,18,13,69,17,18,11,816
430587,2,0,0,0,0,0,0,0,0,0,0,0,0,2
430590,432,18,16,25,35,16,5,9,18,12,22,21,3,632
430595,125,0,4,9,2,3,1,0,2,6,4,4,2,162
430600,898,20,21,58,36,23,27,24,22,20,11,22,21,1203
430610,6876,319,335,461,444,308,265,208,249,261,355,391,329,10801
430620,784,22,20,97,46,39,32,36,31,26,30,40,38,1241
430630,143,6,1,1,2,3,2,2,3,4,0,2,0,169
430640,5197,367,271,428,465,337,302,259,276,314,337,280,190,9023
430650,226,2,2,9,3,6,8,9,3,5,2,4,3,282
430660,3408,112,106,327,321,129,84,63,71,88,152,181,147,5189
430670,131,5,2,10,7,1,5,6,4,2,0,1,2,176
430680,2917,134,90,108,115,86,139,86,97,151,201,130,88,4342
430690,1086,29,15,24,65,34,23,25,17,15,20,37,23,1413
430697,4,2,0,0,0,0,1,0,0,0,0,0,0,7
430700,11438,783,498,691,588,481,401,509,528,624,627,672,466,18306
430710,304,8,10,17,3,7,2,6,7,1,0,5,5,375
430720,135,2,3,0,7,2,3,4,1,1,2,0,0,160
430730,441,10,1,19,22,13,9,13,15,11,7,22,8,591
430740,207,2,4,6,7,3,7,7,2,2,3,2,3,255
430750,1637,44,44,77,239,32,62,53,48,41,44,66,21,2408
430760,12040,1521,911,1074,974,1286,1156,1061,1027,1137,975,740,661,24563
430770,9247,708,573,754,528,496,406,476,564,713,646,739,432,16282
430780,7168,303,230,364,351,291,295,256,247,278,309,280,212,10584
430790,11223,564,506,650,525,758,526,596,636,674,826,779,441,18704
430800,633,25,19,26,27,22,5,9,14,12,12,9,11,824
430805,1,0,0,1,0,0,0,0,0,0,0,0,0,2
430810,3337,122,108,189,185,134,105,72,69,61,118,140,160,4800
430820,2894,111,163,133,123,139,93,84,130,158,156,119,64,4367
430830,421,10,6,13,26,8,23,13,14,19,8,10,13,584
430840,230,7,13,22,22,8,2,6,6,4,1,14,2,337
430845,71,5,1,33,10,4,6,3,5,9,5,6,2,160
430850,2582,130,92,104,155,138,111,96,141,89,88,123,76,3925
430860,3892,187,280,211,143,127,147,165,224,221,237,195,118,6147
430870,507,9,13,20,17,14,10,23,19,10,14,15,4,675
430880,505,34,34,53,60,40,26,45,30,43,53,50,17,990
430890,3110,100,90,143,295,83,81,86,103,61,103,149,190,4594
430900,1879,79,52,96,157,82,29,49,59,81,87,71,69,2790
430910,5724,466,333,396,406,366,238,240,314,294,378,364,278,9797
430920,17452,723,553,738,601,619,551,607,614,559,674,720,478,24889
430930,13218,815,646,798,819,730,603,635,508,444,500,627,615,20958
430940,2946,163,104,187,166,197,117,206,132,190,214,150,141,4913
430950,601,16,13,27,53,26,17,15,16,7,26,10,10,837
430960,2707,82,88,118,87,61,48,62,40,105,67,89,50,3604
430970,453,8,11,24,30,4,10,8,16,12,21,8,6,611
430975,0,0,2,0,0,0,0,0,0,0,0,0,0,2
430980,238,1,4,13,1,1,7,6,5,7,2,12,2,299
430990,445,10,12,14,11,24,6,14,17,14,6,14,3,590
431000,2500,69,52,104,151,74,45,65,58,69,58,78,55,3378
431010,5714,400,238,529,441,529,482,459,454,555,618,472,366,11257
431020,10151,471,303,563,415,310,337,442,381,394,394,486,364,15011
431030,198,6,9,11,8,10,1,9,5,1,6,2,7,273
431040,383,7,15,39,55,14,9,7,3,20,22,12,4,590
431050,559,43,9,49,10,16,11,19,12,14,19,12,12,785
431060,3020,185,150,261,312,166,115,163,135,136,233,198,171,5245
431070,153,1,3,14,3,1,1,2,7,4,2,3,1,195
431080,4086,350,239,241,183,285,290,275,256,269,231,303,155,7163
431090,203,4,2,11,27,5,2,1,8,2,8,10,4,287
431100,2444,74,74,210,145,67,58,53,62,31,68,85,79,3450
431110,1033,67,43,59,94,37,13,23,19,22,28,27,3,1468
431115,190,5,3,16,13,6,7,2,3,7,8,7,6,273
431120,1859,111,173,206,206,56,86,71,51,82,237,92,40,3270
431130,2516,100,88,161,176,113,85,88,114,156,148,177,95,4017
431140,10061,545,424,693,462,485,411,495,458,627,668,640,453,16422
431150,1298,16,8,17,14,9,4,5,8,3,15,7,2,1406
431160,188,8,6,11,4,4,0,2,1,2,1,0,1,228
431170,187,4,0,9,6,0,2,5,4,10,6,4,2,239
431177,1,0,0,0,0,0,0,0,0,0,0,0,0,1
431180,3036,160,132,139,211,137,116,109,119,170,139,153,125,4746
431190,469,18,13,15,10,11,14,6,8,4,10,12,7,597
431200,134,4,2,3,2,0,0,0,2,0,1,0,1,149
431210,176,7,3,9,17,2,2,0,1,4,3,0,2,226
431220,250,9,2,11,7,3,5,0,7,2,4,5,4,309
431230,279,11,8,27,24,5,3,11,6,7,9,13,4,407
431240,10418,514,327,593,452,408,282,341,268,311,294,336,261,14805
431244,1,0,0,0,0,0,0,0,0,0,0,0,0,1
431245,9,2,0,0,0,1,1,2,0,0,1,0,0,16
431250,332,12,3,32,11,14,11,6,2,7,3,9,3,445
431260,707,13,62,29,57,23,23,25,41,34,26,27,20,1087
431265,2047,76,66,138,105,101,53,54,78,89,93,59,39,2998
431270,870,23,16,52,63,21,23,15,20,20,11,12,5,1151
431280,261,9,0,3,1,4,0,2,3,7,4,4,4,302
431290,835,61,27,39,21,16,16,23,18,12,21,34,40,1163
431300,156,4,3,6,3,3,3,2,5,2,1,5,2,195
431310,308,16,10,9,20,6,11,3,8,10,7,3,2,413
431320,3155,253,90,178,104,141,87,109,135,114,154,121,92,4733
431330,2379,69,43,58,66,69,87,92,110,91,117,126,87,3394
431340,63091,5371,3702,5152,4924,4912,4468,4424,4873,6031,6696,5793,3364,122801
431350,6565,799,247,363,311,264,252,211,226,218,308,256,649,10669
431360,282,14,1,9,12,4,3,4,1,7,1,3,2,343
431365,546,45,46,30,21,20,19,19,32,29,54,50,28,939
431370,3335,238,121,255,266,157,118,107,104,137,181,294,127,5440
431380,262,4,0,11,14,1,1,4,1,4,3,4,2,311
431390,5070,224,224,271,182,141,104,132,127,184,281,282,119,7341
431400,432,13,21,14,8,16,8,34,29,38,13,10,12,648
431402,3,0,0,0,0,0,0,0,0,0,0,0,0,3
431403,2,0,0,0,0,0,0,0,0,0,0,0,0,2
431405,2402,245,133,310,302,274,152,130,294,392,465,388,237,5724
431410,22771,1224,922,1223,1142,1014,822,949,988,1060,1249,1239,860,35463
431415,1,0,0,0,0,0,0,0,0,0,0,0,0,1
431420,1012,37,23,61,79,32,22,27,26,39,42,34,30,1464
431430,220,6,3,21,20,5,2,4,2,3,7,2,0,295
431440,54074,5899,2373,3333,2985,2481,1771,1856,1999,2052,3462,7372,6313,95970
431450,1344,42,29,48,27,27,42,23,26,27,32,50,17,1734
431460,1833,293,60,57,48,105,215,175,97,96,138,154,643,3914
431470,566,22,30,22,24,23,24,22,27,20,16,14,16,826
431475,1,0,0,0,0,0,0,0,0,0,0,0,0,1
431480,4494,426,302,315,305,328,379,335,278,400,456,317,200,8535
431490,547688,21563,15716,20768,17414,18068,16028,16483,17214,17182,19449,21150,15672,764395
431500,397,17,10,43,43,7,11,4,7,8,6,6,4,563
431510,416,13,7,67,44,14,10,5,17,16,31,15,8,663
431520,198,6,1,11,3,3,1,2,0,1,1,1,0,228
431530,1719,56,30,56,41,51,70,50,59,39,88,49,47,2355
431540,224,13,5,24,22,7,11,6,1,3,6,9,8,339
431550,817,59,16,67,37,22,24,41,28,39,28,16,16,1210
431560,30588,1909,2202,3030,2140,1638,1063,1207,1178,974,1354,1535,969,49787
431570,4441,144,121,379,186,156,149,227,147,115,171,211,137,6584
431580,1560,86,29,39,124,85,102,164,139,117,77,96,93,2711
431590,328,14,7,21,9,8,3,2,9,10,7,5,3,426
431600,4232,230,96,454,377,310,198,199,131,267,231,177,103,7005
431610,598,14,19,15,46,25,11,12,18,14,17,9,5,803
431620,468,34,21,27,22,7,4,14,15,11,11,11,5,650
431630,336,14,3,65,57,12,2,14,4,16,12,5,11,551
431640,2891,298,159,377,530,243,254,225,329,283,331,265,254,6439
431643,1,0,0,0,0,0,1,0,0,0,0,0,0,2
431645,472,2,10,20,75,4,8,5,1,3,21,3,2,626
431650,1859,67,51,122,88,95,87,84,84,75,93,88,110,2903
431660,1206,30,16,68,39,20,25,25,20,39,29,39,25,1581
431670,1161,63,28,145,114,29,43,37,52,52,61,56,30,1871
431680,18614,5898,3807,2091,1467,927,1014,952,1256,1087,1308,1225,1012,40658
431690,29302,1259,1089,1386,1123,947,1144,929,1082,1029,1327,1376,986,42979
431700,326,2,2,18,5,2,1,2,3,4,2,4,0,371
431710,13203,1297,686,1750,1352,642,705,809,1407,987,1343,773,639,25593
431720,9031,481,358,698,706,429,461,393,450,602,685,601,410,15305
431730,3588,184,122,323,349,111,91,139,143,136,191,130,119,5626
431740,4394,128,89,181,185,130,109,84,117,93,135,148,126,5919
431750,10613,425,399,526,758,411,348,343,378,419,470,586,338,16014
431760,3904,137,91,284,283,212,183,240,249,227,197,219,115,6341
431770,436,53,1,3,29,16,9,13,6,9,13,6,4,598
431780,1489,66,45,230,180,77,34,65,70,51,165,102,48,2622
431790,965,27,20,44,45,21,30,18,25,21,31,25,23,1295
431800,5213,256,166,494,371,242,175,137,201,199,280,238,145,8117
431810,1240,24,23,73,103,29,17,44,15,20,23,14,11,1636
431820,1993,94,76,120,87,78,76,86,120,70,114,112,70,3096
431830,4662,213,127,287,446,130,129,112,136,147,179,208,150,6926
431840,6038,175,72,163,94,96,90,151,88,95,118,119,98,7397
431846,1,0,0,0,0,0,0,0,0,0,0,0,0,1
431850,872,29,12,37,37,51,26,25,16,15,102,45,22,1289
431860,648,10,7,31,32,14,19,15,8,8,7,6,9,814
431870,29104,1769,1440,2136,1793,1751,2051,1762,1908,1780,2240,1870,1172,50776
431880,2585,124,99,182,190,108,94,102,110,140,136,136,91,4097
431890,4745,198,144,182,321,141,112,165,129,99,189,143,83,6651
431900,3159,215,193,244,168,167,156,170,138,130,200,231,172,5343
431910,419,6,14,63,18,14,18,9,11,14,21,13,5,625
431920,338,10,6,36,42,8,7,12,4,2,5,9,1,480
431930,391,23,12,38,33,20,22,18,18,10,18,11,5,619
431937,0,0,0,0,1,0,0,0,0,0,0,0,0,1
431940,989,43,17,112,74,12,22,27,30,29,17,21,18,1411
431950,3551,225,180,253,237,270,223,167,232,225,318,282,143,6306
431960,1777,52,57,168,188,38,53,39,79,75,66,61,26,2679
431970,371,8,12,20,15,11,13,6,8,9,11,9,25,518
431980,323,9,5,37,19,8,10,15,6,19,7,8,10,476
431990,22613,2099,1036,2645,2120,2094,1841,1609,1372,1838,2597,2027,1329,45220
432000,10041,712,458,552,451,554,433,344,411,454,500,562,375,15847
432010,2227,113,67,130,180,90,60,54,75,73,100,137,64,3370
432020,534,30,14,30,36,11,11,13,15,18,8,7,9,736
432030,314,4,5,26,7,10,16,4,7,5,9,6,5,418
432040,1271,64,46,67,38,11,61,47,46,54,71,56,29,1861
432050,511,18,16,43,60,13,15,6,24,7,2,25,9,749
432055,2,0,0,0,0,0,0,0,0,0,0,0,0,2
432060,232,5,11,4,3,1,0,10,0,3,9,8,6,292
432067,1,0,0,0,0,0,0,0,0,0,0,0,0,1
432070,1299,44,36,75,48,49,54,56,42,46,53,42,34,1878
432080,2627,109,113,123,144,87,98,93,72,39,77,65,43,3690
432090,1390,82,45,66,91,45,33,30,44,57,53,50,25,2011
432100,1593,56,37,75,147,46,18,101,73,73,89,109,34,2451
432110,1184,66,40,255,94,71,32,46,40,51,46,52,46,2023
432120,10620,591,418,938,669,576,495,594,748,718,823,923,653,18766
432130,3495,122,88,179,131,135,118,97,155,121,160,192,96,5089
432135,71,3,3,10,1,1,0,2,1,1,0,0,2,95
432140,1187,54,26,87,73,34,39,41,19,40,36,38,15,1689
432143,1,0,0,0,0,0,0,0,0,0,0,0,1,2
432145,2429,62,56,84,229,122,116,123,95,100,98,132,88,3734
432150,2792,1063,149,128,137,93,89,90,87,142,157,255,320,5502
432160,2846,896,134,120,68,77,96,103,122,103,128,321,629,5643
432162,4,0,0,0,0,0,0,0,0,0,0,0,0,4
432170,4000,325,231,376,262,327,296,265,353,310,323,314,162,7544
432180,2895,147,110,214,197,117,103,83,99,114,109,124,104,4416
432190,3668,120,116,166,209,158,83,97,139,141,152,145,91,5285
432200,4752,451,467,431,428,217,245,175,79,106,165,157,91,7764
432210,626,22,11,81,67,21,19,29,18,38,11,14,5,962
432220,1834,51,54,197,86,42,23,36,34,48,104,77,30,2616
432230,824,26,25,43,67,20,18,26,18,26,16,4,6,1119
432240,10926,733,454,786,639,652,431,589,546,539,599,701,450,18045
432250,6608,426,438,339,192,287,223,190,272,245,325,310,239,10094
432260,6007,2047,983,1113,536,297,385,399,360,453,449,288,215,13532
432270,1588,176,815,529,112,281,120,56,47,50,38,31,86,3929
432280,3784,163,144,199,133,94,114,103,144,244,232,154,121,5629
432290,226,5,4,15,6,5,2,6,4,1,4,2,3,283
432300,5098,242,124,320,277,239,177,233,214,265,261,269,144,7863
432310,139,19,5,32,4,3,10,4,7,3,3,10,8,247
432320,229,7,3,11,33,7,5,4,2,2,5,5,1,314
432340,1,0,0,0,0,0,0,0,0,0,0,0,0,1
432380,15,5,0,0,1,0,0,0,1,0,1,0,2,25
500020,319,19,21,18,18,15,13,20,15,3,11,5,7,484
500060,1662,86,143,108,75,122,88,74,77,116,86,79,60,2776
500070,1026,69,120,126,56,77,99,59,38,27,36,41,46,1820
500080,233,16,13,24,9,7,5,13,11,15,9,5,2,362
500085,106,6,15,18,8,6,8,9,10,11,3,23,1,224
500090,65,1,0,0,0,0,0,1,0,0,0,0,1,68
500100,709,27,29,54,79,94,36,50,44,19,27,25,6,1199
500110,2040,80,67,127,73,88,91,103,64,66,58,74,59,2990
500124,171,17,7,16,13,11,13,9,6,2,2,8,6,281
500150,114,10,1,6,7,7,3,3,3,12,6,6,0,178
500190,384,27,14,39,40,33,46,26,64,25,19,26,22,765
500200,258,8,6,4,3,13,4,11,3,11,2,7,3,333
500210,723,96,23,47,45,64,31,15,16,7,22,24,11,1124
500215,179,20,15,13,17,15,19,25,13,11,11,1,0,339
500220,374,16,14,21,43,19,25,19,26,16,19,41,12,645
500230,1125,372,150,284,449,473,245,208,214,242,465,161,114,4502
500240,861,51,83,48,46,99,72,62,51,61,75,29,16,1554
500260,560,23,44,26,47,36,24,36,20,17,20,38,12,903
500270,93862,4935,4753,5115,3833,4260,3631,4917,3983,4238,3334,3831,2415,143107
500280,80,1,0,10,2,1,7,26,1,2,1,0,1,132
500290,1299,90,90,129,91,105,142,87,96,52,77,80,61,2399
500310,85,3,3,3,2,3,6,0,1,4,1,0,0,111
500320,6079,300,352,431,366,383,268,415,354,275,362,402,186,10173
500325,210,17,23,24,32,10,47,10,8,17,13,17,17,445
500330,785,56,44,42,80,97,33,35,37,37,68,50,38,1402
500345,216,11,33,25,67,11,13,7,15,11,17,13,5,444
500350,16,0,0,3,0,0,0,1,0,1,1,0,0,22
500370,12324,1001,971,1033,806,776,684,733,942,925,750,744,548,22237
500375,311,22,15,26,20,28,17,22,15,16,15,21,22,550
500380,912,46,117,118,162,59,36,49,31,39,34,67,53,1723
500400,459,27,66,48,40,22,18,13,11,14,47,16,6,787
500410,391,9,32,26,31,28,19,13,22,4,4,2,1,582
500430,476,57,25,19,21,23,31,29,26,13,29,43,19,811
500440,149,8,9,11,5,8,38,10,3,3,6,1,0,251
500450,539,31,20,30,34,14,13,19,19,13,25,14,10,781
500460,513,30,16,16,18,24,23,25,29,37,28,25,7,791
500470,1181,99,56,62,46,107,72,69,54,81,84,87,76,2074
500490,98,18,5,7,12,4,3,7,20,18,8,3,1,204
500500,500,30,42,20,16,29,34,14,31,23,22,13,24,798
500510,77,5,3,6,2,3,2,0,1,6,2,0,1,108
500520,1908,57,13,26,4,12,12,37,39,4,3,3,3,2121
500540,1140,81,167,183,99,127,88,141,77,87,102,73,32,2397
500560,929,35,55,47,34,32,48,31,55,41,40,55,32,1434
500568,965,54,56,64,41,51,55,73,24,53,69,67,34,1606
500570,1786,98,244,129,99,145,117,99,100,92,93,76,56,3134
500580,146,5,6,4,6,17,3,6,4,4,4,6,3,214
500620,1654,147,134,105,84,103,208,252,101,92,171,160,113,3324
500630,1657,150,83,152,99,133,97,78,70,70,72,72,78,2811
500640,378,17,18,44,20,115,51,42,9,4,11,26,5,740
500660,5512,321,250,294,199,356,293,295,283,286,244,276,124,8733
500690,311,72,5,13,9,5,2,13,10,4,4,7,1,456
500710,1206,96,101,94,73,153,109,77,99,152,158,140,96,2554
500720,1996,445,302,173,277,368,254,284,200,179,179,157,66,4880
500730,74,0,2,1,2,2,3,5,2,0,3,18,0,112
500740,470,27,22,24,35,12,18,12,22,15,12,33,13,715
500750,23,0,1,0,1,11,2,0,0,1,2,1,0,42
500755,16,2,0,1,1,0,0,1,0,2,0,1,0,24
500769,418,48,26,90,79,28,42,28,37,42,22,54,28,942
500770,300,24,31,18,17,18,14,13,17,33,20,23,15,543
500780,83,2,4,1,3,0,15,4,1,5,5,3,1,127
500790,896,51,66,83,66,137,82,40,49,37,36,29,7,1579
500795,92,5,9,3,6,10,7,3,3,2,4,26,3,173
500797,78,4,5,4,3,7,0,3,5,1,1,3,1,115
500800,246,31,18,16,15,9,5,41,17,16,15,8,12,449
500830,6198,393,257,407,454,370,255,312,290,362,506,381,297,10482
500840,37,0,2,2,2,1,3,1,0,5,0,3,2,58
510010,17,2,0,0,0,0,4,0,2,1,0,2,4,32
510020,334,8,20,50,15,22,25,16,14,15,25,39,12,595
510025,1561,98,159,181,88,141,99,102,110,193,159,104,101,3096
510030,575,17,14,38,52,44,21,24,23,21,35,40,30,934
510040,89,9,5,8,3,6,15,8,6,6,37,4,2,198
510050,221,10,6,5,0,15,10,7,2,3,2,6,2,289
510120,7,0,1,0,0,0,0,0,1,0,0,1,0,10
510125,273,36,13,33,8,16,20,32,15,4,37,74,19,580
510130,301,17,12,16,24,20,17,17,12,7,17,58,11,529
510140,1465,105,97,145,125,162,144,143,219,128,206,169,45,3153
510160,12,0,0,1,2,1,0,2,1,5,4,4,0,32
510170,1263,151,105,120,126,335,329,143,278,196,115,59,30,3250
510180,3024,150,103,171,164,137,122,130,157,183,225,252,167,4985
510250,3098,205,140,158,152,127,129,146,131,132,315,239,131,5103
510267,0,0,1,0,1,0,0,0,0,0,0,1,0,3
510270,581,12,39,78,35,23,29,17,23,18,25,31,22,933
510300,788,52,49,50,33,103,63,72,88,67,72,56,32,1525
510320,690,60,49,80,62,57,77,70,67,69,66,72,50,1469
510340,75168,3740,2749,3534,3146,3683,3981,4937,4092,3992,3359,3463,2212,118056
510345,46,3,3,5,1,0,6,2,2,2,3,3,0,76
510350,1818,201,141,222,140,177,180,171,124,147,136,163,63,3683
510360,228,14,33,21,9,5,3,12,7,2,15,9,4,362
510380,1,0,0,0,0,0,0,0,0,0,0,0,0,1
510390,105,9,5,32,117,63,90,105,74,43,44,22,4,713
510420,487,14,8,19,20,7,5,7,19,21,14,6,5,632
510455,1,0,0,0,0,0,0,0,0,0,0,0,0,1
510460,1187,87,80,120,71,77,62,91,95,95,83,69,37,2154
510480,1706,66,98,111,377,401,65,59,72,175,111,153,78,3472
510500,130,5,4,18,11,12,13,7,19,2,4,7,6,238
510510,95,10,1,12,15,12,11,17,16,18,20,49,22,298
510515,244,18,14,18,14,29,30,25,39,44,33,31,14,553
510520,266,18,18,13,11,16,8,5,3,2,2,6,1,369
510530,219,14,13,7,18,22,32,29,29,20,16,22,8,449
510550,516,31,26,43,11,38,52,35,59,40,57,43,1,952
510558,0,0,0,1,0,0,0,0,0,0,0,0,0,1
510562,618,68,26,54,45,41,42,39,30,35,31,49,13,1091
510590,773,249,134,445,375,357,255,128,219,198,110,236,182,3661
510600,275,14,14,46,22,27,44,47,44,19,42,28,24,646
510610,92,7,3,0,1,2,1,0,1,0,2,9,4,122
510620,121,9,2,3,3,1,0,1,0,1,0,2,0,143
510625,405,14,38,39,17,20,18,15,22,17,15,16,12,648
510630,148,7,3,37,14,24,14,11,6,36,107,134,69,610
510637,292,12,10,15,7,10,15,15,21,6,14,12,3,432
510650,501,49,8,14,14,142,55,126,99,35,26,28,24,1121
510670,78,1,0,3,1,1,2,1,2,1,0,0,0,90
510675,317,35,56,41,32,39,41,36,27,20,87,35,14,780
510680,322,15,6,29,11,14,30,29,36,12,16,24,13,557
510682,2,0,0,0,0,0,0,0,1,0,0,0,0,3
510700,590,43,48,54,16,35,87,49,29,18,45,39,22,1075
510710,340,27,8,37,14,34,31,47,27,19,28,7,8,627
510720,272,3,12,17,26,12,13,9,5,2,4,12,1,388
510729,4,0,0,0,0,0,0,0,0,1,0,0,0,5
510730,348,12,31,28,35,26,27,44,46,16,52,63,24,752
510760,6639,509,456,647,608,638,507,495,500,465,503,566,370,12903
510770,390,40,23,17,12,25,18,18,20,20,21,19,4,627
510775,115,3,1,2,4,0,1,5,2,2,2,0,0,137
510777,254,39,33,24,34,30,52,146,68,46,10,57,11,804
510780,66,3,2,4,1,2,7,11,5,3,8,11,7,130
510785,757,47,50,16,24,24,29,22,30,16,23,16,4,1058
510790,2837,194,146,238,327,526,421,502,384,441,484,416,185,7101
510792,2,0,0,0,0,4,0,1,0,0,1,0,0,8
510795,756,39,51,84,71,76,73,56,116,106,47,85,37,1597
510810,9,1,1,0,0,0,0,0,0,0,0,0,0,11
510820,130,4,1,27,3,4,6,1,1,2,0,0,4,183
510840,8210,728,454,648,510,665,672,782,705,761,653,589,397,15774
510850,36,0,0,0,0,0,0,0,0,0,0,0,0,36
520010,217,37,7,9,4,5,13,10,10,7,3,3,0,325
520013,461,24,32,48,55,126,78,61,81,38,18,35,21,1078
520017,2,0,0,0,0,0,0,0,0,0,0,0,0,2
520020,44,0,1,0,1,0,0,0,0,0,0,0,0,46
520030,364,7,14,12,14,11,60,16,7,9,14,7,7,542
520040,8,1,0,0,1,0,0,0,0,0,0,0,0,10
520050,44,4,0,0,1,0,0,4,0,0,0,1,0,54
520060,623,51,29,33,23,32,95,11,4,0,1,3,0,905
520070,183,11,6,15,4,6,1,10,0,5,9,4,5,259
520080,45,1,1,2,1,4,2,0,0,6,1,1,1,65
520085,49,3,0,0,0,0,1,3,1,2,1,1,0,61
520090,75,1,1,0,2,1,1,1,1,3,0,0,1,87
520100,97,1,9,6,5,13,28,19,9,14,26,5,2,234
520110,24545,949,932,862,780,823,776,865,1072,1389,1430,1267,969,36659
520120,50,2,0,0,0,6,3,0,0,2,0,0,0,63
520130,649,32,14,26,42,52,96,99,42,26,13,17,8,1116
520140,3523,347,268,378,247,444,383,412,470,532,597,474,290,8365
520150,63,3,3,3,18,7,1,3,2,2,0,5,1,111
520160,74,2,1,3,1,0,4,1,0,0,0,0,2,88
520170,450,6,7,3,1,4,3,4,0,1,6,1,0,486
520180,61,10,2,1,1,3,0,0,1,1,2,0,1,83
520190,45,2,1,2,2,2,7,1,13,3,0,0,3,81
520200,239,9,6,4,5,3,11,7,2,3,1,3,6,299
520210,3405,224,133,167,99,138,184,154,145,136,226,160,120,5291
520215,26,0,0,0,1,3,0,2,0,0,0,3,0,35
520220,104,1,1,0,1,3,1,7,2,1,1,3,1,126
520230,27,3,0,0,0,0,0,2,0,0,0,1,0,33
520235,92,2,1,2,8,3,4,9,0,1,1,1,0,124
520240,143,2,0,1,0,1,2,1,0,0,1,1,1,153
520250,64,1,5,2,3,4,3,3,5,0,4,2,2,98
520255,10,0,0,0,0,0,0,3,1,0,0,0,0,14
520260,132,7,1,0,1,1,4,2,1,0,0,0,0,149
520270,47,0,0,2,0,0,0,2,0,0,0,0,0,51
520280,60,0,0,1,0,0,0,0,0,1,0,0,0,62
520290,19,0,1,0,0,0,0,0,0,0,0,0,0,20
520300,88,1,1,7,1,3,3,4,1,5,1,1,1,117
520310,25,0,0,0,0,2,1,3,0,4,1,0,1,37
520320,203,3,5,0,9,6,8,6,0,3,2,2,0,247
520330,873,83,21,54,14,15,29,9,5,29,23,4,34,1193
520340,57,2,0,1,1,0,4,1,1,4,0,5,0,76
520350,536,11,40,119,34,16,18,19,13,11,18,17,10,862
520360,32,1,1,2,1,0,0,0,1,0,0,0,0,38
520370,7,1,0,0,0,0,0,0,0,0,1,1,1,11
520380,115,1,0,1,67,151,106,110,151,220,210,67,11,1210
520390,358,6,11,10,14,17,2,9,2,4,3,6,3,445
520400,12,4,0,8,4,1,4,4,0,0,0,0,1,38
520410,247,8,8,19,18,5,15,10,3,6,4,0,3,346
520420,39,0,1,3,1,1,1,3,0,0,0,0,0,49
520425,485,352,139,135,109,198,135,349,439,161,195,132,118,2947
520430,352,12,17,13,13,5,5,12,12,7,7,8,6,469
520440,459,21,5,15,16,10,23,14,8,6,5,4,8,594
520450,1968,68,65,92,51,49,103,112,94,73,48,61,72,2856
520460,45,17,3,1,3,3,1,0,2,1,1,1,0,78
520465,14,0,0,1,0,1,0,0,0,0,0,0,0,16
520470,121,7,2,1,3,4,2,6,4,1,1,3,3,158
520480,102,13,10,12,7,4,3,4,1,4,0,7,0,167
520490,187,4,2,7,5,10,7,4,6,7,7,9,5,260
520500,246,9,5,7,1,12,21,111,49,5,3,5,0,474
520510,3132,75,85,86,106,161,77,81,67,76,71,66,38,4121
520520,40,0,2,1,1,0,0,0,1,0,0,0,0,45
520530,145,4,2,2,1,1,2,0,2,20,1,13,1,194
520540,1415,41,50,58,49,34,39,38,20,44,24,43,24,1879
520550,370,22,7,31,19,28,24,13,15,13,40,45,13,640
520560,10,1,1,1,0,1,0,0,0,0,0,0,0,14
520570,51,10,2,3,3,2,1,2,0,0,0,2,0,76
520580,451,7,8,54,56,65,92,46,94,100,65,17,12,1067
520590,160,11,3,14,4,2,26,16,10,1,0,0,4,251
520600,35,0,0,0,0,3,0,4,3,1,3,1,0,50
520610,75,1,0,1,2,8,3,33,10,7,3,5,3,151
520620,532,32,25,81,121,106,85,119,176,90,128,99,27,1621
520630,45,3,12,1,2,15,0,3,0,0,1,1,0,83
520640,284,5,7,12,10,7,10,11,20,9,29,17,19,440
520650,54,2,0,0,0,1,1,1,0,1,2,1,0,63
520660,106,0,0,1,2,0,0,6,1,4,1,2,2,125
520670,28,1,1,0,0,0,1,2,0,2,1,0,0,36
520680,81,1,2,9,4,1,3,2,6,1,0,0,5,115
520690,58,1,9,1,1,7,5,7,0,2,1,4,0,96
520700,142,2,3,4,3,7,10,7,10,1,1,6,1,197
520710,58,2,3,1,2,2,5,0,0,0,0,1,0,74
520720,10,0,0,0,0,0,0,0,1,1,0,0,0,12
520725,66,0,0,1,0,16,3,10,1,0,0,3,0,100
520730,114,6,9,8,5,0,2,0,1,3,3,8,1,160
520740,142,7,7,3,10,4,19,6,11,9,3,7,2,230
520750,82,0,1,2,2,2,2,1,1,3,0,0,2,98
520755,16,0,0,0,0,0,3,0,0,0,0,0,0,19
520760,196,11,6,3,4,5,2,15,1,1,5,40,0,289
520765,165,10,35,9,10,6,15,16,2,3,2,2,0,275
520770,17,1,0,1,1,1,0,0,0,0,0,0,0,21
520780,233,8,2,1,3,3,2,10,2,1,0,3,3,271
520790,66,3,3,1,5,4,0,5,17,2,2,2,0,110
520800,1803,78,40,66,63,112,129,79,56,49,57,78,56,2666
520810,207,8,20,7,8,11,2,1,0,2,3,5,0,274
520820,728,59,60,71,76,53,34,29,50,45,45,34,8,1292
520830,13,0,0,1,1,0,1,0,1,0,0,26,0,43
520840,37,2,2,2,2,2,3,0,0,3,1,2,3,59
520850,208,0,1,4,1,4,26,12,5,13,1,33,0,308
520860,2084,93,61,65,96,291,114,142,122,91,83,142,57,3441
520870,226103,8062,7019,9031,7974,8188,8201,9925,9401,9599,9559,9585,6459,329106
520880,558,11,3,8,2,10,8,20,11,9,30,26,7,703
520890,1281,72,33,38,17,31,29,35,20,23,25,29,17,1650
520900,12,1,0,0,0,0,1,1,0,0,0,0,0,15
520910,1739,65,73,56,79,65,67,51,38,45,50,107,35,2470
520920,285,13,7,3,7,13,3,20,32,12,11,19,8,433
520930,331,9,13,16,13,43,19,18,38,12,41,17,12,582
520940,8,0,0,0,0,1,0,0,2,0,0,1,3,15
520950,2507,150,145,202,159,132,110,183,191,148,209,177,100,4413
520960,42,1,1,2,1,1,1,1,0,1,0,1,0,52
520970,262,14,2,13,10,15,14,12,5,10,8,5,0,370
520980,79,8,4,4,1,4,1,2,3,0,2,0,2,110
520990,72,3,1,3,1,5,4,5,0,0,2,1,0,97
520995,89,4,3,3,6,0,2,0,1,0,1,1,0,110
521000,2187,92,122,118,146,324,139,67,122,51,94,99,34,3595
521010,1033,33,40,32,62,82,51,76,29,23,29,21,10,1521
521020,1053,26,19,22,40,50,70,292,227,155,169,53,49,2225
521030,49,2,0,0,1,0,1,1,0,0,0,0,0,54
521040,731,19,14,29,18,29,24,14,27,21,12,9,5,952
521050,50,2,1,2,0,0,0,0,0,1,0,1,0,57
521060,95,1,1,1,1,0,1,2,2,0,1,0,1,106
521070,25,0,0,0,0,1,0,0,0,0,0,0,0,26
521080,158,2,10,4,6,5,5,5,2,5,1,2,1,206
521090,342,7,13,23,9,15,14,101,14,6,7,19,6,576
521100,276,5,3,5,1,2,0,2,3,1,1,7,0,306
521110,38,1,0,0,1,1,0,1,0,0,0,0,3,45
521120,616,19,21,26,18,234,62,46,24,14,5,12,8,1105
521130,144,7,5,11,10,38,25,38,13,16,3,13,1,324
521140,366,19,6,29,1,17,3,6,0,4,3,1,1,456
521150,5901,330,540,365,310,285,254,234,278,265,261,312,179,9514
521160,67,3,3,1,1,3,0,5,3,2,1,6,0,95
521170,243,10,2,8,7,45,44,24,18,11,13,4,5,434
521180,918,20,15,19,68,37,15,20,9,15,16,27,1,1180
521190,3511,247,177,201,235,255,229,253,164,212,193,231,206,6114
521200,34,1,1,2,1,0,0,1,0,0,0,0,1,41
521210,162,7,3,1,0,10,8,7,0,2,1,2,1,204
521220,877,43,17,28,157,149,165,164,154,181,124,24,13,2096
521230,119,5,11,2,3,16,15,3,1,23,14,4,0,216
521240,8,0,0,0,0,0,0,0,0,0,0,1,0,9
521250,2831,126,114,138,112,163,185,113,75,220,148,200,133,4558
521260,71,1,1,2,0,5,0,1,2,1,1,3,1,89
521270,23,1,0,0,1,0,0,0,1,0,0,1,0,27
521280,249,3,3,3,4,2,2,8,9,2,7,8,0,300
521290,40,1,0,0,0,1,0,1,0,0,0,0,0,43
521300,166,8,13,33,7,9,14,8,11,3,4,8,3,287
521308,2102,42,53,122,38,32,20,25,77,95,51,23,56,2736
521310,1575,117,138,204,239,230,151,274,175,162,143,83,48,3539
521320,242,9,4,12,9,10,4,4,5,4,1,3,3,310
521330,125,5,0,1,1,3,0,8,5,3,3,9,1,164
521340,56,2,0,2,0,1,0,1,0,1,0,1,1,65
521350,103,12,3,3,4,2,2,7,0,1,0,1,1,139
521360,92,0,0,0,0,0,0,6,1,0,0,0,0,99
521370,138,1,3,3,4,2,2,1,7,0,5,15,4,185
521380,1589,51,48,60,57,59,53,77,60,41,83,53,18,2249
521390,223,13,8,12,8,26,14,11,50,37,26,19,2,449
521400,53,4,3,5,0,2,19,6,0,4,6,3,0,105
521405,15,1,0,0,0,1,0,0,0,0,0,1,1,19
521410,84,1,2,6,2,6,3,0,3,0,0,1,0,108
521420,131,1,5,3,2,1,1,1,0,2,2,1,1,151
521430,19,0,0,0,1,0,1,0,0,0,0,0,0,21
521440,169,19,17,20,2,25,7,7,9,17,10,6,6,314
521450,320,10,13,14,6,12,8,20,11,6,38,8,5,471
521460,3068,82,82,109,86,95,173,181,98,101,77,38,55,4245
521470,59,1,0,0,0,1,1,0,1,0,0,0,0,63
521480,88,0,1,1,0,10,0,0,1,0,0,0,0,101
521483,59,3,2,3,8,6,3,6,4,3,5,4,0,106
521486,150,4,9,4,5,8,3,5,2,3,2,1,3,199
521488,44,4,0,4,10,2,7,2,0,2,0,0,0,75
521490,115,14,18,23,11,17,6,9,9,22,13,12,5,274
521500,121,5,3,0,2,3,8,3,0,0,0,5,1,151
521510,54,4,0,0,1,0,1,0,0,0,0,0,2,62
521520,68,3,1,0,0,4,9,4,2,2,5,3,1,102
521525,9,0,2,0,0,0,0,0,0,0,0,0,0,11
521530,295,6,7,9,7,6,4,22,2,4,1,5,1,369
521540,77,2,1,2,0,5,2,2,1,0,0,0,10,102
521550,1028,7,10,6,12,30,15,41,12,12,11,12,3,1199
521560,246,9,18,20,7,4,16,29,6,7,5,7,0,374
521570,1490,25,52,46,16,35,15,68,58,42,48,53,42,1990
521575,25,7,1,2,1,0,5,1,1,1,3,1,4,52
521580,72,1,6,0,4,2,0,0,2,0,6,1,0,94
521590,106,0,4,5,0,3,9,1,1,0,3,2,2,136
521600,104,0,3,1,2,1,1,0,0,0,0,0,0,112
521610,767,40,18,18,21,46,27,37,31,77,17,55,26,1180
521620,33,0,0,0,0,1,0,4,0,0,0,0,0,38
521630,199,6,11,7,3,7,2,9,5,2,6,49,1,307
521640,510,10,22,15,15,19,11,27,5,6,4,3,4,651
521650,69,1,1,2,2,1,1,0,1,1,2,1,0,82
521660,94,3,4,3,4,1,1,0,0,3,6,2,1,122
521670,58,6,3,3,1,0,2,0,1,3,0,4,2,83
521680,128,1,6,1,4,1,5,10,2,1,4,4,2,169
521690,102,2,3,21,8,4,5,1,4,0,1,2,1,154
521700,43,2,3,4,0,0,0,1,1,3,2,0,2,61
521710,859,20,25,43,23,31,15,25,16,22,19,21,8,1127
521720,328,16,12,15,12,17,16,15,15,9,6,9,5,475
521730,422,15,8,8,4,23,16,4,5,4,28,5,2,544
521740,930,41,271,154,85,58,71,59,48,60,43,43,55,1918
521750,105,1,1,0,0,0,0,2,0,0,0,0,0,109
521760,331,4,19,11,22,9,17,21,4,5,2,4,4,453
521770,494,23,12,15,8,22,11,17,8,9,5,8,10,642
521780,11,0,1,0,0,0,0,0,0,0,7,0,0,19
521790,11,0,0,0,0,2,0,1,0,0,0,7,0,21
521800,1663,48,66,73,55,98,96,135,79,98,69,122,51,2653
521810,55,2,0,12,13,15,2,2,4,5,6,3,3,122
521820,867,14,16,30,25,75,26,24,25,17,23,33,5,1180
521830,543,14,9,7,18,35,22,17,17,15,27,16,9,749
521840,80,2,0,0,1,2,4,2,0,1,0,1,1,94
521850,1680,39,53,54,46,59,43,61,55,39,54,48,76,2307
521860,421,21,6,8,5,7,10,11,20,7,13,14,2,545
521870,105,9,5,8,1,2,4,3,11,8,3,4,0,163
521880,5241,246,325,315,372,372,321,372,296,249,317,283,185,8894
521890,533,30,12,59,17,50,45,15,8,2,2,19,8,800
521900,162,5,2,2,1,9,3,4,4,2,0,3,0,197
521910,397,8,2,7,1,5,3,2,3,5,3,1,2,439
521920,90,1,2,4,0,0,2,5,1,0,1,0,1,107
521930,2367,128,125,305,204,604,114,77,76,76,56,89,53,4274
521935,70,3,0,1,0,1,5,0,2,0,0,1,0,83
521940,101,7,7,6,1,6,1,4,3,1,4,2,1,144
521950,97,4,2,1,0,1,1,1,0,1,0,1,1,110
521960,131,5,10,8,4,4,0,2,10,13,6,11,1,205
521970,126,1,4,14,7,12,2,6,5,3,3,2,3,188
521975,21,3,1,19,0,0,0,1,2,0,6,2,2,57
521980,77,5,5,2,2,6,1,1,73,139,193,80,46,630
521990,258,7,8,7,13,3,5,10,93,48,16,7,3,478
522000,289,10,111,131,57,79,58,156,140,90,37,11,8,1177
522010,1027,61,36,40,22,49,29,35,26,22,26,37,21,1431
522020,1015,19,26,48,68,29,33,57,24,14,17,17,17,1384
522026,4,0,1,0,0,0,0,0,0,0,0,0,0,5
522030,22,0,1,0,1,1,0,0,0,1,1,0,1,28
522040,264,13,13,9,12,12,9,4,3,5,2,4,4,354
522050,462,16,39,35,24,86,167,99,58,14,7,9,5,1021
522060,425,6,8,19,6,9,17,16,17,7,0,11,10,551
522065,8,0,0,0,0,0,0,0,0,0,0,0,0,8
522070,36,0,0,0,1,0,0,0,0,1,0,0,0,38
522080,13,1,0,0,0,0,1,0,0,1,0,0,0,16
522090,131,2,6,4,6,8,4,80,4,4,11,8,10,278
522100,28,10,0,3,2,0,2,1,0,2,1,9,1,59
522110,88,1,3,2,1,1,2,3,0,3,1,3,2,110
522120,388,18,7,11,10,13,24,16,8,3,3,8,1,510
522130,63,0,0,0,1,0,0,0,1,1,0,2,0,68
522140,1058,57,23,38,17,44,60,51,68,36,32,36,14,1534
522150,104,2,5,2,4,3,1,14,3,2,0,2,1,143
522155,0,0,0,0,0,0,0,0,0,0,5,0,0,5
522160,1526,123,52,53,44,62,48,40,33,25,41,58,29,2134
522170,237,15,4,3,5,5,19,3,5,1,1,2,1,301
522180,92,0,1,4,2,4,4,1,1,0,0,0,1,110
522190,87,1,3,9,8,2,2,3,0,0,3,1,0,119
522200,70,4,4,5,3,6,6,1,3,4,3,0,1,110
522205,90,0,41,16,4,7,0,7,2,3,6,8,0,184
522208,20,0,0,0,1,5,3,0,0,1,2,3,0,35
522210,162,8,4,3,1,4,3,0,0,1,2,2,1,191
530010,457776,14786,11824,14051,10646,10871,9882,11708,12059,11482,10935,12102,8978,597100
0,388737,33083,21215,26588,24956,36608,31804,29499,30336,33291,31952,29335,21925,739329
99,18653466,961187,754052,900111,786406,918300,787689,895348,853871,884114,889286,928992,598498,28811320
