Coluna;Mês Desligamento
Município;Não desligado ano;Janeiro;Fevereiro;Março;Abril;Maio;Junho;Julho;Agosto;Setembro;Outubro;Novembro;Dezembro;Total
110001;2481;53;56;106;78;187;103;97;85;82;82;97;178;3685
110002;16061;735;743;948;726;794;850;878;850;823;810;1015;1179;26412
110003;519;13;12;14;21;12;11;17;15;14;16;16;40;720
110004;14107;856;596;684;629;746;1043;762;764;937;786;683;677;23270
110005;2343;66;92;101;83;92;408;55;79;80;57;60;68;3584
110006;1757;88;65;74;54;67;75;72;83;99;198;90;82;2804
110007;824;52;38;35;37;40;29;37;22;34;31;27;55;1261
110008;843;32;36;30;31;45;29;25;12;17;10;14;32;1156
110009;3892;139;206;183;135;135;208;174;148;200;222;211;250;6103
110010;3578;70;105;122;78;89;117;102;111;98;143;107;146;4866
110011;8013;274;357;402;346;347;357;416;365;375;401;421;616;12690
110012;22493;841;966;1184;967;1840;1066;1216;1560;994;1278;1154;1128;36687
110013;2646;54;120;92;64;95;101;118;110;97;131;118;138;3884
110014;1390;27;38;48;45;41;36;26;33;51;32;51;57;1875
110015;4340;183;209;269;211;269;220;244;261;294;236;292;270;7298
110018;8131;385;427;427;410;491;476;1026;563;487;456;471;502;14252
110020;184107;5118;5465;6243;6105;6683;6893;8188;8713;7346;9139;9207;8191;271398
110025;2047;77;88;145;98;97;115;107;70;88;85;93;133;3243
110026;484;14;20;18;11;24;22;28;17;18;17;16;22;711
110028;7068;283;368;487;392;362;460;592;705;423;790;373;600;12903
110029;1228;25;41;34;27;43;22;44;33;45;30;87;47;1706
110030;16372;668;724;984;891;816;867;912;993;849;1031;1019;952;27078
110032;2281;78;69;86;88;133;100;103;106;69;109;95;108;3425
110033;1575;45;83;78;36;40;47;46;42;44;131;69;90;2326
110034;1374;51;44;70;50;39;104;77;160;143;278;183;108;2681
110037;827;23;17;12;19;18;21;20;13;23;19;10;31;1053
110040;1434;33;37;52;32;56;40;50;41;64;73;61;77;2050
110045;2948;104;131;177;208;143;186;176;161;154;191;199;348;5126
110050;655;8;14;14;8;12;21;9;11;11;11;25;11;810
110060;476;5;12;19;7;13;11;7;12;17;11;3;16;609
110070;729;16;9;23;28;8;25;23;16;23;23;16;54;993
110080;1375;40;48;49;45;47;51;54;58;46;41;94;60;2008
110090;393;2;9;9;6;17;3;8;7;3;5;12;7;481
110092;1961;102;98;115;119;93;128;156;107;134;90;139;125;3367
110094;1753;60;80;110;71;90;79;112;124;125;146;142;185;3077
110100;583;7;16;18;6;4;21;11;9;10;7;5;19;716
110110;1013;11;16;19;23;45;33;19;36;31;33;27;24;1330
110120;738;10;10;40;109;14;23;16;20;16;9;19;13;1037
110130;1059;13;15;33;23;25;23;23;21;35;21;23;29;1343
110140;1185;37;47;54;40;37;38;58;61;38;188;40;51;1874
110143;448;5;4;7;5;9;6;10;3;3;3;4;5;512
110145;395;15;21;15;10;16;11;19;13;8;17;29;21;590
110146;403;31;18;29;27;22;25;28;19;26;22;19;47;716
110147;307;25;32;9;8;14;61;8;9;11;5;25;5;519
110148;405;2;8;11;11;13;10;7;9;9;11;4;16;516
110149;1240;39;27;139;40;37;31;76;17;37;37;32;70;1822
110150;853;14;19;25;42;25;30;26;17;52;25;27;34;1189
110155;431;3;5;13;13;4;6;8;9;4;8;6;9;519
110160;730;11;23;20;13;14;23;19;14;23;12;15;12;929
110170;807;23;16;30;18;24;24;25;35;23;18;26;31;1100
110175;588;10;6;9;10;12;26;18;14;9;11;11;23;747
110180;600;0;7;10;8;4;11;6;15;5;5;10;4;685
119999;0;0;0;0;0;0;0;0;0;0;0;0;0;0
120001;813;20;45;19;31;15;17;19;27;13;28;16;118;1181
120005;331;5;2;2;2;3;6;2;3;1;2;1;13;373
120010;1345;20;37;59;51;31;30;32;25;34;39;29;91;1823
120013;670;15;22;32;20;24;25;10;26;16;22;23;30;935
120017;698;31;22;18;10;16;17;16;41;34;298;66;21;1288
120020;6417;236;180;167;123;183;303;218;219;277;226;422;525;9496
120025;1121;14;13;27;16;12;34;16;25;31;23;26;27;1385
120030;1432;78;29;19;18;14;22;23;43;36;11;9;57;1791
120032;462;2;1;0;0;0;2;0;1;1;0;0;2;471
120033;546;143;9;15;7;9;3;13;17;3;22;13;147;947
120034;585;5;5;2;1;2;7;15;15;105;163;20;5;930
120035;777;1;1;1;0;1;0;1;0;2;1;0;61;846
120038;910;18;15;22;20;16;18;25;25;19;14;18;72;1192
120039;443;0;1;2;0;0;1;0;5;0;1;1;3;457
120040;96778;2272;2065;2415;2428;2518;2338;2591;2448;2499;3033;3614;3333;128332
120042;688;0;6;2;5;8;4;6;9;10;2;5;2;747
120043;206;1;0;0;0;0;0;0;0;0;0;0;1;208
120045;2270;44;62;79;71;103;84;163;66;66;76;63;39;3186
120050;1636;72;37;43;30;34;41;66;60;41;73;141;138;2412
120060;1406;22;19;24;23;23;31;24;24;11;21;16;242;1886
120070;988;34;42;31;21;45;39;65;50;24;25;30;51;1445
120080;665;9;10;20;14;13;7;13;23;8;15;6;14;817
129999;0;0;0;0;0;0;0;0;0;0;0;0;0;0
130002;486;19;4;1;0;0;7;11;1;1;1;1;0;532
130006;371;1;0;4;1;0;1;0;0;0;0;0;1;379
130008;513;0;0;0;0;0;0;0;0;0;1;0;0;514
130010;588;0;0;0;0;0;0;0;0;0;0;0;0;588
130014;752;2;7;4;4;9;6;12;6;22;12;15;38;889
130020;964;0;1;0;0;1;0;3;0;0;0;2;1;972
130030;506;1;4;3;2;3;8;31;5;7;8;2;5;585
130040;684;0;2;0;1;0;2;0;4;13;1;1;0;708
130050;993;0;4;0;1;1;0;0;0;2;1;1;2;1005
130060;1303;8;1;8;1;1;2;3;1;3;0;2;1;1334
130063;16;0;0;0;1;0;0;0;0;0;0;0;0;17
130068;457;0;1;0;1;0;1;0;3;1;0;0;0;464
130070;1669;25;25;19;27;24;22;9;14;18;7;14;36;1909
130080;1616;28;15;11;9;9;15;6;4;6;5;12;12;1748
130083;747;2;1;1;1;0;2;3;2;2;0;0;5;766
130090;21;1;1;1;0;0;0;0;1;1;0;1;2;29
130100;981;1;2;1;0;0;0;1;2;2;1;0;1;992
130110;1336;12;6;4;5;10;1;10;9;8;2;2;23;1428
130115;887;1;2;2;0;1;0;2;0;0;6;1;2;904
130120;6176;68;52;88;56;38;121;89;76;107;103;213;144;7331
130130;1081;0;2;4;5;5;5;4;1;5;0;0;1;1113
130140;1446;3;2;1;3;6;5;1;3;3;4;0;1;1478
130150;746;0;0;2;0;0;0;1;0;1;0;0;3;753
130160;875;1;1;0;0;0;0;0;1;0;0;0;0;878
130165;737;5;4;3;6;1;4;4;1;4;1;1;4;775
130170;2062;68;31;57;41;66;48;46;68;46;44;177;306;3060
130180;371;1;0;0;0;0;0;1;0;0;0;0;0;373
130185;3759;64;66;71;85;99;58;100;82;71;105;100;82;4742
130190;8640;112;122;136;122;111;147;167;160;194;216;233;210;10570
130195;386;0;0;0;0;0;1;3;1;1;0;0;0;392
130200;905;1;1;5;2;2;2;1;1;0;0;5;5;930
130210;409;2;0;0;1;0;1;1;0;0;1;0;26;441
130220;459;0;0;1;1;0;1;1;1;0;1;0;1;466
130230;35;0;0;0;1;0;0;0;0;1;0;0;0;37
130240;1321;4;0;8;9;10;13;6;6;8;12;3;9;1409
130250;5094;91;113;150;110;170;216;145;159;151;118;238;367;7122
130255;413;8;3;6;10;4;10;7;5;8;10;1;580;1065
130260;492429;16183;15911;19106;18423;19033;18805;18745;20657;19916;20173;22415;25961;727757
130270;1014;2;9;3;2;19;5;9;15;9;35;7;13;1142
130280;457;1;0;0;0;0;0;0;1;0;0;0;0;459
130290;2312;13;35;14;66;27;27;32;26;26;18;10;111;2717
130300;829;2;8;7;15;5;47;89;12;11;4;8;18;1055
130310;1012;2;0;1;5;2;4;3;5;2;4;5;3;1048
130320;575;7;13;8;2;3;4;7;0;26;2;0;5;652
130330;747;0;0;0;1;1;0;1;1;3;1;0;2;757
130340;6773;77;59;81;58;160;703;108;70;75;98;82;69;8413
130350;890;0;2;2;1;0;1;1;2;0;6;0;6;911
130353;4640;67;80;124;82;122;83;145;123;161;112;137;1123;6999
130356;2121;25;42;36;26;34;29;27;22;33;27;24;40;2486
130360;201;0;1;1;0;1;0;4;1;0;2;0;5;216
130370;781;1;0;1;0;0;7;0;1;1;1;0;32;825
130380;2476;34;22;338;39;322;77;28;22;17;22;54;85;3536
130390;233;2;2;7;6;7;7;2;28;88;8;0;575;965
130395;417;1;1;0;3;0;0;1;1;0;2;0;1;427
130400;559;4;4;7;4;6;6;2;1;4;10;7;5;619
130406;1799;28;57;75;24;35;42;47;45;58;32;60;61;2363
130410;904;0;0;0;0;0;1;0;0;0;0;0;0;905
130420;3100;57;42;53;44;53;38;50;36;61;61;50;76;3721
130423;184;0;0;0;0;0;0;0;0;0;0;0;0;184
130426;71;1;0;0;0;0;0;0;0;0;0;0;0;72
130430;785;3;1;3;2;6;4;3;2;2;2;2;3;818
130440;625;0;2;0;0;1;0;0;0;1;0;2;0;631
139999;0;0;0;0;0;0;0;0;0;0;0;0;0;0
140002;435;10;1;10;9;2;4;9;3;49;5;6;4;547
140005;642;9;6;11;5;4;2;9;5;4;5;12;44;758
140010;70034;1541;1461;1780;1596;2006;1768;2003;1939;1616;2331;2333;3196;93604
140015;801;5;12;4;0;9;8;8;0;2;4;6;6;865
140017;328;2;19;22;12;23;18;17;18;14;20;19;28;540
140020;1144;68;7;16;32;97;47;10;28;9;18;58;209;1743
140023;305;108;6;15;10;5;6;5;3;5;43;3;117;631
140028;370;6;6;5;5;4;6;12;4;3;3;22;39;485
140030;1078;7;14;23;12;12;13;11;17;3;11;11;10;1222
140040;474;1;0;2;1;3;6;1;4;1;4;0;1;498
140045;157;6;7;11;4;11;6;16;5;5;5;6;7;246
140047;1832;17;28;46;25;52;86;103;36;30;28;46;52;2381
140050;392;2;3;4;8;10;43;9;11;16;7;19;44;568
140060;322;3;9;1;2;2;0;2;1;5;1;3;1;352
140070;271;0;8;5;2;1;3;1;3;1;3;2;10;310
149999;0;0;0;0;0;0;0;0;0;0;0;0;0;0
150010;6565;89;92;109;132;139;139;134;155;127;115;103;181;8080
150013;559;11;3;22;4;10;14;21;13;10;21;15;21;724
150020;4406;66;64;88;22;50;44;44;28;54;46;169;39;5120
150030;1766;34;6;8;9;9;6;5;5;19;7;43;42;1959
150034;1304;51;56;80;62;95;90;190;93;46;74;52;69;2262
150040;2997;25;10;24;25;125;26;41;20;13;15;23;19;3363
150050;7889;212;199;235;189;227;171;155;180;266;178;228;426;10555
150060;10178;309;210;341;293;339;341;304;350;413;369;384;1444;15275
150070;878;1;3;1;2;0;0;3;0;2;5;0;1;896
150080;56418;1665;1567;2275;2128;1753;2177;1927;3326;2261;1975;2020;2665;82157
150085;1025;29;47;42;40;89;31;31;61;39;36;31;401;1902
150090;115;3;7;5;1;1;1;1;3;4;3;5;0;149
150095;1134;6;9;9;6;6;5;8;3;5;12;4;51;1258
150100;840;28;24;24;6;11;15;4;10;7;8;4;66;1047
150110;302;2;1;4;5;1;2;2;0;0;1;0;1;321
150120;1669;22;16;10;7;13;6;13;19;27;19;16;28;1865
150125;452;21;11;29;10;15;16;22;12;30;12;22;13;665
150130;17337;552;550;1597;810;1081;646;862;815;740;701;615;1282;27588
150140;391168;8923;9789;11486;9754;8836;10553;9725;12543;10842;10168;12143;13008;518938
150145;941;7;20;13;13;11;10;6;8;7;10;9;3;1058
150150;6263;201;185;214;174;159;203;191;301;246;197;279;267;8880
150157;1824;53;45;49;39;54;58;88;76;82;95;132;204;2799
150160;875;24;39;37;15;25;15;12;18;12;23;29;17;1141
150170;5270;131;61;83;73;135;90;68;104;86;73;56;86;6316
150172;691;8;8;12;8;6;5;11;23;8;11;15;10;816
150175;496;9;13;10;9;13;6;12;15;12;10;8;16;629
150178;2896;95;129;94;73;190;110;270;96;78;80;102;257;4470
150180;5606;71;94;72;73;65;65;84;69;63;90;96;495;6943
150190;300;5;8;10;4;6;9;4;12;22;7;7;8;402
150195;50;0;1;1;13;0;0;0;0;0;2;0;0;67
150200;795;0;0;0;0;0;2;0;0;2;1;1;3;804
150210;5198;22;28;30;18;28;16;23;24;19;20;13;23;5462
150215;4972;119;124;134;147;106;222;101;172;154;177;167;241;6836
150220;5462;107;101;136;120;115;183;116;115;137;145;175;288;7200
150230;2714;61;49;52;69;28;43;66;46;45;35;36;41;3285
150240;28783;871;670;1014;792;846;1140;988;982;967;1154;1295;1231;40733
150250;658;11;10;10;9;23;6;3;7;6;4;3;4;754
150260;320;1;2;0;1;2;0;0;1;2;1;0;0;330
150270;2885;144;125;143;92;114;120;120;132;96;126;134;229;4460
150275;2113;26;26;24;31;19;13;15;14;73;27;40;33;2454
150276;1823;112;191;141;195;170;127;166;136;134;111;135;148;3589
150277;1138;38;56;81;62;89;71;95;68;74;67;50;68;1957
150280;810;0;1;1;0;3;3;2;1;0;0;0;0;821
150285;866;33;1;7;5;7;1;11;4;6;1;0;0;942
150290;1259;34;11;18;14;13;42;21;27;16;26;12;97;1590
150293;5392;984;170;225;194;161;187;207;175;158;176;191;388;8608
150295;2181;34;35;52;46;24;49;33;28;25;37;42;37;2623
150300;580;3;1;2;10;1;5;3;0;3;1;1;15;625
150304;1307;16;17;22;23;15;28;13;34;25;13;16;17;1546
150307;919;3;0;1;0;1;0;0;0;0;1;1;1;927
150309;3110;468;78;99;109;94;105;141;123;143;138;98;167;4873
150310;1511;1;13;2;2;5;2;3;122;2;3;1;34;1701
150320;2780;65;79;63;110;110;335;74;78;82;42;54;58;3930
150330;3300;9;32;27;17;14;27;31;13;12;19;24;27;3552
150340;685;12;21;15;3;9;8;6;6;8;13;40;16;842
150345;1494;99;118;75;94;73;55;88;101;120;83;78;69;2547
150350;1328;3;1;6;3;5;8;3;4;8;4;5;5;1383
150360;8357;154;140;195;206;574;236;198;244;202;265;587;479;11837
150370;2361;53;63;42;50;415;46;56;32;62;23;31;72;3306
150375;620;2;3;12;8;9;6;14;12;7;6;21;422;1142
150380;4553;115;131;140;210;92;134;101;123;112;119;104;245;6179
150390;4948;202;95;146;72;146;129;106;102;137;107;102;141;6433
150400;944;0;0;0;0;0;0;0;0;0;0;0;0;944
150405;2243;64;37;108;25;38;28;29;40;34;37;34;204;2921
150410;221;8;3;2;2;2;1;39;0;0;4;1;0;283
150420;41745;1726;1367;1819;1479;1788;2096;1748;2214;1496;1895;1918;2641;63932
150430;1816;15;22;21;7;9;11;3;3;9;1;2;2;1921
150440;1035;5;10;11;9;6;12;17;17;20;9;7;5;1163
150442;13300;346;311;276;247;238;350;220;277;256;281;325;322;16749
150445;1181;13;9;12;19;17;13;17;16;18;12;11;29;1367
150450;884;2;2;3;2;2;143;1;2;2;2;132;17;1194
150460;131;3;1;5;3;2;7;1;3;18;3;5;4;186
150470;6832;247;181;192;160;220;248;218;223;172;225;233;272;9423
150475;0;0;0;0;0;0;0;0;0;0;0;0;0;0
150480;2682;54;62;66;34;38;23;29;20;30;85;328;58;3509
150490;946;4;9;2;4;6;20;4;3;6;6;10;68;1088
150495;1266;59;2;9;11;9;7;9;8;5;3;10;4;1402
150497;812;25;16;26;15;12;65;26;12;11;7;13;21;1061
150500;797;2;0;1;5;4;5;1;8;1;4;2;4;834
150503;2275;65;64;73;81;74;81;106;95;112;90;96;156;3368
150506;3530;131;108;167;100;161;120;99;103;111;280;169;744;5823
150510;2767;71;21;59;61;45;62;231;101;52;41;37;321;3869
150520;1174;3;5;8;5;5;5;3;13;21;3;2;71;1318
150530;7139;257;150;179;215;205;203;146;173;211;149;153;530;9710
150540;714;6;5;10;10;9;11;12;12;9;5;11;11;825
150543;5522;169;128;251;214;232;347;607;573;584;652;440;685;10404
150548;1650;32;87;78;33;44;25;29;28;51;30;47;107;2241
150549;371;5;1;3;2;12;3;8;7;12;0;5;26;455
150550;17833;670;651;751;573;678;873;690;730;802;829;724;957;26761
150553;38030;1605;1821;2506;1807;1803;1952;1933;1922;2369;3460;2519;5491;67218
150555;702;14;13;19;11;4;21;13;11;15;19;13;39;894
150560;416;3;3;4;2;0;29;3;4;0;4;2;7;477
150563;1243;28;34;43;79;42;43;84;52;52;48;34;35;1817
150565;965;6;14;9;25;16;14;17;35;22;12;15;18;1168
150570;1038;2;10;4;6;2;5;5;3;3;1;17;148;1244
150580;2411;52;56;30;47;27;21;95;57;33;71;38;530;3468
150590;1115;15;9;13;5;5;5;6;12;4;8;4;6;1207
150600;991;5;57;25;7;15;4;27;14;9;14;19;136;1323
150610;466;3;3;3;6;0;1;0;0;5;2;5;81;575
150611;603;0;5;22;2;1;7;7;7;1;2;2;22;681
150613;10644;288;300;464;416;427;473;539;542;446;967;499;480;16485
150616;2086;74;53;57;89;53;92;91;126;78;64;58;83;3004
150618;4684;155;162;250;197;160;202;254;158;213;177;189;231;7032
150619;1608;17;15;19;21;12;53;17;14;14;24;20;19;1853
150620;2364;86;29;44;36;35;33;37;45;33;44;65;39;2890
150630;1033;14;10;38;18;3;26;13;8;13;8;16;452;1652
150635;1305;64;26;132;36;68;59;58;40;53;70;63;57;2031
150640;262;1;0;7;0;2;4;1;3;0;2;0;95;377
150650;6986;218;175;152;173;177;171;217;225;223;266;190;200;9373
150655;1044;14;10;17;11;7;5;8;12;5;5;3;2;1143
150658;1438;131;178;177;158;204;117;661;99;84;90;69;66;3472
150660;1195;11;13;12;13;12;20;17;16;15;12;13;19;1368
150670;4056;149;193;216;374;123;193;163;156;118;202;171;271;6385
150680;33400;814;853;976;745;676;982;944;952;871;836;1016;863;43928
150690;463;0;0;0;0;0;0;0;0;0;1;1;0;465
150700;1825;39;21;30;20;30;25;24;28;19;155;76;40;2332
150710;695;11;14;12;5;5;2;7;6;2;26;0;138;923
150715;1372;22;16;12;16;51;16;33;31;23;8;7;12;1619
150720;1250;13;9;20;13;10;18;15;9;12;15;12;16;1412
150730;4664;153;203;183;210;185;237;227;229;281;268;252;329;7421
150740;790;12;4;5;12;8;12;11;18;28;20;11;50;981
150745;2041;54;63;71;50;39;51;58;44;37;41;50;58;2657
150746;309;2;0;5;1;0;2;4;1;1;3;2;0;330
150747;746;9;13;6;12;3;6;25;4;9;5;37;75;950
150750;463;3;7;3;9;18;6;10;3;17;7;4;5;555
150760;3712;97;95;168;67;118;148;163;132;164;210;133;131;5338
150770;903;0;1;115;2;5;0;18;3;3;5;5;60;1120
150775;694;38;36;27;41;50;45;50;34;37;20;40;47;1159
150780;593;20;42;32;5;10;28;10;7;6;7;12;38;810
150790;1127;16;13;8;9;10;9;2;8;16;6;8;10;1242
150795;8780;602;254;358;176;229;277;261;270;301;287;199;251;12245
150796;613;4;0;5;9;22;7;27;25;4;1;3;5;725
150797;905;7;4;5;4;6;5;4;15;3;6;6;29;999
150800;6612;176;154;201;125;153;162;130;164;185;191;185;320;8758
150803;1169;352;70;9;10;11;4;15;92;20;11;6;6;1775
150805;446;39;24;15;17;15;6;6;22;19;18;19;417;1063
150808;3047;114;87;119;89;82;136;103;121;131;503;166;302;5000
150810;12163;595;385;621;483;558;577;432;677;1165;626;912;923;20117
150812;3860;627;129;130;129;132;228;137;216;195;242;259;636;6920
150815;2941;92;138;137;97;85;134;102;200;135;125;82;117;4385
150820;2724;40;34;63;47;34;206;34;30;59;82;289;382;4024
150830;2337;122;41;19;30;29;83;11;12;13;9;11;994;3711
150835;500;9;7;15;13;11;8;18;14;10;19;16;28;668
150840;6160;317;256;334;309;323;391;301;265;276;266;265;372;9835
159999;0;0;0;0;0;0;0;0;0;0;0;0;0;0
160005;355;5;2;4;10;7;4;3;6;5;6;5;11;423
160010;445;2;3;7;3;1;7;3;4;7;9;5;19;515
160015;1453;55;138;44;53;66;52;46;41;42;37;47;29;2103
160020;518;9;13;5;5;3;39;5;9;9;7;16;74;712
160021;296;1;0;0;0;2;1;0;1;1;0;1;0;303
160023;464;6;5;8;8;5;4;7;6;3;12;9;20;557
160025;251;0;2;4;1;0;43;3;10;7;5;27;1;354
160027;2480;21;26;30;49;28;21;41;33;150;36;44;39;2998
160030;88053;2077;1735;2340;2287;2634;2527;2561;2627;2786;3226;4003;2556;119412
160040;1190;8;16;8;8;19;18;16;16;15;14;18;75;1421
160050;1021;31;20;24;32;26;20;15;31;25;23;27;38;1333
160053;1384;55;31;30;29;30;28;45;64;72;53;34;33;1888
160055;311;2;0;0;1;0;1;0;0;2;0;3;9;329
160060;9039;244;161;196;136;185;208;183;242;234;220;253;309;11610
160070;405;56;17;9;24;11;15;20;16;23;12;9;396;1013
160080;526;8;15;12;10;17;7;14;11;5;10;83;126;844
169999;0;0;0;0;0;0;0;0;0;0;0;0;0;0
170025;212;2;4;2;2;2;1;4;1;2;8;8;5;253
170030;489;187;14;18;15;15;21;12;20;16;12;25;13;857
170035;476;20;6;7;14;8;9;5;7;15;12;14;10;603
170040;648;8;9;8;8;23;17;18;12;8;19;9;13;800
170070;1898;65;49;69;100;108;137;97;175;165;203;144;214;3424
170100;1003;24;36;69;65;51;36;24;73;25;27;49;81;1563
170105;265;24;18;10;11;72;16;2;4;3;21;21;9;476
170110;264;3;3;4;23;7;12;2;7;8;12;5;53;403
170130;334;12;20;9;14;22;20;21;8;15;15;16;5;511
170190;452;4;6;23;5;8;46;25;6;1;4;4;4;588
170200;1150;20;36;35;30;31;33;31;19;34;44;33;73;1569
170210;25005;756;989;1334;1031;1042;1137;1095;1153;1173;923;1149;1607;38394
170215;491;20;16;50;45;27;24;10;21;21;11;13;70;819
170220;2077;57;76;94;81;102;78;107;124;145;67;95;37;3140
170230;821;34;20;23;36;21;34;41;45;44;70;41;33;1263
170240;679;9;13;33;19;18;101;77;23;19;71;17;122;1201
170255;1070;22;24;21;17;19;17;22;23;28;26;23;29;1341
170270;232;0;1;0;0;1;4;5;1;0;2;1;3;250
170290;686;10;4;14;5;5;14;14;16;3;10;22;14;817
170300;848;27;57;78;273;78;50;48;30;37;24;44;85;1679
170305;459;15;15;25;27;27;25;26;23;30;25;31;71;799
170307;205;5;1;3;1;1;5;2;2;2;1;0;1;229
170310;420;15;14;5;5;5;14;8;15;26;21;77;7;632
170320;344;13;6;12;11;15;11;5;13;8;7;12;80;537
170330;217;6;6;1;3;1;3;5;0;1;0;0;10;253
170360;286;9;6;10;4;2;4;3;1;5;3;2;2;337
170370;875;9;14;14;56;21;22;17;14;13;15;21;92;1183
170380;482;3;4;3;6;3;2;2;2;2;2;4;3;518
170382;163;0;0;0;0;0;0;4;0;2;1;1;1;172
170384;559;49;9;43;54;107;25;15;20;5;23;15;41;965
170386;509;12;12;22;12;24;8;10;13;17;24;17;21;701
170388;283;3;8;6;4;15;8;5;11;7;4;2;9;365
170389;172;0;0;1;0;0;1;0;1;2;1;0;1;179
170390;352;8;4;6;4;5;4;2;14;13;8;7;10;437
170410;238;0;0;0;2;0;1;3;0;0;0;0;1;245
170460;154;5;4;0;2;3;0;3;3;0;2;1;6;183
170510;209;4;6;2;8;2;6;2;6;10;4;3;28;290
170550;3433;92;112;114;111;155;174;149;189;119;446;342;168;5604
170555;268;1;1;5;7;7;4;3;8;4;5;7;10;330
170560;244;2;3;11;2;4;1;0;0;1;1;2;0;271
170600;277;18;2;9;13;7;25;17;9;11;2;4;34;428
170610;633;19;14;14;26;14;17;20;10;15;15;28;32;857
170625;116;4;0;2;1;1;1;2;1;2;2;4;73;209
170650;341;9;7;15;35;13;14;26;23;18;3;8;9;521
170700;1832;47;41;57;49;59;67;59;47;55;70;77;91;2551
170710;647;10;10;12;20;18;17;10;15;7;13;18;14;811
170720;330;11;4;11;45;31;21;15;31;14;20;47;34;614
170730;508;11;18;14;13;16;12;11;12;22;11;19;15;682
170740;474;0;1;2;0;0;0;0;1;0;1;4;8;491
170755;388;2;3;3;5;6;3;5;6;4;2;3;2;432
170765;593;14;13;23;33;28;17;23;19;17;9;17;12;818
170770;717;15;16;30;18;22;28;54;30;24;68;22;34;1078
170820;2144;40;50;71;67;154;138;78;73;106;104;136;129;3290
170825;450;16;11;17;17;17;22;20;15;38;28;15;62;728
170830;197;0;0;1;3;1;5;2;1;2;1;1;2;216
170900;633;2;7;8;8;28;17;10;12;4;11;11;73;824
170930;2626;98;133;173;314;119;102;104;154;108;74;79;117;4201
170950;15104;716;466;468;478;474;705;632;577;693;674;688;985;22660
170980;170;6;1;2;5;4;0;1;1;1;2;1;3;197
171050;450;1;8;3;5;6;11;9;9;8;7;3;11;531
171070;381;1;5;2;1;4;3;1;2;4;5;3;4;416
171090;269;2;4;3;5;4;23;10;11;1;1;3;4;340
171110;334;9;26;15;18;7;5;19;9;4;11;28;29;514
171150;305;2;1;3;0;2;1;2;4;3;5;2;2;332
171180;146;0;1;4;0;0;0;1;2;0;0;0;1;155
171190;941;25;29;61;41;41;57;57;68;35;24;48;47;1474
171195;143;0;1;3;0;1;1;2;3;1;0;2;54;211
171200;426;7;7;13;15;15;7;21;14;8;15;6;16;570
171215;13;0;0;0;0;0;0;0;0;0;1;0;1;15
171240;99;0;0;0;0;0;1;0;1;0;2;1;64;168
171245;207;3;0;5;6;1;2;1;3;3;2;1;11;245
171250;477;5;10;13;12;9;16;12;13;14;21;11;17;630
171270;286;6;6;6;10;11;7;10;7;8;12;20;60;449
171280;199;0;2;1;1;2;3;4;0;1;1;1;3;218
171320;2833;89;106;113;123;142;232;163;319;985;340;236;121;5802
171330;1014;23;44;69;44;40;35;42;34;32;30;41;147;1595
171360;450;3;7;16;7;3;6;12;10;12;7;9;45;587
171370;160;2;3;7;2;1;4;1;8;1;2;0;45;236
171380;240;6;8;3;6;8;26;17;11;26;13;5;15;384
171395;374;24;18;11;22;22;13;20;30;27;9;17;36;623
171420;728;59;21;11;11;13;29;14;16;23;17;21;27;990
171430;244;3;5;4;6;1;5;9;6;4;1;4;5;297
171488;1166;39;39;49;44;42;45;28;32;34;52;108;149;1827
171500;223;6;4;2;4;3;9;1;2;3;4;0;12;273
171510;235;1;1;2;21;1;2;1;3;3;2;14;7;293
171515;151;0;0;0;2;1;1;3;0;3;0;1;0;162
171525;292;7;6;5;0;0;4;2;5;2;1;4;2;330
171550;156;0;3;0;0;0;0;1;0;0;1;0;0;161
171570;119;0;7;8;28;6;22;6;5;8;4;6;9;228
171575;588;18;23;25;9;13;12;11;28;11;11;22;14;785
171610;7518;281;275;264;270;327;359;357;406;309;309;300;338;11313
171620;675;9;5;5;0;4;5;5;9;5;6;2;7;737
171630;389;8;11;9;9;4;7;8;8;7;5;6;11;482
171650;2295;69;114;115;181;208;103;109;148;121;106;137;347;4053
171660;1159;15;19;23;14;21;56;24;39;36;51;35;133;1625
171665;296;3;5;10;4;4;7;5;17;1;5;32;55;444
171670;956;59;36;52;29;70;66;43;30;36;29;36;106;1548
171700;216;1;5;4;2;1;2;0;2;0;0;1;11;245
171720;473;23;18;25;25;11;13;10;20;39;34;10;21;722
171750;488;10;7;15;7;15;12;21;10;14;17;24;207;847
171780;185;2;10;3;2;6;2;2;4;0;0;2;2;220
171790;266;12;3;5;6;2;2;2;5;5;6;23;99;436
171800;201;0;0;5;0;1;1;2;3;0;3;1;31;248
171820;6516;222;210;266;235;286;301;368;269;408;362;517;1188;11148
171830;247;0;4;0;0;0;1;1;0;1;0;0;4;258
171840;394;8;7;7;12;14;11;14;13;13;37;35;31;596
171845;244;24;27;31;28;14;33;25;21;52;22;37;19;577
171850;254;0;0;3;0;1;3;2;8;14;3;1;2;291
171855;282;1;1;0;1;1;1;2;4;3;0;2;16;314
171865;157;10;6;3;1;1;47;2;0;3;0;1;42;273
171870;253;10;3;14;12;6;7;7;3;20;7;2;19;363
171875;273;5;4;1;2;1;1;1;5;4;1;8;3;309
171880;234;2;1;1;1;0;0;0;1;0;0;1;1;242
171884;356;6;7;6;7;5;6;4;3;6;13;3;6;428
171886;655;18;116;20;19;18;22;23;14;25;17;22;88;1057
171888;170;0;2;2;1;3;5;2;18;2;1;4;15;225
171889;205;1;3;1;2;5;3;2;3;4;9;1;3;242
171890;305;5;3;4;15;5;6;1;10;9;13;7;67;450
171900;198;1;0;1;0;1;1;2;2;0;5;1;3;215
172000;192;0;2;7;5;2;8;3;10;3;1;4;6;243
172010;184;0;1;4;2;4;1;4;25;3;2;1;75;306
172015;118;0;0;0;1;1;0;0;0;1;0;0;2;123
172020;519;4;3;10;7;5;11;5;3;8;3;8;9;595
172025;272;45;12;34;21;4;18;19;86;7;2;2;10;532
172030;305;0;2;8;5;4;7;3;3;4;0;2;3;346
172049;285;3;3;6;2;0;3;3;7;4;1;0;2;319
172065;373;6;12;3;15;17;4;9;10;9;10;10;55;533
172080;520;2;2;2;3;0;3;0;5;1;1;5;4;548
172085;288;2;1;2;4;2;3;6;6;1;1;2;4;322
172090;1054;12;10;13;14;11;11;67;18;32;18;39;95;1394
172093;232;6;5;8;6;63;8;7;37;4;2;6;13;397
172097;392;4;2;5;5;5;10;6;8;5;10;9;14;475
172100;112915;1807;2156;2570;2450;2280;2607;2850;3202;2948;3501;3413;5370;148069
172110;411;5;33;6;8;7;6;3;5;2;4;7;58;555
172120;1723;50;69;51;52;57;45;151;64;75;38;44;353;2772
172125;161;2;1;6;2;5;3;1;1;1;2;0;8;193
172130;236;1;3;2;1;0;13;3;6;0;3;2;0;270
172208;933;47;17;51;53;21;22;23;47;29;20;41;24;1328
172210;1181;70;52;63;102;71;56;73;79;63;34;56;57;1957
179999;0;0;0;0;0;0;0;0;0;0;0;0;0;0
210005;13632;773;701;681;1032;1128;1063;1137;1531;675;1254;1039;1448;26094
210010;11;0;0;4;1;1;0;2;2;0;0;0;0;21
210015;44;2;1;2;0;1;3;1;2;0;1;1;3;61
210020;771;13;3;4;15;10;29;33;6;3;5;14;2;908
210030;2131;369;79;59;41;16;26;43;38;32;42;19;380;3275
210040;110;0;0;7;1;0;6;1;0;1;1;0;2;129
210043;921;4;1;5;3;3;4;4;6;5;1;5;5;967
210047;436;2;0;1;0;0;0;0;1;1;2;0;0;443
210050;653;32;15;22;48;38;24;13;10;6;14;59;127;1061
210055;254;0;0;0;0;0;1;0;0;1;2;0;0;258
210060;175;3;4;5;9;8;23;3;3;14;8;5;7;267
210070;511;6;2;9;0;7;4;1;2;2;9;1;6;560
210080;841;8;7;7;2;24;10;19;17;12;3;7;9;966
210083;561;28;3;3;4;4;0;0;1;1;0;0;2;607
210087;261;1;0;0;0;0;1;0;0;0;1;0;0;264
210090;272;7;27;4;14;7;13;5;10;7;7;5;4;382
210095;923;6;4;5;6;2;3;1;1;0;4;2;2;959
210100;968;1;8;3;4;3;6;8;2;2;4;3;3;1015
210110;264;1;1;1;2;1;2;0;2;1;0;1;1;277
210120;6203;163;204;165;196;166;144;150;153;159;118;192;195;8208
210125;1965;17;21;43;26;27;36;88;62;41;136;62;52;2576
210130;525;1;2;0;2;3;1;1;5;0;2;1;3;546
210135;149;0;0;0;0;1;0;0;0;0;1;0;1;152
210140;12870;495;503;643;503;827;726;519;557;570;574;656;1271;20714
210150;911;21;26;18;19;18;22;21;15;33;24;13;16;1157
210160;3298;112;191;194;255;130;172;83;185;232;101;102;100;5155
210170;2393;25;29;44;12;18;37;43;44;25;44;43;56;2813
210173;238;0;0;0;0;0;0;0;0;0;0;0;0;238
210177;55;3;5;1;6;12;1;2;0;1;1;2;2;91
210180;229;3;2;3;7;9;4;13;7;17;2;0;0;296
210190;475;0;0;0;0;0;0;1;0;0;0;0;0;476
210193;183;1;0;0;1;5;1;0;1;4;0;0;10;206
210197;240;1;0;1;0;0;2;0;0;1;0;1;175;421
210200;1059;5;5;5;7;7;15;8;29;11;11;14;53;1229
210203;1160;10;25;46;49;11;22;53;18;25;11;26;29;1485
210207;237;3;0;0;0;0;1;1;1;3;0;0;2;248
210210;584;5;21;21;20;11;6;12;12;28;33;11;37;801
210215;221;0;1;1;0;0;0;0;0;0;1;0;5;229
210220;842;2;5;26;2;2;4;4;6;10;15;2;4;924
210230;546;4;3;3;0;0;4;1;3;1;1;0;1;567
210232;2725;25;39;26;34;46;36;31;39;46;63;37;61;3208
210235;469;3;7;3;5;0;4;7;1;2;0;1;2;504
210237;175;0;0;0;0;0;0;0;0;0;0;0;0;175
210240;253;0;0;0;0;0;0;0;0;0;0;0;0;253
210250;481;4;1;1;4;0;1;2;4;0;1;2;0;501
210255;1355;68;7;20;36;48;25;102;189;143;117;239;1156;3505
210260;430;6;0;4;1;1;1;2;2;2;2;3;4;458
210270;658;50;0;1;2;3;9;6;1;7;5;0;5;747
210275;588;7;1;4;8;7;3;8;7;6;6;8;5;658
210280;2532;68;84;55;66;107;94;98;115;243;192;147;117;3918
210290;1085;5;6;7;7;22;7;8;12;4;6;6;11;1186
210300;11911;224;147;197;134;153;179;250;203;168;166;257;254;14243
210310;273;0;0;0;1;0;0;0;0;0;0;0;2;276
210312;183;0;0;0;0;0;0;0;0;0;0;0;1;184
210315;321;0;0;1;0;4;1;2;3;2;2;1;0;337
210317;347;3;8;12;8;10;20;25;22;52;28;17;52;604
210320;4213;30;47;83;58;44;75;71;59;53;167;101;101;5102
210325;1461;15;18;19;64;24;30;53;49;30;19;37;45;1864
210330;6857;208;126;146;158;161;127;131;173;116;111;155;139;8608
210340;3058;571;22;49;29;25;34;24;36;38;1633;284;29;5832
210350;1229;30;29;42;34;32;19;16;20;24;21;48;24;1568
210355;699;0;0;0;0;0;1;0;0;0;0;0;0;700
210360;2802;46;31;18;25;35;73;37;24;32;19;24;121;3287
210370;1226;2;7;4;1;2;3;3;4;4;2;7;3;1268
210375;460;12;25;18;13;24;13;14;14;20;14;15;5;647
210380;1620;28;13;25;17;30;27;21;31;24;23;28;41;1928
210390;526;0;0;1;1;1;3;2;1;0;1;1;0;537
210400;677;2;5;1;2;2;3;1;5;4;1;4;4;711
210405;7245;341;401;799;611;1081;1061;441;1950;1028;1062;1089;2349;19458
210407;377;1;1;0;1;0;0;0;0;0;1;1;0;382
210408;178;0;0;1;1;0;27;6;10;1;6;3;2;235
210409;565;6;4;24;10;14;20;15;18;19;5;10;13;723
210410;618;4;11;1;5;4;7;10;12;11;10;7;10;710
210420;384;0;1;0;1;0;0;1;2;1;2;2;1;395
210430;923;15;32;24;56;39;36;23;21;21;15;41;13;1259
210440;407;0;2;0;1;0;6;0;3;1;1;0;1;422
210450;310;1;3;3;2;9;6;1;1;2;0;3;4;345
210455;1720;18;35;59;43;53;51;59;85;60;62;50;33;2328
210460;589;0;1;2;6;2;2;0;2;3;4;3;0;614
210462;296;0;0;0;0;0;1;5;0;1;0;0;1;304
210465;297;3;2;0;0;4;2;3;0;2;3;0;2;318
210467;1290;9;20;19;30;15;15;14;6;9;5;9;5;1446
210470;182;0;0;0;0;0;0;0;0;0;0;0;1;183
210480;5123;166;183;257;188;202;227;178;210;233;208;250;224;7649
210490;573;0;2;1;1;0;1;0;0;0;0;0;0;578
210500;1362;3;2;2;0;3;0;4;7;1;0;3;3;1390
210510;1065;0;0;2;4;1;0;0;5;1;4;0;0;1082
210515;600;16;5;17;292;83;7;5;15;4;10;24;2;1080
210520;67;0;0;0;2;3;5;0;4;1;2;4;2;90
210530;42302;1393;1719;1519;1513;1623;1514;1665;1534;1564;1402;1817;2019;61584
210535;140;0;0;0;0;0;0;0;0;0;0;0;0;140
210540;4574;54;65;98;182;67;82;86;101;113;79;80;111;5692
210542;1750;93;64;62;41;61;61;74;58;51;38;69;62;2484
210545;348;0;0;0;0;0;0;0;0;0;0;0;0;348
210547;340;0;0;0;0;0;0;0;0;0;0;0;0;340
210550;1430;8;13;20;4;12;7;15;20;11;21;23;17;1601
210560;502;7;0;3;0;1;3;0;0;3;0;2;1;522
210565;152;2;0;0;1;5;0;1;0;6;3;4;8;182
210570;1723;19;29;29;11;15;14;26;9;6;9;15;13;1918
210580;342;2;0;2;1;0;3;2;0;0;0;0;2;354
210590;419;3;2;0;0;3;1;2;0;1;2;3;0;436
210592;242;5;0;2;5;4;19;0;1;0;1;0;0;279
210594;387;1;2;1;0;3;2;0;1;0;0;1;2;400
210596;187;0;0;2;0;0;0;0;1;0;0;1;1;192
210598;281;1;1;7;4;3;4;3;0;2;2;2;11;321
210600;564;0;3;0;2;2;6;3;1;2;4;2;0;589
210610;797;15;25;13;19;38;31;74;26;13;36;19;51;1157
210620;204;0;1;0;0;0;0;0;0;0;0;0;0;205
210630;766;3;12;26;0;2;19;13;8;2;1;4;37;893
210632;744;5;7;1;11;7;11;6;16;11;9;9;124;961
210635;93;0;0;0;0;0;0;0;0;0;0;0;0;93
210637;181;2;0;1;1;2;3;0;0;2;5;0;262;459
210640;911;0;0;7;3;2;3;4;1;0;0;1;0;932
210650;1140;2;4;2;5;3;4;1;3;3;9;1;1;1178
210660;1537;2;2;7;5;1;2;2;6;5;2;7;0;1578
210663;253;85;4;1;1;273;0;9;4;2;3;3;186;824
210667;240;0;1;3;4;1;1;1;12;4;0;7;6;280
210670;456;2;1;4;3;2;16;8;6;11;6;13;11;539
210675;749;2;4;10;15;4;7;8;6;5;6;7;6;829
210680;347;0;3;2;1;0;2;1;2;0;0;0;1;359
210690;753;1;2;7;2;0;1;2;0;1;0;0;2;771
210700;733;4;3;5;4;1;3;8;6;7;4;4;29;811
210710;515;3;0;1;2;2;2;6;4;4;1;1;0;541
210720;320;0;0;0;0;0;0;0;0;0;0;0;0;320
210725;308;11;10;4;11;21;10;12;26;1;7;5;5;431
210730;200;1;5;1;2;6;10;5;18;1;8;2;1;260
210735;205;3;6;2;6;2;5;3;1;0;2;2;3;240
210740;940;2;5;10;7;3;9;3;1;8;4;2;17;1011
210745;468;0;1;1;3;0;1;5;2;2;0;3;1;487
210750;4034;172;287;338;304;327;518;381;264;239;385;266;354;7869
210760;400;0;0;0;1;0;0;0;0;0;0;0;0;401
210770;769;3;5;9;6;5;5;3;12;8;4;7;3;839
210780;1909;15;12;22;21;20;15;15;15;56;19;15;27;2161
210790;375;2;3;7;9;3;9;0;15;5;2;3;4;437
210800;636;0;1;2;7;3;2;2;17;3;2;4;9;688
210805;291;0;0;0;0;0;0;0;0;0;0;0;0;291
210810;644;1;14;2;13;3;8;2;3;2;1;2;0;695
210820;3750;69;65;59;64;51;63;70;74;98;41;52;92;4548
210825;476;0;1;2;0;0;0;0;1;1;0;0;2;483
210830;1396;2;14;7;7;5;5;17;12;4;142;7;3;1621
210840;133;0;0;0;2;2;1;1;0;1;0;0;2;142
210845;923;7;5;11;4;9;7;9;5;14;10;8;8;1020
210850;1169;15;14;86;8;8;10;33;27;4;9;6;13;1402
210860;3980;71;69;85;98;85;72;66;81;86;67;154;383;5297
210870;646;7;5;12;9;9;10;4;5;12;6;7;18;750
210880;491;1;0;0;0;8;9;1;0;1;0;1;0;512
210890;1111;1;4;4;1;3;2;3;2;6;4;4;13;1158
210900;2403;71;50;63;77;95;61;141;78;76;111;128;184;3538
210905;271;0;0;0;0;0;0;0;0;0;0;0;1;272
210910;3168;96;72;68;52;60;60;80;87;76;76;57;83;4035
210920;409;0;2;0;1;0;2;3;0;2;1;0;1;421
210923;352;2;2;5;1;3;1;3;7;1;1;0;0;378
210927;7;1;0;1;0;2;0;0;0;0;0;1;0;12
210930;449;0;0;0;1;0;0;0;0;0;0;0;0;450
210940;62;0;0;0;0;0;0;0;0;0;0;0;0;62
210945;1255;16;11;23;12;71;39;54;43;68;71;80;101;1844
210950;1166;16;14;18;44;62;34;16;21;17;30;18;39;1495
210955;345;4;8;3;7;4;2;2;4;11;4;4;5;403
210960;2132;34;38;61;30;39;48;45;70;36;35;59;75;2702
210970;544;26;14;2;12;81;18;28;2;6;12;18;17;780
210975;1;0;0;0;0;0;0;0;0;0;0;0;2;3
210980;1071;7;3;16;5;6;8;6;5;0;2;4;399;1532
210990;8489;158;172;223;173;213;172;188;207;157;142;195;229;10718
211000;3945;21;27;51;51;38;74;63;68;36;74;52;142;4642
211003;1121;5;10;14;7;6;9;12;4;9;11;2;13;1223
211010;415;1;16;8;27;49;36;48;30;18;11;25;9;693
211020;834;10;21;4;12;16;20;13;16;10;18;6;15;995
211023;199;0;0;0;3;0;3;1;0;3;13;1;0;223
211027;313;0;0;0;0;0;0;1;0;0;0;1;0;315
211030;589;0;0;3;2;2;1;1;3;2;2;2;0;607
211040;351;0;0;0;0;1;0;0;0;1;0;0;0;353
211050;960;7;3;3;7;7;6;8;3;9;9;3;8;1033
211060;1128;5;6;7;2;4;11;6;7;8;9;9;12;1214
211065;234;5;2;12;0;13;13;4;1;0;1;0;5;290
211070;1033;5;2;5;2;11;9;7;4;5;5;7;12;1107
211080;264;0;1;1;9;22;8;8;17;3;10;1;3;347
211085;394;8;3;4;7;12;7;7;9;8;7;1;10;477
211090;507;0;2;0;0;2;2;1;0;0;1;0;5;520
211100;25;1;0;0;0;1;0;0;2;1;2;0;2;34
211102;467;0;1;0;0;0;0;0;0;1;1;3;1;474
211105;456;2;4;2;3;2;1;10;11;1;4;0;1;497
211107;313;0;0;0;0;0;0;0;0;0;0;0;2;315
211110;1422;24;17;33;22;13;28;20;29;14;22;25;18;1687
211120;12756;250;240;323;256;336;331;349;355;371;249;436;408;16660
211125;204;1;0;0;0;0;0;0;0;0;0;0;0;205
211130;324299;11927;6448;9100;7704;9353;11740;8980;11415;8687;8984;11164;10086;439887
211140;687;4;5;7;3;2;2;4;3;2;3;6;3;731
211150;1342;42;33;26;25;16;28;25;33;54;28;27;52;1731
211153;220;10;3;19;7;28;2;3;11;8;3;7;7;328
211157;290;0;2;1;2;2;4;3;1;0;0;3;10;318
211160;2795;74;102;41;35;76;81;150;77;67;109;78;1029;4714
211163;322;0;0;0;0;0;0;0;0;0;0;0;0;322
211167;191;0;0;0;0;0;0;0;0;0;0;0;0;191
211170;420;4;1;1;1;1;0;0;1;0;0;2;1;432
211172;203;0;1;0;0;0;0;0;0;0;0;1;0;205
211174;272;0;0;0;1;1;1;0;0;0;0;1;175;451
211176;785;4;1;8;8;6;7;6;5;3;16;5;4;858
211178;3;0;0;0;0;0;0;0;0;2;0;0;0;5
211180;963;19;23;47;25;24;27;59;31;10;15;17;190;1450
211190;48;2;0;0;0;0;0;1;1;1;2;0;0;55
211195;144;1;3;1;1;1;1;2;3;2;2;2;7;170
211200;1063;131;53;46;71;229;81;57;74;169;213;46;200;2433
211210;704;6;0;3;5;2;8;9;4;3;9;17;3;773
211220;13168;289;220;215;217;211;210;201;203;240;218;220;181;15793
211223;1256;25;21;18;23;13;11;10;16;12;17;15;21;1458
211227;405;0;0;0;4;2;0;0;4;0;1;0;0;416
211230;344;9;10;14;13;9;10;19;20;14;15;10;34;521
211240;912;0;5;1;0;4;5;4;3;2;2;7;0;945
211245;309;0;0;3;2;1;2;1;1;0;0;0;51;370
211250;2490;10;37;8;8;18;9;16;15;16;9;332;18;2986
211260;2167;33;36;23;56;78;45;113;82;58;66;48;103;2908
211270;1641;12;8;3;9;18;9;9;8;11;8;28;2;1766
211280;1659;12;20;14;19;28;17;22;18;18;8;24;17;1876
211285;400;5;3;4;9;5;5;5;20;4;11;2;1;474
211290;1176;3;3;9;1;2;5;6;7;4;3;8;56;1283
211300;1339;12;2;12;21;5;10;10;9;6;6;4;5;1441
211400;1971;15;30;20;28;16;19;23;21;34;35;31;104;2347
219999;0;0;0;0;0;0;0;0;0;0;0;0;0;0
220005;267;1;0;0;0;0;3;0;0;0;0;0;1;272
220010;145;0;0;0;0;0;0;0;0;0;1;0;0;146
220020;980;14;12;17;16;15;15;15;5;11;20;13;19;1152
220025;190;0;0;0;0;0;0;0;0;0;2;1;3;196
220027;157;0;2;0;0;0;0;1;1;0;0;0;0;161
220030;482;6;3;9;7;4;8;12;9;8;27;3;13;591
220040;1862;13;40;86;49;151;51;22;51;50;38;34;78;2525
220045;310;7;8;1;12;18;4;5;3;1;14;2;24;409
220050;733;20;0;9;12;5;3;4;2;1;77;6;5;877
220060;222;0;0;1;0;3;0;1;3;1;1;4;4;240
220070;266;2;1;6;0;1;2;2;2;3;2;3;31;321
220080;273;10;15;17;7;27;3;2;2;2;1;5;25;389
220090;336;1;1;2;2;6;1;3;1;2;1;3;0;359
220095;104;0;0;0;0;0;0;0;0;0;0;0;0;104
220100;162;1;1;2;0;4;0;1;0;0;0;2;0;173
220105;344;0;0;0;0;0;0;0;0;0;0;0;0;344
220110;457;2;3;3;1;14;2;3;1;9;37;1;6;539
220115;1042;110;62;30;62;78;77;72;42;62;105;61;108;1911
220117;150;0;0;1;0;0;0;0;0;0;1;0;1;153
220120;1874;17;12;22;16;6;13;27;15;17;22;21;45;2107
220130;153;3;3;6;3;6;4;1;0;2;1;12;1;195
220140;494;3;6;6;11;14;18;23;14;23;34;41;29;716
220150;973;10;3;6;12;8;13;7;4;8;6;4;7;1061
220155;156;1;0;0;0;0;0;0;0;0;0;0;12;169
220157;76;0;0;0;0;1;0;0;0;0;0;0;0;77
220160;402;3;0;3;3;3;7;17;10;16;42;15;1;522
220170;50;0;0;0;0;2;0;1;0;5;0;0;2;60
220173;217;0;0;0;0;0;1;0;1;0;1;0;0;220
220177;211;0;0;1;2;1;0;0;0;0;0;0;0;215
220180;192;0;0;0;0;0;1;0;0;1;0;0;3;197
220190;1670;30;29;28;43;73;48;48;50;49;33;63;54;2218
220191;289;0;0;0;2;0;1;1;3;1;0;0;0;297
220192;15;0;0;0;0;0;0;0;0;0;0;1;0;16
220194;229;0;0;0;0;0;0;2;0;1;0;0;0;232
220196;114;0;2;3;0;5;0;1;0;1;0;4;4;134
220198;151;0;1;0;0;0;0;0;0;0;0;0;0;152
220200;715;32;2;21;20;1;9;7;5;5;6;60;8;891
220202;256;1;2;0;0;0;0;0;1;2;6;3;23;294
220205;347;66;1;0;0;1;1;1;2;1;2;0;0;422
220207;141;1;0;3;1;0;0;1;0;1;0;0;0;148
220208;416;11;12;1;4;2;6;3;4;3;1;1;1;465
220209;129;0;0;0;0;0;0;0;0;0;0;0;0;129
220210;230;0;0;0;0;0;0;0;0;0;0;0;2;232
220211;144;0;1;0;1;0;0;0;0;0;0;0;0;146
220213;254;0;1;1;0;0;0;1;1;2;1;0;2;263
220217;290;0;0;3;2;1;0;1;3;0;0;2;0;302
220220;3575;82;68;77;76;57;52;60;62;68;48;66;83;4374
220225;208;0;0;0;1;5;0;0;1;3;0;3;3;224
220230;1167;5;11;19;43;28;112;220;180;77;59;26;13;1960
220240;370;0;1;2;2;0;0;2;4;1;1;0;2;385
220245;137;2;0;0;1;0;1;0;0;0;0;1;0;142
220250;302;1;0;0;0;2;0;0;1;2;1;1;0;310
220253;155;0;1;0;0;0;0;1;0;0;1;1;2;161
220255;193;0;0;0;0;0;0;0;0;0;0;0;0;193
220260;1017;13;9;13;23;7;9;4;31;14;7;16;126;1289
220265;226;0;0;0;3;1;1;4;0;0;0;0;0;235
220270;916;5;3;4;3;4;4;4;5;2;6;8;0;964
220271;250;2;0;0;0;0;0;1;1;2;1;1;0;258
220272;297;0;0;4;4;2;0;0;0;1;1;0;1;310
220273;183;0;0;0;0;0;0;0;0;0;0;0;0;183
220275;304;2;14;7;21;31;7;1;3;7;1;8;3;409
220277;267;1;2;5;3;1;0;5;2;2;3;1;3;295
220280;123;0;0;1;0;0;0;0;0;0;1;0;0;125
220285;211;0;1;0;2;1;4;2;4;13;5;6;34;283
220290;1737;16;24;24;10;26;47;42;34;32;12;26;32;2062
220300;228;1;3;0;1;1;0;3;2;2;0;0;0;241
220310;480;3;1;5;5;4;0;2;1;6;3;2;3;515
220320;666;6;12;8;11;16;15;16;21;8;12;11;18;820
220323;162;4;3;3;4;21;4;1;1;2;1;1;1;208
220325;68;0;0;0;0;0;0;0;0;0;0;0;0;68
220327;149;0;0;1;0;0;0;0;0;0;1;0;0;151
220330;474;2;5;1;1;6;4;9;13;26;19;29;18;607
220335;22;4;0;1;0;1;1;2;0;0;1;0;1;33
220340;261;2;0;3;1;1;1;1;0;1;6;1;0;278
220342;159;0;1;0;0;0;0;0;0;1;0;0;0;161
220345;235;0;0;0;0;0;1;0;0;0;0;0;1;237
220350;457;4;6;5;2;9;2;2;4;0;3;1;3;498
220360;268;1;1;1;1;1;1;3;1;2;2;0;0;282
220370;1687;24;21;19;18;20;17;12;30;15;13;26;14;1916
220375;191;2;0;0;0;0;0;1;19;21;0;1;0;235
220380;224;0;0;0;0;0;0;0;1;0;2;0;0;227
220385;157;2;3;1;2;0;5;3;5;7;0;0;0;185
220390;7364;175;195;208;217;216;186;182;173;189;132;240;328;9805
220400;205;2;1;2;1;1;1;1;1;6;0;1;2;224
220410;197;1;1;1;1;4;1;0;2;1;1;0;0;210
220415;147;0;0;0;0;0;0;0;0;0;0;0;0;147
220420;268;1;0;0;1;0;0;0;0;0;0;0;0;270
220430;1086;12;5;12;8;8;5;13;6;9;6;11;15;1196
220435;153;1;0;1;1;1;1;8;1;4;1;1;0;173
220440;709;14;10;14;14;56;50;13;15;29;28;27;54;1033
220450;776;45;14;28;70;64;35;31;34;24;51;274;21;1467
220455;0;0;0;0;0;0;0;0;0;0;1;0;0;1
220460;174;0;2;1;0;1;0;1;4;1;1;2;8;195
220465;408;11;3;5;1;1;0;0;3;1;8;0;3;444
220470;592;4;0;2;0;3;1;11;6;18;10;0;12;659
220480;355;2;2;2;4;3;1;1;0;0;0;2;1;373
220490;237;0;0;0;0;0;1;0;0;0;0;0;1;239
220500;348;2;0;0;1;1;1;2;4;2;0;0;2;363
220510;504;13;11;4;9;78;12;15;7;13;38;58;73;835
220515;232;0;0;0;0;0;0;0;0;0;0;1;0;233
220520;614;8;11;9;11;13;4;12;4;6;21;5;8;726
220525;204;1;0;1;0;0;1;0;0;0;0;0;0;207
220527;236;0;0;4;0;0;2;0;0;2;1;0;3;248
220530;289;3;7;5;0;7;9;6;13;16;12;18;16;401
220535;152;0;0;0;0;0;0;0;1;0;4;1;0;158
220540;363;1;1;2;0;3;1;0;2;0;3;2;0;378
220545;139;0;0;0;0;1;1;0;0;0;0;0;2;143
220550;1421;12;8;14;15;30;24;21;11;32;19;16;20;1643
220551;240;0;0;0;12;3;5;0;0;0;0;1;1;262
220552;296;3;0;1;1;1;0;1;1;0;0;0;0;304
220553;187;0;0;0;0;0;0;0;0;0;0;0;0;187
220554;92;0;0;0;0;0;0;1;0;0;2;0;0;95
220555;258;1;1;1;1;4;0;1;0;1;1;0;0;269
220556;211;0;0;0;0;0;0;1;0;1;0;3;0;216
220557;456;0;1;2;0;0;1;1;4;1;0;2;2;470
220558;283;0;3;2;1;3;1;2;3;20;1;22;0;341
220559;231;0;0;0;0;0;0;0;0;0;0;0;0;231
220560;279;3;2;8;8;5;9;26;7;2;1;2;9;361
220570;2045;22;11;22;16;20;32;29;169;41;22;25;22;2476
220580;1114;8;19;6;16;10;9;6;25;21;15;20;33;1302
220585;338;0;0;0;0;1;0;0;0;1;1;1;0;342
220590;242;2;1;0;2;1;8;0;2;0;0;1;3;262
220595;297;1;4;0;2;2;3;6;1;5;0;1;1;323
220600;190;0;0;0;1;3;0;1;2;1;0;0;0;198
220605;257;0;0;0;0;0;1;0;0;0;0;0;0;258
220610;452;0;0;0;0;0;2;0;5;5;4;2;3;473
220620;1137;70;7;5;54;14;8;3;8;36;19;71;33;1465
220630;108;0;0;0;0;0;0;0;0;0;0;0;1;109
220635;202;0;0;0;0;0;1;0;7;2;11;0;0;223
220640;544;9;12;12;14;13;84;13;10;9;14;4;16;754
220650;223;0;0;0;1;1;0;0;0;0;1;0;1;227
220660;613;26;15;10;9;32;16;24;31;73;27;89;33;998
220665;212;1;3;32;20;39;5;23;13;22;16;12;32;430
220667;298;0;0;1;0;0;0;1;1;1;0;1;0;303
220669;247;0;0;1;1;3;3;0;0;0;1;0;1;257
220670;160;0;1;0;1;0;1;3;2;0;1;0;1;170
220672;212;0;1;20;13;34;2;1;5;7;5;0;243;543
220675;199;0;0;3;0;0;1;0;1;0;0;1;0;205
220680;211;0;0;2;2;1;0;1;0;1;1;0;0;219
220690;219;0;0;0;0;0;0;1;0;0;0;0;0;220
220695;18;5;20;27;8;31;21;27;13;0;0;1;0;171
220700;2048;35;31;59;39;50;53;53;53;50;27;43;55;2596
220710;76;0;0;0;0;0;0;0;0;0;0;0;0;76
220720;174;1;2;1;0;0;1;1;1;0;1;3;1;186
220730;188;0;0;0;0;0;2;9;3;10;3;3;3;221
220735;78;1;0;0;1;0;0;0;0;0;0;0;3;83
220740;224;8;4;5;26;11;5;9;4;29;18;9;9;361
220750;454;0;0;0;1;1;2;0;1;0;1;3;2;465
220755;137;0;0;0;0;0;0;0;0;0;0;0;0;137
220760;441;12;6;5;4;3;3;13;13;21;7;3;3;534
220770;15239;421;329;443;335;530;400;415;407;436;413;428;501;20297
220775;125;0;0;0;0;1;0;0;0;0;0;0;0;126
220777;7;4;8;1;8;15;4;0;0;0;2;1;0;50
220779;85;0;0;0;0;0;0;0;0;0;0;0;0;85
220780;2160;8;12;27;51;2539;67;73;57;52;99;109;356;5610
220785;164;1;1;0;0;0;0;0;0;1;0;0;0;167
220790;1742;23;26;18;20;24;19;24;35;70;13;27;25;2066
220793;138;1;3;1;6;6;19;14;0;0;0;0;0;188
220795;163;0;0;0;0;0;0;0;0;0;1;0;0;164
220800;10372;233;368;274;234;235;294;264;315;250;276;316;295;13726
220810;512;0;1;1;0;0;2;0;0;1;2;1;2;522
220820;899;73;34;8;2;11;3;6;3;2;5;6;1;1053
220830;1064;23;19;33;21;31;22;15;28;21;14;15;17;1323
220840;4879;79;84;77;68;49;74;86;64;73;59;101;61;5754
220850;419;4;1;11;15;1;2;0;0;0;3;0;0;456
220855;179;7;2;2;0;8;12;12;6;52;2;14;31;327
220860;124;2;1;0;0;0;0;0;0;0;1;1;1;130
220865;306;6;3;2;1;4;2;1;3;3;3;5;68;407
220870;371;2;1;0;0;1;1;1;0;0;2;1;0;380
220880;1055;28;23;46;26;13;67;45;39;61;19;22;57;1501
220885;172;3;0;0;0;0;1;0;0;0;0;0;0;176
220887;126;0;0;0;0;0;0;0;0;0;0;0;0;126
220890;247;24;7;23;77;23;13;9;19;16;45;20;44;567
220900;304;0;0;1;1;1;3;0;0;1;1;0;1;313
220910;270;4;9;20;1;0;0;2;0;1;4;3;0;314
220915;191;0;2;1;0;0;0;0;0;0;0;2;0;196
220920;144;6;8;4;12;19;6;1;7;8;4;1;3;223
220930;252;0;1;2;3;0;0;1;4;0;4;0;2;269
220935;153;0;1;2;0;0;0;0;0;0;0;0;0;156
220937;192;0;0;0;0;0;0;2;0;0;1;0;0;195
220940;103;0;12;14;0;1;1;0;0;4;5;4;15;159
220945;67;0;0;0;1;0;1;0;0;0;0;0;4;73
220950;176;0;0;0;0;0;1;0;0;0;0;0;0;177
220955;153;0;0;0;0;1;0;0;0;0;0;0;0;154
220960;138;0;0;0;1;0;0;0;0;0;0;0;0;139
220965;290;0;0;1;0;0;0;1;2;0;0;1;1;296
220970;356;2;8;57;15;6;18;60;19;6;32;26;32;637
220975;162;5;0;6;5;8;4;4;6;5;4;3;46;258
220980;201;0;0;0;0;0;0;1;0;1;0;0;0;203
220985;170;0;0;0;0;0;1;0;0;0;0;1;0;172
220987;257;2;1;1;1;0;0;0;0;1;0;0;1;264
220990;368;3;2;5;25;7;13;4;2;14;2;9;6;460
220995;173;0;1;0;0;0;0;0;1;0;1;0;1;177
220997;315;1;0;1;1;0;0;0;0;0;1;0;0;319
221000;949;17;13;16;10;13;13;17;17;20;14;26;80;1205
221005;291;0;4;0;0;3;1;0;0;0;2;1;1;303
221010;219;0;0;1;2;0;0;0;2;1;0;1;1;227
221020;252;3;2;0;0;3;3;1;0;2;1;2;1;270
221030;238;0;0;0;0;0;0;0;0;0;1;0;0;239
221035;207;0;0;0;1;0;0;0;0;0;0;0;0;208
221037;107;0;0;0;0;0;0;0;0;0;0;0;0;107
221038;152;0;3;1;0;1;4;1;0;1;0;1;4;168
221039;130;0;0;0;0;0;1;0;1;0;1;0;0;133
221040;618;0;1;1;2;3;3;8;16;27;4;4;7;694
221050;687;0;3;4;1;2;5;1;1;3;4;0;3;714
221060;2391;50;50;43;38;56;49;52;59;59;63;72;36;3018
221062;128;0;0;0;0;0;0;0;0;0;0;0;0;128
221063;272;31;3;9;8;7;8;5;37;12;36;21;27;476
221065;370;0;0;0;0;0;0;0;0;0;1;0;1;372
221070;521;0;2;0;4;1;0;1;1;2;0;1;1;534
221080;514;2;1;2;7;3;1;7;3;2;2;4;3;551
221090;207;0;0;0;0;0;0;1;0;0;0;0;0;208
221093;269;0;1;2;4;1;1;5;1;1;0;3;1;289
221095;133;0;0;2;0;0;0;0;0;0;0;0;0;135
221097;190;1;4;2;0;0;2;4;2;1;0;0;0;206
221100;247035;5266;5941;7988;6273;6130;6625;7221;7993;9257;5711;7702;18410;341552
221110;3079;337;170;43;22;75;75;63;108;300;238;1028;132;5670
221120;2209;140;85;110;117;146;149;138;138;84;114;95;261;3786
221130;1434;15;15;31;15;28;14;25;25;22;32;15;19;1690
221135;1;0;0;0;0;0;0;0;0;0;0;1;0;2
221140;191;2;0;1;2;4;0;1;10;2;3;2;2;220
221150;130;2;0;2;0;1;0;0;0;0;0;0;0;135
221160;114;1;0;0;0;0;0;0;1;1;0;0;1;118
221170;182;0;0;0;0;0;0;11;2;2;1;2;6;206
229999;0;0;0;0;0;0;0;0;0;0;0;0;0;0
230010;648;16;9;2;0;0;0;0;4;3;3;5;1;691
230015;1638;181;29;42;75;30;90;79;34;25;172;71;62;2528
230020;2983;32;66;41;66;35;25;32;35;37;71;77;536;4036
230030;2720;17;22;16;18;32;30;35;27;17;26;19;32;3011
230040;503;0;0;1;1;1;0;1;3;1;0;0;3;514
230050;721;4;4;1;2;6;6;4;1;1;2;17;41;810
230060;497;2;1;3;1;2;0;3;0;3;1;5;1;519
230070;1116;6;19;18;7;9;12;15;19;16;17;14;19;1287
230075;2227;22;11;23;42;14;17;6;12;7;23;23;213;2640
230080;446;0;0;0;0;1;1;0;0;0;3;0;0;451
230090;685;8;3;1;6;2;1;4;2;5;6;4;53;780
230100;11759;381;373;474;332;464;423;499;510;330;389;349;451;16734
230110;9006;450;347;414;275;195;208;149;237;242;210;290;568;12591
230120;1707;15;19;19;11;41;20;26;13;14;82;34;26;2027
230125;583;0;8;5;3;3;5;2;2;8;1;8;1;629
230130;932;13;9;13;8;5;13;4;6;7;19;180;82;1291
230140;1135;171;5;9;6;9;0;5;3;2;2;11;3;1361
230150;197;0;0;1;1;0;2;0;1;0;0;1;0;203
230160;1489;22;8;11;7;8;6;5;7;8;10;12;40;1633
230170;714;1099;17;14;14;18;28;1020;24;27;10;7;1004;3996
230180;382;0;3;1;2;1;5;4;2;2;20;3;5;430
230185;1204;16;2;36;8;44;11;7;4;3;7;2;6;1350
230190;7477;203;287;205;199;158;195;398;181;282;224;233;980;11022
230195;1084;33;127;114;29;15;317;34;13;22;119;13;7;1927
230200;1401;9;8;10;14;8;28;14;11;9;15;17;18;1562
230205;1061;2;8;2;5;4;3;4;5;1;2;10;7;1114
230210;2623;22;34;56;39;55;44;55;38;58;30;24;53;3131
230220;4827;706;103;76;97;105;125;62;59;78;113;73;100;6524
230230;1800;16;6;29;18;29;252;24;11;7;9;8;42;2251
230240;2462;26;28;28;64;28;40;281;35;32;51;167;581;3823
230250;2877;37;37;51;33;37;56;53;34;51;45;52;149;3512
230260;5843;66;132;82;74;105;92;82;105;81;326;86;761;7835
230270;1552;9;48;18;43;65;26;13;17;13;13;13;264;2094
230280;4546;59;83;76;56;62;78;85;47;59;54;68;454;5727
230290;859;1;0;2;1;0;2;2;2;2;2;1;11;885
230300;1041;5;1;7;6;3;2;34;11;14;7;11;27;1169
230310;789;2;1;5;4;1;2;2;0;2;2;1;58;869
230320;1941;20;29;27;26;13;11;17;14;23;78;59;118;2376
230330;761;2;7;4;9;2;5;9;1;11;1;3;4;819
230340;802;1;0;1;0;1;2;2;0;9;30;3;1;852
230350;5698;89;114;186;265;255;191;222;170;152;153;516;1515;9526
230360;717;3;1;3;0;5;3;2;5;3;2;0;10;754
230365;600;0;0;0;0;0;0;1;0;1;1;1;0;604
230370;28156;1686;993;1055;1068;916;3165;1214;1121;1311;2934;1229;1473;46321
230380;1615;8;5;7;5;10;4;8;5;13;9;10;13;1712
230390;1853;4;4;5;2;5;5;2;2;4;4;90;4;1984
230393;801;4;23;20;7;10;5;2;3;2;2;4;23;906
230395;1959;383;120;57;29;32;14;36;16;18;46;26;47;2783
230400;849;9;7;10;10;8;42;31;12;7;7;11;556;1559
230410;4360;552;92;93;96;72;84;115;76;107;101;170;143;6061
230420;16440;346;407;483;459;474;443;568;465;442;409;388;1165;22489
230423;811;53;11;7;9;10;28;7;4;12;4;2;2;960
230425;1555;7;6;16;11;19;9;10;16;20;4;13;10;1696
230426;506;55;10;6;7;7;7;5;12;9;11;6;14;655
230427;575;1;1;1;0;0;0;0;0;1;0;1;0;580
230428;34212;987;1107;1127;1160;1177;1245;1373;1671;1167;1500;1195;1021;48942
230430;1203;37;23;28;12;10;9;11;9;7;9;9;59;1426
230435;1495;33;22;122;33;38;27;20;29;24;157;16;130;2146
230440;725525;26317;23211;26474;25441;26308;27799;26435;28856;28162;27661;28514;27406;1048109
230445;1021;163;46;28;23;17;40;206;18;5;19;16;49;1651
230450;1341;9;10;13;4;14;13;12;13;12;15;14;11;1481
230460;514;1;4;3;2;2;7;55;10;14;9;7;20;648
230465;844;3;1;1;4;8;2;4;2;0;2;5;77;953
230470;2906;5;7;7;6;6;8;6;3;6;3;11;2;2976
230480;187;0;0;0;0;0;0;0;0;0;0;0;0;187
230490;482;5;0;1;0;6;4;0;1;1;0;0;4;504
230495;2857;323;55;49;44;55;55;65;59;72;76;80;107;3897
230500;2854;11;8;14;11;18;13;20;13;8;31;34;9;3044
230510;853;65;14;32;166;9;17;175;12;33;10;16;6;1408
230520;1206;7;2;9;21;3;5;7;6;6;1;4;2;1279
230523;21240;533;236;483;321;402;487;491;468;507;474;617;626;26885
230526;1051;14;10;5;2;16;6;194;3;6;93;11;11;1422
230530;1317;14;38;11;10;5;18;19;10;10;6;15;113;1586
230533;1083;0;0;0;0;3;1;1;0;0;1;0;3;1092
230535;2721;508;79;731;93;54;173;36;73;92;76;106;271;5013
230540;3833;69;50;43;41;56;35;40;34;54;42;51;446;4794
230550;11521;298;317;385;317;299;274;345;366;369;322;331;2210;17354
230560;1467;10;14;10;12;14;29;13;29;15;84;14;98;1809
230565;585;4;19;3;4;31;1;6;0;2;2;7;1;665
230570;577;8;4;9;17;9;5;11;6;6;3;5;108;768
230580;2379;36;39;44;36;44;34;37;40;40;35;408;87;3259
230590;1829;72;11;15;22;20;262;21;13;25;19;33;502;2844
230600;868;2;3;0;5;1;0;1;7;2;0;0;0;889
230610;1498;87;29;110;35;76;100;33;37;30;43;46;183;2307
230620;489;4;1;4;2;3;4;2;2;2;4;2;9;528
230625;3119;313;66;109;76;134;137;111;83;134;104;139;192;4717
230630;4380;425;48;108;95;208;88;78;90;85;124;139;573;6441
230640;8523;111;139;139;136;145;1269;156;150;141;176;124;1653;12862
230650;1041;3;52;6;7;4;3;1;9;7;44;30;4;1211
230655;2689;219;22;25;18;8;11;7;19;28;7;51;8;3112
230660;788;0;0;1;1;1;1;1;0;0;1;1;1;796
230670;1168;6;4;2;2;1;4;0;6;9;2;10;14;1228
230680;820;125;7;11;4;7;6;5;9;2;3;5;4;1008
230690;2357;68;15;41;26;34;154;188;34;43;39;38;87;3124
230700;2987;125;55;101;41;70;116;50;41;83;71;48;130;3918
230710;2013;3;7;5;13;19;6;5;7;4;13;8;2;2105
230720;512;2;0;5;7;1;2;8;3;6;12;2;7;567
230725;1620;22;32;41;36;13;27;28;24;37;18;37;26;1961
230730;39503;1137;1199;1137;1278;1409;1596;1530;1113;1374;1210;1322;2153;55961
230740;1495;20;18;23;26;14;18;19;14;12;25;14;26;1724
230750;1343;6;4;5;4;6;28;4;6;18;14;15;8;1461
230760;6019;220;213;234;265;385;352;282;274;227;209;223;943;9846
230763;1131;4;2;7;6;9;7;6;3;8;9;9;8;1209
230765;49169;2411;1996;1773;1560;1897;1695;2123;1825;1717;1993;1702;1546;71407
230770;14305;235;244;443;526;603;475;497;430;329;365;260;498;19210
230780;2574;38;20;34;38;30;42;45;31;40;25;52;21;2990
230790;1073;0;1;0;0;0;0;0;0;0;3;0;0;1077
230800;1481;7;18;14;11;9;13;17;23;26;31;15;2;1667
230810;2029;23;42;74;56;53;54;113;60;90;114;110;451;3269
230820;706;3;12;3;8;6;9;3;5;7;6;21;13;802
230830;1881;130;50;125;33;53;29;29;144;27;39;42;60;2642
230835;672;33;17;22;11;15;28;19;8;10;5;2;1;843
230837;725;38;3;5;1;10;1;6;5;2;8;5;511;1320
230840;2068;16;34;12;12;11;15;5;26;23;14;51;205;2492
230850;1995;37;14;37;114;18;36;36;27;13;189;19;289;2824
230860;1218;5;9;4;6;7;2;9;6;9;5;1;8;1289
230870;5094;68;30;69;59;115;79;105;511;86;68;42;77;6403
230880;595;64;20;3;18;0;1;63;6;1;1;1;1;774
230890;1022;79;3;14;5;9;3;20;9;12;12;15;159;1362
230900;1022;4;2;1;4;0;0;4;3;2;4;5;2;1053
230910;438;368;4;9;9;5;4;355;10;4;4;3;348;1561
230920;1410;32;42;48;34;31;33;35;46;42;34;34;32;1853
230930;1850;369;32;22;92;24;48;143;27;19;293;24;23;2966
230940;1067;3;2;2;11;2;2;4;5;0;0;2;21;1121
230945;1092;47;28;32;5;27;36;33;41;30;6;7;232;1616
230950;1059;2;6;6;6;3;5;11;1;5;2;4;2;1112
230960;8312;307;295;260;252;255;258;270;324;247;208;296;352;11636
230970;6515;159;260;146;174;166;145;147;184;171;191;329;230;8817
230980;950;4;3;4;1;14;9;3;9;4;5;2;3;1011
230990;508;1;0;0;1;2;2;2;2;3;1;137;13;672
231000;688;5;5;1;2;6;12;11;14;4;2;10;39;799
231010;883;10;4;0;2;3;6;5;4;1;0;1;0;919
231020;3761;74;74;103;89;135;108;107;104;93;122;99;90;4959
231025;3293;377;203;70;110;50;75;121;104;107;94;50;158;4812
231030;709;78;1;2;2;2;1;2;3;0;2;1;1;804
231040;837;2;3;4;0;10;1;2;6;3;13;16;8;905
231050;2078;246;31;32;24;30;20;222;22;14;18;19;51;2807
231060;720;1;1;1;2;4;12;3;8;14;5;7;3;781
231070;2694;44;36;253;159;50;50;75;34;34;37;49;22;3537
231080;988;3;12;3;2;2;1;2;4;5;4;4;19;1049
231085;1669;236;27;36;41;32;29;20;51;37;26;29;268;2501
231090;574;12;7;3;6;10;7;3;8;18;11;7;4;670
231095;450;3;3;10;4;5;9;6;4;7;5;2;109;617
231100;608;2;6;6;1;9;6;4;2;0;1;0;91;736
231110;1224;21;5;1;2;7;12;16;2;15;2;10;10;1327
231120;716;1;1;4;3;2;1;0;2;13;4;4;3;754
231123;456;0;0;3;1;1;0;1;0;0;0;0;0;462
231126;942;2;4;0;0;0;14;1;1;4;0;3;1;972
231130;7470;148;136;131;321;175;211;527;156;160;186;125;413;10159
231135;1181;3;7;5;9;3;4;3;2;8;5;4;26;1260
231140;3682;56;191;60;47;63;43;51;50;41;47;56;117;4504
231150;2162;1235;744;286;81;237;153;157;56;92;60;100;248;5611
231160;1870;18;26;44;29;23;38;40;39;29;40;33;24;2253
231170;1190;2;0;2;2;4;5;2;3;1;0;3;7;1221
231180;11668;231;264;574;442;419;499;392;416;491;493;373;1057;17319
231190;899;0;0;1;1;1;0;1;0;0;0;0;0;903
231195;1368;0;6;0;0;0;0;0;0;0;0;1;0;1375
231200;1682;29;123;16;14;50;28;9;66;12;163;14;181;2387
231210;1155;3;6;7;5;3;5;7;7;4;2;6;5;1215
231220;3150;55;16;46;85;21;27;24;34;40;47;30;275;3850
231230;2895;81;23;42;30;28;42;54;52;57;50;88;632;4074
231240;7821;729;119;310;222;220;215;223;388;407;461;281;399;11795
231250;341;4;5;6;10;11;65;17;7;6;3;3;167;645
231260;950;327;3;8;5;2;1;4;2;3;11;10;7;1333
231270;2165;38;29;42;35;42;32;38;56;29;44;54;226;2830
231280;334;4;2;11;7;3;8;2;0;1;6;3;251;632
231290;41963;645;1274;889;975;1538;1038;924;1039;895;987;1245;2117;55529
231300;1031;21;19;31;17;25;21;30;26;11;41;46;79;1398
231310;1949;48;40;64;46;68;61;73;44;47;48;54;337;2879
231320;1199;52;9;26;9;83;5;16;14;7;10;5;222;1657
231325;541;1;2;0;0;0;0;0;0;0;1;2;0;547
231330;4158;30;32;30;27;25;29;60;26;67;35;42;419;4980
231335;1041;1;21;4;0;4;5;3;2;9;4;2;15;1111
231340;4803;98;100;135;111;91;130;131;130;131;124;118;159;6261
231350;2294;22;22;50;20;20;33;37;31;46;64;68;401;3108
231355;954;45;2;10;4;4;4;6;1;6;5;22;1;1064
231360;3134;86;76;156;49;91;204;98;50;28;61;41;47;4121
231370;415;0;0;7;0;0;0;1;1;0;1;0;131;556
231375;889;14;9;9;10;13;8;11;11;8;10;7;106;1105
231380;2511;19;29;32;9;17;48;27;35;37;45;10;39;2858
231390;1076;0;2;1;1;1;1;1;3;2;1;2;1;1092
231395;1474;14;5;15;9;6;14;8;5;3;8;8;2;1571
231400;2545;19;12;21;11;14;19;35;97;28;12;23;23;2859
231410;2713;19;12;10;6;6;12;11;7;19;10;9;28;2862
239999;0;0;0;0;0;0;0;0;0;0;0;0;0;0
240010;963;15;17;24;17;23;21;30;55;23;14;16;31;1249
240020;5575;224;150;151;153;151;186;186;161;200;186;178;169;7670
240030;645;1;0;5;3;2;1;1;5;7;5;3;6;684
240040;246;0;2;1;0;1;0;0;0;1;0;1;0;252
240050;830;5;3;12;5;9;16;8;13;17;5;64;15;1002
240060;166;2;1;0;0;0;1;0;1;0;0;0;0;171
240070;2701;48;44;360;66;54;67;73;76;172;181;79;111;4032
240080;868;3;13;6;9;7;4;6;9;1;11;12;27;976
240090;278;0;0;0;1;0;1;2;0;0;0;1;0;283
240100;2097;80;84;32;29;25;25;33;26;21;18;20;150;2640
240110;3977;62;102;102;73;64;73;64;77;88;90;89;488;5349
240120;2734;137;42;112;467;98;26;29;33;18;15;44;135;3890
240130;414;2;4;4;2;6;7;2;6;4;0;8;42;501
240140;4008;72;46;1735;64;38;41;52;42;47;79;99;40;6363
240145;3341;389;615;245;163;72;76;97;85;134;209;215;288;5929
240150;248;2;0;0;1;0;1;0;0;0;0;0;0;252
240160;399;0;5;1;1;2;2;1;0;2;0;0;1;414
240165;250;1;1;2;0;0;4;5;1;1;0;2;8;275
240170;428;4;3;4;1;3;3;0;3;3;3;2;2;459
240180;744;15;2;5;7;8;10;9;17;12;9;27;34;899
240185;336;3;8;2;2;8;2;1;1;2;0;2;4;371
240190;300;5;3;0;3;0;5;5;2;2;16;7;1;349
240200;9208;230;230;251;302;319;317;337;696;294;359;337;360;13240
240210;1850;24;29;21;25;39;40;346;422;22;24;90;8;2940
240220;2495;288;234;153;106;261;85;95;155;62;52;108;494;4588
240230;1249;4;12;13;11;16;15;24;9;10;11;19;10;1403
240240;1252;53;49;44;48;36;36;32;37;38;33;37;16;1711
240250;1042;5;30;21;35;22;56;32;11;11;15;33;39;1352
240260;5334;420;911;145;106;82;132;128;98;59;214;253;1407;9289
240270;638;2;9;5;1;4;5;6;13;5;3;8;34;733
240280;350;0;2;0;3;0;0;1;0;3;2;1;1;363
240290;253;0;0;0;0;1;0;0;0;0;0;0;0;254
240300;842;6;27;24;11;22;17;13;20;24;4;20;16;1046
240310;4784;156;80;137;133;121;119;99;122;96;110;109;131;6197
240320;318;0;0;0;0;0;0;0;0;1;0;0;0;319
240325;33445;1185;961;1019;970;1064;1055;1173;1050;1098;1248;1168;1190;46626
240330;178;0;2;1;0;0;0;1;0;0;0;0;1;183
240340;518;3;3;4;8;10;18;3;3;8;6;8;9;601
240350;449;1;0;5;0;3;1;1;2;7;6;10;74;559
240360;841;42;28;34;42;53;41;48;64;49;53;35;51;1381
240370;381;0;1;1;0;2;2;0;0;0;1;1;1;390
240375;284;0;1;3;2;1;3;1;1;4;1;3;48;352
240380;509;2;1;1;2;0;0;1;4;2;3;2;0;527
240390;225;14;0;1;3;1;0;1;1;0;1;2;2;251
240400;276;0;10;1;2;1;0;1;2;0;0;0;33;326
240410;430;10;8;18;6;2;4;4;15;13;5;6;3;524
240420;3190;101;64;87;160;54;85;75;119;113;65;58;171;4342
240430;923;6;16;30;6;4;13;8;5;13;7;11;151;1193
240440;750;10;12;47;35;6;10;3;11;10;12;18;32;956
240450;3509;112;147;172;173;171;258;188;278;490;259;265;1650;7672
240460;938;36;35;5;2;6;6;4;2;5;3;39;25;1106
240470;2118;142;82;315;164;36;71;45;19;21;120;294;328;3755
240480;230;0;1;0;0;0;0;0;0;0;0;0;0;231
240485;1182;34;28;55;54;52;37;44;26;41;23;24;43;1643
240490;487;7;26;4;18;3;6;7;4;9;10;4;17;602
240500;389;2;5;2;3;1;0;1;7;4;0;1;2;417
240510;607;4;43;15;105;6;2;3;5;2;2;4;8;806
240520;431;1;1;1;7;4;2;0;0;2;2;5;2;458
240530;232;2;2;5;10;6;3;4;3;4;3;81;181;536
240540;318;1;4;0;8;1;8;0;2;8;6;4;3;363
240550;216;0;0;2;0;0;0;0;2;0;0;0;0;220
240560;1485;24;27;22;27;34;23;26;38;21;32;51;66;1876
240570;1242;28;46;17;18;39;34;49;26;21;45;43;53;1661
240580;2163;24;37;37;26;29;21;34;33;26;27;34;38;2529
240590;173;0;1;0;0;0;0;0;4;0;1;0;0;179
240600;308;1;2;0;0;1;0;0;1;0;0;0;0;313
240610;1487;9;19;16;16;18;23;15;22;22;21;28;15;1711
240615;281;0;2;2;3;0;0;0;0;0;1;2;0;291
240620;360;1;0;0;1;0;1;0;0;0;0;0;2;365
240630;394;1;0;1;0;0;0;0;0;1;0;0;0;397
240640;286;1;3;0;3;1;6;6;15;2;4;5;6;338
240650;1074;23;99;6;11;69;25;6;3;18;6;16;2;1358
240660;263;1;1;1;2;1;2;1;2;3;0;4;3;284
240670;792;7;14;1;13;8;6;4;3;8;5;12;14;887
240680;304;1;0;2;2;1;3;5;18;2;1;4;8;351
240690;234;1;0;0;0;1;2;0;0;0;0;0;101;339
240700;492;0;0;0;0;0;0;0;0;0;0;0;1;493
240710;10435;396;312;262;260;315;344;338;332;354;394;359;440;14541
240720;4215;84;85;139;208;102;81;74;132;116;125;147;157;5665
240725;151;0;0;0;0;1;1;0;1;1;0;0;4;159
240730;382;0;0;2;1;2;0;1;0;1;1;1;3;394
240740;553;5;1;6;2;3;0;3;4;3;1;6;4;591
240750;1128;47;77;42;17;17;23;26;25;16;66;22;16;1522
240760;296;0;0;0;0;0;0;1;0;1;1;0;1;300
240770;498;18;0;2;4;5;3;2;0;4;1;1;2;540
240780;1321;13;14;18;18;34;24;12;11;26;63;189;38;1781
240790;225;0;0;0;0;0;0;1;0;0;0;3;2;231
240800;57348;2053;2149;2464;2197;2055;2516;1988;2065;2159;2141;2198;2455;83788
240810;306064;7893;8544;8304;8855;8342;9055;9224;9777;8333;8776;9001;10491;412659
240820;2123;29;37;48;63;48;65;54;34;34;51;54;70;2710
240830;2565;32;54;57;52;53;70;103;49;42;74;63;365;3579
240840;293;0;7;1;16;9;5;1;2;0;1;0;1;336
240850;426;1;8;3;1;3;2;7;1;2;5;2;0;461
240860;210;0;0;0;0;0;0;0;3;1;0;0;0;214
240870;294;0;0;0;5;0;2;0;1;0;1;2;4;309
240880;261;0;0;1;25;0;2;1;1;1;1;4;1;298
240890;2939;116;93;110;67;110;86;100;81;135;101;78;84;4100
240895;691;15;15;55;12;4;30;17;1;6;2;9;11;868
240910;764;2;8;10;7;3;4;8;5;0;4;5;8;828
240920;227;0;0;0;0;5;2;0;0;0;1;1;61;297
240930;541;4;2;1;7;3;5;5;6;1;0;8;3;586
240933;388;1;4;2;2;3;3;1;4;4;4;1;7;424
240940;2872;34;31;44;50;65;45;59;54;46;45;46;49;3440
240950;290;0;0;2;1;2;2;3;1;0;0;0;7;308
240960;335;2;1;3;5;4;5;4;2;0;2;2;4;369
240970;480;2;6;5;3;2;9;19;2;10;4;5;34;581
240980;766;13;3;12;12;8;14;9;5;5;4;12;5;868
240990;1272;62;7;32;24;26;20;13;24;21;18;14;26;1559
241000;29;0;0;0;0;0;0;0;0;0;0;0;2;31
241010;626;3;2;0;3;3;4;3;4;3;6;5;22;684
241020;567;16;15;17;4;15;10;12;5;4;6;11;9;691
241025;517;65;11;6;24;5;12;22;83;4;4;9;5;767
241030;462;0;1;2;1;1;1;3;2;5;3;1;2;484
241040;600;4;9;36;7;11;6;10;16;30;28;16;41;814
241050;242;0;0;0;1;3;1;1;0;2;2;1;0;253
241060;243;0;0;0;0;0;0;0;0;0;0;0;0;243
241070;218;0;0;0;0;0;0;1;0;0;0;0;0;219
241080;273;0;0;1;0;1;0;1;0;3;1;0;0;280
241090;175;0;0;3;0;0;0;0;0;7;3;0;7;195
241100;202;0;0;1;4;1;0;0;0;0;1;0;1;210
241105;364;3;6;13;3;6;3;2;6;4;1;5;1;417
241110;297;3;1;0;0;0;2;2;1;3;1;2;0;312
241120;2711;45;43;57;103;75;96;60;68;73;55;87;61;3534
241140;760;4;4;3;7;3;7;6;3;2;17;6;39;861
241142;336;2;4;6;3;1;5;3;6;4;10;18;13;411
241150;1409;10;11;17;15;18;17;13;15;18;14;5;42;1604
241160;318;2;3;1;2;0;0;6;7;1;1;2;4;347
241170;398;1;0;1;0;0;1;0;0;0;0;1;0;402
241180;388;3;5;4;5;7;4;8;20;2;9;5;4;464
241190;395;0;5;2;2;4;3;4;5;1;3;5;5;434
241200;11383;302;252;219;291;245;264;212;363;228;271;252;422;14704
241210;381;1;3;3;4;3;3;1;1;1;12;1;8;422
241220;4221;108;80;82;100;62;116;98;111;83;97;162;133;5453
241230;723;2;2;4;7;3;7;3;1;1;0;0;1;754
241240;703;18;16;25;10;13;25;20;16;21;19;35;32;953
241250;1006;6;3;2;4;11;8;6;3;5;4;6;10;1074
241255;638;0;4;11;5;0;3;5;4;4;3;0;2;679
241260;1829;45;96;64;101;21;26;20;25;21;38;25;53;2364
241270;373;5;3;7;2;2;12;6;3;6;7;3;49;478
241280;398;3;0;5;4;3;0;0;0;1;2;10;3;429
241290;646;25;4;7;2;7;5;5;10;5;5;2;4;727
241300;385;11;3;4;4;5;2;3;2;0;20;4;8;451
241310;305;22;0;2;0;0;3;3;0;2;0;0;0;337
241320;547;11;20;21;23;20;11;14;6;8;6;10;7;704
241330;305;2;1;5;5;4;7;6;2;2;6;3;47;395
241335;571;8;5;11;8;1;2;7;4;67;6;53;33;776
241340;787;11;24;6;26;26;114;20;18;16;22;15;27;1112
241350;234;1;0;0;1;0;1;1;0;0;0;0;0;238
241355;261;1;0;0;0;0;1;0;1;0;0;1;7;272
241360;323;0;0;1;0;0;0;0;1;1;1;0;2;329
241370;401;1;0;5;2;4;0;1;0;1;21;7;1;444
241380;286;2;1;1;3;0;1;1;4;1;3;2;0;305
241390;889;38;76;28;23;92;18;13;23;15;75;18;92;1400
241400;968;6;9;37;15;12;9;21;16;13;27;29;73;1235
241410;297;0;0;0;1;0;0;0;1;1;0;2;0;302
241415;456;2;2;5;1;1;6;0;3;4;4;0;1;485
241420;2496;98;107;125;99;144;61;88;92;109;104;87;169;3779
241430;275;0;2;0;0;0;0;2;0;0;1;1;0;281
241440;2108;22;28;25;24;30;24;52;15;23;20;27;16;2414
241445;286;0;0;1;1;0;1;1;0;1;37;0;1;329
241450;701;8;7;2;1;7;2;8;6;0;3;2;6;753
241460;586;7;1;17;0;6;6;11;4;7;16;4;2;667
241470;363;1;3;2;4;1;0;4;1;2;3;1;1;386
241475;201;1;0;0;0;1;1;0;0;0;0;0;107;311
241480;795;3;3;8;5;5;7;4;3;5;3;4;10;855
241490;157;1;0;0;0;0;0;0;0;0;0;0;2;160
241500;302;3;5;0;1;7;7;6;4;1;4;2;5;347
249999;0;0;0;0;0;0;0;0;0;0;0;0;0;0
250010;564;0;0;1;1;0;0;0;0;2;0;0;0;568
250020;367;0;0;6;0;0;2;7;2;1;0;0;0;385
250030;1427;7;16;6;9;6;8;7;8;9;0;12;18;1533
250040;1460;42;3;7;12;4;2;21;12;11;21;15;36;1646
250050;700;1;3;2;7;4;2;3;1;5;2;6;2;738
250053;245;3;3;0;1;5;3;1;0;3;5;5;152;426
250057;328;39;0;1;1;0;0;2;1;0;2;6;0;380
250060;3302;68;82;67;83;91;63;116;126;76;66;78;97;4315
250070;917;13;34;11;9;9;6;18;16;16;9;6;27;1091
250073;176;1;0;0;1;1;1;0;0;1;2;0;1;184
250077;456;0;17;6;3;10;9;1;2;12;2;8;3;529
250080;918;1;7;2;6;3;7;2;3;9;6;1;6;971
250090;622;0;8;5;3;5;2;1;2;2;5;4;15;674
250100;1202;2;5;3;3;2;4;4;7;7;6;4;11;1260
250110;1388;8;5;8;3;7;6;8;12;10;6;7;7;1475
250115;41;0;0;0;0;0;0;0;0;0;0;0;0;41
250120;354;4;0;0;0;0;0;0;0;1;0;0;1;360
250130;117;1;2;6;4;1;1;4;2;2;2;0;1;143
250135;284;1;1;1;0;1;0;0;0;1;0;1;1;291
250140;509;3;3;6;2;4;2;9;3;3;2;3;86;635
250150;1287;3;12;10;13;7;7;9;5;8;6;14;102;1483
250153;274;0;1;0;0;4;1;1;0;4;2;1;8;296
250157;435;2;2;0;1;1;1;1;0;1;0;1;0;445
250160;778;1;1;7;6;4;5;4;2;4;4;2;4;822
250170;227;0;0;1;0;0;0;0;2;1;0;0;2;233
250180;9369;181;216;220;198;191;225;258;184;253;199;249;574;12317
250190;997;12;4;15;6;8;7;7;8;13;9;8;197;1291
250200;333;0;0;1;0;0;0;0;0;2;0;1;1;338
250205;215;0;0;1;0;0;0;1;0;1;0;0;1;219
250210;334;2;1;1;1;0;0;4;1;1;0;0;1;346
250215;957;5;7;8;7;8;7;13;7;5;22;8;12;1066
250220;171;1;0;0;2;0;1;1;1;0;0;0;0;177
250230;265;2;1;2;4;3;3;2;1;2;2;0;2;289
250240;585;2;0;0;1;2;1;2;3;0;1;0;4;601
250250;765;8;5;14;7;7;4;8;8;14;6;13;164;1023
250260;384;1;0;3;0;0;0;0;0;0;0;1;0;389
250270;308;7;3;6;4;2;3;2;0;1;7;3;5;351
250280;557;16;14;15;21;16;7;32;27;26;26;25;99;881
250290;412;0;0;0;0;0;0;0;0;1;0;0;0;413
250300;4588;81;83;1202;63;24;280;29;62;45;61;73;35;6626
250310;440;1;3;8;5;2;11;8;12;5;11;7;63;576
250320;16162;351;373;458;404;416;368;580;483;381;457;554;370;21357
250330;497;4;18;8;8;18;4;22;40;5;8;13;5;650
250340;222;0;0;0;4;1;1;0;0;1;1;1;1;232
250350;696;4;4;10;5;9;3;17;14;15;6;7;86;876
250355;486;0;0;0;1;0;0;0;1;0;0;0;0;488
250360;386;0;0;1;4;6;3;6;4;1;4;2;2;419
250370;7066;159;119;178;151;193;138;221;161;203;187;135;208;9119
250375;258;2;0;31;0;0;0;1;1;0;1;0;5;299
250380;402;3;1;8;4;0;2;8;4;6;3;3;4;448
250390;293;1;0;0;1;0;0;2;0;0;1;0;1;299
250400;80013;1654;1751;2207;2078;1879;2086;2170;2085;1936;1598;2200;2818;104475
250403;385;7;6;4;58;4;2;3;4;7;2;3;3;488
250407;246;0;1;2;2;2;2;3;0;1;2;4;23;288
250410;255;0;3;6;1;3;1;3;0;1;2;0;2;277
250415;487;0;1;0;0;1;3;0;0;1;2;0;2;497
250420;280;0;7;11;9;7;7;1;1;0;5;5;6;339
250430;2429;28;63;45;50;54;54;59;49;48;51;52;76;3058
250435;440;3;21;8;3;12;4;4;3;3;2;30;4;537
250440;984;5;0;3;10;1;1;4;7;1;5;5;9;1035
250450;437;1;1;0;1;0;1;0;1;0;0;0;1;443
250460;2963;60;64;100;62;80;75;67;117;86;84;92;128;3978
250470;337;5;2;3;10;3;0;30;6;6;2;2;4;410
250480;580;4;11;5;17;11;49;28;18;12;7;34;30;806
250485;143;2;1;1;0;0;0;1;0;0;2;0;1;151
250490;1087;11;67;39;40;20;21;2;12;9;10;9;18;1345
250500;598;0;0;0;1;1;0;0;0;0;0;0;0;600
250510;1236;7;5;7;2;5;4;6;7;6;4;14;6;1309
250520;517;10;4;2;2;3;2;5;3;2;0;4;2;556
250523;484;5;2;1;2;3;1;2;3;0;0;3;2;508
250527;311;2;4;4;1;2;2;3;0;11;35;5;0;380
250530;101;0;1;0;0;0;0;0;2;1;5;1;0;111
250535;283;2;1;2;1;2;1;1;0;1;1;0;2;297
250540;508;1;0;0;3;2;0;0;1;0;0;1;3;519
250550;271;0;0;0;1;0;0;0;0;0;0;0;0;272
250560;370;0;0;4;1;1;1;3;0;3;0;7;2;392
250570;397;1;8;4;2;3;4;5;8;3;2;8;9;454
250580;189;0;3;2;0;0;1;0;2;1;1;2;1;202
250590;350;0;0;6;0;0;0;0;0;0;0;0;0;356
250600;3620;55;55;87;78;70;210;94;81;100;60;93;172;4775
250610;520;2;0;2;1;1;2;3;7;7;2;2;8;557
250620;212;3;1;1;0;0;0;1;0;0;0;0;2;220
250625;419;12;7;1;2;1;1;5;4;0;0;25;23;500
250630;7994;168;139;223;117;147;169;203;192;184;178;224;168;10106
250640;894;7;9;10;9;9;8;5;8;10;9;8;2;988
250650;265;1;3;3;0;1;1;5;7;8;2;21;8;325
250660;289;0;0;0;0;0;0;0;1;0;0;0;1;291
250670;500;1;3;0;0;1;0;1;0;0;1;2;1;510
250680;1318;3;10;6;5;3;3;12;9;11;5;10;16;1411
250690;1896;19;9;19;21;75;16;18;16;35;24;61;9;2218
250700;2177;46;39;58;48;37;42;73;72;33;36;65;73;2799
250710;969;36;36;7;28;10;5;13;15;9;14;12;29;1183
250720;560;30;55;25;53;30;22;11;14;10;11;10;6;837
250730;757;15;8;13;13;23;7;11;13;12;11;21;11;915
250740;450;2;27;3;0;2;7;3;8;5;5;3;6;521
250750;272668;5127;4872;6901;5830;5363;5206;5884;5826;6423;5253;5450;5448;340251
250760;516;0;0;3;10;0;1;1;1;0;1;1;1;535
250770;1166;4;8;7;15;5;5;19;9;8;7;29;16;1298
250780;498;1;5;3;16;7;4;12;3;6;5;5;7;572
250790;795;31;133;17;0;1;5;0;3;3;3;3;29;1023
250800;458;0;2;1;5;1;1;2;7;1;2;2;20;502
250810;424;16;4;11;25;12;11;33;12;51;32;87;10;728
250820;460;1;1;0;10;1;7;3;3;3;2;2;46;539
250830;1567;21;14;19;12;10;30;34;32;29;19;26;27;1840
250840;251;0;1;2;1;0;1;0;1;2;1;2;0;262
250850;344;0;0;1;0;0;0;0;0;2;1;0;0;348
250855;152;0;1;0;2;2;2;1;2;4;3;0;96;265
250860;1870;36;437;95;82;28;28;51;19;34;25;27;47;2779
250870;261;0;0;14;6;0;0;1;0;0;3;0;0;285
250880;296;0;0;8;0;1;0;2;1;14;1;2;3;328
250890;5477;209;647;718;158;134;86;131;124;116;103;113;169;8185
250900;477;0;0;0;0;0;0;0;3;4;2;2;0;488
250905;675;4;1;6;62;2;0;1;4;1;0;1;0;757
250910;1118;9;9;19;11;10;5;9;40;5;16;16;99;1366
250915;396;0;2;1;0;0;1;1;0;0;1;0;0;402
250920;478;2;2;2;1;2;3;0;1;1;2;4;2;500
250930;2535;261;807;529;15;6;11;169;91;32;54;63;52;4625
250933;291;2;0;3;6;4;1;5;3;2;0;1;15;333
250937;148;0;1;1;0;1;0;3;2;2;3;0;133;294
250939;304;1;2;5;3;4;1;0;1;1;3;3;0;328
250940;963;7;2;3;3;4;9;4;4;5;6;1;6;1017
250950;284;5;6;6;6;1;10;6;7;12;3;1;3;350
250960;227;0;0;1;0;0;0;0;0;0;1;3;4;236
250970;1790;91;20;16;19;25;11;30;27;16;23;36;240;2344
250980;543;3;5;10;5;3;10;6;4;0;4;7;34;634
250990;545;2;1;1;1;0;0;0;0;1;0;0;0;551
251000;44;1;1;0;0;3;0;2;1;0;0;1;0;53
251010;511;3;1;0;4;4;8;6;2;2;4;1;12;558
251020;344;1;0;0;0;0;0;0;0;0;0;2;0;347
251030;324;1;1;0;4;3;4;2;1;2;0;2;0;344
251040;615;6;7;6;4;1;4;6;12;20;23;14;12;730
251050;184;1;1;1;1;0;6;0;0;0;0;0;71;265
251060;305;0;1;0;1;0;0;0;0;0;0;0;0;307
251065;243;0;0;1;1;0;0;1;2;0;1;0;0;249
251070;338;2;1;3;1;1;0;1;2;0;1;0;0;350
251080;9902;328;227;357;185;208;192;267;290;223;244;236;239;12898
251090;521;8;14;5;1;0;0;5;5;4;0;3;7;573
251100;288;0;0;0;0;0;0;1;1;0;0;0;0;290
251110;654;5;0;1;4;4;3;4;2;3;3;7;4;694
251120;3981;98;118;1278;156;54;43;46;53;35;60;48;319;6289
251130;667;5;2;13;11;3;9;14;5;14;18;7;63;831
251140;1219;12;15;11;14;12;21;16;13;13;11;15;20;1392
251150;627;36;5;5;24;7;8;10;6;5;11;29;13;786
251160;516;2;0;1;4;4;7;5;1;0;1;1;0;542
251170;343;0;1;0;5;2;4;1;1;3;2;3;4;369
251180;566;3;5;7;3;4;0;4;7;5;4;4;13;625
251190;845;3;5;11;0;1;3;3;6;0;1;2;2;882
251200;1029;3;14;16;13;4;10;7;8;14;16;14;32;1180
251203;305;0;0;0;0;0;1;0;0;0;0;0;0;306
251207;347;0;1;8;2;3;18;20;28;2;2;1;35;467
251210;2273;18;31;21;26;26;10;19;16;16;13;31;14;2514
251220;313;1;0;0;1;0;0;0;0;0;0;0;0;315
251230;1167;16;6;14;16;15;13;19;23;10;18;15;43;1375
251240;808;7;8;6;5;4;12;3;6;4;6;10;8;887
251250;2675;47;101;62;116;88;70;80;104;106;92;77;321;3939
251260;219;0;0;0;2;5;1;13;3;0;0;1;2;246
251270;1229;12;9;7;10;3;7;14;2;8;5;8;9;1323
251272;307;4;2;2;1;0;2;43;2;1;2;1;0;367
251274;268;0;1;1;0;0;0;2;0;0;1;1;9;283
251275;381;0;0;0;0;0;0;0;2;1;1;0;0;385
251276;275;1;0;0;0;0;13;11;6;5;5;19;49;384
251278;223;0;1;0;2;0;0;1;0;0;0;0;0;227
251280;308;7;5;17;6;4;0;6;0;4;3;5;5;370
251290;3215;44;845;81;324;32;36;86;42;32;45;60;110;4952
251300;235;1;0;0;0;0;0;0;0;0;0;0;1;237
251310;685;0;1;1;3;1;1;1;0;2;1;2;2;700
251315;349;0;1;0;0;0;0;0;0;0;0;0;0;350
251320;420;1;3;4;4;2;2;1;0;3;3;46;10;499
251330;384;0;0;0;1;0;0;0;0;0;1;1;0;387
251335;243;0;0;0;0;0;0;0;1;0;0;0;0;244
251340;1389;21;17;17;18;12;18;29;23;25;13;47;36;1665
251350;274;0;0;0;0;0;0;0;0;0;0;0;0;274
251360;354;1;16;21;24;6;2;6;12;54;17;36;118;667
251365;351;1;0;0;0;0;0;0;0;0;0;0;0;352
251370;19618;273;841;1630;1706;315;310;359;280;334;379;397;574;27016
251380;431;5;0;3;8;0;1;3;3;0;0;3;46;503
251385;197;1;4;2;4;0;2;1;2;3;0;2;38;256
251390;2170;22;19;28;31;27;22;23;21;26;23;27;32;2471
251392;209;2;6;1;2;2;0;3;2;1;0;2;48;278
251394;107;5;2;1;1;1;2;4;1;6;0;1;47;178
251396;195;0;0;2;0;1;1;0;58;1;1;0;0;259
251398;213;0;6;28;4;3;7;2;4;1;0;1;0;269
251400;701;1;14;6;5;3;7;8;4;10;24;3;5;791
251410;218;0;1;0;0;0;0;11;1;0;0;1;3;235
251420;425;0;6;0;5;2;2;1;1;20;1;1;2;466
251430;317;2;0;1;0;1;1;0;0;1;0;0;0;323
251440;336;0;0;11;15;1;8;13;3;3;4;2;1;397
251445;410;1;0;0;0;0;1;2;0;1;0;0;0;415
251450;1116;9;5;16;13;26;19;30;35;22;28;19;18;1356
251455;187;0;0;0;0;0;0;0;0;0;0;0;0;187
251460;141;1;1;0;0;0;0;0;1;1;0;0;0;145
251465;146;0;0;0;0;0;0;0;1;0;0;0;0;147
251470;348;0;3;0;1;2;1;1;0;1;0;0;3;360
251480;198;1;0;0;2;0;0;0;2;0;0;0;0;203
251490;652;10;8;10;6;10;8;3;3;9;7;2;1;729
251500;470;2;6;33;4;26;8;9;2;5;5;3;1;574
251510;729;3;3;3;1;4;3;1;0;2;0;19;0;768
251520;15;0;0;0;0;0;0;0;0;0;0;0;0;15
251530;3249;858;62;89;230;65;57;75;67;205;160;84;1281;6482
251540;579;18;7;26;9;0;9;17;12;2;14;4;18;715
251550;782;6;2;4;4;5;11;6;6;14;2;10;3;855
251560;271;0;0;0;0;0;0;0;1;0;0;0;0;272
251570;171;1;0;0;0;0;0;1;0;0;0;0;0;173
251580;609;0;7;1;2;4;4;3;4;7;1;7;3;652
251590;357;1;3;7;3;3;2;5;2;1;7;0;2;393
251593;447;3;2;3;6;5;5;4;4;11;4;5;12;511
251597;450;1;4;0;0;1;2;2;2;5;2;2;7;478
251600;1352;9;8;8;5;20;31;31;75;19;7;18;13;1596
251610;1107;5;6;4;14;12;9;10;12;5;11;7;17;1219
251615;293;0;0;0;0;0;0;0;1;0;0;0;1;295
251620;7328;192;113;174;133;121;115;139;132;116;128;170;129;8990
251630;987;12;14;12;14;16;9;7;8;6;7;18;62;1172
251640;497;1;4;4;3;5;4;1;8;0;10;3;15;555
251650;933;3;10;39;7;6;3;6;4;5;1;8;2;1027
251660;752;4;1;1;2;7;0;1;2;6;1;4;5;786
251670;801;3;3;5;3;9;5;3;13;9;9;1;10;874
251675;338;0;0;1;1;0;1;3;1;1;0;2;0;348
251680;426;5;8;3;3;0;2;2;1;2;2;4;17;475
251690;857;6;11;11;5;8;5;8;12;13;14;3;5;958
251700;499;2;2;6;3;3;1;1;4;3;2;6;1;533
251710;361;1;0;1;3;0;0;5;2;1;6;5;3;388
251720;292;9;6;4;1;1;0;1;6;3;5;3;0;331
251740;130;0;0;0;1;0;1;1;2;0;0;0;0;135
259999;0;0;0;0;0;0;0;0;0;0;0;0;0;0
260005;9843;329;284;307;398;346;342;339;301;360;276;291;491;13907
260010;2823;46;44;50;49;46;76;58;87;53;49;75;32;3488
260020;1015;16;5;10;16;7;10;19;16;14;34;63;341;1566
260030;1259;9;39;27;12;12;28;24;23;18;15;25;9;1500
260040;1798;20;15;77;77;40;327;20;34;8;26;97;13;2552
260050;1863;19;44;28;17;10;173;14;22;23;23;16;13;2265
260060;733;3;3;5;4;4;2;0;5;5;1;6;9;780
260070;3388;53;255;136;55;48;36;95;46;120;285;116;127;4760
260080;1124;2;4;7;13;11;7;7;6;10;5;5;7;1208
260090;1880;118;159;172;14;12;13;26;16;16;25;42;49;2542
260100;773;5;0;10;5;3;14;6;7;3;0;3;4;833
260105;785;16;8;13;9;13;19;9;31;22;66;47;137;1175
260110;5557;124;132;181;138;154;149;154;169;172;141;163;171;7405
260120;7583;191;178;189;157;151;165;184;198;182;188;207;172;9745
260130;4430;109;94;136;1698;244;85;103;138;75;142;209;221;7684
260140;3483;47;67;163;80;81;103;64;59;48;120;95;95;4505
260150;595;4;3;6;5;4;2;1;2;3;5;1;2;633
260160;2039;58;14;39;46;49;20;30;6;20;67;67;281;2736
260170;8852;133;142;436;262;133;161;176;183;159;779;163;418;11997
260180;712;3;1;4;2;4;7;0;1;0;0;1;5;740
260190;8393;224;184;164;227;198;183;224;163;164;211;725;234;11294
260200;1784;23;48;9;16;9;13;21;77;8;12;8;20;2048
260210;2409;22;26;47;26;39;36;37;33;26;32;36;50;2819
260220;1950;17;30;14;26;16;13;22;25;28;32;26;20;2219
260230;1983;52;52;94;70;57;48;69;70;32;59;62;111;2759
260240;748;1;3;5;11;6;3;4;7;1;1;8;4;802
260250;391;1;2;0;0;1;2;0;0;1;0;1;0;399
260260;2460;19;21;30;16;37;47;41;36;32;228;52;39;3058
260270;812;13;13;60;27;17;87;12;17;45;23;21;20;1167
260280;712;10;12;19;23;32;26;27;20;77;22;33;22;1035
260290;33686;960;996;2778;1302;1425;1417;1743;1497;1385;1396;1696;1646;51927
260300;2078;70;72;261;365;99;91;70;68;78;57;54;67;3430
260310;1094;4;8;11;9;6;5;12;11;5;16;9;31;1221
260320;706;0;5;2;8;3;2;4;2;4;11;11;6;764
260330;510;1;0;2;1;0;1;2;0;2;0;2;1;522
260340;367;2;0;2;1;1;0;1;2;1;6;0;0;383
260345;9929;313;266;381;300;331;283;397;299;335;295;361;458;13948
260350;850;8;12;7;9;6;11;10;4;8;7;5;10;947
260360;5085;30;1795;748;95;203;16;21;73;62;90;146;45;8409
260370;1258;15;10;22;8;6;8;2;8;9;18;7;9;1380
260380;1093;3;3;5;2;2;3;4;4;6;4;9;10;1148
260390;738;1;2;10;7;12;14;6;23;3;4;36;271;1127
260392;480;0;0;3;5;1;3;8;15;32;7;2;3;559
260400;8860;216;154;255;255;208;167;239;233;213;164;190;259;11413
260410;58542;2032;1691;2247;2046;1895;1985;2094;2012;2003;1952;1852;2272;82623
260415;791;3;1;3;0;2;4;10;2;4;6;1;6;833
260420;4442;62;41;878;34;33;18;20;63;59;29;29;41;5749
260430;471;1;2;1;1;4;1;4;4;6;1;22;0;518
260440;664;0;1;4;0;2;0;1;2;1;2;1;2;680
260450;1909;13;29;37;28;18;45;13;35;52;36;21;21;2257
260460;1445;8;18;27;18;21;10;15;36;32;24;24;12;1690
260470;932;4;3;6;6;4;5;11;3;4;5;6;7;996
260480;3695;110;121;1949;52;38;371;10;7;46;96;241;263;6999
260490;718;27;12;6;7;3;5;5;4;10;14;8;156;975
260500;1409;97;23;18;15;11;12;18;22;23;16;18;20;1702
260510;2602;82;51;40;42;60;56;60;65;97;86;107;63;3411
260515;1112;16;8;8;12;9;15;15;19;17;11;39;30;1311
260520;9807;304;261;440;1648;213;204;196;168;226;456;486;401;14810
260530;1942;6;13;4;9;3;8;11;9;20;8;5;5;2043
260540;1056;9;6;37;17;11;17;21;36;25;21;21;30;1307
260545;1049;71;53;48;58;60;53;49;42;48;55;60;43;1689
260550;934;22;21;37;19;8;12;12;15;19;36;19;25;1179
260560;736;95;9;15;19;16;6;9;12;19;57;13;145;1151
260570;2765;37;43;42;33;29;33;33;28;51;57;53;43;3247
260580;666;5;1;3;2;3;1;9;2;2;2;1;4;701
260590;1223;159;30;137;81;86;14;18;34;11;16;12;131;1952
260600;16154;432;476;483;367;373;420;483;419;431;413;385;549;21385
260610;1313;22;14;15;15;12;10;7;10;14;5;10;11;1458
260620;12194;330;2673;605;292;173;163;212;225;191;238;253;503;18052
260630;401;0;0;0;3;0;1;3;2;0;1;0;4;415
260640;8748;167;150;263;200;222;243;210;218;233;216;222;214;11306
260650;825;1;3;4;4;3;3;1;4;2;1;2;1;854
260660;1682;22;35;17;41;14;38;14;29;36;22;12;25;1987
260670;478;2;19;3;1;5;3;5;3;4;10;9;15;557
260680;18323;466;416;2856;536;394;324;333;359;501;398;518;420;25844
260690;436;5;4;5;1;6;2;6;3;2;7;1;216;694
260700;635;0;1;5;2;2;1;8;6;1;3;3;9;676
260710;316;2;2;4;0;4;3;0;5;3;1;1;29;370
260720;47019;812;971;1780;2484;1870;1675;1441;1523;1432;1717;1808;3487;68019
260730;2388;31;39;24;41;20;33;44;27;18;29;36;30;2760
260740;411;4;3;3;5;1;1;6;3;4;2;1;8;452
260750;1048;4;3;7;5;3;1;5;3;11;11;7;4;1112
260760;1365;24;15;27;22;24;25;23;29;18;88;23;37;1720
260765;3221;80;61;97;34;54;65;44;48;39;40;44;92;3919
260770;639;4;4;3;6;9;7;8;4;0;4;4;12;704
260775;3447;37;49;32;42;37;39;63;110;60;33;66;70;4085
260780;2271;7;14;14;17;5;8;25;18;27;13;19;10;2448
260790;93250;3349;2922;3241;3887;2745;3103;3032;3086;3032;3038;3053;3656;131394
260795;777;49;20;32;9;38;7;18;16;23;15;28;24;1056
260800;955;1;3;1;1;1;1;4;4;1;5;2;2;981
260805;1063;30;10;26;7;16;20;14;53;30;19;15;28;1331
260810;1939;29;35;44;37;23;36;42;19;45;32;42;317;2640
260820;4872;47;103;140;232;1759;15;16;20;18;33;224;109;7588
260825;482;15;1;5;1;3;3;0;1;1;0;1;0;513
260830;747;4;3;14;14;4;10;5;8;5;2;5;45;866
260840;638;1;4;6;6;128;5;11;8;4;12;2;9;834
260845;1170;19;10;18;12;27;24;20;25;19;20;30;20;1414
260850;6652;122;97;1466;203;81;137;61;64;172;418;254;259;9986
260860;561;5;2;4;4;9;1;0;0;6;0;0;0;592
260870;395;3;12;9;5;9;3;6;8;9;7;5;557;1028
260875;2523;86;53;57;57;228;74;337;321;481;348;584;341;5490
260880;3100;40;47;51;54;52;46;45;45;50;55;47;48;3680
260890;4886;113;60;103;93;87;84;93;88;68;84;93;104;5956
260900;1623;36;13;38;21;20;15;16;23;12;27;15;17;1876
260910;859;7;9;11;10;2;8;8;3;6;7;12;13;955
260915;468;0;0;0;2;0;1;0;2;1;1;0;4;479
260920;2848;50;98;144;145;1020;12;14;25;18;62;149;116;4701
260930;707;8;3;3;8;6;3;2;6;5;3;2;7;763
260940;5658;150;169;601;186;174;142;87;173;139;174;139;159;7951
260950;3393;76;73;114;65;83;71;73;74;72;79;63;94;4330
260960;80953;2730;2081;2347;2712;2346;3198;2728;3330;2771;2855;3654;2461;114166
260970;1607;54;20;22;16;12;13;12;23;13;30;24;19;1865
260980;554;2;4;4;4;2;3;5;2;1;15;2;223;821
260990;3567;26;58;44;40;50;31;54;40;44;33;41;65;4093
261000;8115;245;243;1190;101;100;108;94;214;162;727;465;446;12210
261010;458;1;1;1;0;1;1;0;2;1;1;2;2;471
261020;1674;3;1;2;1;4;3;1;4;12;4;10;9;1728
261030;562;0;0;0;0;1;0;6;0;2;1;0;0;572
261040;1124;7;6;1;4;8;6;5;10;8;11;7;5;1202
261050;1178;4;8;8;4;17;10;8;9;13;20;17;20;1316
261060;5432;141;127;174;145;132;153;148;171;164;145;161;189;7282
261070;33177;938;766;1074;986;808;1163;1135;1091;1217;1073;1164;1439;46031
261080;889;2;7;7;8;8;2;8;10;5;6;15;76;1043
261090;4557;91;79;87;121;77;130;85;100;102;84;104;130;5747
261100;3308;122;140;866;152;417;100;70;134;64;58;86;275;5792
261110;51010;2110;2398;2302;2259;2715;2471;3031;2895;3353;6244;7919;6624;95331
261120;767;18;11;119;5;12;4;4;6;10;7;6;4;973
261130;1908;15;25;31;39;30;26;24;27;37;57;25;25;2269
261140;692;7;14;12;53;13;27;13;4;39;10;18;187;1089
261150;1219;7;33;32;5;5;8;7;11;13;10;9;11;1370
261153;407;4;4;0;5;2;1;1;0;1;1;0;6;432
261160;670595;17442;18632;19501;20863;20956;21490;20644;23148;20979;24096;22360;27201;927907
261170;1271;88;13;23;22;48;30;20;17;17;41;43;31;1664
261180;3263;54;49;217;260;59;38;50;40;63;69;54;63;4279
261190;7522;334;174;283;3021;57;35;48;80;101;269;235;358;12517
261200;975;8;6;5;4;5;3;8;8;8;9;10;7;1056
261210;311;1;1;3;2;3;2;1;6;0;3;0;1;334
261220;14153;295;220;324;251;331;424;705;701;497;702;709;721;20033
261230;994;3;8;3;3;2;5;5;1;5;1;2;0;1032
261240;1152;5;18;10;11;11;9;11;27;11;4;6;183;1458
261245;669;6;2;19;11;4;1;5;8;1;9;3;4;742
261247;449;2;3;24;2;6;5;9;7;2;5;0;3;517
261250;10349;305;210;361;311;308;362;298;333;307;493;308;364;14309
261255;345;9;4;4;2;4;5;5;1;4;1;0;321;705
261260;1908;4;8;19;14;11;15;21;19;39;26;41;34;2159
261270;523;3;3;5;3;2;2;1;3;1;0;1;1;548
261280;633;9;0;4;4;1;2;1;1;5;2;4;1;667
261290;727;40;15;36;41;7;5;1;4;10;1;5;13;905
261300;3920;105;79;68;45;62;77;69;63;60;64;60;108;4780
261310;2244;31;39;69;40;34;39;35;39;62;40;35;32;2739
261320;989;9;6;3;5;8;6;11;10;3;11;9;69;1139
261330;1228;7;3;6;1;4;3;2;5;4;4;2;3;1272
261340;1316;22;38;25;29;124;19;14;25;21;22;27;23;1705
261350;2127;13;17;22;15;19;21;41;13;21;19;16;31;2375
261360;2215;45;31;71;45;59;38;48;34;53;50;110;239;3038
261370;8044;127;141;135;180;163;154;144;155;176;165;191;268;10043
261380;1298;41;14;13;14;11;14;17;3;21;14;6;13;1479
261390;8695;232;235;356;278;308;282;268;249;305;321;278;631;12438
261400;746;1;3;3;0;6;4;4;1;4;0;3;0;775
261410;2250;68;99;127;96;160;154;283;167;233;450;315;767;5169
261420;7144;22;54;2763;143;56;61;74;1044;76;158;147;304;12046
261430;651;1;1;1;0;1;2;1;1;1;0;0;1;661
261440;27;0;0;1;0;0;1;0;1;0;1;0;0;31
261450;4962;85;111;88;87;69;83;76;90;110;87;88;78;6014
261460;1948;18;34;53;41;57;34;53;54;70;43;41;33;2479
261470;996;19;21;32;17;30;10;12;30;27;17;14;12;1237
261480;1050;20;4;3;5;4;0;5;2;0;2;9;5;1109
261485;4102;133;111;90;1428;30;46;158;79;49;73;115;162;6576
261500;2049;41;29;54;38;32;36;24;29;42;42;51;37;2504
261510;303;0;0;1;0;0;0;0;0;0;0;2;0;306
261520;401;0;1;2;1;0;0;1;1;2;3;1;0;413
261530;10960;236;319;2439;675;208;362;165;120;220;285;267;319;16575
261540;4984;125;90;181;154;157;145;174;210;141;146;147;203;6857
261550;689;8;59;18;21;24;18;57;19;14;26;14;17;984
261560;2804;57;83;62;81;116;110;82;68;115;82;86;92;3838
261570;960;16;21;31;13;28;25;13;21;16;15;37;11;1207
261580;1063;1;1;0;3;0;0;1;1;3;0;2;2;1077
261590;134;3;4;2;2;0;6;4;2;3;5;2;6;173
261600;906;11;4;14;6;19;4;22;5;6;7;7;2;1013
261610;541;2;0;2;1;2;1;0;2;3;1;6;9;570
261618;748;6;5;7;7;6;13;15;5;7;4;5;1;829
261620;1032;14;7;7;11;14;9;8;15;11;10;7;9;1154
261630;5544;123;2247;137;109;35;24;41;235;53;123;101;83;8855
261640;16729;273;332;383;961;1283;321;295;344;328;397;369;431;22446
261650;1129;92;15;24;90;29;2;17;39;11;39;19;5;1511
269999;0;0;0;0;0;0;0;0;0;0;0;0;0;0
270010;941;2;2;4;0;3;3;0;4;5;8;2;4;978
270020;1234;2;3;18;9;9;3;11;3;13;2;8;8;1323
270030;26737;764;706;851;671;823;847;868;633;756;679;810;875;36020
270040;6438;75;234;211;1311;160;79;55;71;72;56;98;110;8970
270050;980;6;6;9;8;11;2;7;17;14;14;17;7;1098
270060;1089;17;28;20;21;22;19;18;10;17;23;22;40;1346
270070;1001;25;10;12;7;9;10;11;19;6;14;39;20;1183
270080;454;1;0;0;1;0;0;0;0;1;1;1;0;459
270090;320;0;0;0;0;0;1;0;0;2;0;1;0;324
270100;5252;78;302;2270;96;127;24;22;48;58;42;71;56;8446
270110;582;3;7;0;3;2;3;1;2;2;2;0;0;607
270120;95;1;3;3;3;2;1;1;6;1;2;4;423;545
270130;3256;163;419;83;201;12;7;14;19;19;27;17;49;4286
270135;626;1;5;5;6;5;5;2;0;2;12;3;3;675
270140;5210;66;65;1937;42;45;25;16;37;17;28;44;51;7583
270150;68;2;3;6;1;3;3;2;0;4;1;2;1;96
270160;457;0;1;0;1;1;1;0;0;2;0;2;2;467
270170;1391;56;35;57;24;34;13;27;23;27;17;16;15;1735
270180;398;2;1;1;1;1;0;0;0;1;0;1;0;406
270190;508;6;3;2;2;1;4;17;2;4;2;2;4;557
270200;570;5;3;1;2;3;2;0;4;0;1;3;1;595
270210;5425;173;224;331;2045;33;66;62;110;55;116;211;202;9053
270220;439;1;1;1;0;5;2;1;3;2;0;0;11;466
270230;16952;271;4065;2218;455;418;126;80;173;215;166;218;327;25684
270235;893;5;5;4;3;26;8;4;1;2;1;4;5;961
270240;4655;69;85;170;161;109;85;93;84;103;100;135;859;6708
270250;553;1;1;4;5;1;3;0;1;2;2;2;1;576
270255;473;0;0;0;0;2;1;2;1;2;1;0;1;483
270260;772;2;5;1;7;4;5;15;3;0;3;4;2;823
270270;531;2;4;6;1;0;1;2;2;2;2;1;3;557
270280;981;7;15;16;5;8;10;6;13;3;3;8;8;1083
270290;1342;10;31;10;42;12;14;24;12;21;29;22;24;1593
270300;811;0;9;0;3;8;10;5;5;3;1;1;2;858
270310;916;4;3;3;2;1;1;4;1;0;3;2;3;943
270320;3660;32;18;72;1378;196;17;21;22;20;30;27;49;5542
270330;56;0;1;3;0;1;0;0;2;1;0;0;0;64
270340;270;0;0;1;0;2;0;1;0;0;0;1;0;275
270350;681;7;7;43;36;12;11;11;6;6;7;2;19;848
270360;576;11;11;4;11;7;10;9;5;7;3;2;8;664
270370;402;1;1;2;1;0;1;2;5;0;0;0;10;425
270375;5138;48;1691;723;96;66;33;12;16;13;62;39;80;8017
270380;1083;9;10;12;18;9;9;13;12;18;14;19;69;1295
270390;403;4;4;11;3;3;0;2;0;0;3;2;5;440
270400;2043;31;46;51;47;53;54;54;96;36;26;49;456;3042
270410;894;3;6;11;8;76;26;4;65;186;109;95;19;1502
270420;1145;8;7;12;13;8;7;6;6;4;9;14;10;1249
270430;231453;4892;5012;7638;5839;5610;6696;6735;6737;6017;5921;6457;7544;306551
270440;825;7;2;5;5;4;3;2;1;2;4;1;3;864
270450;2902;56;82;111;140;54;44;49;89;38;45;101;49;3760
270460;407;1;0;1;0;1;0;1;3;0;0;1;7;422
270470;9363;147;1035;634;172;181;212;225;297;314;375;299;357;13611
270480;728;7;7;3;3;7;9;7;8;29;6;8;6;828
270490;384;0;1;0;0;0;0;0;0;0;0;0;0;385
270500;850;6;3;7;2;6;1;3;1;1;0;1;1;882
270510;3883;135;72;698;62;39;18;28;36;42;84;72;53;5222
270520;887;6;10;36;91;14;25;33;12;17;13;14;19;1177
270530;342;8;9;7;18;10;12;2;3;10;1;0;3;425
270540;469;1;0;0;0;0;0;1;0;1;0;0;0;472
270550;2166;29;25;149;44;95;34;34;53;28;42;127;54;2880
270560;1519;4;3;18;11;4;3;7;7;1;7;26;39;1649
270570;1318;7;15;21;8;11;7;16;27;16;5;15;4;1470
270580;627;3;0;3;0;2;2;2;1;3;10;3;56;712
270590;251;0;0;0;0;0;0;1;0;0;0;0;1;253
270600;583;0;3;1;1;0;1;2;5;1;4;0;2;603
270610;450;0;0;0;2;0;0;2;1;1;1;3;0;460
270620;299;1;0;0;0;0;0;0;0;0;0;0;0;300
270630;6392;84;66;83;85;88;95;123;87;63;67;100;123;7456
270640;1124;2;4;9;2;4;2;7;10;4;5;6;6;1185
270642;513;1;1;2;1;1;4;1;1;2;0;5;1;533
270644;1108;17;20;28;28;30;33;45;39;37;48;42;49;1524
270650;934;12;6;37;12;19;9;10;15;8;7;5;7;1081
270660;433;6;2;2;0;1;2;2;2;0;3;1;0;454
270670;7743;1177;160;675;250;87;151;132;107;111;229;292;220;11334
270680;732;6;0;5;5;4;3;1;3;3;4;3;2;771
270690;3530;74;118;82;155;45;63;47;50;168;61;58;63;4514
270700;401;0;0;0;0;0;0;1;0;0;0;0;0;402
270710;1449;18;31;10;23;5;10;11;19;5;6;8;8;1603
270720;487;0;1;1;1;0;2;0;1;3;1;0;1;498
270730;5815;138;206;210;1172;210;201;44;56;81;233;224;167;8757
270740;698;5;8;35;3;4;1;3;7;7;5;7;4;787
270750;1007;1;8;3;6;3;10;10;8;12;11;48;19;1146
270760;745;1;0;2;1;2;3;1;1;4;2;4;18;784
270770;15384;511;517;2888;754;242;223;263;260;207;435;401;459;22544
270780;500;0;1;1;1;1;2;3;2;4;1;1;3;520
270790;744;8;6;11;8;7;4;6;9;11;8;22;22;866
270800;3220;89;57;54;47;55;44;33;45;58;53;35;40;3830
270810;559;2;1;5;5;4;4;4;1;1;1;2;5;594
270820;430;0;0;0;0;1;0;0;0;2;2;0;2;437
270830;5209;311;198;2394;104;86;64;141;1017;209;335;195;351;10614
270840;1421;1;5;16;2;9;6;10;8;10;3;2;8;1501
270850;8712;174;78;684;329;122;54;57;48;97;162;120;210;10847
270860;12274;246;1054;2683;179;506;184;171;156;169;244;232;207;18305
270870;733;9;8;20;6;2;7;5;3;2;2;2;4;803
270880;1852;16;43;27;57;30;15;25;20;15;15;45;8;2168
270890;1144;16;14;14;8;16;19;20;23;25;29;28;21;1377
270895;588;2;8;5;3;0;1;1;1;1;1;10;1;622
270900;289;0;0;0;9;0;0;2;0;1;0;0;0;301
270910;889;5;6;5;7;3;5;2;12;3;3;6;7;953
270915;5611;150;1680;143;162;53;81;57;96;79;93;102;162;8469
270920;851;4;3;1;0;1;1;1;0;4;1;0;3;870
270930;7274;164;827;236;990;108;64;98;105;117;75;83;116;10257
270940;1790;38;29;58;31;28;15;16;22;21;24;40;73;2185
279999;0;0;0;0;0;0;0;0;0;0;0;0;0;0
280010;43;0;0;0;1;0;4;0;0;3;0;0;1;52
280020;1413;16;9;15;8;16;18;12;19;11;352;55;28;1972
280030;208667;6944;6016;6345;5938;7268;7621;6124;6867;6623;7534;6261;7936;290144
280040;1110;15;3;20;8;5;5;7;2;4;1;20;9;1209
280050;831;3;11;10;4;7;8;8;13;7;11;12;59;984
280060;2727;84;48;76;84;98;105;72;94;92;285;111;206;4082
280067;1885;17;212;25;21;34;13;35;17;58;19;37;52;2425
280070;394;1;0;2;1;2;0;0;1;1;2;12;0;416
280100;1648;57;26;54;47;50;72;47;52;44;63;66;77;2303
280110;355;1;1;1;2;1;0;2;12;0;1;1;3;380
280120;2249;27;33;55;140;40;39;45;39;28;32;41;155;2923
280130;4960;175;253;909;391;299;89;281;166;143;172;278;302;8418
280140;2286;31;18;14;27;30;38;27;30;32;35;25;24;2617
280150;4344;283;99;105;122;83;83;126;160;241;89;110;102;5947
280160;385;0;1;0;7;1;3;0;2;0;2;1;5;407
280170;968;7;6;149;7;8;10;16;3;10;16;137;95;1432
280190;323;4;3;9;3;75;33;10;5;7;18;3;11;504
280200;843;15;1;0;1;1;4;0;2;1;2;5;13;888
280210;8716;184;181;203;202;224;298;355;245;254;206;191;517;11776
280220;401;0;1;2;0;3;3;3;1;1;2;4;0;421
280230;3504;199;48;152;80;115;104;37;61;44;71;56;57;4528
280240;605;1;3;12;7;4;112;6;6;5;7;3;10;781
280250;106;2;2;2;2;5;1;4;3;2;1;5;0;135
280260;489;5;9;0;2;2;0;0;1;4;6;5;24;547
280270;564;2;1;1;1;2;2;1;0;2;1;1;2;580
280280;994;9;5;14;5;1;4;4;2;3;3;6;9;1059
280290;11019;218;239;308;160;225;349;252;214;261;235;308;296;14084
280300;3103;28;32;40;25;26;52;26;48;27;26;28;32;3493
280310;351;3;2;0;1;2;1;2;3;2;4;0;1;372
280320;6124;277;72;81;96;132;90;106;114;133;126;228;213;7792
280330;2842;11;22;10;15;12;6;17;9;8;22;56;55;3085
280340;1616;172;71;573;56;56;17;41;49;16;98;78;25;2868
280350;9455;178;162;237;155;171;166;178;202;199;175;169;596;12043
280360;5428;75;106;986;75;106;61;109;66;81;113;119;173;7498
280370;507;1;9;7;3;3;4;4;7;2;2;2;7;558
280380;493;5;74;9;39;3;6;7;21;13;43;30;18;761
280390;1193;2;3;4;2;6;7;7;8;11;23;12;21;1299
280400;2682;41;19;464;225;28;57;69;41;81;77;89;147;4020
280410;501;11;4;4;5;2;4;5;5;4;4;4;2;555
280420;668;11;2;17;6;11;9;34;13;29;2;7;2;811
280430;976;19;37;76;61;67;106;119;158;190;151;51;145;2156
280440;2089;36;41;85;105;16;34;27;57;29;21;56;24;2620
280445;653;0;114;3;0;4;8;12;12;7;17;21;38;889
280450;3054;56;54;53;31;51;50;42;54;62;53;51;85;3696
280460;4240;52;91;1110;38;51;48;41;38;36;76;99;135;6055
280470;291;0;0;32;2;0;0;2;0;0;4;0;0;331
280480;15204;327;347;403;343;437;461;453;429;551;577;465;584;20581
280490;881;2;1;2;3;3;6;3;4;0;3;3;6;917
280500;323;0;0;1;0;0;0;0;2;2;1;1;1;331
280510;372;11;5;0;2;1;1;1;3;1;2;5;7;411
280520;331;3;8;8;4;9;3;4;6;6;6;10;80;478
280530;695;6;13;24;11;11;10;8;5;10;14;8;6;821
280540;1398;7;16;6;5;10;12;12;6;7;11;20;60;1570
280550;1256;8;7;7;6;1;6;6;10;20;13;59;13;1412
280560;1493;30;15;13;12;14;13;20;25;39;30;11;44;1759
280570;3760;70;61;61;69;57;81;98;74;66;88;95;161;4741
280580;1683;27;12;17;8;2;2;7;3;8;35;8;7;1819
280590;1215;40;47;37;26;27;31;60;23;21;20;85;43;1675
280600;2105;18;24;26;37;13;27;31;35;33;46;28;23;2446
280610;2068;32;19;28;256;18;280;57;37;12;28;24;502;3361
280620;1473;6;15;190;10;14;7;9;10;7;12;46;11;1810
280630;918;7;7;8;16;22;22;13;15;4;7;15;90;1144
280640;574;1;5;6;8;28;2;2;1;3;4;19;3;656
280650;360;3;0;6;7;1;2;3;1;0;6;1;8;398
280660;901;6;2;3;4;3;1;5;2;3;4;15;4;953
280670;11797;495;438;881;498;477;516;1172;368;409;471;730;606;18858
280680;736;4;6;4;4;7;23;7;10;10;19;6;11;847
280690;311;3;2;76;4;3;3;3;4;2;3;11;2;427
280700;430;2;0;5;2;3;1;5;2;3;2;3;0;458
280710;3797;56;52;95;38;43;31;91;90;77;67;63;137;4637
280720;786;22;21;19;25;13;12;9;14;13;14;15;7;970
280730;454;1;5;0;10;11;3;1;3;1;14;3;1;507
280740;3740;183;40;85;47;102;69;54;66;68;62;67;71;4654
280750;805;0;6;4;8;3;4;1;4;11;5;8;8;867
280760;1618;21;30;65;39;33;36;39;24;44;30;33;267;2279
289999;0;0;0;0;0;0;0;0;0;0;0;0;0;0
290010;586;0;2;1;1;0;0;1;1;1;0;2;2;597
290020;1055;16;1;0;10;1;3;3;2;3;2;2;0;1098
290030;728;3;3;3;1;3;1;2;2;4;3;5;4;762
290035;593;8;2;3;0;8;2;4;2;2;5;85;59;773
290040;869;4;6;4;6;4;7;8;5;6;7;33;7;966
290050;680;0;1;1;1;3;5;2;1;3;3;0;2;702
290060;343;7;7;11;18;2;5;3;3;3;4;25;85;516
290070;20817;698;516;618;727;844;956;878;826;789;814;882;903;30268
290080;1416;26;16;37;25;25;56;30;39;25;21;15;208;1939
290090;402;6;4;2;5;3;1;7;2;5;4;2;27;470
290100;3434;48;48;63;51;51;25;48;46;56;49;43;148;4110
290110;3165;108;1205;81;286;66;45;85;82;34;419;205;153;5934
290115;730;1;0;3;1;5;2;7;0;4;3;5;3;764
290120;1064;17;30;5;16;12;17;10;9;4;12;7;9;1212
290130;974;2;1;4;2;1;3;2;2;1;1;3;4;1000
290135;1790;5;7;16;135;14;14;18;16;21;31;27;16;2110
290140;978;33;18;12;23;9;5;8;5;6;7;8;119;1231
290150;597;4;0;0;1;3;3;0;0;4;3;2;2;619
290160;625;3;3;9;4;3;7;8;11;4;3;7;3;690
290170;630;17;58;8;17;13;12;7;7;15;9;61;87;941
290180;74;3;3;2;1;0;2;1;1;2;2;1;1;93
290190;1011;3;4;4;1;3;4;5;4;7;5;2;8;1061
290195;417;1;0;0;1;1;1;0;1;0;0;0;0;422
290200;1088;1;2;0;1;2;2;2;2;6;3;7;19;1135
290205;693;3;6;7;8;5;8;3;8;19;7;7;294;1068
290210;2497;27;14;37;184;5;28;20;181;19;18;25;31;3086
290220;596;16;6;6;13;19;23;33;34;28;31;27;238;1070
290225;769;29;12;13;19;92;29;59;5;10;14;182;18;1251
290230;442;7;2;3;2;5;3;2;3;4;1;6;9;489
290240;826;7;6;4;2;6;1;4;2;7;7;6;7;885
290250;599;1;3;5;14;9;7;21;5;12;28;29;125;858
290260;878;10;7;11;10;4;4;12;7;9;9;2;3;966
290265;710;1;0;2;0;1;4;1;3;0;1;2;2;727
290270;2119;15;8;18;13;12;8;8;25;23;17;18;25;2309
290280;1455;21;24;48;21;31;13;14;8;23;29;10;14;1711
290290;1976;74;61;57;43;43;51;453;359;290;555;246;332;4540
290300;607;2;2;8;0;2;2;3;6;0;1;1;4;638
290310;555;2;3;4;5;1;1;5;10;21;5;10;8;630
290320;24708;1177;1252;1365;1354;1727;1628;1841;1625;1463;1871;1534;2330;43875
290323;551;1;2;1;0;3;0;3;3;1;1;1;0;567
290327;1299;16;32;41;14;35;13;24;18;18;28;31;107;1676
290330;725;9;4;7;2;5;7;11;7;9;9;15;15;825
290340;1628;28;32;52;113;51;61;27;29;23;25;35;32;2136
290350;747;1;6;2;2;3;3;3;3;3;3;1;9;786
290360;761;3;3;14;2;2;2;4;8;3;7;13;1;823
290370;654;53;0;2;4;5;1;1;2;1;3;3;4;733
290380;1176;11;11;8;6;6;6;10;6;8;4;8;10;1270
290390;5824;97;82;145;112;95;109;120;97;132;104;101;155;7173
290395;566;0;0;1;0;0;1;0;0;1;3;0;1;573
290400;510;3;2;1;2;2;11;4;5;4;0;2;12;558
290405;739;12;8;14;43;2;18;10;6;35;71;69;210;1237
290410;1078;3;2;1;3;3;0;1;4;2;1;6;3;1107
290420;379;2;3;4;4;7;1;2;3;4;19;27;0;455
290430;806;11;4;14;12;16;14;40;29;3;9;258;130;1346
290440;405;2;0;1;1;1;4;2;0;0;1;1;3;421
290450;482;1;3;0;7;5;6;5;4;3;3;7;26;552
290460;8899;163;338;217;222;222;234;184;225;300;198;216;512;11930
290470;1824;13;17;36;28;17;16;22;21;23;32;14;18;2081
290475;887;7;1;2;0;1;0;1;1;2;1;0;0;903
290480;905;10;8;12;40;18;19;15;14;23;30;18;25;1137
290485;846;4;9;11;7;41;7;5;5;9;23;84;15;1066
290490;3264;72;70;76;58;56;43;94;67;51;44;73;51;4019
290500;2123;25;28;21;22;34;27;18;23;24;22;24;21;2412
290510;628;2;27;6;2;0;3;2;6;3;2;2;3;686
290515;313;9;13;11;7;4;13;5;2;7;4;8;175;571
290520;5429;85;67;116;91;72;92;91;104;96;87;80;135;6545
290530;155;2;2;0;0;3;0;2;1;2;1;1;13;182
290540;1733;34;39;66;81;61;68;61;71;52;49;57;201;2573
290550;705;2;6;30;3;4;7;36;4;1;4;1;163;966
290560;3259;68;87;116;103;98;95;77;74;118;94;98;133;4420
290570;76411;2495;2024;2289;3240;2780;2888;2819;2925;3421;3195;3300;5897;113684
290580;2659;36;13;34;31;26;43;41;39;28;20;27;32;3029
290590;1390;9;6;11;18;13;21;11;14;6;8;8;16;1531
290600;3807;85;50;41;37;33;53;50;65;39;65;109;98;4532
290610;555;1;1;1;0;3;0;0;1;0;1;2;1;566
290620;1105;1;4;2;2;4;1;2;3;2;2;2;4;1134
290630;2657;44;37;57;53;33;100;36;61;41;58;55;51;3283
290640;470;2;4;1;4;1;3;3;2;4;1;3;0;498
290650;15248;487;497;642;599;518;559;790;500;531;1393;559;2328;24651
290660;615;4;6;3;10;7;9;8;5;5;10;4;11;697
290670;1015;6;7;13;5;10;10;12;16;24;35;53;18;1224
290680;1603;10;5;5;5;15;8;14;7;13;9;6;5;1705
290682;682;1;4;15;2;0;3;3;3;4;3;3;3;726
290685;853;3;3;4;5;4;2;10;8;5;16;10;18;941
290687;2377;29;49;35;34;42;35;34;42;44;55;60;45;2881
290689;86;0;2;6;0;3;2;6;0;3;2;1;3;114
290690;2490;77;91;68;35;97;134;136;118;74;70;123;337;3850
290700;498;2;0;2;1;0;0;0;0;3;2;3;5;516
290710;1201;7;6;6;3;2;15;8;7;5;15;10;53;1338
290720;6629;379;472;167;302;237;347;410;477;534;1463;1986;1131;14534
290730;2894;49;33;65;42;168;30;75;41;48;54;234;186;3919
290740;300;4;1;3;6;6;2;5;2;5;1;4;24;363
290750;7504;163;205;242;223;284;211;210;243;235;564;211;314;10609
290755;148;1;3;0;2;0;1;1;0;1;3;1;1;162
290760;849;1;1;0;1;0;2;2;0;1;2;0;1;860
290770;415;0;1;2;1;1;0;2;2;0;4;0;7;435
290780;2119;18;20;20;23;37;20;23;16;16;15;29;15;2371
290790;736;14;10;10;7;9;6;88;9;4;3;7;31;934
290800;1619;10;11;15;7;20;14;9;19;21;9;15;9;1778
290810;1633;25;25;69;24;63;114;165;251;217;43;57;100;2786
290820;1946;60;63;41;39;38;48;63;77;117;53;127;70;2742
290830;1259;29;23;16;19;12;14;17;16;26;24;156;173;1784
290840;5684;99;82;90;80;117;93;103;112;143;98;143;81;6925
290850;6192;172;199;203;352;200;238;344;219;181;229;237;290;9056
290860;1130;7;2;17;11;6;21;10;211;11;9;8;14;1457
290870;1040;2;1;2;5;0;2;3;5;0;2;7;6;1075
290880;279;0;0;1;6;0;0;0;1;0;0;1;2;290
290890;1628;24;28;34;13;9;11;17;14;14;21;30;26;1869
290900;488;0;0;1;0;1;1;0;1;1;0;1;0;494
290910;756;3;4;4;3;0;1;5;2;4;3;5;15;805
290920;995;35;24;19;17;28;24;32;42;103;100;238;23;1680
290930;4406;198;196;426;203;276;281;275;325;496;290;342;600;8314
290940;823;5;10;9;19;5;9;4;8;17;13;8;80;1010
290950;323;1;0;0;2;1;0;0;0;2;0;0;12;341
290960;1178;5;6;9;5;10;9;6;7;3;5;4;10;1257
290970;577;2;1;37;12;4;11;1;12;3;8;2;26;696
290980;10576;190;176;245;478;906;469;466;357;329;278;254;456;15180
290990;1557;18;13;25;17;7;18;16;44;77;73;103;568;2536
291000;720;4;0;3;6;3;1;1;1;2;3;4;4;752
291005;16113;571;611;693;963;905;2440;1067;1465;728;950;928;2250;29684
291010;599;10;17;10;7;12;9;23;9;7;7;85;20;815
291020;312;1;2;1;4;0;4;3;1;0;3;2;2;335
291030;435;0;2;3;0;0;1;2;5;5;1;3;0;457
291040;1521;17;16;20;12;48;37;223;345;175;148;36;44;2642
291050;4291;68;65;107;59;118;102;134;103;114;115;120;231;5627
291060;3473;31;57;40;21;48;70;41;33;34;26;34;79;3987
291070;3089;28;31;87;79;79;34;76;57;71;71;75;52;3829
291072;19479;698;677;772;1217;809;1521;1089;845;675;769;704;773;30028
291075;809;2;6;8;5;7;5;6;2;10;2;8;14;884
291077;328;2;0;0;0;0;1;1;0;1;2;1;1;337
291080;103904;3719;3983;4769;4476;4166;4009;4540;4711;4154;4659;4137;5470;156697
291085;847;5;12;7;0;6;5;16;7;8;4;7;10;934
291090;1085;6;6;8;9;12;18;15;8;9;21;7;23;1227
291100;767;12;2;4;7;8;7;11;9;8;4;6;4;849
291110;3178;170;115;208;229;317;248;179;182;329;185;227;451;6018
291120;2767;40;61;71;84;57;41;57;68;61;110;56;68;3541
291125;332;2;1;0;11;0;2;0;0;0;1;0;4;353
291130;489;0;2;1;0;1;0;0;0;0;0;0;0;493
291140;709;92;8;11;175;16;6;28;7;11;14;127;104;1308
291150;522;3;5;6;6;1;7;3;5;8;13;1;13;593
291160;2087;57;89;178;56;213;33;35;27;32;41;67;78;2993
291165;535;2;0;2;0;2;0;0;0;0;0;1;1;543
291170;8503;210;195;253;184;255;214;368;266;181;229;252;284;11394
291180;1277;8;20;21;19;49;16;71;120;12;14;13;69;1709
291185;618;2;3;6;1;5;6;8;3;4;2;9;0;667
291190;1970;25;27;46;22;29;25;27;26;49;55;48;153;2502
291200;794;4;1;6;7;4;1;3;3;5;4;7;14;853
291210;2430;31;23;50;38;47;32;54;29;33;34;38;49;2888
291220;3015;43;88;102;73;48;94;107;96;51;65;61;369;4212
291230;1651;25;20;29;23;14;8;28;19;11;19;31;26;1904
291240;721;3;0;3;3;1;0;1;5;4;2;0;6;749
291250;613;1;3;2;5;2;2;1;1;1;4;3;1;639
291260;213;22;1;6;0;4;0;2;0;0;0;3;16;267
291270;1017;10;7;21;15;15;12;13;3;21;14;13;262;1423
291280;1769;59;95;51;88;91;114;142;72;96;156;75;177;2985
291290;1909;25;21;48;19;22;23;23;29;26;20;33;28;2226
291300;604;1;2;1;2;0;1;1;3;1;1;1;2;620
291310;1004;0;5;0;25;1;1;1;2;5;2;2;3;1051
291320;1896;26;44;84;84;48;63;71;83;49;40;33;38;2559
291330;395;1;2;2;4;0;1;2;8;1;0;1;4;421
291340;682;6;6;5;2;2;3;0;3;3;7;1;15;735
291345;1830;22;42;41;29;27;39;205;26;29;37;56;30;2413
291350;1846;14;9;10;16;10;15;20;17;16;12;10;8;2003
291360;30809;687;750;942;925;666;739;693;663;762;687;747;1698;40768
291370;2909;57;47;70;230;155;69;69;52;48;56;226;86;4074
291380;893;1;0;1;0;1;2;0;0;0;0;4;1;903
291390;4889;472;278;286;257;219;251;221;184;171;136;181;364;7909
291400;4388;107;232;148;97;195;110;159;87;126;171;82;262;6164
291410;561;0;5;7;5;5;4;3;5;7;4;8;6;620
291420;434;6;0;6;11;5;4;5;3;4;4;1;5;488
291430;613;1;2;1;3;1;2;2;2;3;0;7;38;675
291440;854;7;4;6;6;2;29;30;3;6;9;2;17;975
291450;1944;15;41;40;8;12;18;10;13;13;7;16;18;2155
291460;7669;188;176;224;185;158;192;218;202;169;161;162;192;9896
291465;3104;112;88;169;88;278;385;624;130;93;96;66;119;5352
291470;6777;121;148;166;210;219;166;268;217;208;458;255;543;9756
291480;38661;1277;1155;1794;1448;1146;1553;1323;1395;1265;1324;1203;1635;55179
291490;2377;45;73;101;110;124;71;65;63;141;63;148;183;3564
291500;538;2;6;6;6;3;3;5;2;4;5;1;309;890
291510;776;10;5;3;15;8;12;5;9;2;5;5;45;900
291520;2133;49;43;68;49;77;46;36;60;64;60;35;124;2844
291530;603;32;7;19;9;21;14;13;5;15;19;13;9;779
291535;1000;24;10;12;24;5;10;15;15;41;23;170;74;1423
291540;614;3;8;8;4;7;12;11;4;4;8;25;34;742
291550;2198;61;26;61;33;31;43;46;56;27;96;22;114;2814
291560;7310;195;255;414;458;457;1516;368;311;234;214;611;302;12645
291570;482;3;1;3;1;1;0;1;0;1;2;1;5;501
291580;2595;16;48;45;55;44;60;45;53;71;35;48;58;3173
291590;487;6;1;5;3;5;5;6;3;16;20;2;38;597
291600;1568;26;8;18;7;9;7;16;19;10;18;10;28;1744
291610;1716;15;26;31;25;14;10;32;24;24;17;19;20;1973
291620;869;15;7;19;14;8;15;15;8;17;51;13;17;1068
291630;918;9;7;12;8;10;9;9;8;16;10;14;16;1046
291640;22071;515;600;640;604;643;491;1266;610;1152;642;532;1010;30776
291650;1458;10;70;24;11;25;38;6;12;9;10;15;109;1797
291660;779;3;7;5;9;5;13;11;13;23;5;11;110;994
291670;592;5;3;16;3;7;4;9;7;18;10;19;2;695
291680;1901;24;24;26;24;21;44;22;24;22;29;28;25;2214
291685;1022;8;3;11;28;27;12;16;14;24;14;5;12;1196
291690;866;3;11;8;3;5;8;11;3;3;9;27;57;1014
291700;1804;11;10;17;9;8;2;21;7;10;10;16;40;1965
291710;3260;39;47;90;70;79;64;67;106;47;140;158;93;4260
291720;1235;6;4;13;6;5;7;5;7;6;9;98;4;1405
291730;2178;43;44;60;48;60;60;46;46;47;41;34;36;2743
291733;599;4;4;4;2;2;2;2;4;3;7;2;5;640
291735;1591;40;50;71;75;87;68;120;64;69;85;174;261;2755
291740;538;2;3;2;5;4;7;3;0;2;0;1;9;576
291750;8818;178;175;243;222;222;211;234;201;194;172;198;256;11324
291760;2720;34;35;86;30;38;41;58;49;47;51;55;254;3498
291770;3349;56;36;45;63;50;46;41;52;38;107;26;106;4015
291780;894;24;7;29;20;23;27;14;8;6;49;6;18;1125
291790;888;11;16;9;12;5;15;6;5;17;9;26;27;1046
291800;22076;409;535;557;527;561;490;553;1557;686;562;645;950;30108
291810;1885;12;15;30;23;31;19;12;22;23;226;22;88;2408
291820;707;1;8;7;6;2;4;4;9;7;88;5;5;853
291830;901;3;14;17;9;10;3;18;12;7;11;17;8;1030
291835;1298;2;7;6;10;5;5;7;8;3;4;3;9;1367
291840;28695;870;982;1278;864;1166;1149;1164;1236;1419;2537;3247;4116;48723
291845;578;8;10;6;22;7;10;15;8;21;17;137;21;860
291850;342;1;3;2;0;2;1;1;2;1;2;0;0;357
291855;717;6;3;7;12;14;5;8;13;7;26;14;5;837
291860;537;1;1;0;0;1;1;0;0;0;1;0;1;543
291870;285;2;1;3;2;1;1;2;4;0;1;0;0;302
291875;510;1;1;1;1;1;1;3;3;1;4;6;1;534
291880;1084;6;8;6;14;12;12;6;17;11;9;17;18;1220
291890;910;55;93;62;64;54;20;24;54;71;43;201;80;1731
291900;278;1;0;1;1;0;2;0;1;2;1;1;1;289
291905;618;2;7;9;3;7;8;9;58;4;0;7;12;744
291910;474;3;0;2;3;1;2;9;2;1;1;3;7;508
291915;1196;12;21;70;49;23;28;11;15;22;48;11;29;1535
291920;101801;3541;3522;4724;4493;3777;4716;4642;4649;5530;4639;6819;10073;162926
291930;723;9;4;14;9;10;8;4;6;3;13;9;7;819
291940;891;5;14;23;17;9;8;27;18;21;12;11;37;1093
291950;3008;114;79;70;80;84;57;73;72;96;72;91;103;3999
291955;13236;917;1245;1203;1045;1266;1175;1258;1272;1446;1044;1187;1621;27915
291960;368;0;1;0;1;3;3;0;0;0;1;4;0;381
291970;2070;10;20;23;25;30;35;38;34;55;38;23;60;2461
291980;2081;19;24;10;19;11;20;24;19;21;17;27;106;2398
291990;474;0;5;3;1;3;2;4;1;2;3;4;68;570
291992;3992;333;67;64;50;54;41;57;63;68;83;39;70;4981
291995;356;2;2;3;2;2;2;6;7;2;2;2;106;494
292000;1032;19;17;13;13;20;15;15;17;26;22;21;32;1262
292010;903;3;5;8;6;6;5;2;4;6;5;4;3;960
292020;691;11;2;2;7;4;1;1;6;21;9;0;69;824
292030;471;1;2;3;2;5;1;6;3;6;2;4;14;520
292040;744;10;4;1;2;3;8;3;8;8;3;4;9;807
292045;677;0;0;0;0;0;0;0;0;0;0;0;0;677
292050;1554;40;22;38;10;17;87;21;12;13;16;31;131;1992
292060;4247;82;183;85;65;153;85;112;89;95;119;89;459;5863
292070;1405;18;22;69;18;20;18;22;55;25;25;28;202;1927
292080;451;2;1;3;1;3;2;4;3;2;1;3;3;479
292090;958;5;8;19;9;9;10;8;12;15;5;12;11;1081
292100;10304;491;403;448;452;350;298;284;464;309;387;326;595;15111
292105;395;1;0;1;5;2;3;0;0;0;1;14;57;479
292110;2354;55;38;143;112;104;72;78;144;66;55;49;791;4061
292120;1580;12;23;19;20;17;14;6;16;13;16;26;60;1822
292130;1020;16;14;20;22;12;15;19;22;20;41;54;64;1339
292140;711;1;3;2;0;2;0;1;0;2;0;0;0;722
292145;331;2;1;2;1;7;3;1;1;0;1;4;68;422
292150;1999;12;6;9;15;10;14;17;12;13;17;13;1165;3302
292160;265;17;7;10;9;224;21;9;15;8;49;10;105;749
292170;2045;27;9;99;39;14;37;25;51;29;63;36;223;2697
292180;428;3;9;3;4;5;4;7;6;1;1;3;168;642
292190;2446;32;46;62;69;81;194;140;237;392;116;36;46;3897
292200;8140;381;696;378;324;224;485;303;664;292;384;395;597;13263
292205;849;1;0;0;0;0;1;0;0;0;0;0;2;853
292210;987;16;9;25;15;11;4;13;43;6;10;11;81;1231
292220;349;2;0;1;3;4;3;1;1;5;2;57;4;432
292225;409;4;4;11;7;27;6;9;2;8;1;4;24;516
292230;1856;36;20;30;35;35;48;74;191;132;179;57;47;2740
292240;1382;13;16;35;20;9;16;15;11;27;24;18;80;1666
292250;2836;43;44;167;72;45;64;63;78;57;35;40;89;3633
292260;632;1;5;6;3;2;3;5;5;8;5;6;5;686
292265;453;0;2;5;1;1;6;7;4;2;7;12;3;503
292270;888;5;3;6;4;3;3;9;4;8;1;10;10;954
292273;509;9;29;16;9;10;12;3;2;2;3;1;5;610
292275;391;0;2;3;2;3;3;1;1;4;0;2;19;431
292280;313;0;2;2;5;3;6;1;2;4;2;4;14;358
292285;373;0;2;2;0;1;1;1;0;1;1;1;1;384
292290;1307;47;41;17;131;11;15;34;16;17;30;26;16;1708
292300;7057;154;212;313;161;131;191;311;244;203;178;199;246;9600
292303;384;0;0;0;0;0;0;0;0;0;0;0;1;385
292305;598;1;4;0;3;2;2;3;2;0;1;0;5;621
292310;1166;8;10;4;14;27;23;8;11;13;10;15;14;1323
292320;968;8;7;11;4;8;19;6;5;7;8;6;7;1064
292330;700;4;4;12;27;9;9;10;7;11;30;32;6;861
292335;1136;12;14;13;14;12;11;10;10;14;18;11;68;1343
292340;913;12;9;8;24;5;5;16;8;13;8;4;267;1292
292350;469;9;2;4;5;6;3;14;8;5;43;6;8;582
292360;839;14;11;17;12;19;20;28;15;11;14;18;11;1029
292370;1362;8;5;7;4;2;8;10;32;53;41;11;11;1554
292380;1244;10;11;18;10;8;10;15;15;7;6;10;11;1375
292390;817;7;4;8;7;2;6;4;1;3;5;3;11;878
292400;13522;265;289;352;296;351;342;328;796;364;421;341;381;18048
292405;509;3;5;3;1;1;3;2;2;1;2;3;4;539
292410;230;13;1;3;2;0;1;0;1;0;1;5;1;258
292420;837;0;0;2;4;3;0;1;0;3;1;1;2;854
292430;766;1;0;3;3;3;2;2;2;1;2;3;3;791
292440;1128;1;16;6;5;19;62;5;3;6;4;11;3;1269
292450;439;5;1;3;1;4;0;2;0;0;5;20;25;505
292460;1045;2;0;2;1;6;0;5;3;4;2;3;1;1074
292465;554;7;6;10;3;5;3;8;3;2;10;2;1;614
292467;412;3;7;14;1;1;3;10;1;2;3;4;3;464
292470;318;1;1;1;0;0;0;1;1;3;1;6;0;333
292480;912;12;48;37;7;9;13;5;31;7;5;11;46;1143
292490;536;2;2;4;1;6;9;3;5;31;18;8;86;711
292500;1631;14;15;47;29;17;35;21;28;23;55;240;38;2193
292510;2517;30;21;44;35;29;35;23;43;41;50;29;36;2933
292520;7490;187;208;278;165;183;227;199;326;209;292;257;156;10177
292525;1307;18;16;13;15;27;10;33;18;12;12;17;14;1512
292530;20950;1070;1411;1457;1109;1007;1043;1105;977;850;1039;1103;1317;34438
292540;1139;9;11;12;8;12;17;5;10;13;7;8;18;1269
292550;3002;99;128;160;141;129;147;216;812;87;119;96;251;5387
292560;85;1;2;2;3;2;2;1;2;5;2;4;3;114
292570;334;0;0;1;2;2;0;1;0;3;3;0;2;348
292575;1130;3;14;13;12;14;10;13;14;8;7;10;9;1257
292580;1423;15;43;11;43;28;115;16;31;25;45;56;27;1878
292590;872;11;5;8;11;6;3;5;5;7;5;6;99;1043
292593;580;0;1;1;0;0;1;0;1;1;0;0;1;586
292595;1611;9;3;13;8;11;9;7;23;6;7;9;9;1725
292600;2450;28;18;26;28;19;33;24;25;27;32;35;269;3014
292610;1079;21;9;17;22;18;59;31;15;9;26;28;81;1415
292620;2006;159;85;122;70;123;105;87;86;142;83;147;178;3393
292630;2240;38;28;32;26;36;31;58;44;49;63;53;106;2804
292640;1055;4;9;7;5;6;0;2;6;12;3;7;17;1133
292650;1173;6;12;41;74;293;174;27;10;8;66;9;42;1935
292660;3776;170;37;53;33;48;46;44;44;39;31;43;30;4394
292665;700;6;7;2;5;7;25;200;38;3;63;62;4;1122
292670;678;13;10;7;3;6;6;5;6;11;4;11;28;788
292680;619;0;3;2;4;9;3;6;3;1;1;3;3;657
292690;510;0;1;0;1;2;0;0;6;0;2;2;0;524
292700;2649;40;31;91;58;29;41;28;38;42;39;155;256;3497
292710;468;1;5;3;1;0;6;2;2;0;3;3;89;583
292720;2645;89;23;47;59;42;132;65;46;42;27;362;113;3692
292730;659;3;8;12;8;5;9;7;6;11;5;8;134;875
292740;796556;23533;23483;29547;26490;26796;28983;30611;31814;31003;32816;25553;33751;1140936
292750;966;8;14;17;14;26;8;23;16;23;12;12;164;1303
292760;807;1;3;6;6;7;5;2;16;1;29;6;113;1002
292770;2736;161;350;184;68;41;93;133;70;72;114;118;464;4604
292780;553;1;9;51;5;7;9;7;5;6;4;1;16;674
292790;579;9;5;14;5;4;4;1;23;4;5;18;19;690
292800;1989;21;28;58;42;26;33;28;31;26;22;26;93;2423
292805;939;2;9;10;10;8;7;7;9;8;5;7;14;1035
292810;2939;57;50;68;96;69;92;74;64;87;47;147;259;4049
292820;1247;11;9;20;11;6;12;8;9;8;8;7;14;1370
292830;361;1;0;2;0;0;0;5;2;0;0;0;1;372
292840;1371;7;11;13;26;20;17;30;40;51;21;20;119;1746
292850;451;3;1;6;2;3;0;9;6;5;6;11;112;615
292860;5100;64;112;184;117;108;121;145;180;146;257;380;329;7243
292870;17165;687;466;526;481;479;507;644;474;424;778;412;718;23761
292880;5808;83;122;166;115;117;124;124;130;168;129;122;120;7328
292890;7438;533;709;1187;801;782;817;722;918;1084;733;559;714;16997
292895;527;13;9;10;5;7;5;5;34;8;3;10;13;649
292900;1390;12;16;10;14;17;17;9;16;14;30;10;6;1561
292905;1232;33;17;38;37;22;35;54;36;35;24;34;80;1677
292910;1237;8;5;16;13;7;11;12;10;11;17;14;21;1382
292920;14947;286;303;149;351;415;359;213;278;264;338;367;314;18584
292925;743;2;1;5;3;1;1;4;12;8;0;6;1;787
292930;3469;62;62;1575;246;108;152;167;125;298;121;94;146;6625
292935;727;3;3;11;4;2;1;3;3;3;0;4;1;765
292937;565;1;2;18;3;2;7;0;2;4;3;7;0;614
292940;847;3;1;4;1;3;3;3;2;3;1;1;1;873
292950;5032;192;152;144;167;134;161;133;155;132;120;136;625;7283
292960;965;7;17;45;15;20;15;22;27;192;412;138;35;1910
292970;1247;17;15;28;14;17;35;11;21;15;25;14;251;1710
292975;826;8;9;11;9;17;12;13;7;9;3;11;4;939
292980;543;2;0;5;4;2;9;2;2;3;5;4;6;587
292990;2632;32;25;44;32;38;60;52;36;37;64;37;109;3198
293000;638;7;8;3;2;17;4;6;3;19;4;5;43;759
293010;7744;139;144;157;120;130;156;198;160;184;226;225;188;9771
293015;1791;78;51;26;21;17;60;61;6;26;13;71;11;2232
293020;1604;31;29;47;19;14;34;25;27;13;127;28;258;2256
293030;909;0;0;3;4;3;3;3;7;4;2;9;39;986
293040;1007;6;2;3;1;2;5;6;6;15;6;14;11;1084
293050;8332;249;301;384;281;225;296;373;291;451;471;364;768;12786
293060;902;11;7;6;6;6;2;4;5;27;5;9;7;997
293070;36844;1137;1034;1900;1213;1295;1293;1302;1537;1352;1757;1204;1612;53480
293075;754;9;10;17;8;9;40;7;10;0;9;16;11;900
293076;976;1;1;1;1;2;1;0;0;2;1;1;2;989
293077;1546;21;17;29;24;68;22;37;34;23;65;61;264;2211
293080;583;0;0;1;2;0;0;0;2;0;0;1;0;589
293090;935;3;3;1;0;1;2;2;2;2;3;2;3;959
293100;1188;19;14;20;25;13;25;35;22;36;19;21;20;1457
293105;912;5;11;7;10;3;6;6;6;3;5;6;15;995
293110;490;9;3;10;3;4;5;5;7;6;4;30;61;637
293120;988;11;8;9;7;8;14;6;8;9;3;8;154;1233
293130;942;9;7;20;8;9;9;5;63;43;11;18;156;1300
293135;22985;1108;1045;1092;942;997;1289;1254;1446;990;849;843;1296;36136
293140;446;5;6;7;3;2;3;3;2;5;8;58;3;551
293150;1095;30;12;21;5;5;19;13;19;10;7;13;104;1353
293160;777;1;6;3;6;2;0;6;10;5;3;2;4;825
293170;1082;11;54;21;23;16;20;19;17;34;14;15;25;1351
293180;946;1;0;1;5;3;0;2;3;1;4;2;6;974
293190;2613;14;26;24;15;16;14;78;70;21;25;19;200;3135
293200;1746;6;17;14;12;10;6;21;12;12;2;10;18;1886
293210;1292;4;8;13;19;8;10;22;12;18;20;33;21;1480
293220;1573;49;30;46;54;35;35;55;28;37;27;87;518;2574
293230;1828;17;26;25;44;21;11;31;21;17;18;17;31;2107
293240;759;14;6;9;14;15;4;23;3;4;4;4;4;863
293245;383;131;11;10;4;16;3;4;37;4;5;3;18;629
293250;2990;67;54;76;51;50;54;50;49;41;34;64;88;3668
293260;1105;8;8;15;10;12;8;10;11;9;8;4;21;1229
293270;1527;56;29;35;31;34;42;21;41;125;36;38;68;2083
293280;601;8;4;11;12;4;9;19;66;47;2;36;144;963
293290;9741;222;155;260;186;145;191;190;172;135;157;160;300;12014
293300;2840;61;36;45;48;65;32;37;29;35;100;131;99;3558
293305;700;4;3;37;31;6;3;4;4;10;2;3;10;817
293310;475;2;3;2;5;2;2;2;1;1;2;0;6;503
293315;741;4;2;15;5;5;3;4;5;1;6;17;23;831
293317;527;5;5;1;8;1;4;3;4;7;15;6;6;592
293320;3938;99;126;115;58;82;98;383;69;70;89;74;86;5287
293325;460;3;8;4;5;9;4;15;2;4;8;2;14;538
293330;56443;1558;1731;1945;1726;1748;2116;2268;2023;1928;2080;1717;2000;79283
293340;465;6;0;5;2;4;2;3;4;3;1;2;5;502
293345;700;10;2;5;4;4;8;7;2;11;7;2;17;779
293350;1276;9;6;5;10;9;3;6;7;9;4;29;40;1413
293360;3143;22;11;21;18;16;22;16;34;27;28;21;236;3615
299999;0;0;0;0;0;0;0;0;0;0;0;0;0;0
310010;1058;51;34;73;40;32;22;22;29;24;25;20;21;1451
310020;4192;196;178;198;185;196;203;167;201;169;200;203;264;6552
310030;1749;27;42;39;47;27;40;49;70;41;61;142;86;2420
310040;291;5;11;5;7;9;6;15;18;7;9;31;35;449
310050;641;14;12;18;12;9;14;12;11;13;9;11;10;786
310060;845;31;12;13;11;15;24;82;151;131;15;16;23;1369
310070;403;22;5;13;17;31;15;8;4;8;6;12;10;554
310080;802;25;37;27;18;37;27;31;40;25;20;13;62;1164
310090;1271;22;19;20;33;32;21;30;17;17;11;25;104;1622
310100;815;11;12;13;15;31;14;32;10;13;10;16;123;1115
310110;3082;73;75;123;132;78;90;88;71;99;89;62;88;4150
310120;813;15;15;23;9;11;7;15;9;20;16;8;59;1020
310130;281;8;3;3;9;5;3;14;4;1;2;4;7;344
310140;364;20;6;12;7;9;6;3;11;35;60;13;26;572
310150;7706;208;264;329;234;253;299;311;275;251;343;411;437;11321
310160;17009;616;694;820;816;873;845;1620;1318;1106;828;685;1093;28323
310163;710;16;11;15;22;17;28;30;15;16;18;16;31;945
310170;4694;108;100;161;105;115;121;244;124;124;149;259;188;6492
310180;938;10;9;31;17;14;18;13;25;18;22;15;95;1225
310190;2642;81;83;89;81;58;107;62;100;143;98;95;132;3771
310200;1237;94;30;25;35;29;54;38;78;86;160;72;76;2014
310205;424;4;9;15;10;14;18;15;16;15;20;6;40;606
310210;724;25;16;8;5;12;15;43;14;11;8;6;32;919
310220;185;3;14;9;6;0;3;3;2;5;2;0;67;299
310230;2397;35;36;64;32;58;56;48;36;52;61;52;75;3002
310240;277;4;6;1;9;5;4;6;12;6;8;8;64;410
310250;363;7;6;11;15;5;31;4;13;5;13;8;23;504
310260;8692;294;306;382;347;313;325;293;310;378;313;375;378;12706
310270;699;12;16;7;14;15;19;15;20;8;14;23;38;900
310280;1487;36;51;58;31;34;24;33;38;29;54;36;76;1987
310285;651;23;23;14;48;12;18;34;92;348;210;138;23;1634
310290;1427;40;25;45;29;44;24;27;26;30;21;37;61;1836
310300;1421;26;36;55;43;31;56;42;48;27;78;34;68;1965
310310;197;8;3;4;2;1;2;1;1;3;2;6;28;258
310320;559;7;18;17;10;15;15;12;22;19;14;12;32;752
310330;232;15;3;5;1;2;2;6;6;1;2;1;3;279
310340;3370;89;110;126;175;160;148;148;175;165;110;114;304;5194
310350;20687;969;1179;1120;931;967;1003;1362;1072;1246;1191;942;1245;33914
310360;373;3;5;1;8;7;15;8;4;6;5;5;22;462
310370;553;60;53;24;10;12;36;94;41;10;11;11;27;942
310375;2224;98;110;135;129;120;72;142;271;74;136;313;546;4370
310380;466;1;2;2;4;7;7;7;5;7;7;4;2;521
310390;1642;74;77;108;98;95;90;112;84;84;70;87;148;2769
310400;24166;1133;1060;1092;931;1150;1304;1290;1356;1699;1110;1203;1277;38771
310410;2289;211;1423;73;131;102;87;141;150;130;56;152;113;5058
310420;9029;359;433;478;436;406;460;388;403;413;405;409;607;14226
310430;1576;60;53;82;118;72;101;104;156;218;135;88;49;2812
310440;488;7;6;5;11;6;15;7;13;9;9;11;17;604
310445;240;5;10;3;1;5;8;32;33;24;4;7;20;392
310450;1267;40;45;55;55;62;41;48;61;64;36;49;440;2263
310460;3811;170;243;285;246;184;165;219;167;178;191;145;223;6227
310470;822;9;8;30;12;10;15;15;13;12;15;9;23;993
310480;753;25;24;43;29;48;32;52;26;21;20;50;56;1179
310490;3282;74;99;102;59;55;113;95;155;215;269;127;90;4735
310500;2252;132;74;128;92;188;153;231;197;143;128;161;95;3974
310510;3895;131;115;171;289;195;190;248;264;167;119;347;574;6705
310520;267;1;3;6;2;5;8;3;2;2;4;4;63;370
310530;930;32;20;30;44;31;38;51;54;36;64;36;79;1445
310540;3795;121;96;128;273;144;98;153;141;120;119;119;231;5538
310550;562;8;5;6;5;6;2;7;7;6;8;7;19;648
310560;25374;1008;813;1159;761;911;829;843;814;646;640;778;1459;36035
310570;522;5;7;5;10;4;10;3;7;3;16;12;5;609
310590;3116;129;175;145;144;217;92;116;104;141;93;81;122;4675
310600;955;30;28;35;30;23;44;37;23;25;31;18;79;1358
310610;536;31;13;88;17;9;11;16;24;9;10;9;26;799
310620;1356769;51401;51962;62716;56607;61853;57950;63177;63827;62115;62406;62109;120203;2133095
310630;6745;268;211;247;631;284;310;210;203;570;322;221;283;10505
310640;761;11;13;11;9;16;17;12;19;23;20;12;24;948
310650;1172;19;17;12;19;7;17;18;26;17;83;14;242;1663
310660;188;2;5;4;0;8;5;4;4;10;5;6;162;403
310665;359;6;9;2;3;7;26;24;58;16;10;11;49;580
310670;114800;3577;3411;4032;4022;3807;4060;4495;4265;4220;4777;3925;5003;164394
310680;392;5;12;5;6;1;3;7;2;6;4;8;3;454
310690;2596;79;64;99;91;86;128;68;91;109;82;88;104;3685
310700;340;2;7;4;4;6;8;2;3;5;6;6;25;418
310710;6325;293;171;253;313;250;465;523;1103;734;252;253;630;11565
310720;579;18;11;6;6;12;13;9;10;4;13;6;4;691
310730;7718;406;194;209;254;194;277;253;242;277;239;182;318;10763
310740;9581;426;397;587;548;623;483;547;481;470;394;454;839;15830
310750;1133;42;22;32;48;40;19;35;30;21;27;148;30;1627
310760;504;9;9;20;22;24;16;51;77;43;23;29;34;861
310770;792;34;61;40;37;40;28;35;40;20;31;28;53;1239
310780;878;24;16;24;33;85;25;33;24;34;41;225;97;1539
310790;682;16;16;24;29;26;23;8;8;19;26;14;59;950
310800;2113;60;53;67;56;55;90;172;353;232;108;60;146;3565
310810;517;5;5;8;8;18;7;20;10;10;7;10;19;644
310820;717;11;16;15;14;20;14;48;40;37;24;17;40;1013
310825;368;3;2;3;6;4;2;2;2;2;3;3;44;444
310830;2499;75;84;115;70;85;123;80;120;98;82;78;174;3683
310840;2042;52;74;62;53;72;123;141;248;370;193;189;103;3722
310850;580;3;5;1;2;1;7;38;20;14;7;51;74;803
310855;1095;92;92;84;120;94;83;107;57;97;55;60;171;2207
310860;2314;39;66;53;38;37;41;35;43;65;52;32;395;3210
310870;272;0;1;2;0;2;3;1;5;2;2;0;1;291
310880;398;2;3;6;9;11;7;3;16;3;2;13;6;479
310890;1699;29;62;42;63;53;49;99;54;57;41;55;107;2410
310900;6937;215;254;264;221;220;226;241;245;219;242;241;385;9910
310910;812;27;15;31;50;17;28;30;20;26;26;19;47;1148
310920;869;35;33;66;34;27;89;37;75;66;65;67;222;1685
310925;245;0;3;2;3;1;0;3;4;0;2;4;4;271
310930;2797;158;146;245;204;408;337;247;199;371;221;303;725;6361
310940;4006;216;225;276;295;330;264;369;200;321;254;242;589;7587
310945;653;2;12;12;28;7;48;17;30;8;6;19;93;935
310950;1810;91;52;59;66;122;210;372;1108;681;159;112;119;4961
310960;570;14;18;16;24;17;16;19;17;22;8;16;100;857
310970;1463;40;43;52;77;44;55;96;69;100;94;123;61;2317
310980;786;7;7;13;13;13;16;32;7;15;39;9;27;984
310990;1974;43;54;56;53;43;41;56;57;61;60;58;75;2631
311000;4884;166;170;224;170;162;197;196;199;189;172;150;270;7149
311010;389;3;1;0;4;1;0;1;2;3;0;1;0;405
311020;439;11;20;20;25;19;39;102;11;41;19;13;56;815
311030;1885;69;79;72;40;52;69;65;55;50;29;51;58;2574
311040;252;3;2;1;2;1;2;3;1;2;0;0;2;271
311050;4154;163;207;199;127;162;174;167;158;160;160;189;270;6290
311060;5650;197;244;265;173;254;216;294;278;239;242;168;244;8464
311070;1608;100;60;96;39;36;94;76;149;314;192;131;76;2971
311080;405;7;8;21;5;11;8;6;8;26;11;28;12;556
311090;2775;108;88;122;238;78;116;180;180;239;209;239;198;4770
311100;2577;77;78;98;64;121;162;254;413;531;200;243;164;4982
311110;2654;100;62;105;87;88;101;90;86;90;108;83;253;3907
311115;221;76;0;1;0;0;2;1;1;2;1;2;94;401
311120;9889;384;388;461;516;344;396;435;449;402;445;498;811;15418
311130;1420;38;67;31;53;76;175;85;79;98;59;48;65;2294
311140;2028;95;70;66;125;195;72;80;97;103;80;399;179;3589
311150;2097;61;135;119;410;82;126;216;542;561;369;369;211;5298
311160;3331;91;94;151;155;125;150;251;329;437;221;164;325;5824
311170;311;6;6;2;0;8;13;83;8;12;7;5;14;475
311180;3337;117;46;77;79;81;64;100;120;72;70;1360;185;5708
311190;521;3;9;14;9;11;11;12;9;15;10;7;19;650
311200;2052;63;66;49;79;71;58;56;106;47;46;50;65;2808
311205;303;4;5;3;4;31;8;2;3;1;7;3;78;452
311210;418;6;7;6;5;12;10;11;5;9;12;8;28;537
311220;316;1;1;2;3;0;0;46;30;4;3;2;6;414
311230;4631;88;118;153;109;96;167;321;368;322;450;185;482;7490
311240;862;19;34;29;13;27;66;162;236;36;26;31;52;1593
311250;1706;74;51;127;64;102;122;183;59;120;110;95;140;2953
311260;3683;223;141;226;265;273;281;543;446;180;1296;278;607;8442
311265;320;2;2;6;3;11;4;7;11;7;5;4;108;490
311270;1410;14;25;27;22;26;20;38;27;17;18;26;328;1998
311280;1545;70;67;48;73;56;76;78;114;83;63;52;58;2383
311290;574;12;19;8;17;29;32;48;139;33;24;77;70;1082
311300;767;11;5;14;8;12;12;11;13;14;13;16;294;1190
311310;279;1;7;2;0;4;4;1;2;5;1;0;2;308
311320;3161;137;154;410;211;179;203;157;112;157;112;110;199;5302
311330;5202;149;132;212;189;179;347;426;161;215;163;161;247;7783
311340;14674;523;555;678;707;668;784;776;861;811;631;641;1111;23420
311350;1167;29;32;40;27;23;24;23;26;46;26;78;111;1652
311360;1218;33;45;42;33;47;46;87;52;80;136;93;64;1976
311370;3185;89;68;79;102;86;104;92;99;102;87;84;117;4294
311380;298;1;10;3;1;3;0;2;2;1;7;3;8;339
311390;2151;122;43;98;50;112;170;304;280;557;717;354;175;5133
311400;2146;65;61;90;82;68;84;117;197;153;99;107;90;3359
311410;2180;67;51;101;41;66;76;138;130;232;293;452;297;4124
311420;3937;157;195;184;148;145;148;160;161;157;154;146;253;5945
311430;4348;109;123;147;186;110;163;239;379;771;462;219;242;7498
311440;3052;98;123;118;114;116;136;238;169;292;84;87;135;4762
311450;3355;114;124;148;122;117;136;136;147;122;136;111;243;5011
311455;1783;66;51;54;61;77;75;70;72;82;44;61;134;2630
311460;520;9;8;3;7;2;2;6;6;7;2;8;4;584
311470;408;8;10;15;8;7;5;10;17;10;3;11;18;530
311480;416;7;5;7;5;3;8;4;9;10;2;10;4;490
311490;327;2;1;1;4;0;14;5;2;1;2;4;15;378
311500;573;22;17;20;21;38;31;39;32;50;71;105;53;1072
311510;2788;135;90;118;114;102;101;176;240;290;231;147;115;4647
311520;355;2;3;6;1;13;5;4;4;1;4;3;5;406
311530;16324;456;504;486;480;474;554;438;453;546;474;498;676;22363
311535;747;21;30;24;20;19;13;12;14;20;19;21;19;979
311540;257;7;4;5;6;3;1;4;5;3;7;5;16;323
311545;281;5;10;11;12;20;9;15;19;4;11;8;126;531
311547;274;0;1;0;2;1;2;3;1;0;1;1;60;346
311550;3572;129;115;109;97;81;99;137;175;148;139;100;226;5127
311560;191;9;7;6;3;6;14;15;8;4;2;6;6;277
311570;460;7;3;15;9;24;11;2;8;18;6;26;4;593
311580;885;32;40;76;24;33;23;18;32;14;21;35;108;1341
311590;437;12;6;23;24;21;11;11;6;10;14;21;15;611
311600;350;10;5;7;7;7;7;5;5;7;6;5;18;439
311610;730;5;4;7;1;15;7;5;4;5;5;3;19;810
311615;582;18;20;18;94;107;67;49;51;42;26;24;63;1161
311620;487;7;9;7;31;62;71;68;89;123;184;140;216;1494
311630;336;5;2;3;3;0;3;22;2;3;5;6;39;429
311640;529;15;14;16;57;23;13;28;30;20;31;27;16;819
311650;986;88;24;26;40;33;47;32;38;61;55;160;82;1672
311660;7856;394;334;373;361;346;386;398;450;451;255;459;484;12547
311670;650;29;22;39;10;28;15;104;16;45;7;24;34;1023
311680;480;19;20;16;4;3;6;4;5;5;5;4;3;574
311690;1123;159;193;679;22;51;185;201;212;101;99;51;995;4071
311700;490;24;14;6;4;13;17;16;4;9;9;8;46;660
311710;1134;89;19;36;41;96;116;177;117;120;148;70;25;2188
311720;236;0;1;5;1;1;5;3;0;1;2;1;2;258
311730;4225;295;313;333;269;485;339;216;176;253;181;481;754;8320
311740;321;3;3;4;6;5;6;4;3;3;2;3;12;375
311750;2044;111;59;69;80;73;124;68;87;76;68;68;132;3059
311760;1704;43;74;70;352;59;54;58;55;84;58;54;92;2757
311770;2047;57;50;85;54;48;75;150;145;463;164;167;143;3648
311780;2306;49;60;64;56;80;135;150;97;110;107;101;235;3550
311783;243;5;12;7;9;13;9;6;7;5;4;11;159;490
311787;4479;107;126;143;109;110;122;156;162;194;128;254;168;6258
311790;1393;47;29;37;28;65;48;57;41;72;55;51;60;1983
311800;12229;497;318;487;376;396;399;434;465;462;481;401;479;17424
311810;268;9;9;8;1;4;2;52;14;1;4;5;12;389
311820;1158;16;28;58;43;77;90;76;47;65;104;837;81;2680
311830;19226;752;679;1003;873;832;785;941;864;957;796;844;1350;29902
311840;1939;47;50;51;37;48;75;54;75;54;38;45;230;2743
311850;138;1;1;7;3;0;2;5;4;1;2;2;3;169
311860;191989;9788;10207;10936;10045;11368;10245;11237;10925;10523;9998;9493;11179;317933
311870;921;35;29;28;29;28;89;91;292;95;124;66;32;1859
311880;1646;25;24;31;26;49;196;6;26;18;32;31;27;2137
311890;581;9;16;19;12;21;15;13;12;8;9;12;38;765
311900;576;17;15;19;21;26;26;29;52;60;31;46;43;961
311910;2555;113;105;109;72;93;101;109;80;84;83;84;118;3706
311920;476;13;8;24;13;11;65;49;21;8;4;24;248;964
311930;4685;209;198;327;203;226;347;472;438;403;590;334;475;8907
311940;15140;687;682;888;908;709;823;764;851;745;716;813;1297;25023
311950;549;16;9;22;12;10;14;12;16;10;12;37;172;891
311960;383;66;18;25;8;6;8;7;6;8;7;9;45;596
311970;398;3;10;11;14;9;5;13;26;17;12;16;22;556
311980;409;5;7;16;8;8;21;36;39;108;34;11;74;776
311990;238;8;2;4;8;3;9;5;3;4;1;1;7;293
311995;1426;51;77;89;99;75;61;107;76;54;66;106;161;2448
312000;342;8;8;8;5;3;1;4;3;4;3;4;4;397
312010;434;10;5;19;16;8;17;30;27;19;17;14;9;625
312015;391;5;5;7;11;8;8;14;17;7;20;11;87;591
312020;2747;97;97;137;147;132;150;150;173;192;123;157;161;4463
312030;428;19;13;169;5;3;3;10;8;8;7;3;99;775
312040;541;6;9;14;34;18;10;11;16;9;10;19;35;732
312050;1090;43;32;31;21;18;33;35;28;23;30;33;172;1589
312060;469;13;9;9;11;3;20;11;11;5;7;10;27;605
312070;420;6;7;13;5;13;7;6;13;11;12;11;37;561
312080;2222;74;82;76;69;72;47;62;68;119;79;49;90;3109
312083;349;2;8;4;2;3;2;6;2;3;5;2;2;390
312087;378;13;5;10;7;9;21;11;27;9;4;6;42;542
312090;14803;1099;646;740;674;603;713;691;687;616;713;515;1039;23539
312100;527;5;3;10;7;1;13;13;13;7;19;8;10;636
312110;873;15;17;19;19;21;31;14;19;25;17;19;35;1124
312120;1140;26;36;25;26;45;32;63;40;41;24;30;65;1593
312125;3860;74;101;252;323;473;394;264;226;177;83;151;1450;7828
312130;1116;27;23;38;28;34;62;32;24;34;37;61;28;1544
312140;431;3;7;8;7;7;9;4;4;8;4;14;13;519
312150;280;3;4;12;9;6;21;37;7;3;9;2;48;441
312160;7337;158;164;224;203;200;294;217;203;317;187;207;287;9998
312170;128;2;5;5;3;10;8;3;5;7;1;59;95;331
312180;665;30;19;18;19;22;19;19;20;17;35;27;43;953
312190;511;16;18;25;13;20;17;54;27;85;24;11;61;882
312200;1321;40;82;51;39;21;39;33;45;30;32;34;40;1807
312210;208;4;6;8;9;8;6;5;9;7;4;6;164;444
312220;311;6;7;11;4;91;11;11;8;6;25;20;141;652
312230;54973;2174;2387;2769;2596;2398;2551;2837;2596;2695;2230;2480;3169;85855
312235;599;12;2;13;6;9;6;9;21;13;6;7;83;786
312240;634;32;14;15;10;35;32;27;95;160;14;20;30;1118
312245;401;6;2;5;7;4;6;5;4;8;36;13;122;619
312247;269;18;4;18;27;3;7;28;35;20;9;20;18;476
312250;448;32;10;8;14;6;10;9;16;11;7;9;53;633
312260;515;17;14;22;19;18;18;26;33;18;21;27;29;777
312270;879;5;10;16;17;22;22;18;17;13;16;9;38;1082
312280;338;3;7;15;3;9;4;3;5;15;3;8;14;427
312290;837;18;20;40;41;33;41;24;20;14;31;26;17;1162
312300;3127;65;52;57;85;54;79;94;72;68;52;88;84;3977
312310;416;38;5;20;12;9;6;17;8;7;5;19;196;758
312320;2120;80;76;64;80;77;70;127;86;76;78;82;106;3122
312330;232;4;1;5;8;4;23;4;8;5;5;5;75;379
312340;182;13;2;1;11;30;1;5;2;6;2;7;5;267
312350;293;2;3;2;5;1;2;1;7;93;50;8;3;470
312352;371;18;14;14;10;12;14;22;43;27;45;33;50;673
312360;4218;202;147;140;129;157;149;161;267;253;241;134;286;6484
312370;1250;39;42;99;31;36;25;57;37;39;37;36;220;1948
312380;727;18;13;11;13;19;13;9;14;14;41;22;113;1027
312385;295;140;10;7;5;19;28;69;8;2;28;42;34;687
312390;1592;55;37;49;49;46;50;59;64;55;36;39;78;2209
312400;1738;41;45;59;49;33;75;83;98;67;45;59;107;2499
312410;5332;155;194;227;268;194;214;230;234;246;218;209;422;8143
312420;2387;67;67;73;56;46;66;70;76;65;55;68;110;3206
312430;2676;34;30;58;41;42;44;52;48;53;36;57;57;3228
312440;512;9;9;14;13;10;10;14;12;12;4;5;15;639
312450;1075;45;39;42;35;53;66;55;45;45;72;48;62;1682
312460;343;4;1;4;8;2;13;2;0;3;6;7;2;395
312470;486;10;12;7;14;13;11;11;7;11;12;11;40;645
312480;1743;81;43;54;44;74;120;174;185;135;88;185;134;3060
312490;1492;88;36;47;46;32;30;36;38;37;25;27;45;1979
312500;315;31;11;13;8;7;12;11;10;5;9;22;43;497
312510;11823;717;579;682;750;639;675;845;715;665;768;669;993;20520
312520;318;11;38;12;53;15;103;43;9;9;17;7;7;642
312530;484;8;6;6;13;7;10;9;14;10;17;22;14;620
312540;349;2;0;0;4;1;12;31;9;14;14;13;28;477
312550;294;4;7;5;21;5;7;3;2;3;5;3;20;379
312560;523;7;17;12;18;14;17;9;8;7;8;12;6;658
312570;1974;41;56;56;55;93;66;91;66;73;69;189;90;2919
312580;360;7;3;10;6;6;4;4;4;6;6;5;19;440
312590;900;20;25;24;26;20;21;17;10;13;18;16;45;1155
312595;730;66;24;23;22;39;14;34;16;17;18;15;13;1031
312600;1285;42;54;54;65;38;90;60;69;55;55;45;41;1953
312610;16269;736;637;772;687;859;848;857;931;934;736;679;1407;26352
312620;596;16;19;12;11;31;20;26;18;13;16;16;141;935
312630;1037;24;11;13;38;17;33;29;62;58;15;14;31;1382
312640;483;38;19;8;14;25;10;11;13;8;14;9;53;705
312650;439;2;4;4;3;14;5;5;4;1;3;8;3;495
312660;763;12;21;12;14;16;10;25;27;14;14;34;99;1061
312670;2327;69;57;59;60;71;407;264;81;106;105;147;194;3947
312675;342;1;2;6;6;2;6;65;68;3;4;8;1;514
312680;408;9;8;4;10;20;11;9;9;7;4;51;51;601
312690;850;13;19;29;22;20;20;30;30;15;43;26;125;1242
312695;198;1;3;1;3;2;3;3;4;3;3;3;39;266
312700;1828;173;649;85;86;95;78;59;64;66;57;489;172;3901
312705;258;2;0;3;3;5;9;2;3;1;3;0;130;419
312707;335;117;57;37;56;24;48;123;47;110;107;77;140;1278
312710;10663;348;311;486;469;381;603;426;439;489;400;766;480;16261
312720;549;13;21;23;23;15;20;28;14;17;22;15;66;826
312730;728;23;14;34;29;30;31;41;52;31;126;25;117;1281
312733;186;1;1;1;3;4;0;9;5;2;2;5;238;457
312735;269;19;21;9;1;1;11;8;5;3;5;6;13;371
312737;196;1;2;2;3;0;1;6;4;9;2;1;33;260
312738;431;8;7;13;5;13;12;6;19;14;10;9;24;571
312740;464;11;15;13;10;19;11;40;15;10;9;7;8;632
312750;375;2;2;3;2;2;25;4;7;5;3;6;3;439
312760;1677;76;41;39;46;53;41;50;69;136;54;79;119;2480
312770;53589;2232;2104;2588;2163;2145;2492;2204;3489;2755;2313;2137;2621;82832
312780;1984;108;121;149;129;68;48;108;60;72;120;92;95;3154
312790;295;51;4;12;7;5;4;3;3;2;1;26;6;419
312800;5885;173;170;198;135;155;138;153;151;145;155;182;246;7886
312810;1724;40;49;51;56;81;126;260;163;179;162;90;85;3066
312820;733;5;20;9;8;13;14;54;20;11;15;20;71;993
312825;341;1;8;15;3;5;7;3;3;14;24;14;49;487
312830;4657;194;203;286;339;514;430;343;389;565;378;808;183;9289
312840;1389;42;28;44;32;38;63;61;59;36;40;32;101;1965
312850;650;55;15;26;42;34;33;20;22;37;24;24;65;1047
312860;1210;28;81;65;88;89;108;135;91;196;228;173;137;2629
312870;12885;545;515;626;671;756;727;836;715;1129;889;1009;963;22266
312880;1174;35;35;42;46;30;46;28;40;21;39;38;47;1621
312890;587;36;39;42;86;26;23;48;114;116;29;47;203;1396
312900;863;19;20;44;29;30;29;29;17;33;36;29;89;1267
312910;618;20;16;17;23;14;17;14;19;25;19;31;43;876
312920;906;27;28;22;17;27;37;52;49;53;102;120;49;1489
312930;638;17;20;22;22;22;16;21;20;53;17;30;246;1144
312940;628;13;9;15;17;14;23;10;9;22;18;25;7;810
312950;4190;230;276;517;385;296;917;366;519;436;254;165;377;8928
312960;318;11;7;13;38;84;229;282;80;13;36;9;192;1312
312965;325;6;6;8;9;18;9;16;4;21;5;12;127;566
312970;1870;69;68;95;75;96;145;471;806;262;163;101;231;4452
312980;16869;700;754;847;651;716;742;1064;1074;680;828;718;1398;27041
312990;351;7;6;6;5;8;12;8;4;20;7;4;6;444
313000;351;5;10;6;5;9;17;48;92;148;7;14;18;730
313005;314;14;4;9;5;19;23;26;12;8;7;5;169;615
313010;5485;233;204;281;260;257;265;309;246;329;314;275;436;8894
313020;2511;99;121;112;91;70;105;97;103;97;88;98;130;3722
313030;1436;46;39;46;47;62;56;60;38;48;53;57;121;2109
313040;1545;47;47;79;65;91;71;72;116;130;102;112;140;2617
313050;2159;61;60;88;81;115;138;174;144;210;255;153;122;3760
313055;391;15;8;11;21;18;13;42;41;18;9;37;39;663
313060;1089;21;30;35;38;35;38;35;31;59;22;41;30;1504
313065;436;9;3;32;8;4;2;7;65;7;16;55;9;653
313070;1204;78;52;60;63;147;82;105;99;118;222;126;87;2443
313080;441;12;12;7;10;10;16;6;14;34;8;26;37;633
313090;2331;28;36;33;97;136;48;102;42;46;37;47;39;3022
313100;1233;30;33;37;29;28;27;38;31;45;38;29;48;1646
313110;951;44;18;49;20;19;13;18;16;17;23;18;127;1333
313115;1583;81;58;62;61;140;37;59;39;34;44;49;33;2280
313120;2033;70;72;125;97;65;71;67;97;82;78;67;121;3045
313130;80348;3502;3366;4374;4703;4336;3938;3955;4318;4413;4614;4643;5511;132021
313140;613;15;25;50;26;13;22;18;17;14;10;10;18;851
313150;1141;27;29;32;26;21;30;34;25;40;23;26;37;1491
313160;701;16;22;71;19;30;41;20;100;155;159;34;165;1533
313170;35243;1046;1066;1118;1155;1203;1419;1222;1105;1166;939;1037;1557;49276
313180;754;24;8;19;10;5;8;11;11;14;4;5;62;935
313190;12640;757;648;761;694;650;653;703;681;642;855;724;705;21113
313200;805;13;15;22;19;36;21;25;16;29;23;15;83;1122
313210;1928;51;44;45;146;36;43;73;47;73;40;134;211;2871
313220;2115;68;62;72;70;80;92;76;110;110;96;112;128;3191
313230;612;8;8;22;10;6;38;108;13;37;17;13;51;943
313240;25213;790;898;952;779;874;878;998;906;1014;821;3529;887;38539
313250;3002;78;44;73;64;57;90;126;144;194;82;84;233;4271
313260;709;12;12;51;14;18;18;14;22;15;11;17;27;940
313270;2191;36;25;60;57;42;78;133;104;48;38;112;154;3078
313280;204;2;3;7;3;4;4;4;4;6;3;2;11;257
313290;1412;29;20;50;35;35;69;84;185;178;131;50;98;2376
313300;2388;41;45;60;59;42;67;57;58;48;48;38;145;3096
313310;3710;74;99;93;600;126;84;110;122;164;129;114;234;5659
313320;977;18;25;23;25;22;17;25;17;16;22;19;115;1321
313330;2071;51;68;104;97;107;55;80;57;104;66;71;174;3105
313340;2773;45;65;81;165;1308;90;90;82;73;108;192;256;5328
313350;3137;114;109;185;121;135;160;158;171;99;139;123;174;4825
313360;1757;87;102;112;103;86;63;79;90;94;73;78;80;2804
313370;3275;63;70;97;103;142;103;1187;188;126;114;154;194;5816
313375;4064;232;234;228;277;345;262;263;237;822;354;238;407;7963
313380;23690;792;934;1104;960;1010;1074;1119;1116;1023;838;874;1235;35769
313390;404;8;11;8;8;5;5;11;10;8;10;7;11;506
313400;610;19;15;16;14;44;17;9;17;19;15;23;149;967
313410;450;3;16;7;11;2;8;9;5;6;4;9;44;574
313420;18935;726;814;888;840;806;2473;1034;859;759;903;903;1306;31246
313430;442;11;9;9;11;13;9;15;39;46;6;6;7;623
313440;7825;402;263;292;731;343;339;305;382;304;269;751;875;13081
313450;482;5;13;7;8;8;8;15;14;7;9;26;15;617
313460;1631;26;29;45;44;36;42;29;37;42;47;27;103;2138
313470;704;5;3;7;10;15;8;7;46;6;6;8;6;831
313480;892;60;71;23;66;19;92;88;124;54;26;98;70;1683
313490;6689;378;246;330;283;308;310;440;385;450;300;332;292;10743
313500;612;31;25;24;30;39;49;55;35;35;33;43;42;1053
313505;5251;192;186;203;221;212;245;219;264;218;222;283;182;7898
313507;377;4;4;16;7;2;6;6;7;5;6;14;18;472
313510;9074;260;285;351;328;271;371;737;368;294;334;417;1385;14475
313520;4410;97;86;101;93;115;86;109;130;113;191;97;395;6023
313530;679;23;36;39;32;19;18;32;52;26;18;28;36;1038
313535;267;1;2;4;4;0;2;11;2;2;5;7;239;546
313540;3401;132;190;242;158;100;168;195;381;234;199;192;400;5992
313545;423;3;12;13;3;9;0;49;1;1;6;4;4;528
313550;1158;17;20;23;26;32;30;39;34;47;24;45;56;1551
313560;754;13;12;17;20;14;26;16;17;33;14;14;28;978
313570;1080;38;33;40;39;28;31;51;31;44;38;83;65;1601
313580;1483;41;26;50;29;48;39;45;48;26;37;52;372;2296
313590;602;11;16;11;10;8;10;5;14;6;14;26;28;761
313600;931;33;12;27;27;15;24;158;24;22;20;15;126;1434
313610;902;30;49;19;26;30;20;50;56;50;69;36;95;1432
313620;17756;716;549;1021;731;850;658;722;1015;629;675;699;759;26780
313630;10612;614;617;730;681;665;763;1212;1064;1154;672;745;1142;20671
313640;451;8;13;9;13;14;4;7;9;12;3;6;59;608
313650;660;17;14;13;11;10;19;24;10;12;6;10;86;892
313652;163;1;0;1;0;3;2;7;110;7;3;7;11;315
313655;448;5;12;7;15;10;11;15;4;3;8;8;55;601
313657;272;3;2;4;4;5;4;0;2;3;3;0;29;331
313660;481;17;9;16;18;13;24;13;12;18;8;13;53;695
313665;5659;246;316;617;372;304;356;348;402;310;292;265;428;9915
313670;134320;5027;5263;6610;5892;5525;5780;5581;6027;5568;5482;5317;7822;204214
313680;456;7;7;6;6;4;8;4;4;4;4;2;8;520
313690;1758;51;49;68;49;76;91;111;225;101;58;53;77;2767
313695;348;0;2;2;1;3;4;5;4;1;3;2;28;403
313700;627;2;6;5;12;7;11;32;22;19;5;9;37;794
313710;865;41;28;40;34;63;44;44;48;44;43;54;85;1433
313720;9529;376;333;442;373;419;474;449;406;403;464;361;1204;15233
313730;332;6;0;2;1;3;6;5;8;3;4;7;49;426
313740;1294;25;28;36;29;21;33;58;18;35;21;17;56;1671
313750;2066;138;204;198;397;312;90;98;135;390;182;261;155;4626
313753;1215;54;38;42;61;65;55;69;74;61;69;77;91;1971
313760;13013;694;463;564;484;623;509;525;549;602;524;489;971;20010
313770;1879;41;31;37;42;61;51;162;107;45;54;39;121;2670
313780;2521;84;64;88;68;91;76;81;92;89;97;67;139;3557
313790;244;10;0;5;3;4;3;15;3;1;0;2;17;307
313800;823;19;20;13;14;19;22;11;23;26;18;13;14;1035
313810;1065;33;98;49;76;122;84;182;69;43;31;38;145;2035
313820;24378;898;889;989;823;854;963;1049;1221;1135;971;937;1170;36277
313830;394;16;14;34;15;21;28;8;9;25;12;22;35;633
313835;195;2;1;2;1;3;46;3;1;1;0;3;232;490
313840;10247;316;290;390;305;288;332;427;359;380;384;488;571;14777
313850;742;6;9;14;13;12;8;12;13;16;7;19;18;889
313860;2165;104;74;55;42;64;76;67;60;65;57;58;143;3030
313862;2071;78;89;67;184;257;42;62;55;51;61;188;110;3315
313865;314;3;6;5;11;10;25;5;16;13;31;30;175;644
313867;261;9;9;40;7;14;12;6;10;10;7;16;113;514
313868;407;11;4;8;13;9;13;24;7;5;2;7;78;588
313870;996;46;41;23;63;23;55;45;79;114;216;198;53;1952
313880;3152;116;116;127;98;106;187;176;169;132;118;138;302;4937
313890;433;8;19;15;10;8;12;28;41;26;9;5;23;637
313900;8195;298;301;328;350;456;524;583;730;752;770;624;606;14517
313910;506;14;5;22;15;12;104;21;18;8;17;12;14;768
313920;1103;20;10;13;12;13;4;11;20;19;16;29;48;1318
313925;188;0;3;2;0;3;0;1;2;0;5;123;0;327
313930;1400;16;29;36;34;25;22;26;20;83;25;28;72;1816
313940;16599;1373;613;811;681;709;987;945;1196;790;715;662;779;26860
313950;2894;94;93;108;101;100;205;203;248;290;144;89;213;4782
313960;3721;73;72;121;97;88;113;91;114;70;83;113;104;4860
313970;1326;108;49;44;97;68;60;46;65;39;49;44;47;2042
313980;3137;128;92;111;146;125;119;168;162;120;104;125;131;4668
313990;1134;21;28;17;17;26;23;20;24;17;20;23;51;1421
314000;11360;362;438;717;398;732;350;411;434;330;448;304;920;17204
314010;298;3;7;4;13;9;4;6;4;6;8;5;74;441
314015;1053;30;39;53;50;48;45;32;41;54;50;53;94;1642
314020;673;19;22;26;22;24;40;30;36;26;44;38;106;1106
314030;534;13;7;107;18;15;17;20;18;20;16;10;82;877
314040;254;1;4;13;8;8;10;10;6;6;7;7;10;344
314050;3847;192;216;241;281;359;218;250;245;277;248;365;339;7078
314053;581;69;14;20;27;77;152;71;82;134;32;28;33;1320
314055;390;2;2;2;3;3;1;5;6;3;1;5;66;489
314060;280;5;56;11;3;6;8;9;5;4;5;30;20;442
314070;5735;158;249;269;354;229;224;362;240;317;240;191;361;8929
314080;5131;232;226;234;212;438;219;263;203;269;228;263;357;8275
314085;1249;56;24;49;35;39;41;106;25;37;56;51;91;1859
314090;1428;49;79;94;85;133;138;287;113;61;158;93;335;3053
314100;616;215;41;17;19;57;6;16;29;22;13;25;242;1318
314110;9603;837;675;972;764;747;755;926;783;683;869;614;1163;19391
314120;412;9;4;3;9;6;6;64;7;6;5;4;57;592
314130;522;54;43;13;32;24;32;97;19;61;34;15;44;990
314140;1587;64;35;39;40;33;47;36;55;31;24;43;60;2094
314150;480;10;9;29;8;6;18;10;8;5;6;12;1;602
314160;973;15;16;17;16;27;20;24;22;22;24;18;127;1321
314170;423;19;19;24;31;9;24;23;7;7;4;2;4;596
314180;1454;32;33;34;32;30;19;52;54;168;30;24;684;2646
314190;497;11;11;34;6;7;8;12;12;7;13;5;19;642
314200;746;9;8;5;8;13;11;5;13;11;7;6;60;902
314210;1068;22;80;35;24;19;28;81;37;45;35;45;76;1595
314220;1873;67;58;108;73;89;51;40;78;59;149;57;61;2763
314225;216;39;9;12;11;10;31;16;10;2;10;5;109;480
314230;452;16;16;16;16;7;7;10;12;19;11;9;18;609
314240;750;30;33;48;98;29;19;17;54;28;19;18;47;1190
314250;259;4;2;5;7;5;2;5;2;4;6;5;39;345
314260;1800;60;56;69;48;43;49;55;180;130;39;59;83;2671
314270;1066;8;12;31;9;8;9;16;7;5;10;15;14;1210
314280;3216;196;155;282;359;220;159;152;384;163;158;162;271;5877
314290;1446;25;10;11;9;13;15;16;11;14;15;10;13;1608
314300;2592;308;58;83;257;197;182;152;173;719;527;524;352;6124
314310;10188;570;487;612;386;662;948;1252;1573;1529;796;557;831;20391
314315;291;0;4;1;3;1;3;120;1;3;1;0;0;428
314320;3843;202;182;172;143;233;224;248;349;482;330;219;255;6882
314330;72263;2036;2483;2762;2604;2379;2922;2779;2726;2680;2373;2517;5777;106301
314340;4856;141;167;183;179;153;164;214;259;261;208;174;204;7163
314345;597;7;11;24;14;20;15;11;15;17;19;16;36;802
314350;1464;28;31;29;29;35;28;28;32;29;29;35;186;1983
314360;570;62;21;32;36;35;45;38;18;27;29;26;109;1048
314370;301;5;0;3;1;10;2;2;3;3;8;14;50;402
314380;454;10;7;14;10;14;9;17;23;6;15;37;36;652
314390;24272;911;839;1122;1297;939;963;1056;969;1001;980;1040;1169;36558
314400;2088;133;52;55;46;66;60;133;123;43;48;43;51;2941
314410;3179;142;157;253;137;162;159;144;267;294;244;168;211;5517
314420;156;13;8;1;2;2;58;4;2;2;1;3;29;281
314430;6377;329;223;599;358;229;278;262;272;194;308;377;1012;10818
314435;821;36;15;26;20;34;10;28;27;25;31;22;28;1123
314437;335;1;6;3;4;16;6;2;4;3;14;3;30;427
314440;386;11;12;15;4;5;7;7;7;4;4;7;61;530
314450;865;15;19;20;28;26;41;55;165;115;44;96;59;1548
314460;3381;77;81;138;97;107;140;221;411;483;191;129;128;5584
314465;418;5;7;4;3;5;50;15;117;6;2;35;275;942
314467;207;2;1;3;1;1;7;75;0;5;1;2;66;371
314470;3180;96;95;114;62;77;83;102;87;101;102;134;140;4373
314480;32257;1132;1191;1549;1363;1344;2213;1761;1596;1465;1512;1705;1909;50997
314490;369;3;8;4;5;3;30;51;18;3;9;0;26;529
314500;3163;184;344;347;467;288;237;402;226;228;142;266;278;6572
314505;1129;46;34;55;31;31;32;51;38;63;60;24;128;1722
314510;1205;32;30;36;60;51;186;182;297;203;47;34;107;2470
314520;25090;520;625;2044;1674;1528;1725;1707;1363;1347;1275;1252;4366;44516
314530;1086;23;19;21;16;21;29;335;180;75;22;10;117;1954
314535;590;25;10;30;21;15;16;51;20;14;8;19;124;943
314537;367;8;16;17;13;8;8;7;7;21;8;8;100;588
314540;272;7;6;7;6;1;5;7;10;8;6;5;3;343
314545;877;35;49;32;47;23;72;16;51;30;34;30;57;1353
314550;435;2;12;8;5;7;5;6;9;16;10;22;46;583
314560;8755;294;322;352;340;394;370;511;513;645;572;345;790;14203
314570;238;4;6;13;4;4;1;1;8;9;2;2;27;319
314580;350;12;5;20;6;12;7;10;5;5;9;6;4;451
314585;564;8;4;15;17;11;17;17;10;11;37;14;65;790
314587;264;3;5;8;7;5;7;5;7;2;8;3;124;448
314590;13789;384;473;585;633;772;615;529;398;426;419;494;582;20099
314600;6021;196;173;180;254;205;193;222;226;404;204;168;229;8675
314610;15760;491;379;516;498;385;522;514;495;570;421;384;864;21799
314620;288;2;5;5;3;3;6;12;11;16;14;16;71;452
314625;719;16;16;17;17;31;38;23;26;27;22;46;106;1104
314630;1144;19;20;31;16;19;23;33;27;31;12;29;53;1457
314640;597;10;21;19;12;15;11;21;12;11;8;14;13;764
314650;1916;50;83;79;118;57;94;67;92;70;87;133;114;2960
314655;414;3;1;1;5;2;0;4;6;1;0;2;46;485
314660;186;34;1;7;5;5;1;5;5;6;3;4;29;291
314670;633;18;11;8;14;6;11;12;9;10;19;7;31;789
314675;132;0;0;1;1;1;2;0;1;2;0;9;16;165
314690;3030;90;89;134;117;121;153;169;145;132;106;176;174;4636
314700;18711;855;1146;1257;1000;1240;1520;1540;1213;1013;1190;1266;1945;33896
314710;23159;1228;899;1148;945;1025;995;1182;1098;1102;1040;1105;1169;36095
314720;3855;128;133;146;146;148;187;200;338;404;227;194;233;6339
314730;4878;112;122;130;124;126;106;92;155;105;187;159;140;6436
314740;5089;164;162;209;212;159;176;231;220;241;389;170;295;7717
314750;170;0;2;1;1;2;2;7;3;2;3;0;10;203
314760;2958;114;90;112;87;81;64;105;69;87;91;73;94;4025
314770;1228;27;30;40;29;29;69;55;51;32;33;32;32;1687
314780;240;11;3;1;3;5;1;3;3;5;6;2;3;286
314790;24907;935;1082;1852;1114;1096;1394;1096;1186;1269;1132;1033;2098;40194
314795;247;1;2;2;1;1;2;6;3;0;4;3;40;312
314800;33812;1434;1498;1576;1633;1950;2013;2328;2213;1990;1859;1668;2364;56338
314810;17847;731;754;1205;823;1029;1260;1661;2824;2507;1341;1060;1387;34429
314820;944;11;24;33;31;30;21;21;30;22;30;13;45;1255
314830;674;17;18;11;19;52;41;225;159;57;69;141;98;1581
314840;344;2;5;13;8;3;3;5;5;4;0;6;4;402
314850;598;13;10;14;15;17;20;19;11;25;24;22;91;879
314860;1043;66;41;55;42;29;26;436;28;22;54;3;40;1885
314870;2036;24;34;51;30;28;29;40;28;37;31;29;128;2525
314875;291;90;6;5;5;151;17;9;19;8;10;9;62;682
314880;262;2;4;2;4;4;0;3;1;3;3;1;4;293
314890;728;20;14;19;24;16;10;27;33;17;39;15;29;991
314900;199;29;7;0;3;2;3;4;7;4;7;8;41;314
314910;1141;42;37;31;39;24;18;50;35;52;46;51;52;1618
314915;672;8;13;11;5;8;11;10;8;10;9;10;20;795
314920;585;28;31;15;11;51;10;43;39;26;17;38;17;911
314930;15503;776;803;981;760;699;709;857;880;826;923;734;1018;25469
314940;167;3;2;5;7;4;1;1;1;3;2;4;30;230
314950;488;19;10;16;10;11;10;33;12;6;13;14;38;680
314960;403;3;6;14;10;10;7;7;16;7;10;20;31;544
314970;1914;32;58;90;140;91;64;74;66;76;53;73;169;2900
314980;3391;93;165;255;192;224;179;305;456;471;186;161;167;6245
314990;3282;167;125;152;168;121;152;159;251;128;128;114;371;5318
314995;464;23;16;12;16;13;18;9;17;19;10;14;66;697
315000;339;6;4;5;10;6;6;4;10;3;10;14;89;506
315010;356;4;4;4;3;7;4;6;4;7;5;7;4;415
315015;483;18;12;21;15;20;54;173;37;14;12;12;35;906
315020;413;9;18;8;19;28;9;12;41;16;19;80;118;790
315030;509;8;2;20;5;11;8;14;13;16;13;11;11;641
315040;275;5;14;7;4;9;14;5;2;4;4;5;25;373
315050;1211;33;42;35;48;133;179;173;122;474;30;35;74;2589
315053;726;4;19;35;11;11;22;6;16;17;50;13;11;941
315057;382;5;1;6;6;9;2;4;2;2;4;3;26;452
315060;642;5;10;14;8;8;13;12;13;6;10;14;21;776
315070;1761;307;38;174;614;346;99;53;50;42;78;161;444;4167
315080;1095;14;17;21;35;20;41;26;38;20;28;13;13;1381
315090;447;4;8;11;10;11;6;8;11;12;12;10;9;559
315100;781;26;30;20;21;15;22;34;30;28;63;57;100;1227
315110;2222;58;49;50;51;65;51;124;42;62;65;40;100;2979
315120;12376;417;382;457;504;585;517;665;710;506;458;431;554;18562
315130;1706;91;63;86;68;69;96;128;101;90;73;89;190;2850
315140;4225;204;168;196;143;155;169;216;197;203;212;127;213;6428
315150;6476;331;320;271;314;396;646;934;988;466;256;236;587;12221
315160;963;25;25;42;29;32;45;111;47;30;121;118;59;1647
315170;1523;45;40;41;31;36;50;59;110;71;42;37;48;2133
315180;44371;1731;1713;2139;1709;1920;1865;2041;1857;2233;1890;1782;2276;67527
315190;315;14;111;14;7;11;7;10;9;11;16;4;213;742
315200;5269;167;154;201;165;139;186;151;163;133;159;147;344;7378
315210;14400;451;448;588;446;500;886;487;516;452;472;526;604;20776
315213;245;1;5;5;6;2;5;4;2;5;3;10;172;465
315217;794;50;13;20;15;15;9;16;15;19;20;17;16;1019
315220;1936;29;33;32;42;76;45;46;49;46;93;335;384;3146
315230;663;18;11;36;26;22;38;124;46;38;32;59;43;1156
315240;813;21;10;45;13;26;18;18;27;16;15;17;152;1191
315250;40940;1821;1902;2074;1778;1777;2046;2160;1896;2767;1978;1782;2332;65253
315260;1338;28;36;33;37;49;37;47;59;38;60;42;52;1856
315270;1096;16;16;24;22;23;22;14;27;25;20;21;22;1348
315280;5133;261;239;296;251;199;260;301;260;210;217;224;304;8155
315290;1063;55;38;37;45;40;59;25;40;27;25;36;93;1583
315300;360;47;4;20;6;10;26;37;39;112;14;10;76;761
315310;403;7;4;5;3;6;14;10;83;5;5;7;6;558
315320;446;2;4;13;6;10;6;2;10;18;6;7;17;547
315330;270;2;2;3;4;1;3;6;24;2;3;1;11;332
315340;2472;143;89;106;253;127;201;325;676;293;271;265;492;5713
315350;575;21;29;26;9;9;25;13;27;6;21;13;31;805
315360;1126;104;34;70;40;65;51;40;51;48;56;63;150;1898
315370;467;11;6;12;11;17;11;21;39;115;9;12;17;748
315380;201;11;4;9;1;7;2;5;2;3;6;7;14;272
315390;734;58;36;35;30;34;53;52;43;20;20;16;81;1212
315400;2023;50;52;65;61;52;78;69;60;49;68;54;261;2942
315410;982;28;76;20;17;28;25;20;101;35;14;21;58;1425
315415;719;35;31;34;46;66;59;33;70;27;31;41;18;1210
315420;1002;28;19;15;16;23;26;31;19;20;33;26;59;1317
315430;2334;127;124;152;149;109;192;147;152;135;68;59;166;3914
315440;671;5;13;10;15;16;9;16;10;22;18;19;37;861
315445;483;8;11;6;13;14;11;4;3;5;2;9;5;574
315450;700;11;22;14;11;18;16;35;35;11;7;44;80;1004
315460;27845;1753;1375;1390;1295;1512;1308;1412;1418;1494;1493;1687;1624;45606
315470;669;20;33;43;77;60;23;28;30;30;25;32;15;1085
315480;1899;53;69;66;63;75;93;100;83;84;84;81;83;2833
315490;2308;78;97;109;90;60;65;55;92;54;50;68;132;3258
315500;183;8;12;8;9;9;12;25;32;3;8;12;123;444
315510;368;6;34;38;7;13;7;6;3;3;6;1;45;537
315520;299;3;4;2;1;2;2;4;3;6;1;2;10;339
315530;414;7;6;9;21;9;11;15;11;9;22;15;54;603
315540;1227;26;30;45;44;28;51;38;27;30;27;40;74;1687
315550;4160;666;357;397;822;930;535;546;709;1263;831;965;824;13005
315560;2147;39;58;69;59;48;49;48;117;133;67;43;64;2941
315570;1307;23;33;40;33;31;40;63;65;47;64;30;151;1927
315580;2678;65;75;98;61;56;65;58;70;93;83;74;81;3557
315590;704;5;9;12;4;9;11;9;8;9;5;5;23;813
315600;754;15;6;8;8;14;10;14;14;9;9;18;30;909
315610;531;12;17;12;10;15;7;10;54;98;8;9;24;807
315620;460;15;14;17;21;16;22;15;33;16;41;11;21;702
315630;2978;133;109;151;127;122;157;140;131;181;88;164;170;4651
315640;547;32;36;46;67;60;68;124;142;262;144;66;73;1667
315645;570;5;10;26;16;6;14;17;13;11;32;19;51;790
315650;466;6;3;13;5;12;7;4;6;0;7;4;5;538
315660;546;3;3;12;10;2;8;6;5;12;14;12;103;736
315670;14367;472;393;633;498;524;1696;556;708;542;531;474;1242;22636
315680;1128;38;29;35;30;25;21;28;24;33;16;37;33;1477
315690;5843;232;325;377;394;351;234;311;265;323;274;331;372;9632
315700;5135;225;147;270;145;139;170;178;208;205;180;200;226;7428
315710;545;17;12;15;20;11;340;8;11;8;12;3;387;1389
315720;5351;142;253;189;151;123;540;140;183;205;140;116;181;7714
315725;432;12;11;16;7;21;7;14;10;12;11;11;39;603
315727;404;10;7;12;8;7;9;8;17;15;8;7;47;559
315730;471;11;5;9;7;4;7;28;4;10;10;8;10;584
315733;781;21;31;27;42;29;65;28;34;33;21;39;49;1200
315737;272;2;9;4;2;1;1;1;5;3;1;0;44;345
315740;436;3;5;3;14;14;5;10;15;7;17;9;29;567
315750;289;2;2;4;2;2;2;4;4;1;1;1;40;354
315760;285;7;10;3;2;5;1;5;0;2;3;2;121;446
315765;205;3;9;2;2;0;9;4;0;1;0;3;115;353
315770;3377;102;79;199;278;289;289;289;216;482;205;334;617;6756
315780;29513;819;975;1102;1059;1263;1170;1161;1256;1294;1083;1089;1368;43152
315790;922;20;14;25;17;71;160;81;140;20;24;16;19;1529
315800;3512;58;49;77;160;94;78;93;72;97;105;66;100;4561
315810;129;0;1;3;2;0;1;1;0;2;3;0;3;145
315820;723;16;12;34;17;10;9;10;10;13;16;11;118;999
315830;1372;45;39;46;39;52;60;62;258;255;148;111;136;2623
315840;308;19;5;6;4;2;8;1;7;4;6;6;4;380
315850;426;20;5;10;9;8;8;5;7;6;7;5;99;615
315860;655;7;21;17;22;9;18;21;20;17;39;17;27;890
315870;221;0;1;3;4;3;0;0;4;1;3;1;2;243
315880;543;6;13;10;18;8;12;17;23;10;9;9;10;688
315890;444;14;27;16;30;45;41;61;120;51;24;51;191;1115
315895;4084;123;142;167;154;145;138;157;175;188;178;162;228;6041
315900;453;9;12;16;29;11;5;11;11;10;10;7;46;630
315910;413;2;3;7;4;5;5;8;5;5;3;3;1;464
315920;909;31;19;20;28;11;21;35;35;25;17;34;27;1212
315930;529;8;0;12;8;6;7;7;5;13;10;94;13;712
315935;782;21;25;19;43;31;56;269;24;30;27;20;120;1467
315940;340;3;10;7;8;7;6;6;6;6;4;5;14;422
315950;335;5;10;6;8;14;44;44;29;14;9;82;64;664
315960;11659;412;418;466;426;439;530;655;535;772;718;763;653;18446
315970;355;4;15;27;0;13;18;3;28;104;6;7;56;636
315980;4814;156;196;372;220;1628;167;236;156;666;257;160;256;9284
315990;2310;64;61;106;60;119;220;278;524;1225;83;97;281;5428
316000;404;7;10;7;6;12;10;11;2;3;1;9;5;487
316010;315;3;8;4;4;5;8;6;9;11;4;12;73;462
316020;298;12;6;12;5;6;22;44;39;9;3;3;4;463
316030;609;3;1;3;2;5;2;4;3;1;1;4;4;642
316040;5250;189;207;235;180;212;190;274;269;241;221;223;448;8139
316045;235;1;3;1;0;27;3;7;4;2;4;1;165;453
316050;114;1;0;0;2;0;0;3;2;5;4;2;57;190
316060;407;4;5;11;9;5;50;14;11;12;19;18;57;622
316070;6287;166;166;214;155;166;198;176;159;177;177;173;357;8571
316080;361;7;7;13;9;9;5;6;17;51;39;41;43;608
316090;451;20;36;91;72;117;67;74;67;17;13;5;50;1080
316095;503;14;23;17;10;19;39;252;59;26;15;8;21;1006
316100;1659;39;36;45;54;31;52;62;63;37;48;46;193;2365
316105;272;2;7;3;10;6;1;7;26;21;9;7;41;412
316110;2880;55;59;77;75;81;73;82;84;87;88;73;652;4366
316120;708;21;9;20;25;13;59;91;124;249;14;9;32;1374
316130;897;27;16;45;26;34;22;24;32;29;32;42;48;1274
316140;441;7;8;10;4;9;18;37;20;22;14;27;18;635
316150;1680;51;45;51;67;40;43;142;66;62;64;52;55;2418
316160;168;1;6;4;3;2;4;1;1;2;6;2;81;281
316165;295;5;3;13;9;6;9;7;10;11;8;43;15;434
316170;1278;63;45;108;48;137;56;67;101;99;65;50;111;2228
316180;2246;38;68;82;85;80;133;73;64;80;70;84;170;3273
316190;2093;77;117;75;43;70;58;599;97;61;28;24;66;3408
316200;4366;166;133;144;162;136;163;240;291;246;385;381;260;7073
316210;4468;229;263;275;492;410;275;327;487;614;590;541;985;9956
316220;1066;55;63;75;62;66;74;140;68;91;43;32;38;1873
316225;408;3;7;7;7;4;5;8;9;3;5;7;4;477
316230;253;4;4;7;2;9;4;70;10;2;5;4;8;382
316240;964;41;38;25;10;35;28;14;28;10;27;14;338;1572
316245;371;0;1;1;1;0;0;0;1;2;0;1;13;391
316250;18634;543;596;671;540;587;627;618;704;612;644;597;747;26120
316255;519;21;12;24;24;49;93;94;249;22;28;27;174;1336
316257;794;37;28;46;28;21;26;32;17;44;19;56;61;1209
316260;623;11;8;14;23;22;24;11;23;14;22;13;29;837
316265;283;0;0;0;0;2;1;0;0;0;0;0;0;286
316270;2390;199;86;100;96;130;126;108;109;78;114;92;253;3881
316280;1094;33;43;40;32;41;28;37;23;25;22;38;81;1537
316290;5658;240;173;238;198;222;195;204;238;237;202;291;240;8336
316292;5788;136;191;188;181;224;241;224;206;227;208;218;208;8240
316294;1319;35;26;29;27;26;36;38;48;39;27;22;69;1741
316295;3476;83;123;104;120;95;107;137;103;131;118;122;257;4976
316300;279;5;3;9;7;3;5;4;5;3;2;0;49;374
316310;840;24;28;57;24;29;25;25;21;17;35;21;72;1218
316320;286;0;6;12;6;14;10;10;2;8;6;11;12;383
316330;135;6;1;3;4;5;1;2;2;1;5;4;105;274
316340;431;112;7;18;12;16;15;22;9;11;6;12;132;803
316350;308;1;13;5;5;1;4;6;4;2;7;3;55;414
316360;204;5;1;3;4;5;33;5;2;0;2;2;30;296
316370;8870;431;282;370;298;300;294;238;320;292;250;293;705;12943
316380;433;15;2;6;7;4;5;23;15;4;6;10;17;547
316390;466;7;15;17;14;15;14;36;38;39;35;13;17;726
316400;1162;25;25;19;28;8;26;36;27;23;39;281;87;1786
316410;296;3;2;2;2;5;2;0;1;8;4;4;17;346
316420;747;10;9;14;65;5;10;6;5;5;2;13;93;984
316430;904;38;137;36;17;39;126;125;53;40;53;90;79;1737
316440;1061;59;37;56;53;33;39;70;52;76;84;123;67;1810
316443;316;23;20;24;5;10;18;3;5;3;4;5;5;441
316447;393;114;10;17;11;15;16;52;7;7;8;5;47;702
316450;576;7;3;5;3;4;7;19;16;14;9;20;18;701
316460;2367;157;172;197;93;105;196;224;207;178;114;128;177;4315
316470;16416;847;631;778;901;823;856;1147;1383;1220;1068;918;1174;28162
316480;202;0;0;0;0;2;4;11;4;0;1;2;2;228
316490;385;9;4;1;16;6;10;11;3;4;10;8;9;476
316500;1374;69;35;33;55;38;40;32;51;24;43;37;49;1880
316510;1139;32;28;41;34;42;57;104;170;51;45;52;60;1855
316520;1973;78;59;101;69;55;91;56;55;102;77;73;83;2872
316530;1215;18;34;28;33;21;21;26;23;36;26;23;53;1557
316540;1147;28;35;31;27;33;30;23;46;33;32;29;40;1534
316550;357;11;4;7;11;13;11;13;4;7;12;8;87;545
316553;4895;218;149;211;213;197;205;201;231;242;219;627;451;8059
316555;320;1;3;14;0;3;10;2;0;2;2;3;5;365
316556;180;0;3;2;5;2;5;9;0;0;2;3;23;234
316557;392;12;7;12;3;25;44;8;10;20;10;2;57;602
316560;452;4;18;14;8;22;28;8;5;8;13;11;41;632
316570;634;8;6;18;62;23;35;64;22;24;16;5;89;1006
316580;214;4;1;12;2;2;1;1;2;0;3;0;1;243
316590;422;5;18;14;29;21;2;0;2;3;2;2;3;523
316600;346;7;14;72;6;13;36;38;14;26;62;19;67;720
316610;257;4;2;3;1;7;4;5;3;2;5;3;5;301
316620;421;26;15;11;17;9;8;18;21;9;9;19;43;626
316630;398;6;3;3;5;11;6;9;23;6;16;21;9;516
316640;268;8;5;2;5;2;10;7;7;4;7;13;39;377
316650;148;2;1;5;2;0;4;3;1;1;1;4;161;333
316660;197;2;2;0;0;3;0;0;0;1;1;4;0;210
316670;1240;117;237;78;62;34;38;66;30;33;40;39;44;2058
316680;1966;110;82;101;137;173;191;399;448;881;343;157;256;5244
316690;1152;36;29;34;51;49;67;100;67;237;179;125;87;2213
316695;211;4;5;1;4;5;8;6;6;8;4;21;64;347
316700;230;4;3;8;6;2;2;5;12;1;6;4;9;292
316710;1591;42;32;45;34;39;30;39;43;23;36;30;225;2209
316720;53802;2024;1979;2278;1876;2066;2600;2491;2278;2095;2479;2367;3392;81727
316730;248;3;1;3;7;4;6;0;1;3;4;4;1;285
316740;1014;46;29;41;42;43;52;46;50;55;71;66;44;1599
316750;680;23;29;38;28;18;26;26;27;31;46;44;48;1064
316760;632;14;20;32;38;21;223;130;46;25;22;15;330;1548
316770;511;10;19;8;11;11;45;14;18;17;12;8;26;710
316780;627;12;14;21;15;8;22;19;39;69;12;23;63;944
316790;541;4;11;12;17;14;9;14;6;15;8;12;24;687
316800;4212;207;191;185;195;179;229;343;484;165;181;168;210;6949
316805;275;6;3;4;6;7;2;3;4;13;5;2;40;370
316810;2272;100;67;115;91;132;98;182;103;96;102;55;104;3517
316820;281;8;5;6;3;4;3;9;6;10;51;5;5;396
316830;444;12;16;14;12;11;9;18;31;17;14;18;44;660
316840;908;20;31;80;42;27;20;31;20;27;29;27;114;1376
316850;1051;26;29;30;67;44;59;77;40;20;27;40;95;1605
316860;23754;905;1062;1124;1035;897;990;1042;1108;1081;1234;1113;1675;37020
316870;19081;1260;933;1324;1069;1220;1257;783;877;1009;921;715;1057;31506
316880;1723;91;92;69;56;80;76;78;76;99;54;63;82;2639
316890;715;70;17;23;19;24;139;74;149;76;215;15;77;1613
316900;2846;107;103;122;113;82;131;128;109;102;108;87;127;4165
316905;249;10;6;8;8;30;9;14;16;12;40;7;17;426
316910;551;47;15;14;15;23;15;12;21;19;20;18;12;782
316920;959;27;26;26;36;21;41;29;36;71;23;17;71;1383
316930;16599;618;670;738;572;546;611;710;972;802;894;789;1262;25783
316935;5801;674;317;349;186;302;247;300;219;241;205;181;228;9250
316940;10914;360;351;381;427;593;709;702;1134;1936;1463;794;832;20596
316950;298;28;20;16;13;18;17;13;15;14;9;26;212;699
316960;3775;177;125;184;280;473;187;153;148;138;177;194;410;6421
316970;2365;52;61;115;172;67;81;73;123;116;69;253;430;3977
316980;748;33;8;19;23;37;38;34;34;21;12;21;70;1098
316990;26041;1004;1024;1286;1134;1064;1194;1287;994;1313;1151;1004;1375;39871
317000;526;4;10;5;7;9;10;9;4;5;5;7;164;765
317005;783;21;17;27;22;68;20;23;67;20;25;18;68;1179
317010;81770;3786;3687;4432;4096;5062;4245;4729;4473;4583;4313;4830;5512;135518
317020;183371;7449;8690;9901;8458;9736;10229;10072;9781;10551;10873;9036;12957;301104
317030;286;0;3;1;1;5;2;6;6;1;5;5;3;324
317040;14948;524;1058;848;542;617;670;693;784;903;738;639;906;23870
317043;1437;103;38;31;106;87;40;24;53;46;146;152;177;2440
317047;297;27;25;23;21;28;22;23;23;9;56;97;98;749
317050;2654;47;74;46;50;44;56;86;143;69;497;207;275;4248
317052;610;7;19;23;12;9;11;17;6;23;7;18;178;940
317057;424;8;9;7;8;7;14;11;9;8;9;8;27;549
317060;325;9;9;12;13;40;36;42;43;7;29;19;74;658
317065;289;8;6;3;8;3;2;6;20;37;32;27;76;517
317070;37075;1612;1784;1925;1649;1810;1787;2064;2000;2222;2154;1699;2188;59969
317075;1014;30;69;29;26;32;48;167;78;217;41;74;58;1883
317080;6819;213;234;386;313;345;324;353;477;274;212;214;239;10403
317090;867;6;7;13;10;6;16;18;12;16;29;36;130;1166
317100;3340;127;97;130;108;114;137;123;93;99;157;230;289;5044
317103;771;11;19;15;16;20;16;23;19;22;35;19;311;1297
317107;454;13;8;23;20;33;10;12;21;18;13;63;177;865
317110;722;18;26;37;170;65;29;40;37;37;34;29;38;1282
317115;345;4;6;10;9;8;7;10;11;7;13;35;97;562
317120;15096;1134;549;707;620;709;590;584;556;575;516;507;581;22724
317130;18864;469;418;701;498;489;727;863;603;568;585;531;861;26177
317140;379;2;4;7;3;2;3;4;8;11;9;10;3;445
317150;331;8;7;7;7;3;31;49;10;3;4;2;13;475
317160;681;18;6;14;18;20;13;8;10;7;12;46;58;911
317170;661;20;14;15;20;17;24;25;17;27;11;21;25;897
317180;897;16;15;22;18;10;16;33;18;23;17;17;22;1124
317190;299;2;1;8;3;2;2;2;3;8;2;10;36;378
317200;9958;329;303;527;397;358;319;485;434;393;341;349;636;14829
317210;1077;26;30;22;18;34;81;50;69;54;75;230;117;1883
317220;278;8;2;4;3;11;10;6;5;8;8;5;10;358
319999;0;0;0;0;0;0;0;0;0;0;0;0;0;0
320010;3106;69;107;93;293;71;84;62;74;69;69;86;295;4478
320013;861;25;15;27;18;13;47;22;16;14;11;10;160;1239
320016;913;20;13;28;22;12;30;14;14;22;10;26;46;1170
320020;3841;66;93;126;102;82;68;179;77;94;100;91;173;5092
320030;2286;113;94;80;53;90;83;76;86;109;78;89;219;3456
320035;802;7;11;30;9;8;15;14;13;12;9;7;59;996
320040;6564;486;423;606;498;693;816;366;558;495;339;267;1330;13441
320050;755;9;18;19;20;19;14;17;93;17;25;8;136;1150
320060;26197;1447;1796;2107;2087;3474;2465;1943;2709;1624;1534;1487;3190;52060
320070;2374;37;73;95;83;61;50;74;49;73;65;71;144;3249
320080;4440;155;123;178;221;214;266;230;322;315;200;188;131;6983
320090;5925;149;158;324;142;157;192;190;148;240;136;137;198;8096
320100;1453;47;118;68;51;81;85;47;103;73;338;27;262;2753
320110;1095;21;20;34;29;22;31;105;8;28;15;23;28;1459
320115;998;18;50;26;38;53;73;113;115;105;146;39;111;1885
320120;44699;1333;1291;1663;1294;1533;1409;1457;1507;1358;1467;1450;2830;63291
320130;52261;2285;2292;2693;4313;2442;2461;2816;2676;2498;2255;2402;3775;85169
320140;6448;126;194;276;249;287;305;328;342;280;334;295;621;10085
320150;31878;1010;1115;1271;1321;1306;1446;1233;1289;1217;1193;1158;1927;47364
320160;4277;600;387;256;286;203;328;252;320;257;617;331;1858;9972
320170;1271;16;71;43;47;38;47;18;42;37;38;39;206;1913
320180;318;3;1;14;16;9;6;2;6;3;7;8;79;472
320190;4541;166;129;163;195;124;157;135;176;147;142;155;405;6635
320200;647;28;9;18;29;23;19;23;17;18;21;16;68;936
320210;2705;80;74;228;65;91;85;74;106;97;79;100;183;3967
320220;4322;355;457;466;233;158;212;253;250;165;148;196;178;7393
320225;960;26;18;34;15;19;72;27;17;25;13;27;36;1289
320230;4207;114;115;162;108;114;153;162;168;132;84;110;249;5878
320240;19967;923;1361;1080;847;1109;794;812;959;675;731;681;1341;31280
320245;1695;19;37;117;33;85;60;92;72;120;39;44;300;2713
320250;4261;238;248;465;262;281;282;265;297;380;316;214;349;7858
320255;745;9;9;9;18;10;49;50;13;8;17;9;27;973
320260;4045;89;95;156;115;118;108;129;98;126;115;92;230;5516
320265;955;24;66;42;30;25;48;34;30;30;67;82;108;1541
320270;1507;45;43;46;34;48;47;42;38;27;32;29;207;2145
320280;4975;111;153;131;97;160;165;237;170;135;421;756;314;7825
320290;931;40;28;19;26;19;45;45;59;15;28;14;298;1567
320300;2552;71;65;134;77;122;140;191;130;225;89;106;199;4101
320305;3150;158;136;169;236;916;1921;512;269;168;117;213;460;8425
320310;1080;30;29;42;29;26;30;33;41;26;30;57;87;1540
320313;2745;118;126;202;138;236;210;201;153;244;200;151;346;5070
320316;876;74;9;19;13;8;12;17;12;11;12;17;31;1111
320320;37825;1598;1760;2099;1747;2084;2570;2103;1646;1938;2056;1799;2866;62091
320330;950;8;15;10;26;16;93;56;61;88;14;26;91;1454
320332;3416;86;318;117;122;103;225;88;105;77;74;175;395;5301
320334;3218;126;136;141;121;155;128;193;240;291;309;296;277;5631
320335;1454;41;46;55;49;67;153;38;62;52;56;42;58;2173
320340;2824;41;53;72;62;70;56;60;50;63;52;62;175;3640
320350;2650;67;70;89;103;94;217;261;83;73;70;64;303;4144
320360;862;68;27;20;11;37;29;27;22;20;33;19;88;1263
320370;1504;23;37;47;25;34;33;41;37;34;23;40;130;2008
320380;1399;21;36;39;28;23;18;36;25;20;24;25;75;1769
320390;7327;255;238;318;253;461;754;519;289;238;234;258;574;11718
320400;1397;24;22;26;24;37;67;28;36;39;17;20;112;1849
320405;2418;110;106;140;180;353;214;284;206;149;226;387;349;5122
320410;3912;219;175;200;225;341;505;1319;234;158;158;176;266;7888
320420;2063;76;155;86;109;70;66;55;68;70;84;132;198;3232
320425;810;10;14;9;12;111;15;16;109;19;24;37;33;1219
320430;1530;21;29;21;15;30;37;19;26;34;21;14;253;2050
320435;1563;59;42;67;126;297;262;78;45;51;34;64;404;3092
320440;1420;18;27;57;36;43;26;25;49;31;29;31;71;1863
320450;902;12;33;44;36;43;39;71;39;41;48;25;127;1460
320455;4720;136;139;127;115;144;120;128;131;131;99;145;332;6467
320460;4141;90;118;137;128;107;94;165;152;111;126;110;338;5817
320465;977;75;43;59;38;26;58;33;40;35;33;43;246;1706
320470;7790;209;404;313;416;318;354;306;306;340;249;318;597;11920
320480;900;20;29;40;35;22;22;16;22;24;14;20;375;1539
320490;20407;948;1718;1023;870;1175;1586;1231;683;732;742;1086;1263;33464
320495;1958;34;63;61;55;159;74;96;61;74;57;42;125;2859
320500;116544;5815;6463;6616;6909;6452;6662;6820;6468;6307;6152;6187;8128;195523
320501;3839;250;257;471;954;1708;1438;344;358;161;163;198;177;10318
320503;3179;61;64;100;94;62;83;62;72;87;99;64;211;4238
320506;5026;138;126;151;228;160;166;210;163;148;122;158;320;7116
320510;10720;373;401;464;386;394;456;418;451;396;375;400;1194;16428
320515;760;17;30;51;26;39;24;49;60;27;18;34;231;1366
320517;1267;42;85;34;56;530;637;37;36;45;43;35;73;2920
320520;96398;4672;5536;6073;4552;4968;5204;5011;5211;4649;5127;5039;5467;157907
320530;232723;7571;7747;9606;9207;8732;8695;8725;9688;8476;8279;7689;20015;347153
329999;0;0;0;0;0;0;0;0;0;0;0;0;0;0
330010;41166;1316;1240;1502;1282;1279;1536;1503;1407;1567;1768;1800;1609;58975
330015;1826;31;36;48;21;38;31;53;36;29;21;20;30;2220
330020;17846;510;566;681;558;548;590;585;588;722;656;686;1699;26235
330022;5909;126;326;201;171;225;153;143;223;222;153;186;198;8236
330023;9866;406;467;673;399;464;401;384;419;452;398;459;862;15650
330025;3759;100;166;156;79;103;78;90;107;90;117;82;1132;6059
330030;16963;521;485;589;549;583;631;486;788;593;517;538;562;23805
330040;33181;1254;1209;1421;1173;1272;1275;1766;1359;1400;1380;1271;1358;49319
330045;30772;767;1076;902;859;897;970;902;849;1375;952;896;1050;42267
330050;4538;98;135;158;125;132;160;118;175;185;133;134;160;6251
330060;5685;142;283;149;156;277;136;157;148;193;217;130;227;7900
330070;35229;1542;2007;1534;1146;1271;1343;1218;1403;1163;1324;1536;5973;56689
330080;8250;239;248;310;241;302;209;577;216;260;274;196;333;11655
330090;1697;29;18;27;24;52;27;42;32;24;36;190;238;2436
330093;2301;14;12;469;34;25;144;102;30;29;32;20;33;3245
330095;3528;88;150;111;68;80;127;66;78;119;116;77;97;4705
330100;87380;2980;2493;2930;2633;2669;2875;4535;3260;3240;2941;3197;7861;128994
330110;3836;103;104;110;72;114;101;129;114;294;81;111;145;5314
330115;1457;38;8;32;30;10;42;94;26;94;82;25;117;2055
330120;2851;45;44;61;48;44;41;32;36;51;36;48;88;3425
330130;5937;251;304;205;152;261;178;211;208;213;172;207;811;9110
330140;2270;36;43;51;45;44;30;37;30;69;45;39;399;3138
330150;3770;212;182;194;228;165;165;269;211;147;231;108;153;6035
330160;1667;34;33;35;37;31;40;23;40;39;40;48;64;2131
330170;173958;6564;6194;6907;6227;6234;6262;6438;7435;6724;7273;6862;7781;254859
330180;1373;24;19;38;18;20;23;22;20;21;20;27;28;1653
330185;5620;128;163;167;142;129;137;164;141;107;241;165;157;7461
330187;2331;48;65;62;68;49;55;82;69;162;76;662;73;3802
330190;28743;1272;1113;1455;1290;1260;1126;1476;1492;1967;2305;2467;1994;47960
330200;31445;1055;906;1234;1143;947;1129;1308;1487;1308;2186;1508;1487;47143
330205;1547;32;51;46;22;30;91;30;42;31;44;40;157;2163
330210;2970;94;54;57;54;58;183;88;114;30;67;54;80;3903
330220;19051;545;507;713;478;566;517;555;802;567;612;614;662;26189
330225;6565;187;139;208;160;185;131;198;210;210;219;164;211;8787
330227;5434;160;105;212;130;160;144;136;196;186;218;185;151;7417
330230;959;21;8;24;167;28;13;9;3;14;16;7;24;1293
330240;115775;4375;4661;6013;4351;5592;4564;4988;4728;4503;5797;4275;8477;178099
330245;1311;68;35;27;46;30;96;86;67;28;29;46;142;2011
330250;16771;1028;928;739;594;657;644;622;652;658;595;514;1861;26263
330260;9880;1199;226;233;213;235;290;199;269;198;487;206;274;13909
330270;13034;329;427;453;332;394;349;406;372;421;482;381;603;17983
330280;2292;49;40;44;57;39;81;45;50;47;29;43;53;2869
330285;13855;461;417;489;430;477;442;405;421;436;492;455;854;19634
330290;4026;90;80;137;126;145;65;84;103;96;75;86;95;5208
330300;3331;76;54;60;52;82;83;69;66;56;69;52;40;4090
330310;2099;22;35;25;27;37;25;32;19;33;18;26;16;2414
330320;18348;664;555;786;602;671;725;753;820;805;949;777;1354;27809
330330;181029;6813;6708;7476;6535;6778;6415;8082;6627;6756;6577;5916;6992;262704
330340;50190;1542;1672;2186;1397;1929;1886;1825;1869;2123;1981;1631;2000;72231
330350;93779;3195;3218;3672;3611;3426;3239;3459;4036;3460;3139;3022;3914;135170
330360;4314;74;80;109;85;80;95;104;81;83;83;139;310;5637
330370;6921;238;163;353;181;175;187;168;186;180;188;172;270;9382
330380;5842;253;259;250;192;254;218;215;253;195;235;238;323;8727
330385;3163;83;44;64;58;50;57;50;45;48;55;58;64;3839
330390;71225;2884;2445;2840;2384;2339;2357;2700;2586;2647;2665;2469;3301;102842
330395;2698;73;92;116;93;102;110;95;124;102;98;158;225;4086
330400;6721;159;142;191;205;148;179;251;158;157;213;153;198;8875
330410;1941;36;26;46;21;36;22;31;20;40;25;31;31;2306
330411;11002;524;339;306;241;259;351;264;272;215;258;234;301;14566
330412;2343;68;90;84;83;88;88;51;93;116;67;79;148;3398
330414;14144;511;393;1189;384;467;374;456;777;464;463;438;466;20526
330415;3356;31;28;155;66;62;69;106;39;52;59;72;73;4168
330420;30218;1141;1088;1157;1080;1040;1093;1528;1254;1177;1208;1173;1202;44359
330430;24014;927;1001;1049;875;917;885;964;973;930;876;923;1106;35440
330440;2083;49;53;58;54;56;59;75;75;59;44;61;85;2811
330450;3727;141;280;283;353;151;232;153;167;140;120;114;179;6040
330452;19443;1350;660;894;1054;892;770;792;955;737;722;833;832;29934
330455;2348611;80683;75798;90222;79249;86262;85783;87528;104762;154670;166159;117843;105796;3583366
330460;1797;64;157;76;36;156;75;82;134;148;111;129;304;3269
330470;7658;231;215;588;207;173;171;178;184;185;314;213;273;10590
330475;2403;105;80;223;47;45;124;198;134;64;129;526;326;4404
330480;4801;163;105;144;105;79;101;71;71;78;100;106;243;6167
330490;101144;3621;3274;3760;3381;3532;3265;3752;3661;3413;4054;3542;4261;144660
330500;7397;189;540;252;223;187;206;371;271;469;341;189;211;10846
330510;55690;2609;2016;2487;2658;2305;2259;2365;2423;2353;2513;2358;2717;84753
330513;940;12;9;19;32;14;18;17;14;8;14;16;26;1139
330515;2846;89;48;94;62;73;59;117;170;175;78;51;73;3935
330520;11690;302;396;363;247;270;280;257;271;277;298;323;652;15626
330530;1426;10;58;30;16;47;25;30;55;64;43;70;103;1977
330540;3451;98;77;99;81;132;89;94;114;127;103;108;102;4675
330550;14985;544;664;679;669;545;557;582;822;945;644;537;1651;23824
330555;10754;229;226;224;211;234;266;268;279;236;280;248;224;13679
330560;3116;81;76;87;78;77;68;87;82;79;89;71;561;4552
330570;1677;17;21;39;26;34;30;34;26;25;18;24;54;2025
330575;3765;120;108;127;90;118;115;133;149;133;122;120;137;5237
330580;32486;1163;1162;1231;1129;1124;1118;1077;1156;1152;1011;1164;1346;46319
330590;1160;10;4;4;9;7;11;4;10;5;11;6;29;1270
330600;22836;962;859;988;867;1030;867;1001;923;912;1110;1047;1260;34662
330610;11497;234;264;313;198;217;250;273;249;215;242;206;278;14436
330615;1116;14;11;14;11;9;14;13;12;11;11;22;129;1387
330620;7119;177;199;197;128;142;158;184;200;183;173;132;182;9174
330630;69162;2762;2787;2760;2802;2303;2963;2867;3673;3057;2882;2321;3028;103367
339999;0;0;0;0;0;0;0;0;0;0;0;0;0;0
350010;8779;706;301;336;312;288;259;292;298;324;330;278;886;13389
350020;761;24;51;47;11;18;25;10;19;49;27;34;47;1123
350030;6126;211;247;288;243;236;609;255;294;242;399;400;501;10051
350040;922;25;21;34;56;36;52;42;46;27;34;45;39;1379
350050;4536;148;132;165;129;152;195;186;144;160;166;146;186;6445
350055;1224;33;163;50;63;52;33;65;74;66;68;31;156;2078
350060;1231;46;54;52;29;49;33;42;29;49;46;48;69;1777
350070;7628;328;304;346;320;386;369;359;439;448;363;348;362;12000
350075;641;5;22;11;15;22;18;11;22;23;31;18;32;871
350080;521;22;13;25;10;14;15;29;24;23;17;19;17;749
350090;700;13;33;13;13;20;19;8;14;16;12;58;20;939
350100;3534;178;172;145;149;192;226;274;272;522;533;172;351;6720
350110;595;11;35;24;17;18;18;26;11;21;46;107;31;960
350115;6979;74;69;66;84;81;98;73;81;85;82;88;87;7947
350120;1103;73;82;103;99;115;59;189;47;43;61;40;64;2078
350130;2874;82;92;99;75;127;55;70;107;67;77;75;156;3956
350140;440;11;10;16;12;21;19;44;84;121;51;13;6;848
350150;379;9;8;5;9;8;7;14;32;35;31;48;13;598
350160;81344;3837;4041;4825;3957;3868;4804;4304;4250;4204;3890;4283;4554;132161
350170;7764;331;408;685;505;418;409;326;817;345;399;366;869;13642
350180;537;12;9;26;11;12;14;14;16;12;12;10;75;760
350190;23525;598;698;886;729;885;908;856;909;913;892;914;999;33712
350200;1062;183;54;44;61;76;52;68;72;45;114;179;44;2054
350210;14180;659;463;687;428;653;568;528;808;556;479;643;1381;22033
350220;4185;170;227;244;122;134;122;129;136;127;162;174;236;6168
350230;870;42;35;88;65;51;126;38;61;85;81;37;103;1682
350240;548;44;59;51;65;56;161;56;259;143;18;23;17;1500
350250;8904;263;286;334;373;239;288;301;255;338;233;300;513;12627
350260;501;21;12;8;11;12;9;8;9;10;9;16;16;642
350270;4404;103;311;377;390;543;316;116;136;117;121;142;213;7289
350275;6624;214;271;251;234;252;230;289;204;324;347;373;306;9919
350280;46413;1754;1947;2209;1970;2137;2263;2220;2142;2109;2213;1913;3796;73086
350290;6898;498;442;674;504;659;679;830;827;720;786;752;932;15201
350300;626;10;13;25;14;15;24;18;33;19;40;89;56;982
350310;1196;38;80;60;39;44;53;85;116;75;88;48;169;2091
350315;456;36;46;44;50;19;39;23;23;18;9;10;29;802
350320;67259;4286;3282;3226;3095;3614;3525;3548;3441;4068;2963;3381;5200;110888
350330;35991;1442;1328;2039;1259;1331;1357;1234;1275;1354;1969;1991;1898;54468
350335;267;13;5;6;4;6;12;3;1;1;0;5;8;331
350340;1367;66;92;54;65;48;58;66;64;46;47;44;47;2064
350350;500;5;9;13;7;5;4;6;3;3;4;9;10;578
350360;1235;35;41;35;53;27;40;36;51;42;43;58;112;1808
350370;3864;229;61;143;67;82;93;99;78;93;365;315;408;5897
350380;9376;380;381;428;380;365;437;411;411;351;412;363;412;14107
350390;19827;590;564;651;674;524;606;667;844;690;653;742;637;27669
350395;222;2;6;0;3;1;3;4;6;2;2;6;8;265
350400;21687;831;834;1128;1007;957;963;873;881;980;887;1072;1045;33145
350410;35058;1237;1292;1832;1470;1481;1507;1441;1637;1505;1378;1400;1906;53144
350420;3258;79;119;123;106;110;103;101;107;92;87;88;134;4507
350430;750;25;125;27;21;26;29;48;35;41;45;31;160;1363
350440;1177;81;64;101;123;73;65;77;53;53;45;50;522;2484
350450;19987;764;1025;859;834;764;1114;978;884;842;783;1145;1065;31044
350460;3305;196;125;120;117;168;160;150;164;164;161;137;308;5275
350470;364;5;24;9;10;6;7;20;8;10;12;22;9;506
350480;1321;35;43;47;25;32;37;57;83;61;35;47;67;1890
350490;2034;48;51;79;54;70;55;47;50;52;51;55;70;2716
350500;363;12;6;4;8;7;0;6;4;3;6;3;15;437
350510;754;18;13;23;14;15;35;34;21;40;23;25;79;1094
350520;8984;372;397;359;403;354;377;333;448;408;514;564;817;14330
350530;13577;642;326;412;380;295;389;581;479;459;333;436;2447;20756
350535;480;4;4;34;25;47;16;5;8;10;2;4;28;667
350540;559;7;10;10;5;3;5;8;15;8;11;12;19;672
350550;29673;941;1111;1269;1137;1166;1168;1099;2935;1419;1329;1528;2170;46945
350560;3202;218;259;302;364;381;379;380;341;305;173;319;517;7140
350570;242279;14960;14205;15956;14681;14780;15976;14545;14092;14710;14306;14200;19342;424032
350580;5818;166;175;188;162;179;221;196;177;208;209;137;173;8009
350590;14573;359;512;574;448;497;599;617;590;561;594;732;718;21374
350600;116065;4495;4847;5460;4973;5369;5247;4966;5670;5574;5247;5274;6070;179257
350610;19763;2182;5438;873;801;962;1258;1540;1592;1407;2481;3893;5236;47426
350620;1041;78;18;57;43;42;109;37;103;35;45;16;488;2112
350630;2297;75;103;124;96;107;115;77;86;83;99;117;92;3471
350635;11020;449;520;474;341;430;390;314;300;254;382;325;353;15552
350640;1443;48;61;62;54;83;127;99;53;80;51;59;105;2325
350650;36062;1189;1734;2210;1896;2311;1686;2028;2024;2104;1883;1961;3598;60686
350660;4191;556;529;529;466;589;584;587;616;504;608;709;683;11151
350670;2503;283;225;140;113;123;131;159;121;158;160;406;208;4730
350680;4107;121;322;334;206;174;185;349;178;208;145;214;439;6982
350690;1488;47;41;48;38;49;41;47;50;43;40;46;37;2015
350700;16454;623;586;841;605;638;658;683;688;1367;1135;720;1227;26225
350710;4024;154;214;278;171;184;177;152;146;126;210;171;207;6214
350715;529;12;19;18;40;53;16;15;6;8;20;21;33;790
350720;1560;14;56;123;26;80;63;45;74;39;53;83;333;2549
350730;1165;44;53;131;51;55;60;68;62;50;64;223;159;2185
350740;2432;225;388;127;106;98;106;105;99;92;99;413;126;4416
350745;762;75;27;36;22;24;71;23;27;18;32;45;16;1178
350750;37591;1420;1390;2472;1286;1525;1543;1606;1543;1655;1385;1513;1960;56889
350760;38744;1778;1620;1718;1773;1733;1701;1752;1688;2304;1715;1995;2096;60617
350770;462;14;10;8;7;14;17;52;7;28;81;44;52;796
350775;2588;40;41;29;45;57;74;53;70;91;77;65;61;3291
350780;3833;176;127;200;141;192;173;150;144;127;143;129;193;5728
350790;6454;1298;493;346;321;293;227;248;348;2043;353;292;1316;14032
350800;2966;104;157;88;107;115;94;109;99;97;99;168;244;4447
350810;2591;136;95;112;95;152;150;108;108;116;113;237;169;4182
350820;1715;60;43;83;69;56;46;46;37;37;26;58;136;2412
350830;978;63;32;64;43;32;49;43;54;46;49;36;64;1553
350840;11644;389;462;503;437;428;499;395;461;440;446;435;428;16967
350850;18813;682;636;638;499;604;634;754;670;719;571;571;720;26511
350860;5058;86;116;125;117;140;130;156;161;133;136;168;163;6689
350870;2360;86;90;117;83;122;145;152;285;266;344;121;177;4348
350880;3169;150;107;128;147;149;155;166;162;116;117;157;266;4989
350890;332;0;3;5;3;2;5;6;15;4;1;4;15;395
350900;22592;824;771;972;838;754;876;812;793;874;814;838;940;32698
350910;511;3;31;5;13;11;14;16;36;13;10;10;38;711
350920;41115;2666;1898;2481;2318;2013;2158;2081;2381;2772;2573;2406;2376;69238
350925;5073;229;246;187;132;137;135;140;143;164;196;167;332;7281
350930;1144;40;33;57;48;35;23;41;29;41;45;37;97;1670
350940;3985;121;172;134;176;186;190;181;260;237;325;242;215;6424
350945;669;26;16;19;26;11;14;18;11;16;15;14;11;866
350950;386822;16725;17710;18771;18065;18253;18296;18217;21527;19143;18656;18326;21892;612403
350960;12683;335;329;520;391;347;472;403;417;433;359;370;476;17535
350970;11307;369;314;374;382;417;415;704;663;464;361;376;579;16725
350980;539;16;18;30;31;23;16;15;16;21;14;12;37;788
350990;1241;39;36;47;54;29;20;38;32;30;39;29;25;1659
350995;704;32;31;20;32;34;25;18;25;26;19;23;44;1033
351000;4126;145;153;181;123;123;100;137;117;178;100;187;232;5902
351010;607;17;21;15;27;17;14;24;18;25;22;22;11;840
351015;1451;62;45;150;46;46;51;67;53;39;70;47;159;2286
351020;6874;386;362;301;244;302;321;245;226;213;188;255;319;10236
351030;4269;277;254;398;856;267;338;655;306;254;295;250;606;9025
351040;14119;466;537;638;631;651;605;636;654;915;838;1033;987;22710
351050;21132;1050;1115;1378;882;907;1012;1003;849;1173;1138;1139;1606;34384
351060;41212;1843;1859;2294;2083;2504;2287;1877;2013;1821;1798;1919;2831;66341
351070;1231;45;33;35;77;40;55;61;39;38;67;34;56;1811
351080;5983;374;287;278;267;284;298;240;265;410;386;437;479;9988
351090;446;15;9;17;10;15;14;63;47;11;13;11;14;685
351100;3117;81;109;131;100;108;122;135;102;79;114;60;661;4919
351110;36539;2556;1712;1848;1705;1590;1515;1721;1774;1837;1859;2758;3467;60881
351120;952;77;65;109;4173;98;38;27;29;28;21;230;147;5994
351130;1670;55;80;71;83;59;73;94;76;90;83;81;94;2609
351140;3692;251;172;199;139;131;173;161;145;217;172;185;293;5930
351150;11689;421;476;558;551;525;605;551;591;598;665;860;918;19008
351160;3087;101;107;148;111;116;138;102;89;95;119;131;120;4464
351170;2744;109;98;134;130;152;161;134;141;170;193;339;398;4903
351190;3199;89;170;219;266;511;471;150;190;311;1226;656;263;7721
351200;5051;448;224;165;128;338;185;247;202;201;111;237;1145;8682
351210;3641;190;1257;70;155;236;338;477;221;116;159;106;1097;8063
351220;5060;700;446;335;183;217;248;249;287;331;389;418;740;9603
351230;3020;105;153;158;143;130;130;155;139;129;116;124;126;4628
351240;8805;263;317;300;292;270;280;244;326;250;263;327;296;12233
351250;846;24;34;36;31;36;31;31;31;42;36;68;42;1288
351260;618;7;4;21;12;8;19;7;8;5;20;7;74;810
351270;988;60;75;45;42;62;43;36;30;114;47;47;78;1667
351280;10169;392;541;553;528;498;535;528;524;459;922;402;688;16739
351290;1609;49;56;66;47;58;46;60;64;57;56;129;106;2403
351300;76369;2859;3519;3635;3200;3283;3606;3094;3641;3401;3283;3499;3727;117116
351310;7571;345;253;292;275;284;298;253;300;247;362;548;302;11330
351320;1267;48;53;112;66;52;104;240;253;127;136;49;90;2597
351330;322;9;29;14;3;6;7;12;3;10;9;7;6;437
351340;18207;648;498;462;415;431;418;469;387;421;420;482;697;23955
351350;43341;1804;1956;2006;1754;2104;2466;2027;2015;1627;1543;1736;1732;66111
351360;1710;47;31;44;29;39;27;42;40;43;33;27;114;2226
351370;8929;272;318;395;350;332;324;318;219;389;341;683;460;13330
351380;112601;3215;3690;4389;3682;4462;4100;4400;4936;4186;3880;3870;4061;161472
351385;280;4;1;1;3;3;1;1;15;7;1;8;0;325
351390;1561;27;32;25;48;37;43;39;26;45;25;17;49;1974
351400;670;19;24;28;22;14;23;20;19;18;15;32;42;946
351410;5462;338;219;265;276;270;288;413;325;496;474;783;744;10353
351420;320;10;14;5;8;9;6;8;8;10;15;18;2;433
351430;1605;93;80;49;60;57;33;47;106;73;59;62;143;2467
351440;10569;359;398;545;388;400;522;463;433;450;471;403;766;16167
351450;2109;123;121;85;83;101;131;100;102;136;116;110;132;3449
351460;1518;36;27;52;51;43;62;66;48;54;35;34;96;2122
351470;693;21;13;29;20;22;31;24;26;79;19;25;44;1046
351480;2053;72;85;75;57;49;63;57;54;60;42;47;86;2800
351490;4532;96;145;132;165;194;199;231;226;195;377;588;276;7356
351492;468;30;13;34;8;12;16;12;29;49;21;132;32;856
351495;352;85;45;15;5;15;18;13;9;17;47;110;47;778
351500;45348;1618;1662;2171;2235;2111;2103;2143;2347;2091;1791;1967;1715;69302
351510;7894;169;298;272;283;269;238;211;246;225;275;215;493;11088
351512;339;7;9;10;7;5;5;7;10;3;5;1;21;429
351515;3480;251;229;180;292;216;241;234;178;198;275;364;318;6456
351518;12317;325;444;495;502;440;473;472;508;579;551;475;408;17989
351519;1836;68;56;200;88;91;81;81;71;76;70;72;277;3067
351520;2390;122;111;264;134;126;140;132;121;325;210;106;96;4277
351530;367;3;4;9;1;44;8;2;2;22;2;4;6;474
351535;679;20;15;19;13;14;13;17;14;14;12;9;76;915
351540;3066;77;128;129;92;119;147;138;118;190;101;102;176;4583
351550;14760;468;595;870;550;583;707;714;630;737;899;843;1312;23668
351560;937;91;35;60;55;43;31;33;31;25;20;37;316;1714
351565;318;9;9;9;8;7;8;10;11;8;24;7;15;443
351570;19505;735;545;740;519;577;649;992;928;682;687;1022;862;28443
351580;286;4;6;4;3;9;4;3;1;2;3;0;0;325
351590;428;15;17;9;15;7;13;10;11;7;14;10;19;575
351600;3658;328;86;106;88;69;102;76;91;276;67;85;199;5231
351610;471;9;9;13;28;14;6;10;8;19;1;26;8;622
351620;80816;2798;3745;4797;4305;4778;5329;5850;5142;5323;4684;5717;12660;145944
351630;8444;289;277;437;273;348;294;282;616;309;273;318;533;12693
351640;14160;684;441;531;510;525;457;517;465;574;488;452;501;20305
351650;891;22;34;34;32;69;18;20;49;61;24;19;15;1288
351660;1365;64;56;38;41;60;86;93;140;210;143;85;59;2440
351670;11293;396;342;478;422;422;524;727;746;872;798;580;553;18153
351680;367;8;5;3;11;3;9;7;10;7;5;6;9;450
351685;3098;181;845;429;55;99;277;415;122;187;226;794;492;7220
351690;1348;35;38;36;37;30;42;59;37;36;37;39;351;2125
351700;1123;116;147;193;20;27;31;45;98;81;78;161;140;2260
351710;989;25;31;30;27;46;32;39;45;44;36;45;70;1459
351720;2037;143;253;68;97;98;77;777;91;82;104;124;266;4217
351730;512;31;4;12;12;12;9;15;78;9;60;4;12;770
351740;10519;363;317;774;580;480;329;488;366;365;434;615;1456;17086
351750;2314;140;90;88;65;83;97;69;108;85;121;269;173;3702
351760;1784;40;53;86;107;77;74;58;55;36;27;142;94;2633
351770;2749;62;62;122;83;99;89;156;64;74;89;94;93;3836
351780;1163;50;64;50;61;41;34;32;33;21;16;59;57;1681
351790;2047;110;73;47;98;133;44;83;77;81;181;122;233;3329
351800;286;4;1;3;5;6;7;4;2;6;6;8;2;340
351810;1358;44;113;70;62;32;42;62;47;52;82;76;62;2102
351820;5077;217;174;204;226;218;271;272;230;175;616;187;395;8262
351830;6321;344;419;421;418;338;400;301;444;270;223;273;347;10519
351840;24886;710;786;846;757;918;809;760;699;734;664;686;873;34128
351850;1862;46;46;54;47;47;39;44;70;45;44;39;45;2428
351860;7738;211;208;361;383;451;382;296;286;235;193;822;1328;12894
351870;47457;1462;1905;1785;1662;1363;1664;1492;1925;1379;1462;1517;1607;66680
351880;327525;14203;13346;14876;13471;14859;14286;14493;14354;13734;15704;14651;17125;502627
351885;1230;29;24;33;32;27;52;35;42;34;47;32;38;1655
351890;493;10;14;25;15;13;9;15;18;12;9;14;11;658
351900;1051;38;31;47;102;52;40;36;56;31;31;30;59;1604
351905;6989;308;264;358;273;267;309;304;305;257;283;301;315;10533
351907;40958;971;1124;1367;1281;1367;1184;1336;1298;1514;1284;1217;1485;56386
351910;2613;102;149;98;120;59;87;77;124;101;106;100;230;3966
351920;777;27;15;35;25;34;24;23;20;14;62;42;31;1129
351925;1552;37;39;52;52;46;50;76;47;88;47;51;35;2172
351930;5228;269;230;283;267;315;273;348;308;387;243;588;1512;10251
351940;1726;52;44;66;67;46;65;67;50;72;55;100;70;2480
351950;2401;37;33;59;88;50;68;77;64;78;74;166;76;3271
351960;15017;894;836;1008;968;829;990;996;818;845;916;1071;890;26078
351970;10072;273;339;405;277;331;379;338;321;358;261;307;415;14076
351980;1342;308;54;75;114;55;41;50;51;47;28;44;115;2324
351990;1071;26;36;28;36;36;32;28;24;23;23;20;30;1413
352000;2352;92;85;121;104;105;86;72;79;78;120;248;185;3727
352010;5408;269;153;185;290;264;210;195;270;221;252;353;1076;9146
352020;1344;17;34;23;31;47;39;48;34;52;27;44;78;1818
352030;2304;67;53;82;77;83;61;42;47;68;42;49;152;3127
352040;6110;265;315;293;233;231;211;240;214;225;172;208;480;9197
352042;1205;33;30;85;75;31;30;15;43;27;15;18;41;1648
352044;5320;390;178;252;181;167;175;146;165;179;138;129;240;7660
352050;62080;2756;3242;3665;3501;3749;4235;3217;3360;3423;3351;3240;3491;103310
352060;635;9;16;17;14;14;23;15;16;16;17;19;33;844
352070;433;8;12;8;7;13;4;4;9;9;23;15;7;552
352080;782;23;29;17;21;17;18;9;39;9;24;13;35;1036
352090;3275;135;108;98;105;117;129;102;156;101;83;218;412;5039
352100;6387;280;246;289;268;281;299;421;277;307;321;570;425;10371
352110;2221;84;61;91;91;85;98;121;88;113;92;134;135;3414
352115;574;19;23;23;21;10;25;16;25;22;25;20;29;832
352120;445;3;6;10;16;7;3;5;6;4;2;2;31;540
352130;3101;211;152;70;253;143;205;137;72;93;71;130;393;5031
352140;6420;178;196;236;225;237;197;393;224;229;221;552;251;9559
352150;911;30;28;41;26;21;27;32;22;24;28;21;76;1287
352160;698;9;21;12;20;12;16;15;14;15;23;13;35;903
352170;2164;90;39;84;86;84;73;71;68;96;50;55;74;3034
352180;5336;167;189;229;173;216;178;127;112;147;185;147;176;7382
352190;2370;86;171;134;82;80;99;146;136;190;80;101;286;3961
352200;654;38;17;25;22;21;25;16;19;23;33;79;37;1009
352210;12111;401;609;567;366;498;452;456;543;349;375;401;602;17730
352215;240;8;6;5;4;5;3;14;6;0;5;1;5;302
352220;23532;769;842;1349;1056;1056;1196;1029;959;1122;999;959;1365;36233
352230;32961;1728;1611;1904;1312;1287;1496;1417;1504;1526;1623;2208;2505;53082
352240;18016;872;773;855;662;978;933;843;846;768;705;999;1214;28464
352250;27626;1101;1111;1399;1174;1256;1203;1109;1469;1274;1779;1310;1435;43246
352260;22070;665;593;811;721;773;869;776;775;757;1286;811;1099;32006
352265;385;7;10;14;6;3;9;8;7;6;4;8;24;491
352270;8474;1565;400;518;433;373;470;532;619;918;927;1199;452;16880
352280;1698;47;44;45;49;36;38;57;36;41;34;40;36;2201
352290;4161;177;225;215;142;177;137;167;161;179;161;173;226;6301
352300;630;20;21;19;10;53;15;8;26;78;14;22;74;990
352310;39514;1460;1565;1885;1814;1779;1753;1812;1711;1900;1698;1906;2010;60807
352320;7446;265;262;261;213;222;192;271;211;251;243;239;399;10475
352330;1210;35;54;54;53;39;64;38;36;45;35;32;54;1749
352340;35890;1564;2029;1924;1648;1797;1929;1886;2091;1733;1641;1654;2204;57990
352350;2986;189;181;136;124;109;105;129;138;130;121;212;131;4691
352360;3539;243;177;246;167;216;342;232;282;273;108;143;276;6244
352370;769;46;29;26;24;29;39;104;210;94;39;27;20;1456
352380;874;38;37;49;47;27;26;26;43;59;112;64;66;1468
352390;50952;2019;2290;2324;2180;2262;2217;2388;2219;2314;2275;2121;2705;78266
352400;19578;1017;960;1328;1100;1239;952;946;987;1037;910;978;1045;32077
352410;6500;235;266;236;259;236;309;206;259;253;230;214;293;9496
352420;766;49;14;31;16;14;18;19;16;18;26;40;74;1101
352430;20841;653;892;1272;1027;906;1024;690;890;780;1680;796;1293;32744
352440;41594;1638;1516;1908;1623;2045;1737;1696;1987;1838;1529;1686;2097;62894
352450;2752;78;107;107;94;236;88;101;87;94;114;80;157;4095
352460;3050;124;134;148;87;122;106;96;100;117;132;95;82;4393
352470;29314;1163;989;1337;1201;1394;1281;1468;1302;1335;1478;1581;1634;45477
352480;9769;361;370;380;299;324;340;352;321;294;292;353;452;13907
352490;2828;178;119;120;84;157;130;120;154;76;65;111;111;4253
352500;17732;495;636;742;717;655;820;615;700;882;663;705;926;26288
352510;7256;226;289;362;293;292;277;312;265;339;487;297;363;11058
352520;6411;338;299;403;297;368;381;276;372;381;336;328;379;10569
352530;39992;1710;1999;2234;2133;2197;1903;2398;2137;2397;2001;2634;3172;66907
352540;550;25;24;18;19;20;46;34;52;96;123;28;45;1080
352550;1877;62;65;97;70;67;52;65;55;49;56;74;86;2675
352560;509;15;7;16;7;9;8;9;10;11;7;9;16;633
352570;8246;381;361;517;373;754;594;549;481;418;423;1046;1978;16121
352580;569;4;11;16;9;10;9;18;78;19;22;9;21;795
352585;956;27;33;29;34;21;28;31;39;26;30;29;44;1327
352590;162181;9934;9855;9676;8851;10943;8789;8672;9501;8421;8590;8794;10850;275057
352600;4698;179;205;235;171;256;295;268;157;132;141;183;1019;7939
352610;2271;130;95;79;79;60;71;72;63;67;78;77;183;3325
352620;3664;109;151;202;151;111;166;132;132;160;141;119;121;5359
352630;716;24;29;26;27;16;35;37;19;29;14;12;24;1008
352640;7887;267;296;378;346;296;357;412;530;450;428;924;988;13559
352650;682;16;10;20;7;13;10;10;14;13;17;24;18;854
352660;787;12;11;21;15;11;15;25;19;17;7;12;22;974
352670;20166;801;729;914;776;813;915;926;1128;992;988;1044;1662;31854
352680;19113;1025;824;1314;970;959;1224;1152;1106;926;745;1397;1129;31884
352690;78917;2797;2758;3302;3107;3184;4981;3129;3431;3592;3234;3366;4374;120172
352700;1696;62;54;64;41;39;34;42;36;55;33;39;56;2251
352710;25642;1056;1141;1009;1142;1150;1863;8661;1296;1070;1149;1212;1582;47973
352720;15476;402;459;541;430;506;506;405;420;456;530;424;909;21464
352725;228;5;9;3;4;5;5;3;2;5;1;3;2;275
352730;18059;466;540;702;563;629;685;612;700;651;655;888;670;25820
352740;5936;207;184;177;199;297;245;358;239;225;223;239;516;9045
352750;605;68;141;65;23;32;42;62;94;85;78;47;309;1651
352760;4575;106;169;148;149;175;151;166;225;133;103;159;1272;7531
352770;448;6;6;11;8;9;15;10;9;12;13;100;27;674
352780;650;69;60;29;7;13;25;68;107;77;131;75;40;1351
352790;365;9;1;16;11;12;14;15;18;12;7;11;26;517
352800;4199;112;125;174;161;152;134;162;148;208;151;396;302;6424
352810;1691;53;108;51;44;30;45;110;93;79;46;37;67;2454
352820;469;4;12;16;9;11;11;12;16;5;14;9;16;604
352830;503;15;14;22;34;224;15;8;19;18;5;12;18;907
352840;8167;318;334;417;376;305;273;338;305;257;221;274;308;11893
352850;14498;477;479;612;532;585;566;613;639;587;502;558;620;21268
352860;1370;53;56;67;48;79;69;110;79;90;94;308;79;2502
352870;2147;38;40;55;72;55;96;159;86;117;50;40;176;3131
352880;2917;69;94;192;187;142;93;128;91;116;84;175;183;4471
352885;1266;34;29;83;83;84;84;52;65;50;37;945;76;2888
352890;317;4;2;6;5;4;9;3;7;4;6;8;14;389
352900;58004;1944;2229;2336;1942;2083;2233;1978;2345;2290;2452;2105;2407;84348
352910;342;6;4;4;5;3;6;3;8;7;4;11;32;435
352920;3084;132;144;175;87;130;256;109;89;89;74;97;131;4597
352930;26559;1593;2772;3187;1030;927;954;1144;1311;1371;1105;1531;4017;47501
352940;68419;2456;2527;3292;2693;3034;3280;3157;3172;3133;2690;2625;3145;103623
352950;1781;72;56;51;157;142;123;114;82;62;109;49;1340;4138
352960;709;36;50;86;40;41;39;31;65;32;31;29;42;1231
352965;258;7;4;1;2;1;1;2;1;4;0;3;4;288
352970;4304;207;129;137;759;205;186;149;137;97;90;70;392;6862
352980;1717;57;65;95;92;72;74;86;86;76;53;175;221;2869
352990;2527;82;75;88;76;75;80;74;86;89;72;108;172;3604
353000;369;9;12;14;7;13;9;11;4;12;10;13;11;494
353010;3790;175;110;178;114;124;234;150;268;101;100;623;284;6251
353020;2917;34;74;79;47;45;54;61;67;86;56;69;102;3691
353030;12518;418;515;619;582;529;558;669;513;638;584;643;769;19555
353040;458;14;15;15;11;8;14;14;9;16;10;15;14;613
353050;15834;489;706;721;492;527;512;531;536;586;512;917;1143;23506
353060;90487;3545;3868;4457;4328;4446;4352;4552;4377;4585;4305;4863;5583;143748
353070;39425;1954;1732;3174;2640;2477;2292;3122;2561;1939;2234;1915;3272;68737
353080;29744;1087;1252;1466;1360;1460;1276;1243;1313;1270;1418;1352;1425;45666
353090;531;17;14;24;15;25;32;20;16;20;13;19;24;770
353100;1268;58;108;62;81;137;108;68;131;88;58;34;638;2839
353110;4819;164;178;170;189;145;156;128;133;184;162;169;178;6775
353120;1534;30;22;54;67;81;96;97;96;117;117;109;151;2571
353130;14068;474;482;624;494;559;586;511;640;575;667;585;677;20942
353140;5181;182;205;585;548;711;555;525;537;396;1700;753;350;12228
353150;3623;2080;903;130;100;110;225;405;231;198;149;958;1876;10988
353160;531;11;11;14;14;13;6;14;33;14;8;11;20;700
353170;942;38;35;46;59;47;43;48;43;40;43;50;42;1476
353180;10411;543;572;723;577;600;602;685;728;680;833;860;760;18574
353190;4295;168;127;328;157;165;144;141;134;133;175;221;680;6868
353200;14006;521;540;695;587;652;882;696;642;594;665;1056;509;22045
353205;741;33;22;48;47;85;38;19;18;22;72;54;44;1243
353210;499;10;8;12;4;6;12;10;8;2;7;8;15;601
353215;335;14;13;9;8;5;6;8;10;11;4;2;36;461
353220;2057;276;92;46;43;67;59;42;43;46;42;34;365;3212
353230;682;6;25;32;6;21;4;10;11;15;9;25;20;866
353240;2088;32;52;50;54;47;35;51;42;41;38;54;67;2651
353250;1447;54;45;51;32;54;57;45;37;39;64;39;30;1994
353260;1581;65;39;63;42;61;64;56;69;53;187;66;69;2415
353270;1045;47;68;117;44;63;71;54;70;45;146;99;112;1981
353280;928;42;46;53;41;37;30;27;53;46;31;34;61;1429
353282;1702;35;39;101;130;40;48;35;44;41;47;49;94;2405
353284;176;0;0;0;2;0;1;0;1;2;3;2;3;190
353286;230;2;5;3;0;4;0;3;3;3;2;2;2;259
353290;3537;52;40;146;41;109;81;76;64;64;60;343;407;5020
353300;2207;94;117;191;293;230;111;146;158;179;420;101;172;4419
353310;219;5;0;2;2;3;7;4;1;3;1;0;3;250
353320;1231;36;20;41;25;58;40;18;20;47;18;20;31;1605
353325;339;14;15;11;9;18;21;9;13;13;13;128;53;656
353330;265;7;9;9;6;5;18;9;5;5;4;8;13;363
353340;17819;696;664;801;736;752;758;753;898;705;683;704;734;26703
353350;8052;581;223;291;294;306;498;222;237;228;256;1273;1513;13974
353360;3883;193;158;266;241;251;184;198;216;241;173;409;245;6658
353370;606;45;11;30;12;20;22;33;38;32;43;19;22;933
353380;296;8;8;5;6;8;7;5;6;4;6;6;19;384
353390;13023;502;361;495;682;715;1065;472;504;420;675;793;1599;21306
353400;1884;39;28;61;39;72;172;47;71;115;71;982;120;3701
353410;835;11;19;21;14;27;24;48;23;27;27;14;26;1116
353420;3943;113;51;49;166;172;75;97;98;40;93;54;505;5456
353430;11067;321;399;549;677;573;596;506;410;375;542;555;766;17336
353440;164973;5380;5579;7707;6346;7382;6937;6271;6677;6579;6195;6565;6645;243236
353450;357;8;9;4;17;42;19;3;7;28;9;4;16;523
353460;7010;327;314;410;361;337;298;408;267;275;234;243;335;10819
353470;25326;1063;999;1063;1002;1023;993;950;914;1113;1025;1107;1590;38168
353475;2441;43;39;94;186;73;111;54;66;45;95;117;106;3470
353480;907;17;44;16;14;17;20;19;23;24;23;17;111;1252
353490;1251;27;40;33;37;32;23;33;28;41;21;28;72;1666
353500;1983;44;42;65;42;51;50;43;55;45;44;35;756;3255
353510;764;26;18;23;24;35;33;25;32;67;192;60;58;1357
353520;928;17;32;27;20;15;12;11;10;17;10;19;24;1142
353530;3599;196;433;215;92;121;124;192;121;152;85;561;699;6590
353540;2883;128;128;174;126;115;163;126;140;129;140;144;207;4603
353550;12703;316;469;434;394;1457;375;404;376;282;301;352;1088;18951
353560;2779;80;89;92;90;99;92;75;74;91;73;110;84;3828
353570;1813;84;35;48;69;57;171;63;45;92;140;52;573;3242
353580;4402;258;226;188;142;208;184;165;216;208;207;193;366;6963
353590;534;14;19;18;20;12;11;8;12;5;13;8;15;689
353600;3237;439;58;63;73;55;70;50;73;75;58;51;197;4499
353610;2101;119;90;103;93;107;89;86;99;101;90;102;164;3344
353620;4132;114;141;136;113;127;133;166;143;150;138;114;162;5769
353625;266;6;8;11;1;6;1;5;7;5;7;5;8;336
353630;2780;130;126;182;188;131;173;235;147;176;137;378;238;5021
353640;1902;78;56;76;42;53;64;65;73;180;74;91;147;2901
353650;40900;1463;1552;1546;1676;1770;1823;1618;1652;1631;1658;1821;1757;60867
353657;201;4;4;2;2;2;1;7;0;7;14;4;4;252
353660;945;23;32;38;29;27;28;26;19;38;44;43;82;1374
353670;11206;414;467;498;420;519;474;488;548;548;477;765;757;17581
353680;632;17;12;16;13;10;10;8;12;9;11;16;55;821
353690;387;10;16;10;24;12;56;33;6;123;5;3;2;687
353700;3830;188;197;139;168;272;280;388;388;447;272;200;301;7070
353710;13235;440;471;578;494;556;573;497;561;526;517;1384;451;20283
353715;476;4;9;46;22;44;16;8;10;28;4;20;21;708
353720;780;21;14;24;15;17;32;19;24;15;26;13;38;1038
353730;12174;685;432;641;502;629;592;551;593;607;501;2601;1445;21953
353740;4920;222;173;228;163;288;292;190;195;175;224;157;499;7726
353750;2006;91;76;101;97;100;114;124;217;171;132;101;94;3424
353760;7857;288;331;401;281;313;253;247;285;227;333;317;389;11522
353770;798;16;24;20;17;23;12;17;16;25;21;38;40;1067
353780;7320;257;218;285;193;244;273;203;191;227;204;190;182;9987
353790;5626;236;195;247;288;232;230;217;209;239;192;188;372;8471
353800;29053;922;951;984;857;963;1010;1099;1012;1056;957;987;1252;41103
353810;2488;520;333;133;147;185;254;200;284;352;881;645;461;6883
353820;1633;42;39;48;51;39;61;49;47;53;80;54;84;2280
353830;559;11;13;17;23;10;11;7;14;5;7;20;7;704
353850;1441;19;30;29;20;25;27;21;20;13;14;19;27;1705
353860;3634;92;187;113;113;98;107;110;149;106;99;96;105;5009
353870;117545;4308;4498;5206;4785;5163;5217;4674;5066;5041;5087;7005;5601;179196
353880;5569;247;205;274;206;213;195;217;211;201;196;186;438;8358
353890;3317;134;321;148;154;261;156;133;146;138;108;164;179;5359
353900;2246;91;108;247;188;175;165;120;121;137;113;1118;162;4991
353910;3265;95;235;191;183;150;193;158;234;172;122;85;163;5246
353920;4114;119;122;148;145;164;137;135;397;126;161;118;213;6099
353930;20341;3620;827;975;622;1126;832;1108;932;1622;1317;4115;1266;38703
353940;1668;49;43;61;61;56;65;60;83;68;48;55;67;2384
353950;7614;344;233;256;466;194;314;163;149;136;149;2251;1211;13480
353960;842;63;25;61;39;52;35;14;23;121;94;64;40;1473
353970;624;11;12;30;9;9;19;15;8;15;9;6;35;802
353980;34991;1800;1907;2188;2000;1997;1654;1615;2427;1711;1614;1874;1828;57606
353990;859;33;33;53;56;64;52;80;44;56;294;123;57;1804
354000;6784;177;158;197;192;195;291;179;183;172;114;158;191;8991
354010;482;25;139;17;13;14;19;11;17;13;41;108;25;924
354020;8395;169;288;370;347;399;309;301;250;235;294;362;7550;19269
354025;479;14;12;19;12;9;8;6;12;25;23;12;14;645
354030;1714;19;28;29;46;43;30;46;59;74;39;130;129;2386
354040;503;6;9;2;13;30;17;6;6;5;13;9;58;677
354050;1108;31;33;81;47;35;39;29;42;49;39;30;56;1619
354060;11770;439;462;433;456;409;589;480;440;526;529;871;555;17959
354070;15107;719;718;776;610;610;700;651;639;650;834;855;944;23813
354075;1080;28;30;44;53;30;55;33;30;46;36;39;184;1688
354080;4150;88;79;93;120;108;109;86;122;127;108;184;372;5746
354085;188;7;3;6;1;2;3;1;1;2;1;6;2;223
354090;6118;145;167;330;332;211;170;215;155;135;144;4547;260;12929
354100;38252;1294;1525;1671;1285;1405;1452;1252;1395;1382;1399;1424;1967;55703
354105;958;34;51;42;55;53;93;29;39;42;33;40;126;1595
354110;550;21;42;8;34;43;29;26;26;8;10;11;33;841
354120;1874;40;28;40;31;32;39;40;32;40;40;49;105;2390
354130;7066;230;196;256;234;237;300;253;205;257;270;253;271;10028
354140;62271;2218;2425;2474;2157;2409;2467;2431;2070;2450;2096;3144;2535;91147
354150;5727;226;243;272;262;259;233;294;240;244;216;194;288;8698
354160;11885;377;328;481;470;529;410;616;424;494;397;323;1242;17976
354165;437;24;15;16;14;14;17;9;14;4;17;12;9;602
354170;3954;59;99;76;42;47;85;48;62;84;53;158;73;4840
354180;716;23;27;38;297;21;23;20;18;19;20;19;14;1255
354190;1676;76;162;38;242;158;168;135;63;127;67;109;79;3100
354200;945;20;49;19;27;21;38;28;19;19;29;21;11;1246
354210;2988;89;71;112;121;139;112;93;90;111;106;427;324;4783
354220;6661;378;290;281;215;487;227;292;252;269;273;213;602;10440
354230;508;5;10;22;16;8;12;37;8;13;12;14;10;675
354240;3793;142;106;129;89;117;123;136;123;136;138;110;139;5281
354250;1138;116;98;235;31;85;125;195;140;89;107;176;325;2860
354260;11659;373;451;508;428;447;463;462;399;374;383;388;584;16919
354270;1405;66;120;62;82;81;110;172;266;224;121;93;90;2892
354280;409;14;7;7;10;11;10;10;14;23;13;6;14;548
354290;1815;71;119;76;78;105;91;138;102;101;95;200;240;3231
354300;2991;84;174;312;339;289;264;110;74;86;65;38;69;4895
354310;708;12;16;26;21;30;80;155;383;90;23;31;57;1632
354320;662;40;28;39;56;65;75;52;31;172;132;79;48;1479
354323;278;0;5;7;8;7;4;4;2;6;3;8;10;342
354325;1149;42;28;40;27;41;81;60;61;106;23;40;35;1733
354330;22969;582;2445;768;1178;749;792;788;676;771;756;840;1127;34441
354340;200402;8374;8508;10350;8707;9336;9482;10782;9810;10348;9549;9164;10869;315681
354350;470;5;7;12;10;19;6;7;10;6;6;14;39;611
354360;409;16;15;14;9;11;6;12;10;10;14;11;19;556
354370;1523;112;76;73;50;56;59;43;47;49;40;122;84;2334
354380;1414;43;38;44;41;47;30;45;46;60;33;41;138;2020
354390;60092;3002;3293;2880;2657;2748;2661;2938;2935;2557;2659;2886;3267;94575
354400;8725;176;225;308;350;391;362;320;317;286;337;2041;611;14449
354410;3510;169;116;107;110;101;96;133;96;110;127;156;139;4970
354420;745;20;24;88;112;26;19;17;24;19;22;16;36;1168
354425;2436;75;87;108;86;47;105;46;55;55;61;56;105;3322
354430;2224;53;105;106;77;60;83;373;81;100;69;73;147;3551
354440;317;9;11;10;15;43;48;16;14;87;60;70;15;715
354450;239;4;3;7;1;3;2;2;4;7;1;5;4;282
354460;597;12;26;11;12;24;21;40;52;110;217;85;23;1230
354470;369;5;3;8;9;3;6;8;5;5;5;6;9;441
354480;670;9;38;17;14;12;13;13;21;12;13;14;27;873
354490;2131;92;98;114;75;80;79;104;128;145;86;141;117;3390
354500;1876;71;70;79;83;68;55;92;119;70;63;66;104;2816
354510;423;1;5;9;12;11;8;7;12;3;4;12;43;550
354515;1419;53;48;62;56;59;58;59;61;55;54;65;51;2100
354520;27627;878;959;1091;1310;1118;1205;1066;1123;1151;1081;1179;1421;41209
354530;5253;152;175;212;234;163;164;140;179;492;180;173;193;7710
354540;1229;33;57;35;47;40;55;73;55;99;71;45;65;1904
354550;631;9;14;15;16;9;18;15;9;13;21;17;34;821
354560;3005;61;64;109;106;160;114;101;121;70;262;1966;387;6526
354570;863;20;18;34;20;22;21;41;19;21;210;77;242;1608
354580;43024;1567;1661;1914;1679;1835;1780;1937;1744;1966;1572;3018;1682;65379
354600;2251;56;58;95;67;55;45;88;52;56;44;52;108;3027
354610;378;4;9;12;10;9;9;13;9;8;9;5;5;480
354620;1298;52;49;81;65;58;88;91;80;121;101;161;66;2311
354625;261;8;10;7;1;9;7;3;7;4;6;6;23;352
354630;6374;1137;294;503;258;561;280;236;387;215;251;320;1430;12246
354640;10751;414;644;757;359;411;479;527;520;529;617;787;942;17737
354650;502;21;29;28;18;37;22;42;39;34;125;80;48;1025
354660;7200;307;213;257;266;211;223;227;256;254;262;263;402;10341
354670;6071;204;218;218;169;174;162;178;174;139;124;164;243;8238
354680;10302;275;294;371;326;311;637;454;351;417;305;308;470;14821
354690;760;34;95;136;145;117;79;61;32;61;22;60;41;1643
354700;1071;44;57;57;55;51;63;56;52;50;48;174;39;1817
354710;685;46;24;22;33;26;84;20;36;27;37;125;169;1334
354720;235;7;6;2;2;4;4;7;4;5;5;2;4;287
354730;61111;2278;2766;3350;2732;2879;2914;2630;3045;3148;3025;2998;3290;96166
354740;330;2;3;7;8;4;7;6;6;2;4;7;1;387
354750;6169;212;262;214;215;180;230;231;234;202;241;246;705;9341
354760;5074;161;170;166;142;171;136;169;113;138;115;162;177;6894
354765;212;2;4;1;1;3;1;3;1;2;1;3;11;245
354770;3867;141;1151;281;121;130;217;133;110;106;88;100;219;6664
354780;193991;10778;10545;11800;10279;10617;10962;11021;11007;12299;11687;11304;15778;332068
354790;901;32;40;29;28;34;28;117;162;86;108;23;66;1654
354800;6544;471;339;334;370;346;310;325;329;295;281;282;527;10753
354805;2829;86;125;172;140;245;208;209;129;130;157;196;2115;6741
354810;1178;33;44;36;36;28;41;63;100;110;64;107;67;1907
354820;953;20;26;29;27;32;25;23;26;32;24;24;54;1295
354830;289;5;4;2;2;2;7;2;1;5;3;6;8;336
354840;432;9;8;24;12;12;9;11;12;27;16;16;20;608
354850;168784;5352;5835;5942;5634;5890;5947;6034;5708;5941;5953;6168;6542;239730
354860;1008;13;19;30;18;28;15;24;30;30;26;66;95;1402
354870;282678;9197;10277;12082;10647;11457;11209;11131;11210;14763;10707;11064;11904;418326
354880;114177;5564;4717;5379;5295;5632;5725;5293;5681;5841;5350;5019;6074;179747
354890;69542;2610;2904;3570;2601;2802;2662;2866;3053;2692;3306;2677;3169;104454
354900;328;11;5;8;10;10;19;5;16;11;11;11;21;466
354910;21645;779;659;899;828;718;801;882;875;853;875;775;1214;31803
354920;268;7;7;15;4;1;4;4;2;1;9;3;5;330
354925;232;3;2;2;2;3;4;7;6;1;2;5;18;287
354930;221;18;9;7;17;16;7;15;41;20;12;19;107;509
354940;11310;318;312;416;448;311;285;261;303;293;289;346;645;15537
354950;839;40;32;32;30;40;41;75;59;72;31;35;91;1417
354960;457;7;13;10;6;5;9;10;12;5;8;4;21;567
354970;13305;432;416;591;484;455;518;479;540;587;488;552;565;19412
354980;123238;4867;5075;5910;5413;5592;5672;5606;5752;5779;5662;5620;6450;190636
354990;206524;9482;9126;10672;10441;10866;11900;10405;12070;12306;12739;24276;11835;352642
354995;8225;364;752;409;368;524;422;404;525;471;494;482;618;14058
355000;1474;38;98;36;38;43;54;44;29;51;45;44;76;2070
355010;9545;298;1148;391;310;315;373;343;392;493;322;964;461;15355
355020;4188;151;245;182;186;169;177;194;143;171;168;129;139;6242
355030;4873339;178748;191329;216501;206790;213846;212708;209225;213665;212357;205369;203258;257147;7394282
355040;5121;209;312;234;193;183;207;204;240;180;184;247;314;7828
355050;1227;31;47;68;57;51;117;66;60;147;26;76;101;2074
355060;18178;834;775;896;1197;885;913;816;868;817;757;862;1310;29108
355070;16732;630;806;728;555;511;512;493;521;568;579;641;1157;24433
355080;2764;84;125;144;155;188;198;241;297;412;364;235;158;5365
355090;3270;103;137;128;205;178;167;116;108;120;237;129;124;5022
355100;40773;1278;1370;1744;1450;1379;1616;1334;1372;1225;1454;1408;2183;58586
355110;1416;80;142;79;46;74;58;106;46;58;42;73;66;2286
355120;484;11;33;15;12;16;19;13;138;15;12;11;17;796
355130;4339;375;80;104;77;102;135;89;115;115;98;86;345;6060
355140;722;29;20;40;17;21;23;43;18;28;81;176;58;1276
355150;7409;222;247;351;228;307;369;340;392;525;1655;369;381;12795
355160;6165;207;214;241;199;224;263;227;241;246;248;220;220;8915
355170;46633;2243;1881;3375;3029;2997;2369;2398;2291;1973;1936;3150;6820;81095
355180;1608;62;56;80;65;59;47;42;52;44;55;53;74;2297
355190;2055;250;77;130;97;132;73;99;103;148;208;428;268;4068
355200;673;7;19;22;15;12;19;15;14;10;13;9;28;856
355210;6796;280;351;335;370;319;383;307;287;282;247;264;282;10503
355220;176551;7539;8286;9667;7919;8256;8567;7953;8782;9487;8741;8956;9816;280520
355230;2468;208;107;141;179;94;109;121;77;165;89;177;341;4276
355240;47354;1450;1632;2072;1651;2044;2104;1778;1869;1934;1802;2332;2259;70281
355250;47964;1784;1800;2065;1707;2087;1943;1920;1948;1991;1690;2253;1862;71014
355255;566;17;22;43;88;8;18;15;15;13;12;16;21;854
355260;1963;253;126;97;73;88;84;114;120;177;107;561;318;4081
355270;2537;694;216;145;89;108;181;154;248;399;254;744;295;6064
355280;57261;1959;2386;2841;2348;2958;2639;2855;2956;2908;2840;3050;3464;90465
355290;721;15;12;23;19;14;17;18;9;13;10;16;30;917
355300;3536;114;175;214;184;172;181;204;204;175;169;165;208;5701
355310;643;44;60;60;31;33;18;39;24;43;50;27;57;1129
355320;719;35;30;14;19;28;30;23;21;22;25;56;170;1192
355330;5938;170;194;242;194;227;231;316;222;225;358;323;315;8955
355340;5174;109;143;180;191;269;241;196;183;188;185;196;681;7936
355350;1034;27;33;35;13;21;28;22;27;25;16;21;22;1324
355360;3632;98;150;119;150;137;156;219;226;166;247;616;91;6007
355365;423;7;9;7;10;5;3;4;8;2;4;13;41;536
355370;10339;1025;586;665;527;354;478;523;596;654;907;1304;942;18900
355380;3817;197;153;406;198;149;179;189;149;154;161;523;207;6482
355385;1364;38;44;49;38;53;69;28;75;41;27;38;57;1921
355390;818;6;14;30;10;27;37;18;25;19;52;16;41;1113
355395;5820;233;376;584;481;437;405;230;253;320;150;573;250;10112
355400;28168;1282;1157;1362;1070;1196;1071;1207;2357;1153;1221;1379;1254;43877
355410;80056;2753;2844;3166;3037;2986;3118;3025;3090;3202;2959;2957;4396;117589
355420;734;18;21;14;29;8;16;21;18;39;17;46;35;1016
355430;4277;365;232;141;155;153;134;155;204;130;150;163;278;6537
355440;996;21;35;39;59;72;32;24;18;23;28;117;150;1614
355450;16527;469;700;682;662;636;714;767;765;1359;562;1316;1062;26221
355460;345;14;8;7;11;17;20;13;127;13;13;12;11;611
355465;159;3;1;4;8;4;3;4;4;1;6;3;6;206
355470;2204;73;79;124;87;90;76;91;98;116;85;71;106;3300
355475;462;5;20;10;18;16;19;40;23;20;19;23;31;706
355480;4165;142;143;185;213;172;172;257;180;138;148;150;275;6340
355490;686;34;16;13;23;15;11;40;16;18;11;35;9;927
355495;956;50;72;36;22;31;24;32;210;35;26;58;42;1594
355500;13963;530;479;563;541;584;488;503;483;458;529;489;573;20183
355510;2287;116;63;77;81;73;84;71;61;58;42;62;98;3173
355520;305;5;4;3;3;3;3;6;2;5;5;4;4;352
355530;353;4;6;4;4;1;6;13;14;38;18;71;48;580
355535;1142;39;27;46;34;45;74;47;51;99;41;402;81;2128
355540;14621;575;743;770;478;494;492;479;418;605;410;472;615;21172
355550;801;149;202;60;73;24;44;67;62;76;64;89;62;1773
355560;1169;106;98;62;81;70;62;69;57;59;52;63;227;2175
355570;274;3;4;5;12;17;18;28;8;35;144;25;11;584
355580;1307;41;59;42;25;26;29;23;30;28;62;30;33;1735
355590;322;30;12;4;5;6;16;3;48;8;21;12;30;517
355600;2324;80;104;73;63;67;68;76;86;104;102;87;121;3355
355610;3079;89;151;156;126;195;159;155;149;167;126;146;131;4829
355620;42300;1622;1775;1945;1647;1848;2523;1979;2070;1950;1728;1989;1894;65270
355630;5076;324;180;252;293;315;642;234;406;160;244;851;1171;10148
355635;817;19;16;39;30;23;21;32;45;33;25;22;67;1189
355640;7298;283;302;267;256;273;283;312;351;398;998;837;337;12195
355645;10920;499;579;670;570;717;527;536;667;601;566;865;488;18205
355650;16143;595;581;659;542;614;633;577;722;715;669;713;644;23807
355660;1236;30;28;24;23;48;44;67;153;143;72;61;61;1990
355670;30294;1192;1315;1446;1181;1223;2013;1531;1413;1413;1426;1316;2142;47905
355680;2677;268;113;153;126;105;79;120;108;105;249;131;336;4570
355690;2928;98;93;135;146;196;209;260;313;101;148;2592;756;7975
355695;204;3;6;2;3;15;13;2;14;6;9;41;11;329
355700;15232;511;668;664;552;759;769;717;574;1085;657;930;935;24053
355710;21497;789;822;992;985;965;921;903;952;899;878;1038;1003;32644
355715;489;16;42;18;10;17;18;20;12;15;34;18;25;734
355720;2156;78;76;90;94;85;102;83;72;72;62;75;115;3160
355730;1717;143;127;67;59;62;57;86;72;101;102;113;137;2843
359999;0;0;0;0;0;0;0;0;0;0;0;0;0;0
410010;794;18;23;17;13;16;22;23;28;30;14;12;16;1026
410020;784;7;55;15;12;11;16;14;16;21;60;16;37;1064
410030;853;19;24;24;39;21;27;27;26;27;52;45;60;1244
410040;11272;472;492;576;423;507;471;599;542;524;469;633;427;17407
410045;392;3;7;4;4;6;3;3;2;3;7;4;7;445
410050;4036;118;157;201;138;212;146;204;121;132;174;117;179;5935
410060;1736;50;79;62;54;64;66;56;68;70;48;65;123;2541
410070;1142;19;18;65;29;31;35;28;37;19;31;28;38;1520
410080;1517;27;50;50;43;30;33;30;46;29;29;44;53;1981
410090;647;17;12;30;22;14;16;73;35;56;10;18;20;970
410100;4422;121;197;138;88;127;129;136;114;126;98;135;140;5971
410105;347;5;6;21;6;8;8;4;4;5;6;8;8;436
410110;3903;90;82;94;80;75;93;109;110;91;140;336;168;5371
410115;358;3;6;9;10;8;16;2;6;21;6;23;6;474
410120;2686;101;132;162;126;152;173;151;177;131;144;146;139;4420
410130;531;41;4;9;8;16;19;21;11;6;3;6;13;688
410140;33928;1275;1581;1835;1610;1622;1486;1880;1440;1704;1649;1580;1819;53409
410150;33761;1534;1669;2144;1894;1936;1834;1967;1883;1954;1978;1816;1902;56272
410160;5039;256;111;136;171;177;141;140;155;158;148;141;200;6973
410165;280;2;3;37;2;6;6;6;4;12;1;35;7;401
410170;3117;67;94;92;105;96;98;96;112;70;78;93;100;4218
410180;51802;1745;2238;2782;2324;2395;2750;2385;2554;2942;2956;2520;2179;81572
410185;250;5;2;6;4;9;2;4;2;2;0;2;1;289
410190;3025;85;76;98;77;78;110;268;93;119;244;70;96;4439
410200;5170;142;168;190;144;122;128;129;146;143;126;122;135;6865
410210;5422;199;264;194;204;193;181;231;225;231;227;158;823;8552
410220;653;29;15;17;26;12;15;18;20;13;16;16;12;862
410230;2567;90;83;92;86;102;85;83;139;101;96;101;87;3712
410240;6653;500;243;219;200;193;233;315;204;164;126;182;693;9925
410250;1164;22;31;36;20;29;40;27;25;20;19;17;38;1488
410260;1603;53;55;78;44;50;55;66;77;57;87;65;203;2493
410270;290;4;0;6;3;1;1;7;4;3;6;3;11;339
410275;269;9;5;10;3;16;5;8;14;3;3;3;34;382
410280;2789;67;213;143;117;120;182;147;197;172;107;73;155;4482
410290;2853;119;120;98;111;135;119;105;106;125;143;127;117;4278
410300;601;11;19;22;21;24;12;19;12;7;20;23;18;809
410302;414;5;9;11;5;5;7;6;11;5;11;15;17;521
410304;710;12;15;14;6;10;25;13;12;25;8;9;12;871
410305;778;15;23;24;22;21;17;18;22;16;11;16;20;1003
410310;1509;66;73;82;72;104;91;47;61;59;85;44;84;2377
410315;225;2;10;11;2;1;5;3;2;4;1;9;5;280
410320;895;35;39;39;17;18;25;30;25;35;15;32;19;1224
410322;545;28;16;39;24;19;30;23;26;25;25;33;31;864
410330;861;22;20;22;18;11;15;18;10;19;14;20;18;1068
410335;505;12;15;34;12;13;13;8;11;11;6;12;10;662
410337;330;5;11;6;6;4;2;6;6;4;18;3;14;415
410340;313;6;4;9;1;1;7;4;8;25;6;8;3;395
410345;9168;283;348;408;289;324;369;406;361;310;302;234;283;13085
410347;480;13;11;46;12;11;15;9;13;14;9;11;10;654
410350;1095;35;37;61;30;42;34;58;41;36;37;32;34;1572
410360;5256;302;314;285;249;414;723;239;221;186;391;736;497;9813
410370;19244;668;1010;907;764;851;804;953;899;860;856;862;966;29644
410380;1568;56;44;54;40;72;39;52;74;80;170;52;61;2362
410390;1742;45;54;49;48;71;53;38;37;31;32;30;31;2261
410395;538;19;10;6;6;20;12;9;11;16;26;23;19;715
410400;7547;324;277;334;321;273;317;430;315;349;343;329;369;11528
410405;419;6;9;10;13;12;7;9;3;8;8;13;10;527
410410;1266;56;93;32;88;34;68;68;90;85;63;53;45;2041
410420;25275;1029;1083;1450;1230;1190;1276;1287;1187;1155;1295;1575;1457;40489
410425;3688;140;220;192;154;171;161;135;144;142;155;140;118;5560
410430;20720;698;895;954;818;755;895;836;760;864;892;839;1153;31079
410440;1159;22;25;21;14;16;29;13;15;17;18;19;18;1386
410442;1807;34;60;63;91;50;44;43;67;53;48;57;56;2473
410445;1313;47;43;49;43;52;41;29;36;49;44;48;46;1840
410450;3673;100;113;184;159;129;106;133;116;110;106;107;133;5169
410460;2588;117;119;122;94;130;80;78;85;85;72;99;106;3775
410465;9352;266;299;321;261;418;400;490;289;225;286;326;353;13286
410470;2230;89;109;138;77;96;90;88;107;89;174;68;111;3466
410480;87146;4004;4852;5063;4430;4072;4941;5161;4582;4520;4406;4743;5162;143082
410490;13342;394;463;491;457;495;460;442;446;483;418;449;487;18827
410500;1016;23;37;36;36;27;30;26;28;20;28;25;47;1379
410510;1394;28;38;38;67;68;55;31;34;51;27;37;56;1924
410520;1666;37;45;48;58;40;56;55;35;25;24;38;36;2163
410530;2397;85;100;116;97;106;84;75;78;101;67;85;107;3498
410540;3038;186;217;239;238;137;140;137;205;141;155;131;145;5109
410550;20210;798;1009;1298;1243;980;1099;1233;950;1163;982;977;1168;33110
410560;3572;1438;408;216;108;124;184;2294;121;123;98;112;402;9200
410570;2363;68;67;95;53;72;63;59;72;60;86;68;78;3204
410580;37529;2680;2998;5258;5335;3652;2923;3057;3680;4027;3114;2980;2797;80030
410590;9065;191;165;195;250;239;255;233;215;211;179;383;687;12268
410600;890;25;13;27;26;42;13;33;42;82;19;129;24;1365
410610;407;21;15;9;7;5;4;4;6;4;3;11;7;503
410620;1742;56;66;44;33;48;61;56;39;45;36;68;77;2371
410630;2767;63;101;112;89;86;80;77;84;82;71;84;73;3769
410640;14002;330;417;674;484;438;463;657;795;765;595;637;722;20979
410645;1036;55;50;43;54;91;52;67;53;48;29;40;119;1737
410650;3428;117;153;181;115;150;147;142;163;144;151;149;133;5173
410655;382;8;10;8;6;4;6;3;6;10;6;7;5;461
410657;659;18;30;31;16;19;26;21;122;29;23;25;26;1045
410660;3078;107;96;148;122;86;96;111;84;84;85;109;96;4302
410670;653;43;16;18;12;6;13;17;9;30;15;13;47;892
410680;1703;48;39;45;31;41;33;40;43;33;20;30;37;2143
410685;312;4;2;8;2;3;2;2;3;4;1;11;1;355
410690;848850;37252;34763;42567;39281;39192;39130;41393;40694;38148;38951;41791;78833;1360845
410700;1434;87;52;60;74;54;44;59;96;81;46;46;69;2202
410710;602;5;18;15;11;10;11;13;13;7;15;13;12;745
410712;308;10;10;23;13;3;7;6;2;1;1;3;1;388
410715;525;11;12;26;6;7;7;16;15;11;11;11;25;683
410720;10695;332;355;397;374;291;340;360;370;404;374;337;372;15001
410725;2040;50;68;81;76;49;75;53;65;62;46;47;65;2777
410730;687;13;10;20;12;28;19;13;16;18;15;15;25;891
410740;978;18;43;39;35;16;29;29;25;28;30;19;34;1323
410750;3115;174;471;249;246;239;235;186;141;216;121;125;595;6113
410752;354;8;6;4;2;4;2;5;3;6;7;8;8;417
410753;953;33;47;53;38;41;32;44;28;44;20;36;64;1433
410754;401;14;16;14;14;12;6;9;8;6;14;3;12;529
410755;338;4;7;6;5;12;5;6;8;8;5;3;6;413
410760;2317;51;77;58;58;41;52;53;47;47;65;65;58;2989
410765;9671;422;443;537;544;605;566;566;701;535;535;505;469;16099
410770;441;7;7;25;5;6;8;13;6;18;14;4;6;560
410773;686;30;31;32;25;23;16;38;19;16;12;12;17;957
410775;1141;20;16;25;24;27;25;39;26;26;29;29;22;1449
410780;1122;18;98;74;34;37;41;50;38;36;53;151;78;1830
410785;621;21;24;16;28;26;19;18;24;19;14;22;23;875
410790;988;18;23;50;36;53;45;40;25;40;27;32;37;1414
410800;2938;91;98;114;749;85;65;2300;66;74;82;72;422;7156
410810;411;3;6;15;4;11;12;3;9;10;15;6;5;510
410820;856;24;15;24;15;23;14;19;10;18;14;30;6;1068
410830;51017;1803;1921;2208;1738;1706;1864;2089;1773;1918;1934;1918;2425;74314
410832;691;15;11;17;16;12;14;11;10;17;16;12;13;855
410840;22158;766;841;959;837;744;861;1011;902;960;908;925;956;32828
410845;578;27;26;25;27;25;18;31;17;28;26;32;42;902
410850;2020;84;93;106;71;108;112;88;115;111;74;99;69;3150
410855;249;3;6;4;1;10;11;2;3;2;5;3;4;303
410860;5463;103;139;156;124;182;149;294;148;167;188;149;163;7425
410865;501;19;23;18;8;25;16;14;20;18;16;17;20;715
410870;661;19;13;24;7;17;16;17;25;30;12;12;11;864
410880;4506;163;165;178;168;134;154;200;120;132;141;145;154;6360
410890;745;31;40;23;28;16;13;14;20;16;20;16;90;1072
410895;615;13;19;14;8;12;7;14;18;15;17;12;11;775
410900;509;20;20;25;13;13;19;16;12;12;24;29;10;722
410910;431;11;16;8;15;10;9;13;17;4;10;11;9;564
410920;681;28;25;22;15;17;20;23;18;20;20;18;34;941
410930;2046;65;69;82;60;66;63;67;68;75;56;59;76;2852
410940;36385;1444;1557;1843;1473;1403;1587;1688;1417;1357;1349;1400;1655;54558
410950;695;12;12;6;2;6;11;5;23;11;9;6;25;823
410960;5159;258;503;299;189;182;167;143;192;165;214;244;237;7952
410965;663;16;23;73;28;24;22;10;16;22;27;5;23;952
410970;6051;200;214;246;394;184;192;238;251;260;177;258;143;8808
410975;882;31;46;49;53;43;39;24;37;25;32;30;176;1467
410980;9720;448;377;415;342;371;476;418;421;539;449;312;391;14679
410990;1003;11;33;21;23;11;23;22;31;18;12;20;25;1253
411000;869;51;54;49;32;37;23;31;25;51;46;29;41;1338
411005;299;6;8;8;11;6;11;3;7;3;3;3;9;377
411007;1123;42;31;65;43;32;50;46;52;46;28;35;36;1629
411010;5377;196;273;243;188;217;270;246;266;238;208;235;216;8173
411020;1061;48;61;70;27;41;35;56;94;40;49;48;86;1716
411030;420;15;19;19;12;36;8;15;24;23;14;21;46;672
411040;813;27;17;20;18;36;21;42;31;30;26;20;22;1123
411050;1504;68;46;40;40;46;42;36;53;54;36;52;53;2070
411060;2367;87;75;90;67;71;80;58;63;71;76;65;106;3276
411065;362;0;10;7;11;6;5;14;2;7;7;5;9;445
411070;10941;321;307;386;302;338;411;313;371;479;363;333;484;15349
411080;1183;23;18;26;21;12;14;22;35;16;30;28;20;1448
411090;423;5;9;9;9;14;7;15;14;11;7;9;21;553
411095;1646;49;65;88;53;66;62;55;56;63;66;70;69;2408
411100;669;14;11;22;16;13;5;14;7;9;25;10;12;827
411110;650;16;19;26;19;26;17;21;15;26;119;23;16;993
411120;1957;91;90;76;80;72;91;79;76;75;75;80;122;2964
411125;2729;101;112;108;132;105;236;114;109;125;169;163;108;4311
411130;364;8;5;8;6;7;7;6;16;16;12;8;3;466
411140;1227;21;24;24;35;31;31;34;26;19;21;37;44;1574
411150;4637;158;169;262;166;144;168;150;121;118;121;137;171;6522
411155;2826;82;30;34;59;78;107;39;46;50;69;36;398;3854
411160;502;22;16;12;11;5;11;9;8;11;13;6;20;646
411170;456;4;17;19;6;5;7;12;8;5;5;9;8;561
411180;9436;564;335;608;379;405;408;412;526;362;430;390;879;15134
411190;4466;184;210;223;195;226;214;198;245;254;205;238;257;7115
411200;7687;402;334;412;399;412;342;447;493;484;446;388;467;12713
411210;5824;340;641;206;158;160;176;305;228;185;166;679;587;9655
411220;565;14;14;8;21;13;13;15;9;12;21;25;17;747
411230;363;6;6;16;5;18;4;8;4;6;6;6;12;460
411240;1685;55;55;71;72;72;69;65;61;52;64;53;65;2439
411250;1124;27;29;56;32;18;29;30;21;25;18;32;66;1507
411260;269;4;5;5;4;2;4;7;7;5;4;4;6;326
411270;1656;55;40;69;62;116;86;72;49;64;54;93;174;2590
411275;965;21;31;26;24;28;22;23;16;29;22;14;21;1242
411280;2741;92;94;102;80;89;367;97;189;90;212;102;76;4331
411290;422;5;12;10;6;8;7;3;14;6;5;3;7;508
411295;728;17;19;18;9;9;23;14;9;14;12;24;11;907
411300;2140;96;57;221;50;131;62;77;85;68;53;62;294;3396
411310;605;7;15;9;20;8;9;10;12;20;9;14;8;746
411320;8895;510;665;395;321;320;317;402;304;343;310;316;306;13404
411325;414;12;7;10;2;9;3;10;17;5;8;4;5;506
411330;4255;146;152;178;167;199;160;173;174;173;126;167;202;6272
411340;593;41;11;23;13;12;11;8;32;8;8;21;4;785
411342;382;7;9;11;7;8;19;14;4;9;11;6;6;493
411345;495;18;7;19;15;17;13;10;17;11;11;15;11;659
411350;4683;151;203;210;228;176;208;193;182;242;218;155;188;7037
411360;972;23;26;20;17;16;17;24;20;14;18;33;43;1243
411370;156875;7053;7527;9625;8519;8032;7975;8486;8405;9182;8105;8160;8802;256746
411373;1089;26;10;20;11;20;23;19;31;130;23;29;18;1449
411375;551;8;10;7;12;8;7;17;65;14;3;8;7;717
411380;697;12;8;24;19;11;16;23;23;25;8;12;19;897
411390;1901;74;50;47;61;67;51;46;58;49;54;38;49;2545
411400;1828;50;47;53;52;55;45;36;54;43;84;50;54;2451
411410;3350;111;179;210;151;123;167;158;175;137;132;157;166;5216
411420;7523;197;244;286;207;224;232;365;267;291;216;246;263;10561
411430;5137;220;248;258;247;274;338;370;316;314;299;305;335;8661
411435;317;8;4;10;5;12;7;11;13;14;9;9;9;428
411440;2656;73;105;113;102;99;104;130;159;101;69;88;102;3901
411450;1206;15;34;36;25;24;23;29;22;33;24;37;33;1541
411460;13798;562;709;778;769;719;797;939;686;641;631;664;787;22480
411470;622;12;9;9;16;17;25;9;13;20;17;10;13;792
411480;6572;195;192;287;270;269;218;330;250;259;268;280;321;9711
411490;1020;27;33;41;52;39;39;24;23;27;30;39;29;1423
411500;769;8;19;33;20;29;17;12;19;14;32;11;27;1010
411510;848;20;19;23;24;17;21;25;31;22;20;35;31;1136
411520;136407;5765;6996;8223;6992;6453;7287;9086;7334;7482;7544;6776;7694;224039
411530;916;24;35;38;22;42;27;38;29;29;13;29;30;1272
411535;967;29;34;40;24;26;30;30;31;43;29;35;43;1361
411540;1687;72;73;65;48;44;64;41;51;68;52;48;47;2360
411545;280;5;6;1;3;3;1;3;4;4;2;1;2;315
411550;832;20;29;32;21;27;29;30;30;39;18;23;54;1184
411560;5249;254;287;227;214;240;197;228;200;225;262;255;229;8067
411570;6000;337;752;401;214;220;204;235;286;267;246;244;372;9778
411573;319;2;8;3;6;3;5;1;4;3;1;1;10;366
411575;1765;48;52;50;48;38;25;49;48;42;46;34;31;2276
411580;12806;402;559;692;525;432;625;407;446;508;511;475;613;19001
411585;781;22;18;36;14;23;26;28;24;21;19;45;43;1100
411590;411;7;46;15;20;15;15;11;13;10;10;8;39;620
411600;278;5;1;5;3;1;3;3;5;6;6;1;9;326
411605;1484;43;57;45;37;38;32;32;28;36;33;35;51;1951
411610;2406;20;50;38;23;52;51;42;44;31;24;45;63;2889
411620;2209;86;81;82;87;111;68;72;67;62;105;104;120;3254
411630;509;4;25;17;13;15;13;12;11;7;7;9;10;652
411640;352;8;7;5;5;5;7;2;11;7;3;6;9;427
411650;262;8;13;7;14;7;9;5;10;5;6;13;5;364
411660;1646;482;170;150;170;138;212;419;40;39;82;17;68;3633
411670;1895;43;56;72;48;62;50;53;40;59;63;52;54;2547
411680;606;9;10;9;14;7;5;9;5;9;11;9;13;716
411690;4919;164;225;211;203;170;165;210;221;202;201;203;254;7348
411695;658;24;18;23;30;28;29;26;25;26;35;25;35;982
411700;895;39;22;26;41;19;19;20;36;49;16;91;10;1283
411705;649;48;15;25;24;20;16;11;16;28;16;28;27;923
411710;3397;172;163;181;155;157;170;177;154;204;136;806;156;6028
411720;927;21;22;39;24;25;19;31;16;29;19;16;52;1240
411721;310;5;4;10;8;4;5;1;1;4;1;4;6;363
411722;1343;31;54;61;37;40;36;42;42;38;38;50;43;1855
411725;1573;31;45;56;50;36;58;50;74;48;82;47;58;2208
411727;528;6;7;7;10;13;8;11;8;3;12;33;4;650
411729;381;0;11;18;22;11;19;6;11;4;3;4;7;497
411730;2282;232;108;88;101;716;77;70;107;82;74;81;80;4098
411740;353;6;19;28;14;17;11;4;12;13;12;7;9;505
411745;665;31;21;25;30;32;16;37;21;31;23;22;16;970
411750;4106;187;200;239;174;177;195;250;174;219;208;184;258;6571
411760;8748;452;608;571;463;583;488;461;340;398;392;443;430;14377
411770;6265;503;482;284;209;260;233;257;272;236;289;284;232;9806
411780;1114;40;36;43;24;16;36;171;20;31;26;26;17;1600
411790;9564;326;400;435;326;346;388;408;359;360;371;322;341;13946
411800;2712;60;56;68;105;212;236;233;221;88;52;116;2031;6190
411810;4310;291;65;111;138;103;143;127;126;104;105;85;296;6004
411820;33235;1180;1155;1552;1293;1222;1219;1379;1623;1299;1247;1381;1388;49173
411830;493;23;17;9;8;20;4;10;5;15;8;32;6;650
411840;18615;1049;960;1029;813;856;885;1293;813;981;991;1034;1220;30539
411845;1487;41;47;61;60;66;65;60;65;76;68;92;68;2256
411850;23233;1083;1191;1325;1162;1121;1136;1271;1117;1098;1080;985;1035;36837
411860;827;25;28;34;30;21;22;67;20;25;23;44;25;1191
411870;528;11;13;28;18;20;18;21;11;17;12;16;20;733
411880;1467;47;47;44;50;30;45;47;39;43;45;40;44;1988
411885;1751;217;62;114;128;105;241;52;62;62;60;58;309;3221
411890;2398;95;115;113;104;111;69;113;70;96;81;72;79;3516
411900;623;12;19;21;22;26;19;19;16;20;15;23;18;853
411910;1694;95;57;66;49;42;39;43;52;61;42;48;39;2327
411915;41461;1650;1811;2207;2035;2248;2262;2247;2348;2447;2231;2369;2301;67617
411920;593;12;18;20;16;25;29;20;13;5;14;17;22;804
411925;273;5;4;6;5;2;5;4;6;3;3;8;13;337
411930;3300;203;221;142;98;109;145;182;108;142;87;104;147;4988
411940;3141;91;142;127;132;314;138;170;129;88;113;128;227;4940
411950;7664;408;376;423;450;431;439;481;492;447;383;551;516;13061
411960;4029;123;111;152;94;129;93;106;119;130;107;128;146;5467
411965;396;21;7;13;5;25;15;28;18;16;12;16;24;596
411970;631;39;29;20;21;24;14;17;19;17;7;8;15;861
411980;1265;36;33;73;47;24;62;37;21;36;45;25;60;1764
411990;76803;2805;3412;3826;3141;3320;3324;3507;3410;3063;3091;3129;3760;116591
411995;3165;132;169;162;140;129;139;141;148;117;175;140;169;4926
412000;3127;95;64;69;72;71;245;122;232;222;179;115;1146;5759
412010;1275;59;99;81;61;109;76;69;68;68;30;46;38;2079
412015;239;3;4;8;11;6;2;7;3;2;1;3;2;291
412020;415;8;10;12;6;8;7;5;6;5;6;9;13;510
412030;641;17;14;30;14;17;20;11;22;23;25;23;14;871
412033;570;9;12;28;16;16;11;10;19;33;19;26;22;791
412035;904;22;16;15;31;17;19;20;17;16;12;25;25;1139
412040;642;22;52;27;15;25;19;19;16;30;23;61;29;980
412050;1996;35;32;33;43;31;34;58;38;24;24;43;31;2422
412060;5551;133;166;201;166;189;179;230;260;178;193;199;160;7805
412065;602;12;10;11;12;27;20;16;18;4;13;18;12;775
412070;1407;50;46;53;45;50;56;101;53;48;34;49;37;2029
412080;8848;348;433;543;395;425;456;494;415;385;380;416;412;13950
412085;880;22;34;19;25;26;37;29;30;21;33;41;38;1235
412090;5003;206;164;155;144;147;145;152;140;144;159;206;246;7011
412100;1207;21;32;39;39;37;32;31;22;31;19;32;28;1570
412110;582;8;11;21;12;7;17;13;12;12;12;12;14;733
412120;1127;18;25;22;23;33;21;32;23;26;23;23;22;1418
412125;388;11;17;15;14;8;18;9;13;8;3;2;4;510
412130;405;3;3;10;6;13;4;8;9;5;8;5;4;483
412135;338;4;4;3;4;1;7;1;2;5;0;16;4;389
412140;2816;122;112;115;148;106;99;118;112;115;137;82;127;4209
412150;1454;67;57;73;46;60;84;47;55;62;54;42;39;2140
412160;895;31;36;31;30;36;25;45;24;33;31;26;24;1267
412170;3202;105;95;106;83;101;186;104;100;96;69;81;87;4415
412175;702;33;15;39;17;20;34;19;35;19;23;19;25;1000
412180;2284;76;57;73;59;55;78;76;79;85;80;92;87;3181
412190;1396;24;44;44;35;45;36;55;32;22;40;21;86;1880
412200;1380;26;30;38;32;35;43;57;55;31;35;35;35;1832
412210;423;12;8;10;10;4;9;20;13;13;6;10;13;551
412215;975;28;13;23;46;24;20;26;18;14;26;16;54;1283
412217;428;6;16;6;7;6;10;5;6;8;4;11;22;535
412220;4559;118;139;164;149;199;164;147;144;744;146;174;176;7023
412230;7562;418;341;470;590;614;596;599;399;360;414;342;473;13178
412240;19917;1049;1129;1326;1135;1175;1306;1242;1319;1442;1336;1948;1381;35705
412250;1257;26;43;48;39;30;35;38;31;41;27;66;35;1716
412260;3667;598;116;160;138;217;218;2440;169;219;154;192;570;8858
412265;521;14;10;12;11;7;10;61;23;7;6;8;4;694
412270;2221;67;81;113;90;111;111;91;102;97;85;199;83;3451
412280;506;11;18;11;4;8;11;12;13;11;2;9;3;619
412290;667;25;39;13;13;6;71;23;19;16;34;22;9;957
412300;1892;85;81;75;117;54;67;70;91;97;58;80;105;2872
412310;399;4;5;14;14;10;10;7;12;9;5;8;7;504
412320;434;15;16;36;9;4;4;2;19;6;16;9;19;589
412330;1009;34;38;45;46;28;30;26;46;47;36;20;42;1447
412340;2346;76;83;84;74;88;76;181;95;89;91;77;161;3521
412350;3874;138;134;153;136;141;133;138;129;131;134;132;165;5538
412360;173;0;5;5;1;5;3;0;1;5;0;2;2;202
412370;1338;35;37;50;54;40;36;53;55;58;52;39;34;1881
412380;1704;137;80;86;73;57;61;59;44;57;52;38;58;2506
412382;489;16;20;16;20;12;13;19;18;10;15;20;21;689
412385;782;23;18;30;20;11;40;14;20;26;6;15;18;1023
412390;1461;32;35;65;39;51;40;41;66;71;40;73;39;2053
412395;565;16;14;21;14;7;9;19;25;15;7;21;21;754
412400;453;10;0;7;7;3;9;8;11;7;13;2;4;534
412402;1500;41;50;69;60;52;69;65;75;63;60;62;67;2233
412405;2851;86;83;126;80;75;102;90;87;132;70;100;110;3992
412410;9283;351;437;376;298;291;333;354;348;363;292;402;464;13592
412420;465;9;11;14;25;8;8;6;6;5;10;11;25;603
412430;380;7;4;10;7;2;2;7;4;6;2;4;4;439
412440;3260;78;75;103;97;85;98;110;103;108;85;85;131;4418
412450;1384;36;21;54;32;41;45;37;63;42;98;140;23;2016
412460;1971;101;51;50;50;44;37;52;111;59;45;137;193;2901
412470;943;14;14;23;16;27;4;12;23;18;10;10;9;1123
412480;2190;48;64;77;46;55;105;65;84;90;82;73;89;3068
412490;693;29;25;10;13;20;17;17;25;19;12;41;11;932
412500;1132;10;14;32;17;20;18;17;19;32;16;13;19;1359
412510;918;29;25;35;21;44;22;26;52;14;20;23;12;1241
412520;1495;31;50;49;45;44;47;42;46;44;55;55;53;2056
412530;936;19;23;46;30;27;32;29;19;27;35;20;20;1263
412535;1117;21;33;27;23;34;33;32;19;23;31;19;31;1443
412540;700;19;16;26;24;25;26;36;16;14;9;10;10;931
412545;332;5;15;8;3;5;10;4;12;4;7;1;4;410
412550;90277;3743;4551;5182;4931;4764;4492;4520;4429;4047;4549;4362;4758;144605
412555;580;8;14;10;16;15;13;13;17;33;21;16;18;774
412560;6381;230;217;236;219;223;250;347;287;439;353;263;316;9761
412570;4637;150;173;240;143;152;166;200;178;163;126;155;504;6987
412575;646;11;16;26;21;16;12;8;12;12;13;17;12;822
412580;4849;163;137;218;414;206;303;177;125;143;185;198;154;7272
412590;507;18;14;17;10;14;7;13;15;14;15;6;14;664
412600;743;19;9;20;16;13;19;9;23;15;10;9;17;922
412610;2361;357;71;76;114;139;143;1920;85;104;64;411;72;5917
412620;680;18;23;15;12;15;8;11;7;14;16;28;17;864
412625;11101;474;567;628;537;491;510;586;567;537;521;502;739;17760
412627;1087;33;78;42;47;97;46;69;53;56;53;45;126;1832
412630;4101;112;222;168;212;126;165;163;154;182;156;134;120;6015
412635;659;17;9;16;14;20;24;29;21;38;22;34;13;916
412640;946;22;26;35;39;28;10;21;33;17;24;38;40;1279
412650;3743;96;90;127;168;151;101;138;112;135;147;96;114;5218
412660;4682;142;138;163;148;123;136;176;148;111;127;123;128;6345
412665;318;3;9;15;6;10;8;9;4;11;3;9;6;411
412667;1401;44;43;46;41;44;35;28;31;46;25;41;60;1885
412670;668;25;25;20;18;10;14;27;16;11;15;47;44;940
412680;5558;798;179;228;168;195;243;178;210;218;198;705;251;9129
412690;631;19;21;21;16;21;32;25;16;18;20;32;24;896
412700;1167;31;48;55;32;67;53;36;64;47;36;42;63;1741
412710;15549;844;853;851;709;737;1531;978;982;1065;1051;1046;891;27087
412720;3918;132;156;217;174;316;224;203;182;261;176;184;156;6299
412730;4104;119;106;145;160;162;148;135;169;114;131;130;374;5997
412740;3711;82;127;237;180;115;151;150;114;161;116;103;153;5400
412750;2643;66;70;107;83;76;95;73;59;59;66;65;89;3551
412760;2774;105;119;142;126;111;114;115;109;105;118;113;126;4177
412770;38994;1198;1401;1723;1418;1334;1376;1469;1431;1549;1476;1486;1598;56453
412780;984;12;12;13;9;82;34;16;22;13;12;17;9;1235
412785;1290;34;62;39;47;33;44;47;31;34;30;37;46;1774
412788;1649;72;107;130;52;104;136;59;109;61;56;77;54;2666
412790;791;17;20;28;23;22;25;22;30;36;17;25;48;1104
412795;977;13;28;31;19;24;27;16;21;16;14;17;11;1214
412796;2255;76;79;102;87;89;137;99;59;85;116;108;112;3404
412800;3304;69;91;137;126;62;74;73;82;62;90;86;103;4359
412810;26679;1061;1123;1336;1164;1069;1242;1179;1066;1226;1168;1444;1172;40929
412820;12437;503;502;568;509;606;478;482;492;488;447;541;498;18551
412830;461;13;17;15;22;5;9;14;10;7;8;10;13;604
412840;1672;40;47;55;67;66;70;124;193;54;60;63;45;2556
412850;2216;72;60;112;52;77;80;100;80;78;61;70;170;3228
412853;1958;37;59;54;40;62;71;35;76;47;90;76;90;2695
412855;948;23;27;25;22;40;21;25;17;23;31;21;33;1256
412860;906;26;18;25;18;23;17;18;30;27;18;21;17;1164
412862;605;11;19;17;10;6;12;10;11;18;7;15;10;751
412863;414;11;10;12;18;11;17;10;8;8;14;23;11;567
412865;425;8;6;16;13;23;6;8;14;8;7;5;9;548
412870;1143;38;55;57;46;40;42;44;57;50;54;40;47;1713
412880;803;23;20;30;24;25;27;29;10;22;19;19;25;1076
419999;0;0;0;0;0;0;0;0;0;0;0;0;0;0
420005;170;4;10;6;1;1;5;2;2;1;2;22;33;259
420010;2667;152;174;169;184;158;214;195;191;136;113;481;203;5037
420020;2899;157;185;209;157;152;142;175;165;178;155;152;194;4920
420030;784;23;36;54;32;56;39;37;45;42;40;30;70;1288
420040;1563;77;216;276;119;346;194;125;78;87;73;119;162;3435
420050;1404;138;218;199;298;236;149;57;138;102;147;107;140;3333
420055;360;13;16;21;11;13;10;19;24;19;15;15;166;702
420060;863;19;66;85;37;18;42;35;33;28;34;33;54;1347
420070;969;41;57;44;41;41;25;69;32;44;24;21;63;1471
420075;268;9;6;7;10;6;3;5;5;7;7;3;25;361
420080;868;29;17;31;34;44;32;42;28;30;19;26;59;1259
420090;619;9;13;20;14;22;30;21;32;39;24;14;33;890
420100;915;29;19;35;18;31;19;22;54;10;19;86;94;1351
420110;400;7;11;9;28;9;7;4;9;3;2;1;18;508
420120;1852;39;67;66;60;71;49;53;61;44;63;64;99;2588
420125;3093;142;131;151;125;123;129;136;117;109;84;91;158;4589
420127;422;21;15;12;15;13;8;14;16;23;11;10;31;611
420130;6186;230;318;321;293;309;334;337;299;366;347;381;540;10261
420140;13606;620;640;774;553;664;702;751;887;586;589;500;631;21503
420150;2017;61;68;79;88;71;127;81;62;54;65;39;102;2914
420160;821;27;25;30;29;14;15;17;23;25;14;27;28;1095
420165;184;3;7;4;8;3;7;2;12;2;4;3;6;245
420170;2104;90;115;123;124;103;101;109;97;108;98;115;105;3392
420180;522;18;17;21;13;17;31;20;27;25;22;18;36;787
420190;697;31;41;31;35;27;22;21;25;15;22;26;110;1103
420195;876;72;128;105;48;32;31;29;47;44;28;34;173;1647
420200;39018;2568;3099;3196;2393;2802;2577;2371;2578;2955;2704;2867;3511;72639
420205;1032;31;39;67;56;63;44;60;36;55;57;53;34;1627
420207;768;24;56;47;33;31;24;29;34;35;34;37;101;1253
420208;159;6;3;18;10;1;9;6;3;3;1;3;30;252
420209;169;6;5;8;0;6;4;5;6;4;2;3;9;227
420210;3617;215;187;198;155;182;153;202;167;180;250;221;424;6151
420213;385;47;16;20;8;11;8;12;8;6;11;12;101;645
420215;240;4;8;12;8;7;14;6;3;6;10;8;21;347
420220;3209;118;146;166;104;144;114;105;134;97;117;98;168;4720
420230;10877;436;536;601;544;561;535;551;538;579;665;589;860;17872
420240;128888;5981;7301;7851;6957;7035;6963;8104;6946;6981;7421;6617;8545;215590
420243;301;6;7;12;12;7;10;7;9;7;4;7;96;485
420245;4096;416;745;429;400;276;192;188;166;181;211;216;361;7877
420250;497;11;11;20;15;25;44;61;38;36;39;14;79;890
420253;410;24;19;26;23;15;14;17;18;16;13;10;54;659
420257;179;2;8;6;6;8;4;4;3;6;6;6;21;259
420260;1812;131;746;1379;470;207;180;120;79;95;86;537;365;6207
420270;1648;55;60;64;41;58;44;60;73;81;117;124;44;2469
420280;8422;296;364;391;460;376;326;339;401;333;283;288;394;12673
420285;1347;20;40;32;27;28;27;24;18;20;22;16;32;1653
420287;231;7;7;15;6;9;6;7;3;6;2;4;38;341
420290;45975;2051;2385;2627;2240;2230;2304;2150;2295;2390;2194;2217;2397;73455
420300;22215;908;1052;1464;1309;1128;1321;893;971;915;922;882;1288;35268
420310;1084;49;42;33;40;44;42;62;40;34;29;50;88;1637
420315;535;13;28;35;27;34;41;65;32;34;67;32;97;1040
420320;7926;436;495;564;386;446;378;408;410;506;481;528;901;13865
420325;524;15;18;13;12;10;23;12;8;12;3;11;44;705
420330;2505;72;90;72;107;76;106;65;70;85;110;102;106;3566
420340;1140;51;70;113;104;70;56;110;37;33;19;38;132;1973
420350;1331;36;43;66;50;53;41;34;53;49;42;51;96;1945
420360;7363;323;311;290;278;360;314;301;293;250;328;301;728;11440
420370;2461;96;88;129;120;96;106;103;112;110;98;77;141;3737
420380;10581;345;478;449;351;401;485;434;405;426;353;399;811;15918
420390;8644;258;279;356;278;317;322;318;275;275;314;285;595;12516
420395;3857;172;167;130;122;137;117;139;136;220;112;150;411;5870
420400;2599;169;223;178;181;171;186;158;150;167;166;190;297;4835
420410;411;7;15;8;18;9;7;6;9;7;6;3;27;533
420415;409;33;7;6;7;7;7;7;10;9;7;4;7;520
420417;254;7;2;3;2;7;15;6;39;4;4;27;25;395
420419;224;22;14;11;7;5;2;2;9;13;9;5;72;395
420420;67245;2835;3160;3571;3026;3251;3220;3246;2964;3232;3513;2882;4626;106771
420425;4565;165;149;179;143;147;157;156;165;141;130;199;247;6543
420430;25829;809;929;979;844;970;970;906;955;945;1057;1055;1407;37655
420435;1298;67;47;62;64;36;68;35;50;62;53;44;65;1951
420440;1773;72;70;86;49;50;57;59;60;53;66;65;110;2570
420445;208;7;10;10;9;6;4;5;6;4;5;2;18;294
420450;4209;144;197;223;228;175;178;175;184;231;171;144;241;6500
420455;2754;251;158;160;136;172;106;135;116;154;88;122;257;4609
420460;59631;2615;2641;3122;2521;2744;2575;2839;2549;2872;2718;2656;4010;93493
420470;1965;68;64;77;51;64;63;49;54;50;55;46;116;2722
420475;198;1;3;2;7;7;4;7;3;5;5;5;9;256
420480;7748;385;348;384;319;353;313;389;321;360;317;281;569;12087
420490;1011;21;36;33;37;47;27;21;21;34;31;30;58;1407
420500;1555;40;55;57;47;39;46;25;48;38;42;48;47;2087
420510;889;28;33;44;41;36;49;34;49;37;37;32;42;1351
420515;913;28;32;42;48;56;27;32;41;41;28;40;50;1378
420517;254;10;12;4;2;2;1;6;7;7;12;15;13;345
420519;239;6;9;13;10;4;11;7;4;8;51;4;17;383
420520;744;31;27;34;34;26;21;15;38;21;21;35;42;1089
420530;3531;88;100;108;119;121;114;91;108;93;94;95;90;4752
420535;159;2;2;6;2;3;2;5;3;4;4;0;17;209
420540;254222;8610;9784;10809;9538;8900;8727;9898;9095;8757;9002;9213;26432;382987
420543;199;4;3;6;5;4;2;3;3;4;3;4;23;263
420545;6928;257;221;319;243;276;291;285;318;241;250;248;316;10193
420550;8937;687;1590;3279;1042;1222;450;1073;496;449;507;551;1279;21562
420555;275;14;7;6;14;8;13;6;5;4;15;3;16;386
420560;396;11;14;10;7;3;11;14;6;4;10;13;21;520
420570;3639;222;597;343;233;169;159;130;137;141;137;124;257;6288
420580;3414;137;217;150;145;187;153;137;133;262;159;152;158;5404
420590;20331;1016;1448;1189;1264;1085;1075;1165;1047;1048;968;873;1231;33740
420600;1615;51;112;73;58;44;79;65;53;69;35;107;191;2552
420610;1250;35;47;44;43;39;49;44;45;49;132;55;67;1899
420620;2563;120;148;224;125;130;115;116;102;101;105;124;186;4159
420630;5604;213;190;253;190;185;187;200;180;220;203;179;178;7982
420640;1741;46;60;60;48;53;53;44;45;44;47;43;80;2364
420650;11343;519;717;675;602;681;590;612;619;1124;620;664;718;19484
420660;746;31;25;47;33;34;29;100;24;36;20;25;64;1214
420665;2096;106;88;84;76;128;107;101;104;123;113;94;159;3379
420670;4390;136;197;227;138;142;176;168;162;194;192;160;263;6545
420675;186;3;2;4;0;0;3;2;3;6;1;4;16;230
420680;491;10;30;19;15;14;22;16;21;8;11;20;20;697
420690;6046;318;313;342;331;294;225;259;243;219;288;231;279;9388
420700;13943;573;673;765;547;597;646;594;646;665;601;592;973;21815
420710;2911;118;159;209;128;158;139;121;166;139;143;119;266;4776
420720;900;30;34;40;32;25;20;79;28;18;20;18;69;1313
420730;6809;273;364;347;330;225;239;270;249;218;258;296;398;10276
420740;677;44;26;42;61;72;70;14;21;15;20;11;52;1125
420750;22379;1104;1305;1312;1340;1349;1335;1208;1508;1368;1148;1198;1411;37965
420757;570;31;28;20;36;20;16;13;22;25;21;11;46;859
420760;384;5;10;14;6;6;9;9;9;5;5;10;24;496
420765;1265;36;42;53;45;56;31;47;44;48;44;47;86;1844
420768;501;26;18;27;33;22;25;14;16;18;17;61;96;874
420770;2622;93;114;123;106;108;137;150;128;131;123;126;185;4146
420775;365;6;6;11;10;17;12;18;12;14;12;14;34;531
420780;1356;44;71;97;69;73;70;81;102;55;91;70;100;2279
420785;253;8;11;13;4;17;7;6;15;9;6;8;20;377
420790;852;51;33;32;31;47;16;31;33;33;20;27;49;1255
420800;1790;80;81;83;65;44;49;61;50;69;54;84;199;2709
420810;3238;152;189;148;133;153;146;156;144;137;125;177;284;5182
420820;71751;3669;4598;5074;4220;4752;4158;4508;4320;4138;4248;4823;5797;126056
420830;11199;752;850;882;486;524;473;684;546;595;547;709;706;18953
420840;6505;187;206;253;206;219;229;202;194;190;225;199;241;9056
420845;1928;96;121;149;102;104;130;128;102;111;125;140;249;3485
420850;5078;279;303;306;266;235;248;194;261;246;248;243;369;8276
420860;666;27;36;28;38;25;37;24;37;20;24;21;18;1001
420870;1723;31;51;55;53;46;43;57;34;49;39;42;150;2373
420880;3005;122;211;165;143;159;117;121;121;115;148;117;256;4800
420890;68164;2281;3316;3171;2830;3144;2772;2998;2861;2766;2872;2555;2992;102722
420895;154;7;8;5;6;4;4;6;2;3;0;4;5;208
420900;15526;672;825;886;1218;736;684;708;711;737;737;691;859;24990
420910;184239;8728;9007;10137;9494;10552;9241;10197;9945;9155;8970;9407;9589;298661
420915;743;53;54;38;38;35;33;52;36;37;39;44;78;1280
420917;192;6;3;11;3;6;20;18;16;1;3;4;32;315
420920;402;12;15;20;12;7;10;7;7;15;7;15;27;556
420930;37921;1671;2347;2030;1622;1833;1745;1636;1718;1820;1713;1619;2927;60602
420940;6764;365;530;413;327;364;270;318;290;284;250;544;692;11411
420945;255;12;7;4;5;10;4;6;8;7;7;5;25;355
420950;1645;60;59;82;63;71;66;66;61;72;67;47;66;2425
420960;2651;54;88;121;73;136;103;87;106;110;100;85;140;3854
420970;1766;114;203;352;246;109;65;141;55;69;60;66;207;3453
420980;353;14;20;9;11;28;15;6;11;9;3;0;28;507
420985;1118;33;48;53;48;45;73;63;62;48;56;45;50;1742
420990;2372;145;151;197;125;179;137;141;153;189;137;146;169;4241
421000;3792;133;149;188;186;190;172;168;184;164;171;137;214;5848
421003;1404;41;59;47;32;27;33;31;34;57;46;48;78;1937
421005;191;14;13;36;23;5;5;7;10;3;5;3;2;317
421010;11296;554;552;575;498;469;558;616;546;439;429;399;620;17551
421020;518;18;10;39;41;72;20;19;18;30;27;20;20;852
421030;661;26;27;41;39;18;15;12;14;19;28;17;112;1029
421040;1426;73;76;109;74;109;116;111;89;89;100;81;165;2618
421050;7422;255;306;384;279;312;347;291;269;317;290;223;529;11224
421055;229;2;10;9;3;4;5;3;7;4;3;1;10;290
421060;4903;212;249;270;196;225;182;233;227;213;186;206;310;7612
421070;556;23;35;28;14;10;21;16;23;14;40;31;36;847
421080;1203;41;47;41;60;50;50;62;51;45;37;51;71;1809
421085;474;17;25;15;16;15;19;8;9;24;14;8;33;677
421090;893;55;40;65;43;29;40;50;36;54;57;58;53;1473
421100;2204;54;62;50;47;59;78;91;84;65;70;78;134;3076
421105;2055;137;213;692;115;426;70;153;60;73;76;99;347;4516
421110;990;83;38;119;45;43;35;36;30;31;32;29;82;1593
421120;5703;213;258;323;214;242;259;277;257;246;253;219;384;8848
421125;1865;64;57;70;80;167;141;205;214;201;217;193;188;3662
421130;12913;812;773;979;716;712;856;689;819;713;774;898;1470;23124
421140;1100;54;52;58;42;45;83;55;41;51;43;40;47;1711
421145;484;18;24;24;6;26;14;18;11;19;12;13;20;689
421150;4631;252;349;423;282;312;355;345;422;422;331;526;437;9087
421160;6584;433;418;435;451;334;356;365;398;500;405;403;433;11515
421165;178;12;3;10;7;3;3;5;2;5;8;5;13;254
421170;6690;312;249;282;315;232;208;257;210;236;225;215;275;9706
421175;4282;137;182;170;182;182;178;211;169;445;296;181;458;7073
421180;900;31;32;33;35;28;22;24;25;26;32;51;107;1346
421185;316;5;28;13;18;17;14;3;4;6;6;8;5;443
421187;133;3;3;1;5;4;2;2;0;2;4;3;12;174
421189;266;13;5;5;16;6;13;8;16;12;5;12;6;383
421190;30018;1561;1683;1974;1572;1778;1748;1658;1665;1847;1997;1839;2512;51852
421200;1399;30;58;50;51;46;38;35;41;31;35;40;63;1917
421205;492;14;10;11;14;9;13;6;16;13;20;20;49;687
421210;2743;114;89;108;101;86;101;112;91;95;69;120;221;4050
421220;2622;166;101;98;137;114;118;113;94;82;87;128;231;4091
421223;311;9;8;8;10;11;5;16;13;8;4;5;23;431
421225;649;27;79;79;81;44;50;43;68;45;43;57;70;1335
421227;645;24;29;39;119;26;25;14;23;43;24;34;92;1137
421230;1486;56;65;84;80;59;80;57;76;77;75;83;150;2428
421240;792;19;36;21;19;35;29;32;16;23;20;35;46;1123
421250;4696;275;496;364;287;265;214;302;273;254;299;307;379;8411
421260;443;13;18;12;8;15;12;12;11;7;9;6;32;598
421265;0;0;0;0;0;0;0;0;0;0;0;0;0;0
421270;877;25;43;36;31;62;34;37;32;25;21;26;41;1290
421280;3477;249;329;320;234;192;231;205;212;197;189;183;426;6444
421290;5086;176;235;297;225;211;282;221;238;219;240;192;334;7956
421300;862;47;46;53;40;29;30;30;34;29;35;36;41;1312
421310;1350;49;49;106;48;54;51;40;41;49;40;53;159;2089
421315;342;8;22;13;13;6;8;5;9;11;11;11;25;484
421320;12464;499;573;560;747;473;498;750;471;491;573;412;488;18999
421330;716;35;28;36;17;17;37;26;19;30;22;24;42;1049
421335;717;35;35;31;28;36;50;24;47;29;24;33;41;1130
421340;1982;113;141;106;108;94;106;128;117;129;98;95;174;3391
421350;3725;351;277;302;262;216;181;234;182;244;182;210;429;6795
421360;5036;223;208;260;223;210;226;217;225;215;190;194;311;7738
421370;3632;156;211;231;175;187;208;196;161;229;171;195;260;6012
421380;1303;34;34;42;46;38;58;53;29;31;41;39;44;1792
421390;159;3;6;0;4;1;2;7;3;4;4;2;19;214
421400;5007;245;249;266;293;249;239;247;238;206;216;206;251;7912
421410;329;9;12;2;7;15;7;3;15;7;4;5;6;421
421415;410;8;14;17;14;8;15;11;6;13;9;14;19;558
421420;2539;132;109;92;92;88;89;82;74;59;57;75;133;3621
421430;454;16;14;11;13;16;14;21;19;23;17;15;24;657
421440;1147;59;165;325;115;57;42;48;49;51;59;75;241;2433
421450;922;46;46;39;29;26;39;32;24;39;33;25;47;1347
421460;1222;36;69;73;56;52;48;46;50;59;104;55;71;1941
421470;2916;118;165;159;127;137;114;176;125;118;106;110;129;4500
421480;28511;1001;1480;1444;1305;1355;1306;1457;1309;1401;1495;1224;1465;44753
421490;818;22;18;34;16;24;11;18;13;13;24;12;42;1065
421500;10905;625;605;593;664;625;603;683;530;625;532;538;449;17977
421505;298;4;32;16;3;2;2;5;9;3;5;4;38;421
421507;539;17;19;32;17;17;30;11;15;21;17;23;46;804
421510;3315;93;172;185;147;133;125;137;134;141;173;102;162;5019
421520;387;6;9;12;8;8;11;14;11;25;9;7;52;559
421530;1871;52;68;63;91;79;72;92;86;118;65;49;83;2789
421535;280;4;8;9;15;7;12;12;16;8;7;9;33;420
421540;1476;45;55;100;54;47;38;42;59;44;55;57;59;2131
421545;3876;655;224;210;191;215;235;271;279;284;281;237;304;7262
421550;4252;221;260;231;287;307;181;226;255;203;179;182;394;7178
421555;294;1;4;5;3;8;7;5;2;3;5;8;12;357
421560;289;3;1;5;12;12;2;2;2;4;7;4;24;367
421565;994;29;27;47;35;26;29;32;40;36;18;35;74;1422
421567;512;16;11;16;14;9;16;16;17;12;8;10;62;719
421568;159;18;2;2;3;3;27;13;1;4;4;1;30;267
421569;162;0;2;3;1;3;1;6;0;0;1;4;9;192
421570;4704;248;244;245;163;226;253;256;197;257;213;329;286;7621
421575;194;4;1;7;1;5;5;4;4;3;3;6;23;260
421580;26696;1176;1210;1266;1310;1299;1216;1391;2264;1216;1364;1411;1525;43344
421590;404;7;3;8;10;5;8;5;4;9;8;4;15;490
421600;2180;112;130;115;85;97;106;90;87;73;124;59;122;3380
421605;1046;40;45;72;49;50;80;68;69;55;63;56;86;1779
421610;1746;58;95;97;80;62;118;111;84;88;88;79;117;2823
421620;9937;315;392;402;284;309;323;331;318;287;310;298;572;14078
421625;795;11;26;12;21;16;12;25;22;22;18;16;53;1049
421630;8872;440;673;651;544;437;590;550;586;602;536;505;1097;16083
421635;604;35;45;41;24;32;24;32;25;33;24;21;51;991
421640;539;15;15;22;20;21;15;24;17;25;15;16;156;900
421650;5858;280;479;775;875;878;775;332;258;342;352;405;972;12581
421660;83075;3786;4403;9380;4912;4429;4580;4708;4317;5317;4397;4648;8569;146521
421670;2794;82;118;127;89;99;74;90;101;108;102;87;137;4008
421680;655;10;17;22;9;13;24;29;18;21;28;20;78;944
421690;7571;249;289;322;274;296;247;257;274;254;254;217;392;10896
421700;3624;121;124;146;139;117;123;168;155;134;162;100;155;5268
421710;573;16;24;16;20;17;20;16;9;17;10;4;24;766
421715;128;8;1;3;0;0;3;2;4;2;1;1;11;164
421720;10532;331;400;475;417;356;367;370;359;361;349;340;483;15140
421725;805;37;44;26;45;31;33;45;48;38;29;29;107;1317
421730;2690;114;118;161;87;99;73;78;81;60;57;84;166;3868
421740;3789;124;211;182;166;173;128;175;172;170;167;152;192;5801
421750;5893;256;257;307;275;352;265;294;213;232;246;238;303;9131
421755;640;18;32;38;25;25;17;14;13;17;16;24;69;948
421760;3747;202;158;164;170;152;122;156;138;138;139;148;157;5591
421770;6406;286;278;425;282;302;301;332;267;316;318;321;505;10339
421775;322;17;6;8;7;6;4;7;8;6;6;7;17;421
421780;4584;156;233;217;153;168;186;225;242;223;184;183;282;7036
421790;1958;70;77;83;61;63;67;56;81;84;66;66;109;2841
421795;153;3;0;7;2;4;0;2;3;1;0;7;14;196
421800;9169;485;402;561;415;406;397;515;427;444;374;411;1054;15060
421810;626;24;122;25;20;29;22;27;14;25;31;16;66;1047
421820;15952;671;847;802;746;778;757;773;748;739;708;667;935;25123
421825;1275;40;25;47;41;62;59;52;54;63;62;77;40;1897
421830;3958;114;150;153;128;123;127;103;112;137;94;151;320;5670
421835;1541;27;35;32;32;47;30;28;42;23;16;28;82;1963
421840;1523;49;78;102;54;56;58;63;75;80;54;54;68;2314
421850;2073;82;65;106;77;100;81;80;78;88;74;68;123;3095
421860;2057;70;86;71;92;72;66;76;80;82;68;76;112;3008
421870;36492;1661;1724;1832;1616;1530;1434;1809;1887;1638;1613;1548;2223;57007
421875;512;15;12;11;14;26;25;18;16;20;14;11;47;741
421880;3786;161;170;201;201;174;141;167;161;159;145;139;247;5852
421885;250;6;15;18;14;7;3;2;9;9;7;6;13;359
421890;1358;36;42;67;46;48;94;50;77;58;52;66;171;2165
421895;327;7;33;52;67;24;11;9;11;7;11;13;88;660
421900;6187;211;220;281;265;315;383;262;249;272;251;262;424;9582
421910;906;54;61;56;51;49;37;35;44;46;39;38;67;1483
421915;308;12;27;11;9;12;4;11;9;10;6;6;18;443
421917;1654;37;32;43;42;60;31;51;43;30;37;39;41;2140
421920;755;28;52;36;35;39;25;47;37;79;24;44;86;1287
421930;19270;749;785;917;831;834;852;917;816;828;833;781;1199;29612
421935;770;18;43;40;33;33;24;27;32;34;24;17;38;1133
421940;859;33;54;40;183;48;41;35;67;32;29;38;76;1535
421950;12795;559;574;672;499;602;550;586;521;708;570;593;719;19948
421960;406;13;8;39;31;14;16;19;16;12;17;17;18;626
421970;8379;405;475;544;445;411;445;493;442;483;436;399;681;14038
421985;245;9;6;11;5;8;13;9;6;5;7;11;71;406
422000;0;0;0;0;0;0;0;0;0;0;0;0;0;0
429999;0;0;0;0;0;0;0;0;0;0;0;0;0;0
430003;774;16;7;16;31;19;20;16;8;24;11;10;17;969
430005;466;6;10;15;20;12;8;10;12;10;7;15;55;646
430010;2073;66;77;86;70;69;48;75;89;86;64;64;96;2963
430020;1009;19;27;31;41;41;38;38;51;26;23;56;60;1460
430030;484;7;18;15;15;2;8;15;16;12;7;17;20;636
430040;12889;397;412;513;537;638;445;426;436;322;360;364;520;18259
430045;346;4;4;9;10;7;5;16;7;2;10;18;9;447
430047;312;12;10;8;13;12;9;9;9;6;5;8;25;438
430050;575;12;12;13;11;13;14;10;20;12;17;16;16;741
430055;208;1;2;7;20;3;3;3;1;1;2;5;23;279
430057;525;6;10;11;6;8;15;17;17;6;20;11;10;662
430060;16263;657;828;815;916;673;1195;675;1016;744;999;1133;834;26748
430063;394;12;6;7;10;5;6;8;3;5;3;1;48;508
430064;610;24;27;29;19;15;13;15;16;16;31;24;44;883
430066;245;8;8;8;4;12;7;10;5;7;7;14;5;340
430070;1007;16;23;37;40;36;24;50;38;28;39;31;32;1401
430080;3080;130;137;258;104;120;112;142;134;149;102;107;116;4691
430085;625;17;16;31;31;43;39;33;44;25;7;19;35;965
430087;1577;59;74;100;60;76;74;90;61;77;93;51;107;2499
430090;988;22;35;29;40;27;31;31;35;31;31;35;52;1387
430100;5929;179;192;245;230;268;256;578;244;218;215;221;282;9057
430105;1507;92;409;134;113;57;61;41;41;38;27;64;134;2718
430107;265;19;6;11;6;10;7;12;10;18;13;6;15;398
430110;1902;45;56;97;99;73;60;77;82;97;62;79;119;2848
430120;1537;88;43;38;52;36;38;52;189;53;39;53;56;2274
430130;2633;104;94;133;178;199;173;83;106;90;87;96;100;4076
430140;1140;26;27;35;41;33;49;28;44;34;31;36;41;1565
430150;929;32;49;38;94;57;45;27;50;33;41;59;49;1503
430155;355;8;4;4;10;7;10;9;9;5;9;5;11;446
430160;19205;498;495;608;591;541;697;564;691;505;501;525;752;26173
430163;1149;71;75;92;46;77;52;41;25;36;47;25;85;1821
430165;1709;39;83;66;63;52;57;66;59;60;63;43;47;2407
430170;980;44;39;63;22;32;32;27;22;34;29;16;32;1372
430175;361;10;6;7;7;5;16;9;11;16;4;10;16;478
430180;619;16;19;23;14;18;20;22;21;27;15;21;45;880
430185;199;5;1;10;2;1;9;3;3;2;2;7;30;274
430187;524;39;11;15;9;16;13;13;11;14;18;9;17;709
430190;2228;50;82;63;89;89;73;95;144;77;51;65;82;3188
430192;133;0;2;2;2;5;5;4;6;0;1;2;4;166
430195;1109;28;28;27;39;37;31;28;46;26;40;41;57;1537
430200;800;52;12;39;24;41;64;62;55;29;19;14;17;1228
430205;145;1;5;1;2;0;3;2;3;0;2;6;3;173
430210;39791;1812;1604;2061;1556;1650;1654;1653;1683;1663;1611;1558;1627;59923
430215;342;11;13;13;12;11;16;6;11;9;3;9;12;468
430220;1664;86;100;106;153;61;62;74;55;44;44;50;64;2563
430222;283;6;6;7;9;21;14;8;4;4;1;6;22;391
430223;337;6;10;13;27;26;13;5;5;2;1;23;8;476
430225;315;5;6;9;4;16;5;21;6;5;2;14;11;419
430230;2029;127;149;325;373;464;132;190;132;129;125;136;314;4625
430235;3932;183;176;212;177;536;185;227;150;167;165;164;340;6614
430237;300;8;31;15;5;13;4;10;7;4;16;3;45;461
430240;3422;118;181;198;133;122;147;163;140;115;113;108;149;5109
430245;545;14;17;10;14;14;10;20;9;12;5;23;17;710
430250;824;50;16;22;18;33;16;52;14;23;41;22;32;1163
430258;164;3;4;1;5;2;3;5;4;2;2;1;5;201
430260;391;24;22;37;33;37;22;28;45;48;57;50;59;853
430265;822;28;38;43;32;39;24;39;48;30;28;32;36;1239
430270;3522;111;157;156;140;169;146;164;175;149;117;125;201;5332
430280;5882;161;127;154;130;160;139;116;147;122;139;127;145;7549
430290;1418;28;17;36;19;32;40;44;47;28;48;42;52;1851
430300;13984;445;346;514;386;526;662;516;496;452;416;460;569;19772
430310;39424;2016;1987;3289;2414;2414;2539;2484;2372;2473;2378;2350;2847;68987
430320;267;3;3;1;9;5;2;3;3;2;3;1;6;308
430330;744;9;30;22;13;24;13;14;11;11;15;22;25;953
430340;346;10;5;10;11;4;5;7;6;7;7;7;19;444
430350;10785;302;322;373;392;387;408;361;347;368;340;298;413;15096
430355;362;4;4;15;9;8;12;10;10;8;13;9;22;486
430360;1719;74;67;106;38;68;76;52;54;36;57;50;47;2444
430367;462;10;53;88;22;25;23;13;16;20;7;21;50;810
430370;608;15;13;18;24;16;6;13;10;12;7;28;18;788
430380;832;18;14;22;14;14;17;20;17;18;7;19;25;1037
430390;22255;746;979;1171;1196;1137;952;929;1190;1084;1048;1190;1008;34885
430400;879;13;14;18;25;18;28;19;15;26;36;34;37;1162
430410;382;17;10;10;7;22;10;10;4;13;10;9;33;537
430420;3768;106;89;104;242;102;153;115;102;134;104;133;114;5266
430430;750;17;17;27;25;28;15;14;10;20;15;39;18;995
430435;2754;117;183;231;194;323;153;121;151;209;168;340;376;5320
430440;7768;340;338;354;280;329;380;508;400;305;343;322;298;11965
430450;4431;124;125;147;129;79;125;151;129;162;114;169;239;6124
430460;85640;2903;2768;3681;3491;3294;3742;3568;3543;3726;4043;4155;4228;128782
430461;140;2;3;3;6;2;5;5;0;1;2;3;6;178
430462;158;3;3;6;9;11;4;3;5;2;5;0;21;230
430463;10670;673;1487;900;578;490;525;501;508;493;488;588;741;18642
430465;339;4;9;11;28;22;8;8;5;7;31;19;9;500
430466;3745;129;152;542;184;242;218;152;211;189;206;276;235;6481
430467;1040;43;51;39;66;35;52;21;64;30;28;32;38;1539
430468;1151;25;31;28;45;22;59;49;48;49;49;35;100;1691
430469;485;26;11;46;27;24;21;27;27;22;24;23;29;792
430470;13606;471;498;608;564;594;565;709;568;641;570;529;682;20605
430471;793;58;73;70;48;70;104;35;89;63;55;41;54;1553
430480;10119;249;315;370;295;312;312;404;357;326;307;366;382;14114
430485;133;3;1;3;2;5;0;1;1;0;2;9;1;161
430490;2223;68;89;82;87;92;79;93;110;87;107;84;103;3304
430495;407;17;36;21;24;14;18;29;30;16;16;32;16;676
430500;1003;24;26;47;68;85;53;37;51;28;34;94;72;1622
430510;171472;6618;8092;10170;7943;7750;8349;8252;8261;7540;7968;8132;8542;269089
430511;214;0;3;2;3;0;0;2;4;6;0;3;2;239
430512;506;21;16;17;19;9;14;10;11;12;7;8;11;661
430513;337;12;6;6;3;10;7;8;7;4;7;3;55;465
430515;202;0;1;4;2;3;3;1;3;3;1;2;12;237
430517;746;8;15;19;12;18;20;21;24;29;10;27;51;1000
430520;3208;180;170;120;163;185;215;173;134;157;271;148;234;5358
430530;1758;74;42;55;61;61;74;89;84;36;63;49;66;2512
430535;6475;257;322;257;174;189;240;225;305;297;317;248;439;9745
430537;218;5;9;5;10;3;6;6;5;4;10;4;21;306
430540;572;15;14;15;16;20;16;12;10;12;8;7;40;757
430543;920;38;88;48;29;29;24;25;21;31;32;38;35;1358
430544;222;7;3;6;10;8;3;11;9;5;8;4;11;307
430545;1659;109;141;232;62;70;79;43;57;48;47;62;68;2677
430550;507;9;27;21;14;26;10;22;21;10;9;20;12;708
430558;320;3;5;10;4;4;8;8;7;5;5;10;12;401
430560;472;12;1;4;17;27;6;3;13;3;13;48;16;635
430570;1505;49;35;63;75;54;50;64;49;44;100;60;96;2244
430580;1447;33;49;55;44;46;42;53;46;53;43;39;90;2040
430583;94;1;0;2;4;2;2;4;3;0;0;0;0;112
430585;202;9;3;17;21;18;16;2;11;5;5;6;24;339
430587;273;3;9;11;7;7;6;4;6;5;9;5;26;371
430590;727;22;19;27;19;27;16;15;11;12;8;13;17;933
430593;120;4;1;1;2;1;2;1;1;0;2;5;3;143
430595;684;23;25;28;14;10;16;23;19;13;15;18;31;919
430597;469;26;20;24;17;32;15;7;9;13;11;7;8;658
430600;2273;84;71;82;71;96;104;73;63;77;94;98;95;3281
430605;1547;71;49;95;87;85;86;79;64;50;72;93;77;2455
430607;218;2;0;4;1;2;0;4;6;0;2;1;4;244
430610;11953;1518;559;467;393;469;334;380;426;338;354;344;589;18124
430613;159;1;3;1;1;1;0;1;2;2;3;1;4;179
430620;2086;73;115;156;66;73;64;77;58;71;86;50;75;3050
430630;604;14;18;16;9;16;12;16;19;16;12;9;21;782
430632;192;4;6;9;5;5;2;9;3;1;2;6;55;299
430635;177;4;8;5;2;1;5;14;4;1;3;16;2;242
430637;302;10;7;3;5;10;6;5;8;3;9;10;6;384
430640;12205;387;518;713;576;577;798;523;513;449;425;413;448;18545
430642;309;2;5;18;3;6;21;5;5;19;3;17;26;439
430645;389;13;15;19;10;15;5;11;7;16;13;12;18;543
430650;807;17;29;71;17;33;25;20;12;49;20;18;51;1169
430655;611;53;61;60;56;63;53;39;43;45;78;54;60;1276
430660;6639;222;267;251;384;418;366;277;234;218;218;221;367;10082
430670;305;25;3;25;5;8;14;7;11;7;3;2;8;423
430673;502;12;9;16;13;27;14;8;9;9;10;11;15;655
430675;325;17;7;13;8;16;11;9;9;7;10;5;12;449
430676;12676;412;399;425;401;985;391;474;582;650;493;425;519;18832
430680;6478;263;269;384;272;345;292;278;292;275;288;303;360;10099
430690;3247;106;242;156;116;95;116;139;106;149;141;102;222;4937
430692;191;4;1;1;2;2;2;4;4;1;4;1;9;226
430693;986;30;32;34;25;51;37;82;30;24;32;41;33;1437
430695;398;6;8;7;6;15;3;5;8;3;5;7;27;498
430697;370;23;9;22;6;9;6;12;9;10;19;17;36;548
430700;38443;1593;1805;1764;1614;1741;1802;1799;1906;1866;1741;1876;2109;60059
430705;455;21;16;16;30;16;20;10;11;6;27;12;28;668
430710;741;19;23;12;21;13;18;43;19;16;17;15;20;977
430720;503;7;11;16;5;16;8;7;7;11;12;14;36;653
430730;745;36;32;31;17;19;12;9;24;14;16;16;36;1007
430740;443;9;11;19;10;19;17;20;28;9;13;12;21;631
430745;213;25;1;4;3;5;2;4;3;1;5;3;7;276
430750;2676;155;71;155;148;112;62;70;63;67;84;97;158;3918
430755;1458;85;81;50;62;66;40;43;51;43;62;58;52;2151
430760;12493;409;649;665;506;570;534;697;955;602;620;590;595;19885
430770;20258;909;932;1209;1034;1105;1134;947;1439;1095;1110;1480;1424;34076
430780;10250;372;388;466;405;424;393;439;401;514;407;475;533;15467
430781;330;4;1;6;2;16;3;1;3;5;4;4;25;404
430783;402;4;9;13;19;29;19;28;30;23;26;48;44;694
430786;505;16;19;18;15;9;10;12;22;10;12;8;27;683
430790;24408;770;1010;1257;1022;1062;1052;1675;1102;1062;1077;1104;1193;37794
430800;1067;30;28;40;25;37;39;35;32;35;25;41;42;1476
430805;192;4;4;19;4;2;2;4;3;10;4;4;2;254
430807;761;40;46;51;34;36;24;35;35;297;37;30;35;1461
430810;3455;129;133;162;142;126;125;132;112;117;109;96;100;4938
430820;8364;292;416;494;331;289;307;402;317;339;309;305;400;12565
430825;172;4;1;3;7;7;2;3;2;2;11;0;11;225
430830;1253;36;44;44;42;43;31;39;46;37;40;51;40;1746
430840;679;8;9;19;26;34;29;15;22;16;10;10;20;897
430843;253;2;15;5;11;13;19;11;5;11;10;9;24;388
430845;724;29;28;21;32;49;28;21;24;23;14;13;57;1063
430850;7322;330;227;320;238;222;299;276;270;286;251;261;350;10652
430860;13274;747;719;976;757;695;731;791;789;698;821;765;852;22615
430865;322;9;4;10;7;10;7;2;9;6;4;5;16;411
430870;1016;27;25;28;33;24;21;28;27;29;24;22;24;1328
430880;776;50;16;27;33;23;46;38;42;61;38;23;68;1241
430885;292;9;9;10;5;11;7;2;9;4;7;5;10;380
430890;3470;85;88;104;116;117;83;99;122;92;96;147;161;4780
430900;2833;75;70;165;118;119;107;81;90;91;94;146;168;4157
430905;5205;282;288;308;371;254;378;306;260;320;309;304;381;8966
430910;14298;1056;961;1256;1083;1168;1031;1143;1218;959;919;984;1102;27178
430912;176;2;2;9;3;1;11;17;2;2;0;2;19;246
430915;239;7;2;0;6;4;4;2;13;2;0;2;37;318
430920;48622;1714;2095;2291;1867;1944;1927;1882;2016;1841;2031;1884;2831;72945
430925;245;2;7;4;6;6;5;11;5;11;7;4;10;323
430930;13574;715;547;759;719;570;687;604;930;728;552;713;572;21670
430940;7607;239;363;412;323;343;342;403;323;306;370;254;359;11644
430950;1077;25;24;24;20;34;25;26;44;26;23;27;49;1424
430955;953;21;14;27;18;16;17;23;28;34;32;34;67;1284
430957;187;0;9;3;4;7;12;6;3;6;8;12;32;289
430960;6062;141;145;125;192;194;172;162;158;186;166;130;180;8013
430965;1705;47;42;54;35;53;27;40;27;54;37;25;127;2273
430970;1003;67;45;47;52;32;45;38;38;25;39;53;84;1568
430975;260;8;6;10;6;9;5;9;8;6;12;4;49;392
430980;614;25;7;14;15;12;10;19;19;12;10;26;14;797
430990;929;44;16;23;21;11;20;24;14;15;13;15;24;1169
430995;359;18;8;24;21;18;17;10;5;10;10;9;63;572
431000;4548;159;165;177;195;138;144;159;152;146;157;176;195;6511
431010;13015;439;700;840;712;760;617;700;756;710;717;673;810;21449
431020;18574;605;635;820;625;677;728;661;637;608;631;732;872;26805
431030;510;9;17;16;12;12;20;11;10;17;10;24;16;684
431033;3337;184;555;411;137;150;121;120;101;105;192;149;197;5759
431036;852;7;21;15;17;18;34;55;22;22;12;11;26;1112
431040;830;38;15;26;27;36;22;39;24;24;30;34;24;1169
431041;264;3;12;4;5;9;6;4;4;1;6;2;9;329
431043;1110;57;65;67;45;45;55;28;36;57;46;45;67;1723
431046;244;8;4;9;5;4;5;3;15;5;15;3;8;328
431050;729;49;25;50;26;27;25;20;25;18;20;22;42;1078
431053;670;30;28;29;17;16;29;22;29;17;7;12;36;942
431055;356;6;3;7;10;7;6;9;7;13;22;11;7;464
431057;118;1;1;4;5;4;1;3;3;0;2;0;14;156
431060;6922;190;186;293;247;425;261;243;191;172;200;205;258;9793
431065;209;19;20;17;5;48;14;8;6;16;9;16;22;409
431070;415;3;12;5;5;5;8;4;6;3;8;6;6;486
431075;201;3;2;3;4;2;3;3;4;2;1;2;0;230
431080;6689;159;246;237;226;233;237;231;219;237;305;313;408;9740
431085;297;3;12;7;7;6;4;5;4;8;3;4;4;364
431087;233;3;3;17;7;19;4;25;8;3;2;5;21;350
431090;537;47;17;17;20;24;12;20;13;18;24;8;28;785
431100;3436;100;71;79;170;108;110;81;115;125;91;83;138;4707
431110;1260;18;39;33;41;25;30;35;35;33;15;30;39;1633
431112;602;24;18;21;17;17;26;16;20;16;34;30;33;874
431113;314;8;7;9;7;34;7;11;5;9;6;3;6;426
431115;697;24;23;67;48;74;64;25;20;18;24;26;116;1226
431120;2791;118;92;113;117;159;86;66;156;104;85;80;168;4135
431123;110;3;11;1;2;1;0;6;2;6;2;8;15;167
431125;355;2;2;2;4;5;1;19;2;0;3;3;23;421
431127;230;7;3;8;22;3;3;6;7;10;0;20;13;332
431130;5025;177;237;284;162;217;229;281;232;254;256;221;280;7855
431140;30679;1063;1281;1457;1326;1306;1312;1290;1345;1364;1316;1198;1477;46414
431142;195;1;2;8;6;7;3;5;6;3;4;0;18;258
431150;1090;41;17;30;24;46;58;39;25;39;33;23;35;1500
431160;363;15;5;26;13;9;17;12;12;12;11;17;34;546
431162;1870;105;103;205;159;126;67;82;88;78;100;78;246;3307
431164;242;19;6;7;10;6;1;9;5;10;2;3;8;328
431170;418;16;10;14;6;31;16;11;10;11;12;4;15;574
431171;459;11;12;13;15;60;23;9;12;12;5;13;72;716
431173;117;4;1;1;3;0;2;0;2;5;1;3;25;164
431175;767;30;15;32;34;30;37;32;20;15;20;16;35;1083
431177;626;15;20;32;19;19;18;17;20;15;24;23;34;882
431179;674;22;30;36;32;35;23;32;33;22;33;30;24;1026
431180;15014;633;734;790;679;686;674;720;718;662;723;686;885;23604
431190;659;19;26;36;27;31;25;21;25;21;16;30;23;959
431198;295;7;8;4;13;10;6;8;5;11;5;1;71;444
431200;268;5;5;4;4;1;6;6;5;3;4;2;11;324
431205;578;19;15;36;28;12;13;15;25;15;23;19;26;824
431210;430;6;10;14;3;8;5;15;13;10;3;12;5;534
431213;290;6;7;10;17;13;10;9;2;2;8;8;19;401
431215;1480;83;78;102;77;92;421;414;156;81;61;75;89;3209
431217;131;0;3;2;5;7;3;3;1;1;2;3;12;173
431220;541;19;15;20;18;15;37;12;13;14;9;12;11;736
431225;1052;44;39;43;41;89;57;35;50;46;53;52;53;1654
431230;730;31;35;36;36;43;16;20;29;26;21;20;53;1096
431235;211;5;4;1;5;3;4;5;3;4;1;5;7;258
431237;328;13;21;51;19;65;16;14;4;9;7;8;86;641
431238;629;24;10;19;22;13;26;14;21;24;10;20;14;846
431240;16406;574;645;720;616;647;711;1049;687;654;654;700;986;25049
431242;289;9;15;14;7;0;8;5;14;2;3;6;36;408
431244;258;9;3;8;5;8;6;4;1;1;2;3;10;318
431245;1528;772;118;27;21;16;12;62;37;16;29;39;530;3207
431247;1906;54;70;77;91;62;72;84;79;52;58;66;95;2766
431250;2061;95;106;76;100;195;147;126;97;44;53;60;85;3245
431260;1770;55;92;91;80;75;75;70;78;100;76;54;106;2722
431261;579;19;81;31;14;28;30;16;9;14;33;61;39;954
431262;219;10;6;7;7;4;5;2;7;2;5;1;3;278
431265;5945;224;209;823;274;252;203;192;197;194;236;270;260;9279
431267;204;3;3;7;14;14;7;6;5;5;6;11;12;297
431270;1395;44;56;82;49;57;57;49;53;64;54;46;152;2158
431275;633;9;21;20;20;25;12;19;18;13;23;13;20;846
431280;2127;308;243;294;233;184;234;242;217;256;172;184;174;4868
431290;4412;185;199;206;165;359;279;206;249;232;242;230;235;7199
431295;238;3;3;7;2;5;4;1;4;5;2;3;4;281
431300;409;7;14;11;16;8;6;11;9;9;5;6;15;526
431301;592;15;12;18;6;15;15;12;8;10;3;7;20;733
431303;1473;39;33;40;38;40;33;42;35;22;33;33;27;1888
431306;7620;129;283;380;341;343;374;305;328;358;305;345;313;11424
431308;219;4;5;6;2;8;3;5;5;6;3;3;8;277
431310;985;29;43;37;30;33;30;28;32;29;35;23;38;1372
431320;6412;220;246;305;217;198;231;218;300;255;232;238;258;9330
431330;7392;247;241;343;313;287;269;323;295;283;275;230;323;10821
431333;215;5;10;6;7;4;7;4;9;4;2;4;19;296
431335;492;9;9;18;10;13;17;22;12;22;9;8;16;657
431337;6239;230;309;302;280;291;330;304;513;303;317;325;302;10045
431339;299;7;8;9;8;11;10;6;28;11;10;4;6;417
431340;79463;2867;3725;4134;3520;3974;3846;3931;4134;4052;4019;4095;4403;126163
431342;246;7;11;1;11;11;10;4;2;1;15;19;12;350
431344;163;3;16;6;3;2;3;8;24;4;2;5;3;242
431346;169;4;5;7;4;2;5;3;3;5;3;5;19;234
431349;345;4;7;15;11;8;2;11;11;9;10;11;25;469
431350;10063;399;475;509;428;368;401;458;461;390;519;490;558;15519
431360;468;9;14;10;8;7;9;11;1;12;9;7;19;584
431365;1920;42;71;100;81;122;58;32;64;45;50;54;52;2691
431370;5027;126;130;202;184;203;163;169;136;148;147;144;178;6957
431380;849;30;20;30;18;32;19;26;27;22;27;21;45;1166
431390;13188;486;498;513;511;471;423;490;413;456;399;482;483;18813
431395;1782;52;56;44;46;81;89;70;41;52;134;60;68;2575
431400;2137;66;62;118;64;79;64;89;90;51;48;51;69;2988
431402;519;23;19;24;17;22;12;11;64;16;15;18;11;771
431403;687;32;27;53;41;15;34;29;30;30;28;26;26;1058
431405;16826;557;815;1033;764;835;724;709;837;775;771;820;700;26166
431406;165;5;6;13;6;17;9;1;5;9;1;9;70;316
431407;570;19;22;28;15;29;19;39;22;29;23;20;37;872
431410;52806;2068;2032;2418;2338;2347;2117;2360;2209;2062;2113;2059;2245;79174
431413;317;8;16;7;15;13;2;11;25;8;3;13;16;454
431415;1264;54;60;54;67;61;80;85;132;77;58;91;76;2159
431417;367;15;6;6;7;3;5;3;8;8;7;9;6;450
431420;1051;25;27;32;34;37;56;55;46;38;50;60;45;1556
431430;666;16;11;19;21;19;18;21;11;18;19;19;47;905
431440;69643;3884;2299;2808;2613;2494;2642;2629;2464;2743;2650;2666;3860;103395
431442;3443;104;162;150;146;180;118;141;140;148;174;170;170;5246
431445;632;41;38;47;15;10;32;17;17;21;19;15;37;941
431446;218;2;13;10;4;14;9;6;15;18;10;15;26;360
431447;507;4;12;11;8;14;15;9;16;20;12;17;25;670
431449;398;8;6;10;12;2;7;10;9;13;10;12;34;531
431450;1740;88;31;62;47;53;33;52;68;181;48;56;175;2634
431453;0;0;0;0;0;0;0;0;0;0;0;0;0;0
431454;0;0;0;0;0;0;0;0;0;0;0;0;0;0
431455;243;4;12;5;11;19;11;6;13;2;1;6;4;337
431460;2600;40;47;62;82;67;128;78;65;53;47;62;117;3448
431470;1200;42;28;25;24;25;28;33;28;34;67;52;29;1615
431475;322;13;8;13;14;13;12;8;24;7;15;10;10;469
431477;374;13;6;14;11;20;7;9;9;5;8;2;21;499
431478;118;6;0;2;2;1;1;4;6;5;2;3;2;152
431480;7969;271;341;353;401;332;417;374;457;321;372;310;385;12303
431490;726098;23110;23620;31949;27193;26263;27534;27929;28565;26377;27548;27435;30831;1054452
431500;532;6;5;13;14;11;16;6;12;6;10;17;13;661
431505;192;5;1;4;3;6;5;4;2;7;2;13;8;252
431507;143;5;1;2;1;1;1;2;2;0;3;3;5;169
431510;1313;33;38;77;111;98;272;150;154;98;61;39;41;2485
431513;249;7;6;9;5;3;1;6;8;7;2;6;6;315
431514;793;27;19;33;24;21;27;28;17;26;38;26;29;1108
431515;522;11;16;11;6;4;12;12;4;27;9;14;23;671
431517;324;4;2;4;5;5;13;10;5;11;5;5;15;408
431520;471;9;12;17;15;23;8;11;12;10;15;18;6;627
431530;2385;54;56;114;100;88;75;76;60;70;64;67;120;3329
431531;212;4;5;3;7;4;4;2;18;5;7;5;2;278
431532;261;2;5;8;5;18;10;1;8;4;3;1;7;333
431535;474;18;6;18;19;21;7;20;9;9;9;8;18;636
431540;438;11;8;13;7;9;9;4;7;8;3;76;44;637
431545;203;3;1;4;5;3;5;5;6;5;4;4;10;258
431550;2057;64;57;75;48;64;72;70;54;53;60;52;76;2802
431555;235;1;3;5;3;2;1;2;3;1;3;2;18;279
431560;39859;1549;1507;1661;1531;1393;1705;1616;1439;1451;1692;1690;1742;58835
431570;4082;119;132;122;195;122;151;122;130;127;126;147;163;5738
431575;1729;51;73;105;79;67;74;42;69;50;56;62;59;2516
431580;3594;170;175;180;180;152;181;220;189;173;196;200;188;5798
431590;964;30;24;27;24;21;24;22;16;32;84;55;46;1369
431595;174;5;4;4;8;11;7;12;4;0;1;12;11;253
431600;6656;441;368;406;354;510;434;211;382;570;345;360;401;11438
431610;938;16;24;33;20;27;19;35;21;27;22;26;32;1240
431620;480;17;10;20;13;4;15;6;6;7;5;9;20;612
431630;638;16;37;15;26;27;6;16;23;19;13;17;28;881
431640;5983;208;159;236;217;277;301;264;207;209;223;191;256;8731
431642;203;1;10;9;8;7;10;6;7;2;14;19;27;323
431643;382;6;9;9;35;9;9;15;2;6;11;7;15;515
431645;1335;43;29;38;50;49;39;57;126;55;114;87;122;2144
431647;542;4;13;21;16;20;12;16;8;16;12;20;18;718
431650;2628;115;96;145;118;221;119;137;141;120;94;108;87;4129
431660;3162;87;71;78;78;91;88;80;84;86;128;101;124;4258
431670;1529;36;40;47;82;59;45;39;56;39;29;44;107;2152
431673;142;1;1;2;2;2;1;0;5;1;6;7;5;175
431675;2068;57;86;80;65;61;76;150;94;92;108;93;112;3142
431680;37070;1839;1459;1791;1649;2030;2924;3551;3604;3085;2534;2196;2685;66417
431690;59176;2059;2069;2588;2036;2004;2301;2268;2251;2414;2465;2179;2729;86539
431695;2221;60;69;149;55;213;62;74;54;115;83;55;42;3252
431697;366;11;1;4;14;10;10;14;7;4;7;4;12;464
431700;621;2;14;12;7;7;10;7;7;3;5;15;17;727
431710;11632;543;439;519;358;366;356;316;446;300;377;337;478;16467
431720;18620;645;791;1102;923;742;824;632;707;689;641;917;875;28108
431725;226;6;2;4;4;5;5;7;3;7;5;1;5;280
431730;5158;137;120;169;463;298;174;180;136;155;123;168;235;7516
431740;7029;342;242;249;221;221;276;310;255;239;192;253;279;10108
431750;16323;595;581;723;548;618;621;632;634;571;635;615;813;23909
431755;366;5;10;10;8;10;18;4;23;12;12;12;21;511
431760;8544;304;345;418;370;344;352;406;450;360;387;413;368;13061
431770;982;43;20;29;25;69;41;28;40;22;34;81;63;1477
431775;270;5;5;4;7;7;4;4;4;3;6;6;17;342
431780;2405;96;84;118;91;81;71;102;79;66;93;121;125;3532
431790;2730;209;70;94;102;93;98;76;75;86;69;101;78;3881
431795;195;0;1;2;2;7;3;6;1;0;3;3;16;239
431800;10096;253;282;400;345;391;369;339;293;291;303;333;520;14215
431805;761;24;23;20;17;28;28;20;27;29;37;43;67;1124
431810;1725;38;47;39;54;104;36;41;45;40;18;29;44;2260
431820;3300;138;169;204;193;184;326;231;149;139;145;131;272;5581
431830;8979;295;295;298;262;357;326;285;323;250;260;281;319;12530
431840;3778;86;101;135;100;110;104;112;136;107;130;109;134;5142
431842;507;21;12;17;7;9;8;14;10;3;5;14;12;639
431843;398;9;13;13;10;22;13;9;12;12;13;8;15;547
431844;443;18;16;12;12;19;15;15;11;7;41;8;20;637
431845;202;4;5;13;1;4;16;7;8;17;11;3;13;304
431846;291;15;12;24;5;10;12;15;9;6;10;8;10;427
431848;1056;19;25;16;28;20;17;44;18;22;25;25;27;1342
431849;354;2;5;15;5;7;5;7;24;4;5;6;12;451
431850;2595;78;88;116;108;108;115;123;58;103;97;66;94;3749
431860;1839;43;26;48;68;48;36;123;50;40;39;33;57;2450
431861;269;10;15;18;22;18;15;18;16;16;17;10;17;461
431862;527;57;22;106;128;114;133;92;36;35;19;24;45;1338
431870;62340;2283;2386;2744;2632;2698;2719;3248;3168;3058;3445;3299;3635;97655
431880;5213;159;142;176;146;170;170;138;115;119;112;103;185;6948
431890;5094;174;171;188;172;197;187;169;172;170;246;219;294;7453
431900;5973;191;233;246;173;228;196;213;200;160;172;188;209;8382
431910;864;38;32;37;23;30;17;31;23;37;32;19;24;1207
431912;201;6;0;3;7;15;5;10;13;2;10;4;15;291
431915;912;23;15;15;27;38;17;25;16;26;20;48;43;1225
431920;465;31;15;11;15;18;26;16;16;12;12;17;54;708
431930;623;8;13;17;13;7;9;10;14;11;10;18;30;783
431935;719;45;80;52;42;46;59;42;37;29;63;60;81;1355
431936;206;8;0;9;7;4;0;1;29;2;1;2;3;272
431937;487;10;12;23;16;12;11;16;20;13;16;13;18;667
431940;2023;67;58;67;55;61;53;67;84;58;51;46;67;2757
431950;7111;413;276;348;264;369;329;346;321;307;286;243;407;11020
431960;3528;78;84;84;86;109;106;99;75;92;85;81;101;4608
431970;447;12;9;20;19;11;9;13;16;6;6;19;25;612
431971;300;8;6;13;9;9;7;10;9;14;5;5;15;410
431973;195;6;2;9;5;3;3;2;4;4;7;2;13;255
431975;811;149;23;23;7;19;17;18;14;28;29;27;16;1181
431980;1013;40;35;39;40;29;44;23;22;19;24;21;32;1381
431990;24914;776;1179;1374;1323;1253;1320;1686;1265;1275;1223;1248;1162;39998
432000;22719;717;785;942;887;914;823;964;892;1019;847;901;962;33372
432010;7283;249;258;327;375;267;267;243;290;249;240;384;309;10741
432020;1373;34;51;54;72;32;37;59;38;33;35;26;50;1894
432023;325;5;12;7;14;21;5;4;2;7;6;11;14;433
432026;319;11;8;19;1;1;6;3;9;7;11;7;42;444
432030;896;17;28;26;38;29;21;27;21;16;32;42;34;1227
432032;394;8;9;10;8;14;10;11;7;16;14;20;7;528
432035;259;11;10;11;10;10;15;12;7;18;14;13;8;398
432040;5379;203;216;183;153;185;185;194;229;198;240;201;215;7781
432045;172;5;0;4;9;5;3;4;6;5;4;8;5;230
432050;777;18;13;24;25;16;9;20;15;9;30;16;22;994
432055;536;10;5;13;1;12;11;9;9;9;5;11;11;642
432057;160;4;4;12;6;3;7;0;2;5;6;14;9;232
432060;406;11;8;12;5;6;6;5;8;16;9;5;4;501
432065;265;9;4;7;4;11;8;22;5;6;6;6;9;362
432067;737;21;20;23;24;27;22;24;17;22;15;17;43;1012
432070;2330;94;71;97;72;86;105;102;236;100;129;79;108;3609
432080;4133;164;146;200;160;192;157;185;163;163;136;176;312;6287
432085;542;12;30;37;27;15;22;17;27;28;25;25;52;859
432090;6572;361;387;725;317;284;289;357;320;367;295;338;464;11076
432100;2145;62;105;103;130;81;154;124;67;55;45;100;105;3276
432110;2260;63;118;86;106;108;87;70;268;78;80;56;88;3468
432120;10901;393;475;572;529;540;539;505;529;554;510;536;722;17305
432130;4779;236;174;236;235;166;175;168;177;145;171;158;234;7054
432132;346;14;29;10;4;6;6;5;4;4;9;2;6;445
432135;666;42;52;24;14;14;23;17;5;12;10;13;20;912
432140;1797;47;66;66;67;36;55;56;49;45;65;76;131;2556
432143;1334;41;49;39;50;26;38;42;51;44;49;57;71;1891
432145;11581;459;722;661;490;490;500;539;544;508;482;540;470;17986
432146;465;17;13;12;20;22;13;15;10;11;23;15;15;651
432147;380;3;8;6;13;10;17;8;7;14;76;21;65;628
432149;193;3;5;10;5;6;5;4;8;4;1;5;9;258
432150;7524;365;870;670;341;287;328;282;281;253;260;294;446;12201
432160;6951;399;846;673;318;280;297;312;273;240;255;249;485;11578
432162;474;11;2;4;13;18;13;23;14;18;21;18;12;641
432163;300;3;4;12;0;5;3;3;10;4;5;7;6;362
432166;1840;80;62;68;90;101;79;80;93;71;58;91;92;2805
432170;10485;373;715;739;831;649;673;576;709;817;539;529;823;18458
432180;5048;116;122;151;171;157;164;170;122;150;143;148;188;6850
432183;267;44;31;3;55;5;2;13;5;6;3;2;33;469
432185;446;8;11;18;13;5;6;10;12;10;9;9;38;595
432190;5166;173;211;199;137;228;169;145;201;145;179;169;214;7336
432195;493;11;22;20;10;19;11;11;85;16;15;16;44;773
432200;8754;245;241;425;262;388;306;561;970;677;484;514;335;14162
432210;815;12;12;40;34;26;25;19;13;18;17;35;37;1103
432215;277;2;22;11;7;12;0;2;3;17;2;3;48;406
432218;152;1;1;1;3;1;3;3;1;1;1;1;3;172
432220;3694;160;102;122;163;310;161;107;109;88;104;123;152;5395
432225;2042;67;96;102;101;84;74;103;105;127;94;79;91;3165
432230;1032;48;32;50;40;29;26;28;26;16;26;56;115;1524
432232;415;12;25;17;12;9;8;11;3;16;11;11;18;568
432234;152;4;43;4;7;9;4;6;9;2;4;20;13;277
432235;171;7;8;6;7;7;2;1;7;3;4;4;5;232
432237;197;18;4;8;4;17;7;2;7;2;4;9;14;293
432240;21056;749;612;879;852;1095;889;756;758;668;618;720;752;30404
432250;16924;1336;3233;5840;2743;3647;2423;1885;1455;1840;1453;2211;3195;48185
432252;252;8;3;8;5;7;5;5;5;4;4;6;10;322
432253;809;42;36;33;51;38;82;163;127;440;114;42;232;2209
432254;1121;49;49;44;40;34;41;35;58;100;32;53;44;1700
432255;312;7;3;7;8;5;5;8;11;12;5;4;17;404
432260;13776;499;550;727;806;1076;1135;2028;2983;1091;716;697;665;26749
432270;3982;160;165;174;155;178;314;202;254;177;236;234;365;6596
432280;7121;231;288;327;292;221;231;263;264;247;283;228;358;10354
432285;215;5;8;4;7;10;2;8;7;4;4;4;8;286
432290;437;14;6;9;8;13;15;8;15;9;11;14;15;574
432300;18572;695;699;855;750;687;862;820;879;833;867;897;924;28340
432310;340;10;7;8;10;3;6;2;8;5;3;5;4;411
432320;443;12;19;17;24;22;8;8;7;8;9;19;20;616
432330;1030;35;29;27;28;24;31;34;35;41;14;24;35;1387
432335;233;3;5;5;10;4;1;3;7;7;4;1;20;303
432340;1153;43;55;62;46;48;52;41;51;49;53;42;46;1741
432345;511;15;12;17;14;19;14;16;2;17;7;4;6;654
432350;265;7;9;11;7;8;0;11;5;4;8;4;13;352
432360;195;10;8;11;3;5;11;7;5;4;6;1;10;276
432370;376;13;15;31;16;10;16;21;35;24;6;10;11;584
432375;231;5;6;5;12;11;2;3;5;4;9;8;33;334
432377;1066;34;26;57;25;30;35;53;37;34;36;20;36;1489
432380;2838;186;425;247;219;138;143;123;139;119;116;134;224;5051
439999;0;0;0;0;0;0;0;0;0;0;0;0;0;0
500020;4647;217;253;273;320;275;480;462;333;297;276;292;517;8642
500025;913;24;37;40;41;27;38;36;32;35;41;19;77;1360
500060;4470;112;187;199;167;132;347;229;223;188;190;180;521;7145
500070;1958;71;60;76;67;62;46;180;63;67;69;72;186;2977
500080;1645;215;81;85;68;61;75;48;74;46;31;37;36;2502
500085;3543;116;75;94;127;82;83;83;143;80;80;60;128;4694
500090;796;16;26;26;15;15;29;23;24;24;23;18;116;1151
500100;5518;262;292;452;327;415;323;311;477;344;662;453;933;10769
500110;5820;235;188;274;237;214;245;195;229;213;239;263;822;9174
500124;609;9;17;25;12;12;19;9;7;13;15;5;17;769
500150;1070;74;45;51;64;59;38;42;49;48;38;49;139;1766
500190;5725;325;260;321;280;259;271;302;293;296;375;290;355;9352
500200;2353;88;83;90;137;96;75;87;88;88;82;61;264;3592
500210;2300;51;67;72;48;46;44;157;59;59;37;89;277;3306
500215;1185;24;18;29;31;40;27;102;36;34;30;60;173;1789
500220;3607;143;166;155;143;150;138;275;131;148;176;154;292;5678
500230;3219;363;75;120;322;117;156;257;360;293;323;410;448;6463
500240;5399;209;243;244;232;360;251;211;238;338;135;233;618;8711
500260;2276;58;83;92;107;105;94;148;111;89;86;107;178;3534
500270;253488;8543;9001;10889;9732;11201;10167;11303;10454;10294;9085;10250;12162;376569
500280;740;21;24;15;16;15;21;45;20;23;7;12;49;1008
500290;4488;346;310;353;340;507;406;403;312;725;233;217;390;9030
500295;5715;279;290;370;360;422;312;412;420;518;321;313;423;10155
500310;721;28;31;26;18;121;14;49;17;14;8;23;21;1091
500315;1097;7;19;22;16;11;11;11;19;13;23;21;7;1277
500320;15549;455;533;621;608;542;614;804;780;646;694;719;848;23413
500325;4149;156;184;270;235;463;198;326;255;268;368;251;309;7432
500330;4964;218;212;310;210;226;201;258;213;258;239;237;327;7873
500345;1249;49;39;71;63;224;49;57;57;69;47;52;207;2233
500348;1067;38;28;41;31;52;36;35;26;35;28;24;99;1540
500350;554;16;12;24;6;19;10;12;12;10;11;8;18;712
500370;47747;1578;2007;2461;1951;1969;1928;3445;2177;2149;2418;2246;3570;75646
500375;1383;47;70;49;49;51;42;47;50;47;47;49;103;2034
500380;2232;133;127;77;52;70;56;123;65;61;46;142;144;3328
500390;245;8;2;8;6;0;11;3;6;10;6;8;16;329
500400;924;21;26;39;24;25;23;26;50;35;23;16;92;1324
500410;1062;38;30;37;30;34;36;105;42;37;70;40;105;1666
500430;1864;76;114;130;100;627;72;255;65;78;100;86;151;3718
500440;1478;59;59;51;53;51;71;110;66;64;53;63;97;2275
500450;2050;107;84;105;141;80;58;339;79;94;65;87;102;3391
500460;2445;66;93;70;64;96;88;210;157;117;124;121;313;3964
500470;3170;100;96;116;113;84;120;121;95;105;94;106;139;4459
500480;483;2;9;10;2;6;3;4;1;6;0;4;3;533
500490;1221;55;35;52;37;53;40;47;49;64;47;70;59;1829
500500;2818;75;105;145;105;119;98;205;99;127;111;153;207;4367
500510;967;124;31;38;24;24;31;36;18;35;28;27;47;1430
500515;483;12;8;13;20;15;22;20;11;19;11;13;130;777
500520;2067;36;28;61;96;41;30;239;61;23;71;22;171;2946
500525;993;24;31;30;34;34;28;55;39;45;21;33;82;1449
500540;8550;325;311;570;515;424;570;404;447;386;340;409;951;14202
500560;3145;103;134;114;104;75;65;91;165;210;92;85;329;4712
500568;2433;122;93;120;109;95;78;98;79;102;83;67;83;3562
500570;11068;941;983;807;679;2494;569;654;570;522;563;729;1291;21870
500580;1511;43;31;56;58;44;42;34;46;37;29;30;138;2099
500600;4526;284;196;320;308;320;164;395;191;198;159;162;458;7681
500620;8593;354;578;698;771;722;592;878;655;679;1202;639;1227;17588
500625;495;11;14;13;14;25;15;69;16;6;18;15;108;819
500627;0;0;0;0;0;0;0;0;0;0;0;0;0;0
500630;8447;311;318;435;346;369;359;458;417;459;369;396;514;13198
500635;713;7;16;9;6;7;4;8;9;7;16;7;193;1002
500640;974;21;22;26;34;24;29;24;31;20;28;13;30;1276
500660;9992;302;487;387;323;433;309;501;383;298;583;365;637;15000
500690;2387;131;115;94;94;88;89;220;92;94;114;99;290;3907
500710;5287;247;297;336;296;351;306;490;408;325;284;300;411;9338
500720;9556;374;574;483;381;520;406;383;365;592;357;328;740;15059
500730;514;12;13;10;9;14;11;12;26;13;19;21;209;883
500740;2780;109;109;118;100;110;95;117;120;103;88;111;345;4305
500750;865;33;53;52;33;38;31;65;34;74;32;35;113;1458
500755;1679;65;41;59;41;54;56;109;34;60;47;57;106;2408
500769;5597;211;202;342;274;208;224;298;270;328;303;314;331;8902
500770;899;17;19;31;15;16;18;21;31;16;25;21;18;1147
500780;1286;35;36;62;42;43;29;51;67;47;46;44;142;1930
500790;8796;447;547;576;417;328;818;726;641;365;375;357;1147;15540
500793;3476;494;123;219;340;310;382;419;262;214;134;1014;319;7706
500795;805;28;28;41;19;22;16;15;22;63;63;40;128;1290
500797;611;7;6;2;1;4;9;4;6;3;5;5;27;690
500800;2275;83;92;80;77;62;72;84;109;87;256;87;141;3505
500830;28395;1612;1579;1969;1965;1865;1799;2424;1977;1972;2022;1963;2613;52155
500840;668;69;28;20;21;33;28;40;25;14;46;305;20;1317
509999;0;0;0;0;0;0;0;0;0;0;0;0;0;0
510010;270;4;3;8;4;3;6;1;6;6;5;5;4;325
510020;3769;182;165;183;228;184;563;205;256;204;207;180;639;6965
510025;9732;382;449;524;498;523;430;524;495;531;546;530;1173;16337
510030;2785;91;124;89;107;82;140;144;131;110;103;94;226;4226
510035;346;7;6;13;17;14;15;14;16;23;8;8;48;535
510040;2206;125;116;175;525;221;135;100;148;138;137;179;305;4510
510050;365;7;5;14;20;8;8;24;11;11;18;22;45;558
510060;2641;137;120;113;151;220;285;99;118;185;199;215;267;4750
510080;1136;35;68;68;52;72;102;93;65;99;57;63;90;2000
510100;545;15;14;22;14;20;18;11;39;15;11;17;31;772
510120;226;0;0;0;1;2;0;0;1;1;1;2;1;235
510125;3156;77;101;103;79;103;83;94;89;81;62;81;147;4256
510130;808;30;36;43;36;64;38;48;43;56;57;81;90;1430
510140;2718;190;177;182;188;180;210;163;196;168;160;260;459;5251
510160;513;20;9;15;19;13;11;9;14;13;26;16;71;749
510170;5634;248;159;230;218;273;332;240;150;153;248;1076;444;9405
510180;11765;470;447;536;750;626;766;492;525;478;485;480;1295;19115
510185;560;28;12;15;27;18;18;22;23;23;15;24;56;841
510190;2740;103;144;232;295;180;129;190;203;231;181;204;333;5165
510250;11970;429;478;565;448;489;471;570;427;758;540;495;1195;18835
510260;961;20;15;19;19;21;17;14;22;20;12;18;14;1172
510263;7651;397;420;974;1813;573;415;473;546;507;1332;1367;682;17150
510267;7954;401;361;559;618;493;595;422;595;779;826;500;656;14759
510268;1447;92;68;148;141;93;95;163;129;169;553;146;114;3358
510269;333;4;7;9;3;6;7;3;7;4;0;10;16;409
510270;3268;120;152;145;246;195;122;171;140;168;143;144;242;5256
510279;927;36;44;51;57;68;61;29;46;34;54;26;133;1566
510285;599;15;25;26;16;13;20;20;13;10;32;18;100;907
510300;1848;42;63;64;59;68;57;216;47;76;70;83;326;3019
510305;2015;94;126;171;92;110;123;131;118;132;135;136;266;3649
510310;1002;37;47;43;29;21;63;36;43;39;47;37;52;1496
510320;4943;189;194;290;235;265;292;267;325;429;277;399;363;8468
510325;1761;74;76;90;93;70;85;91;99;102;70;81;626;3318
510330;3048;150;141;196;151;164;190;204;166;133;145;206;254;5148
510335;1438;37;32;128;44;40;58;45;69;88;73;54;223;2329
510336;596;27;30;30;16;20;24;24;23;27;13;16;38;884
510337;1293;47;31;35;83;35;27;28;45;41;69;45;101;1880
510340;215143;9791;7787;9489;7424;9634;9449;9882;9374;9446;10000;9074;26668;343161
510343;294;15;7;21;16;10;13;11;14;10;31;38;72;552
510345;654;67;31;40;52;128;49;36;32;132;103;54;154;1532
510350;5933;289;355;585;609;385;1498;340;433;462;580;591;566;12626
510360;1369;72;85;150;51;60;55;50;101;134;77;41;119;2364
510370;1657;58;93;131;92;81;87;83;109;93;62;55;176;2777
510380;452;38;12;15;15;15;18;7;5;12;8;10;17;624
510385;755;48;37;56;81;60;42;43;46;46;45;90;250;1599
510390;725;15;20;60;45;21;20;71;36;36;47;99;86;1281
510395;260;5;20;13;11;16;9;11;9;9;8;6;53;430
510410;3294;289;229;144;123;129;137;134;138;117;134;119;273;5260
510420;1371;56;41;83;97;78;43;51;81;81;53;65;51;2151
510450;284;9;5;4;6;8;4;6;13;21;13;28;43;444
510452;1228;48;50;135;103;135;74;76;81;136;56;80;80;2282
510454;556;13;12;28;35;25;58;55;18;19;28;32;83;962
510455;932;39;51;79;81;53;34;45;46;29;55;60;124;1628
510460;3330;154;123;265;168;192;102;200;101;169;215;209;154;5382
510480;5363;188;197;264;226;243;278;319;406;376;1162;523;837;10382
510490;697;22;17;17;20;48;13;16;10;13;24;21;85;1003
510500;845;21;23;51;26;19;21;33;50;18;14;19;63;1203
510510;5788;265;305;359;239;353;282;500;489;318;315;292;587;10092
510515;6163;278;261;273;296;287;282;292;290;302;375;346;598;10043
510517;1201;42;34;48;55;70;54;58;45;37;51;43;162;1900
510520;1285;40;43;55;55;39;86;36;60;50;62;54;93;1958
510523;1130;23;36;35;49;50;85;158;71;111;72;1330;86;3236
510525;14734;745;1218;1173;785;894;856;1006;989;1016;957;1166;1234;26773
510530;260;3;3;3;0;6;1;2;3;5;3;0;4;293
510550;2040;72;97;123;271;79;76;90;95;105;108;87;243;3486
510558;1807;81;98;121;74;74;70;71;109;72;67;59;255;2958
510560;2308;119;134;149;122;455;269;132;248;306;148;95;304;4789
510562;5102;266;275;281;270;247;239;247;285;281;255;445;288;8481
510590;2291;131;88;152;101;133;99;108;98;88;135;123;197;3744
510600;545;15;18;16;49;16;26;22;18;12;10;22;42;811
510610;897;32;32;20;11;23;11;14;23;17;28;17;110;1235
510615;1133;62;70;94;76;70;74;71;71;103;76;70;419;2389
510617;256;1;5;4;4;3;8;15;8;4;9;5;59;381
510618;993;29;49;110;207;51;40;50;50;66;36;68;163;1912
510619;415;33;47;39;20;61;30;31;19;10;20;25;66;816
510620;433;17;8;16;24;19;10;17;10;10;9;6;43;622
510621;1399;63;50;71;65;269;64;115;51;43;51;54;97;2392
510622;11493;703;814;1590;825;992;800;817;820;839;749;884;1343;22669
510623;5006;118;80;149;183;132;171;158;118;193;181;160;380;7029
510624;2242;148;131;235;324;156;153;180;190;125;158;210;211;4463
510625;2506;86;134;125;137;100;110;112;143;113;107;114;249;4036
510626;693;20;27;23;21;29;27;41;55;38;27;27;134;1162
510627;275;2;3;8;11;10;8;28;13;8;3;6;15;390
510628;1284;67;61;114;96;74;95;75;108;66;109;71;130;2350
510629;1224;61;65;86;48;39;69;79;78;69;52;51;169;2090
510630;3329;165;156;204;199;283;184;219;182;216;163;209;521;6030
510631;90;1;5;0;0;1;0;0;2;3;1;10;40;153
510637;3801;153;416;238;521;329;202;154;214;295;321;244;362;7250
510642;1914;46;53;63;67;73;74;49;93;65;87;69;268;2921
510645;347;13;11;8;16;11;3;7;8;6;5;21;18;474
510650;2944;78;96;87;74;221;174;238;178;202;185;490;207;5174
510665;540;48;36;35;32;28;28;29;27;27;41;32;116;1019
510670;135;0;4;1;0;1;0;0;4;2;3;3;3;156
510675;6298;279;261;573;314;286;251;266;273;300;339;274;329;10043
510677;711;15;14;16;19;28;34;25;34;14;39;23;70;1042
510680;1038;40;26;84;76;37;34;48;49;66;58;95;81;1732
510682;1414;38;65;85;54;44;53;52;50;43;68;63;112;2141
510685;391;14;7;5;6;4;8;8;9;4;2;6;9;473
510700;2110;68;58;110;81;117;59;112;91;79;135;130;149;3299
510704;14814;800;916;1310;997;1015;915;1010;1056;1088;1006;991;1168;27086
510706;2273;124;114;142;268;203;129;154;119;117;167;420;450;4680
510710;3007;134;81;194;109;113;118;105;108;107;94;123;203;4496
510715;226;3;5;6;6;10;8;9;3;1;6;5;58;346
510718;774;28;36;64;44;46;52;44;54;49;42;61;237;1531
510719;257;8;4;18;25;11;4;5;9;8;4;5;27;385
510720;586;7;15;11;15;17;25;15;13;16;25;21;61;827
510724;709;26;23;59;54;48;36;28;37;32;29;64;65;1210
510726;298;9;11;7;13;14;12;8;10;6;6;10;31;435
510729;293;5;6;15;3;1;11;13;5;5;6;6;39;408
510730;3339;111;129;163;268;239;179;172;180;1052;86;140;197;6255
510735;954;39;45;62;48;55;61;64;58;69;50;38;123;1666
510740;735;10;8;67;8;8;35;44;24;84;296;37;599;1955
510757;407;17;46;27;18;17;42;28;28;46;37;39;82;834
510760;43319;1959;2442;2989;2191;2847;2591;2780;2907;2572;2707;2806;4471;76581
510770;1589;34;48;57;51;53;38;51;43;38;57;65;44;2168
510774;295;9;6;11;6;8;8;7;7;11;5;8;16;397
510775;459;10;9;26;8;21;12;21;9;8;5;8;13;609
510776;722;28;65;112;129;111;41;42;67;93;38;89;67;1604
510777;726;42;32;19;29;41;41;29;33;60;35;30;81;1198
510779;907;38;31;166;94;35;56;27;101;50;92;151;111;1859
510780;3473;235;307;302;269;290;254;279;295;205;299;234;511;6953
510785;1425;129;51;61;68;51;59;69;81;58;56;66;132;2306
510787;6268;348;374;833;695;736;384;375;916;631;412;959;608;13539
510788;138;4;0;3;1;1;0;1;1;1;3;6;5;164
510790;27448;1140;1406;1793;1353;1779;1403;1659;1584;1559;1533;1446;1873;45976
510792;18085;1123;1184;1764;1444;1261;1593;1395;1373;1383;1277;1416;1388;34686
510794;1601;105;81;126;112;102;89;102;101;103;101;96;157;2876
510795;18601;1006;984;1235;1102;1217;1002;1093;1012;1109;1143;1265;1392;32161
510800;2674;149;134;290;196;190;153;214;185;191;191;152;384;5103
510805;1086;36;59;31;32;41;32;34;38;25;45;37;193;1689
510810;381;13;10;19;26;9;15;8;7;8;6;10;12;524
510820;578;14;60;40;21;21;11;15;29;23;17;22;19;870
510830;512;18;33;43;32;39;46;31;35;32;44;34;151;1050
510835;239;5;4;2;3;4;3;1;1;6;8;4;6;286
510840;39839;1655;1791;2046;1510;1932;3511;2167;2084;2005;2086;2267;5647;68540
510850;1828;59;60;174;91;85;72;112;91;90;65;82;139;2948
510860;1997;118;93;107;104;106;121;149;162;146;117;133;467;3820
510880;381;8;4;9;8;9;10;5;13;21;7;11;65;551
510885;784;56;19;48;35;53;27;38;54;36;38;106;55;1349
510890;1131;69;46;67;97;113;60;88;99;68;72;70;69;2049
510895;1308;64;76;309;110;88;83;103;104;74;87;82;248;2736
519999;0;0;0;0;0;0;0;0;0;0;0;0;0;0
520005;1108;35;50;48;51;78;70;88;93;130;78;72;119;2020
520010;1768;48;76;67;85;68;84;39;56;58;56;52;53;2510
520013;2691;119;104;168;125;103;112;140;115;121;127;148;203;4276
520015;73;2;2;1;6;4;3;4;3;4;4;1;2;109
520017;685;20;19;33;13;22;19;24;17;22;38;29;29;970
520020;317;4;3;4;6;4;1;8;5;4;6;5;3;370
520025;8232;266;264;336;351;499;375;465;431;364;477;375;1150;13585
520030;3122;110;62;70;106;75;115;108;107;124;127;132;207;4465
520040;0;0;0;0;0;0;0;0;0;0;0;0;0;0
520050;194;5;5;4;5;6;1;6;2;2;1;4;2;237
520055;1584;42;39;78;48;39;44;42;62;55;77;159;245;2514
520060;984;35;19;28;21;29;30;26;23;30;32;38;35;1330
520070;0;0;0;0;0;0;0;0;0;0;0;0;0;0
520080;838;40;39;34;39;20;25;16;24;18;19;18;35;1165
520082;266;9;10;10;10;6;8;13;14;6;5;8;7;372
520085;801;12;6;9;18;32;12;9;30;26;13;11;19;998
520090;372;18;24;12;10;3;6;9;7;4;8;9;18;500
520100;0;0;0;0;0;0;0;0;0;0;0;0;0;0
520110;82172;3219;3552;4321;3654;3545;5474;3932;4616;4004;3849;4079;3811;130228
520120;188;1;1;3;4;1;0;2;2;9;5;2;4;222
520130;3265;141;116;107;128;172;150;200;128;656;1768;204;369;7404
520140;100012;4335;5212;5816;5173;5607;5466;5769;6252;6020;6015;5952;6317;167946
520145;733;28;22;31;25;31;27;24;22;25;21;25;50;1064
520150;956;47;57;37;59;26;40;40;45;74;27;29;73;1510
520160;301;4;2;8;4;3;7;3;3;7;4;2;1;349
520170;1296;56;38;35;38;25;28;36;27;37;31;174;38;1859
520180;847;21;29;26;30;31;15;42;32;25;22;37;34;1191
520190;0;0;0;0;0;0;0;0;0;0;0;0;0;0
520200;0;0;0;0;0;0;0;0;0;0;0;0;0;0
520210;0;0;0;0;0;0;0;0;0;0;0;0;0;0
520215;607;14;11;19;14;17;13;12;18;29;12;8;39;813
520220;0;0;0;0;0;0;0;0;0;0;0;0;0;0
520230;0;0;0;0;0;0;0;0;0;0;0;0;0;0
520235;479;14;13;12;11;17;14;14;18;19;17;10;32;670
520240;0;0;0;0;0;0;0;0;0;0;0;0;0;0
520250;996;47;20;41;18;32;119;21;26;25;25;42;38;1450
520255;0;0;0;0;0;0;0;0;0;0;0;0;0;0
520260;350;3;13;9;6;5;5;11;6;7;3;5;4;427
520270;0;0;0;0;0;0;0;0;0;0;0;0;0;0
520280;392;16;4;14;6;8;4;14;22;17;18;16;22;553
520290;0;0;0;0;0;0;0;0;0;0;0;0;0;0
520300;0;0;0;0;0;0;0;0;0;0;0;0;0;0
520310;240;2;5;4;6;2;4;3;1;7;3;2;27;306
520320;2480;111;230;81;203;127;112;129;136;151;107;148;158;4173
520330;3947;143;146;181;191;213;212;246;174;194;242;249;334;6472
520340;637;22;14;14;12;15;24;14;12;15;22;20;14;835
520350;2785;134;119;211;202;121;128;242;128;149;115;221;214;4769
520355;730;15;14;10;14;19;19;23;17;12;38;26;15;952
520357;433;11;9;4;4;10;1;4;8;13;7;7;13;524
520360;548;6;9;12;13;27;14;25;32;17;29;20;21;773
520370;0;0;0;0;0;0;0;0;0;0;0;0;0;0
520380;725;19;10;17;13;19;13;18;23;33;30;28;38;986
520390;1915;40;80;77;56;94;68;82;73;50;83;87;165;2870
520393;373;4;8;10;16;12;18;10;11;7;19;20;7;515
520396;231;1;0;4;1;0;9;2;3;0;3;2;8;264
520400;856;18;5;42;9;50;24;45;82;90;25;21;48;1315
520410;1089;129;103;99;181;80;115;161;126;118;84;106;101;2492
520420;455;7;10;11;15;29;19;15;13;23;5;11;7;620
520425;1011;15;86;107;27;30;14;46;19;33;22;25;80;1515
520430;3257;135;129;180;203;346;188;139;209;146;169;244;276;5621
520440;1635;55;46;66;54;90;49;56;51;66;70;72;74;2384
520450;15617;685;729;652;497;783;627;664;906;687;797;780;754;24178
520455;421;10;7;8;9;6;11;21;30;20;10;21;30;604
520460;342;6;15;16;9;12;6;17;30;14;17;29;15;528
520465;321;1;0;4;1;5;4;2;1;2;2;2;1;346
520470;976;46;44;61;57;46;65;48;35;48;31;41;44;1542
520480;1281;134;176;86;102;154;122;199;113;124;118;175;81;2865
520485;724;35;31;41;50;45;42;30;32;46;28;60;63;1227
520490;1932;32;36;41;38;43;38;32;27;44;30;40;23;2356
520495;459;0;4;3;6;5;3;1;5;4;4;1;2;497
520500;1156;26;30;119;42;35;34;20;43;51;223;29;23;1831
520505;330;3;4;21;6;4;9;3;5;5;8;17;3;418
520510;21004;1168;1072;1222;1128;1291;1032;1288;1468;1101;1046;1154;1899;35873
520520;346;23;20;10;10;11;13;12;7;9;9;6;9;485
520530;911;118;13;14;20;13;8;13;13;33;9;18;7;1190
520540;3855;114;92;130;141;112;117;167;129;161;119;133;141;5411
520545;2147;64;170;96;70;84;96;146;101;130;149;156;139;3548
520547;3223;82;140;175;153;110;135;120;208;216;123;138;153;4976
520549;3479;112;88;81;81;112;162;115;121;127;131;127;197;4933
520550;0;0;0;0;0;0;0;0;0;0;0;0;0;0
520551;1338;28;48;88;33;41;40;39;74;67;65;53;78;1992
520552;346;4;3;5;1;2;2;4;10;4;1;2;20;404
520560;0;0;0;0;0;0;0;0;0;0;0;0;0;0
520570;345;5;10;18;8;8;5;9;6;9;5;4;14;446
520580;1030;35;38;49;35;33;61;41;39;39;40;38;30;1508
520590;1824;51;52;44;58;42;51;41;37;56;56;38;58;2408
520600;0;0;0;0;0;0;0;0;0;0;0;0;0;0
520610;0;0;0;0;0;0;0;0;0;0;0;0;0;0
520620;9114;290;324;369;520;747;788;598;976;1052;1381;1540;1510;19209
520630;503;9;7;10;13;34;26;22;18;12;16;18;20;708
520640;3383;101;127;68;60;76;74;80;94;103;79;99;124;4468
520650;415;34;9;10;28;10;12;11;18;12;25;18;23;625
520660;386;7;7;10;7;8;4;6;6;6;5;6;13;471
520670;236;1;1;1;2;1;0;1;0;0;1;2;0;246
520680;316;4;6;5;6;15;11;6;5;6;6;9;18;413
520690;305;2;6;10;6;7;5;8;6;7;5;10;10;387
520700;0;0;0;0;0;0;0;0;0;0;0;0;0;0
520710;233;6;4;7;3;7;3;3;7;3;0;2;3;281
520720;0;0;0;0;0;0;0;0;0;0;0;0;0;0
520725;885;25;25;19;13;25;21;21;18;21;15;29;22;1139
520730;0;0;0;0;0;0;0;0;0;0;0;0;0;0
520735;533;6;5;12;27;15;15;15;12;17;11;20;36;724
520740;2211;51;47;73;81;43;44;43;114;60;56;86;281;3190
520750;390;6;3;10;9;19;9;34;11;10;13;23;13;550
520753;658;5;8;15;4;10;7;8;9;7;42;9;9;791
520755;0;0;0;0;0;0;0;0;0;0;0;0;0;0
520760;662;28;12;16;6;12;17;15;16;15;8;13;10;830
520765;0;0;0;0;0;0;0;0;0;0;0;0;0;0
520770;0;0;0;0;0;0;0;0;0;0;0;0;0;0
520780;818;24;16;21;28;29;28;24;39;39;18;35;49;1168
520790;834;15;12;21;5;5;6;18;10;25;10;3;37;1001
520800;12504;484;577;539;487;704;1153;637;473;636;513;670;977;20354
520810;358;8;2;6;7;16;3;5;8;8;8;9;6;444
520815;306;10;5;8;16;19;5;0;7;9;35;10;23;453
520820;0;0;0;0;0;0;0;0;0;0;0;0;0;0
520830;325;3;2;2;8;10;5;5;7;3;4;7;4;385
520840;801;32;17;24;33;32;36;27;21;33;45;25;42;1168
520850;497;12;11;13;14;12;13;10;17;13;32;19;26;689
520860;11278;621;571;654;489;559;531;555;647;561;2281;1977;1291;22015
520870;558901;19240;22233;23930;21653;22805;22677;23387;26474;24206;24243;24393;33524;847666
520880;5075;131;139;151;194;200;169;182;226;211;221;203;215;7317
520890;3599;106;102;137;117;108;279;114;208;144;108;153;143;5318
520900;0;0;0;0;0;0;0;0;0;0;0;0;0;0
520910;7616;523;315;369;678;338;373;429;571;290;539;424;1026;13491
520915;531;6;7;9;7;14;8;7;9;12;12;10;18;650
520920;1253;24;39;41;35;28;37;36;44;31;38;26;108;1740
520929;206;0;1;4;4;1;2;2;5;4;2;4;5;240
520930;0;0;0;0;0;0;0;0;0;0;0;0;0;0
520940;323;6;8;4;6;12;19;15;11;34;16;15;9;478
520945;191;2;1;2;1;1;0;2;3;2;0;5;0;210
520950;0;0;0;0;0;0;0;0;0;0;0;0;0;0
520960;368;4;4;1;5;4;5;4;5;1;6;4;2;413
520970;2631;152;123;153;173;123;126;143;116;124;133;127;121;4245
520980;469;4;1;7;5;4;9;6;6;5;7;5;9;537
520990;1059;29;17;18;55;15;28;27;15;27;22;26;30;1368
520993;818;32;28;37;36;30;25;20;19;24;20;144;58;1291
520995;2199;55;36;81;78;47;65;55;63;51;60;107;226;3123
521000;8901;327;460;402;343;385;435;450;529;475;1747;373;483;15310
521010;4329;249;247;235;352;277;168;260;404;512;409;312;416;8170
521015;255;3;9;4;13;6;14;2;2;2;3;7;6;326
521020;3310;88;80;104;93;90;172;78;107;101;73;92;91;4479
521030;1529;6;7;14;15;8;11;15;13;11;12;86;7;1734
521040;7079;290;258;337;437;356;337;297;389;341;383;467;362;11333
521050;0;0;0;0;0;0;0;0;0;0;0;0;0;0
521056;342;5;3;5;12;5;10;7;9;6;3;7;8;422
521060;500;15;11;17;5;15;8;8;10;6;12;8;15;630
521070;0;0;0;0;0;0;0;0;0;0;0;0;0;0
521080;839;24;21;15;23;19;18;27;24;25;29;21;32;1117
521090;2329;75;138;66;121;188;141;219;136;2091;138;58;173;5873
521100;1108;28;22;32;30;31;25;21;27;28;32;32;26;1442
521110;0;0;0;0;0;0;0;0;0;0;0;0;0;0
521120;2786;106;85;68;72;74;89;147;126;845;235;123;149;4905
521130;964;41;48;74;57;52;42;43;84;46;38;51;51;1591
521140;1018;30;24;28;35;36;30;20;23;38;36;37;26;1381
521150;22536;1110;1416;1881;1006;1097;1377;1758;1290;1555;1141;974;2192;39333
521160;321;7;4;7;1;9;5;7;1;4;10;5;5;386
521170;1671;39;31;320;20;27;37;41;51;51;46;41;422;2797
521180;5235;183;167;258;190;199;202;172;189;169;193;256;233;7646
521190;18198;888;840;1022;906;831;783;835;945;903;824;936;1255;29166
521200;304;2;1;8;7;1;5;5;1;5;2;0;4;345
521205;238;5;1;1;17;8;3;3;1;15;1;8;2;303
521210;790;28;19;92;23;27;24;22;14;14;16;14;12;1095
521220;2866;82;87;105;98;63;103;122;111;94;108;128;97;4064
521225;243;7;7;5;3;6;3;5;3;0;2;5;8;297
521230;1313;35;23;47;44;30;38;35;32;43;31;38;31;1740
521240;0;0;0;0;0;0;0;0;0;0;0;0;0;0
521250;21268;778;859;973;948;942;990;1104;1357;2109;1076;1244;1242;34890
521260;288;7;12;6;17;5;5;9;3;1;5;7;11;376
521270;434;39;28;19;32;28;61;14;15;8;24;13;24;739
521280;1003;29;27;35;32;21;27;29;51;27;26;24;32;1363
521290;219;0;34;2;2;42;4;1;5;3;2;6;5;325
521295;594;13;10;9;11;13;9;9;14;18;11;10;26;747
521300;2621;83;68;105;311;277;406;278;186;109;472;1367;1568;7851
521305;288;7;9;6;6;15;10;6;3;29;13;6;67;465
521308;3562;105;77;108;93;86;128;83;114;116;127;132;439;5170
521310;14011;810;733;997;817;1217;791;1192;935;763;924;877;892;24959
521320;0;0;0;0;0;0;0;0;0;0;0;0;0;0
521330;0;0;0;0;0;0;0;0;0;0;0;0;0;0
521340;236;4;3;8;2;3;7;4;5;1;5;4;5;287
521350;477;3;4;6;5;3;0;4;5;4;6;5;7;529
521360;0;0;0;0;0;0;0;0;0;0;0;0;0;0
521370;1123;44;34;34;36;50;29;36;31;36;28;29;39;1549
521375;2159;126;84;323;167;112;146;168;251;157;174;330;214;4411
521377;319;6;7;3;17;1;8;4;6;2;3;1;9;386
521380;7946;271;317;371;352;345;378;379;425;443;446;877;613;13163
521385;270;2;3;1;4;3;0;1;4;2;3;8;232;533
521390;565;8;4;11;5;8;6;12;8;15;9;15;14;680
521400;3150;78;51;88;59;2055;124;129;67;78;46;78;92;6095
521405;676;17;8;8;17;9;19;16;30;14;17;19;19;869
521410;297;5;5;3;4;1;6;6;6;4;7;37;2;383
521420;0;0;0;0;0;0;0;0;0;0;0;0;0;0
521430;0;0;0;0;0;0;0;0;0;0;0;0;0;0
521440;1049;40;27;84;39;48;41;42;34;50;28;47;37;1566
521450;5707;195;178;292;251;203;280;285;307;311;401;252;309;8971
521460;6611;194;184;264;326;250;207;256;258;451;456;432;559;10448
521470;342;12;4;13;6;8;14;11;22;40;16;100;39;627
521480;236;4;8;8;6;6;4;4;2;4;7;5;7;301
521483;1833;65;44;65;65;51;67;68;74;80;68;58;66;2604
521486;517;30;24;10;13;5;8;15;8;12;8;8;13;671
521487;243;3;0;7;2;1;3;3;1;2;1;3;4;273
521488;0;0;0;0;0;0;0;0;0;0;0;0;0;0
521490;261;1;7;2;0;1;2;3;2;3;1;1;67;351
521500;1507;39;51;59;89;70;45;57;67;78;54;45;49;2210
521510;0;0;0;0;0;0;0;0;0;0;0;0;0;0
521520;394;5;3;12;10;5;1;5;14;10;8;7;10;484
521523;4443;282;138;166;146;149;184;206;128;152;126;153;205;6478
521525;476;10;10;9;11;4;6;3;10;14;14;11;12;590
521530;2078;55;62;80;63;70;63;73;87;69;59;62;157;2978
521540;480;12;7;16;6;14;14;11;16;9;17;12;13;627
521550;914;28;17;17;24;32;14;19;14;19;23;22;53;1196
521560;2330;47;55;70;62;61;67;81;66;97;72;68;76;3152
521565;359;17;9;9;10;12;8;5;10;13;6;10;11;479
521570;4513;139;154;181;169;190;207;147;203;169;247;182;207;6708
521575;0;0;0;0;0;0;0;0;0;0;0;0;0;0
521580;254;2;2;0;2;2;3;1;5;2;1;4;2;280
521590;427;7;15;8;25;9;16;8;19;28;13;28;12;615
521600;461;11;8;12;21;11;13;14;12;14;11;23;17;628
521610;0;0;0;0;0;0;0;0;0;0;0;0;0;0
521620;0;0;0;0;0;0;0;0;0;0;0;0;0;0
521630;985;76;91;102;181;70;168;96;64;70;51;65;40;2059
521640;2188;90;94;160;96;100;126;95;93;116;162;200;216;3736
521645;724;14;11;36;20;19;13;18;25;18;9;19;15;941
521650;0;0;0;0;0;0;0;0;0;0;0;0;0;0
521660;0;0;0;0;0;0;0;0;0;0;0;0;0;0
521670;0;0;0;0;0;0;0;0;0;0;0;0;0;0
521680;1043;20;19;42;18;36;52;89;144;120;124;293;238;2238
521690;329;4;1;8;1;4;3;3;3;0;3;5;9;373
521700;0;0;0;0;0;0;0;0;0;0;0;0;0;0
521710;2830;99;83;121;93;80;105;117;91;86;83;75;207;4070
521720;1021;20;16;27;29;22;28;29;22;30;28;29;35;1336
521730;3072;111;99;116;86;94;78;175;121;110;133;98;133;4426
521740;6099;252;270;305;291;283;266;329;386;299;332;248;325;9685
521750;0;0;0;0;0;0;0;0;0;0;0;0;0;0
521760;6426;134;144;139;156;174;152;173;221;200;183;222;179;8503
521770;2249;82;62;106;39;84;98;119;159;173;113;113;88;3485
521780;0;0;0;0;0;0;0;0;0;0;0;0;0;0
521790;0;0;0;0;0;0;0;0;0;0;0;0;0;0
521800;5553;168;199;270;225;216;391;279;226;203;205;233;322;8490
521805;793;15;19;65;280;35;103;67;62;103;360;125;73;2100
521810;703;28;20;28;34;29;35;48;20;25;10;19;23;1022
521820;0;0;0;0;0;0;0;0;0;0;0;0;0;0
521830;3211;81;94;119;126;112;133;97;119;141;139;123;209;4704
521839;282;7;6;2;4;5;5;2;16;8;2;1;59;399
521840;0;0;0;0;0;0;0;0;0;0;0;0;0;0
521850;9957;305;420;421;430;464;622;372;474;389;359;377;673;15263
521860;1456;39;36;40;72;70;53;51;39;58;65;50;48;2077
521870;1004;52;54;87;52;96;95;47;107;79;65;108;99;1945
521875;0;0;0;0;0;0;0;0;0;0;0;0;0;0
521878;2670;87;87;79;64;88;180;104;80;91;98;71;86;3785
521880;47426;2211;2180;3399;3055;2712;2478;2886;2814;2858;2833;3316;3422;81590
521890;2740;71;60;83;127;116;117;80;87;81;866;119;165;4712
521900;1071;42;44;46;56;37;53;44;48;33;62;51;50;1637
521910;1028;23;34;71;40;40;38;58;40;37;36;42;53;1540
521920;405;16;6;8;11;14;12;9;23;96;34;9;17;660
521925;1228;32;42;42;71;50;41;65;62;47;35;36;49;1800
521930;6055;169;155;279;313;470;365;364;296;229;283;312;1113;10403
521935;399;10;6;9;14;7;5;9;24;5;6;5;14;513
521940;693;15;32;29;24;22;25;29;30;34;24;36;21;1014
521945;259;15;13;8;9;9;8;16;7;11;10;30;70;465
521950;299;5;1;3;2;0;0;1;4;5;4;3;2;329
521960;406;8;4;6;2;11;12;3;10;8;7;5;4;486
521970;878;24;10;20;16;13;11;13;9;17;10;17;15;1053
521971;548;9;19;17;20;26;21;16;27;23;83;21;31;861
521973;1272;47;36;50;38;62;53;67;75;68;70;72;96;2006
521975;4632;108;110;93;107;156;126;95;130;178;94;107;141;6077
521980;873;101;32;36;13;25;19;21;28;27;28;27;48;1278
521990;689;26;11;23;42;19;13;24;18;19;16;18;22;940
522000;981;32;17;17;32;32;33;119;41;41;26;31;36;1438
522005;224;1;4;4;2;2;5;5;4;0;3;4;1;259
522010;5377;143;165;164;148;724;216;143;187;159;164;151;148;7889
522015;427;4;9;7;3;2;7;3;2;3;7;7;6;487
522020;2586;71;90;93;68;55;82;70;97;74;89;63;75;3513
522026;542;7;14;19;27;24;14;19;20;12;9;21;28;756
522028;753;10;17;228;30;50;34;72;30;27;829;43;253;2376
522030;0;0;0;0;0;0;0;0;0;0;0;0;0;0
522040;2491;150;201;191;214;179;215;156;172;669;164;136;140;5078
522045;7453;280;279;284;378;298;305;409;405;427;367;424;2472;13781
522050;1524;46;54;89;55;97;69;95;111;76;115;70;469;2870
522060;2599;107;84;110;122;114;132;96;96;97;131;103;296;4087
522065;0;0;0;0;0;0;0;0;0;0;0;0;0;0
522068;519;11;23;7;14;8;8;8;9;5;13;6;12;643
522070;251;0;1;2;0;1;1;4;0;2;2;0;3;267
522080;0;0;0;0;0;0;0;0;0;0;0;0;0;0
522090;0;0;0;0;0;0;0;0;0;0;0;0;0;0
522100;474;19;8;10;13;11;11;12;5;15;12;10;13;613
522108;245;4;1;5;3;1;3;2;3;3;1;0;18;289
522110;0;0;0;0;0;0;0;0;0;0;0;0;0;0
522119;785;32;40;11;21;17;28;40;48;25;33;39;42;1161
522120;0;0;0;0;0;0;0;0;0;0;0;0;0;0
522130;385;7;3;8;8;6;4;5;14;2;6;3;18;469
522140;13693;448;469;468;472;518;516;606;567;615;521;545;631;20069
522145;266;4;4;2;3;2;2;1;6;2;4;3;7;306
522150;530;7;3;9;16;12;36;20;20;12;42;49;11;767
522155;850;17;15;38;44;42;53;37;56;40;84;394;217;1887
522157;270;3;4;3;4;1;3;6;5;1;1;5;11;317
522160;6600;197;179;247;272;239;337;341;378;460;435;449;482;10616
522170;818;17;9;27;17;13;18;21;11;27;18;25;17;1038
522180;656;6;8;14;11;9;5;14;7;22;16;11;13;792
522185;12099;417;409;437;399;442;440;418;493;442;533;505;1316;18350
522190;445;15;16;19;9;11;18;16;20;20;20;17;27;653
522200;2001;77;77;121;101;84;86;64;94;81;125;72;87;3070
522205;1253;26;27;54;48;342;91;60;84;508;57;62;376;2988
522208;0;0;0;0;0;0;0;0;0;0;0;0;0;0
522210;0;0;0;0;0;0;0;0;0;0;0;0;0;0
522220;932;92;24;62;73;33;39;35;48;592;21;68;361;2380
522230;598;25;13;19;17;21;21;26;27;23;35;111;52;988
529999;0;0;0;0;0;0;0;0;0;0;0;0;0;0
530010;1099832;29899;30150;37356;31563;35758;33384;38490;37189;34777;34147;32977;55340;1530862
539999;0;0;0;0;0;0;0;0;0;0;0;0;0;0
{ñ class};0;0;0;0;0;0;0;0;0;0;0;0;0;0
Total;44068355;1609635;1658172;1958691;1738534;1794555;1815960;1864206;1894366;1911254;1910741;1932730;2590103;66747302

Seleções vigentes
Variável;Critério;Valor
Ano;igual a;2010
