Coluna;Mês Admissão
Município;Não admitido ano;Janeiro;Fevereiro;Março;Abril;Maio;Junho;Julho;Agosto;Setembro;Outubro;Novembro;Dezembro;Total
110002;2749;196;175;116;137;155;425;190;200;190;147;163;87;4930
110004;3451;204;211;225;240;358;366;346;336;291;282;170;136;6616
110005;243;12;12;11;113;28;34;62;10;17;9;3;4;558
110006;600;17;11;16;58;47;53;68;42;33;34;6;9;994
110008;130;4;0;1;19;11;4;1;5;35;13;1;2;226
110009;469;24;34;18;24;95;93;33;34;27;12;15;8;886
110010;18120;250;174;133;273;378;317;303;320;255;283;290;354;21450
110011;1784;139;132;186;146;203;153;124;147;201;108;67;60;3450
110012;7285;416;345;489;630;629;619;656;718;633;567;407;302;13696
110014;0;1;0;1;3;1;0;0;0;0;0;0;0;6
110015;1372;93;67;146;104;83;69;122;228;122;135;158;106;2805
110018;1688;131;99;156;160;161;190;165;200;173;129;130;43;3425
110020;79583;2548;1672;2089;2127;2402;2745;2524;2387;2250;3338;1947;1215;106827
110025;361;8;12;13;22;18;31;17;28;12;18;16;7;563
110028;414;29;20;24;74;54;43;36;45;41;28;39;22;869
110029;84;4;5;3;1;14;6;3;4;8;12;2;9;155
110030;3847;345;210;254;353;326;335;465;385;410;346;253;174;7703
110033;11;3;0;0;0;0;0;2;0;4;0;1;0;21
119999;0;0;0;0;30;4;11;3;6;9;10;6;2;81
120005;8;0;0;0;0;0;0;0;0;0;0;0;0;8
120010;444;5;3;4;7;3;5;8;8;5;7;6;2;507
120020;1632;53;21;50;18;25;16;21;5;15;18;6;12;1892
120030;342;4;0;4;3;0;5;1;0;0;0;1;1;361
120033;13;0;0;0;0;0;0;0;0;0;0;0;0;13
120034;15;0;0;0;0;0;0;1;0;0;0;0;0;16
120038;48;0;0;0;1;0;0;3;0;1;1;3;0;57
120040;39784;991;920;849;964;889;1005;1322;975;883;673;489;414;50158
120045;228;6;4;6;2;3;5;1;5;2;2;3;0;267
120050;114;1;3;0;2;0;0;1;0;0;0;0;0;121
120060;101;0;0;0;4;1;0;0;0;0;0;0;1;107
120070;129;3;0;3;3;0;0;4;0;0;0;12;8;162
130002;8;0;0;0;0;0;0;0;0;0;0;0;0;8
130006;1;0;0;0;0;0;0;0;0;0;0;0;0;1
130008;1;0;0;0;0;0;0;0;0;0;0;0;0;1
130010;243;0;27;0;0;4;0;1;0;0;0;0;0;275
130020;39;0;0;2;0;0;0;0;0;0;0;0;0;41
130030;95;0;0;0;0;1;0;1;0;2;3;0;0;102
130040;12;0;0;0;0;0;0;1;0;0;0;0;0;13
130050;388;1;43;0;18;0;1;0;0;0;1;0;0;452
130060;943;17;16;5;4;12;9;12;1;8;3;4;5;1039
130063;1;0;0;0;0;0;0;0;0;0;0;0;0;1
130068;1;0;0;0;0;0;0;0;0;0;0;0;0;1
130070;468;1;10;30;8;0;1;4;0;0;0;0;1;523
130080;415;6;84;2;2;2;1;3;2;1;2;3;1;524
130083;1;0;0;0;0;0;0;0;0;0;0;0;0;1
130090;10;0;0;0;0;0;1;0;0;0;1;0;0;12
130100;432;5;4;4;2;1;1;38;6;7;0;2;0;502
130110;292;35;1;7;41;88;70;7;2;5;0;0;0;548
130120;1003;15;25;12;7;12;52;6;11;9;7;20;6;1185
130130;348;1;0;41;19;27;1;3;1;0;0;0;0;441
130140;555;5;53;2;1;6;2;10;6;1;10;16;0;667
130150;60;1;0;0;0;0;0;1;0;0;0;0;0;62
130160;255;0;1;0;0;1;0;0;0;1;0;0;2;260
130170;1032;43;123;13;63;70;35;11;5;4;4;2;5;1410
130180;124;0;0;0;0;0;0;0;0;0;0;0;0;124
130185;47;4;4;4;2;1;8;3;2;2;4;1;2;84
130190;4474;292;154;259;196;175;194;354;265;258;207;185;100;7113
130200;8;0;0;0;0;0;1;1;0;1;1;0;0;12
130210;15;0;0;0;0;0;0;1;0;0;2;0;0;18
130220;11;0;0;0;0;0;0;0;0;0;0;0;0;11
130230;5;0;0;0;0;0;0;1;0;0;0;0;0;6
130240;595;20;23;10;14;4;5;3;3;2;5;0;0;684
130250;1487;15;25;127;37;82;40;32;47;96;77;23;10;2098
130255;1;0;0;0;0;0;0;0;0;0;0;0;0;1
130260;212831;10167;8326;9297;11473;13500;14629;14017;13725;11792;10984;9045;5503;345289
130270;707;0;0;1;0;3;1;1;0;0;0;0;1;714
130280;6;0;0;0;0;0;0;2;0;0;0;0;0;8
130290;220;0;2;3;1;1;1;5;0;4;2;1;0;240
130300;8;0;0;0;0;0;0;2;0;0;0;0;1;11
130310;458;9;0;12;5;2;1;2;1;0;0;0;0;490
130320;92;0;10;13;2;0;2;9;0;3;0;0;1;132
130330;14;0;0;0;0;1;0;0;0;0;0;0;0;15
130340;2176;31;37;24;56;20;10;35;32;32;24;16;3;2496
130350;58;0;0;0;0;0;0;1;0;0;1;0;0;60
130353;1032;172;66;54;66;117;240;106;150;87;93;82;85;2350
130356;22;12;1;4;2;6;10;2;10;6;1;1;0;77
130360;5;0;0;0;0;0;0;0;0;1;0;0;0;6
130370;166;0;14;0;0;1;1;1;0;0;0;0;0;183
130380;2397;99;111;112;99;129;94;96;147;98;168;120;86;3756
130390;206;1;1;1;0;1;1;15;1;0;3;0;0;230
130395;1;0;0;0;0;0;0;0;0;0;0;0;0;1
130400;396;4;4;2;3;4;3;7;1;2;3;4;2;435
130406;97;4;20;2;2;2;0;3;4;0;3;0;0;137
130410;8;0;0;0;0;0;0;1;0;0;0;0;0;9
130420;1897;125;66;85;66;94;60;46;55;32;30;9;5;2570
130426;1;0;0;0;0;0;0;0;0;0;0;0;0;1
130430;281;5;3;0;18;1;18;4;5;9;4;16;5;369
130440;261;0;6;0;0;0;0;0;0;0;0;0;0;267
140005;85;7;1;4;3;0;28;52;32;0;0;4;0;216
140010;16621;633;448;539;485;553;884;932;728;605;732;756;418;24334
140015;20;5;0;4;2;2;5;3;3;0;0;0;0;44
140020;186;15;10;5;7;15;4;9;7;3;1;3;7;272
140030;12;0;0;0;0;0;0;0;0;1;0;0;0;13
140040;1;0;0;0;0;0;0;0;0;0;0;0;0;1
140050;3;0;0;0;0;0;0;0;0;0;0;2;0;5
140060;5;0;0;0;0;0;0;0;0;0;0;0;0;5
150010;2059;25;18;28;32;66;31;30;26;63;31;32;21;2462
150020;1024;160;120;76;187;117;103;112;116;172;220;152;122;2681
150030;165;2;2;6;22;6;8;23;4;8;2;0;1;249
150040;230;10;0;0;7;4;0;9;0;2;1;1;2;266
150050;7012;1219;723;841;793;653;684;792;951;883;677;763;349;16340
150060;2668;148;121;107;94;130;113;84;123;126;89;103;71;3977
150070;15;1;2;1;0;0;1;0;0;0;0;0;0;20
150080;19038;1395;962;1236;1240;1398;1754;1425;1495;1316;1217;1001;624;34101
150090;258;4;0;1;0;0;0;0;0;0;0;0;0;263
150100;231;0;0;5;4;0;0;1;0;0;1;0;0;242
150110;3;0;0;0;0;0;0;1;0;0;0;0;0;4
150120;28;0;0;0;0;0;0;0;3;0;0;1;0;32
150130;5556;421;288;883;830;846;1123;885;1074;962;1271;895;750;15784
150140;236778;9252;6334;8395;9000;8175;8179;8131;7785;7278;6911;6390;4343;326951
150150;2262;183;95;144;121;117;88;76;108;75;62;126;47;3504
150170;1373;31;12;27;44;23;49;24;33;47;14;27;8;1712
150175;11;0;0;2;2;0;1;1;0;0;1;3;1;22
150180;2058;75;83;133;40;92;117;91;98;143;40;89;32;3091
150190;281;6;1;4;0;1;2;2;1;4;2;1;1;306
150200;202;0;0;0;0;0;0;0;0;0;0;0;0;202
150210;976;15;2;10;5;11;21;3;6;8;7;11;3;1078
150220;3158;69;79;70;73;86;63;33;59;68;122;85;20;3985
150230;537;43;7;18;8;1;60;0;33;15;5;3;1;731
150240;7367;427;269;337;236;439;372;354;289;338;408;291;285;11412
150250;9;3;0;0;0;0;0;0;0;0;17;0;0;29
150260;1;0;0;0;0;0;0;0;0;0;0;0;0;1
150270;2263;65;65;217;158;185;169;170;171;199;114;45;15;3836
150275;44;3;1;0;4;5;4;2;6;14;1;2;1;87
150280;71;2;0;0;0;0;0;0;0;0;0;0;0;73
150290;61;3;0;3;0;2;2;0;3;4;2;2;0;82
150293;7;1;1;0;0;0;2;34;0;0;0;0;0;45
150300;170;2;4;0;1;1;0;0;0;0;0;0;0;178
150307;109;17;12;1;1;12;3;12;10;7;5;2;10;201
150310;2;0;0;0;0;0;0;0;0;0;0;0;0;2
150320;309;1;0;5;1;1;5;2;4;0;11;7;5;351
150330;438;100;1;2;1;2;1;0;0;1;3;0;0;549
150340;104;4;1;2;0;0;2;0;3;0;0;0;0;116
150350;1195;86;32;53;64;50;33;34;72;49;64;62;18;1812
150360;2037;163;96;101;147;152;101;142;79;83;100;54;48;3303
150370;54;5;1;1;3;0;5;2;9;15;13;0;2;110
150380;109;6;1;18;1;22;18;14;16;19;26;6;1;257
150390;125;2;0;4;2;0;1;0;0;0;0;0;0;134
150400;2;0;0;0;0;0;0;0;0;0;0;0;0;2
150410;58;0;0;0;0;0;0;0;0;0;0;0;0;58
150420;11421;688;502;851;742;643;713;788;882;938;635;632;518;19953
150430;281;7;1;4;0;9;1;3;4;4;3;1;7;325
150440;32;3;3;0;2;0;0;4;2;1;1;0;0;48
150450;5;9;0;0;0;0;0;0;0;0;0;0;0;14
150460;25;3;3;2;0;1;0;0;3;0;1;0;0;38
150470;1469;73;36;61;59;69;61;72;89;62;49;61;25;2186
150480;605;6;9;2;3;1;2;0;9;1;2;6;5;651
150490;142;2;3;4;2;6;2;2;25;1;2;2;0;193
150500;211;2;13;11;2;4;6;0;4;1;0;1;0;255
150510;847;18;32;16;3;21;6;25;42;19;16;14;11;1070
150520;1;0;0;0;0;0;0;0;0;0;0;0;0;1
150530;4632;411;533;452;389;466;271;171;202;183;127;167;62;8066
150540;133;3;5;12;3;1;0;3;1;10;3;2;1;177
150543;3;0;1;0;5;0;0;0;0;2;69;24;2;106
150548;0;0;0;0;61;1;7;1;0;0;0;0;0;70
150550;4502;489;309;359;394;443;470;574;529;545;485;458;211;9768
150553;14;1;0;1;3;3;1;3;0;0;0;5;0;31
150560;193;4;2;10;8;1;1;0;6;0;2;0;0;227
150570;238;2;0;0;0;4;0;0;5;0;0;0;0;249
150580;601;13;22;30;49;10;13;5;5;5;5;12;2;772
150590;61;3;3;2;1;0;1;5;2;2;1;4;2;87
150600;753;26;33;42;27;15;18;52;166;95;34;19;7;1287
150610;310;47;0;0;0;17;0;0;0;0;0;0;0;374
150613;1179;120;68;52;89;79;116;150;209;123;93;58;34;2370
150616;203;21;1;4;10;15;18;15;9;28;20;3;2;349
150618;743;144;113;106;50;52;65;98;98;104;158;112;46;1889
150620;343;4;2;6;4;4;5;4;4;0;2;0;0;378
150630;238;3;0;0;0;0;0;0;0;0;0;0;0;241
150640;4;0;0;0;0;0;0;0;0;0;0;1;0;5
150650;2127;106;52;69;95;81;110;108;123;148;76;61;37;3193
150660;494;16;2;6;1;7;5;7;2;5;4;3;1;553
150670;969;108;56;52;81;54;57;59;89;92;78;61;28;1784
150680;14601;560;411;488;425;489;421;459;511;525;366;415;363;20034
150690;1;0;0;0;0;0;0;0;0;0;0;0;0;1
150700;216;25;2;7;3;15;4;19;9;10;7;10;10;337
150710;32;2;2;2;2;0;1;8;5;0;0;0;0;54
150720;313;190;13;10;7;7;13;9;8;3;12;2;3;590
150730;1250;83;77;46;45;61;137;144;74;92;49;49;34;2141
150740;525;116;14;14;5;18;14;34;73;19;25;1;7;865
150745;37;3;5;2;0;4;1;0;0;6;1;3;0;62
150750;61;1;2;1;0;0;1;3;0;4;0;2;1;76
150760;935;42;24;38;24;28;57;34;40;33;33;46;10;1344
150770;15;0;0;0;0;2;1;1;0;0;1;0;1;21
150780;279;11;3;3;10;10;17;11;12;7;14;9;8;394
150790;472;3;5;3;2;4;0;4;2;1;3;1;0;500
150800;969;26;51;35;36;33;31;59;60;40;75;46;13;1474
150810;9425;541;283;227;241;249;327;350;285;211;241;379;266;13025
150820;380;3;2;1;0;1;2;2;1;16;0;0;0;408
150830;122;8;5;9;11;14;19;19;5;8;4;8;3;235
150840;1388;64;57;175;105;281;163;168;127;83;95;238;16;2960
159999;291;51;19;29;56;28;44;82;25;53;46;37;12;773
160010;145;2;4;0;0;1;2;1;0;0;0;1;0;156
160020;15;10;1;0;6;0;0;0;5;2;3;2;0;44
160023;18;0;0;1;0;1;7;5;0;0;1;0;0;33
160027;2;0;0;0;0;0;0;0;0;0;0;0;0;2
160030;26005;811;787;676;541;703;1028;809;1002;1147;745;652;415;35321
160040;33;0;1;2;4;3;1;4;0;4;5;4;1;62
160050;16;1;0;0;0;0;0;2;0;0;0;1;1;21
160060;1897;96;74;109;159;167;127;160;164;99;126;49;22;3249
170040;11;1;0;2;1;0;1;1;0;0;2;0;0;19
170070;145;12;4;7;6;3;4;2;14;6;5;18;7;233
170100;68;1;0;2;0;2;0;0;5;0;0;9;1;88
170190;45;0;3;1;0;2;1;1;0;3;2;1;0;59
170200;317;3;3;4;30;12;9;9;1;4;7;4;0;403
170210;4505;312;139;222;213;170;409;291;266;201;243;256;179;7406
170220;96;1;1;1;0;0;1;3;3;0;1;2;2;111
170230;25;15;1;0;0;0;0;2;1;1;0;0;0;45
170240;214;6;1;2;0;0;0;0;0;0;2;4;0;229
170255;25;1;0;0;0;0;0;0;4;0;0;0;0;30
170270;70;0;0;0;0;0;0;0;0;1;0;0;0;71
170290;67;0;0;1;0;0;0;0;1;0;0;0;0;69
170300;120;23;0;0;1;0;0;0;0;0;0;0;0;144
170310;10;6;0;1;0;4;0;0;0;0;0;0;0;21
170370;34;9;0;3;2;1;0;2;0;0;0;0;2;53
170390;7;0;1;0;2;0;6;2;1;3;1;0;0;23
170550;586;20;5;11;47;96;38;30;16;14;16;7;4;890
170560;8;0;0;0;0;0;0;0;3;2;0;0;0;13
170600;23;0;1;2;2;2;1;1;2;1;2;2;1;40
170610;65;8;3;3;1;7;3;5;9;0;2;1;1;108
170700;142;14;5;2;13;11;8;22;22;4;7;3;1;254
170720;6;0;0;0;0;0;0;0;0;0;0;0;0;6
170730;167;17;7;10;2;12;2;4;1;5;6;6;7;246
170755;21;0;0;0;0;1;0;0;1;0;0;0;0;23
170765;133;4;0;6;7;2;1;2;1;3;7;3;0;169
170770;17;2;0;0;0;0;0;1;0;0;0;0;0;20
170820;1106;64;34;58;83;67;64;61;58;58;54;38;30;1775
170830;1;0;0;0;0;0;0;0;0;0;0;0;0;1
170900;123;7;2;18;7;2;0;2;0;0;0;0;0;161
170930;498;34;37;29;18;41;14;38;22;29;19;12;11;802
170950;3099;227;140;138;146;203;294;250;209;187;245;210;97;5445
171050;17;1;0;0;0;0;0;1;0;1;1;0;0;21
171070;30;0;0;1;0;0;0;0;0;0;0;0;0;31
171110;9;0;0;0;0;0;0;0;0;0;0;0;0;9
171240;2;1;0;0;0;0;0;0;0;0;0;0;0;3
171320;9342;57;30;39;58;192;304;198;221;191;144;120;73;10969
171330;189;7;1;1;0;3;11;6;5;3;6;6;2;240
171360;3;0;0;0;0;0;0;0;0;0;0;2;0;5
171420;97;0;1;0;1;1;1;2;1;0;2;1;0;107
171430;12;0;0;0;0;0;0;0;0;0;0;0;0;12
171488;58;3;0;0;3;0;1;0;2;0;3;0;0;70
171510;85;0;3;1;0;0;0;0;0;0;0;0;0;89
171575;51;0;1;2;0;17;2;3;1;1;1;0;0;79
171610;1083;26;19;35;25;36;61;80;37;46;19;24;24;1515
171620;21;0;0;0;0;0;0;0;0;0;0;0;0;21
171650;105;1;13;1;6;31;36;94;90;32;19;8;1;437
171660;254;7;4;0;4;3;3;4;8;5;8;3;1;304
171665;87;13;18;2;2;6;2;3;2;1;1;3;2;142
171670;39;0;0;0;0;0;0;0;0;0;0;0;0;39
171700;20;1;0;0;1;0;0;1;3;0;0;0;0;26
171750;153;12;2;0;0;0;0;2;1;0;1;0;0;171
171780;29;0;5;1;9;1;10;7;4;0;0;0;0;66
171790;8;0;0;0;0;0;0;3;0;0;0;0;0;11
171820;1019;98;53;49;48;42;97;62;106;94;123;70;46;1907
171840;35;0;1;0;0;2;1;0;2;1;0;0;0;42
171875;1;0;0;0;0;0;0;0;0;0;0;0;0;1
172030;15;0;0;0;1;0;0;0;8;0;0;0;0;24
172065;1;0;0;0;0;0;0;0;0;0;0;1;0;2
172080;151;6;2;5;5;0;0;0;1;1;0;0;0;171
172090;39;0;0;3;0;1;0;0;3;0;1;0;0;47
172110;92;6;0;9;8;2;4;0;1;0;3;0;0;125
172120;847;29;28;38;24;15;12;12;28;6;7;2;3;1051
172208;137;10;6;5;10;35;17;18;3;6;10;3;2;262
172210;215;7;68;4;2;11;2;1;6;4;0;2;0;322
179999;1;0;0;0;0;0;0;0;0;0;0;0;0;1
210005;2464;272;172;292;291;273;336;441;406;375;333;356;178;6189
210010;1;0;0;0;0;0;0;0;0;0;0;0;0;1
210020;2634;33;15;2;4;24;5;122;97;94;28;2;0;3060
210030;321;3;1;0;0;0;0;7;1;2;0;3;0;338
210040;1;0;0;0;0;0;0;0;0;6;0;0;0;7
210050;76;2;6;3;0;0;0;0;1;0;1;0;0;89
210060;7;2;1;0;1;0;8;0;0;2;2;0;0;23
210070;9;0;0;0;0;4;0;0;0;1;0;0;0;14
210080;2;0;0;0;0;0;0;0;0;0;0;0;0;2
210090;20;0;0;0;0;0;0;0;0;0;0;0;0;20
210100;47;4;0;0;0;1;1;3;0;2;1;3;0;62
210110;3;0;0;0;0;0;0;0;0;0;0;0;0;3
210120;2914;115;73;83;61;85;81;78;87;62;57;69;36;3801
210130;17;0;1;0;0;0;2;0;1;0;0;0;0;21
210140;1096;21;18;19;20;21;25;34;28;30;31;22;38;1403
210150;421;5;8;3;2;5;2;12;7;2;10;6;1;484
210160;984;18;2;3;7;10;9;12;3;14;10;4;1;1077
210170;559;1;4;0;0;0;1;0;4;0;0;0;2;571
210180;1;0;0;0;0;0;0;0;0;0;0;0;0;1
210190;14;1;0;0;0;0;0;0;1;0;2;0;0;18
210200;231;16;1;0;5;3;19;17;9;5;3;1;4;314
210210;529;11;1;0;1;2;0;1;2;4;2;1;0;554
210220;16;1;1;0;0;0;0;0;0;0;0;0;0;18
210230;31;1;0;0;0;0;2;0;0;0;1;0;1;36
210240;201;66;0;0;0;1;0;0;0;0;0;0;0;268
210250;5;0;0;0;0;0;0;0;1;0;0;0;0;6
210260;15;7;0;1;0;0;9;0;0;1;0;0;0;33
210270;50;0;2;1;3;1;4;0;2;0;3;1;1;68
210280;796;26;10;69;30;23;27;24;24;27;7;16;13;1092
210290;11;0;2;1;0;6;2;1;1;2;1;0;0;27
210300;2273;77;53;64;47;92;88;85;65;81;54;41;17;3037
210310;1;0;0;0;0;0;0;0;0;0;0;0;0;1
210320;1355;22;29;117;20;57;5;17;9;1;30;2;0;1664
210330;3294;69;52;42;23;35;29;46;34;50;52;55;34;3815
210340;2512;62;46;80;62;125;351;246;81;78;61;40;25;3769
210360;1343;32;13;25;17;4;8;32;11;23;12;6;3;1529
210370;524;2;0;2;1;3;1;1;1;2;1;0;0;538
210380;216;19;3;8;10;5;0;9;4;1;2;2;0;279
210390;2;0;0;0;0;0;0;0;0;0;0;0;0;2
210400;1119;1;0;0;13;64;21;3;21;4;5;7;2;1260
210405;54;0;1;2;2;3;7;12;6;8;4;7;2;108
210410;193;4;0;0;1;0;2;2;0;0;5;0;0;207
210420;67;2;1;0;6;0;0;0;0;0;0;1;0;77
210430;114;7;8;8;2;2;4;22;20;29;38;4;0;258
210440;20;0;1;0;0;0;0;0;0;0;0;0;0;21
210450;13;0;0;0;0;0;0;0;0;0;0;0;0;13
210460;302;43;2;5;2;0;0;0;0;0;0;0;0;354
210470;1;0;0;0;0;0;0;0;0;0;0;0;0;1
210480;672;27;3;19;14;4;14;12;8;6;5;5;3;792
210490;8;0;0;0;2;0;0;0;0;0;3;0;0;13
210500;1;0;41;0;0;0;0;3;1;0;0;0;0;46
210510;1;0;0;0;0;0;0;0;0;0;0;0;0;1
210520;320;2;0;0;0;0;0;0;0;0;0;0;0;322
210530;15040;936;685;741;926;971;1172;1078;1169;1005;817;925;669;26134
210540;298;9;2;5;4;17;9;11;10;19;10;11;1;406
210550;395;34;3;23;20;21;26;58;38;61;7;13;0;699
210560;11;8;2;8;0;2;0;2;0;1;4;0;0;38
210570;211;4;3;7;1;2;1;3;1;3;8;9;2;255
210580;6;0;0;0;0;0;1;0;1;0;0;0;0;8
210590;1;0;0;0;0;0;0;1;0;0;0;0;0;2
210600;232;4;0;0;0;1;0;1;1;2;0;0;0;241
210610;2;0;0;0;0;0;0;0;0;0;0;0;0;2
210620;1;0;0;0;0;0;0;0;0;0;0;0;0;1
210630;1;0;0;0;0;0;0;0;3;0;2;0;0;6
210640;7;1;0;0;0;0;0;0;0;0;0;0;0;8
210650;4;0;0;0;0;0;0;0;0;1;0;0;0;5
210660;311;1;0;0;0;0;0;0;0;0;0;0;0;312
210670;8;0;0;0;0;0;0;0;0;0;3;0;0;11
210680;1;0;0;0;0;0;0;0;0;0;0;0;0;1
210690;219;6;5;4;2;1;6;2;3;1;11;1;0;261
210700;37;1;0;5;0;0;0;5;0;0;0;0;0;48
210710;51;1;0;0;0;0;0;1;0;0;0;0;0;53
210720;101;18;0;0;0;0;0;0;0;0;0;0;0;119
210730;1;0;0;0;0;0;0;0;0;0;0;0;0;1
210740;105;9;0;0;14;0;2;0;0;1;0;0;0;131
210750;818;14;7;25;12;12;20;22;9;22;8;10;14;993
210760;86;0;1;1;0;18;8;0;4;0;0;3;0;121
210770;25;0;0;0;0;0;0;4;0;0;0;0;0;29
210780;520;126;0;0;0;0;0;0;1;0;0;0;0;647
210790;29;0;0;0;0;1;0;1;0;0;0;0;0;31
210800;3;1;0;0;0;0;0;0;0;0;0;0;0;4
210810;22;1;1;0;0;0;0;2;1;0;0;0;1;28
210820;1826;78;95;38;71;76;59;65;52;43;39;31;13;2486
210830;63;1;1;1;6;5;1;2;2;7;0;3;0;92
210840;1;2;0;0;0;0;0;0;0;0;0;0;0;3
210850;172;2;2;0;0;0;8;0;2;1;8;0;1;196
210860;1745;57;20;29;23;30;26;24;35;91;63;56;41;2240
210870;393;9;4;0;1;3;0;2;5;1;3;3;1;425
210880;2;0;0;0;0;0;0;0;0;0;0;0;0;2
210890;535;16;0;0;0;0;0;0;0;0;0;0;0;551
210900;285;42;16;18;37;38;3;63;9;26;4;131;95;767
210910;340;14;7;4;13;26;42;21;19;2;46;72;2;608
210920;258;2;0;0;0;0;0;0;0;0;0;0;0;260
210930;23;0;10;1;11;0;0;0;0;0;1;1;4;51
210940;1;0;0;0;0;0;0;0;0;0;0;0;0;1
210950;20;0;0;0;2;0;0;2;2;0;3;1;0;30
210960;560;16;8;8;6;38;19;32;30;256;58;58;47;1136
210990;1679;80;60;61;88;50;76;46;73;76;98;64;33;2484
211000;780;36;47;25;33;29;32;90;90;44;63;48;23;1340
211010;4;0;0;0;0;0;0;0;0;0;0;0;0;4
211020;13;0;0;0;0;0;0;0;0;2;0;0;0;15
211030;150;8;0;40;0;0;0;0;0;0;0;0;0;198
211040;227;8;0;0;0;0;1;2;0;0;0;3;0;241
211050;755;1;5;2;24;177;130;76;93;128;87;33;5;1516
211060;179;6;0;1;2;0;0;0;0;0;0;0;0;188
211070;104;3;1;0;1;0;0;2;2;0;4;0;0;117
211080;1;0;0;0;0;0;1;0;0;0;0;0;0;2
211090;198;22;0;0;0;0;0;0;0;0;0;0;0;220
211100;13;0;0;0;0;0;0;0;2;0;0;0;0;15
211110;637;27;9;7;3;9;12;2;0;0;9;3;0;718
211120;1427;95;56;33;55;50;44;64;38;48;83;37;9;2039
211130;168666;5347;3185;3260;3671;4768;4774;4601;5029;4931;5110;5099;3581;222022
211140;145;9;1;1;0;2;1;0;0;0;1;0;4;164
211150;60;0;0;1;1;0;0;0;2;2;1;7;0;74
211160;10;0;0;0;0;0;0;1;1;0;1;1;0;14
211170;2;0;0;0;0;0;0;0;0;0;0;0;0;2
211180;45;0;1;0;0;1;1;0;0;0;0;0;0;48
211190;1;0;0;0;0;0;0;0;0;0;0;0;0;1
211200;13;0;0;2;0;2;0;5;4;1;2;5;1;35
211210;428;5;1;0;3;1;0;0;0;0;0;0;4;442
211220;859;82;27;56;55;65;93;41;36;60;57;19;33;1483
211230;177;7;5;5;3;0;14;3;9;0;6;1;0;230
211240;64;107;2;1;0;1;0;1;13;6;8;2;1;206
211250;3175;76;26;25;54;52;60;49;34;21;21;51;28;3672
211260;84;0;0;2;0;1;4;2;1;2;5;1;1;103
211270;537;5;1;1;1;2;0;3;5;1;4;5;2;567
211280;315;18;1;1;0;5;2;0;0;1;1;2;2;348
211290;71;0;1;1;1;0;0;0;1;2;0;0;0;77
211300;568;8;2;3;14;14;14;17;3;2;2;2;0;649
219999;595;20;4;7;7;6;11;7;6;3;7;11;6;690
220010;132;2;0;0;2;1;0;0;0;1;0;0;1;139
220020;490;68;0;2;2;8;2;0;1;2;3;2;1;581
220030;528;101;0;1;0;0;0;0;0;0;0;0;0;630
220040;358;38;4;7;8;13;16;90;65;22;38;95;6;760
220050;60;0;0;0;0;0;0;0;0;0;0;0;0;60
220060;234;1;1;0;0;0;0;4;0;1;1;3;0;245
220070;4;0;0;0;0;0;0;0;0;0;0;0;0;4
220080;100;1;0;0;0;0;0;0;0;0;0;0;0;101
220090;299;2;0;2;2;1;0;2;1;0;2;4;0;315
220100;3;0;0;0;0;0;0;0;0;0;0;0;0;3
220110;18;0;0;0;4;0;0;0;0;0;0;0;0;22
220120;637;54;1;1;0;4;3;5;1;1;3;3;0;713
220130;4;0;0;0;0;0;0;0;0;0;0;0;0;4
220140;170;37;0;0;1;0;0;0;0;0;1;0;0;209
220150;330;6;1;0;0;1;0;0;0;0;0;0;0;338
220160;184;4;0;0;1;1;1;0;0;0;0;0;0;191
220170;42;0;0;0;0;0;0;1;0;0;0;0;0;43
220180;97;0;0;0;0;0;0;0;0;0;0;0;0;97
220190;200;19;2;6;3;8;5;1;1;2;9;1;7;264
220200;451;1;0;3;2;9;9;20;10;3;2;27;6;543
220210;5;10;0;0;0;0;0;0;0;0;0;0;0;15
220220;1809;104;7;21;51;69;21;11;8;28;23;17;95;2264
220230;364;9;13;1;8;4;4;3;12;3;3;8;6;438
220240;76;0;0;0;0;3;0;0;2;0;0;1;0;82
220250;3;0;0;0;0;0;0;0;0;0;0;0;0;3
220260;177;2;0;1;0;1;1;1;5;0;0;2;0;190
220270;614;3;2;64;19;43;0;0;0;0;0;0;0;745
220280;30;1;0;0;0;0;0;0;0;0;0;0;0;31
220290;194;6;2;1;7;2;1;3;7;2;1;3;6;235
220300;4;0;0;0;0;0;0;0;0;0;0;0;0;4
220310;45;1;0;0;0;0;1;0;0;0;2;0;0;49
220320;42;0;0;0;1;0;0;0;0;0;0;0;0;43
220330;42;0;0;1;0;2;0;1;0;0;0;0;0;46
220335;11;0;0;2;4;0;0;0;0;0;0;0;0;17
220340;153;5;0;0;5;13;0;0;0;0;0;3;1;180
220342;2;0;0;0;0;0;0;0;0;0;0;0;0;2
220350;333;6;0;3;1;1;3;2;1;4;4;1;0;359
220360;97;2;0;0;0;0;1;2;0;0;0;0;0;102
220370;440;7;6;2;3;13;2;6;5;2;0;3;2;491
220380;16;0;0;0;0;0;0;0;0;0;0;0;0;16
220390;3308;96;33;33;91;53;87;71;36;100;69;43;16;4036
220400;154;6;0;0;2;1;3;5;2;3;2;0;0;178
220410;56;2;0;1;0;0;0;0;0;0;0;0;0;59
220420;59;0;0;0;0;0;0;0;0;2;0;0;1;62
220430;291;36;7;10;7;7;11;1;10;6;14;15;6;421
220440;32;1;3;0;0;1;0;4;0;3;0;0;0;44
220450;1084;33;11;16;7;39;22;62;5;12;34;19;5;1349
220460;6;0;0;0;0;0;0;0;0;0;0;0;0;6
220470;191;3;0;0;0;1;1;0;0;0;0;0;0;196
220480;90;0;0;0;0;0;0;0;0;0;0;0;0;90
220490;10;0;0;0;0;0;0;0;0;0;1;0;0;11
220500;133;1;0;0;1;0;0;0;0;0;0;1;0;136
220510;100;10;1;11;3;0;1;0;2;0;0;0;0;128
220520;163;6;0;1;0;0;0;1;1;0;0;0;0;172
220530;147;8;1;1;3;0;0;1;0;0;0;0;0;161
220540;9;0;0;0;0;0;0;0;0;0;0;0;0;9
220550;290;7;0;0;0;1;1;29;4;10;2;7;1;352
220560;162;2;0;0;0;2;2;7;4;0;0;0;1;180
220570;1181;10;7;7;5;7;11;7;3;6;19;3;3;1269
220580;182;0;1;0;2;1;0;0;0;0;0;2;0;188
220590;238;2;0;0;0;0;0;0;0;1;0;0;0;241
220600;18;0;0;0;0;0;0;0;0;0;0;0;0;18
220610;6;0;1;0;0;0;0;0;0;0;0;0;0;7
220620;877;57;18;17;13;4;36;186;79;61;90;65;15;1518
220630;26;2;0;0;1;0;0;0;0;0;0;0;0;29
220640;58;2;0;0;0;0;0;0;1;0;0;0;0;61
220650;52;1;2;1;1;0;0;1;0;0;0;0;0;58
220660;70;1;0;0;3;0;0;0;0;0;0;0;0;74
220670;108;0;0;0;0;0;1;0;0;0;0;0;0;109
220680;14;1;1;0;0;0;0;0;0;0;0;0;0;16
220690;152;5;1;1;0;0;0;4;0;0;0;1;0;164
220700;748;10;3;9;3;7;4;6;1;8;8;14;2;823
220720;34;7;1;3;2;1;0;0;0;3;0;0;0;51
220730;4;0;0;0;0;0;0;0;0;0;0;0;0;4
220740;2;0;0;0;0;1;0;0;0;0;0;0;0;3
220750;18;0;0;0;0;0;0;0;0;0;0;0;0;18
220760;11;0;0;0;0;0;0;0;0;0;0;0;0;11
220770;6920;227;104;176;204;177;230;300;247;224;176;179;122;9286
220780;268;6;4;0;2;5;5;26;25;3;6;4;2;356
220790;712;18;16;0;3;0;4;3;6;3;1;5;1;772
220800;5732;148;54;92;78;101;113;78;80;95;197;131;48;6947
220810;141;2;1;0;1;0;0;0;0;0;0;0;0;145
220820;402;41;2;33;15;25;75;3;20;9;26;42;12;705
220830;728;13;14;11;16;12;4;10;13;5;2;2;1;831
220840;1448;93;17;45;39;34;34;29;34;19;48;32;19;1891
220850;65;0;0;0;3;1;3;0;0;0;0;0;0;72
220860;64;5;3;2;0;0;2;0;0;0;0;0;0;76
220870;2;0;0;0;0;0;0;0;0;0;0;0;0;2
220880;55;3;0;0;1;0;0;0;0;0;0;0;1;60
220890;222;4;1;3;5;4;9;2;3;8;1;3;2;267
220900;94;0;6;0;1;0;0;0;0;0;0;1;0;102
220910;14;0;0;0;0;0;0;0;0;1;4;0;0;19
220920;3;0;0;0;0;0;1;0;0;0;1;0;0;5
220930;32;0;0;0;0;0;0;0;0;0;0;0;0;32
220940;116;3;0;0;4;0;1;0;0;0;0;0;0;124
220950;64;0;0;0;0;0;0;0;0;0;0;0;0;64
220960;371;0;0;4;1;0;0;3;1;0;0;0;0;380
220970;4;0;0;0;0;0;0;0;0;0;0;0;0;4
220980;198;0;0;0;0;2;15;9;0;0;1;0;0;225
220990;10;0;0;0;0;0;0;0;0;0;0;0;0;10
221000;379;10;4;14;4;0;0;1;1;0;0;1;4;418
221010;141;2;0;0;0;0;0;0;0;0;0;0;0;143
221020;17;0;0;0;0;0;0;0;0;1;0;0;0;18
221030;126;0;0;0;0;0;0;0;0;0;0;0;0;126
221040;77;4;2;2;5;2;2;2;2;3;3;2;2;108
221050;418;4;0;0;0;0;0;1;0;0;0;0;0;423
221060;604;17;2;24;16;11;3;4;4;5;5;2;10;707
221070;459;1;0;2;0;15;0;1;0;0;0;0;0;478
221080;142;8;2;2;1;1;0;0;0;0;0;2;0;158
221090;3;0;0;0;0;0;0;0;0;0;0;0;0;3
221100;131794;3925;2449;2703;2704;3493;3020;3104;2993;3087;2504;2390;1460;165626
221110;1007;16;6;12;10;8;16;182;33;55;18;16;8;1387
221120;90;0;0;0;4;0;1;0;1;3;4;1;1;105
221130;399;9;1;8;2;7;0;7;7;2;4;1;0;447
221140;5;0;0;0;0;0;0;0;0;0;0;0;0;5
230010;319;4;0;126;0;0;1;4;0;0;0;0;2;456
230020;1080;18;4;42;19;7;3;5;7;6;6;1;1;1199
230030;3422;23;3;24;10;2;3;17;10;34;12;11;4;3575
230040;1;0;0;0;0;0;0;0;0;0;0;0;0;1
230050;554;4;1;117;0;14;1;1;3;3;0;0;0;698
230060;300;0;0;0;0;0;0;0;0;0;0;0;0;300
230070;454;0;0;1;1;0;0;0;1;0;0;1;1;459
230075;4;3;0;2;0;0;2;0;7;1;2;4;4;29
230080;220;1;0;0;0;0;0;0;0;0;0;0;0;221
230090;183;3;2;0;0;1;0;0;0;0;0;0;0;189
230100;4121;194;72;132;163;156;204;266;307;180;159;95;77;6126
230110;3607;61;26;65;156;52;80;67;97;64;344;106;29;4754
230120;894;14;4;1;5;14;3;2;0;6;1;13;3;960
230130;482;11;2;44;7;4;1;0;0;0;0;0;0;551
230140;50;1;0;2;0;0;0;0;0;0;3;1;1;58
230150;457;5;0;0;0;1;0;0;0;0;0;0;0;463
230160;1355;5;3;18;4;8;1;2;2;0;0;0;1;1399
230170;1160;63;74;2;2;2;0;1;0;6;0;0;1;1311
230180;501;89;0;0;0;0;0;0;0;0;0;0;0;590
230190;2094;77;56;77;64;174;117;87;137;36;36;32;43;3030
230200;662;59;0;2;3;1;0;1;8;1;2;0;0;739
230210;967;19;14;8;7;5;3;3;3;17;9;11;1;1067
230220;107;10;5;11;10;4;13;6;15;3;31;1;3;219
230230;438;4;0;2;125;18;2;1;4;3;0;2;2;601
230240;1158;8;5;5;11;14;2;3;13;6;3;3;1;1232
230250;1082;36;15;31;144;39;12;21;25;10;16;7;6;1444
230260;1674;90;37;43;117;58;65;98;55;49;73;53;19;2431
230270;763;14;3;12;8;1;8;4;25;15;9;4;0;866
230280;2152;11;19;17;21;8;37;22;13;11;25;8;10;2354
230290;435;8;4;1;1;1;0;0;0;0;1;0;0;451
230300;82;46;14;23;16;5;0;1;1;1;2;0;0;191
230310;253;6;2;1;4;0;0;1;2;0;0;0;0;269
230320;643;14;1;160;20;3;0;0;0;0;0;0;0;841
230330;880;6;0;0;1;0;0;0;2;0;10;0;0;899
230340;243;2;1;31;8;18;0;0;0;0;0;0;0;303
230350;1277;85;57;90;130;43;72;130;117;74;131;41;111;2358
230360;484;49;4;0;0;0;0;0;0;0;0;0;0;537
230370;8388;405;340;399;416;410;421;358;518;361;403;288;170;12877
230380;1066;6;6;1;0;21;0;0;1;0;0;2;3;1106
230390;793;12;8;3;1;4;1;3;1;2;0;0;0;828
230400;997;5;0;0;0;0;0;0;0;0;0;0;0;1002
230410;1965;39;10;20;13;16;17;13;68;47;27;9;20;2264
230420;6123;230;169;261;186;256;233;181;228;171;173;182;135;8528
230425;8;0;0;0;0;0;0;0;0;0;0;0;0;8
230430;777;2;0;0;1;0;0;2;3;0;0;0;0;785
230435;7;1;0;2;0;0;0;1;0;0;0;0;0;11
230440;370945;14612;9200;11310;12462;12801;13245;13018;13721;12554;12134;11184;7834;515020
230450;309;5;0;0;0;0;0;0;0;0;0;0;0;314
230460;169;5;0;0;0;0;0;0;0;0;0;0;0;174
230470;729;29;1;2;0;3;0;0;0;0;1;0;0;765
230480;1;0;0;0;0;0;0;0;0;0;0;0;0;1
230490;495;66;5;0;1;0;1;0;1;2;0;1;0;572
230500;812;6;2;9;6;2;5;1;7;2;3;2;0;857
230510;22;0;0;1;0;2;0;0;0;0;1;0;0;26
230520;15;0;1;2;0;0;0;2;0;0;0;0;1;21
230530;754;16;1;3;2;4;2;14;129;83;30;7;2;1047
230535;396;3;56;35;14;44;4;6;4;0;2;1;3;568
230540;1043;44;8;11;7;11;27;33;17;35;16;10;3;1265
230560;1516;25;4;0;1;2;0;0;7;1;1;0;0;1557
230570;328;1;0;0;0;1;1;1;0;0;1;0;0;333
230580;1142;0;4;1;9;3;4;6;2;7;7;3;0;1188
230590;1044;27;0;0;0;0;0;1;0;0;1;0;0;1073
230600;775;2;0;0;5;1;0;2;6;1;2;0;0;794
230610;710;3;41;14;9;8;3;6;4;2;7;2;0;809
230620;208;1;2;1;10;0;0;5;1;2;0;0;0;230
230630;1469;32;3;3;4;7;4;0;10;67;3;17;4;1623
230640;3040;41;27;24;55;167;49;110;166;109;120;51;3;3962
230650;396;2;0;0;0;0;0;0;0;0;0;0;0;398
230655;261;3;0;0;0;0;0;2;0;10;0;0;7;283
230660;319;14;19;44;21;34;0;0;4;0;0;2;2;459
230670;797;39;6;0;1;0;0;0;0;0;0;0;0;843
230680;244;17;0;0;0;0;0;0;2;1;1;0;0;265
230690;1216;6;6;13;28;10;6;5;8;13;28;6;1;1346
230700;858;32;7;19;10;16;7;6;38;10;18;6;1;1028
230710;435;20;0;2;0;3;0;0;1;0;0;0;0;461
230720;7;1;0;1;1;0;0;0;0;0;1;0;1;12
230730;10332;550;499;539;430;585;523;458;481;394;307;273;129;15500
230740;528;12;7;12;4;6;1;5;40;0;0;0;0;615
230750;1449;322;1;2;4;1;6;3;1;0;2;1;0;1792
230760;2167;82;28;25;21;41;124;67;70;89;62;41;23;2840
230765;7730;462;322;515;477;543;683;548;660;518;419;366;152;13395
230770;11804;611;337;450;531;650;629;672;477;455;526;392;111;17645
230780;995;7;0;2;1;2;2;1;3;0;0;0;0;1013
230790;56;18;0;0;0;0;0;0;0;0;0;0;0;74
230800;1438;24;0;2;1;0;1;0;1;1;0;0;0;1468
230810;83;1;2;0;0;1;0;0;2;0;5;0;0;94
230820;536;1;32;8;1;1;0;0;0;0;0;0;1;580
230830;853;83;45;30;158;21;4;5;11;5;8;5;3;1231
230835;449;4;0;0;0;0;0;0;0;0;0;0;0;453
230840;573;2;1;45;18;4;2;3;2;0;1;0;0;651
230850;1364;18;5;1;5;3;5;2;4;1;4;3;1;1416
230860;241;304;33;27;0;0;0;0;0;0;0;0;0;605
230870;3349;39;9;286;32;48;100;30;63;63;30;18;14;4081
230880;546;20;0;0;0;0;0;0;0;0;0;0;0;566
230890;478;8;0;0;0;0;0;0;0;0;0;0;0;486
230900;359;61;1;0;0;0;0;0;0;0;0;0;0;421
230910;127;7;0;0;0;0;0;0;0;0;0;0;0;134
230920;342;3;0;1;4;0;6;3;7;2;2;2;1;373
230930;994;5;16;6;2;0;0;0;1;0;2;0;0;1026
230940;783;19;2;16;1;109;6;4;1;0;0;0;0;941
230950;937;14;1;28;26;7;5;11;2;2;3;2;0;1038
230960;2188;69;536;199;164;109;156;122;121;92;72;65;31;3924
230970;1647;353;140;156;119;139;117;125;143;104;198;106;91;3438
230980;339;9;1;8;2;1;0;1;1;0;0;1;1;364
230990;287;5;3;12;1;0;0;1;2;0;0;0;0;311
231000;308;4;1;0;12;23;7;3;6;1;2;3;2;372
231010;303;3;0;0;0;0;0;0;0;0;0;0;5;311
231020;1042;3;2;23;16;16;47;68;242;47;22;6;6;1540
231025;504;10;12;1;2;6;6;8;83;59;19;21;12;743
231030;900;12;3;0;0;0;0;0;1;0;0;0;0;916
231040;132;1;1;0;0;4;0;0;0;0;0;0;0;138
231050;746;2;0;2;0;6;0;6;0;9;32;2;0;805
231060;169;3;0;0;0;0;0;1;0;1;0;0;0;174
231070;752;2;5;13;10;5;2;6;6;3;1;0;0;805
231080;387;6;8;6;2;1;0;0;0;0;0;0;1;411
231090;265;6;0;1;1;0;3;0;0;6;0;8;3;293
231100;400;0;0;0;0;0;0;0;0;0;0;1;0;401
231110;212;45;0;0;0;0;1;0;0;0;0;0;0;258
231120;440;8;7;33;8;6;5;2;6;7;5;1;3;531
231130;3102;45;25;36;33;93;30;61;50;69;44;27;9;3624
231135;524;10;1;3;0;0;0;0;0;0;0;0;0;538
231140;1882;68;11;21;18;6;11;5;21;55;8;3;3;2112
231150;595;5;0;0;0;0;0;0;2;0;2;0;0;604
231160;1050;23;112;7;13;33;14;21;14;27;14;2;3;1333
231170;379;1;5;54;0;1;0;0;0;1;0;0;0;441
231180;978;26;26;44;24;28;53;31;12;30;15;10;11;1288
231190;357;1;0;0;0;0;0;0;0;0;0;0;0;358
231200;277;7;0;0;0;0;1;0;2;161;48;0;0;496
231210;509;0;0;0;0;0;1;0;0;0;0;0;0;510
231220;1190;15;5;4;6;2;2;9;2;4;7;12;3;1261
231230;531;9;1;4;2;1;1;0;4;4;1;3;2;563
231240;282;3;7;14;7;6;2;4;12;28;7;3;7;382
231250;337;6;0;4;1;1;4;0;1;2;0;0;0;356
231260;414;12;25;19;3;6;1;0;1;1;2;1;0;485
231270;232;39;52;38;19;16;8;13;8;4;6;7;2;444
231280;561;0;0;1;0;0;0;1;2;0;0;0;0;565
231290;9824;427;284;671;404;310;264;235;401;369;358;286;181;14014
231300;924;6;6;2;2;1;5;1;4;9;0;0;0;960
231310;721;18;14;4;7;3;15;14;6;6;15;7;4;834
231320;1526;205;0;0;0;0;0;0;8;6;1;1;3;1750
231330;2146;3;2;1;45;5;1;0;4;13;6;1;1;2228
231340;1563;22;9;7;8;6;10;7;48;19;25;29;15;1768
231350;642;22;2;0;1;0;4;1;0;1;0;3;1;677
231360;643;6;3;5;2;1;2;1;5;2;5;2;3;680
231370;363;0;0;0;0;0;0;0;0;0;0;0;0;363
231375;17;2;0;5;0;0;1;0;2;4;1;1;1;34
231380;943;90;73;58;35;123;75;40;148;132;7;4;42;1770
231390;717;0;0;0;0;0;0;0;1;0;0;0;0;718
231395;162;19;1;3;2;0;0;0;0;3;0;0;0;190
231400;205;1;1;1;0;4;1;0;2;15;7;21;0;258
231410;887;11;1;3;1;1;1;0;0;6;0;0;0;911
239999;7753;228;115;175;565;422;183;213;197;173;223;229;93;10569
240010;289;0;0;1;0;0;0;1;1;1;1;0;1;295
240020;1530;77;104;145;113;121;75;121;99;275;334;507;92;3593
240030;208;2;0;1;1;0;0;0;0;0;1;0;0;213
240040;96;1;0;0;0;0;0;0;0;0;0;0;0;97
240050;332;42;1;0;0;0;1;1;0;1;0;0;0;378
240060;99;7;0;1;0;0;0;0;0;0;0;0;0;107
240070;474;8;17;2;19;9;19;21;85;59;50;1;0;764
240080;810;3;31;3;2;4;1;3;1;1;1;0;0;860
240090;3;0;0;0;0;0;0;0;0;0;0;0;0;3
240100;882;10;2;0;1;2;1;6;1;3;0;0;0;908
240110;2311;124;30;14;79;63;82;25;32;22;21;31;22;2856
240120;3359;80;142;227;90;188;89;110;446;348;241;61;142;5523
240130;345;26;20;23;21;10;5;1;4;2;1;0;0;458
240140;274;3;1;2;0;8;25;18;5;31;83;3;1;454
240145;22;0;0;0;0;0;0;0;1;0;0;0;0;23
240150;134;3;0;0;0;0;0;0;0;0;0;0;0;137
240160;123;1;0;0;0;0;0;0;29;0;0;0;0;153
240170;183;22;15;2;2;2;1;4;2;1;1;0;0;235
240180;81;5;1;0;2;0;0;0;0;0;0;0;0;89
240190;97;5;3;1;0;1;0;4;0;0;1;0;0;112
240200;2733;77;60;40;47;91;136;75;53;82;82;40;48;3564
240210;134;1;0;0;1;0;0;1;0;0;0;0;0;137
240220;687;19;14;32;26;35;20;17;201;30;54;59;31;1225
240230;280;47;11;44;19;22;22;38;13;0;4;5;45;550
240240;52;0;0;1;0;0;0;0;0;0;0;0;0;53
240250;209;1;0;0;0;0;0;0;0;0;0;0;0;210
240260;3572;156;96;35;43;283;229;147;920;121;207;31;45;5885
240270;393;1;6;4;0;0;1;0;0;0;0;22;0;427
240280;15;1;0;3;0;0;0;0;0;1;0;0;0;20
240290;23;2;0;0;0;0;0;0;0;0;0;0;0;25
240300;189;1;0;13;0;1;1;1;0;0;0;0;0;206
240310;2995;86;72;62;113;55;74;78;68;253;58;77;35;4026
240320;1;0;0;0;0;0;0;0;0;0;0;0;0;1
240325;7190;357;298;407;349;480;517;512;610;555;385;293;135;12088
240330;64;4;0;0;2;1;0;0;5;0;0;0;0;76
240340;85;0;4;0;5;1;0;2;6;0;0;0;0;103
240350;136;0;0;0;0;0;0;0;0;0;0;0;0;136
240360;219;10;7;18;21;60;30;17;20;19;25;42;18;506
240370;153;7;0;1;7;6;0;1;0;0;1;0;0;176
240380;263;3;44;14;3;5;21;0;1;0;0;0;0;354
240390;132;20;0;0;0;0;0;0;0;0;0;0;0;152
240400;128;0;1;1;0;0;0;0;0;0;0;0;0;130
240410;170;1;3;8;7;3;7;8;2;1;3;1;0;214
240420;292;13;3;10;7;26;9;23;19;7;23;4;4;440
240430;247;7;0;1;0;0;0;1;0;1;22;1;1;281
240440;350;127;7;14;8;3;6;4;6;12;2;7;12;558
240450;182;9;1;0;13;57;20;10;7;3;2;4;0;308
240460;176;1;2;3;0;0;0;1;3;0;0;0;0;186
240470;888;22;47;67;35;29;31;166;205;172;183;101;96;2042
240480;91;0;0;0;0;0;0;0;0;0;0;0;0;91
240490;281;85;39;23;38;2;35;20;12;17;3;3;1;559
240500;153;8;9;1;0;0;1;0;1;2;0;1;0;176
240510;38;0;0;0;0;0;0;2;2;5;0;0;0;47
240520;265;5;0;4;0;1;0;0;1;0;0;0;0;276
240530;119;11;0;0;0;0;0;0;0;0;0;0;0;130
240540;183;2;0;0;0;0;0;0;0;0;0;0;0;185
240550;85;9;1;0;8;1;0;0;0;0;0;0;0;104
240560;375;4;2;0;1;0;1;0;0;0;1;7;0;391
240570;691;42;47;35;12;9;12;46;57;44;5;85;126;1211
240580;710;13;14;38;8;6;3;24;3;5;6;7;0;837
240590;110;0;2;0;0;0;0;1;0;0;0;0;0;113
240600;118;6;0;0;0;0;0;1;0;0;0;0;0;125
240610;263;4;0;0;0;0;0;0;0;0;0;0;0;267
240620;104;5;1;5;0;2;0;0;1;0;0;0;0;118
240630;56;1;1;4;0;1;1;0;0;0;0;0;0;64
240640;93;1;4;0;3;1;1;0;0;1;0;0;0;104
240650;174;1;0;1;0;0;0;1;2;0;1;0;0;180
240660;2;0;0;0;0;1;0;0;1;0;0;0;0;4
240670;415;18;0;0;0;0;0;0;0;2;0;0;1;436
240680;158;0;0;0;0;0;0;0;0;0;0;0;0;158
240690;104;2;1;0;4;0;41;0;2;3;0;0;0;157
240700;153;15;0;0;0;0;0;0;0;0;0;0;0;168
240710;2893;27;24;41;60;78;164;138;39;71;51;23;10;3619
240720;3137;101;45;49;72;49;51;76;68;77;123;85;92;4025
240730;172;46;0;0;0;0;0;0;0;0;0;0;0;218
240740;138;1;0;0;0;1;0;1;0;0;0;0;0;141
240750;174;4;2;7;3;5;15;6;23;17;7;20;20;303
240760;178;1;0;0;0;0;0;0;0;0;0;0;0;179
240770;194;1;0;0;2;0;0;0;2;0;0;0;0;199
240780;189;5;0;0;6;1;1;0;1;1;2;0;2;208
240790;189;4;4;3;14;1;8;2;2;2;0;3;0;232
240800;19093;1133;576;692;614;734;913;1083;959;849;722;665;398;28431
240810;118210;4736;3452;3985;3994;4236;4089;4497;4451;3736;3965;3412;2320;165083
240820;353;50;7;14;4;9;13;5;36;40;7;6;3;547
240830;665;5;11;109;10;31;5;8;4;6;2;0;1;857
240840;108;2;2;9;9;0;0;0;0;0;0;0;0;130
240850;121;20;6;2;2;1;15;2;3;4;1;1;0;178
240860;104;3;7;6;3;3;5;2;4;0;7;9;6;159
240870;155;2;0;0;0;0;0;0;0;0;0;0;0;157
240880;71;5;1;6;0;0;0;0;0;0;0;0;0;83
240890;331;6;0;5;7;3;0;5;17;36;2;1;2;415
240910;150;0;0;0;0;0;0;0;0;0;0;0;0;150
240920;1;0;0;0;0;0;0;0;0;0;0;0;0;1
240930;282;17;7;10;2;1;10;3;3;1;2;1;1;340
240940;876;102;4;5;0;5;4;10;3;2;18;5;0;1034
240950;104;6;1;4;0;0;0;0;0;0;0;0;1;116
240960;104;26;0;0;0;0;0;0;0;0;0;0;0;130
240970;291;1;29;21;8;4;2;0;0;0;3;0;0;359
240980;271;30;0;9;0;5;0;22;1;10;11;0;1;360
240990;108;2;24;12;8;25;21;19;29;7;2;11;0;268
241000;8;88;0;0;0;0;0;0;0;0;0;0;0;96
241010;250;0;0;1;0;2;0;0;1;0;0;0;0;254
241020;44;19;0;1;0;0;0;0;0;0;0;0;0;64
241030;128;1;6;6;3;5;0;4;0;0;0;0;0;153
241040;129;1;0;3;1;0;0;1;3;0;1;0;1;140
241050;86;0;0;0;0;0;0;0;0;0;0;0;0;86
241060;152;1;6;0;0;0;0;0;0;0;0;0;0;159
241070;26;6;0;0;0;0;0;0;0;0;0;0;0;32
241080;118;57;0;0;0;0;0;0;0;0;0;0;0;175
241090;261;4;1;1;4;1;0;1;3;0;2;0;0;278
241100;99;2;0;0;0;0;0;0;0;0;0;0;0;101
241110;241;0;0;2;8;2;0;0;0;0;0;0;0;253
241140;503;3;0;1;0;0;4;1;0;0;1;2;9;524
241142;81;1;0;4;0;0;0;0;0;12;0;0;0;98
241150;326;3;4;0;1;4;0;12;0;0;3;4;1;358
241160;34;0;0;1;2;1;0;0;0;2;0;0;0;40
241170;158;12;17;0;0;0;3;2;0;1;0;0;0;193
241180;109;3;32;0;0;1;0;0;0;0;0;0;0;145
241190;1;0;0;0;0;0;0;0;0;0;0;0;0;1
241200;3975;205;185;237;265;241;245;263;241;169;133;138;90;6387
241210;116;0;0;6;0;0;10;0;0;0;0;0;0;132
241220;565;17;54;32;24;31;17;40;118;53;24;11;4;990
241230;249;3;5;9;0;0;1;1;3;1;0;0;2;274
241240;148;0;0;0;0;0;0;0;6;2;0;1;2;159
241250;109;3;1;0;0;2;1;1;0;0;2;1;0;120
241260;377;0;5;3;33;15;4;1;4;2;3;3;1;451
241270;162;3;0;26;0;0;1;0;0;0;0;0;0;192
241280;96;0;0;2;0;0;0;0;0;1;0;0;0;99
241290;393;4;1;0;2;3;2;12;1;1;2;0;0;421
241300;125;1;1;0;0;0;0;0;0;0;0;0;0;127
241310;16;15;0;7;0;0;0;0;0;0;0;0;0;38
241320;4;0;0;0;2;0;3;3;0;0;0;0;0;12
241330;247;2;1;5;0;0;0;0;0;0;0;0;0;255
241340;75;0;0;0;1;0;0;1;0;0;0;1;0;78
241350;119;0;0;0;0;0;0;0;0;0;0;0;0;119
241360;93;11;0;10;1;4;3;1;0;0;0;0;0;123
241370;180;2;0;0;0;0;0;0;0;0;0;0;0;182
241380;91;0;0;0;0;0;0;0;0;0;0;0;0;91
241390;42;0;0;1;0;0;0;3;0;0;0;3;3;52
241400;176;2;0;2;3;1;0;1;1;11;0;0;0;197
241410;22;0;2;0;0;0;0;0;3;0;0;0;0;27
241420;111;0;2;0;0;0;0;2;0;0;0;1;5;121
241430;1;0;0;0;0;0;0;0;0;0;0;0;0;1
241440;508;6;3;0;1;0;3;1;2;0;1;0;2;527
241450;240;1;0;16;1;5;3;0;2;2;2;1;0;273
241460;370;10;0;2;0;0;0;2;1;0;1;0;0;386
241470;58;0;0;0;0;0;0;1;0;0;0;0;0;59
241480;74;4;0;0;0;0;0;0;0;0;0;0;0;78
241490;1;0;0;0;0;0;0;0;0;0;0;0;0;1
241500;82;1;0;0;0;0;0;0;0;0;0;0;0;83
249999;613;19;3;8;13;7;9;12;3;6;1;6;4;704
250010;109;0;0;0;0;0;0;0;0;0;0;0;0;109
250020;433;0;0;1;0;0;0;0;0;0;0;0;0;434
250030;1071;9;0;1;5;1;6;0;1;1;39;6;1;1141
250040;601;4;1;1;2;10;2;2;2;3;2;0;0;630
250050;470;1;1;0;0;1;1;0;1;4;0;0;0;479
250060;814;28;13;16;29;19;13;33;45;20;9;9;6;1054
250070;1160;84;9;39;7;6;2;4;0;1;1;1;0;1314
250080;311;95;0;0;0;0;0;1;0;0;0;0;0;407
250090;335;3;0;1;0;1;0;0;6;0;0;0;0;346
250100;795;3;0;3;0;0;0;0;0;1;0;0;1;803
250110;2179;43;2;2;87;12;74;17;61;213;31;8;7;2736
250120;301;2;0;2;0;1;19;0;0;0;0;0;0;325
250130;995;0;0;0;1;2;2;0;0;0;0;0;0;1000
250140;190;6;4;0;12;0;0;0;4;2;1;1;1;221
250150;569;85;10;2;0;1;1;4;0;0;2;2;0;676
250160;583;0;0;0;4;0;4;0;2;0;3;0;0;596
250170;167;5;0;0;0;0;0;0;0;0;0;0;0;172
250180;6216;322;229;345;316;297;433;292;237;490;392;239;98;9906
250190;389;17;6;0;3;4;2;8;6;7;1;1;6;450
250200;96;2;0;0;0;0;0;0;0;0;0;0;0;98
250210;53;36;0;0;0;0;0;0;0;0;0;0;0;89
250220;295;0;0;0;0;0;0;0;0;0;0;0;0;295
250230;2;0;0;0;0;0;0;0;0;0;0;0;0;2
250240;777;9;0;0;0;0;0;0;0;0;0;0;0;786
250250;750;11;3;0;0;0;0;0;5;3;5;0;30;807
250260;474;3;0;0;2;1;0;0;0;0;0;0;3;483
250270;370;0;0;0;0;1;0;0;9;0;1;0;0;381
250280;399;8;6;0;5;0;0;0;0;0;0;0;0;418
250290;2;0;0;0;0;0;0;0;0;0;0;0;0;2
250300;2755;88;38;80;21;126;154;92;528;180;369;85;58;4574
250310;305;7;0;0;1;0;0;0;0;0;0;0;0;313
250320;4538;186;142;127;139;111;182;153;222;144;118;123;113;6298
250330;355;11;0;0;0;0;0;0;0;0;0;0;0;366
250340;134;0;0;0;0;0;0;0;0;0;0;0;0;134
250350;268;7;0;0;0;0;0;0;0;0;0;0;0;275
250360;602;3;0;1;0;1;1;0;0;0;1;0;0;609
250370;2772;37;21;39;57;17;74;37;59;38;29;32;11;3223
250380;84;5;1;0;0;0;1;0;0;0;0;1;0;92
250390;254;1;0;0;0;1;0;1;0;1;0;0;0;258
250400;32474;1139;919;1075;1296;1131;1110;1217;1388;1143;1038;1105;759;45794
250410;133;0;1;1;0;0;0;0;0;0;0;0;0;135
250420;62;0;0;0;0;0;0;0;0;0;0;0;0;62
250430;950;50;5;13;4;6;8;11;10;3;6;7;2;1075
250440;179;2;0;2;2;1;0;0;0;3;0;0;2;191
250450;35;0;0;0;0;1;0;0;0;1;0;0;0;37
250460;1081;62;81;55;73;37;56;21;23;32;22;25;25;1593
250470;124;0;1;0;0;0;0;0;0;0;0;0;0;125
250480;1274;11;4;3;1;8;3;8;5;13;2;7;0;1339
250490;694;24;1;1;0;2;1;3;0;2;2;2;0;732
250500;176;0;1;0;0;0;0;0;0;0;0;0;0;177
250510;702;7;10;15;6;0;15;11;3;4;2;6;1;782
250520;264;23;0;0;0;0;0;0;1;0;1;0;0;289
250530;120;2;0;0;0;0;0;1;0;0;0;0;0;123
250540;14;0;0;0;0;0;2;0;0;0;0;0;0;16
250550;98;1;0;0;0;0;0;0;0;0;1;0;0;100
250560;1;0;0;0;0;0;0;0;0;0;0;0;0;1
250570;223;6;0;2;0;0;0;0;0;1;0;0;0;232
250580;273;0;0;0;0;1;2;5;1;0;5;2;3;292
250590;1;0;0;0;0;0;0;0;0;0;0;0;0;1
250600;1195;15;4;8;13;10;7;12;2;10;7;8;5;1296
250610;336;0;0;0;0;0;0;0;0;0;0;0;0;336
250620;118;3;0;0;0;0;0;1;0;0;0;0;0;122
250630;2885;105;57;129;110;69;145;128;106;74;88;31;40;3967
250640;301;47;0;1;0;0;0;0;1;0;0;0;0;350
250650;1;0;0;0;0;0;0;1;0;0;0;0;0;2
250660;25;0;0;0;0;0;0;0;0;0;0;0;0;25
250670;23;0;0;0;0;0;0;0;0;0;0;1;0;24
250680;410;10;9;1;6;2;3;2;4;2;0;0;0;449
250690;1840;37;52;34;59;23;24;29;25;28;21;19;10;2201
250700;700;44;10;10;10;2;2;7;2;9;1;3;5;805
250710;554;6;2;4;1;0;1;0;0;4;13;6;0;591
250720;245;1;0;0;0;0;0;0;0;0;0;4;0;250
250730;705;108;0;0;0;1;2;1;1;1;0;0;0;819
250740;181;15;11;182;9;19;0;0;0;0;0;0;0;417
250750;151721;3103;2643;3531;3106;3290;3025;3310;2978;2928;2871;2651;1994;187151
250760;311;0;1;0;0;0;1;0;0;0;0;0;0;313
250770;398;12;0;1;0;1;1;0;0;1;1;1;1;417
250780;347;1;0;0;1;96;0;3;8;1;1;8;4;470
250790;195;14;4;10;9;9;2;1;9;4;9;3;1;270
250800;113;35;13;38;3;0;3;0;0;0;0;0;0;205
250810;186;0;0;0;0;0;0;0;0;0;0;0;0;186
250820;14;0;0;0;0;0;0;2;0;0;0;0;0;16
250830;496;30;4;41;1;1;6;6;7;4;1;1;0;598
250840;330;4;0;0;4;0;4;0;0;0;1;0;0;343
250850;159;0;0;0;0;0;0;0;0;0;0;0;0;159
250860;1139;10;25;28;37;72;24;43;32;9;2;1;4;1426
250870;2;0;0;0;0;0;0;0;0;0;0;0;0;2
250880;1;0;0;0;0;0;0;0;0;0;0;0;0;1
250890;1344;170;53;32;20;30;45;182;33;22;43;28;2;2004
250900;19;0;0;0;0;0;0;0;0;0;0;0;0;19
250910;643;41;4;4;2;3;2;2;3;3;1;0;2;710
250920;227;2;1;0;1;0;0;1;0;3;1;0;1;237
250930;487;7;35;18;3;22;9;10;14;87;6;7;4;709
250940;259;3;0;0;1;1;1;1;0;1;0;0;0;267
250950;201;7;11;16;1;2;0;0;0;0;0;0;0;238
250960;547;1;0;0;0;0;0;0;0;0;0;0;0;548
250970;953;185;4;1;1;1;5;0;2;2;2;3;1;1160
250980;48;0;0;0;0;0;0;0;0;0;3;1;0;52
250990;160;2;0;0;0;1;0;0;0;0;0;0;0;163
251000;417;1;0;0;0;0;0;0;0;0;0;0;0;418
251010;113;2;1;0;0;0;0;0;0;0;0;1;0;117
251020;4;0;0;0;0;0;0;0;0;0;0;0;0;4
251030;215;0;0;0;0;0;0;0;0;0;0;0;0;215
251040;95;1;0;0;0;0;0;0;0;0;0;0;0;96
251050;85;0;5;33;1;3;0;0;0;0;0;0;0;127
251060;164;6;0;0;0;0;0;0;0;0;0;0;0;170
251070;111;54;0;0;0;0;0;0;0;0;0;0;0;165
251080;3352;108;56;67;76;70;74;106;82;78;64;47;35;4215
251090;65;1;0;0;0;0;0;24;0;0;0;0;0;90
251100;260;8;0;0;0;0;0;0;0;0;0;0;0;268
251110;188;3;1;44;21;1;4;1;2;4;1;1;0;271
251120;2223;28;18;12;18;26;109;18;199;296;40;30;17;3034
251130;1658;4;4;1;0;3;3;6;2;9;1;1;1;1693
251140;554;9;7;2;2;8;11;2;3;3;15;2;1;619
251150;193;61;0;1;2;1;0;0;1;0;0;0;0;259
251160;314;5;0;0;1;0;0;0;0;0;0;0;0;320
251170;393;18;12;3;3;2;31;1;2;0;0;1;0;466
251180;439;4;0;1;0;1;0;6;8;11;16;7;1;494
251190;71;14;0;0;4;0;0;0;0;1;0;1;0;91
251200;444;33;5;6;2;6;2;8;2;2;2;5;3;520
251210;1154;20;7;32;13;10;13;16;23;17;9;4;3;1321
251220;1;0;0;0;0;0;0;0;0;0;0;0;0;1
251230;343;4;2;1;1;13;3;0;1;1;4;0;0;373
251240;309;7;0;0;3;2;1;1;3;0;0;4;0;330
251250;1202;26;14;8;9;30;16;11;15;12;10;6;3;1362
251270;444;21;3;0;1;1;0;4;0;0;0;0;0;474
251280;603;18;0;0;0;0;0;0;0;0;0;0;0;621
251290;2440;40;34;28;31;72;43;49;218;191;77;91;53;3367
251300;1;0;0;0;0;0;0;0;0;0;0;0;0;1
251310;835;150;0;1;0;0;0;0;0;0;3;0;0;989
251320;85;1;0;0;0;0;0;0;0;6;1;0;0;93
251330;9;0;0;0;0;0;0;0;0;0;0;0;0;9
251340;433;10;1;15;1;4;6;1;5;0;0;1;2;479
251350;1;0;0;0;0;0;0;0;0;0;0;0;0;1
251360;411;2;0;0;5;0;0;0;2;0;0;0;0;420
251370;8396;399;296;276;305;263;266;262;1187;768;518;329;134;13399
251380;155;12;0;1;1;1;0;0;3;0;0;0;0;173
251390;151;2;0;1;1;0;2;1;0;1;1;0;0;160
251400;510;16;2;7;18;4;2;9;3;2;13;8;1;595
251410;111;1;0;0;0;0;0;0;0;0;0;0;0;112
251420;318;10;5;3;1;1;2;2;1;1;8;2;0;354
251430;1;0;0;0;0;0;0;0;0;0;0;0;0;1
251440;79;1;0;0;0;0;0;0;0;0;0;0;0;80
251450;2203;94;3;1;0;0;2;39;7;3;1;0;2;2355
251460;208;21;0;0;0;0;0;0;0;0;0;1;0;230
251470;57;1;0;0;0;0;0;0;0;0;0;0;0;58
251480;229;2;0;0;0;0;0;0;0;0;0;0;0;231
251490;320;291;2;40;6;1;1;4;4;0;1;0;0;670
251500;131;0;0;0;0;0;0;1;0;0;0;0;0;132
251510;338;7;1;0;0;0;0;0;0;0;0;0;1;347
251520;77;0;0;0;0;0;0;0;0;0;0;0;0;77
251530;3042;24;14;15;14;13;24;37;30;35;19;18;9;3294
251540;226;0;0;0;0;0;0;0;0;0;0;0;0;226
251550;541;4;0;8;21;3;0;13;4;2;4;1;12;613
251560;1;0;0;0;0;0;0;0;0;0;0;0;0;1
251570;101;0;0;0;0;0;0;0;0;0;0;0;0;101
251580;182;7;0;0;0;1;0;1;0;0;0;0;0;191
251590;147;7;0;0;0;1;0;0;0;0;0;0;0;155
251600;799;8;7;9;1;10;6;11;2;2;3;1;3;862
251610;558;10;1;0;12;1;2;8;9;8;5;2;1;617
251620;3860;104;48;97;70;51;93;65;44;60;67;55;31;4645
251630;292;24;1;0;0;0;2;1;2;0;1;0;0;323
251640;297;19;26;36;1;7;3;0;1;2;0;0;0;392
251650;471;3;1;1;0;1;0;0;1;0;1;0;0;479
251660;43;1;0;0;0;0;0;0;0;0;0;0;1;45
251670;421;25;1;27;2;0;5;1;3;0;2;2;3;492
251680;1;0;0;0;0;1;0;0;0;0;0;0;0;2
251690;983;14;1;0;0;0;0;0;0;1;0;0;1;1000
251700;401;8;0;1;1;1;0;1;2;5;0;0;0;420
251710;83;0;0;0;2;0;0;0;0;0;0;0;0;85
259999;50;0;0;0;0;0;0;0;0;0;0;0;0;50
260005;1094;51;45;61;81;96;81;58;74;71;83;38;28;1861
260010;867;6;4;1;8;8;11;8;13;26;11;2;12;977
260020;49;2;2;0;0;2;0;1;0;1;1;5;0;63
260030;487;68;20;11;16;15;14;16;12;6;11;16;11;703
260040;1632;32;37;15;1;7;30;15;15;5;14;133;2;1938
260050;169;6;1;2;7;6;5;14;11;20;9;9;6;265
260060;457;4;0;7;0;0;7;0;1;0;3;0;0;479
260070;7117;204;96;61;77;69;24;145;932;617;190;115;34;9681
260080;577;0;1;3;2;3;39;9;2;0;0;1;0;637
260090;709;17;8;1;0;2;5;2;10;33;15;31;10;843
260100;181;2;0;0;0;2;7;7;2;2;1;0;0;204
260110;1962;65;22;35;36;119;39;90;53;60;48;33;22;2584
260120;3175;113;91;93;69;124;78;80;71;77;51;97;35;4154
260130;80;1;2;1;1;0;0;0;0;2;0;0;0;87
260140;6774;114;34;31;28;25;34;24;50;388;210;57;18;7787
260150;249;3;3;6;2;6;0;2;2;3;0;1;1;278
260160;305;16;11;7;15;5;28;27;23;11;8;5;6;467
260170;4033;252;119;148;148;212;187;210;287;131;146;110;67;6050
260180;214;0;0;0;1;0;0;1;1;1;0;0;0;218
260190;798;30;10;12;3;35;13;21;20;6;19;5;8;980
260200;299;2;0;0;0;0;2;1;1;0;0;0;2;307
260210;683;4;4;94;42;14;7;14;2;4;6;6;4;884
260220;431;12;4;5;2;5;3;14;4;11;7;1;7;506
260230;1696;55;15;18;33;33;102;78;24;65;46;34;21;2220
260240;95;3;0;0;0;0;0;1;0;0;0;1;0;100
260250;12;0;0;0;0;1;0;1;0;0;0;0;1;15
260260;303;36;0;1;3;1;8;3;1;0;0;7;3;366
260270;309;13;1;0;0;0;2;1;1;1;1;2;0;331
260280;488;75;3;4;3;5;2;3;0;1;0;1;0;585
260290;15622;571;389;392;675;464;514;549;386;812;520;451;172;21517
260300;552;12;6;13;14;17;5;20;10;6;17;23;15;710
260310;147;2;0;0;0;0;0;1;1;0;1;0;1;153
260320;198;11;0;0;0;0;0;0;0;0;0;0;0;209
260330;211;2;0;0;0;0;0;0;0;0;0;0;0;213
260340;40;0;0;0;0;1;0;0;0;0;1;0;0;42
260345;3178;142;98;109;75;119;96;130;114;66;119;144;49;4439
260350;197;0;1;0;2;2;1;0;1;1;1;0;0;206
260360;2787;10;78;16;18;345;145;29;151;828;69;30;113;4619
260370;511;14;2;4;4;1;4;4;3;4;4;2;1;558
260380;166;4;1;0;0;0;0;0;0;0;0;0;0;171
260390;238;2;0;0;0;0;0;0;0;0;0;0;0;240
260400;3675;114;55;102;160;111;118;77;135;146;167;76;65;5001
260410;15695;653;410;482;563;712;579;666;633;695;550;400;316;22354
260420;7135;100;109;35;34;35;34;44;58;332;65;54;12;8047
260430;197;3;1;0;0;1;0;0;0;0;0;0;0;202
260440;951;29;5;9;2;19;4;3;10;133;19;17;8;1209
260450;255;8;1;1;1;2;0;2;4;3;2;1;0;280
260460;407;7;17;2;3;4;2;4;5;3;3;2;5;464
260470;258;1;1;1;0;1;1;0;0;2;1;0;0;266
260480;3282;89;30;33;39;38;33;44;45;56;449;109;28;4275
260490;398;3;6;1;0;2;2;0;0;3;0;1;0;416
260500;263;2;0;2;2;2;0;1;1;3;0;7;1;284
260510;667;6;3;7;0;4;8;1;4;3;3;2;3;711
260520;13506;270;224;98;126;214;348;338;903;1740;487;308;210;18772
260530;489;14;1;0;0;0;0;0;0;0;0;0;0;504
260540;284;74;12;24;29;9;2;1;0;1;3;1;0;440
260545;19;36;5;3;2;1;6;3;3;0;3;3;0;84
260550;369;4;5;17;5;11;2;12;6;16;6;0;0;453
260560;344;2;1;0;0;0;0;4;0;1;0;0;0;352
260570;185;0;2;3;9;0;1;1;0;4;3;4;0;212
260580;265;99;3;0;0;0;0;0;0;1;0;0;0;368
260590;584;20;5;6;4;4;4;3;5;4;1;1;2;643
260600;6850;274;153;226;173;259;180;245;234;198;178;193;120;9283
260610;497;1;0;6;0;0;1;1;0;0;1;0;0;507
260620;12787;684;150;122;88;258;351;469;1627;1089;923;657;280;19485
260630;91;7;2;1;0;0;2;0;0;0;0;0;0;103
260640;2296;90;58;53;55;72;98;63;76;67;61;52;26;3067
260650;151;10;0;0;0;0;0;0;0;0;0;1;0;162
260660;183;15;0;0;4;9;3;2;3;2;2;12;1;236
260670;11;0;1;0;0;0;0;0;0;0;0;0;0;12
260680;10294;235;186;164;249;210;292;242;432;525;446;346;128;13749
260690;36;0;0;0;0;0;0;0;0;0;0;0;2;38
260700;98;2;0;0;0;0;0;0;0;0;0;0;0;100
260710;68;0;0;0;0;0;0;0;0;0;0;0;0;68
260720;8250;238;80;80;119;171;113;131;195;2110;250;167;65;11969
260730;329;5;2;11;4;9;11;4;16;4;6;16;4;421
260740;6;0;0;0;0;0;0;0;0;0;0;0;0;6
260750;353;4;1;6;3;2;0;2;3;8;2;1;4;389
260760;846;26;35;36;27;13;18;42;36;38;24;13;27;1181
260765;763;10;1;10;13;4;11;5;2;18;9;16;1;863
260770;601;11;5;2;1;0;1;0;0;0;0;0;0;621
260775;1103;25;7;4;12;24;22;43;26;19;29;12;15;1341
260780;415;10;3;1;3;4;32;2;0;41;0;4;0;515
260790;40453;1983;1152;1371;1607;2112;1965;1809;2281;2781;1964;1625;838;61941
260800;335;3;2;0;0;0;0;0;0;0;0;0;0;340
260810;158;12;1;3;3;3;1;3;2;0;0;3;0;189
260820;5628;200;68;24;7;15;29;16;23;854;335;67;35;7301
260830;213;1;0;0;0;1;0;0;1;0;1;0;0;217
260840;21;0;0;0;0;0;0;0;0;0;0;0;0;21
260850;1896;8;3;7;42;37;25;108;126;507;168;55;25;3007
260860;154;1;0;0;0;0;0;0;0;0;0;0;0;155
260870;269;9;0;0;0;0;1;0;0;0;0;0;0;279
260880;554;59;9;4;5;9;18;14;10;6;9;3;6;706
260890;2822;140;58;96;46;56;67;51;49;118;33;48;35;3619
260900;1458;172;7;22;5;20;16;5;48;86;42;12;16;1909
260910;299;2;1;0;1;0;27;3;22;0;1;0;0;356
260920;3306;110;38;35;53;46;48;50;104;441;136;73;55;4495
260930;301;0;2;0;0;3;1;0;0;0;0;1;0;308
260940;2401;128;88;85;142;77;157;39;72;122;64;30;12;3417
260950;7801;185;88;69;102;185;363;94;476;1454;410;237;78;11542
260960;21261;1197;885;1083;1028;1157;1252;1664;1297;1046;872;929;633;34304
260970;296;24;0;0;0;2;0;0;0;1;0;0;0;323
260980;253;23;44;3;61;71;39;2;14;13;0;0;1;524
260990;456;13;14;22;6;6;6;32;18;7;10;11;8;609
261000;5782;241;130;118;107;170;209;162;202;615;153;131;68;8088
261010;291;11;0;0;1;0;1;0;0;0;1;0;1;306
261020;612;73;7;3;7;3;2;3;1;3;0;0;0;714
261030;12;0;0;0;0;0;0;1;0;1;0;0;1;15
261040;124;3;3;0;0;25;1;1;2;1;1;0;0;161
261050;623;1;1;1;1;1;0;3;1;1;0;0;0;633
261060;2793;131;75;94;103;115;104;83;125;237;135;64;52;4111
261070;23127;521;390;713;828;1017;754;1027;860;634;653;501;283;31308
261080;341;5;0;0;2;0;2;10;3;1;0;0;0;364
261090;3439;83;41;108;338;214;79;154;199;306;145;73;59;5238
261100;2893;28;48;23;19;61;33;516;19;23;37;16;10;3726
261110;12340;670;758;636;621;1014;942;1158;824;676;659;450;350;21098
261120;132;2;1;0;0;3;0;1;0;0;0;3;0;142
261130;2301;42;21;12;9;13;28;27;17;68;460;64;19;3081
261140;329;12;7;4;6;28;5;10;10;32;7;3;3;456
261150;1561;32;25;8;3;5;26;30;39;143;20;13;10;1915
261160;438341;15036;10430;11450;12735;15607;15208;15556;15484;14693;13245;12740;8528;599053
261170;2591;20;12;3;0;0;4;1;0;1;101;12;13;2758
261180;4965;214;77;59;69;104;82;101;348;625;119;108;118;6989
261190;3709;73;24;5;18;14;13;10;38;177;112;240;4;4437
261200;119;7;2;2;1;0;0;0;0;0;0;0;0;131
261210;112;0;0;0;0;0;0;0;0;0;0;0;0;112
261220;1817;74;53;40;39;61;46;56;67;73;56;62;38;2482
261230;33;1;0;0;0;0;0;0;0;0;0;1;0;35
261240;1077;1;4;3;0;1;0;2;0;2;0;0;0;1090
261250;583;16;11;12;5;13;13;9;13;12;9;8;4;708
261260;1263;140;79;68;64;100;111;67;124;76;50;38;21;2201
261270;149;0;0;0;0;0;0;2;0;1;0;0;0;152
261290;290;3;0;1;3;0;1;2;0;2;1;0;0;303
261300;1342;10;5;6;2;14;5;7;13;5;10;1;0;1420
261310;638;23;3;9;1;0;3;6;2;3;2;1;1;692
261320;248;0;0;0;0;1;0;0;0;0;1;0;0;250
261330;202;1;0;0;0;1;2;0;0;0;0;2;0;208
261340;290;19;13;4;6;5;4;4;6;15;11;7;6;390
261350;664;27;7;0;4;1;1;0;2;1;2;2;0;711
261360;740;159;9;13;6;4;11;29;11;12;19;7;14;1034
261370;7737;179;85;122;162;234;163;220;363;427;150;122;110;10074
261380;178;12;1;1;1;0;0;1;0;1;1;0;1;197
261390;4310;97;65;35;86;50;80;63;139;222;144;48;110;5449
261400;174;8;2;0;0;0;0;0;0;0;0;0;0;184
261410;914;42;22;19;13;7;15;10;15;5;3;7;4;1076
261420;5841;56;11;21;392;315;28;16;529;1951;310;22;26;9518
261430;11;0;0;0;0;0;0;0;0;0;0;0;0;11
261440;14;0;0;0;0;0;0;0;0;0;0;0;0;14
261450;1830;28;16;31;19;31;14;12;20;22;14;13;8;2058
261460;512;145;2;0;0;6;0;3;3;3;1;0;1;676
261470;224;7;7;6;2;10;8;9;13;5;5;9;11;316
261480;82;37;1;3;0;20;1;4;3;0;0;7;5;163
261500;645;6;5;4;28;70;108;5;1;13;36;9;4;934
261510;113;0;0;0;0;0;0;0;1;1;0;0;0;115
261520;119;5;0;0;0;0;0;0;0;0;0;0;0;124
261530;7677;403;70;83;134;214;344;303;367;723;339;92;64;10813
261540;262;4;1;1;0;5;0;3;5;1;5;4;2;293
261550;878;13;26;2;31;4;9;9;31;121;14;3;0;1141
261560;364;11;17;13;5;6;25;15;14;9;46;29;15;569
261570;474;74;8;4;1;0;0;1;2;2;1;3;0;570
261580;270;1;1;0;0;0;0;0;0;0;0;0;0;272
261590;174;1;2;3;1;0;1;0;0;5;1;1;1;190
261600;149;56;2;2;2;2;1;2;0;0;0;0;0;216
261610;90;0;0;0;3;1;0;0;1;1;0;0;0;96
261620;186;29;1;11;4;2;1;0;0;0;0;0;1;235
261630;4680;50;18;6;17;155;60;53;100;558;185;57;29;5968
261640;6494;215;102;115;123;182;131;123;343;363;234;144;142;8711
269999;146;27;0;0;1;0;0;0;0;3;0;0;0;177
270010;355;0;0;0;0;0;0;0;0;0;0;0;0;355
270020;528;22;0;2;2;1;2;0;3;1;1;0;0;562
270030;11010;242;248;505;206;214;211;689;452;1256;857;183;107;16180
270040;4002;149;94;55;58;130;110;90;159;207;260;175;66;5555
270050;56;26;7;1;1;2;6;0;4;1;0;1;1;106
270060;243;10;7;8;5;10;5;4;5;10;16;7;6;336
270070;95;1;2;0;0;3;4;2;0;1;0;0;2;110
270080;177;4;0;0;0;0;0;0;0;0;0;0;0;181
270090;153;0;4;2;0;2;0;2;1;0;1;0;0;165
270100;3120;133;25;21;101;161;143;59;308;429;259;147;115;5021
270110;156;3;12;0;0;0;0;2;1;0;1;0;0;175
270120;310;12;3;0;2;0;0;0;0;0;3;1;0;331
270130;1559;40;8;12;21;18;37;35;35;53;76;52;36;1982
270140;2980;59;75;122;74;74;92;61;138;220;102;66;3;4066
270150;149;26;0;0;0;0;0;0;0;0;1;0;0;176
270160;306;0;0;1;0;4;0;0;1;1;0;0;0;313
270170;1011;21;58;59;40;21;26;10;21;99;36;11;15;1428
270180;103;0;1;0;0;0;1;0;0;0;0;0;0;105
270190;141;0;0;0;0;0;0;0;0;0;0;0;0;141
270200;176;0;0;0;0;0;0;0;0;0;0;0;0;176
270210;2168;60;35;42;34;27;79;52;54;149;78;59;23;2860
270220;272;0;3;0;0;0;52;9;0;0;0;0;0;336
270230;6466;204;114;234;210;288;147;280;348;884;658;691;326;10850
270235;4;0;0;2;0;0;0;0;0;0;0;0;0;6
270240;1914;32;16;48;108;169;96;94;108;39;92;31;3;2750
270250;17;1;0;0;0;0;0;0;0;0;0;0;0;18
270260;224;3;1;0;0;2;0;0;0;1;0;0;0;231
270270;109;3;0;0;0;0;0;0;0;0;0;0;0;112
270280;868;3;1;0;0;8;13;3;3;1;3;7;7;917
270290;489;0;1;2;1;0;0;0;0;0;1;1;0;495
270300;10;0;0;1;0;0;0;0;0;0;0;0;0;11
270310;25;0;1;0;0;0;0;0;0;1;0;0;0;27
270320;1280;49;64;22;11;17;18;24;78;148;30;41;14;1796
270330;4;0;0;0;0;0;1;1;0;0;0;0;0;6
270340;96;0;0;3;0;1;0;0;0;0;0;1;0;101
270350;126;12;1;2;0;3;0;0;3;5;0;5;2;159
270360;1725;23;21;2;7;11;19;38;61;121;98;52;11;2189
270370;166;0;1;0;0;1;0;0;0;4;2;0;0;174
270380;1905;19;21;12;16;13;5;5;17;124;31;63;9;2240
270390;270;1;0;0;0;0;0;0;0;0;0;0;0;271
270400;1643;23;15;16;3;35;17;13;8;129;23;18;20;1963
270410;442;18;142;1;1;0;2;0;14;149;45;0;1;815
270420;278;1;0;1;0;0;0;0;0;2;0;0;0;282
270430;151347;4385;3024;3914;3959;4006;4053;3757;4353;4395;4673;4716;2605;199187
270440;242;1;3;4;3;4;4;5;4;0;8;1;2;281
270450;291;56;28;6;5;5;0;6;20;2;7;27;1;454
270460;142;0;0;0;0;0;0;0;0;0;0;0;0;142
270470;3658;117;84;75;67;61;43;24;29;30;33;52;7;4280
270480;550;8;7;9;10;7;11;2;11;10;1;4;8;638
270490;84;2;0;0;0;0;0;0;0;0;0;0;0;86
270500;784;20;0;0;0;0;0;0;1;0;0;0;0;805
270510;1140;38;18;39;8;83;25;24;48;110;31;32;13;1609
270520;778;29;17;15;8;5;12;6;7;29;20;10;11;947
270530;149;4;0;0;0;1;0;0;0;0;1;0;0;155
270540;11;0;0;0;0;0;0;0;0;0;0;0;0;11
270550;2561;42;10;11;5;18;5;1;4;34;56;110;27;2884
270560;516;41;48;12;6;12;9;0;3;21;6;6;1;681
270570;608;19;0;20;8;13;3;16;11;8;10;6;2;724
270580;160;5;5;6;130;0;3;4;4;3;1;4;0;325
270590;1;0;0;0;0;0;0;0;0;0;0;0;0;1
270600;116;0;0;0;0;0;0;0;0;0;0;0;0;116
270610;330;0;0;0;0;0;1;1;0;0;0;0;0;332
270620;88;0;0;0;0;0;0;0;0;0;0;0;1;89
270630;2803;78;52;86;124;96;74;57;27;40;43;49;17;3546
270640;611;0;0;6;3;11;1;0;0;4;1;6;3;646
270650;400;32;1;7;2;2;3;3;0;10;1;5;0;466
270660;144;7;1;8;0;0;0;1;2;1;0;0;0;164
270670;2951;81;25;195;32;38;71;74;38;114;45;46;12;3722
270680;54;5;4;1;2;1;1;3;0;3;2;0;0;76
270690;1041;11;5;11;5;15;8;23;7;16;28;17;10;1197
270700;2;0;0;0;0;0;0;0;0;0;0;0;0;2
270710;101;0;2;6;7;1;2;30;3;4;2;2;1;161
270720;14;0;0;0;0;0;0;0;0;0;0;0;0;14
270730;3077;110;39;27;23;48;31;34;46;155;46;48;34;3718
270740;224;4;0;15;9;3;1;1;1;0;0;1;0;259
270750;355;4;4;13;9;6;3;2;3;1;1;1;0;402
270760;30;1;0;0;0;0;0;0;0;0;0;0;0;31
270770;3357;147;60;59;82;115;81;65;110;334;130;100;58;4698
270780;462;19;4;12;8;27;29;19;10;18;47;1;5;661
270790;529;7;5;4;2;5;9;28;3;0;2;2;0;596
270800;1077;25;8;7;3;42;5;12;3;7;1;5;1;1196
270810;150;0;0;0;0;0;0;0;0;0;0;0;0;150
270820;79;0;0;0;0;0;0;0;0;0;0;0;0;79
270830;3979;92;51;39;175;45;57;85;99;165;98;89;61;5035
270840;353;1;0;0;1;0;0;0;1;0;0;0;0;356
270850;4127;180;85;56;62;72;40;34;191;245;103;76;62;5333
270860;9068;201;122;131;116;203;256;253;351;896;335;231;128;12291
270870;188;0;0;0;0;0;0;0;0;0;0;0;0;188
270880;385;9;21;5;4;3;3;5;1;3;2;0;0;441
270890;668;22;10;10;11;12;12;10;10;10;7;7;6;795
270895;4;0;0;0;1;0;0;0;2;0;0;0;0;7
270900;224;3;0;0;1;0;0;0;0;0;0;0;0;228
270910;290;2;0;73;2;20;8;2;8;2;0;0;0;407
270920;449;3;0;0;1;1;0;0;0;0;0;1;0;455
270930;4816;259;43;48;47;59;62;87;43;92;249;97;33;5935
270940;642;14;3;3;10;2;6;7;9;10;3;2;9;720
280010;13;0;0;0;0;0;0;0;0;0;0;0;0;13
280020;346;10;9;3;4;5;1;3;3;5;8;2;1;400
280030;131773;6188;3887;4932;5430;5702;5025;4629;4929;4804;4554;3874;2525;188252
280040;280;3;6;1;5;3;2;3;2;11;3;1;7;327
280050;203;1;1;2;5;3;2;5;2;2;0;0;4;230
280060;1725;143;42;83;48;63;22;11;133;91;19;24;9;2413
280067;517;20;8;10;23;10;7;4;13;4;3;1;1;621
280070;5;0;0;0;1;0;0;0;1;0;0;0;0;7
280100;509;32;7;1;3;1;3;1;13;3;0;3;0;576
280110;6;0;0;0;1;0;0;0;0;1;0;0;0;8
280120;2383;10;18;10;84;147;502;545;310;249;85;0;0;4343
280130;467;9;1;10;9;9;4;6;7;9;10;8;9;558
280140;229;4;2;1;4;3;4;3;5;5;2;2;1;265
280150;936;18;12;22;57;22;43;29;8;11;13;21;42;1234
280160;144;0;0;0;0;0;0;0;0;0;0;0;0;144
280170;201;2;2;0;0;0;0;0;1;0;1;0;0;207
280190;161;0;0;0;0;0;0;0;0;0;0;1;0;162
280200;122;2;0;0;0;31;0;0;2;9;2;1;4;173
280210;6157;154;90;109;145;142;259;238;154;122;111;82;59;7822
280220;21;0;0;0;0;0;0;0;0;0;0;0;0;21
280230;196;4;0;4;1;9;1;3;4;7;4;2;0;235
280240;202;18;0;0;0;0;0;1;0;0;0;0;0;221
280250;2;0;0;1;0;0;0;0;0;0;1;0;0;4
280260;3;0;0;0;0;0;0;0;0;0;0;0;0;3
280270;181;10;0;0;1;0;0;3;0;0;0;0;0;195
280280;91;15;2;1;0;0;3;1;2;0;2;0;0;117
280290;2088;104;72;48;85;102;92;101;67;84;65;75;46;3029
280300;689;5;13;5;13;17;85;18;9;9;4;0;0;867
280310;99;4;0;0;0;0;0;0;0;0;0;0;0;103
280320;1039;22;16;29;23;130;32;53;51;43;71;37;33;1579
280330;495;3;2;0;1;1;0;2;1;4;0;0;0;509
280340;34;3;0;0;0;0;1;1;0;0;0;0;0;39
280350;2530;68;38;66;45;82;64;62;60;53;46;25;37;3176
280360;3841;184;48;34;31;31;20;28;32;51;306;33;23;4662
280370;293;3;1;0;0;0;0;0;1;0;0;0;0;298
280380;33;1;3;1;0;1;2;1;1;0;0;2;2;47
280390;228;0;0;0;0;0;0;0;0;0;0;0;0;228
280400;854;18;13;26;22;21;8;26;7;38;14;11;13;1071
280410;149;0;0;0;0;0;0;0;1;0;2;0;0;152
280420;32;4;2;1;8;2;2;1;3;0;1;0;0;56
280430;2;0;0;1;0;0;0;0;0;0;0;0;0;3
280440;1521;41;17;27;36;28;40;40;39;188;70;42;14;2103
280445;244;2;2;0;1;0;1;0;0;0;0;0;0;250
280450;557;32;6;13;13;13;13;6;12;10;14;22;3;714
280460;250;7;0;13;5;7;2;6;3;2;1;4;0;300
280470;147;1;5;7;6;2;9;2;2;3;1;1;2;188
280480;3884;332;192;247;216;233;167;210;264;185;187;181;124;6422
280490;723;43;15;37;18;24;24;12;55;107;28;19;4;1109
280500;6;0;0;0;0;0;0;0;0;0;0;0;0;6
280510;130;1;0;0;1;0;1;1;0;2;1;0;0;137
280520;1;0;0;0;0;0;0;0;0;0;0;0;0;1
280530;128;1;0;0;0;0;1;0;0;0;0;0;0;130
280540;52;3;0;3;1;0;0;0;0;1;0;0;0;60
280550;108;2;0;0;2;0;1;0;4;4;2;3;0;126
280560;492;25;0;0;0;1;0;0;0;0;0;3;3;524
280570;1934;57;26;29;18;50;54;36;52;44;37;9;7;2353
280580;346;0;0;0;0;0;1;1;0;0;9;7;0;364
280590;932;65;36;59;31;53;40;32;22;17;13;10;15;1325
280600;305;9;5;2;0;4;1;4;2;4;1;1;1;339
280610;1986;350;197;261;328;405;227;253;167;185;107;172;127;4765
280620;266;11;11;7;5;2;1;4;79;2;1;3;3;395
280630;101;2;1;1;4;1;0;1;3;4;4;1;2;125
280650;3;0;0;0;0;0;0;0;0;0;0;0;0;3
280660;496;12;3;75;9;13;15;1;14;21;2;25;23;709
280670;3067;65;54;41;58;47;53;34;49;91;57;36;25;3677
280680;284;2;0;1;1;0;0;1;4;0;0;0;0;293
280690;2;1;0;0;0;0;0;0;0;0;0;0;0;3
280700;1;0;0;0;0;0;0;0;0;0;0;0;0;1
280710;965;29;8;8;7;9;7;14;29;15;12;12;9;1124
280720;286;8;13;1;2;2;0;1;0;4;4;38;0;359
280730;30;0;0;0;0;0;0;0;0;0;0;0;0;30
280740;667;16;6;14;15;14;19;18;18;9;26;14;4;840
280750;181;1;0;2;0;0;2;0;0;0;0;0;0;186
280760;185;2;3;4;1;2;1;2;5;1;7;16;13;242
290010;24;34;0;49;3;28;0;0;0;0;0;0;0;138
290020;1;0;0;0;0;0;0;0;0;0;0;0;0;1
290030;30;1;0;1;1;0;9;4;0;2;0;0;0;48
290040;28;10;8;0;0;0;0;0;4;0;0;0;2;52
290050;41;0;0;0;0;0;0;0;0;0;0;0;0;41
290060;286;2;0;7;4;0;3;0;1;0;0;0;1;304
290070;7931;395;206;365;238;259;305;275;273;289;226;175;120;11057
290080;1359;32;30;56;65;62;82;48;52;48;38;85;38;1995
290090;146;2;0;1;0;1;0;0;0;0;0;0;0;150
290100;346;16;4;10;17;5;5;14;7;4;16;10;7;461
290110;2891;132;58;25;58;64;64;160;55;772;393;119;62;4853
290115;12;20;4;2;1;2;7;4;1;0;1;1;0;55
290120;325;1;8;22;6;1;3;8;0;0;0;1;1;376
290130;28;0;0;0;0;1;0;0;0;1;1;0;0;31
290135;965;78;28;20;29;29;61;35;42;38;16;34;16;1391
290140;39;1;2;0;0;2;3;0;1;0;0;0;1;49
290150;48;1;0;0;0;0;0;0;1;0;0;0;0;50
290160;190;0;2;0;1;0;0;1;1;0;0;0;1;196
290170;190;9;0;0;9;1;4;6;5;2;1;3;3;233
290180;70;7;8;3;5;2;3;2;0;1;1;1;1;104
290190;19;0;0;0;0;0;2;0;0;0;0;0;1;22
290200;123;29;0;0;6;0;0;1;0;0;0;0;0;159
290205;22;4;10;14;6;11;1;3;1;5;1;0;0;78
290210;644;22;8;14;4;5;7;8;26;63;6;14;11;832
290220;121;1;0;0;0;0;0;0;0;0;0;0;0;122
290225;165;34;20;25;6;8;6;2;1;1;1;0;2;271
290230;172;1;0;0;1;0;0;0;0;0;1;1;0;176
290240;289;83;0;0;1;0;1;2;0;3;1;0;0;380
290250;12;0;0;0;0;0;0;0;0;0;0;0;0;12
290260;215;2;3;3;1;1;1;0;0;0;1;1;0;228
290270;330;6;11;7;3;6;3;4;1;4;17;2;0;394
290280;107;2;1;7;3;0;1;14;0;0;0;0;2;137
290290;417;11;6;13;3;5;12;4;3;2;2;0;1;479
290300;147;39;2;0;1;0;3;1;2;2;0;0;3;200
290310;180;14;2;5;5;3;2;1;0;6;3;1;0;222
290320;3664;261;223;301;378;420;390;298;343;324;177;166;153;7098
290327;5;2;0;0;0;0;0;0;0;0;0;0;0;7
290330;242;5;2;3;0;1;2;0;0;0;0;1;0;256
290350;235;8;1;14;2;0;0;2;2;1;0;1;6;272
290360;345;13;9;18;2;2;0;0;2;0;0;0;0;391
290370;175;1;0;1;0;1;0;0;0;2;0;1;0;181
290380;146;16;7;1;0;3;5;0;4;1;2;0;0;185
290390;3949;115;96;80;69;85;78;150;81;46;47;34;34;4864
290400;63;1;0;0;4;0;0;0;0;0;0;0;0;68
290410;1033;13;4;139;5;8;4;6;21;8;3;1;1;1246
290420;12;0;0;0;0;0;1;0;0;0;0;0;0;13
290430;259;6;7;4;5;6;15;25;18;11;4;6;2;368
290440;8;0;0;2;0;0;0;0;1;0;0;0;0;11
290450;3;0;0;0;0;0;0;0;0;0;0;0;0;3
290460;3820;61;48;46;76;77;89;173;264;127;86;100;67;5034
290470;459;49;27;60;6;16;16;4;15;12;6;8;5;683
290475;2;0;0;0;0;0;0;0;0;0;0;0;0;2
290480;12;0;0;0;0;0;0;0;0;0;0;0;0;12
290490;1763;37;30;42;45;29;28;24;36;14;18;171;6;2243
290500;583;38;7;41;8;22;2;2;1;10;4;2;8;728
290510;139;1;0;0;2;0;0;0;1;3;0;0;0;146
290520;1010;20;9;5;20;6;8;8;9;11;9;8;7;1130
290530;46;5;0;0;0;3;0;1;3;1;0;0;0;59
290540;29;0;0;1;0;2;1;3;6;7;3;1;2;55
290550;58;2;0;0;1;3;3;7;2;2;0;0;0;78
290560;1881;50;29;34;31;91;53;52;49;48;38;19;10;2385
290570;39268;2206;984;1668;1918;2009;1646;1552;1486;1568;1638;1361;1064;58368
290580;3109;136;71;186;78;90;50;68;65;86;28;27;10;4004
290590;1;0;0;0;0;0;0;0;0;0;0;0;0;1
290600;2099;96;196;54;64;71;121;82;62;48;39;40;24;2996
290610;14;3;2;0;0;0;0;0;0;0;0;0;0;19
290620;20;1;0;2;0;0;1;1;0;0;0;0;1;26
290630;509;45;28;49;29;12;34;15;6;21;13;7;3;771
290640;14;0;0;0;0;0;0;0;1;0;0;0;0;15
290650;11585;423;294;364;336;292;328;251;279;202;158;207;129;14848
290660;181;3;3;1;0;0;0;0;0;0;0;0;0;188
290670;355;14;11;15;4;12;2;7;20;3;44;18;17;522
290680;90;2;2;3;0;4;0;1;1;3;2;3;1;112
290682;45;0;0;0;0;0;0;2;0;0;0;0;0;47
290685;106;12;7;8;0;1;2;0;0;0;0;0;0;136
290687;103;11;3;1;4;8;4;3;2;10;7;4;5;165
290700;174;1;1;0;0;0;0;4;1;1;0;0;0;182
290710;70;1;0;0;0;0;0;1;1;0;0;1;0;74
290720;1086;13;12;22;24;39;26;23;73;19;25;20;15;1397
290730;655;22;23;33;16;29;17;38;34;30;35;45;12;989
290740;1;0;0;0;0;0;0;0;0;0;0;0;0;1
290750;2832;191;69;175;218;146;111;191;111;94;94;125;53;4410
290760;60;2;8;1;0;3;2;1;0;0;0;0;0;77
290770;1;0;0;0;0;0;0;0;0;0;0;0;0;1
290780;372;28;35;27;22;31;27;3;4;6;2;3;7;567
290790;48;1;4;7;0;1;2;0;1;1;0;6;0;71
290800;765;34;7;22;11;30;19;30;14;17;7;25;0;981
290810;115;3;6;1;0;1;4;2;0;2;0;2;0;136
290820;534;39;5;10;27;16;17;7;14;14;11;9;7;710
290830;677;24;5;28;21;45;33;102;79;25;43;21;12;1115
290840;2314;70;14;23;22;28;19;45;10;50;27;13;10;2645
290850;1327;42;35;14;19;31;7;30;13;14;34;17;13;1596
290860;246;16;10;1;15;2;0;3;6;2;7;1;1;310
290870;188;69;4;9;1;9;0;8;11;7;3;6;1;316
290880;3;0;0;0;0;0;0;0;0;0;0;0;0;3
290890;47;7;1;4;2;4;1;1;0;2;1;4;0;74
290900;1;0;0;0;0;0;0;0;0;0;0;0;0;1
290910;125;1;0;6;4;4;11;2;3;0;1;0;0;157
290920;36;2;0;0;0;0;0;1;0;0;0;0;0;39
290930;107;8;8;15;4;7;4;7;7;17;10;1;4;199
290940;140;28;5;5;3;9;7;3;12;8;6;8;0;234
290950;198;14;1;1;1;2;4;0;1;1;0;0;1;224
290960;115;1;0;0;0;14;3;6;0;0;0;0;2;141
290970;10;3;0;0;0;1;1;2;2;0;0;0;0;19
290980;4594;542;327;258;361;601;561;219;98;162;289;181;129;8322
290990;271;28;9;9;4;1;3;4;3;6;3;23;25;389
291000;92;2;0;0;1;0;0;1;3;1;1;0;0;101
291005;734;19;25;21;36;26;50;107;37;55;17;14;10;1151
291010;129;8;0;13;2;3;2;3;0;3;1;1;0;165
291020;91;2;0;0;0;0;0;0;0;0;0;0;0;93
291030;3;0;0;0;0;0;0;0;0;0;2;0;0;5
291040;330;13;4;24;5;4;6;7;17;15;0;5;0;430
291050;915;108;165;54;39;76;40;63;84;73;95;79;77;1868
291060;1182;49;14;54;42;35;54;51;18;20;11;19;25;1574
291070;1234;27;33;17;52;14;24;25;6;26;12;12;3;1485
291075;233;0;0;0;0;0;0;0;0;0;0;0;0;233
291080;35910;1596;1113;1483;1511;1568;1502;1526;1662;1616;1581;1310;847;53225
291085;15;0;0;0;0;0;0;1;1;1;0;0;0;18
291090;184;0;0;6;1;0;0;0;0;1;0;0;0;192
291100;432;11;29;59;14;7;5;7;12;14;6;6;8;610
291110;79;5;5;15;17;3;3;2;4;3;6;0;1;143
291120;603;53;11;12;24;12;23;15;28;19;16;8;8;832
291130;45;18;0;0;0;0;0;0;0;0;0;0;0;63
291140;117;5;0;1;1;0;1;0;2;1;0;0;0;128
291150;53;3;9;11;5;3;0;0;0;1;0;1;0;86
291160;738;24;8;19;19;11;100;12;7;6;6;3;15;968
291165;34;3;0;0;0;0;0;1;0;0;0;0;0;38
291170;1997;61;45;109;183;71;44;58;55;54;49;69;55;2850
291180;79;2;3;1;2;4;5;0;2;4;1;0;1;104
291185;83;0;0;0;0;0;0;0;0;0;0;0;0;83
291190;212;8;7;5;7;6;14;11;7;8;9;8;0;302
291200;270;6;0;0;0;0;1;0;1;0;0;0;0;278
291210;1103;58;15;58;21;23;19;25;12;31;17;34;23;1439
291220;94;0;0;10;0;0;1;2;0;1;0;0;0;108
291230;256;80;0;0;0;0;0;1;3;0;1;0;5;346
291240;14;1;0;4;1;0;0;2;0;0;0;0;0;22
291250;1;0;0;0;0;0;0;0;0;0;0;0;0;1
291260;3;0;0;2;0;0;0;0;0;0;1;0;0;6
291270;121;5;4;9;2;2;6;4;6;4;3;2;0;168
291280;292;9;19;9;3;10;2;7;3;0;3;4;0;361
291290;162;0;1;10;4;5;10;3;6;5;1;5;2;214
291300;263;0;0;0;0;0;0;1;0;1;0;0;0;265
291310;110;3;10;1;0;3;0;5;3;0;0;0;0;135
291320;310;14;3;8;7;6;2;4;5;1;2;1;0;363
291330;3;0;0;0;0;0;0;0;0;0;0;0;0;3
291340;276;43;1;4;1;0;3;2;3;5;1;3;0;342
291350;67;2;4;0;2;1;1;10;5;4;17;2;10;125
291360;14453;885;354;481;591;561;501;559;631;507;597;632;378;21130
291370;563;46;1;7;9;22;57;8;13;4;3;6;10;749
291380;392;0;0;0;0;0;0;0;0;0;0;0;0;392
291390;2218;38;26;119;48;43;36;40;54;48;38;50;50;2808
291400;1268;79;8;22;14;19;18;10;14;16;15;9;5;1497
291410;10;0;0;0;0;0;0;0;0;0;0;0;0;10
291420;163;5;0;0;0;0;0;0;0;0;0;0;0;168
291430;118;1;1;4;2;3;0;0;0;0;0;0;0;129
291440;27;0;1;0;0;0;2;0;5;0;0;1;2;38
291450;646;48;25;45;55;11;10;7;22;16;10;14;19;928
291460;2550;94;77;54;69;80;67;57;84;63;122;74;49;3440
291470;1608;142;24;97;50;61;75;59;46;68;58;72;29;2389
291480;24638;1146;761;770;793;976;768;943;796;732;859;829;564;34575
291490;384;6;2;3;0;0;1;0;1;0;0;3;19;419
291500;20;0;0;0;0;0;0;0;0;0;0;1;1;22
291510;36;5;0;0;1;0;0;2;2;0;0;0;0;46
291520;474;27;5;9;12;11;10;13;10;2;8;9;3;593
291530;88;6;1;6;1;4;9;7;3;1;1;2;4;133
291540;150;10;1;9;1;8;2;1;2;2;3;0;0;189
291550;1126;41;1;25;35;14;13;16;7;9;44;6;4;1341
291560;2138;215;145;201;197;194;168;194;142;171;108;109;50;4032
291570;26;1;0;1;0;0;1;0;0;1;1;0;0;31
291580;590;14;12;80;20;34;13;9;21;8;6;2;0;809
291590;95;8;3;1;4;4;1;2;0;2;0;0;0;120
291600;439;10;6;10;8;10;10;14;3;4;2;3;2;521
291610;921;83;43;30;23;20;22;19;11;21;12;59;10;1274
291620;205;24;5;48;7;11;8;2;5;2;0;0;0;317
291630;115;5;0;14;10;2;6;7;5;15;6;2;0;187
291640;3478;153;74;148;80;106;92;109;95;68;57;74;43;4577
291650;38;4;2;0;0;2;0;0;0;0;0;0;2;48
291660;333;4;0;0;0;3;0;0;0;0;0;0;0;340
291670;205;5;0;4;0;0;0;0;1;0;1;0;1;217
291680;391;5;0;10;8;2;2;2;5;1;2;0;3;431
291690;71;6;3;1;1;2;1;2;4;1;2;0;0;94
291700;852;79;10;4;10;8;1;7;18;21;15;18;8;1051
291710;717;75;37;45;25;20;19;34;20;16;24;9;9;1050
291720;249;6;2;0;1;0;1;1;0;1;3;1;0;265
291730;1132;92;42;36;67;55;50;45;49;37;33;18;11;1667
291740;162;2;0;0;0;2;0;0;0;0;0;0;0;166
291750;5079;246;125;170;133;106;93;124;127;189;360;286;116;7154
291760;673;30;11;35;13;9;10;10;7;11;6;16;6;837
291770;1145;47;43;27;31;37;14;25;51;27;22;16;49;1534
291780;155;12;2;2;4;0;3;3;2;1;3;2;0;189
291790;1;0;0;0;0;0;0;0;0;0;0;0;0;1
291800;7306;359;245;359;395;378;266;261;380;325;215;138;180;10807
291810;451;43;10;72;9;15;9;4;26;13;3;12;4;671
291820;162;0;0;0;0;0;0;0;1;0;0;0;0;163
291830;88;2;3;0;2;3;0;2;5;1;1;1;0;108
291835;25;2;0;0;3;0;5;0;0;0;1;0;0;36
291840;12501;825;424;501;1078;873;837;807;665;2028;982;477;382;22380
291850;39;0;0;0;0;0;0;0;0;1;0;0;0;40
291855;208;9;3;8;5;74;19;11;8;9;5;8;3;370
291860;67;0;0;0;0;0;0;0;0;0;0;0;0;67
291870;117;10;2;1;5;2;0;2;0;1;0;0;0;140
291880;44;8;4;4;1;2;3;1;5;3;6;2;4;87
291890;71;3;0;0;1;2;0;0;0;1;0;1;0;79
291900;4;0;4;2;2;1;0;0;0;0;0;2;0;15
291910;3;46;0;0;0;0;0;0;0;0;0;0;0;49
291920;9082;1284;734;741;741;1164;1017;950;1150;823;761;749;475;19671
291930;219;12;15;6;5;11;12;14;9;4;2;4;2;315
291940;420;3;24;69;35;4;6;46;14;5;51;0;5;682
291950;306;11;4;2;4;5;2;7;5;14;6;14;5;385
291960;68;1;1;0;0;0;0;0;0;0;0;0;0;70
291970;309;10;0;4;3;1;1;1;4;0;3;0;0;336
291980;270;14;5;1;3;2;1;1;2;4;0;1;1;305
291990;1;0;0;0;0;0;0;0;0;0;0;0;0;1
291995;1;0;0;0;0;0;0;0;0;0;1;0;0;2
292000;63;3;1;2;0;5;3;5;4;2;5;7;4;104
292010;505;19;56;37;36;61;26;28;22;8;1;4;2;805
292020;51;0;2;0;6;3;0;0;1;3;5;1;2;74
292030;86;6;0;0;0;0;0;0;0;0;0;0;0;92
292040;270;9;5;4;4;2;1;1;1;5;16;13;1;332
292045;1;0;0;0;0;0;0;0;0;0;0;0;0;1
292050;249;13;1;6;12;7;9;4;2;3;3;3;4;316
292060;444;3;20;11;4;5;13;14;29;15;23;2;2;585
292070;113;6;3;10;21;9;25;10;1;1;11;3;0;213
292080;11;1;0;1;0;0;0;2;0;0;0;0;0;15
292090;405;46;6;21;9;17;15;16;4;10;16;4;3;572
292100;1710;75;26;63;65;65;54;63;60;87;35;90;117;2510
292110;616;140;7;11;45;75;25;17;14;6;19;23;15;1013
292120;655;13;2;7;4;18;5;2;5;4;7;4;4;730
292130;257;105;9;8;7;2;5;28;11;5;6;10;5;458
292140;63;0;0;2;0;0;3;7;0;2;1;0;0;78
292150;324;4;1;2;1;0;1;1;3;1;2;1;1;342
292160;5;0;0;0;0;0;0;0;0;0;0;0;0;5
292170;138;4;3;2;0;1;3;2;2;0;4;6;4;169
292180;78;0;0;13;1;20;0;0;0;0;0;0;0;112
292190;101;0;1;6;0;0;3;4;2;2;1;2;1;123
292200;445;25;19;67;18;28;54;338;322;345;445;438;352;2896
292210;99;0;1;1;2;2;0;5;2;1;0;0;0;113
292220;142;22;5;23;10;11;2;2;10;0;0;3;0;230
292230;812;39;63;57;40;203;19;27;15;14;9;11;11;1320
292240;430;14;7;4;8;15;1;4;3;3;2;0;2;493
292250;1280;30;28;33;29;34;26;15;16;21;34;5;16;1567
292260;125;7;0;1;0;2;0;1;1;0;0;3;0;140
292265;1;0;0;0;0;1;0;0;0;0;0;0;0;2
292270;205;8;5;0;17;1;13;1;10;1;4;1;0;266
292280;7;0;0;0;2;4;0;0;0;0;1;0;0;14
292290;530;13;0;8;5;2;5;6;8;6;8;2;2;595
292300;954;54;213;69;137;114;163;211;65;26;42;40;18;2106
292310;452;6;5;5;2;1;1;6;0;2;0;2;0;482
292320;33;2;1;0;0;0;1;0;1;23;12;44;16;133
292330;15;3;4;8;1;0;1;0;0;1;35;2;0;70
292340;200;0;0;2;0;0;1;1;0;0;0;0;0;204
292350;114;1;0;0;2;4;8;0;2;0;0;2;0;133
292360;142;9;1;1;4;3;6;2;3;0;1;1;1;174
292370;391;13;17;5;3;3;3;0;6;3;0;0;0;444
292380;174;6;2;0;2;7;1;3;1;1;2;0;1;200
292390;66;5;3;3;1;2;3;1;1;1;1;4;4;95
292400;7420;437;139;167;236;271;185;902;223;185;146;110;59;10480
292405;134;0;3;13;10;2;4;3;1;2;4;0;0;176
292410;126;11;0;0;6;0;0;9;11;1;0;0;1;165
292420;6;0;0;0;0;0;0;0;0;0;0;0;0;6
292430;1;0;0;0;0;0;0;0;0;0;0;0;0;1
292440;17;0;1;0;0;0;1;0;0;0;0;0;0;19
292450;91;1;1;0;1;0;1;0;0;0;0;1;0;96
292460;185;4;3;6;3;1;1;1;1;1;0;0;0;206
292465;2;0;0;0;0;0;0;0;1;0;0;0;0;3
292470;49;0;0;0;0;0;0;0;0;0;0;0;0;49
292480;271;4;1;0;0;0;2;0;0;0;2;1;0;281
292490;21;3;2;1;1;0;1;1;0;0;2;0;0;32
292500;556;112;4;62;9;13;3;7;5;5;13;5;8;802
292510;766;12;20;13;13;32;11;23;55;5;23;17;2;992
292520;5800;396;283;241;266;343;362;217;227;300;221;179;93;8928
292530;1698;116;72;80;80;85;99;105;87;72;61;55;64;2674
292540;259;2;1;11;0;1;0;0;0;0;2;0;0;276
292550;1603;104;50;44;53;50;49;56;64;112;41;51;46;2323
292560;35;0;0;0;0;0;0;0;0;0;0;0;0;35
292570;1;0;0;0;0;0;0;0;0;0;0;0;0;1
292580;293;19;10;11;9;5;6;2;17;3;8;0;7;390
292590;358;1;0;0;0;0;0;0;0;0;0;0;0;359
292595;28;1;0;0;0;4;0;0;2;1;2;0;2;40
292600;300;7;5;13;4;3;4;5;6;3;3;2;1;356
292610;260;6;2;3;1;2;0;3;3;11;2;0;0;293
292620;259;6;7;9;2;4;4;1;4;6;2;0;2;306
292630;1108;17;7;24;5;9;27;11;19;6;16;18;10;1277
292640;70;0;1;0;1;0;0;0;0;0;0;0;0;72
292650;18;0;0;0;0;0;0;1;0;0;0;0;0;19
292660;618;31;6;19;5;9;7;9;12;5;5;8;2;736
292670;30;0;0;0;0;0;0;0;0;0;0;0;0;30
292680;229;8;0;0;0;0;0;0;0;0;0;0;0;237
292690;75;0;0;1;0;0;0;0;0;0;0;0;0;76
292700;1042;58;61;70;21;19;53;90;113;72;15;0;11;1625
292710;703;28;13;7;35;90;95;3;2;1;0;28;0;1005
292720;453;19;8;7;32;45;24;22;14;6;30;6;5;671
292730;69;3;0;0;0;0;0;1;2;0;0;0;0;75
292740;522743;20453;12896;16396;17217;18348;16015;19636;18482;17602;17044;16791;10161;723784
292750;200;16;3;3;2;0;3;0;0;3;5;4;1;240
292760;4;0;0;0;0;0;1;0;0;1;0;0;1;7
292770;277;35;8;21;26;13;26;19;29;14;8;18;18;512
292780;161;4;1;0;0;17;0;0;0;0;1;0;0;184
292790;84;1;2;2;3;2;2;0;0;0;0;0;0;96
292800;621;16;11;25;19;21;13;21;14;5;11;6;4;787
292805;47;3;8;2;0;0;1;1;4;1;5;2;4;78
292810;530;9;7;36;7;5;7;13;17;15;16;8;6;676
292820;176;2;2;0;2;2;2;2;1;4;2;13;8;216
292830;108;0;0;1;0;0;0;0;0;0;0;0;0;109
292840;76;5;0;0;0;0;0;0;3;0;0;0;0;84
292850;225;2;1;1;1;5;9;2;7;1;22;2;0;278
292860;5139;95;22;62;59;79;54;80;78;368;242;133;61;6472
292870;4538;174;126;228;122;189;169;235;162;157;179;141;114;6534
292880;363;44;9;8;17;8;14;9;7;4;6;7;3;499
292890;338;13;15;13;31;17;21;20;13;35;23;36;14;589
292900;662;20;1;17;9;8;10;8;4;8;5;27;5;784
292910;421;53;4;4;3;4;8;3;12;3;8;6;3;532
292920;4645;236;76;220;319;235;181;260;234;274;181;172;123;7156
292925;3;0;0;0;0;0;0;0;0;0;0;0;0;3
292930;1119;65;187;166;50;85;80;88;65;49;24;22;17;2017
292940;138;2;0;6;5;0;1;1;0;1;2;0;0;156
292950;1680;63;74;44;46;51;33;26;25;40;39;14;9;2144
292960;461;11;7;5;0;12;4;7;3;3;5;10;2;530
292970;18;0;0;0;0;0;0;0;0;0;1;1;3;23
292980;89;4;0;0;0;0;0;2;0;2;1;0;0;98
292990;228;10;7;2;6;10;3;4;2;9;1;9;10;301
293000;50;0;1;1;0;0;0;0;0;0;0;0;0;52
293010;2446;174;110;129;74;109;77;112;57;145;112;105;62;3712
293020;279;28;40;12;3;2;1;2;1;2;1;2;17;390
293030;77;1;0;6;3;0;0;0;3;2;2;1;1;96
293040;8;0;0;0;0;0;1;1;0;0;0;0;0;10
293050;1777;65;42;33;29;39;37;80;46;25;47;33;24;2277
293060;169;3;2;0;1;1;0;1;1;0;0;0;1;179
293070;18994;1697;570;705;866;911;783;1674;1094;931;837;825;578;30465
293080;16;0;0;0;0;0;0;0;0;0;0;0;0;16
293090;1;3;0;0;0;0;0;0;0;0;0;0;0;4
293100;139;1;0;0;0;0;0;0;0;2;0;0;0;142
293105;1;1;0;0;0;0;0;0;0;0;0;0;0;2
293110;252;1;2;3;0;0;0;2;0;2;1;1;0;264
293120;550;50;13;23;17;5;8;5;5;5;6;3;3;693
293130;30;0;0;0;0;0;0;0;0;0;4;5;0;39
293135;2425;243;96;241;108;111;213;192;231;239;177;192;148;4616
293140;417;22;19;6;15;7;21;9;0;9;0;1;0;526
293150;547;5;25;7;7;11;6;4;187;27;9;9;7;851
293160;19;5;0;1;1;1;2;0;1;0;1;1;0;32
293170;380;40;2;2;2;2;0;0;0;0;0;0;0;428
293180;84;0;0;0;0;0;0;1;0;0;0;0;0;85
293190;172;6;2;7;0;1;0;1;8;0;2;0;3;202
293200;471;10;0;4;0;1;0;3;0;2;2;0;1;494
293210;447;3;4;8;2;3;5;0;0;8;0;3;2;485
293220;1193;46;19;48;61;30;32;33;17;29;25;12;8;1553
293230;276;27;5;3;6;12;11;10;7;7;2;9;2;377
293240;57;39;1;53;0;3;0;2;3;1;2;0;0;161
293250;2075;234;145;207;317;228;182;220;222;113;225;144;132;4444
293260;100;4;1;1;1;6;0;2;2;0;0;2;0;119
293270;619;58;14;19;27;23;15;23;8;10;18;6;9;849
293280;402;10;5;7;2;11;21;16;12;26;32;26;3;573
293290;4299;171;143;180;189;202;136;257;179;143;136;125;87;6247
293300;544;5;5;3;3;5;7;4;10;20;1;14;3;624
293305;4;1;1;0;0;0;0;1;0;0;0;0;0;7
293310;67;7;1;2;0;0;2;0;0;0;0;1;0;80
293315;19;2;0;0;4;0;2;0;7;2;1;0;0;37
293320;1205;44;29;24;27;92;42;26;21;17;21;31;39;1618
293330;16750;1105;528;595;588;646;607;720;705;489;665;662;513;24573
293340;3;0;0;0;0;0;0;0;0;0;0;0;0;3
293345;29;0;1;0;0;0;0;0;2;1;0;0;2;35
293350;68;1;5;5;0;5;2;3;5;5;1;1;0;101
293360;499;13;9;13;6;6;4;10;13;7;9;3;1;593
299999;5071;641;308;522;432;354;517;421;477;457;629;335;239;10403
310010;264;14;2;4;4;7;3;6;12;10;5;6;4;341
310020;1679;62;32;28;41;48;45;36;75;41;57;38;18;2200
310030;419;21;18;10;18;9;5;28;18;9;9;8;3;575
310040;68;0;1;21;10;5;2;4;0;0;4;5;1;121
310050;868;31;50;11;10;12;22;22;9;11;10;2;14;1072
310060;36;2;1;0;0;2;2;1;1;1;2;1;0;49
310070;92;9;9;2;2;3;2;1;3;1;2;0;1;127
310080;32;16;1;0;1;1;1;0;0;0;0;0;0;52
310090;385;13;16;18;29;5;10;9;9;5;9;25;3;536
310100;236;23;17;45;148;129;242;285;204;364;256;288;115;2352
310110;18843;2058;1364;1531;1570;1837;1774;1856;1734;1574;1620;1445;1020;38226
310120;220;7;10;15;7;4;9;6;11;6;3;4;8;310
310130;87;10;7;4;0;2;0;0;1;1;0;2;0;114
310140;42;9;12;7;1;2;2;10;0;0;8;3;1;97
310150;3126;110;123;130;140;111;152;177;120;96;111;113;74;4583
310160;9517;593;531;535;465;833;624;568;546;641;770;706;306;16635
310170;1074;38;14;26;26;49;26;18;23;14;8;13;14;1343
310180;129;6;15;3;3;5;1;8;2;2;0;2;4;180
310190;1356;27;14;68;20;29;16;40;19;15;26;14;12;1656
310200;272;15;34;16;11;14;8;8;14;11;3;4;8;418
310210;271;7;2;0;1;2;2;5;1;0;1;3;1;296
310220;43;0;0;0;1;0;0;1;0;0;1;0;0;46
310230;1408;39;22;17;49;39;14;22;49;17;30;6;8;1720
310240;68;18;4;4;2;0;2;0;4;0;0;0;0;102
310250;156;9;5;10;3;8;4;2;3;2;2;1;0;205
310260;3905;187;110;139;127;143;168;195;177;153;148;153;102;5707
310270;120;4;1;1;17;1;27;1;3;1;10;11;5;202
310280;583;7;21;73;56;13;22;12;24;9;19;9;0;848
310290;875;79;127;119;29;22;67;53;137;132;69;114;74;1897
310300;250;8;16;11;3;5;14;3;10;10;4;11;7;352
310310;49;0;2;2;1;0;0;0;0;1;0;0;0;55
310320;416;10;23;35;17;15;14;10;4;1;17;4;9;575
310330;62;7;5;1;1;2;3;1;0;1;0;1;0;84
310340;968;22;12;24;66;21;42;32;23;36;13;12;8;1279
310350;10488;593;431;536;507;609;601;523;489;496;459;385;224;16341
310360;74;1;3;0;0;2;0;0;2;0;0;0;0;82
310370;56;1;5;3;3;0;1;1;2;0;0;0;0;72
310380;135;0;5;10;6;4;2;8;3;1;0;0;1;175
310390;232;6;4;16;10;15;12;2;12;9;4;6;3;331
310400;9435;289;325;349;473;343;389;462;374;354;317;311;281;13702
310410;599;29;18;33;26;47;14;38;35;21;26;24;12;922
310420;3798;137;124;119;146;190;175;226;171;144;207;143;67;5647
310430;436;8;10;16;10;13;17;14;17;7;18;9;9;584
310440;261;2;5;6;5;7;7;7;15;4;7;4;3;333
310450;239;14;3;16;2;5;6;4;8;6;5;3;1;312
310460;2033;216;267;50;68;357;233;108;120;71;55;33;29;3640
310470;284;40;23;14;8;24;14;11;15;23;18;14;4;492
310480;365;9;22;3;5;15;1;4;11;12;2;3;1;453
310490;1075;41;48;46;45;47;54;50;73;75;62;39;22;1677
310500;542;15;25;10;14;10;21;0;2;5;11;2;4;661
310510;1442;48;41;33;32;25;47;37;60;48;43;15;10;1881
310520;4;0;0;0;0;0;0;0;0;0;0;0;0;4
310530;199;6;1;0;5;9;8;3;6;9;1;5;2;254
310540;903;644;72;73;102;89;112;82;82;82;66;119;59;2485
310550;80;0;3;13;20;3;2;0;1;1;1;0;0;124
310560;15078;570;702;631;540;538;621;475;756;618;523;381;247;21680
310570;192;2;1;2;2;1;0;2;0;0;0;1;0;203
310590;2827;108;97;80;74;133;180;130;63;80;67;54;34;3927
310600;246;8;17;19;17;8;16;11;10;8;2;3;2;367
310610;396;11;10;19;18;14;15;11;11;11;8;5;4;533
310620;827208;36598;27817;36113;37313;39917;41103;41696;42544;39160;40732;34523;23219;1267943
310630;2393;43;50;53;51;41;40;93;98;73;58;42;32;3067
310640;195;2;9;8;5;10;2;8;2;2;0;3;0;246
310650;203;11;2;14;3;6;5;3;2;9;4;8;0;270
310660;15;0;2;0;0;1;0;0;0;0;0;1;1;20
310670;32524;1635;1168;1669;1608;1731;1357;1367;1429;1205;1132;1145;669;48639
310680;142;7;4;4;8;9;0;1;2;1;2;1;2;183
310690;2201;106;64;55;122;90;69;65;80;101;90;60;62;3165
310700;100;1;0;1;0;0;0;2;0;0;0;1;0;105
310710;3182;158;197;88;63;203;123;120;92;81;88;85;69;4549
310720;89;10;24;6;3;13;5;4;2;2;6;8;1;173
310730;6775;362;196;248;209;491;435;369;310;161;190;395;124;10265
310740;5743;282;301;253;242;261;181;344;275;305;210;225;186;8808
310750;458;15;27;18;23;9;14;18;8;14;7;5;5;621
310760;125;8;8;4;4;2;1;1;4;3;4;5;1;170
310770;178;14;18;8;7;16;6;6;8;10;6;5;6;288
310780;206;88;6;2;1;3;5;4;3;8;2;0;1;329
310790;146;7;1;1;3;2;6;3;7;2;1;3;2;184
310800;896;27;32;34;64;38;36;24;36;25;22;21;2;1257
310810;35;3;0;6;2;1;1;3;11;3;5;2;1;73
310820;217;1;9;6;4;12;0;2;7;9;9;7;6;289
310830;747;32;36;28;33;34;40;30;25;16;21;24;14;1080
310840;759;47;36;66;20;51;84;70;37;23;28;29;24;1274
310850;86;0;0;0;1;3;0;8;2;0;3;0;0;103
310860;510;3;0;7;1;1;6;5;3;2;2;0;0;540
310870;133;5;3;2;0;3;2;6;5;3;3;1;0;166
310880;55;0;2;0;1;6;0;1;0;2;0;0;0;67
310890;536;138;23;35;18;19;14;20;12;11;25;11;7;869
310900;3472;356;320;212;315;325;299;282;291;259;272;240;131;6774
310910;257;25;5;8;4;9;7;6;7;2;12;10;2;354
310920;166;7;9;3;4;4;0;0;5;1;3;5;0;207
310930;248;8;10;6;3;6;8;4;25;4;22;21;27;392
310940;1540;84;68;51;70;76;151;234;106;111;88;92;41;2712
310950;1410;58;27;42;33;102;76;118;47;21;20;50;27;2031
310960;1841;74;50;59;45;63;54;56;54;49;30;52;36;2463
310970;568;33;11;31;31;30;21;19;19;7;6;2;16;794
310980;77;0;1;1;3;0;3;14;2;0;1;1;14;117
310990;1249;62;27;35;35;27;33;49;57;11;23;25;19;1652
311000;4055;181;110;118;188;125;161;168;179;158;124;107;75;5749
311010;114;1;0;1;2;0;6;0;0;1;1;1;0;127
311020;56;2;0;0;0;0;1;0;0;0;0;1;0;60
311030;1581;67;52;58;39;56;68;42;41;36;43;32;28;2143
311040;110;40;10;2;5;6;4;0;2;2;2;1;0;184
311050;1144;33;41;44;36;67;46;81;70;66;36;46;27;1737
311060;1902;79;68;100;114;85;115;110;172;99;88;117;43;3092
311070;958;51;24;36;21;65;82;107;72;50;45;54;23;1588
311080;101;4;1;4;4;4;5;1;3;2;11;2;1;143
311090;1481;79;68;54;48;67;112;94;78;108;105;55;17;2366
311100;1311;42;35;29;41;49;51;38;103;31;32;44;25;1831
311110;887;52;55;28;30;21;23;42;25;34;18;19;7;1241
311120;4189;199;128;200;222;172;179;231;208;187;160;150;83;6308
311130;1853;27;13;15;9;125;483;148;93;21;140;57;8;2992
311140;326;54;36;20;20;11;14;11;20;19;10;14;5;560
311150;546;18;31;15;18;37;17;18;12;7;24;22;8;773
311160;643;78;32;33;36;30;18;20;12;8;28;15;6;959
311170;57;0;0;2;0;0;0;0;2;0;0;0;0;61
311180;878;21;17;29;49;88;102;78;35;10;8;8;6;1329
311190;101;5;4;25;9;7;0;2;2;0;1;0;1;157
311200;695;46;25;55;31;49;40;65;29;27;17;29;14;1122
311210;104;5;5;2;0;4;10;13;13;0;3;4;0;163
311220;112;12;0;2;0;0;1;1;1;0;0;0;0;129
311230;1556;15;11;10;20;30;39;41;41;18;17;13;2;1813
311240;147;6;4;12;4;1;10;3;13;15;9;4;4;232
311250;351;21;34;13;23;27;27;56;47;31;25;4;2;661
311260;1441;73;36;151;128;63;53;43;52;68;57;44;31;2240
311270;779;45;19;26;51;26;27;43;18;18;24;15;6;1097
311280;560;25;37;31;30;26;45;44;40;37;30;31;23;959
311290;117;21;9;1;4;2;0;1;2;0;0;0;1;158
311300;100;63;31;17;11;8;3;1;2;4;1;0;1;242
311310;77;3;19;7;7;18;3;1;2;1;0;2;0;140
311320;1210;53;46;39;60;119;56;69;47;66;68;37;35;1905
311330;2583;114;105;88;81;141;93;93;92;118;79;74;59;3720
311340;6626;387;245;343;426;452;428;442;414;352;283;255;219;10872
311350;980;38;63;66;37;21;16;37;41;52;33;26;31;1441
311360;279;18;21;18;6;15;51;11;14;28;16;18;5;500
311370;1573;48;67;57;41;44;59;55;37;33;52;51;17;2134
311380;101;3;0;1;0;3;0;0;3;0;0;0;0;111
311390;659;21;28;28;28;21;21;16;16;11;12;19;17;897
311400;650;31;34;55;49;24;24;32;19;20;14;13;2;967
311410;793;38;17;17;39;32;41;24;27;38;21;19;15;1121
311420;1038;46;49;49;71;74;66;78;60;82;35;49;27;1724
311430;1668;103;112;65;56;84;90;86;60;73;49;44;20;2510
311440;835;35;30;36;29;30;44;40;27;26;19;8;10;1169
311450;446;23;13;17;18;11;21;10;23;12;11;10;5;620
311460;130;0;0;2;2;4;0;2;1;1;11;2;0;155
311470;107;0;0;0;2;0;0;0;0;0;0;0;0;109
311480;138;5;2;6;1;4;5;5;3;6;19;0;7;201
311490;44;7;27;8;3;0;0;0;1;1;0;0;0;91
311500;66;6;0;0;7;2;0;0;4;3;1;0;0;89
311510;1272;72;51;48;51;101;107;47;47;38;56;35;53;1978
311520;102;27;17;5;0;1;0;0;7;3;0;0;0;162
311530;12045;453;388;464;494;644;594;485;612;496;512;371;318;17876
311540;62;4;0;1;3;4;0;2;1;0;2;2;1;82
311550;2664;234;80;83;153;299;281;175;125;170;130;118;200;4712
311560;39;3;8;6;0;1;1;0;0;0;1;0;0;59
311570;75;5;1;7;3;3;2;3;7;3;1;1;0;111
311580;431;55;51;61;37;20;20;19;14;8;24;10;7;757
311590;159;6;5;18;7;4;2;14;3;10;1;1;0;230
311600;6;1;8;0;0;3;1;3;3;0;2;4;0;31
311610;23;9;3;5;0;1;5;1;4;1;1;0;0;53
311620;166;11;0;1;3;1;2;5;1;4;1;0;0;195
311630;94;10;2;0;0;1;0;1;1;3;0;0;0;112
311640;223;24;18;20;11;18;23;9;15;11;16;10;6;404
311650;117;16;33;9;7;4;3;7;2;6;0;9;6;219
311660;1926;111;93;93;109;148;205;203;169;154;221;121;41;3594
311670;55;2;6;5;2;3;4;2;1;0;3;0;0;83
311680;35;50;0;1;0;1;0;0;0;0;0;0;0;87
311690;313;7;7;5;7;5;8;14;6;7;12;7;12;410
311700;22;0;9;0;2;3;3;1;3;1;1;2;2;49
311710;465;20;20;15;7;6;17;12;18;15;12;7;19;633
311720;83;3;5;2;1;1;1;0;2;0;0;2;1;101
311730;588;32;23;31;9;67;48;37;36;34;28;83;47;1063
311740;72;0;0;2;1;0;1;0;0;0;0;0;0;76
311750;465;23;9;17;6;9;11;13;4;3;3;4;1;568
311760;329;15;31;33;30;17;14;63;10;18;52;28;4;644
311770;782;26;34;28;24;27;79;85;78;39;17;22;25;1266
311780;445;10;12;8;22;20;19;21;20;37;6;10;8;638
311790;300;14;11;18;10;14;16;18;30;17;9;18;25;500
311800;5395;557;437;502;294;776;889;1017;1002;771;661;632;333;13266
311810;80;2;1;2;0;0;2;1;1;2;1;0;0;92
311820;683;16;7;12;10;21;595;156;74;140;118;55;5;1892
311830;7264;314;305;370;419;419;527;413;419;373;378;406;320;11927
311840;1141;33;14;27;24;32;28;33;59;31;19;34;12;1487
311850;70;3;6;1;0;4;3;7;2;3;1;1;1;102
311860;84953;5350;3982;5468;5773;6398;6250;6118;5976;5438;5037;4417;2912;148072
311870;277;4;29;12;19;8;8;11;11;13;4;6;2;404
311880;452;4;39;22;27;28;16;5;8;0;9;2;0;612
311890;302;20;12;16;9;8;11;12;8;8;12;5;2;425
311900;89;18;7;6;4;1;1;11;0;1;1;1;2;142
311910;1336;36;30;41;42;65;59;64;82;68;78;45;29;1975
311920;98;0;2;7;1;0;2;2;0;2;2;0;0;116
311930;1445;55;78;68;48;54;51;91;54;65;59;46;32;2146
311940;8834;377;393;573;583;536;502;414;499;509;506;333;280;14339
311950;230;5;7;20;5;21;2;15;18;5;7;15;17;367
311960;589;5;7;11;3;6;26;8;7;8;12;7;5;694
311970;91;1;2;6;1;4;6;4;4;2;0;1;0;122
311980;167;18;7;3;7;7;7;2;10;5;3;2;3;241
311990;88;1;6;2;6;7;6;5;4;4;6;1;0;136
312000;984;9;1;2;0;2;2;4;5;1;1;2;1;1014
312010;54;0;5;0;2;1;2;2;1;0;1;1;2;71
312020;160;11;10;3;5;5;16;5;5;2;3;4;12;241
312030;122;5;2;0;0;2;3;14;1;0;14;0;0;163
312040;317;14;13;13;32;21;19;15;12;17;11;6;1;491
312050;338;17;14;26;12;22;13;3;8;6;6;2;4;471
312060;154;16;2;1;2;2;8;3;2;1;0;1;1;193
312070;171;17;13;3;1;0;4;3;10;4;2;2;1;231
312080;604;20;20;25;12;27;26;21;34;31;21;12;8;861
312090;7183;365;280;309;376;312;363;477;382;309;281;247;150;11034
312100;111;8;4;2;3;3;3;2;0;2;0;0;0;138
312110;560;23;34;14;49;38;21;34;40;30;7;21;4;875
312120;248;8;18;10;5;1;8;5;5;7;1;6;7;329
312130;158;2;1;3;2;0;7;2;3;37;16;2;10;243
312140;50;2;0;0;0;0;0;0;2;0;0;1;0;55
312150;52;6;0;1;13;5;0;1;0;0;1;0;0;79
312160;3964;123;117;163;120;147;174;108;92;113;95;139;100;5455
312170;2;0;0;0;0;0;0;1;0;0;0;0;0;3
312180;2710;123;76;150;96;146;302;187;154;128;124;68;16;4280
312190;74;6;7;8;3;1;0;9;0;1;1;0;0;110
312200;426;49;12;8;13;16;30;14;26;14;8;9;2;627
312210;59;3;0;1;0;4;0;1;3;0;2;0;0;73
312220;96;5;0;1;0;1;3;0;0;1;0;3;0;110
312230;24232;1549;1316;1385;1559;1705;1562;1593;1761;1583;1585;1239;753;41822
312240;144;21;3;5;3;3;0;10;5;3;3;2;0;202
312250;128;7;2;2;3;5;2;1;5;2;0;0;0;157
312260;49;0;0;1;1;1;1;1;0;1;0;0;0;55
312270;371;18;13;7;11;10;17;8;8;6;11;4;8;492
312280;77;4;10;8;2;0;0;0;0;0;0;0;0;101
312290;235;20;2;18;6;10;6;10;7;2;1;6;1;324
312300;1039;32;39;45;50;45;64;47;30;59;37;27;9;1523
312310;60;7;15;5;2;3;5;3;4;8;2;0;3;117
312320;1019;44;39;73;50;44;39;46;51;46;29;26;16;1522
312330;141;10;0;1;2;4;2;3;1;2;1;0;0;167
312340;110;11;4;2;0;1;0;6;6;5;0;0;1;146
312350;42;1;0;0;1;0;0;0;0;0;0;1;1;46
312360;1791;99;49;75;73;75;58;61;74;75;67;72;46;2615
312370;178;13;77;21;27;11;13;18;12;9;3;11;1;394
312380;202;14;3;1;1;1;109;9;5;5;6;8;3;367
312390;431;11;8;18;12;7;11;10;14;16;9;19;10;576
312400;282;9;3;5;6;6;11;14;13;6;11;6;3;375
312410;1413;97;66;98;94;141;113;84;110;103;99;81;54;2553
312420;672;24;9;6;19;16;16;14;14;14;14;10;3;831
312430;465;14;6;4;262;16;19;20;24;18;8;11;3;870
312440;56;11;8;6;1;1;1;4;0;1;1;0;0;90
312450;360;14;11;5;12;28;9;6;7;4;6;3;5;470
312460;119;1;1;16;4;2;6;0;0;1;0;0;1;151
312470;194;5;20;16;7;6;9;1;4;2;5;3;1;273
312480;380;16;28;13;23;11;16;16;12;24;2;3;2;546
312490;173;5;1;3;6;3;8;2;3;4;5;0;1;214
312500;221;3;16;7;13;4;4;0;4;14;24;5;2;317
312510;2143;77;46;77;93;84;95;75;95;79;83;54;21;3022
312520;84;13;12;4;4;1;4;4;2;0;1;1;4;134
312530;205;6;3;4;7;2;12;8;11;2;3;2;0;265
312540;150;3;2;2;1;2;0;0;0;1;0;0;1;162
312550;76;2;0;0;0;0;1;43;0;1;0;0;0;123
312560;45;3;1;0;1;1;2;2;3;1;3;0;1;63
312570;871;31;13;26;61;59;85;18;20;7;32;37;3;1263
312580;113;1;0;0;1;0;0;0;0;0;0;0;0;115
312590;325;7;8;23;5;10;8;3;6;8;3;4;1;411
312600;195;7;10;14;12;10;5;4;5;7;4;3;4;280
312610;5964;245;215;250;372;522;503;426;405;308;273;285;180;9948
312620;48;28;5;1;2;1;1;4;6;3;0;7;0;106
312630;113;16;9;2;1;3;4;4;3;2;7;0;3;167
312640;72;4;3;0;3;1;5;9;2;2;4;2;0;107
312650;61;3;0;0;0;0;0;6;0;0;0;1;0;71
312660;66;6;2;1;0;1;1;3;1;1;0;0;0;82
312670;335;7;9;4;10;8;12;11;25;8;24;10;6;469
312680;34;3;0;0;1;1;0;0;1;0;0;0;0;40
312690;424;25;28;18;18;18;5;10;10;9;15;9;12;601
312700;814;14;34;135;61;334;161;59;79;40;37;25;2;1795
312705;13;4;0;0;0;0;0;1;0;0;0;0;0;18
312710;3297;227;187;158;149;178;168;194;208;172;197;159;112;5406
312720;123;26;13;7;3;10;5;12;6;5;10;2;3;225
312730;240;16;3;2;6;4;3;4;1;0;3;4;2;288
312740;137;4;1;1;0;2;0;2;0;0;4;0;1;152
312750;103;3;0;0;0;0;0;0;0;0;0;0;0;106
312760;1391;30;50;44;47;49;71;52;44;28;35;20;27;1888
312770;27577;1541;1185;1673;1767;1797;1675;1674;1668;1525;1438;1283;1032;45835
312780;747;18;5;2;5;11;28;4;1;62;62;5;1;951
312790;61;15;2;0;0;0;0;0;1;0;0;0;0;79
312800;2585;66;48;24;92;109;228;86;51;32;95;166;53;3635
312810;245;9;15;6;4;7;11;4;9;9;2;0;4;325
312820;220;42;7;6;20;8;1;0;0;2;2;3;3;314
312830;2200;167;178;131;191;377;93;143;120;98;136;74;38;3946
312840;415;16;10;17;18;22;26;21;21;32;19;16;12;645
312850;1095;37;33;54;62;45;60;61;77;96;50;33;21;1724
312860;316;29;13;5;5;24;7;12;27;19;7;19;8;491
312870;7086;358;257;271;276;359;350;487;358;354;441;321;249;11167
312880;194;6;15;3;6;4;4;5;3;11;5;0;1;257
312890;192;4;13;9;6;9;16;5;11;13;4;4;4;290
312900;244;24;10;12;3;15;10;7;6;17;6;4;1;359
312910;245;2;5;18;11;11;0;4;5;8;0;4;1;314
312920;231;31;11;24;17;3;11;7;7;5;2;37;4;390
312930;90;4;3;0;1;1;3;2;5;3;1;15;0;128
312940;252;23;42;14;11;12;9;6;11;8;6;13;1;408
312950;1434;55;48;52;21;48;54;43;37;56;34;29;14;1925
312960;150;8;7;2;2;3;1;2;11;5;9;13;2;215
312970;391;12;14;8;12;16;10;12;16;10;25;13;4;543
312980;2311;149;109;174;169;135;194;142;185;159;205;133;90;4155
312990;86;7;1;2;0;1;0;0;0;1;5;0;5;108
313000;116;2;1;0;1;1;6;3;0;0;2;1;0;133
313010;2599;134;124;190;147;151;255;141;173;142;138;97;58;4349
313020;616;94;26;37;54;48;22;51;67;66;37;39;26;1183
313030;1178;31;83;41;53;32;22;19;29;34;47;36;63;1668
313040;303;13;9;18;17;15;6;14;6;11;5;4;5;426
313050;327;14;9;5;5;7;4;9;2;5;4;1;0;392
313060;260;8;28;19;4;6;6;7;5;3;3;29;7;385
313070;282;38;24;11;15;10;6;7;5;3;1;7;6;415
313080;72;2;2;2;2;1;2;0;2;4;0;2;2;93
313090;671;26;17;24;13;13;13;27;13;10;9;18;3;857
313100;709;25;34;32;35;16;11;10;17;14;7;14;3;927
313110;900;36;27;28;30;22;9;20;9;18;7;9;12;1127
313120;604;10;25;12;15;11;62;31;16;10;10;15;5;826
313130;38178;1161;903;1022;1205;1666;1532;1802;2833;2223;2141;1340;832;56838
313140;189;45;20;5;6;6;2;0;2;5;6;2;0;288
313150;183;11;4;17;5;10;2;1;5;6;5;3;3;255
313160;200;11;8;22;21;3;5;15;2;2;6;4;3;302
313170;15417;448;451;526;535;499;428;564;461;449;560;570;384;21292
313180;140;18;2;4;1;4;1;3;0;7;6;1;0;187
313190;4608;220;176;266;149;345;244;226;342;253;160;184;151;7324
313200;35;15;38;9;3;11;4;3;4;0;3;0;2;127
313210;283;17;14;15;4;19;11;16;20;17;10;5;10;441
313220;586;40;26;16;30;23;19;19;12;15;36;20;27;869
313230;122;90;3;5;7;4;0;0;4;4;5;2;0;246
313240;14185;797;810;713;716;877;820;771;897;787;736;546;438;23093
313250;1367;29;20;8;11;21;9;21;49;27;23;29;6;1620
313260;186;7;11;17;9;1;6;11;2;1;2;2;3;258
313270;703;101;20;14;17;17;12;15;26;18;8;6;11;968
313280;88;0;3;1;9;1;1;1;1;1;0;0;0;106
313290;286;2;60;12;11;29;22;7;7;5;10;17;1;469
313300;863;37;29;34;24;21;18;39;15;38;43;29;22;1212
313310;2253;103;108;165;209;236;182;171;155;147;104;142;59;4034
313320;318;9;5;4;13;8;6;2;6;6;0;10;3;390
313330;891;69;59;53;52;50;48;29;40;27;22;19;12;1371
313340;405;18;3;18;13;22;7;8;4;12;4;6;6;526
313350;1728;60;30;25;49;35;90;115;59;62;61;45;37;2396
313360;219;4;3;14;8;5;5;6;1;12;8;8;3;296
313370;569;21;28;55;41;23;59;22;47;14;23;19;14;935
313380;14006;591;570;770;1007;956;951;976;873;840;711;710;504;23465
313390;95;26;14;9;0;1;0;0;0;3;0;0;1;149
313400;408;22;32;7;11;14;10;8;9;14;6;1;4;546
313410;133;2;14;10;1;9;2;2;2;2;1;0;0;178
313420;9445;505;346;456;521;495;470;457;431;408;503;288;254;14579
313430;155;1;0;1;1;1;16;2;3;2;1;0;0;183
313440;3145;229;376;187;222;304;276;145;205;369;187;106;59;5810
313450;122;15;3;2;2;2;6;10;4;2;0;2;1;171
313460;359;9;6;2;11;6;12;17;3;8;32;7;2;474
313470;300;1;9;0;0;1;1;1;0;0;1;0;0;314
313480;254;6;6;5;5;3;7;9;6;7;3;1;0;312
313490;1608;89;82;143;112;90;103;102;225;91;49;56;76;2826
313500;57;3;16;3;2;3;0;2;0;2;2;0;0;90
313510;2437;100;82;109;73;98;174;81;71;95;74;54;32;3480
313520;1684;80;48;53;89;60;54;52;68;63;27;35;28;2341
313530;97;61;6;1;0;2;2;6;1;2;0;1;0;179
313540;116;7;0;1;4;0;3;1;4;4;1;1;2;144
313550;244;7;19;12;32;12;16;16;19;14;10;8;0;409
313560;567;16;9;14;1;6;57;30;21;11;35;30;27;824
313570;208;18;3;10;0;3;4;1;4;4;1;4;4;264
313580;652;10;12;6;28;7;7;9;15;4;10;8;3;771
313590;143;4;7;9;7;7;3;4;8;0;0;0;0;192
313600;289;6;1;2;7;7;4;7;1;2;9;2;1;338
313610;79;2;3;0;0;0;1;0;1;0;0;0;0;86
313620;10837;492;722;732;974;789;758;1377;1376;699;580;696;367;20399
313630;1996;183;297;140;145;117;444;237;305;91;119;100;31;4205
313640;101;0;10;6;2;4;3;3;3;5;0;2;2;141
313650;65;2;1;0;1;4;3;1;0;2;3;0;0;82
313660;214;5;5;5;9;8;6;4;0;5;1;3;12;277
313670;87611;4183;3519;4330;4429;4918;4795;4866;4324;4006;4236;3577;2633;137427
313680;148;4;2;3;32;6;13;17;0;1;1;0;0;227
313690;51;3;0;1;1;0;1;0;1;1;3;0;1;63
313700;133;12;1;2;2;1;3;1;0;1;0;0;0;156
313710;233;21;7;9;21;19;16;11;11;9;5;2;5;369
313720;5072;270;160;141;297;1664;158;174;235;147;152;108;61;8639
313730;20;1;0;0;0;1;1;3;0;0;0;2;0;28
313740;184;1;2;9;4;1;5;3;16;10;3;5;1;244
313750;427;11;11;14;5;10;10;9;11;5;4;7;2;526
313760;6267;217;336;179;253;259;266;270;315;230;251;212;151;9206
313770;402;28;25;8;11;7;7;10;12;6;4;7;7;534
313780;1688;74;22;40;35;54;53;61;56;57;62;39;33;2274
313790;95;3;0;1;0;0;0;0;1;0;0;0;0;100
313810;307;141;36;22;28;108;23;30;25;11;10;8;8;757
313820;9749;394;435;336;590;464;583;555;787;508;324;448;340;15513
313830;95;11;2;2;1;3;0;0;1;0;0;0;2;117
313840;6551;256;192;206;275;265;315;342;779;255;280;259;142;10117
313850;201;6;9;11;2;2;7;9;11;11;4;1;5;279
313860;699;10;11;11;37;46;23;23;9;14;18;9;4;914
313870;341;10;1;9;9;24;13;13;4;20;58;12;7;521
313880;970;87;61;37;50;87;75;64;46;43;36;39;15;1610
313890;49;1;0;4;1;4;1;1;0;1;1;1;0;64
313900;3756;239;161;201;140;156;182;525;187;204;191;201;126;6269
313910;87;6;3;1;0;0;0;1;0;1;0;0;0;99
313920;149;3;1;4;0;2;7;3;4;5;3;1;0;182
313930;649;30;12;27;28;20;35;35;21;34;32;32;29;984
313940;5633;337;263;339;273;354;399;348;375;415;346;321;134;9537
313950;1688;86;78;65;74;70;110;144;54;40;52;32;18;2511
313960;1299;34;24;22;56;59;49;27;34;37;30;56;42;1769
313970;203;10;19;7;5;2;10;5;11;12;8;6;3;301
313980;1386;93;36;55;107;61;52;65;62;55;29;44;13;2058
313990;556;33;49;28;23;14;16;22;29;17;24;29;9;849
314000;3193;224;234;217;196;213;181;158;114;114;145;170;72;5231
314010;107;8;11;3;1;4;1;0;0;1;0;1;0;137
314020;125;3;13;10;1;2;4;15;7;16;6;2;1;205
314030;74;6;4;8;13;5;2;11;2;31;1;0;1;158
314040;120;5;7;1;4;2;3;0;3;1;0;2;0;148
314050;600;61;30;69;52;80;75;77;80;57;56;56;15;1308
314060;58;1;5;0;0;2;0;0;0;0;1;0;0;67
314070;3291;121;104;121;216;214;166;172;105;139;88;51;62;4850
314080;1062;68;61;50;55;83;76;82;67;52;50;51;22;1779
314090;382;25;28;17;12;10;23;28;21;14;13;10;6;589
314100;95;1;0;1;2;0;5;0;1;0;0;3;3;111
314110;3867;378;210;220;241;262;206;229;300;250;203;205;136;6707
314120;151;1;1;1;3;0;1;0;2;2;1;2;0;165
314130;23;0;1;0;0;0;2;1;0;0;1;0;1;29
314140;204;23;12;20;62;15;13;11;14;40;20;21;20;475
314150;228;7;7;22;11;6;6;2;0;0;1;0;0;290
314160;267;16;1;6;10;25;5;1;4;2;4;3;0;344
314170;1452;45;28;37;74;35;86;75;89;107;82;36;12;2158
314180;462;8;4;4;17;26;6;3;6;5;5;6;2;554
314190;242;12;1;7;7;4;11;1;5;3;0;2;1;296
314200;43;0;0;1;0;2;1;2;1;10;36;47;28;171
314210;448;15;20;15;19;16;18;13;25;17;14;6;14;640
314220;1077;24;37;42;34;36;25;17;33;40;36;21;10;1432
314230;94;2;3;2;0;4;0;1;1;1;1;1;2;112
314240;149;11;6;12;10;14;14;19;37;13;17;18;11;331
314250;113;4;8;8;8;5;6;17;9;12;8;4;2;204
314260;583;24;55;55;59;69;45;46;28;31;17;17;14;1043
314270;123;4;4;1;3;0;6;2;5;2;0;1;5;156
314280;1192;46;73;58;69;81;170;100;44;54;46;81;23;2037
314290;513;45;78;50;88;60;22;37;25;16;17;6;3;960
314300;1479;135;113;82;206;95;80;78;81;82;50;43;24;2548
314310;3181;276;137;143;123;138;248;190;155;158;148;118;75;5090
314320;2296;124;73;109;116;182;96;101;88;94;61;91;44;3475
314330;26177;952;903;1293;1476;1560;1513;1297;1352;1262;1209;1072;827;40893
314340;651;30;52;43;67;44;64;169;70;41;120;41;27;1419
314350;283;11;8;3;6;8;11;24;4;9;19;5;2;393
314360;140;3;2;11;14;4;5;8;11;1;2;0;3;204
314370;79;4;0;0;0;0;0;0;2;0;0;0;0;85
314380;23;0;0;0;0;8;1;0;0;0;0;0;0;32
314390;8881;448;389;510;434;449;506;508;434;390;404;472;285;14110
314400;487;4;11;24;25;73;20;20;18;32;5;11;4;734
314410;1514;43;41;44;62;46;56;64;49;44;50;40;29;2082
314420;11;1;2;1;0;2;1;1;1;0;2;1;0;23
314430;4305;141;116;289;131;176;268;428;207;140;166;130;157;6654
314440;168;6;1;2;7;4;0;2;3;1;6;4;1;205
314450;468;3;6;0;2;9;1;15;6;8;5;2;2;527
314460;1873;52;36;30;36;60;63;63;61;53;59;37;15;2438
314470;2073;89;84;132;111;65;128;129;97;154;237;180;15;3494
314480;13807;465;286;331;451;492;384;389;476;356;425;415;244;18521
314490;24;1;0;0;1;0;1;0;2;0;4;0;0;33
314500;660;36;67;78;47;62;80;44;63;32;64;28;18;1279
314510;328;12;5;46;7;8;5;19;10;6;5;3;3;457
314520;2223;124;170;248;271;222;222;181;166;133;97;84;29;4170
314530;522;55;14;3;61;268;109;94;4;1;1;2;0;1134
314540;133;0;3;4;0;0;0;3;0;0;0;0;0;143
314550;93;0;0;5;1;0;3;0;1;0;0;0;0;103
314560;3440;114;180;132;147;146;130;121;173;171;108;88;63;5013
314570;112;1;1;37;5;2;2;0;1;0;1;0;1;163
314580;146;6;2;7;4;1;9;9;10;12;7;5;3;221
314590;11355;389;261;313;293;374;497;429;504;499;332;301;255;15802
314600;2302;122;143;130;104;145;110;109;131;131;91;84;77;3679
314610;12179;293;300;408;343;394;354;378;471;410;349;310;246;16435
314620;66;1;2;0;0;0;0;1;0;0;0;1;0;71
314630;200;21;17;9;1;7;11;1;4;6;4;3;1;285
314640;203;1;4;3;1;2;11;13;8;32;7;0;2;287
314650;763;38;34;37;40;56;56;64;57;47;19;22;20;1253
314660;78;2;1;1;1;1;2;1;0;1;0;0;0;88
314670;218;10;5;1;1;3;1;2;29;10;5;5;2;292
314690;602;68;67;53;55;84;56;66;78;40;49;34;37;1289
314700;4703;324;188;220;263;214;246;237;232;189;159;180;119;7274
314710;11145;653;539;485;746;622;640;637;609;476;600;430;391;17973
314720;1632;87;77;62;213;71;69;91;64;65;63;53;23;2570
314730;1222;164;125;83;99;71;119;99;99;78;88;38;46;2331
314740;2262;92;87;79;102;76;108;107;72;65;58;51;32;3191
314750;52;6;0;0;2;4;0;0;0;0;0;0;0;64
314760;1114;61;38;63;94;73;110;93;55;44;63;40;23;1871
314770;324;21;18;15;10;10;9;14;18;10;10;9;16;484
314780;177;8;3;1;3;2;0;1;0;1;0;1;0;197
314790;14029;509;590;545;513;2095;1151;761;820;877;799;661;575;23925
314800;10933;505;449;536;621;607;596;644;682;574;566;658;386;17757
314810;5898;624;272;295;319;512;301;296;321;414;360;360;165;10137
314820;220;23;9;9;11;3;11;5;9;4;11;7;1;323
314830;146;8;12;3;2;2;2;0;1;0;0;2;0;178
314840;28;6;2;0;0;0;0;0;2;0;0;0;0;38
314850;192;10;7;4;2;4;1;4;9;6;1;2;0;242
314860;453;8;7;12;18;43;16;39;13;4;10;3;1;627
314870;1224;34;21;27;45;28;26;35;33;38;33;21;12;1577
314880;102;4;0;0;1;3;2;0;0;0;1;5;0;118
314890;80;4;7;14;1;6;3;2;4;1;2;9;0;133
314900;56;1;1;1;2;0;1;0;4;1;2;3;0;72
314910;651;18;38;38;20;16;14;11;17;10;20;13;18;884
314920;70;6;0;1;1;1;3;5;8;2;1;0;3;101
314930;7435;345;325;348;442;310;361;426;379;343;324;255;234;11527
314940;173;13;8;6;8;10;11;6;4;5;7;4;2;257
314950;370;15;25;48;19;25;17;20;9;19;28;11;14;620
314960;84;13;1;2;2;1;1;2;1;3;2;6;2;120
314970;209;7;2;7;7;10;16;12;8;8;4;4;1;295
314980;734;34;39;24;19;51;36;42;72;48;73;38;42;1252
314990;1337;66;55;83;65;87;63;67;67;71;48;45;31;2085
315000;125;6;5;4;7;7;0;12;10;0;8;2;1;187
315010;91;7;3;17;6;7;2;0;4;0;0;0;0;137
315020;263;5;15;9;12;11;8;7;8;7;7;6;21;379
315030;120;4;1;13;2;2;2;3;5;3;1;1;1;158
315040;26;0;0;0;0;0;0;5;0;0;0;0;0;31
315050;198;11;19;19;11;7;9;31;8;14;13;12;4;356
315060;155;5;18;4;3;1;0;4;3;0;1;1;1;196
315070;141;23;26;40;27;114;46;9;20;8;2;30;9;495
315080;186;4;9;7;1;11;4;11;8;8;1;2;1;253
315090;138;8;7;12;8;12;17;4;5;16;7;6;0;240
315100;196;5;6;7;8;1;1;4;3;2;5;5;1;244
315110;859;27;11;17;62;104;76;37;37;55;44;31;13;1373
315120;7799;500;317;445;433;434;437;338;434;322;305;305;294;12363
315130;293;7;2;13;28;6;8;5;18;18;17;50;21;486
315140;2804;98;84;86;147;198;101;149;59;66;116;94;39;4041
315150;1479;120;77;77;65;215;117;90;113;96;69;58;44;2620
315160;292;5;4;8;6;12;4;32;5;8;8;2;6;392
315170;446;32;13;15;10;13;17;18;11;17;11;15;1;619
315180;23347;1099;938;1141;1233;1229;1311;1229;1288;1296;1201;1130;895;37337
315190;162;6;3;3;1;2;1;1;0;1;0;7;0;187
315200;1144;60;46;62;55;326;101;72;34;23;20;24;7;1974
315210;10065;462;325;422;400;523;578;436;428;355;356;297;223;14870
315220;1169;39;15;62;67;60;77;74;145;110;29;27;54;1928
315230;100;13;0;3;1;0;0;0;1;2;0;0;0;120
315240;157;6;0;0;6;3;3;2;1;0;0;4;0;182
315250;14722;1018;935;1440;1227;1493;1592;1593;1289;1211;903;830;571;28824
315260;307;14;16;21;14;16;7;12;8;11;11;8;2;447
315270;285;17;24;15;7;7;5;7;5;6;3;2;6;389
315280;1299;114;86;94;98;57;83;85;55;58;105;32;14;2180
315290;908;92;98;49;24;29;22;24;14;14;15;9;10;1308
315300;73;0;3;1;0;0;1;3;0;0;0;0;1;82
315310;85;8;20;4;2;9;5;6;3;3;1;2;0;148
315320;150;1;10;2;2;2;6;14;2;4;1;3;1;198
315330;82;0;0;0;0;1;0;0;1;12;3;1;0;100
315340;1042;117;73;39;42;30;34;33;25;32;66;65;57;1655
315350;214;17;19;12;18;12;6;4;12;0;6;19;1;340
315360;772;14;43;43;21;70;41;41;29;19;31;25;16;1165
315370;224;4;1;3;9;11;8;5;6;9;6;1;2;289
315380;51;4;0;2;0;0;0;5;0;0;1;0;0;63
315390;157;9;8;4;10;1;8;6;6;2;2;1;5;219
315400;1150;25;22;66;118;77;61;77;56;49;40;27;8;1776
315410;604;16;27;19;30;11;12;8;14;16;3;13;3;776
315420;286;6;16;8;22;7;7;29;16;14;8;4;9;432
315430;785;59;65;28;31;26;26;45;33;42;59;10;10;1219
315440;590;17;15;49;18;9;20;45;5;8;4;19;3;802
315450;250;13;15;4;9;6;23;19;16;17;5;9;18;404
315460;2987;181;161;198;221;217;308;228;213;225;170;227;85;5421
315470;168;33;2;1;4;5;7;1;1;6;2;7;1;238
315480;467;32;25;54;29;23;21;17;24;25;13;8;8;746
315490;1560;92;70;84;56;70;67;76;82;47;63;50;17;2334
315500;99;6;0;1;0;3;0;0;0;1;0;0;0;110
315510;69;2;1;3;2;0;7;1;4;0;0;1;1;91
315520;115;6;4;1;0;0;1;0;0;1;0;0;0;128
315530;58;12;7;2;0;2;0;2;1;2;0;0;0;86
315540;553;23;13;18;8;24;18;20;20;26;99;33;15;870
315550;463;27;12;9;19;8;12;14;7;20;8;5;5;609
315560;272;97;64;45;13;13;35;77;54;49;10;54;5;788
315570;916;62;49;54;49;60;46;67;52;25;60;72;22;1534
315580;1254;51;27;54;36;30;53;54;39;26;34;21;14;1693
315590;236;7;6;6;6;15;4;6;10;4;6;2;5;313
315600;186;3;7;1;1;2;1;0;3;2;0;0;0;206
315610;149;11;9;19;20;2;5;4;3;4;0;1;4;231
315620;177;2;3;3;9;2;4;3;4;1;3;3;3;217
315630;320;25;15;25;49;25;7;37;16;3;3;6;4;535
315640;35;3;0;1;0;1;2;0;1;0;1;2;0;46
315650;22;1;0;0;0;0;0;4;2;0;1;0;0;30
315660;229;10;5;4;5;5;7;5;5;6;5;6;4;296
315670;5746;322;238;270;319;345;304;300;306;315;253;183;165;9066
315680;411;20;14;5;11;12;23;6;4;15;9;2;3;535
315690;1713;93;82;71;54;71;86;80;97;124;92;63;53;2679
315700;1082;34;31;35;89;167;72;96;67;65;108;71;20;1937
315710;130;24;4;19;10;1;3;4;3;0;1;2;0;201
315720;5501;150;215;191;247;256;259;290;215;283;193;121;88;8009
315730;78;0;6;6;0;3;4;4;0;2;1;2;1;107
315740;172;6;6;19;12;13;9;13;10;4;2;7;7;280
315750;43;25;6;1;0;3;0;2;4;1;1;2;0;88
315760;4;0;0;0;0;0;0;0;0;0;0;0;0;4
315770;238;19;8;33;88;4;6;10;5;8;3;5;5;432
315780;10805;849;501;504;598;655;744;759;771;609;518;507;428;18248
315790;245;9;29;5;12;5;10;11;7;10;11;0;3;357
315800;408;16;7;31;16;19;34;19;28;13;14;6;18;629
315810;48;7;4;4;1;2;1;2;11;1;4;2;0;87
315820;243;6;3;3;10;14;4;2;6;7;2;6;2;308
315830;262;13;20;16;8;2;13;9;17;2;7;1;0;370
315840;29;0;1;3;1;0;3;3;2;0;6;4;0;52
315850;155;0;4;0;2;4;12;2;1;12;8;4;0;204
315860;257;3;8;8;0;2;4;11;12;21;5;2;18;351
315870;69;1;1;18;0;1;0;0;0;1;0;2;1;94
315880;134;22;19;2;3;3;1;4;5;1;2;1;1;198
315890;18;4;5;5;1;4;1;0;5;3;8;0;1;55
315900;170;14;10;7;7;3;10;1;12;5;1;0;0;240
315910;34;1;0;2;0;1;1;6;2;0;0;0;0;47
315920;402;12;71;6;4;30;26;11;13;11;14;23;4;627
315930;386;18;7;5;4;7;4;8;9;1;1;6;3;459
315940;114;3;4;4;3;2;4;2;2;5;4;1;1;149
315950;55;5;0;0;0;0;0;2;3;0;1;0;0;66
315960;5400;308;195;231;298;342;347;314;242;207;224;136;119;8363
315970;61;7;1;1;11;0;14;2;4;2;4;4;0;111
315980;907;43;11;22;26;27;27;18;16;20;20;14;10;1161
315990;597;59;24;17;15;29;7;12;22;9;14;22;9;836
316000;109;23;2;10;1;1;20;4;3;0;23;0;0;196
316010;187;5;13;12;3;10;4;4;6;4;0;0;1;249
316020;90;23;0;0;0;0;3;2;0;0;0;0;0;118
316030;23;0;1;0;0;1;2;0;0;0;0;0;0;27
316040;1412;85;60;66;71;76;117;66;121;99;67;68;28;2336
316050;41;10;0;1;0;0;0;0;0;0;0;0;0;52
316060;198;5;4;7;3;5;37;22;10;0;2;2;1;296
316070;3941;124;96;124;98;106;112;81;123;105;85;77;30;5102
316080;75;24;9;4;4;1;6;1;1;2;1;2;1;131
316090;93;9;2;11;4;0;4;1;2;2;0;0;1;129
316100;591;14;6;31;14;9;26;10;9;9;13;12;15;759
316110;526;10;20;11;11;9;33;13;16;8;10;7;12;686
316120;191;9;7;3;19;15;4;5;6;9;2;4;1;275
316130;60;1;0;16;3;8;2;0;0;0;3;2;0;95
316140;90;4;1;1;5;9;0;1;0;0;0;0;0;111
316150;239;15;2;7;6;3;6;9;4;16;2;2;3;314
316160;69;19;5;1;1;1;1;0;0;0;0;0;0;97
316170;292;31;14;25;9;11;23;7;15;11;14;15;71;538
316180;648;30;62;45;21;33;29;20;13;15;32;23;19;990
316190;219;18;9;64;18;10;11;21;14;15;11;17;10;437
316200;2346;161;72;98;86;78;63;96;67;72;58;57;56;3310
316210;1768;71;92;87;51;73;89;48;68;65;81;87;33;2613
316220;380;32;21;27;25;30;19;18;12;10;23;9;15;621
316230;79;0;0;4;0;2;0;0;2;1;2;0;0;90
316240;162;21;4;3;4;17;1;4;1;3;12;7;12;251
316250;10556;726;757;643;483;507;490;557;505;456;392;280;201;16553
316260;118;16;0;1;14;1;7;11;16;10;0;8;6;208
316270;365;2;44;6;3;42;12;9;7;17;22;4;0;533
316280;428;12;5;2;3;6;11;4;0;3;3;0;0;477
316290;2843;104;108;255;298;278;262;309;211;225;244;168;86;5391
316300;4;0;0;0;0;0;0;0;0;0;1;0;1;6
316310;86;5;26;5;5;0;1;5;4;1;0;2;2;142
316320;96;1;2;1;3;1;1;0;3;0;1;0;0;109
316330;51;3;0;2;1;1;0;1;1;2;2;0;0;64
316340;216;20;35;7;23;11;5;16;4;35;16;5;10;403
316350;3;0;0;0;0;0;0;0;0;0;0;0;0;3
316360;1;0;0;0;9;0;0;0;0;0;0;0;0;10
316370;4804;362;185;261;244;247;237;278;267;243;196;170;137;7631
316380;15;42;1;1;0;1;0;0;0;1;1;0;0;62
316390;106;17;0;1;0;11;8;6;5;4;1;0;1;160
316400;1314;121;105;105;108;174;279;229;112;87;35;26;16;2711
316410;51;0;0;1;0;1;1;0;1;0;0;0;0;55
316420;174;16;15;9;2;5;2;2;3;2;3;14;0;247
316430;98;1;5;3;2;1;1;17;5;1;3;0;0;137
316440;176;10;6;9;1;9;11;5;8;18;3;7;0;263
316450;58;4;0;0;0;0;0;0;0;0;0;0;0;62
316460;259;5;10;18;11;12;10;26;19;42;31;36;24;503
316470;5652;342;278;277;308;373;444;292;272;229;257;272;186;9182
316480;54;3;1;0;0;0;0;0;1;0;0;0;0;59
316490;52;2;4;2;2;2;2;1;0;1;1;1;0;70
316500;300;40;5;6;20;7;3;3;2;2;6;4;0;398
316510;296;13;8;10;6;8;9;5;5;4;2;5;0;371
316520;276;20;18;29;17;47;37;42;76;27;47;27;7;670
316530;308;3;1;5;4;1;9;10;17;16;7;3;0;384
316540;152;22;6;8;4;9;11;5;8;8;4;5;1;243
316550;48;1;0;0;0;0;1;1;0;0;0;0;0;51
316560;185;5;1;2;2;6;7;10;8;8;12;1;0;247
316570;157;1;0;1;1;0;0;2;0;0;0;2;2;166
316580;58;7;8;4;4;3;0;0;3;0;0;2;0;89
316590;35;0;0;0;0;0;0;0;0;0;0;1;0;36
316600;201;2;18;3;2;1;1;2;2;0;0;0;0;232
316610;39;2;7;1;1;0;1;0;1;0;1;0;0;53
316620;106;10;3;1;9;3;2;0;0;1;1;2;0;138
316630;61;49;6;1;0;1;0;1;0;0;0;0;0;119
316640;95;12;13;5;1;3;0;0;0;2;1;0;8;140
316650;63;2;0;0;0;0;0;1;0;0;0;0;0;66
316660;23;0;0;0;0;0;0;2;3;1;0;0;0;29
316670;359;3;3;9;25;28;144;13;31;32;13;4;3;667
316680;189;13;8;8;11;34;9;15;7;4;7;9;2;316
316690;548;24;29;23;21;55;25;29;21;31;35;5;1;847
316700;98;2;0;3;6;4;3;0;1;2;1;2;0;122
316710;565;9;25;17;5;8;5;10;18;7;8;8;1;686
316720;26075;1571;1440;1533;1896;1984;1985;1954;1701;1430;1505;1509;1273;45856
316730;53;6;6;4;1;1;2;0;0;1;0;1;0;75
316740;223;7;14;15;5;7;5;1;9;23;8;5;2;324
316750;152;8;6;4;6;1;7;4;9;4;1;9;2;213
316760;91;1;1;4;3;1;4;2;7;3;12;0;0;129
316770;211;3;6;3;2;5;0;2;2;3;6;4;0;247
316780;160;2;11;7;9;4;5;2;8;8;5;5;5;231
316790;118;11;3;2;4;4;4;2;5;4;2;3;1;163
316800;1453;85;86;104;91;51;39;273;65;136;173;119;28;2703
316810;1722;22;34;10;13;15;10;20;17;7;29;7;10;1916
316820;104;3;2;0;1;3;1;1;0;1;0;4;1;121
316830;108;2;0;0;0;9;0;1;1;3;6;3;2;135
316840;172;20;8;5;2;7;2;7;6;4;4;5;2;244
316850;263;5;3;1;3;12;6;11;7;1;4;2;7;325
316860;11077;627;448;552;541;559;694;610;644;580;569;474;321;17696
316870;14332;409;193;232;457;547;406;958;888;963;556;388;568;20897
316880;312;14;37;17;14;25;19;19;18;26;11;17;7;536
316890;201;5;3;7;8;4;8;9;3;4;5;3;4;264
316900;819;37;23;46;47;38;66;54;66;32;25;22;25;1300
316910;61;0;0;0;0;0;0;0;0;0;0;0;0;61
316920;227;8;6;15;5;4;5;14;4;4;12;4;2;310
316930;8162;247;191;269;334;322;302;320;410;353;303;240;176;11629
316935;3354;148;120;166;224;257;305;141;198;149;122;88;81;5353
316940;8878;789;231;455;292;776;480;771;288;278;475;423;115;14251
316950;185;4;1;22;6;4;1;9;3;1;5;5;14;260
316960;3004;184;159;180;97;134;756;304;232;159;296;60;25;5590
316970;476;9;8;11;17;16;19;10;16;13;6;3;0;604
316980;130;0;0;5;0;2;2;1;1;3;1;1;0;146
316990;10384;387;394;556;633;705;652;585;622;478;511;446;280;16633
317000;62;2;0;0;0;7;1;0;1;3;0;1;2;79
317010;35328;2044;1809;2353;2459;3014;2675;2331;2407;2295;2430;1936;1472;62553
317020;65175;3351;2733;3369;3590;4040;4328;4325;4358;4386;4222;4021;2603;110501
317030;52;0;0;0;0;0;0;2;0;0;0;0;0;54
317040;3557;162;180;210;287;176;167;150;194;125;148;92;59;5507
317050;2891;121;96;93;100;222;279;114;120;65;45;68;15;4229
317070;19721;923;757;1065;1008;1287;1231;1164;1069;1038;1087;1052;598;32000
317080;3314;82;114;107;186;128;159;138;187;152;143;134;95;4939
317090;124;3;2;2;13;2;3;2;2;0;1;9;1;164
317100;2582;219;119;114;193;211;151;124;124;106;78;157;99;4277
317110;106;4;9;15;2;4;2;2;8;2;1;3;1;159
317120;6390;376;182;206;230;260;257;288;265;207;203;181;115;9160
317130;8495;296;164;182;205;293;176;186;166;133;182;159;67;10704
317140;114;3;1;1;2;1;1;3;2;0;0;0;0;128
317150;65;8;6;0;0;2;2;3;0;4;4;1;0;95
317160;218;2;1;4;2;1;2;4;0;2;0;0;0;236
317170;331;40;13;4;17;6;0;7;9;3;11;2;1;444
317180;328;18;14;14;10;11;8;24;24;15;8;5;4;483
317190;91;8;1;1;2;3;1;1;1;0;0;0;1;110
317200;5072;194;153;239;93;459;256;153;144;113;101;127;52;7156
317210;284;12;12;10;9;6;6;8;5;8;13;6;2;381
317220;146;3;6;16;3;4;4;2;5;1;2;1;1;194
319999;1645;56;32;89;49;109;28;53;73;57;44;44;24;2303
320010;1324;15;18;31;16;31;24;97;21;29;24;22;8;1660
320020;1690;40;20;27;86;98;46;34;33;43;55;54;32;2258
320030;449;6;18;11;22;15;5;9;13;14;6;5;3;576
320040;1587;98;67;69;143;56;49;68;97;45;122;74;20;2495
320050;245;2;0;8;7;8;1;4;4;6;2;0;1;288
320060;11031;903;790;974;961;1118;1062;940;1156;1157;1026;725;486;22329
320070;233;14;7;9;12;9;10;18;16;15;34;17;4;398
320080;2206;59;40;66;53;75;45;63;60;53;61;62;26;2869
320090;1345;55;53;53;43;40;51;33;23;28;28;65;13;1830
320100;732;14;11;14;72;29;127;30;16;38;11;21;9;1124
320110;338;10;5;17;15;9;17;9;9;10;3;8;4;454
320120;25109;1242;895;1080;1255;1293;1224;1183;1201;1192;1050;1120;847;38691
320130;33878;2147;1430;1367;1502;1490;1606;1504;1655;1366;1205;1144;761;51055
320140;2068;46;43;72;65;68;83;69;47;57;70;52;51;2791
320150;15718;614;555;856;845;884;853;790;819;705;727;575;463;24404
320160;4479;130;112;237;166;336;301;149;163;148;136;97;64;6518
320170;562;12;10;13;9;15;8;17;12;6;10;2;3;679
320180;94;1;0;1;0;0;0;0;40;0;0;1;0;137
320200;101;15;11;8;2;6;4;0;38;2;0;1;0;188
320210;716;26;10;25;19;10;21;14;19;19;8;20;5;912
320220;736;67;76;111;317;30;68;42;24;48;32;50;29;1630
320230;1699;46;27;35;46;39;32;46;95;40;48;23;37;2213
320240;5420;681;341;390;437;428;446;482;427;477;391;440;431;10791
320245;123;9;5;5;5;3;14;10;15;6;4;5;2;206
320250;1188;164;51;79;46;72;199;106;125;77;102;26;37;2272
320260;508;16;22;28;12;27;15;12;32;19;17;11;14;733
320270;728;22;19;12;9;17;20;15;11;38;21;20;23;955
320280;2955;278;206;238;131;110;150;199;187;138;173;136;79;4980
320290;394;9;19;9;9;14;18;11;16;17;20;14;1;551
320300;1144;64;113;130;54;44;26;39;44;62;48;54;27;1849
320305;280;25;11;7;19;20;3;26;16;12;11;23;5;458
320310;452;22;12;18;24;17;14;14;33;31;14;21;6;678
320320;11791;713;529;704;600;899;1201;681;590;618;607;446;338;19717
320330;352;22;1;4;6;6;2;2;2;0;1;0;3;401
320335;210;1;2;4;0;8;3;20;4;11;10;2;0;275
320340;727;11;16;12;22;20;23;18;13;24;18;22;5;931
320350;657;17;24;16;29;21;28;18;14;8;9;10;18;869
320360;341;10;5;5;13;7;3;4;3;5;2;4;1;403
320370;568;10;27;45;16;7;5;5;13;10;5;12;1;724
320380;666;9;19;13;15;112;72;19;13;20;33;23;3;1017
320390;2769;76;82;105;81;121;88;99;164;71;137;73;45;3911
320400;898;63;65;78;25;27;17;13;21;23;25;15;3;1273
320405;159;26;2;20;12;18;52;23;54;12;19;31;20;448
320410;802;9;6;19;34;7;11;14;13;6;12;10;5;948
320420;383;23;19;25;17;20;15;20;23;13;5;11;8;582
320430;77;14;5;2;4;1;2;1;18;5;6;0;1;136
320435;64;4;0;0;0;1;3;10;2;1;1;1;2;89
320440;345;10;9;15;8;9;3;17;13;6;2;7;9;453
320450;518;18;9;9;10;26;17;9;22;21;17;17;6;699
320470;1833;99;61;98;86;77;65;73;62;82;28;31;12;2607
320480;640;1;1;5;3;5;9;4;10;1;8;7;0;694
320490;7117;316;240;228;328;255;383;262;418;413;307;237;197;10701
320500;41435;2785;1905;1938;2236;2372;2603;2312;2466;2316;2254;1996;1148;67766
320510;5487;206;160;194;383;244;248;283;340;204;189;233;204;8375
320520;27553;2125;1223;1645;1627;1656;1927;1844;1869;1830;1809;1452;1105;47665
320530;144387;6397;3986;5013;4355;4764;5370;6012;5732;4773;5717;4792;3606;204904
329999;4912;379;267;456;255;288;252;313;211;181;199;133;134;7980
330010;17457;762;819;525;667;776;682;769;743;576;507;487;363;25133
330020;5039;271;176;464;243;253;254;273;248;251;144;272;153;8041
330025;852;171;134;176;220;142;110;156;98;47;48;35;30;2219
330030;13167;590;519;534;585;635;721;683;643;585;466;369;308;19805
330040;24634;880;660;851;876;984;944;1076;1116;1105;1038;826;700;35690
330050;1089;32;29;76;75;121;53;47;41;35;29;21;23;1671
330060;3319;103;76;73;74;94;154;79;91;96;84;78;31;4352
330070;13974;1111;608;796;842;988;929;858;845;752;662;786;755;23906
330080;3111;262;189;316;254;243;263;342;264;214;150;125;99;5832
330090;718;15;12;11;129;28;165;43;23;17;9;12;3;1185
330100;51711;2461;1460;1342;1362;2493;6725;4042;2196;1658;1576;1249;1024;79299
330110;3593;143;78;140;56;75;61;60;67;72;75;61;45;4526
330120;1807;28;33;37;21;41;25;34;54;58;43;24;15;2220
330130;2543;159;93;121;134;328;175;160;97;95;94;57;68;4124
330140;906;10;9;11;9;9;11;13;20;25;15;8;3;1049
330150;1493;40;36;57;69;57;77;94;63;40;39;35;27;2127
330160;216;6;7;6;11;13;9;8;14;11;28;23;10;362
330170;76810;4163;3170;3817;4089;4706;4595;4572;4382;3832;3688;3563;2331;123718
330180;1352;74;30;38;60;60;55;58;30;90;36;25;17;1925
330190;9313;510;370;452;484;454;436;600;552;459;422;371;225;14648
330200;5503;258;215;228;231;287;261;331;368;331;284;198;130;8625
330205;978;17;27;55;44;21;30;21;26;18;11;13;17;1278
330210;1708;55;85;163;115;102;69;85;78;69;57;63;21;2670
330220;7245;277;216;302;355;310;310;363;347;295;306;303;153;10782
330230;444;7;3;4;0;2;0;1;0;2;1;0;0;464
330240;25215;1173;816;1409;1407;1361;1611;1060;1263;884;733;986;698;38616
330250;12717;439;265;358;400;590;514;487;498;437;433;326;278;17742
330260;3452;291;82;137;171;133;218;160;157;196;154;136;184;5471
330270;3972;207;138;231;186;234;193;188;234;211;201;171;94;6260
330280;1629;41;83;39;63;40;97;65;60;59;36;38;22;2272
330290;1274;47;19;54;44;95;52;53;35;27;40;38;27;1805
330300;2042;71;51;99;29;43;54;56;65;51;42;31;32;2666
330310;1510;52;9;15;48;17;17;26;29;29;18;11;6;1787
330320;10556;373;350;499;704;479;524;440;468;390;437;478;266;15964
330330;120930;5568;3755;5329;5634;5961;6190;5208;5602;5256;4760;4485;3051;181729
330340;27544;1034;850;1286;1402;1644;1593;1485;1407;1190;1098;826;673;42032
330350;68092;3816;2693;3645;4096;4069;3984;4489;4037;3885;3344;2895;2190;111235
330360;4637;154;132;176;137;109;105;98;142;124;93;58;33;5998
330370;3381;131;83;146;102;130;136;104;127;128;104;122;64;4758
330380;1530;93;90;213;165;103;94;121;127;87;90;64;61;2838
330390;50021;2757;1879;2602;2991;3411;3572;3508;3218;2762;2411;2204;1525;82861
330400;5129;118;91;72;124;150;97;154;133;83;93;83;51;6378
330410;1087;22;22;26;70;110;29;31;20;22;23;22;1;1485
330420;19345;1166;554;900;886;1204;1007;1012;959;981;831;1001;496;30342
330430;5986;310;280;340;252;333;278;303;302;232;211;125;130;9082
330440;548;17;17;15;21;13;16;19;16;22;12;16;4;736
330450;353;4;2;16;11;36;7;3;11;16;11;4;7;481
330455;2086296;84401;59831;73384;79785;86913;85864;87091;84261;76159;74345;70907;50814;3000051
330460;622;20;3;2;7;5;3;4;2;10;4;2;0;684
330470;3211;144;179;258;156;137;188;186;143;109;119;83;158;5071
330480;2352;83;41;67;43;122;168;127;92;63;52;46;28;3284
330490;48516;2527;2070;2625;2714;3017;3154;2783;2912;2516;2666;2244;1397;79141
330500;3654;49;24;60;60;71;312;111;74;51;95;62;37;4660
330510;28991;1709;1092;1366;1758;1739;1731;1686;1727;1597;1516;1541;1162;47615
330520;5066;150;144;123;118;129;108;219;118;109;71;79;52;6486
330530;29;1;0;0;0;2;2;1;1;0;1;0;0;37
330540;1303;72;38;52;23;58;53;37;24;37;32;22;20;1771
330550;1837;151;81;78;62;74;73;270;135;106;85;70;35;3057
330560;1027;82;34;36;51;65;24;66;57;26;26;46;15;1555
330570;269;6;3;16;21;14;29;8;6;8;9;3;2;394
330580;17042;839;602;965;943;1071;1145;1028;1084;927;742;666;482;27536
330590;541;4;8;14;90;19;3;4;11;4;1;2;8;709
330600;16245;694;570;893;697;1102;960;787;807;476;660;428;315;24634
330610;7891;349;199;296;295;335;287;197;251;237;186;163;192;10878
330620;4475;428;184;214;196;170;231;231;231;146;115;117;67;6805
330630;62943;2475;1947;1981;2795;2508;2885;1944;2112;1952;2229;1949;1432;89152
350010;4559;137;141;276;142;439;267;217;191;152;143;130;83;6877
350020;207;5;2;1;9;2;7;13;3;1;5;2;0;257
350030;2574;106;78;136;262;168;153;159;112;107;139;118;84;4196
350040;680;19;18;24;23;24;50;17;45;42;29;17;12;1000
350050;2252;124;61;138;132;167;160;132;114;111;180;119;107;3797
350055;337;24;19;80;21;11;10;37;30;57;51;49;20;746
350060;524;21;24;49;17;40;35;29;51;25;20;29;19;883
350070;5151;114;126;183;173;281;227;211;226;113;138;125;70;7138
350080;130;2;0;2;2;13;1;1;2;0;1;0;1;155
350090;242;1;4;14;21;12;5;20;2;0;2;2;1;326
350100;1558;48;30;35;57;40;93;80;31;40;56;62;21;2151
350110;134;3;1;1;1;2;1;40;3;1;1;2;0;190
350120;122;0;1;7;5;4;2;6;5;1;0;0;0;153
350130;928;43;42;55;33;37;51;31;34;50;20;27;17;1368
350140;99;10;6;3;8;5;4;4;9;6;8;6;4;172
350150;99;3;6;2;4;1;3;3;0;0;2;1;1;125
350160;50248;2962;2385;3082;3421;3485;3656;3520;3853;3222;3208;2634;1589;87265
350170;4659;697;302;276;174;932;472;437;225;203;152;229;603;9361
350180;337;5;6;25;56;9;6;6;5;2;8;1;0;466
350190;13218;535;404;410;569;604;789;784;663;634;498;538;234;19880
350200;359;13;76;21;7;77;49;26;38;22;68;97;21;874
350210;7221;318;322;350;296;295;320;217;211;268;237;277;210;10542
350220;2011;97;52;89;127;100;181;126;125;69;76;68;76;3197
350230;367;9;3;17;31;20;23;27;34;29;15;9;9;593
350240;99;9;1;7;4;4;5;2;1;1;1;4;1;139
350250;4693;225;145;217;231;257;219;248;163;211;185;126;91;7011
350260;229;5;4;4;2;4;2;5;1;2;5;1;4;268
350270;1993;95;49;67;70;122;87;76;182;172;73;76;38;3100
350280;27102;1303;1426;1751;1452;2022;4459;2222;2137;1599;1487;1353;873;49186
350290;876;44;46;42;63;65;103;94;52;75;33;31;30;1554
350300;166;19;11;7;5;11;19;61;18;7;5;6;5;340
350310;298;51;21;7;39;55;11;23;13;40;18;27;7;610
350320;40694;2928;2304;2683;3045;5482;4154;4288;3051;2939;2761;2524;1543;78396
350330;24571;1975;740;928;1622;5022;1905;1425;1137;1093;1148;1967;536;44069
350340;263;7;10;7;17;10;26;13;14;8;4;4;2;385
350350;190;4;3;2;2;3;1;5;1;0;1;0;0;212
350360;273;18;17;46;54;31;85;33;19;37;9;18;28;668
350370;1983;1421;1053;270;421;4345;548;389;478;180;474;138;8;11708
350380;3444;119;94;236;127;308;243;231;265;160;122;124;81;5554
350390;6805;810;308;461;535;693;588;660;519;449;449;376;239;12892
350400;14213;660;502;699;981;1951;1088;870;804;729;507;481;325;23810
350410;11860;822;687;794;803;818;775;732;741;752;546;486;410;20226
350420;1222;37;43;41;64;51;79;42;68;66;68;59;14;1854
350430;193;19;6;5;12;6;6;6;7;6;3;8;2;279
350440;679;25;122;78;35;46;268;152;77;111;63;34;13;1703
350450;8901;472;459;498;454;429;638;555;592;629;576;480;269;14952
350460;310;24;10;21;10;16;40;35;31;30;22;10;6;565
350470;70;10;14;10;4;4;7;2;0;1;0;1;0;123
350480;287;9;13;4;29;19;13;19;14;18;3;6;1;435
350490;773;29;19;22;9;30;20;24;22;28;32;12;12;1032
350500;94;0;0;19;1;0;2;0;0;0;1;0;0;117
350510;295;11;8;17;12;10;10;63;6;12;12;2;8;466
350520;2308;80;69;115;92;181;170;151;92;114;58;87;47;3564
350530;8343;352;409;506;412;595;501;417;444;396;351;242;157;13125
350540;82;36;6;3;11;0;3;8;12;11;10;2;3;187
350550;13647;2077;1353;1117;912;1600;2988;1594;904;793;875;1127;694;29681
350560;675;22;28;37;23;192;113;81;88;76;74;118;58;1585
350570;49329;2792;2202;2948;2921;3407;3480;3914;3794;3448;3161;2659;1747;85802
350580;4263;122;60;161;106;121;114;96;115;138;179;100;66;5641
350590;5739;254;223;192;366;526;393;294;315;312;278;284;199;9375
350600;53649;2120;1893;2251;2501;2912;2870;2611;2971;2637;2304;2411;1683;82813
350610;13775;2092;3563;1140;935;1448;4093;9129;4302;2176;1869;1409;849;46780
350620;341;6;7;0;25;44;553;87;69;25;83;58;1;1299
350630;862;39;24;42;42;76;73;44;61;48;44;38;22;1415
350640;440;9;47;12;16;46;34;18;27;28;23;18;0;718
350650;17646;808;1015;1723;1381;1431;1579;1168;1305;1170;1169;670;321;31386
350660;553;21;16;11;25;17;13;31;19;15;9;27;15;772
350670;2054;189;134;127;95;89;105;112;79;126;204;112;101;3527
350680;1230;88;54;68;199;749;283;165;198;147;103;42;83;3409
350690;483;27;33;27;47;40;33;28;73;63;26;23;6;909
350700;3951;182;361;462;287;410;357;362;355;311;301;173;87;7599
350710;1062;92;39;134;80;100;78;69;67;76;47;41;33;1918
350720;187;24;11;67;17;9;18;2;9;10;1;2;3;360
350730;242;2;12;12;7;10;8;57;69;25;16;12;10;482
350740;616;36;29;45;19;18;39;21;77;52;33;39;20;1044
350750;20309;799;692;670;825;991;1122;1082;1107;1139;839;705;514;30794
350760;16821;786;670;816;1101;1024;954;1060;1065;972;863;800;482;27414
350770;168;1;6;1;2;4;13;9;1;0;2;2;0;209
350780;950;52;28;67;111;74;60;54;103;46;32;37;26;1640
350790;2073;109;87;92;82;120;109;101;133;65;83;66;57;3177
350800;1715;67;150;104;70;146;54;39;87;109;91;44;27;2703
350810;881;85;60;49;62;61;67;51;70;35;28;54;15;1518
350820;96;3;9;2;4;6;2;5;7;4;2;3;0;143
350830;559;54;19;38;32;31;31;48;47;30;26;16;8;939
350840;3766;161;141;186;208;186;183;218;253;220;227;161;175;6085
350850;8428;742;526;482;632;576;572;626;571;487;649;393;294;14978
350860;2232;113;36;71;79;95;63;96;94;50;73;57;48;3107
350870;879;48;35;20;39;41;35;43;31;16;22;28;20;1257
350880;1408;37;36;55;45;67;61;47;76;46;55;47;27;2007
350890;360;16;8;6;89;287;101;71;36;21;20;30;2;1047
350900;7508;448;306;443;390;538;588;507;506;441;510;443;225;12853
350910;279;4;2;24;13;100;7;9;11;7;5;5;3;469
350920;24203;2453;2392;2146;2302;2269;2759;2469;2456;2048;2184;1634;1283;50598
350930;500;32;4;24;10;15;177;115;99;28;33;12;5;1054
350940;1253;495;113;99;373;301;232;180;127;123;199;68;76;3639
350950;225724;12825;9458;12263;13474;14088;15288;15468;15819;14448;14250;12206;8766;384077
350960;7561;227;226;204;246;223;378;583;489;266;269;217;99;10988
350970;5881;416;289;341;366;437;361;298;346;297;308;291;223;9854
350980;90;5;1;2;0;0;14;9;13;2;1;3;0;140
350990;565;54;25;31;36;47;65;23;47;9;49;27;20;998
351000;1896;60;48;115;51;121;103;71;70;87;61;55;51;2789
351010;172;24;5;11;5;72;70;87;36;13;50;11;4;560
351020;5075;313;236;221;197;224;197;227;289;218;192;259;117;7765
351030;1234;144;141;69;88;311;230;157;170;114;92;70;138;2958
351040;6952;619;606;462;412;1211;1070;722;560;487;416;252;151;13920
351050;4078;344;239;326;270;322;328;373;333;333;257;267;248;7718
351060;12160;747;571;722;780;719;787;794;857;811;732;595;393;20668
351070;555;23;9;18;23;18;9;21;15;10;6;5;8;720
351080;2547;208;90;134;168;170;140;201;123;205;161;117;141;4405
351090;64;15;1;2;7;1;0;1;0;0;2;0;4;97
351100;1342;14;15;32;32;17;6;23;9;12;13;9;9;1533
351110;17362;2383;1040;1210;984;2384;1777;1321;1217;1003;864;831;553;32929
351120;241;16;4;9;8;7;16;64;18;28;5;8;39;463
351130;293;7;32;17;11;22;10;13;6;22;4;13;7;457
351140;1050;34;49;54;51;69;76;54;50;53;43;52;20;1655
351150;4402;449;166;174;227;474;377;245;237;224;150;121;65;7311
351160;944;76;15;76;101;222;363;122;140;120;129;36;22;2366
351170;686;43;42;41;27;50;35;62;22;44;35;35;16;1138
351190;543;3;18;17;33;47;584;125;131;43;48;9;21;1622
351200;2617;40;72;89;73;68;49;235;131;94;100;66;23;3657
351210;807;33;60;46;62;23;17;45;50;27;46;37;36;1289
351220;2215;606;182;297;355;511;1240;540;305;311;152;229;82;7025
351230;943;43;35;36;37;43;64;50;67;36;45;70;25;1494
351240;3271;230;132;151;219;288;259;217;263;228;234;190;104;5786
351250;670;24;16;26;29;36;35;33;45;43;30;10;6;1003
351260;156;21;8;3;2;6;1;2;5;4;2;2;9;221
351270;354;17;11;19;13;20;10;19;18;20;16;24;50;591
351280;5676;247;188;239;274;2207;259;464;327;239;202;209;1544;12075
351290;204;0;2;2;2;0;2;2;4;0;3;1;0;222
351300;26831;1280;1235;1550;1656;1794;1852;1862;2108;1640;1555;1234;791;45388
351310;2456;92;63;138;106;148;122;137;108;108;94;82;142;3796
351320;372;16;11;18;23;14;11;16;21;8;8;7;1;526
351330;640;11;24;27;44;30;49;15;39;30;7;12;8;936
351340;9913;475;519;381;351;374;455;392;451;354;424;280;216;14585
351350;43408;2574;2219;2612;2617;4077;2590;2661;2445;1476;2169;1538;927;71313
351360;333;9;9;3;13;6;24;10;22;5;9;9;6;458
351370;5454;201;180;193;262;729;325;214;235;212;230;221;284;8740
351380;93427;5366;3767;4637;5934;6681;7323;7197;7166;6436;6056;4716;2868;161574
351390;674;32;13;32;19;41;16;15;19;7;17;21;4;910
351400;958;224;26;117;976;1151;1470;1062;918;699;1060;203;212;9076
351410;3428;73;39;192;153;606;143;150;147;100;54;51;29;5165
351420;115;0;0;1;2;1;12;16;2;1;2;1;0;153
351430;839;339;173;108;98;76;161;71;84;55;50;149;71;2274
351440;4751;238;153;162;210;241;210;187;347;208;203;176;92;7178
351450;1315;106;51;45;71;33;33;25;30;50;54;31;5;1849
351460;181;321;17;26;73;79;70;43;47;28;45;36;24;990
351470;312;7;14;6;9;32;14;9;11;36;14;6;1;471
351480;521;33;12;24;32;30;28;37;19;15;16;14;9;790
351490;1491;139;133;93;96;217;205;140;131;154;112;51;38;3000
351500;46638;5067;4138;4911;5183;6079;6421;6252;6593;5523;5324;4911;2968;110008
351510;4271;201;126;250;319;379;319;406;347;268;339;259;135;7619
351518;7233;387;260;399;374;345;318;370;300;297;247;259;187;10976
351520;736;24;27;27;48;28;31;39;16;28;24;23;23;1074
351530;111;15;8;8;7;8;8;4;5;1;1;2;1;179
351540;811;66;43;41;43;51;28;38;18;25;27;26;13;1230
351550;6707;302;320;278;398;379;631;607;343;276;228;372;190;11031
351560;185;12;7;13;3;10;14;12;18;3;9;6;1;293
351570;10028;626;520;1192;1323;1337;1319;1132;997;927;610;507;231;20749
351580;123;1;29;4;8;2;5;2;0;0;0;0;0;174
351590;186;15;2;9;8;4;6;2;4;7;3;5;1;252
351600;495;32;33;23;9;12;26;451;43;56;26;57;4;1267
351610;236;11;30;27;36;28;6;10;13;10;5;1;2;415
351620;50248;2920;2543;3441;3830;4357;4349;4051;3980;3281;3360;2758;1428;90546
351630;1598;137;126;116;88;119;105;182;116;162;139;85;128;3101
351640;4741;329;238;323;299;372;336;291;281;258;306;208;90;8072
351650;65;2;0;0;0;1;0;0;2;1;4;0;4;79
351660;976;48;58;64;75;73;51;51;77;28;31;13;25;1570
351670;6013;292;254;287;307;394;350;256;281;232;409;197;143;9415
351680;148;15;4;3;1;8;6;1;2;2;2;7;7;206
351690;648;16;15;54;19;326;312;42;39;44;59;4;7;1585
351700;561;23;6;15;22;16;24;18;14;40;11;17;23;790
351710;195;0;18;19;17;9;23;14;5;12;3;3;4;322
351720;464;29;13;24;18;20;32;38;39;47;24;26;6;780
351730;357;19;15;7;14;60;83;33;9;10;4;2;3;616
351740;3352;117;269;351;370;779;215;243;216;128;119;64;56;6279
351750;964;64;58;59;48;74;48;50;35;38;89;81;167;1775
351760;984;50;52;21;23;47;38;51;58;76;50;39;24;1513
351770;969;21;51;106;110;38;19;22;17;35;12;13;11;1424
351780;755;46;43;39;51;42;42;44;22;30;46;21;15;1196
351790;498;26;25;68;82;18;144;55;33;26;23;12;9;1019
351800;133;2;0;3;2;2;26;2;2;4;0;0;1;177
351810;291;10;7;60;19;23;14;20;11;9;9;9;9;491
351820;3246;80;146;212;136;458;1054;186;134;111;99;92;63;6017
351830;1620;85;62;117;63;70;68;68;85;96;106;60;55;2555
351840;19356;881;1214;678;632;790;632;1252;788;652;594;478;402;28349
351850;404;10;42;14;23;3;10;22;6;14;8;6;1;563
351860;4848;826;111;106;124;4964;412;289;102;88;113;910;109;13002
351870;24909;1769;1347;1618;1609;1752;1510;1502;1657;1527;1602;1453;1681;43936
351880;193536;9561;7613;9851;11016;12430;13556;12981;14296;12065;10975;8874;5777;322531
351890;98;0;0;0;3;1;0;3;0;3;5;4;1;118
351900;220;8;6;13;5;7;9;13;5;5;1;1;8;301
351910;490;11;3;23;11;22;16;25;18;17;11;14;1;662
351920;354;8;3;9;7;33;7;10;6;8;1;2;8;456
351930;4259;728;275;266;202;1096;494;365;323;270;204;156;138;8776
351940;377;10;20;8;10;17;14;11;2;15;4;4;5;497
351950;736;61;17;42;43;377;114;118;97;91;17;38;25;1776
351960;3308;123;173;194;193;243;250;181;359;211;171;166;88;5660
351970;2610;137;104;121;143;149;175;216;144;124;123;99;87;4232
351980;478;29;13;16;30;43;41;29;11;16;17;26;6;755
351990;559;16;22;22;30;46;21;18;34;25;23;10;11;837
352000;6006;138;73;124;40;70;62;98;78;182;76;33;32;7012
352010;3861;533;268;162;109;526;1030;455;325;163;106;189;94;7821
352020;225;23;8;16;15;13;16;14;27;16;16;4;4;397
352030;1484;57;30;35;53;55;69;49;64;47;41;41;27;2052
352040;744;50;36;64;68;65;52;72;73;47;71;77;64;1483
352050;18758;1024;792;1044;1085;1488;1577;1551;1518;1277;1071;853;611;32649
352060;287;8;44;14;35;31;71;30;13;11;17;18;3;582
352070;246;7;8;28;9;16;5;16;7;1;13;6;5;367
352080;158;2;0;5;12;1;4;5;0;13;0;1;0;201
352090;1645;74;56;59;62;491;336;137;116;106;141;114;38;3375
352100;919;43;6;20;52;39;72;73;49;24;50;34;23;1404
352110;277;15;5;18;12;17;18;20;9;12;20;14;6;443
352120;141;0;2;0;0;1;4;0;3;1;1;0;10;163
352130;784;67;65;41;21;258;145;78;43;33;33;26;10;1604
352140;5437;91;81;131;111;547;288;266;202;113;112;94;47;7520
352150;156;9;2;1;4;11;0;1;6;6;0;0;0;196
352160;414;31;18;17;16;15;5;2;8;8;12;6;4;556
352170;1119;48;54;27;87;34;60;50;52;31;37;26;48;1673
352180;988;68;39;37;42;56;129;42;50;26;65;34;18;1594
352190;1149;157;108;54;51;353;72;56;57;40;35;23;11;2166
352200;74;2;2;4;4;1;1;0;7;2;8;2;2;109
352210;4620;265;228;241;222;279;200;204;279;257;276;213;163;7447
352220;9701;594;434;541;637;564;643;748;715;634;690;522;438;16861
352230;17220;785;658;752;884;1165;1339;1093;1089;1212;955;780;588;28520
352240;9604;614;309;450;378;501;525;504;502;483;634;620;382;15506
352250;6760;802;761;774;696;1268;1189;977;1104;1131;659;863;440;17424
352260;9825;892;489;665;498;2863;866;814;681;621;455;1238;148;20055
352270;3920;141;222;234;94;156;320;1014;847;1116;761;496;186;9507
352280;429;11;19;8;23;42;11;12;18;8;10;6;2;599
352290;1948;90;26;59;68;86;204;127;127;85;95;61;29;3005
352300;153;3;8;8;9;1;4;5;9;3;1;2;0;206
352310;17173;1193;948;1395;1546;1809;1806;2028;2092;1706;1496;1188;640;35020
352320;3835;348;216;273;260;263;213;342;197;201;304;191;116;6759
352330;617;49;22;45;25;34;26;51;47;38;27;21;9;1011
352340;14627;855;641;764;880;932;934;950;1028;866;721;643;353;24194
352350;1261;148;124;165;187;199;188;107;103;190;115;132;56;2975
352360;1385;84;105;100;86;124;170;131;135;113;124;108;95;2760
352370;128;1;4;7;4;3;4;4;13;12;3;9;7;199
352380;355;12;6;18;14;7;12;24;17;13;3;7;2;490
352390;28306;2042;1609;1837;2561;2924;2684;2871;2539;2449;1989;1505;1135;54451
352400;2502;200;136;115;164;149;145;168;243;201;156;89;100;4368
352410;2961;112;173;371;166;121;162;126;177;164;111;64;64;4772
352420;299;6;3;18;5;6;6;5;8;6;5;11;8;386
352430;12939;966;595;807;1612;3339;1299;620;625;621;520;1136;915;25994
352440;29663;1423;1160;1742;2009;1950;2011;1890;2094;1813;1738;1389;836;49718
352450;130;3;4;7;22;3;7;3;22;10;0;2;7;220
352460;4821;288;191;218;144;268;285;254;285;174;244;208;167;7547
352470;5708;330;247;298;277;472;489;393;399;327;457;242;235;9874
352480;4156;209;264;352;160;199;186;221;169;163;187;211;114;6591
352490;404;36;31;32;33;34;39;43;32;30;18;9;17;758
352500;6963;473;344;434;529;523;437;531;478;559;421;421;201;12314
352510;2749;122;108;140;174;238;158;157;137;170;166;146;98;4563
352520;691;33;27;28;36;44;37;40;49;48;54;47;32;1166
352530;25742;1176;961;1250;1212;2100;1770;1512;1301;1077;1044;950;770;40865
352540;102;9;3;1;4;6;9;10;1;6;0;1;1;153
352550;1155;74;48;65;59;68;78;66;67;65;47;67;41;1900
352560;81;2;10;2;2;0;2;2;2;0;2;1;0;106
352570;3111;119;70;133;103;103;278;239;201;193;244;132;56;4982
352580;275;13;1;6;2;12;15;2;9;5;7;13;2;362
352590;75615;4876;3421;4185;4905;4868;5338;5381;5570;5532;5531;4519;3057;132798
352600;1355;62;68;135;54;142;386;91;89;46;104;20;39;2591
352610;1873;135;98;65;99;69;56;63;108;52;52;48;29;2747
352620;829;73;30;29;29;34;67;54;66;66;27;32;22;1358
352630;241;1;2;1;1;1;2;4;0;0;6;1;12;272
352640;3540;239;198;274;334;296;235;309;389;238;242;184;112;6590
352650;270;7;9;10;12;5;7;54;1;3;2;5;1;386
352660;385;16;12;16;12;22;17;10;10;7;13;8;9;537
352670;9084;1276;876;665;422;2260;631;589;536;555;1301;334;380;18909
352680;14072;496;487;696;1138;971;747;559;589;686;802;487;318;22048
352690;45178;1828;1664;1869;2092;3136;3131;2997;2741;2484;2390;2089;1213;72812
352700;819;49;55;36;45;29;27;37;41;50;42;64;52;1346
352710;10330;654;658;685;620;570;637;670;664;621;660;586;489;17844
352720;8942;553;368;401;520;585;494;563;487;383;430;320;253;14299
352730;2551;150;127;134;153;158;204;164;193;216;208;125;130;4513
352740;2942;181;151;194;182;266;202;164;288;156;199;151;222;5298
352750;80;4;0;3;16;30;7;14;2;3;7;0;0;166
352760;1622;255;98;82;69;827;235;123;125;91;204;437;131;4299
352770;93;3;5;5;0;0;1;3;0;1;1;2;1;115
352780;132;6;2;2;2;5;5;0;2;0;28;9;6;199
352790;109;4;3;5;1;15;4;3;8;4;6;2;1;165
352800;7975;442;369;256;326;463;308;343;96;105;142;184;79;11088
352810;215;14;7;6;11;11;9;17;9;2;18;16;5;340
352820;96;1;7;7;3;3;0;0;22;3;5;3;1;151
352830;298;6;2;38;9;2;4;20;6;11;17;1;2;416
352840;12233;416;349;359;299;345;408;626;507;416;348;174;329;16809
352850;5434;311;276;372;296;464;294;393;354;297;306;310;208;9315
352860;401;15;36;28;20;18;50;34;66;36;36;25;30;795
352870;270;14;5;23;3;14;20;16;17;6;3;3;1;395
352880;2280;93;140;182;160;687;176;109;160;120;120;55;36;4318
352890;110;0;0;1;2;3;2;0;0;0;2;0;0;120
352900;28114;1282;1072;1292;1548;1689;1852;1554;1640;1530;1390;1079;780;44822
352910;82;0;0;0;0;0;0;0;0;0;9;0;0;91
352920;1242;98;114;191;82;60;29;70;49;38;32;8;14;2027
352930;18396;3394;689;670;819;1222;2042;1697;1005;892;990;924;694;33434
352940;31504;1325;1098;1547;1578;2080;1805;2029;1642;1596;1521;1201;712;49638
352950;115;2;0;2;27;3;0;8;0;2;2;1;3;165
352960;123;1;4;2;17;5;4;6;2;1;0;0;1;166
352970;641;23;53;67;27;31;22;26;22;8;13;13;6;952
352980;768;88;99;107;54;128;169;185;132;45;26;19;40;1860
352990;980;56;44;55;50;65;62;56;52;44;61;48;38;1611
353000;94;1;1;1;0;0;2;16;1;1;0;0;2;119
353010;2002;97;58;118;75;671;194;121;84;88;73;57;39;3677
353020;834;39;20;66;103;48;148;68;31;8;13;8;7;1393
353030;8655;268;279;383;564;539;563;562;480;308;254;165;126;13146
353040;91;5;1;20;3;2;1;2;2;4;0;0;1;132
353050;9502;443;293;388;535;633;523;446;465;436;573;347;161;14745
353060;48356;2544;1878;2286;2362;2629;3045;2980;2921;2398;2445;1894;1438;77176
353070;18509;778;696;856;951;949;1282;1245;2153;945;909;975;447;30695
353080;14243;2446;458;622;853;795;863;801;828;837;848;760;395;24749
353090;167;10;2;11;6;14;22;15;5;12;17;8;2;291
353100;24;1;0;0;0;0;0;1;0;0;0;0;0;26
353110;1571;86;61;78;74;86;78;178;222;161;164;113;82;2954
353120;812;28;38;47;31;71;78;48;51;30;22;53;52;1361
353130;6539;311;395;378;400;488;355;432;537;363;468;368;197;11231
353140;1861;56;70;69;116;229;562;132;127;122;89;68;37;3538
353150;2659;147;106;126;108;149;189;156;133;119;141;119;88;4240
353160;210;27;9;2;7;10;1;3;0;7;7;2;2;287
353170;153;4;1;5;4;14;10;17;6;5;14;15;13;261
353180;2623;288;152;158;107;177;187;201;179;112;75;69;78;4406
353190;2591;37;118;118;230;221;189;140;75;75;58;78;42;3972
353200;12815;596;847;678;681;827;1021;873;1007;919;820;936;828;22848
353210;185;3;1;1;8;8;23;10;3;4;17;4;2;269
353220;265;3;9;8;8;62;12;13;21;10;4;4;2;421
353230;160;6;3;4;3;2;3;2;6;4;1;1;0;195
353240;1182;113;129;198;140;161;178;137;141;128;124;129;121;2881
353250;460;18;11;27;26;28;23;25;11;25;16;16;1;687
353260;625;19;29;20;14;28;13;13;20;16;20;13;31;861
353270;96;1;0;10;2;3;3;3;1;19;3;1;4;146
353280;174;2;7;10;7;1;5;5;5;5;2;0;1;224
353290;1765;18;39;26;13;165;313;74;76;27;21;15;4;2556
353300;739;32;36;37;47;36;29;278;209;231;218;73;28;1993
353310;174;37;5;10;6;7;1;2;0;0;2;1;1;246
353320;90;1;0;3;1;1;7;3;0;0;1;1;0;108
353330;76;2;0;4;0;4;10;5;5;2;0;1;0;109
353340;9440;409;323;387;563;581;676;654;532;495;633;378;150;15221
353350;2321;60;57;62;62;104;525;188;109;98;63;49;37;3735
353360;318;2;20;14;15;5;6;7;106;137;48;48;41;767
353370;172;4;2;6;5;15;2;9;9;9;3;4;2;242
353380;99;2;1;0;5;2;1;1;1;0;6;1;1;120
353390;6048;529;403;297;317;481;324;326;282;288;296;238;157;9986
353400;572;313;280;115;113;167;543;243;10;5;12;111;30;2514
353410;1152;146;94;183;190;626;125;194;164;143;173;10;95;3295
353420;1155;6;61;108;32;128;99;32;89;61;16;13;2;1802
353430;7875;685;398;750;527;2081;609;508;429;385;316;471;258;15292
353440;101858;4942;3590;4108;4482;5195;5775;6003;5358;4694;5293;4247;2930;158475
353450;176;8;1;4;1;8;18;5;7;3;6;3;2;242
353460;3312;148;109;307;188;474;222;176;173;137;163;110;58;5577
353470;12518;707;556;810;848;1095;1003;839;769;725;727;593;456;21646
353480;175;3;9;3;2;15;3;5;3;3;3;5;2;231
353490;764;15;37;105;40;58;51;42;18;19;19;16;10;1194
353500;404;17;34;13;10;8;10;9;16;6;10;10;5;552
353510;204;16;2;8;17;11;122;42;10;9;3;1;0;445
353520;470;4;15;3;2;4;9;7;9;8;2;6;5;544
353540;790;81;20;29;35;53;46;61;150;52;46;58;8;1429
353550;4726;659;288;368;262;956;468;374;296;263;273;172;117;9222
353560;475;30;14;48;23;40;41;25;26;18;26;15;6;787
353570;231;37;15;18;66;259;37;15;48;45;5;3;6;785
353580;1338;69;51;52;62;46;38;64;111;125;87;45;31;2119
353590;258;9;15;7;14;6;1;14;3;0;6;2;0;335
353600;911;29;11;31;19;84;23;35;36;20;12;15;15;1241
353610;517;31;40;21;20;27;41;34;33;25;29;23;15;856
353620;851;70;37;46;51;53;68;75;47;81;90;74;47;1590
353630;834;41;40;43;41;50;46;47;53;70;43;38;20;1366
353640;226;13;12;8;17;20;17;16;24;16;5;9;2;385
353650;14805;707;623;700;701;1099;895;842;692;676;759;595;668;23762
353660;326;28;11;60;9;9;7;13;8;3;3;11;5;493
353670;4248;233;299;278;284;316;318;304;384;337;376;241;201;7819
353680;152;1;0;4;1;0;0;3;2;14;2;2;2;183
353690;41;1;2;1;1;2;1;2;1;3;2;1;0;58
353700;988;26;16;22;57;29;32;48;22;20;30;23;11;1324
353710;7399;356;253;355;326;446;433;350;406;329;266;230;107;11256
353720;253;6;14;8;3;20;13;18;20;36;14;9;5;419
353730;7191;307;197;430;429;526;666;428;409;399;353;317;186;11838
353740;5175;108;94;103;109;120;244;271;145;107;97;79;80;6732
353750;279;12;6;19;8;24;30;42;12;12;18;22;10;494
353760;2437;216;171;183;216;196;177;159;169;184;157;122;109;4496
353770;150;2;4;3;1;1;6;5;0;6;3;10;2;193
353780;7736;733;652;456;674;689;766;848;1103;907;935;1108;887;17494
353790;19786;2218;1737;1710;1916;2532;2629;2580;2921;2415;3291;3367;2430;49532
353800;17048;862;668;652;688;1025;834;827;833;658;687;680;516;25978
353810;656;100;32;73;61;88;166;84;49;57;23;24;86;1499
353820;313;21;4;20;25;35;8;12;16;25;7;18;12;516
353830;142;3;1;3;1;2;11;3;3;2;3;7;1;182
353850;1866;60;69;56;27;85;86;117;107;86;98;76;28;2761
353860;1871;95;137;93;81;125;169;83;133;179;147;100;24;3237
353870;64281;3441;2498;3081;3236;4649;3558;3615;3784;3501;3556;3115;2189;104504
353880;2751;92;78;189;107;210;187;159;159;150;70;97;57;4306
353890;1910;89;70;88;78;232;135;100;43;62;59;105;38;3009
353900;631;67;38;38;37;32;83;35;57;74;42;33;21;1188
353910;1660;77;139;113;72;77;101;107;112;66;58;63;31;2676
353920;2836;110;107;190;143;167;162;137;102;91;50;88;68;4251
353930;12508;940;458;549;698;2292;674;574;681;404;399;772;360;21309
353940;1010;106;70;85;61;84;66;62;55;53;63;43;24;1782
353950;2989;524;643;449;282;1282;1268;847;352;281;235;135;68;9355
353960;177;10;8;2;2;4;12;2;4;0;5;3;0;229
353970;147;16;14;9;9;8;23;15;7;5;2;3;1;259
353980;7333;300;343;391;418;540;596;497;491;591;473;287;158;12418
353990;349;17;2;43;20;21;7;8;15;8;15;22;6;533
354000;2823;65;58;74;122;143;151;124;127;86;117;93;40;4023
354010;144;8;4;12;6;4;6;7;7;2;1;3;2;206
354020;2945;1470;727;571;772;2319;546;267;181;241;227;114;71;10451
354030;326;10;6;9;13;3;4;9;2;11;28;27;20;468
354040;148;13;10;5;2;5;6;10;24;2;5;1;3;234
354050;195;10;9;15;18;19;5;4;5;11;14;13;10;328
354060;5741;284;198;314;302;466;509;505;348;351;280;241;124;9663
354070;7470;815;663;649;740;1348;1934;1331;1350;588;711;573;252;18424
354080;514;17;14;28;44;11;19;11;23;5;15;15;4;720
354090;8624;257;140;114;4981;521;481;228;149;76;38;4538;21;20168
354100;10568;826;644;657;838;684;661;696;781;672;761;622;565;18975
354110;869;142;40;35;17;34;181;41;35;9;75;13;6;1497
354120;972;53;24;39;32;34;167;22;123;42;39;28;18;1593
354130;3812;405;240;240;162;240;413;236;184;239;249;235;89;6744
354140;31177;1808;1557;1901;1909;2031;2082;2145;2085;1917;2756;1781;1414;54563
354150;5135;384;206;343;208;891;358;334;298;180;201;268;97;8903
354160;4052;709;695;275;329;507;1060;898;647;399;357;406;107;10441
354170;2939;31;5;30;108;280;69;23;30;20;23;52;7;3617
354180;83;0;0;7;0;0;0;0;0;1;1;1;0;93
354190;708;35;24;48;18;45;22;37;28;16;21;14;5;1021
354200;317;3;6;17;8;11;16;25;10;21;3;4;3;444
354210;2143;82;71;77;101;300;171;112;84;74;70;47;47;3379
354220;3394;198;160;446;322;199;144;170;159;160;120;121;106;5699
354230;149;5;4;3;6;7;2;2;5;6;5;0;1;195
354240;1511;53;70;124;91;324;132;83;87;86;72;62;21;2716
354250;315;21;8;11;13;21;25;17;15;18;18;17;9;508
354260;5842;330;384;329;258;350;328;299;353;295;295;308;153;9524
354270;152;5;7;11;4;5;7;13;3;6;13;5;10;241
354280;292;6;10;15;8;43;4;6;3;8;4;5;3;407
354290;1324;86;30;51;72;64;67;116;69;46;82;58;63;2128
354300;418;22;41;22;12;24;12;28;22;21;22;10;14;668
354310;109;14;11;8;8;4;5;7;1;4;3;8;4;186
354320;147;2;0;0;0;1;0;42;1;8;1;1;4;207
354330;15953;926;732;718;925;941;946;1390;928;907;852;749;395;26362
354340;97671;6352;4835;5317;5859;7722;6419;6095;6571;5848;5648;5029;3491;166857
354350;85;3;2;4;3;2;5;2;3;2;1;2;1;115
354360;110;3;1;2;2;9;2;7;6;8;3;0;1;154
354370;1289;118;49;80;52;95;78;68;109;92;86;45;165;2326
354380;721;17;13;13;11;20;12;19;34;16;12;5;5;898
354390;27312;1241;972;1329;1648;1791;1562;1541;1491;1519;1365;1190;749;43710
354400;4676;240;200;209;192;623;576;477;339;174;131;134;65;8036
354410;2006;133;97;132;132;100;135;186;90;78;96;58;39;3282
354420;260;11;6;7;7;32;9;7;7;4;3;5;3;361
354430;606;24;17;25;27;18;9;29;22;76;33;25;11;922
354440;72;1;1;1;0;0;0;1;1;3;3;0;0;83
354450;115;2;1;16;2;18;3;8;0;0;0;0;1;166
354460;145;2;10;7;12;5;10;9;13;3;2;4;5;227
354470;69;4;13;9;1;0;1;0;0;0;0;0;0;97
354480;139;3;1;0;0;0;0;1;1;0;0;0;0;145
354490;677;19;22;38;76;52;44;66;25;38;23;35;10;1125
354500;816;48;45;52;65;43;73;116;118;85;62;48;35;1606
354510;113;6;7;4;2;0;2;0;1;0;10;1;0;146
354520;17818;812;535;839;1014;1082;986;960;994;748;824;690;521;27823
354530;2567;88;89;89;120;120;120;193;151;75;97;125;67;3901
354540;435;14;25;25;78;24;21;24;17;10;15;22;12;722
354550;2060;71;46;12;9;26;41;10;10;24;81;95;111;2596
354560;1363;194;169;68;125;511;146;95;96;124;83;40;49;3063
354570;207;7;7;4;2;10;14;16;8;8;5;7;7;302
354580;22055;987;837;1184;1890;1894;1504;1197;1145;1074;1114;738;319;35938
354600;1089;432;86;70;34;87;68;37;92;78;72;66;17;2228
354610;63;1;2;3;2;8;0;15;2;0;0;3;3;102
354620;213;16;11;10;12;9;6;21;9;14;16;18;1;356
354630;1616;111;106;104;87;144;163;99;111;59;53;76;56;2785
354640;6398;238;244;310;1021;1321;654;512;547;445;359;313;133;12495
354650;163;4;2;10;3;4;1;3;1;30;2;6;2;231
354660;1823;78;48;54;62;45;80;80;49;43;53;37;15;2467
354670;2915;252;700;649;186;392;1908;2121;259;555;1212;714;265;12128
354680;5310;258;234;335;374;434;378;390;372;453;398;331;234;9501
354690;750;98;74;35;37;51;45;42;37;42;21;8;147;1387
354700;141;8;3;6;1;28;11;4;10;5;4;8;4;233
354710;104;3;1;1;0;0;0;1;0;1;0;0;0;111
354720;120;0;0;1;20;8;0;8;0;3;0;0;0;160
354730;6248;483;297;366;408;667;613;580;725;628;518;351;273;12157
354740;116;7;23;21;1;0;1;0;1;1;0;1;0;172
354750;4159;300;156;115;686;2109;294;293;159;109;929;337;211;9857
354760;4015;516;196;344;848;362;313;292;222;224;202;84;105;7723
354770;1921;84;141;205;91;175;171;93;104;61;53;57;27;3183
354780;138522;7069;5935;6669;7819;8455;9501;9232;9782;9108;8640;6859;4816;232407
354790;170;2;13;3;4;4;25;23;3;4;1;7;7;266
354800;1136;126;70;48;63;85;72;230;79;75;74;57;48;2163
354810;972;151;101;65;120;64;78;72;95;77;56;54;26;1931
354820;194;10;11;8;3;11;9;6;12;5;0;10;1;280
354830;107;0;0;1;0;0;2;4;0;0;0;0;0;114
354840;151;2;5;5;4;8;2;4;13;1;3;2;1;201
354850;127262;9190;6110;7748;7673;7957;7473;7219;8212;6793;6884;6193;5164;213878
354860;580;27;12;15;20;31;61;31;20;22;23;25;5;872
354870;214653;9817;6539;7090;7888;9466;11008;10994;11645;9624;9370;7742;5075;320911
354880;69271;3845;3328;3326;3945;4540;4021;3960;4181;3777;3926;3183;2213;113516
354890;38132;1754;1412;1686;2140;2195;2701;2513;2663;2145;2182;1559;1042;62124
354900;113;0;2;0;5;1;0;0;2;0;1;2;3;129
354910;13062;608;477;996;1631;732;723;703;714;809;681;1060;380;22576
354920;81;1;0;2;2;0;2;22;0;4;0;0;1;115
354930;105;1;3;0;1;2;1;0;0;0;0;0;1;114
354940;6170;242;357;514;335;1376;269;308;214;370;242;175;268;10840
354950;184;8;5;2;2;9;8;11;28;4;2;7;1;271
354960;128;0;2;1;0;2;0;2;0;1;0;0;0;136
354970;6818;310;229;283;391;384;334;366;352;250;340;316;179;10552
354980;54786;3574;2895;3436;3932;4109;4449;3958;4226;3489;3603;3128;2070;97655
354990;118892;5296;4994;4717;4976;5441;5570;4973;5999;4919;5027;4926;3211;178941
355000;455;31;21;15;22;19;16;23;32;18;13;14;3;682
355010;9641;430;267;296;672;581;853;453;446;401;483;267;122;14912
355020;1768;115;60;114;79;89;108;87;87;124;92;74;39;2836
355030;3540108;184501;151258;178272;184744;198429;204885;199042;212073;185204;184310;155772;105848;5684446
355040;1791;139;120;124;138;190;132;147;131;104;109;94;65;3284
355050;388;11;10;18;5;28;24;28;21;9;15;19;24;600
355060;11150;503;426;570;800;799;818;844;984;682;593;528;265;18962
355070;4192;257;215;266;252;402;226;218;274;159;223;227;154;7065
355080;934;38;44;65;69;42;36;33;28;34;34;24;19;1400
355090;1803;112;71;91;109;130;117;133;152;99;85;70;42;3014
355100;20763;1286;1003;1346;1272;1342;1655;1476;1522;1139;1214;968;803;35789
355110;387;13;10;12;14;37;19;19;20;16;18;9;10;584
355120;92;1;6;6;2;2;0;2;24;5;2;1;0;143
355130;165;14;7;8;2;8;6;5;5;7;9;7;2;245
355140;360;144;8;20;56;41;45;24;28;11;11;23;9;780
355150;5589;524;281;228;580;971;722;591;305;244;347;274;170;10826
355160;2870;170;134;224;150;203;230;173;151;157;131;124;124;4841
355170;18924;4883;1127;1146;1729;4015;1779;1269;1010;746;818;716;2770;40932
355180;574;39;30;23;41;19;53;30;33;13;26;19;14;914
355190;1891;1898;742;433;306;1690;2568;1102;1004;516;677;229;95;13151
355200;175;4;1;2;6;3;17;5;9;5;10;3;5;245
355210;3138;296;149;219;225;242;216;170;176;217;202;178;108;5536
355220;87647;4602;3665;4572;5208;5224;5490;5873;5382;5304;5080;4367;2922;145336
355230;724;15;37;489;36;93;108;57;119;26;54;7;35;1800
355240;27766;939;784;940;1021;1249;1189;1132;1360;1102;970;875;619;39946
355250;29458;1585;1317;1318;1391;1679;1889;1712;1791;1679;1480;1315;919;47533
355260;1014;61;28;61;60;53;51;72;56;79;64;67;24;1690
355270;611;19;17;26;18;28;82;38;35;20;51;24;18;987
355280;39163;4391;3291;3414;3219;3788;3498;3717;4247;3325;3170;3059;1886;80168
355290;66;1;0;6;0;14;10;1;0;0;4;1;1;104
355300;292;15;11;16;11;2;9;8;49;34;40;37;13;537
355310;276;23;9;12;9;22;44;11;9;12;14;4;5;450
355320;521;20;36;39;39;27;31;21;48;25;44;10;1;862
355330;3698;250;189;190;165;254;202;175;199;229;264;192;93;6100
355340;2167;83;67;105;67;101;99;142;84;79;84;45;37;3160
355350;306;15;9;10;18;13;45;30;36;24;21;20;5;552
355360;4036;233;246;209;209;544;430;203;249;262;471;1427;121;8640
355370;5819;577;317;516;324;584;909;641;557;192;162;176;280;11054
355380;1033;74;54;72;84;58;44;62;66;47;36;14;15;1659
355390;249;35;7;95;27;36;27;8;18;4;18;5;0;529
355400;11245;675;533;548;638;539;678;639;723;706;634;596;343;18497
355410;36380;1646;1180;1565;1606;1628;1943;1706;2046;1597;1959;1632;1107;55995
355420;85;5;4;0;1;55;4;0;1;1;2;1;4;163
355430;6955;365;402;193;357;1144;426;461;416;230;482;336;181;11948
355440;385;25;19;20;11;14;14;8;15;7;5;4;6;533
355450;5291;432;347;370;362;512;617;466;431;366;312;273;167;9946
355460;84;1;6;4;2;1;1;0;3;8;1;3;1;115
355470;668;34;22;25;47;39;37;35;27;33;20;24;23;1034
355480;1533;45;52;43;71;82;68;84;89;74;49;46;237;2473
355490;222;19;14;17;12;15;19;12;1;24;1;7;0;363
355500;8534;389;313;533;531;420;421;629;477;371;403;320;268;13609
355510;1223;40;44;77;53;37;42;44;29;53;29;26;22;1719
355520;162;2;1;4;13;5;6;12;3;3;5;5;1;222
355530;150;7;4;11;7;11;66;4;2;11;6;0;0;279
355540;4344;381;230;427;313;301;265;267;344;308;318;272;320;8090
355550;130;7;2;8;1;5;0;16;3;2;1;2;0;177
355560;402;11;10;22;32;20;6;65;20;38;19;11;4;660
355570;150;2;4;1;1;3;1;7;4;0;0;0;1;174
355580;433;13;31;47;54;26;15;78;8;13;7;9;2;736
355590;80;0;0;0;1;2;24;0;4;0;0;0;0;111
355600;569;23;44;17;11;31;17;17;20;27;15;8;14;813
355610;210;9;10;28;7;15;15;38;14;13;14;4;6;383
355620;19009;960;791;833;877;987;1013;1073;1068;917;953;917;585;29983
355630;1924;110;51;191;568;1482;562;166;100;32;29;28;16;5259
355640;2552;149;136;94;108;139;133;135;148;131;155;159;95;4134
355645;2453;114;99;124;172;204;222;209;228;159;146;114;64;4308
355650;7391;268;233;238;305;403;392;500;528;426;445;342;157;11628
355660;929;26;14;28;12;35;11;28;20;30;20;8;17;1178
355670;9199;528;404;450;516;492;560;604;655;527;564;398;263;15160
355680;727;96;21;27;23;20;76;82;59;47;53;18;23;1272
355690;457;23;27;12;19;87;35;22;25;11;11;12;10;751
355700;10401;479;443;617;445;581;630;607;489;496;360;363;268;16179
355710;9466;561;466;694;519;607;654;735;542;439;303;385;333;15704
355720;2056;87;113;95;111;126;78;106;91;79;138;61;11;3152
359999;1737;49;61;85;103;161;112;96;84;58;57;40;28;2671
410010;384;21;8;37;20;24;9;10;7;8;12;11;1;552
410020;481;27;18;25;20;11;13;15;19;58;13;8;11;719
410030;154;1;3;9;5;25;8;3;1;4;1;4;5;223
410040;2907;252;232;463;303;244;333;327;348;500;250;197;150;6506
410045;230;17;14;7;8;6;4;4;15;4;3;2;0;314
410050;1153;27;8;13;21;30;24;19;17;11;19;64;4;1410
410060;480;13;14;72;35;6;10;23;74;31;26;5;11;800
410070;762;27;8;16;17;32;103;7;19;8;8;18;7;1032
410080;1008;19;19;15;25;12;15;26;22;25;18;20;8;1232
410090;176;4;4;6;2;4;1;3;0;1;15;0;4;220
410100;595;22;18;86;30;39;46;44;27;28;18;12;21;986
410110;2305;85;110;335;182;289;148;166;160;79;109;92;33;4093
410120;1122;61;32;62;64;84;38;41;28;32;29;19;15;1627
410130;214;6;5;10;6;7;7;7;4;10;3;2;2;283
410140;17314;739;610;973;938;1036;1296;1091;791;894;815;657;432;27586
410150;11640;508;466;624;673;833;967;671;568;435;534;400;314;18633
410160;1366;120;73;157;93;108;176;529;175;106;316;376;203;3798
410170;788;11;46;28;24;92;47;38;58;39;37;23;5;1236
410180;12103;500;486;676;666;673;1103;909;704;543;682;551;394;19990
410190;2090;142;281;208;112;62;65;75;207;104;84;70;54;3554
410200;3690;95;74;167;268;156;119;141;107;133;123;88;48;5209
410210;2588;62;89;217;125;93;131;535;62;69;49;56;33;4109
410220;248;4;6;20;4;4;2;3;1;6;2;2;3;305
410230;735;28;11;19;44;36;27;37;10;18;21;18;26;1030
410240;4799;254;476;331;318;438;3056;344;291;247;335;204;772;11865
410250;756;37;90;35;32;32;18;18;25;18;13;13;7;1094
410260;517;14;20;11;9;11;13;92;8;4;17;10;5;731
410270;166;0;7;7;7;2;1;1;3;7;0;1;0;202
410280;1000;53;25;70;50;45;35;32;168;74;31;31;16;1630
410290;1299;90;42;74;66;79;69;81;71;56;70;72;25;2094
410300;354;12;13;26;4;3;10;10;5;2;1;2;1;443
410305;98;7;2;3;5;0;1;2;2;2;3;1;1;127
410310;413;9;6;20;12;25;26;20;6;2;19;18;3;579
410320;414;14;13;6;5;5;54;9;9;8;6;8;5;556
410330;511;25;5;40;43;15;25;37;9;39;8;8;6;771
410335;73;1;2;11;6;6;9;5;5;8;5;1;4;136
410340;114;0;1;5;4;0;2;0;0;0;1;0;0;127
410345;1119;19;18;21;36;35;50;19;30;21;51;52;42;1513
410350;384;20;14;37;12;28;63;24;23;22;22;3;1;653
410360;2951;65;76;315;132;132;176;129;152;75;107;116;64;4490
410370;7095;308;245;277;290;380;327;349;400;262;226;189;159;10507
410380;359;9;14;12;11;17;22;16;23;8;14;4;5;514
410390;1576;62;102;100;47;26;36;27;31;44;28;27;10;2116
410400;5166;429;306;358;400;447;472;438;527;528;562;406;498;10537
410410;298;12;4;13;9;12;8;19;5;7;11;1;4;403
410420;12074;497;467;497;560;611;756;721;592;585;538;433;295;18626
410430;14091;686;678;939;984;959;770;910;694;677;646;584;383;23001
410440;354;8;20;6;18;9;17;6;7;14;5;2;2;468
410445;331;15;6;16;15;20;31;31;23;35;21;15;9;568
410450;1343;48;41;44;78;47;38;70;49;37;43;33;26;1897
410460;774;50;13;55;46;46;17;22;16;8;9;10;3;1069
410470;643;65;13;52;66;22;24;8;9;15;4;12;6;939
410480;32379;2232;1835;2319;2457;2454;2515;2208;2141;1817;1815;1660;1003;56835
410490;10378;499;519;732;673;483;479;518;521;499;436;366;210;16313
410500;1443;41;42;32;28;62;44;65;52;45;36;42;26;1958
410510;784;28;32;84;95;28;28;25;12;7;14;13;7;1157
410520;769;50;27;34;14;19;44;26;80;36;42;29;10;1180
410530;997;23;74;84;46;43;34;33;34;27;24;11;9;1439
410540;1293;41;32;43;55;96;47;86;75;51;71;54;13;1957
410550;6472;287;308;429;548;556;483;597;471;360;365;237;156;11269
410560;611;9;6;33;15;7;150;30;29;19;21;14;4;948
410570;1878;125;51;207;172;137;72;127;103;112;94;70;64;3212
410580;10217;573;608;1436;1287;1494;1734;1436;1747;2094;1371;1347;802;26146
410590;2137;57;73;78;90;287;2201;407;253;174;330;84;43;6214
410600;349;5;4;6;3;28;15;8;6;6;0;1;1;432
410610;152;5;1;1;4;1;0;1;0;7;1;0;0;173
410620;784;81;59;31;48;56;74;33;39;33;39;28;53;1358
410630;1529;50;51;123;95;107;62;80;66;75;50;37;24;2349
410640;9669;345;396;547;361;428;393;309;407;464;326;295;195;14135
410650;1562;66;86;87;97;100;79;57;105;69;52;32;33;2425
410660;1300;55;40;36;53;33;34;87;54;27;38;27;30;1814
410670;159;7;0;7;6;7;0;3;0;1;6;2;0;198
410680;748;32;24;22;36;16;30;45;18;19;19;18;12;1039
410690;501692;25752;19832;23200;24757;25773;26337;25616;26111;22632;22788;20918;13154;778562
410700;1236;13;4;3;3;5;114;26;27;105;69;34;4;1643
410710;666;4;52;6;8;4;8;9;3;10;1;4;8;783
410720;3652;83;124;245;174;144;239;213;198;163;142;220;188;5785
410725;293;5;5;12;8;2;34;8;5;3;5;1;1;382
410730;475;7;7;24;10;17;9;3;17;19;35;9;4;636
410740;306;24;21;24;10;19;14;8;5;12;0;5;7;455
410750;1405;94;86;68;46;64;514;99;254;144;251;64;61;3150
410760;1354;95;27;75;55;37;71;49;37;95;43;28;12;1978
410770;254;6;0;19;17;6;1;13;4;0;3;3;4;330
410775;425;10;4;10;21;15;15;13;30;20;14;4;3;584
410780;359;6;7;16;14;33;2;5;7;2;5;1;7;464
410790;244;4;3;15;11;15;2;0;1;16;2;4;1;318
410800;552;5;14;9;21;46;74;32;11;13;6;1;7;791
410810;118;0;2;1;0;0;0;0;0;1;0;0;0;122
410820;621;32;53;28;21;18;34;11;11;15;5;22;2;873
410830;32818;3307;2193;2021;2344;2481;2801;2446;2474;2067;2279;2546;1615;61392
410832;301;12;7;13;6;4;10;3;6;3;1;1;0;367
410840;8125;479;402;665;744;560;529;433;499;352;460;379;191;13818
410850;1916;138;111;91;126;101;144;105;120;102;94;60;24;3132
410860;3655;121;186;570;216;193;138;206;97;106;140;144;124;5896
410870;541;19;4;29;26;11;30;26;26;19;21;5;1;758
410880;2928;90;92;129;100;72;177;195;110;116;115;100;64;4288
410890;261;4;8;16;10;0;7;5;3;4;5;2;2;327
410900;267;10;6;4;5;10;6;27;8;10;5;0;0;358
410910;101;2;1;2;0;1;1;1;1;1;0;1;1;113
410920;273;7;12;16;6;6;6;1;2;0;2;0;0;331
410930;1430;114;24;50;63;45;50;57;41;44;41;36;26;2021
410940;21813;1593;1123;1608;1601;1523;1565;1477;1453;1359;1440;1415;932;38902
410950;349;8;7;17;1;11;10;5;3;5;2;3;6;427
410960;1271;145;28;77;42;46;56;39;47;58;45;98;110;2062
410970;2193;62;40;73;54;162;65;67;184;134;89;61;34;3218
410980;3122;145;137;155;216;361;248;201;240;158;135;100;80;5298
410990;1075;34;15;15;6;6;16;9;10;9;11;112;37;1355
411000;272;3;2;3;7;10;5;5;10;4;4;2;1;328
411010;1411;51;50;73;59;92;57;81;74;49;59;43;58;2157
411020;890;14;24;21;24;28;23;25;37;14;42;37;11;1190
411030;132;3;0;3;1;0;1;0;1;1;0;1;0;143
411040;403;18;2;4;2;1;5;3;5;26;8;1;0;478
411050;288;4;19;8;10;5;8;4;3;10;2;3;0;364
411060;1171;22;25;45;42;24;36;26;26;31;14;15;15;1492
411070;5622;236;176;278;191;236;330;315;285;234;174;153;97;8327
411080;570;26;12;9;17;12;16;33;28;8;7;7;9;754
411090;187;6;14;32;17;7;3;9;5;4;1;1;1;287
411100;342;9;5;20;3;1;13;4;2;7;10;3;3;422
411110;381;16;5;8;14;3;4;3;23;5;7;1;4;474
411120;379;39;24;62;11;12;15;10;3;9;4;3;8;579
411130;177;2;1;7;0;3;0;2;1;0;0;1;1;195
411140;452;1;4;27;20;14;4;10;16;6;7;10;4;575
411150;3783;220;184;275;152;114;104;308;105;92;91;61;71;5560
411160;207;10;4;5;3;0;0;1;5;3;0;2;1;241
411170;128;6;6;0;1;3;0;0;4;2;3;2;0;155
411180;7137;425;374;294;737;1520;883;344;309;263;295;232;104;12917
411190;800;18;9;17;35;42;11;59;9;14;9;3;7;1033
411200;3676;121;169;307;204;153;157;168;238;137;77;75;29;5511
411210;2448;103;83;94;108;177;283;127;150;93;96;118;43;3923
411220;420;12;5;6;110;27;1;2;3;6;11;3;2;608
411230;184;2;2;2;2;2;10;6;4;4;3;3;1;225
411240;484;14;10;5;6;15;24;76;19;13;4;5;3;678
411250;789;21;11;37;63;30;28;57;16;12;11;13;5;1093
411260;65;4;0;0;0;1;0;0;0;1;0;0;0;71
411270;898;32;39;186;96;115;85;41;47;19;16;19;14;1607
411275;449;16;14;43;12;7;8;28;16;5;4;21;37;660
411280;541;28;15;17;19;18;18;18;10;19;12;10;17;742
411290;292;10;17;17;9;12;10;10;3;5;3;0;0;388
411295;242;11;4;7;0;9;16;13;22;5;9;8;5;351
411300;1452;10;4;114;100;347;183;302;81;24;108;93;14;2832
411310;343;1;29;10;8;3;8;21;4;4;6;1;3;441
411320;3489;239;139;148;157;206;320;589;383;225;241;278;101;6515
411330;2830;112;110;154;151;162;185;170;141;101;89;62;48;4315
411340;342;6;11;6;10;2;2;1;16;8;2;4;4;414
411350;1212;44;34;51;46;75;64;49;106;24;72;89;16;1882
411360;215;6;1;8;4;2;5;2;1;2;10;1;2;259
411370;85430;5238;3892;5189;5988;6241;6116;5841;5331;5749;5132;4493;2990;147630
411375;113;5;0;8;5;2;2;8;4;3;0;0;1;151
411380;181;2;1;11;3;3;33;7;13;1;5;4;1;265
411390;902;21;27;31;23;33;43;30;73;33;31;17;13;1277
411400;1288;48;66;96;75;60;67;94;41;50;38;33;20;1976
411410;610;16;16;27;18;17;30;21;37;13;12;11;2;830
411420;5316;268;209;166;180;237;381;375;288;277;457;198;185;8537
411430;1694;147;57;153;118;92;131;103;152;108;66;58;51;2930
411440;1388;34;40;108;80;63;90;86;59;31;44;24;4;2051
411450;926;19;34;22;15;38;78;72;20;33;9;6;2;1274
411460;5711;251;240;388;279;280;479;329;308;322;249;205;132;9173
411470;383;46;4;41;10;11;10;6;8;7;6;3;1;536
411480;2360;111;47;97;114;131;120;127;173;85;65;54;116;3600
411490;1131;24;37;100;38;47;47;27;19;47;12;17;6;1552
411500;188;4;2;23;2;3;9;3;6;3;0;1;3;247
411510;524;9;13;59;26;20;9;6;3;8;13;7;2;699
411520;56878;3836;3010;4532;4052;4510;5000;3993;3895;3945;3864;3737;2336;103588
411530;485;27;8;37;39;13;20;5;8;21;31;13;6;713
411540;770;42;27;57;31;30;29;62;37;50;34;19;22;1210
411550;315;9;7;10;8;3;4;9;9;5;3;1;1;384
411560;1118;41;35;94;45;39;39;36;24;36;40;35;17;1599
411570;1090;167;37;40;33;28;63;43;42;64;55;65;149;1876
411580;5669;386;203;300;357;327;272;264;251;207;376;256;153;9021
411590;121;9;8;1;2;6;1;5;2;4;3;2;1;165
411600;365;17;2;3;11;6;1;5;0;1;3;2;1;417
411605;596;18;24;32;36;39;19;15;14;18;12;9;9;841
411610;1175;26;25;26;49;96;60;34;24;19;15;22;17;1588
411620;905;115;37;41;37;37;54;56;32;36;16;24;10;1400
411630;203;28;19;16;3;0;1;6;0;0;0;1;0;277
411640;114;6;0;11;3;11;3;2;2;2;1;1;1;157
411650;29;2;1;0;1;0;1;0;0;0;1;0;0;35
411660;216;7;9;5;1;64;10;11;3;5;0;1;2;334
411670;947;12;10;20;21;32;28;16;25;26;31;11;14;1193
411680;437;18;44;53;28;10;11;12;12;8;4;7;1;645
411690;2339;144;61;122;117;119;106;146;190;109;107;76;56;3692
411700;770;27;9;19;18;15;15;15;11;22;7;41;15;984
411710;1175;21;33;60;49;112;74;116;92;75;47;44;32;1930
411720;154;37;0;1;4;2;17;10;8;1;8;6;1;249
411722;368;5;14;21;28;16;18;12;18;13;12;13;8;546
411725;412;12;33;9;19;16;14;12;15;10;4;9;4;569
411730;737;18;28;15;37;15;17;195;14;14;10;18;8;1126
411740;156;1;0;0;0;0;20;3;0;3;1;2;0;186
411750;975;30;28;33;19;95;117;93;55;38;56;49;56;1644
411760;4252;250;152;243;197;244;285;241;309;213;215;164;69;6834
411770;3767;214;115;169;182;158;204;181;139;152;188;103;58;5630
411790;4085;132;157;325;230;192;170;153;154;162;104;123;107;6094
411800;662;15;11;16;41;20;31;38;13;14;19;3;12;895
411810;542;14;4;19;17;8;8;22;19;11;7;20;7;698
411820;17762;974;718;1136;1027;1161;899;907;785;738;548;655;354;27664
411830;200;2;1;6;4;0;1;1;1;4;1;1;2;224
411840;8218;320;292;395;485;372;391;422;522;366;377;297;239;12696
411850;8138;539;488;636;584;619;560;506;488;455;461;461;277;14212
411860;213;16;10;7;12;18;10;8;6;4;6;11;14;335
411870;231;11;5;7;12;10;9;4;13;7;6;7;9;331
411880;920;18;27;15;13;19;30;52;25;22;7;21;7;1176
411890;753;9;10;6;14;67;32;13;9;11;18;5;3;950
411900;480;3;4;49;39;23;7;7;16;10;9;12;3;662
411910;487;20;31;20;53;28;38;26;32;18;6;9;1;769
411920;197;1;5;8;16;10;10;2;26;5;3;4;9;296
411930;1273;77;67;222;70;77;69;55;61;75;48;51;26;2171
411940;1722;43;35;60;156;32;57;57;115;41;53;50;27;2448
411950;10894;962;664;719;800;931;899;805;950;711;766;745;544;20390
411960;2423;73;113;68;130;122;132;251;97;81;110;45;113;3758
411970;139;7;1;2;5;2;3;12;4;2;6;2;2;187
411980;615;9;7;11;13;13;14;19;14;9;16;4;4;748
411990;36898;2161;1688;2661;2254;2262;2217;2038;2592;2008;2198;1703;1104;61784
412000;4756;59;76;246;168;774;423;201;143;80;82;30;21;7059
412010;719;69;48;87;81;68;35;55;54;50;31;37;28;1362
412020;116;1;6;1;0;19;6;6;4;1;2;3;0;165
412030;420;35;24;38;29;21;26;18;23;35;32;27;20;748
412035;343;13;8;45;32;17;10;12;12;9;7;5;7;520
412040;225;4;8;2;10;4;7;3;6;11;14;5;6;305
412050;793;32;22;29;45;31;25;52;23;18;5;7;2;1084
412060;2116;60;64;43;51;52;183;116;64;66;53;47;23;2938
412070;363;12;7;1;49;19;7;11;22;5;10;9;8;523
412080;7535;614;508;805;791;839;910;875;768;613;790;726;490;16264
412090;3701;198;100;142;164;283;327;212;187;174;207;147;48;5890
412100;325;14;19;75;15;3;11;12;14;14;3;18;2;525
412110;327;17;8;23;8;12;30;11;11;5;2;7;29;490
412120;451;22;16;25;11;19;16;12;13;3;3;3;3;597
412130;227;4;2;9;3;2;6;5;2;8;5;1;3;277
412140;1501;96;128;67;83;75;58;88;94;58;68;55;45;2416
412150;550;15;16;9;19;22;15;12;20;6;10;4;6;704
412160;301;18;10;17;19;8;13;11;11;16;12;11;4;451
412170;487;9;35;39;52;18;32;21;39;24;17;13;14;800
412180;822;44;19;33;27;22;31;20;17;33;15;7;10;1100
412190;1357;30;37;18;29;71;59;47;45;58;43;19;17;1830
412200;426;24;20;20;10;20;4;27;8;11;7;8;5;590
412210;203;10;1;17;7;8;2;6;7;1;1;1;0;264
412220;3401;142;71;82;111;110;162;200;120;104;100;83;56;4742
412230;4260;378;935;384;248;294;307;277;286;311;241;173;116;8210
412240;6839;310;212;319;328;389;474;405;504;305;280;294;124;10783
412250;808;27;30;24;25;8;12;20;8;6;18;26;2;1014
412260;414;8;5;2;5;11;4;6;19;8;16;3;6;507
412270;218;1;1;12;6;4;27;4;15;11;7;7;2;315
412280;313;4;22;9;2;6;13;3;5;2;10;0;0;389
412290;126;25;1;0;1;5;2;0;1;0;0;1;0;162
412300;565;11;20;45;4;22;25;14;12;10;7;8;17;760
412310;223;32;24;44;16;5;5;4;7;0;1;4;4;369
412320;330;5;21;27;22;16;8;0;8;2;5;1;0;445
412330;385;14;66;31;15;9;8;7;4;3;1;5;0;548
412340;499;5;5;37;13;4;7;2;11;14;11;7;10;625
412350;1106;46;27;19;48;22;33;35;29;22;26;21;11;1445
412360;124;5;2;6;1;1;2;0;3;2;1;5;1;153
412370;578;15;14;11;3;22;10;12;13;11;12;4;1;706
412380;579;12;7;20;17;13;29;41;3;12;6;11;2;752
412390;1312;33;21;64;34;44;31;23;25;45;10;19;5;1666
412400;372;53;25;43;71;19;17;30;40;15;12;5;3;705
412405;539;26;18;20;54;29;47;34;34;27;20;29;21;898
412410;4252;251;177;350;219;250;310;466;329;244;273;186;147;7454
412420;161;0;1;1;1;0;19;2;0;0;0;1;0;186
412430;123;13;21;10;3;1;6;2;5;2;2;0;1;189
412440;1076;42;46;31;36;90;53;35;41;36;35;17;20;1558
412450;292;4;3;31;16;14;1;2;8;6;6;4;0;387
412460;331;15;6;7;2;8;146;16;8;8;9;2;0;558
412470;478;15;30;10;6;5;4;6;8;4;2;3;1;572
412480;908;18;37;31;71;25;35;17;37;31;40;23;15;1288
412490;245;2;2;6;3;9;3;2;3;0;1;1;1;278
412500;933;51;43;83;17;31;43;106;25;27;21;19;15;1414
412510;454;18;24;34;14;15;7;5;9;13;7;2;3;605
412520;329;29;29;18;12;16;15;17;8;19;5;4;3;504
412530;416;9;3;3;29;9;18;18;3;2;13;5;2;530
412535;87;0;2;2;6;11;5;2;3;7;10;2;0;137
412540;221;5;10;9;10;5;5;10;35;6;5;2;1;324
412545;51;1;0;3;2;0;1;3;6;2;1;0;1;71
412550;18152;1218;954;1206;1419;1451;2068;1554;1600;1291;1250;1275;555;33993
412560;2798;128;108;128;197;135;289;246;385;150;161;187;81;4993
412570;1789;113;58;80;149;79;108;64;71;61;83;55;16;2726
412580;1076;47;26;18;19;35;49;66;24;24;54;64;9;1511
412590;107;7;0;4;12;5;3;1;5;2;2;0;0;148
412600;341;9;7;69;13;5;6;6;4;4;3;4;5;476
412610;638;19;2;94;27;69;46;117;53;17;91;78;14;1265
412620;240;5;1;2;0;5;0;1;5;2;1;5;1;268
412625;2232;121;82;161;138;233;315;151;126;105;127;106;64;3961
412630;1669;79;78;96;81;97;98;99;100;66;57;62;27;2609
412640;560;23;12;40;45;22;22;53;25;84;13;17;27;943
412650;1156;40;28;40;32;72;38;60;122;40;24;22;19;1693
412660;538;19;12;16;23;28;20;22;126;40;31;12;41;928
412670;168;14;4;6;6;2;0;2;0;0;8;3;0;213
412680;886;14;69;47;45;46;176;438;62;29;40;44;18;1914
412690;310;5;4;2;4;5;2;1;1;0;3;4;2;343
412700;618;20;40;40;35;21;26;43;25;45;28;17;17;975
412710;15018;481;377;599;491;559;584;508;512;305;255;227;277;20193
412720;1616;82;48;60;172;123;200;62;93;46;50;33;83;2668
412730;623;30;18;34;27;54;20;46;68;7;5;18;5;955
412740;1479;53;50;111;86;65;78;45;44;58;43;43;19;2174
412750;1030;61;41;86;51;68;40;47;31;31;70;21;36;1613
412760;381;12;11;5;20;39;17;11;13;6;20;16;4;555
412770;15051;538;445;663;665;815;649;654;619;627;530;453;377;22086
412780;380;7;33;16;9;9;2;8;21;9;3;9;3;509
412785;365;14;44;9;7;16;23;32;11;1;6;2;0;530
412790;541;5;9;5;2;5;1;11;0;1;3;1;1;585
412795;435;9;2;5;9;9;7;4;7;4;9;6;2;508
412796;200;14;6;14;8;9;8;11;7;12;6;9;10;314
412800;2301;59;69;195;103;71;54;55;68;104;116;22;21;3238
412810;11640;506;398;805;607;513;982;930;639;597;425;403;282;18727
412820;9105;616;450;530;605;605;648;588;565;517;443;383;356;15411
412830;185;6;1;1;4;6;7;0;2;12;0;2;6;232
412840;1610;134;99;96;68;81;36;23;66;34;88;71;26;2432
412850;963;56;21;23;33;27;32;24;56;45;30;17;13;1340
412855;425;5;24;22;49;19;6;10;12;17;21;23;7;640
412860;306;4;7;5;3;6;7;6;9;6;4;1;5;369
412870;303;25;22;14;22;21;19;10;12;14;9;12;3;486
412880;359;3;5;15;6;12;8;7;0;2;2;2;1;422
419999;883;144;124;104;45;34;43;76;28;14;22;23;10;1550
420010;1179;65;35;88;80;43;53;54;53;37;50;14;9;1760
420020;786;36;41;21;32;56;43;38;32;41;33;28;13;1200
420030;203;8;16;16;13;10;15;7;9;14;8;2;13;334
420040;561;33;49;36;45;35;26;34;20;26;19;21;10;915
420050;171;2;1;3;12;2;1;9;7;4;2;0;1;215
420060;212;16;10;10;13;11;13;19;10;20;16;6;9;365
420070;314;5;19;25;5;12;21;11;23;7;8;10;4;464
420080;335;22;12;26;18;14;22;30;20;13;15;6;6;539
420090;216;3;2;6;4;3;7;6;7;5;3;8;2;272
420100;493;20;16;18;24;9;25;21;34;17;14;29;13;733
420110;147;3;5;2;2;4;3;3;1;3;6;5;1;185
420120;267;9;4;7;10;21;6;7;11;12;9;26;13;402
420125;4;0;0;1;1;0;0;0;1;0;0;0;0;7
420130;948;44;25;43;45;53;72;114;105;53;68;54;44;1668
420140;6492;684;373;483;431;385;509;444;489;351;343;371;260;11615
420150;249;6;18;13;21;5;5;3;10;2;4;1;2;339
420160;185;9;6;12;3;9;1;7;9;7;12;2;0;262
420170;841;15;30;20;51;46;24;55;77;71;173;73;9;1485
420180;139;0;0;7;1;4;4;2;1;5;0;4;2;169
420190;147;5;4;10;2;5;7;5;8;6;8;2;2;211
420200;7435;1125;503;500;555;599;499;516;545;628;919;731;891;15446
420210;752;63;48;45;40;45;35;36;31;51;37;24;52;1259
420220;1802;153;69;87;129;101;81;103;73;84;82;53;26;2843
420230;2443;184;120;158;138;204;239;177;173;154;174;128;75;4367
420240;80062;4708;4226;3586;5219;4712;4363;3981;4681;4166;3829;3192;1613;128338
420250;290;23;20;29;6;6;17;16;15;14;12;6;7;461
420260;561;18;26;20;44;17;29;33;39;20;19;27;1;854
420270;379;27;16;28;27;24;21;21;13;28;52;12;12;660
420280;1907;96;124;112;110;116;119;158;121;120;148;103;29;3263
420290;18881;986;1027;1295;1044;1049;1011;1022;937;867;822;628;358;29927
420300;13143;1334;860;1026;1075;1007;1025;836;1016;944;884;643;357;24150
420310;343;14;10;17;6;25;13;10;11;9;5;5;15;483
420320;1039;169;127;113;78;72;94;96;100;121;112;81;59;2261
420330;901;40;34;47;52;42;40;33;40;41;26;20;17;1333
420340;601;52;37;21;39;41;26;27;13;37;31;18;3;946
420350;821;51;47;59;86;106;49;23;29;50;32;24;16;1393
420360;4829;312;258;304;286;227;289;225;402;295;276;271;185;8159
420370;767;83;55;62;50;83;48;61;59;50;41;64;19;1442
420380;9822;644;514;557;552;551;488;500;498;375;371;397;294;15563
420390;3599;138;150;151;170;146;138;125;141;146;148;110;76;5238
420400;3129;270;173;199;222;147;173;206;192;154;165;111;65;5206
420410;262;3;6;7;4;13;8;1;15;4;4;3;1;331
420420;19789;996;836;1153;1327;1215;1462;1340;1324;1142;1246;1026;902;33758
420430;11120;340;305;357;345;394;468;423;378;332;393;325;256;15436
420440;697;31;33;67;18;25;33;26;31;27;30;17;9;1044
420450;1432;71;81;92;101;90;84;75;75;51;31;54;11;2248
420455;2929;130;61;116;157;95;167;119;120;214;95;63;45;4311
420460;40160;2218;2026;2230;2363;2560;2921;2879;2885;2353;2323;1988;1411;68317
420470;986;44;49;44;40;28;41;27;40;47;37;26;23;1432
420480;5774;293;248;278;256;331;288;309;286;303;349;225;110;9050
420490;807;26;43;72;55;30;67;39;30;36;32;25;9;1271
420500;577;15;14;61;15;49;15;47;7;14;21;10;7;852
420510;180;8;0;7;10;5;2;4;14;7;13;4;2;256
420520;273;10;12;5;8;8;3;4;15;21;2;6;3;370
420530;1765;54;77;84;88;75;67;77;71;53;49;60;64;2584
420540;151438;6535;3952;4637;4114;4083;4738;4700;4623;3886;4291;3522;3029;203548
420550;6796;760;915;598;392;535;494;367;455;405;399;385;276;12777
420560;243;8;18;11;8;6;3;9;7;2;10;4;2;331
420570;420;67;18;38;32;35;26;35;24;26;23;25;27;796
420580;891;117;91;102;85;51;86;102;108;54;98;52;32;1869
420590;7974;352;398;503;657;611;568;542;543;487;405;308;133;13481
420600;250;11;57;6;38;24;13;8;17;15;24;21;6;490
420610;190;13;21;16;16;23;16;12;17;0;9;9;2;344
420620;814;50;47;58;22;50;44;55;52;45;54;76;47;1414
420630;1034;43;71;69;71;68;60;44;58;39;39;20;10;1626
420640;671;24;30;35;36;37;26;40;39;26;32;15;9;1020
420650;2564;134;155;177;151;185;201;192;185;183;127;120;24;4398
420660;260;14;23;18;9;10;9;5;5;13;5;5;0;376
420670;1612;70;52;73;92;83;80;92;70;58;68;80;44;2474
420680;243;8;22;19;13;18;13;5;18;11;52;12;5;439
420690;3939;232;208;272;236;293;263;191;211;171;128;107;55;6306
420700;2326;215;166;154;261;211;194;180;188;159;180;177;91;4502
420710;1398;199;36;24;28;101;204;136;104;98;148;117;37;2630
420720;575;13;21;12;10;35;22;19;19;17;13;11;7;774
420730;4444;163;154;147;108;145;258;142;141;100;133;107;73;6115
420740;118;2;16;6;2;3;4;8;4;4;0;3;2;172
420750;8362;634;407;525;665;492;526;477;649;559;415;287;139;14137
420760;137;2;3;5;5;2;3;3;2;1;5;1;3;172
420770;381;17;6;6;8;18;11;14;13;12;12;5;4;507
420775;2;0;0;0;1;0;0;0;0;0;0;0;0;3
420780;260;26;19;6;28;12;18;20;23;15;13;8;12;460
420790;374;16;4;13;16;14;6;20;22;14;10;6;6;521
420800;392;58;28;23;42;31;27;41;35;24;29;14;21;765
420810;1198;74;59;43;44;70;79;64;45;50;46;39;13;1824
420820;25515;1909;2183;1913;2042;2010;1747;1896;2139;1842;1771;1496;1062;47525
420830;1191;99;71;30;72;70;57;49;70;75;107;127;159;2177
420840;2964;88;105;126;93;119;96;102;109;66;92;113;40;4113
420850;1342;70;31;44;43;69;62;58;40;38;44;33;26;1900
420860;289;7;8;5;15;2;1;13;1;10;1;5;8;365
420870;548;82;28;53;16;24;14;23;26;30;19;30;22;915
420880;1066;39;42;57;60;78;70;58;54;63;75;34;18;1714
420890;27967;925;1174;1166;1224;1869;1857;1448;1706;1276;1295;811;292;43010
420900;7790;407;292;450;402;454;468;419;425;402;353;339;224;12425
420910;92818;4852;4483;5076;6478;5734;5873;5326;6241;5054;4956;3921;1964;152776
420915;4;0;0;0;0;0;0;0;0;0;0;0;0;4
420920;142;2;5;3;3;4;3;3;6;10;5;3;2;191
420930;24716;1423;1030;1418;1394;1321;1567;1296;1396;1241;1270;1138;694;39904
420940;3229;279;132;161;157;178;154;176;176;87;133;131;207;5200
420950;306;9;12;10;17;12;10;10;9;38;10;50;11;504
420960;1252;42;18;23;17;19;50;30;55;37;14;26;20;1603
420970;664;46;40;48;55;56;32;23;54;22;27;12;14;1093
420980;81;2;6;8;3;1;2;0;5;0;2;0;1;111
420990;460;22;66;25;37;46;53;27;43;20;18;19;8;844
421000;646;16;24;25;19;21;28;20;47;31;28;10;9;924
421010;6751;405;324;461;460;429;507;395;414;456;292;330;190;11414
421020;130;7;4;4;1;6;0;7;2;7;4;1;1;174
421030;266;18;28;48;12;10;17;35;16;8;30;9;13;510
421040;337;49;17;22;13;25;18;25;31;18;18;10;23;606
421050;2344;172;132;124;198;113;122;106;128;68;131;115;88;3841
421060;1135;43;41;47;43;103;67;110;49;47;31;30;12;1758
421070;526;63;22;23;26;31;43;29;22;24;25;15;15;864
421080;429;28;30;35;11;20;28;18;16;9;13;11;120;768
421090;527;17;46;26;25;25;30;19;34;27;16;15;4;811
421100;1165;37;46;67;38;57;65;40;41;29;13;28;15;1641
421110;550;51;44;22;37;28;28;30;18;30;15;8;11;872
421120;2112;139;79;92;96;119;80;87;131;102;75;63;53;3228
421130;1872;283;493;257;332;210;284;178;229;261;236;182;105;4922
421140;180;3;4;9;11;3;6;6;7;5;8;17;2;261
421150;1370;391;201;208;218;224;302;205;254;217;232;134;38;3994
421160;1238;88;77;89;85;119;120;117;129;117;89;71;19;2358
421170;1744;104;74;89;74;98;98;82;112;93;93;80;37;2778
421175;2505;32;55;59;38;62;67;43;77;49;92;36;16;3131
421180;322;21;21;19;12;10;8;17;25;25;13;13;5;511
421190;3686;237;162;242;184;295;308;323;305;276;304;275;145;6742
421200;590;35;35;20;30;14;18;88;32;59;30;14;7;972
421210;1074;80;66;46;42;52;42;49;57;34;46;27;28;1643
421220;1379;93;63;93;95;81;75;65;117;57;66;74;21;2279
421230;1866;92;72;112;94;140;152;127;98;90;85;97;39;3064
421240;335;18;5;5;10;8;11;11;10;20;15;17;0;465
421250;809;42;77;42;45;41;59;38;42;24;30;55;20;1324
421260;145;7;9;5;12;3;3;3;4;7;3;2;1;204
421270;217;8;15;17;214;11;8;10;10;11;8;2;5;536
421280;773;117;33;66;48;65;37;22;38;68;91;58;79;1495
421290;992;42;35;61;69;42;61;55;66;55;35;25;20;1558
421300;310;21;12;24;17;21;7;8;10;16;11;7;9;473
421310;182;19;2;1;6;8;21;8;7;14;5;16;6;295
421320;4932;210;267;257;295;222;255;292;303;199;170;142;37;7581
421330;251;18;10;21;13;7;7;18;12;18;24;6;6;411
421340;1413;125;105;107;113;87;108;89;105;86;100;58;38;2534
421350;586;36;21;29;28;31;28;27;40;29;26;28;22;931
421360;3526;241;202;244;331;253;317;241;246;181;165;161;68;6176
421370;767;55;83;55;37;50;82;48;45;41;62;44;19;1388
421380;563;23;11;33;26;7;28;13;60;24;86;38;63;975
421390;76;1;2;2;0;5;5;1;0;1;1;0;0;94
421400;1615;104;74;92;105;57;223;109;83;83;95;64;20;2724
421410;87;17;22;4;5;2;1;1;3;0;0;0;0;142
421420;760;40;37;39;29;20;23;56;42;26;23;12;13;1120
421430;151;0;8;4;5;4;3;2;3;2;4;1;1;188
421440;318;27;14;13;19;18;15;6;16;24;23;17;5;515
421450;349;7;13;12;14;17;17;22;13;19;13;6;3;505
421460;397;17;13;19;22;25;12;16;15;21;6;17;2;582
421470;1266;95;33;45;57;33;64;40;68;31;48;23;11;1814
421480;11261;760;582;746;645;718;846;782;793;622;559;432;268;19014
421490;145;2;2;6;5;4;8;4;1;4;1;3;0;185
421500;7379;727;505;607;575;532;662;571;437;480;338;255;110;13178
421510;2485;53;48;78;73;63;373;137;78;107;69;49;41;3654
421520;295;48;33;18;25;21;13;7;13;11;3;10;5;502
421530;1025;140;91;101;83;92;99;90;132;72;75;62;21;2083
421540;449;14;13;35;50;63;28;13;24;20;13;12;14;748
421550;2801;254;172;189;162;222;302;239;277;172;155;127;130;5202
421560;66;4;1;3;0;0;1;2;2;1;1;0;1;82
421570;1313;64;41;59;56;52;97;75;51;74;59;68;51;2060
421580;17328;1007;1058;1047;1241;1012;1069;948;1094;883;657;438;261;28043
421590;179;3;3;4;3;12;1;9;6;6;2;2;1;231
421600;732;23;26;31;31;33;35;22;53;25;11;13;12;1047
421610;713;37;12;41;45;28;22;36;25;21;28;12;16;1036
421620;3037;111;116;150;134;153;124;100;107;93;93;87;55;4360
421630;1648;114;91;150;112;107;172;155;248;86;73;39;11;3006
421640;160;10;3;18;3;7;2;5;12;1;8;5;2;236
421650;2428;109;182;153;112;121;151;150;99;67;108;89;54;3823
421660;18905;1526;1130;1267;1288;1387;1466;1325;1448;1447;1357;1202;858;34606
421670;921;41;31;42;38;44;38;49;58;30;32;23;11;1358
421680;305;27;21;20;5;31;23;22;10;27;10;11;8;520
421690;1454;79;55;80;47;84;104;84;93;79;86;46;23;2314
421700;605;57;31;42;23;36;26;32;34;39;53;34;9;1021
421710;111;2;1;4;2;0;1;0;2;2;1;5;5;136
421720;5013;219;348;288;317;283;216;326;274;207;273;209;144;8117
421730;569;36;21;19;25;25;41;32;44;35;18;16;15;896
421740;971;37;16;32;27;57;60;41;54;23;36;13;8;1375
421750;1959;92;90;76;87;67;97;83;100;97;76;77;24;2925
421760;2075;67;26;62;46;64;49;76;67;66;45;40;16;2699
421770;2656;361;261;260;302;305;236;264;256;218;232;290;224;5865
421780;2117;159;87;93;92;116;110;66;83;70;57;72;21;3143
421790;1010;46;55;25;44;30;35;32;50;42;56;28;24;1477
421800;3362;148;111;109;124;123;233;222;239;193;119;85;47;5115
421810;276;12;8;17;11;5;25;23;2;17;9;4;2;411
421820;7575;523;864;565;626;551;503;449;493;387;333;223;84;13176
421830;2671;141;102;105;108;156;99;73;114;101;94;100;71;3935
421840;408;12;15;17;18;15;20;18;31;22;13;7;5;601
421850;341;25;33;18;23;14;18;16;19;31;19;21;8;586
421860;1210;69;74;74;53;48;66;33;75;54;46;43;16;1861
421870;19920;1332;760;1196;1103;1186;1407;1274;1502;1006;1162;929;557;33334
421880;872;59;24;34;18;21;26;46;29;34;47;16;34;1260
421885;2;0;0;0;0;0;1;0;0;0;1;0;0;4
421890;663;29;28;32;32;16;23;25;27;19;11;10;8;923
421900;8038;399;202;339;314;354;500;446;399;327;276;215;157;11966
421910;97;13;1;1;3;7;4;13;9;9;8;5;15;185
421920;190;4;3;8;5;9;9;13;11;10;6;0;2;270
421930;9375;454;634;689;484;528;429;456;416;326;345;279;237;14652
421940;170;3;10;16;2;2;7;4;3;7;6;2;2;234
421950;4838;239;184;283;253;311;280;294;322;283;302;261;203;8053
421960;131;7;5;14;5;5;8;5;7;6;3;6;3;205
421970;3140;118;87;180;107;108;225;136;121;147;117;73;86;4645
430010;844;48;23;65;41;34;45;63;35;51;21;19;24;1313
430030;369;8;8;24;25;11;10;6;6;3;17;2;7;496
430040;9437;476;624;1058;497;350;383;377;508;344;370;328;317;15069
430050;366;14;4;8;8;2;10;8;7;8;4;14;5;458
430060;6258;435;283;382;537;385;460;405;420;350;331;272;238;10756
430070;448;23;5;22;20;36;18;12;19;18;22;8;7;658
430080;1812;106;70;147;118;95;100;156;96;111;56;32;18;2917
430090;378;8;11;9;9;15;17;20;23;10;5;7;4;516
430100;4260;196;223;280;196;202;209;204;180;109;140;109;111;6419
430105;711;15;5;40;32;13;13;17;22;13;29;14;6;930
430110;6150;556;262;313;332;249;297;384;336;317;366;286;217;10065
430120;895;40;34;107;69;42;39;42;27;17;34;41;16;1403
430130;1744;88;63;101;62;56;81;65;61;66;81;31;34;2533
430140;624;42;35;22;38;14;23;36;73;57;64;27;22;1077
430150;318;9;6;37;26;15;11;10;7;7;21;5;0;472
430160;19899;1062;675;904;912;774;736;931;617;766;849;1314;575;30014
430170;330;9;30;14;36;20;11;29;12;6;16;21;7;541
430180;273;12;4;22;10;11;1;3;8;4;4;4;3;359
430190;1775;150;96;102;141;74;152;78;105;63;75;53;33;2897
430200;381;5;3;3;20;29;7;5;14;9;9;5;6;496
430210;22240;2027;1487;1875;1898;1782;1804;1628;1619;1385;1224;1008;636;40613
430220;580;15;8;24;35;22;27;28;11;8;18;10;3;789
430230;2148;125;180;108;148;132;106;94;134;107;93;103;64;3542
430235;1458;144;51;154;70;78;76;62;94;69;66;111;26;2459
430240;3107;250;78;231;236;243;165;98;163;132;149;114;74;5040
430250;420;26;2;50;13;10;11;7;18;11;21;30;3;622
430260;238;13;3;30;15;3;4;2;2;4;12;5;1;332
430270;3587;262;163;89;150;107;91;79;123;92;96;85;69;4993
430280;2910;140;103;209;121;157;157;146;145;72;82;111;41;4394
430290;1016;47;20;95;18;44;29;32;18;10;17;19;6;1371
430300;11396;583;294;629;608;498;448;506;505;482;406;357;345;17057
430310;12758;803;549;916;1115;1195;1255;1209;1247;1142;1121;783;607;24700
430320;182;11;0;11;7;6;5;6;2;2;8;3;2;245
430330;550;21;12;21;16;20;3;5;24;12;6;2;2;694
430340;138;3;6;11;4;3;0;3;0;0;0;0;0;168
430350;7269;408;241;518;347;381;349;366;281;289;291;255;140;11135
430360;1631;106;159;125;93;96;65;77;86;73;68;78;99;2756
430370;314;5;6;18;6;15;5;6;11;2;5;3;1;397
430380;469;25;15;29;18;20;6;10;25;12;33;7;6;675
430390;22732;1751;971;2247;2251;1796;1791;1676;1769;1323;1310;1222;599;41438
430400;794;45;18;27;46;28;17;27;15;26;29;28;7;1107
430420;1883;125;74;122;72;111;160;101;90;57;91;84;27;2997
430430;314;7;10;16;13;9;8;27;5;7;3;2;2;423
430440;4101;289;255;331;317;322;383;416;368;365;431;332;255;8165
430450;2072;269;101;148;150;134;96;123;83;76;113;90;94;3549
430460;49107;2518;2250;2528;3055;2725;2826;2546;3115;2467;2552;2179;1634;79502
430463;2124;782;95;200;135;192;138;159;121;120;160;203;271;4700
430466;2386;364;234;478;186;133;212;176;43;200;338;273;295;5318
430468;15;4;1;2;0;0;1;0;0;2;0;0;0;25
430470;8975;538;408;632;549;398;501;429;425;350;321;362;223;14111
430480;4256;170;111;204;136;221;195;197;178;147;137;87;55;6094
430490;878;71;28;46;59;77;86;92;62;61;47;25;17;1549
430500;881;25;24;45;66;23;13;41;17;14;27;19;17;1212
430510;82705;5000;4143;4961;5425;5624;6262;5944;6332;5286;5134;4011;3119;143946
430520;2025;120;76;116;162;137;110;107;144;70;56;71;29;3223
430530;458;21;12;46;29;26;27;37;25;30;41;19;34;805
430535;5273;25;40;36;66;47;73;346;88;70;105;51;38;6258
430540;433;17;15;52;29;9;11;6;15;8;14;12;5;626
430550;196;12;9;27;30;4;7;6;4;3;2;2;0;302
430560;405;7;23;36;6;2;7;3;6;3;7;5;4;514
430570;478;12;25;42;20;5;3;7;12;7;16;7;9;643
430580;636;20;18;86;59;26;42;34;33;19;42;21;9;1045
430590;638;56;48;84;44;29;25;28;16;12;18;4;5;1007
430595;431;11;3;15;15;19;16;4;17;10;7;3;4;555
430600;1898;104;35;98;167;94;92;33;31;44;25;19;17;2657
430610;7834;364;278;501;599;390;365;349;378;388;332;330;175;12283
430620;1524;158;112;112;103;108;101;114;84;104;119;79;66;2784
430630;164;12;1;16;1;6;2;5;3;0;2;0;0;212
430640;6810;442;374;515;410;370;356;354;299;282;289;224;144;10869
430650;258;5;4;21;5;12;17;5;8;1;4;6;6;352
430660;4726;182;161;399;196;190;236;221;161;110;124;98;95;6899
430670;202;5;2;17;11;8;2;5;16;2;5;5;2;282
430680;3836;201;151;257;271;195;186;228;193;142;195;169;111;6135
430690;1477;109;47;75;51;38;75;43;202;123;89;88;64;2481
430700;14695;1008;697;872;937;969;982;1013;1186;1096;931;724;459;25569
430710;363;11;11;6;7;6;10;5;9;8;3;2;3;444
430720;186;14;5;6;5;8;4;3;1;6;3;0;2;243
430730;479;12;10;36;34;7;8;16;15;6;21;7;8;659
430740;228;6;10;5;4;7;10;6;11;5;8;7;5;312
430750;1662;87;50;193;129;56;60;52;49;44;143;48;41;2614
430760;11201;1346;1021;1218;1022;942;950;854;875;701;715;575;394;21814
430770;12506;979;596;1096;1073;1309;1357;1025;1012;877;1229;833;557;24449
430780;8122;460;304;627;509;405;498;429;580;428;388;344;244;13338
430786;18;38;2;19;30;4;5;20;0;2;2;0;0;140
430790;13438;1078;951;1258;1156;955;1147;941;1092;1015;882;760;410;25083
430800;733;28;20;27;37;20;12;21;16;17;24;40;7;1002
430810;3503;290;49;177;118;128;142;159;119;97;114;80;90;5066
430820;3573;173;87;128;185;188;198;219;185;130;149;73;46;5334
430830;693;24;50;41;41;25;19;40;122;104;75;46;70;1350
430840;290;7;8;35;17;0;0;6;17;12;3;4;1;400
430845;161;5;3;10;13;6;11;10;1;12;3;22;3;260
430850;2872;112;100;198;168;201;190;164;152;113;159;144;72;4645
430860;5155;507;368;346;318;301;388;349;289;355;252;231;137;8996
430870;478;14;6;13;18;29;23;14;18;17;12;15;8;665
430880;656;61;22;35;29;28;38;51;36;46;56;31;32;1121
430890;2495;77;92;79;118;98;138;79;103;57;59;51;32;3478
430900;2277;87;60;184;150;68;72;62;58;75;67;55;87;3302
430910;6944;767;576;575;530;586;593;563;551;532;410;334;208;13169
430920;23219;1090;662;966;951;1043;1077;1071;1319;1036;1064;933;621;35052
430930;17061;1034;576;725;941;1087;869;1058;946;729;608;573;391;26598
430940;4383;288;202;435;314;285;283;290;229;217;205;187;90;7408
430950;727;42;26;34;39;29;17;23;106;52;29;23;10;1157
430960;3267;61;120;110;112;94;79;87;68;72;92;48;26;4236
430970;649;49;16;18;84;42;15;12;14;14;47;7;27;994
430975;119;7;15;32;21;2;6;22;3;2;15;2;0;246
430980;251;7;4;7;4;6;6;5;32;5;4;6;3;340
430990;616;15;8;20;15;17;23;15;8;74;67;33;35;946
431000;2562;100;63;113;104;112;77;84;100;59;64;106;47;3591
431010;7561;856;631;887;903;742;599;590;491;476;394;378;170;14678
431020;12323;609;479;920;911;718;634;652;716;562;604;457;359;19944
431030;168;4;4;13;8;9;11;8;7;3;7;5;3;250
431040;403;26;17;46;22;16;20;46;19;19;14;12;9;669
431043;24;25;3;10;3;3;5;3;3;8;8;1;0;96
431050;529;39;35;46;22;23;17;21;22;16;24;12;5;811
431060;4137;203;128;393;175;232;192;298;226;155;178;138;107;6562
431070;205;3;0;10;4;4;11;4;4;5;8;0;6;264
431080;5851;419;334;441;319;357;382;351;355;376;310;251;171;9917
431090;256;3;4;16;33;13;1;8;10;12;5;19;1;381
431100;3240;167;96;293;129;147;163;129;156;116;146;135;116;5033
431110;861;23;13;71;18;10;12;13;9;8;9;9;6;1062
431115;386;12;12;18;16;3;8;7;3;11;7;10;4;497
431120;2325;254;42;187;138;37;127;80;53;45;45;86;25;3444
431130;2996;268;151;274;220;269;248;223;195;141;170;95;66;5316
431140;19312;1245;699;1159;1034;960;1067;1028;1025;868;896;788;634;30715
431150;1317;6;10;15;11;19;15;4;9;9;14;13;11;1453
431160;241;11;10;33;10;9;4;0;8;3;3;2;4;338
431170;279;5;8;10;10;3;2;7;4;4;4;2;2;340
431180;4112;223;167;283;232;279;209;175;193;158;144;135;109;6419
431190;449;20;3;9;21;7;19;8;21;13;10;17;10;607
431200;160;0;2;2;9;4;6;1;1;2;0;1;0;188
431210;229;1;1;9;7;5;6;2;3;0;0;6;0;269
431220;241;20;8;42;12;11;10;11;14;8;2;3;3;385
431230;203;22;1;24;7;4;4;5;1;6;2;0;2;281
431240;10048;656;488;627;749;639;613;575;801;595;632;487;412;17322
431250;552;20;23;23;29;19;16;31;41;20;22;13;7;816
431260;1165;26;72;72;48;42;50;43;21;10;40;17;13;1619
431265;2471;95;71;203;136;177;127;94;97;73;71;78;46;3739
431270;1148;32;28;115;66;31;36;55;60;37;34;27;15;1684
431280;352;18;5;11;16;19;33;15;27;12;4;2;3;517
431290;1078;50;32;44;40;38;49;52;43;49;45;31;38;1589
431300;176;6;5;7;5;6;6;13;21;25;12;2;3;287
431310;318;15;6;18;17;8;5;17;6;10;4;11;14;449
431320;4105;229;165;224;198;206;208;192;266;248;175;119;129;6464
431330;2881;98;92;100;104;175;140;140;155;100;96;94;56;4231
431340;72490;8432;5820;7857;7453;7486;7323;6546;7389;6412;5875;4834;2983;150900
431350;7603;769;348;417;442;427;371;349;348;432;423;388;319;12636
431360;259;10;13;17;12;7;9;18;12;4;5;1;3;370
431365;947;63;59;79;42;51;38;37;28;31;49;39;44;1507
431370;4335;242;158;413;252;222;238;164;159;193;243;147;114;6880
431380;309;5;1;7;17;7;4;7;3;4;1;3;0;368
431390;6961;538;378;404;322;214;308;380;392;278;279;293;180;10927
431400;463;12;21;30;22;31;23;21;24;22;11;35;18;733
431405;9747;471;402;722;587;616;602;444;489;560;428;432;284;15784
431410;27446;1525;1086;1474;1660;1577;1686;1501;1481;1314;1280;1183;886;44099
431420;1126;66;30;51;41;83;56;44;45;49;51;33;20;1695
431430;293;9;5;15;9;8;6;14;11;2;6;5;5;388
431440;60036;4460;3106;4052;3441;3034;3395;3324;3406;3587;4906;4844;8217;109808
431450;1373;33;21;21;21;39;27;20;18;24;19;20;7;1643
431460;1752;448;45;48;77;195;261;88;48;159;194;107;941;4363
431470;650;42;10;21;97;20;33;23;31;16;13;11;9;976
431480;5562;783;589;586;592;666;509;547;549;354;408;385;310;11840
431490;565637;25321;16726;25092;28336;26783;28062;27977;27228;23586;24726;22981;17828;860283
431500;465;10;22;38;14;10;16;12;10;28;18;3;4;650
431510;620;37;17;30;30;15;126;52;15;17;9;11;9;988
431520;205;2;2;13;11;68;29;36;28;22;17;7;8;448
431530;2362;116;61;97;104;80;74;96;94;71;119;60;49;3383
431535;43;2;0;3;1;2;4;0;3;4;0;4;1;67
431540;282;18;18;28;21;4;8;4;6;1;14;5;2;411
431550;1020;40;24;96;43;36;48;28;43;53;21;29;24;1505
431560;34821;2423;1537;1890;1551;1487;1225;1413;1269;1086;1122;1253;1262;52339
431570;5290;211;163;355;317;229;297;303;189;189;170;149;128;7990
431580;2012;104;102;185;148;105;119;102;118;85;74;51;28;3233
431590;415;9;7;18;21;12;2;11;11;8;6;1;4;525
431600;3786;170;184;295;200;221;173;165;201;233;233;136;79;6076
431610;613;83;19;109;48;25;27;10;16;13;21;48;5;1037
431620;299;10;2;2;1;13;5;10;5;7;6;5;0;365
431630;401;6;13;49;38;14;18;22;7;10;31;4;1;614
431640;3806;425;315;567;490;450;311;177;192;212;183;198;202;7528
431645;700;38;31;85;52;21;133;46;45;31;26;53;14;1275
431650;1746;208;80;72;81;111;97;74;94;78;89;76;69;2875
431660;1426;33;23;63;66;45;46;40;32;43;50;28;17;1912
431670;1274;68;40;113;74;47;57;59;47;37;37;26;10;1889
431680;22940;5117;4120;2461;1981;1534;1451;1366;1367;1035;997;975;960;46304
431690;34660;1720;1298;1757;1630;1532;1683;1525;1696;1464;1538;1563;1131;53197
431700;323;8;5;8;1;8;3;2;1;5;4;3;1;372
431710;14471;2186;720;2679;1131;644;773;958;659;600;807;748;507;26883
431720;9891;534;358;662;531;456;472;621;534;410;407;401;292;15569
431730;5330;427;376;1013;261;214;245;274;324;351;669;324;303;10111
431740;5150;266;143;237;199;181;214;206;177;178;283;225;179;7638
431750;10737;616;400;633;663;512;588;516;570;474;457;365;368;16899
431760;4406;366;172;305;287;238;283;231;213;217;203;188;113;7222
431770;601;12;3;22;34;22;20;20;17;22;32;18;6;829
431780;2116;191;113;342;180;107;134;86;94;90;91;60;34;3638
431790;1169;52;35;75;66;63;66;60;39;39;44;14;31;1753
431800;6584;268;253;509;308;216;264;232;232;231;246;147;124;9614
431805;81;3;1;7;0;10;4;6;6;1;5;1;4;129
431810;1525;26;21;66;57;23;40;39;32;22;23;12;17;1903
431820;2041;152;129;247;108;106;130;220;163;178;141;101;72;3788
431830;5964;361;197;604;450;255;242;228;222;165;162;163;144;9157
431840;4266;211;113;127;109;124;179;97;125;59;80;83;83;5656
431842;540;17;47;59;6;2;8;9;8;21;15;25;12;769
431850;1066;56;44;33;58;58;34;40;28;24;23;40;10;1514
431860;773;26;20;60;26;14;29;20;15;7;12;11;10;1023
431870;37095;2788;1850;2934;3054;2882;2871;2617;2994;2678;2314;1964;1281;67322
431880;3155;167;80;173;108;136;142;110;114;115;102;64;52;4518
431890;5187;186;111;283;246;240;135;130;156;167;274;140;73;7328
431900;3576;202;186;234;199;225;239;245;252;196;167;185;68;5974
431910;526;10;9;51;35;16;34;30;18;9;31;19;6;794
431920;350;7;9;1;17;13;27;14;7;3;23;2;5;478
431930;496;12;9;34;44;14;6;5;10;4;8;3;1;646
431940;1316;76;33;82;70;71;36;45;73;41;38;48;59;1988
431950;3152;238;153;244;234;252;229;219;270;312;224;147;117;5791
431960;2594;99;73;238;92;73;79;76;84;67;67;91;49;3682
431970;300;22;10;24;15;5;13;15;9;0;19;8;5;445
431975;25;1;2;1;1;1;13;0;1;2;3;3;3;56
431980;435;17;6;12;6;5;10;10;9;5;12;4;5;536
431990;22489;1832;1372;2094;2170;2289;2110;1929;2153;1776;1804;1512;1007;44537
432000;14021;847;681;885;1031;1084;980;832;858;773;728;626;532;23878
432010;2570;181;120;214;207;125;146;131;174;118;137;79;68;4270
432020;542;30;11;7;29;30;25;14;15;13;10;6;11;743
432030;428;17;14;40;17;8;14;15;15;13;5;14;8;608
432040;1679;81;90;98;107;137;243;216;220;142;159;116;100;3388
432050;561;15;5;19;86;38;17;29;13;6;16;10;3;818
432060;186;7;3;17;3;6;5;3;3;3;0;1;1;238
432065;14;0;0;1;0;0;0;0;0;2;1;0;0;18
432070;1682;74;74;91;99;79;63;67;98;89;37;27;30;2510
432080;3191;230;149;204;239;200;245;202;205;159;154;179;113;5470
432090;1607;90;52;99;112;91;87;49;76;60;42;34;29;2428
432100;2009;149;140;239;118;90;68;78;66;179;163;133;58;3490
432110;2273;183;88;223;187;144;146;157;89;78;80;39;36;3723
432120;9844;803;645;1032;865;895;894;785;750;726;638;601;407;18885
432130;4210;278;187;260;386;228;192;269;231;261;257;205;132;7096
432135;146;0;1;10;0;0;1;0;1;0;0;0;1;160
432140;1218;64;21;63;52;44;42;34;30;17;33;12;8;1638
432145;4106;317;160;398;275;296;356;286;273;202;142;136;69;7016
432150;3400;1410;192;137;147;185;170;162;124;129;154;163;399;6772
432160;3313;873;154;200;157;155;119;111;153;116;227;212;335;6125
432170;4485;460;327;385;402;350;441;357;302;257;251;188;38;8243
432180;3432;205;126;331;243;201;141;159;141;117;122;92;83;5393
432190;4458;153;127;270;201;199;138;140;158;104;138;95;89;6270
432200;6774;345;476;685;586;958;431;729;417;419;439;343;205;12807
432210;803;45;28;89;37;45;29;32;19;23;43;19;12;1224
432220;2049;58;48;221;155;59;69;75;91;101;171;74;28;3199
432230;907;53;10;45;74;26;31;33;26;16;22;55;26;1324
432240;15427;1098;1000;952;736;655;803;870;818;733;673;619;446;24830
432250;8518;591;521;452;561;473;618;556;447;554;432;447;396;14566
432255;6;14;4;3;3;6;1;4;0;1;1;8;0;51
432260;8470;1605;1799;880;1007;705;680;602;853;547;551;458;351;18508
432270;2632;447;795;488;208;439;135;122;141;88;99;64;67;5725
432280;4538;157;158;193;168;200;243;198;233;270;208;96;49;6711
432290;266;8;5;6;5;5;12;9;11;6;8;7;1;349
432300;6623;368;239;455;422;449;547;488;470;330;424;328;229;11372
432310;209;14;3;12;8;3;5;7;5;5;1;2;12;286
432320;325;15;3;53;19;4;2;8;9;11;11;14;3;477
439999;15807;2324;1096;1692;1396;977;900;922;980;960;1142;1006;1026;30228
500020;3114;74;47;228;50;46;51;64;46;55;41;130;93;4039
500060;1308;72;96;68;53;64;81;56;65;64;70;35;27;2059
500070;1291;82;77;57;57;72;52;38;42;51;31;33;15;1898
500080;130;24;9;8;8;8;7;10;6;8;14;12;7;251
500085;167;16;11;14;10;8;13;15;11;7;5;3;1;281
500090;102;10;12;9;4;2;1;1;0;0;2;2;0;145
500100;915;44;44;37;137;67;79;118;95;60;22;39;13;1670
500110;2366;159;167;133;134;109;106;75;59;71;77;74;74;3604
500124;195;3;2;5;0;5;5;2;3;7;0;2;0;229
500150;244;22;15;9;13;11;17;49;13;6;11;7;10;427
500190;649;61;65;81;57;45;59;62;78;48;59;53;39;1356
500200;301;9;10;14;7;8;6;19;2;13;17;3;3;412
500210;1031;53;16;30;29;21;38;29;28;20;32;11;10;1348
500215;315;32;29;15;14;19;20;12;15;18;13;10;10;522
500220;605;82;60;50;34;19;30;24;34;21;16;24;11;1010
500230;1190;71;83;65;85;326;363;172;190;134;72;156;59;2966
500240;1348;56;28;34;43;139;39;36;33;26;22;20;22;1846
500260;751;72;81;93;62;29;18;86;28;38;39;36;24;1357
500270;126026;7263;5395;5962;5749;8375;6598;7134;6726;6610;6374;5505;3276;200993
500280;159;12;4;1;1;3;0;0;0;0;3;4;0;187
500290;1501;97;141;144;123;166;119;92;78;132;98;78;53;2822
500310;105;4;4;1;1;1;3;3;1;1;2;0;4;130
500320;7185;280;251;320;312;416;327;388;463;435;365;329;217;11288
500325;492;84;58;55;46;31;37;32;28;31;39;46;25;1004
500330;1457;92;71;79;78;109;59;65;52;57;77;38;65;2299
500345;252;29;16;27;10;6;3;9;8;8;13;13;5;399
500350;21;2;1;1;7;0;1;1;2;1;1;0;0;38
500370;15235;893;777;1136;1358;1020;1510;1280;1034;840;729;688;472;26972
500375;451;13;7;40;29;37;32;31;19;15;19;14;21;728
500380;1440;31;87;167;94;54;67;53;73;60;26;28;22;2202
500400;364;34;51;84;35;22;18;11;22;7;10;12;7;677
500410;338;13;51;37;7;9;17;9;9;14;3;5;1;513
500430;444;26;28;41;35;38;19;41;29;34;17;44;23;819
500440;135;7;1;1;1;5;3;1;0;1;4;2;0;161
500450;600;33;20;16;25;19;21;24;24;28;27;33;20;890
500460;478;33;20;27;19;36;32;29;20;26;19;22;11;772
500470;1332;70;84;59;30;46;83;37;51;64;54;35;16;1961
500490;166;37;17;19;7;19;12;7;10;11;20;8;10;343
500500;852;29;14;30;16;67;20;20;16;23;12;17;20;1136
500510;81;5;0;4;1;0;3;1;1;7;3;5;4;115
500520;1709;89;40;2;1;4;13;1;37;1;1;10;0;1908
500540;1673;90;128;142;169;131;120;104;104;92;68;63;44;2928
500560;1367;70;64;80;57;57;59;47;35;51;55;41;41;2024
500568;995;34;70;71;107;61;42;65;86;52;32;20;18;1653
500570;2343;126;77;273;160;151;199;140;115;92;88;90;54;3908
500580;209;3;2;7;3;7;3;3;3;6;1;3;0;250
500620;2493;119;165;127;122;179;202;226;154;117;95;94;83;4176
500630;1954;134;79;95;95;82;85;96;111;69;122;85;59;3066
500640;478;9;13;32;19;87;32;22;17;21;16;11;1;758
500660;4819;239;255;350;238;241;241;241;265;184;189;155;112;7529
500690;138;5;4;5;5;5;10;15;5;8;6;3;6;215
500710;841;54;41;47;133;84;104;115;141;64;52;75;40;1791
500720;2429;476;427;287;434;1150;491;260;353;128;138;280;63;6916
500730;159;8;4;4;7;5;11;2;1;5;9;0;1;216
500740;662;48;53;43;14;40;35;43;48;39;18;26;18;1087
500750;81;5;3;3;3;2;7;6;1;1;1;2;1;116
500769;946;74;64;92;129;98;78;87;65;44;61;40;23;1801
500770;577;35;14;18;19;12;30;20;18;29;14;19;5;810
500780;50;12;19;42;15;11;8;3;0;1;2;4;0;167
500790;1296;89;157;119;96;186;124;59;107;42;30;27;17;2349
500795;77;12;1;4;0;4;3;3;3;7;1;2;1;118
500797;125;2;6;16;4;0;1;0;6;3;1;3;1;168
500800;419;19;16;18;23;6;31;111;24;24;25;16;11;743
500830;5482;494;355;482;393;402;393;382;448;400;378;367;286;10262
509999;258;50;58;184;45;83;32;27;16;11;7;11;7;789
510010;38;4;3;2;2;2;0;2;0;1;4;1;0;59
510020;702;51;47;64;74;48;40;51;66;60;43;40;34;1320
510025;2566;150;167;193;227;226;178;237;192;149;358;126;71;4840
510030;1231;45;75;89;106;29;37;24;36;28;31;14;21;1766
510040;134;4;5;10;15;18;4;10;14;2;7;9;4;236
510050;220;12;11;8;3;5;11;10;3;1;10;4;0;298
510060;29;0;1;0;0;7;1;1;4;14;5;0;2;64
510100;4;0;0;0;0;0;0;0;0;0;0;0;0;4
510120;1;0;0;0;0;0;0;0;0;0;0;0;0;1
510125;693;75;47;65;31;37;35;35;79;31;29;34;21;1212
510130;295;17;18;10;23;18;18;9;17;19;18;13;6;481
510140;688;47;75;47;76;53;83;60;58;95;61;29;5;1377
510160;17;0;0;0;1;2;3;1;0;8;0;3;0;35
510170;1842;349;196;192;276;432;508;305;413;233;195;57;73;5071
510180;4087;376;222;256;178;186;206;179;242;262;186;172;174;6726
510190;34;1;3;4;0;1;1;2;1;4;1;2;0;54
510250;3855;235;176;287;295;248;248;141;235;145;156;155;67;6243
510260;0;4;1;1;1;0;0;0;0;0;0;0;0;7
510270;1046;77;86;99;84;48;84;62;62;80;47;43;42;1860
510300;1350;245;45;139;187;148;163;136;109;115;48;54;29;2768
510310;10;2;0;0;1;0;4;3;7;2;35;15;7;86
510320;1426;143;90;79;95;82;122;125;140;123;101;59;64;2649
510330;68;11;8;20;9;10;11;6;8;17;1;5;8;182
510340;77465;4297;3052;3050;3174;3492;3746;3800;4012;3735;3462;3157;1831;118273
510345;338;7;18;13;38;14;14;17;18;30;12;8;6;533
510350;3656;450;434;488;484;328;387;466;355;335;277;199;204;8063
510360;188;14;19;35;22;12;9;36;13;47;33;6;10;444
510380;1;0;0;1;0;0;1;0;0;0;0;0;0;3
510390;1;0;0;0;0;0;0;0;0;0;0;0;0;1
510410;62;5;2;9;8;5;73;26;15;15;7;6;3;236
510420;379;25;42;39;21;32;10;17;25;8;2;9;2;611
510450;2;0;0;0;0;0;3;0;0;1;0;1;0;7
510455;54;0;4;2;7;1;1;3;2;8;0;4;0;86
510460;1327;53;49;113;24;34;49;81;93;110;89;57;22;2101
510480;1611;83;89;143;762;405;155;75;54;59;69;55;15;3575
510490;1;0;0;0;39;4;2;1;3;1;2;0;2;55
510500;114;12;12;17;12;9;7;5;3;2;6;3;7;209
510510;279;25;11;17;29;8;18;29;24;33;43;31;2;549
510515;1052;83;63;55;46;68;75;104;106;95;83;108;42;1980
510520;308;24;23;34;24;14;21;21;8;6;13;4;5;505
510530;307;15;49;42;29;43;38;16;29;38;47;23;13;689
510550;853;123;110;100;67;112;110;123;118;86;49;74;33;1958
510558;16;3;1;0;0;7;0;26;10;16;11;2;3;95
510562;938;91;83;83;63;84;94;83;63;70;82;52;31;1817
510590;1709;217;234;108;131;183;202;282;188;239;199;199;92;3983
510600;275;20;10;28;13;19;7;17;20;24;27;12;9;481
510610;155;3;1;7;1;1;3;6;9;3;1;0;0;190
510620;43;4;3;0;1;0;0;0;2;1;0;2;2;58
510623;13;0;0;4;6;12;5;2;0;4;3;2;0;51
510625;603;45;36;101;26;28;26;44;29;16;13;10;13;990
510628;0;0;0;2;0;1;0;0;0;0;2;0;0;5
510629;44;2;2;2;1;4;2;5;8;3;17;8;3;101
510630;285;10;6;11;6;8;13;15;13;15;15;7;6;410
510637;305;24;62;68;41;8;16;19;21;17;26;11;8;626
510642;34;4;0;6;9;10;15;18;57;48;17;22;14;254
510650;752;45;38;31;53;42;36;82;65;45;30;37;11;1267
510670;82;1;4;3;0;0;0;1;0;3;0;0;0;94
510675;1288;63;171;67;103;75;75;93;92;70;87;89;28;2301
510680;472;37;17;35;57;21;26;49;42;18;14;18;20;826
510682;19;34;20;6;5;4;3;1;2;0;0;4;1;99
510700;730;46;20;42;27;25;34;29;30;14;25;30;16;1068
510704;272;24;40;85;48;36;28;27;30;37;26;20;11;684
510710;665;75;50;41;31;54;89;37;72;70;34;31;36;1285
510715;3;5;6;6;1;6;1;5;0;0;0;0;0;33
510720;763;34;10;18;32;13;59;69;33;17;26;21;5;1100
510730;464;88;35;35;58;42;65;40;59;27;35;23;21;992
510760;10330;772;661;766;839;803;799;817;789;699;716;657;524;19172
510770;581;12;4;10;10;6;13;6;7;3;15;6;7;680
510775;87;5;4;1;4;7;0;2;2;1;3;3;1;120
510777;693;43;57;110;93;281;120;135;131;51;57;40;4;1815
510780;194;22;0;7;18;12;10;5;17;5;10;15;24;339
510785;684;32;34;86;41;53;74;20;21;54;23;45;26;1193
510790;5304;428;387;426;379;596;572;572;672;640;651;421;199;11247
510792;469;48;91;99;101;77;121;53;51;40;50;33;9;1242
510795;1912;206;162;157;201;218;216;166;194;161;168;135;56;3952
510805;48;4;3;5;0;5;17;5;2;6;3;4;0;102
510810;8;0;0;1;0;0;0;0;0;0;0;0;0;9
510820;198;3;0;4;0;0;0;3;50;3;4;4;3;272
510840;10031;944;762;738;922;901;953;900;1084;898;942;775;731;20581
510850;175;54;41;33;42;51;43;58;50;45;48;49;8;697
510860;19;1;6;0;1;0;0;2;1;0;3;1;0;34
519999;1074;154;157;145;181;115;106;136;211;111;105;75;66;2636
520010;270;7;16;9;13;6;3;11;7;7;4;3;1;357
520013;788;76;78;54;133;172;94;21;40;23;21;10;6;1516
520015;0;0;0;0;0;1;0;0;1;0;0;0;0;2
520020;1;0;0;0;0;0;0;0;0;0;0;0;0;1
520030;422;11;21;26;18;13;14;18;20;20;19;15;10;627
520050;51;2;0;0;0;0;0;0;0;0;0;0;0;53
520060;18;1;0;2;0;2;1;1;0;0;9;0;0;34
520080;81;32;0;4;3;1;1;17;11;1;4;0;4;159
520085;12;0;0;0;0;0;1;1;0;2;0;0;2;18
520090;138;8;0;0;2;0;3;2;2;0;2;1;1;159
520110;28778;1635;1311;1400;1691;1582;1723;2208;1755;1608;1864;1324;971;47850
520120;129;3;2;4;9;1;5;4;1;4;4;0;9;175
520130;817;25;31;32;42;48;65;86;35;38;33;53;20;1325
520140;14286;1568;870;898;1102;1228;1342;1432;1222;1296;1137;865;693;27939
520150;108;22;1;9;14;1;2;3;4;5;58;3;1;231
520160;17;0;0;0;0;0;0;0;1;0;5;0;0;23
520170;313;9;4;3;3;2;13;5;4;3;4;3;6;372
520180;93;3;7;1;0;1;1;0;0;8;1;1;0;116
520215;38;2;2;0;0;1;4;1;2;5;3;0;0;58
520235;104;0;0;0;2;0;0;0;2;0;0;1;0;109
520250;52;7;2;2;7;6;8;1;8;0;6;6;1;106
520260;158;7;6;10;3;1;1;9;2;4;0;2;0;203
520280;75;6;1;2;5;0;6;0;0;0;0;1;0;96
520310;6;0;0;0;0;0;0;0;0;0;0;0;0;6
520320;274;13;1;0;1;0;1;3;1;0;49;25;2;370
520330;759;103;14;53;55;21;51;55;36;35;43;25;24;1274
520340;126;11;5;1;1;0;3;1;1;4;3;2;0;158
520350;842;28;23;103;39;6;26;36;39;52;34;21;19;1268
520355;7;0;0;0;1;1;0;0;0;1;1;0;0;11
520360;45;5;0;7;2;1;0;0;1;1;0;3;0;65
520380;108;4;6;4;1;0;3;10;1;5;7;2;2;153
520390;506;13;3;19;14;15;15;49;10;17;18;3;1;683
520400;138;8;15;12;15;7;3;11;5;1;4;1;0;220
520410;126;4;10;4;4;16;5;0;4;3;14;4;0;194
520420;6;0;0;0;0;1;0;0;0;0;0;0;0;7
520425;572;58;42;58;53;58;41;32;39;34;13;5;0;1005
520430;417;34;4;5;7;40;22;12;6;24;19;5;5;600
520440;541;24;4;5;10;11;45;10;16;5;10;8;1;690
520450;3857;206;180;200;223;205;274;295;296;298;210;284;270;6798
520460;72;4;2;2;1;7;1;2;5;1;0;1;1;99
520465;72;3;8;0;0;0;0;0;0;1;0;0;0;84
520470;59;2;2;3;4;2;3;3;6;6;1;0;0;91
520480;99;0;6;0;3;9;26;2;2;1;6;10;3;167
520490;192;9;9;15;4;21;11;13;5;13;9;3;2;306
520500;145;3;1;1;1;11;19;198;71;16;0;0;0;466
520510;4078;97;83;92;80;120;91;97;113;103;148;106;156;5364
520520;13;3;1;2;5;2;1;2;0;0;1;0;0;30
520530;262;1;4;2;1;13;41;134;177;62;48;8;0;753
520540;1442;75;101;70;38;40;38;57;31;30;35;27;18;2002
520552;1431;159;108;64;220;274;316;185;276;283;123;28;8;3475
520570;19;1;0;0;0;0;0;0;0;1;0;0;1;22
520580;384;5;3;8;4;5;6;7;12;8;18;20;0;480
520590;151;12;5;1;2;4;7;0;4;2;3;7;2;200
520620;892;34;18;49;31;31;42;49;60;49;30;32;23;1340
520630;61;1;2;1;2;0;1;0;1;1;1;0;1;72
520640;598;124;123;118;191;213;285;93;217;119;45;61;25;2212
520650;99;0;0;0;3;0;0;0;0;2;0;0;3;107
520660;131;18;19;16;4;0;3;3;2;2;2;0;2;202
520670;1;0;0;0;0;0;0;0;0;0;0;0;0;1
520680;92;5;4;8;0;2;3;1;0;0;1;2;0;118
520690;73;0;2;0;1;3;3;2;12;8;0;1;0;105
520710;77;3;4;0;1;4;1;0;1;1;0;4;0;96
520725;140;1;1;2;1;2;0;2;1;2;3;3;0;158
520740;220;28;4;17;5;3;9;13;7;7;10;3;9;335
520750;93;10;6;9;3;0;0;2;0;2;0;0;0;125
520760;284;40;3;26;8;4;9;2;1;5;7;3;1;393
520780;186;4;3;1;1;8;3;4;3;3;3;1;0;220
520790;104;8;0;0;7;13;11;4;7;7;13;5;11;190
520800;1754;112;116;179;125;187;104;142;96;83;84;124;96;3202
520810;354;24;1;4;0;27;4;14;5;2;2;0;0;437
520830;21;6;3;1;5;4;6;12;1;0;0;0;0;59
520840;139;11;12;4;4;6;12;10;9;6;3;7;0;223
520850;169;1;0;0;2;0;3;5;1;1;3;0;1;186
520860;2749;225;124;91;477;338;133;171;255;190;134;101;56;5044
520870;272446;11408;8335;9085;10186;11388;11221;11185;10794;9248;10332;8055;5779;389462
520880;955;14;8;13;7;10;37;9;13;51;22;19;9;1167
520890;1457;42;32;65;31;37;57;36;39;18;29;9;62;1914
520910;2136;133;72;280;142;256;131;169;154;219;113;79;129;4013
520915;34;0;0;0;7;0;0;2;0;2;3;0;20;68
520920;232;37;43;10;11;12;11;5;28;19;10;10;24;452
520940;1;0;0;0;0;0;0;0;0;0;0;0;0;1
520960;117;7;0;0;0;0;3;0;0;0;0;0;1;128
520970;225;8;5;6;16;9;9;9;8;5;18;9;1;328
520980;34;2;0;0;0;0;1;0;0;0;0;1;0;38
520990;17;6;0;0;3;0;2;1;0;0;1;0;0;30
520995;246;16;30;19;34;33;33;17;14;11;7;6;5;471
521000;2057;102;35;83;79;206;109;77;97;97;86;81;41;3150
521010;1130;47;49;59;47;43;57;23;25;28;44;21;22;1595
521020;1341;66;33;40;50;43;66;81;36;35;30;38;19;1878
521030;17;0;0;4;0;0;1;0;5;0;0;0;0;27
521040;757;43;17;29;26;40;15;35;35;9;18;16;25;1065
521060;77;32;12;3;1;2;0;0;1;2;1;1;1;133
521080;238;23;12;5;4;4;6;7;8;2;2;3;2;316
521090;468;46;30;44;20;19;81;26;37;52;31;20;20;894
521100;140;7;10;20;4;6;2;6;2;3;1;3;1;205
521120;744;21;25;24;8;9;27;16;10;20;17;7;7;935
521130;53;4;4;6;9;5;1;2;2;7;1;1;3;98
521140;391;14;12;42;14;4;13;6;8;18;2;0;4;528
521150;7386;440;333;625;458;304;354;371;383;332;309;266;238;11799
521160;16;16;0;0;0;7;0;0;1;1;2;0;1;44
521170;588;16;13;24;19;31;93;44;25;3;2;12;2;872
521180;1015;19;17;20;20;54;60;14;30;14;14;19;43;1339
521190;4786;158;125;211;277;157;167;185;153;165;127;111;98;6720
521200;58;25;14;1;3;4;4;2;1;3;1;0;1;117
521210;220;19;9;14;15;3;5;11;4;3;6;4;11;324
521220;1046;68;44;40;27;40;40;35;24;12;28;21;28;1453
521230;180;10;8;11;7;10;15;0;9;7;6;6;4;273
521250;4285;386;391;341;385;335;309;353;321;314;349;276;157;8202
521260;67;0;0;0;0;0;0;0;0;0;0;0;0;67
521270;4;0;0;0;0;11;0;0;0;0;0;1;1;17
521280;313;34;3;5;2;2;6;1;6;8;3;5;1;389
521290;2;0;0;0;2;0;0;1;0;0;0;0;0;5
521295;4;2;2;0;0;0;1;0;0;1;0;0;0;10
521300;300;57;19;171;115;180;54;54;23;17;9;80;3;1082
521308;1561;42;97;58;43;35;47;217;114;85;57;48;88;2492
521310;2072;124;94;110;154;99;91;59;81;58;62;50;94;3148
521340;61;8;9;4;1;2;0;1;2;0;0;0;1;89
521350;16;1;0;3;1;0;0;0;0;2;0;4;0;27
521370;232;23;9;34;27;13;6;5;8;9;8;15;1;390
521380;1890;63;44;40;78;48;57;45;78;69;49;69;41;2571
521390;204;2;0;0;0;0;0;0;3;0;1;2;1;213
521400;184;2;0;1;2;9;3;0;1;32;1;2;0;237
521405;16;1;0;0;0;0;0;0;1;1;0;0;0;19
521410;155;4;3;3;1;1;0;1;0;0;0;1;0;169
521440;257;22;17;1;1;8;3;11;5;13;12;4;0;354
521450;451;30;21;7;12;10;15;11;13;11;13;5;7;606
521460;3243;59;68;86;127;85;90;147;108;113;130;43;63;4362
521470;4;0;0;0;0;0;0;0;0;0;0;0;0;4
521480;49;3;2;1;1;0;1;1;2;0;0;1;0;61
521483;104;30;11;14;0;10;7;22;0;1;2;0;0;201
521486;56;5;0;12;6;7;4;4;0;0;0;0;2;96
521490;5;1;0;0;0;0;0;0;0;0;0;0;0;6
521500;63;26;18;12;12;2;7;7;2;2;5;2;1;159
521520;27;6;0;0;3;0;0;0;0;0;0;0;0;36
521525;9;0;0;2;3;0;0;0;0;1;0;0;0;15
521530;335;11;5;6;4;12;4;1;10;5;8;6;1;408
521540;15;0;0;2;0;0;0;1;0;2;3;3;2;28
521550;1025;6;7;8;29;14;15;13;10;13;12;6;2;1160
521560;376;18;1;1;16;39;29;7;8;9;0;9;2;515
521570;1669;54;18;46;32;25;33;22;39;35;22;19;35;2049
521580;102;5;2;0;9;8;1;5;2;6;0;1;1;142
521590;18;2;0;1;0;0;0;2;1;2;0;10;5;41
521600;29;1;0;1;1;0;0;3;0;2;0;0;1;38
521630;179;14;6;5;12;2;3;5;7;4;3;4;0;244
521640;710;28;27;35;38;11;7;10;22;11;13;9;17;938
521680;346;11;7;10;13;8;1;6;4;3;3;3;1;416
521690;144;20;7;0;1;3;0;5;0;2;0;0;0;182
521710;951;14;13;38;7;35;16;17;14;6;16;20;4;1151
521720;323;32;13;8;13;15;8;10;8;10;9;19;0;468
521730;226;27;18;29;17;34;17;17;26;24;10;24;2;471
521740;1395;90;30;70;38;102;59;59;83;54;38;53;28;2099
521760;577;47;12;10;12;18;18;15;69;38;14;9;9;848
521770;276;16;14;24;7;2;13;3;11;10;13;5;14;408
521800;2179;93;40;45;60;35;72;90;60;66;90;69;60;2959
521810;140;19;22;21;17;11;4;2;2;2;4;4;1;249
521830;619;24;18;29;15;61;42;45;64;34;48;29;11;1039
521850;2915;83;111;407;165;153;188;97;89;61;76;67;29;4441
521860;400;8;10;8;6;15;65;26;11;4;22;12;10;597
521870;120;3;2;0;1;1;6;7;4;0;2;5;1;152
521880;8461;511;306;452;558;516;604;417;424;407;403;325;190;13574
521890;729;10;41;28;12;241;56;106;48;46;22;6;2;1347
521900;214;13;37;12;1;18;2;11;6;4;2;3;10;333
521910;416;10;7;9;13;15;15;12;9;18;29;17;6;576
521920;102;0;0;0;1;1;1;0;1;1;0;2;1;110
521925;28;2;0;0;0;0;31;18;0;0;0;0;0;79
521930;2651;83;117;300;339;479;139;177;162;128;59;45;18;4697
521935;172;3;0;6;1;0;18;3;1;7;0;0;2;213
521940;142;7;7;3;8;5;12;5;9;5;1;2;3;209
521950;24;0;0;1;0;0;0;0;1;0;0;0;0;26
521960;149;4;1;3;3;21;23;3;6;7;4;0;0;224
521970;348;26;38;8;10;19;23;27;12;6;7;5;0;529
521975;63;21;8;7;6;3;13;3;9;12;17;5;2;169
521980;117;15;3;1;0;2;2;1;4;1;0;1;0;147
521990;298;19;2;19;16;33;95;36;16;1;0;0;0;535
522000;63;1;3;3;1;10;3;6;0;7;2;2;3;104
522005;7;0;0;0;0;0;17;0;0;0;0;0;0;24
522010;1441;50;20;39;53;97;65;45;28;23;29;40;11;1941
522015;8;0;0;0;1;0;0;0;0;0;0;1;0;10
522020;1049;93;51;45;48;37;33;44;25;30;25;23;10;1513
522040;333;27;11;7;3;2;16;14;10;9;56;4;6;498
522045;13;4;1;3;34;5;5;8;3;3;3;1;0;83
522050;370;87;79;76;71;67;162;66;27;12;13;6;11;1047
522060;553;15;13;23;10;15;17;8;13;10;16;9;4;706
522070;19;0;0;0;0;0;0;0;0;0;0;0;0;19
522100;61;7;1;2;0;1;2;2;3;8;11;17;3;118
522130;10;0;2;2;0;2;5;1;0;0;1;0;1;24
522140;1414;74;28;49;77;69;90;75;86;54;63;57;30;2166
522150;136;7;0;1;2;2;3;4;0;0;1;1;0;157
522155;6;0;0;0;0;0;1;0;0;0;0;0;0;7
522160;1712;45;25;35;35;60;46;38;57;29;107;37;22;2248
522170;189;12;3;3;16;15;8;8;9;3;8;7;28;309
522180;141;1;0;0;1;1;1;1;0;1;0;5;2;154
522190;23;10;1;2;2;2;0;0;0;1;0;2;2;45
522200;78;7;5;4;1;2;2;8;4;7;9;3;3;133
522205;126;4;11;44;11;1;2;3;0;10;6;6;4;228
529999;326;28;97;53;79;21;16;28;12;52;20;15;4;751
530010;533868;20902;23845;18917;15906;16713;18123;18655;18401;16094;14800;14841;9455;740520
{ñ class};213231;20941;12764;14982;15223;19988;18956;31255;21335;21031;22127;19792;14456;446081
Total;22994599;1185713;887201;1070413;1119263;1262348;1258357;1229923;1224213;1100282;1068434;933537;639401;35973684
