Coluna;Mês Desligamento
Município;Não desligado ano;Janeiro;Fevereiro;Março;Abril;Maio;Junho;Julho;Agosto;Setembro;Outubro;Novembro;Dezembro;Total
110001;1610;62;53;53;77;54;37;52;66;38;74;50;194;2420
110002;10291;418;530;464;415;593;512;579;526;495;544;599;752;16718
110003;367;9;16;11;9;10;29;11;9;7;8;9;34;529
110004;9381;392;386;477;476;432;660;879;494;586;550;473;496;15682
110005;1335;83;52;66;69;59;49;43;62;63;47;52;103;2083
110006;1562;74;79;60;111;90;75;76;66;72;83;86;101;2535
110007;558;15;57;31;33;13;22;28;30;28;36;43;60;954
110008;564;16;27;12;6;7;19;7;20;16;5;38;70;807
110009;2980;92;109;138;150;130;139;135;157;143;163;182;187;4705
110010;2838;85;59;41;48;32;45;69;47;38;84;98;99;3583
110011;6091;258;250;349;259;265;259;305;246;236;253;271;390;9432
110012;15820;695;704;746;585;790;920;865;949;934;951;727;1204;25890
110013;1746;38;137;102;85;63;75;81;57;115;61;137;158;2855
110014;992;45;15;14;17;19;9;22;24;29;26;26;33;1271
110015;3456;120;118;195;136;136;127;152;134;156;126;117;154;5127
110018;5160;192;188;273;244;239;255;420;222;238;245;257;310;8243
110020;101520;3285;1890;2745;1783;2068;1965;3273;1991;1982;2233;2207;2775;129717
110025;1436;34;46;46;41;32;57;43;48;73;46;34;40;1976
110026;277;0;2;1;1;1;2;4;3;6;3;5;10;315
110028;4955;170;172;306;154;181;191;235;248;193;229;210;568;7812
110029;749;13;17;21;23;42;17;16;15;19;25;30;31;1018
110030;10290;468;482;597;560;601;530;1131;596;613;519;538;612;17537
110032;1105;18;32;23;27;21;19;36;20;29;37;24;79;1470
110033;1012;5;15;14;33;29;51;50;39;35;38;38;75;1434
110034;1096;21;26;46;27;17;21;32;24;31;32;19;43;1435
110037;512;14;11;39;10;7;10;13;11;17;8;13;25;690
110040;740;16;24;27;26;26;28;35;28;31;31;39;79;1130
110045;1869;103;121;102;113;101;118;138;116;84;208;119;126;3318
110050;438;11;4;13;3;8;6;16;16;10;7;14;3;549
110060;312;12;8;18;7;9;10;4;3;4;9;12;10;418
110070;307;7;12;36;10;7;8;16;10;9;10;10;28;470
110080;792;11;12;21;24;20;38;37;25;21;111;35;55;1202
110090;249;7;3;3;5;3;3;2;3;8;13;9;21;329
110092;796;36;57;83;52;61;55;102;65;88;113;98;114;1720
110094;775;16;21;38;22;27;22;37;32;20;33;46;38;1127
110100;362;3;5;5;26;4;5;11;16;7;3;9;38;494
110110;632;7;15;17;4;15;10;8;8;13;26;7;16;778
110120;509;4;10;10;5;9;7;17;8;13;13;14;91;710
110130;724;18;9;27;17;16;24;21;28;42;39;19;20;1004
110140;750;17;25;29;24;30;26;46;25;29;30;32;117;1180
110143;222;4;2;5;5;1;3;1;3;1;1;1;5;254
110145;230;1;1;2;4;4;4;6;5;1;17;12;28;315
110146;237;6;18;27;21;26;20;9;14;6;14;35;74;507
110147;263;4;9;16;16;2;3;2;2;4;1;6;4;332
110148;239;2;1;7;8;12;6;1;3;3;16;6;13;317
110149;948;35;33;49;32;45;54;53;48;45;48;98;150;1638
110150;556;9;6;13;9;11;11;6;9;10;6;16;8;670
110155;334;14;11;7;6;17;5;4;7;2;22;8;5;442
110160;429;10;4;7;13;9;9;7;10;6;7;12;25;548
110170;561;11;4;16;13;8;9;5;14;7;7;5;10;670
110175;374;1;2;4;2;5;3;3;3;1;2;6;4;410
110180;447;5;4;8;13;4;9;9;6;7;5;13;33;563
119999;0;0;0;0;0;0;0;0;0;0;0;0;0;0
120001;603;8;66;18;6;11;13;13;16;28;13;20;28;843
120005;224;1;1;0;5;2;1;2;1;2;4;5;5;253
120010;661;23;8;10;19;8;9;5;10;11;14;13;81;872
120013;366;11;6;4;11;9;3;5;3;8;7;29;23;485
120017;359;2;9;17;11;20;72;31;46;33;9;3;10;622
120020;3172;47;51;74;54;48;74;63;37;83;147;78;107;4035
120025;870;13;12;32;18;8;9;11;6;12;14;13;18;1036
120030;859;17;17;7;6;9;10;11;7;10;13;4;49;1019
120032;2;0;0;0;0;0;0;0;0;0;0;0;0;2
120033;295;0;8;2;1;1;3;0;4;2;5;2;2;325
120034;118;0;0;0;1;0;0;0;0;0;0;1;1;121
120035;401;0;1;1;1;4;4;0;0;0;1;0;1;414
120038;607;5;2;5;6;6;11;8;5;11;5;6;67;744
120039;5;0;0;0;0;3;1;1;0;0;8;0;0;18
120040;61146;1377;1033;1273;1019;1039;1329;1365;1223;1199;1349;1169;2404;76925
120042;202;0;0;1;0;0;0;0;0;3;1;8;0;215
120043;81;0;0;0;0;0;0;0;0;0;0;0;0;81
120045;724;27;15;37;13;5;15;128;32;14;11;17;29;1067
120050;1105;5;9;12;25;10;21;12;29;13;13;38;120;1412
120060;1202;7;13;18;17;6;6;14;9;22;21;15;11;1361
120070;524;4;6;9;4;4;7;5;3;2;5;4;4;581
120080;205;2;0;3;0;2;0;2;2;0;2;0;10;228
129999;0;0;0;0;0;0;0;0;0;0;0;0;0;0
130002;13;0;0;0;0;0;0;0;0;0;0;0;0;13
130006;202;0;0;0;1;1;0;0;2;0;0;0;0;206
130008;10;0;0;0;0;0;0;0;0;0;0;0;0;10
130010;14;0;0;0;0;0;0;0;0;0;0;0;0;14
130014;518;0;1;0;0;3;0;1;1;1;0;2;5;532
130020;26;2;1;39;0;0;0;0;0;0;0;0;0;68
130030;329;0;0;0;0;0;3;1;0;1;1;1;0;336
130040;195;0;2;0;3;0;1;0;0;3;0;1;1;206
130050;613;0;0;2;2;1;1;0;1;0;1;0;1;622
130060;883;6;7;3;8;5;8;1;7;1;1;1;21;952
130063;10;0;1;0;0;0;0;2;0;0;0;0;0;13
130068;128;0;0;1;0;0;0;0;0;0;0;0;0;129
130070;963;13;5;10;7;9;12;7;6;10;17;8;7;1074
130080;413;0;1;1;3;0;2;2;1;2;0;2;1;428
130083;425;0;0;0;0;0;0;0;0;0;0;0;0;425
130090;18;0;0;1;0;0;0;2;0;0;1;0;0;22
130100;627;1;1;4;2;1;6;7;2;1;1;2;1;656
130110;972;2;3;2;7;5;3;3;1;3;2;1;56;1060
130115;13;0;1;1;0;0;0;0;0;0;0;0;0;15
130120;2879;104;135;177;50;12;9;16;14;28;12;26;10;3472
130130;377;0;0;0;1;0;0;0;0;1;0;1;0;380
130140;729;3;1;4;8;4;0;1;0;1;2;1;0;754
130150;723;0;0;0;0;1;0;0;0;1;0;1;0;726
130160;363;0;0;0;0;0;0;0;0;0;0;0;0;363
130165;158;0;3;0;2;1;0;1;1;1;4;1;4;176
130170;1610;24;16;84;28;21;23;29;27;13;15;25;63;1978
130180;183;0;0;0;0;0;0;0;0;0;0;0;0;183
130185;1647;31;34;63;57;65;45;65;55;50;72;77;73;2334
130190;6508;156;106;163;183;117;83;112;105;120;203;327;148;8331
130195;143;0;0;0;0;0;0;0;0;0;0;0;0;143
130200;214;0;0;2;0;1;1;0;0;0;0;0;0;218
130210;16;0;0;0;0;0;0;0;0;0;0;0;0;16
130220;344;0;1;0;4;0;0;2;0;0;1;0;18;370
130230;11;0;0;0;0;0;0;0;0;0;0;0;0;11
130240;138;9;0;1;1;1;3;3;4;7;2;2;2;173
130250;1717;24;22;18;85;48;53;46;77;92;84;46;69;2381
130255;12;0;0;0;0;0;0;0;0;0;0;0;1;13
130260;326117;8289;8037;10696;8682;9259;9513;10125;10213;11078;10755;9990;17312;450066
130270;879;1;3;2;7;4;11;8;1;6;6;3;0;931
130280;16;0;1;0;1;0;0;0;0;1;0;0;0;19
130290;1299;5;10;10;12;17;8;2;28;13;6;13;59;1482
130300;519;0;3;0;3;12;34;50;3;8;0;7;1;640
130310;416;0;1;2;2;1;0;1;0;0;1;1;2;427
130320;71;0;0;2;1;1;3;0;0;0;1;3;122;204
130330;178;0;1;0;0;0;1;0;0;0;0;1;0;181
130340;3387;38;30;30;32;24;30;50;58;39;44;38;96;3896
130350;488;0;0;0;0;0;0;0;0;0;1;0;0;489
130353;3290;139;59;80;81;111;59;97;88;90;239;146;802;5281
130356;579;11;8;12;10;13;7;30;9;7;60;15;135;896
130360;25;0;1;0;0;0;0;0;0;0;0;0;1;27
130370;46;1;0;0;0;0;0;0;0;0;0;0;1;48
130380;571;11;7;194;5;6;6;16;6;8;11;15;11;867
130390;34;0;0;1;0;2;0;0;1;0;0;0;0;38
130395;150;2;1;0;0;0;0;1;1;1;2;1;1;160
130400;21;0;0;0;0;0;0;0;0;0;0;0;1;22
130406;608;24;12;11;9;13;12;14;25;12;18;13;16;787
130410;390;0;1;0;0;0;0;0;0;0;1;0;0;392
130420;993;15;26;35;42;24;20;16;56;33;24;34;29;1347
130423;10;0;0;0;0;0;0;0;0;0;0;0;0;10
130426;15;0;0;0;1;0;0;1;0;0;0;0;0;17
130430;384;0;1;1;1;1;0;0;1;1;1;0;3;394
130440;458;0;1;2;1;3;4;3;0;1;4;0;54;531
139999;0;0;0;0;0;0;0;0;0;0;0;0;0;0
140002;93;0;0;0;0;0;0;1;0;0;0;0;0;94
140005;219;0;2;1;1;0;0;1;2;2;2;4;0;234
140010;21759;812;657;850;896;746;857;719;773;681;802;802;1219;31573
140015;46;1;2;79;5;3;0;0;1;0;3;4;6;150
140017;165;35;14;18;7;7;12;6;18;4;7;15;10;318
140020;121;3;3;3;4;2;0;0;0;10;1;1;7;155
140023;26;2;3;10;1;0;2;2;0;0;6;0;0;52
140028;23;0;1;3;0;0;0;11;0;0;3;0;0;41
140030;152;4;4;10;14;11;9;6;5;9;8;24;9;265
140040;136;1;0;2;0;1;0;0;0;0;0;0;2;142
140045;183;2;2;6;2;5;1;5;6;3;3;1;6;225
140047;135;1;8;6;7;7;5;4;1;6;0;3;10;193
140050;46;2;2;2;4;2;1;0;0;1;0;0;0;60
140060;45;0;0;4;3;0;1;1;1;1;6;2;1;65
140070;123;1;1;0;1;0;1;2;0;0;0;0;0;129
149999;0;0;0;0;0;0;0;0;0;0;0;0;0;0
150010;4146;60;54;57;57;60;69;51;63;62;60;100;103;4942
150013;557;6;9;11;24;5;16;21;17;21;30;20;67;804
150020;1957;14;28;25;7;8;11;13;8;75;28;338;21;2533
150030;1618;31;14;15;21;16;27;18;21;30;12;16;47;1886
150034;816;35;24;36;39;39;52;56;56;80;66;87;55;1441
150040;1346;2;2;4;1;2;4;5;3;7;8;3;6;1393
150050;7764;278;308;225;187;224;269;191;192;233;298;326;289;10784
150060;6129;197;186;283;275;238;237;249;306;253;251;254;574;9432
150070;92;5;12;0;5;7;3;63;2;1;3;5;9;207
150080;41841;1233;1374;1409;1443;1193;1567;1281;1601;1488;1362;1386;1869;59047
150085;681;54;29;78;95;15;11;22;21;33;26;22;56;1143
150090;549;1;2;6;3;92;5;3;2;2;1;3;282;951
150095;641;8;4;3;4;0;9;23;8;2;7;3;10;722
150100;245;1;2;0;1;1;0;2;4;4;3;2;156;421
150110;174;3;3;2;0;2;3;2;2;0;4;4;0;199
150120;695;7;18;22;19;20;20;15;8;19;11;12;12;878
150125;333;13;15;40;57;48;37;30;32;21;31;32;29;718
150130;15188;501;411;483;315;412;406;405;597;596;844;793;696;21647
150140;286530;4900;5233;6356;6064;5197;6542;5540;5868;6134;6063;6530;7944;358901
150145;664;6;33;2;4;3;9;4;7;10;4;4;24;774
150150;2544;78;83;83;59;54;78;77;68;62;66;90;381;3723
150157;668;5;7;7;13;17;16;31;20;25;24;20;31;884
150160;239;2;11;10;9;2;7;3;3;1;0;3;5;295
150170;2266;51;49;53;58;62;65;58;93;64;59;56;119;3053
150172;161;2;1;1;2;5;1;6;2;3;2;4;6;196
150175;467;13;17;12;4;9;20;5;16;3;9;9;6;590
150178;2289;52;98;77;82;87;105;107;114;105;139;132;843;4230
150180;4699;94;81;91;77;87;118;125;93;100;96;94;225;5980
150190;475;5;5;4;2;1;2;2;0;3;10;2;4;515
150195;31;0;17;0;1;2;1;10;0;2;9;16;33;122
150200;593;2;0;0;1;0;0;0;0;1;0;1;1;599
150210;3244;10;8;10;16;10;10;5;5;9;3;22;9;3361
150215;1612;242;469;224;67;36;68;85;58;74;69;157;67;3228
150220;3748;79;56;126;87;66;71;85;91;68;317;150;211;5155
150230;1862;36;23;23;30;23;32;15;25;16;177;145;28;2435
150240;16370;457;336;468;476;340;346;440;451;663;976;659;546;22528
150250;322;0;0;1;2;2;0;2;1;1;1;2;3;337
150260;259;1;0;0;2;1;0;0;0;0;1;1;0;265
150270;2469;91;73;63;64;110;126;70;77;77;73;77;132;3502
150275;764;5;15;11;10;1;12;8;6;6;48;28;390;1304
150276;1029;73;131;282;171;259;216;329;228;142;180;136;157;3333
150277;1236;57;102;81;86;96;131;93;154;115;69;81;103;2404
150280;131;1;0;0;0;0;0;0;0;0;0;0;0;132
150285;69;0;0;0;0;0;1;2;4;0;0;0;0;76
150290;967;10;35;9;9;11;4;11;15;51;85;48;23;1278
150293;5806;220;322;529;134;197;216;287;397;493;452;409;389;9851
150295;504;19;49;43;35;24;30;29;53;28;17;24;24;879
150300;215;0;0;0;1;0;0;1;0;0;0;0;0;217
150304;734;5;9;10;18;18;20;18;8;21;101;14;12;988
150307;278;0;0;0;0;2;3;0;0;1;2;2;4;292
150309;1974;96;60;122;77;83;122;81;264;73;112;127;246;3437
150310;505;0;0;3;2;0;1;1;1;0;0;1;1;515
150320;1357;21;44;54;35;23;25;15;28;71;222;122;41;2058
150330;2153;6;9;28;15;15;11;10;4;5;5;67;14;2342
150340;538;7;18;8;15;4;4;9;8;12;16;15;19;673
150345;1142;17;29;46;23;41;34;28;30;42;96;202;43;1773
150350;601;4;5;12;6;10;5;7;7;9;13;7;19;705
150360;7893;154;135;173;252;172;266;153;142;132;179;861;1073;11585
150370;1342;34;49;116;72;63;58;52;66;61;43;116;52;2124
150375;321;6;5;3;3;11;7;0;2;2;2;2;4;368
150380;3401;88;123;102;77;106;103;103;135;135;152;221;241;4987
150390;818;0;0;1;0;0;0;2;1;0;0;11;43;876
150400;18;0;0;0;1;0;0;1;0;0;1;0;0;21
150405;1358;12;13;15;9;6;15;17;10;5;9;62;18;1549
150410;361;0;0;0;1;1;2;0;0;0;0;0;0;365
150420;22000;615;695;913;861;757;923;1022;947;808;896;858;1061;32356
150430;527;0;1;2;1;1;1;2;1;0;0;0;0;536
150440;818;7;0;4;7;5;11;3;5;9;9;24;18;920
150442;7423;132;107;183;156;109;120;116;125;143;102;178;271;9165
150445;650;11;8;6;16;3;18;9;5;5;7;11;13;762
150450;21;1;2;2;2;0;0;1;0;0;1;0;0;30
150460;182;2;1;2;1;1;0;3;0;3;1;2;1;199
150470;3303;55;70;79;98;67;78;73;126;74;89;76;107;4295
150475;0;0;0;0;0;0;0;0;0;0;0;0;0;0
150480;2082;2;1;6;5;5;4;5;2;6;6;9;5;2138
150490;513;1;2;0;2;0;55;0;1;1;0;0;0;575
150495;27;0;0;1;1;0;0;0;0;0;0;0;6;35
150497;495;5;24;35;9;11;5;5;14;19;18;18;65;723
150500;507;9;2;2;1;1;2;1;2;3;6;4;4;544
150503;1598;82;73;77;78;84;80;88;112;89;191;104;256;2912
150506;2093;34;83;99;79;66;50;56;107;45;114;132;272;3230
150510;1854;24;17;38;25;20;229;28;49;18;16;12;72;2402
150520;220;1;0;0;0;0;1;0;1;0;1;0;6;230
150530;5385;363;95;93;67;139;82;119;78;110;152;161;220;7064
150540;534;7;3;7;9;2;1;4;3;3;3;2;2;580
150543;1054;25;21;24;14;19;23;48;39;44;18;30;32;1391
150548;363;21;28;10;41;12;23;69;28;31;22;35;66;749
150549;317;6;3;15;16;23;36;25;40;13;19;9;22;544
150550;12012;428;427;591;369;487;509;471;501;521;687;878;976;18857
150553;17158;520;550;832;832;884;1068;949;1151;775;812;1288;941;27760
150555;275;15;18;23;27;14;23;28;17;23;29;13;29;534
150560;190;0;1;1;0;1;1;0;0;1;2;22;1;220
150563;330;9;43;20;17;24;17;36;34;23;15;21;36;625
150565;138;5;10;25;9;4;4;3;4;16;1;3;13;235
150570;941;3;4;41;3;3;4;0;3;5;2;10;5;1024
150580;1990;61;95;52;47;79;61;59;39;54;82;109;67;2795
150590;191;5;7;5;5;3;3;5;9;4;9;31;63;340
150600;595;4;7;65;4;9;9;7;10;38;15;7;16;786
150610;322;1;1;4;1;2;2;3;3;0;2;1;2;344
150611;272;0;2;0;2;4;3;0;4;1;2;6;4;300
150613;6251;213;326;297;246;220;290;292;257;189;205;256;437;9479
150616;1336;44;71;51;35;73;46;66;77;95;56;84;95;2129
150618;5130;118;106;152;107;142;161;201;257;294;277;325;387;7657
150619;934;1;3;5;8;3;6;8;5;6;6;3;55;1043
150620;1385;27;35;12;29;28;15;30;56;25;34;27;16;1719
150630;636;3;1;5;7;3;2;9;4;1;1;5;4;681
150635;895;11;14;47;36;28;53;35;14;29;27;20;117;1326
150640;21;1;0;0;3;1;1;1;0;1;0;0;0;29
150650;4602;80;69;107;117;77;99;115;98;131;76;103;137;5811
150655;380;1;2;19;6;4;10;4;5;1;0;2;2;436
150658;737;78;60;67;77;71;72;222;139;93;105;57;113;1891
150660;768;1;5;14;6;6;7;4;4;12;24;5;8;864
150670;3001;99;115;121;118;148;151;135;128;120;106;135;183;4560
150680;22718;495;403;629;492;465;491;504;590;493;497;539;805;29121
150690;329;2;3;0;1;13;7;1;1;2;1;0;2;362
150700;1544;43;31;36;21;18;44;42;20;44;186;55;29;2113
150710;292;0;0;0;0;0;1;0;0;0;1;4;0;298
150715;596;0;6;13;19;4;13;10;15;14;8;8;10;716
150720;900;11;7;9;11;13;12;7;6;4;12;8;199;1199
150730;2069;46;49;103;132;150;174;170;249;148;82;87;166;3625
150740;562;13;5;7;8;23;17;8;7;81;170;11;7;919
150745;1413;36;14;31;24;33;28;32;33;32;34;31;44;1785
150746;203;0;1;3;0;0;0;1;0;0;0;0;0;208
150747;648;0;1;6;0;0;1;1;1;2;1;0;1;662
150750;83;3;5;16;4;18;5;5;6;17;13;5;5;185
150760;3243;74;49;124;56;75;97;58;91;56;59;137;109;4228
150770;138;0;0;0;4;0;0;0;1;0;1;0;2;146
150775;735;65;98;129;84;95;65;92;77;62;35;47;63;1647
150780;348;2;6;5;1;5;18;5;6;11;12;8;2;429
150790;751;9;4;9;8;6;3;7;5;6;8;11;10;837
150795;5310;204;262;363;220;259;305;253;334;373;387;336;315;8921
150796;338;0;4;3;3;2;1;5;2;7;5;5;21;396
150797;657;0;1;1;1;0;0;0;0;0;0;1;0;661
150800;4183;160;109;136;67;84;80;114;106;156;153;219;213;5780
150803;381;3;1;4;3;1;1;3;5;1;4;3;185;595
150805;508;14;13;32;21;15;11;20;18;15;7;18;21;713
150808;735;47;17;30;33;32;51;27;60;43;22;36;38;1171
150810;10422;321;319;331;274;376;345;236;268;311;343;485;524;14555
150812;3635;142;126;142;135;171;232;223;233;232;339;342;697;6649
150815;1706;38;40;53;45;49;59;66;80;74;84;102;388;2784
150820;1300;13;42;37;20;21;54;30;27;24;167;18;583;2336
150830;1283;14;2;4;3;9;13;2;70;36;6;8;3;1453
150835;221;0;1;5;2;6;5;7;13;15;13;4;13;305
150840;3987;186;155;294;232;218;294;263;283;263;219;268;253;6915
159999;0;0;0;0;0;0;0;0;0;0;0;0;0;0
160005;66;0;3;1;2;0;14;1;2;3;8;5;149;254
160010;353;2;26;9;4;9;12;5;4;4;6;2;133;569
160015;1059;2;0;0;0;1;9;16;26;40;47;52;89;1341
160020;135;1;2;2;1;1;3;1;2;2;5;4;10;169
160021;17;0;0;0;0;0;0;0;0;1;0;0;1;19
160023;201;2;1;1;1;0;0;1;1;2;5;13;5;233
160025;39;0;0;0;0;0;1;0;0;0;0;0;0;40
160027;874;23;16;17;18;30;27;26;42;29;77;110;165;1454
160030;60123;1176;1228;1601;1064;1085;1311;1225;1271;1072;1620;1438;1589;75803
160040;463;2;5;8;7;6;12;9;10;8;1;11;40;582
160050;842;6;5;128;16;19;11;4;22;10;23;47;135;1268
160053;955;15;31;23;21;14;35;29;40;54;40;88;60;1405
160055;85;0;0;0;1;0;0;0;0;0;0;1;0;87
160060;4135;114;120;106;69;87;115;99;133;91;199;124;157;5549
160070;499;7;10;16;6;4;10;8;53;17;77;31;36;774
160080;272;4;11;10;12;7;7;6;20;10;8;15;7;389
169999;0;0;0;0;0;0;0;0;0;0;0;0;0;0
170025;127;1;0;4;1;0;2;0;3;1;1;0;3;143
170030;246;5;36;19;5;18;8;3;53;15;49;52;147;656
170035;369;8;7;7;7;5;5;7;5;3;7;4;8;442
170040;208;1;2;2;1;4;1;4;6;6;6;3;4;248
170070;587;12;6;14;10;4;21;8;10;22;19;15;20;748
170100;604;32;16;99;118;23;79;39;36;18;29;52;95;1240
170105;158;0;2;3;2;1;2;3;10;1;0;8;4;194
170110;179;1;2;2;0;6;4;23;16;8;49;28;10;328
170130;284;1;4;2;5;13;13;14;20;8;6;19;22;411
170190;218;2;2;5;5;2;2;4;8;6;2;3;73;332
170200;806;20;24;21;33;12;85;34;33;23;8;22;15;1136
170210;16107;650;502;630;699;602;764;658;654;532;587;691;588;23664
170215;328;33;4;10;16;12;15;10;13;8;10;10;29;498
170220;1239;28;28;121;80;19;18;31;68;46;59;77;93;1907
170230;884;40;18;28;42;45;27;40;29;35;43;51;36;1318
170240;689;54;27;8;12;40;30;57;43;38;230;81;36;1345
170255;412;3;1;3;15;2;3;4;3;3;12;7;4;472
170270;26;3;2;0;5;2;0;0;0;1;0;1;0;40
170290;508;4;3;7;15;8;37;13;5;9;6;4;14;633
170300;442;3;1;3;2;6;3;11;11;7;3;2;7;501
170305;489;4;7;11;32;22;28;18;30;47;25;30;27;770
170307;39;0;0;0;0;1;0;0;1;1;0;0;2;44
170310;266;16;1;5;10;3;4;5;1;1;3;2;6;323
170320;339;7;3;4;4;5;5;7;9;8;9;9;4;413
170330;72;0;0;1;1;5;0;2;1;0;0;0;1;83
170360;235;2;12;5;3;5;3;1;6;4;4;4;8;292
170370;461;11;17;10;8;13;10;9;6;7;11;7;28;598
170380;146;0;0;1;0;1;0;1;2;0;1;3;1;156
170382;6;0;0;0;0;0;0;0;0;0;0;0;0;6
170384;455;5;12;14;13;18;17;22;17;25;14;79;46;737
170386;322;5;9;11;4;20;6;5;9;7;14;26;28;466
170388;209;3;3;1;4;22;49;8;4;6;3;1;2;315
170389;85;0;0;0;0;0;0;0;0;0;0;0;4;89
170390;193;7;8;9;6;5;10;3;5;8;4;3;2;263
170410;108;0;0;0;0;0;0;0;1;1;0;0;0;110
170460;73;0;0;1;0;1;0;1;0;0;0;1;0;77
170510;26;1;1;1;1;1;2;3;4;4;1;7;2;54
170550;2427;48;84;88;49;58;61;60;58;79;69;51;68;3200
170555;117;3;2;2;2;3;1;4;2;1;1;1;5;144
170560;194;3;2;4;1;2;0;1;8;2;3;2;5;227
170600;110;3;2;5;3;3;4;2;4;2;11;3;4;156
170610;478;8;5;7;5;10;6;9;10;6;13;11;14;582
170625;94;1;0;0;1;0;3;5;2;2;3;4;6;121
170650;240;9;1;5;17;12;9;19;22;21;20;14;21;410
170700;949;13;14;23;15;19;25;23;46;58;24;20;55;1284
170710;470;4;6;6;6;7;9;15;9;44;30;13;9;628
170720;255;8;3;8;7;5;10;9;6;14;9;6;23;363
170730;394;15;15;21;20;10;53;7;10;20;17;45;19;646
170740;241;0;0;0;0;0;0;0;0;0;0;0;1;242
170755;268;1;2;2;2;2;2;2;1;2;3;2;3;292
170765;440;5;9;12;8;11;16;14;9;9;14;11;8;566
170770;343;2;4;5;8;5;8;1;5;2;7;7;5;402
170820;1918;19;13;46;91;61;90;111;45;92;75;54;81;2696
170825;224;0;2;3;2;1;1;3;2;0;1;9;3;251
170830;29;0;2;0;0;6;2;1;0;0;2;0;3;45
170900;215;1;1;0;0;2;2;4;2;3;2;1;3;236
170930;1551;68;69;46;32;49;38;49;52;47;39;68;63;2171
170950;9393;386;279;306;239;257;266;302;319;275;302;382;471;13177
170980;64;0;0;0;0;0;2;0;0;0;0;0;2;68
171050;286;0;1;2;17;1;0;2;32;6;12;15;64;438
171070;279;0;2;4;11;13;38;22;7;10;7;3;3;399
171090;185;2;2;0;2;0;5;8;3;7;5;5;5;229
171110;293;10;7;5;13;36;17;21;19;19;10;7;21;478
171150;245;1;2;6;9;3;3;2;1;0;2;2;1;277
171180;6;2;1;2;0;0;0;0;0;0;1;1;0;13
171190;555;12;11;18;32;38;32;20;35;19;5;36;22;835
171195;46;0;3;1;0;0;3;1;9;0;2;0;58;123
171200;293;7;3;15;2;6;22;6;3;13;13;19;69;471
171215;2;0;0;0;0;0;0;0;0;0;0;0;0;2
171240;33;1;1;0;0;1;0;0;1;1;1;0;2;41
171245;112;0;5;1;0;1;0;0;0;1;0;5;0;125
171250;252;2;10;7;7;14;11;7;3;13;12;11;111;460
171270;8;0;0;0;0;0;0;0;1;0;1;0;12;22
171280;117;0;0;0;0;0;0;2;1;0;0;0;3;123
171320;1544;34;31;44;32;34;23;23;26;27;29;32;50;1929
171330;799;28;29;41;43;40;35;57;46;51;59;79;152;1459
171360;252;7;2;11;4;2;1;1;4;12;6;5;6;313
171370;29;0;0;3;0;1;0;3;0;0;0;0;2;38
171380;212;0;1;1;2;1;6;0;2;0;2;1;3;231
171395;317;3;7;4;5;9;21;31;16;34;14;23;15;499
171420;342;7;7;5;3;4;5;11;9;30;14;21;15;473
171430;180;0;2;2;8;1;0;6;1;0;1;0;3;204
171488;551;12;7;9;9;4;15;8;13;4;17;10;9;668
171500;160;0;0;2;0;0;1;2;2;0;3;0;0;170
171510;169;0;1;1;4;1;2;0;1;11;2;1;2;195
171515;102;0;0;1;0;0;2;2;0;1;0;1;5;114
171525;155;1;0;1;0;5;6;9;3;4;2;2;0;188
171550;111;1;0;1;0;0;0;0;0;0;0;0;0;113
171570;152;1;1;1;2;0;3;18;2;4;4;7;31;226
171575;392;4;6;4;38;3;11;7;23;16;30;8;63;605
171610;4172;188;182;211;163;225;174;208;159;183;270;859;346;7340
171620;400;2;0;3;6;1;2;5;3;0;1;3;1;427
171630;213;2;0;1;0;1;1;0;2;2;1;2;4;229
171650;1115;37;22;44;76;61;49;51;44;43;38;108;108;1796
171660;4508;87;92;101;132;140;158;155;310;198;167;283;266;6597
171665;247;4;4;7;22;3;3;4;4;10;6;60;12;386
171670;598;45;58;47;30;28;37;108;29;15;28;26;73;1122
171700;150;0;0;0;0;0;0;0;0;1;2;0;0;153
171720;355;15;15;19;33;16;26;35;33;24;18;60;27;676
171750;482;8;7;9;16;10;8;18;13;6;10;17;20;624
171780;59;0;0;0;0;0;0;1;0;0;0;0;0;60
171790;241;1;2;2;4;1;1;1;4;1;4;2;2;266
171800;8;0;0;0;0;0;0;0;0;0;0;0;1;9
171820;3529;117;81;110;106;99;150;129;143;117;147;125;162;5015
171830;210;0;0;0;0;0;0;0;0;0;0;0;0;210
171840;338;27;12;16;15;10;27;22;9;26;17;29;24;572
171845;184;3;5;3;0;3;2;2;1;5;4;1;6;219
171850;158;1;0;0;1;1;0;2;0;1;1;0;0;165
171855;156;1;1;0;1;4;3;3;5;2;1;2;13;192
171865;107;0;0;1;0;2;0;1;1;3;14;2;20;151
171870;74;0;4;2;1;2;0;11;3;5;8;7;6;123
171875;27;0;2;1;0;0;0;0;0;1;1;0;0;32
171880;142;1;1;0;0;0;4;0;7;3;1;1;4;164
171884;175;5;9;4;7;2;0;2;6;0;1;3;3;217
171886;444;16;9;9;6;5;28;30;27;19;25;18;19;655
171888;22;0;0;0;0;0;0;0;0;0;1;0;0;23
171889;93;0;0;0;6;2;0;2;12;2;4;7;1;129
171890;326;2;1;2;2;0;0;5;3;8;12;5;8;374
171900;12;0;1;0;1;0;0;0;1;0;0;0;0;15
172000;111;0;1;1;0;0;1;0;1;0;1;0;2;118
172010;77;0;0;3;3;0;1;3;4;1;12;1;2;107
172015;4;0;0;0;0;0;1;0;0;0;0;0;0;5
172020;186;1;0;1;3;1;3;1;1;0;0;1;0;198
172025;308;1;0;1;12;13;15;24;22;9;35;66;109;615
172030;97;0;0;0;1;2;0;1;0;0;0;2;1;104
172049;264;2;0;2;0;3;2;9;8;2;17;3;3;315
172065;228;1;0;1;2;3;2;1;5;2;0;2;7;254
172080;195;1;1;0;1;0;0;1;0;0;0;2;1;202
172085;186;2;2;5;1;0;2;1;4;2;1;3;2;211
172090;138;1;4;1;0;0;3;1;2;4;4;4;21;183
172093;113;0;2;0;0;1;4;1;0;0;0;0;4;125
172097;281;5;6;2;2;3;2;1;3;3;1;4;2;315
172100;79343;1214;1151;1507;1384;1376;1767;1662;1713;1587;1438;1701;2157;98000
172110;280;1;5;2;0;2;26;3;3;1;2;2;4;331
172120;1377;32;12;30;22;13;15;24;26;9;24;20;31;1635
172125;111;1;2;0;1;0;1;0;0;0;0;3;2;121
172130;154;0;1;1;1;3;1;3;3;4;4;7;1;183
172208;549;14;485;1109;255;212;88;53;153;51;26;62;164;3221
172210;610;23;26;71;35;71;59;59;67;71;40;45;44;1221
179999;0;0;0;0;0;0;0;0;0;0;0;0;0;0
210005;12028;529;469;530;501;478;385;363;408;628;476;550;697;18042
210010;67;0;0;0;0;0;0;0;2;9;22;9;2;111
210015;13;0;0;1;0;1;0;0;1;0;0;1;2;19
210020;616;1;0;0;0;0;0;0;3;19;2;13;1;655
210030;614;0;2;2;1;2;2;1;4;3;3;0;4;638
210040;136;0;0;0;0;0;0;0;0;2;2;1;1;142
210043;476;1;1;1;0;4;0;4;1;0;2;3;6;499
210047;26;1;3;0;0;1;0;1;0;1;0;0;0;33
210050;517;2;3;7;11;6;5;11;9;15;30;7;30;653
210055;203;0;0;0;0;0;0;0;0;0;0;0;0;203
210060;100;1;7;4;5;6;0;9;0;3;1;0;4;140
210070;45;0;0;0;0;1;2;1;1;3;0;2;0;55
210080;549;1;5;1;1;5;0;4;3;2;19;19;9;618
210083;1;0;0;0;0;0;0;0;0;0;0;0;0;1
210087;7;0;0;1;1;0;1;0;0;0;0;0;8;18
210090;120;3;3;1;17;3;5;5;2;5;3;3;6;176
210095;246;4;3;2;0;2;5;1;2;4;12;3;4;288
210100;805;1;0;2;1;0;0;0;1;6;1;1;2;820
210110;254;0;0;0;0;0;0;0;0;2;0;0;1;257
210120;6065;99;88;89;154;134;116;103;41;84;90;84;116;7263
210125;450;2;1;19;15;9;13;15;7;15;21;6;7;580
210130;16;0;0;0;0;2;2;1;1;0;0;1;1;24
210135;133;0;0;0;0;0;0;0;0;0;0;0;0;133
210140;7295;271;215;271;339;367;267;319;316;280;350;316;362;10968
210150;453;4;1;4;3;5;2;3;5;1;2;3;6;492
210160;3392;47;24;43;24;49;40;43;43;49;39;65;85;3943
210170;1299;12;17;10;25;10;11;16;12;14;12;14;21;1473
210173;78;0;0;0;0;0;0;0;0;0;0;0;0;78
210177;6;0;0;0;0;0;0;0;0;0;0;0;0;6
210180;237;2;1;1;0;1;1;2;1;0;1;0;1;248
210190;551;3;2;0;0;4;0;0;0;0;1;0;0;561
210193;83;0;0;0;0;0;0;0;0;0;0;0;0;83
210197;8;0;0;2;1;2;1;1;0;0;0;2;0;17
210200;936;32;14;11;5;6;6;9;6;7;3;2;9;1046
210203;572;18;20;12;19;8;13;8;14;16;13;22;19;754
210207;40;0;0;0;0;0;0;0;1;0;0;0;0;41
210210;878;5;5;7;4;12;2;5;8;15;16;9;2;968
210215;1;0;0;0;0;0;0;0;0;0;0;0;0;1
210220;202;18;5;4;10;5;54;0;1;20;6;10;11;346
210230;217;0;0;2;0;3;1;1;0;3;0;0;0;227
210232;2061;94;91;98;66;54;69;54;68;76;57;120;112;3020
210235;324;0;0;0;0;1;1;0;0;0;5;5;2;338
210237;133;0;0;0;0;0;0;0;0;0;0;0;0;133
210240;202;0;0;0;0;0;0;0;0;0;0;0;0;202
210250;2;0;0;0;0;0;0;0;0;0;0;0;0;2
210255;534;3;5;8;8;4;14;16;48;530;28;11;281;1490
210260;4;0;0;0;0;0;0;0;0;0;0;0;0;4
210270;320;0;2;3;1;2;0;3;1;0;0;0;1;333
210275;144;1;0;1;2;4;3;0;1;0;3;0;1;160
210280;1340;11;11;22;12;29;21;17;14;33;26;20;31;1587
210290;1096;27;18;26;5;14;13;40;72;43;65;85;140;1644
210300;10688;72;89;100;131;168;256;92;81;91;162;105;116;12151
210310;13;0;1;0;0;0;0;0;0;0;0;0;19;33
210312;98;0;0;0;0;0;0;0;0;0;0;0;0;98
210315;3;0;0;0;0;0;0;0;0;0;0;0;0;3
210317;325;0;4;2;0;2;0;1;1;3;2;3;4;347
210320;3890;15;22;32;74;61;28;21;13;20;14;22;29;4241
210325;800;54;49;34;31;35;46;40;26;9;13;33;56;1226
210330;5769;80;62;63;68;155;65;56;60;63;62;65;114;6682
210340;3659;15;20;72;62;74;27;25;37;41;1007;123;55;5217
210350;812;4;6;10;0;7;7;2;7;9;8;24;8;904
210355;23;0;0;0;0;0;0;0;0;0;0;1;1;25
210360;2661;5;6;9;10;14;10;85;5;13;10;12;17;2857
210370;830;3;0;1;1;3;0;4;2;3;1;0;1;849
210375;294;3;6;7;4;5;3;11;4;5;3;14;6;365
210380;643;9;16;23;22;14;6;16;15;12;9;13;7;805
210390;187;0;0;0;0;0;0;1;2;0;0;0;1;191
210400;325;4;1;2;1;0;0;0;1;0;0;0;8;342
210405;1293;18;18;16;45;14;24;24;24;31;32;26;23;1588
210407;216;0;0;1;0;0;0;0;0;0;0;0;0;217
210408;91;0;0;0;0;0;0;0;0;0;0;0;0;91
210409;334;2;0;0;0;0;1;0;0;0;0;0;0;337
210410;429;0;0;0;0;0;1;1;0;3;1;2;0;437
210420;371;1;0;0;0;1;0;0;0;2;0;0;0;375
210430;63;0;0;0;1;1;0;0;1;0;0;0;0;66
210440;12;0;0;0;0;1;0;0;0;0;1;1;0;15
210450;200;0;105;0;1;0;0;0;1;0;1;0;0;308
210455;494;11;6;18;3;16;11;15;14;10;14;15;15;642
210460;382;0;1;2;0;1;0;0;0;1;1;0;59;447
210462;48;0;0;0;0;0;0;0;0;0;0;0;1;49
210465;11;0;0;0;0;0;0;0;0;0;0;0;13;24
210467;77;0;1;1;1;4;2;2;4;4;2;0;0;98
210470;40;0;0;0;0;0;0;0;0;0;0;0;0;40
210480;2116;74;81;77;68;61;74;79;71;86;105;107;93;3092
210490;138;0;0;0;0;0;0;0;0;3;2;0;0;143
210500;187;2;0;2;0;0;0;1;1;0;0;0;0;193
210510;369;1;0;0;1;0;0;0;0;0;0;0;1;372
210515;45;0;0;0;0;1;1;0;0;2;2;0;0;51
210520;372;7;0;1;1;0;1;3;0;1;1;2;0;389
210530;27678;836;807;925;998;953;878;854;890;849;783;911;998;38360
210535;117;0;0;0;0;0;0;0;0;0;0;0;0;117
210540;3529;19;19;29;23;125;37;34;31;32;44;28;86;4036
210542;1652;55;89;82;86;37;65;59;66;93;102;86;95;2567
210545;112;0;1;0;2;1;0;0;1;0;0;4;0;121
210547;171;0;0;0;0;0;0;0;0;0;0;1;0;172
210550;1094;4;9;21;16;24;20;11;9;24;20;17;29;1298
210560;291;0;0;1;1;0;0;0;0;0;0;0;0;293
210565;1;0;0;0;0;0;0;0;0;0;0;0;0;1
210570;749;9;6;9;4;4;12;6;5;10;12;10;11;847
210580;232;2;0;3;1;1;0;1;1;1;0;0;1;243
210590;31;0;1;5;1;4;1;1;1;1;0;2;9;57
210592;96;0;0;1;0;0;0;0;0;0;0;0;0;97
210594;235;0;1;5;0;0;0;1;0;1;0;0;1;244
210596;119;0;0;0;0;0;0;0;0;0;0;0;0;119
210598;85;1;1;1;0;0;0;0;3;0;0;0;3;94
210600;369;0;0;0;6;1;2;0;0;1;1;0;0;380
210610;352;9;8;27;3;7;4;11;11;10;6;4;9;461
210620;186;0;0;0;0;0;0;0;0;0;0;0;0;186
210630;421;2;1;0;10;1;1;15;0;5;4;3;12;475
210632;67;1;6;1;1;0;1;0;0;1;1;1;1;81
210635;99;0;0;0;0;0;0;0;0;0;0;0;0;99
210637;105;0;0;0;0;0;0;0;0;0;0;0;0;105
210640;520;0;2;0;0;0;0;1;0;3;0;0;1;527
210650;103;50;0;3;3;1;1;1;0;3;1;2;0;168
210660;663;42;7;17;14;13;5;3;3;1;11;2;161;942
210663;88;0;0;0;0;1;0;0;0;1;0;0;0;90
210667;113;0;0;0;0;0;0;0;0;0;0;0;0;113
210670;749;9;16;23;10;25;9;14;34;23;13;31;58;1014
210675;392;3;3;3;0;0;1;1;1;3;3;2;1;413
210680;182;0;0;0;0;0;0;0;0;0;0;0;1;183
210690;3;0;0;0;0;0;0;3;0;2;0;0;0;8
210700;433;4;10;15;5;8;79;55;109;42;31;89;1178;2058
210710;248;0;0;0;0;0;0;0;0;0;0;0;0;248
210720;2;0;0;0;0;0;0;0;0;0;0;0;0;2
210725;219;3;3;0;2;1;3;1;1;0;3;2;11;249
210730;95;0;0;0;0;0;0;0;0;0;0;0;12;107
210735;18;0;0;0;0;0;0;0;0;0;0;0;0;18
210740;368;1;2;0;4;1;2;4;2;2;3;0;2;391
210745;242;0;0;0;0;0;0;0;0;0;0;0;0;242
210750;2856;124;79;217;100;100;54;166;60;92;66;114;31;4059
210760;244;0;0;1;0;0;0;0;1;0;0;0;1;247
210770;506;1;0;0;0;0;1;2;2;12;0;3;2;529
210780;1328;2;3;2;4;3;8;3;3;6;9;19;38;1428
210790;258;0;1;0;2;0;0;0;1;1;1;2;0;266
210800;290;2;3;10;11;3;9;1;4;4;6;5;4;352
210805;37;0;0;1;0;0;0;0;0;0;0;0;1;39
210810;32;0;1;1;0;0;2;0;0;0;0;1;1;38
210820;3613;55;38;34;45;76;67;44;36;32;32;46;62;4180
210825;4;0;0;0;1;0;0;0;0;0;0;0;0;5
210830;563;0;0;0;0;0;0;0;0;2;1;0;1;567
210840;7;0;1;0;0;1;0;0;0;0;0;0;0;9
210845;101;3;0;6;3;4;0;3;3;0;4;3;5;135
210850;1309;10;9;18;12;11;5;7;24;13;12;9;3;1442
210860;4107;21;22;33;42;18;35;20;29;15;39;38;63;4482
210870;767;2;0;6;0;2;3;4;7;3;7;2;8;811
210880;13;0;0;2;0;0;0;0;0;2;1;0;0;18
210890;799;0;1;0;0;0;2;7;2;1;1;2;0;815
210900;1040;16;2;7;13;21;23;22;16;17;18;25;20;1240
210905;2;0;0;0;0;0;0;0;0;0;0;0;0;2
210910;3086;18;23;30;31;35;46;27;21;25;31;22;74;3469
210920;294;0;0;0;0;0;0;0;0;0;0;0;0;294
210923;3;0;0;0;0;0;0;0;0;0;0;0;0;3
210927;310;0;0;0;1;0;0;0;0;0;0;0;0;311
210930;12;0;0;0;0;0;0;0;0;0;0;0;0;12
210940;171;0;0;0;0;0;0;0;0;0;0;0;0;171
210945;340;28;12;27;11;14;12;16;68;83;5;9;7;632
210950;908;14;10;44;27;21;63;17;24;55;13;25;44;1265
210955;328;1;4;5;2;9;29;4;1;3;4;4;22;416
210960;2428;16;11;13;10;48;23;14;14;20;8;14;24;2643
210970;297;6;9;27;6;24;8;5;64;14;7;12;3;482
210975;9;1;6;2;0;1;3;1;0;0;6;14;4;47
210980;1047;31;8;4;5;0;1;1;4;1;1;3;6;1112
210990;6582;136;125;135;157;165;159;151;121;120;158;113;168;8290
211000;1342;24;16;14;16;16;21;20;20;25;25;18;52;1609
211003;67;0;1;4;0;0;3;0;2;6;2;2;1;88
211010;209;1;0;0;0;0;0;0;2;1;0;0;1;214
211020;611;3;6;3;31;2;3;1;3;6;0;6;2;677
211023;104;0;0;0;0;0;0;0;0;0;0;0;0;104
211027;245;0;0;3;1;1;0;0;1;0;3;0;0;254
211030;468;1;1;0;1;0;0;2;0;2;3;0;0;478
211040;95;1;0;0;1;1;0;0;0;2;0;0;0;100
211050;352;0;2;1;4;2;3;2;1;5;2;2;1;377
211060;799;13;16;9;9;8;9;6;8;6;8;5;6;902
211065;235;11;16;18;11;11;23;4;10;4;8;7;5;363
211070;160;1;8;3;2;3;0;1;1;8;3;6;5;201
211080;77;0;0;0;0;0;0;0;0;0;0;0;0;77
211085;222;3;0;3;2;4;1;2;3;0;5;1;3;249
211090;233;0;1;0;0;0;0;0;0;0;0;0;0;234
211100;9;0;2;1;0;0;0;0;0;0;1;0;1;14
211102;4;0;0;0;0;0;0;0;0;0;0;0;0;4
211105;298;0;0;1;0;1;2;3;4;1;2;16;6;334
211107;185;0;0;0;0;1;0;0;0;0;0;1;0;187
211110;2589;4;11;6;15;61;9;15;8;9;7;15;12;2761
211120;5548;245;228;195;119;111;136;263;128;214;155;191;154;7687
211125;128;0;0;0;0;0;0;0;0;0;0;0;0;128
211130;169947;3172;3577;4388;3344;18921;4461;3874;3989;3456;3392;3703;4191;230415
211140;635;0;2;1;3;3;0;0;1;0;1;0;0;646
211150;666;6;9;5;8;3;12;7;7;6;5;5;214;953
211153;193;6;6;7;6;3;1;6;3;6;4;14;4;259
211157;166;0;0;2;2;0;0;1;0;0;0;1;20;192
211160;1459;134;43;68;167;496;104;74;53;47;564;92;21;3322
211163;268;0;0;0;0;0;0;0;0;0;0;0;0;268
211167;121;1;0;0;1;0;0;0;0;0;0;0;0;123
211170;273;0;0;0;0;1;0;0;0;0;0;1;2;277
211172;47;2;0;0;0;0;0;0;0;0;1;0;0;50
211174;200;0;0;0;0;0;0;0;0;0;0;0;0;200
211176;487;0;0;1;0;0;0;0;0;0;1;1;0;490
211178;211;0;0;0;0;0;1;0;0;0;0;1;0;213
211180;358;1;0;0;1;5;0;0;0;0;2;0;36;403
211190;265;3;4;6;0;4;0;1;0;4;0;0;2;289
211195;136;0;0;1;1;2;0;0;0;0;0;0;80;220
211200;850;41;34;65;42;79;94;105;121;146;123;165;150;2015
211210;609;0;0;2;0;0;0;1;1;0;0;1;0;614
211220;6085;112;104;113;129;144;101;147;112;90;133;127;497;7894
211223;656;6;4;3;7;2;5;3;6;27;65;66;72;922
211227;0;0;0;0;0;0;0;0;0;0;0;0;0;0
211230;618;23;30;32;13;27;11;37;50;16;27;71;4;959
211240;787;1;0;0;1;1;0;1;1;3;2;0;2;799
211245;317;0;0;0;0;0;1;0;0;0;0;0;1;319
211250;3070;11;6;8;13;15;21;19;20;19;15;4;620;3841
211260;149;5;4;5;11;1;3;0;1;5;2;0;0;186
211270;991;40;21;14;3;1;1;0;1;5;3;8;2;1090
211280;2469;7;3;14;6;32;11;7;6;6;8;11;12;2592
211285;229;0;1;1;1;1;1;0;1;1;1;1;7;245
211290;1039;0;2;1;3;5;1;4;4;1;2;0;1;1063
211300;879;2;2;7;3;0;3;2;9;7;6;6;5;931
211400;2087;8;13;49;18;17;22;9;6;17;21;18;64;2349
219999;0;0;0;0;0;0;0;0;0;0;0;0;0;0
220005;171;0;1;0;1;0;0;0;0;0;0;0;0;173
220010;113;0;0;0;0;0;0;0;0;0;0;0;1;114
220020;501;1;4;7;6;6;4;6;5;3;2;7;5;557
220025;124;0;0;0;0;0;0;0;0;0;0;0;0;124
220027;135;0;0;0;0;0;0;0;0;0;0;0;0;135
220030;324;6;6;18;1;4;3;6;1;5;5;2;1;382
220040;2234;15;23;13;15;30;34;26;23;28;37;38;41;2557
220045;213;0;1;0;1;0;0;1;0;0;1;5;5;227
220050;373;8;1;2;0;1;3;1;1;0;2;2;2;396
220060;204;1;1;1;2;1;1;4;0;2;1;0;1;219
220070;120;0;0;0;3;1;1;0;1;2;0;0;1;129
220080;244;2;3;14;8;8;4;3;8;4;5;46;5;354
220090;239;2;0;3;0;2;0;2;1;0;2;1;0;252
220095;0;0;0;0;0;0;0;0;0;0;0;0;0;0
220100;117;1;0;0;0;0;0;0;0;0;0;0;3;121
220105;1;0;0;0;0;0;0;0;0;0;0;0;0;1
220110;183;0;0;1;1;0;0;1;0;0;0;0;0;186
220115;487;24;10;15;24;54;40;25;69;22;46;52;105;973
220117;135;0;0;0;3;0;0;0;0;1;0;1;0;140
220120;1376;9;9;10;4;16;4;15;9;6;15;16;17;1506
220130;51;0;0;0;0;1;0;0;0;0;0;0;0;52
220140;264;2;4;5;2;2;0;1;2;0;0;1;0;283
220150;509;0;0;3;2;1;0;0;1;0;1;1;0;518
220155;140;0;0;0;0;0;0;0;0;0;0;0;9;149
220157;32;0;0;0;0;0;0;0;0;0;0;0;0;32
220160;287;1;0;0;0;0;0;0;0;0;0;0;1;289
220170;155;0;1;0;0;0;0;10;2;0;0;2;0;170
220173;130;0;0;0;0;0;0;0;0;0;0;1;0;131
220177;186;0;1;0;0;0;0;0;0;0;0;0;0;187
220180;139;0;0;1;0;1;0;2;0;2;5;6;1;157
220190;723;11;6;6;12;17;15;13;16;21;20;15;14;889
220191;254;0;0;0;1;1;0;0;0;0;1;0;0;257
220192;105;0;0;1;0;0;0;0;0;0;0;1;0;107
220194;136;0;0;0;0;0;0;0;0;0;0;0;0;136
220196;114;1;0;0;4;0;1;1;0;0;0;0;0;121
220198;112;0;0;0;0;0;0;0;0;0;0;0;0;112
220200;506;3;5;7;2;0;2;0;0;2;1;2;34;564
220202;172;0;0;1;6;0;0;0;2;1;0;1;32;215
220205;184;0;0;0;0;3;0;0;0;0;0;1;4;192
220207;74;0;0;0;0;0;0;0;0;0;0;0;0;74
220208;380;7;3;13;21;9;4;7;4;10;3;9;5;475
220209;102;0;0;0;0;0;0;0;0;1;0;0;0;103
220210;198;2;0;0;1;0;0;0;0;0;1;0;0;202
220211;1;0;0;0;0;0;0;0;0;0;0;1;0;2
220213;177;0;0;0;0;0;0;0;0;0;0;0;0;177
220217;136;0;0;0;0;0;0;0;0;0;0;0;0;136
220220;2378;40;38;53;38;78;110;43;36;24;33;31;65;2967
220225;46;0;0;0;0;0;0;0;0;0;0;0;0;46
220230;609;26;5;6;3;1;12;32;72;67;93;116;32;1074
220240;342;8;0;6;1;2;1;4;2;3;2;11;1;383
220245;61;0;0;0;0;0;0;0;0;0;0;0;0;61
220250;4;0;0;0;0;0;0;0;0;0;0;0;0;4
220253;124;1;1;0;1;0;0;0;0;0;1;0;0;128
220255;123;0;0;0;0;0;0;0;0;0;0;0;0;123
220260;856;6;26;6;2;7;11;21;9;141;47;57;38;1227
220265;152;0;0;0;0;0;0;0;0;0;0;0;0;152
220270;569;18;2;0;0;1;0;0;0;1;2;1;0;594
220271;216;0;0;0;1;2;1;0;0;1;0;0;1;222
220272;215;0;0;0;0;0;0;0;0;0;0;0;0;215
220273;103;0;0;0;0;0;0;0;0;0;0;0;0;103
220275;109;0;0;1;1;0;0;0;2;1;1;0;0;115
220277;170;1;0;1;1;0;0;0;0;0;0;1;6;180
220280;108;0;0;0;0;0;0;0;0;0;0;0;0;108
220285;93;1;0;0;0;0;0;0;0;0;0;2;4;100
220290;851;9;11;13;9;12;11;15;12;2;7;15;8;975
220300;94;0;0;0;1;0;0;0;0;0;2;0;0;97
220310;231;0;0;0;0;0;1;1;1;0;2;6;2;244
220320;323;1;0;0;0;1;0;0;0;0;4;0;3;332
220323;234;40;6;16;1;2;1;3;5;6;6;6;4;330
220325;65;0;0;0;0;0;0;0;0;0;0;0;0;65
220327;130;0;0;0;0;0;0;0;0;0;0;0;0;130
220330;271;2;0;2;1;2;0;0;1;0;0;3;2;284
220335;212;0;0;0;0;0;0;0;0;0;0;0;0;212
220340;218;1;0;0;1;0;1;1;1;0;0;1;1;225
220342;84;0;0;0;0;1;0;0;0;4;0;0;0;89
220345;131;0;0;0;0;0;0;0;0;0;0;0;0;131
220350;368;2;0;0;1;3;1;1;0;1;1;2;1;381
220360;137;0;5;2;0;0;2;2;0;4;8;1;6;167
220370;1240;7;9;16;8;9;7;7;8;8;9;17;11;1356
220375;120;0;0;0;0;0;0;0;0;0;0;0;0;120
220380;64;0;0;0;0;0;0;0;0;0;0;0;0;64
220385;149;0;0;0;0;0;0;0;0;0;0;0;0;149
220390;3832;105;83;126;82;138;121;70;99;96;71;84;140;5047
220400;197;0;0;2;0;0;0;0;2;0;0;0;1;202
220410;135;0;0;0;0;0;0;0;0;1;0;0;4;140
220415;49;0;0;0;0;0;0;0;0;0;0;0;0;49
220420;78;0;0;0;0;0;1;0;0;0;1;0;0;80
220430;883;10;17;11;13;9;25;12;9;13;12;26;43;1083
220435;134;1;0;0;0;0;0;0;0;0;1;0;3;139
220440;350;2;0;1;1;2;1;0;3;2;5;1;8;376
220450;496;2;3;5;3;2;8;10;7;9;8;95;66;714
220455;1;0;0;0;0;0;0;0;0;0;0;0;0;1
220460;135;0;0;0;0;0;0;0;1;0;0;1;1;138
220465;225;1;3;0;0;1;1;1;0;0;0;0;0;232
220470;382;0;4;0;0;0;0;4;1;0;0;0;3;394
220480;283;0;0;2;1;8;0;0;0;0;0;0;20;314
220490;166;0;0;0;1;0;0;0;0;0;0;0;1;168
220500;274;0;0;0;1;0;0;0;0;0;0;0;0;275
220510;161;2;1;1;0;1;0;2;2;0;0;1;1;172
220515;154;4;0;0;0;0;0;0;0;0;0;0;0;158
220520;510;2;0;0;0;4;0;2;0;0;2;0;6;526
220525;168;0;0;0;0;3;0;0;0;0;0;0;0;171
220527;129;0;0;0;0;0;0;0;0;0;0;0;0;129
220530;124;2;0;0;0;0;0;0;0;0;0;0;1;127
220535;89;0;0;0;0;0;0;0;0;0;0;0;0;89
220540;199;0;0;0;0;0;0;0;0;0;0;0;0;199
220545;138;0;0;0;0;0;0;0;0;0;0;0;0;138
220550;1433;35;45;27;80;42;87;43;31;53;36;23;27;1962
220551;94;0;0;1;0;0;0;0;0;0;2;3;1;101
220552;177;0;0;0;0;0;0;0;0;0;0;0;0;177
220553;117;0;0;0;0;0;0;0;0;0;0;0;0;117
220554;56;0;0;0;0;0;0;0;0;0;0;0;2;58
220555;179;0;0;2;0;0;0;0;1;1;1;0;0;184
220556;165;0;0;0;0;0;0;0;0;0;0;0;0;165
220557;266;0;0;0;0;0;0;0;0;0;0;0;0;266
220558;528;0;0;1;0;0;0;1;1;0;1;1;0;533
220559;182;0;0;0;0;0;0;0;0;0;0;0;0;182
220560;220;0;0;0;0;0;1;0;0;0;0;0;0;221
220570;1832;40;22;36;17;20;55;15;23;18;14;74;19;2185
220580;496;1;1;2;1;1;1;1;2;0;1;4;1;512
220585;293;0;0;0;0;0;0;0;0;0;0;0;0;293
220590;219;0;0;6;0;12;4;5;3;0;1;2;0;252
220595;195;0;0;0;0;0;0;0;1;0;0;0;1;197
220600;100;0;0;0;0;0;0;0;0;0;0;0;0;100
220605;86;0;0;0;0;0;0;0;0;0;0;0;0;86
220610;253;0;0;0;5;0;0;0;0;0;0;0;1;259
220620;541;1;5;2;18;7;2;4;2;4;3;2;1;592
220630;80;0;0;0;0;0;0;0;0;0;0;0;1;81
220635;110;1;0;0;0;0;0;0;0;0;0;0;0;111
220640;263;1;1;2;1;3;0;0;0;0;0;1;4;276
220650;83;0;0;0;1;0;0;1;0;0;0;0;0;85
220660;181;0;0;0;1;1;2;2;2;10;1;3;5;208
220665;0;0;0;0;0;0;0;0;0;0;0;0;0;0
220667;233;0;0;0;0;0;0;0;0;0;0;0;0;233
220669;201;0;0;0;0;0;0;0;0;0;0;0;0;201
220670;96;1;0;0;0;0;0;0;1;0;7;0;0;105
220672;0;0;0;0;0;0;0;0;0;0;0;0;0;0
220675;124;0;0;0;0;0;0;0;0;1;0;0;1;126
220680;8;0;0;0;1;0;1;1;0;2;0;0;0;13
220690;223;4;3;3;3;0;0;0;1;1;1;0;0;239
220695;8;0;0;0;1;0;0;0;0;0;0;0;0;9
220700;1393;19;11;15;19;19;7;14;13;17;12;24;12;1575
220710;71;0;0;0;0;0;0;0;0;0;0;0;0;71
220720;195;0;0;1;0;7;1;0;1;1;0;0;0;206
220730;117;0;0;0;0;0;0;0;0;0;0;0;1;118
220735;64;0;0;0;0;2;0;0;0;0;2;0;2;70
220740;28;0;0;0;0;1;0;0;1;0;1;2;1;34
220750;276;0;0;0;3;3;0;0;0;0;1;0;1;284
220755;70;0;0;2;0;1;0;0;0;0;0;0;1;74
220760;256;0;0;0;0;0;0;1;0;0;0;1;0;258
220770;10149;240;205;669;195;182;395;172;279;178;973;196;324;14157
220775;105;0;0;0;0;0;0;0;0;0;0;0;0;105
220777;280;0;0;7;0;2;3;5;35;2;17;67;65;483
220779;86;0;0;0;0;0;0;0;0;0;0;0;0;86
220780;549;6;5;4;4;8;4;3;0;1;1;4;3;592
220785;118;0;0;1;0;0;0;1;0;1;0;0;2;123
220790;1066;8;11;6;16;7;7;9;12;4;16;12;7;1181
220793;1;0;0;0;0;0;0;0;0;0;0;0;0;1
220795;1;0;0;0;0;0;0;0;0;0;0;0;0;1
220800;4976;109;128;148;85;120;117;134;102;107;119;147;147;6439
220810;303;0;1;2;0;0;0;0;1;0;0;0;0;307
220820;800;8;7;2;7;12;8;4;8;3;12;4;208;1083
220830;751;10;13;5;7;12;6;6;3;9;2;6;13;843
220840;2318;69;23;61;13;44;47;35;41;66;75;174;50;3016
220850;436;4;0;2;2;3;3;1;1;1;0;2;4;459
220855;100;0;0;0;0;0;0;0;0;0;0;0;0;100
220860;5;0;0;0;0;0;0;0;0;0;0;0;0;5
220865;175;1;0;0;0;0;0;0;0;0;4;2;2;184
220870;195;0;0;0;0;0;0;0;0;1;1;0;0;197
220880;462;2;1;0;2;4;2;4;0;7;1;3;2;490
220885;57;0;0;0;0;0;0;0;0;0;0;0;0;57
220887;114;4;0;0;0;0;0;0;0;0;0;0;1;119
220890;189;4;1;3;2;20;5;2;17;7;6;7;3;266
220900;161;0;0;1;0;0;0;1;0;0;0;4;0;167
220910;158;1;0;1;0;0;1;0;0;0;0;0;1;162
220915;163;0;0;0;0;0;0;0;0;0;0;0;0;163
220920;56;0;1;0;0;0;0;2;4;2;3;3;18;89
220930;179;1;2;1;0;0;1;1;1;1;0;2;1;190
220935;130;0;1;0;0;0;1;0;0;0;0;1;0;133
220937;141;0;0;0;0;2;0;0;0;0;0;0;0;143
220940;135;0;0;0;3;6;0;1;0;2;4;1;8;160
220945;0;0;0;0;0;0;0;0;0;0;0;0;0;0
220950;128;0;0;0;0;0;0;0;0;0;0;0;0;128
220955;129;0;0;0;0;0;0;0;0;0;0;0;4;133
220960;191;1;0;0;2;1;1;0;0;0;0;0;0;196
220965;148;0;0;0;0;0;0;0;0;0;0;0;0;148
220970;106;0;1;0;0;0;2;0;0;0;0;0;0;109
220975;90;0;0;0;0;0;0;1;0;0;0;0;0;91
220980;114;0;0;0;0;0;0;0;0;0;0;0;0;114
220985;107;0;0;0;0;3;1;0;0;0;0;0;0;111
220987;156;0;1;0;0;0;0;0;0;0;0;0;0;157
220990;218;0;0;0;0;0;0;0;0;0;0;0;0;218
220995;150;0;0;0;0;0;0;0;0;0;0;0;1;151
220997;194;0;0;0;0;0;0;0;0;0;0;0;0;194
221000;629;3;2;5;15;3;3;11;8;5;9;3;68;764
221005;152;4;0;0;0;0;0;0;0;1;0;0;0;157
221010;125;0;0;0;0;0;0;0;0;0;0;0;0;125
221020;212;1;0;0;0;0;0;0;0;0;0;0;1;214
221030;164;0;0;0;0;0;1;0;0;0;1;0;0;166
221035;113;0;0;0;0;0;0;0;0;0;0;0;0;113
221037;84;0;0;0;0;0;0;0;0;0;0;0;0;84
221038;43;0;0;0;0;1;0;0;0;0;0;0;0;44
221039;85;0;0;0;0;0;0;0;0;0;0;0;2;87
221040;343;2;2;1;4;0;1;3;0;3;1;1;0;361
221050;564;0;0;1;0;2;0;2;1;0;1;0;0;571
221060;1585;29;20;48;64;31;54;16;24;38;59;121;164;2253
221062;0;0;0;0;0;0;0;0;0;0;0;0;0;0
221063;55;0;0;1;0;0;0;1;0;0;0;0;0;57
221065;262;0;0;0;0;1;0;0;0;0;0;0;0;263
221070;381;1;1;1;1;3;1;0;3;0;1;0;1;394
221080;180;11;2;2;2;2;0;1;1;4;0;2;7;214
221090;82;0;0;0;1;0;0;0;0;0;0;0;0;83
221093;148;1;1;1;0;1;2;0;0;0;0;0;5;159
221095;145;0;0;0;2;0;1;0;0;0;0;0;0;148
221097;122;0;0;0;0;0;0;0;0;0;0;0;1;123
221100;181883;3109;3271;3706;3385;3087;3136;3789;3381;3158;2675;2973;3830;221383
221110;2311;39;435;66;31;49;45;248;206;348;711;414;593;5496
221120;1380;47;35;44;100;138;107;67;68;57;73;46;104;2266
221130;971;10;22;22;9;8;0;6;8;11;5;13;12;1097
221135;68;0;0;0;0;0;0;0;0;0;0;0;0;68
221140;106;0;0;0;0;0;0;0;0;0;0;0;0;106
221150;113;0;0;0;0;0;0;0;0;0;0;0;0;113
221160;99;0;0;0;0;0;0;0;0;1;0;0;0;100
221170;123;0;0;0;0;0;0;0;0;0;0;1;0;124
229999;0;0;0;0;0;0;0;0;0;0;0;0;0;0
230010;365;1;4;2;2;1;0;0;0;0;1;0;0;376
230015;828;9;12;12;7;18;12;14;11;12;22;10;19;986
230020;2052;24;23;39;17;15;82;36;32;16;25;15;101;2477
230030;1434;27;10;19;18;23;15;4;13;5;75;14;35;1692
230040;388;0;4;1;4;0;1;0;0;0;1;1;1;401
230050;428;0;0;0;0;0;0;0;0;0;0;0;0;428
230060;245;0;1;1;2;2;7;3;1;3;2;4;4;275
230070;624;0;11;12;4;3;5;9;2;1;9;1;5;686
230075;1661;1;9;6;6;3;9;4;5;3;7;1;85;1800
230080;463;0;0;2;0;0;1;2;2;0;0;1;0;471
230090;591;0;4;0;0;1;0;0;0;1;0;0;6;603
230100;6600;129;165;182;152;133;164;220;205;159;259;345;273;8986
230110;6982;200;473;253;149;116;139;180;220;100;167;265;381;9625
230120;1044;4;2;18;18;14;10;9;15;6;15;13;12;1180
230125;596;0;0;0;3;0;1;0;0;0;0;0;0;600
230130;589;1;3;1;1;3;2;0;2;1;3;3;39;648
230140;555;0;5;0;5;4;5;1;2;1;3;5;1;587
230150;447;0;0;0;0;0;1;0;0;0;1;0;0;449
230160;643;48;11;17;4;10;8;10;4;1;1;3;72;832
230170;636;5;7;17;8;6;14;3;1;3;12;3;866;1581
230180;404;0;0;0;11;1;0;0;0;2;0;0;0;418
230185;450;2;6;1;1;0;2;2;3;1;0;2;0;470
230190;4779;61;101;77;77;61;71;69;125;94;93;85;96;5789
230195;887;9;36;25;26;30;73;15;12;45;24;115;10;1307
230200;545;2;11;5;6;3;6;8;6;1;3;1;22;619
230205;615;9;3;1;1;1;2;0;1;0;1;2;0;636
230210;1773;38;21;87;30;530;387;39;114;26;86;37;23;3191
230220;3234;561;113;101;40;79;50;34;56;51;47;86;267;4719
230230;771;12;9;30;14;13;9;11;8;9;14;3;208;1111
230240;1615;16;9;11;5;10;10;9;4;7;12;6;18;1732
230250;2262;19;23;35;16;19;22;69;30;24;34;173;136;2862
230260;4537;66;53;53;53;60;58;46;43;133;48;152;58;5360
230270;937;20;11;13;11;3;6;2;6;2;5;2;4;1022
230280;3681;23;73;28;23;18;24;37;45;18;23;20;16;4029
230290;472;0;0;0;1;4;3;0;0;1;1;2;1;485
230300;569;0;19;1;0;0;0;4;1;5;2;2;3;606
230310;526;0;1;1;0;1;1;0;0;1;1;0;1;533
230320;1137;1;6;9;6;6;5;3;9;4;6;1;90;1283
230330;573;2;2;10;2;1;1;1;4;0;3;2;1;602
230340;528;0;1;1;0;1;1;1;1;1;1;0;0;536
230350;6365;471;355;184;98;154;164;139;150;435;191;237;324;9267
230360;430;0;2;4;1;0;3;0;0;0;0;0;1;441
230365;451;0;0;0;0;0;2;0;1;0;2;0;0;456
230370;14043;427;445;459;324;272;315;306;356;342;292;358;298;18237
230380;898;1;8;26;9;4;6;5;4;4;4;12;18;999
230390;1323;1;2;7;3;2;0;0;0;2;2;0;1;1343
230393;366;0;1;0;0;1;0;0;0;0;0;0;2;370
230395;1291;265;24;44;1;7;10;27;9;47;12;67;146;1950
230400;992;8;1;6;6;3;2;4;7;1;1;8;2;1041
230410;3663;65;41;54;45;54;47;42;47;34;29;38;44;4203
230420;12732;340;298;283;377;222;193;219;313;376;312;224;816;16705
230423;330;2;0;0;0;0;2;3;1;1;0;3;0;342
230425;876;2;1;2;17;4;1;0;1;4;1;4;5;918
230426;323;0;1;1;1;2;0;0;0;3;0;0;0;331
230427;461;1;0;2;0;2;0;0;2;0;2;1;0;471
230428;22292;1423;801;713;1240;809;947;1001;768;742;749;806;1090;33381
230430;865;15;7;8;13;2;6;5;5;9;5;4;116;1060
230435;1383;23;8;2;12;18;21;24;14;18;22;43;190;1778
230440;463172;13403;12525;13945;12591;12010;13335;15962;13553;12646;12353;12940;13992;622427
230445;563;9;11;22;11;7;15;24;5;26;3;4;32;732
230450;448;1;0;0;6;5;1;3;4;3;1;6;2;480
230460;361;0;0;3;0;0;1;0;2;0;1;0;2;370
230465;898;0;0;0;2;0;1;2;1;1;3;2;0;910
230470;635;13;9;23;7;7;12;7;4;6;9;14;5;751
230480;212;0;0;1;0;0;0;0;0;0;0;1;0;214
230490;368;2;2;0;1;2;6;5;3;20;29;3;5;446
230495;1115;10;5;10;6;18;13;4;9;6;10;12;11;1229
230500;1274;11;14;10;17;3;13;5;7;17;14;13;22;1420
230510;292;0;2;3;1;9;0;1;4;3;5;5;5;330
230520;250;2;6;6;1;3;1;2;1;1;3;0;1;277
230523;12931;213;126;339;210;280;203;403;270;242;219;310;500;16246
230526;558;1;1;0;0;0;0;0;2;0;1;0;0;563
230530;757;1;6;4;5;4;2;2;5;0;4;4;98;892
230533;410;0;4;36;41;16;4;2;5;3;44;3;0;568
230535;1681;347;229;301;7;13;18;16;56;97;82;125;84;3056
230540;2286;21;19;54;21;23;19;15;27;16;13;27;27;2568
230550;8072;129;186;198;158;146;131;132;129;336;168;229;326;10340
230560;1191;30;8;13;22;6;1;13;17;0;3;2;16;1322
230565;386;0;0;3;2;1;0;0;3;0;2;5;1;403
230570;426;2;4;4;2;2;1;13;1;1;3;0;3;462
230580;928;12;23;20;28;10;28;8;13;13;13;13;27;1136
230590;1505;5;2;3;4;14;8;11;0;0;8;3;61;1624
230600;623;2;1;2;1;3;1;1;3;2;1;3;1;644
230610;634;1;7;5;2;2;3;2;3;5;5;5;4;678
230620;531;52;34;84;5;2;6;2;2;6;8;10;17;759
230625;1620;35;21;77;20;28;26;21;30;24;23;39;22;1986
230630;3685;42;38;75;61;44;76;64;33;48;53;44;54;4317
230640;6605;129;65;107;72;84;113;140;64;55;105;98;101;7738
230650;567;0;0;1;1;2;0;1;0;1;0;1;0;574
230655;1685;9;2;8;5;5;7;4;6;10;6;147;32;1926
230660;555;0;0;1;2;3;1;3;1;1;4;0;0;571
230670;692;1;3;0;1;0;1;2;6;1;0;1;0;708
230680;755;76;183;48;87;78;52;107;83;77;149;78;108;1881
230690;1637;8;14;21;4;11;14;21;14;4;22;5;22;1797
230700;2224;236;57;29;40;20;37;37;29;22;86;57;69;2943
230710;1286;4;2;3;1;3;4;8;10;7;11;2;21;1362
230720;638;1;1;7;0;0;8;2;1;2;2;0;1;663
230725;730;21;23;24;16;14;17;7;20;14;10;14;28;938
230730;21062;664;705;692;715;695;748;697;806;664;813;822;1059;30142
230740;692;2;20;15;2;4;6;7;10;6;9;13;20;806
230750;946;3;1;3;5;1;3;2;7;2;2;4;2;981
230760;4469;127;100;148;165;301;160;96;97;139;196;175;124;6297
230763;543;5;1;2;5;1;3;5;8;0;0;1;6;580
230765;30474;691;774;666;791;761;819;759;839;672;923;763;1212;40144
230770;9522;179;114;153;131;123;310;208;229;138;140;163;229;11639
230780;1720;26;41;21;27;26;53;26;21;31;27;24;44;2087
230790;399;0;1;0;0;0;1;0;0;0;0;0;0;401
230800;1191;4;2;1;2;3;5;4;2;3;7;4;6;1234
230810;1286;7;3;3;22;6;7;4;3;4;8;11;106;1470
230820;547;1;0;2;0;2;0;4;0;0;2;12;6;576
230830;1297;12;11;46;70;17;19;38;11;16;11;9;26;1583
230835;215;0;0;0;4;2;2;1;1;0;0;0;3;228
230837;876;2;1;3;3;7;6;17;23;4;6;15;8;971
230840;1017;11;1;5;7;8;4;7;4;4;5;4;26;1103
230850;1777;8;2;5;22;13;5;5;5;0;29;8;6;1885
230860;743;2;4;4;4;0;4;3;1;2;4;1;68;840
230870;3598;78;52;110;156;43;41;127;61;34;29;37;27;4393
230880;371;0;0;2;0;0;0;0;0;0;0;0;1;374
230890;860;2;5;0;0;0;5;1;7;2;3;7;11;903
230900;737;0;8;1;2;1;6;3;7;3;8;0;2;778
230910;335;2;0;2;3;3;3;0;2;3;0;0;2;355
230920;890;12;12;29;18;19;12;12;10;10;15;19;14;1072
230930;1237;28;10;8;10;8;16;6;19;10;3;8;30;1393
230940;754;19;6;5;0;3;2;7;13;9;28;12;25;883
230945;10700;182;248;526;224;172;326;350;287;300;1091;278;263;14947
230950;869;3;5;7;4;7;14;9;5;2;4;10;5;944
230960;4644;109;116;112;91;140;95;88;107;162;101;179;252;6196
230970;4047;50;63;68;100;106;55;72;73;207;77;61;104;5083
230980;610;32;4;4;9;28;0;3;1;7;6;7;11;722
230990;461;1;1;0;1;0;2;0;0;0;0;1;10;477
231000;528;2;7;7;1;9;11;1;1;1;2;1;1;572
231010;458;22;4;2;0;2;4;1;2;2;25;2;11;535
231020;1919;17;24;16;76;25;43;43;77;52;26;28;22;2368
231025;1418;20;10;21;39;3;17;32;18;7;19;24;17;1645
231030;377;10;2;6;3;4;3;4;4;6;0;5;4;428
231040;426;0;2;1;9;2;1;2;12;45;2;109;2;613
231050;1366;0;1;0;2;0;0;0;1;2;1;1;0;1374
231060;434;0;1;0;2;0;0;0;0;2;3;0;5;447
231070;1612;23;12;10;14;6;11;24;12;12;23;20;18;1797
231080;719;0;1;1;2;2;3;0;1;0;1;2;1;733
231085;1379;17;20;46;18;45;23;18;10;26;34;9;31;1676
231090;436;0;0;4;3;1;0;2;1;2;42;0;5;496
231095;242;0;0;0;0;0;0;0;0;0;0;0;0;242
231100;366;1;0;1;109;1;0;0;0;1;0;0;16;495
231110;867;0;11;3;7;7;2;3;3;0;0;0;6;909
231120;507;0;1;3;3;0;1;0;1;1;2;2;0;521
231123;266;0;0;0;0;0;0;1;0;0;0;0;0;267
231126;742;0;0;1;0;0;1;0;8;5;0;2;2;761
231130;5023;93;176;62;65;50;75;79;80;79;74;55;80;5991
231135;793;1;0;4;2;0;1;2;1;0;1;1;2;808
231140;2947;175;211;157;49;49;87;68;117;44;35;38;82;4059
231150;4175;603;951;125;68;15;60;69;115;226;178;301;446;7332
231160;1279;49;11;21;12;16;7;16;5;12;17;89;10;1544
231170;526;4;6;0;2;2;3;2;2;2;3;6;429;987
231180;6498;62;151;197;165;135;104;90;107;140;113;137;128;8027
231190;645;1;0;0;0;0;0;0;1;0;0;0;1;648
231195;445;0;0;0;0;0;0;0;0;0;0;0;0;445
231200;1319;3;6;9;9;9;8;10;4;2;26;4;47;1456
231210;899;9;4;15;10;5;3;9;9;4;3;11;10;991
231220;1849;21;11;15;46;20;15;17;26;20;25;62;95;2222
231230;1646;19;26;13;11;14;13;6;9;10;19;8;16;1810
231240;2485;22;52;31;50;50;17;26;51;28;95;74;40;3021
231250;337;1;7;5;1;6;2;4;0;2;14;15;4;398
231260;590;4;3;5;12;5;10;6;12;23;8;2;5;685
231270;1100;9;14;23;14;15;10;20;32;15;18;11;54;1335
231280;247;0;1;0;0;0;1;0;0;0;1;0;1;251
231290;31766;451;999;620;557;534;471;627;525;555;673;725;1405;39908
231300;792;1;3;7;12;15;12;69;28;13;5;2;9;968
231310;1159;13;14;21;27;24;10;19;19;21;23;12;65;1427
231320;714;0;0;0;1;0;6;2;1;0;0;0;4;728
231325;608;1;0;0;0;0;1;0;0;0;0;0;0;610
231330;2693;10;15;20;34;19;20;11;10;16;17;37;26;2928
231335;495;1;2;1;0;0;0;0;1;1;1;1;2;505
231340;3474;54;33;61;54;36;43;37;25;51;22;36;47;3973
231350;927;10;8;17;9;4;7;12;4;28;8;16;8;1058
231355;628;2;4;6;0;1;2;3;2;0;2;4;2;656
231360;1961;7;20;51;40;15;19;15;8;16;13;26;11;2202
231370;358;0;0;2;0;3;1;2;1;0;0;0;0;367
231375;738;4;4;13;5;7;6;7;8;6;4;66;4;872
231380;2313;45;30;42;13;9;34;32;21;6;10;46;51;2652
231390;366;2;1;1;1;0;2;0;0;0;0;0;0;373
231395;1071;0;1;2;0;2;0;2;0;0;0;0;1;1079
231400;1312;7;8;22;5;13;6;8;11;5;13;8;10;1428
231410;1570;3;3;1;2;0;4;3;4;0;5;4;3;1602
239999;0;0;0;0;0;0;0;0;0;0;0;0;0;0
240010;757;17;16;15;19;10;13;22;14;21;17;18;15;954
240020;3537;88;104;150;127;102;109;215;121;89;146;138;251;5177
240030;609;6;43;0;4;0;1;2;2;3;0;11;9;690
240040;201;0;0;1;1;0;3;1;0;0;1;0;15;223
240050;593;1;3;2;0;1;8;3;0;0;0;0;1;612
240060;220;1;2;0;0;2;1;2;2;7;4;11;0;252
240070;2206;105;38;25;39;43;81;61;46;47;58;83;125;2957
240080;619;1;4;2;1;3;2;2;2;1;3;1;2;643
240090;230;0;0;0;0;0;1;0;0;0;1;0;0;232
240100;1407;76;12;18;14;18;13;9;9;8;8;22;40;1654
240110;2716;41;49;40;47;48;41;53;80;70;176;307;423;4091
240120;1585;64;25;47;16;11;19;16;17;19;28;20;11;1878
240130;437;1;1;1;4;3;4;0;1;1;7;2;6;468
240140;3961;330;908;113;47;32;68;97;65;114;95;84;76;5990
240145;2625;708;643;248;35;30;12;21;45;65;117;212;502;5263
240150;162;0;0;3;0;1;1;0;0;0;0;0;0;167
240160;166;0;0;0;1;0;0;0;0;0;1;0;1;169
240165;175;6;0;42;1;0;0;0;0;0;0;18;0;242
240170;359;0;4;1;1;0;6;1;0;1;5;3;1;382
240180;427;1;0;1;3;2;1;7;2;0;0;13;2;459
240185;146;0;0;1;0;0;0;1;0;0;0;0;0;148
240190;156;1;0;0;0;0;0;1;1;0;1;0;0;160
240200;6119;100;78;118;95;110;141;134;127;120;159;125;169;7595
240210;342;2;0;1;2;11;2;3;2;0;2;1;9;377
240220;2865;107;173;94;93;63;48;65;58;68;66;45;251;3996
240230;766;1;5;11;10;9;11;5;7;2;8;4;9;848
240240;637;11;18;14;16;19;22;15;21;5;18;33;25;854
240250;1338;56;51;60;48;40;35;37;12;46;36;46;26;1831
240260;4023;80;52;289;59;79;60;30;61;116;102;891;54;5896
240270;492;1;4;3;3;1;1;1;2;0;0;0;39;547
240280;220;0;0;0;0;0;0;0;0;0;0;0;1;221
240290;240;0;0;0;0;0;0;0;0;0;0;0;1;241
240300;628;11;13;13;15;6;0;2;7;5;10;15;2;727
240310;3233;60;69;67;83;65;78;98;85;68;65;64;190;4225
240320;215;0;0;0;0;0;0;0;0;0;0;0;0;215
240325;16935;446;456;668;671;488;680;586;585;532;554;816;812;24229
240330;204;0;0;0;0;0;0;0;0;0;1;0;0;205
240340;359;1;3;2;2;0;0;0;1;1;9;1;1;380
240350;344;2;1;2;1;0;9;5;1;3;2;0;2;372
240360;1276;32;35;38;30;26;19;23;17;22;22;21;38;1599
240370;254;0;0;0;0;0;0;0;3;1;0;0;0;258
240375;157;0;0;0;0;0;0;0;1;0;0;0;0;158
240380;336;2;0;0;2;0;2;0;14;1;41;60;45;503
240390;189;1;0;0;0;0;1;0;0;0;0;0;0;191
240400;267;1;2;1;0;0;3;1;0;1;2;1;3;282
240410;403;5;10;7;8;9;6;8;8;7;11;11;47;540
240420;4000;583;174;309;46;19;27;28;86;94;127;86;65;5644
240430;672;39;2;7;2;4;6;3;15;10;23;8;35;826
240440;512;51;11;47;27;20;11;23;21;12;42;38;186;1001
240450;3505;72;73;51;73;117;200;130;140;116;246;239;214;5176
240460;322;4;3;3;2;2;9;5;2;8;0;8;33;401
240470;2127;74;108;262;165;58;40;51;81;88;91;124;359;3628
240480;165;0;0;1;0;1;0;0;6;0;3;0;0;176
240485;698;8;7;20;15;14;14;57;18;9;38;14;19;931
240490;313;0;0;0;3;1;3;1;0;0;0;0;0;321
240500;372;1;1;1;1;1;2;3;1;0;0;12;1;396
240510;381;4;3;1;0;0;0;0;1;1;1;5;2;399
240520;244;0;2;2;7;3;2;3;1;0;4;4;4;276
240530;200;0;0;0;0;0;2;0;0;0;0;0;1;203
240540;283;0;0;0;2;0;0;0;1;1;0;1;13;301
240550;161;0;0;0;0;0;0;0;0;0;0;0;0;161
240560;857;16;13;14;9;5;12;9;17;7;6;11;11;987
240570;976;17;20;19;22;7;13;11;24;21;59;34;84;1307
240580;1271;14;7;8;17;5;49;18;15;20;23;36;15;1498
240590;120;0;0;0;0;0;3;3;1;0;0;0;0;127
240600;252;0;0;0;5;0;0;0;0;0;0;0;0;257
240610;792;5;9;4;1;2;3;2;5;5;8;5;3;844
240615;191;0;0;0;0;0;0;0;0;0;2;10;0;203
240620;273;1;1;1;2;0;0;1;3;0;0;0;0;282
240630;202;1;1;12;2;2;2;1;1;4;11;3;44;286
240640;178;0;1;0;0;0;0;0;0;0;0;0;0;179
240650;796;13;6;25;9;60;3;6;9;4;6;7;5;949
240660;206;0;0;1;1;0;0;3;0;0;1;1;1;214
240670;639;3;3;5;4;1;2;4;4;0;3;1;2;671
240680;244;1;0;2;1;15;1;0;0;0;0;0;1;265
240690;216;0;1;1;1;3;4;3;1;1;2;1;0;234
240700;336;0;0;0;0;0;5;1;0;0;0;0;0;342
240710;8599;113;156;149;136;134;152;122;145;119;211;204;268;10508
240720;2744;45;30;54;48;39;74;66;52;25;50;41;465;3733
240725;121;0;0;0;0;0;0;0;0;0;0;0;0;121
240730;308;2;4;1;0;0;3;0;1;3;1;0;41;364
240740;407;0;1;1;0;1;0;10;5;0;3;11;3;442
240750;9456;2354;1296;1245;3694;1004;1049;2320;2030;2769;3299;5035;4898;40449
240760;243;2;2;0;0;0;0;0;0;5;7;3;7;269
240770;284;0;1;0;0;0;1;2;0;0;1;1;1;291
240780;1870;23;12;39;19;50;63;61;53;16;42;51;16;2315
240790;211;0;0;0;0;1;0;0;1;0;0;0;1;214
240800;37540;1546;1498;1638;1094;1170;1304;1458;1072;1135;1144;1408;1770;53777
240810;224540;3894;4225;5284;4350;3782;4486;4880;4968;5063;5047;4844;5274;280637
240820;1279;33;19;19;38;15;47;23;16;23;41;20;34;1607
240830;1757;23;7;22;15;12;82;16;32;20;34;21;22;2063
240840;175;0;2;2;0;0;1;0;0;0;9;0;50;239
240850;412;3;1;3;5;1;5;5;7;2;2;6;5;457
240860;177;0;0;0;0;0;1;0;0;1;0;0;0;179
240870;286;0;3;3;1;0;0;0;1;0;0;0;0;294
240880;300;0;0;0;0;2;1;0;6;0;1;2;2;314
240890;1758;34;32;35;34;40;32;52;41;80;49;42;45;2274
240895;314;0;2;5;3;0;1;2;0;0;0;1;1;329
240910;481;1;0;3;7;2;7;2;24;9;17;13;20;586
240920;219;11;3;0;0;0;4;0;1;0;14;11;2;265
240930;442;5;2;2;1;0;5;4;1;4;1;0;26;493
240933;211;0;0;0;3;0;3;2;2;0;1;1;8;231
240940;1622;15;12;20;17;24;41;26;32;18;14;21;154;2016
240950;205;0;0;0;0;0;0;0;0;1;1;0;1;208
240960;200;0;0;0;1;0;1;0;0;0;0;0;0;202
240970;411;1;0;2;1;0;2;2;1;3;3;2;0;428
240980;673;1;5;4;1;1;0;6;5;8;2;4;47;757
240990;2400;83;137;268;128;65;112;170;265;174;427;282;123;4634
241000;172;0;0;0;1;1;0;0;0;0;0;0;0;174
241010;296;0;2;1;1;2;4;2;2;1;1;0;1;313
241020;330;1;3;3;1;0;1;0;1;0;9;2;0;351
241025;1109;28;33;23;51;42;24;16;30;23;90;29;28;1526
241030;311;1;0;1;0;1;4;1;0;0;4;0;2;325
241040;286;3;3;13;33;7;6;1;4;114;1;0;0;471
241050;201;0;0;0;0;0;0;0;0;2;3;5;8;219
241060;129;0;0;6;0;0;1;0;0;1;1;0;0;138
241070;130;0;1;0;0;0;0;0;0;2;0;0;1;134
241080;195;0;0;0;4;0;0;1;0;0;0;0;5;205
241090;299;1;2;3;6;0;3;0;0;0;0;2;0;316
241100;207;1;1;3;1;2;1;0;1;0;2;2;0;221
241105;372;2;1;3;2;2;3;7;16;17;12;12;21;470
241110;272;0;0;0;0;1;0;0;0;0;0;0;0;273
241120;1708;34;32;89;98;38;65;26;44;25;22;33;61;2275
241140;623;0;1;47;0;3;3;2;1;2;4;3;5;694
241142;225;0;3;3;7;1;4;2;7;3;0;4;3;262
241150;878;2;1;5;12;2;10;5;14;10;15;3;9;966
241160;348;3;3;6;2;13;8;4;3;4;3;5;8;410
241170;338;0;0;0;1;2;1;0;0;0;0;0;1;343
241180;189;1;0;1;1;3;0;0;0;0;1;0;2;198
241190;289;0;0;0;1;1;0;1;2;2;2;0;0;298
241200;7426;73;89;140;140;79;133;130;137;101;90;135;231;8904
241210;254;1;0;0;1;1;1;2;1;2;2;2;0;267
241220;2790;52;49;81;82;53;51;63;82;67;71;60;55;3556
241230;552;6;1;4;1;0;2;0;1;0;3;2;0;572
241240;404;3;4;1;4;3;3;2;10;1;3;4;5;447
241250;739;5;0;1;2;2;0;2;4;0;2;0;0;757
241255;411;1;3;1;2;6;2;0;1;1;22;1;1;452
241260;1254;37;46;31;43;33;34;20;31;20;14;31;34;1628
241270;275;1;0;0;0;0;0;3;0;0;0;0;4;283
241280;274;1;0;0;1;1;2;0;2;0;0;0;3;284
241290;485;0;2;1;0;0;1;3;1;3;3;0;3;502
241300;248;1;0;1;0;0;2;1;2;1;2;0;0;258
241310;214;0;1;1;3;0;0;3;1;0;0;0;2;225
241320;376;1;4;7;5;0;2;1;1;3;3;3;5;411
241330;171;0;0;0;4;0;0;1;0;0;1;1;4;182
241335;234;25;12;1;3;0;0;1;1;0;0;1;2;280
241340;341;6;8;6;14;4;7;7;2;2;18;23;134;572
241350;265;21;0;0;0;0;1;1;1;1;10;1;2;303
241355;224;0;0;0;1;0;0;0;0;0;2;0;3;230
241360;493;6;0;2;2;2;10;7;3;1;4;9;8;547
241370;253;0;0;0;1;0;1;0;0;1;7;0;5;268
241380;202;0;0;0;0;0;0;0;0;0;0;0;0;202
241390;838;11;264;12;11;8;6;8;13;14;83;45;44;1357
241400;760;7;12;8;9;6;18;11;8;17;21;24;95;996
241410;232;0;0;0;1;1;0;0;0;0;0;0;0;234
241415;233;1;0;0;1;2;1;0;2;0;0;9;13;262
241420;1707;61;45;45;66;65;83;89;102;85;151;154;127;2780
241430;196;0;0;0;0;0;0;1;0;0;0;0;0;197
241440;1612;21;18;40;47;38;109;29;84;17;61;26;27;2129
241445;340;0;1;1;0;0;1;0;0;2;2;0;12;359
241450;518;1;2;4;3;2;15;6;10;0;1;3;1;566
241460;598;13;69;3;2;1;1;0;5;7;4;5;16;724
241470;158;1;1;0;1;0;0;3;8;1;4;0;2;179
241475;199;0;0;0;1;0;0;0;0;0;0;0;4;204
241480;434;4;7;8;2;1;7;6;14;1;45;2;5;536
241490;111;0;0;0;0;0;0;0;0;0;0;0;0;111
241500;96;1;0;0;0;1;5;20;0;0;0;0;1;124
249999;0;0;0;0;0;0;0;0;0;0;0;0;0;0
250010;378;0;0;0;2;1;0;0;0;1;2;1;0;385
250020;314;0;0;0;1;0;0;0;2;2;0;0;1;320
250030;1055;23;10;14;3;13;3;7;5;4;7;8;8;1160
250040;840;2;5;2;7;61;10;5;2;6;10;4;4;958
250050;565;2;1;0;3;1;2;2;2;2;0;6;1;587
250053;193;0;2;3;1;0;0;0;0;1;6;34;9;249
250057;207;2;3;7;2;0;1;2;1;0;59;0;9;293
250060;2190;19;18;33;50;69;33;89;35;31;24;34;17;2642
250070;566;1;4;2;5;0;1;1;2;3;1;2;31;619
250073;134;0;2;1;0;4;1;0;12;1;40;31;0;226
250077;319;1;1;1;7;2;3;0;2;2;2;1;0;341
250080;675;0;0;0;2;1;0;0;1;0;1;0;0;680
250090;398;1;3;3;1;1;2;2;0;0;1;1;76;489
250100;848;1;6;5;22;5;1;2;7;4;5;2;5;913
250110;1136;17;8;3;6;7;6;8;6;7;15;7;4;1230
250115;133;0;0;0;0;0;0;0;0;0;0;0;1;134
250120;275;0;0;1;6;0;0;2;0;2;1;0;0;287
250130;571;0;1;2;2;1;1;3;2;0;2;0;4;589
250135;198;1;0;1;0;1;0;0;0;0;3;0;1;205
250140;291;2;2;3;2;5;5;1;1;0;6;3;0;321
250150;780;2;4;8;8;2;3;6;5;0;4;8;3;833
250153;221;0;2;0;0;0;1;0;0;0;0;0;0;224
250157;205;1;1;2;1;0;2;3;0;0;0;1;148;364
250160;549;6;2;2;1;0;2;0;0;3;5;2;11;583
250170;204;1;0;2;0;2;0;0;0;0;0;0;2;211
250180;7033;109;136;269;135;195;122;184;136;202;274;150;206;9151
250190;658;3;3;0;5;5;5;5;1;0;2;3;8;698
250200;259;8;0;6;0;0;1;2;1;0;2;2;55;336
250205;172;2;0;2;1;0;0;2;0;0;0;2;12;193
250210;132;0;0;0;0;0;0;0;0;0;0;0;0;132
250215;633;15;4;7;6;13;11;7;11;4;4;13;21;749
250220;128;1;0;0;0;1;0;0;0;1;0;0;9;140
250230;285;0;0;2;2;0;1;0;0;1;0;0;1;292
250240;333;0;5;0;1;2;1;1;1;0;0;5;1;350
250250;664;6;1;4;5;2;8;4;5;2;1;1;10;713
250260;162;0;0;0;0;0;0;0;0;0;0;0;0;162
250270;226;5;0;2;1;1;0;0;4;1;11;1;0;252
250280;430;3;4;9;13;5;5;6;4;1;4;1;0;485
250290;361;0;0;1;0;0;0;0;0;0;0;0;0;362
250300;4158;26;31;21;15;11;22;19;13;59;45;33;47;4500
250310;226;3;1;6;7;2;2;7;16;1;9;5;7;292
250320;8648;231;218;461;228;247;260;269;325;259;368;589;493;12596
250330;321;13;1;2;0;0;2;0;0;0;3;1;1;344
250340;141;1;0;0;0;2;1;0;0;0;2;1;1;149
250350;543;3;9;4;5;26;9;2;7;9;3;4;2;626
250355;190;0;0;0;5;0;0;0;0;0;1;2;2;200
250360;432;3;6;1;3;2;6;6;4;1;2;7;3;476
250370;4063;111;85;103;86;96;73;148;91;79;68;108;112;5223
250375;199;0;3;0;0;0;0;0;0;0;0;0;1;203
250380;227;15;0;6;0;0;0;1;3;1;1;4;0;258
250390;278;0;0;0;0;1;0;1;0;1;0;0;0;281
250400;50374;1046;1296;1278;975;936;1095;1112;1126;1080;903;1124;1434;63779
250403;219;0;0;0;1;1;0;0;0;0;0;0;1;222
250407;180;1;0;0;0;1;0;0;0;1;1;1;0;185
250410;113;7;1;0;0;0;0;0;0;0;0;0;0;121
250415;276;0;0;4;2;5;4;1;2;0;0;40;0;334
250420;190;6;4;2;9;5;14;2;4;1;2;0;5;244
250430;1539;13;19;18;26;29;25;21;19;15;21;12;27;1784
250435;288;2;1;4;2;3;2;0;1;5;0;1;3;312
250440;652;2;1;3;6;4;1;1;1;1;2;0;1;675
250450;282;0;0;0;0;0;1;0;0;0;0;1;0;284
250460;1578;25;13;20;31;18;20;23;24;14;24;33;30;1853
250470;272;0;1;0;0;1;0;0;0;1;0;0;0;275
250480;600;12;7;3;3;7;5;4;4;10;7;27;3;692
250485;96;0;2;2;0;0;0;0;0;1;0;0;0;101
250490;1254;163;29;16;99;42;13;17;22;17;23;6;21;1722
250500;415;0;1;1;2;2;0;0;1;0;3;1;0;426
250510;827;1;7;7;5;5;5;4;1;5;2;90;2;961
250520;321;1;9;2;1;1;2;0;3;0;1;0;1;342
250523;353;1;0;0;0;0;0;0;0;0;0;0;0;354
250527;247;0;0;0;0;0;0;0;0;0;2;17;0;266
250530;80;0;0;0;0;0;0;0;0;0;0;0;0;80
250535;197;0;0;0;0;0;0;0;0;0;0;0;0;197
250540;229;3;0;4;1;1;1;1;0;0;1;1;2;244
250550;132;0;0;1;0;0;0;0;0;0;0;1;0;134
250560;191;1;0;0;0;0;1;0;0;0;0;0;0;193
250570;342;0;1;1;1;2;1;1;0;0;2;2;0;353
250580;173;1;0;1;2;0;0;3;0;1;1;8;1;191
250590;221;8;0;2;0;0;1;1;0;0;1;1;0;235
250600;1930;22;22;20;36;11;17;21;29;17;21;21;25;2192
250610;477;7;3;3;2;3;1;0;1;1;2;49;1;550
250620;208;0;0;0;1;0;0;0;0;0;0;0;0;209
250625;191;0;0;0;0;0;0;6;0;0;0;0;37;234
250630;4823;73;66;103;71;77;53;108;72;86;119;87;99;5837
250640;501;3;3;8;6;0;4;5;4;16;4;3;29;586
250650;197;0;1;0;0;1;1;0;0;1;0;2;2;205
250660;208;0;0;1;0;0;1;0;0;0;0;1;0;211
250670;355;0;3;2;0;1;1;1;2;3;1;2;20;391
250680;880;8;3;14;7;9;5;2;8;2;4;39;9;990
250690;1255;6;11;4;10;13;8;5;13;8;3;19;12;1367
250700;990;59;15;6;19;13;24;24;37;9;25;10;30;1261
250710;570;0;0;1;4;2;0;2;1;1;3;1;2;587
250720;377;0;1;2;0;0;6;2;1;0;0;2;0;391
250730;657;27;11;13;9;2;2;6;1;1;9;32;4;774
250740;309;0;0;1;0;0;0;0;0;1;1;0;1;313
250750;186447;3106;3128;3942;3299;3296;2892;3269;3284;3323;2996;3573;3750;226305
250760;400;0;0;2;2;0;2;0;1;0;1;0;0;408
250770;715;1;1;4;16;1;9;1;1;6;7;7;0;769
250780;324;1;2;5;5;8;3;4;12;2;1;2;12;381
250790;534;2;16;155;0;3;6;3;1;2;4;0;6;732
250800;331;2;1;3;2;2;0;0;15;1;2;33;0;392
250810;238;0;1;2;0;0;1;0;0;0;0;0;0;242
250820;308;1;1;2;3;1;0;4;4;3;2;0;0;329
250830;1100;9;2;6;9;8;7;3;4;2;9;6;6;1171
250840;168;0;3;0;1;2;0;3;0;1;5;9;0;192
250850;202;0;0;0;0;0;2;3;0;0;0;0;0;207
250855;346;2;2;5;0;3;5;3;1;1;3;2;8;381
250860;1368;46;23;148;25;27;18;29;26;21;22;35;18;1806
250870;210;0;0;0;0;0;0;0;0;0;0;0;0;210
250880;225;0;0;1;1;0;0;0;0;3;0;0;0;230
250890;3523;528;243;291;86;58;56;91;79;112;79;101;482;5729
250900;238;0;0;0;0;0;0;0;1;0;0;0;0;239
250905;281;0;0;69;0;0;0;1;0;0;2;1;0;354
250910;894;4;15;6;6;17;6;7;3;5;11;2;3;979
250915;299;2;0;11;6;10;0;8;2;0;18;0;0;356
250920;658;13;3;0;0;1;2;1;1;0;5;2;4;690
250930;1691;21;6;15;12;7;4;60;18;33;135;44;268;2314
250933;138;0;0;0;0;0;0;0;0;0;0;0;0;138
250937;211;0;0;0;0;0;0;0;0;0;0;0;2;213
250939;244;0;0;0;0;0;0;0;0;0;0;0;0;244
250940;770;2;0;5;5;4;5;10;3;7;6;6;3;826
250950;170;1;2;1;0;0;1;3;6;0;1;3;1;189
250960;154;0;0;0;0;0;1;1;0;0;0;0;3;159
250970;1392;26;16;31;40;28;29;12;14;23;17;6;14;1648
250980;384;5;2;4;2;0;3;0;1;130;1;5;0;537
250990;358;0;0;0;0;0;0;0;0;0;0;0;0;358
251000;315;0;0;0;0;0;0;0;0;0;0;0;0;315
251010;386;2;2;1;2;0;2;1;3;0;0;7;2;408
251020;444;0;0;0;0;0;0;0;0;0;0;1;1;446
251030;291;0;2;0;2;3;14;1;1;0;0;2;1;317
251040;166;0;0;0;0;0;2;0;1;0;0;1;1;171
251050;176;1;1;0;2;0;0;3;2;0;3;0;26;214
251060;209;0;6;0;0;0;0;0;1;1;0;0;0;217
251065;179;0;1;4;0;1;1;1;0;1;0;0;1;189
251070;149;0;0;0;0;0;0;0;0;0;0;1;0;150
251080;6750;151;126;128;145;178;133;133;90;135;121;157;184;8431
251090;380;0;2;3;1;1;0;2;3;1;2;3;3;401
251100;165;0;0;0;0;0;0;2;0;0;0;0;0;167
251110;561;1;1;2;5;2;6;1;0;1;3;2;3;588
251120;4320;971;75;132;113;45;36;36;74;94;127;82;334;6439
251130;650;2;4;13;9;10;4;3;8;3;5;6;0;717
251140;1052;5;6;17;11;4;15;11;15;13;9;27;5;1190
251150;412;3;2;3;1;1;5;12;2;2;0;1;4;448
251160;212;0;0;1;0;0;0;1;0;4;0;0;0;218
251170;249;9;3;2;11;0;0;2;0;1;0;3;3;283
251180;497;1;0;1;0;0;2;6;0;2;1;3;2;515
251190;428;0;1;3;6;0;0;1;3;1;3;3;2;451
251200;578;6;12;12;10;8;7;7;4;3;5;4;17;673
251203;227;0;0;0;0;0;0;0;0;0;0;0;13;240
251207;158;0;0;1;0;0;0;0;0;0;0;0;2;161
251210;1168;11;13;5;10;9;29;11;12;11;23;9;13;1324
251220;118;0;0;0;1;0;0;0;0;0;0;0;0;119
251230;985;9;9;15;24;13;17;10;7;2;6;1;1;1099
251240;689;2;30;88;30;9;3;7;14;4;5;4;2;887
251250;2177;28;28;29;34;27;49;37;31;33;40;30;30;2573
251260;108;0;0;0;0;0;0;0;1;2;0;0;0;111
251270;507;7;3;16;7;3;2;3;1;2;4;3;0;558
251272;311;0;0;0;0;0;0;0;0;0;0;0;0;311
251274;130;1;0;0;1;0;0;0;0;0;0;0;0;132
251275;396;0;0;0;0;3;1;2;0;0;2;0;0;404
251276;166;0;0;0;0;0;0;0;0;0;1;0;0;167
251278;137;0;2;4;6;1;8;0;5;0;1;1;1;166
251280;144;0;0;2;2;0;1;2;1;2;2;0;30;186
251290;2205;20;12;127;22;10;13;10;18;17;14;24;392;2884
251300;201;2;0;2;15;0;0;11;0;0;1;0;0;232
251310;615;5;3;10;2;5;2;2;4;1;1;3;2;655
251315;168;0;0;0;0;0;0;0;0;0;0;0;0;168
251320;316;0;0;2;11;0;4;0;0;0;0;1;0;334
251330;244;5;0;0;3;0;0;0;0;0;0;1;21;274
251335;231;0;0;0;0;0;0;0;0;0;0;0;0;231
251340;1056;25;25;15;12;23;15;17;8;9;7;10;20;1242
251350;174;0;0;0;0;0;0;0;0;0;0;0;0;174
251360;310;3;0;1;0;6;0;1;0;0;3;0;0;324
251365;210;1;0;4;1;0;0;0;0;0;0;0;9;225
251370;16530;1677;479;1175;305;510;210;251;374;253;217;246;279;22506
251380;261;1;0;3;2;1;2;3;0;0;3;0;0;276
251385;137;0;0;0;0;0;0;0;0;0;0;0;0;137
251390;1026;16;9;7;12;10;11;9;10;6;6;7;12;1141
251392;195;0;0;0;0;1;0;0;2;0;2;0;0;200
251394;73;0;0;1;8;0;0;0;0;0;1;0;20;103
251396;175;1;0;0;0;0;1;1;1;3;0;0;2;184
251398;194;3;5;0;2;1;2;1;0;0;2;5;0;215
251400;561;19;11;8;10;5;10;8;6;8;21;16;6;689
251410;202;0;0;0;4;0;0;0;0;1;0;0;0;207
251420;344;0;0;0;1;0;1;0;0;0;0;4;0;350
251430;142;0;0;0;0;0;0;0;0;0;0;0;0;142
251440;196;0;0;3;1;1;0;2;0;0;2;1;22;228
251445;293;0;0;0;1;1;0;0;1;0;1;0;2;299
251450;631;106;5;5;6;3;0;5;8;3;4;4;2;782
251455;136;0;0;0;0;0;0;0;0;0;0;0;0;136
251460;112;0;0;0;0;0;0;0;0;0;0;0;0;112
251465;118;0;0;0;0;0;0;0;0;0;0;0;0;118
251470;261;5;2;0;2;1;0;4;3;1;0;2;1;282
251480;205;0;0;0;0;0;1;0;0;0;0;0;0;206
251490;511;1;3;7;3;2;1;3;6;1;2;0;3;543
251500;392;1;1;1;0;0;0;0;0;1;0;0;1;397
251510;404;0;0;1;0;1;1;0;3;1;2;1;3;417
251520;123;0;0;0;0;0;0;1;0;0;0;0;0;124
251530;3591;20;51;219;20;34;41;111;78;94;64;60;52;4435
251540;211;0;0;3;0;1;0;0;0;0;0;0;6;221
251550;587;1;5;10;3;3;6;6;6;6;5;6;28;672
251560;206;0;0;0;1;3;0;1;4;0;0;0;0;215
251570;138;0;0;0;0;0;0;0;0;0;1;0;0;139
251580;542;17;0;3;2;4;3;5;6;0;11;3;0;596
251590;337;0;0;0;0;1;0;0;0;0;0;0;0;338
251593;293;0;1;1;3;1;3;1;2;2;2;6;6;321
251597;232;1;0;1;0;4;1;23;0;1;2;7;0;272
251600;966;2;5;5;14;6;2;8;3;4;12;92;7;1126
251610;752;5;4;10;10;5;5;5;7;13;7;3;6;832
251615;118;0;0;0;0;0;0;0;2;3;0;0;0;123
251620;4559;83;64;97;100;65;86;84;80;49;69;91;59;5486
251630;615;5;6;8;7;11;10;6;11;10;3;21;9;722
251640;312;0;0;1;1;0;0;1;1;4;1;0;0;321
251650;571;0;3;2;6;0;0;1;1;0;7;1;5;597
251660;545;0;1;0;3;1;3;1;0;2;8;3;0;567
251670;596;1;0;1;3;0;0;2;2;1;4;0;1;611
251675;195;0;0;1;0;1;2;1;0;2;0;2;3;207
251680;319;0;0;1;1;0;0;1;0;0;1;0;3;326
251690;774;4;2;5;1;6;5;0;1;1;10;6;4;819
251700;280;0;1;0;0;2;0;1;1;3;1;0;0;289
251710;189;1;0;3;1;3;1;1;1;1;0;0;9;210
251720;152;0;0;1;0;0;0;1;0;1;0;0;1;156
251740;91;0;0;1;0;0;0;1;0;0;0;0;23;116
259999;0;0;0;0;0;0;0;0;0;0;0;0;0;0
260005;7274;222;186;212;176;217;278;250;207;199;235;196;316;9968
260010;2353;34;24;29;60;34;34;43;28;29;41;39;20;2768
260020;679;2;2;9;4;6;7;5;5;80;11;44;31;885
260030;970;1;10;7;2;8;5;11;6;1;4;5;5;1035
260040;1176;75;44;32;62;15;6;16;2;7;10;23;44;1512
260050;1139;2;6;3;1;6;4;0;2;5;13;5;13;1199
260060;408;2;3;0;0;5;5;4;1;0;2;195;2;627
260070;2250;103;45;116;17;38;25;44;37;48;41;61;43;2868
260080;766;2;4;7;9;4;5;4;0;1;1;1;18;822
260090;1385;18;30;17;196;19;23;2;68;140;26;20;4;1948
260100;368;1;3;5;5;3;0;3;0;2;2;5;1;398
260105;266;3;2;8;2;1;5;4;5;20;0;4;2;322
260110;3296;86;68;58;58;105;107;66;77;51;83;102;76;4233
260120;4377;91;79;85;175;77;96;106;72;107;81;92;155;5593
260130;757;1;4;7;28;4;5;5;1;17;25;10;1;865
260140;2755;62;30;47;67;32;47;53;29;30;38;36;56;3282
260150;342;2;7;0;6;0;4;3;6;121;0;3;9;503
260160;1065;6;17;8;0;1;5;6;7;3;8;13;106;1245
260170;6002;85;91;94;234;86;78;79;87;75;86;114;139;7250
260180;472;1;1;1;5;3;1;0;1;1;5;2;7;500
260190;6295;90;198;64;114;79;529;131;476;118;101;99;82;8376
260200;1083;9;8;6;9;4;7;5;8;5;3;4;374;1525
260210;1481;7;8;10;10;10;14;15;6;6;30;19;16;1632
260220;1153;21;7;8;10;5;9;8;9;8;7;10;15;1270
260230;2604;33;56;33;42;20;29;62;19;36;38;57;34;3063
260240;572;37;6;7;2;2;3;23;2;1;2;12;4;673
260250;210;0;0;0;0;0;0;0;0;0;0;2;1;213
260260;1557;3;6;12;2;6;2;3;2;9;5;2;5;1614
260270;810;133;16;42;24;18;29;8;54;18;15;9;20;1196
260280;1752;8;15;22;22;33;206;21;18;16;19;50;17;2199
260290;21161;520;581;1290;751;410;452;465;486;428;564;742;827;28677
260300;1101;10;2;18;11;4;14;27;10;7;6;16;34;1260
260310;748;2;4;4;1;3;4;3;2;6;2;4;1;784
260320;655;1;0;1;0;1;2;2;0;1;2;0;3;668
260330;317;0;0;0;0;0;0;0;0;0;0;1;0;318
260340;381;0;0;0;0;1;0;0;1;1;0;0;0;384
260345;7329;162;128;164;139;136;157;125;140;120;130;151;181;9062
260350;656;12;7;6;6;6;4;2;2;3;6;2;3;715
260360;4794;35;28;568;910;9;29;23;45;228;162;114;109;7054
260370;890;0;0;4;1;1;2;0;1;1;4;3;1;908
260380;623;1;1;1;0;4;1;0;0;2;0;1;3;637
260390;561;0;0;1;0;1;0;3;1;0;0;0;4;571
260392;383;0;0;0;0;0;0;0;0;0;0;0;0;383
260400;6307;144;223;131;124;79;98;223;153;151;128;126;166;8053
260410;31521;928;832;1127;1302;892;1148;1017;886;949;1049;999;1583;44233
260415;559;0;0;0;2;2;0;0;1;0;2;0;0;566
260420;4173;175;343;192;224;27;48;134;186;15;64;48;88;5717
260430;384;2;0;3;1;0;1;1;0;1;2;1;2;398
260440;347;1;3;8;25;1;1;15;4;0;8;11;1;425
260450;1175;9;16;3;8;7;6;8;6;4;6;8;11;1267
260460;718;53;3;4;6;5;5;5;4;8;4;4;72;891
260470;691;2;1;3;13;3;3;2;7;8;1;3;12;749
260480;2741;174;84;812;15;4;6;29;7;61;140;165;119;4357
260490;703;2;4;7;3;1;1;2;1;1;4;2;17;748
260500;1118;4;13;8;6;8;10;11;9;8;7;4;17;1223
260510;1358;8;3;20;22;16;17;8;8;16;6;14;13;1509
260515;641;8;13;10;13;25;11;24;92;23;138;65;20;1083
260520;5022;182;248;413;271;163;104;264;100;648;241;154;345;8155
260530;1238;1;1;1;0;0;4;2;2;4;0;2;3;1258
260540;756;2;2;3;0;11;2;0;4;1;7;5;21;814
260545;817;35;17;39;30;31;40;17;28;40;26;26;23;1169
260550;790;20;9;20;8;5;2;10;10;8;9;6;15;912
260560;857;0;1;2;0;0;1;1;0;1;0;1;22;886
260570;1705;144;27;29;82;45;122;31;40;11;20;19;29;2304
260580;479;0;0;0;0;1;0;1;4;0;0;2;1;488
260590;1485;69;151;21;63;10;3;9;6;10;40;32;52;1951
260600;9849;290;195;272;231;272;249;228;285;219;224;257;336;12907
260610;1113;12;8;4;1;6;6;4;10;8;17;5;12;1206
260620;12158;198;395;2774;1029;187;170;291;391;449;399;378;448;19267
260630;420;0;0;0;0;0;0;0;0;1;0;0;0;421
260640;5230;67;79;109;95;86;77;116;117;99;116;73;78;6342
260650;337;0;1;2;1;0;3;0;0;1;0;3;1;349
260660;865;3;5;9;39;44;6;5;5;3;11;3;15;1013
260670;16;0;0;0;1;0;2;0;0;1;0;0;1;21
260680;12172;1926;142;196;200;140;139;145;205;182;338;181;243;16209
260690;585;0;3;4;1;4;8;0;1;1;2;1;1;611
260700;535;1;4;3;1;1;0;2;0;1;1;0;2;551
260710;239;1;1;0;3;0;0;0;0;1;1;0;0;246
260720;14898;765;2273;1994;456;275;395;322;339;1348;509;742;2047;26363
260730;670;13;14;16;8;11;14;13;3;14;3;11;16;806
260740;47;0;0;0;0;0;0;0;0;0;0;0;0;47
260750;651;0;0;1;1;1;0;0;2;0;5;5;0;666
260760;865;6;7;7;11;8;3;6;5;7;7;6;1;939
260765;2179;58;32;31;13;40;31;27;17;24;24;20;574;3070
260770;370;2;9;1;8;12;0;0;2;7;2;3;150;566
260775;3328;44;31;26;31;44;32;23;64;64;30;36;32;3785
260780;934;39;36;16;39;17;19;5;7;36;50;28;26;1252
260790;65157;1695;1597;1972;2171;1796;2178;1838;1978;1554;1614;1929;2135;87614
260795;1044;11;113;107;1;5;3;3;26;54;174;55;14;1610
260800;545;1;1;5;2;2;0;1;1;0;2;2;0;562
260805;916;13;11;11;14;19;4;17;10;13;24;10;78;1140
260810;1323;2;8;16;6;14;12;10;12;16;10;4;25;1458
260820;5081;56;60;82;2151;25;53;5;5;67;137;154;156;8032
260825;199;0;0;0;1;0;1;2;1;0;1;0;1;206
260830;363;0;1;1;0;0;2;2;0;0;1;2;6;378
260840;520;1;2;2;0;3;1;0;0;0;0;1;5;535
260845;873;5;17;7;20;7;19;4;6;6;9;7;6;986
260850;5050;18;48;770;102;22;31;15;112;87;137;80;144;6616
260860;480;0;0;0;1;1;0;0;0;0;0;0;0;482
260870;385;0;1;0;1;1;0;0;1;0;0;3;1;393
260875;1834;53;59;55;128;90;51;109;81;74;114;148;97;2893
260880;1936;4;23;41;30;27;9;30;18;28;14;12;35;2207
260890;3836;82;46;91;62;62;86;57;68;118;90;79;67;4744
260900;1429;28;30;14;9;10;21;11;12;8;23;14;30;1639
260910;572;1;4;3;4;1;6;0;2;2;13;6;3;617
260915;235;0;1;0;0;0;0;1;0;0;0;0;0;237
260920;1274;247;65;313;64;9;115;241;629;67;84;35;33;3176
260930;630;1;0;0;0;1;2;0;2;0;1;1;1;639
260940;3937;59;60;160;95;75;88;69;62;64;79;76;86;4910
260950;2989;303;152;76;59;54;71;98;132;231;170;74;167;4576
260960;56898;1840;1349;1666;1614;1928;1660;1600;1737;1843;2170;1588;2596;78489
260970;975;0;1;3;6;1;6;4;1;2;2;2;3;1006
260980;561;0;0;4;2;0;1;0;0;0;0;3;0;571
260990;2153;26;8;16;32;21;20;22;34;47;20;45;81;2525
261000;5296;143;118;144;560;153;52;68;123;79;109;121;160;7126
261010;406;0;1;3;2;2;1;0;7;6;25;5;59;517
261020;1362;2;5;7;8;7;3;2;8;12;7;3;1;1427
261030;300;0;0;0;0;0;0;0;0;1;6;0;0;307
261040;663;3;4;1;2;16;2;2;3;1;3;3;28;731
261050;817;4;7;11;5;3;3;12;7;19;4;13;6;911
261060;4441;136;156;122;133;139;127;140;106;97;97;106;109;5909
261070;20607;445;429;531;654;514;396;431;389;487;494;836;2743;28956
261080;797;4;4;1;0;3;1;0;3;0;0;2;2;817
261090;3258;48;65;69;60;51;60;58;59;55;60;55;58;3956
261100;2290;27;9;25;23;21;43;22;17;30;36;12;14;2569
261110;33493;1264;1080;1621;1380;1893;1756;1341;1626;2006;3052;2980;2776;56268
261120;798;5;11;3;13;9;3;1;8;4;2;23;5;885
261130;1138;9;8;22;60;8;13;16;23;104;14;15;6;1436
261140;3436;412;95;1011;787;17;28;48;47;174;359;257;261;6932
261150;733;1;9;6;9;5;13;0;1;9;4;10;2;802
261153;321;0;2;1;0;0;1;0;1;1;1;0;0;328
261160;456106;9417;9309;10910;10331;9236;9505;11448;9928;9150;10742;10378;13655;580115
261170;756;18;3;10;11;8;4;6;9;5;46;2;1;879
261180;3766;317;217;82;63;14;14;21;24;30;67;105;243;4963
261190;7940;172;192;3741;193;30;27;36;40;127;383;418;566;13865
261200;521;7;2;14;3;6;2;4;2;4;9;13;4;591
261210;259;1;1;0;1;0;2;1;0;1;28;1;1;296
261220;3363;61;79;132;70;95;85;270;110;74;94;124;132;4689
261230;619;5;1;0;2;1;0;0;0;0;0;0;1;629
261240;1203;14;4;4;2;7;13;4;18;1;2;1;14;1287
261245;369;1;3;3;1;1;3;4;1;1;1;2;4;394
261247;428;11;8;2;1;1;2;1;0;2;1;2;8;467
261250;4174;66;93;131;58;98;89;81;102;67;111;99;81;5250
261255;102;0;0;0;0;0;0;0;0;0;0;0;0;102
261260;2167;13;9;21;36;45;20;21;27;52;57;57;26;2551
261270;38;0;0;2;1;1;1;0;1;0;1;1;0;46
261280;501;0;3;1;3;3;0;1;2;3;1;1;0;519
261290;459;23;28;65;4;1;3;0;6;7;11;9;19;635
261300;2131;27;33;36;21;21;37;22;23;18;33;47;70;2519
261310;1333;12;9;17;8;7;15;8;2;18;7;21;5;1462
261320;575;1;6;4;1;0;3;3;2;5;2;5;3;610
261330;770;0;0;0;2;1;3;3;0;3;0;0;1;783
261340;838;10;10;15;13;11;8;6;11;15;7;10;16;970
261350;1247;3;5;7;3;1;3;3;37;12;10;5;10;1346
261360;1825;48;10;26;30;23;31;26;25;18;63;38;70;2233
261370;4968;107;80;109;230;188;122;161;223;112;139;184;165;6788
261380;1098;7;16;11;6;4;8;5;3;2;9;9;17;1195
261390;5630;156;159;158;136;120;107;138;103;129;161;207;139;7343
261400;598;1;1;0;0;0;0;0;1;0;1;0;0;602
261410;1443;14;9;19;14;6;12;9;9;18;21;17;12;1603
261420;6118;17;68;2166;733;33;45;149;1558;28;162;157;120;11354
261430;591;0;6;3;1;0;0;1;1;1;1;0;2;607
261440;244;0;0;0;1;0;0;0;1;2;0;0;19;267
261450;2789;53;28;41;35;31;35;40;43;28;34;40;55;3252
261460;958;6;8;8;4;6;6;4;3;4;7;4;7;1025
261470;824;11;4;3;1;8;11;7;2;2;7;1;4;885
261480;659;4;1;0;6;3;0;3;1;0;0;1;3;681
261485;2891;174;151;76;610;45;22;37;27;31;76;86;64;4290
261500;1133;12;22;17;7;12;11;21;17;19;18;10;64;1363
261510;186;0;0;0;0;0;0;0;0;0;1;0;0;187
261520;285;0;2;2;2;4;1;0;0;0;0;0;6;302
261530;6739;221;555;471;1218;142;109;240;209;133;151;149;158;10495
261540;2748;68;74;126;87;101;98;109;103;90;95;94;98;3891
261550;733;102;23;17;8;11;18;11;12;19;19;24;38;1035
261560;1185;22;27;39;33;11;30;37;35;26;20;42;31;1538
261570;658;20;6;11;2;8;3;3;4;1;0;2;2;720
261580;775;0;0;1;2;0;3;1;1;0;0;0;0;783
261590;431;4;5;2;6;5;9;0;0;2;4;2;21;491
261600;674;1;1;1;0;2;0;0;1;0;4;10;13;707
261610;379;0;0;0;0;0;0;1;1;0;1;1;0;383
261618;350;3;5;12;0;5;1;4;17;8;0;1;1;407
261620;583;3;7;7;3;2;2;3;6;4;2;2;2;626
261630;4220;1694;40;12;8;35;36;20;829;74;118;66;154;7306
261640;10746;132;163;218;450;360;186;146;103;1165;169;182;216;14236
261650;870;23;7;71;61;9;4;12;5;8;17;5;10;1102
269999;0;0;0;0;0;0;0;0;0;0;0;0;0;0
270010;585;1;0;0;2;0;1;2;1;2;1;0;1;596
270020;968;2;2;10;3;2;3;4;8;7;7;14;2;1032
270030;16538;288;355;480;310;295;327;340;532;816;401;415;460;21557
270040;5237;36;228;1064;368;70;42;30;53;164;289;194;482;8257
270050;347;0;5;3;8;2;2;2;1;2;1;3;3;379
270060;538;8;13;16;17;10;10;4;2;2;5;8;4;637
270070;658;1;1;0;1;1;3;4;3;1;4;1;4;682
270080;261;0;0;0;0;0;1;0;0;0;0;0;0;262
270090;225;0;0;2;2;0;2;3;1;2;1;2;0;240
270100;4582;15;10;29;1344;10;13;11;8;21;50;20;29;6142
270110;356;19;3;2;2;4;2;1;0;1;0;1;1;392
270120;410;2;2;2;4;1;2;5;2;0;5;13;1;449
270130;2481;10;47;627;104;70;10;5;1;47;70;178;62;3712
270135;261;1;26;8;0;0;1;0;0;1;0;0;92;390
270140;5093;184;236;1358;194;97;53;18;14;9;42;72;168;7538
270150;432;2;1;1;1;3;0;0;0;3;3;6;1;453
270160;142;0;1;0;1;1;1;1;0;0;0;1;0;148
270170;1755;59;74;92;41;21;21;11;18;11;30;21;77;2231
270180;308;1;1;0;0;0;0;0;1;0;0;0;0;311
270190;353;0;3;3;2;1;1;1;0;1;5;1;1;372
270200;490;3;2;1;0;0;1;1;0;0;1;1;0;500
270210;4211;76;89;120;91;705;63;120;15;19;63;104;98;5774
270220;252;8;3;2;8;1;2;1;1;0;1;1;0;280
270230;13873;194;151;766;4818;162;60;54;187;251;177;294;502;21489
270235;741;0;0;2;4;3;2;2;2;1;2;3;0;762
270240;2311;37;93;61;46;43;32;33;24;31;77;37;428;3253
270250;378;0;0;0;0;0;0;0;0;0;2;0;2;382
270255;487;1;0;1;0;0;0;0;0;0;0;1;0;490
270260;667;3;17;3;3;0;1;0;20;0;5;1;1;721
270270;233;0;0;0;0;0;0;1;0;0;1;1;0;236
270280;690;4;2;4;85;2;8;3;3;1;1;1;1;805
270290;1155;2;6;2;2;3;0;2;8;18;14;19;18;1249
270300;314;0;1;10;1;4;2;2;1;0;1;3;0;339
270310;686;0;0;0;2;0;2;1;1;0;0;0;0;692
270320;3709;39;118;111;1011;935;41;8;7;11;40;108;115;6253
270330;317;0;0;0;1;0;0;0;0;0;0;0;0;318
270340;237;0;0;0;0;0;3;0;0;0;1;0;0;241
270350;384;32;7;5;14;1;13;1;4;4;9;2;11;487
270360;310;10;2;2;4;1;2;4;4;2;2;22;5;370
270370;379;1;0;0;2;2;0;1;0;6;1;3;3;398
270375;4912;112;1730;44;218;7;12;11;27;18;22;118;160;7391
270380;758;76;130;178;1081;10;8;11;4;5;2;8;13;2284
270390;347;5;8;13;16;25;7;4;3;0;1;0;0;429
270400;871;8;13;19;7;12;32;17;17;14;17;9;50;1086
270410;595;29;110;1;7;2;10;12;372;54;4;29;103;1328
270420;1016;2;10;7;6;3;5;12;5;4;6;5;8;1089
270430;163624;3250;4077;3901;4353;5414;3161;3937;3395;3083;3117;3792;5241;210345
270440;724;0;2;2;1;1;1;1;1;1;0;5;1;740
270450;1576;48;70;66;123;101;23;36;39;24;22;29;25;2182
270460;415;0;0;2;0;1;0;0;0;0;0;0;30;448
270470;6041;451;215;712;184;107;71;66;78;186;230;138;254;8733
270480;578;0;3;1;0;0;2;1;2;0;0;2;1;590
270490;314;0;1;0;1;2;1;0;0;0;0;0;0;319
270500;403;0;1;1;0;1;0;3;0;1;4;1;0;415
270510;4158;67;44;91;223;88;16;24;17;14;66;89;103;5000
270520;716;6;4;6;9;6;10;8;7;6;11;10;13;812
270530;269;0;1;0;2;0;0;0;0;0;1;0;0;273
270540;185;0;0;0;0;0;0;0;0;0;0;0;0;185
270550;1460;72;11;23;41;14;21;14;11;7;13;12;8;1707
270560;524;11;5;21;25;17;4;6;9;8;6;6;12;654
270570;1549;13;67;34;18;10;12;19;10;7;87;19;48;1893
270580;283;0;0;0;0;0;0;0;1;0;0;1;0;285
270590;117;0;0;0;0;0;0;0;0;0;0;0;0;117
270600;292;0;0;0;2;0;0;0;0;0;0;1;2;297
270610;433;0;0;1;1;4;0;2;0;0;2;1;0;444
270620;292;0;0;0;0;0;0;0;0;0;0;0;0;292
270630;3911;40;33;92;47;34;40;66;61;32;34;42;51;4483
270640;904;1;1;1;1;4;6;1;8;3;3;2;3;938
270642;247;0;0;0;0;0;2;1;0;1;1;0;1;253
270644;550;10;8;6;22;22;26;18;17;45;12;11;17;764
270650;730;5;17;24;2;7;14;8;6;3;10;7;6;839
270660;445;0;0;1;4;0;1;0;0;0;0;0;1;452
270670;6102;172;72;1766;77;81;54;49;50;113;95;126;91;8848
270680;681;2;1;4;8;1;1;15;4;1;6;0;1;725
270690;2344;20;32;26;18;25;29;26;39;22;41;19;19;2660
270700;248;0;0;0;0;0;0;0;0;1;0;0;0;249
270710;1140;15;15;9;6;4;6;3;6;18;16;20;3;1261
270720;444;0;0;1;0;0;0;0;0;0;0;1;0;446
270730;3895;139;93;104;377;148;76;34;29;144;296;264;126;5725
270740;363;1;1;5;0;0;1;2;1;0;2;4;5;385
270750;709;4;1;10;5;5;5;1;3;1;0;2;7;753
270760;437;1;17;1;0;0;1;1;1;0;0;2;0;461
270770;12846;227;211;1166;1903;158;123;118;112;186;225;643;431;18349
270780;183;0;2;1;3;0;0;1;41;0;0;5;1;237
270790;536;7;6;5;10;2;7;5;4;2;11;5;30;630
270800;1798;16;17;17;9;10;8;16;18;10;11;15;17;1962
270810;409;2;0;2;2;0;4;1;0;2;1;0;0;423
270820;181;0;0;0;0;0;0;1;0;0;0;0;1;183
270830;5442;149;235;219;2057;99;160;282;940;482;378;342;230;11015
270840;1118;0;1;3;0;0;0;1;3;3;1;1;2;1133
270850;6866;33;87;370;306;62;38;24;40;58;59;236;191;8370
270860;11669;317;293;294;2931;1543;244;127;108;137;479;285;564;18991
270870;442;1;0;2;1;1;2;2;0;3;3;0;1;458
270880;1231;7;6;14;16;6;1;8;6;12;10;9;31;1357
270890;887;6;7;5;7;3;12;8;6;9;4;14;11;979
270895;461;0;1;1;1;0;0;1;1;0;0;1;2;469
270900;246;0;1;1;0;1;0;2;0;0;1;1;0;253
270910;560;0;1;9;1;1;1;0;1;8;3;5;2;592
270915;3878;167;109;1639;38;22;56;36;13;44;209;149;142;6502
270920;987;1;0;1;4;1;10;3;2;3;9;0;13;1034
270930;6260;78;260;968;126;75;66;70;85;65;178;235;197;8663
270940;1547;13;24;14;11;8;10;11;20;46;17;10;14;1745
279999;0;0;0;0;0;0;0;0;0;0;0;0;0;0
280010;226;0;0;0;0;0;0;0;0;0;0;0;0;226
280020;1058;6;23;14;25;7;22;25;5;4;4;8;6;1207
280030;152594;3527;3059;6029;3567;3834;3541;3762;3259;2977;3446;3476;6508;199579
280040;550;2;4;4;3;13;10;4;3;7;9;5;4;618
280050;772;7;25;10;17;9;13;12;11;12;29;26;44;987
280060;2423;96;51;66;106;66;74;279;66;92;137;796;155;4407
280067;1312;14;23;22;39;23;13;15;16;14;19;22;46;1578
280070;284;0;0;1;0;0;0;0;0;1;0;0;0;286
280100;891;19;5;31;10;13;8;6;7;24;21;26;44;1105
280110;242;0;0;0;0;1;1;0;0;0;0;0;1;245
280120;1515;10;9;42;18;63;8;3;4;7;11;17;87;1794
280130;1973;25;23;25;144;65;66;31;5;14;50;14;21;2456
280140;1531;21;10;14;7;3;8;12;7;6;2;7;138;1766
280150;2209;161;55;171;140;89;222;78;112;211;66;70;49;3633
280160;223;1;1;2;2;2;0;0;1;2;1;0;2;237
280170;800;3;1;6;6;5;6;10;2;3;10;75;52;979
280190;275;1;1;15;3;0;1;2;8;5;9;10;3;333
280200;566;1;1;1;1;1;2;4;0;2;2;4;1;586
280210;5779;96;122;90;98;102;121;126;92;86;91;199;114;7116
280220;251;0;1;1;1;1;0;0;0;0;102;3;2;362
280230;945;1;7;19;11;13;2;17;21;7;11;7;14;1075
280240;562;0;0;2;1;0;1;0;0;0;0;1;0;567
280250;314;1;1;6;0;1;1;1;2;2;4;4;7;344
280260;38;1;0;0;1;1;0;0;1;0;1;1;0;44
280270;481;1;0;0;0;0;0;1;0;0;0;0;3;486
280280;569;0;3;8;4;3;6;4;3;1;12;2;8;623
280290;6019;342;106;137;101;100;112;116;102;175;126;210;122;7768
280300;2518;25;24;30;36;24;27;52;33;73;14;57;48;2961
280310;276;0;0;1;0;0;0;1;0;1;0;2;0;281
280320;3798;35;56;87;71;70;74;51;73;61;98;63;64;4601
280330;2140;8;4;22;25;18;21;13;12;20;12;9;14;2318
280340;681;6;3;1;3;7;7;3;3;13;9;36;15;787
280350;6960;127;119;148;105;159;96;126;77;89;126;169;114;8415
280360;4451;51;52;126;597;107;67;58;111;62;141;197;367;6387
280370;288;0;0;1;1;0;1;1;2;1;2;2;3;302
280380;293;0;1;4;4;2;4;10;1;3;5;7;2;336
280390;539;0;1;11;3;0;0;2;0;6;1;0;0;563
280400;1751;24;34;37;181;13;13;19;53;32;44;39;74;2314
280410;397;8;4;0;1;4;1;1;2;12;2;0;1;433
280420;412;5;0;1;2;1;0;1;0;3;1;5;7;438
280430;484;1;1;1;4;14;3;12;25;14;3;5;4;571
280440;1953;22;17;51;35;27;31;47;33;41;16;36;35;2344
280445;417;0;1;1;2;5;5;1;4;1;0;0;24;461
280450;1592;19;14;21;29;29;30;15;17;16;49;22;34;1887
280460;1110;20;15;36;9;12;23;19;23;19;106;63;19;1474
280470;287;0;2;2;2;0;0;0;0;1;3;0;0;297
280480;9559;236;218;316;307;294;322;348;255;223;332;274;548;13232
280490;1846;8;42;34;12;134;397;22;11;13;16;52;45;2632
280500;205;1;0;0;0;0;3;2;6;0;32;3;2;254
280510;358;5;3;3;0;1;7;4;1;1;3;4;3;393
280520;273;1;0;1;5;4;0;0;2;2;2;2;2;294
280530;627;1;0;6;2;2;1;2;1;0;3;2;5;652
280540;883;2;2;4;4;4;1;0;0;0;4;2;0;906
280550;799;1;1;2;4;0;3;2;2;1;1;2;4;822
280560;1017;1;7;2;8;2;10;3;5;1;5;5;9;1075
280570;2066;34;64;32;49;31;56;63;66;47;47;42;54;2651
280580;829;5;6;0;4;10;1;8;2;3;24;5;4;901
280590;1219;11;8;9;75;16;11;27;52;4;40;17;25;1514
280600;1050;10;13;5;11;8;14;25;12;10;8;7;14;1187
280610;1836;32;16;38;95;26;44;67;61;43;113;30;33;2434
280620;1040;2;5;17;32;10;13;20;14;25;25;11;10;1224
280630;542;4;1;7;12;1;6;7;6;8;4;11;117;726
280640;335;0;2;3;0;2;3;7;2;0;2;3;13;372
280650;221;1;2;14;1;2;2;2;2;1;2;0;1;251
280660;535;5;3;20;103;8;4;13;55;29;20;43;50;888
280670;8703;233;362;324;482;252;295;325;342;263;272;362;485;12700
280680;640;2;4;4;8;12;3;2;2;9;10;1;14;711
280690;185;2;0;0;0;0;1;0;0;0;0;0;1;189
280700;323;0;3;0;1;2;3;2;1;1;1;1;3;341
280710;1767;28;12;18;8;8;17;28;14;13;13;35;29;1990
280720;555;2;20;5;8;5;5;1;8;4;1;2;3;619
280730;270;1;1;4;10;7;2;0;5;6;2;6;5;319
280740;1953;28;30;35;25;31;24;35;36;22;175;47;148;2589
280750;530;1;3;7;4;1;1;0;3;29;33;25;0;637
280760;1141;4;23;5;20;21;12;6;11;13;59;14;89;1418
289999;0;0;0;0;0;0;0;0;0;0;0;0;0;0
290010;299;0;0;1;0;0;1;0;0;0;0;3;0;304
290020;374;3;1;4;8;33;6;1;1;31;91;11;52;616
290030;479;4;6;9;2;2;0;2;3;4;4;2;3;520
290035;481;2;0;3;1;1;0;0;0;1;1;3;0;493
290040;579;2;3;9;4;4;3;6;9;7;4;7;139;776
290050;294;4;4;3;1;7;4;1;3;4;3;0;1;329
290060;365;1;1;1;2;3;2;4;9;5;2;1;2;398
290070;12848;348;315;401;376;288;317;444;385;278;252;407;432;17091
290080;1385;31;15;23;24;31;38;52;28;14;58;24;26;1749
290090;403;3;2;3;3;3;2;1;2;3;2;6;4;437
290100;1928;21;21;22;14;20;26;21;13;9;16;22;25;2158
290110;3107;71;151;1416;65;69;39;221;32;78;143;96;278;5766
290115;498;1;1;1;0;2;0;0;1;0;0;2;2;508
290120;965;7;6;4;7;4;7;15;6;57;11;11;10;1110
290130;121;0;2;0;173;17;4;2;0;3;2;2;2;328
290135;1418;3;15;17;16;21;12;10;9;19;30;90;9;1669
290140;238;1;0;9;1;0;4;5;3;7;4;4;44;320
290150;48;1;0;2;0;2;0;0;0;0;1;2;0;56
290160;308;2;0;1;1;2;0;2;0;0;0;0;2;318
290170;557;2;88;9;17;5;4;7;7;6;3;3;33;741
290180;435;0;5;0;1;3;3;2;2;0;0;10;12;473
290190;570;0;1;0;0;0;0;1;1;0;0;2;2;577
290195;402;1;1;2;3;1;1;0;0;1;1;1;6;420
290200;638;1;2;0;1;1;1;0;1;1;1;0;1;648
290205;156;3;4;10;9;5;5;19;6;4;3;8;7;239
290210;2029;3;8;4;6;8;3;5;8;5;2;7;15;2103
290220;503;3;5;3;8;9;15;5;7;9;25;36;3;631
290225;713;14;19;18;27;31;46;42;75;47;44;194;36;1306
290230;382;1;0;1;6;2;1;1;1;5;1;1;7;409
290240;132;9;9;3;12;2;3;5;6;2;6;4;3;196
290250;81;1;5;5;3;1;2;3;3;1;0;1;9;115
290260;744;0;0;1;12;2;2;2;4;18;0;2;1;788
290265;268;0;0;0;0;0;0;2;1;1;1;1;1;275
290270;1714;5;5;9;8;1;4;10;5;4;10;18;58;1851
290280;970;9;6;9;6;3;8;4;9;7;10;4;5;1050
290290;1493;43;27;35;18;23;8;37;137;286;780;1054;230;4171
290300;296;1;0;5;2;3;7;0;1;1;7;2;210;535
290310;498;24;34;37;8;17;36;11;5;9;61;24;58;822
290320;13553;628;940;1361;1149;1236;1454;1350;1726;930;921;1027;1096;27371
290323;352;0;0;0;0;0;0;0;0;1;0;0;1;354
290327;1021;9;5;8;10;6;23;12;6;7;16;9;40;1172
290330;668;8;7;9;5;8;8;6;5;4;9;4;23;764
290340;1253;25;15;19;45;23;21;96;23;29;27;31;109;1716
290350;317;2;2;3;2;1;1;3;3;1;2;0;0;337
290360;548;2;2;0;1;0;0;1;0;0;0;1;1;556
290370;508;7;4;0;1;2;3;1;4;0;0;2;3;535
290380;822;7;4;11;4;5;2;6;4;4;3;3;6;881
290390;3583;82;66;90;98;64;71;109;71;54;221;71;61;4641
290395;283;0;0;0;1;0;0;0;0;1;1;0;0;286
290400;651;2;4;5;6;2;1;2;1;10;8;5;2;699
290405;714;3;1;4;5;5;9;9;15;171;299;93;25;1353
290410;1164;3;5;6;6;3;6;5;15;1;1;2;4;1221
290420;297;0;13;0;2;3;0;1;0;1;0;3;0;320
290430;695;8;32;12;14;6;7;14;10;60;216;882;49;2005
290440;308;0;1;1;2;1;0;0;3;0;1;1;1;319
290450;424;1;0;2;2;0;0;0;2;0;1;2;1;435
290460;6446;112;127;137;152;143;150;130;176;121;162;249;227;8332
290470;1106;27;19;15;21;16;41;18;13;15;27;18;37;1373
290475;695;0;0;4;1;3;3;2;0;2;3;3;1;717
290480;950;4;3;9;3;10;4;11;8;9;12;9;13;1045
290485;720;1;2;1;3;1;0;1;1;1;4;26;10;771
290490;2419;60;48;49;31;34;34;49;32;63;35;43;389;3286
290500;1163;10;17;11;11;10;6;13;9;18;15;14;21;1318
290510;588;1;4;3;1;4;1;0;0;2;3;0;7;614
290515;13;0;2;1;1;0;0;1;0;0;1;0;1;20
290520;2663;48;20;39;87;42;37;72;39;36;36;38;69;3226
290530;381;0;0;0;1;0;0;1;2;0;1;1;0;387
290540;880;19;11;29;18;17;3;13;16;14;20;18;11;1069
290550;16;0;1;0;0;0;0;2;0;0;1;1;1;22
290560;2315;38;38;57;76;48;39;52;51;55;57;42;196;3064
290570;50525;2151;3881;2154;1487;2286;2325;1636;2375;1584;1793;1742;2040;75979
290580;1590;11;26;18;13;19;20;15;30;9;8;46;20;1825
290590;187;5;2;5;2;4;5;3;3;23;8;3;1;251
290600;1533;44;26;53;62;27;22;22;25;28;26;20;35;1923
290610;465;1;0;0;0;0;1;0;1;0;1;1;1;471
290620;524;1;1;5;0;1;1;1;3;0;1;2;0;540
290630;1850;24;23;43;54;40;40;40;24;24;60;53;54;2329
290640;48;2;2;3;5;4;2;0;0;0;0;1;1;68
290650;11296;211;159;247;155;269;253;199;257;208;178;2096;704;16232
290660;341;2;1;2;1;3;3;2;0;3;3;2;4;367
290670;705;6;10;9;16;7;7;7;3;13;5;5;27;820
290680;1010;3;3;1;2;2;3;6;5;1;3;15;16;1070
290682;491;2;0;1;0;0;1;2;2;1;2;1;21;524
290685;949;1;1;4;1;5;0;3;2;1;1;10;5;983
290687;1353;19;23;20;21;16;25;24;17;19;93;42;36;1708
290689;52;1;3;4;2;3;2;0;2;0;2;3;0;74
290690;2056;54;87;84;39;44;93;100;45;37;52;186;296;3173
290700;201;4;6;4;1;3;1;4;3;4;8;10;207;456
290710;500;15;13;62;2;5;3;0;16;2;5;3;10;636
290720;4450;238;187;242;217;248;233;218;379;358;1200;875;524;9369
290730;879;11;13;20;11;23;27;20;14;17;32;21;13;1101
290740;193;0;0;0;0;0;0;0;14;0;0;0;1;208
290750;6705;144;120;147;198;127;211;208;149;151;194;148;198;8700
290755;39;0;0;0;0;0;0;0;0;0;0;0;0;39
290760;183;0;0;1;0;2;1;0;3;1;1;1;1;194
290770;180;0;0;2;2;1;2;1;0;0;0;0;1;189
290780;1398;25;44;27;36;20;8;14;18;27;22;7;12;1658
290790;275;1;5;7;5;0;6;1;2;11;5;74;156;548
290800;1464;34;22;33;19;14;21;23;22;26;17;26;29;1750
290810;890;11;12;18;22;17;133;200;245;82;26;41;30;1727
290820;1373;30;17;53;36;36;33;21;24;37;34;26;20;1740
290830;1131;16;17;28;10;16;17;70;97;54;47;26;24;1553
290840;4075;61;25;73;56;37;43;41;39;35;54;58;38;4635
290850;4093;108;111;96;78;189;94;62;87;87;127;103;104;5339
290860;561;10;9;13;8;13;7;9;7;9;10;21;5;682
290870;647;24;3;0;1;1;0;1;1;1;2;3;1;685
290880;214;3;20;9;0;1;7;0;1;0;2;1;41;299
290890;1072;6;9;7;7;11;4;5;6;9;15;10;16;1177
290900;327;18;0;0;0;0;0;0;0;1;0;1;1;348
290910;362;0;0;2;0;0;1;1;1;0;1;1;14;383
290920;95;0;0;0;1;0;0;1;0;2;0;0;0;99
290930;3805;106;124;234;208;190;235;196;343;398;326;516;501;7182
290940;306;2;0;5;4;3;1;5;7;2;6;7;31;379
290950;414;0;0;0;1;1;0;0;3;1;0;2;0;422
290960;278;1;2;1;3;1;0;2;0;1;1;1;4;295
290970;274;1;0;3;1;2;1;1;5;1;4;0;122;415
290980;8278;96;120;205;320;268;270;568;1599;871;557;247;148;13547
290990;1217;21;28;23;83;84;19;16;15;19;165;102;228;2020
291000;444;4;3;5;4;3;4;1;0;1;10;8;50;537
291005;12902;763;1790;839;864;883;799;780;588;654;741;1123;930;23656
291010;340;5;3;13;6;2;2;2;2;4;1;80;38;498
291020;256;0;0;1;2;0;0;0;0;0;0;0;0;259
291030;290;1;0;0;0;1;3;5;0;2;2;2;4;310
291040;1019;3;8;9;6;3;88;202;325;226;93;16;36;2034
291050;2778;109;115;124;130;116;106;72;81;87;90;87;428;4323
291060;2672;171;35;53;126;22;38;63;92;42;51;184;256;3805
291070;1891;10;26;45;28;68;35;47;22;20;15;14;24;2245
291072;14749;346;349;502;579;512;564;895;751;677;741;844;893;22402
291075;323;2;0;2;1;2;0;0;4;0;4;39;28;405
291077;223;0;0;0;3;0;0;0;0;0;0;3;0;229
291080;62620;1400;1735;2097;1692;1725;1999;1920;1795;2025;2187;1901;3081;86177
291085;630;6;13;8;4;3;1;2;4;3;4;4;69;751
291090;654;8;7;16;8;12;16;12;8;24;15;6;12;798
291100;628;24;9;17;14;16;17;9;22;17;133;10;213;1129
291110;1092;42;58;72;85;74;70;38;47;48;38;38;131;1833
291120;2336;40;48;68;31;42;38;33;36;29;35;32;212;2980
291125;42;0;0;0;0;0;2;1;0;0;0;0;0;45
291130;379;0;1;3;0;0;0;0;6;0;1;0;1;391
291140;652;1;1;0;2;2;6;1;1;5;4;3;2;680
291150;118;11;7;4;7;8;4;0;3;3;1;3;1;170
291160;1898;24;154;117;219;23;283;145;96;64;74;145;105;3347
291165;198;0;2;0;0;0;0;1;0;1;1;0;1;204
291170;5601;96;86;102;92;81;83;110;152;104;79;168;140;6894
291180;955;13;14;19;13;19;40;21;25;17;37;36;265;1474
291185;322;0;0;1;1;0;0;3;1;0;4;6;3;341
291190;753;12;12;18;13;5;9;7;9;8;10;11;15;882
291200;568;8;16;7;3;3;16;4;3;2;5;1;7;643
291210;1434;35;32;32;33;38;43;25;32;22;37;22;38;1823
291220;2553;98;60;57;85;106;97;69;56;87;163;144;72;3647
291230;1082;13;14;22;12;15;13;9;13;15;16;12;8;1244
291240;273;1;1;1;0;0;2;2;1;1;3;0;1;286
291250;367;2;0;3;1;0;6;1;4;1;1;0;5;391
291260;221;0;0;0;0;1;0;0;0;1;1;1;0;225
291270;279;6;9;10;8;3;8;16;9;11;7;5;9;380
291280;772;11;9;14;11;8;11;9;13;13;17;13;19;920
291290;1351;24;24;17;19;14;18;12;13;24;36;25;371;1948
291300;457;0;0;0;0;0;2;0;0;0;1;0;1;461
291310;641;1;0;0;2;1;3;1;0;2;0;1;2;654
291320;1177;18;9;15;6;24;16;18;17;17;14;22;73;1426
291330;337;0;0;1;2;0;0;0;0;1;0;1;1;343
291340;444;0;4;2;1;2;4;4;4;3;4;24;139;635
291345;690;16;9;8;2;24;24;23;22;7;3;261;123;1212
291350;1081;6;8;15;20;9;11;8;8;9;7;13;8;1203
291360;24332;805;593;788;720;614;653;629;684;627;613;524;1071;32653
291370;2491;57;63;102;104;98;54;72;105;72;52;113;74;3457
291380;281;1;3;0;0;0;1;0;2;0;4;2;8;302
291390;3706;62;65;93;70;59;82;60;57;61;80;98;70;4563
291400;3330;43;138;65;55;47;71;62;64;159;218;63;72;4387
291410;382;3;3;3;5;1;6;8;4;1;3;4;2;425
291420;97;1;1;1;1;0;2;2;5;0;1;0;0;111
291430;353;1;5;0;1;0;1;2;0;2;2;0;1;368
291440;596;0;1;0;4;3;1;0;1;5;2;0;0;613
291450;1312;4;7;13;6;4;10;10;7;5;6;21;6;1411
291460;4256;114;107;121;131;91;106;97;97;103;144;126;195;5688
291465;1636;45;45;53;51;55;236;130;44;54;34;43;54;2480
291470;3716;177;53;99;69;63;62;78;42;153;63;74;170;4819
291480;27517;758;584;918;702;710;796;897;712;965;765;696;1450;37470
291490;1510;49;43;67;56;42;42;41;79;52;27;42;185;2235
291500;494;2;4;1;2;1;2;3;0;5;5;4;90;613
291510;883;6;9;9;6;3;6;14;16;17;39;12;4;1024
291520;930;16;9;16;16;15;13;17;17;19;36;107;93;1304
291530;574;14;8;5;9;9;3;6;11;7;13;11;9;679
291535;25;0;0;0;2;0;0;0;0;0;0;0;0;27
291540;674;17;12;8;16;9;9;8;11;5;4;11;7;791
291550;1961;41;53;49;52;37;33;40;25;57;29;28;50;2455
291560;5503;159;201;253;272;361;498;1707;196;162;179;211;602;10304
291570;388;1;3;14;8;10;41;7;2;3;2;2;14;495
291580;1706;12;27;24;31;17;13;32;27;56;36;25;21;2027
291590;382;2;2;3;2;3;7;7;11;14;8;3;22;466
291600;1223;6;5;13;13;7;9;11;5;7;4;3;5;1311
291610;1155;7;13;18;15;7;31;9;15;5;7;11;16;1309
291620;562;11;2;5;9;4;5;9;5;6;10;8;6;642
291630;1015;30;62;92;92;69;46;68;78;82;77;61;24;1796
291640;10281;182;215;370;566;198;543;185;265;169;288;186;324;13772
291650;861;4;7;8;9;8;7;5;4;18;99;108;57;1195
291660;568;9;1;7;6;4;8;10;4;14;12;14;1;658
291670;432;1;3;2;1;1;1;3;3;2;4;7;3;463
291680;1263;17;18;40;16;16;20;28;18;14;35;12;37;1534
291685;506;5;6;9;5;9;8;15;6;7;2;1;5;584
291690;686;6;6;11;9;2;0;3;4;1;83;37;0;848
291700;603;7;10;16;20;7;6;9;4;6;11;11;29;739
291710;1939;21;16;47;44;30;29;20;25;35;33;27;35;2301
291720;837;13;7;1;2;6;31;1;5;33;2;21;27;986
291730;1753;52;21;54;57;49;42;49;33;34;58;36;50;2288
291733;244;0;1;5;1;2;3;2;2;2;6;2;2;272
291735;570;9;19;8;19;22;15;23;9;15;30;22;68;829
291740;475;1;0;2;0;0;0;0;1;1;0;0;3;483
291750;5320;439;73;110;113;109;80;89;78;119;99;232;227;7088
291760;1991;12;19;33;71;22;15;14;10;54;22;18;19;2300
291770;1945;32;51;57;50;25;36;14;23;24;38;44;300;2639
291780;500;5;6;4;2;5;5;12;4;5;7;3;4;562
291790;1049;11;10;26;31;14;7;13;9;16;13;28;45;1272
291800;13500;243;344;399;434;371;284;420;302;254;321;471;656;17999
291810;1034;4;11;13;17;12;19;2;8;8;11;25;122;1286
291820;391;1;0;6;2;2;2;2;1;1;1;1;3;413
291830;550;6;11;2;8;3;4;2;4;5;12;12;17;636
291835;765;2;4;4;1;4;1;1;0;1;0;1;1;785
291840;21199;623;570;1115;855;1106;1321;965;1198;1273;1885;3268;3226;38604
291845;148;2;1;1;2;4;3;2;1;5;6;1;1;177
291850;208;0;0;0;0;0;0;1;0;1;0;1;0;211
291855;723;22;8;9;23;7;5;7;29;12;10;18;7;880
291860;439;0;0;0;0;0;0;0;0;0;0;0;0;439
291870;178;0;1;4;1;0;0;0;0;0;1;1;0;186
291875;24;0;0;1;3;0;1;0;5;3;1;5;0;43
291880;826;2;7;8;6;5;4;5;3;4;6;9;46;931
291890;389;1;4;9;9;8;14;32;12;23;19;97;9;626
291900;514;8;31;10;23;43;42;31;53;39;41;96;24;955
291905;371;0;0;1;0;1;2;1;1;1;1;0;1;380
291910;173;0;0;0;0;0;0;1;0;0;0;2;1;177
291915;582;3;5;3;4;1;1;3;4;2;1;4;1;614
291920;63542;1566;2027;2910;2207;2039;2071;2137;2427;1995;2320;2165;2616;90022
291930;555;8;2;9;8;4;5;4;5;3;9;0;5;617
291940;792;5;14;12;4;35;11;16;11;6;4;4;11;925
291950;1854;92;36;42;39;25;40;33;43;41;57;104;212;2618
291955;5123;219;218;350;344;479;826;712;997;957;516;535;870;12146
291960;215;0;0;0;0;0;0;45;6;2;1;0;0;269
291970;1507;8;17;12;21;15;25;25;8;28;53;17;20;1756
291980;1219;13;5;34;11;7;14;3;3;4;2;6;172;1493
291990;103;0;0;0;1;0;1;0;0;1;0;0;0;106
291992;1647;24;36;75;80;61;39;69;72;65;41;46;84;2339
291995;245;0;1;3;6;6;4;4;2;3;2;1;30;307
292000;668;4;9;16;10;14;10;17;9;14;13;8;14;806
292010;653;5;5;1;1;2;2;6;1;2;2;91;3;774
292020;407;3;1;3;3;0;4;1;4;14;1;2;6;449
292030;384;3;2;2;1;0;1;2;5;2;2;6;4;414
292040;578;5;4;6;5;3;5;1;1;0;3;10;4;625
292045;326;0;0;0;0;0;0;0;0;1;0;0;0;327
292050;806;3;2;13;15;2;7;11;2;7;11;15;11;905
292060;1727;7;27;28;11;7;4;15;8;10;39;55;58;1996
292070;877;14;11;16;12;10;15;9;24;21;18;130;35;1192
292080;69;0;1;0;4;0;4;20;0;3;2;0;1;104
292090;663;21;8;12;16;4;17;12;18;21;11;6;13;822
292100;6040;152;125;193;204;146;146;161;127;132;207;154;112;7899
292105;308;0;0;2;1;1;2;0;1;0;0;0;1;316
292110;1842;38;42;44;43;84;211;170;57;57;483;124;97;3292
292120;1274;8;15;17;8;8;29;12;10;17;7;13;22;1440
292130;753;21;16;12;22;22;16;20;12;11;14;11;27;957
292140;644;2;11;19;0;2;3;9;3;1;16;1;39;750
292145;264;0;0;0;0;0;0;0;0;0;0;0;25;289
292150;1331;4;4;1;4;4;0;3;4;4;2;5;4;1370
292160;97;1;0;0;1;0;0;1;5;0;0;2;0;107
292170;327;6;7;6;6;2;6;6;9;9;2;20;6;412
292180;365;0;0;1;1;3;0;0;0;0;1;0;0;371
292190;820;9;10;21;6;35;45;47;126;49;173;46;30;1417
292200;5522;228;242;309;504;437;283;278;317;300;339;725;956;10440
292205;262;0;1;2;1;0;1;0;2;0;3;1;0;273
292210;523;3;7;4;13;6;5;9;1;17;58;96;105;847
292220;438;2;2;2;4;5;9;6;2;8;50;30;21;579
292225;207;2;3;0;0;3;3;4;1;4;7;2;4;240
292230;1001;13;15;19;46;12;16;22;119;130;59;26;202;1680
292240;1087;13;14;16;14;14;10;10;5;12;14;31;12;1252
292250;1690;20;23;30;36;20;11;31;19;67;18;24;79;2068
292260;612;1;7;4;9;2;4;5;4;1;7;7;9;672
292265;335;2;2;1;1;1;1;1;1;1;3;6;2;357
292270;767;6;4;10;9;7;13;2;5;4;2;7;4;840
292273;386;2;5;0;0;3;1;4;0;1;1;1;3;407
292275;145;1;4;5;4;6;4;1;3;2;7;6;4;192
292280;129;0;0;1;0;0;1;0;1;1;1;0;1;135
292285;8;0;0;0;1;0;0;0;0;0;0;1;0;10
292290;1160;10;5;10;4;5;5;5;27;2;14;1;26;1274
292300;3787;178;135;249;138;175;190;403;209;235;216;276;208;6399
292303;267;1;0;0;0;0;0;0;0;0;0;2;3;273
292305;433;1;0;1;0;0;7;3;0;3;0;33;0;481
292310;672;4;2;3;6;8;8;3;1;4;4;29;36;780
292320;783;3;6;9;3;5;5;5;8;7;5;11;3;853
292330;537;10;5;10;9;4;9;15;2;13;8;16;22;660
292335;209;12;2;3;4;6;6;20;7;5;5;3;7;289
292340;809;0;6;4;3;2;6;3;3;4;14;5;23;882
292350;260;1;1;0;3;2;3;2;1;3;3;1;2;282
292360;692;7;2;7;7;3;5;9;9;4;8;9;8;770
292370;1020;1;3;1;3;2;0;4;1;1;4;1;12;1053
292380;889;1;5;6;4;5;8;6;12;7;7;11;28;989
292390;726;12;4;11;5;8;11;13;6;10;12;35;8;861
292400;9946;343;228;237;310;196;162;668;207;177;155;190;534;13353
292405;377;0;1;0;0;1;1;1;1;1;1;2;3;389
292410;313;3;3;9;12;2;9;7;7;5;2;14;36;422
292420;23;0;0;0;0;0;0;0;0;0;0;0;0;23
292430;515;5;2;5;5;2;8;3;2;3;12;4;4;570
292440;1317;0;3;4;0;5;2;1;2;1;2;0;4;1341
292450;386;2;2;2;1;0;0;0;1;0;2;0;1;397
292460;715;0;1;4;6;2;1;4;2;3;3;15;48;804
292465;398;1;1;0;2;1;0;2;0;0;4;19;14;442
292467;228;1;2;1;0;2;1;2;4;1;2;1;2;247
292470;582;1;0;1;0;0;1;0;0;0;0;0;1;586
292480;824;1;4;6;3;0;0;1;6;5;0;3;2;855
292490;325;2;2;3;0;3;0;0;1;1;9;17;11;374
292500;1221;39;29;10;4;15;8;13;13;46;123;275;183;1979
292510;1761;17;14;27;20;27;8;20;27;17;42;244;30;2254
292520;5204;137;202;126;127;111;155;99;116;84;97;169;152;6779
292525;416;3;1;2;4;2;2;2;2;1;23;2;1;461
292530;13179;427;555;836;611;583;606;528;667;497;1066;577;1353;21485
292540;683;10;13;9;15;5;6;8;4;5;6;8;13;785
292550;3042;91;103;167;105;81;137;296;464;84;87;150;170;4977
292560;255;1;0;0;0;2;0;0;0;0;0;0;2;260
292570;202;0;1;2;1;1;0;1;0;0;0;1;1;210
292575;909;4;24;17;26;24;15;11;5;12;27;39;21;1134
292580;1080;7;10;79;10;16;9;14;46;89;39;117;2;1518
292590;760;0;1;13;18;3;2;4;2;1;3;1;129;937
292593;359;0;0;2;0;2;1;0;2;3;0;0;4;373
292595;934;3;4;10;6;4;7;3;7;1;4;4;9;996
292600;1423;13;12;22;15;9;9;15;4;7;8;10;9;1556
292610;799;10;31;17;27;8;4;13;13;7;8;6;121;1064
292620;484;11;8;179;158;59;45;33;56;36;40;60;70;1239
292630;970;27;15;13;21;30;40;20;9;90;29;82;146;1492
292640;972;4;7;33;5;11;7;4;5;10;7;16;7;1088
292650;32;0;0;1;0;1;5;1;1;0;0;3;1;45
292660;2400;39;20;28;17;17;29;35;29;27;34;29;31;2735
292665;431;4;4;5;1;8;1;8;46;101;31;11;2;653
292670;465;4;2;6;0;6;5;3;3;1;5;2;2;504
292680;411;1;0;1;0;0;3;0;0;1;1;0;0;418
292690;458;6;0;3;0;0;4;13;0;2;1;1;0;488
292700;1512;17;12;39;43;18;13;26;35;24;50;21;29;1839
292710;116;0;1;0;2;2;2;1;0;0;1;0;291;416
292720;1335;15;10;11;20;12;8;101;21;7;17;38;15;1610
292730;828;6;3;4;9;5;10;6;6;5;7;3;6;898
292740;588863;12421;12111;15550;16079;14148;13769;14045;14586;12746;13006;14033;17919;759276
292750;911;15;8;13;14;6;12;5;12;26;32;25;20;1099
292760;578;0;1;4;1;1;1;0;0;0;1;2;14;603
292770;1593;36;41;30;35;31;164;39;60;43;53;38;45;2208
292780;369;16;8;11;7;2;3;8;4;3;5;17;16;469
292790;420;0;2;4;1;0;5;2;1;0;1;0;0;436
292800;1211;6;20;12;47;13;11;11;13;36;41;141;80;1642
292805;734;16;6;6;15;4;20;12;28;20;31;13;11;916
292810;1281;19;9;16;24;7;17;14;19;11;15;19;16;1467
292820;888;8;2;11;5;1;3;2;9;13;4;6;16;968
292830;232;0;1;2;3;1;1;1;0;0;0;2;1;244
292840;414;3;1;1;4;2;0;0;2;1;4;4;3;439
292850;350;1;1;5;2;1;2;5;2;1;0;2;9;381
292860;3511;53;56;110;97;105;97;77;95;71;70;142;522;5006
292870;10702;234;235;350;257;269;393;263;243;174;301;243;262;13926
292880;4582;50;82;98;88;83;91;93;59;94;79;57;108;5564
292890;4837;624;1155;1231;1481;869;789;708;1195;1157;729;541;680;15996
292895;504;2;4;1;3;3;0;3;2;3;2;4;6;537
292900;820;8;3;6;1;9;10;6;6;7;9;6;6;897
292905;546;9;6;10;2;10;17;223;87;6;231;11;11;1169
292910;849;7;5;11;14;10;4;14;57;12;10;14;13;1020
292920;8215;330;174;57;44;55;77;64;56;64;201;62;218;9617
292925;287;3;0;2;2;1;0;2;2;1;0;0;4;304
292930;2444;51;33;19;24;26;103;32;68;60;99;272;117;3348
292935;67;2;3;5;5;2;4;2;2;2;3;1;2;100
292937;23;0;1;0;0;4;0;1;1;0;1;2;1;34
292940;506;2;1;1;2;1;3;6;3;1;2;0;5;533
292950;2728;42;69;82;90;74;58;73;88;52;86;98;697;4237
292960;915;3;11;9;3;6;8;8;6;188;132;88;9;1386
292970;408;3;1;3;1;2;2;1;0;2;0;3;5;431
292975;166;4;0;3;1;1;3;6;2;0;2;4;2;194
292980;593;3;0;4;1;2;2;0;1;0;27;1;2;636
292990;1606;15;17;20;23;29;20;28;70;32;45;17;9;1931
293000;339;2;3;4;3;2;0;2;0;1;4;2;3;365
293010;6256;101;79;74;68;72;77;79;92;80;111;76;106;7271
293015;602;106;50;34;142;8;9;16;4;10;59;19;9;1068
293020;3027;183;51;55;55;213;36;28;51;177;269;305;66;4516
293030;434;3;4;3;4;2;3;2;3;4;1;0;5;468
293040;468;6;0;13;1;6;5;5;0;2;5;1;34;546
293050;5512;77;97;237;101;113;89;110;187;97;165;170;168;7123
293060;471;1;1;2;1;1;1;3;1;1;1;4;1;489
293070;27033;1270;1302;1881;3375;1454;1715;787;937;1097;1091;894;2109;44945
293075;175;10;12;6;6;7;7;8;5;21;2;11;7;277
293076;289;0;6;1;0;2;0;0;2;2;1;0;345;648
293077;967;6;10;14;3;9;6;6;21;14;41;13;381;1491
293080;310;0;0;0;0;0;0;0;0;0;0;2;9;321
293090;326;1;1;3;2;1;4;1;0;1;3;119;17;479
293100;749;3;3;3;6;4;2;2;4;2;5;1;4;788
293105;449;4;15;1;6;3;2;3;2;1;5;2;2;495
293110;457;1;20;0;4;1;2;3;1;1;2;3;9;504
293120;623;4;2;6;3;7;3;2;5;6;5;58;18;742
293130;438;0;5;8;7;4;3;3;2;5;3;7;167;652
293135;15268;498;557;578;490;523;752;967;726;506;712;516;610;22703
293140;420;2;2;2;6;0;7;2;3;2;2;6;8;462
293150;1218;19;29;29;12;105;12;20;11;22;11;27;22;1537
293160;368;0;0;1;0;2;0;1;1;1;1;0;2;377
293170;922;59;10;12;32;10;2;17;8;4;41;6;59;1182
293180;358;1;0;1;0;2;2;1;2;0;2;0;5;374
293190;1559;5;6;10;10;7;4;7;15;76;4;16;235;1954
293200;896;3;4;5;4;8;4;4;7;3;3;5;20;966
293210;860;6;3;6;5;3;4;5;7;2;2;4;4;911
293220;1012;28;23;37;22;9;21;17;17;26;13;85;157;1467
293230;1369;14;19;31;16;17;13;20;20;15;20;16;13;1583
293240;403;9;0;0;0;4;1;0;2;0;0;0;7;426
293245;5;0;0;0;0;0;0;1;0;0;0;0;0;6
293250;2734;38;37;46;83;99;80;58;201;39;100;64;65;3644
293260;625;5;2;1;4;6;2;19;3;3;7;5;3;685
293270;1702;56;44;77;75;64;43;76;92;44;40;54;39;2406
293280;299;4;3;2;3;1;2;2;3;7;48;97;158;629
293290;7535;103;188;174;130;217;274;197;168;91;405;190;178;9850
293300;2399;32;35;49;41;40;34;22;22;44;45;193;401;3357
293305;537;2;1;1;5;3;4;0;2;2;36;9;41;643
293310;382;0;0;0;0;1;1;0;0;0;1;0;1;386
293315;442;0;4;3;1;5;1;1;6;3;3;4;7;480
293317;329;5;0;0;2;0;2;1;1;0;0;2;1;343
293320;2616;61;54;139;62;41;41;66;87;78;28;66;57;3396
293325;479;6;5;7;18;16;22;39;6;18;8;8;14;646
293330;32109;975;808;968;715;915;1027;1024;1293;1218;1157;973;1333;44515
293340;295;2;4;10;3;6;14;4;6;11;3;7;12;377
293345;320;7;2;8;0;3;6;4;0;2;44;13;125;534
293350;651;16;1;5;1;6;1;4;2;2;10;9;3;711
293360;2746;13;14;25;32;17;6;8;12;5;12;26;50;2966
299999;0;0;0;0;0;0;0;0;0;0;0;0;0;0
310010;745;20;17;15;10;13;23;13;13;18;27;9;13;936
310020;3036;88;155;96;79;104;98;107;110;132;193;138;112;4448
310030;906;15;16;34;33;24;13;17;21;10;39;34;26;1188
310040;192;3;3;4;6;5;10;4;3;8;6;49;26;319
310050;346;34;12;11;6;14;16;17;8;6;43;22;85;620
310060;671;5;6;9;5;10;10;44;134;105;217;33;16;1265
310070;393;13;7;9;7;4;20;25;73;10;9;9;13;592
310080;516;19;23;19;6;14;12;33;64;8;15;4;8;741
310090;757;20;12;31;25;14;20;26;14;10;41;184;49;1203
310100;719;7;8;4;15;6;2;8;3;8;13;6;9;808
310110;3514;130;228;110;234;85;113;170;156;118;117;208;225;5408
310120;578;10;13;13;16;10;6;14;6;4;11;12;90;783
310130;173;1;0;1;1;1;3;2;2;1;0;4;7;196
310140;364;5;3;7;9;5;3;9;9;37;6;4;20;481
310150;5413;134;128;140;152;129;196;231;106;130;136;699;182;7776
310160;12735;307;399;450;494;484;769;998;946;1479;2349;767;782;22959
310163;655;17;19;12;16;36;9;30;17;22;11;26;57;927
310170;2661;57;42;85;67;66;72;49;60;96;179;64;326;3824
310180;745;12;15;18;14;18;21;17;18;15;12;10;42;957
310190;2049;37;29;34;37;44;70;45;49;63;127;42;63;2689
310200;841;34;16;50;51;15;39;52;24;63;185;37;82;1489
310205;343;2;1;8;12;7;4;5;57;24;21;4;17;505
310210;474;9;2;2;4;1;11;8;9;5;4;4;129;662
310220;167;24;1;2;1;3;2;1;3;0;1;4;45;254
310230;1716;15;16;24;30;18;29;21;37;19;14;33;182;2154
310240;211;0;2;2;1;3;1;0;3;0;0;0;0;223
310250;378;6;3;4;1;8;56;0;6;1;0;3;2;468
310260;6419;159;204;310;198;197;208;157;205;197;165;188;389;8996
310270;545;9;11;17;10;8;13;29;7;11;4;9;141;814
310280;1111;22;16;33;17;25;25;15;27;20;13;15;22;1361
310285;352;2;4;2;9;26;5;20;75;163;75;492;429;1654
310290;1159;11;20;37;22;25;29;25;20;23;17;43;60;1491
310300;1511;49;35;77;16;38;53;63;73;122;142;85;69;2333
310310;116;0;1;2;1;1;1;0;0;0;0;0;0;122
310320;489;2;10;3;17;11;9;28;6;9;51;8;133;776
310330;158;1;2;0;5;1;2;2;1;0;0;2;16;190
310340;2060;72;78;105;70;59;75;101;67;80;62;117;261;3207
310350;16770;497;530;607;567;507;768;928;1042;1170;778;809;888;25861
310360;311;0;14;2;3;5;0;3;0;0;2;1;6;347
310370;345;12;1;4;3;5;4;8;76;31;17;81;4;591
310375;1713;34;19;60;49;129;163;175;102;75;167;375;935;3996
310380;287;2;3;10;0;2;2;3;0;6;2;1;1;319
310390;1102;30;37;59;44;43;35;49;44;40;59;32;120;1694
310400;19645;799;701;790;939;935;1090;906;982;1008;1016;864;1182;30857
310410;2445;135;516;115;89;227;284;197;204;123;204;219;652;5410
310420;6042;192;205;285;267;233;261;249;258;396;287;258;396;9329
310430;1074;29;31;26;25;50;52;33;57;104;165;110;92;1848
310440;354;12;6;5;5;8;5;6;8;3;6;6;6;430
310445;206;3;4;1;1;2;0;1;1;21;28;4;2;274
310450;977;24;26;26;26;29;25;42;27;24;23;34;196;1479
310460;2616;100;70;111;115;71;78;104;97;70;83;83;299;3897
310470;765;15;11;18;12;6;8;10;11;15;11;13;49;944
310480;478;8;8;14;7;13;12;6;2;9;4;35;43;639
310490;2446;128;67;97;43;62;64;72;188;155;214;79;197;3812
310500;1121;57;35;35;42;54;25;31;34;56;96;64;65;1715
310510;2326;49;73;59;41;62;84;69;101;189;43;66;130;3292
310520;123;0;1;0;1;0;0;1;0;0;2;0;0;128
310530;336;3;4;10;5;7;7;10;8;16;45;10;20;481
310540;3469;155;110;157;128;102;109;166;177;162;195;337;611;5878
310550;460;3;10;5;6;5;7;4;4;4;5;22;6;541
310560;22537;565;736;898;524;841;919;515;629;512;467;519;1475;31137
310570;403;2;3;4;1;1;4;1;4;5;2;5;1;436
310590;2040;51;43;52;75;43;53;66;75;34;80;45;184;2841
310600;601;38;21;30;27;19;23;14;22;18;65;44;138;1060
310610;451;11;7;9;3;6;9;11;34;12;36;10;7;606
310620;997273;24232;27921;34667;29346;30144;30955;32348;34006;31793;42429;34818;64673;1414605
310630;4957;744;103;162;251;143;124;246;160;296;130;106;934;8356
310640;372;16;11;20;9;11;14;20;17;16;93;162;82;843
310650;2280;107;127;164;119;111;103;111;129;160;201;674;230;4516
310660;221;1;1;3;2;0;1;5;3;2;24;11;2;276
310665;257;0;1;3;1;1;0;7;6;8;5;6;2;297
310670;68544;1456;1604;2005;1816;1750;2409;1923;1933;1990;1821;2172;2450;91873
310680;346;7;5;4;12;9;9;9;3;2;18;7;13;444
310690;4171;63;172;110;76;80;83;138;130;94;78;69;208;5472
310700;272;4;2;3;4;5;2;3;3;4;3;4;9;318
310710;4569;111;149;468;145;143;332;587;858;1170;714;157;395;9798
310720;326;3;5;4;3;3;1;2;1;3;2;0;4;357
310730;5991;251;172;215;241;196;207;206;208;216;242;333;1204;9682
310740;7655;318;266;316;393;352;255;284;303;363;302;301;539;11647
310750;612;12;4;19;11;9;6;9;5;9;7;21;7;731
310760;381;7;5;8;12;15;13;42;35;31;66;9;12;636
310770;522;5;10;16;10;12;23;8;14;9;8;14;23;674
310780;457;13;5;7;14;16;13;14;22;22;15;11;157;766
310790;389;4;9;6;7;4;14;7;15;4;14;2;50;525
310800;1746;39;35;47;36;44;95;78;112;170;263;87;132;2884
310810;672;7;16;18;13;11;9;26;8;13;12;6;35;846
310820;658;33;8;95;29;19;68;23;27;81;46;151;82;1320
310825;193;0;0;1;0;0;0;0;1;0;1;0;3;199
310830;1892;71;51;64;39;65;53;57;48;44;50;78;115;2627
310840;1882;32;36;51;51;52;92;154;299;521;292;158;129;3749
310850;258;5;2;4;4;6;9;3;3;6;3;10;4;317
310855;3009;310;62;139;103;75;104;162;132;162;1198;111;236;5803
310860;1263;16;13;25;18;8;27;15;13;16;9;8;20;1451
310870;163;0;2;1;1;0;8;6;1;3;4;3;94;286
310880;225;1;4;11;10;2;16;1;0;2;3;2;1;278
310890;1293;24;27;36;36;20;19;36;34;41;20;42;22;1650
310900;3583;104;97;140;101;91;152;129;127;142;164;166;880;5876
310910;594;7;12;24;12;14;19;34;14;14;16;13;32;805
310920;687;21;35;17;7;7;9;10;5;3;16;12;14;843
310925;149;2;2;2;0;0;3;2;2;2;2;6;3;175
310930;1796;80;70;142;131;76;139;165;72;107;84;52;320;3234
310940;3326;278;163;162;191;225;199;225;344;254;241;277;682;6567
310945;420;9;147;16;6;1;9;13;47;6;29;8;27;738
310950;1950;81;38;140;150;110;211;348;567;1304;490;380;291;6060
310960;601;7;34;11;11;10;33;9;17;8;10;13;44;808
310970;932;26;26;47;25;23;20;44;43;79;119;87;67;1538
310980;526;4;10;8;9;5;8;8;10;0;5;3;134;730
310990;1439;36;21;35;23;30;38;35;29;14;28;28;94;1850
311000;3333;117;71;121;68;110;82;67;81;82;98;111;105;4446
311010;254;0;0;2;3;0;1;6;5;1;2;1;0;275
311020;368;5;8;12;8;9;8;103;11;5;9;31;66;643
311030;1337;41;35;37;36;32;30;27;40;29;23;30;65;1762
311040;221;5;4;1;2;1;2;2;0;65;3;0;7;313
311050;2925;95;86;93;103;83;84;93;108;110;130;114;269;4293
311060;4417;104;121;105;144;89;131;88;112;95;161;175;276;6018
311070;1447;31;81;26;65;30;38;107;111;306;214;327;51;2834
311080;377;7;8;5;2;5;11;3;11;8;5;11;6;459
311090;2447;47;52;89;63;67;60;121;107;280;153;227;159;3872
311100;2093;67;36;55;95;96;114;139;282;525;287;403;87;4279
311110;1963;48;42;49;101;75;56;63;51;58;57;68;68;2699
311115;60;0;0;0;0;0;0;0;0;0;1;0;0;61
311120;6729;191;204;298;227;299;234;230;290;228;256;231;635;10052
311130;1095;23;17;16;58;65;103;365;298;213;197;194;128;2772
311140;1262;30;35;67;89;136;80;68;73;52;59;704;114;2769
311150;1853;66;83;105;72;110;75;138;344;469;759;388;331;4793
311160;2708;84;112;83;76;94;141;259;369;896;363;277;177;5639
311170;270;6;6;3;6;1;3;69;5;12;5;5;1;392
311180;2094;44;50;67;55;81;57;125;127;73;193;1388;79;4433
311190;431;7;6;5;11;9;5;5;5;41;4;9;7;545
311200;1563;26;28;36;29;40;34;46;65;98;27;41;154;2187
311205;211;4;3;4;4;5;6;4;1;2;0;1;125;370
311210;275;0;1;3;4;1;4;2;4;3;1;0;4;302
311220;210;0;0;1;0;2;2;0;1;1;1;2;18;238
311230;3228;50;64;79;72;65;100;86;238;527;226;72;58;4865
311240;707;12;9;18;20;25;11;81;119;33;36;43;19;1133
311250;823;35;20;35;23;21;40;54;32;31;95;57;92;1358
311260;3385;116;382;160;130;224;454;533;490;388;193;1011;599;8065
311265;143;1;0;0;1;2;1;1;2;0;1;2;1;155
311270;1205;2;9;13;12;6;13;25;13;7;22;21;30;1378
311280;1167;30;32;40;48;40;49;37;35;49;37;82;75;1721
311290;449;6;5;3;5;2;10;63;16;121;7;12;10;709
311300;469;4;4;4;7;7;8;8;8;5;10;60;253;847
311310;215;0;1;2;4;3;2;2;1;1;1;1;24;257
311320;2439;45;43;84;63;71;56;61;71;40;50;44;215;3282
311330;3529;94;104;166;88;95;181;93;85;82;139;120;237;5013
311340;11153;316;391;481;399;338;654;732;1227;1079;412;423;562;18167
311350;1101;35;21;43;31;33;50;23;34;23;28;27;52;1501
311360;905;29;17;27;33;31;34;25;53;68;119;89;132;1562
311370;2519;79;55;115;65;68;72;68;70;52;62;66;107;3398
311380;240;3;0;1;0;0;2;14;5;3;5;5;15;293
311390;1866;47;44;28;66;79;94;187;267;588;717;902;110;4995
311400;1615;61;39;65;84;57;58;97;210;98;32;44;52;2512
311410;2112;29;32;48;27;30;34;47;59;162;114;65;66;2825
311420;2714;91;119;93;75;76;103;144;73;99;86;104;188;3965
311430;3440;155;96;110;71;91;172;301;414;554;932;1044;106;7486
311440;2619;52;66;103;69;71;98;138;129;310;321;145;151;4272
311450;1702;36;47;61;37;35;41;39;65;91;49;97;61;2361
311455;1159;39;29;37;24;82;25;36;36;35;33;26;157;1718
311460;457;5;5;9;4;7;4;4;5;4;1;9;10;524
311470;394;2;18;6;9;7;10;7;5;19;15;11;30;533
311480;284;2;3;1;1;5;1;2;3;1;2;1;11;317
311490;204;5;4;8;3;9;4;4;3;5;8;72;62;391
311500;322;2;5;2;1;6;8;9;11;20;14;5;2;407
311510;2138;60;65;60;76;65;50;181;141;363;143;120;74;3536
311520;202;3;5;3;4;2;2;8;4;3;7;4;61;308
311530;14272;429;372;401;442;352;370;424;347;351;482;379;1403;20024
311535;515;10;12;12;16;11;16;14;9;10;12;17;119;773
311540;72;1;4;3;1;1;1;2;1;0;12;0;114;212
311545;216;7;5;8;3;7;11;2;4;3;6;2;49;323
311547;244;1;0;1;1;3;2;0;2;3;1;18;45;321
311550;3149;96;136;124;111;112;102;121;146;157;85;146;126;4611
311560;145;6;1;4;0;1;0;4;2;0;3;0;3;169
311570;270;4;5;3;3;5;3;3;9;6;12;4;4;331
311580;849;18;20;20;27;23;32;64;59;29;29;64;31;1265
311590;245;3;6;8;1;4;9;1;3;1;7;3;22;313
311600;206;3;1;2;1;0;5;2;1;4;6;2;24;257
311610;359;11;3;6;2;1;1;2;0;2;0;0;97;484
311615;185;0;0;11;3;2;1;15;7;87;0;9;21;341
311620;194;3;5;3;4;3;3;6;5;6;9;4;72;317
311630;215;1;2;4;0;1;2;0;1;3;3;7;39;278
311640;537;19;21;11;41;40;38;22;20;29;27;14;32;851
311650;651;28;6;15;44;36;16;18;11;17;21;31;33;927
311660;5279;140;487;193;174;180;221;268;287;248;149;228;283;8137
311670;477;14;6;8;14;19;36;72;69;21;11;16;105;868
311680;335;3;1;1;4;3;3;2;2;2;3;1;8;368
311690;509;19;248;16;18;58;191;442;17;5;10;14;14;1561
311700;397;2;6;1;6;7;7;7;3;3;3;8;2;452
311710;801;4;13;13;25;12;63;58;255;107;25;129;17;1522
311720;389;10;9;5;10;11;16;9;12;21;6;14;12;524
311730;3783;52;56;83;220;201;221;167;251;123;120;113;1628;7018
311740;150;4;4;2;3;1;3;0;1;2;61;45;7;283
311750;945;29;23;46;15;23;14;35;9;14;20;5;16;1194
311760;940;7;12;18;22;15;20;16;22;40;80;25;45;1262
311770;1567;92;47;38;47;45;94;126;225;908;175;60;123;3547
311780;1293;61;42;45;52;25;28;35;31;27;29;43;36;1747
311783;279;1;0;0;0;1;1;0;0;1;1;0;0;284
311787;840;17;29;50;29;47;68;40;25;54;46;49;166;1460
311790;1016;18;32;27;39;10;21;53;15;22;32;24;31;1340
311800;6377;262;266;403;220;237;319;266;243;197;186;235;560;9771
311810;178;2;1;2;11;1;4;7;2;0;1;11;40;260
311820;1001;24;14;25;108;39;168;44;78;84;53;673;416;2727
311830;12548;297;331;539;284;314;410;415;339;365;326;334;591;17093
311840;1651;53;86;118;81;82;75;89;60;82;88;57;173;2695
311850;107;0;1;2;2;0;1;1;0;1;2;4;13;134
311860;139576;4635;5513;6475;6425;7100;7609;6131;5905;6016;5993;7283;7100;215761
311870;961;67;59;28;18;18;66;85;132;409;201;41;116;2201
311880;1038;27;24;50;47;31;28;29;20;27;28;24;29;1402
311890;408;6;7;9;6;13;7;14;11;6;6;5;139;637
311900;417;7;10;18;16;8;18;17;39;20;11;32;76;689
311910;3193;90;80;111;68;102;70;64;85;65;69;80;153;4230
311920;506;10;4;6;5;6;5;6;8;9;29;3;15;612
311930;3035;201;147;145;250;176;210;300;340;407;545;667;302;6725
311940;11408;437;388;528;507;538;647;503;536;459;508;598;962;18019
311950;253;4;7;8;6;7;13;7;13;2;5;8;247;580
311960;246;3;10;4;8;5;8;2;10;5;5;15;115;436
311970;191;9;4;9;5;5;6;11;12;1;5;11;49;318
311980;368;6;8;6;8;4;6;8;38;40;84;16;20;612
311990;164;1;0;1;4;2;3;1;2;3;1;4;4;190
311995;945;68;73;51;38;51;35;37;46;35;59;71;151;1660
312000;327;2;3;10;3;4;7;3;12;3;8;3;4;389
312010;525;21;29;9;16;22;13;14;11;46;57;28;19;810
312015;174;9;6;4;3;7;14;3;4;3;49;12;150;438
312020;2069;60;66;68;46;49;47;87;183;103;79;70;201;3128
312030;242;1;4;10;4;8;9;10;8;46;39;29;253;663
312040;1007;26;20;49;40;11;20;31;29;33;15;27;161;1469
312050;839;4;11;14;11;5;13;10;9;8;11;13;36;984
312060;292;1;1;4;5;4;9;7;2;3;13;5;6;352
312070;261;0;2;3;3;3;6;17;11;15;63;28;26;438
312080;1391;31;13;35;39;26;24;31;16;35;38;41;33;1753
312083;170;1;0;1;4;6;1;6;1;3;9;16;3;221
312087;330;5;3;16;4;3;5;9;1;5;13;5;89;488
312090;10938;245;297;358;447;367;324;372;477;285;330;376;759;15575
312100;302;4;18;2;4;7;6;4;4;1;3;0;0;355
312110;726;13;13;14;16;27;6;10;7;7;14;3;21;877
312120;771;16;13;27;14;10;41;25;17;11;16;16;23;1000
312125;3258;108;55;177;4372;185;310;305;218;241;116;332;1119;10796
312130;643;14;37;24;20;25;10;20;14;17;25;37;72;958
312140;273;5;3;5;1;3;4;2;5;4;11;9;4;329
312150;268;0;4;3;6;1;2;3;1;4;4;9;38;343
312160;4812;96;79;117;80;103;97;110;108;106;125;107;146;6086
312170;184;1;1;0;4;1;6;1;1;1;0;0;6;206
312180;1214;29;66;97;84;42;60;43;37;52;38;39;50;1851
312190;405;5;9;6;6;6;32;15;47;21;31;11;10;604
312200;717;21;11;15;13;18;16;19;12;8;14;71;84;1019
312210;183;2;3;4;4;8;2;4;4;11;38;8;24;295
312220;301;2;2;11;9;9;6;2;3;10;4;12;10;381
312230;41437;1385;1481;1658;1560;1403;1796;1683;1548;1583;1494;1609;2217;60854
312235;435;7;4;9;10;7;4;2;5;3;5;14;95;600
312240;420;13;11;7;13;48;28;63;62;43;69;49;22;848
312245;305;3;4;6;1;3;3;8;1;9;5;3;23;374
312247;186;3;1;6;1;2;7;3;2;0;5;11;4;231
312250;310;5;7;10;7;6;7;3;4;4;7;28;1;399
312260;251;4;3;2;9;8;5;4;6;0;5;5;1;303
312270;614;11;7;15;10;10;10;4;8;10;11;19;35;764
312280;278;3;4;5;0;2;2;3;5;2;4;2;10;320
312290;584;8;11;17;14;13;6;6;7;14;10;6;10;706
312300;1632;33;24;50;38;40;43;19;23;23;30;21;169;2145
312310;459;48;6;14;14;9;8;16;6;9;13;7;14;623
312320;1657;45;46;68;57;73;42;41;57;44;36;74;141;2381
312330;151;5;4;5;5;2;7;86;1;2;17;6;84;375
312340;130;3;1;5;0;1;6;9;6;5;5;2;43;216
312350;237;1;2;3;2;2;3;1;4;3;3;3;3;267
312352;224;1;9;8;6;8;10;17;60;75;20;10;2;450
312360;3973;71;123;116;146;127;160;165;193;226;237;136;238;5911
312370;893;30;41;57;57;42;40;34;62;29;38;50;28;1401
312380;519;21;19;35;41;18;9;8;17;19;22;9;11;748
312385;155;2;6;4;4;2;40;28;58;4;9;19;115;446
312390;1040;16;21;44;9;18;25;28;27;45;37;30;95;1435
312400;989;16;17;31;27;24;28;78;99;34;48;33;81;1505
312410;3998;95;115;124;121;92;125;123;101;127;97;148;127;5393
312420;1534;46;53;42;65;56;50;93;43;45;44;71;54;2196
312430;1168;16;11;30;16;19;20;11;26;15;27;32;290;1681
312440;403;0;1;3;7;0;1;5;1;5;3;4;9;442
312450;613;11;19;11;26;7;17;31;11;7;8;18;31;810
312460;347;35;52;36;43;27;23;31;35;12;34;38;17;730
312470;373;13;9;6;7;11;6;10;8;6;5;4;97;555
312480;1094;28;23;24;25;32;66;134;91;50;140;37;52;1796
312490;781;7;31;14;14;16;36;10;12;21;6;18;66;1032
312500;609;13;28;32;36;51;25;26;31;101;25;23;34;1034
312510;5462;181;635;220;205;343;189;219;254;251;304;313;468;9044
312520;225;4;5;8;3;7;6;32;55;87;26;33;4;495
312530;474;4;0;7;9;4;9;13;29;4;5;17;55;630
312540;276;4;1;1;4;2;1;1;1;11;1;7;2;312
312550;167;3;0;3;1;0;1;1;0;1;0;0;34;211
312560;323;4;2;2;3;4;2;2;1;1;5;2;2;353
312570;1272;54;35;67;54;33;30;51;42;48;92;104;118;2000
312580;199;4;4;8;5;6;48;8;3;2;6;3;51;347
312590;678;11;14;39;24;31;7;17;11;13;22;11;59;937
312595;402;12;7;7;23;15;46;31;16;9;114;14;44;740
312600;1009;28;18;22;30;43;36;51;61;28;31;22;53;1432
312610;11944;469;386;578;492;439;492;612;468;425;467;364;810;17946
312620;475;17;60;78;57;31;32;114;35;25;49;15;42;1030
312630;1011;8;11;9;9;5;30;33;60;22;14;22;23;1257
312640;362;15;16;33;50;31;34;76;12;20;26;210;128;1013
312650;337;3;2;2;3;1;1;1;1;1;4;1;1;358
312660;348;6;9;8;11;7;12;7;14;15;21;7;56;521
312670;1430;49;77;60;59;29;64;89;32;47;101;38;102;2177
312675;167;4;1;4;3;1;0;4;123;113;9;2;85;516
312680;291;2;8;2;4;3;10;3;4;4;21;5;71;428
312690;643;8;15;16;12;22;45;18;26;4;13;16;14;852
312695;119;3;0;2;2;4;4;9;3;0;17;2;12;177
312700;1887;34;59;140;154;156;165;155;164;128;116;108;909;4175
312705;264;0;7;3;9;3;2;0;1;0;18;0;27;334
312707;126;2;0;3;4;7;1;0;0;1;0;0;190;334
312710;6562;190;402;250;204;196;203;412;208;182;200;189;274;9472
312720;325;15;14;17;18;13;27;25;4;8;7;52;44;569
312730;471;14;56;21;15;20;11;28;26;19;109;39;12;841
312733;326;1;3;0;1;1;0;0;0;1;0;0;0;333
312735;54;1;1;0;0;0;1;0;0;4;7;4;7;79
312737;137;3;32;2;1;0;1;1;1;2;16;1;1;198
312738;352;25;87;53;47;48;18;28;20;53;124;84;116;1055
312740;305;4;3;3;3;4;7;3;3;5;3;4;8;355
312750;173;0;0;1;3;1;1;2;3;4;7;3;41;239
312760;1354;21;26;16;16;9;28;20;20;16;74;88;51;1739
312770;42948;1603;1669;2074;1816;1517;1896;1854;2170;1660;1883;1690;2035;64815
312780;1596;25;28;33;42;33;55;48;52;49;73;150;125;2309
312790;324;2;1;1;0;2;1;1;0;1;1;0;6;340
312800;3684;127;306;187;112;96;139;179;103;127;85;125;146;5416
312810;1283;31;45;36;42;53;165;203;467;214;209;135;80;2963
312820;432;15;5;6;7;4;47;12;6;6;9;42;2;593
312825;179;14;2;2;11;3;2;6;0;3;13;14;11;260
312830;3736;80;99;105;109;153;198;337;264;462;523;253;347;6666
312840;1296;83;52;75;96;55;58;104;110;61;51;66;225;2332
312850;491;12;22;12;34;14;17;23;37;25;32;20;77;816
312860;864;103;58;48;173;154;74;148;385;278;147;252;190;2874
312870;10039;271;336;345;372;412;607;610;564;752;846;756;428;16338
312880;916;23;20;56;27;32;24;24;24;29;43;30;40;1288
312890;576;24;19;28;51;25;11;23;48;117;318;30;39;1309
312900;663;13;14;27;15;14;10;16;13;18;20;19;22;864
312910;670;39;18;32;23;24;21;25;17;23;25;23;57;997
312920;800;13;12;28;22;15;23;25;31;114;76;137;43;1339
312930;509;16;15;8;15;9;10;10;7;17;10;11;68;705
312940;460;2;5;3;5;5;11;4;10;4;12;7;16;544
312950;3239;155;229;211;185;249;237;336;506;509;349;236;258;6699
312960;248;7;7;4;9;2;2;2;1;1;3;1;1;288
312965;275;1;2;1;4;0;3;0;1;0;6;0;0;293
312970;1662;85;91;78;47;58;159;492;870;238;77;122;116;4095
312980;7871;255;254;407;333;303;312;371;367;301;300;335;1527;12936
312990;234;2;0;4;5;1;4;2;3;2;1;3;11;272
313000;241;3;2;3;4;4;5;3;4;83;37;2;17;408
313005;15;1;0;0;0;0;2;0;0;1;0;0;1;20
313010;2357;57;71;86;131;68;88;72;82;101;100;200;448;3861
313020;1387;33;32;35;32;39;43;39;45;52;22;33;61;1853
313030;1082;20;11;18;26;23;18;15;19;10;14;14;207;1477
313040;752;20;40;21;33;54;28;28;19;16;16;24;55;1106
313050;1453;33;37;55;31;50;85;151;127;191;103;102;109;2527
313055;265;10;13;15;15;9;25;86;75;19;58;13;9;612
313060;1013;59;28;34;16;29;22;28;20;32;52;26;66;1425
313065;286;7;6;3;13;3;8;13;2;4;5;2;36;388
313070;902;13;12;13;9;39;98;105;184;72;84;86;65;1682
313080;418;7;4;14;3;8;8;8;23;60;57;33;37;680
313090;1084;14;28;28;26;28;27;45;27;16;37;26;228;1614
313100;1033;34;27;72;57;62;52;30;51;57;75;61;56;1667
313110;852;11;9;19;32;15;8;21;16;14;21;12;20;1050
313115;787;31;25;37;37;24;29;28;16;35;26;35;31;1141
313120;1349;29;31;36;21;25;27;33;22;28;21;43;79;1744
313130;53497;2490;1925;2081;1874;2824;2307;2499;2705;2331;3149;2213;2721;82616
313140;508;8;7;20;5;13;13;7;11;6;13;17;8;636
313150;601;8;23;10;19;12;25;42;35;14;11;17;28;845
313160;648;9;10;5;4;19;12;38;94;61;5;9;10;924
313170;23568;538;622;725;763;714;538;618;682;661;625;811;1193;32058
313180;409;5;7;8;8;3;5;4;8;2;7;6;28;500
313190;9090;343;258;252;295;309;368;292;292;262;275;280;1165;13481
313200;866;41;34;37;29;90;72;133;187;81;229;186;200;2185
313210;1573;126;168;143;120;22;26;39;24;49;63;132;180;2665
313220;1572;41;40;78;54;59;37;43;59;54;38;51;120;2246
313230;538;5;3;4;6;9;5;7;6;15;16;7;18;639
313240;18066;475;396;555;495;511;578;542;513;548;657;597;984;24917
313250;2369;50;59;69;60;91;98;73;139;122;546;110;123;3909
313260;547;8;9;10;5;7;8;7;7;6;9;5;13;641
313270;1556;34;35;53;35;39;40;30;23;32;45;60;178;2160
313280;107;10;6;7;14;0;3;3;2;1;3;1;47;204
313290;1044;13;28;27;38;30;37;60;90;275;67;70;70;1849
313300;1291;23;12;20;11;23;19;17;20;9;19;18;123;1605
313310;2919;63;73;92;68;100;78;70;61;87;73;128;184;3996
313320;483;8;5;18;7;20;18;14;15;12;15;11;158;784
313330;1307;46;26;26;27;18;26;31;26;19;31;29;112;1724
313340;1277;35;24;29;28;22;17;17;39;27;60;30;31;1636
313350;2338;29;54;55;44;34;34;33;64;34;63;48;61;2891
313360;1281;42;31;44;63;49;24;28;41;47;36;46;47;1779
313370;1651;21;39;53;51;42;52;38;38;45;235;37;193;2495
313375;2860;122;86;127;152;75;220;217;130;105;121;126;411;4752
313380;17725;469;568;847;772;555;636;629;583;599;624;670;1000;25677
313390;291;0;0;6;0;3;1;1;3;1;1;2;3;312
313400;322;3;3;6;11;12;1;2;8;3;2;5;16;394
313410;374;7;3;7;11;5;13;8;3;13;17;21;21;503
313420;13745;396;444;616;827;415;416;462;494;453;488;432;641;19829
313430;297;4;7;14;6;6;2;7;2;7;29;6;34;421
313440;5806;255;263;219;380;320;235;251;235;227;381;1161;304;10037
313450;328;8;2;15;7;2;2;4;3;7;3;6;24;411
313460;1267;40;25;27;20;19;36;7;18;17;19;39;18;1552
313470;558;12;7;12;7;9;7;8;5;8;8;7;9;657
313480;857;7;23;81;16;14;95;102;55;18;10;86;69;1433
313490;4640;114;119;156;135;175;172;209;266;243;142;166;184;6721
313500;318;14;20;28;25;20;19;20;15;16;17;61;56;629
313505;1484;72;32;26;163;69;56;155;43;68;143;32;245;2588
313507;432;11;9;17;12;7;36;12;16;12;69;4;38;675
313510;7031;983;208;295;245;200;182;200;206;244;225;269;321;10609
313520;2945;89;75;88;54;43;55;69;69;83;74;96;95;3835
313530;444;31;11;26;20;19;11;25;14;19;27;37;48;732
313535;199;0;4;3;0;3;0;1;0;23;29;9;14;285
313540;249;1;4;4;3;7;4;3;10;6;5;18;39;353
313545;246;2;0;0;0;0;1;2;1;0;0;0;4;256
313550;978;17;33;31;17;32;19;23;16;11;17;30;44;1268
313560;380;6;7;11;5;6;4;6;5;2;9;6;104;551
313570;526;10;8;22;14;16;18;24;11;19;20;18;131;837
313580;1296;43;30;17;26;22;26;13;22;32;19;15;24;1585
313590;494;10;3;17;8;3;2;10;4;14;13;9;68;655
313600;822;25;14;23;14;14;24;11;14;11;21;21;20;1034
313610;324;5;6;8;6;6;12;25;17;21;16;24;19;489
313620;12821;406;384;594;394;446;492;512;488;466;417;520;535;18475
313630;6118;269;310;329;461;315;394;387;407;485;754;596;829;11654
313640;383;4;2;6;5;3;4;8;2;12;28;8;14;479
313650;342;5;3;10;7;7;9;8;6;8;7;8;5;425
313652;132;0;3;0;0;0;0;0;0;2;30;1;1;169
313655;191;1;2;2;0;1;0;1;0;2;0;0;28;228
313657;175;1;3;6;0;1;0;1;1;0;0;2;50;240
313660;356;14;5;2;3;6;50;3;8;2;8;5;14;476
313665;3980;94;120;117;112;107;148;159;110;96;149;87;151;5430
313670;99792;2912;2914;3555;2997;2649;3296;3103;3126;2899;3016;3146;5355;138760
313680;423;14;17;20;29;16;15;18;24;24;23;30;9;662
313690;975;25;41;23;30;41;95;67;106;165;28;29;86;1711
313695;224;0;2;1;1;0;0;0;0;0;0;0;0;228
313700;407;2;3;4;2;2;7;20;4;4;2;18;56;531
313710;722;8;4;20;12;32;20;20;12;21;24;12;51;958
313720;6203;200;171;154;1023;184;172;233;242;208;211;230;1979;11210
313730;127;2;2;2;3;0;5;1;0;0;0;0;1;143
313740;925;21;30;20;25;11;23;15;16;21;20;19;46;1192
313750;1151;17;20;24;26;23;49;50;161;71;307;67;54;2020
313753;689;41;38;58;45;38;45;55;147;40;46;39;112;1393
313760;6474;163;154;196;134;161;182;152;203;213;254;187;354;8827
313770;795;22;14;43;28;28;46;44;111;139;17;24;24;1335
313780;2115;53;43;80;47;47;51;53;49;43;46;44;94;2765
313790;169;0;2;1;0;0;0;0;1;0;3;2;22;200
313800;586;15;20;11;19;10;20;14;10;8;22;15;22;772
313810;996;55;60;62;33;51;66;33;68;29;83;57;334;1927
313820;17925;574;436;545;367;583;469;507;604;774;652;490;540;24466
313830;267;6;3;14;19;5;10;13;10;9;12;22;74;464
313835;209;0;3;1;4;1;0;4;2;1;0;1;1;227
313840;7430;201;177;231;179;285;179;177;201;174;185;236;263;9918
313850;1336;16;13;46;45;22;25;25;11;15;36;12;40;1642
313860;1625;138;36;56;21;28;30;38;37;21;36;41;24;2131
313862;712;22;28;38;26;9;21;30;22;35;46;128;155;1272
313865;19;1;1;3;3;2;2;1;3;23;35;4;163;260
313867;251;3;2;4;2;6;1;0;47;0;0;4;23;343
313868;20;0;0;1;0;1;1;0;0;0;2;1;0;26
313870;642;12;16;17;14;28;34;59;79;53;102;206;197;1459
313880;2297;65;65;68;81;79;63;112;353;129;93;89;189;3683
313890;290;2;1;2;6;3;6;2;2;0;1;2;4;321
313900;6782;203;480;263;228;236;342;497;665;1080;1565;541;462;13344
313910;355;12;6;11;10;5;6;26;9;11;6;12;88;557
313920;811;7;4;9;4;10;8;3;16;10;107;11;5;1005
313925;192;1;1;0;1;0;1;0;0;0;1;0;1;198
313930;1106;23;4;17;9;6;5;6;11;9;21;10;7;1234
313940;10263;313;383;470;379;340;467;624;906;1149;559;663;957;17473
313950;2497;59;42;100;78;45;90;155;217;250;154;81;186;3954
313960;2622;34;68;69;56;212;57;67;65;57;56;64;63;3490
313970;946;26;16;34;39;53;26;23;31;23;41;46;43;1347
313980;2000;36;50;77;57;59;69;75;70;131;54;50;110;2838
313990;865;28;44;28;30;31;26;30;30;12;18;50;82;1274
314000;6828;144;161;190;170;153;176;186;191;224;219;209;1034;9885
314010;240;2;0;1;1;0;0;3;0;3;4;1;0;255
314015;705;28;44;24;33;35;30;58;46;59;31;76;64;1233
314020;520;15;11;15;10;8;7;14;7;16;15;26;18;682
314030;638;21;38;64;28;21;48;31;31;37;40;103;234;1334
314040;247;0;1;7;3;6;8;4;4;3;8;6;12;309
314050;2971;151;137;181;190;149;206;192;209;184;188;164;433;5355
314053;350;18;5;26;11;15;29;44;75;248;40;21;94;976
314055;221;0;1;1;2;2;0;0;1;5;2;1;0;236
314060;191;2;1;3;1;4;2;3;1;4;5;1;67;285
314070;4005;96;104;126;132;99;135;124;142;134;199;125;219;5640
314080;1959;80;102;148;67;44;63;115;64;89;59;51;83;2924
314085;1103;26;23;39;31;23;26;30;41;46;36;23;30;1477
314090;1107;23;20;21;33;24;45;71;244;106;46;22;40;1802
314100;486;3;1;2;4;3;8;9;2;1;5;1;19;544
314110;7696;473;454;635;519;444;557;393;329;511;521;583;708;13823
314120;312;9;24;12;4;5;11;10;25;4;4;6;15;441
314130;329;7;6;8;2;6;7;16;10;7;10;2;17;427
314140;1249;12;10;31;19;25;83;18;38;32;61;110;69;1757
314150;325;4;4;19;3;5;11;7;7;3;9;3;21;421
314160;706;10;11;15;16;16;30;21;22;16;13;13;144;1033
314170;355;5;14;20;9;4;4;9;3;7;3;2;6;441
314180;1349;51;30;75;32;59;73;65;194;130;325;93;542;3018
314190;422;6;6;17;7;3;3;5;8;5;10;16;6;514
314200;517;13;9;7;6;4;9;3;2;5;21;135;3;734
314210;800;9;10;17;26;12;23;11;5;14;18;13;47;1005
314220;1480;37;27;19;21;26;23;11;19;20;49;16;64;1812
314225;206;0;0;0;0;0;0;0;0;1;0;0;0;207
314230;378;3;6;4;10;3;3;5;7;5;11;8;6;449
314240;678;7;7;14;15;11;18;15;13;20;14;13;55;880
314250;217;2;5;2;5;2;8;2;3;5;3;1;67;322
314260;1541;72;83;96;94;77;147;114;193;241;215;160;77;3110
314270;929;8;9;12;12;13;10;9;8;17;4;5;11;1047
314280;2154;52;62;73;51;49;58;53;117;72;63;60;113;2977
314290;843;5;9;8;3;5;8;6;6;3;7;11;9;923
314300;2607;44;20;126;393;67;202;216;293;506;152;2026;602;7254
314310;6880;256;234;354;364;600;819;1132;1861;2423;1364;590;319;17196
314315;182;9;2;2;2;0;1;4;3;4;8;2;30;249
314320;2926;152;122;145;178;227;233;240;358;555;460;428;412;6436
314330;48030;1226;1140;1710;1062;1376;1539;1290;1533;1401;1367;1516;5070;68260
314340;4086;88;121;165;115;138;112;177;161;164;113;97;161;5698
314345;361;8;11;15;16;7;1;5;6;2;9;12;7;460
314350;1011;45;22;44;34;20;24;22;19;20;51;40;194;1546
314360;1001;31;26;45;44;44;43;43;45;46;56;52;60;1536
314370;270;2;3;11;3;3;3;9;6;2;8;2;39;361
314380;347;2;7;2;2;9;6;5;1;4;6;2;2;395
314390;16176;343;437;479;411;411;431;390;410;378;450;572;695;21583
314400;1232;37;23;38;98;20;28;34;20;28;27;22;39;1646
314410;2765;87;120;100;107;173;163;126;195;470;198;175;182;4861
314420;73;3;2;1;2;5;10;2;10;11;9;88;3;219
314430;5283;116;113;226;177;171;232;222;173;162;564;229;1020;8688
314435;592;21;45;36;10;23;41;41;21;37;47;37;41;992
314437;275;18;3;1;3;15;1;3;2;2;2;0;6;331
314440;474;3;16;18;12;7;3;1;8;16;14;6;17;595
314450;668;12;10;9;31;9;15;22;21;14;45;12;17;885
314460;2818;43;53;62;51;96;159;122;278;396;657;251;76;5062
314465;88;5;2;1;3;4;8;2;4;5;2;3;3;130
314467;83;1;2;2;3;5;1;3;3;3;1;5;85;197
314470;3145;86;175;90;109;95;101;117;109;114;143;179;423;4886
314480;20425;816;942;826;2496;1311;859;949;884;821;638;873;932;32772
314490;263;4;1;7;3;1;2;4;3;3;12;4;53;360
314500;2447;92;103;142;84;102;149;233;98;120;156;215;206;4147
314505;618;25;26;24;23;19;18;16;27;26;28;26;197;1073
314510;870;23;72;47;61;27;44;56;83;178;106;109;64;1740
314520;17255;278;707;981;765;879;823;822;854;827;734;892;2453;28270
314530;653;12;8;5;8;3;7;38;108;474;166;343;20;1845
314535;519;15;7;15;17;11;13;9;15;2;40;12;103;778
314537;238;0;2;2;3;4;4;1;3;4;28;4;6;299
314540;207;1;8;2;5;5;1;0;1;0;3;2;3;238
314545;545;31;36;90;34;33;23;36;33;35;20;44;33;993
314550;393;2;6;27;6;3;5;3;3;5;4;4;27;488
314560;5917;186;164;243;191;127;188;208;201;450;301;207;169;8552
314570;165;1;3;2;2;1;7;1;3;6;7;5;61;264
314580;343;5;2;12;6;2;9;10;9;6;10;7;9;430
314585;311;9;1;7;10;33;5;9;7;8;13;19;65;497
314587;280;0;2;1;0;2;1;1;0;1;0;0;1;289
314590;10721;231;270;476;400;274;293;186;288;586;389;314;681;15109
314600;4258;109;126;131;125;106;104;126;189;175;429;109;209;6196
314610;11984;425;317;608;391;434;311;361;452;336;293;356;562;16830
314620;207;0;1;0;2;0;2;2;0;1;6;3;47;271
314625;506;13;13;15;18;16;11;9;12;24;20;34;38;729
314630;632;8;24;16;16;28;11;6;16;15;16;15;83;886
314640;388;15;8;19;10;7;18;15;15;7;18;13;12;545
314650;1575;42;41;60;56;43;36;62;63;42;59;80;198;2357
314655;338;0;1;5;3;1;2;4;3;3;2;0;0;362
314660;145;2;4;3;1;2;0;2;1;1;1;1;64;227
314670;576;11;1;5;6;10;8;5;7;5;20;42;36;732
314675;157;2;2;1;6;2;2;6;3;8;8;115;3;315
314690;3243;79;121;110;126;121;131;139;149;127;155;147;173;4821
314700;10841;652;466;1053;686;654;991;945;1832;993;1248;1522;1618;23501
314710;16508;430;424;568;488;514;608;459;553;503;650;543;732;22980
314720;3103;65;97;99;88;97;145;198;189;248;181;237;175;4922
314730;5054;81;88;84;82;74;82;118;54;99;127;88;98;6129
314740;3856;99;122;129;125;113;132;81;120;141;161;141;254;5474
314750;121;0;0;0;1;0;1;1;1;1;0;0;2;128
314760;2411;44;75;86;64;42;34;53;65;64;64;83;134;3219
314770;900;15;12;17;10;17;18;25;7;18;11;21;17;1088
314780;200;1;5;4;4;2;0;1;3;5;7;3;32;267
314790;16074;458;436;600;566;543;514;660;535;608;566;540;1973;24073
314795;240;0;1;0;1;1;2;0;1;1;1;1;26;275
314800;23131;1079;918;1017;817;1071;1022;1520;1415;2011;1242;1276;1227;37746
314810;12870;623;559;683;818;641;1239;1639;2646;4189;1587;800;988;29282
314820;956;17;15;20;31;20;35;14;25;20;22;22;32;1229
314830;457;8;8;6;8;23;163;182;101;11;42;11;83;1103
314840;169;4;2;5;2;1;3;1;0;0;4;1;40;232
314850;591;3;4;2;7;6;7;7;8;8;3;13;15;674
314860;1406;14;27;47;18;29;39;38;39;27;35;47;129;1895
314870;1469;24;12;26;15;26;29;11;17;13;46;30;70;1788
314875;266;2;1;2;6;2;3;1;0;3;2;6;0;294
314880;219;1;3;2;0;0;2;5;0;1;4;1;15;253
314890;640;10;9;30;19;8;8;6;8;11;11;7;18;785
314900;124;2;2;3;0;2;2;0;2;1;2;6;32;178
314910;1090;20;20;38;26;32;25;12;27;43;29;32;45;1439
314915;347;5;6;29;23;12;40;46;32;31;37;17;263;888
314920;471;12;13;12;9;59;102;15;29;37;11;6;60;836
314930;11671;404;355;462;460;481;709;462;486;514;440;533;779;17756
314940;150;5;2;1;3;0;1;1;2;0;1;2;1;169
314950;573;13;12;19;15;11;13;20;15;14;18;19;41;783
314960;400;11;6;7;5;4;10;5;7;5;5;4;6;475
314970;814;19;31;34;18;22;22;20;20;4;47;21;90;1162
314980;2589;96;128;256;308;159;163;273;478;472;619;152;215;5908
314990;2868;110;88;101;101;72;74;94;131;177;130;133;123;4202
314995;138;42;44;17;16;9;21;15;4;8;20;16;165;515
315000;243;4;1;3;1;5;28;3;4;1;4;3;15;315
315010;310;8;1;4;3;6;2;5;7;3;1;3;4;357
315015;305;8;2;2;3;2;15;13;121;83;106;9;8;677
315020;320;3;9;11;5;10;14;5;4;6;24;11;83;505
315030;381;14;7;18;1;9;3;1;2;12;5;17;12;482
315040;234;2;1;1;1;2;2;0;17;4;2;4;6;276
315050;866;20;22;30;47;76;172;198;208;209;666;67;86;2667
315053;1027;36;47;58;24;32;70;58;57;31;63;33;42;1578
315057;230;0;3;0;1;2;0;2;0;0;0;1;2;241
315060;544;28;4;15;6;11;1;7;6;7;6;10;24;669
315070;763;15;23;36;60;68;50;36;38;43;25;481;499;2137
315080;805;20;9;7;8;7;12;8;16;7;11;12;4;926
315090;347;4;5;2;2;3;5;3;3;6;3;8;8;399
315100;571;9;5;10;11;27;31;25;17;29;20;63;127;945
315110;1694;23;23;36;32;29;26;47;32;29;37;35;149;2192
315120;8844;217;232;257;318;248;295;443;319;637;565;330;626;13331
315130;1255;34;41;66;38;29;36;35;28;36;56;62;98;1814
315140;4529;108;102;152;129;159;162;136;165;171;166;211;319;6509
315150;4241;130;95;124;95;169;280;499;796;540;221;161;220;7571
315160;647;14;14;18;39;35;20;15;16;9;79;117;26;1049
315170;1147;20;28;37;32;35;23;34;33;43;46;22;58;1558
315180;34199;1200;1396;1523;1120;1135;1350;1346;1560;1448;1279;1360;1926;50842
315190;170;0;3;2;3;6;7;5;3;19;10;4;86;318
315200;3509;123;114;203;113;102;142;117;143;139;192;156;526;5579
315210;10394;284;306;367;370;422;331;304;280;360;351;299;664;14732
315213;199;2;0;0;2;0;0;0;0;0;0;0;0;203
315217;315;0;0;2;6;3;2;6;5;1;7;11;165;523
315220;1711;19;28;37;23;34;551;29;19;11;51;37;40;2590
315230;411;2;2;8;7;2;43;31;2;8;3;2;2;523
315240;644;6;9;10;11;7;9;6;2;5;7;5;4;725
315250;25911;956;1047;1051;1023;979;1119;1985;1193;1355;1249;1083;1675;40626
315260;905;14;27;38;35;22;17;43;86;11;26;17;48;1289
315270;807;8;9;13;10;5;9;16;20;4;29;8;58;996
315280;3666;196;141;187;146;159;152;210;169;223;164;170;607;6190
315290;743;28;29;28;16;29;28;21;31;24;20;31;49;1077
315300;322;7;3;6;7;8;23;9;44;23;60;8;15;535
315310;358;3;1;5;1;2;9;2;2;1;2;9;8;403
315320;340;2;4;3;7;8;5;6;3;4;13;4;6;405
315330;194;2;2;2;1;1;2;1;1;0;5;0;0;211
315340;2180;65;138;91;141;265;84;243;479;350;607;254;104;5001
315350;432;13;8;6;11;11;5;8;14;11;8;9;27;563
315360;1520;41;39;71;60;51;121;40;35;100;67;95;132;2372
315370;409;15;26;32;19;24;30;60;57;309;44;11;14;1050
315380;184;4;1;5;3;1;3;2;1;3;1;4;8;220
315390;527;6;8;9;10;10;16;5;8;8;64;10;38;719
315400;1858;54;39;64;40;54;50;59;58;34;60;61;98;2529
315410;961;8;13;19;13;14;21;18;19;6;9;15;16;1132
315415;545;31;13;16;14;8;20;84;62;106;33;32;13;977
315420;700;13;11;16;15;17;10;19;10;18;18;12;37;896
315430;1704;68;48;47;52;70;91;62;90;77;82;96;256;2743
315440;546;18;9;16;9;39;9;4;10;22;11;9;48;750
315445;345;5;11;11;6;4;8;9;10;10;29;11;58;517
315450;1042;21;51;52;73;96;68;42;161;94;109;84;120;2013
315460;10420;375;462;577;503;1316;397;393;359;408;385;399;2547;18541
315470;531;14;19;14;14;19;16;11;16;15;30;14;35;748
315480;2631;115;135;115;160;104;138;88;146;189;142;161;184;4308
315490;2044;38;52;53;59;41;47;36;50;73;72;82;258;2905
315500;260;13;6;24;14;12;38;20;7;4;3;2;3;406
315510;410;2;49;6;2;1;9;3;3;2;3;3;16;509
315520;156;1;1;3;4;2;0;0;5;0;0;2;6;180
315530;282;2;3;3;4;1;4;1;3;6;13;3;12;337
315540;1001;24;23;22;22;15;38;31;16;16;28;16;68;1320
315550;2442;328;238;391;524;992;227;244;601;992;1247;1708;1256;11190
315560;1671;33;55;29;28;25;48;29;50;132;42;16;38;2196
315570;1318;62;50;96;70;75;49;75;80;62;74;138;199;2348
315580;1926;45;59;73;75;42;59;118;99;24;59;83;118;2780
315590;454;7;2;12;8;3;2;5;10;9;8;5;6;531
315600;682;4;7;6;3;1;6;1;7;7;4;6;36;770
315610;336;5;3;6;6;6;2;8;5;11;4;12;7;411
315620;241;12;5;6;1;7;6;2;4;4;9;13;44;354
315630;1545;65;38;40;38;34;46;40;64;44;36;31;65;2086
315640;589;22;13;9;13;43;146;203;207;844;240;18;30;2377
315645;291;2;0;0;1;21;2;3;10;12;4;5;46;397
315650;416;0;2;4;5;5;7;4;1;6;3;1;7;461
315660;416;5;11;10;7;6;5;9;6;5;10;8;177;675
315670;8281;430;328;269;228;201;255;249;254;304;181;218;1136;12334
315680;929;17;14;17;14;32;11;15;27;14;15;14;87;1206
315690;3957;159;149;219;147;127;122;148;176;176;184;167;410;6141
315700;3257;89;74;92;109;86;63;84;104;89;214;117;257;4635
315710;673;8;2;19;9;8;11;10;7;8;8;4;30;797
315720;4160;134;110;132;101;126;124;169;157;124;120;161;444;6062
315725;264;4;0;3;5;8;2;3;5;1;7;4;58;364
315727;269;8;11;11;58;2;4;4;0;5;21;17;2;412
315730;183;3;2;4;3;3;0;1;2;1;35;17;59;313
315733;427;33;10;25;12;11;20;18;15;30;21;21;59;702
315737;138;8;5;3;2;7;5;13;6;3;57;4;138;389
315740;486;107;52;146;63;40;67;31;26;34;5;15;39;1111
315750;9;0;0;2;0;0;7;3;8;8;12;37;156;242
315760;107;0;0;2;1;1;2;2;1;2;7;0;2;127
315765;211;1;0;0;0;0;5;0;0;0;0;2;2;221
315770;1411;72;90;92;182;281;157;108;217;68;81;216;191;3166
315780;16173;381;564;587;592;400;391;482;422;498;449;627;677;22243
315790;461;7;8;12;12;8;19;8;8;22;10;10;177;762
315800;1019;24;13;37;34;60;35;42;61;36;36;23;63;1483
315810;296;4;2;1;3;5;1;3;1;6;5;2;20;349
315820;615;6;13;9;14;11;6;13;12;16;9;11;124;859
315830;1056;32;27;32;40;50;82;101;102;296;345;181;62;2406
315840;330;19;22;14;17;13;17;22;7;13;14;12;39;539
315850;227;4;4;2;6;3;4;2;2;4;14;3;161;436
315860;553;20;25;19;11;12;19;35;29;19;29;18;45;834
315870;216;1;1;2;0;2;1;0;3;4;0;1;1;232
315880;376;5;4;9;5;7;15;12;13;4;7;6;24;487
315890;326;3;5;7;7;8;41;124;52;103;22;22;49;769
315895;1550;59;85;88;82;69;73;59;106;89;392;219;375;3246
315900;344;2;10;5;10;1;4;7;6;5;4;2;5;405
315910;275;6;1;4;4;3;5;9;5;0;4;5;16;337
315920;572;14;10;11;20;14;7;12;8;9;13;31;56;777
315930;624;12;11;56;5;6;12;4;7;12;14;8;15;786
315935;701;20;23;20;20;17;52;140;202;56;43;12;100;1406
315940;262;2;5;8;3;5;2;4;7;3;18;8;32;359
315950;243;3;2;4;0;2;1;1;1;6;1;4;0;268
315960;9362;237;188;254;208;254;289;260;240;258;419;469;406;12844
315970;211;5;0;7;8;4;7;23;30;5;184;4;37;525
315980;2112;120;62;87;61;53;81;73;75;110;111;77;547;3569
315990;2057;35;75;205;34;39;76;89;253;312;776;143;92;4186
316000;283;1;1;3;19;2;6;0;4;3;8;4;4;338
316010;259;4;8;4;5;12;7;3;8;6;8;16;74;414
316020;203;1;0;2;3;0;1;0;2;1;5;3;4;225
316030;276;0;1;1;1;1;6;0;0;7;2;0;0;295
316040;4764;151;200;192;181;157;147;168;188;145;144;174;318;6929
316045;221;0;1;0;4;0;0;0;1;1;0;3;48;279
316050;133;1;1;1;0;3;3;2;3;1;1;0;25;174
316060;395;6;59;8;4;3;6;8;12;5;20;11;32;569
316070;5134;189;151;168;165;111;130;134;182;145;120;133;305;7067
316080;306;10;13;8;19;26;31;19;22;37;122;96;24;733
316090;346;22;9;35;8;7;86;16;6;6;7;10;64;622
316095;407;6;6;3;4;9;16;31;165;306;10;7;9;979
316100;1261;35;17;31;23;18;26;49;29;39;33;28;47;1636
316105;98;8;0;0;0;0;0;1;1;0;0;0;1;109
316110;2767;35;23;51;32;37;39;59;30;16;54;38;51;3232
316120;628;17;13;18;14;4;5;83;113;441;29;23;9;1397
316130;764;30;27;31;20;28;15;23;14;14;17;52;103;1138
316140;281;13;5;6;23;14;31;46;12;34;23;8;40;536
316150;1021;33;19;33;19;28;35;42;45;26;38;30;34;1403
316160;137;0;0;0;0;0;1;0;0;0;0;1;18;157
316165;132;3;2;1;7;7;2;0;3;2;3;1;21;184
316170;758;29;16;98;84;43;173;106;23;111;32;35;124;1632
316180;1688;40;52;93;43;61;88;80;42;49;64;44;135;2479
316190;2603;33;33;58;77;61;109;229;415;150;145;94;327;4334
316200;3284;82;87;87;104;109;201;153;212;217;301;561;227;5625
316210;3261;326;128;287;254;485;188;183;314;327;217;359;499;6828
316220;800;30;35;33;50;44;24;50;35;60;13;25;86;1285
316225;206;4;2;3;1;3;4;3;4;6;1;0;7;244
316230;188;6;3;7;1;7;10;4;7;1;14;2;24;274
316240;593;5;1;7;4;5;4;3;5;3;7;0;8;645
316245;253;2;3;0;0;0;1;2;2;0;0;2;2;267
316250;13074;359;394;708;462;440;362;392;391;419;591;397;836;18825
316255;522;17;11;10;12;77;92;96;555;297;29;43;35;1796
316257;338;3;5;3;4;8;4;0;2;3;4;2;1;377
316260;433;9;5;10;9;7;12;7;11;6;6;7;96;618
316265;84;0;1;0;0;0;0;1;0;0;0;0;63;149
316270;2225;73;96;85;83;124;70;108;93;103;105;91;226;3482
316280;868;32;22;34;11;17;30;21;16;21;13;12;26;1123
316290;4984;93;143;219;167;170;139;154;153;166;139;198;189;6914
316292;3087;61;73;61;50;68;53;57;60;59;67;63;179;3938
316294;670;9;4;14;21;10;45;55;35;82;208;7;66;1226
316295;2343;42;55;77;56;48;74;50;36;232;54;56;222;3345
316300;144;0;0;2;1;0;2;1;4;1;5;0;4;164
316310;605;11;16;19;17;12;14;13;13;16;24;18;32;810
316320;229;6;2;2;6;7;3;33;4;3;3;2;3;303
316330;136;0;2;3;0;0;1;0;0;0;5;1;2;150
316340;1092;39;14;73;45;63;75;71;55;248;46;87;45;1953
316350;283;1;3;2;0;4;3;3;3;7;4;0;14;327
316360;165;2;1;2;0;0;0;1;1;1;1;0;10;184
316370;6606;199;169;276;244;217;266;204;207;150;289;167;599;9593
316380;356;3;1;3;4;1;1;36;34;19;4;6;1;469
316390;312;2;4;4;2;4;4;5;8;6;19;7;31;408
316400;1108;15;31;19;26;38;37;41;45;39;45;53;459;1956
316410;217;2;0;1;0;3;4;0;2;55;0;1;7;292
316420;523;4;3;9;10;4;2;42;8;4;9;51;28;697
316430;361;1;8;7;8;8;5;11;46;25;7;9;96;592
316440;869;46;25;34;47;37;34;48;50;61;102;84;155;1592
316443;160;1;0;0;7;1;1;1;1;0;0;0;0;172
316447;275;4;5;4;4;7;0;2;0;0;4;2;5;312
316450;215;0;1;1;1;3;3;2;4;4;3;25;1;263
316460;811;18;17;35;35;33;21;52;26;26;27;39;138;1278
316470;12655;435;447;455;378;436;507;593;820;1131;774;575;589;19795
316480;165;1;1;0;0;1;0;0;0;0;0;0;1;169
316490;145;2;2;2;2;2;2;3;2;8;6;6;70;252
316500;1020;59;27;18;32;27;26;18;33;19;38;30;64;1411
316510;925;14;21;18;14;21;71;45;81;210;42;26;48;1536
316520;2171;70;72;81;56;75;64;90;83;93;72;85;129;3141
316530;813;6;14;20;23;20;19;12;13;23;19;27;70;1079
316540;922;18;17;29;27;18;33;24;23;28;30;20;30;1219
316550;59;5;7;5;1;5;8;4;1;0;2;0;182;279
316553;1554;56;37;80;51;33;71;45;49;38;71;32;245;2362
316555;104;0;2;2;0;1;0;1;1;0;2;0;19;132
316556;129;5;0;6;1;0;0;2;0;2;3;4;6;158
316557;179;1;8;1;4;4;0;1;1;2;4;19;6;230
316560;249;6;6;19;6;6;20;2;3;3;17;5;26;368
316570;811;2;5;8;8;11;37;42;72;23;14;14;19;1066
316580;126;2;1;3;0;1;3;0;1;1;2;3;0;143
316590;277;1;2;0;0;5;4;7;1;0;6;0;55;358
316600;239;35;2;1;1;7;21;7;32;3;3;2;38;391
316610;142;1;1;3;1;1;1;3;3;0;3;2;16;177
316620;278;2;4;7;4;7;9;7;7;9;11;4;22;371
316630;284;1;0;0;1;4;3;2;1;3;2;2;21;324
316640;186;2;1;0;1;2;1;0;1;4;13;1;32;244
316650;205;2;1;0;0;0;0;0;0;0;0;0;1;209
316660;148;1;1;0;0;1;0;1;0;0;0;1;0;153
316670;646;14;13;17;17;21;15;24;28;46;50;301;115;1307
316680;1428;56;49;175;45;95;223;366;741;847;460;72;107;4664
316690;946;71;23;44;111;83;133;153;122;260;491;231;45;2713
316695;250;1;1;5;3;2;0;0;1;0;3;0;0;266
316700;161;1;2;3;1;1;2;3;0;1;2;2;3;182
316710;1293;18;22;20;31;26;21;42;25;13;31;26;75;1643
316720;39189;950;1017;1162;1019;1428;1396;1193;1381;1193;1166;1311;1788;54193
316730;192;1;3;2;2;0;0;3;0;3;1;0;1;208
316740;1152;34;28;30;38;25;36;31;46;28;35;127;102;1712
316750;696;5;9;7;12;13;7;11;4;13;21;26;27;851
316760;622;6;23;4;14;3;9;9;25;153;31;14;9;922
316770;409;5;38;5;3;16;19;16;12;11;7;17;34;592
316780;461;4;6;11;11;25;15;21;11;10;15;49;30;669
316790;335;73;2;13;17;11;56;11;14;6;8;6;28;580
316800;3083;80;84;154;123;173;125;147;397;202;288;142;332;5330
316805;168;5;2;4;3;9;2;3;2;1;1;4;26;230
316810;1945;75;50;77;94;48;87;126;107;389;96;97;110;3301
316820;271;0;4;2;4;4;24;14;3;9;25;61;16;437
316830;296;7;9;6;4;6;13;9;0;7;6;13;17;393
316840;338;23;16;15;17;7;23;21;34;22;43;50;247;856
316850;554;15;28;17;19;43;221;95;67;14;48;137;315;1573
316860;15799;392;449;604;575;394;465;515;537;423;749;607;652;22161
316870;15616;711;717;774;593;829;671;662;496;547;557;581;666;23420
316880;1284;28;38;59;38;38;32;64;50;50;41;30;55;1807
316890;524;15;6;15;9;16;22;213;47;90;105;31;19;1112
316900;2010;33;43;70;60;64;63;66;58;55;60;74;78;2734
316905;166;1;1;1;1;5;1;1;0;2;2;5;9;195
316910;318;4;4;7;3;4;4;6;4;4;1;14;51;424
316920;682;21;24;42;34;16;22;22;12;17;23;46;169;1130
316930;12832;354;326;405;320;402;418;473;608;884;904;983;877;19786
316935;3681;191;63;118;113;138;130;95;90;96;87;89;352;5243
316940;9229;179;187;372;367;332;542;621;792;1724;1068;2051;479;17943
316950;260;13;5;7;6;10;6;11;7;8;37;33;55;458
316960;3249;104;145;144;184;148;95;124;144;167;203;148;225;5080
316970;1515;47;40;54;59;43;49;44;67;84;88;220;439;2749
316980;550;13;18;21;14;20;40;13;11;55;34;55;29;873
316990;17838;550;584;676;586;540;671;740;634;665;650;691;1354;26179
317000;164;2;4;3;2;3;2;1;2;8;3;8;4;206
317005;535;15;13;10;9;13;38;55;41;95;17;22;29;892
317010;58839;2381;2427;3120;2359;2636;2883;3068;2834;2558;3006;2581;5780;94472
317020;129125;4517;5522;6299;5428;5471;5352;6107;5488;5500;6421;6131;5985;197346
317030;215;3;4;1;6;7;4;4;5;3;10;12;59;333
317040;11622;549;2474;1813;955;532;583;661;871;836;649;751;1222;23518
317043;373;17;11;15;50;24;20;10;9;15;33;48;40;665
317047;244;7;25;44;36;13;7;12;7;17;4;19;92;527
317050;1787;31;36;28;30;16;44;34;23;21;61;465;211;2787
317052;141;5;6;9;2;9;95;134;16;54;8;3;2;484
317057;303;17;9;6;8;21;8;6;7;7;24;21;12;449
317060;169;9;5;19;1;22;20;69;67;77;46;29;80;613
317065;268;3;1;1;3;1;1;3;1;2;2;9;1;296
317070;27409;1199;1091;1313;946;964;1031;1120;1330;1794;1734;1562;1610;43103
317075;530;11;10;10;6;9;26;63;41;118;46;66;142;1078
317080;5155;191;231;197;233;176;166;167;165;191;318;241;560;7991
317090;548;3;1;5;2;3;6;3;5;4;3;5;4;592
317100;2728;166;98;156;74;77;109;146;135;102;181;259;403;4634
317103;236;8;6;10;7;15;47;6;8;16;282;3;157;801
317107;282;1;0;0;2;3;0;4;0;1;9;0;2;304
317110;499;27;33;31;33;16;25;10;30;24;19;20;23;790
317115;193;5;4;2;2;7;7;0;2;7;2;2;33;266
317120;8343;383;276;458;350;262;299;320;335;332;503;320;983;13164
317130;13684;398;270;348;341;338;483;482;435;384;338;378;379;18258
317140;253;2;2;6;6;5;2;1;6;6;10;3;16;318
317150;177;3;5;6;2;2;4;3;2;1;5;19;86;315
317160;576;8;13;10;2;6;6;3;5;5;4;7;3;648
317170;803;21;6;11;40;11;21;8;10;12;17;15;31;1006
317180;557;11;6;12;9;8;10;12;13;13;7;12;62;732
317190;181;19;2;1;4;0;3;1;1;1;1;3;28;245
317200;7571;315;221;250;420;281;288;302;247;267;268;218;334;10982
317210;551;17;5;19;7;15;15;12;7;11;10;9;142;820
317220;255;0;2;8;1;2;0;8;2;2;3;5;5;293
319999;0;0;0;0;0;0;0;0;0;0;0;0;0;0
320010;2483;51;16;50;65;35;40;32;49;34;29;69;246;3199
320013;492;8;11;20;13;42;52;13;15;9;15;98;65;853
320016;581;6;9;11;6;4;12;11;6;3;24;8;50;731
320020;2621;44;47;76;65;40;47;48;57;41;114;59;246;3505
320030;1015;25;21;37;20;21;16;34;40;33;25;23;34;1344
320035;428;21;7;14;12;12;21;16;18;9;15;20;139;732
320040;3506;75;123;220;385;94;403;190;98;140;81;347;606;6268
320050;573;78;19;35;10;6;6;3;8;13;20;84;130;985
320060;16634;743;705;1268;1503;1569;1558;1139;953;1508;1655;1443;2388;33066
320070;1705;43;60;76;39;43;36;43;56;26;61;50;217;2455
320080;2939;129;81;183;214;232;325;459;363;117;348;86;628;6104
320090;4356;81;131;124;90;96;119;105;128;101;107;117;179;5734
320100;1759;35;35;47;31;197;113;92;89;120;178;48;197;2941
320110;940;15;15;34;10;22;20;16;8;17;28;11;43;1179
320115;421;16;12;12;14;18;40;135;227;406;105;58;162;1626
320120;32249;726;810;1131;730;884;879;826;822;966;1163;922;3008;45116
320130;32137;1023;1109;1575;1057;1207;1553;1310;1362;1253;1356;1237;6493;52672
320140;3681;90;85;120;104;115;87;111;116;82;80;118;384;5173
320150;25128;632;761;890;1061;778;850;1003;785;673;737;747;1375;35420
320160;3843;144;353;152;755;233;274;328;153;123;312;615;850;8135
320170;807;17;17;28;25;18;21;32;28;23;24;34;144;1218
320180;207;1;2;9;7;10;2;14;13;3;5;6;98;377
320190;3251;63;126;105;81;69;83;85;97;90;181;149;260;4640
320200;437;5;9;3;33;14;10;11;14;22;7;23;47;635
320210;2497;56;52;61;64;48;77;50;53;64;57;68;273;3420
320220;4932;274;186;320;247;279;373;320;192;185;293;247;581;8429
320225;576;4;20;18;17;13;74;12;18;20;39;23;46;880
320230;2924;64;73;84;71;81;64;130;136;72;169;106;279;4253
320240;14141;463;816;910;480;493;441;425;419;469;460;422;1638;21577
320245;714;24;23;37;24;23;28;27;65;187;46;28;434;1660
320250;5103;416;554;594;428;532;530;711;315;376;470;399;592;11020
320255;451;4;6;8;3;3;11;9;8;19;1;4;102;629
320260;2410;33;56;46;65;46;48;47;44;47;49;48;78;3017
320265;547;8;6;10;3;27;9;11;112;110;19;12;158;1032
320270;1050;32;19;24;18;40;40;80;90;82;23;22;265;1785
320280;3620;82;182;154;138;158;151;110;143;93;284;214;1379;6708
320290;495;15;7;11;8;12;31;31;23;12;5;8;160;818
320300;2047;38;58;59;59;38;52;78;230;347;57;74;92;3229
320305;2026;86;62;65;112;314;521;253;93;80;124;148;211;4095
320310;865;15;13;25;80;31;17;12;12;11;16;17;44;1158
320313;2421;73;62;101;108;91;121;126;100;145;63;181;144;3736
320316;329;4;4;4;2;2;4;5;5;4;10;1;229;603
320320;27970;907;1003;1265;1533;1397;1916;1447;1278;1294;1784;991;2587;45372
320330;537;12;10;11;17;8;6;24;56;4;6;11;88;790
320332;2095;91;374;83;60;49;53;53;35;57;68;69;258;3345
320334;2202;52;54;81;59;45;72;72;54;76;73;73;70;2983
320335;992;31;28;28;23;14;79;33;25;21;22;26;34;1356
320340;2318;45;44;66;71;60;59;43;52;50;98;147;285;3338
320350;1626;31;44;39;82;167;358;138;38;37;69;45;169;2843
320360;734;17;13;15;12;20;13;16;22;11;13;16;58;960
320370;1037;21;11;20;29;30;49;63;24;81;24;68;108;1565
320380;816;16;17;23;20;13;21;9;18;17;12;14;231;1227
320390;5289;144;186;227;168;273;712;239;195;157;193;172;385;8340
320400;989;80;35;40;87;96;56;169;39;24;41;41;134;1831
320405;2011;73;65;65;88;188;253;283;202;227;214;144;1045;4858
320410;2857;124;96;130;160;188;1055;134;112;105;145;302;162;5570
320420;1260;55;58;41;36;40;28;36;29;20;30;37;88;1758
320425;395;16;10;21;5;11;21;25;16;8;29;18;141;716
320430;655;9;17;15;14;14;34;17;17;6;6;4;280;1088
320435;1031;14;26;13;17;151;218;31;15;20;19;31;145;1731
320440;1085;15;26;31;18;21;16;15;22;25;12;31;65;1382
320450;790;35;57;34;20;25;14;30;70;57;41;57;172;1402
320455;2270;50;67;62;55;61;48;69;72;70;61;49;374;3308
320460;2563;81;80;89;83;69;100;91;117;99;105;74;227;3778
320465;679;12;20;20;21;19;29;13;10;22;20;26;73;964
320470;5417;251;186;236;307;252;243;221;240;202;194;204;556;8509
320480;739;14;51;28;12;22;10;15;12;6;11;15;183;1118
320490;14871;583;480;707;485;644;742;579;800;484;609;597;849;22430
320495;1345;23;31;65;48;26;51;48;93;27;38;40;95;1930
320500;66364;2401;3039;3703;2630;2569;2768;2931;2869;2503;2559;3075;3741;101152
320501;1839;91;161;171;124;582;669;61;66;129;82;58;145;4178
320503;2182;34;56;62;36;50;58;52;42;34;53;76;262;2997
320506;3150;84;80;96;75;60;81;99;110;103;86;141;98;4263
320510;8375;172;184;286;152;256;237;213;222;257;214;310;397;11275
320515;775;9;22;28;11;25;18;19;20;32;17;16;25;1017
320517;761;8;20;21;61;51;670;21;8;11;21;20;47;1720
320520;65061;2377;2775;3204;2367;2424;2409;2552;2625;2401;2557;2453;3467;96672
320530;171172;4012;4484;7387;6405;6858;6836;7535;7872;9566;6103;5152;21849;265231
329999;0;0;0;0;0;0;0;0;0;0;0;0;0;0
330010;26487;930;681;973;903;898;1022;1390;1224;693;864;928;3076;40069
330015;1137;12;9;14;16;50;8;22;8;15;8;17;34;1350
330020;11782;282;357;403;274;290;259;262;249;251;352;304;393;15458
330022;5685;196;304;336;250;309;560;400;354;272;340;260;374;9640
330023;5591;318;322;403;250;197;236;207;214;260;263;261;918;9440
330025;3463;74;60;101;87;75;75;71;60;47;84;125;429;4751
330030;13505;353;346;334;357;298;341;334;382;349;393;354;546;17892
330040;25937;710;695;845;703;809;785;1087;701;673;661;695;807;35108
330045;19838;489;494;631;508;516;595;512;622;514;430;524;519;26192
330050;2559;58;52;67;38;56;71;103;101;97;69;106;180;3557
330060;4451;113;93;130;103;100;95;97;84;185;115;97;131;5794
330070;23308;655;1120;1253;749;755;769;727;709;737;746;814;1137;33479
330080;6110;169;247;240;283;241;207;288;177;224;156;158;192;8692
330090;1471;4;16;43;21;20;18;46;225;10;10;14;160;2058
330093;1785;44;14;20;24;23;23;12;17;14;92;15;113;2196
330095;3010;56;151;134;61;129;159;160;127;264;109;222;121;4703
330100;69495;2982;1890;2267;1880;2264;2110;2378;2319;1949;1986;2445;4364;98329
330110;3284;43;48;69;79;48;84;93;60;55;56;84;178;4181
330115;1060;23;7;18;12;6;14;14;10;6;12;72;173;1427
330120;2132;31;20;40;37;41;31;43;25;24;26;32;41;2523
330130;3520;181;103;207;297;95;160;84;72;96;101;204;868;5988
330140;1772;25;55;54;124;90;51;47;60;36;145;47;250;2756
330150;2519;80;51;98;78;106;68;76;87;84;71;122;251;3691
330160;1595;16;13;19;31;20;24;45;110;52;63;37;40;2065
330170;110495;3662;3430;3699;3008;3830;3937;4262;3890;3982;3407;3841;4024;155467
330180;1689;63;31;73;35;29;92;55;56;74;66;118;86;2467
330185;4368;89;112;105;76;66;79;79;80;91;75;148;117;5485
330187;1353;40;25;35;43;20;14;27;25;40;19;44;216;1901
330190;16479;392;482;596;450;496;733;476;536;549;490;469;832;22980
330200;15231;1153;523;691;392;462;759;454;410;632;728;432;592;22459
330205;1328;33;18;27;13;15;15;11;34;11;27;24;128;1684
330210;2411;34;23;57;30;45;33;37;29;21;37;36;40;2833
330220;13297;272;242;414;269;247;293;296;273;233;353;302;495;16986
330225;4801;93;153;118;81;99;107;126;115;85;80;79;310;6247
330227;2787;33;47;65;131;37;62;133;43;43;263;46;551;4241
330230;866;3;4;6;6;3;2;11;7;3;8;2;5;926
330240;63683;1977;2481;2809;2156;2347;2559;2341;2305;2804;2277;2335;2511;92585
330245;1084;14;17;5;7;11;20;12;16;20;57;99;130;1492
330250;13570;337;441;476;393;389;408;369;455;294;370;381;1170;19053
330260;13609;136;159;167;141;581;142;338;185;170;180;178;317;16303
330270;7585;160;183;280;188;195;183;211;170;153;258;324;719;10609
330280;1448;63;19;42;33;44;34;55;41;30;42;61;95;2007
330285;5022;247;146;145;275;229;151;151;150;154;122;136;601;7529
330290;3449;61;86;78;83;92;78;79;116;75;143;148;189;4677
330300;2889;50;30;69;32;62;65;56;44;38;84;69;40;3528
330310;1919;19;14;47;28;19;16;20;22;23;23;18;49;2217
330320;14031;402;542;601;419;347;361;388;374;334;385;374;548;19106
330330;144055;3879;5184;5343;4255;4313;4533;4628;4262;4294;4269;4447;4915;198377
330340;36338;992;1040;1301;796;919;1063;1127;1076;956;974;982;1831;49395
330350;66541;2330;2136;3028;1978;2006;2461;1993;2327;2207;1926;2113;2550;93596
330360;5558;169;60;113;112;72;79;106;97;93;147;78;70;6754
330370;5745;145;118;192;100;191;142;102;146;112;162;84;164;7403
330380;3527;132;130;143;175;106;136;131;124;117;225;190;277;5413
330385;2069;43;23;43;29;28;16;26;26;33;62;54;73;2525
330390;55166;1465;2377;1705;1729;1388;1470;1467;1501;1444;1344;1215;1795;74066
330395;1473;44;25;64;48;40;40;39;37;47;72;48;449;2426
330400;4639;64;72;94;94;356;169;72;64;86;118;107;417;6352
330410;1522;14;17;9;10;28;29;19;18;15;14;22;67;1784
330411;5985;103;93;115;123;87;100;93;116;130;100;94;266;7405
330412;1332;10;22;41;29;23;25;41;27;33;29;28;227;1867
330414;8721;166;449;259;174;166;146;219;237;213;261;350;201;11562
330415;3063;22;39;39;40;29;73;90;46;69;83;93;158;3844
330420;25562;641;601;907;685;661;701;716;1005;805;892;862;1210;35248
330430;20827;630;805;870;891;724;1359;594;637;788;779;671;630;30205
330440;1505;21;16;29;22;12;31;19;27;23;24;15;17;1761
330450;2243;101;61;41;71;80;61;113;81;43;131;78;565;3669
330452;9024;275;268;356;321;451;380;512;433;325;324;460;710;13839
330455;1824854;47213;58114;60489;51364;51670;52267;53727;54404;51054;50004;54557;57884;2467601
330460;1301;28;16;36;29;28;28;20;19;19;43;52;172;1791
330470;5572;103;111;121;92;158;181;78;113;93;119;109;182;7032
330475;2127;25;34;40;57;38;38;34;37;21;40;48;42;2581
330480;4444;99;79;179;72;77;82;95;105;62;88;122;280;5784
330490;82727;2293;2283;2771;2533;2660;2376;2377;2283;2242;2165;2436;2860;112006
330500;3779;52;46;71;99;58;53;63;69;35;50;80;112;4567
330510;39402;2016;3216;2239;1928;1952;1869;1752;2047;1393;1374;1747;2072;63007
330513;622;0;1;6;15;8;4;4;3;1;6;6;6;682
330515;2172;59;41;47;121;97;70;73;68;165;151;33;112;3209
330520;8235;156;251;168;182;213;159;147;142;160;189;192;701;10895
330530;728;4;5;10;5;4;6;3;5;4;12;12;12;810
330540;2294;34;50;38;37;37;45;25;44;31;37;46;48;2766
330550;6055;288;106;160;116;88;125;104;115;122;293;176;181;7929
330555;7177;90;91;144;118;106;141;118;108;74;148;112;339;8766
330560;2984;47;83;91;76;55;39;43;58;78;53;51;152;3810
330570;1167;20;6;19;8;13;21;45;13;16;47;14;88;1477
330575;2001;32;46;51;59;45;49;34;49;50;45;53;82;2596
330580;25436;867;955;983;673;719;824;601;640;671;717;681;746;34513
330590;1276;11;3;8;11;6;9;11;2;2;11;19;7;1376
330600;18189;611;631;1167;541;693;775;605;749;553;1249;780;695;27238
330610;9739;194;210;199;184;225;202;205;209;162;222;199;203;12153
330615;988;1;9;5;7;10;3;9;6;6;3;5;4;1056
330620;5253;87;128;140;105;66;94;112;97;79;88;114;224;6587
330630;51867;1293;1295;1595;1493;1411;1422;1415;1638;1501;1620;1568;2195;70313
339999;0;0;0;0;0;0;0;0;0;0;0;0;0;0
350010;6751;249;311;246;209;173;200;300;192;259;176;199;581;9846
350020;723;48;94;8;16;20;17;59;18;12;23;29;85;1152
350030;4530;99;124;234;111;121;120;175;135;223;166;200;191;6429
350040;705;15;20;11;16;15;12;15;40;30;24;38;56;997
350050;3657;88;106;127;120;93;90;101;94;205;264;209;150;5304
350055;962;38;15;23;22;25;16;14;31;24;24;15;47;1256
350060;1002;51;42;34;15;18;22;19;17;25;69;14;50;1378
350070;5359;147;149;348;151;134;348;200;277;160;167;187;618;8245
350075;398;10;13;6;7;6;8;7;7;40;33;9;25;569
350080;316;5;2;2;3;4;2;10;5;9;4;4;4;370
350090;620;12;30;141;60;193;31;31;28;54;80;16;136;1432
350100;2728;80;117;88;82;126;210;356;349;632;411;371;184;5734
350110;578;14;21;12;16;13;16;14;19;11;31;30;189;964
350115;6272;57;75;64;88;45;43;41;51;42;49;59;56;6942
350120;939;29;24;15;12;33;76;33;63;28;57;64;51;1424
350130;1932;43;32;50;55;45;57;57;43;39;45;68;88;2554
350140;1087;40;37;54;20;105;80;133;422;221;52;32;79;2362
350150;304;4;22;11;6;14;21;25;113;98;24;5;25;672
350160;56692;1845;1788;1835;1976;2057;1789;1794;2277;1927;1922;1971;4194;82067
350170;5206;163;222;220;275;313;263;217;252;188;193;196;985;8693
350180;560;14;13;9;10;6;8;13;23;9;16;16;64;761
350190;16833;396;363;448;391;340;406;378;434;374;373;430;584;21750
350200;1173;21;235;40;53;43;30;31;77;27;79;14;30;1853
350210;11497;416;292;370;346;319;436;457;498;409;434;382;939;16795
350220;3199;135;92;122;79;83;203;77;88;75;78;111;220;4562
350230;576;8;10;13;21;41;61;31;49;21;18;29;21;899
350240;389;6;12;10;10;7;13;10;7;7;3;18;21;513
350250;5716;108;102;123;115;179;156;146;154;106;161;129;245;7440
350260;467;7;20;7;6;6;8;4;14;5;6;9;18;577
350270;3145;48;182;362;360;331;294;78;96;62;81;59;82;5180
350275;4970;114;103;125;143;143;212;167;147;118;218;130;110;6700
350280;33039;1046;1066;1225;1181;941;1169;1057;1225;1192;1226;2157;2943;49467
350290;3157;119;90;92;70;59;102;86;86;94;77;104;206;4342
350300;366;13;12;3;8;3;5;8;6;9;3;28;10;474
350310;918;31;20;28;19;18;22;72;74;141;110;22;26;1501
350315;423;1;2;3;7;2;3;8;3;6;2;3;2;465
350320;47608;1654;2561;2214;1986;2452;2027;2019;2712;2162;2178;1885;5025;76483
350330;26883;614;788;1314;799;512;714;763;843;820;766;917;3049;38782
350335;229;2;1;7;3;7;7;9;4;2;10;10;9;300
350340;1120;53;38;58;78;22;39;25;30;32;38;23;29;1585
350350;420;19;24;58;118;221;76;9;14;5;9;6;3;982
350360;898;27;32;37;44;38;30;29;25;75;28;34;58;1355
350370;2186;80;20;44;101;49;34;47;73;52;72;46;1621;4425
350380;7099;155;207;210;185;175;186;212;240;143;223;198;455;9688
350390;11202;214;254;326;253;248;239;266;298;265;227;272;343;14407
350395;195;0;1;10;5;4;1;3;0;5;0;3;4;231
350400;15396;442;521;534;548;481;539;449;522;469;587;563;794;21845
350410;21789;554;692;784;569;557;617;581;700;588;688;640;696;29455
350420;2617;28;40;57;61;42;59;43;41;42;34;73;83;3220
350430;588;42;14;14;5;6;10;9;10;17;25;27;24;791
350440;1014;53;64;63;58;25;21;26;22;24;41;94;201;1706
350450;13629;434;403;598;570;445;466;608;437;423;459;457;674;19603
350460;1668;47;79;79;55;40;51;50;50;58;55;53;83;2368
350470;291;16;3;4;5;5;2;8;19;3;7;2;3;368
350480;1024;32;49;41;19;18;25;24;12;20;25;13;35;1337
350490;1360;19;35;49;29;66;33;33;30;32;25;44;48;1803
350500;189;1;2;2;4;1;0;1;0;1;4;4;6;215
350510;667;9;12;15;15;12;21;18;29;12;17;19;204;1050
350520;5705;295;166;126;128;155;150;147;147;170;179;169;504;8041
350530;10398;241;3923;350;298;263;327;316;246;179;225;346;1355;18467
350535;421;5;6;61;2;67;14;1;3;1;2;2;17;602
350540;369;2;6;13;2;15;5;5;5;7;9;8;13;459
350550;23801;724;824;795;826;1463;773;824;789;848;1224;863;1512;35266
350560;2013;119;85;154;368;189;166;96;91;127;101;109;630;4248
350570;159420;7069;7577;8413;8230;8321;8866;10399;10019;8741;10241;8382;11816;267494
350580;5071;111;126;133;118;119;121;115;76;128;146;95;243;6602
350590;10903;391;365;453;333;366;400;335;500;709;437;512;1776;17480
350600;75566;2313;2362;2676;2466;2728;3113;3329;3451;2793;2725;3306;3899;110727
350610;22334;2009;2067;667;796;748;884;1958;1506;1297;1139;981;1666;38052
350620;1036;9;12;21;39;27;25;29;29;25;30;24;846;2152
350630;1724;44;31;43;46;43;46;45;113;43;52;53;269;2552
350635;6993;205;270;367;162;165;169;155;200;183;160;185;324;9538
350640;1267;42;25;39;64;149;40;46;28;36;32;49;75;1892
350650;30800;668;1349;1448;1041;1195;1015;1339;1469;1245;1443;1594;3418;48024
350660;2541;57;50;56;45;72;259;31;45;36;55;61;78;3386
350670;2567;174;179;213;106;538;109;98;94;95;130;127;294;4724
350680;3761;60;104;156;99;80;97;187;142;176;176;67;782;5887
350690;956;29;30;17;18;29;47;21;33;26;61;20;40;1327
350700;11147;424;428;485;582;420;657;536;676;655;912;929;1652;19503
350710;2699;128;100;82;79;70;101;84;92;108;77;90;144;3854
350715;420;14;12;8;7;5;16;39;14;21;19;31;27;633
350720;576;11;26;45;21;12;11;32;19;9;11;9;8;790
350730;1230;74;77;160;71;73;97;153;94;92;102;97;376;2696
350740;2568;425;119;72;209;66;51;90;216;247;212;116;336;4727
350745;308;7;27;29;46;160;24;60;24;30;18;21;482;1236
350750;30649;985;1057;1099;1121;867;1170;1209;2331;1142;853;1090;1140;44713
350760;26620;873;842;1710;854;768;812;891;972;964;870;891;1030;38097
350770;304;3;7;20;15;15;5;9;8;10;9;4;16;425
350775;220;1;12;2;1;0;9;3;6;3;5;4;8;274
350780;2645;66;84;143;94;105;132;88;103;97;123;84;112;3876
350790;4797;172;182;227;627;239;161;155;192;151;148;188;889;8128
350800;2757;87;124;205;74;84;72;108;103;109;140;118;142;4123
350810;1603;46;49;80;41;63;34;48;58;54;111;102;187;2476
350820;1067;37;19;52;42;60;42;39;36;41;37;39;166;1677
350830;665;8;47;16;10;29;23;26;23;19;16;24;18;924
350840;7581;269;143;239;172;212;239;234;285;224;218;222;282;10320
350850;13376;414;278;380;339;294;317;400;405;357;428;359;832;18179
350860;3151;62;75;64;56;51;55;84;58;87;97;70;105;4015
350870;1785;40;38;57;42;70;101;117;140;211;269;165;205;3240
350880;2128;72;107;59;57;68;92;68;85;75;98;40;193;3142
350890;283;5;3;7;2;9;3;2;2;2;1;1;19;339
350900;11895;285;318;397;351;423;369;367;392;409;360;404;409;16379
350910;867;13;17;23;15;41;88;113;87;109;107;749;36;2265
350920;43068;1582;1690;1475;1341;1720;1967;1524;1882;1796;1796;1755;1976;63572
350925;3994;137;123;150;139;174;150;140;132;103;153;144;181;5720
350930;1695;203;376;36;136;24;32;129;84;252;115;103;182;3367
350940;2724;72;78;123;107;86;135;165;186;494;295;275;394;5134
350945;2013;135;197;169;166;279;179;167;195;138;221;206;163;4228
350950;275659;8123;8794;9724;9070;10278;10581;9285;9564;9716;9733;9960;11891;392378
350960;9677;184;177;223;192;213;171;211;208;196;193;233;463;12341
350970;8359;215;297;348;236;244;224;454;433;286;269;292;217;11874
350980;399;16;8;14;23;3;13;3;6;9;41;24;34;593
350990;1108;20;25;26;26;29;52;53;25;20;36;25;39;1484
350995;507;12;17;18;17;46;20;16;18;12;21;55;34;793
351000;3174;64;70;66;154;60;135;71;73;89;168;60;221;4405
351010;332;1;2;8;5;3;5;5;11;6;15;5;9;407
351015;645;24;75;36;118;85;64;41;63;37;79;23;349;1639
351020;6471;354;270;259;214;242;271;463;213;166;181;178;440;9722
351030;1491;31;22;37;32;27;34;47;64;47;42;55;113;2042
351040;9887;216;254;329;364;310;366;404;407;284;280;774;1746;15621
351050;11360;433;550;527;375;312;447;334;367;269;355;351;537;16217
351060;26526;838;1128;1238;1476;1554;1065;1160;1283;1145;1048;1246;1012;40719
351070;1024;31;31;10;19;22;25;17;22;20;19;35;43;1318
351080;5059;160;244;295;180;244;159;237;257;270;285;365;274;8029
351090;393;1;4;13;15;0;3;2;10;45;17;10;2;515
351100;1853;68;45;47;55;76;97;81;34;34;54;83;147;2674
351110;27785;2118;1127;1064;1941;690;824;999;1105;1293;1745;2535;2809;46035
351120;2335;30;33;76;357;57;83;73;70;73;49;316;806;4358
351130;1116;27;24;36;31;20;27;41;29;39;40;47;60;1537
351140;2640;54;55;86;78;54;91;86;97;219;141;199;114;3914
351150;8016;181;181;200;150;226;226;210;272;177;213;560;456;11068
351160;1803;40;71;61;41;41;41;34;51;49;65;82;91;2470
351170;1642;56;71;69;64;63;79;106;84;102;120;496;901;3853
351190;1201;21;23;33;57;34;39;72;40;46;88;59;1277;2990
351200;3827;396;86;82;91;125;126;123;113;139;87;102;366;5663
351210;2795;333;374;39;46;161;115;216;281;243;209;97;101;5010
351220;3714;200;172;107;125;73;112;109;162;578;187;237;252;6028
351230;3945;170;195;153;119;112;135;150;176;200;175;179;252;5961
351240;6055;172;203;265;162;331;207;208;213;178;160;218;267;8639
351250;655;23;18;18;15;46;16;25;14;20;17;29;50;946
351260;414;4;7;8;6;9;1;5;5;5;6;3;10;483
351270;1011;54;79;19;25;24;17;27;26;35;29;37;32;1415
351280;7113;273;332;417;409;356;418;470;388;307;409;338;686;11916
351290;945;54;22;56;58;38;49;31;29;43;23;39;132;1519
351300;46732;1227;1604;1620;1623;1555;1606;1636;1678;1690;1671;1796;2076;66514
351310;5366;96;117;148;149;104;177;143;204;167;160;194;246;7271
351320;846;108;46;63;26;66;90;182;289;217;100;93;80;2206
351330;263;7;2;3;7;8;8;8;5;10;5;6;11;343
351340;14069;245;328;406;341;306;378;264;4096;239;307;416;698;22093
351350;31129;898;860;861;839;826;1035;694;828;1037;648;735;912;41302
351360;1204;34;18;17;35;17;19;21;24;18;25;24;119;1575
351370;7375;180;164;297;190;281;183;264;326;299;292;278;911;11040
351380;84614;1720;2175;2351;2070;2191;2362;2460;2772;2211;2115;2309;2774;112124
351385;272;0;10;3;4;0;0;3;2;1;1;2;1;299
351390;1167;17;10;13;21;14;20;17;28;32;25;18;23;1405
351400;564;15;10;23;51;28;11;12;14;109;28;104;20;989
351410;4383;160;668;319;110;183;340;399;385;246;324;232;2234;9983
351420;278;6;4;8;1;2;3;4;5;3;0;4;5;323
351430;1053;59;34;38;70;25;32;56;94;84;57;41;193;1836
351440;6632;195;149;306;226;233;587;171;218;169;143;158;493;9680
351450;1908;47;56;73;44;59;32;85;85;60;40;46;60;2595
351460;1304;25;18;31;103;48;40;25;60;88;31;59;61;1893
351470;579;10;10;27;24;13;15;49;82;7;22;7;32;877
351480;1360;31;32;54;34;60;36;40;57;32;45;25;67;1873
351490;2947;119;94;79;165;150;108;319;201;218;243;575;737;5955
351492;254;6;2;5;6;3;3;5;5;3;5;11;3;311
351495;650;208;74;18;18;17;14;24;6;17;31;24;103;1204
351500;40078;2820;2573;2258;2133;3233;2353;2151;2197;1988;2419;2585;3582;70370
351510;6036;135;164;169;193;148;179;171;159;158;209;153;177;8051
351512;273;2;4;4;2;7;3;4;7;5;3;1;13;328
351515;2182;115;50;90;256;50;86;70;85;79;70;202;395;3730
351518;9766;205;272;386;360;323;608;539;751;891;414;297;380;15192
351519;1190;33;26;51;57;70;33;151;139;131;80;75;997;3033
351520;2584;79;72;61;63;66;79;115;101;76;76;82;90;3544
351530;244;4;5;2;4;4;4;3;2;2;1;2;18;295
351535;532;3;10;7;13;7;6;14;6;12;22;8;73;713
351540;2030;69;79;81;66;54;79;82;74;58;85;55;126;2938
351550;9968;267;246;282;284;324;363;283;299;483;338;336;1070;14543
351560;657;28;12;28;14;18;15;27;21;14;15;22;75;946
351565;173;4;0;4;2;4;3;6;4;1;3;2;7;213
351570;13254;301;340;439;383;304;325;418;374;383;353;309;443;17626
351580;203;3;3;5;2;1;6;2;2;2;1;2;7;239
351590;355;7;6;6;2;5;5;8;8;5;3;6;10;426
351600;1252;34;86;97;85;82;110;147;88;70;58;1380;475;3964
351610;486;9;8;17;16;5;16;11;3;5;18;21;13;628
351620;67562;1774;2619;3337;3232;3395;3589;3806;4199;3868;4272;4381;10199;116233
351630;5159;86;349;247;149;102;179;87;117;100;172;70;168;6985
351640;8619;172;205;308;244;180;187;281;244;264;144;195;373;11416
351650;1032;19;9;31;27;10;15;13;23;18;28;15;41;1281
351660;1172;34;29;44;38;58;120;97;432;580;52;54;46;2756
351670;8075;198;178;267;278;303;548;628;1296;1145;279;272;300;13767
351680;296;5;5;5;7;12;5;7;5;7;4;4;13;375
351685;1713;37;33;64;20;50;54;63;42;40;43;41;48;2248
351690;1280;38;36;26;24;44;56;68;59;36;26;942;101;2736
351700;1619;379;48;29;34;23;50;112;74;106;86;73;109;2742
351710;744;13;34;25;28;19;24;29;16;62;27;32;78;1131
351720;1455;194;48;63;43;76;40;48;50;52;62;40;70;2241
351730;521;42;18;14;10;7;12;16;74;14;4;7;35;774
351740;7104;140;161;298;2433;454;257;249;230;234;193;174;2566;14493
351750;3040;38;45;52;64;63;89;86;77;69;99;62;248;4032
351760;1821;21;38;71;122;185;137;39;30;17;37;40;135;2693
351770;1794;199;101;237;228;128;178;326;99;38;85;67;275;3755
351780;1062;29;25;29;17;53;14;29;25;16;21;27;60;1407
351790;1216;20;24;84;277;94;90;1136;70;88;226;98;1278;4701
351800;181;0;1;1;1;5;2;0;1;4;1;0;4;201
351810;1222;34;44;52;46;67;37;34;35;44;117;32;84;1848
351820;5018;94;91;134;109;141;165;223;158;249;340;146;1323;8191
351830;3839;185;141;121;169;180;136;178;107;158;121;120;104;5559
351840;19257;510;496;429;445;418;470;485;532;348;414;396;976;25176
351850;1102;26;23;27;34;19;21;28;21;17;24;32;28;1402
351860;5355;110;104;149;377;420;186;249;259;260;223;149;3154;10995
351870;33152;696;1094;1140;788;867;800;808;782;616;633;700;872;42948
351880;223151;6359;8753;7513;6815;7052;7248;6959;7949;7589;7247;7839;9394;313868
351885;737;47;29;31;25;52;55;32;37;20;26;20;39;1150
351890;301;3;3;2;5;4;6;2;3;1;3;6;7;346
351900;752;14;35;13;16;17;24;26;14;11;25;12;18;977
351905;6138;128;164;170;223;189;217;221;212;166;206;183;234;8451
351907;22500;480;527;640;468;623;617;754;724;749;981;944;1084;31091
351910;1686;319;236;68;80;86;88;112;196;158;46;103;164;3342
351920;622;14;14;24;13;15;10;21;9;13;13;16;11;795
351925;335;4;4;10;5;6;6;8;7;2;3;5;33;428
351930;4512;235;453;195;262;223;291;292;246;276;254;233;1706;9178
351940;1464;61;55;53;49;44;39;54;35;77;59;51;109;2150
351950;1100;48;14;21;34;79;29;56;31;36;26;24;764;2262
351960;10833;605;583;255;371;472;388;358;535;549;583;506;605;16643
351970;7439;171;167;210;161;196;212;202;224;213;407;205;307;10114
351980;862;11;17;25;9;16;19;78;9;21;24;12;51;1154
351990;1326;25;38;14;84;10;30;13;20;57;78;80;352;2127
352000;2211;303;296;98;95;149;110;115;170;152;95;274;741;4809
352010;3757;160;112;189;496;310;221;396;156;165;298;314;1455;8029
352020;938;44;34;38;32;259;33;37;36;22;37;20;53;1583
352030;1807;38;55;63;55;46;47;124;54;25;33;44;84;2475
352040;3790;101;131;177;129;82;111;94;105;89;87;98;233;5227
352042;1504;28;25;40;56;22;27;18;11;9;12;26;25;1803
352044;5227;383;232;177;116;176;152;252;168;188;126;281;209;7687
352050;38670;1531;1563;1845;1811;1724;1765;1833;1979;1691;1549;1854;2037;59852
352060;625;13;35;24;8;15;9;15;17;18;21;12;14;826
352070;446;32;11;11;6;9;7;11;3;9;8;15;6;574
352080;653;11;7;13;13;23;14;22;7;3;10;73;35;884
352090;2306;72;48;60;50;67;208;85;79;75;284;112;1118;4564
352100;4580;102;117;125;97;90;124;104;154;112;142;159;132;6038
352110;1584;24;40;69;37;37;41;54;48;43;46;132;78;2233
352115;804;5;17;14;22;13;13;34;18;24;13;16;11;1004
352120;360;8;5;13;10;7;5;6;6;13;11;4;64;512
352130;2244;46;46;69;432;53;93;81;132;90;81;169;735;4271
352140;5579;82;151;514;243;205;246;318;295;220;192;1602;727;10374
352150;802;10;12;17;54;23;10;19;26;17;15;24;105;1134
352160;477;9;9;14;4;7;10;8;4;7;10;19;21;599
352170;1507;26;19;47;25;49;25;37;26;25;47;27;41;1901
352180;3639;288;125;113;121;265;206;89;77;94;148;696;145;6006
352190;2434;679;266;107;120;99;118;135;140;122;137;101;363;4821
352200;609;16;10;11;11;12;9;385;101;400;177;37;483;2261
352210;7390;168;210;389;204;208;209;164;149;157;217;157;696;10318
352215;181;1;1;3;2;4;1;0;2;2;0;0;8;205
352220;16614;467;422;487;450;454;447;454;502;461;495;424;545;22222
352230;25835;2146;1075;1220;1300;900;1059;1071;1013;905;946;927;2350;40747
352240;14367;594;564;635;637;519;575;631;656;419;541;521;586;21245
352250;17606;626;624;835;1090;861;714;639;798;762;688;717;770;26730
352260;18050;398;586;563;435;548;566;628;742;721;505;562;1782;26086
352265;222;4;3;5;3;9;3;8;6;8;16;14;17;318
352270;8816;913;1674;228;229;257;227;290;522;652;486;474;1055;15823
352280;1028;19;19;14;13;39;16;13;17;11;25;16;48;1278
352290;2279;54;113;80;82;83;67;71;60;78;79;76;76;3198
352300;483;9;19;18;21;4;9;8;8;5;5;4;12;605
352310;26954;840;940;1134;911;697;749;736;809;928;867;750;1210;37525
352320;6684;261;271;314;180;256;218;214;231;247;295;224;594;9989
352330;1017;34;68;39;32;64;26;36;24;21;16;12;38;1427
352340;25568;886;870;1210;1029;945;850;1097;1242;791;979;1066;1237;37770
352350;2185;94;95;92;111;68;104;77;73;72;85;133;172;3361
352360;2226;62;43;129;73;62;98;96;110;120;81;80;167;3347
352370;613;21;12;16;16;19;51;49;90;290;41;35;35;1288
352380;574;36;17;14;13;25;111;16;15;18;35;74;58;1006
352390;35881;1190;1133;1487;1398;1291;1324;1208;1390;1265;1297;1536;1597;51997
352400;9836;296;283;359;262;456;384;287;301;303;253;429;466;13915
352410;5259;144;133;225;167;197;165;140;347;162;186;180;299;7604
352420;742;7;28;86;110;25;25;15;20;9;14;11;77;1169
352430;16723;316;331;432;1307;476;393;2017;400;388;388;1826;1246;26243
352440;31742;959;1005;1124;1045;1211;1017;1124;1068;1064;1098;1576;1682;45715
352450;1668;41;21;50;26;30;37;43;50;40;47;61;46;2160
352460;2083;64;72;81;69;56;66;102;63;56;59;66;137;2974
352470;19370;744;614;992;650;901;596;778;1449;835;823;639;990;29381
352480;6973;209;202;268;155;153;217;150;159;169;199;238;353;9445
352490;1905;83;77;45;32;50;49;85;79;53;84;73;49;2664
352500;11742;213;275;348;575;305;352;334;344;300;397;361;442;15988
352510;5851;322;177;213;287;259;231;193;182;237;180;175;333;8640
352520;2852;77;89;77;63;68;153;71;73;76;78;67;120;3864
352530;30887;902;962;1125;1047;1649;1248;1142;1342;1193;1141;1257;3016;46911
352540;401;15;18;9;11;10;32;55;96;146;136;38;51;1018
352550;1557;44;31;63;64;58;52;39;61;43;30;54;102;2198
352560;567;8;30;14;9;8;23;12;35;8;8;13;28;763
352570;5739;164;144;171;253;217;153;194;190;209;159;185;288;8066
352580;391;5;1;17;9;6;6;28;10;38;42;8;23;584
352585;700;18;10;29;23;12;20;11;18;9;20;18;36;924
352590;100116;3749;3919;4128;4003;4106;4628;3988;4828;4181;3840;4642;5446;151574
352600;2694;48;51;602;57;146;57;44;50;38;43;32;339;4201
352610;1666;46;47;64;34;41;59;46;43;44;68;42;55;2255
352620;7534;201;247;247;271;274;246;396;189;242;355;342;452;10996
352630;464;11;6;8;7;11;13;8;17;9;22;43;60;679
352640;5691;189;295;271;218;208;230;196;192;233;232;260;888;9103
352650;545;10;11;8;11;2;5;4;9;5;7;4;13;634
352660;739;14;13;20;14;5;13;11;9;7;12;22;15;894
352670;13887;468;381;798;1073;1422;564;545;636;645;600;930;2040;23989
352680;14031;482;454;573;1125;891;770;619;647;867;497;561;2504;24021
352690;56359;1868;1624;1956;1920;1916;1759;1673;1960;1804;1770;1928;2846;79383
352700;1037;29;20;24;41;28;42;49;37;22;33;73;37;1472
352710;17018;570;459;539;477;455;496;416;408;400;533;526;758;23055
352720;12048;322;324;399;323;364;405;369;410;322;356;300;590;16532
352725;178;3;1;5;5;2;4;1;4;4;1;3;3;214
352730;7105;113;129;180;151;157;207;218;253;207;221;322;298;9561
352740;3880;153;72;96;63;98;52;58;75;85;148;78;522;5380
352750;462;74;3;16;10;10;10;14;26;14;13;15;13;680
352760;2920;160;260;228;428;219;122;132;137;111;89;151;546;5503
352770;298;6;3;3;13;1;2;1;3;7;7;57;11;412
352780;685;25;6;18;8;27;79;94;222;122;37;50;45;1418
352790;374;6;6;6;3;5;1;9;5;7;3;4;18;447
352800;2523;117;77;95;107;110;89;117;122;82;81;62;956;4538
352810;823;13;14;16;16;15;34;81;24;14;6;7;7;1070
352820;532;31;37;11;12;6;4;20;21;10;14;4;14;716
352830;373;5;3;4;6;135;3;3;3;28;3;4;7;577
352840;6300;158;155;221;167;170;267;165;308;132;156;197;299;8695
352850;10144;316;455;466;356;405;351;426;523;358;339;444;703;15286
352860;1348;34;62;48;55;32;38;64;52;55;69;110;73;2040
352870;638;26;20;25;39;36;21;31;59;28;33;18;42;1016
352880;3209;43;102;102;110;92;72;69;71;76;78;93;862;4979
352885;897;71;13;67;67;35;45;105;48;192;62;948;138;2688
352890;252;5;5;5;6;2;1;3;3;1;3;3;7;296
352900;44042;1106;1263;1681;1343;1395;1358;1245;1460;1253;1256;1102;1537;60041
352910;280;6;3;4;5;0;2;6;2;4;4;5;4;325
352920;2070;123;69;67;53;51;85;80;87;36;34;51;75;2881
352930;26644;897;3689;1750;1476;789;660;701;1032;1269;1130;1791;2034;43862
352940;42626;1025;946;1427;1220;1086;1272;1156;1548;922;1031;1093;1704;57056
352950;295;5;3;7;3;2;1;1;5;1;5;1;9;338
352960;588;29;18;21;18;16;49;22;11;15;20;15;28;850
352965;220;2;3;8;1;11;4;3;4;3;2;2;0;263
352970;2798;81;88;104;1513;149;148;146;163;96;97;97;1860;7340
352980;1429;44;56;51;68;58;49;66;72;61;83;106;393;2536
352990;2046;30;40;62;45;43;31;49;39;38;36;48;44;2551
353000;356;10;16;6;19;6;16;8;3;3;10;14;13;480
353010;3483;142;74;94;90;118;104;1283;168;106;179;91;780;6712
353020;1043;29;18;30;12;20;17;11;17;10;16;23;19;1265
353030;8471;185;206;260;205;240;203;211;228;220;262;288;329;11308
353040;329;2;3;2;6;3;7;4;2;3;3;4;12;380
353050;12158;318;309;347;311;301;327;327;365;470;365;402;956;16956
353060;57650;1936;1936;2219;1892;1937;2286;2197;2240;1721;2274;2143;2698;83129
353070;28939;2121;1410;1454;1578;1923;1517;1676;2052;1724;1715;2507;2811;51427
353080;20878;660;547;710;626;829;787;816;745;727;639;740;857;29561
353090;415;13;6;9;26;33;48;35;11;13;34;159;174;976
353100;258;2;5;2;1;1;3;3;3;0;6;24;6;314
353110;3054;76;107;107;69;71;109;83;92;46;86;88;64;4052
353120;804;11;15;8;29;22;14;21;16;15;22;11;23;1011
353130;9300;241;276;323;246;273;316;196;265;406;474;311;358;12985
353140;3833;106;77;162;209;417;240;188;529;183;191;384;1983;8502
353150;7741;1667;2270;147;73;59;117;285;298;368;237;175;271;13708
353160;338;5;6;4;9;6;9;5;8;1;8;2;3;404
353170;791;23;27;19;19;33;65;49;34;33;52;94;61;1300
353180;7041;323;371;326;260;308;375;463;557;297;362;353;756;11792
353190;7193;83;117;180;234;166;141;231;148;152;130;259;2713;11747
353200;20426;647;534;740;662;744;770;762;763;744;953;985;2217;30947
353205;1615;28;82;53;31;33;16;33;22;34;72;170;574;2763
353210;387;7;7;4;5;4;9;4;6;2;6;3;32;476
353215;245;6;21;27;17;6;3;13;14;20;21;6;32;431
353220;513;7;3;12;24;12;30;7;18;11;13;166;64;880
353230;432;7;3;11;8;9;6;8;11;3;6;13;22;539
353240;3822;42;57;71;108;110;175;202;135;224;126;353;150;5575
353250;1392;33;31;28;31;32;28;98;35;33;37;29;42;1849
353260;1170;19;49;32;47;40;36;40;32;34;38;36;47;1620
353270;431;14;65;35;14;37;13;12;18;61;19;17;39;775
353280;638;40;83;34;17;31;42;22;89;15;9;14;17;1051
353282;1519;91;82;119;101;72;82;81;82;45;50;63;148;2535
353284;139;0;0;2;0;1;2;0;1;1;1;0;1;148
353286;191;3;6;1;3;2;0;2;0;3;4;2;10;227
353290;2516;38;28;42;23;189;72;73;147;91;50;50;617;3936
353300;1763;42;72;86;40;49;46;38;54;41;68;59;85;2443
353310;198;3;0;1;0;0;0;1;0;0;1;0;7;211
353320;269;5;6;1;25;11;5;6;1;5;2;0;42;378
353325;270;5;6;10;3;5;5;6;27;4;5;9;69;424
353330;192;2;2;3;3;1;3;1;2;3;0;0;8;220
353340;13546;419;404;564;425;409;491;425;498;522;429;565;709;19406
353350;6478;108;149;156;1069;240;202;224;299;243;206;271;779;10424
353360;1903;41;55;61;57;52;54;50;85;153;78;236;239;3064
353370;524;7;13;14;7;9;17;20;48;11;88;13;11;782
353380;234;0;3;5;3;2;6;4;5;2;4;11;2;281
353390;10250;743;240;260;470;252;312;420;365;392;355;329;2029;16417
353400;1307;27;15;31;45;427;23;31;34;43;82;1128;88;3281
353410;1467;67;65;65;33;76;42;45;87;42;87;44;59;2179
353420;436;13;30;60;98;128;70;64;62;71;79;51;3900;5062
353430;8025;181;202;333;404;348;256;230;301;321;219;369;936;12125
353440;108289;2980;4165;3882;3571;4014;3833;3250;3294;3189;3041;3766;6187;153461
353450;407;8;21;3;5;9;2;6;5;5;3;6;8;488
353460;5080;142;102;167;112;152;154;101;119;111;126;108;292;6766
353470;17986;552;584;596;498;582;600;514;688;571;800;521;1322;25814
353475;1097;32;29;36;23;29;17;25;46;34;21;53;35;1477
353480;635;29;11;18;157;21;23;20;12;5;27;13;29;1000
353490;1073;21;31;43;29;19;23;25;26;29;41;17;48;1425
353500;887;19;72;26;24;15;16;13;27;22;26;26;27;1200
353510;484;9;6;10;7;12;16;20;16;29;9;34;288;940
353520;694;13;13;12;12;8;6;6;9;7;10;12;13;815
353530;2993;81;50;86;108;84;101;84;109;75;110;326;570;4777
353540;1891;58;51;58;86;100;94;41;54;61;72;53;99;2718
353550;7431;137;189;192;166;125;167;196;209;171;286;220;1594;11083
353560;3257;79;82;129;72;89;107;85;90;82;96;95;104;4367
353570;1049;34;43;42;62;84;68;80;42;27;20;11;1115;2677
353580;3414;238;90;110;117;92;100;101;187;77;108;187;291;5112
353590;396;6;6;3;6;4;6;15;11;8;6;12;7;486
353600;1798;22;30;30;28;25;33;63;127;23;32;60;263;2534
353610;1707;54;45;46;35;40;63;64;57;37;52;60;54;2314
353620;2716;73;198;108;116;91;54;82;84;52;61;69;69;3773
353625;270;7;3;3;6;1;1;1;7;3;7;7;3;319
353630;2047;67;77;83;130;118;103;121;178;201;101;89;216;3531
353640;674;11;10;12;17;4;10;15;18;17;32;22;31;873
353650;25270;794;1023;1241;1147;1450;1530;1514;1703;1471;1191;1204;1328;40866
353657;206;5;4;5;3;2;2;1;2;4;3;3;5;245
353660;890;29;11;20;12;43;42;12;14;22;22;21;49;1187
353670;8016;392;300;463;624;842;1121;688;557;499;1471;608;2863;18444
353680;461;3;6;4;8;7;4;7;7;5;9;8;17;546
353690;322;6;12;3;5;2;5;5;1;10;4;5;2;382
353700;3021;227;386;123;259;177;352;507;896;385;453;404;207;7397
353710;10233;206;258;290;258;350;321;290;292;240;243;316;303;13600
353715;395;9;9;41;25;9;6;7;15;34;11;11;31;603
353720;569;17;8;18;24;12;16;19;11;13;12;17;79;815
353730;11158;250;300;384;304;336;429;398;505;403;377;422;3047;18313
353740;3288;96;92;118;90;90;72;83;90;89;81;68;109;4366
353750;1613;46;32;58;42;34;57;38;36;38;41;41;44;2120
353760;5340;182;213;576;166;133;147;189;150;149;183;431;215;8074
353770;578;13;41;13;18;10;4;9;5;13;10;18;65;797
353780;5900;182;164;184;138;150;153;134;127;115;138;166;232;7783
353790;14529;394;378;387;333;474;439;405;453;423;489;434;621;19759
353800;20461;955;761;781;712;711;860;674;524;571;400;487;618;28515
353810;1621;48;72;64;393;663;214;288;109;129;66;363;1255;5285
353820;996;16;29;26;14;10;22;24;21;18;35;30;36;1277
353830;551;8;10;13;16;15;17;13;17;22;8;24;30;744
353850;1233;14;14;20;22;15;28;21;13;19;17;22;44;1482
353860;2890;83;53;73;76;68;75;94;70;74;81;60;152;3849
353870;83296;2417;2239;2827;2731;2424;2907;2795;2894;2538;3049;3092;3711;116920
353880;4004;107;121;135;91;130;125;105;96;60;111;110;187;5382
353890;2431;140;87;89;87;83;63;89;106;99;62;77;87;3500
353900;1327;53;65;44;66;37;49;50;43;38;54;65;48;1939
353910;3016;79;79;136;106;93;110;106;84;136;102;140;348;4535
353920;3553;61;61;65;58;67;72;79;80;66;46;33;113;4354
353930;15109;369;415;392;481;458;512;515;523;536;412;549;1105;21376
353940;1006;17;29;37;55;41;41;45;48;37;26;31;31;1444
353950;6057;99;72;102;347;445;102;107;150;118;368;1016;2872;11855
353960;473;5;15;19;18;8;8;11;13;17;18;51;80;736
353970;518;9;8;11;9;9;91;12;9;8;9;9;144;846
353980;47004;4102;3264;3792;3139;4058;3715;3651;3720;3434;4095;4639;4866;93479
353990;444;4;5;10;9;3;5;9;9;12;7;5;54;576
354000;5911;103;97;144;79;97;122;234;140;117;109;266;135;7554
354010;354;6;6;5;5;11;11;11;9;13;5;8;13;457
354020;4799;112;78;150;378;147;177;141;135;165;101;215;7137;13735
354025;325;10;4;1;3;4;7;30;5;1;2;3;3;398
354030;369;4;8;14;66;7;4;3;2;9;3;5;8;502
354040;459;11;21;15;6;10;5;12;7;9;13;6;9;583
354050;784;19;27;23;19;14;20;18;11;22;8;19;46;1030
354060;8125;167;207;229;193;178;199;527;306;491;196;380;596;11794
354070;12685;461;433;432;649;705;440;427;663;593;442;487;1278;19695
354075;606;7;3;21;10;11;14;16;9;10;5;5;12;729
354080;1627;34;32;43;34;36;49;43;35;48;40;54;41;2116
354085;149;3;2;0;7;1;5;2;3;0;0;2;4;178
354090;4686;53;90;74;139;104;54;58;152;73;99;124;521;6227
354100;25531;642;771;988;678;691;725;684;660;588;578;745;660;33941
354105;591;35;61;35;225;45;62;60;44;41;30;19;412;1660
354110;1059;12;29;10;40;14;16;16;10;49;21;30;463;1769
354120;1614;31;25;35;26;33;36;51;53;66;51;73;118;2212
354130;6675;134;182;958;175;165;222;166;142;156;151;139;188;9453
354140;46546;1244;1303;1444;1169;1217;1496;1403;1280;1230;1330;1593;2742;63997
354150;4443;145;143;163;124;128;157;119;180;145;148;140;182;6217
354160;7432;183;160;218;268;176;293;225;173;160;206;576;1250;11320
354165;356;3;8;13;3;5;9;5;7;10;2;3;9;433
354170;2440;36;30;31;88;76;85;55;121;27;38;22;407;3456
354180;418;8;7;12;7;5;2;9;24;19;11;6;7;535
354190;1072;21;30;46;12;25;40;12;37;20;31;10;79;1435
354200;700;17;25;18;10;11;9;28;8;17;11;35;22;911
354210;2052;36;68;46;36;65;60;53;44;50;44;77;728;3359
354220;5006;100;143;258;141;131;141;138;134;118;99;148;248;6805
354230;385;4;12;13;7;5;8;4;3;4;2;6;4;457
354240;3642;151;265;187;140;110;176;163;155;204;133;144;188;5658
354250;638;25;42;25;21;65;108;299;50;23;49;34;30;1409
354260;7506;174;208;287;220;219;277;277;226;180;223;247;276;10320
354270;978;72;31;35;67;58;90;100;234;369;237;198;88;2557
354280;372;11;1;9;11;3;9;12;4;8;15;9;7;471
354290;2297;61;27;32;36;33;57;81;129;151;263;139;341;3647
354300;2264;85;110;264;254;285;286;139;45;51;67;45;64;3959
354310;424;5;10;12;12;25;59;150;211;388;90;31;20;1437
354320;662;11;5;25;17;16;12;26;13;11;16;11;43;868
354323;219;11;9;45;5;3;1;4;7;2;6;10;11;333
354325;1023;17;9;23;13;37;20;7;21;7;11;20;60;1268
354330;15702;317;328;487;397;429;381;457;415;341;377;339;644;20614
354340;135619;3995;4875;5248;5031;4625;5054;4484;4641;4535;4458;4929;7627;195121
354350;377;1;1;7;3;5;1;2;3;1;3;3;4;411
354360;309;12;9;7;3;3;3;7;12;6;54;9;29;463
354370;1219;141;123;82;45;30;23;33;72;95;93;131;140;2227
354380;896;25;9;7;21;9;16;15;17;16;18;18;20;1087
354390;43736;1536;1672;1748;1456;1534;1471;1539;1696;1568;1519;1598;3337;64410
354400;6843;168;152;204;295;341;492;585;447;331;294;1581;2397;14130
354410;2305;49;48;48;33;40;58;47;48;51;68;77;93;2965
354420;630;22;19;13;11;24;24;37;9;10;9;12;20;840
354425;1808;125;453;129;83;29;42;109;102;48;105;82;238;3353
354430;1573;25;31;44;38;47;34;40;27;21;53;36;71;2040
354440;255;5;13;4;5;6;6;2;6;8;4;9;10;333
354450;323;1;1;2;3;2;4;1;2;0;4;2;3;348
354460;370;4;6;8;6;2;8;9;12;0;8;10;7;450
354470;224;1;0;5;5;5;2;1;1;0;5;4;10;263
354480;516;13;7;12;12;8;9;17;11;12;13;27;47;704
354490;1612;61;72;242;101;109;285;211;137;309;77;87;147;3450
354500;3111;257;101;138;70;85;93;70;106;86;107;109;91;4424
354510;430;10;2;9;6;2;20;16;14;5;14;146;29;703
354515;1044;31;37;48;58;34;25;42;38;34;21;73;68;1553
354520;19662;592;695;741;526;610;767;634;793;662;650;697;924;27953
354530;3646;136;93;88;109;112;74;92;95;89;49;70;80;4733
354540;1286;41;48;33;33;31;31;43;30;46;36;32;48;1738
354550;537;4;13;8;4;7;15;11;6;10;15;16;17;663
354560;2122;68;88;253;196;253;167;129;130;76;93;454;3501;7530
354570;439;4;5;4;5;8;12;19;21;7;11;11;5;551
354580;29876;857;917;1253;1163;923;1010;961;996;975;902;1108;2946;43887
354600;2229;57;74;66;67;76;81;71;64;44;45;90;122;3086
354610;261;17;1;3;5;3;8;3;3;1;3;2;15;325
354620;4204;935;761;102;200;85;40;121;250;316;268;257;310;7849
354625;157;4;1;1;7;6;6;2;1;3;11;4;17;220
354630;4491;134;98;208;394;158;156;163;149;207;296;191;1345;7990
354640;8243;217;668;315;245;173;241;278;276;268;269;293;534;12020
354650;464;7;12;6;1;16;11;15;57;150;203;60;388;1390
354660;4547;92;100;132;83;111;112;81;135;106;120;104;134;5857
354670;4417;88;86;96;81;314;105;143;132;91;97;100;247;5997
354680;8216;213;281;290;209;329;265;266;198;220;232;237;261;11217
354690;1067;32;44;45;29;27;52;17;42;35;43;44;156;1633
354700;773;82;57;159;122;227;260;60;61;50;28;162;300;2341
354710;257;8;6;4;7;3;8;13;10;3;11;5;23;358
354720;190;1;2;2;6;2;9;1;2;2;2;2;5;226
354730;55852;2519;2912;3022;3210;3427;3266;3369;3333;3272;3026;3114;5953;96275
354740;288;5;2;1;1;3;0;9;0;6;1;3;6;325
354750;5199;120;150;129;99;150;159;257;164;213;138;151;1259;8188
354760;4030;134;103;102;93;149;170;129;133;89;98;104;576;5910
354765;167;0;1;0;1;0;6;0;11;1;11;1;2;201
354770;2277;56;60;67;39;63;66;67;43;47;77;66;114;3042
354780;136310;7129;6396;6891;6206;6682;6071;6630;6817;6084;6840;6706;8710;217472
354790;695;28;20;21;28;30;24;65;113;44;122;21;55;1266
354800;5551;226;233;271;210;433;314;215;260;409;234;254;413;9023
354805;2049;58;51;38;50;33;51;55;33;60;97;1197;30;3802
354810;1038;16;19;47;30;34;98;68;77;216;115;50;41;1849
354820;613;12;18;15;19;22;7;13;22;11;11;17;58;838
354830;280;5;3;5;5;6;1;2;2;6;28;5;5;353
354840;327;13;11;3;3;7;4;1;4;13;2;5;6;399
354850;126391;3454;3990;4323;3594;3399;3570;3180;3520;3218;3229;3807;4675;170350
354860;747;5;5;4;14;11;11;14;20;11;10;15;26;893
354870;209981;5289;6004;6651;5823;6233;6376;6193;6835;6021;6541;6689;8776;287412
354880;109978;3254;3945;4365;4125;3830;4615;4687;4317;3812;4135;5956;4874;161893
354890;57431;1788;1959;1998;2042;1819;1749;1888;1995;1893;1870;2121;2603;81156
354900;4946;30;47;59;94;33;131;69;67;42;56;54;66;5694
354910;16465;418;510;604;517;439;554;561;607;579;486;483;967;23190
354920;283;2;3;1;4;6;3;2;6;3;7;41;9;370
354925;207;1;5;4;1;0;5;2;2;3;2;2;0;234
354930;225;5;5;3;2;3;5;4;4;2;4;0;5;267
354940;9631;313;228;259;256;279;283;219;242;238;243;353;957;13501
354950;518;27;39;21;17;34;65;67;110;77;38;30;58;1101
354960;429;5;22;9;5;2;10;9;8;8;10;8;11;536
354970;10602;277;253;361;314;372;290;401;378;592;372;360;425;14997
354980;83276;2495;2745;3192;2725;2743;3083;3542;3170;2733;2976;2834;3532;119046
354990;133949;3763;4136;4869;3986;4574;4692;4264;5022;4167;4219;4663;7161;189465
354995;8103;663;565;708;401;508;464;666;494;497;585;547;554;14755
355000;1191;36;27;72;24;32;76;40;32;37;29;35;115;1746
355010;7600;151;225;179;275;262;252;324;325;443;342;236;1104;11718
355020;3343;87;107;97;113;115;98;153;108;77;173;101;94;4666
355030;3499636;81430;91354;105947;97598;96444;97632;97426;104328;98615;101396;98180;117970;4687956
355040;3901;149;121;159;147;102;117;123;119;87;146;181;312;5664
355050;846;25;52;19;24;15;19;15;45;28;20;18;44;1170
355060;12739;384;480;412;421;450;378;497;473;377;577;399;863;18450
355070;12637;385;423;655;393;374;342;421;343;329;321;428;688;17739
355080;2622;82;69;106;94;87;106;117;167;293;300;298;166;4507
355090;2740;102;85;113;100;126;149;86;172;280;118;129;182;4382
355100;27520;818;1032;954;849;732;1068;829;795;644;711;790;1476;38218
355110;1012;25;30;39;21;25;22;39;29;32;45;21;29;1369
355120;345;13;16;5;6;16;10;8;15;14;11;4;4;467
355130;592;2;11;8;6;16;32;8;12;32;19;50;172;960
355140;567;3;10;14;18;32;11;15;25;19;14;10;69;807
355150;6212;93;198;765;530;317;238;245;409;262;300;591;2512;12672
355160;5274;145;121;164;130;134;158;117;145;151;148;147;144;6978
355170;29576;850;1255;1487;3271;1516;1143;1058;962;765;821;988;5303;48995
355180;1202;20;34;32;32;15;18;27;28;29;29;26;42;1534
355190;1680;82;23;62;116;138;54;52;45;27;45;31;495;2850
355200;511;11;26;15;24;16;29;20;10;16;12;13;14;717
355210;4072;99;101;107;85;95;102;83;80;85;86;80;124;5199
355220;114247;3546;4363;5042;4261;4170;4444;4341;5242;4305;4254;4633;6838;169686
355230;2666;52;46;56;89;912;60;94;54;61;54;36;304;4484
355240;29458;825;772;1000;932;972;1004;1199;1204;893;804;921;999;40983
355250;36021;1036;1040;1389;1070;1141;2816;1068;1308;1008;1022;1058;1468;51445
355255;286;16;18;8;45;7;6;1;4;6;4;7;11;419
355260;1799;67;70;39;41;34;44;76;61;93;79;88;302;2793
355270;1887;198;184;89;48;39;47;87;97;68;100;84;297;3225
355280;39835;1288;1413;1581;1644;1861;1633;1563;1686;1577;1487;1685;1942;59195
355290;772;9;9;13;9;5;14;8;4;24;18;28;133;1046
355300;1798;49;71;110;54;48;50;61;85;61;59;41;77;2564
355310;622;10;19;17;14;14;32;9;24;16;27;21;34;859
355320;846;9;11;9;15;12;13;28;52;69;75;45;78;1262
355330;4647;149;186;173;144;136;147;169;119;128;150;230;267;6645
355340;2939;97;149;66;52;58;82;85;72;89;72;66;234;4061
355350;983;14;15;41;33;21;11;21;25;15;18;33;20;1250
355360;2831;66;82;115;126;126;203;193;165;252;356;356;472;5343
355365;237;3;2;8;10;2;2;6;6;5;11;9;20;321
355370;8741;942;712;314;208;250;238;285;509;608;519;465;1390;15181
355380;2821;110;57;116;73;64;59;82;58;72;63;153;157;3885
355385;809;89;28;36;42;17;36;73;38;19;47;31;94;1359
355390;508;16;55;11;15;12;15;8;11;14;8;11;33;717
355395;3835;50;94;172;345;233;85;145;129;112;88;102;1848;7238
355400;17498;515;905;709;669;528;592;733;593;512;527;672;1459;25912
355410;59820;1953;1734;1970;1686;2304;2030;1757;1826;1638;1679;1814;2188;82399
355420;477;12;14;18;15;9;2;13;8;9;21;13;46;657
355430;2439;43;43;63;107;100;106;94;102;74;248;344;725;4488
355440;741;15;19;13;15;30;17;19;15;15;25;12;150;1086
355450;10707;219;239;364;267;215;260;253;347;315;288;260;468;14202
355460;249;11;2;4;1;5;5;2;3;3;1;5;3;294
355465;126;0;0;0;1;1;2;1;1;0;1;1;4;138
355470;1245;42;32;75;36;39;69;43;76;104;35;34;47;1877
355475;338;4;7;8;20;25;3;9;6;4;14;19;25;482
355480;4092;232;211;318;114;154;216;159;113;125;109;158;209;6210
355490;553;7;9;11;12;2;1;4;6;7;9;9;12;642
355495;339;5;9;4;7;5;14;5;3;4;6;28;10;439
355500;11558;368;386;484;328;365;397;381;350;284;495;363;417;16176
355510;1962;63;31;45;43;73;55;67;38;34;64;48;96;2619
355520;294;5;5;2;3;7;1;4;0;3;1;3;8;336
355530;263;0;1;0;1;3;0;0;4;4;2;2;3;283
355535;618;10;20;19;48;4;11;20;6;9;11;11;56;843
355540;10337;340;492;502;382;282;251;285;259;215;248;282;636;14511
355550;591;83;40;41;40;40;37;23;56;109;79;75;41;1255
355560;1271;12;18;19;32;29;37;228;192;178;114;58;328;2516
355570;222;4;1;21;3;6;3;5;3;6;5;10;9;298
355580;943;17;21;24;17;12;14;24;24;13;16;17;20;1162
355590;279;3;4;12;3;5;3;11;4;5;105;6;15;455
355600;1469;46;44;26;119;56;32;35;35;39;56;37;71;2065
355610;1786;34;94;106;40;70;96;141;93;98;46;91;101;2796
355620;25039;717;827;962;804;1013;914;842;907;870;827;921;1211;35854
355630;3124;54;141;148;185;148;119;99;144;107;88;649;713;5719
355635;739;25;21;35;35;23;23;28;24;25;29;30;96;1133
355640;5253;196;220;219;160;145;149;163;202;320;557;902;297;8783
355645;8602;291;233;331;291;353;354;280;277;250;315;296;337;12210
355650;10440;188;237;324;350;270;266;252;259;650;320;339;601;14496
355660;1186;30;25;20;29;55;55;69;376;176;41;37;59;2158
355670;19241;427;541;652;700;693;562;569;590;614;683;641;828;26741
355680;1935;91;88;129;142;116;103;60;72;103;77;50;257;3223
355690;2103;34;254;66;60;89;130;113;73;72;46;2464;59;5563
355695;148;4;6;4;6;4;1;1;6;0;3;4;0;187
355700;9504;224;237;278;227;205;274;301;310;262;234;240;546;12842
355710;14200;513;382;503;359;706;503;488;489;354;440;457;619;20013
355715;416;17;9;10;11;11;10;12;7;4;12;10;16;545
355720;2797;90;76;119;147;74;64;58;78;63;92;70;129;3857
355730;1372;31;24;22;50;57;15;20;45;18;43;59;114;1870
359999;0;0;0;0;0;0;0;0;0;0;0;0;0;0
410010;619;16;14;16;8;8;18;7;11;6;14;7;19;763
410020;420;8;10;24;6;14;11;31;25;12;82;23;30;696
410030;462;9;12;15;14;12;15;13;18;9;12;16;20;627
410040;7685;168;199;291;182;259;219;234;370;261;226;218;328;10640
410045;245;1;1;4;3;1;5;3;9;0;6;4;24;306
410050;2625;79;62;67;58;65;71;49;71;60;66;49;56;3378
410060;1364;35;32;48;30;30;34;50;48;126;39;40;196;2072
410070;977;30;22;28;33;13;19;23;21;19;21;26;31;1263
410080;1036;25;24;54;29;30;18;8;13;23;61;45;20;1386
410090;566;12;45;8;8;13;7;8;7;9;14;10;38;745
410100;2946;102;82;81;70;71;69;60;67;70;67;79;169;3933
410105;228;0;3;3;2;0;3;1;7;1;4;0;5;257
410110;3799;38;75;83;107;44;79;69;69;77;71;106;99;4716
410115;316;7;4;9;14;4;7;3;6;5;6;5;6;392
410120;2630;264;292;455;465;395;330;399;330;277;342;315;425;6919
410130;520;35;94;20;2;13;11;10;6;6;5;11;16;749
410140;24664;707;946;1269;881;715;888;883;863;945;977;1023;1047;35808
410150;24358;813;997;1029;927;1003;865;886;1056;941;1030;1022;994;35921
410160;4378;149;120;157;120;208;102;115;135;129;157;130;194;6094
410165;189;3;5;4;2;2;1;1;3;1;0;3;34;248
410170;2231;56;40;67;80;45;41;46;41;31;77;71;86;2912
410180;26344;810;878;969;1030;1315;1397;2079;1467;1161;940;1530;1752;41672
410185;180;3;10;3;2;1;11;1;1;1;3;0;0;216
410190;2193;44;56;64;57;56;39;69;59;64;86;78;82;2947
410200;4058;108;90;105;79;96;105;110;100;100;108;185;175;5419
410210;4448;87;116;150;140;129;189;156;162;168;161;139;1055;7100
410220;558;7;11;16;23;4;11;6;8;5;8;6;7;670
410230;1708;31;40;54;28;43;28;43;48;36;33;74;65;2231
410240;5212;2619;146;129;111;167;189;242;224;263;195;175;2601;12273
410250;927;20;23;26;29;14;16;13;2;13;23;15;25;1146
410260;1092;60;62;37;32;25;30;33;33;33;22;32;44;1535
410270;268;7;4;5;6;2;1;2;3;2;5;2;8;315
410275;191;3;2;8;5;1;2;2;1;1;1;4;9;230
410280;1862;38;89;64;117;83;41;57;64;133;79;53;195;2875
410290;2295;91;116;176;75;107;95;125;108;88;121;225;144;3766
410300;497;6;11;10;13;14;11;4;8;9;7;10;38;638
410302;253;2;14;4;9;6;4;5;5;0;4;6;8;320
410304;463;7;9;18;7;11;14;12;11;8;29;34;27;650
410305;587;6;7;11;6;11;4;14;6;13;14;2;43;724
410310;1040;29;34;59;36;49;66;65;40;32;47;35;59;1591
410315;146;2;4;1;2;3;2;1;2;3;4;1;12;183
410320;608;6;194;142;36;14;12;29;6;9;9;10;19;1094
410322;249;2;7;6;18;6;0;7;6;2;2;9;24;338
410330;689;13;10;23;13;16;9;6;15;6;13;22;22;857
410335;444;10;13;6;5;8;10;16;5;6;15;17;5;560
410337;240;2;5;7;5;2;20;7;5;3;3;2;2;303
410340;283;3;7;3;2;3;4;3;8;49;3;2;3;373
410345;6676;106;164;243;158;104;145;184;128;152;152;149;154;8515
410347;357;6;2;5;3;7;1;8;2;6;31;9;27;464
410350;831;65;47;30;22;21;20;20;23;20;20;29;31;1179
410360;5698;131;132;161;106;108;155;187;171;180;194;164;394;7781
410370;14143;415;458;566;457;419;473;501;615;414;496;453;531;19941
410380;1169;18;18;46;37;27;26;39;24;55;40;37;64;1600
410390;1307;34;22;42;29;20;30;17;35;26;48;18;28;1656
410395;351;11;7;15;6;5;3;23;16;44;11;9;17;518
410400;4740;128;155;181;272;171;176;135;165;163;219;166;214;6885
410405;346;3;9;22;6;9;5;7;3;1;10;5;25;451
410410;1143;78;182;77;41;46;62;52;50;40;63;74;69;1977
410420;18014;423;427;586;448;457;516;631;574;538;505;688;1542;25349
410425;1747;47;44;49;48;41;52;42;47;47;61;68;83;2376
410430;15421;440;450;553;482;379;440;465;564;491;466;628;660;21439
410440;872;6;24;15;6;7;23;13;11;11;8;15;23;1034
410442;1488;47;43;56;45;45;92;34;32;25;42;28;51;2028
410445;833;15;26;35;23;14;17;28;27;30;8;20;84;1160
410450;2680;68;77;94;97;69;70;70;62;70;64;59;83;3563
410460;1906;79;87;82;78;74;95;92;103;75;85;108;168;3032
410465;8063;181;209;216;237;188;178;184;205;250;213;227;238;10589
410470;1374;25;33;41;29;36;53;71;63;174;88;46;46;2079
410480;60707;2059;2763;2868;2621;2224;2412;2524;2369;2599;2474;2654;3617;91891
410490;10329;229;299;369;262;368;322;296;320;317;312;337;298;14058
410500;803;21;20;20;16;8;19;9;14;7;18;20;28;1003
410510;1948;50;41;52;88;27;46;86;126;193;108;131;160;3056
410520;892;28;29;27;24;79;14;31;25;26;122;104;24;1425
410530;1915;53;61;114;73;54;49;72;56;72;63;82;160;2824
410540;2238;85;98;84;122;76;66;114;107;108;226;206;324;3854
410550;14592;439;548;677;737;629;692;681;580;715;665;618;1629;23202
410560;2503;41;41;50;67;63;79;50;54;59;68;43;326;3444
410570;2362;70;60;78;51;66;63;77;70;77;53;73;106;3206
410580;25832;1957;2659;3587;4848;3695;2369;2524;2773;2654;3410;2685;3469;62462
410590;4837;122;91;110;126;124;356;131;151;138;83;2341;240;8850
410600;651;18;15;23;12;12;11;6;10;14;23;11;13;819
410610;352;9;10;5;2;6;4;4;16;11;4;7;1;431
410620;1471;26;34;73;44;44;51;42;47;44;42;53;83;2054
410630;1940;60;52;41;78;41;37;42;52;43;29;52;41;2508
410640;9860;262;230;383;327;378;273;387;454;489;457;468;566;14534
410645;952;45;41;33;48;63;57;64;46;40;37;30;42;1498
410650;2426;101;129;113;75;89;69;81;173;65;129;104;139;3693
410655;315;4;6;4;9;2;2;1;2;3;8;8;5;369
410657;314;9;9;4;9;3;7;10;9;15;11;5;71;476
410660;2080;45;40;63;47;43;44;33;45;44;56;52;44;2636
410670;585;8;9;12;7;9;14;15;18;72;17;17;82;865
410680;1429;73;40;38;26;42;32;39;45;48;46;35;34;1927
410685;220;2;2;1;2;4;0;3;1;4;0;3;1;243
410690;633869;17313;20757;21437;19968;20009;20171;20773;20901;18992;20616;23674;33989;892469
410700;1628;67;55;84;68;45;87;92;85;86;102;67;85;2551
410710;547;16;27;9;7;8;13;9;10;16;16;11;36;725
410712;190;1;7;4;3;2;6;4;3;3;0;5;3;231
410715;338;2;8;55;6;0;3;6;5;5;8;6;17;459
410720;7271;159;209;244;198;183;189;216;228;205;219;180;340;9841
410725;1335;47;33;36;32;44;78;62;26;39;17;26;54;1829
410730;506;9;11;26;9;11;9;3;6;11;17;12;37;667
410740;563;16;18;18;18;10;11;9;16;17;10;9;22;737
410750;3566;74;83;128;136;222;162;141;95;106;215;93;291;5312
410752;195;0;16;6;0;3;0;7;0;0;1;2;9;239
410753;758;19;20;43;32;17;27;51;44;39;26;56;101;1233
410754;321;4;9;12;13;7;5;7;5;2;6;4;8;403
410755;293;3;6;6;4;1;33;22;13;1;7;7;54;450
410760;2044;52;58;82;49;28;38;36;50;41;58;85;70;2691
410765;7036;211;217;254;241;243;351;266;313;281;315;371;259;10358
410770;422;5;4;8;14;20;10;2;6;2;4;3;11;511
410773;577;11;27;16;9;19;20;9;25;7;7;21;17;765
410775;981;23;19;32;11;26;18;18;21;21;48;20;17;1255
410780;680;13;15;19;12;13;25;20;16;12;19;22;69;935
410785;375;8;11;11;10;10;11;4;11;4;10;10;10;485
410790;802;19;25;15;18;10;31;22;68;10;34;18;26;1098
410800;2453;16;16;27;129;26;33;36;40;29;36;71;23;2935
410810;304;4;3;13;4;16;7;7;2;4;5;4;19;392
410820;908;18;21;37;19;31;63;44;19;15;29;30;63;1297
410830;38517;1270;1260;1620;1227;1016;1282;1251;1159;1163;1397;1398;1883;54443
410832;459;6;8;13;7;10;6;8;7;5;4;4;43;580
410840;15531;437;442;581;477;408;492;479;538;524;510;487;588;21494
410845;284;23;9;14;22;4;14;7;7;10;11;10;18;433
410850;2423;123;100;138;88;154;180;121;114;122;137;113;110;3923
410855;195;3;1;2;3;4;2;2;0;5;2;3;3;225
410860;4509;113;116;122;187;175;119;136;135;119;118;111;1198;7158
410865;406;22;11;9;6;11;4;12;6;6;3;7;25;528
410870;544;10;12;6;5;16;8;6;10;3;9;6;10;645
410880;3000;122;82;105;97;87;77;65;74;86;78;79;248;4200
410890;669;18;12;15;32;9;11;8;19;50;22;18;34;917
410895;430;7;8;11;11;4;5;7;12;11;6;6;28;546
410900;412;36;15;20;15;8;7;85;63;51;31;24;31;798
410910;309;6;5;11;10;9;6;7;6;11;7;8;11;406
410920;659;7;18;25;17;9;12;11;13;23;16;31;26;867
410930;1619;82;57;43;25;45;28;35;32;48;38;48;95;2195
410940;29353;845;1070;1246;1253;1032;1071;1009;1051;886;1078;1156;1393;42443
410950;542;11;6;7;9;13;8;8;4;1;28;3;25;665
410960;3538;124;216;292;105;80;96;84;91;69;142;95;168;5100
410965;516;8;10;10;18;11;18;9;11;10;4;12;39;676
410970;5039;159;195;164;240;235;282;242;275;201;209;172;387;7800
410975;841;19;49;34;35;43;26;42;27;30;24;22;39;1231
410980;6660;132;208;188;188;194;176;169;192;193;182;182;304;8968
410990;720;10;13;27;13;20;15;15;16;17;14;10;16;906
411000;498;15;27;3;6;14;6;14;34;14;17;32;20;700
411005;182;0;5;2;3;3;2;7;0;2;4;4;4;218
411007;817;31;29;33;24;34;37;29;22;34;24;33;42;1189
411010;4108;192;194;208;179;215;220;216;227;228;187;353;155;6682
411020;1256;21;83;77;37;20;26;47;34;35;40;43;53;1772
411030;408;1;5;7;4;7;3;1;5;5;6;28;6;486
411040;596;9;6;9;21;5;13;12;16;11;13;11;21;743
411050;1482;42;26;50;44;66;115;66;55;63;58;55;80;2202
411060;1729;38;47;47;53;35;47;34;27;31;41;51;125;2305
411065;169;1;6;1;3;1;0;0;1;2;6;4;7;201
411070;8232;199;287;258;216;226;255;258;252;218;273;274;323;11271
411080;973;29;16;20;23;16;20;11;7;13;21;15;29;1193
411090;318;5;5;14;5;2;2;9;2;4;6;9;19;400
411095;1021;29;62;41;34;36;35;54;53;38;52;44;56;1555
411100;569;9;12;15;17;15;7;5;13;13;13;15;19;722
411110;549;5;21;12;19;12;9;12;6;9;16;9;64;743
411120;1252;27;28;32;30;27;41;41;30;25;38;35;35;1641
411125;1459;55;38;33;28;50;32;42;37;42;79;52;36;1983
411130;275;1;5;3;2;3;4;3;4;4;3;0;25;332
411140;751;19;14;22;20;10;17;15;12;12;6;12;39;949
411150;3668;85;75;97;121;145;79;176;78;84;220;81;149;5058
411155;2488;47;42;64;60;68;62;81;66;268;81;47;569;3943
411160;468;7;14;10;2;14;11;10;13;3;6;1;25;584
411170;382;9;5;10;7;5;5;6;15;4;6;9;21;484
411180;7430;237;164;316;215;199;262;335;379;275;508;364;1499;12183
411190;1976;49;45;107;64;41;43;70;58;133;50;40;52;2728
411200;6324;165;247;320;290;324;349;343;423;273;365;464;397;10284
411210;5333;107;175;156;164;211;175;143;166;99;108;110;244;7191
411220;537;10;27;22;22;27;49;25;74;11;65;54;42;965
411230;328;1;5;4;4;13;7;4;5;5;15;3;15;409
411240;1540;39;48;51;85;32;48;47;53;83;85;55;70;2236
411250;826;29;19;23;6;19;10;43;18;22;22;16;15;1068
411260;205;4;5;2;2;0;3;2;2;1;5;3;5;239
411270;1358;29;43;52;44;37;29;43;44;45;41;56;72;1893
411275;768;15;42;18;20;17;29;26;46;24;11;164;37;1217
411280;1607;42;57;59;46;89;37;79;48;38;51;94;40;2287
411290;373;4;1;12;0;4;4;10;31;83;13;6;18;559
411295;639;12;21;16;19;31;13;13;12;10;14;9;24;833
411300;934;25;14;23;28;17;16;14;10;21;19;37;89;1247
411310;543;6;13;11;11;14;4;10;8;16;2;13;9;660
411320;6489;286;225;173;197;195;183;191;208;197;307;228;256;9135
411325;267;1;2;5;3;4;0;1;4;30;5;4;12;338
411330;2963;169;122;126;96;147;143;97;95;92;112;83;151;4396
411340;619;10;13;12;15;27;4;3;7;5;9;5;26;755
411342;294;2;2;6;5;4;0;3;9;8;3;2;9;347
411345;415;15;22;14;14;14;6;13;13;6;15;14;30;591
411350;3209;151;134;129;96;106;113;135;112;142;156;185;125;4793
411360;861;16;22;17;31;15;24;14;15;17;5;22;13;1072
411370;119341;4386;4663;5899;5307;4782;4484;4939;4928;4912;5754;4893;5565;179853
411373;1018;22;20;30;35;31;25;15;25;15;19;30;55;1340
411375;405;2;4;6;1;3;10;12;22;4;3;6;35;513
411380;496;9;11;15;10;5;8;8;8;3;14;3;9;599
411390;1516;37;59;56;47;56;47;33;48;39;30;65;38;2071
411400;1681;39;60;52;64;57;42;50;48;50;53;38;67;2301
411410;1872;47;44;80;70;52;73;71;92;58;70;78;131;2738
411420;5290;83;195;178;135;112;139;112;147;110;108;121;170;6900
411430;4465;136;180;189;171;177;170;231;181;226;367;168;144;6805
411435;137;1;3;3;1;0;0;1;1;1;3;1;8;160
411440;1714;32;34;69;59;85;60;53;37;46;46;47;108;2390
411450;971;22;27;26;28;20;27;24;25;29;17;23;23;1262
411460;9097;358;345;391;315;309;356;307;316;310;366;345;393;13208
411470;439;2;13;11;9;9;7;4;5;7;30;9;20;565
411480;4771;118;103;162;107;125;100;122;145;127;143;182;788;6993
411490;973;16;25;20;20;10;22;20;19;17;13;21;32;1208
411500;507;7;25;8;6;3;11;6;11;10;29;30;59;712
411510;725;8;19;17;22;27;16;19;42;8;28;13;23;967
411520;96488;3172;3580;4403;3864;3490;3839;4175;3949;4752;3717;3894;5296;144619
411530;773;14;14;27;19;28;12;14;17;15;30;21;23;1007
411535;706;16;14;28;15;9;9;9;16;19;11;24;62;938
411540;1265;34;48;34;53;24;27;40;33;30;27;35;33;1683
411545;201;3;1;2;2;1;16;2;0;1;1;1;3;234
411550;412;3;14;18;14;15;10;13;6;14;12;11;20;562
411560;3598;125;140;129;131;232;194;146;192;156;189;205;242;5679
411570;3366;103;280;321;110;89;87;99;135;118;117;76;164;5065
411573;220;2;3;3;4;5;2;2;2;0;1;2;6;252
411575;1508;79;46;47;24;31;22;27;31;41;32;31;50;1969
411580;7743;193;244;300;220;174;218;242;264;230;216;268;310;10622
411585;466;15;12;18;14;14;15;15;17;13;20;33;55;707
411590;175;1;1;0;3;3;1;1;6;1;3;2;24;221
411600;268;9;3;0;57;6;2;5;1;1;3;2;0;357
411605;1233;30;25;54;21;25;22;43;35;24;31;108;51;1702
411610;1538;39;36;27;24;34;25;25;31;23;23;24;163;2012
411620;1546;54;42;60;48;40;64;66;48;53;43;49;51;2164
411630;402;2;3;3;3;8;4;1;3;7;13;3;12;464
411640;295;2;0;1;6;3;0;2;3;4;1;3;8;328
411650;190;1;5;8;1;3;2;6;4;24;22;9;34;309
411660;663;11;11;9;8;12;19;66;19;19;12;15;561;1425
411670;1218;31;28;35;19;23;14;31;21;23;22;30;37;1532
411680;399;5;6;5;10;10;9;7;7;6;8;9;10;491
411690;3822;87;117;135;127;86;89;89;98;134;83;97;170;5134
411695;319;5;21;17;6;10;9;4;4;6;8;23;12;444
411700;771;29;21;14;14;51;24;35;43;99;179;9;76;1365
411705;508;12;11;8;12;8;1;6;8;4;15;7;19;619
411710;2367;68;80;101;79;66;83;92;87;68;155;87;606;3939
411720;712;12;10;25;19;19;13;11;16;21;28;44;28;958
411721;257;4;5;5;5;1;0;1;0;6;5;4;2;295
411722;822;18;26;46;25;25;31;20;13;22;31;19;59;1157
411725;689;11;18;27;27;13;20;12;14;22;60;48;126;1087
411727;446;7;6;8;9;4;9;3;8;4;5;22;34;565
411729;244;3;0;5;1;1;21;6;2;0;0;0;11;294
411730;2603;51;63;65;44;38;54;88;61;48;53;85;98;3351
411740;301;3;5;11;11;7;2;9;4;11;5;12;1;382
411745;392;6;4;6;18;7;10;6;8;6;6;4;18;491
411750;2528;49;95;87;104;112;109;108;120;111;107;474;137;4141
411760;8865;658;863;870;703;722;766;631;576;666;969;699;694;17682
411770;4996;164;221;137;158;248;127;165;130;136;172;181;204;7039
411780;947;28;45;61;31;33;24;41;30;35;32;45;50;1402
411790;6769;184;301;308;326;202;243;315;254;270;206;234;257;9869
411800;1518;23;56;72;101;19;55;65;49;59;60;60;1722;3859
411810;2652;32;29;40;82;112;33;29;34;40;35;486;255;3859
411820;28260;820;916;1401;1043;1025;1085;1148;1115;982;1255;1441;1666;42157
411830;300;7;2;7;4;2;2;7;2;2;9;2;8;354
411840;15275;442;479;708;570;474;488;589;655;648;685;675;1177;22865
411845;708;26;24;35;23;23;21;24;29;28;38;38;55;1072
411850;14464;578;576;649;545;457;529;763;620;608;494;533;698;21514
411860;563;12;14;14;20;15;12;18;10;21;18;13;55;785
411870;474;16;14;16;12;13;17;13;16;17;27;13;33;681
411880;1313;23;29;34;40;31;27;27;29;35;43;29;51;1711
411885;1803;18;33;24;45;100;63;79;151;45;58;62;58;2539
411890;1731;45;53;52;66;38;75;42;38;71;46;52;59;2368
411900;499;11;7;19;20;7;11;11;5;12;20;11;49;682
411910;2019;54;80;110;185;76;60;50;69;66;71;46;48;2934
411915;23909;1001;912;1122;1028;1169;1189;1234;1240;1224;1256;1261;1709;38254
411920;423;4;13;9;8;16;7;9;9;8;8;10;33;557
411925;121;2;2;0;0;0;7;1;0;1;0;3;5;142
411930;2407;59;70;89;78;135;63;78;89;108;93;104;152;3525
411940;2929;108;179;105;127;221;184;100;155;150;132;220;237;4847
411950;4883;83;122;119;151;134;129;112;112;137;139;88;152;6361
411960;3058;126;76;90;50;60;65;79;80;110;87;68;105;4054
411965;325;4;23;22;10;1;7;7;7;5;6;9;8;434
411970;414;14;13;26;10;13;23;11;16;18;18;11;44;631
411980;909;34;43;34;41;29;27;23;30;22;25;21;69;1307
411990;57560;1888;1930;2584;2144;2415;2154;2353;2340;2143;1973;2250;2802;84536
411995;1607;51;62;92;61;55;91;84;41;54;58;53;186;2495
412000;3782;185;35;70;88;63;36;120;120;94;73;89;153;4908
412010;1057;15;35;26;16;28;40;25;36;22;20;25;38;1383
412015;190;5;1;5;2;4;4;1;4;1;1;3;2;223
412020;267;1;1;3;5;5;4;12;0;2;2;8;5;315
412030;515;13;21;11;8;18;18;30;17;14;10;13;36;724
412033;416;14;25;16;10;5;9;7;15;16;14;8;34;589
412035;708;21;22;28;15;18;9;13;25;15;10;21;27;932
412040;503;12;27;24;17;11;15;36;14;11;14;8;20;712
412050;1039;14;21;24;51;23;18;13;11;15;34;24;44;1331
412060;3572;104;97;114;83;105;126;93;106;78;89;168;246;4981
412065;448;7;8;25;1;8;8;7;12;3;13;11;15;566
412070;1025;53;47;57;14;21;39;49;35;21;50;29;37;1477
412080;9181;559;812;607;746;644;677;665;872;798;767;850;649;17827
412085;503;25;19;22;16;26;13;14;10;17;12;31;26;734
412090;3930;109;198;164;138;128;153;104;160;136;145;143;180;5688
412100;936;14;14;14;21;54;24;21;15;15;24;13;18;1183
412110;566;17;13;11;19;23;57;15;9;41;12;9;18;810
412120;640;17;14;5;12;9;10;8;8;7;48;21;34;833
412125;209;9;7;5;4;3;11;4;2;3;1;10;35;303
412130;465;6;5;23;16;4;3;5;6;6;6;7;11;563
412135;236;2;2;1;2;3;4;4;1;1;0;3;10;269
412140;1867;49;52;61;52;63;53;47;57;52;53;67;97;2570
412150;1137;26;27;28;29;39;38;32;30;31;34;30;57;1538
412160;569;27;24;15;36;43;15;15;18;11;20;22;46;861
412170;2665;96;80;86;87;52;74;101;87;115;94;81;131;3749
412175;596;11;14;18;29;18;30;33;24;24;48;11;31;887
412180;1585;32;49;51;43;23;34;44;139;54;20;40;75;2189
412190;1135;45;34;16;29;19;11;26;41;24;26;33;194;1633
412200;1176;31;38;34;39;30;62;50;58;36;32;29;38;1653
412210;345;5;1;5;5;1;6;7;3;6;7;5;20;416
412215;660;19;34;38;38;21;24;17;10;11;24;45;56;997
412217;461;46;16;21;25;27;15;18;41;34;26;20;26;776
412220;3865;65;92;124;117;97;85;110;106;98;95;70;96;5020
412230;6390;270;287;357;271;352;882;271;308;295;381;346;361;10771
412240;14469;424;404;555;604;489;447;653;726;602;677;586;1439;22075
412250;967;21;27;23;18;20;15;10;22;18;19;25;19;1204
412260;2382;55;62;67;69;65;46;54;72;53;61;50;161;3197
412265;435;1;5;3;1;3;1;4;3;2;3;1;1;463
412270;1068;41;37;117;63;54;23;32;38;46;44;36;33;1632
412280;409;22;20;31;17;21;9;14;8;13;23;12;75;674
412290;360;4;7;4;8;4;9;11;5;9;8;7;1;437
412300;1109;24;50;35;23;19;24;37;26;40;21;26;76;1510
412310;544;12;9;11;21;20;16;8;5;6;6;16;17;691
412320;288;1;4;2;8;20;5;2;4;12;62;3;27;438
412330;703;24;18;16;26;12;15;13;11;24;26;13;28;929
412340;1573;64;35;44;38;46;35;47;25;45;49;40;64;2105
412350;2455;101;109;163;86;73;106;126;97;100;122;131;372;4041
412360;177;2;3;2;3;4;0;3;0;3;3;3;0;203
412370;1015;32;20;29;22;24;29;45;35;38;35;25;46;1395
412380;864;31;26;26;32;28;24;20;35;16;48;80;128;1358
412382;254;4;10;26;9;16;22;13;11;5;7;2;37;416
412385;511;11;27;22;12;20;12;14;24;40;16;18;30;757
412390;1415;33;36;44;49;69;61;66;305;144;276;49;94;2641
412395;296;5;11;3;7;2;17;8;2;11;1;4;4;371
412400;307;3;4;5;11;4;4;5;4;4;4;4;18;377
412402;750;21;30;32;17;20;38;33;43;31;19;43;47;1124
412405;1922;32;51;50;59;41;40;68;45;62;65;65;62;2562
412410;5610;161;160;182;151;162;171;137;243;202;231;197;225;7832
412420;548;17;10;18;8;13;11;20;14;10;11;14;32;726
412430;357;1;8;31;5;19;7;17;25;6;3;6;4;489
412440;2202;49;58;112;78;58;56;59;64;39;51;71;114;3011
412450;608;6;17;20;11;10;9;12;12;13;19;11;21;769
412460;1333;17;24;43;29;20;21;23;34;31;29;27;163;1794
412470;657;9;14;15;12;33;12;6;11;11;12;6;30;828
412480;1274;37;49;71;53;109;23;24;32;64;38;26;60;1860
412490;656;9;12;6;15;20;10;14;24;12;10;16;23;827
412500;1014;10;22;17;23;49;12;16;15;23;11;8;38;1258
412510;722;15;13;33;17;13;15;16;22;14;17;14;48;959
412520;1018;34;25;41;31;34;36;24;26;23;18;30;33;1373
412530;713;9;10;16;30;22;9;7;39;30;9;23;42;959
412535;687;11;15;15;8;15;10;11;11;8;20;15;36;862
412540;455;9;16;12;9;10;14;14;16;12;14;3;5;589
412545;241;8;3;7;2;3;4;4;7;7;4;3;3;296
412550;51286;1700;1843;1966;1776;1937;2066;2041;1973;2213;2297;1989;2308;75395
412555;336;4;4;10;3;7;9;3;4;11;4;3;9;407
412560;4883;252;166;204;179;133;160;294;228;210;201;166;258;7334
412570;3328;103;139;187;130;109;119;135;193;128;151;191;232;5145
412575;472;6;16;11;3;10;10;5;7;4;9;8;5;566
412580;3042;80;44;76;139;77;186;113;97;112;81;69;795;4911
412590;387;4;8;10;6;9;10;11;5;6;14;8;3;481
412600;956;26;27;45;110;15;39;57;83;43;94;18;43;1556
412610;1629;29;44;67;78;66;50;42;33;39;61;44;163;2345
412620;586;5;20;21;5;20;19;13;9;11;25;11;24;769
412625;7839;257;280;317;265;254;262;279;252;254;260;278;286;11083
412627;380;7;10;56;11;16;24;38;17;106;30;50;50;795
412630;5742;214;182;261;207;195;213;252;266;253;240;233;191;8449
412635;286;2;14;16;11;8;11;23;19;25;22;14;25;476
412640;898;21;20;19;68;31;30;39;52;86;90;54;99;1507
412650;3183;96;68;99;150;67;51;57;88;86;119;122;67;4253
412660;3096;66;99;108;95;99;131;96;132;96;72;109;92;4291
412665;223;6;3;9;2;6;8;0;0;1;5;5;7;275
412667;976;20;29;55;23;32;54;37;29;43;72;60;116;1546
412670;482;8;12;8;8;11;3;9;10;10;18;18;21;618
412680;3769;73;135;79;105;179;111;130;127;119;124;164;611;5726
412690;551;12;12;17;6;7;11;2;13;8;24;6;11;680
412700;970;39;40;59;57;61;53;35;58;44;62;88;71;1637
412710;13890;707;947;727;903;1006;780;714;871;1619;922;887;813;24786
412720;2810;65;92;78;96;68;72;79;71;92;80;92;126;3821
412730;1614;20;46;31;28;29;45;34;23;37;106;30;44;2087
412740;2440;38;77;82;82;56;51;77;58;66;98;54;110;3289
412750;2273;50;54;69;96;75;56;54;57;52;94;70;81;3081
412760;1368;249;192;284;124;118;112;109;539;69;120;181;378;3843
412770;28484;926;1012;1305;1092;809;1051;1145;1079;1129;1368;1276;1420;42096
412780;773;9;13;27;17;13;22;10;25;18;17;17;9;970
412785;682;20;20;12;13;12;11;7;12;12;11;60;30;902
412788;1189;33;35;39;38;186;35;33;31;52;61;48;75;1855
412790;793;12;12;29;47;11;12;27;13;11;22;27;19;1035
412795;660;7;12;11;13;12;4;11;16;12;11;6;11;786
412796;1688;61;92;93;76;53;52;43;63;43;74;82;104;2524
412800;2428;41;28;79;42;34;32;49;68;46;61;67;74;3049
412810;18069;576;771;674;696;475;553;598;552;572;665;631;796;25628
412820;9950;289;279;347;324;300;275;303;308;300;276;294;361;13606
412830;337;6;1;4;4;4;0;3;1;3;5;4;12;384
412840;1391;25;19;39;51;53;88;95;65;241;47;40;61;2215
412850;1755;40;37;39;53;46;52;53;81;38;33;47;46;2320
412853;2549;136;126;152;127;182;117;133;141;148;134;150;224;4319
412855;794;6;21;18;25;22;13;32;15;12;15;19;18;1010
412860;576;21;31;19;20;9;13;8;12;12;17;28;29;795
412862;424;6;4;5;13;7;7;12;6;12;7;21;13;537
412863;823;86;47;43;47;55;60;68;66;70;71;93;65;1594
412865;367;17;8;18;13;11;18;11;5;2;14;6;7;497
412870;575;14;15;21;18;27;15;15;12;16;19;24;31;802
412880;758;18;26;14;10;9;25;17;15;10;15;29;17;963
419999;0;0;0;0;0;0;0;0;0;0;0;0;0;0
420005;130;3;6;2;4;4;3;2;3;5;8;35;29;234
420010;2081;94;113;105;138;102;104;103;148;115;117;103;144;3467
420020;2010;51;71;75;69;71;82;71;72;66;64;86;79;2867
420030;577;42;53;20;22;20;20;29;12;33;20;25;9;882
420040;1175;142;78;123;235;339;100;49;58;54;79;117;258;2807
420050;277;14;5;12;8;11;9;4;9;7;12;9;48;425
420055;253;16;6;6;16;3;5;6;5;3;5;6;30;360
420060;672;56;18;20;32;38;42;14;28;26;24;24;25;1019
420070;727;21;32;31;22;11;21;25;11;16;33;16;99;1065
420075;146;1;1;0;4;1;2;1;0;1;0;7;30;194
420080;623;66;23;14;16;13;14;21;8;21;21;26;58;924
420090;425;7;8;9;5;13;10;11;8;9;5;12;19;541
420100;829;17;22;27;37;14;23;24;20;23;30;62;368;1496
420110;327;5;8;9;4;9;10;3;4;2;4;3;16;404
420120;1140;22;27;32;31;26;33;29;20;23;25;37;73;1518
420125;2243;53;81;64;54;59;47;69;58;56;64;71;132;3051
420127;235;4;5;5;6;5;11;4;9;0;6;6;34;330
420130;2886;111;85;126;91;85;124;107;115;110;109;111;150;4210
420140;10464;520;440;617;429;554;596;450;556;360;376;472;518;16352
420150;1489;35;44;55;30;54;38;49;46;35;39;43;85;2042
420160;614;26;36;26;16;12;17;15;29;15;28;27;65;926
420165;129;1;2;5;2;2;0;1;4;2;1;2;17;168
420170;2497;56;89;162;90;76;80;85;71;69;89;81;66;3511
420180;388;12;32;24;11;10;25;11;4;7;13;7;36;580
420190;397;11;11;19;16;8;13;15;8;9;10;10;33;560
420195;469;21;46;50;25;15;19;21;18;14;14;9;37;758
420200;23960;1301;1887;2391;1177;1217;1127;1024;1096;1110;1270;1376;2056;40992
420205;458;19;43;17;30;18;20;21;34;35;40;25;62;822
420207;504;25;28;45;22;33;15;22;20;17;24;17;54;826
420208;120;2;3;4;5;3;0;3;1;9;4;2;32;188
420209;135;1;5;6;6;0;1;2;0;1;8;8;18;191
420210;1795;62;78;98;95;84;69;73;67;61;81;85;83;2731
420213;334;8;61;9;9;3;7;58;6;5;21;7;49;577
420215;142;5;6;1;3;2;3;1;2;4;10;6;24;209
420220;3039;97;109;106;109;107;130;122;111;115;108;125;137;4415
420230;6491;346;234;293;279;253;217;229;284;267;315;296;537;10041
420240;90553;3132;4005;4450;3873;3898;3967;4409;4398;3896;4893;4497;6011;141982
420243;273;13;12;22;8;12;7;5;17;8;13;25;80;495
420245;2505;190;385;290;260;97;94;74;55;66;89;93;294;4492
420250;414;14;19;29;23;31;16;10;32;11;13;13;33;658
420253;198;6;8;20;15;3;5;3;3;6;11;7;20;305
420257;128;2;10;4;2;4;2;1;0;1;2;1;27;184
420260;1722;148;336;1001;194;189;74;58;83;68;110;229;504;4716
420270;914;10;34;42;22;23;27;31;28;44;36;28;14;1253
420280;6644;253;207;233;233;273;183;195;186;189;587;239;350;9772
420285;835;6;24;15;21;17;12;15;19;15;11;8;28;1026
420287;206;5;6;4;1;6;9;6;17;6;10;4;35;315
420290;32179;971;1121;1148;1087;1133;1194;1199;1162;1181;1284;1254;2727;47640
420300;20447;804;897;1162;1205;878;892;881;929;988;896;896;1256;32131
420310;724;53;34;85;19;13;26;24;12;25;26;20;75;1136
420315;598;36;35;51;31;33;53;43;35;27;140;147;41;1270
420320;3886;144;184;229;182;208;182;156;202;154;181;166;545;6419
420325;417;24;10;5;6;17;15;13;12;24;12;8;35;598
420330;2430;58;60;149;104;77;91;88;192;84;104;108;90;3635
420340;1114;97;55;145;60;128;65;35;30;37;43;47;182;2038
420350;1193;48;47;59;49;55;53;78;47;40;82;51;169;1971
420360;5152;204;204;219;172;225;178;189;193;194;201;248;349;7728
420370;1574;58;54;74;65;56;54;54;65;56;64;95;97;2366
420380;9584;311;549;441;328;365;388;437;429;422;458;533;723;14968
420390;7657;128;210;195;172;162;189;188;194;202;228;224;369;10118
420395;2655;39;30;238;64;57;80;63;53;61;77;85;257;3759
420400;1991;57;77;102;62;116;83;59;75;65;89;96;106;2978
420410;313;3;3;10;9;3;6;12;4;6;5;1;17;392
420415;70;0;9;1;2;0;5;2;4;0;4;1;4;102
420417;189;2;2;3;6;8;5;0;3;0;20;14;5;257
420419;86;2;2;3;1;1;5;3;0;2;4;3;64;176
420420;41147;1412;1677;1695;1562;1570;1488;1580;1462;1558;1679;1591;2572;60993
420425;3382;124;73;120;70;97;126;80;74;104;101;90;86;4527
420430;18865;441;469;616;520;585;628;542;580;571;541;610;944;25912
420435;840;31;22;22;25;20;23;25;25;20;22;33;47;1155
420440;1773;61;49;80;67;74;52;74;83;60;67;58;97;2595
420445;117;2;8;4;6;0;2;2;1;5;5;3;22;177
420450;2896;83;87;139;119;118;80;130;120;116;105;83;140;4216
420455;3117;102;138;285;155;335;113;176;206;122;198;199;405;5551
420460;43587;1451;1678;2400;1489;1652;1761;1820;1719;1956;2169;1982;2808;66472
420470;1463;38;43;50;47;46;41;66;64;60;63;73;116;2170
420475;84;1;2;6;1;4;2;1;0;1;0;4;16;122
420480;7426;267;299;362;310;324;299;443;482;268;298;378;645;11801
420490;874;32;31;21;16;23;29;35;17;17;27;29;56;1207
420500;1070;34;31;44;44;29;35;37;30;28;44;32;89;1547
420510;478;16;12;12;20;20;13;21;16;14;18;14;22;676
420515;684;26;19;26;30;23;27;31;28;32;29;25;37;1017
420517;156;1;2;41;0;6;1;8;2;6;9;3;55;290
420519;152;2;0;4;2;3;3;4;4;1;3;1;21;200
420520;536;9;15;11;21;32;11;19;18;6;24;37;21;760
420530;2776;61;60;98;76;100;93;96;73;91;87;78;125;3814
420535;114;6;10;3;11;4;2;2;3;1;10;1;9;176
420540;196583;4650;6599;7592;5276;5131;5147;5970;5574;5149;5803;7205;18967;279646
420543;128;1;0;5;3;2;1;3;4;1;2;1;4;155
420545;4409;119;148;190;112;115;116;203;135;141;189;173;350;6400
420550;9680;831;1728;4638;2378;2456;1702;648;509;516;789;1552;2614;30041
420555;224;13;13;70;11;17;9;9;19;2;15;20;29;451
420560;325;18;9;11;6;13;20;10;13;3;20;30;33;511
420570;2306;107;468;196;114;74;82;73;76;50;65;67;195;3873
420580;2158;91;84;109;117;120;96;120;91;103;79;107;173;3448
420590;13663;424;523;621;489;560;565;506;558;488;551;543;653;20144
420600;1140;38;70;52;32;41;93;26;24;43;33;63;82;1737
420610;1050;31;34;34;146;46;30;32;29;38;48;52;27;1597
420620;1684;40;68;65;71;56;99;51;61;69;85;92;95;2536
420630;2475;71;83;70;90;56;64;61;74;66;63;83;168;3424
420640;1153;42;40;31;21;42;22;25;27;32;30;16;36;1517
420650;6736;174;232;262;255;256;237;260;296;345;316;297;507;10173
420660;678;21;21;21;27;10;13;17;28;15;36;32;78;997
420665;3146;71;81;76;48;74;74;68;99;64;82;99;92;4074
420670;3038;75;82;107;82;82;103;120;104;97;114;97;206;4307
420675;132;0;3;0;0;1;0;1;3;2;4;1;10;157
420680;340;5;13;7;9;12;8;6;3;5;8;14;19;449
420690;5006;197;185;228;180;166;159;213;206;192;188;181;244;7345
420700;8986;273;364;400;373;329;330;364;342;338;391;296;519;13305
420710;1573;43;27;40;50;43;65;66;51;53;68;53;131;2263
420720;691;18;91;25;27;37;11;9;16;14;55;21;131;1146
420730;4915;148;232;292;161;169;118;124;142;131;210;226;349;7217
420740;362;13;9;13;14;30;40;20;13;2;4;4;27;551
420750;14758;535;692;678;627;619;657;712;736;707;610;673;912;22916
420757;310;14;16;8;8;10;9;9;10;12;11;16;35;468
420760;235;6;5;14;8;4;8;9;3;3;7;6;50;358
420765;739;27;36;27;10;16;20;12;25;28;23;29;35;1027
420768;251;5;6;5;7;9;19;9;6;6;12;6;100;441
420770;1355;29;41;49;51;23;35;34;25;28;42;48;70;1830
420775;226;2;21;6;9;5;3;6;3;4;13;3;42;343
420780;1159;70;66;105;51;42;57;60;60;45;93;83;127;2018
420785;99;0;0;3;2;3;0;2;0;0;7;3;24;143
420790;651;15;9;24;9;19;13;18;15;12;46;20;77;928
420800;713;14;25;38;57;22;23;40;36;46;72;37;153;1276
420810;1975;32;43;46;37;41;48;47;52;66;74;50;128;2639
420820;49687;1836;2383;2817;2343;2114;2226;2364;2449;2315;2813;2647;2920;78914
420830;5897;347;541;573;318;299;292;270;283;284;249;250;513;10116
420840;4524;108;146;115;133;133;109;167;127;225;227;112;219;6345
420845;940;31;55;77;30;36;37;40;31;26;29;23;117;1472
420850;2999;121;93;106;115;109;92;131;119;95;109;93;227;4409
420860;474;12;24;7;19;4;12;9;16;9;17;19;53;675
420870;1153;36;38;58;40;54;49;37;35;38;43;34;137;1752
420880;1943;64;73;79;84;144;76;82;78;54;85;113;132;3007
420890;49206;1181;1914;1735;1767;1758;1570;1729;1934;1822;1945;1663;2327;70551
420895;123;3;8;4;6;9;2;1;3;4;1;2;8;174
420900;11909;419;537;613;530;497;525;454;512;450;516;464;633;18059
420910;130195;4437;5863;5836;5223;4921;4936;5437;5659;5804;5429;5646;6876;196262
420915;580;35;31;22;20;22;23;26;24;23;31;24;46;907
420917;109;3;3;2;0;1;0;0;3;0;7;5;1;134
420920;292;11;16;6;10;8;3;4;12;4;6;5;33;410
420930;30561;1039;1225;1858;1096;1403;1437;1636;1195;1040;1169;1245;2283;47187
420940;4898;181;397;414;175;182;169;190;144;247;351;255;502;8105
420945;176;9;6;7;6;3;0;5;3;2;4;26;9;256
420950;1104;32;40;31;28;45;29;34;39;28;58;44;79;1591
420960;1935;31;44;53;28;21;31;37;25;29;44;30;57;2365
420970;1673;76;151;219;366;141;274;70;61;118;148;122;235;3654
420980;193;4;2;7;2;5;5;1;4;1;15;8;49;296
420985;461;8;20;21;14;8;7;8;11;15;10;20;16;619
420990;1315;59;72;84;67;81;69;66;99;80;65;119;79;2255
421000;2670;58;61;105;69;91;70;75;55;75;94;61;129;3613
421003;882;30;33;26;26;29;27;32;24;21;20;22;20;1192
421005;252;7;10;10;13;4;3;18;1;11;9;6;11;355
421010;9561;420;450;460;391;458;516;423;415;367;429;393;674;14957
421020;232;8;5;6;2;3;4;5;8;6;5;16;16;316
421030;451;10;13;12;15;7;17;12;14;16;21;18;66;672
421040;1035;26;42;44;44;61;84;43;41;54;33;34;62;1603
421050;4514;171;168;224;201;131;162;232;208;152;161;194;185;6703
421055;202;5;1;7;3;7;1;4;0;8;12;13;8;271
421060;3096;73;91;98;80;92;105;98;116;139;98;75;126;4287
421070;273;5;3;11;19;22;18;17;23;8;44;10;31;484
421080;779;22;26;24;14;23;31;16;16;25;27;44;80;1127
421085;375;8;17;5;9;15;6;10;11;5;12;9;26;508
421090;718;19;12;20;20;16;17;31;23;15;22;12;46;971
421100;1334;33;38;64;38;34;138;20;23;19;24;38;95;1898
421105;2320;134;267;636;316;405;547;215;121;112;140;139;213;5565
421110;636;20;24;28;27;13;19;20;18;26;20;25;113;989
421120;4378;145;168;205;167;165;173;200;156;152;196;176;330;6611
421125;228;5;1;5;6;8;5;2;10;6;11;11;12;310
421130;6300;232;288;390;325;390;266;343;270;268;281;446;675;10474
421140;675;52;21;27;30;19;44;28;28;44;25;35;64;1092
421145;304;2;5;10;14;6;8;9;6;3;4;4;16;391
421150;2601;95;147;153;125;134;174;119;107;135;149;187;220;4346
421160;5617;246;245;264;196;184;226;257;250;257;303;302;352;8699
421165;136;5;3;4;3;4;3;1;3;0;0;3;8;173
421170;4427;130;212;190;168;149;165;173;132;130;162;200;396;6634
421175;3387;210;212;168;161;240;185;157;290;186;244;308;415;6163
421180;545;18;20;25;18;21;24;6;15;16;27;26;70;831
421185;230;1;3;8;14;22;15;11;11;2;8;10;16;351
421187;91;1;2;1;4;1;3;0;2;1;3;1;19;129
421189;254;18;18;13;7;8;14;37;9;4;3;51;26;462
421190;13813;547;644;973;511;604;638;614;552;532;618;659;986;21691
421200;1030;16;26;35;23;65;47;23;20;25;21;17;100;1448
421205;295;6;4;8;9;4;4;12;7;5;6;22;45;427
421210;1616;42;53;83;66;60;66;60;37;42;61;39;136;2361
421220;2141;189;96;85;102;112;114;155;97;63;97;85;127;3463
421223;219;4;5;2;9;3;13;1;6;2;4;10;13;291
421225;509;16;33;22;22;18;26;17;19;15;21;10;18;746
421227;472;12;16;16;6;18;12;7;9;13;27;36;74;718
421230;800;27;28;63;27;28;28;41;31;24;30;39;46;1212
421240;451;12;8;13;13;17;9;15;10;13;9;23;39;632
421250;2639;99;125;169;138;105;110;90;102;86;110;107;260;4140
421260;375;11;22;14;13;11;1;6;11;5;7;4;28;508
421265;0;0;0;0;0;0;0;0;0;0;0;0;0;0
421270;517;27;13;6;17;47;32;15;16;9;10;14;41;764
421280;1620;73;153;125;88;76;80;64;76;65;67;70;67;2624
421290;3258;87;114;122;110;109;95;113;91;103;112;162;168;4644
421300;575;16;17;23;18;17;13;25;13;24;24;29;41;835
421310;2484;70;80;83;99;110;127;105;156;170;177;166;155;3982
421315;168;7;5;4;2;5;5;12;13;5;6;9;4;245
421320;9175;155;262;611;242;240;221;232;338;226;276;246;329;12553
421330;615;31;26;36;38;35;36;26;28;22;34;35;42;1004
421335;610;42;30;46;25;34;21;35;30;43;43;34;66;1059
421340;1631;94;81;136;62;79;82;61;67;97;97;89;177;2753
421350;1929;92;208;127;153;82;87;86;74;77;107;104;165;3291
421360;4109;109;120;176;163;135;186;180;144;177;141;166;282;6088
421370;2635;107;116;161;134;158;139;134;124;117;165;116;267;4373
421380;923;30;53;21;33;39;15;22;11;30;24;27;21;1249
421390;132;1;1;0;2;2;6;3;3;2;3;3;12;170
421400;3411;168;121;141;139;152;122;112;143;153;124;125;199;5110
421410;214;4;2;2;2;4;1;9;3;4;0;5;4;254
421415;131;2;6;6;8;12;9;5;9;3;15;2;52;260
421420;2259;62;74;107;58;43;47;60;89;54;58;117;64;3092
421430;263;5;5;5;5;2;8;7;9;8;12;28;17;374
421440;821;60;32;34;41;27;37;35;31;23;84;63;56;1344
421450;859;35;34;29;17;31;16;145;18;21;27;18;35;1285
421460;884;41;59;43;31;41;47;31;51;30;47;40;48;1393
421470;2342;87;89;87;109;107;93;109;93;101;102;97;124;3540
421480;19845;544;765;952;785;775;810;876;1226;788;742;839;966;29913
421490;600;10;9;7;11;14;16;8;4;5;9;9;43;745
421500;12944;602;756;877;641;675;710;752;824;800;744;741;678;21744
421505;183;10;12;53;0;13;5;6;10;26;42;7;31;398
421507;326;2;12;5;8;7;4;8;4;7;11;11;30;435
421510;3241;140;190;141;146;147;138;167;306;139;127;99;195;5176
421520;266;3;14;17;17;9;8;4;3;7;11;10;74;443
421530;1928;77;58;65;83;52;57;74;71;48;70;72;79;2734
421535;174;1;4;4;5;4;5;7;1;15;9;4;41;274
421540;1053;20;21;26;19;13;23;41;21;27;14;23;62;1363
421545;2241;91;67;119;80;107;98;100;79;87;138;96;113;3416
421550;4115;237;425;315;260;310;383;207;217;247;290;269;686;7961
421555;285;5;4;5;14;5;14;9;4;5;4;2;17;373
421560;245;4;3;1;6;3;2;2;2;0;9;1;11;289
421565;667;23;13;62;15;17;15;30;20;17;16;28;53;976
421567;227;9;11;23;6;10;16;12;12;4;32;30;134;526
421568;82;1;10;7;4;0;5;5;2;1;17;2;27;163
421569;64;0;1;1;2;0;4;1;1;0;0;1;10;85
421570;2644;98;58;122;68;89;97;97;107;87;97;122;151;3837
421575;138;1;2;1;3;4;7;9;1;2;7;3;17;195
421580;25882;1290;1556;1636;1550;1586;1462;1690;1831;1542;1736;1531;1938;45230
421590;299;13;5;5;17;5;3;5;7;1;7;3;12;382
421600;1389;45;44;39;50;41;36;43;37;45;59;54;72;1954
421605;896;29;85;77;53;35;36;28;51;66;59;79;77;1571
421610;1139;22;32;36;52;28;33;27;38;19;37;36;93;1592
421620;7343;257;252;288;195;206;248;205;226;191;207;215;460;10293
421625;490;19;16;15;18;10;14;15;11;5;6;13;37;669
421630;5249;195;204;289;258;226;268;273;326;483;334;292;691;9088
421635;290;9;11;10;13;10;23;8;19;10;12;17;18;450
421640;318;4;10;13;10;18;11;7;9;8;24;12;50;494
421650;5728;477;299;433;519;1130;418;264;213;230;314;393;804;11222
421660;50930;1941;2150;2681;2164;2248;2133;2102;2488;2255;2129;2287;4433;79941
421670;2031;77;86;90;69;64;62;54;69;58;70;76;107;2913
421680;459;23;34;43;82;47;26;22;28;76;57;44;88;1029
421690;5550;148;170;176;187;203;163;208;203;201;214;160;314;7897
421700;3411;89;93;150;88;117;88;78;124;94;93;104;113;4642
421710;386;7;6;16;5;15;11;5;3;7;4;9;16;490
421715;79;0;1;2;1;4;0;1;3;0;0;1;11;103
421720;7011;181;241;244;207;176;202;234;216;214;184;195;404;9709
421725;471;25;50;57;62;21;18;21;17;28;34;20;230;1054
421730;1783;26;50;61;68;58;46;44;61;49;64;42;71;2423
421740;2073;47;116;70;78;85;58;56;80;64;57;81;80;2945
421750;4528;75;127;119;146;172;110;121;92;247;111;83;193;6124
421755;378;9;7;12;10;12;8;9;10;7;9;9;53;533
421760;2494;70;90;111;85;84;84;109;80;468;109;91;242;4117
421770;4654;247;277;376;225;217;245;241;242;260;278;271;333;7866
421775;240;14;3;10;10;2;5;4;2;3;6;2;14;315
421780;3372;70;118;134;111;112;122;139;156;123;128;135;240;4960
421790;1374;41;34;56;58;50;25;35;39;59;39;37;70;1917
421795;50;0;0;1;0;1;0;0;1;1;0;1;25;80
421800;5871;183;131;189;179;164;182;182;372;201;258;251;491;8654
421810;477;7;8;14;13;17;20;17;12;11;12;11;61;680
421820;12058;381;430;442;448;509;438;463;478;455;428;440;772;17742
421825;826;39;48;33;51;37;56;33;35;47;55;45;44;1349
421830;2892;88;86;104;87;67;102;104;130;96;81;80;472;4389
421835;1027;21;10;14;9;6;10;4;15;9;19;33;57;1234
421840;1045;26;34;66;31;52;52;38;36;32;34;71;72;1589
421850;1127;43;44;26;35;27;35;36;33;41;34;31;48;1560
421860;1328;52;30;41;66;52;34;26;37;27;32;43;72;1840
421870;25248;897;1183;1264;1180;884;897;1008;999;869;862;978;2148;38417
421875;414;11;17;14;9;12;5;9;6;7;13;16;37;570
421880;2394;63;77;122;94;96;83;98;93;89;102;74;120;3505
421885;189;0;5;3;4;3;4;3;6;6;8;8;4;243
421890;931;21;24;44;42;50;36;32;26;34;46;23;30;1339
421895;329;15;30;22;13;21;14;13;23;37;20;9;56;602
421900;4313;131;164;178;152;134;152;150;172;145;231;203;124;6249
421910;617;15;24;21;11;31;15;19;33;18;37;23;46;910
421915;310;4;7;10;8;1;9;7;11;14;6;14;25;426
421917;1702;52;56;58;61;35;56;64;41;67;53;66;176;2487
421920;473;9;14;18;33;13;16;18;14;7;19;8;46;688
421930;14204;400;469;597;544;533;540;610;453;433;473;463;716;20435
421935;433;18;21;14;17;17;17;15;17;27;22;15;40;673
421940;355;18;14;7;15;30;10;8;11;11;17;9;74;579
421950;9872;360;374;411;516;471;353;375;344;284;316;368;549;14593
421960;249;4;6;10;4;9;7;5;5;10;7;11;18;345
421970;5744;175;530;238;214;193;176;175;214;198;226;222;319;8624
421985;58;20;2;1;1;2;2;4;2;2;2;0;5;101
422000;0;0;0;0;0;0;0;0;0;0;0;0;0;0
429999;0;0;0;0;0;0;0;0;0;0;0;0;0;0
430003;416;6;5;15;9;15;25;37;12;7;14;10;12;583
430005;291;6;4;7;10;11;18;13;5;12;9;3;41;430
430010;1743;37;35;39;38;56;43;41;33;35;51;41;67;2259
430020;799;14;12;19;51;19;31;17;18;5;21;36;35;1077
430030;394;5;9;8;11;2;8;6;3;3;11;4;9;473
430040;10589;244;247;410;465;466;362;300;302;247;280;330;358;14600
430045;283;3;4;10;9;14;11;10;1;8;2;36;14;405
430047;163;3;4;10;11;3;5;7;8;3;5;6;23;251
430050;430;29;10;16;10;18;14;10;6;7;11;6;43;610
430055;140;1;5;1;16;6;2;4;2;2;6;12;20;217
430057;454;11;11;5;13;20;10;9;7;14;25;21;8;608
430060;10211;245;236;393;354;291;319;373;338;247;301;451;486;14245
430063;263;2;0;3;8;3;4;8;5;4;5;35;68;408
430064;426;14;13;11;16;12;3;19;5;10;16;19;52;616
430066;190;10;3;5;4;3;5;5;4;2;4;2;2;239
430070;890;64;46;61;54;56;40;57;34;36;41;51;45;1475
430080;2582;78;100;108;104;77;120;88;91;67;101;75;145;3736
430085;391;3;14;18;22;19;17;17;5;13;10;14;40;583
430087;918;31;45;52;70;71;57;58;63;90;177;76;92;1800
430090;627;5;11;11;8;10;22;10;11;12;9;13;34;783
430100;5776;167;145;176;388;133;176;167;187;161;182;185;277;8120
430105;690;37;287;131;27;26;39;21;20;19;16;15;55;1383
430107;118;1;1;7;0;8;4;3;1;1;1;1;16;162
430110;1549;72;59;84;77;60;59;52;77;89;61;65;121;2425
430120;1358;27;21;43;36;35;25;39;29;21;46;29;83;1792
430130;1939;85;52;72;318;110;85;60;62;46;65;105;334;3333
430140;773;26;30;28;33;34;29;28;23;27;31;38;71;1171
430150;725;10;18;22;26;16;13;9;18;26;6;17;24;930
430155;295;4;9;6;3;3;8;8;2;7;7;7;6;365
430160;15538;387;338;466;439;357;392;414;373;353;435;401;463;20356
430163;686;21;22;57;46;12;26;20;12;11;18;17;66;1014
430165;1262;24;33;52;52;49;68;38;46;34;44;30;47;1779
430170;625;13;19;23;23;17;17;18;18;15;26;14;32;860
430175;160;2;3;3;3;1;2;1;2;2;5;1;24;209
430180;454;9;8;3;11;15;12;1;6;4;8;10;103;644
430185;129;3;3;63;2;1;0;0;5;1;18;7;50;282
430187;293;4;13;12;11;17;5;14;13;3;3;21;58;467
430190;1716;32;42;66;51;51;42;77;50;25;31;43;64;2290
430192;93;6;1;0;2;1;1;1;0;0;1;1;3;110
430195;611;27;14;13;9;19;35;19;11;18;21;14;27;838
430200;627;17;41;106;71;134;15;12;11;11;17;22;38;1122
430205;98;2;2;3;3;2;2;0;3;0;0;1;8;124
430210;29730;654;847;1355;1106;1025;1024;1148;989;1006;1013;1052;1413;42362
430215;200;3;7;15;9;10;16;2;2;3;23;5;13;308
430220;1330;39;37;29;32;29;33;39;41;42;63;63;79;1856
430222;168;6;3;6;13;18;13;6;4;2;9;10;69;327
430223;244;7;10;6;11;12;6;8;1;8;4;6;32;355
430225;210;6;2;5;4;3;4;3;4;2;3;2;17;265
430230;1468;60;64;107;105;293;109;62;44;119;81;98;387;2997
430235;3623;60;72;94;79;84;93;98;99;71;143;112;81;4709
430237;185;23;5;57;2;13;8;2;8;1;25;12;78;419
430240;3624;89;126;144;146;130;177;150;132;98;142;282;158;5398
430245;364;7;27;9;4;6;6;3;12;10;13;14;36;511
430250;646;21;12;9;28;26;10;12;14;10;7;22;71;888
430258;102;0;3;1;5;2;6;1;1;2;3;0;1;127
430260;240;0;9;1;2;2;2;0;4;3;2;9;21;295
430265;717;23;36;34;20;22;32;28;23;47;58;23;67;1130
430270;2900;123;169;223;131;128;133;134;120;120;139;117;164;4601
430280;4226;73;69;117;86;84;76;91;71;64;67;90;119;5233
430290;1233;28;18;32;42;35;49;36;43;15;22;23;99;1675
430300;11610;255;256;351;321;415;276;403;282;269;313;329;531;15611
430310;24095;1169;1099;1242;1324;1649;1140;1197;1188;1083;1224;1199;1209;38818
430320;192;3;6;9;3;1;0;2;2;0;1;4;17;240
430330;588;6;6;11;21;6;7;7;7;5;10;7;43;724
430340;280;0;2;4;9;4;5;9;3;3;2;2;5;328
430350;8169;146;351;292;298;318;288;221;264;196;199;194;289;11225
430355;224;6;6;4;13;5;8;8;3;6;9;9;9;310
430360;1521;61;66;67;70;56;73;93;35;49;65;65;129;2350
430367;297;5;6;17;9;19;13;11;9;9;6;7;67;475
430370;447;8;12;7;17;17;6;10;5;7;4;18;7;565
430380;636;11;17;12;19;9;29;12;7;14;10;17;24;817
430390;23126;1246;1140;1224;1002;835;886;1048;1289;844;1013;1034;1271;35958
430400;750;10;17;18;14;11;24;14;22;9;11;11;41;952
430410;286;18;7;3;23;18;13;2;3;5;5;20;31;434
430420;3436;93;88;118;139;129;111;118;137;144;135;145;153;4946
430430;562;9;12;32;19;25;19;9;22;7;59;21;53;849
430435;1575;15;22;31;15;26;10;42;29;22;27;28;31;1873
430440;6453;214;232;343;217;251;287;268;293;225;279;275;305;9642
430450;3023;109;97;131;83;81;90;76;87;95;113;120;913;5018
430460;69152;2286;3013;3707;2609;2694;2568;3059;3140;2648;3306;3176;3808;105166
430461;130;1;2;4;1;5;1;0;1;6;2;2;18;173
430462;29;2;1;4;4;0;1;3;1;1;0;0;18;64
430463;6335;343;1139;966;311;236;192;203;199;209;270;217;426;11046
430465;159;10;1;12;6;3;7;2;3;2;5;0;10;220
430466;2385;217;265;50;82;64;54;62;46;28;44;62;293;3652
430467;753;17;20;43;28;26;21;10;15;15;16;15;23;1002
430468;1558;94;70;67;59;71;51;59;69;55;48;119;124;2444
430469;581;7;26;104;179;9;6;2;7;7;11;13;10;962
430470;11271;298;294;456;439;422;464;385;344;357;421;404;390;15945
430471;750;34;48;43;37;38;60;21;50;35;27;57;52;1252
430480;7805;114;141;204;167;210;247;223;196;201;228;220;357;10313
430485;79;0;1;1;1;2;5;1;0;0;0;0;6;96
430490;1721;61;78;97;112;80;110;54;77;55;59;35;83;2622
430495;273;13;8;8;9;6;6;6;8;5;7;9;14;372
430500;956;25;37;32;52;39;54;45;26;35;55;53;90;1499
430510;123281;3647;4521;7330;5070;4605;4989;5086;5156;4654;5290;5005;6699;185333
430511;116;2;4;5;5;3;0;2;2;1;1;6;9;156
430512;454;8;7;14;9;6;9;10;5;9;7;8;8;554
430513;293;5;3;5;11;10;5;4;2;2;4;9;25;378
430515;128;1;2;2;1;2;1;0;2;2;2;4;20;167
430517;448;9;7;15;7;8;14;18;7;13;16;6;56;624
430520;1820;28;61;50;58;52;33;49;47;38;33;51;80;2400
430530;1210;26;29;48;201;42;41;23;33;15;30;27;33;1758
430535;4668;90;102;147;123;102;117;180;115;81;113;116;317;6271
430537;159;6;8;7;2;4;7;1;1;2;3;7;22;229
430540;478;9;6;15;39;10;12;8;5;8;17;4;31;642
430543;951;30;30;46;27;40;34;19;15;29;35;27;73;1356
430544;142;4;4;14;13;13;5;2;3;2;17;6;37;262
430545;990;55;114;166;43;48;33;34;31;44;105;59;78;1800
430550;402;8;12;23;20;14;11;13;6;21;12;18;22;582
430558;405;11;15;23;14;15;15;14;14;9;21;7;15;578
430560;410;11;17;10;17;15;9;4;6;9;5;45;20;578
430570;942;29;39;46;36;40;29;35;42;21;34;62;99;1454
430580;1068;21;32;62;27;27;43;19;30;12;28;28;120;1517
430583;56;0;1;0;0;1;2;1;0;1;0;1;4;67
430585;156;3;4;9;7;11;12;0;2;4;13;1;28;250
430587;193;0;3;7;5;3;5;2;0;0;2;2;10;232
430590;583;9;11;43;21;23;18;10;11;7;9;33;81;859
430593;46;2;2;0;2;0;0;5;0;0;0;3;13;73
430595;544;81;27;30;24;23;19;28;17;15;27;13;22;870
430597;325;27;32;12;24;11;8;9;10;14;13;3;50;538
430600;1809;48;34;42;59;58;47;47;42;45;52;95;91;2469
430605;1330;61;61;158;85;78;78;72;61;72;68;57;94;2275
430607;196;1;1;11;1;1;2;3;0;5;4;4;17;246
430610;9031;285;251;385;366;298;368;252;269;319;352;384;451;13011
430613;111;2;3;2;0;0;5;2;1;0;1;2;13;142
430620;1906;64;84;92;81;71;70;72;77;66;61;76;116;2836
430630;406;16;15;17;13;6;2;4;15;9;12;10;10;535
430632;145;1;1;9;2;5;3;1;1;0;0;8;39;215
430635;145;2;0;1;1;1;3;1;3;1;4;1;4;167
430637;216;2;1;5;26;5;8;5;10;3;9;7;30;327
430640;12367;450;531;657;541;547;520;508;465;459;434;553;474;18506
430642;220;5;2;10;2;7;5;3;3;0;1;4;33;295
430645;248;3;10;10;11;1;6;5;8;11;7;3;16;339
430650;489;8;8;14;13;5;14;14;20;10;16;3;93;707
430655;161;2;0;8;13;4;5;2;3;3;9;12;11;233
430660;5456;151;101;178;346;257;200;121;149;130;140;141;157;7527
430670;279;1;1;0;6;15;5;5;1;3;1;7;15;339
430673;350;5;10;2;8;15;8;3;10;4;6;19;40;480
430675;172;4;2;11;7;4;6;0;1;5;4;1;17;234
430676;12119;384;960;287;233;333;534;747;439;373;603;763;635;18410
430680;5439;136;164;231;175;176;203;180;220;156;193;197;274;7744
430690;2375;59;80;113;88;62;113;51;57;53;41;89;190;3371
430692;122;5;1;1;5;10;5;5;3;6;10;3;36;212
430693;860;25;22;37;42;23;17;13;22;19;12;23;70;1185
430695;260;5;7;4;9;7;5;5;2;5;5;4;25;343
430697;400;8;10;12;6;19;9;7;19;5;26;13;27;561
430700;26313;889;1067;1190;937;1025;1185;1228;1083;1027;1211;1374;1413;39942
430705;340;14;9;5;12;11;7;5;14;6;15;14;23;475
430710;611;14;18;10;11;20;13;8;5;8;12;8;74;812
430720;329;3;9;3;8;3;3;11;11;5;6;7;15;413
430730;547;13;13;19;8;20;14;9;10;11;16;12;35;727
430740;383;12;8;10;16;32;16;13;17;14;13;13;16;563
430745;138;1;2;2;6;3;3;1;2;2;2;3;26;191
430750;2021;54;53;228;101;60;32;41;51;42;41;58;52;2834
430755;1528;51;50;59;41;30;28;29;18;15;30;51;60;1990
430760;10879;328;431;520;469;570;444;540;720;339;432;444;454;16570
430770;15209;684;526;763;695;562;588;715;655;650;710;650;903;23310
430780;7893;237;253;357;353;290;321;357;333;335;318;298;398;11743
430781;192;6;3;10;16;5;9;1;2;1;3;2;54;304
430783;232;6;5;16;10;23;25;18;30;17;13;24;37;456
430786;436;7;9;15;10;8;17;15;4;11;12;5;20;569
430790;18063;396;581;659;615;477;524;643;816;753;695;583;866;25671
430800;844;30;26;29;26;20;22;31;28;21;17;25;28;1147
430805;207;3;6;1;5;11;11;3;3;1;21;5;12;289
430807;422;28;47;90;113;364;12;10;21;7;30;25;43;1212
430810;3196;87;106;120;128;105;144;132;170;162;155;98;170;4773
430820;7426;203;252;312;258;236;242;364;288;312;241;277;564;10975
430825;117;3;2;0;3;4;0;1;1;1;0;0;8;140
430830;788;23;16;19;65;13;12;57;22;13;23;17;49;1117
430840;494;6;4;7;8;28;46;16;9;2;7;4;28;659
430843;255;3;19;14;5;6;7;7;4;4;8;5;30;367
430845;680;20;9;13;30;33;13;25;20;23;8;30;29;933
430850;4809;191;188;244;185;185;178;140;186;133;178;171;189;6977
430860;9414;291;346;484;404;339;338;422;389;339;351;449;623;14189
430865;247;3;2;5;3;6;2;7;4;1;1;5;56;342
430870;777;13;11;17;10;24;19;9;17;48;23;17;65;1050
430880;484;8;12;17;24;11;19;21;10;13;56;37;74;786
430885;120;1;1;1;3;1;3;1;1;3;1;1;35;172
430890;2670;98;60;99;87;79;88;115;106;109;79;70;124;3784
430900;2125;49;91;75;71;84;87;84;74;74;76;140;219;3249
430905;5642;267;194;249;286;280;275;272;291;399;367;322;367;9211
430910;10963;466;401;591;521;518;473;540;519;531;489;517;590;17119
430912;134;0;1;0;3;3;4;0;2;2;12;1;4;166
430915;126;0;3;5;6;4;5;2;0;1;0;6;18;176
430920;35785;911;871;1223;1113;1114;962;1098;1094;1046;1094;1224;1533;49068
430925;193;3;8;17;8;7;4;7;0;1;5;2;5;260
430930;12574;384;334;492;447;587;548;958;535;450;493;432;568;18802
430940;5414;197;203;227;226;186;243;244;193;205;175;181;405;8099
430950;891;15;19;16;20;13;17;22;12;20;17;20;52;1134
430955;654;16;24;16;21;18;17;15;24;14;17;22;27;885
430957;117;1;3;11;3;4;10;3;2;6;5;1;29;195
430960;5150;93;105;101;144;94;132;112;108;108;135;199;307;6788
430965;843;9;14;11;15;8;28;8;29;10;11;14;62;1062
430970;713;9;12;15;25;18;16;16;13;29;15;14;25;920
430975;185;4;2;6;1;4;4;4;0;1;6;8;67;292
430980;475;11;9;6;19;8;12;10;6;4;9;6;23;598
430990;742;11;10;37;12;25;11;18;21;12;40;20;46;1005
430995;273;6;14;11;14;8;14;15;32;19;11;15;29;461
431000;3419;92;96;127;138;102;83;110;106;110;124;208;148;4863
431010;10584;427;415;464;507;617;745;427;548;682;662;840;663;17581
431020;13772;318;358;504;770;421;421;379;431;389;450;666;717;19596
431030;382;5;5;8;14;14;6;9;10;6;3;16;22;500
431033;1668;64;272;349;101;42;39;42;26;28;94;50;137;2912
431036;684;12;21;20;16;6;11;19;13;9;16;2;23;852
431040;681;11;8;21;25;31;14;8;17;9;28;40;38;931
431041;153;2;5;10;8;7;4;3;1;2;7;3;63;268
431043;779;25;31;28;23;37;27;26;16;22;17;29;72;1132
431046;193;1;3;2;6;10;2;3;1;1;3;5;26;256
431050;558;13;20;17;21;24;12;15;21;15;22;33;55;826
431053;367;9;5;20;21;24;7;11;8;4;16;4;28;524
431055;290;7;5;14;7;10;19;13;5;5;7;8;16;406
431057;110;2;1;1;1;1;0;1;1;1;2;0;2;123
431060;5643;116;235;210;238;270;279;177;129;92;106;107;237;7839
431065;122;1;7;5;8;3;17;8;3;3;26;36;16;255
431070;237;6;28;19;15;3;1;9;1;2;6;16;16;359
431075;148;2;3;3;0;0;1;3;3;1;6;0;4;174
431080;6640;232;231;254;230;273;202;239;249;718;228;225;326;10047
431085;184;2;3;1;8;2;5;0;1;2;2;1;0;211
431087;146;7;4;10;2;5;4;6;2;2;2;4;29;223
431090;575;10;15;15;18;33;23;24;11;12;13;22;14;785
431100;3048;87;80;87;123;113;81;69;70;47;87;67;99;4058
431110;943;12;18;31;11;20;26;8;18;26;15;47;13;1188
431112;535;16;3;11;16;11;9;10;7;10;12;11;32;683
431113;202;3;3;7;7;2;5;8;4;8;5;3;16;273
431115;600;24;16;36;19;32;15;20;20;10;40;55;65;952
431120;2268;63;77;100;108;97;108;73;79;65;66;108;240;3452
431123;75;4;0;3;1;3;4;2;2;0;1;2;36;133
431125;228;4;1;5;0;3;2;0;2;1;5;1;51;303
431127;176;7;4;6;2;14;6;10;3;3;3;7;12;253
431130;3826;125;110;201;152;131;150;142;132;125;142;136;202;5574
431140;21912;546;685;817;3113;736;788;732;671;717;689;814;903;33123
431142;122;0;3;6;1;4;0;0;0;0;0;0;2;138
431150;963;23;26;23;21;24;26;21;23;19;25;17;63;1274
431160;359;4;23;3;15;8;8;3;4;5;8;18;27;485
431162;2751;84;104;164;100;107;112;140;91;88;126;118;132;4117
431164;178;1;3;4;0;2;1;5;5;4;4;5;8;220
431170;242;6;3;4;5;4;5;7;12;5;9;2;15;319
431171;408;9;14;5;14;30;12;6;13;9;6;2;7;535
431173;101;1;0;1;4;0;0;1;1;0;5;1;24;139
431175;610;21;20;45;28;18;19;28;15;32;22;10;27;895
431177;488;11;10;11;17;6;17;4;5;25;11;8;29;642
431179;729;13;15;22;27;18;12;15;29;20;19;28;34;981
431180;10635;342;394;372;344;310;457;346;308;364;479;443;572;15366
431190;531;14;9;30;16;13;23;10;12;17;18;13;52;758
431198;358;7;6;4;6;10;6;2;3;5;6;13;84;510
431200;191;1;6;2;6;4;0;1;3;1;1;3;11;230
431205;438;12;10;15;13;11;11;8;13;13;12;8;34;598
431210;312;0;9;7;20;17;8;7;8;3;8;9;8;416
431213;290;9;4;7;7;9;6;2;7;6;13;8;24;392
431215;709;22;13;61;24;20;16;19;15;16;51;14;27;1007
431217;88;2;0;1;6;2;1;9;0;0;2;1;11;123
431220;372;8;7;7;5;5;4;10;7;12;7;11;19;474
431225;999;44;35;42;40;71;37;37;49;26;40;54;111;1585
431230;240;10;9;23;11;5;5;2;4;4;32;23;131;499
431235;140;2;2;2;4;8;12;4;3;11;2;2;19;211
431237;154;2;2;33;27;26;16;3;5;3;16;17;42;346
431238;110;4;3;17;8;3;7;4;4;1;1;3;39;204
431240;13795;435;409;610;555;541;467;632;523;482;529;546;675;20199
431242;236;8;3;4;3;3;5;8;1;5;9;6;23;314
431244;295;11;8;34;9;12;5;9;15;13;10;23;36;480
431245;1246;713;287;38;21;10;19;28;14;8;10;50;698;3142
431247;2020;20;63;75;82;38;62;46;46;50;66;51;49;2668
431250;1695;29;21;55;193;102;75;33;28;30;42;44;131;2478
431260;1056;30;41;42;34;45;30;40;30;31;35;48;88;1550
431261;235;22;4;10;6;45;6;3;7;6;4;5;23;376
431262;118;1;4;4;12;8;11;1;6;3;7;7;25;207
431265;4031;67;126;140;143;99;121;120;135;102;157;155;129;5525
431267;128;3;2;7;6;11;7;4;1;2;2;5;16;194
431270;1046;29;31;33;26;31;26;15;18;21;26;18;116;1436
431275;440;24;34;17;33;23;32;15;15;11;16;14;53;727
431280;783;22;21;23;15;20;23;20;21;28;22;34;49;1081
431290;2472;51;99;80;55;72;74;81;93;83;72;85;86;3403
431295;318;4;6;3;18;7;5;1;5;9;5;7;12;400
431300;263;5;3;9;9;2;9;2;7;5;5;2;13;334
431301;207;5;1;8;3;8;2;5;3;2;0;5;30;279
431303;2043;59;34;46;43;53;60;52;47;59;59;52;112;2719
431306;6056;120;175;293;233;207;133;171;202;216;205;192;183;8386
431308;187;3;6;3;5;6;2;2;2;1;1;1;14;233
431310;630;18;31;29;25;26;26;15;17;23;16;10;63;929
431320;4943;130;147;203;165;143;152;146;158;173;165;174;301;7000
431330;6291;152;173;254;205;150;193;146;171;167;153;165;209;8429
431333;131;2;1;2;9;1;2;2;1;0;1;5;17;174
431335;342;7;12;8;11;7;9;1;13;13;4;12;10;449
431337;2619;51;102;91;68;88;99;137;82;73;91;90;122;3713
431339;200;9;9;7;7;5;8;2;7;3;3;4;10;274
431340;75321;2851;3372;3762;3299;3488;3498;3368;3585;3212;3346;3593;3876;116571
431342;190;4;4;6;5;5;7;3;0;1;1;9;12;247
431344;103;3;4;4;5;1;2;3;1;0;0;6;13;145
431346;131;7;4;5;0;1;1;1;2;4;2;2;18;178
431349;214;4;6;12;13;5;7;2;4;5;21;11;13;317
431350;6592;212;262;357;271;198;235;209;189;185;238;224;371;9543
431360;284;2;7;6;1;3;1;8;2;5;1;4;1;325
431365;1489;44;49;144;71;86;41;33;34;61;88;44;104;2288
431370;3973;110;132;143;174;230;126;145;120;97;135;165;293;5843
431380;576;11;10;45;23;4;6;10;18;7;17;24;34;785
431390;11934;289;403;383;330;326;277;383;333;385;361;474;632;16510
431395;1479;30;39;74;35;72;144;58;80;75;62;74;76;2298
431400;1789;52;37;58;40;57;49;38;62;50;43;50;53;2378
431402;527;7;7;8;9;10;21;34;10;10;18;18;15;694
431403;417;8;22;21;18;22;36;29;18;20;18;14;105;748
431405;13637;335;529;539;510;525;453;441;791;757;936;723;724;20900
431406;131;1;0;1;3;3;5;2;2;2;6;5;42;203
431407;321;12;21;15;19;27;12;10;11;11;35;28;34;556
431410;37502;1087;1135;1365;1297;1228;1254;1832;1366;1189;1236;1365;1546;53402
431413;157;13;24;14;16;10;21;6;5;36;9;2;20;333
431415;1957;94;83;110;93;100;82;94;94;84;71;108;176;3146
431417;249;19;6;9;11;11;12;13;9;6;4;4;78;431
431420;750;20;6;24;30;20;12;13;15;21;23;26;33;993
431430;561;11;12;16;23;23;5;9;7;11;9;22;12;721
431440;51616;3238;1640;1996;1887;1499;1757;1701;1449;1348;1535;1530;2975;74171
431442;2012;48;58;86;82;162;96;97;96;104;116;99;174;3230
431445;449;15;27;40;0;5;2;5;3;2;5;6;27;586
431446;1670;284;145;121;246;179;143;192;163;168;149;239;210;3909
431447;334;7;2;8;11;12;3;6;5;4;4;10;32;438
431449;220;4;1;19;18;2;11;5;4;0;9;2;26;321
431450;1729;34;47;56;31;14;26;50;55;48;36;46;146;2318
431453;1;0;0;0;0;0;0;0;0;0;0;0;0;1
431454;0;0;0;0;0;0;0;0;0;0;0;0;0;0
431455;182;2;1;3;1;1;1;4;2;1;3;6;19;226
431460;2780;192;418;213;53;69;95;210;98;83;186;96;152;4645
431470;927;44;15;31;33;20;28;22;21;19;22;32;69;1283
431475;295;5;7;9;6;11;10;7;6;7;4;9;10;386
431477;332;11;6;3;13;12;5;6;9;4;1;3;14;419
431478;80;1;2;2;1;3;1;1;0;0;2;0;2;95
431480;6957;200;238;258;411;308;363;273;297;316;248;283;519;10671
431490;576272;13027;13381;17867;17941;17055;15446;16521;16094;15017;14546;15660;19609;768436
431500;365;4;3;6;9;11;8;8;3;4;7;22;12;462
431505;136;0;1;9;10;5;2;0;1;3;6;3;27;203
431507;124;1;1;9;3;2;1;6;1;3;20;4;0;175
431510;829;24;17;25;37;29;72;83;99;71;47;47;47;1427
431513;179;1;1;10;10;3;10;6;6;3;8;6;3;246
431514;722;8;15;16;11;11;8;11;16;15;10;8;7;858
431515;384;12;15;12;6;21;14;11;10;14;17;7;35;558
431517;265;8;8;5;6;8;5;2;6;5;8;6;15;347
431520;392;13;8;5;21;3;14;8;8;5;14;24;18;533
431530;2036;68;59;114;63;56;69;61;60;43;65;54;84;2832
431531;107;6;3;3;4;4;2;3;1;1;6;2;2;144
431532;155;5;3;5;4;18;14;3;4;15;9;8;34;277
431535;373;8;7;26;5;18;7;11;12;9;11;4;31;522
431540;419;10;6;147;8;15;11;5;6;4;4;19;151;805
431545;155;5;2;6;1;3;1;2;1;2;4;3;17;202
431550;1817;33;54;76;162;55;79;74;156;50;33;62;100;2751
431555;209;1;1;1;1;1;1;0;0;0;2;0;1;218
431560;33015;628;761;1216;948;810;801;800;719;589;779;839;1169;43074
431570;3085;104;100;137;140;129;173;187;116;137;127;92;378;4905
431575;1463;15;40;63;25;50;43;31;68;35;58;46;48;1985
431580;3227;65;151;159;109;115;159;111;113;126;146;147;125;4753
431590;857;24;15;44;13;16;18;20;9;9;8;27;28;1088
431595;75;1;1;1;6;0;5;10;2;2;11;2;15;131
431600;5241;372;314;297;389;331;440;203;349;282;301;277;240;9036
431610;631;13;19;18;12;25;35;15;18;14;16;13;20;849
431620;330;3;3;11;5;11;7;5;3;5;14;11;55;463
431630;469;12;10;13;13;9;9;14;9;4;7;26;19;614
431640;4134;130;91;137;227;221;152;120;101;136;130;171;208;5958
431642;137;0;0;12;8;5;5;4;4;0;3;14;8;200
431643;352;3;2;6;15;14;4;5;7;2;9;9;31;459
431645;1493;25;19;26;44;50;40;22;43;38;69;97;107;2073
431647;280;7;4;6;7;10;9;8;4;3;7;3;23;371
431650;2918;295;160;191;125;114;151;119;114;103;134;115;173;4712
431660;2162;32;68;76;46;88;63;45;39;52;30;47;80;2828
431670;1418;33;30;67;106;40;56;59;54;44;47;35;130;2119
431673;83;1;4;2;4;8;12;3;2;1;0;2;18;140
431675;2199;46;83;63;76;47;65;60;60;65;42;60;91;2957
431680;28173;1590;1121;1486;1587;2015;2959;3829;7694;2360;1389;1311;2848;58362
431690;43494;1105;1274;1649;1169;1156;1846;1945;1431;1179;1239;1192;1557;60236
431695;2324;86;79;73;67;43;58;82;62;35;40;32;55;3036
431697;224;7;3;6;14;29;21;16;4;4;5;10;16;359
431700;462;4;9;9;11;17;19;13;14;9;23;26;58;674
431710;10048;430;286;515;353;202;336;256;232;240;233;290;439;13860
431720;13303;371;398;599;637;474;451;439;360;379;489;408;489;18797
431725;276;6;11;14;8;4;8;1;8;8;9;8;11;372
431730;4490;121;90;183;696;294;134;98;113;103;87;183;428;7020
431740;5880;136;159;209;176;181;189;137;158;167;182;163;190;7927
431750;11555;322;329;429;400;365;498;454;341;320;872;357;650;16892
431755;225;5;1;4;6;11;6;6;1;1;11;5;27;309
431760;7206;208;218;349;288;226;277;320;437;216;223;295;409;10672
431770;842;26;27;38;33;23;35;25;24;19;46;41;89;1268
431775;227;10;5;10;15;11;13;1;10;2;22;8;6;340
431780;2137;66;42;81;156;63;45;70;47;41;78;121;72;3019
431790;2213;69;62;79;85;72;54;57;59;74;128;80;118;3150
431795;128;2;0;3;0;1;6;3;4;2;2;1;17;169
431800;7280;185;201;263;330;334;261;223;210;157;314;235;515;10508
431805;458;6;13;14;19;11;12;12;17;12;26;16;27;643
431810;1342;32;37;58;15;38;47;47;48;60;33;33;81;1871
431820;3046;105;92;111;119;622;119;169;118;109;124;114;187;5035
431830;6593;194;124;231;204;299;218;197;136;111;132;164;385;8988
431840;2322;100;58;117;79;74;60;88;74;46;51;116;146;3331
431842;413;3;18;6;4;6;6;8;2;11;12;5;9;503
431843;281;5;9;4;17;6;10;6;10;5;4;8;9;374
431844;535;7;20;25;19;20;24;10;4;3;14;5;16;702
431845;21;1;0;0;0;0;2;0;1;0;0;0;0;25
431846;464;23;19;8;11;15;10;15;9;18;25;28;20;665
431848;883;13;17;17;11;12;12;14;16;6;9;25;18;1053
431849;208;7;3;5;2;4;1;3;3;5;2;2;7;252
431850;2198;80;72;122;83;115;83;56;75;77;103;88;150;3302
431860;963;16;18;22;24;24;23;23;18;8;22;15;89;1265
431861;267;11;27;10;4;11;11;3;9;8;10;16;42;429
431862;439;10;14;78;35;179;32;12;9;8;16;14;94;940
431870;40400;1159;1341;1611;1877;1325;1470;1627;1489;1274;1494;1530;1942;58539
431880;3735;81;66;91;200;127;72;81;56;78;71;99;184;4941
431890;4495;157;135;182;263;134;138;174;106;151;83;160;216;6394
431900;4189;141;115;172;127;89;105;103;126;124;112;107;123;5633
431910;645;22;26;35;13;6;7;15;19;5;21;22;39;875
431912;134;13;2;4;2;2;5;7;2;5;4;14;16;210
431915;673;8;26;21;16;17;20;18;17;18;16;26;44;920
431920;380;4;26;41;11;17;16;25;10;5;43;8;56;642
431930;509;10;14;14;7;9;9;13;18;20;15;18;29;685
431935;1015;26;33;44;47;36;29;33;16;19;25;33;40;1396
431936;111;2;0;3;2;0;0;1;2;0;5;2;27;155
431937;263;6;4;6;3;3;1;1;5;5;6;3;5;311
431940;1632;48;19;45;37;64;39;31;20;28;18;35;81;2097
431950;6486;368;225;334;315;255;187;196;241;215;235;234;206;9497
431960;2778;37;40;57;61;115;84;85;83;46;61;49;144;3640
431970;294;26;17;5;10;3;6;10;5;1;6;5;18;406
431971;495;11;10;16;12;7;16;8;19;22;22;28;35;701
431973;116;5;6;26;8;2;2;5;5;1;5;8;46;235
431975;762;14;26;25;14;16;23;18;26;22;23;38;39;1046
431980;781;16;8;34;25;29;25;22;26;12;10;21;52;1061
431990;27341;1187;1406;1629;1580;1496;1325;1420;1532;1585;1626;1404;2155;45686
432000;16647;492;541;684;586;626;583;629;589;542;586;650;678;23833
432010;5156;124;199;202;199;149;153;123;163;134;176;229;230;7237
432020;791;11;20;24;26;20;17;17;14;7;12;12;38;1009
432023;272;7;5;22;9;19;17;11;3;13;4;29;36;447
432026;239;4;6;22;11;10;9;3;5;3;3;11;39;365
432030;649;14;13;27;21;19;53;19;16;10;12;25;32;910
432032;267;4;2;11;2;6;13;3;80;2;73;4;40;507
432035;441;17;16;39;24;15;14;15;16;17;17;7;31;669
432040;4156;141;151;162;105;102;112;121;161;134;149;127;161;5782
432045;148;5;5;5;0;0;4;1;1;2;5;5;6;187
432050;710;16;13;25;22;16;29;27;18;12;67;25;36;1016
432055;352;3;7;10;4;2;9;3;8;6;3;4;23;434
432057;101;3;2;1;6;6;11;7;3;0;15;2;13;170
432060;299;8;5;6;0;2;6;10;1;7;10;2;11;367
432065;241;2;7;18;3;4;3;6;5;5;18;8;14;334
432067;464;9;8;12;13;11;10;19;17;3;6;21;64;657
432070;1875;76;81;83;70;63;61;84;75;64;97;56;101;2786
432080;3893;101;133;171;115;137;137;150;121;113;129;156;223;5579
432085;429;9;18;31;28;13;17;21;41;26;25;16;39;713
432090;4158;131;140;230;474;118;131;130;146;147;192;196;192;6385
432100;2397;91;84;138;112;94;101;77;127;75;109;133;119;3657
432110;2073;53;55;168;61;84;66;83;69;54;82;95;158;3101
432120;8180;229;309;375;256;264;288;268;331;320;565;385;552;12322
432130;4644;177;186;169;349;191;174;159;168;144;163;224;208;6956
432132;200;3;4;5;4;5;4;1;0;2;3;6;20;257
432135;402;3;11;20;15;10;7;12;9;4;5;10;33;541
432140;1355;55;31;130;31;41;38;41;31;27;71;60;98;2009
432143;1113;34;40;61;46;37;34;35;38;33;96;48;79;1694
432145;9616;337;371;412;1074;297;346;379;314;279;341;353;460;14579
432146;264;10;6;7;8;13;4;7;3;5;7;9;31;374
432147;283;1;9;39;7;19;7;6;6;3;9;7;39;435
432149;141;1;2;1;1;4;2;4;1;0;1;3;4;165
432150;5226;189;922;545;243;220;193;250;152;179;211;183;222;8735
432160;4795;213;676;634;181;150;127;147;168;143;153;167;213;7767
432162;154;0;1;1;5;5;5;5;5;1;8;2;18;210
432163;196;1;4;2;11;9;3;7;3;3;1;6;16;262
432166;1135;49;55;42;35;55;37;38;60;34;55;54;55;1704
432170;8475;204;354;429;395;358;362;216;463;451;416;423;561;13107
432180;4244;84;131;160;256;142;104;124;114;122;113;165;130;5889
432183;221;3;1;1;6;5;2;2;1;3;4;1;52;302
432185;257;3;6;14;20;10;13;7;13;2;6;9;18;378
432190;5715;110;143;219;174;158;128;159;142;160;175;187;286;7756
432195;295;16;6;11;10;10;7;6;9;4;10;6;51;441
432200;7469;161;246;142;337;187;232;233;227;150;291;202;428;10305
432210;678;24;15;20;38;15;9;20;13;14;19;20;50;935
432215;170;5;1;7;4;6;2;3;1;3;1;2;70;275
432218;112;3;4;4;2;2;1;1;0;2;1;10;7;149
432220;3075;121;108;78;133;176;127;93;87;62;73;83;150;4366
432225;946;15;26;43;25;43;34;45;29;34;36;46;36;1358
432230;904;12;26;32;32;32;21;25;19;39;18;33;42;1235
432232;879;13;16;20;91;14;48;24;17;9;10;11;18;1170
432234;122;0;2;2;1;1;2;1;3;0;2;0;6;142
432235;104;0;4;3;2;0;2;2;6;0;4;0;9;136
432237;182;3;11;10;6;6;11;9;8;7;5;2;12;272
432240;16617;455;469;609;882;656;576;637;576;485;527;460;644;23593
432250;14506;1303;3211;8146;2818;4082;2866;1475;1211;1383;1212;2910;5492;50615
432252;159;6;2;7;12;2;4;9;5;2;2;1;35;246
432253;420;32;60;98;124;173;113;33;35;9;9;14;29;1149
432254;1085;37;57;31;35;28;44;42;29;42;40;43;60;1573
432255;275;6;3;3;3;2;2;0;1;5;5;24;11;340
432260;11345;455;611;765;927;1547;1335;1828;3063;1585;811;579;725;25576
432270;2565;104;134;149;113;168;140;162;696;75;108;108;223;4745
432280;7204;235;321;428;383;426;1038;394;553;371;294;710;514;12871
432285;239;6;11;12;5;5;5;23;10;8;4;4;8;340
432290;350;8;8;12;9;9;6;9;8;1;8;6;24;458
432300;14094;377;329;521;711;478;407;359;459;364;380;406;658;19543
432310;216;1;9;9;5;13;1;9;4;5;2;9;22;305
432320;359;2;6;7;20;14;6;5;3;6;7;15;13;463
432330;635;21;24;35;27;14;13;13;16;17;7;17;19;858
432335;119;5;1;2;5;3;5;2;2;2;3;0;26;175
432340;605;23;13;20;22;13;22;20;13;15;30;21;76;893
432345;364;4;6;7;2;3;18;4;4;4;5;2;8;431
432350;199;2;2;9;6;6;34;5;2;2;5;61;15;348
432360;121;1;3;5;2;1;3;1;3;0;4;3;3;150
432370;253;6;8;32;4;2;9;10;6;4;9;12;19;374
432375;162;3;1;4;4;2;6;2;0;2;34;1;30;251
432377;590;4;8;5;8;4;5;11;3;4;11;7;22;682
432380;1443;91;452;352;79;37;44;35;31;35;38;43;104;2784
439999;0;0;0;0;0;0;0;0;0;0;0;0;0;0
500020;3518;309;271;389;283;236;288;364;286;380;320;313;404;7361
500025;404;6;10;13;14;7;2;10;14;4;6;7;43;540
500060;3943;138;123;194;163;141;125;149;144;314;92;178;294;5998
500070;2469;78;79;76;106;54;64;67;73;78;70;76;157;3447
500080;1213;32;33;34;30;38;26;29;28;36;30;35;39;1603
500085;771;10;18;17;16;5;9;10;13;11;6;8;7;901
500090;385;17;4;11;5;12;9;5;6;9;12;35;32;542
500100;3324;118;144;148;171;235;195;235;226;179;193;207;731;6106
500110;4455;140;154;199;239;108;158;146;131;138;148;150;282;6448
500124;356;9;13;8;10;3;13;11;17;21;4;5;16;486
500150;823;27;24;42;30;21;34;38;34;37;32;31;62;1235
500190;3664;214;180;178;197;176;202;145;170;171;171;176;253;5897
500200;928;18;19;22;32;30;26;27;30;19;27;23;25;1226
500210;1569;34;47;48;33;48;49;45;39;29;58;127;286;2412
500215;781;14;17;28;21;28;38;19;18;14;98;39;184;1299
500220;2436;87;101;133;90;88;97;215;101;108;146;124;280;4006
500230;2805;91;88;336;173;249;289;467;499;404;396;952;328;7077
500240;2442;83;60;76;78;79;44;47;62;69;127;78;57;3302
500260;1818;68;71;95;84;79;55;114;75;72;72;76;143;2822
500270;179488;5029;5322;6484;5580;5496;5938;9038;5717;6407;5395;7807;10376;258077
500280;433;9;20;9;19;11;3;8;7;8;5;8;5;545
500290;2748;83;102;122;90;94;97;100;89;87;127;76;85;3900
500295;3373;125;142;163;244;151;140;155;209;225;193;153;247;5520
500310;546;16;15;28;30;16;11;21;16;14;10;23;33;779
500315;519;17;18;13;7;10;8;17;9;65;15;22;155;875
500320;11093;335;351;608;409;326;375;326;401;396;463;539;889;16511
500325;2524;74;126;162;182;206;82;147;159;116;118;110;237;4243
500330;3625;117;131;160;157;112;106;176;159;137;146;145;269;5440
500345;679;21;21;31;13;22;13;16;14;21;24;23;49;947
500348;785;26;17;27;15;18;28;19;23;27;16;27;42;1070
500350;470;3;1;4;2;5;5;1;3;6;2;2;0;504
500370;31418;1303;1309;1419;2316;1088;1104;1089;1164;1387;1151;1087;2449;48284
500375;1422;36;70;52;45;36;54;46;35;53;45;118;61;2073
500380;1669;31;30;31;36;50;17;25;70;25;82;61;43;2170
500390;0;0;0;0;0;0;0;0;0;0;0;0;0;0
500400;684;10;18;14;11;13;11;12;24;19;8;30;13;867
500410;670;23;32;25;10;15;15;42;43;15;27;10;60;987
500430;2586;105;138;174;102;136;119;145;121;125;95;107;154;4107
500440;1241;35;39;53;54;49;52;46;62;53;69;58;164;1975
500450;1880;61;45;82;49;49;48;52;69;128;23;56;95;2637
500460;1660;59;52;45;51;45;41;28;46;39;84;41;58;2249
500470;2124;57;43;76;51;65;59;50;64;62;81;70;91;2893
500480;338;5;3;8;6;4;5;4;7;14;16;8;25;443
500490;758;30;30;41;26;24;38;35;33;27;50;30;72;1194
500500;2103;78;80;71;61;60;56;70;66;53;69;143;96;3006
500510;694;19;28;37;24;30;9;12;11;11;15;17;12;919
500515;339;6;3;8;9;6;1;23;8;12;15;17;7;454
500520;2025;32;20;10;18;10;3;20;10;10;25;10;77;2270
500525;772;22;28;41;17;15;9;26;12;18;25;14;77;1076
500540;5459;217;457;668;270;278;262;305;217;222;252;233;1081;9921
500560;2596;98;71;98;65;76;77;60;90;73;65;90;341;3800
500568;1651;40;39;45;62;34;25;37;29;33;45;55;94;2189
500570;10166;437;361;370;444;370;333;483;527;413;358;355;741;15358
500580;984;33;43;45;38;48;27;150;42;15;62;38;157;1682
500600;2660;119;99;290;408;323;378;263;181;259;198;362;1052;6592
500620;7989;250;252;477;631;505;506;380;654;283;558;493;832;13810
500625;365;5;1;8;10;10;7;15;5;7;10;7;113;563
500627;0;0;0;0;0;0;0;0;0;0;0;0;0;0
500630;6630;239;251;351;310;309;337;302;376;242;305;306;504;10462
500635;429;6;7;17;16;8;15;22;14;18;6;3;102;663
500640;798;21;21;29;28;26;30;20;26;24;22;28;20;1093
500660;6176;181;172;193;182;257;200;233;225;247;206;218;504;8994
500690;1469;59;55;57;59;39;60;47;57;42;95;119;136;2294
500710;4666;242;243;348;238;271;315;308;329;315;305;338;545;8463
500720;4771;161;141;308;182;178;186;224;236;157;133;157;1243;8077
500730;502;11;26;19;11;14;10;9;17;13;64;25;50;771
500740;2145;93;93;74;67;73;58;94;78;107;89;69;130;3170
500750;578;11;14;17;15;13;16;17;18;20;10;22;37;788
500755;1291;28;40;41;42;37;55;105;45;47;49;46;73;1899
500769;3931;142;143;169;279;237;207;223;179;207;184;206;315;6422
500770;708;31;27;21;40;23;17;26;17;14;17;11;106;1058
500780;1110;39;26;38;34;32;39;45;27;43;29;39;47;1548
500790;6320;411;274;438;459;318;323;240;240;258;436;782;1055;11554
500793;1940;35;69;58;85;69;119;97;82;76;110;129;354;3223
500795;525;14;17;19;8;14;46;20;15;10;15;15;130;848
500797;459;4;8;11;5;5;19;9;9;9;11;5;54;608
500800;1842;58;55;61;63;67;65;69;66;45;72;75;90;2628
500830;16425;1009;786;1109;759;841;1126;1164;1096;998;792;841;1595;28541
500840;305;2;2;12;4;2;13;3;5;5;8;7;67;435
509999;0;0;0;0;0;0;0;0;0;0;0;0;0;0
510010;177;2;3;3;2;2;1;5;1;0;4;0;1;201
510020;2416;103;103;126;146;81;104;111;108;113;111;168;421;4111
510025;7183;247;278;353;293;308;431;377;298;337;326;345;532;11308
510030;1840;69;71;118;110;105;72;73;85;132;61;102;130;2968
510035;325;10;8;6;17;12;15;13;17;21;15;23;59;541
510040;1381;111;268;274;259;360;56;56;67;125;95;72;157;3281
510050;301;4;2;5;13;7;5;5;4;6;11;10;7;380
510060;1432;40;53;52;107;114;62;58;68;94;103;124;76;2383
510080;547;13;22;22;11;11;12;14;8;32;13;14;19;738
510100;381;10;18;10;7;8;12;5;19;14;8;9;100;601
510120;34;2;0;2;115;4;0;1;1;1;0;0;2;162
510125;2508;82;85;94;84;53;85;66;80;79;62;44;243;3565
510130;640;22;16;22;13;15;16;18;13;20;25;23;46;889
510140;2132;74;107;118;128;122;157;142;123;131;131;147;480;3992
510160;320;2;4;1;9;3;1;13;11;2;8;8;52;434
510170;3292;84;83;103;99;108;168;167;180;159;266;2308;424;7441
510180;9161;298;253;360;278;305;303;311;304;291;254;310;633;13061
510185;255;10;22;36;33;33;21;20;39;48;40;187;56;800
510190;1635;56;78;74;101;116;179;151;139;151;156;188;409;3433
510250;9580;354;360;392;308;343;316;374;290;333;330;334;1199;14513
510260;662;9;9;12;13;16;15;13;11;7;47;20;25;859
510263;5772;213;396;410;768;567;589;505;668;594;553;1628;811;13474
510267;5209;305;404;483;601;532;505;509;876;852;1010;725;748;12759
510268;973;53;43;64;85;89;61;73;79;51;95;84;123;1873
510269;51;1;1;0;1;3;3;3;9;7;6;2;4;91
510270;2441;102;133;132;176;126;114;130;129;159;142;164;379;4327
510279;564;19;20;13;20;18;17;7;11;17;19;17;63;805
510285;391;11;10;7;11;7;11;10;17;10;10;13;61;569
510300;1305;36;29;42;53;47;28;49;31;31;39;31;48;1769
510305;2119;94;118;144;140;206;153;154;177;295;152;158;268;4178
510310;787;25;20;36;34;101;33;28;27;60;27;44;29;1251
510320;3345;133;132;143;147;149;143;114;161;160;172;129;286;5214
510325;801;27;13;41;38;40;45;52;66;37;35;64;166;1425
510330;2207;58;68;85;84;67;81;108;84;127;108;123;149;3349
510335;489;23;51;35;48;137;120;205;132;758;38;201;111;2348
510336;287;12;11;12;5;10;8;6;9;4;6;15;42;427
510337;824;18;32;37;35;35;37;45;39;29;41;46;225;1443
510340;157616;3890;4201;5519;4299;4968;5311;5273;5249;5104;5317;5797;15667;228211
510343;219;63;1;14;7;2;3;1;6;6;4;4;49;379
510345;353;5;20;16;31;20;20;30;36;14;273;136;113;1067
510350;4484;215;203;288;514;448;444;242;640;378;335;1015;319;9525
510360;1111;67;53;85;125;80;47;37;53;80;64;99;68;1969
510370;1447;62;62;80;70;69;75;86;67;68;83;107;146;2422
510380;182;11;6;25;5;7;7;5;11;7;5;8;6;285
510385;399;14;26;18;38;21;15;29;41;42;49;33;147;872
510390;417;17;51;119;63;30;63;23;35;28;22;79;35;982
510395;217;1;4;7;6;3;5;5;8;2;12;4;27;301
510410;1994;83;114;117;109;133;107;101;110;152;73;113;609;3815
510420;1171;55;83;167;244;117;55;92;78;76;67;86;209;2500
510450;65;2;3;3;0;1;5;2;1;1;3;9;2;97
510452;0;0;0;0;0;0;0;0;0;0;0;0;0;0
510454;0;0;0;0;0;0;0;0;0;0;0;0;0;0
510455;1169;55;46;40;52;67;57;59;64;309;81;95;71;2165
510460;4351;282;345;359;605;338;337;401;402;390;366;1511;1222;10909
510480;4148;133;123;210;168;144;191;239;244;294;400;878;266;7438
510490;982;50;28;33;16;11;25;27;13;23;25;30;46;1309
510500;525;15;43;20;19;14;16;21;13;19;14;37;23;779
510510;3801;98;90;132;117;136;118;167;180;245;198;176;420;5878
510515;4010;110;127;173;180;189;146;190;197;200;208;254;332;6316
510517;824;49;36;54;39;37;52;60;44;38;49;31;92;1405
510520;984;25;29;36;34;32;28;39;137;35;53;39;55;1526
510523;619;12;12;13;14;50;44;24;53;32;18;761;188;1840
510525;4936;301;288;502;399;296;456;394;397;345;416;323;395;9448
510530;226;10;3;2;5;1;6;7;7;10;4;5;10;296
510550;1235;59;53;41;27;42;37;22;27;41;51;43;52;1730
510558;2105;74;78;95;72;84;94;99;106;125;108;124;298;3462
510560;1520;30;57;54;72;77;590;61;118;80;62;106;358;3185
510562;3227;216;133;121;124;136;100;106;142;143;190;112;166;4916
510590;1554;32;52;60;76;37;34;55;55;40;67;109;172;2343
510600;436;7;5;9;16;10;13;17;9;11;24;16;41;614
510610;610;8;17;8;12;5;26;19;18;13;21;33;106;896
510615;430;11;7;13;14;21;30;21;9;11;23;16;120;726
510617;150;0;3;0;0;3;10;4;3;0;4;2;31;210
510618;422;29;14;27;60;32;19;19;25;23;43;32;72;817
510619;135;3;4;4;7;1;4;2;1;1;3;5;11;181
510620;310;5;2;9;5;5;23;20;3;1;2;4;4;393
510621;655;12;20;14;16;14;17;11;18;16;16;16;67;892
510622;5595;283;350;525;504;415;475;366;473;457;414;530;762;11149
510623;3844;209;150;231;100;141;120;99;105;143;109;172;990;6413
510624;1424;71;69;166;154;92;94;164;204;219;130;282;459;3528
510625;1485;47;38;57;51;52;47;35;64;50;29;53;58;2066
510626;318;5;9;7;7;11;16;14;17;9;16;17;111;557
510627;191;4;3;5;5;7;3;6;1;7;21;12;26;291
510628;1421;137;161;267;253;180;140;131;177;130;117;209;160;3483
510629;899;28;28;41;45;50;38;28;38;35;33;33;132;1428
510630;2269;59;77;76;191;175;203;172;178;202;185;248;437;4472
510631;55;0;0;0;1;1;2;0;0;1;0;1;33;94
510637;3866;140;220;300;539;355;268;340;683;390;303;445;317;8166
510642;1154;32;26;52;40;45;75;109;46;33;224;37;379;2252
510645;140;0;2;1;1;1;0;4;3;1;1;5;4;163
510650;1736;70;49;64;56;45;46;99;192;359;222;150;384;3472
510665;275;11;7;5;13;12;5;11;15;4;9;10;76;453
510670;80;0;1;1;0;0;0;1;1;0;2;0;2;88
510675;4636;173;197;198;175;197;174;173;278;212;216;240;286;7155
510677;436;15;47;22;12;21;31;41;32;29;40;29;51;806
510680;1227;47;47;70;59;72;89;90;95;63;65;54;157;2135
510682;1034;35;19;36;28;29;27;32;22;21;41;22;28;1374
510685;225;4;1;9;4;2;9;3;9;3;18;6;9;302
510700;1266;42;32;52;89;49;47;37;45;44;45;60;234;2042
510704;8940;453;634;842;959;981;758;731;866;907;913;1021;992;18997
510706;1950;97;104;106;110;174;163;200;251;238;251;262;335;4241
510710;2360;52;62;66;51;61;87;83;89;77;60;74;207;3329
510715;170;8;6;3;5;6;3;4;4;3;6;4;5;227
510718;665;24;13;31;18;20;23;21;27;32;25;43;39;981
510719;195;6;6;1;5;5;6;1;6;4;3;2;38;278
510720;374;7;14;15;8;7;9;9;12;7;19;11;82;574
510724;614;26;32;31;42;48;46;44;45;59;32;40;172;1231
510726;184;6;2;4;5;2;6;3;4;2;12;10;41;281
510729;255;7;3;3;20;7;14;10;9;3;25;6;4;366
510730;2011;122;227;258;117;115;109;131;170;157;181;163;310;4071
510735;446;11;11;14;13;21;26;37;41;29;46;33;103;831
510740;1238;7;3;43;5;26;44;35;57;10;480;14;11;1973
510757;457;11;14;19;15;30;24;18;30;20;31;31;37;737
510760;33571;1299;1336;1849;1896;2002;1760;1972;2020;1764;1839;1946;2128;55382
510770;867;43;25;27;25;34;64;12;20;31;51;31;250;1480
510774;100;0;1;1;3;0;0;1;2;3;1;9;21;142
510775;245;6;3;3;8;5;2;5;2;5;7;8;4;303
510776;191;5;16;12;18;12;10;16;23;18;18;14;94;447
510777;355;3;1;7;4;6;12;11;27;16;9;20;17;488
510779;427;100;59;76;183;72;57;26;85;25;23;73;192;1398
510780;3228;111;202;247;154;168;210;195;304;271;191;186;264;5731
510785;1158;98;50;157;58;79;70;81;72;100;130;106;236;2395
510787;4245;263;316;454;459;433;519;386;391;404;428;530;653;9481
510788;70;0;1;1;2;1;5;3;0;0;38;32;0;153
510790;22681;821;1186;1238;1047;1213;1160;1274;1245;1367;1307;1295;1855;37689
510792;11556;611;658;859;939;709;588;745;823;855;847;971;1285;21446
510794;943;43;61;49;89;71;56;87;68;61;83;120;221;1952
510795;12589;710;596;757;767;705;759;744;764;787;856;1045;1102;22181
510800;2116;91;76;130;180;183;98;181;220;186;168;192;474;4295
510805;782;17;26;26;27;32;23;44;60;30;51;46;344;1508
510810;317;4;8;15;24;14;6;5;7;10;10;13;18;451
510820;429;2;7;9;14;3;10;9;5;9;5;3;10;515
510830;595;13;37;21;30;30;27;62;34;54;42;40;75;1060
510835;121;0;1;3;1;1;2;27;6;6;3;0;38;209
510840;34600;1558;1142;1526;1004;1374;1196;1650;1308;1316;1295;1515;3417;52901
510850;1829;130;98;98;97;141;115;102;112;94;117;107;127;3167
510860;1636;86;69;103;57;91;222;86;95;90;102;91;223;2951
510880;191;1;2;9;2;2;7;8;8;14;3;5;27;279
510885;186;9;2;10;4;4;3;5;12;6;6;13;37;297
510890;874;20;27;34;126;70;61;60;62;57;57;73;125;1646
510895;493;22;20;22;25;31;44;25;39;24;25;42;25;837
519999;0;0;0;0;0;0;0;0;0;0;0;0;0;0
520005;370;11;15;6;8;15;16;6;5;5;6;6;15;484
520010;1107;42;29;87;43;40;36;27;41;40;53;37;69;1651
520013;2818;140;121;174;147;147;161;151;189;225;148;91;177;4689
520015;85;6;0;6;1;0;1;9;5;5;45;9;7;179
520017;579;19;13;15;38;69;16;17;18;145;16;21;25;991
520020;239;5;2;0;4;1;2;2;1;3;3;0;2;264
520025;3000;105;72;68;74;176;90;57;101;73;244;90;296;4446
520030;1876;68;31;28;26;23;66;56;41;61;70;59;54;2459
520040;0;0;0;0;0;0;0;0;0;0;0;0;0;0
520050;108;1;0;1;0;0;0;0;2;1;1;0;1;115
520055;167;0;4;4;4;2;2;3;0;9;2;1;2;200
520060;639;26;24;24;15;23;19;28;32;20;19;23;39;931
520070;0;0;0;0;0;0;0;0;0;0;0;0;0;0
520080;493;7;7;10;16;4;5;7;6;6;10;11;22;604
520082;400;3;2;11;6;8;13;4;9;67;9;7;15;554
520085;226;0;1;3;4;4;14;2;0;3;37;4;6;304
520090;265;3;9;4;5;3;6;2;1;7;6;6;5;322
520100;0;0;0;0;0;0;0;0;0;0;0;0;0;0
520110;50525;1474;1560;1839;1805;1812;1773;1561;1637;1639;1608;1964;1992;71189
520120;190;0;2;1;2;1;0;0;0;2;0;0;2;200
520130;2282;73;64;144;86;160;229;364;220;154;133;107;1329;5345
520140;60492;2286;2465;2651;2576;2766;2404;2585;3156;2848;2929;2886;4208;94252
520145;552;10;21;19;26;20;13;19;17;14;15;25;31;782
520150;597;16;19;17;20;27;19;23;51;56;49;25;39;958
520160;237;8;0;5;4;2;2;20;5;2;5;3;8;301
520170;643;15;22;93;18;23;20;15;22;19;65;18;40;1013
520180;438;16;30;15;33;9;17;21;19;20;31;15;58;722
520190;0;0;0;0;0;0;0;0;0;0;0;0;0;0
520200;0;0;0;0;0;0;0;0;0;0;0;0;0;0
520210;0;0;0;0;0;0;0;0;0;0;0;0;0;0
520215;400;9;7;7;10;8;5;6;10;8;8;13;10;501
520220;0;0;0;0;0;0;0;0;0;0;0;0;0;0
520230;0;0;0;0;0;0;0;0;0;0;0;0;0;0
520235;329;2;1;3;3;3;1;5;1;3;4;5;5;365
520240;0;0;0;0;0;0;0;0;0;0;0;0;0;0
520250;705;20;15;27;21;30;29;22;20;22;16;19;34;980
520255;0;0;0;0;0;0;0;0;0;0;0;0;0;0
520260;252;6;3;2;2;0;4;3;2;3;2;5;4;288
520270;0;0;0;0;0;0;0;0;0;0;0;0;0;0
520280;227;2;4;11;8;6;11;6;7;15;16;9;6;328
520290;0;0;0;0;0;0;0;0;0;0;0;0;0;0
520300;0;0;0;0;0;0;0;0;0;0;0;0;0;0
520310;222;5;8;4;4;7;1;3;1;0;4;2;3;264
520320;791;11;12;18;16;8;18;24;28;39;32;37;109;1143
520330;3012;101;145;124;122;102;142;107;152;143;151;117;165;4583
520340;414;14;8;13;3;5;13;9;13;9;17;19;13;550
520350;2234;121;113;91;130;79;78;116;111;96;129;95;217;3610
520355;428;13;11;11;11;12;18;16;24;11;25;61;12;653
520357;308;9;2;6;3;6;3;1;2;7;4;8;54;413
520360;436;18;9;14;8;16;23;18;17;16;20;21;23;639
520370;0;0;0;0;0;0;0;0;0;0;0;0;0;0
520380;379;16;9;12;11;9;7;8;8;10;5;43;98;615
520390;889;20;23;22;34;13;22;17;12;25;23;16;28;1144
520393;167;1;4;2;2;0;1;1;3;0;0;0;1;182
520396;97;0;2;0;1;0;0;0;1;5;2;1;0;109
520400;389;210;45;149;12;13;15;31;40;16;27;46;28;1021
520410;1485;46;53;61;51;69;80;117;59;53;70;48;68;2260
520420;150;1;0;1;4;15;9;4;3;3;1;7;17;215
520425;957;6;8;7;16;13;18;22;16;12;6;10;10;1101
520430;1059;41;22;40;57;22;25;38;31;37;47;35;116;1570
520440;1204;34;31;34;44;50;41;34;41;52;52;35;73;1725
520450;9912;446;477;533;292;455;457;499;546;475;512;429;431;15464
520455;237;5;2;2;3;2;12;2;4;2;7;5;5;288
520460;287;6;5;7;4;4;2;3;4;2;3;5;4;336
520465;123;2;1;3;0;12;3;2;2;4;3;2;7;164
520470;677;15;14;26;30;28;20;18;22;13;13;27;18;921
520480;1070;22;29;28;24;136;61;91;135;169;214;293;263;2535
520485;385;16;11;21;7;13;9;9;14;14;15;26;18;558
520490;1298;23;15;19;15;16;19;21;22;14;16;14;21;1513
520495;344;3;3;4;5;4;4;35;4;4;3;2;0;415
520500;877;17;27;25;29;98;63;55;90;44;26;1368;214;2933
520505;226;1;4;4;8;4;2;2;6;6;4;2;17;286
520510;12766;434;399;430;439;486;440;522;633;659;446;493;963;19110
520520;224;5;5;4;0;4;2;3;9;9;4;4;3;276
520530;361;1;7;11;13;2;16;6;11;3;25;33;127;616
520540;2611;84;105;108;105;81;98;94;91;99;98;78;160;3812
520545;1064;36;38;140;58;34;37;55;104;36;50;69;100;1821
520547;1367;59;37;76;143;122;88;102;103;171;174;107;135;2684
520549;2462;59;65;112;45;102;64;52;40;41;77;104;103;3326
520550;0;0;0;0;0;0;0;0;0;0;0;0;0;0
520551;752;18;15;11;12;14;19;15;16;10;27;39;50;998
520552;222;0;2;2;0;1;0;4;3;0;1;1;0;236
520560;0;0;0;0;0;0;0;0;0;0;0;0;0;0
520570;230;5;6;4;6;2;3;7;8;9;8;4;8;300
520580;701;11;11;21;19;12;28;11;19;17;28;10;15;903
520590;1135;23;38;32;42;25;18;23;24;25;31;26;25;1467
520600;0;0;0;0;0;0;0;0;0;0;0;0;0;0
520610;0;0;0;0;0;0;0;0;0;0;0;0;0;0
520620;5465;359;282;415;497;606;483;565;691;811;1182;727;677;12760
520630;359;5;10;13;9;6;5;8;15;20;14;42;40;546
520640;1888;14;41;16;50;39;84;35;53;60;33;52;255;2620
520650;311;4;7;4;3;4;7;4;3;19;18;24;17;425
520660;258;7;6;10;6;3;2;2;10;12;7;18;11;352
520670;188;0;0;0;0;1;3;1;1;0;1;0;6;201
520680;242;3;5;4;4;1;0;2;4;4;4;5;2;280
520690;78;4;1;2;1;5;0;4;2;5;1;6;3;112
520700;0;0;0;0;0;0;0;0;0;0;0;0;0;0
520710;188;3;0;3;3;10;1;1;1;3;0;8;4;225
520720;0;0;0;0;0;0;0;0;0;0;0;0;0;0
520725;404;20;19;24;16;13;13;14;8;17;16;20;13;597
520730;0;0;0;0;0;0;0;0;0;0;0;0;0;0
520735;459;20;6;9;5;8;7;3;7;3;10;7;9;553
520740;947;22;21;38;54;33;32;44;88;36;27;24;72;1438
520750;261;4;2;3;0;4;1;5;1;8;3;18;3;313
520753;590;4;8;7;5;4;11;12;2;5;1;10;12;671
520755;0;0;0;0;0;0;0;0;0;0;0;0;0;0
520760;485;4;4;4;7;4;9;8;4;15;8;9;39;600
520765;0;0;0;0;0;0;0;0;0;0;0;0;0;0
520770;0;0;0;0;0;0;0;0;0;0;0;0;0;0
520780;578;10;30;26;25;11;19;24;15;27;61;28;33;887
520790;529;10;14;8;16;20;16;14;13;18;16;16;13;703
520800;8105;201;173;249;238;229;218;242;191;237;237;323;422;11065
520810;291;2;8;4;3;5;3;4;2;1;24;2;9;358
520815;177;1;0;5;5;8;2;2;3;3;3;4;14;227
520820;0;0;0;0;0;0;0;0;0;0;0;0;0;0
520830;372;1;2;3;2;1;4;7;11;7;17;5;7;439
520840;539;13;24;18;20;16;31;31;11;8;20;10;18;759
520850;452;10;9;13;14;8;6;15;10;16;24;14;19;610
520860;6704;297;349;419;298;306;357;337;338;258;2046;1039;1268;14016
520870;394325;11143;13153;13083;11842;12417;12745;14633;14324;13091;12805;16996;26224;566781
520880;2143;57;76;140;82;80;97;76;92;100;270;168;154;3535
520890;1863;69;63;52;59;65;61;85;52;55;50;59;76;2609
520900;0;0;0;0;0;0;0;0;0;0;0;0;0;0
520910;5358;115;180;209;299;347;232;203;276;238;294;227;622;8600
520915;355;5;6;8;6;16;9;15;12;14;6;9;63;524
520920;730;12;11;27;17;10;13;18;9;16;34;21;11;929
520929;158;4;1;1;1;1;3;2;2;1;3;1;3;181
520930;0;0;0;0;0;0;0;0;0;0;0;0;0;0
520940;226;6;0;3;2;1;7;15;11;6;33;6;3;319
520945;101;0;0;0;0;1;1;0;0;0;4;11;8;126
520950;0;0;0;0;0;0;0;0;0;0;0;0;0;0
520960;253;1;2;3;1;5;6;0;4;1;4;4;12;296
520970;1846;87;91;109;80;77;75;89;130;81;73;81;230;3049
520980;344;5;5;6;1;7;6;2;5;9;4;7;16;417
520990;648;12;7;15;9;9;11;18;15;23;13;22;10;812
520993;487;103;16;27;9;7;22;20;7;11;30;47;17;803
520995;1042;25;27;31;35;18;43;21;77;63;37;67;70;1556
521000;7765;285;217;284;303;215;312;287;331;234;283;383;1202;12101
521010;3634;120;341;372;218;377;329;194;349;564;211;196;180;7085
521015;145;1;3;2;5;4;3;1;4;4;0;2;50;224
521020;2425;51;44;73;43;43;69;44;114;55;62;96;79;3198
521030;181;8;2;4;5;1;2;9;5;9;2;3;1;232
521040;2802;78;76;96;67;83;70;89;64;79;100;94;111;3809
521050;0;0;0;0;0;0;0;0;0;0;0;0;0;0
521056;281;1;4;4;3;1;3;1;6;3;2;7;8;324
521060;426;11;5;11;11;8;4;11;8;9;7;11;10;532
521070;0;0;0;0;0;0;0;0;0;0;0;0;0;0
521080;651;22;17;19;21;18;15;28;20;27;24;42;39;943
521090;1477;18;36;41;56;132;87;117;152;116;65;237;856;3390
521100;678;13;27;12;21;13;15;15;15;16;62;9;24;920
521110;0;0;0;0;0;0;0;0;0;0;0;0;0;0
521120;1854;46;59;60;40;35;49;45;33;31;32;98;41;2423
521130;722;36;17;15;18;28;19;26;32;22;28;69;71;1103
521140;718;19;10;15;13;20;18;20;11;13;20;28;41;946
521150;17565;1318;583;852;642;804;1032;1080;1004;849;769;827;1238;28563
521160;279;3;3;3;4;8;6;6;3;2;10;9;5;341
521170;1132;12;53;29;34;750;92;84;114;73;63;42;1014;3492
521180;4237;85;144;166;99;139;123;113;136;155;131;133;185;5846
521190;13803;394;676;609;652;541;529;601;608;566;701;558;1082;21320
521200;230;5;5;6;3;3;1;4;6;3;3;22;15;306
521205;131;1;2;5;2;1;4;2;0;2;2;2;9;163
521210;652;17;18;16;18;62;23;17;15;21;15;24;19;917
521220;1993;54;48;65;73;62;66;76;76;172;71;59;75;2890
521225;49;1;3;2;3;2;0;2;2;0;3;0;1;68
521230;552;15;17;22;20;10;21;25;17;15;17;27;82;840
521240;0;0;0;0;0;0;0;0;0;0;0;0;0;0
521250;15699;542;499;565;681;601;674;669;697;554;616;738;722;23257
521260;288;7;4;9;9;5;6;9;6;24;23;36;2;428
521270;147;3;1;4;2;0;15;7;3;5;9;1;5;202
521280;694;23;10;70;18;12;10;10;9;16;14;18;11;915
521290;221;1;1;2;4;2;1;9;1;2;1;1;3;249
521295;321;6;10;6;11;6;3;17;13;10;10;7;14;434
521300;599;14;11;39;43;62;161;57;54;40;36;35;1315;2466
521305;255;8;6;6;10;3;10;7;2;2;7;6;0;322
521308;1929;70;60;60;44;53;62;64;47;70;57;68;202;2786
521310;6837;279;252;295;309;337;289;302;298;295;312;328;501;10634
521320;0;0;0;0;0;0;0;0;0;0;0;0;0;0
521330;0;0;0;0;0;0;0;0;0;0;0;0;0;0
521340;221;1;0;1;2;2;2;3;4;1;1;1;2;241
521350;367;7;8;6;5;9;13;6;4;9;5;6;4;449
521360;0;0;0;0;0;0;0;0;0;0;0;0;0;0
521370;929;20;17;21;20;13;17;22;13;23;19;13;18;1145
521375;1722;40;69;97;127;84;77;44;90;66;122;122;128;2788
521377;183;0;4;3;1;4;2;1;9;3;2;5;29;246
521380;4760;169;163;162;177;182;180;147;192;161;243;315;309;7160
521385;126;0;0;1;0;3;3;0;8;1;1;0;6;149
521390;288;5;7;5;11;5;3;2;4;5;8;2;23;368
521400;2422;46;56;83;62;115;117;127;124;107;92;93;73;3517
521405;543;43;9;13;11;14;24;8;13;20;7;9;18;732
521410;212;3;0;1;6;1;12;11;3;2;1;2;14;268
521420;0;0;0;0;0;0;0;0;0;0;0;0;0;0
521430;0;0;0;0;0;0;0;0;0;0;0;0;0;0
521440;1116;49;58;48;64;34;56;47;207;50;53;48;83;1913
521450;4196;120;125;155;144;150;178;161;212;180;257;472;177;6527
521460;5488;116;116;175;205;205;235;252;329;256;356;210;576;8519
521470;217;1;0;1;2;3;0;1;0;1;0;1;3;230
521480;194;3;1;1;1;4;2;1;4;2;5;1;3;222
521483;1363;46;31;45;41;38;34;49;40;40;54;34;46;1861
521486;578;10;6;20;22;5;9;6;13;3;11;43;52;778
521487;141;0;0;1;0;0;1;2;1;3;0;1;2;152
521488;0;0;0;0;0;0;0;0;0;0;0;0;0;0
521490;220;6;2;1;1;1;22;1;1;2;1;3;19;280
521500;1180;26;37;68;47;80;97;101;206;89;134;64;44;2173
521510;0;0;0;0;0;0;0;0;0;0;0;0;0;0
521520;161;2;3;9;1;1;3;2;1;5;1;5;9;203
521523;2808;75;38;56;35;47;55;49;67;65;60;59;85;3499
521525;264;6;7;4;4;2;6;5;4;5;9;9;18;343
521530;1381;29;32;36;23;48;25;18;22;32;23;36;36;1741
521540;385;11;8;6;3;11;10;9;12;9;8;16;29;517
521550;1011;21;40;23;19;30;23;27;21;29;44;34;44;1366
521560;1552;34;24;51;40;31;20;31;68;49;62;72;119;2153
521565;235;4;6;13;9;10;14;7;4;7;12;11;42;374
521570;2073;65;36;87;48;57;61;42;48;46;53;83;119;2818
521575;0;0;0;0;0;0;0;0;0;0;0;0;0;0
521580;295;6;4;4;8;5;8;7;4;11;5;8;9;374
521590;300;2;4;7;8;7;5;2;5;1;6;4;4;355
521600;413;59;88;82;86;124;88;10;20;43;9;14;11;1047
521610;0;0;0;0;0;0;0;0;0;0;0;0;0;0
521620;0;0;0;0;0;0;0;0;0;0;0;0;0;0
521630;385;17;25;17;17;15;16;17;7;6;14;21;41;598
521640;1562;70;72;85;74;69;64;67;77;53;63;133;117;2506
521645;446;6;36;9;14;15;16;9;12;9;11;11;18;612
521650;0;0;0;0;0;0;0;0;0;0;0;0;0;0
521660;0;0;0;0;0;0;0;0;0;0;0;0;0;0
521670;0;0;0;0;0;0;0;0;0;0;0;0;0;0
521680;706;32;10;18;20;13;8;19;22;11;7;24;15;905
521690;235;1;0;1;0;4;2;1;3;2;3;4;0;256
521700;0;0;0;0;0;0;0;0;0;0;0;0;0;0
521710;2095;77;153;76;63;53;90;47;59;114;61;62;78;3028
521720;849;16;27;18;12;12;11;38;26;12;31;15;48;1115
521730;1896;25;38;41;52;94;43;41;50;44;56;57;67;2504
521740;4309;141;180;159;170;198;223;166;125;117;168;118;183;6257
521750;0;0;0;0;0;0;0;0;0;0;0;0;0;0
521760;3710;61;58;83;74;102;85;101;115;85;98;132;113;4817
521770;1532;37;31;42;44;37;30;41;45;30;42;33;52;1996
521780;0;0;0;0;0;0;0;0;0;0;0;0;0;0
521790;0;0;0;0;0;0;0;0;0;0;0;0;0;0
521800;3791;71;89;122;88;80;85;71;101;71;68;95;114;4846
521805;306;18;5;21;22;10;21;30;59;9;24;16;23;564
521810;427;6;20;8;17;18;34;8;17;18;11;13;13;610
521820;0;0;0;0;0;0;0;0;0;0;0;0;0;0
521830;1978;39;38;53;53;65;37;47;49;61;59;104;111;2694
521839;222;1;1;6;0;0;4;6;5;4;5;3;7;264
521840;0;0;0;0;0;0;0;0;0;0;0;0;0;0
521850;4123;120;164;367;169;141;119;145;140;152;163;267;208;6278
521860;923;24;31;35;35;47;35;29;19;21;69;47;59;1374
521870;530;12;23;22;11;9;15;10;12;7;16;7;19;693
521875;0;0;0;0;0;0;0;0;0;0;0;0;0;0
521878;1755;43;120;80;79;76;71;101;72;53;91;105;77;2723
521880;33035;1342;1329;1779;1545;1392;1508;1480;1889;1578;1505;1648;1872;51902
521890;1723;56;66;32;17;46;70;37;37;42;50;928;46;3150
521900;496;9;3;7;19;7;39;15;10;14;21;11;35;686
521910;686;55;21;52;41;21;13;28;45;38;26;55;28;1109
521920;315;10;6;10;6;6;12;11;7;6;5;12;10;416
521925;851;24;20;24;34;13;24;21;39;30;40;15;15;1150
521930;4784;285;195;167;156;190;271;208;377;231;139;1000;296;8299
521935;278;5;1;6;4;3;1;1;4;12;3;9;1;328
521940;385;17;43;31;42;23;20;20;14;17;20;14;38;684
521945;151;1;0;1;0;3;1;0;0;0;1;4;7;169
521950;172;0;3;1;3;1;0;2;0;1;0;0;0;183
521960;276;3;4;3;8;7;4;4;0;5;13;35;24;386
521970;668;10;4;8;3;6;9;3;3;7;13;14;6;754
521971;370;8;9;8;11;11;11;13;16;101;11;10;19;598
521973;720;8;15;9;10;8;19;21;24;32;19;8;11;904
521975;2752;64;50;50;56;56;78;49;73;53;71;283;105;3740
521980;335;7;4;3;4;6;3;6;6;3;4;7;3;391
521990;519;17;19;12;7;11;9;20;10;12;14;36;16;702
522000;647;10;6;16;11;17;25;25;133;22;14;13;28;967
522005;173;3;5;3;1;4;5;2;6;1;3;4;8;218
522010;3735;95;163;132;128;86;98;185;110;139;85;97;120;5173
522015;249;5;3;5;7;4;2;8;3;3;5;5;13;312
522020;1600;135;37;50;69;55;49;86;106;46;118;47;213;2611
522026;369;13;5;7;17;15;15;15;11;9;4;43;14;537
522028;155;0;1;0;2;0;0;0;1;0;2;0;0;161
522030;0;0;0;0;0;0;0;0;0;0;0;0;0;0
522040;1492;35;39;49;35;57;31;41;27;36;46;38;52;1978
522045;4830;156;140;216;167;219;203;265;205;194;168;150;344;7257
522050;999;41;125;66;90;208;30;47;54;43;81;53;150;1987
522060;1829;61;43;51;137;72;49;50;61;34;52;65;61;2565
522065;0;0;0;0;0;0;0;0;0;0;0;0;0;0
522068;346;2;0;4;2;3;3;4;4;2;3;2;3;378
522070;74;1;0;0;0;0;0;3;9;0;2;1;2;92
522080;0;0;0;0;0;0;0;0;0;0;0;0;0;0
522090;0;0;0;0;0;0;0;0;0;0;0;0;0;0
522100;243;2;0;1;7;4;2;3;3;3;2;3;4;277
522108;137;3;1;1;6;4;2;1;1;6;1;4;6;173
522110;0;0;0;0;0;0;0;0;0;0;0;0;0;0
522119;405;6;1;9;8;12;9;11;7;9;7;9;17;510
522120;0;0;0;0;0;0;0;0;0;0;0;0;0;0
522130;267;8;4;8;9;5;6;10;9;2;8;14;4;354
522140;8178;311;315;313;253;211;281;292;258;250;284;266;598;11810
522145;187;3;1;1;0;0;2;1;1;2;3;2;2;205
522150;324;12;5;17;8;5;8;16;5;5;41;5;20;471
522155;909;13;16;29;188;139;744;249;358;338;291;316;3415;7005
522157;287;0;1;3;1;0;1;0;2;2;1;2;0;300
522160;2756;72;61;82;62;70;63;56;91;69;57;85;106;3630
522170;466;11;14;22;21;16;18;13;12;7;10;9;11;630
522180;489;13;9;16;70;9;5;10;4;10;12;6;17;670
522185;5752;197;207;193;211;219;149;189;196;209;168;191;251;8132
522190;289;10;8;24;6;10;10;6;4;9;15;10;6;407
522200;1427;44;30;51;56;55;36;46;79;71;57;51;72;2075
522205;686;23;20;26;43;39;26;22;21;16;27;18;27;994
522208;0;0;0;0;0;0;0;0;0;0;0;0;0;0
522210;0;0;0;0;0;0;0;0;0;0;0;0;0;0
522220;342;5;2;7;6;11;8;3;6;0;3;3;4;400
522230;228;12;12;13;6;12;5;11;14;8;15;49;49;434
529999;0;0;0;0;0;0;0;0;0;0;0;0;0;0
530010;854463;14199;15923;19160;15056;16526;18337;17062;18098;18604;16627;19993;23945;1067993
539999;0;0;0;0;0;0;0;0;0;0;0;0;0;0
{ñ class};0;0;0;0;0;0;0;0;0;0;0;0;0;0
Total;31407576;892196;978121;1153105;1044096;1016418;1026692;1054093;1095027;1045782;1087432;1152146;1731226;44683910

Seleções vigentes
Variável;Critério;Valor
Ano;igual a;2004
