Coluna;Mês Admissão
Município;Não admitido ano;Janeiro;Fevereiro;Março;Abril;Maio;Junho;Julho;Agosto;Setembro;Outubro;Novembro;Dezembro;Total
110002;2715;256;208;279;262;305;216;279;234;170;180;158;107;5369
110004;2804;250;254;363;389;548;418;573;483;434;428;301;172;7417
110005;12;0;0;1;4;1;1;7;3;2;4;5;3;43
110006;410;28;42;22;70;51;102;68;91;48;87;53;60;1132
110008;42;16;10;1;4;2;4;13;14;28;8;6;6;154
110009;68;4;3;6;5;6;9;14;18;2;17;4;4;160
110010;1294;59;52;18;114;48;69;39;68;68;41;50;44;1964
110011;567;41;45;65;45;115;93;98;92;76;104;75;65;1481
110012;4934;393;308;436;658;487;646;436;599;565;510;416;352;10740
110015;519;38;26;37;59;49;58;64;57;59;55;107;39;1167
110018;1196;160;130;170;249;317;204;255;216;185;112;95;53;3342
110020;23009;2184;1691;1606;1772;2012;2055;2698;2404;2301;1955;1751;1346;46784
110025;214;18;14;9;8;39;35;28;50;16;28;76;16;551
110028;3;0;0;0;1;1;3;0;1;2;19;3;1;34
110030;3065;245;295;326;372;515;476;478;434;386;407;359;270;7628
120005;15;0;0;1;0;0;0;0;0;0;0;0;0;16
120010;302;3;2;4;8;8;2;2;2;3;1;0;1;338
120020;1141;10;28;20;16;64;52;29;18;33;48;24;8;1491
120030;196;3;3;2;1;0;11;0;3;0;1;0;0;220
120033;15;2;0;0;0;0;0;0;0;0;0;0;0;17
120034;17;1;0;0;0;0;1;0;0;0;0;0;0;19
120038;53;3;3;0;2;1;0;1;0;1;0;0;2;66
120040;33079;1315;629;807;1025;3361;1234;929;690;768;617;585;444;45483
120045;39;2;5;1;8;5;2;5;7;1;6;3;1;85
120050;351;5;17;5;0;25;10;3;0;1;4;1;0;422
120060;94;0;0;0;0;0;0;0;0;0;0;1;0;95
120070;134;3;2;2;7;0;3;1;3;0;1;4;2;162
130002;1;0;0;0;0;0;0;0;0;0;0;0;0;1
130006;1;0;0;0;0;0;0;0;0;0;0;0;0;1
130010;165;1;0;2;3;6;1;0;0;0;0;0;0;178
130020;49;1;0;2;4;4;1;2;2;7;3;6;0;81
130030;86;0;7;0;0;3;0;0;0;0;0;0;0;96
130040;24;0;2;0;1;0;1;0;1;0;0;0;0;29
130050;354;45;0;4;0;73;3;17;2;0;0;0;0;498
130060;832;49;30;54;14;22;9;8;9;14;11;6;11;1069
130068;1;0;0;0;0;0;0;0;1;0;0;0;0;2
130070;281;2;2;17;2;4;2;0;4;1;0;2;2;319
130080;640;6;1;115;0;6;2;1;3;8;0;0;1;783
130090;13;6;0;0;0;1;0;0;1;0;0;0;0;21
130100;334;2;0;27;0;18;3;32;3;1;0;1;0;421
130110;285;32;13;17;22;42;39;62;49;45;45;44;15;710
130120;560;35;0;65;6;73;4;6;7;6;4;3;2;771
130130;257;2;12;17;20;29;20;0;1;13;0;0;0;371
130140;772;15;30;4;47;4;1;4;0;2;0;0;0;879
130150;5;0;0;0;1;0;0;0;0;0;0;0;0;6
130160;142;4;1;6;0;9;3;9;0;0;0;0;0;174
130170;825;68;40;110;66;59;81;65;111;42;58;50;52;1627
130180;88;0;0;1;0;0;0;0;0;0;0;0;0;89
130185;0;0;0;0;0;0;1;0;0;0;0;0;0;1
130190;3408;241;211;322;210;202;180;200;147;160;118;70;100;5569
130195;0;0;0;0;0;0;1;0;0;0;0;0;0;1
130200;7;0;0;0;0;1;1;0;0;0;0;0;0;9
130210;17;0;0;0;0;0;0;0;0;0;0;0;0;17
130220;9;0;0;0;0;0;0;0;0;0;0;0;0;9
130230;10;0;0;1;0;1;0;0;0;0;0;0;0;12
130240;394;22;3;40;2;1;1;0;4;5;10;2;0;484
130250;1082;78;62;92;167;170;27;18;17;17;33;19;9;1791
130260;189430;11844;8438;8780;9435;11305;10101;10074;10706;11289;10675;10490;5862;308429
130270;517;232;7;222;2;3;32;3;1;1;0;5;2;1027
130280;10;0;0;0;0;3;1;0;0;0;0;0;0;14
130290;483;2;4;4;7;4;1;2;0;2;3;2;4;518
130300;101;73;0;2;5;11;8;2;0;0;0;0;1;203
130310;365;7;3;17;8;4;11;2;3;2;3;0;0;425
130320;593;88;76;113;180;225;106;111;128;170;105;120;65;2080
130330;32;1;0;0;0;1;1;0;0;0;0;1;0;36
130340;1675;43;78;146;25;109;22;41;61;30;30;106;18;2384
130350;86;1;0;0;0;2;0;0;0;0;0;0;0;89
130353;14;0;1;3;2;1;4;0;4;52;68;43;11;203
130360;3;0;0;0;2;0;0;0;0;0;0;0;0;5
130370;95;1;0;20;1;2;2;0;0;0;1;0;1;123
130380;321;5;1;21;2;3;1;4;2;7;6;3;0;376
130390;238;1;1;1;1;2;3;1;1;2;3;3;0;257
130400;82;11;54;73;62;85;119;112;130;125;92;13;0;958
130406;127;1;0;0;1;1;0;1;2;1;3;1;4;142
130410;16;0;1;0;0;1;1;0;1;0;0;0;0;20
130420;1100;14;15;110;16;22;9;12;25;15;10;17;10;1375
130430;186;6;0;49;1;16;1;9;1;0;0;1;0;270
130440;227;6;20;47;7;2;4;6;0;10;4;3;1;337
140005;45;20;2;8;5;0;0;2;15;8;8;15;1;129
140010;14871;583;552;599;590;475;392;539;489;570;565;478;291;20994
140015;8;1;1;0;0;0;1;0;0;0;0;0;0;11
140020;322;34;21;27;29;55;14;5;24;17;18;21;9;596
140030;6;0;1;0;0;0;0;0;0;12;0;0;0;19
140040;7;0;0;0;0;0;0;1;0;0;0;0;0;8
140050;12;1;0;0;0;0;0;1;1;0;2;0;0;17
140060;12;0;1;0;0;1;0;3;0;0;0;0;0;17
150010;2260;61;51;97;87;138;59;44;40;35;39;46;19;2976
150020;294;13;7;27;64;54;77;89;65;68;104;115;18;995
150030;187;6;45;16;23;25;1;10;11;11;3;2;0;340
150040;559;20;10;8;13;22;14;14;20;8;13;9;11;721
150050;8069;681;746;541;328;529;524;644;495;573;423;481;365;14399
150060;2495;168;103;142;72;125;161;130;151;217;175;176;115;4230
150070;204;99;43;3;0;2;0;1;0;1;0;2;0;355
150080;11846;796;688;800;775;1119;1157;1110;1192;1153;1165;1096;558;23455
150090;172;9;0;0;0;2;0;0;1;0;0;8;0;192
150100;274;3;4;3;4;2;2;1;7;0;3;1;1;305
150110;5;0;19;0;0;2;1;1;0;0;0;0;0;28
150120;25;1;0;2;2;2;1;0;0;0;0;0;0;33
150130;6669;690;441;337;242;232;157;167;177;100;90;386;78;9766
150140;214591;8070;7628;7344;7942;9199;11109;9613;8961;8810;9409;8897;5475;317048
150150;2521;208;123;92;103;47;94;85;91;103;113;104;82;3766
150170;1376;29;40;22;24;28;31;39;70;54;60;28;24;1825
150180;1277;57;86;112;126;208;74;113;144;133;79;85;33;2527
150190;148;4;7;0;6;3;4;0;7;4;10;8;5;206
150200;185;3;0;0;0;0;0;0;0;0;0;0;1;189
150210;645;16;2;59;17;6;16;2;6;1;1;5;3;779
150220;3434;44;55;66;110;124;75;50;94;59;99;104;38;4352
150230;126;8;3;3;6;3;3;7;5;3;5;4;12;188
150240;6544;275;213;254;303;354;408;315;398;339;447;396;264;10510
150250;13;1;3;0;0;0;1;0;0;0;0;0;0;18
150260;2;0;0;0;1;0;0;0;0;0;1;0;0;4
150270;2517;142;114;90;139;174;160;183;221;146;174;190;115;4365
150280;10;1;3;0;1;0;0;1;0;0;0;0;0;16
150290;220;2;1;8;6;3;2;1;1;0;1;0;0;245
150300;19;3;0;0;1;3;0;0;0;2;0;0;0;28
150310;432;44;5;1;0;1;2;2;0;0;1;0;1;489
150320;307;28;2;1;2;0;3;4;6;3;4;1;12;373
150330;437;14;3;4;5;1;1;0;1;0;1;3;0;470
150340;69;0;0;0;0;0;1;1;5;0;2;1;0;79
150350;665;61;32;32;31;19;38;72;108;49;58;52;67;1284
150360;1573;78;91;113;77;78;86;99;102;130;118;145;96;2786
150370;48;6;2;1;3;6;6;4;2;6;12;9;8;113
150380;34;7;0;9;0;0;19;11;5;15;21;9;39;169
150390;69;1;1;5;3;2;0;0;1;0;1;1;1;85
150400;4;0;0;0;0;0;0;0;0;0;0;0;0;4
150410;238;15;4;1;5;13;18;9;11;3;0;0;8;325
150420;12609;1015;787;556;402;777;832;920;944;1229;985;850;557;22463
150430;430;6;36;46;127;124;69;43;29;15;38;15;27;1005
150440;286;2;0;0;4;1;3;0;0;0;1;0;0;297
150450;3;2;0;0;0;0;0;0;0;0;0;0;0;5
150460;37;1;1;0;3;24;11;11;4;6;5;1;4;108
150470;877;113;79;68;116;113;76;95;73;50;41;52;21;1774
150480;615;16;2;9;1;7;8;4;8;4;9;6;1;690
150490;116;7;4;2;3;3;6;3;9;4;12;0;1;170
150500;159;4;2;1;1;2;2;0;0;1;3;1;0;176
150503;2;0;0;0;0;0;0;0;0;0;0;0;0;2
150510;978;30;144;184;130;65;13;20;23;13;9;17;17;1643
150520;10;0;0;0;0;0;0;0;0;1;0;0;0;11
150530;3343;309;286;140;122;106;138;153;175;139;137;72;34;5154
150540;393;10;4;1;3;5;1;2;2;2;13;3;4;443
150550;3030;353;276;258;260;244;348;409;466;519;411;387;379;7340
150560;128;3;3;3;4;6;3;2;4;0;1;0;0;157
150570;137;0;0;0;0;0;0;0;1;0;0;0;0;138
150580;318;10;2;7;13;20;17;23;23;11;22;8;2;476
150590;68;5;3;3;2;0;2;2;11;3;1;4;0;104
150600;180;6;4;6;3;1;4;2;13;113;190;82;18;622
150610;301;6;5;9;10;5;6;0;1;0;0;0;0;343
150613;726;92;32;25;46;52;100;107;132;117;56;162;85;1732
150616;265;11;15;22;6;12;29;1;19;10;2;5;3;400
150618;543;26;13;20;21;16;16;35;57;58;49;38;58;950
150620;382;0;0;4;9;5;0;0;2;2;5;1;0;410
150630;166;9;1;1;0;0;1;0;0;0;0;0;0;178
150640;1;0;0;0;0;0;0;0;0;0;0;0;0;1
150650;1424;111;47;64;53;51;79;68;82;74;74;64;50;2241
150660;336;2;24;20;16;5;12;1;11;8;5;8;3;451
150670;2054;107;111;127;145;119;124;116;106;94;91;96;23;3313
150680;13794;607;413;689;733;781;884;639;665;818;729;668;462;21882
150690;1;0;0;0;0;0;0;0;0;0;2;0;0;3
150700;86;5;5;8;9;9;16;16;10;13;27;30;14;248
150710;61;2;0;0;0;0;0;0;0;0;0;1;0;64
150720;184;6;3;17;18;9;10;11;45;7;9;3;32;354
150730;1726;117;92;77;139;159;125;131;127;103;64;66;71;2997
150740;767;8;11;9;3;3;5;2;2;15;7;19;2;853
150750;392;16;6;5;9;52;48;49;37;15;30;23;36;718
150760;661;32;23;73;38;39;39;33;43;36;63;39;54;1173
150770;28;0;0;0;0;5;1;1;1;2;1;0;0;39
150780;718;59;42;29;16;40;39;60;74;38;50;60;60;1285
150790;348;13;4;3;1;5;9;2;2;0;0;0;0;387
150800;727;37;47;41;26;36;32;58;47;65;51;54;32;1253
150810;9143;734;279;301;312;423;386;415;412;936;580;519;324;14764
150820;309;6;16;4;0;3;1;0;4;5;3;27;6;384
150830;161;3;2;3;18;4;8;9;21;11;9;11;6;266
150840;302;39;43;97;159;60;176;27;21;24;17;20;14;999
159999;1;0;0;0;0;0;0;0;0;0;0;0;0;1
160010;92;19;4;1;2;3;9;3;3;0;1;2;0;139
160020;42;1;1;0;0;0;1;0;1;1;1;1;3;52
160030;20137;1041;833;1048;1000;1131;1236;902;884;759;829;746;407;30953
160040;53;3;6;4;5;4;0;4;5;2;7;3;2;98
160050;19;3;0;0;0;0;0;0;0;0;1;1;2;26
210005;1030;29;69;63;75;69;111;73;124;153;187;94;72;2149
210010;6;0;0;0;0;0;0;0;1;0;0;0;0;7
210020;170;9;0;0;0;0;0;0;0;0;0;0;0;179
210030;367;11;22;9;6;12;4;16;4;48;29;17;4;549
210040;4;0;0;0;0;0;0;0;0;0;0;0;0;4
210050;67;0;1;0;0;1;0;1;3;0;0;0;0;73
210060;79;3;1;0;0;0;1;2;0;0;2;0;0;88
210070;16;0;1;1;0;0;1;0;0;0;0;0;0;19
210080;2;0;0;0;0;0;0;0;0;0;0;0;0;2
210090;324;6;0;0;18;0;2;1;5;3;1;0;0;360
210100;172;2;6;2;1;0;0;0;0;0;0;1;0;184
210110;6;0;0;0;0;0;0;0;0;0;0;0;0;6
210120;3388;173;123;140;115;330;208;223;248;410;537;288;92;6275
210130;2;0;0;0;0;0;0;0;0;0;0;0;0;2
210140;738;15;4;26;29;39;43;33;12;16;23;26;14;1018
210150;319;17;2;7;5;5;7;5;6;4;8;1;1;387
210160;1275;6;27;58;38;32;22;18;45;12;19;7;1;1560
210170;528;11;17;48;2;4;7;1;2;1;0;1;2;624
210180;5;1;0;0;0;0;0;0;0;0;0;0;0;6
210190;39;0;1;0;1;1;1;0;4;0;3;1;1;52
210200;160;7;1;7;4;5;3;7;19;9;15;12;4;253
210210;518;6;1;1;1;0;1;4;5;1;0;1;0;539
210220;18;0;0;0;0;0;0;0;0;0;0;1;0;19
210230;11;0;0;0;0;0;0;1;0;1;0;0;0;13
210240;202;27;0;0;0;0;0;0;0;0;1;0;0;230
210250;6;1;0;0;0;0;0;0;0;0;0;0;0;7
210260;20;1;1;2;2;0;1;2;0;2;0;0;0;31
210270;143;1;1;0;1;0;0;0;0;4;0;0;0;150
210280;1322;53;14;84;19;22;67;7;13;22;14;72;96;1805
210290;85;3;0;0;0;0;0;0;0;0;0;0;0;88
210300;3087;124;108;70;50;83;61;87;78;119;88;78;25;4058
210310;1;0;0;0;0;1;0;0;0;0;0;0;0;2
210320;1163;12;5;4;4;10;2;4;7;1;5;8;5;1230
210330;1449;44;23;29;28;47;31;31;70;29;49;37;27;1894
210340;2275;130;123;132;71;110;109;332;187;119;108;79;89;3864
210360;1102;13;3;20;26;9;8;9;16;7;5;5;13;1236
210370;487;9;0;12;28;1;2;2;3;2;0;1;2;549
210380;277;11;0;0;4;6;19;12;21;29;7;3;8;397
210390;6;0;0;0;0;0;0;0;0;0;0;0;0;6
210400;588;25;21;25;15;14;13;23;21;10;14;2;9;780
210405;42;0;0;0;0;1;0;0;3;1;1;0;0;48
210410;117;0;0;14;1;0;7;0;0;0;0;0;0;139
210420;89;2;0;0;0;0;0;0;0;0;0;0;0;91
210430;59;2;0;1;4;1;1;1;5;31;8;6;0;119
210440;12;0;0;0;0;0;0;0;0;0;0;0;0;12
210450;13;0;0;1;0;0;0;0;0;0;0;0;0;14
210460;250;5;0;1;2;2;3;6;14;4;2;1;1;291
210470;2;0;0;0;0;0;0;0;0;0;0;0;0;2
210480;1358;18;56;75;80;42;24;12;11;14;451;315;85;2541
210490;34;5;0;8;0;5;2;0;1;3;1;4;0;63
210500;6;0;0;0;0;0;0;0;0;0;0;0;0;6
210510;135;3;1;7;0;1;2;15;1;0;0;0;0;165
210520;251;1;0;9;2;4;4;0;1;0;0;0;0;272
210530;13207;952;678;848;837;841;1361;1134;1318;1392;1348;1127;794;25837
210540;884;21;2;3;3;10;5;4;5;4;4;4;3;952
210550;328;46;15;87;24;3;39;41;60;37;66;60;54;860
210560;1153;81;35;51;13;23;29;12;91;84;74;95;41;1782
210570;230;1;1;0;4;5;2;9;2;2;18;1;0;275
210580;15;0;0;0;0;0;0;0;1;0;1;0;0;17
210590;5;0;0;0;0;0;0;0;0;0;0;0;0;5
210600;1646;5;6;1;13;4;0;0;1;2;2;1;0;1681
210610;6;1;0;0;0;0;0;0;0;0;0;0;0;7
210620;1;0;0;0;0;0;0;0;0;0;0;0;0;1
210630;176;16;1;3;0;1;0;0;0;0;0;0;0;197
210640;115;1;0;0;0;0;0;0;1;0;0;0;0;117
210650;18;0;0;0;0;0;0;0;0;0;0;0;0;18
210660;184;0;0;0;2;0;1;0;0;0;0;0;0;187
210670;8;0;0;0;0;0;0;0;0;0;0;0;0;8
210680;8;0;0;0;0;0;0;0;0;0;0;0;0;8
210690;378;7;7;10;9;8;10;9;27;14;26;5;4;514
210700;39;2;2;0;0;0;1;3;2;0;0;1;0;50
210710;6;0;0;0;0;0;0;0;0;0;0;21;0;27
210720;1;0;0;0;0;0;0;0;0;0;0;0;0;1
210730;6;0;0;0;0;0;0;0;0;0;0;0;0;6
210740;310;1;2;2;0;6;0;6;2;0;1;0;0;330
210750;494;8;33;23;14;18;18;14;43;20;22;21;10;738
210760;17;0;0;0;0;0;0;0;0;0;0;0;0;17
210770;38;0;0;0;0;0;0;0;1;0;1;0;0;40
210780;251;35;1;22;1;1;3;2;0;0;0;0;0;316
210790;47;1;0;1;0;1;1;7;0;1;0;1;0;60
210800;10;0;0;0;0;0;0;0;0;0;0;0;0;10
210810;13;0;1;0;1;0;0;0;1;0;0;0;1;17
210820;1852;84;25;58;62;33;50;72;144;58;75;70;43;2626
210830;39;1;0;5;2;0;0;0;0;0;0;0;0;47
210840;5;0;0;0;0;0;0;0;0;0;0;0;0;5
210850;500;105;0;9;6;1;5;9;3;1;3;6;11;659
210860;1183;26;19;172;15;11;14;18;13;11;14;13;11;1520
210870;339;9;1;3;22;2;2;2;4;0;7;4;1;396
210880;7;0;0;0;0;0;0;0;0;0;0;0;0;7
210890;461;10;6;4;6;7;12;2;2;1;0;0;3;514
210900;96;10;17;4;4;10;4;4;2;0;0;5;1;157
210910;1215;47;12;17;14;15;5;1;19;5;19;15;12;1396
210920;165;4;4;8;1;5;5;8;0;0;0;0;0;200
210930;4;0;0;0;0;0;0;31;15;0;5;1;1;57
210940;363;2;1;0;0;0;0;0;0;0;0;0;0;366
210950;16;1;0;0;0;0;0;0;0;0;0;0;1;18
210960;407;17;19;25;41;70;55;37;57;74;85;63;23;973
210970;4;0;0;0;0;0;0;0;0;0;0;0;0;4
210990;1618;55;43;49;63;133;150;79;96;79;66;105;47;2583
211000;1017;103;29;21;71;64;127;262;142;122;58;80;32;2128
211010;215;2;3;5;2;1;0;0;0;0;0;1;0;229
211020;20;2;1;0;0;0;0;1;1;1;0;1;0;27
211030;228;4;2;16;1;1;17;9;6;2;5;0;0;291
211040;186;7;0;0;0;0;0;0;0;0;0;0;0;193
211050;67;1;0;5;2;1;0;2;0;0;0;0;1;79
211060;81;3;0;0;0;0;0;1;1;1;0;1;0;88
211070;117;2;1;1;0;1;2;0;0;1;2;2;0;129
211080;5;0;0;0;0;0;0;0;0;0;0;0;0;5
211090;113;2;0;2;0;0;0;0;0;0;1;0;0;118
211100;11;0;0;0;0;0;0;0;0;0;1;0;0;12
211110;476;18;45;20;9;12;38;40;17;13;4;5;4;701
211120;2108;147;15;25;35;30;59;76;91;80;94;63;41;2864
211130;140111;5469;3569;3546;3922;4325;5087;4719;4571;4699;4459;4002;3335;191814
211140;35;0;3;0;0;1;1;1;1;1;1;1;0;45
211150;1828;16;2;3;2;5;6;0;0;1;3;1;1;1868
211160;20;0;0;0;0;0;1;0;0;0;1;0;0;22
211170;6;0;0;0;0;0;0;0;0;0;0;0;0;6
211180;51;2;0;0;1;2;0;3;1;3;0;0;0;63
211190;3;0;0;0;0;0;0;0;0;0;0;0;0;3
211200;1;0;0;0;0;0;0;0;0;0;0;0;0;1
211210;356;3;1;0;0;0;0;0;1;1;0;1;2;365
211220;1344;346;7;19;41;23;141;63;15;62;20;60;34;2175
211230;122;8;1;9;4;4;6;1;5;1;0;2;0;163
211240;83;0;5;1;3;1;4;1;2;12;2;3;0;117
211250;2303;33;102;91;51;36;40;42;30;47;84;185;30;3074
211260;49;1;0;0;0;1;0;0;15;0;23;0;0;89
211270;357;3;3;12;6;10;1;3;2;3;1;2;1;404
211280;112;299;0;1;1;1;2;0;4;3;1;6;1;431
211290;49;4;0;0;3;1;1;0;0;4;0;0;1;63
211300;173;2;1;1;1;3;3;3;2;5;2;1;0;197
219999;165;1;0;0;2;0;2;5;1;8;2;1;1;188
220010;97;3;0;0;3;0;1;0;0;0;0;0;0;104
220020;372;8;1;13;9;26;9;1;3;3;15;12;2;474
220030;283;13;0;79;0;1;0;12;0;0;1;1;0;390
220040;397;41;6;24;52;35;4;5;6;4;4;1;0;579
220050;165;9;1;5;0;11;8;4;31;2;7;2;1;246
220060;148;0;0;0;5;1;12;0;1;0;0;0;0;167
220070;69;0;0;0;0;0;0;0;0;0;1;0;0;70
220080;79;2;1;1;0;0;1;0;7;0;0;0;0;91
220090;126;0;0;10;3;1;0;0;4;0;0;0;5;149
220100;72;0;0;0;0;0;0;0;1;0;0;0;0;73
220110;19;1;0;0;1;0;0;0;1;0;0;0;0;22
220120;407;30;6;4;0;0;1;3;1;2;1;5;0;460
220130;9;0;0;0;0;0;0;0;0;0;0;0;0;9
220140;161;12;0;0;2;1;1;0;0;0;0;0;0;177
220150;253;4;4;4;3;2;3;11;5;5;3;1;0;298
220160;189;3;0;0;0;0;0;0;2;0;0;0;1;195
220170;103;10;0;2;1;0;0;0;1;0;0;0;0;117
220180;95;0;0;0;1;1;8;0;0;0;0;0;0;105
220190;180;2;1;0;0;1;2;2;1;6;3;9;0;207
220200;349;6;6;3;0;3;2;1;0;4;1;0;0;375
220210;20;74;0;0;0;2;0;0;0;0;0;0;0;96
220220;1446;22;14;14;19;10;35;30;28;45;25;11;22;1721
220230;242;1;3;1;1;8;6;23;1;12;13;14;14;339
220240;125;5;0;1;0;3;2;0;1;0;0;0;0;137
220250;2;0;0;0;0;0;0;0;0;0;0;0;0;2
220260;165;14;0;0;6;2;1;2;1;3;1;5;1;201
220270;336;7;8;11;4;18;2;2;0;0;0;0;1;389
220280;43;0;2;0;0;0;0;0;0;0;0;0;0;45
220290;182;5;1;4;0;4;1;0;7;3;1;2;2;212
220300;18;0;0;1;0;0;0;0;0;0;0;0;0;19
220310;32;1;2;1;0;0;1;0;0;0;0;1;0;38
220320;161;0;0;2;1;2;0;4;1;2;0;1;1;175
220330;140;6;0;20;0;0;0;4;1;0;0;0;0;171
220335;3;0;0;0;0;0;0;0;0;0;0;0;0;3
220340;223;2;0;1;4;6;14;1;3;4;1;0;3;262
220342;18;0;1;0;8;0;0;0;0;0;0;0;0;27
220350;300;6;6;10;3;6;7;1;2;4;1;4;6;356
220360;88;3;0;2;2;1;1;0;0;2;0;0;0;99
220370;310;3;1;1;0;1;3;4;21;2;3;1;1;351
220380;33;0;0;0;0;0;0;0;0;0;0;0;0;33
220390;2409;58;70;79;125;140;151;34;115;54;68;58;46;3407
220400;136;7;2;5;2;8;7;8;0;0;0;0;0;175
220410;53;1;0;0;0;2;0;0;0;0;0;0;0;56
220420;26;3;0;0;0;0;0;0;4;0;0;0;0;33
220430;285;19;4;8;9;9;6;1;3;2;16;3;6;371
220440;46;0;0;1;0;0;0;2;2;0;1;1;1;54
220450;351;3;0;1;0;0;1;1;0;2;1;1;1;362
220460;80;28;1;0;0;0;0;0;0;0;0;0;0;109
220470;151;5;10;5;5;31;31;18;15;12;15;8;2;308
220480;71;0;1;0;2;3;11;1;0;0;6;0;0;95
220490;53;0;0;0;0;0;1;0;0;1;1;1;0;57
220500;141;6;12;11;8;10;9;21;14;17;4;9;11;273
220510;36;3;2;0;0;1;1;0;0;0;0;0;0;43
220520;139;0;1;0;1;1;0;0;0;3;1;0;0;146
220530;109;2;1;2;2;1;1;1;1;0;0;1;0;121
220540;14;0;0;1;0;0;0;1;0;0;0;0;0;16
220550;244;0;0;1;6;4;4;13;1;7;0;31;3;314
220560;110;0;0;0;3;1;34;0;0;0;0;0;0;148
220570;1119;21;22;7;10;5;27;10;8;51;83;45;15;1423
220580;189;5;1;0;0;1;0;1;5;1;1;0;0;204
220590;157;0;2;1;0;1;1;2;0;1;0;0;0;165
220600;47;4;0;1;1;0;1;0;0;0;1;0;0;55
220610;6;1;0;0;0;0;0;0;0;0;0;0;0;7
220620;353;6;5;19;5;7;131;25;3;3;1;3;7;568
220630;28;1;0;0;0;0;0;0;0;24;0;1;0;54
220640;69;0;0;0;0;0;0;0;1;0;1;1;0;72
220650;45;0;1;2;0;0;0;0;0;0;1;1;0;50
220660;186;11;5;2;7;14;4;3;7;11;15;2;3;270
220670;139;10;3;2;4;1;2;0;1;0;1;0;1;164
220680;10;1;0;0;0;0;0;0;0;0;0;0;0;11
220690;111;0;0;3;0;0;0;0;0;0;0;0;0;114
220700;739;8;26;3;6;5;5;4;5;18;4;1;6;830
220720;25;0;0;0;0;0;0;0;0;0;0;0;1;26
220730;5;0;0;0;0;0;0;0;0;0;0;0;0;5
220740;9;0;0;0;0;0;0;0;0;0;0;0;0;9
220750;22;0;0;0;0;0;1;0;0;0;0;0;0;23
220760;11;0;0;0;0;0;0;0;0;0;0;0;0;11
220770;5578;181;124;182;146;229;250;316;215;208;225;248;99;8001
220780;255;7;4;3;7;20;9;4;10;0;4;5;3;331
220790;584;43;2;3;12;14;13;4;1;0;4;0;0;680
220800;4200;224;95;226;143;145;279;143;152;180;176;108;107;6178
220810;97;0;0;1;0;0;0;1;0;2;1;0;0;102
220820;154;1;0;3;0;0;3;1;0;0;0;0;0;162
220830;428;9;6;232;13;16;35;5;15;24;6;11;3;803
220840;1216;35;35;32;20;48;30;49;35;38;30;47;19;1634
220850;72;0;0;2;0;0;0;0;0;0;0;0;0;74
220860;43;3;0;1;0;2;2;0;0;0;0;0;0;51
220870;86;20;3;2;5;14;4;0;0;0;1;0;0;135
220880;290;3;0;6;0;2;1;1;3;0;0;0;0;306
220890;166;11;5;8;13;5;25;14;26;9;4;17;11;314
220900;84;4;0;0;1;0;0;0;0;0;0;0;1;90
220910;45;1;1;0;0;2;1;2;0;0;0;0;0;52
220920;38;0;0;0;0;0;0;0;0;0;0;0;0;38
220930;39;0;0;1;0;0;1;0;0;0;0;0;0;41
220940;42;6;0;0;1;0;7;0;0;0;0;0;0;56
220950;9;0;0;0;0;0;0;0;0;0;0;0;0;9
220960;230;2;0;15;0;0;4;0;0;0;0;0;0;251
220970;19;0;0;0;0;0;0;0;0;0;0;0;0;19
220980;157;0;2;1;4;6;7;16;0;1;0;0;0;194
220990;28;11;0;0;0;0;1;0;0;1;1;0;0;42
221000;210;5;2;11;0;1;4;2;3;1;1;1;2;243
221010;93;1;0;0;3;1;0;0;0;0;0;0;0;98
221020;135;3;0;3;0;5;0;4;0;0;0;0;0;150
221030;77;24;0;4;0;3;1;2;27;0;0;0;0;138
221040;76;2;1;3;0;5;1;2;0;0;0;4;0;94
221050;282;16;4;15;18;14;0;1;3;1;0;1;0;355
221060;566;79;36;38;24;59;29;14;10;2;7;7;3;874
221070;220;0;0;2;2;5;15;2;5;2;1;2;1;257
221080;129;3;0;3;1;0;2;0;2;3;1;0;0;144
221090;156;20;10;14;12;15;13;0;3;4;1;8;3;259
221100;112555;5492;3093;3268;3704;5432;4934;3531;3821;4057;3676;2903;1856;158322
221110;738;9;14;16;6;14;24;156;26;23;27;30;16;1099
221120;120;2;1;3;0;0;1;2;0;1;2;2;3;137
221130;256;9;0;3;7;2;8;3;0;0;6;1;0;295
221140;58;3;0;4;0;1;2;1;0;0;0;0;0;69
230010;261;0;2;0;0;0;0;1;0;1;0;0;0;265
230020;708;25;2;27;117;9;15;11;14;9;12;10;1;960
230030;2260;54;35;31;8;17;33;7;21;27;10;14;6;2523
230040;394;2;0;0;0;0;0;0;0;0;0;0;0;396
230050;347;6;8;8;5;28;2;2;1;0;0;0;1;408
230060;240;2;5;4;13;1;1;3;3;1;4;4;4;285
230070;394;7;22;4;6;9;3;1;2;3;2;1;0;454
230080;168;21;0;0;0;0;0;0;3;0;0;0;0;192
230090;141;0;0;0;0;0;0;0;0;0;0;0;0;141
230100;2946;182;134;123;214;222;147;197;169;259;210;274;154;5231
230110;3194;190;84;59;53;126;155;157;195;199;283;272;97;5064
230120;824;16;38;22;24;12;43;2;1;2;2;2;1;989
230130;333;9;0;0;0;2;0;1;3;4;0;0;1;353
230140;289;3;9;6;13;5;10;7;2;1;0;0;0;345
230150;157;3;0;1;0;0;0;0;1;0;0;0;0;162
230160;950;28;30;26;31;2;12;16;32;3;0;2;10;1142
230170;177;6;3;1;3;0;1;1;0;1;20;1;1;215
230180;310;37;1;19;0;2;1;6;0;0;0;0;0;376
230190;2173;92;28;65;97;197;79;62;77;94;82;45;110;3201
230200;492;40;0;3;5;0;11;0;4;5;4;2;0;566
230210;781;4;3;11;5;9;13;5;14;22;10;9;2;888
230220;630;6;4;7;17;37;21;6;39;5;2;2;0;776
230230;1244;37;18;6;0;35;2;2;1;3;1;0;1;1350
230240;857;84;24;56;33;20;31;12;2;4;7;0;9;1139
230250;733;11;6;11;13;16;19;16;8;15;6;7;9;870
230260;2208;170;64;53;101;135;60;78;105;61;56;88;74;3253
230270;913;24;7;16;8;4;6;5;33;6;6;11;2;1041
230280;1987;30;9;26;35;44;43;10;21;37;28;18;21;2309
230290;307;1;13;12;11;8;6;0;1;0;0;0;0;359
230300;67;4;0;1;0;0;3;1;1;0;2;0;0;79
230310;149;4;1;2;1;0;0;2;0;1;0;2;0;162
230320;542;10;6;29;17;17;6;4;1;1;1;1;0;635
230330;726;12;8;1;4;3;2;0;3;10;2;2;0;773
230340;186;29;0;0;0;0;0;0;0;1;0;0;0;216
230350;1840;226;110;98;62;143;64;144;153;153;211;85;84;3373
230360;270;8;7;22;8;2;6;0;5;0;0;0;0;328
230370;5269;381;249;159;289;253;270;398;281;808;336;320;174;9187
230380;999;20;37;0;18;15;9;14;26;2;1;2;1;1144
230390;683;14;8;2;19;12;6;2;8;11;52;0;0;817
230400;449;11;1;2;0;1;2;0;1;0;0;1;1;469
230410;1550;34;19;21;24;46;58;59;101;83;55;48;15;2113
230420;5271;235;178;250;203;256;394;259;344;322;280;231;204;8427
230430;684;8;13;62;8;17;8;2;12;1;1;0;0;816
230435;3;1;0;0;0;0;0;2;0;0;0;0;1;7
230440;353541;13857;10100;10745;11402;12858;15339;16187;15218;15286;14778;14408;9172;512891
230450;187;0;0;0;1;1;1;0;0;0;0;0;0;190
230460;118;7;0;0;0;0;0;0;0;0;0;0;0;125
230470;568;8;27;5;6;4;31;9;6;2;0;0;0;666
230480;1;0;0;0;0;0;0;0;0;0;0;0;0;1
230490;544;10;0;5;0;0;0;0;1;0;1;0;0;561
230500;560;4;0;2;1;3;0;1;1;3;4;3;2;584
230510;31;0;4;1;0;1;1;0;4;1;3;0;0;46
230520;80;4;0;1;1;1;1;53;5;4;0;0;0;150
230530;562;8;5;0;10;13;8;10;119;12;11;4;2;764
230535;0;49;3;33;49;48;0;1;0;53;139;197;146;718
230540;1165;83;65;57;67;51;20;16;42;9;20;18;17;1630
230560;1072;47;8;27;19;16;7;4;2;3;6;2;2;1215
230570;347;38;6;2;0;2;0;0;2;0;2;0;0;399
230580;1039;11;9;3;3;5;83;4;8;7;20;7;9;1208
230590;795;83;0;3;1;0;3;2;0;2;1;0;0;890
230600;613;5;18;6;9;27;35;3;1;3;17;4;1;742
230610;567;16;34;6;22;10;30;9;12;17;4;1;0;728
230620;148;0;7;0;0;0;0;0;0;1;0;0;0;156
230630;1170;47;11;15;37;21;11;30;9;35;25;3;13;1427
230640;1937;71;50;85;35;34;90;86;37;40;100;20;7;2592
230650;238;2;0;0;5;0;0;0;1;0;0;0;0;246
230655;2;0;0;0;0;0;0;0;0;0;0;0;0;2
230660;172;15;0;0;0;0;1;0;0;0;2;2;0;192
230670;332;223;0;1;0;0;0;1;1;0;0;0;0;558
230680;211;1;0;0;0;0;0;0;0;0;1;0;0;213
230690;917;96;9;27;7;12;10;18;12;22;11;17;12;1170
230700;640;34;8;10;4;8;27;53;18;44;11;12;15;884
230710;443;5;1;0;0;0;1;0;1;3;1;0;0;455
230720;32;0;0;0;0;2;0;2;0;0;0;0;1;37
230730;8839;448;329;377;429;417;400;585;556;813;610;437;301;14541
230740;496;95;0;1;2;0;1;3;1;2;1;13;0;615
230750;918;495;1;3;0;2;3;1;3;0;0;4;1;1431
230760;1360;44;18;31;40;111;33;37;30;32;26;28;12;1802
230765;3544;284;179;226;292;298;347;345;457;672;381;392;277;7694
230770;8742;662;492;470;486;591;675;771;767;764;698;728;320;16166
230780;678;24;0;13;3;1;0;3;0;2;4;0;0;728
230790;38;0;0;0;0;2;0;0;0;0;0;0;0;40
230800;1196;46;1;0;3;0;1;1;1;0;0;2;4;1255
230810;74;1;0;0;0;0;1;5;0;0;0;0;0;81
230820;396;7;5;9;0;2;5;0;0;0;0;0;0;424
230830;748;7;14;4;22;9;5;10;36;31;11;6;0;903
230835;0;46;0;176;4;1;3;1;0;0;0;0;0;231
230840;127;5;1;1;3;11;20;1;0;7;4;1;8;189
230850;1173;45;2;2;5;3;4;5;5;10;1;4;3;1262
230860;552;6;1;5;0;1;1;0;0;0;0;1;0;567
230870;2372;38;190;92;64;48;41;18;95;67;64;35;20;3144
230880;410;0;0;0;0;0;0;0;0;0;0;0;0;410
230890;275;17;0;1;0;0;0;0;0;0;0;0;0;293
230900;188;36;0;7;0;0;0;0;2;1;6;0;1;241
230910;212;4;4;12;10;0;0;0;2;0;1;0;1;246
230920;299;0;5;4;0;5;8;2;16;7;10;2;2;360
230930;804;46;10;11;21;21;27;20;25;15;11;4;4;1019
230940;763;35;41;18;1;1;1;0;3;0;2;0;0;865
230950;874;14;28;7;11;7;28;17;35;15;20;5;8;1069
230960;2209;194;73;230;87;61;61;62;70;114;441;163;58;3823
230970;1094;92;31;58;120;72;44;151;66;78;113;170;39;2128
230980;270;3;12;3;9;3;8;1;2;1;0;0;0;312
230990;162;0;8;7;1;3;1;5;4;1;0;1;0;193
231000;240;2;17;3;3;1;17;1;0;0;0;1;2;287
231010;246;4;11;16;14;22;2;0;0;2;0;0;0;317
231020;1260;20;9;32;33;22;20;16;230;68;28;14;6;1758
231025;8;17;0;232;43;13;41;3;0;1;0;1;0;359
231030;41;0;0;0;0;0;0;1;1;1;1;0;0;45
231040;138;0;0;7;2;2;1;0;2;1;0;0;0;153
231050;580;8;2;2;0;1;2;1;0;0;0;1;0;597
231060;14;0;0;0;0;0;0;2;0;0;0;0;0;16
231070;683;4;2;8;0;4;10;4;6;6;5;7;6;745
231080;353;15;10;8;0;5;6;1;7;5;0;0;0;410
231090;262;1;0;10;4;1;0;0;0;0;0;0;0;278
231100;297;1;0;2;10;10;4;0;0;1;4;0;2;331
231110;22;0;0;0;0;0;1;0;2;1;1;1;0;28
231120;373;13;3;6;2;1;4;0;1;0;0;2;0;405
231130;1565;64;40;52;45;36;43;75;54;94;79;54;12;2213
231135;2;0;9;4;122;61;21;8;11;6;1;0;1;246
231140;1633;50;11;22;12;14;9;53;67;28;18;15;8;1940
231150;570;40;8;4;0;3;4;2;4;3;4;6;1;649
231160;910;20;93;26;11;26;48;29;31;30;24;29;11;1288
231170;607;1;4;36;4;5;1;1;0;0;0;1;0;660
231180;1498;37;14;67;42;37;28;55;71;35;34;21;16;1955
231190;305;5;1;2;0;1;0;0;0;0;0;0;0;314
231200;112;60;0;0;0;1;1;0;2;1;3;1;0;181
231210;234;0;0;2;0;1;2;0;0;0;1;1;0;241
231220;1030;6;4;31;18;29;41;24;4;23;3;7;5;1225
231230;489;28;1;4;6;5;3;0;9;4;2;3;1;555
231240;638;14;6;6;5;7;5;3;21;27;5;11;2;750
231250;375;3;0;1;2;0;1;0;0;1;1;0;0;384
231260;246;2;0;0;7;0;1;0;1;0;0;0;1;258
231270;285;13;20;5;7;16;7;3;34;18;7;13;5;433
231280;412;11;1;0;1;1;0;3;7;0;0;0;0;436
231290;9172;643;280;503;313;465;418;407;518;472;408;270;191;14060
231300;787;8;8;19;2;0;22;0;1;1;0;1;0;849
231310;608;20;3;16;15;30;3;6;6;7;3;12;31;760
231320;1163;175;5;16;18;5;46;3;2;0;0;0;0;1433
231330;1045;6;2;13;3;6;3;4;17;11;6;6;2;1124
231340;1229;16;27;49;47;29;19;6;19;11;13;23;7;1495
231350;350;2;0;3;6;3;1;3;1;6;0;2;1;378
231360;595;15;2;16;28;8;14;10;22;10;4;2;5;731
231370;333;3;5;2;0;0;0;0;0;0;0;0;0;343
231380;1035;7;3;26;18;62;20;51;14;45;73;41;10;1405
231390;556;2;0;31;0;1;4;1;1;0;0;0;0;596
231400;1068;31;13;87;32;63;18;13;105;19;29;1;6;1485
231410;756;5;12;25;5;6;11;24;12;9;5;1;2;873
239999;4484;136;95;148;127;188;177;135;178;88;241;149;70;6216
240010;221;2;26;3;8;1;16;1;8;5;4;3;7;305
240020;1207;60;68;123;55;40;60;43;26;30;28;27;53;1820
240030;250;31;8;1;2;9;18;3;2;0;0;0;0;324
240040;83;0;0;0;0;0;0;0;0;0;0;0;0;83
240050;174;142;0;0;1;0;0;1;2;0;1;0;0;321
240060;160;12;5;12;4;45;24;20;20;23;20;3;0;348
240070;713;23;42;51;47;24;29;26;16;21;42;17;14;1065
240080;605;6;6;10;8;9;12;4;16;5;1;0;22;704
240090;9;10;0;2;0;0;1;2;0;0;0;0;0;24
240100;678;3;4;34;14;5;14;3;1;5;4;2;1;768
240110;1530;74;21;82;32;59;71;54;53;38;17;48;88;2167
240120;4546;142;23;32;38;151;60;176;430;89;89;87;44;5907
240130;301;2;4;9;9;4;5;7;7;2;0;1;1;352
240140;1482;85;35;70;67;74;71;87;228;109;75;57;30;2470
240145;11;0;0;0;0;0;0;0;1;0;0;0;0;12
240150;122;0;0;1;1;3;1;0;3;0;0;0;0;131
240160;74;5;1;5;6;7;11;1;9;3;8;1;0;131
240170;119;3;8;7;0;7;17;1;2;1;0;0;0;165
240180;82;3;0;0;0;0;0;0;0;0;0;0;0;85
240190;82;0;1;2;0;0;0;0;0;4;1;0;0;90
240200;2144;58;93;60;53;104;66;68;108;78;49;40;45;2966
240210;142;4;2;0;0;0;0;0;0;0;0;0;0;148
240220;345;8;17;8;8;3;20;22;57;21;26;24;25;584
240230;468;4;6;11;10;28;24;9;5;1;2;0;0;568
240240;55;1;0;0;0;0;0;0;0;1;1;1;0;59
240250;216;2;0;0;0;1;0;0;0;0;78;57;20;374
240260;3546;74;122;123;38;37;76;80;359;371;137;68;83;5114
240270;245;4;6;6;6;1;11;4;7;2;3;2;0;297
240280;73;7;1;1;0;0;0;0;0;0;1;0;0;83
240290;26;0;0;0;0;0;0;0;0;0;0;0;0;26
240300;162;0;0;14;5;2;14;0;2;1;0;0;1;201
240310;3016;56;44;139;93;135;95;110;182;81;207;90;166;4414
240320;62;0;0;0;0;0;0;0;0;0;0;0;0;62
240325;6290;386;336;347;420;473;436;533;457;676;596;591;559;12100
240330;67;0;2;1;0;0;0;1;0;0;0;0;0;71
240340;68;0;4;1;0;0;0;1;13;0;0;0;0;87
240350;7;1;0;1;0;0;0;1;0;0;0;0;0;10
240360;137;5;0;1;3;2;2;1;3;1;1;0;1;157
240370;132;1;0;2;0;5;0;0;0;0;0;0;0;140
240380;150;2;13;0;2;1;5;1;2;1;0;0;0;177
240390;88;2;0;1;0;1;8;2;1;0;0;0;0;103
240400;198;16;4;15;6;2;15;11;19;22;10;2;0;320
240410;202;6;10;4;6;26;16;11;7;12;5;6;3;314
240420;385;5;1;11;13;3;2;6;3;4;8;1;9;451
240430;157;49;1;1;0;0;1;1;3;7;2;5;6;233
240440;149;9;4;14;8;2;4;5;13;17;10;3;13;251
240450;187;17;8;9;1;1;6;4;1;2;0;0;0;236
240460;139;1;1;3;5;0;2;5;2;4;0;0;0;162
240470;551;30;33;28;25;29;14;21;49;32;40;22;26;900
240480;66;7;1;0;0;0;13;0;3;0;0;0;0;90
240490;255;0;0;1;9;2;5;0;0;0;0;2;1;275
240500;99;36;1;1;2;1;0;0;1;1;0;0;0;142
240510;6;1;0;0;0;1;0;0;0;0;0;0;1;9
240520;170;8;0;0;0;0;0;0;0;0;0;0;1;179
240530;64;16;0;0;0;0;0;0;0;0;1;0;1;82
240540;106;12;0;0;0;1;0;0;0;1;0;0;0;120
240550;69;11;0;0;1;6;0;2;1;0;0;1;1;92
240560;167;1;0;2;0;10;0;0;8;2;0;0;0;190
240570;385;11;5;61;9;2;4;6;46;7;16;7;7;566
240580;597;4;3;12;14;10;2;4;8;12;7;2;12;687
240590;81;0;1;1;0;0;0;0;0;0;0;0;0;83
240600;91;15;14;4;0;3;6;7;1;0;2;1;1;145
240610;202;4;0;0;1;2;1;2;0;1;0;1;0;214
240620;83;1;1;8;0;0;0;0;1;2;0;0;0;96
240630;58;1;1;0;0;0;0;4;0;5;0;0;0;69
240640;80;1;0;0;0;5;1;0;0;0;0;0;1;88
240650;115;0;0;1;0;0;0;0;0;0;1;0;0;117
240660;11;1;0;0;0;0;0;0;0;0;0;0;1;13
240670;240;19;0;0;5;1;1;3;2;2;1;0;2;276
240680;100;0;3;10;0;2;6;6;1;0;1;0;0;129
240690;79;1;4;10;0;0;1;0;0;0;0;0;0;95
240700;123;1;0;1;0;1;0;0;0;0;0;0;0;126
240710;1916;95;93;123;119;94;69;100;46;69;41;36;27;2828
240720;2744;156;58;80;101;92;143;227;185;217;297;148;217;4665
240730;127;0;1;2;0;0;0;0;0;0;0;0;0;130
240740;93;0;1;1;0;0;1;0;0;2;3;0;0;101
240750;154;7;1;4;3;13;2;1;0;2;4;4;1;196
240760;77;47;0;0;0;0;0;1;0;0;0;0;0;125
240770;140;1;0;22;7;17;0;4;0;0;0;0;0;191
240780;236;0;8;3;0;1;0;0;0;0;0;0;0;248
240790;115;3;1;16;3;2;3;3;0;0;0;0;1;147
240800;13017;580;538;510;486;438;590;633;678;651;845;679;470;20115
240810;130299;4619;4134;3899;3619;4886;4868;4777;4506;4836;5149;4552;3500;183644
240820;255;11;0;4;6;15;7;1;14;5;2;4;8;332
240830;635;9;1;16;5;12;4;14;16;13;8;3;8;744
240840;81;7;0;0;0;0;0;0;0;0;0;0;0;88
240850;67;0;2;7;0;17;0;0;0;1;0;0;0;94
240860;124;3;0;3;3;1;3;3;10;0;6;5;3;164
240870;218;50;30;8;18;65;27;48;39;40;14;7;5;569
240880;125;23;0;0;0;0;0;0;0;0;0;0;0;148
240890;305;4;3;2;5;5;2;2;6;8;15;5;10;372
240910;98;0;0;0;0;0;0;0;0;0;0;0;0;98
240920;0;0;0;0;0;0;1;0;0;0;0;0;0;1
240930;162;0;1;0;0;1;0;1;0;0;2;4;0;171
240940;521;74;8;10;4;23;7;0;2;13;5;5;1;673
240950;77;0;0;1;0;0;0;0;0;0;0;0;0;78
240960;99;2;0;3;8;1;0;0;1;0;0;0;0;114
240970;274;4;0;7;1;17;8;18;12;1;2;0;0;344
240980;158;3;1;9;4;0;1;5;5;4;1;0;0;191
240990;298;82;4;7;7;22;33;15;11;14;21;11;9;534
241000;7;30;0;0;0;0;0;0;0;0;0;0;0;37
241010;175;1;2;10;4;5;5;5;1;3;2;0;0;213
241020;35;0;0;0;0;1;0;0;3;0;0;0;0;39
241030;91;4;1;9;1;3;3;1;2;5;0;0;0;120
241040;83;1;1;1;0;2;1;2;3;1;0;1;3;99
241050;47;0;0;0;0;0;0;1;0;0;0;0;0;48
241060;83;2;0;10;1;1;0;0;0;0;0;0;0;97
241070;16;0;0;0;0;1;0;0;0;0;0;0;0;17
241080;77;9;0;0;0;1;0;0;0;0;0;0;0;87
241090;161;1;3;0;0;10;0;1;0;0;0;0;0;176
241100;60;1;0;0;0;0;0;0;0;0;0;0;0;61
241110;111;11;3;11;2;12;1;0;0;0;0;0;0;151
241140;344;4;2;3;20;0;2;3;1;1;1;1;3;385
241142;66;0;0;1;0;0;2;0;0;0;0;0;0;69
241150;281;12;4;12;1;5;8;0;3;8;2;1;3;340
241160;135;3;1;7;1;1;1;0;0;0;1;0;0;150
241170;91;1;0;5;0;5;5;5;1;2;0;0;0;115
241180;82;2;1;1;1;1;0;5;0;0;0;0;0;93
241190;14;0;0;0;0;0;0;0;0;0;0;0;0;14
241200;2414;259;170;234;129;92;92;181;145;162;153;111;108;4250
241210;112;2;0;1;1;3;0;0;0;2;0;0;0;121
241220;489;59;32;44;31;29;94;42;58;33;33;32;30;1006
241230;196;5;2;1;1;1;1;0;1;0;0;0;1;209
241240;227;19;7;0;2;38;30;6;6;3;3;0;1;342
241250;118;2;0;0;0;1;1;0;0;0;1;1;0;124
241260;320;5;4;19;14;15;5;5;5;5;8;1;0;406
241270;127;0;1;0;1;0;5;2;4;0;1;0;0;141
241280;90;6;3;0;0;0;1;2;0;0;0;0;0;102
241290;271;39;1;2;7;0;0;6;3;1;6;23;2;361
241300;70;5;0;0;0;0;2;0;0;0;0;0;0;77
241310;66;6;0;5;0;0;0;0;0;1;1;0;0;79
241320;28;1;0;0;0;0;0;0;0;0;0;0;0;29
241330;177;2;0;0;0;0;1;0;0;0;0;0;0;180
241340;80;4;0;0;2;1;0;0;1;0;1;0;0;89
241350;113;1;0;23;0;0;1;0;0;0;0;0;0;138
241360;96;1;2;3;0;0;2;0;2;1;1;0;0;108
241370;105;18;0;1;0;1;0;0;0;0;0;0;0;125
241380;68;12;0;0;0;0;0;0;0;0;0;0;0;80
241390;120;2;1;3;4;3;3;1;2;2;0;2;0;143
241400;138;1;0;1;0;3;0;4;1;1;2;0;0;151
241410;274;8;0;0;0;0;0;1;1;1;0;0;0;285
241420;6;0;0;0;0;0;0;0;0;0;0;1;0;7
241430;46;0;4;0;1;0;0;0;1;0;0;0;0;52
241440;575;5;5;22;25;9;4;20;2;0;0;1;0;668
241450;304;1;2;2;5;4;8;2;3;1;1;1;0;334
241460;272;2;3;28;10;9;12;3;1;4;2;22;4;372
241470;81;0;0;1;1;0;0;0;1;0;0;0;0;84
241480;57;1;0;2;1;0;0;1;0;1;0;0;0;63
241500;73;7;1;0;0;3;9;0;0;0;0;0;0;93
249999;472;8;3;3;6;11;10;4;4;15;17;3;2;558
250010;71;0;0;0;0;0;0;0;0;0;0;0;0;71
250020;100;2;2;5;3;0;1;0;0;0;0;0;0;113
250030;976;12;0;5;5;14;11;12;45;56;18;19;3;1176
250040;514;0;2;1;2;2;4;2;1;3;2;1;0;534
250050;155;0;1;0;1;0;0;1;1;2;1;0;0;162
250060;634;59;37;44;41;61;89;94;42;74;60;16;26;1277
250070;84;1;8;0;0;1;1;1;25;6;4;1;3;135
250080;245;47;0;1;0;3;0;1;1;1;1;1;2;303
250090;159;8;1;2;0;1;0;0;2;4;1;0;0;178
250100;692;6;7;1;0;2;0;1;2;0;1;1;0;713
250110;2251;144;67;97;26;54;12;8;44;104;30;19;22;2878
250120;195;13;0;4;3;6;2;1;0;11;1;0;0;236
250130;857;6;0;43;6;7;49;5;3;0;0;0;3;979
250140;132;39;2;8;0;3;0;0;0;0;0;0;1;185
250150;555;5;1;25;15;5;0;10;12;4;7;1;3;643
250160;469;9;2;4;4;0;5;1;2;1;6;6;6;515
250170;104;12;0;0;0;0;0;1;0;0;0;0;0;117
250180;4236;159;150;237;222;88;174;192;212;201;184;175;115;6345
250190;352;10;6;3;12;2;4;13;4;2;8;3;3;422
250200;84;1;0;0;0;1;0;0;0;0;0;1;0;87
250210;10;0;0;0;0;0;0;0;0;0;0;0;0;10
250220;144;94;0;0;3;0;0;0;1;0;0;0;0;242
250230;7;0;0;0;0;1;0;0;0;0;0;0;0;8
250240;458;12;6;5;4;1;5;4;4;3;21;1;2;526
250250;582;4;5;1;22;8;11;1;11;1;0;0;1;647
250260;374;5;4;0;1;2;0;0;0;2;2;0;0;390
250270;213;12;26;3;12;32;34;1;0;30;1;0;2;366
250280;387;4;1;1;4;4;2;4;0;1;2;1;0;411
250290;261;27;0;0;0;0;1;0;0;0;0;0;0;289
250300;1230;159;78;171;83;194;55;139;157;472;163;108;94;3103
250310;220;2;0;9;1;1;2;6;2;0;1;0;0;244
250320;3508;120;128;88;79;110;105;119;140;150;129;130;96;4902
250330;230;3;0;0;0;0;2;0;1;0;0;0;0;236
250340;83;0;0;0;0;0;0;0;1;0;0;0;0;84
250350;245;4;0;0;0;1;0;0;0;0;0;0;0;250
250360;462;10;2;4;5;0;0;10;0;0;1;2;1;497
250370;2450;39;27;82;30;71;53;59;128;56;76;49;33;3153
250380;13;0;0;0;1;1;1;0;0;0;0;0;0;16
250390;161;3;0;0;0;0;0;0;0;0;0;0;0;164
250400;27879;1412;1036;1220;1197;1419;1374;1431;1564;1573;1472;1412;915;43904
250410;51;4;0;0;0;0;0;0;0;1;0;1;0;57
250420;75;0;0;1;0;1;0;7;1;0;0;0;0;85
250430;799;26;5;13;12;11;4;11;6;10;8;4;3;912
250440;356;61;27;10;72;32;50;19;5;0;4;1;1;638
250450;65;1;1;0;0;1;0;0;0;0;1;0;0;69
250460;805;20;27;29;16;43;22;14;58;50;39;51;28;1202
250470;9;0;0;0;0;0;0;0;0;0;0;0;0;9
250480;265;7;4;66;1;3;7;11;20;1;1;0;0;386
250490;422;157;1;3;9;16;2;1;0;2;1;1;0;615
250500;131;4;1;4;15;2;6;0;0;0;1;0;0;164
250510;740;63;2;4;11;17;7;6;11;20;8;2;0;891
250520;179;18;0;1;0;0;0;0;0;0;1;0;0;199
250530;119;12;9;6;4;4;3;2;1;4;1;0;0;165
250540;56;0;0;0;0;0;0;1;0;0;0;0;0;57
250550;40;0;0;0;0;0;0;0;1;0;0;0;0;41
250560;8;0;0;0;0;0;0;0;0;0;1;0;0;9
250570;121;2;1;3;1;0;2;1;1;1;2;0;0;135
250580;166;2;1;0;3;8;3;16;6;0;0;0;0;205
250590;123;3;0;0;0;0;2;0;0;2;1;0;0;131
250600;1069;16;28;19;24;8;13;21;23;9;24;12;18;1284
250610;24;0;0;0;0;1;0;0;0;0;0;1;0;26
250620;86;0;1;1;0;0;8;0;0;0;0;0;0;96
250630;2355;80;50;155;47;72;66;88;77;84;117;57;43;3291
250640;215;0;3;0;1;0;1;0;1;0;1;0;1;223
250650;98;0;0;0;0;0;0;0;0;0;0;0;0;98
250660;49;0;0;0;0;0;0;0;0;0;0;0;0;49
250670;8;0;0;0;0;0;0;0;0;0;0;0;0;8
250680;361;0;1;1;19;19;1;6;3;9;4;2;3;429
250690;1428;28;26;43;31;29;9;11;27;16;6;12;4;1670
250700;599;19;1;5;6;5;4;3;2;8;7;6;1;666
250710;413;7;6;9;1;2;0;1;2;0;5;0;3;449
250720;184;7;0;0;0;1;0;0;2;0;0;0;0;194
250730;367;10;0;0;0;0;0;1;0;1;0;0;1;380
250740;254;5;15;205;28;8;7;11;41;11;11;40;12;648
250750;130187;5437;3205;3554;19298;5252;3345;3582;4445;3896;3562;5223;1882;192868
250760;253;3;0;0;0;0;0;0;1;0;0;0;0;257
250770;302;38;0;0;2;5;0;1;0;1;6;2;1;358
250780;258;10;5;13;8;8;26;31;15;2;0;14;2;392
250790;184;13;0;3;0;1;0;3;7;2;0;2;0;215
250800;82;1;0;7;0;0;0;0;0;0;0;0;0;90
250810;136;1;0;0;0;0;1;1;0;0;0;1;0;140
250820;220;2;17;8;2;1;0;2;0;1;1;0;0;254
250830;363;17;8;9;7;8;8;9;3;4;11;7;0;454
250840;260;2;0;0;1;1;0;0;2;0;0;0;0;266
250850;120;5;0;0;0;0;0;0;0;0;0;0;0;125
250860;697;47;17;21;21;4;21;13;6;4;33;21;30;935
250870;43;0;0;0;0;0;0;0;0;0;0;0;0;43
250880;9;0;0;0;0;0;0;0;0;0;0;0;0;9
250890;1005;402;31;48;41;63;52;16;19;32;18;24;14;1765
250900;24;0;0;0;2;0;0;1;1;0;0;0;0;28
250910;596;39;11;4;15;20;15;11;3;10;19;4;11;758
250920;214;4;0;4;0;3;4;2;0;0;0;0;0;231
250930;160;7;2;3;0;1;4;6;2;10;2;2;2;201
250940;227;0;2;7;4;2;0;1;0;0;5;1;2;251
250950;133;1;16;0;1;1;1;1;1;3;1;2;3;164
250960;340;72;4;30;13;11;10;1;2;7;13;3;0;506
250970;714;122;1;8;0;3;6;3;14;4;9;8;0;892
250980;251;2;1;0;2;1;1;1;0;0;2;2;0;263
250990;212;0;1;0;0;0;0;0;0;0;0;0;0;213
251000;263;5;2;13;21;2;7;1;0;0;0;0;0;314
251010;107;2;0;12;0;0;0;0;1;0;0;0;0;122
251020;241;1;0;1;0;1;0;0;0;0;1;0;0;245
251030;165;3;0;0;0;0;0;0;0;0;0;0;0;168
251040;240;11;1;0;0;0;0;0;0;0;0;0;0;252
251050;59;0;0;0;0;0;0;1;1;0;0;0;0;61
251060;126;5;1;0;8;0;0;2;0;0;0;0;0;142
251070;76;3;0;0;0;0;0;0;1;0;0;0;0;80
251080;3343;148;103;110;167;128;169;113;182;149;157;116;91;4976
251090;92;6;1;1;1;0;0;1;0;4;0;2;0;108
251100;168;6;0;0;0;0;0;0;1;0;0;0;0;175
251110;123;2;2;1;5;1;6;3;0;0;2;1;3;149
251120;1618;87;16;18;34;62;25;47;192;65;70;41;31;2306
251130;1232;19;7;8;6;8;29;6;1;8;31;4;5;1364
251140;530;8;1;7;12;13;6;3;1;2;4;2;2;591
251150;58;0;0;1;2;2;0;1;0;0;3;1;2;70
251160;116;0;0;0;0;0;0;0;0;0;0;0;0;116
251170;220;2;30;12;8;4;7;4;27;14;1;0;0;329
251180;318;11;12;1;3;7;3;3;3;6;8;15;6;396
251190;10;0;0;0;2;0;0;2;0;0;0;0;0;14
251200;385;8;8;15;9;5;2;11;16;6;6;5;12;488
251210;1028;5;21;50;18;11;24;15;53;24;20;20;9;1298
251220;9;0;0;0;0;0;0;0;0;0;0;0;0;9
251230;306;1;1;0;1;3;2;3;3;2;4;2;2;330
251240;240;2;2;34;10;8;9;6;2;10;5;0;0;328
251250;1138;61;17;31;10;38;13;38;21;35;44;23;20;1489
251270;547;92;0;0;2;0;2;1;1;3;1;1;3;653
251280;388;32;1;1;1;2;0;0;0;0;0;0;0;425
251290;1844;128;74;43;40;37;68;86;140;107;102;60;43;2772
251300;52;3;0;0;2;0;0;1;0;0;0;0;0;58
251310;418;92;0;1;1;2;1;0;3;3;0;1;0;522
251320;42;3;0;22;2;0;0;0;0;1;1;0;0;71
251330;16;0;0;0;0;0;0;0;0;0;1;0;0;17
251340;303;2;2;1;1;7;2;7;3;1;3;2;1;335
251350;5;0;0;0;0;0;0;0;1;0;0;0;0;6
251360;337;3;5;3;16;3;0;0;0;0;0;0;0;367
251370;5013;511;472;408;340;387;261;376;713;666;388;277;156;9968
251380;77;5;1;0;0;1;0;0;1;1;1;0;0;87
251390;127;4;1;0;0;0;3;2;2;1;4;0;3;147
251400;209;0;1;15;2;9;0;0;0;0;0;0;0;236
251410;7;0;0;0;0;0;0;1;0;0;0;0;0;8
251420;203;6;0;1;1;2;2;8;2;0;1;1;0;227
251430;78;0;0;3;0;1;0;2;1;0;0;0;0;85
251440;87;0;0;0;0;0;0;0;1;4;0;0;1;93
251450;998;21;3;6;6;1;5;4;13;20;35;12;0;1124
251460;85;4;0;0;0;0;0;0;1;0;0;0;0;90
251470;75;2;0;0;0;0;0;0;0;0;0;0;0;77
251480;186;0;4;1;3;3;1;0;0;0;0;0;0;198
251490;264;8;0;3;0;0;0;1;42;2;0;1;0;321
251500;106;0;6;1;0;0;2;7;1;1;0;2;2;128
251510;273;14;0;0;0;0;0;0;3;0;0;0;0;290
251520;97;2;0;0;0;0;0;0;0;0;0;0;0;99
251530;2251;58;50;58;37;102;40;31;21;17;53;25;5;2748
251540;128;43;0;0;0;0;0;0;0;0;1;0;0;172
251550;350;1;3;0;3;2;0;2;4;0;3;2;1;371
251560;118;0;0;1;0;0;0;0;0;0;0;0;0;119
251570;118;0;3;1;2;1;1;1;1;2;1;2;1;134
251580;164;2;4;3;0;0;4;1;0;0;0;0;2;180
251590;150;0;1;1;1;0;0;0;0;0;0;0;0;153
251600;577;14;12;30;9;77;2;3;9;2;1;6;1;743
251610;401;14;2;12;3;0;1;1;2;2;2;2;8;450
251620;3195;79;39;79;69;84;71;85;98;131;97;45;72;4144
251630;267;26;4;0;3;13;0;2;3;2;1;0;0;321
251640;228;121;0;2;0;0;0;1;0;1;2;1;1;357
251650;373;2;2;2;8;3;1;3;0;0;2;0;0;396
251660;53;1;0;0;0;1;1;1;0;0;2;1;1;61
251670;238;4;0;9;0;13;6;16;6;3;8;4;1;308
251680;136;26;1;16;0;0;0;0;0;0;0;0;0;179
251690;680;29;5;3;8;4;3;6;10;24;3;1;2;778
251700;311;1;0;0;0;4;1;0;3;0;0;0;3;323
251710;180;0;7;1;0;1;1;0;1;0;0;0;1;192
259999;14;0;0;0;0;0;0;0;1;0;0;0;0;15
260005;1174;208;140;167;161;130;105;147;102;97;64;35;86;2616
260010;765;33;7;12;23;43;32;5;16;20;4;6;14;980
260020;67;1;0;0;0;1;0;2;1;0;0;2;2;76
260030;293;14;4;1;6;11;5;2;9;2;10;6;2;365
260040;1662;37;18;20;10;17;13;15;33;12;48;31;4;1920
260050;142;11;3;7;3;2;10;6;7;2;3;8;6;210
260060;257;6;5;5;2;1;1;6;0;1;2;2;1;289
260070;6557;345;124;57;60;40;85;158;822;583;338;138;102;9409
260080;542;2;4;0;1;33;2;1;1;0;0;0;0;586
260090;603;43;3;12;2;2;17;6;17;4;46;25;5;785
260100;329;8;14;4;3;1;0;5;1;1;0;2;0;368
260110;1566;41;33;57;55;74;108;96;84;104;40;53;55;2366
260120;2419;95;98;88;97;124;110;118;109;149;115;124;63;3709
260130;73;9;1;17;0;4;1;1;1;2;0;0;0;109
260140;6441;72;117;53;73;61;72;33;372;200;66;56;36;7652
260150;322;13;2;7;0;1;6;5;8;9;9;3;0;385
260160;213;5;4;9;5;4;1;1;7;4;12;3;2;270
260170;3738;282;122;202;120;158;225;285;243;206;300;165;277;6323
260180;143;0;0;0;0;0;0;0;0;1;0;0;0;144
260190;533;20;10;4;19;11;11;7;28;24;27;7;9;710
260200;249;2;6;2;1;1;3;2;3;3;0;1;0;273
260210;629;6;7;3;61;9;8;7;7;10;18;3;23;791
260220;304;6;20;6;4;10;21;18;10;3;6;6;1;415
260230;1701;94;151;166;23;13;28;12;171;233;46;9;195;2842
260240;54;1;0;0;0;4;1;0;2;6;0;0;0;68
260250;57;2;0;0;0;0;0;0;2;1;0;0;0;62
260260;277;43;2;0;3;7;1;2;3;5;3;1;2;349
260270;315;2;1;1;0;3;26;7;2;9;19;6;1;392
260280;347;22;0;1;0;4;1;0;0;6;5;12;0;398
260290;13798;563;419;418;659;673;392;544;534;488;588;499;283;19858
260300;452;13;9;12;30;16;26;9;15;34;13;12;4;645
260310;144;1;0;0;3;3;0;2;5;2;2;1;0;163
260320;26;0;0;0;1;0;1;0;0;0;0;0;0;28
260330;164;1;0;0;0;0;0;1;0;1;0;0;0;167
260340;35;2;0;0;2;0;2;0;0;0;0;0;0;41
260345;1795;95;92;62;93;88;46;92;123;158;113;197;71;3025
260350;200;18;3;1;0;3;4;5;1;5;3;3;1;247
260360;2395;35;51;94;17;65;194;105;468;170;35;35;19;3683
260370;491;49;8;10;3;4;5;4;0;7;7;16;1;605
260380;78;2;0;0;2;4;1;0;3;0;1;0;0;91
260390;228;6;1;5;1;2;1;1;0;1;2;0;0;248
260400;2208;94;76;79;98;130;143;97;108;110;109;96;46;3394
260410;12974;562;485;599;640;560;599;664;617;735;753;683;463;20334
260420;6434;77;44;51;54;83;81;85;84;180;52;133;61;7419
260430;123;12;1;0;0;4;0;1;0;0;1;1;0;143
260440;909;19;9;7;10;46;10;24;18;31;100;4;12;1199
260450;207;17;4;3;2;1;2;5;0;11;6;5;1;264
260460;562;18;5;5;6;3;14;13;14;5;79;9;8;741
260470;287;5;3;0;1;7;2;7;7;16;3;22;1;361
260480;2754;69;61;18;33;27;20;45;12;377;104;43;27;3590
260490;335;8;11;1;1;2;5;1;6;1;2;2;0;375
260500;255;1;3;1;1;0;1;2;2;2;0;2;4;274
260510;508;3;44;6;7;15;38;13;2;7;2;1;2;648
260520;11971;343;143;193;150;288;222;179;358;1966;656;371;168;17008
260530;564;36;3;2;6;7;30;7;11;3;0;0;0;669
260540;386;12;22;10;6;18;4;10;11;13;3;4;4;503
260545;16;0;0;0;1;0;7;2;4;4;1;1;0;36
260550;327;10;14;5;19;33;4;2;0;3;7;5;2;431
260560;145;0;0;1;0;4;0;0;1;2;1;3;2;159
260570;305;10;1;2;0;0;1;1;3;19;1;1;2;346
260580;133;1;0;0;1;0;0;0;0;0;0;0;0;135
260590;549;42;8;9;8;8;39;3;10;15;12;3;1;707
260600;4970;197;206;239;202;189;264;269;314;332;358;257;194;7991
260610;458;5;3;8;2;0;1;0;0;3;2;7;0;489
260620;7743;282;143;74;215;217;173;482;1088;1094;444;300;150;12405
260630;66;1;1;0;0;1;0;0;1;1;1;0;0;72
260640;1922;60;87;66;55;79;64;70;87;56;89;29;29;2693
260650;32;1;0;2;0;0;4;0;0;2;1;0;0;42
260660;149;8;3;7;1;5;7;18;8;8;6;7;2;229
260670;12;0;1;0;0;0;0;0;0;0;0;0;0;13
260680;9625;346;144;142;220;216;251;176;367;682;462;396;260;13287
260690;39;0;2;0;1;0;0;1;2;0;0;0;0;45
260700;63;4;3;3;3;0;2;1;1;0;0;1;0;81
260710;7;0;0;0;0;0;0;0;0;0;0;0;0;7
260720;6826;205;63;109;133;82;167;201;204;1340;535;257;121;10243
260730;252;32;1;4;0;4;1;3;6;16;8;2;0;329
260740;27;0;0;0;0;0;0;0;0;0;0;0;0;27
260750;295;6;3;5;2;29;8;6;9;3;34;8;3;411
260760;445;36;7;16;62;9;19;31;21;31;54;37;6;774
260765;1061;27;43;50;17;38;27;24;90;92;22;16;7;1514
260770;365;9;13;60;13;4;16;1;2;2;1;3;3;492
260775;1091;28;11;14;14;14;23;13;29;43;21;13;17;1331
260780;432;12;11;4;18;10;11;9;2;22;16;12;11;570
260790;35541;2044;1667;1597;1645;1943;2532;1898;1999;2483;2896;1983;1130;59358
260800;300;11;4;1;2;0;1;0;1;0;0;0;0;320
260810;367;7;0;1;1;3;0;8;2;11;6;1;2;409
260820;4553;97;54;27;25;67;23;28;45;388;132;25;38;5502
260830;38;1;1;0;0;1;2;2;0;2;2;2;0;51
260840;208;46;63;32;36;29;19;19;28;18;22;14;12;546
260845;43;3;1;3;4;11;3;6;5;8;8;2;0;97
260850;831;28;8;6;13;23;15;12;115;266;81;21;43;1462
260860;23;107;1;0;0;0;0;0;0;1;0;0;0;132
260870;274;16;1;0;3;0;0;0;1;1;0;1;2;299
260880;442;13;5;6;8;2;1;12;7;3;3;2;6;510
260890;2337;57;54;91;113;63;143;76;69;65;82;62;34;3246
260900;798;118;25;17;4;20;4;11;14;35;44;14;15;1119
260910;151;34;20;3;0;7;0;0;0;0;0;0;0;215
260920;2414;73;32;24;97;93;50;38;67;292;111;57;49;3397
260930;265;5;0;0;0;0;0;0;2;1;2;1;1;277
260940;2116;110;56;68;74;73;75;88;84;72;123;98;57;3094
260950;3269;155;86;133;144;181;72;108;154;319;222;173;116;5132
260960;16440;1242;1008;1046;920;919;969;1219;914;998;916;989;888;28468
260970;233;29;0;8;0;0;0;0;0;1;6;2;0;279
260980;67;1;0;0;0;0;0;1;0;0;0;0;0;69
260990;583;7;5;12;5;165;86;110;121;107;119;86;2;1408
261000;3529;129;94;103;84;128;101;103;146;243;266;119;81;5126
261010;214;9;17;4;4;1;0;4;2;1;1;0;0;257
261020;232;14;0;0;0;0;1;0;2;2;2;0;0;253
261030;17;0;0;0;0;0;1;0;0;0;1;1;0;20
261040;94;0;2;3;1;5;3;12;3;11;3;0;1;138
261050;425;11;8;7;3;4;4;0;0;2;1;0;1;466
261060;2083;170;74;108;55;63;99;70;101;208;57;82;49;3219
261070;19701;774;647;621;717;765;1151;1101;1172;1110;1024;895;464;30142
261080;247;0;0;0;3;13;2;13;4;15;1;0;4;302
261090;2710;107;138;142;145;256;313;478;103;187;324;150;55;5108
261100;6882;364;309;189;256;407;310;190;208;169;116;50;86;9536
261110;10201;586;546;691;761;752;878;1316;989;960;629;671;478;19458
261120;139;1;9;141;113;99;56;104;92;137;41;66;64;1062
261130;1447;54;71;42;65;310;142;99;70;262;47;39;27;2675
261140;291;27;3;2;3;5;5;3;20;14;2;5;3;383
261150;800;56;32;11;10;47;17;11;14;139;36;43;38;1254
261160;408191;15604;14483;12935;14084;15634;14516;15632;17621;16258;15705;15233;10335;586231
261170;259;48;1;9;1;3;3;1;8;2;0;2;1;338
261180;6476;174;141;125;235;153;159;163;277;710;311;136;206;9266
261190;3187;60;32;26;51;46;43;47;118;290;44;24;24;3992
261200;109;0;1;0;0;0;0;0;0;0;3;2;0;115
261210;72;2;2;1;0;1;0;0;0;0;0;0;0;78
261220;1305;52;36;39;49;68;38;46;48;81;64;68;24;1918
261230;28;0;0;0;1;0;0;0;0;0;1;0;1;31
261240;734;6;2;47;2;0;17;8;0;10;5;0;1;832
261250;537;15;32;32;16;22;20;18;35;14;19;15;9;784
261260;989;106;61;101;183;47;51;67;104;90;52;50;68;1969
261270;27;0;0;1;0;2;0;1;0;0;0;1;0;32
261290;239;2;4;11;2;3;5;5;3;1;0;0;0;275
261300;1078;18;41;38;46;21;42;29;18;12;5;8;7;1363
261310;342;14;0;8;15;10;3;11;5;11;10;14;14;457
261320;58;0;0;1;1;0;0;0;0;0;0;0;3;63
261330;191;0;2;1;1;0;0;0;0;1;0;0;0;196
261340;337;10;3;6;6;4;11;4;14;4;22;6;2;429
261350;635;13;9;24;5;21;4;0;3;6;4;5;2;731
261360;798;47;34;29;21;28;14;10;12;38;12;7;4;1054
261370;7723;182;175;160;143;206;216;181;201;220;810;429;129;10775
261380;332;33;4;9;8;7;3;1;1;4;2;0;1;405
261390;3706;60;111;105;60;69;145;75;69;60;94;49;24;4627
261400;147;7;7;2;0;3;12;9;5;1;5;2;1;201
261410;797;6;37;34;22;15;9;42;32;14;11;22;11;1052
261420;4995;41;16;33;14;22;22;16;20;511;205;44;40;5979
261430;12;0;0;0;0;0;0;0;0;0;0;0;0;12
261440;144;3;0;0;0;0;1;0;0;0;0;0;0;148
261450;1368;31;20;28;15;29;37;41;15;28;57;29;30;1728
261460;480;15;0;6;11;5;9;1;4;19;3;1;2;556
261470;318;4;7;8;12;13;3;76;16;15;12;5;13;502
261480;69;46;0;0;0;0;2;2;0;8;11;1;4;143
261500;677;42;18;45;5;33;26;31;35;25;15;5;6;963
261510;114;2;3;2;0;1;0;1;1;1;0;0;0;125
261520;70;0;0;0;0;2;0;0;0;0;0;0;0;72
261530;4385;163;119;127;197;112;125;149;509;454;174;178;76;6768
261540;202;9;8;8;0;8;10;0;0;1;3;0;0;249
261550;762;28;9;34;13;23;19;39;4;82;69;20;4;1106
261560;305;5;7;6;5;6;10;15;18;25;16;8;5;431
261570;402;36;10;32;23;10;5;1;4;7;6;1;1;538
261580;149;3;0;0;0;0;1;1;0;0;0;0;1;155
261590;140;6;0;11;2;2;0;3;4;2;2;1;0;173
261600;180;1;0;0;0;2;0;1;2;0;0;0;0;186
261610;72;1;0;0;0;0;0;0;1;1;0;0;2;77
261620;187;2;0;1;1;0;3;1;0;1;2;0;3;201
261630;2677;77;50;51;53;87;119;74;116;321;164;80;52;3921
261640;6492;205;239;122;151;173;259;359;275;295;225;223;140;9158
261650;10;0;1;0;0;0;0;0;0;0;1;0;0;12
269999;108;27;1;0;2;1;1;0;1;0;0;0;1;142
270010;307;2;2;16;2;0;1;0;0;0;0;0;0;330
270020;341;3;2;0;2;2;1;0;6;1;3;0;0;361
270030;8725;787;300;460;476;493;549;746;462;1493;1379;663;277;16810
270040;3643;146;117;46;63;132;119;179;134;260;286;251;102;5478
270050;171;8;3;5;4;1;8;2;2;2;1;3;3;213
270060;156;11;9;0;11;3;8;13;3;4;5;24;22;269
270070;255;14;5;3;6;3;1;1;2;1;1;1;1;294
270080;96;11;1;0;2;0;0;0;0;0;0;0;0;110
270090;60;0;0;0;0;1;1;0;0;6;1;2;1;72
270100;2944;121;83;43;56;112;67;100;87;228;114;83;35;4073
270110;119;1;1;10;2;5;0;0;0;0;0;0;0;138
270120;239;3;2;4;1;1;1;0;2;0;0;0;0;253
270130;1263;39;17;20;25;41;50;36;59;120;10;23;6;1709
270140;2378;224;109;117;113;136;82;101;159;244;188;94;45;3990
270150;87;21;0;0;1;6;2;2;0;1;0;0;2;122
270160;230;108;3;0;0;0;1;3;1;0;0;0;1;347
270170;1034;20;13;9;18;5;10;1;7;9;107;5;3;1241
270180;39;0;0;0;0;0;1;1;0;0;0;0;0;41
270190;97;1;0;0;0;0;2;0;0;0;0;0;0;100
270200;136;1;3;2;0;3;4;0;0;0;0;0;0;149
270210;3209;77;76;73;123;37;39;50;52;120;63;144;35;4098
270220;165;1;0;4;1;1;20;0;0;0;0;0;0;192
270230;4319;133;93;174;148;80;126;111;105;262;208;230;89;6078
270235;1;0;0;2;2;0;0;0;0;1;0;0;0;6
270240;1893;75;18;49;123;32;57;16;29;29;47;26;56;2450
270250;126;3;0;0;0;0;1;0;0;0;1;0;0;131
270260;209;2;0;0;0;0;0;0;0;0;0;0;0;211
270270;92;15;0;0;1;0;1;0;1;1;0;0;0;111
270280;772;21;5;5;5;21;10;12;7;26;23;13;17;937
270290;366;5;9;5;38;1;1;1;5;1;0;2;1;435
270300;29;0;0;0;1;0;0;0;0;0;0;0;1;31
270310;194;0;1;2;1;1;0;0;1;0;1;0;0;201
270320;973;26;20;17;42;52;20;60;32;55;32;44;34;1407
270330;86;0;2;4;0;0;9;1;0;0;4;0;0;106
270340;77;5;0;0;0;0;0;0;0;0;0;0;0;82
270350;73;4;0;0;0;0;1;0;0;0;1;0;0;79
270360;1040;94;22;36;86;52;68;29;22;27;87;34;3;1600
270370;1;0;0;0;0;0;0;0;0;0;0;0;0;1
270380;1754;79;35;45;74;37;50;31;36;56;127;140;44;2508
270390;212;4;2;3;4;0;0;0;0;0;0;0;0;225
270400;467;3;3;4;2;5;2;2;5;4;4;3;8;512
270410;307;119;1;4;4;2;2;150;9;75;54;1;0;728
270420;22;0;0;0;0;1;0;0;0;0;0;0;0;23
270430;130184;6273;4341;4911;4445;5269;5792;5191;5249;5556;5120;5168;3117;190616
270440;410;11;22;5;9;4;12;12;18;19;6;8;8;544
270450;405;5;4;7;4;16;20;27;24;20;21;6;4;563
270460;130;2;1;1;1;0;0;0;0;0;1;0;0;136
270470;2666;98;57;139;215;214;199;350;428;366;373;275;114;5494
270480;471;6;2;34;4;27;13;11;20;5;0;4;3;600
270490;4;0;0;0;0;0;0;0;0;0;0;0;0;4
270500;519;137;0;1;1;1;1;1;0;0;0;0;0;661
270510;998;82;67;15;27;29;7;64;45;101;41;30;28;1534
270520;814;50;20;26;14;20;28;20;16;5;38;8;9;1068
270530;73;23;0;0;0;0;0;0;0;0;0;0;0;96
270540;87;0;0;0;0;1;0;0;0;0;1;0;0;89
270550;2283;159;55;29;45;32;44;45;40;47;28;104;39;2950
270560;532;12;17;3;8;10;11;2;2;6;5;3;0;611
270570;479;42;4;9;20;10;8;3;8;4;2;3;0;592
270580;1;0;0;0;0;0;0;0;0;0;0;0;0;1
270590;1;0;0;0;0;0;0;0;0;0;0;0;0;1
270600;120;18;0;0;0;0;0;0;1;0;3;0;0;142
270610;161;1;1;72;0;1;0;0;0;0;0;0;0;236
270620;76;16;1;1;1;2;0;1;0;0;0;0;1;99
270630;2074;62;73;70;61;50;42;48;51;88;45;48;54;2766
270640;604;6;8;10;7;6;7;4;1;6;7;2;1;669
270644;11;0;1;0;0;0;0;0;0;0;1;0;0;13
270650;249;27;8;5;12;8;6;5;2;2;20;2;3;349
270660;145;4;1;4;0;1;9;0;0;1;0;2;0;167
270670;3478;120;98;164;59;52;35;40;114;83;63;52;30;4388
270680;389;13;6;1;2;5;2;2;0;7;5;2;0;434
270690;2386;136;11;15;18;31;44;12;24;69;246;40;28;3060
270700;5;0;0;0;0;0;0;0;0;0;0;0;0;5
270710;19;0;0;0;0;0;0;0;0;0;0;0;0;19
270720;100;18;0;0;0;0;1;1;0;0;0;0;0;120
270730;2369;186;57;54;60;66;69;42;74;153;45;28;14;3217
270740;218;8;2;8;3;2;1;0;2;2;0;1;0;247
270750;219;12;4;9;4;9;4;3;1;2;1;2;0;270
270760;160;0;0;0;0;1;0;0;2;1;0;0;0;164
270770;3865;123;61;83;36;45;78;64;52;57;37;78;39;4618
270780;649;26;4;6;3;9;29;22;4;6;169;14;16;957
270790;319;15;12;13;16;15;16;11;7;17;6;3;0;450
270800;1086;59;3;18;18;14;39;33;18;19;11;50;8;1376
270810;172;1;0;1;0;0;1;0;0;0;0;0;0;175
270820;22;0;0;0;0;4;0;0;0;3;1;0;0;30
270830;5311;296;100;105;126;95;114;85;96;195;79;72;62;6736
270840;260;0;0;2;0;0;1;2;1;0;0;1;0;267
270850;3172;170;123;200;88;125;125;133;164;296;236;163;123;5118
270860;9217;418;156;351;164;232;201;197;311;656;555;352;287;13097
270870;137;6;2;3;0;17;5;0;0;0;0;1;0;171
270880;265;10;2;3;2;1;0;2;3;2;2;1;2;295
270890;789;32;18;21;10;17;64;23;29;65;29;18;14;1129
270895;1;0;1;0;0;0;0;0;0;0;1;0;0;3
270900;143;2;0;3;0;3;0;1;0;0;2;1;0;155
270910;155;2;0;1;1;0;1;0;0;1;1;0;0;162
270920;335;2;0;0;1;1;1;0;0;0;0;2;1;343
270930;3969;191;54;64;92;64;47;59;60;132;141;122;48;5043
270940;505;21;2;2;9;5;5;7;1;1;1;6;2;567
280010;37;1;0;0;0;0;0;0;0;0;0;0;0;38
280020;278;2;4;0;0;12;4;6;15;1;2;3;3;330
280030;86001;4840;4159;4658;4053;4775;5392;4311;4572;4745;4591;4143;2880;139120
280040;96;87;5;2;1;2;3;1;0;1;1;1;0;200
280050;213;14;2;31;4;14;7;7;5;5;7;3;4;316
280060;184;12;23;35;42;22;28;50;14;22;1;12;87;532
280067;460;10;15;21;6;16;3;6;5;14;6;6;3;571
280070;18;1;0;1;1;0;0;0;0;0;0;0;2;23
280100;353;3;1;42;15;14;21;8;0;7;0;4;1;469
280110;12;0;0;0;0;0;0;0;0;0;0;0;1;13
280120;594;732;218;165;209;127;17;223;87;30;87;24;1;2514
280130;518;19;13;11;20;16;7;9;8;10;20;13;11;675
280140;274;17;1;3;5;1;2;9;4;10;15;9;1;351
280150;1016;139;145;119;94;83;56;83;77;73;108;110;96;2199
280160;95;0;0;1;0;0;0;0;2;0;0;0;0;98
280170;164;2;3;9;3;4;1;0;10;0;0;6;0;202
280190;79;1;0;13;7;3;3;0;0;0;0;0;0;106
280200;126;1;0;12;9;41;0;2;1;8;3;4;3;210
280210;5019;208;152;326;260;218;305;353;289;244;209;149;196;7928
280220;9;0;0;1;0;0;0;1;0;0;0;0;0;11
280230;303;8;4;5;6;6;6;4;5;2;5;3;2;359
280240;40;146;0;0;1;0;1;0;0;0;1;1;0;190
280250;40;1;6;0;0;3;3;6;2;0;0;0;0;61
280260;11;0;0;0;0;0;0;0;0;1;0;0;0;12
280270;130;9;5;8;3;14;1;5;0;1;2;1;0;179
280280;84;7;0;0;1;0;0;0;1;0;0;0;0;93
280290;2215;227;135;212;93;129;112;98;109;115;112;88;69;3714
280300;559;11;4;29;7;36;4;7;8;16;10;6;8;705
280310;77;2;0;3;0;1;7;1;4;1;0;0;0;96
280320;867;58;25;49;48;41;32;34;37;30;41;38;34;1334
280330;357;43;4;4;3;4;5;5;7;4;3;3;1;443
280340;40;0;1;2;0;3;0;0;1;1;0;0;1;49
280350;2285;104;70;98;60;65;60;276;113;63;107;68;36;3405
280360;3454;176;187;123;61;58;140;64;76;58;260;118;61;4836
280370;154;21;3;0;0;2;10;1;0;1;0;1;0;193
280380;41;2;2;2;2;2;2;1;5;1;0;3;9;72
280390;150;6;8;0;1;1;7;1;1;0;1;0;1;177
280400;795;31;10;34;110;25;34;11;29;24;26;20;7;1156
280410;144;1;1;0;8;1;16;1;5;1;2;0;0;180
280420;87;1;1;3;2;1;1;2;1;0;2;1;0;102
280430;92;3;3;1;0;2;2;5;1;0;0;0;0;109
280440;1826;67;56;46;71;64;46;63;58;100;65;70;44;2576
280445;148;13;3;8;1;6;5;1;0;0;0;0;0;185
280450;414;5;7;11;11;18;10;7;20;2;6;5;2;518
280460;301;36;10;6;3;3;15;7;1;11;11;9;3;416
280470;105;0;2;17;0;1;3;1;0;1;4;0;1;135
280480;2618;147;111;203;112;107;144;158;129;158;134;144;93;4258
280490;416;19;10;24;16;43;23;24;37;14;62;23;40;751
280500;22;0;0;0;0;2;0;0;0;0;0;0;0;24
280510;166;5;7;0;4;5;4;4;5;1;0;0;0;201
280520;6;0;0;0;0;0;0;0;0;0;0;0;0;6
280530;88;0;0;1;0;0;0;0;0;0;1;1;0;91
280540;27;0;1;1;0;0;0;1;0;1;1;1;1;34
280550;125;2;1;0;17;0;0;3;9;1;0;0;1;159
280560;431;22;1;4;1;5;12;0;1;3;1;1;0;482
280570;1887;72;60;73;78;61;68;59;87;74;105;106;82;2812
280580;237;3;1;1;2;10;15;0;0;1;0;0;2;272
280590;534;35;19;8;22;26;29;31;32;25;31;27;21;840
280600;270;39;0;1;2;0;3;1;0;3;1;1;1;322
280610;748;32;27;16;23;8;8;21;7;13;60;90;48;1101
280620;141;11;0;0;1;2;1;0;1;0;0;1;1;159
280630;105;2;2;5;1;1;4;11;1;3;6;0;3;144
280650;100;1;9;0;3;11;0;0;0;0;0;0;0;124
280660;577;68;75;61;82;233;260;768;149;214;230;100;60;2877
280670;2599;83;29;87;100;136;101;41;54;23;30;41;31;3355
280680;198;5;10;9;5;2;15;4;3;9;0;4;0;264
280690;5;0;0;0;0;0;0;0;0;0;0;0;0;5
280700;49;0;1;0;0;0;0;0;0;0;0;0;0;50
280710;935;50;29;14;9;11;12;15;18;12;12;8;8;1133
280720;126;12;4;5;6;1;3;11;0;4;3;0;0;175
280730;17;0;0;0;0;1;0;0;0;4;0;0;0;22
280740;629;7;12;13;9;14;8;17;6;9;21;11;34;790
280750;137;3;0;4;2;5;10;2;1;0;0;11;1;176
280760;204;7;6;13;11;19;7;0;3;5;5;0;0;280
290010;36;0;0;0;0;1;0;0;0;0;1;0;0;38
290020;7;0;0;0;0;0;0;0;0;0;0;1;0;8
290030;146;9;1;1;2;1;2;0;2;1;1;1;0;167
290040;177;8;13;23;26;5;3;1;0;12;4;1;2;275
290050;70;1;0;0;0;0;0;0;0;0;0;0;0;71
290060;226;3;0;4;0;0;6;1;0;0;1;1;0;242
290070;5419;263;248;275;286;245;249;324;338;284;271;295;294;8791
290080;2010;88;125;71;83;85;115;68;94;106;107;124;67;3143
290090;155;3;0;4;0;1;0;2;2;1;4;1;0;173
290100;507;12;21;12;1;5;6;3;12;11;7;4;5;606
290110;1787;241;129;66;81;107;243;227;596;301;147;84;64;4073
290115;0;0;0;3;0;0;0;0;0;0;1;2;0;6
290120;266;7;3;3;2;2;1;11;2;4;0;0;0;301
290130;110;5;2;9;2;0;2;1;0;0;2;1;2;136
290140;25;1;0;0;0;3;1;3;0;4;3;2;0;42
290150;61;0;0;0;0;0;0;0;0;0;2;0;0;63
290160;166;1;2;3;0;0;0;1;4;0;0;0;0;177
290170;173;1;1;0;1;2;1;0;0;0;0;0;0;179
290180;67;1;1;1;1;1;0;0;0;1;1;2;0;76
290190;112;3;1;0;3;0;0;0;1;2;0;1;1;124
290200;18;1;1;0;0;0;0;0;0;0;0;1;1;22
290210;532;20;20;28;15;4;7;8;7;4;9;1;1;656
290220;65;9;0;0;5;1;0;0;1;0;0;1;0;82
290225;20;6;3;7;1;106;19;11;6;5;5;4;7;200
290230;155;3;0;1;2;4;1;4;0;0;2;6;0;178
290240;293;3;2;1;1;2;4;0;1;1;5;2;0;315
290250;6;0;0;0;0;1;0;0;0;0;0;0;0;7
290260;192;3;0;2;1;7;2;3;8;0;0;0;2;220
290270;463;66;6;136;14;11;5;8;10;18;4;3;5;749
290280;52;1;0;0;0;1;2;3;4;2;0;0;3;68
290290;276;8;4;21;7;0;9;5;14;13;7;14;3;381
290300;165;1;1;2;0;1;1;0;0;1;0;0;2;174
290310;125;5;0;0;0;0;2;1;0;0;0;0;2;135
290320;2412;87;71;121;153;156;89;105;160;224;130;108;76;3892
290330;199;3;11;18;10;3;6;4;4;6;2;4;0;270
290350;162;18;0;0;0;0;0;0;2;1;2;0;0;185
290360;212;6;12;6;7;2;6;2;0;0;0;1;2;256
290370;171;0;3;5;1;1;0;1;1;3;1;1;0;188
290380;137;3;0;1;0;1;0;0;1;0;0;0;0;143
290390;1604;19;36;72;17;40;33;36;42;34;35;24;7;1999
290400;73;0;1;0;0;0;0;0;0;0;0;0;0;74
290410;711;26;56;97;22;13;9;14;20;12;6;2;10;998
290420;46;1;0;1;0;0;1;0;0;2;0;0;0;51
290430;254;8;8;10;6;12;4;4;10;4;4;1;6;331
290440;11;2;0;0;0;0;0;0;0;0;0;1;0;14
290450;10;0;0;1;0;0;0;0;0;0;0;1;0;12
290460;3623;107;94;80;88;78;60;90;80;63;96;46;48;4553
290470;322;17;4;5;15;12;7;13;5;3;7;4;3;417
290475;0;0;0;0;0;0;0;0;0;0;2;0;1;3
290480;70;3;0;1;0;0;0;0;0;0;0;1;0;75
290490;2207;182;108;111;90;85;131;77;54;64;76;278;106;3569
290500;428;6;23;12;5;9;36;6;1;2;2;0;3;533
290510;74;0;1;0;0;2;0;0;0;0;0;0;0;77
290520;814;47;5;4;3;8;2;5;4;8;3;9;5;917
290530;37;0;1;3;0;2;0;0;2;0;0;2;0;47
290540;20;0;1;0;3;2;0;1;0;2;2;0;0;31
290550;56;0;0;0;1;0;1;0;0;0;0;0;4;62
290560;1504;47;33;90;44;54;38;44;43;45;39;35;15;2031
290570;38111;2644;1958;2298;3659;3410;2835;2372;2067;1742;2835;2579;1368;67878
290580;2680;111;66;81;83;69;46;48;29;29;30;23;31;3326
290590;1;0;0;0;0;0;0;0;0;0;0;0;0;1
290600;1724;41;65;56;51;26;40;60;75;63;52;39;35;2327
290610;37;1;0;0;1;0;1;0;0;0;0;0;0;40
290620;17;0;0;1;0;0;0;1;1;7;2;1;0;30
290630;745;41;18;52;28;40;22;19;18;9;17;34;7;1050
290640;24;1;0;0;0;0;0;0;0;0;0;2;1;28
290650;10634;450;389;540;901;329;337;412;495;572;711;546;414;16730
290660;122;5;0;0;1;0;0;0;0;0;0;1;0;129
290670;305;15;5;10;8;2;1;2;4;3;7;1;2;365
290680;413;1;13;28;1;1;4;0;0;5;1;2;0;469
290682;1;12;6;4;3;2;5;1;0;2;3;0;0;39
290687;14;0;0;0;1;0;1;0;1;1;3;2;1;24
290700;211;16;1;17;6;30;47;28;15;2;2;2;3;380
290710;98;2;0;0;0;1;0;10;5;1;2;4;0;123
290720;598;97;19;43;31;133;128;47;59;109;57;51;37;1409
290730;1014;92;95;57;70;70;49;81;27;41;31;60;136;1823
290740;40;9;0;1;1;2;0;0;1;3;1;0;1;59
290750;3292;141;127;124;189;165;107;125;134;122;112;86;101;4825
290760;98;12;1;4;0;7;1;0;0;0;0;2;0;125
290770;8;0;0;0;0;0;0;0;0;0;0;0;0;8
290780;226;4;0;2;4;2;8;3;2;3;3;4;2;263
290790;33;2;0;1;8;0;1;1;1;1;0;2;0;50
290800;669;29;19;8;15;8;11;12;8;7;10;3;4;803
290810;134;4;9;4;2;1;3;2;4;5;1;1;4;174
290820;379;65;5;7;53;7;10;22;8;5;7;6;5;579
290830;295;11;7;103;117;7;5;43;21;8;9;8;6;640
290840;1574;65;45;35;24;34;24;21;17;32;34;27;10;1942
290850;574;37;21;17;31;24;12;34;40;53;66;64;41;1014
290860;281;16;5;10;0;6;8;5;6;0;3;10;1;351
290870;161;2;2;1;2;1;0;0;2;1;2;1;1;176
290880;55;0;2;0;0;0;3;0;0;0;0;0;1;61
290890;149;17;4;2;1;3;12;20;5;14;3;1;7;238
290900;7;0;0;0;0;0;1;0;0;0;0;1;0;9
290910;99;0;0;0;0;1;0;0;1;0;0;2;0;103
290920;40;1;0;0;0;0;0;2;0;0;0;3;0;46
290930;117;6;4;9;2;22;10;4;10;10;10;16;3;223
290940;120;9;0;2;2;3;4;12;5;1;1;1;0;160
290950;74;2;0;0;0;0;0;0;0;0;0;0;0;76
290960;97;4;0;0;2;0;3;1;0;0;1;1;2;111
290970;5;0;0;2;0;0;0;0;0;5;1;1;0;14
290980;4713;496;491;504;477;405;771;348;130;184;524;409;207;9659
290990;171;11;4;2;2;0;0;2;1;1;4;1;0;199
291000;101;2;0;2;2;2;0;1;1;3;1;0;3;118
291005;734;37;53;64;39;20;53;42;34;24;30;24;10;1164
291010;90;1;0;2;0;0;1;1;0;0;0;0;1;96
291020;75;0;0;0;0;0;0;0;0;0;0;0;0;75
291030;18;0;0;1;0;0;0;0;0;0;0;0;0;19
291040;244;5;6;7;10;5;4;9;3;1;11;7;5;317
291050;1052;77;74;81;69;81;71;56;69;39;51;56;20;1796
291060;786;27;12;17;23;20;16;8;11;8;22;11;8;969
291070;1065;44;34;17;34;33;18;20;24;24;11;22;20;1366
291075;0;135;0;0;0;0;0;0;0;0;0;0;0;135
291080;32874;1321;1246;1422;1318;1371;1572;1622;1933;2473;1813;1913;1248;52126
291085;8;1;0;0;1;0;1;1;0;0;0;2;0;14
291090;130;4;0;0;0;0;0;0;0;1;0;0;0;135
291100;391;15;4;31;14;11;3;8;7;5;6;4;1;500
291110;56;1;1;1;1;1;5;3;5;1;2;2;2;81
291120;568;39;23;43;28;22;43;50;12;21;28;23;10;910
291130;47;1;0;0;0;0;0;0;0;0;0;0;0;48
291140;135;5;0;0;0;1;3;0;0;0;0;0;0;144
291150;36;5;1;0;1;2;2;1;0;0;0;1;0;49
291160;558;45;25;65;17;126;17;13;13;19;6;4;103;1011
291165;0;0;0;0;0;0;0;0;0;0;1;0;0;1
291170;1505;80;54;125;148;61;37;37;90;43;55;55;42;2332
291180;113;0;1;0;1;1;3;4;2;2;0;1;1;129
291185;0;0;0;0;0;0;0;0;0;1;0;0;0;1
291190;219;3;2;13;1;1;0;11;1;3;4;4;5;267
291200;177;6;0;0;0;0;0;2;0;0;0;1;0;186
291210;1027;44;41;28;20;60;31;39;30;42;49;50;28;1489
291220;44;3;1;12;0;1;0;0;4;1;1;0;0;67
291230;214;10;0;0;0;0;1;2;0;0;0;1;1;229
291240;42;2;3;0;3;77;38;54;42;57;20;15;0;353
291250;8;0;0;1;0;0;0;0;1;0;0;1;0;11
291260;74;2;3;4;2;1;0;0;0;0;0;0;0;86
291270;200;12;1;8;7;7;43;23;8;29;13;14;17;382
291280;252;10;9;8;4;8;6;5;1;0;0;0;1;304
291290;145;0;2;2;7;7;4;4;2;5;3;2;4;187
291300;281;6;6;3;6;9;2;1;5;4;0;5;1;329
291310;75;0;1;2;1;0;0;0;1;1;0;1;0;82
291320;222;5;0;5;120;5;8;3;3;10;3;1;4;389
291330;51;0;1;1;0;1;0;0;0;0;0;1;0;55
291340;201;1;0;4;3;6;29;42;7;8;7;2;3;313
291350;98;0;3;0;0;1;0;2;1;2;1;4;2;114
291360;12292;601;619;527;385;446;569;712;596;716;693;665;548;19369
291370;414;9;6;0;4;6;4;5;5;6;7;12;7;485
291380;254;4;1;1;2;2;0;1;1;0;1;0;0;267
291390;1716;72;83;84;58;58;55;58;71;61;101;51;76;2544
291400;1042;33;13;15;3;3;4;9;10;2;3;9;7;1153
291410;11;0;0;0;0;0;0;0;0;0;0;0;0;11
291420;89;4;1;0;1;0;0;0;0;0;0;0;0;95
291430;92;0;1;3;1;1;0;1;0;2;0;1;0;102
291440;37;4;1;0;0;0;0;1;1;1;1;1;0;47
291450;640;19;26;21;14;12;18;9;16;11;10;21;17;834
291460;1670;155;59;257;56;66;88;85;54;55;46;62;94;2747
291470;966;46;28;39;34;36;28;29;15;48;33;47;42;1391
291480;21935;1150;807;947;994;1105;1012;947;901;917;941;937;727;33320
291490;280;10;0;6;4;3;1;0;0;1;0;0;2;307
291500;34;1;0;1;0;1;0;0;1;1;0;3;0;42
291510;265;4;0;1;1;0;1;3;0;9;0;1;0;285
291520;303;4;14;3;6;2;1;6;2;2;2;1;0;346
291530;97;2;4;14;4;1;2;11;9;4;8;4;0;160
291540;36;1;0;1;1;0;4;7;1;0;0;0;0;51
291550;749;5;4;5;9;9;8;10;2;6;9;10;7;833
291560;1604;143;89;122;128;135;100;125;141;135;137;142;73;3074
291570;30;0;4;0;4;0;1;0;1;1;2;1;0;44
291580;572;30;10;17;3;11;9;7;11;6;9;12;8;705
291590;1;0;0;0;0;0;0;0;0;0;0;0;0;1
291600;430;10;23;7;1;6;5;3;3;6;9;5;2;510
291610;749;33;9;11;16;4;27;20;16;15;22;60;11;993
291620;243;4;2;5;1;2;0;6;0;4;1;1;0;269
291630;159;6;4;4;3;8;2;4;6;14;3;1;5;219
291640;3256;138;62;229;99;93;94;110;128;152;128;143;83;4715
291650;242;0;2;1;1;0;0;0;0;0;1;2;1;250
291660;245;10;1;1;2;2;0;2;1;1;4;3;2;274
291670;138;2;4;4;0;1;0;1;0;0;0;0;0;150
291680;353;4;4;4;5;14;1;7;1;5;1;3;4;406
291690;73;0;5;3;2;2;7;1;2;2;5;2;4;108
291700;586;18;4;16;13;7;4;4;5;6;7;1;7;678
291710;699;17;5;6;25;25;8;21;6;24;13;18;6;873
291720;158;7;0;1;4;2;0;3;1;0;2;1;0;179
291730;992;63;30;54;24;34;30;32;35;22;14;15;11;1356
291740;192;1;1;0;0;0;0;0;0;3;0;1;0;198
291750;4978;264;136;117;144;149;118;152;163;145;148;124;129;6767
291760;657;13;8;18;14;6;9;8;14;19;10;13;17;806
291770;3167;95;43;78;76;64;89;54;78;115;103;142;73;4177
291780;136;0;1;2;1;0;6;2;1;3;1;1;1;155
291790;69;6;0;0;0;0;0;0;0;0;0;1;0;76
291800;6200;283;184;231;247;242;308;336;320;292;254;345;228;9470
291810;448;34;3;3;2;2;2;4;6;4;2;1;2;513
291820;148;1;0;5;3;5;4;2;3;3;0;1;0;175
291830;406;12;6;24;6;13;4;5;8;4;5;4;1;498
291835;4;3;0;0;0;0;1;0;0;1;0;0;0;9
291840;10880;430;413;437;1237;912;676;783;906;617;591;455;365;18702
291850;28;0;0;3;0;0;0;1;0;0;0;1;0;33
291855;88;49;16;18;6;5;1;5;3;0;1;0;0;192
291860;82;0;0;0;0;0;0;0;0;0;0;0;0;82
291870;73;1;0;3;0;2;0;0;0;1;0;0;0;80
291880;71;2;0;1;4;4;0;4;4;3;5;4;4;106
291890;59;0;1;0;0;1;0;0;0;0;0;0;0;61
291900;9;0;3;0;1;4;0;0;0;1;0;1;0;19
291910;72;43;1;0;0;0;0;0;0;0;0;1;0;117
291920;7099;741;438;542;693;596;472;616;552;595;636;477;333;13790
291930;182;3;2;3;3;1;7;1;6;5;0;3;3;219
291940;597;2;1;21;2;4;1;44;3;5;27;4;3;714
291950;288;4;0;4;1;2;3;7;2;2;7;5;1;326
291960;106;1;0;1;5;0;2;0;0;4;2;1;0;122
291970;271;0;0;0;3;0;0;0;2;2;4;1;1;284
291980;197;5;3;3;7;7;3;1;6;2;4;0;0;238
291990;1;0;0;0;0;0;0;0;0;0;0;0;0;1
291995;0;0;0;0;0;0;0;0;0;0;1;0;0;1
292000;83;3;0;1;1;0;0;0;0;0;0;0;0;88
292010;275;9;2;5;6;9;107;75;61;72;43;32;21;717
292020;24;2;0;0;0;0;0;2;1;1;0;0;0;30
292030;91;1;0;0;0;0;0;0;0;0;0;1;0;93
292040;199;14;3;10;0;20;0;3;36;32;36;14;1;368
292050;248;8;1;3;1;4;3;6;3;5;3;2;4;291
292060;661;3;5;185;140;57;79;107;424;116;186;119;26;2108
292070;30;4;2;1;0;2;4;3;1;0;0;1;0;48
292080;81;6;1;0;0;2;1;3;1;1;6;0;0;102
292090;370;19;9;39;23;6;9;12;14;8;6;13;6;534
292100;1410;88;42;57;57;65;73;132;63;91;250;61;75;2464
292110;418;3;1;2;1;5;0;7;9;3;6;2;1;458
292120;516;11;3;23;4;2;9;4;2;1;4;3;4;586
292130;207;9;8;5;5;7;0;5;4;4;1;3;0;258
292140;60;0;1;0;6;1;0;0;0;0;1;1;1;71
292150;225;3;0;0;2;1;3;0;1;0;3;1;0;239
292160;11;0;1;0;0;0;0;0;0;0;0;1;0;13
292170;361;3;5;7;7;3;5;11;5;1;5;0;6;419
292180;70;1;0;0;0;0;0;0;0;0;0;1;0;72
292190;68;4;0;0;1;2;0;2;1;1;4;1;0;84
292200;639;71;23;38;43;35;23;69;27;20;49;26;3;1066
292210;438;4;7;16;7;3;4;2;4;2;1;2;4;494
292220;150;7;2;3;5;1;1;5;0;0;3;0;1;178
292230;959;28;47;38;40;191;25;22;39;119;33;8;13;1562
292240;415;11;6;4;3;25;8;9;12;6;2;1;4;506
292250;1111;48;11;53;36;40;19;21;24;21;13;13;9;1419
292260;103;11;5;36;5;5;3;3;2;2;3;2;1;181
292270;177;2;0;12;3;0;3;1;2;0;1;0;0;201
292280;10;0;0;0;0;0;1;0;1;0;0;0;1;13
292290;465;19;28;15;4;12;10;7;3;11;7;16;22;619
292300;276;13;5;7;8;6;4;6;1;16;5;3;4;354
292310;361;7;1;33;24;1;4;2;5;6;4;0;0;448
292320;25;1;1;0;0;2;0;0;0;1;0;2;0;32
292330;14;0;0;2;0;0;0;0;0;0;0;0;0;16
292340;114;1;1;1;1;0;0;0;0;1;0;5;0;124
292350;76;5;0;0;1;0;4;1;0;0;0;0;1;88
292360;148;1;0;1;0;0;3;0;1;0;0;1;0;155
292370;184;2;6;3;2;5;3;4;3;1;2;0;5;220
292380;128;2;1;5;1;5;0;4;0;1;0;1;0;148
292390;50;6;0;0;1;2;0;1;0;3;2;1;0;66
292400;8633;537;314;317;350;287;413;357;401;502;484;377;241;13213
292405;8;10;1;34;21;7;0;9;0;0;1;13;0;104
292410;1;0;0;0;0;0;0;0;0;0;0;0;0;1
292420;14;1;0;0;0;0;0;0;0;0;0;1;0;16
292430;11;0;0;0;0;0;0;0;0;0;0;1;0;12
292440;37;0;0;0;0;0;0;0;0;0;0;0;0;37
292450;85;3;0;3;6;0;15;2;0;0;1;0;0;115
292460;102;14;4;3;3;2;9;3;2;0;1;2;3;148
292465;0;0;0;0;0;0;0;0;0;0;0;1;0;1
292470;9;0;0;0;0;0;0;0;0;0;0;1;0;10
292480;46;3;0;1;0;0;0;1;1;0;0;1;1;54
292490;24;0;1;0;3;1;0;0;3;0;0;1;0;33
292500;63;6;3;7;0;1;0;7;7;6;0;0;6;106
292510;660;14;2;14;6;15;19;27;21;23;17;22;3;843
292520;4282;204;124;118;110;162;191;276;167;170;157;200;93;6254
292530;2241;119;120;115;111;102;108;255;186;213;127;140;162;3999
292540;207;8;8;2;0;1;2;2;2;3;1;1;0;237
292550;1131;56;47;91;53;49;33;34;49;19;42;39;29;1672
292560;41;0;1;2;1;3;1;0;0;1;0;1;0;51
292570;9;0;2;0;0;0;0;0;0;0;0;1;0;12
292580;267;6;0;3;1;0;0;1;3;1;0;0;0;282
292590;120;4;0;0;4;5;1;0;3;0;0;0;0;137
292595;2;0;0;0;0;0;2;1;0;0;0;0;1;6
292600;389;6;8;4;7;10;6;5;7;9;6;9;4;470
292610;83;9;4;2;0;5;1;1;1;5;0;0;9;120
292620;208;3;0;1;2;8;1;3;2;0;0;1;0;229
292630;839;33;17;37;10;12;15;38;24;6;21;8;0;1060
292640;151;0;0;1;1;31;0;1;11;0;1;0;0;197
292650;21;0;0;0;0;0;1;0;1;1;0;1;1;26
292660;530;19;5;14;14;10;8;10;9;8;7;4;3;641
292670;88;0;1;0;0;1;0;1;0;0;1;1;1;94
292680;143;1;6;18;0;0;1;1;0;1;1;0;1;173
292690;68;0;0;0;1;1;0;11;0;0;0;1;0;82
292700;452;14;14;47;24;11;10;14;12;8;6;9;0;621
292710;1;0;0;0;0;0;0;0;0;0;0;37;14;52
292720;424;14;4;6;15;12;3;4;3;6;5;9;3;508
292730;187;10;2;34;5;4;6;1;0;4;1;5;4;263
292740;500483;20862;14853;17107;15562;15824;15826;18867;17890;20256;18753;19251;12185;707719
292750;237;30;2;3;4;10;1;5;8;0;2;2;4;308
292760;33;0;0;0;0;0;0;0;0;0;0;0;0;33
292770;1732;185;88;145;144;95;124;133;148;123;186;102;94;3299
292780;133;1;1;3;0;1;0;0;0;1;1;1;1;143
292790;67;0;0;0;0;0;0;0;1;0;0;0;0;68
292800;1436;104;77;99;94;69;91;47;31;47;25;14;25;2159
292805;16;0;0;0;3;0;2;2;2;2;1;1;0;29
292810;505;11;3;38;10;11;7;8;8;19;8;13;9;650
292820;183;6;0;0;4;3;0;1;2;4;3;3;0;209
292830;109;0;0;1;2;0;0;0;1;1;0;0;0;114
292840;72;1;1;4;1;11;103;11;15;4;2;0;4;229
292850;194;13;1;0;1;1;1;5;1;5;2;1;3;228
292860;7152;481;478;347;329;381;187;223;341;411;683;275;124;11412
292870;3475;176;107;320;120;157;205;146;221;185;187;116;119;5534
292880;324;13;4;4;4;9;4;2;6;5;6;6;0;387
292890;182;4;6;26;12;8;14;7;9;0;3;4;3;278
292900;499;30;2;9;2;5;9;50;13;9;24;11;12;675
292910;406;23;8;10;6;10;17;5;4;8;10;2;10;519
292920;3765;83;102;158;60;37;68;58;35;35;52;53;33;4539
292930;834;193;41;139;152;76;155;95;300;45;13;42;19;2104
292940;115;10;0;0;1;0;0;0;0;0;0;0;0;126
292950;2045;80;21;36;57;46;44;47;72;348;151;48;53;3048
292960;472;67;54;19;27;31;26;17;22;13;17;26;8;799
292970;81;3;6;10;3;0;1;0;0;0;0;1;1;106
292980;87;5;1;5;0;0;5;1;0;0;0;2;3;109
292990;204;2;3;2;6;5;4;2;5;3;3;6;3;248
293000;1;0;0;0;0;0;0;0;1;0;0;0;0;2
293010;3022;148;72;97;74;108;102;180;180;138;149;135;53;4458
293020;83;7;2;0;1;2;3;1;2;0;1;2;2;106
293030;51;2;0;0;2;0;0;0;1;0;1;1;1;59
293040;89;19;0;2;0;1;1;0;0;2;0;1;0;115
293050;1879;123;48;65;63;37;34;26;56;88;46;35;54;2554
293060;106;1;0;0;1;4;0;5;2;1;1;1;1;123
293070;16779;703;468;535;629;829;655;812;756;807;861;980;538;25352
293075;0;0;0;0;2;0;0;0;0;0;0;0;0;2
293080;18;1;0;3;0;0;1;0;0;0;0;1;0;24
293090;6;1;0;1;0;0;0;0;0;0;0;1;0;9
293100;79;6;3;0;0;4;2;2;3;2;1;5;2;109
293105;0;0;0;0;0;0;0;1;0;0;0;0;0;1
293110;196;3;1;2;8;4;12;2;0;4;2;0;4;238
293120;507;17;15;23;28;13;8;19;12;10;24;16;21;713
293130;38;2;3;2;11;1;2;4;0;2;2;5;0;72
293135;1021;113;105;104;100;108;83;76;108;109;74;91;62;2154
293140;357;17;9;10;17;10;10;7;8;11;21;10;5;492
293150;345;12;6;10;7;11;0;3;2;16;5;6;92;515
293160;20;0;0;2;0;0;0;0;0;0;0;2;0;24
293170;819;0;6;2;1;20;15;2;13;4;13;0;5;900
293180;85;0;0;0;0;0;2;0;1;0;0;0;0;88
293190;83;0;2;0;1;0;0;0;1;3;2;3;2;97
293200;352;12;3;9;1;4;2;0;4;2;0;4;2;395
293210;348;7;8;7;10;4;9;11;7;12;4;3;2;432
293220;653;33;8;16;9;8;15;16;14;26;13;16;15;842
293230;318;12;2;7;16;12;9;13;5;3;10;7;4;418
293240;33;0;1;0;0;0;0;2;0;1;0;0;0;37
293250;1445;91;67;88;82;56;48;50;47;36;52;51;29;2142
293260;96;2;0;0;2;1;0;7;12;9;1;3;3;136
293270;368;8;5;10;4;4;11;15;4;4;24;8;3;468
293280;250;20;8;9;8;17;9;14;10;27;14;15;14;415
293290;3860;185;114;157;134;159;102;122;174;119;95;132;118;5471
293300;472;44;5;26;11;8;1;25;13;11;10;12;2;640
293310;82;7;0;0;1;1;3;2;2;1;1;0;1;101
293315;18;1;1;0;0;1;0;0;3;4;0;0;2;30
293320;1033;38;10;44;69;109;43;76;58;44;59;93;51;1727
293325;2;0;0;0;0;0;0;0;0;0;0;0;0;2
293330;13755;742;729;872;720;769;882;776;836;969;948;949;919;23866
293340;10;1;0;0;0;0;0;0;0;0;0;1;0;12
293345;29;1;0;0;1;0;0;4;5;0;1;1;3;45
293350;90;2;2;4;2;2;6;2;4;1;6;0;0;121
293360;371;9;1;1;3;5;4;3;8;5;0;7;1;418
299999;184;17;3;17;13;12;152;12;17;18;16;6;6;473
310010;197;17;6;7;9;4;6;8;12;8;14;4;3;295
310020;1422;39;43;34;48;70;64;41;71;29;47;106;40;2054
310030;297;5;10;5;10;32;48;13;13;14;17;7;3;474
310040;57;6;2;6;2;3;6;1;4;0;1;0;0;88
310050;763;16;5;5;3;1;9;7;9;2;2;1;6;829
310060;96;1;0;1;0;1;0;0;3;16;0;3;0;121
310070;93;7;1;1;2;0;2;1;1;2;0;0;0;110
310080;43;0;1;0;0;0;0;1;0;1;1;0;1;48
310090;256;22;12;15;10;7;17;25;21;18;11;25;22;461
310100;137;4;4;7;19;16;38;152;132;167;195;119;71;1061
310110;845;33;66;49;49;59;91;60;89;27;40;73;47;1528
310120;160;2;9;4;7;3;2;2;3;12;1;0;1;206
310130;75;4;1;0;0;3;0;0;2;3;1;0;0;89
310140;44;1;1;0;0;4;0;2;2;0;0;2;0;56
310150;2945;119;188;153;95;101;126;128;154;157;155;152;129;4602
310160;5304;391;248;278;279;376;328;417;415;416;340;327;189;9308
310170;817;44;27;15;74;40;31;51;25;32;31;29;18;1234
310180;134;5;3;4;2;0;1;0;8;6;0;0;2;165
310190;980;17;10;42;30;40;31;19;19;39;24;9;8;1268
310200;200;12;2;5;6;11;4;9;11;11;10;8;11;300
310210;257;0;2;1;4;2;0;3;8;4;2;0;0;283
310220;35;17;1;0;0;1;0;2;1;0;0;0;7;64
310230;1164;15;38;33;32;47;28;70;40;11;28;52;6;1564
310240;44;9;14;6;1;3;1;0;2;0;0;0;0;80
310250;96;0;1;2;0;0;1;0;0;2;1;1;0;104
310260;2823;226;213;211;209;213;191;179;220;262;236;157;109;5249
310270;91;4;1;0;1;1;0;0;1;1;1;4;2;107
310280;408;46;17;16;23;9;10;16;8;24;13;5;6;601
310290;462;34;12;18;12;13;8;11;9;18;24;34;20;675
310300;222;5;15;20;8;8;8;14;13;3;8;8;5;337
310310;28;1;0;0;0;0;1;0;0;2;0;0;0;32
310320;343;18;9;12;10;28;17;13;12;24;12;8;12;518
310330;54;0;2;0;0;6;0;0;0;0;0;0;0;62
310340;959;27;23;26;22;21;24;39;32;21;40;20;27;1281
310350;8288;435;467;493;388;481;463;463;562;540;463;467;365;13875
310360;39;6;0;1;14;3;1;2;4;0;2;2;0;74
310370;51;2;0;0;0;0;0;0;0;1;0;0;0;54
310380;111;3;2;2;7;4;0;3;2;3;6;6;4;153
310390;194;11;2;6;10;2;7;5;5;10;10;8;4;274
310400;8928;419;429;478;402;529;482;573;575;567;579;539;357;14857
310410;310;11;15;14;10;13;10;21;10;24;10;30;6;484
310420;3249;101;139;199;141;105;149;231;122;161;183;136;94;5010
310430;254;11;11;7;8;14;8;11;12;24;11;5;4;380
310440;88;2;1;4;1;1;1;5;2;5;5;4;4;123
310450;255;2;3;1;3;4;3;1;2;3;1;7;1;286
310460;2097;183;106;95;155;270;171;189;119;87;87;112;43;3714
310470;230;38;5;29;14;19;17;7;7;17;11;9;11;414
310480;313;14;7;7;6;8;10;5;5;3;5;5;6;394
310490;672;28;50;34;21;39;33;30;31;35;34;36;38;1081
310500;348;16;5;20;7;5;5;5;1;15;2;10;4;443
310510;1106;47;30;31;21;37;48;31;25;38;52;29;40;1535
310520;8;0;0;0;0;0;0;0;0;0;0;0;0;8
310530;183;4;9;5;4;7;5;9;16;5;5;2;2;256
310540;742;53;57;69;70;78;50;66;72;58;57;68;54;1494
310550;76;0;1;0;0;0;0;2;0;0;0;0;0;79
310560;11577;356;741;467;423;438;495;490;583;531;621;562;358;17642
310570;188;4;1;1;1;1;0;5;8;2;3;1;1;216
310590;1468;99;70;70;74;120;117;96;157;167;121;160;121;2840
310600;287;12;16;26;19;29;8;5;19;18;13;6;12;470
310610;266;8;18;11;14;11;14;12;16;10;19;10;7;416
310620;737848;36225;32430;36337;37239;39803;41557;43520;43255;47242;49440;42974;28242;1216112
310630;2889;240;180;121;75;125;151;150;34;36;30;33;78;4142
310640;193;1;6;5;7;4;2;13;3;1;7;1;2;245
310650;99;1;3;1;1;1;0;0;14;4;3;5;0;132
310660;22;0;1;0;0;0;0;2;1;0;0;2;0;28
310670;26582;1231;1136;1150;1339;1411;1383;1307;1360;1972;1675;1892;1250;43688
310680;119;6;2;0;0;3;0;3;1;1;2;2;0;139
310690;1731;134;99;74;67;76;168;93;84;116;109;105;87;2943
310700;80;1;0;2;0;0;0;1;1;0;2;1;0;88
310710;2251;98;75;105;141;103;136;109;97;131;113;80;58;3497
310720;87;7;1;3;2;1;2;0;0;5;2;6;3;119
310730;5591;444;333;411;561;411;271;448;423;368;347;238;156;10002
310740;4473;384;331;430;262;243;248;312;357;344;335;295;182;8196
310750;220;6;6;2;6;6;10;9;6;6;7;3;1;288
310760;76;3;2;2;0;1;3;1;1;1;2;0;3;95
310770;186;9;19;16;10;5;2;2;4;8;2;5;4;272
310780;1106;14;0;3;0;2;3;4;5;0;10;0;1;1148
310790;114;1;10;3;1;6;2;1;5;7;3;1;0;154
310800;683;19;24;27;31;29;33;33;22;19;31;20;11;982
310810;39;0;1;3;1;1;1;2;0;3;0;1;1;53
310820;55;1;2;2;7;2;2;0;4;16;14;3;3;111
310830;453;9;8;13;18;27;30;21;19;19;22;14;8;661
310840;435;28;22;25;20;22;14;9;27;17;37;18;13;687
310850;43;11;5;3;0;1;1;1;0;0;0;0;0;65
310860;855;23;15;5;3;9;17;159;97;51;44;29;13;1320
310870;240;12;10;30;2;31;1;11;9;17;6;5;0;374
310880;72;0;1;1;0;0;0;0;0;0;2;1;0;77
310890;430;13;11;15;14;22;8;50;10;21;18;9;3;624
310900;3263;227;155;323;230;221;239;286;305;224;211;142;100;5926
310910;124;2;5;2;2;5;5;8;10;5;7;5;1;181
310920;147;3;12;6;8;9;5;8;5;8;2;6;1;220
310930;194;20;34;4;2;8;3;28;64;110;128;68;41;704
310940;1505;135;74;91;61;165;85;107;103;133;97;183;112;2851
310950;305;16;12;27;15;9;9;4;11;26;6;11;4;455
310960;2475;106;69;83;99;44;80;67;77;82;139;141;88;3550
310970;199;5;7;7;7;9;6;8;32;10;20;19;16;345
310980;103;1;0;9;0;1;2;0;4;5;1;1;1;128
310990;1002;36;57;35;51;38;35;31;53;53;46;42;37;1516
311000;3918;146;203;238;211;139;219;166;237;247;300;176;124;6324
311010;81;10;6;2;8;8;2;0;3;1;1;5;0;127
311020;57;1;0;0;0;1;0;0;3;1;0;0;0;63
311030;1735;42;99;44;36;39;65;33;36;66;38;36;30;2299
311040;71;2;2;0;1;1;0;1;0;0;0;0;0;78
311050;884;38;48;99;47;53;46;43;35;59;75;59;28;1514
311060;1111;57;55;55;62;29;51;34;79;61;79;52;37;1762
311070;649;46;23;12;14;20;67;40;16;26;36;27;18;994
311080;112;5;2;3;1;1;0;2;0;0;1;1;0;128
311090;917;27;35;44;22;26;40;66;55;75;56;42;34;1439
311100;667;34;27;17;32;70;14;18;19;45;30;20;14;1007
311110;763;22;42;23;45;28;35;30;44;36;43;25;11;1147
311120;3165;155;123;146;190;197;229;176;212;245;295;186;150;5469
311130;1304;168;85;22;57;61;214;121;101;83;70;76;45;2407
311140;187;12;12;6;8;14;16;4;59;26;19;8;4;375
311150;444;15;31;6;18;8;5;31;8;12;13;56;4;651
311160;889;113;62;50;83;49;31;39;49;23;47;16;4;1455
311170;79;13;2;5;2;1;2;0;3;3;1;1;2;114
311180;473;42;29;49;27;81;55;36;23;32;15;53;36;951
311190;127;17;2;4;5;3;1;0;1;8;3;3;1;175
311200;429;24;23;22;29;14;12;19;12;30;22;21;10;667
311210;96;0;2;1;1;1;2;0;3;2;2;0;4;114
311220;86;6;2;2;1;0;4;0;1;2;3;1;0;108
311230;802;3;6;9;36;43;10;26;31;45;18;13;17;1059
311240;156;21;4;0;3;7;3;1;5;14;10;9;10;243
311250;238;4;3;11;7;19;17;13;55;38;23;25;22;475
311260;1092;135;38;145;100;47;42;33;41;41;64;47;41;1866
311270;151;1;0;4;3;1;5;3;57;13;23;26;7;294
311280;388;25;32;24;26;32;22;34;35;38;21;24;8;709
311290;34;1;2;0;0;0;1;4;1;1;0;0;0;44
311300;25;0;5;1;0;2;6;1;2;4;1;1;2;50
311310;72;0;0;1;1;0;3;0;0;1;4;1;0;83
311320;1051;32;43;41;34;24;43;28;39;36;35;26;34;1466
311330;2096;93;93;101;150;97;96;166;149;106;106;81;61;3395
311340;5692;319;251;363;359;594;508;456;471;478;470;448;368;10777
311350;391;45;112;69;80;44;92;114;111;55;59;76;103;1351
311360;230;13;0;7;5;7;1;3;11;2;3;5;3;290
311370;954;31;53;163;380;198;208;202;165;85;62;44;51;2596
311380;66;0;0;0;19;0;3;0;0;0;0;2;0;90
311390;243;9;5;6;3;11;16;3;24;11;19;13;11;374
311400;489;14;30;12;22;28;15;12;28;10;16;11;5;692
311410;269;2;10;13;9;11;5;5;16;9;17;7;6;379
311420;714;48;40;31;34;46;52;56;56;58;44;58;32;1269
311430;1158;46;50;56;64;69;60;73;65;74;87;86;53;1941
311440;451;10;28;18;10;23;17;26;33;18;27;18;24;703
311450;306;6;13;10;13;26;7;10;16;8;33;7;6;461
311460;132;3;0;0;1;3;6;1;0;0;3;5;1;155
311470;73;8;8;2;8;1;2;0;0;0;1;2;0;105
311480;79;0;10;3;1;8;1;0;4;1;7;0;0;114
311490;37;0;0;4;0;0;1;0;0;0;0;0;0;42
311500;42;1;2;4;13;2;0;0;4;2;0;3;0;73
311510;659;32;23;32;33;30;30;30;29;25;34;39;22;1018
311520;74;0;0;0;2;2;0;0;0;1;1;0;2;82
311530;9587;496;426;498;417;467;537;596;529;492;525;549;464;15583
311540;41;5;3;1;5;1;0;5;0;0;1;1;0;63
311550;2150;189;73;100;71;102;122;196;111;151;97;105;185;3652
311560;38;1;4;3;1;0;1;1;1;0;1;0;0;51
311570;75;4;7;1;3;2;1;1;2;2;4;2;1;105
311580;288;14;14;14;9;10;11;5;8;30;24;16;17;460
311590;107;3;9;1;1;1;0;0;2;2;2;0;0;128
311600;14;0;0;0;0;0;0;0;2;0;1;0;0;17
311610;22;2;0;0;0;4;0;0;0;0;0;1;0;29
311620;114;2;0;0;2;6;2;0;3;5;2;0;2;138
311630;48;8;3;0;7;2;1;2;4;0;3;0;3;81
311640;118;7;11;9;13;35;15;8;5;12;21;10;14;278
311650;90;1;0;0;1;2;0;2;0;1;0;0;2;99
311660;1229;97;69;132;112;88;110;71;93;138;155;117;69;2480
311670;49;0;1;0;0;0;3;0;2;0;0;2;3;60
311680;68;0;0;0;0;0;1;2;0;1;1;0;0;73
311690;586;16;33;15;68;6;15;12;4;14;6;3;2;780
311700;27;0;0;1;0;0;0;0;1;1;1;0;0;31
311710;429;22;14;32;19;12;12;7;28;19;22;9;6;631
311720;56;5;2;2;3;3;2;0;0;1;0;0;0;74
311730;417;12;8;15;11;16;18;20;6;16;10;15;5;569
311740;54;0;0;0;0;0;1;1;0;0;0;1;0;57
311750;372;11;11;8;10;15;11;8;6;8;20;12;6;498
311760;111;4;3;30;32;9;21;14;22;6;29;61;6;348
311770;415;21;14;12;12;47;22;23;30;22;19;13;6;656
311780;338;12;6;17;12;25;10;18;11;11;1;21;5;487
311790;171;2;5;0;11;10;6;4;9;5;5;7;0;235
311800;4486;538;413;445;335;330;263;390;299;322;299;229;130;8479
311810;98;1;3;4;5;2;2;0;3;6;2;4;0;130
311820;996;123;70;53;109;184;474;177;102;48;34;17;22;2409
311830;5881;210;262;302;306;341;283;262;301;290;348;363;231;9380
311840;1120;31;40;22;52;52;47;36;32;47;34;31;31;1575
311850;56;17;2;3;2;2;4;3;3;1;1;5;0;99
311860;70845;4974;4186;4881;4900;5176;5587;5921;5954;6169;6401;5585;4011;134590
311870;251;9;7;13;9;9;9;11;11;17;20;9;4;379
311880;748;6;20;7;6;42;31;70;28;25;31;33;6;1053
311890;265;2;2;11;4;8;6;8;7;11;6;23;10;363
311900;71;0;6;3;0;2;0;0;3;0;0;0;0;85
311910;1178;49;78;75;53;56;42;102;46;40;42;41;19;1821
311920;116;1;0;2;17;11;4;1;3;8;6;4;2;175
311930;1011;63;59;89;67;77;70;36;36;43;44;44;21;1660
311940;7232;351;341;372;422;576;451;505;552;549;526;524;447;12848
311950;105;0;0;3;2;2;0;0;10;1;0;2;2;127
311960;497;2;2;1;6;3;11;20;13;18;4;7;11;595
311970;55;14;2;1;2;0;2;1;0;0;0;2;0;79
311980;159;6;11;10;11;7;5;6;8;4;4;7;5;243
311990;70;3;3;2;1;4;4;1;10;2;1;2;0;103
312000;1162;4;4;5;1;2;0;4;1;18;9;14;2;1226
312010;170;4;4;5;3;9;5;0;4;0;0;2;1;207
312020;119;6;3;15;9;11;1;2;4;2;2;4;1;179
312030;74;1;1;0;0;0;0;1;24;19;2;1;19;142
312040;215;11;3;11;11;6;5;21;12;15;13;10;5;338
312050;186;6;18;2;6;1;2;0;14;3;2;1;4;245
312060;94;0;2;2;8;4;1;2;0;1;4;1;0;119
312070;85;2;12;5;2;0;0;2;0;1;0;0;2;111
312080;452;15;22;12;25;25;15;16;23;25;24;9;8;671
312090;6256;319;320;301;412;322;433;354;460;413;373;361;273;10597
312100;103;4;0;2;3;2;2;0;1;1;1;0;2;121
312110;544;32;27;31;25;25;18;20;25;23;23;18;6;817
312120;172;5;5;4;10;10;6;3;10;11;4;2;1;243
312130;129;17;15;9;3;5;4;5;4;1;2;9;8;211
312140;64;0;0;0;1;0;0;0;0;0;0;1;0;66
312150;47;1;0;1;1;2;3;2;1;2;3;2;1;66
312160;3613;131;131;181;189;170;136;168;189;131;119;106;89;5353
312170;31;1;0;0;0;0;0;0;0;0;0;0;0;32
312180;3823;187;285;295;285;198;325;153;174;228;178;149;164;6444
312190;56;4;1;1;1;3;0;1;0;0;2;1;1;71
312200;360;13;17;7;7;7;10;18;19;20;29;8;10;525
312210;50;3;7;2;3;1;0;5;5;0;0;0;0;76
312220;293;37;17;6;1;36;25;19;12;1;7;13;30;497
312230;19905;1086;1098;1301;1365;1459;1605;1785;1801;1811;1921;1743;1201;38081
312240;108;0;2;1;2;5;1;1;7;3;2;0;4;136
312250;109;6;14;2;3;2;4;4;4;6;4;3;11;172
312260;23;0;0;0;0;0;0;0;0;0;1;0;0;24
312270;316;11;10;7;11;4;8;5;4;7;8;9;7;407
312280;71;1;5;1;3;3;1;0;0;0;0;0;0;85
312290;185;9;12;9;9;8;3;5;9;6;21;3;4;283
312300;863;103;44;44;49;43;41;41;61;41;49;57;26;1462
312310;44;7;1;0;0;0;1;0;0;0;1;0;1;55
312320;603;20;30;17;20;46;20;20;28;25;37;36;21;923
312330;95;4;3;2;33;1;0;3;3;4;0;3;2;153
312340;96;5;7;6;2;1;0;1;8;8;3;1;0;138
312350;37;1;1;1;1;0;0;0;0;0;0;0;1;42
312360;687;25;31;36;43;48;43;38;44;51;43;31;29;1149
312370;181;9;11;11;2;10;7;23;13;4;14;7;7;299
312380;398;37;16;29;72;29;66;27;22;28;15;9;6;754
312390;320;13;9;12;13;11;18;28;19;23;24;15;8;513
312400;209;11;4;0;2;1;11;5;5;6;3;11;3;271
312410;780;42;24;50;38;44;33;38;48;67;45;54;28;1291
312420;624;22;18;18;18;51;42;38;24;44;36;25;25;985
312430;484;51;11;14;6;39;18;7;17;9;12;10;8;686
312440;44;0;1;1;2;0;0;2;0;3;0;1;2;56
312450;212;16;13;4;3;3;2;4;9;3;35;15;9;328
312460;91;1;3;2;2;0;0;2;5;2;0;4;0;112
312470;159;2;3;2;7;6;2;7;2;1;1;2;1;195
312480;269;14;36;13;10;11;4;9;39;18;40;48;25;536
312490;161;1;3;6;2;1;3;1;5;17;5;6;4;215
312500;127;9;2;5;5;16;6;2;4;10;19;4;21;230
312510;1910;144;110;123;148;98;162;178;194;138;115;84;42;3446
312520;62;3;0;2;1;1;1;0;0;1;0;5;0;76
312530;180;1;7;3;3;7;6;9;5;6;6;3;1;237
312540;96;1;0;4;6;12;2;6;0;0;2;0;0;129
312550;74;2;0;0;1;2;2;0;2;2;1;2;0;88
312560;51;0;2;0;1;1;1;4;1;1;3;0;4;69
312570;872;56;20;69;43;19;77;54;48;82;85;30;25;1480
312580;38;20;3;1;1;0;1;1;1;0;0;0;1;67
312590;219;5;5;6;10;8;15;4;6;4;7;2;6;297
312600;124;4;2;18;2;9;11;3;3;4;8;3;1;192
312610;4749;253;254;310;306;417;447;449;462;379;368;343;204;8941
312620;47;2;1;0;2;0;0;0;0;0;1;0;1;54
312630;45;0;8;4;4;3;1;2;1;0;0;0;0;68
312640;39;1;2;7;4;2;5;2;4;13;10;1;0;90
312650;63;1;1;0;1;3;1;0;0;0;0;0;0;70
312660;55;0;0;0;0;0;0;1;1;0;1;0;2;60
312670;461;147;21;31;47;28;111;101;83;56;43;40;23;1192
312680;16;0;0;1;0;0;0;0;0;0;0;1;0;18
312690;319;19;26;5;13;7;11;9;15;13;12;6;5;460
312700;1006;20;105;76;39;88;168;40;39;26;34;46;13;1700
312705;16;0;0;0;0;0;3;0;0;0;1;0;1;21
312710;3043;219;163;131;193;171;144;108;209;189;181;148;113;5012
312720;82;0;6;8;6;10;4;2;5;3;1;7;10;144
312730;184;7;2;8;7;8;7;10;0;13;8;7;1;262
312740;91;1;7;2;4;2;9;2;1;4;1;7;2;133
312750;220;39;19;14;1;18;4;15;14;9;2;0;1;356
312760;1147;46;60;30;37;55;73;37;50;35;35;17;26;1648
312770;26149;1461;1309;1522;1719;1938;1923;2076;2113;2199;2241;1918;1407;47975
312780;947;28;6;13;3;5;73;113;48;43;43;47;14;1383
312790;39;5;3;1;0;2;1;0;0;0;0;1;0;52
312800;2867;62;108;26;37;32;36;87;72;94;63;66;45;3595
312810;198;9;2;5;38;7;3;7;9;4;2;3;1;288
312820;204;5;1;6;5;4;13;4;4;3;2;3;0;254
312830;1703;154;124;137;176;368;208;179;119;168;130;130;89;3685
312840;420;11;24;30;16;8;10;14;9;6;13;6;9;576
312850;117;3;1;13;9;4;8;3;5;8;3;13;3;190
312860;191;16;6;12;9;10;10;9;6;12;5;8;2;296
312870;4219;218;140;158;155;156;200;172;231;249;226;220;116;6460
312880;174;11;10;0;7;5;4;8;8;8;15;10;3;263
312890;160;13;12;1;3;7;4;5;7;3;2;5;0;222
312900;233;14;7;3;5;1;2;7;8;7;4;7;5;303
312910;187;5;5;14;13;2;3;3;8;2;0;3;1;246
312920;298;10;11;9;17;1;0;3;10;22;15;7;7;410
312930;49;3;0;2;0;2;2;1;0;1;2;2;1;65
312940;125;5;6;3;10;5;5;10;14;2;6;14;6;211
312950;1042;52;22;13;27;44;56;15;28;54;45;34;17;1449
312960;57;7;7;2;0;4;23;0;1;3;2;2;0;108
312970;280;9;9;3;5;5;12;4;1;2;6;6;2;344
312980;2054;122;128;153;145;166;195;182;124;206;123;168;224;3990
312990;62;0;3;6;3;1;3;0;0;0;2;0;0;80
313000;59;3;0;1;4;3;6;1;2;1;2;0;0;82
313010;1699;158;72;83;132;132;158;97;161;141;170;163;108;3274
313020;365;26;13;30;23;32;18;42;75;40;60;50;52;826
313030;653;13;44;42;31;31;32;29;14;36;31;18;25;999
313040;252;8;3;8;5;18;11;6;14;13;4;17;3;362
313050;123;6;2;4;2;7;2;7;2;2;5;3;0;165
313060;225;11;4;7;5;4;5;7;3;14;6;6;1;298
313070;241;10;21;8;9;4;7;1;9;6;18;10;6;350
313080;50;0;0;2;2;2;4;0;2;1;1;1;2;67
313090;589;17;38;20;39;31;40;18;23;22;15;15;8;875
313100;208;15;14;10;13;8;13;17;20;23;13;20;14;388
313110;795;21;14;5;26;13;24;15;4;4;22;13;11;967
313120;399;18;12;31;32;23;84;48;60;32;19;20;12;790
313130;31505;900;1209;1038;1223;1252;1273;1482;1288;1579;1937;1416;1655;47757
313140;161;10;2;7;4;1;7;3;6;5;17;0;1;224
313150;188;9;5;5;2;2;1;3;6;3;2;2;2;230
313160;102;2;4;4;1;4;4;4;5;3;1;2;5;141
313170;13415;394;611;557;436;637;529;499;400;642;552;576;370;19618
313180;113;2;2;2;2;0;2;1;4;3;3;5;1;140
313190;3799;177;157;232;229;191;178;204;218;263;261;229;217;6355
313200;373;74;54;54;33;59;60;62;63;51;29;22;29;963
313210;182;6;3;3;4;6;4;4;2;0;4;9;1;228
313220;519;10;19;16;11;18;8;34;30;25;16;26;9;741
313230;75;27;2;3;9;4;4;3;5;7;1;1;0;141
313240;10276;605;557;611;547;485;575;588;769;783;824;687;471;17778
313250;1957;3;4;39;9;5;5;9;15;10;20;50;28;2154
313260;92;18;7;2;3;0;2;4;3;1;2;3;1;138
313270;469;9;8;15;17;16;14;11;12;35;19;19;18;662
313280;63;1;4;0;1;0;1;0;1;4;0;0;3;78
313290;196;10;5;17;17;3;3;7;12;10;7;9;0;296
313300;590;24;15;32;21;21;31;17;33;41;56;55;22;958
313310;1517;110;84;83;129;131;101;190;144;141;78;164;77;2949
313320;344;6;9;11;8;7;15;25;6;11;9;5;6;462
313330;869;50;32;42;32;51;37;49;68;48;27;41;33;1379
313340;383;11;7;9;9;3;6;10;23;14;16;13;3;507
313350;1166;40;40;36;39;64;66;68;82;52;61;70;49;1833
313360;129;6;2;3;3;13;2;14;17;6;6;8;1;210
313370;468;26;37;26;57;22;21;17;22;7;10;8;42;763
313380;11501;972;838;818;851;821;955;1022;1003;907;1070;890;735;22383
313390;74;3;1;0;4;0;8;0;0;17;4;4;4;119
313400;159;23;11;3;1;1;0;4;14;3;6;6;11;242
313410;118;8;8;1;3;2;4;2;4;3;7;1;1;162
313420;8471;378;470;567;418;448;454;427;503;492;593;476;519;14216
313430;186;4;2;5;4;5;3;6;3;9;4;7;3;241
313440;2848;250;457;312;180;236;286;218;236;172;279;138;98;5710
313450;97;1;2;1;8;2;0;3;0;3;2;1;0;120
313460;315;10;6;8;5;5;8;5;6;7;10;4;1;390
313470;210;2;0;1;2;2;1;1;1;4;0;0;0;224
313480;195;2;5;5;15;5;4;4;13;5;18;1;3;275
313490;898;57;35;51;47;61;53;63;48;49;50;30;22;1464
313500;133;9;5;1;2;1;2;6;7;1;7;6;2;182
313510;2187;91;52;101;133;110;81;168;122;135;168;159;55;3562
313520;1665;62;72;58;58;69;80;150;134;123;65;43;51;2630
313530;28;1;1;1;0;1;2;0;2;2;2;3;1;44
313540;101;23;4;3;0;8;5;7;4;1;0;1;1;158
313550;149;13;11;4;17;5;6;10;16;8;5;7;9;260
313560;680;40;144;178;169;113;80;28;27;20;12;8;12;1511
313570;125;36;1;2;1;4;3;0;0;3;0;1;1;177
313580;791;10;5;9;16;0;14;9;14;13;18;15;22;936
313590;120;1;5;18;1;4;1;1;1;0;6;6;4;168
313600;190;7;5;2;2;4;4;1;5;4;12;7;2;245
313610;50;2;2;0;1;0;0;0;0;0;0;0;0;55
313620;9835;346;299;438;403;449;366;308;433;580;511;466;287;14721
313630;2176;145;77;79;68;155;102;324;200;126;133;108;60;3753
313640;132;4;1;4;2;1;0;4;0;2;5;21;0;176
313650;71;4;2;0;4;5;1;0;1;0;2;2;5;97
313660;143;7;6;2;0;5;2;5;6;3;3;6;29;217
313670;80687;3808;3488;3597;3743;3927;4076;4441;4466;4925;5168;4763;3862;130951
313680;125;23;5;1;4;0;1;3;6;5;2;0;1;176
313690;142;5;2;2;0;4;2;2;2;6;1;3;2;173
313700;114;24;1;2;0;1;1;1;3;0;2;0;0;149
313710;158;6;20;15;16;8;10;8;8;16;7;8;2;282
313720;4311;130;139;160;129;155;1523;402;235;306;217;253;139;8099
313730;27;2;0;0;1;0;0;1;0;1;0;0;0;32
313740;148;13;4;4;1;6;5;3;6;6;3;2;3;204
313750;394;7;11;4;15;4;17;5;19;6;6;10;7;505
313760;5111;151;278;226;204;251;204;267;297;364;371;368;211;8303
313770;317;10;14;3;14;1;7;8;11;12;9;5;5;416
313780;969;83;46;38;64;47;42;46;89;45;55;31;37;1592
313790;66;3;1;9;0;0;0;0;0;0;0;0;3;82
313810;1772;149;109;83;173;41;65;94;107;94;63;80;102;2932
313820;6810;363;336;302;249;308;276;278;357;375;315;324;249;10542
313830;64;5;2;0;6;2;0;1;2;1;5;1;0;89
313840;5030;193;207;166;194;249;329;347;388;363;334;357;349;8506
313850;151;12;4;3;8;6;4;2;1;5;2;8;7;213
313860;522;23;17;25;18;28;15;31;16;15;31;44;23;808
313870;175;12;2;8;5;5;5;7;7;6;10;6;7;255
313880;781;47;61;39;68;58;54;48;70;34;46;46;36;1388
313890;62;2;1;0;1;0;0;0;0;0;3;1;5;75
313900;2349;140;125;162;129;128;117;180;141;175;193;133;89;4061
313910;107;0;2;1;1;3;4;0;0;1;2;2;1;124
313920;108;7;1;2;3;8;1;2;1;5;1;5;4;148
313930;548;28;18;28;26;33;33;25;30;45;17;6;4;841
313940;3880;271;461;302;262;355;347;340;302;346;331;257;198;7652
313950;1373;49;54;26;40;57;35;27;55;48;54;81;40;1939
313960;1253;59;48;57;66;73;69;64;74;69;68;61;37;1998
313970;186;2;13;9;3;3;4;7;4;3;7;5;7;253
313980;1108;40;27;60;37;23;135;272;124;119;28;70;22;2065
313990;423;12;16;23;13;16;16;12;18;11;18;23;10;611
314000;2770;79;117;197;261;176;184;113;139;129;107;153;47;4472
314010;84;8;6;4;1;1;2;0;0;5;0;2;0;113
314020;72;2;0;7;4;2;11;1;4;3;5;0;5;116
314030;65;1;3;2;0;2;6;2;1;0;1;1;1;85
314040;117;2;10;1;1;1;1;0;3;1;0;1;0;138
314050;362;51;25;46;28;32;33;42;34;34;48;20;27;782
314060;64;0;7;1;1;0;0;0;1;0;0;1;1;76
314070;2256;82;97;57;160;149;173;138;142;139;132;94;105;3724
314080;876;49;42;31;34;55;68;87;86;86;87;53;27;1581
314090;319;15;49;4;12;21;14;7;14;18;11;3;4;491
314100;162;10;4;50;10;10;8;5;5;1;2;1;2;270
314110;3078;213;139;205;247;345;217;245;232;288;311;312;118;5950
314120;120;13;2;0;3;3;1;0;6;2;2;0;4;156
314130;10;1;0;1;0;1;1;0;0;0;0;1;0;15
314140;185;6;15;3;13;3;3;11;12;4;5;7;3;270
314150;74;6;2;2;1;2;1;18;4;5;6;3;5;129
314160;197;3;4;4;9;7;11;33;18;9;2;6;9;312
314170;1594;96;186;78;119;56;50;54;69;88;96;84;58;2628
314180;960;11;6;4;5;12;8;67;25;43;54;38;10;1243
314190;180;3;2;7;7;7;13;2;0;2;2;4;3;232
314200;66;2;0;0;4;2;3;0;0;5;0;0;0;82
314210;304;4;20;8;33;14;9;17;22;24;14;4;5;478
314220;551;7;58;83;42;18;32;44;54;66;61;52;13;1081
314230;70;1;3;3;1;2;5;3;2;4;0;2;0;96
314240;121;10;9;5;5;10;14;7;4;4;7;5;1;202
314250;45;1;18;0;1;2;0;0;2;0;1;0;0;70
314260;466;44;43;29;32;35;58;61;39;46;51;15;4;923
314270;116;1;3;5;0;2;2;3;3;7;1;1;1;145
314280;1045;51;59;58;47;121;87;164;122;217;173;164;165;2473
314290;382;19;99;50;68;60;61;72;57;19;23;16;5;931
314300;854;11;62;55;46;114;113;44;67;37;50;29;9;1491
314310;2510;102;105;133;87;134;166;150;157;155;148;140;90;4077
314320;900;40;44;24;31;29;31;50;30;42;64;23;21;1329
314330;23881;1332;1172;1463;1672;1502;1513;1686;1774;1625;1659;1551;1175;42005
314340;515;32;32;17;46;49;43;46;36;22;33;23;10;904
314350;312;20;9;40;21;27;16;50;70;31;11;64;2;673
314360;86;1;4;0;1;1;6;2;2;4;4;0;2;113
314370;84;1;0;0;0;0;0;0;0;0;2;1;0;88
314380;65;1;0;2;2;1;1;1;3;1;3;0;1;81
314390;7342;428;299;490;491;569;503;528;646;454;556;461;396;13163
314400;405;20;14;23;18;16;8;10;7;27;27;23;14;612
314410;960;44;24;59;31;34;46;84;31;58;51;33;21;1476
314420;23;0;2;0;1;1;0;0;1;0;1;0;0;29
314430;3430;293;148;100;112;148;282;226;254;200;234;153;129;5709
314440;148;6;6;4;14;2;2;2;2;2;0;2;1;191
314450;371;11;12;6;12;33;8;2;6;8;10;17;3;499
314460;942;51;17;28;29;29;23;36;35;47;44;32;31;1344
314470;1691;60;65;108;152;108;85;177;140;208;184;99;89;3166
314480;13533;362;414;538;423;462;443;320;437;484;590;439;279;18724
314490;33;2;0;0;1;3;0;1;1;1;2;2;10;56
314500;436;37;25;27;37;24;54;14;18;38;19;19;9;757
314510;189;3;4;1;9;4;7;1;3;8;5;6;5;245
314520;1863;119;166;229;278;246;277;347;316;418;772;378;148;5557
314530;368;120;58;75;14;5;10;9;6;3;14;35;2;719
314540;98;4;2;1;1;0;12;2;0;0;0;1;0;121
314550;33;3;0;2;5;1;0;0;0;0;0;0;0;44
314560;2386;96;150;83;216;147;155;118;212;188;177;149;95;4172
314570;106;0;0;1;0;1;0;2;0;2;0;1;0;113
314580;112;3;5;18;7;3;1;1;1;2;2;1;2;158
314590;7277;1473;1572;1612;1212;1004;533;415;936;773;1320;899;372;19398
314600;1520;64;97;83;88;59;96;87;97;73;77;72;67;2480
314610;11389;328;279;468;235;361;357;339;308;387;356;284;243;15334
314620;7;0;0;0;0;0;3;0;0;0;0;0;0;10
314630;137;8;2;1;2;7;3;13;3;14;6;0;3;199
314640;170;1;10;3;18;8;14;51;28;32;25;29;13;402
314650;468;19;26;45;25;38;45;34;35;30;39;32;20;856
314660;56;0;0;1;1;0;0;0;2;0;0;0;0;60
314670;176;4;4;0;1;0;5;1;5;3;3;4;0;206
314690;351;22;21;50;47;35;33;34;72;55;43;32;31;826
314700;3388;351;333;120;181;130;94;116;138;107;150;122;108;5338
314710;8256;467;546;374;521;481;528;563;623;583;714;556;479;14691
314720;1120;52;92;37;35;43;53;29;80;162;82;73;62;1920
314730;892;28;12;17;49;20;18;28;24;19;22;9;11;1149
314740;2134;96;115;94;90;114;123;166;131;125;117;118;79;3502
314750;46;0;0;0;0;0;0;0;0;0;2;0;0;48
314760;855;39;45;36;70;47;37;75;65;68;66;59;49;1511
314770;208;8;2;2;8;11;5;9;7;12;15;7;2;296
314780;191;2;2;4;3;10;1;2;2;3;1;1;0;222
314790;12201;695;506;599;667;1175;618;668;667;775;949;682;517;20719
314800;9156;475;493;523;677;551;524;867;717;740;842;792;482;16839
314810;4591;269;288;301;306;321;308;239;291;319;383;279;143;8038
314820;150;4;8;4;9;3;5;8;4;4;1;1;1;202
314830;149;0;0;1;0;3;1;1;0;0;0;1;0;156
314840;29;1;0;1;0;0;1;1;0;1;0;1;0;35
314850;98;2;2;1;0;1;0;3;2;4;2;3;1;119
314860;319;4;21;20;3;12;4;5;10;5;7;2;3;415
314870;926;59;17;6;11;25;26;26;47;18;39;21;17;1238
314880;90;1;0;3;3;1;2;0;0;6;1;3;1;111
314890;88;0;2;2;0;1;9;15;5;5;2;1;3;133
314900;20;5;0;3;2;0;1;1;0;0;0;0;0;32
314910;245;8;5;3;9;10;8;15;6;4;14;4;4;335
314920;52;2;1;1;5;0;1;0;2;0;0;0;0;64
314930;6150;246;288;326;254;291;351;441;361;536;571;555;367;10737
314940;52;6;2;3;0;1;2;0;0;0;0;0;0;66
314950;271;24;19;35;27;20;13;17;13;21;5;13;8;486
314960;49;0;0;2;2;5;1;0;1;0;2;0;1;63
314970;108;2;3;6;3;7;8;4;12;8;21;5;3;190
314980;506;22;25;12;9;13;49;55;26;34;46;73;31;901
314990;994;31;44;38;56;35;36;48;55;69;100;54;56;1616
315000;137;14;1;8;1;5;4;6;6;3;2;14;17;218
315010;7;0;1;1;0;0;0;2;0;2;0;0;0;13
315020;104;0;2;5;5;10;4;2;1;2;2;1;1;139
315030;105;7;5;3;3;0;2;2;5;2;2;1;1;138
315040;31;1;1;1;1;0;0;0;0;1;1;0;0;37
315050;152;7;3;9;6;6;12;13;8;9;8;9;6;248
315060;144;1;4;10;5;7;4;1;5;4;5;4;0;194
315070;95;5;6;2;0;1;5;13;3;21;28;10;4;193
315080;164;4;13;16;7;6;2;2;2;0;2;1;3;222
315090;92;1;6;3;3;3;1;7;3;2;1;2;1;125
315100;120;4;0;8;10;10;10;2;4;4;6;3;3;184
315110;773;50;23;17;39;15;20;44;61;51;41;36;26;1196
315120;5337;238;288;366;373;346;361;480;539;525;518;427;295;10093
315130;277;65;28;21;40;13;47;6;13;38;49;19;7;623
315140;2557;112;116;152;169;126;113;172;171;139;121;143;105;4196
315150;979;46;50;74;57;98;81;53;73;54;58;43;39;1705
315160;320;8;13;10;2;10;12;5;9;13;8;6;5;421
315170;284;24;9;12;4;3;4;10;14;11;3;18;3;399
315180;19810;1155;1016;1149;1196;1036;1320;1233;1269;1380;1451;1156;923;34094
315190;155;3;7;7;4;6;3;3;2;10;1;2;0;203
315200;1216;56;91;74;58;576;146;92;40;31;41;36;20;2477
315210;7528;500;349;399;276;284;529;333;368;382;348;362;210;11868
315220;824;54;39;92;70;52;81;53;79;95;47;100;145;1731
315230;101;5;1;1;3;1;0;1;3;0;2;0;1;119
315240;114;0;0;0;1;1;1;2;15;4;4;2;0;144
315250;10868;721;649;530;561;720;920;920;999;1097;972;903;701;20561
315260;342;37;22;8;10;20;29;27;13;11;15;18;19;571
315270;271;10;9;21;8;5;2;16;11;6;4;8;2;373
315280;1085;40;24;38;35;27;23;38;27;36;27;17;23;1440
315290;2482;51;103;77;52;36;58;55;71;62;93;57;62;3259
315300;63;1;1;2;1;3;0;3;0;3;1;0;0;78
315310;93;1;5;1;0;4;0;1;1;0;1;0;1;108
315320;113;4;8;2;4;5;4;2;5;6;7;1;1;162
315330;59;6;10;4;0;6;1;0;1;1;0;0;0;88
315340;1893;143;90;82;51;29;61;105;184;105;67;67;78;2955
315350;115;4;3;8;0;4;0;2;8;3;0;1;1;149
315360;778;71;15;42;64;73;49;31;53;22;28;43;43;1312
315370;140;5;3;16;1;4;1;3;10;9;9;11;4;216
315380;52;4;0;1;0;1;0;0;0;0;1;0;0;59
315390;206;12;25;16;6;3;6;9;17;7;4;3;2;316
315400;838;28;43;18;28;30;32;20;32;42;53;37;30;1231
315410;517;10;7;14;8;15;5;23;20;18;29;18;4;688
315420;215;7;5;2;4;7;9;1;7;8;21;13;2;301
315430;695;29;17;24;28;26;29;26;30;40;26;33;26;1029
315440;674;38;12;41;22;22;22;29;38;50;29;26;20;1023
315450;357;15;17;19;9;33;67;12;18;28;15;4;9;603
315460;1671;199;157;199;144;115;254;180;169;181;227;142;66;3704
315470;139;6;14;4;6;14;3;7;6;2;5;3;6;215
315480;344;25;6;17;8;15;11;8;17;11;16;17;9;504
315490;1006;50;66;48;36;53;55;68;56;75;63;26;30;1632
315500;92;2;6;0;3;1;2;1;4;1;2;2;1;117
315510;62;1;0;1;0;0;0;0;0;0;0;0;0;64
315520;96;2;10;2;2;1;0;0;0;0;0;0;0;113
315530;62;1;1;1;6;0;2;5;6;1;2;0;2;89
315540;488;30;12;24;28;17;42;34;26;27;83;30;17;858
315550;356;8;4;5;18;13;9;9;4;6;2;17;9;460
315560;871;98;55;126;117;30;79;43;50;53;38;73;48;1681
315570;679;27;26;20;24;25;40;30;39;31;30;30;12;1013
315580;834;33;108;90;52;74;78;51;50;41;44;25;7;1487
315590;185;4;4;3;3;10;4;16;2;6;4;2;3;246
315600;175;3;18;10;2;3;1;0;2;0;4;0;2;220
315610;203;14;7;7;8;7;5;5;5;7;2;6;3;279
315620;122;1;3;4;2;10;2;4;4;7;2;6;1;168
315630;324;25;25;7;14;50;32;50;58;53;36;39;10;723
315640;93;2;9;7;1;0;3;4;1;0;2;2;0;124
315650;222;7;6;1;7;10;12;14;15;6;3;1;3;307
315660;129;2;2;9;4;2;5;3;4;4;6;1;2;173
315670;4011;198;244;255;220;291;300;264;305;295;339;316;229;7267
315680;301;8;6;9;9;7;7;7;10;11;5;8;7;395
315690;1451;47;77;114;40;78;48;96;99;70;69;49;23;2261
315700;820;19;17;21;16;28;47;17;19;25;34;22;15;1100
315710;65;0;0;1;2;0;1;2;0;0;1;3;0;75
315720;3477;278;293;358;500;470;552;415;345;302;343;272;100;7705
315730;9;3;0;0;2;0;0;0;2;0;0;0;0;16
315740;81;18;4;1;0;11;1;17;11;5;3;9;9;170
315750;44;2;0;0;0;0;0;0;0;0;1;0;0;47
315760;13;0;0;0;0;0;0;0;0;0;0;0;0;13
315770;181;2;4;4;81;11;12;16;3;8;4;4;3;333
315780;9837;504;388;574;552;528;515;536;590;745;879;606;303;16557
315790;142;4;0;2;2;2;1;2;2;9;3;2;5;176
315800;267;4;6;12;18;16;15;22;24;24;25;22;12;467
315810;74;4;3;0;3;2;2;2;0;3;0;0;0;93
315820;201;7;1;7;5;6;7;6;9;37;12;5;2;305
315830;236;12;11;20;11;15;5;3;8;6;1;2;1;331
315840;43;2;0;12;0;1;1;0;0;0;6;3;2;70
315850;120;0;1;0;4;4;1;0;2;2;0;4;9;147
315860;197;1;0;5;0;3;2;5;7;11;5;4;6;246
315870;45;0;1;2;1;0;4;0;2;2;2;0;0;59
315880;99;9;0;3;3;0;0;0;0;4;1;1;0;120
315890;37;0;0;2;0;0;10;0;1;0;2;0;0;52
315895;1;0;0;0;0;0;0;0;0;0;0;0;0;1
315900;43;3;1;3;9;6;4;3;2;2;1;1;0;78
315910;37;0;0;0;0;0;0;0;0;0;0;0;0;37
315920;337;15;46;5;21;9;3;16;20;5;19;12;10;518
315930;265;4;1;3;2;8;2;3;6;4;10;10;5;323
315940;23;1;0;0;0;0;0;0;1;2;8;1;0;36
315950;74;2;20;1;3;3;2;2;8;0;3;6;2;126
315960;3320;174;173;152;152;193;268;212;237;189;217;177;120;5584
315970;85;1;1;0;1;2;0;0;1;1;1;2;1;96
315980;674;26;17;19;18;16;9;26;15;21;28;23;4;896
315990;484;27;17;19;18;22;21;37;19;20;23;17;5;729
316000;80;1;7;1;1;4;5;0;0;1;2;1;1;104
316010;125;2;1;6;2;3;3;14;1;2;1;2;0;162
316020;81;7;6;1;13;0;2;4;1;9;1;2;0;127
316030;18;2;0;1;0;1;1;0;0;1;1;0;0;25
316040;1183;93;49;54;85;66;50;51;77;136;77;61;42;2024
316050;34;2;0;0;0;0;0;1;5;1;0;0;1;44
316060;138;12;2;0;0;3;0;17;1;6;1;0;1;181
316070;2941;161;97;138;107;100;97;120;122;131;135;122;75;4346
316080;52;2;1;0;0;0;0;0;0;0;1;0;0;56
316090;69;5;3;4;9;0;9;1;2;4;4;5;0;115
316100;423;15;4;15;20;19;15;15;60;9;9;8;12;624
316110;735;14;10;18;10;27;19;111;60;57;41;27;11;1140
316120;112;22;2;11;5;15;8;1;14;7;7;3;1;208
316130;40;2;2;3;2;3;0;3;1;5;3;4;0;68
316140;83;4;6;4;2;3;0;0;3;0;7;2;4;118
316150;153;17;26;5;14;6;4;12;6;13;6;6;2;270
316160;56;10;1;0;0;1;0;1;0;0;0;0;0;69
316170;154;13;5;15;11;10;11;10;5;5;12;2;1;254
316180;613;25;14;25;22;20;28;58;44;67;32;8;8;964
316190;182;7;16;36;13;10;12;4;14;11;4;5;3;317
316200;1357;96;61;132;147;85;107;109;121;68;117;40;40;2480
316210;1257;62;108;69;53;68;74;83;68;45;75;95;51;2108
316220;248;31;6;6;13;16;16;19;14;10;29;16;11;435
316230;60;1;3;2;2;0;1;0;6;0;2;1;0;78
316240;304;15;24;18;14;13;15;57;15;58;25;25;6;589
316250;8044;349;251;337;409;368;399;421;464;462;504;453;324;12785
316260;132;1;1;3;2;3;4;10;3;6;2;2;5;174
316270;426;14;3;7;6;6;9;7;19;33;30;12;11;583
316280;294;13;0;4;5;4;2;5;5;5;4;4;4;349
316290;3590;123;119;163;148;182;170;324;261;268;310;208;143;6009
316300;13;1;2;0;0;0;0;0;0;2;0;0;0;18
316310;67;4;5;0;8;0;2;0;3;3;1;3;0;96
316320;83;0;4;1;3;0;1;1;1;0;1;0;1;96
316330;46;0;0;0;0;0;1;0;0;0;2;0;0;49
316340;86;2;0;2;1;0;0;0;1;27;8;10;1;138
316350;49;1;0;0;0;0;1;0;0;1;0;0;0;52
316360;1;0;0;0;0;0;0;0;0;0;0;0;0;1
316370;3302;266;185;176;164;187;198;225;234;213;358;323;201;6032
316380;28;6;0;0;0;0;0;0;0;0;0;0;0;34
316390;99;7;3;0;1;1;1;1;2;0;1;0;0;116
316400;738;57;75;68;67;72;98;66;128;70;81;103;58;1681
316410;57;3;0;2;2;0;1;1;5;1;0;1;0;73
316420;133;2;11;3;4;3;2;1;6;4;6;1;5;181
316430;88;0;0;0;3;1;0;0;4;1;0;0;1;98
316440;98;5;0;7;3;5;4;3;3;0;1;2;1;132
316450;85;1;0;0;0;0;0;0;0;0;0;0;0;86
316460;435;26;23;24;21;22;25;16;34;16;24;19;22;707
316470;3985;232;262;199;198;202;228;254;247;325;270;258;169;6829
316480;68;6;2;0;1;4;1;0;0;0;1;0;0;83
316490;66;4;3;2;0;1;0;0;1;3;0;0;0;80
316500;229;61;2;5;2;2;4;0;3;12;5;6;2;333
316510;212;3;5;8;8;8;7;7;10;6;3;7;4;288
316520;116;10;5;15;5;3;5;3;5;3;2;6;4;182
316530;275;4;16;15;7;5;2;2;10;5;0;4;1;346
316540;136;9;12;8;4;2;8;2;4;10;8;2;1;206
316550;47;0;0;0;1;1;0;0;1;0;0;0;0;50
316560;35;0;0;3;0;1;12;0;0;1;41;0;2;95
316570;141;2;6;1;3;1;4;1;1;0;3;1;3;167
316580;42;2;0;3;0;1;2;1;0;0;0;0;0;51
316590;45;0;0;0;0;0;0;0;0;2;2;0;1;50
316600;133;5;7;1;0;0;23;3;4;0;4;9;1;190
316610;60;5;3;0;1;4;2;0;0;2;1;2;0;80
316620;100;7;7;11;3;2;1;2;0;1;3;1;2;140
316630;54;1;6;0;0;0;1;0;0;1;1;0;0;64
316640;86;3;0;1;2;1;2;1;0;1;1;1;0;99
316650;46;0;0;0;0;1;1;0;0;1;1;0;1;51
316660;53;0;0;0;4;1;0;0;1;0;0;0;2;61
316670;167;8;3;6;17;8;21;89;90;38;30;33;8;518
316680;224;14;8;20;12;12;11;10;9;7;10;9;7;353
316690;377;44;10;20;33;27;26;18;26;44;30;12;5;672
316700;58;11;2;0;3;3;1;0;1;0;2;1;5;87
316710;451;15;21;22;16;14;41;14;7;21;11;8;12;653
316720;20761;1645;1391;1598;1562;1593;1626;1660;1817;1829;1785;1562;1179;40008
316730;42;0;2;4;2;0;0;2;5;2;1;1;0;61
316740;117;2;12;8;6;1;13;4;10;31;7;2;1;214
316750;107;3;1;6;1;0;1;3;4;5;3;11;1;146
316760;72;1;0;0;2;5;2;10;2;1;2;2;5;104
316770;188;9;26;8;2;4;8;8;7;4;4;3;3;274
316780;156;11;14;4;2;4;3;11;6;4;7;11;1;234
316790;79;6;0;0;0;0;3;0;1;2;4;2;2;99
316800;423;8;14;8;5;1;5;6;7;12;12;58;6;565
316810;1487;122;72;47;83;27;53;38;31;39;15;36;38;2088
316820;103;0;0;0;1;1;2;2;0;0;0;0;0;109
316830;100;22;2;9;4;6;6;6;1;13;8;10;8;195
316840;217;4;3;7;7;1;6;3;9;10;6;13;2;288
316850;211;1;2;1;2;12;2;2;3;11;7;5;1;260
316860;8535;763;582;643;477;656;454;572;602;637;648;663;499;15731
316870;13536;289;221;221;261;309;305;291;205;292;514;186;281;16911
316880;343;9;10;9;11;22;6;8;26;26;8;10;20;508
316890;110;4;3;9;11;7;27;75;33;33;17;4;4;337
316900;557;10;19;15;15;17;17;39;37;52;43;47;27;895
316910;57;3;0;0;0;3;0;0;3;0;0;1;1;68
316920;277;21;5;4;9;11;13;9;9;10;5;6;5;384
316930;6142;274;281;288;202;267;280;231;354;478;414;338;365;9914
316935;2936;124;128;119;107;110;185;177;299;256;322;184;140;5087
316940;5769;424;658;449;789;585;432;439;404;446;359;301;142;11197
316950;138;9;9;14;5;4;11;8;17;18;8;4;3;248
316960;2501;303;116;148;79;386;337;100;108;87;78;90;57;4390
316970;658;4;2;5;7;14;25;5;5;9;30;10;13;787
316980;91;2;1;7;1;9;2;2;4;3;1;3;0;126
316990;8562;401;317;372;471;415;528;582;666;583;565;574;322;14358
317000;67;6;6;1;0;2;2;2;2;4;4;3;2;101
317010;29947;1997;1760;2017;1992;2225;3109;2395;2671;2683;2730;2392;1626;57544
317020;51814;3804;2913;3209;3627;3018;3521;3394;3758;3909;4444;3952;2870;94233
317030;59;1;1;4;1;1;0;1;3;0;5;0;1;77
317040;2796;287;228;227;224;139;158;193;220;125;148;184;95;5024
317050;2867;357;128;119;63;125;233;140;150;114;81;69;59;4505
317070;15478;1000;921;861;998;1028;1316;1215;1397;1178;1398;1134;734;28658
317080;3256;114;152;164;186;176;254;168;297;325;274;197;125;5688
317090;113;1;4;2;2;3;4;2;1;2;4;1;2;141
317100;2392;127;114;135;132;120;155;209;139;131;143;141;147;4085
317110;79;0;6;0;4;3;0;0;4;2;2;3;3;106
317120;5721;139;213;171;150;174;184;185;211;205;270;288;203;8114
317130;7602;212;225;331;201;208;553;300;410;388;429;241;173;11273
317140;87;0;2;0;1;1;0;0;4;0;0;0;1;96
317150;63;4;0;6;0;1;0;2;1;0;0;0;0;77
317160;123;1;1;1;0;1;0;1;1;4;1;1;0;135
317170;213;19;17;2;2;5;2;1;5;6;13;5;4;294
317180;235;4;12;9;10;9;16;5;6;3;7;4;8;328
317190;89;20;1;2;1;3;0;2;0;1;0;0;1;120
317200;3452;208;117;108;134;445;296;208;174;200;122;124;103;5691
317210;191;5;10;5;13;9;6;12;4;29;24;9;3;320
317220;114;3;14;7;2;6;2;1;5;7;1;4;4;170
319999;264;4;1;7;2;4;10;6;11;13;2;4;0;328
320010;1194;48;53;33;44;55;63;18;54;31;34;69;29;1725
320020;1183;26;15;35;64;85;67;36;32;50;36;32;32;1693
320030;264;3;6;4;16;7;9;4;11;16;12;2;8;362
320035;9;11;12;1;17;56;23;24;16;8;11;18;1;207
320040;1420;94;40;58;35;63;39;35;54;45;38;43;48;2012
320050;177;2;3;4;6;6;6;4;4;2;2;1;2;219
320060;6934;196;192;306;249;202;204;151;204;244;258;289;221;9650
320070;314;26;5;37;20;33;12;30;9;14;8;7;7;522
320080;1404;168;56;80;62;54;66;48;55;47;68;75;36;2219
320090;1332;55;74;52;57;66;66;76;149;47;58;50;44;2126
320100;670;54;58;20;51;45;61;79;38;23;17;17;10;1143
320110;414;1;8;5;18;10;6;6;16;4;10;8;4;510
320120;21093;1100;1042;1132;1378;1232;1195;1240;1245;1305;1350;1253;1039;35604
320130;20566;1362;1289;1457;1427;1280;1442;1610;1411;1482;1665;1509;1250;37750
320140;1572;89;70;62;69;105;99;95;83;101;79;73;57;2554
320150;13757;683;761;793;736;894;845;947;971;1029;869;743;499;23527
320160;4607;128;269;241;281;180;260;178;180;235;137;165;128;6989
320170;840;35;18;41;30;69;36;25;34;38;30;19;32;1247
320180;66;5;1;6;3;3;3;1;0;0;0;0;0;88
320200;80;3;1;5;3;6;0;1;0;2;0;3;3;107
320210;590;25;20;25;20;9;13;13;71;13;5;10;15;829
320220;690;33;22;32;33;31;33;32;32;20;37;23;10;1028
320230;1342;54;33;51;39;69;110;56;50;57;61;47;35;2004
320240;4382;413;210;255;260;323;364;309;295;337;343;348;348;8187
320245;90;20;1;6;8;12;3;14;11;6;11;1;7;190
320250;1544;118;135;190;132;132;129;114;102;140;96;120;65;3017
320260;421;15;22;20;30;18;8;19;25;19;19;19;9;644
320270;554;51;44;34;38;80;70;45;29;28;12;12;15;1012
320280;2345;325;981;215;88;142;513;296;228;151;100;90;53;5527
320290;279;3;5;24;23;8;9;13;11;19;10;12;0;416
320300;726;18;23;23;39;33;42;22;18;28;17;14;16;1019
320305;76;33;49;14;18;14;21;13;31;22;14;24;5;334
320310;335;3;19;12;16;12;6;7;3;10;7;12;7;449
320313;4;1;1;0;0;0;0;0;0;0;0;0;0;6
320320;11657;749;662;755;812;846;912;1002;869;884;820;723;513;21204
320330;247;3;0;3;35;6;9;5;8;7;6;6;8;343
320334;156;15;5;3;16;8;8;9;9;11;10;7;5;262
320335;172;1;2;10;7;7;6;5;10;6;1;1;1;229
320340;637;7;16;12;15;34;8;12;15;16;10;7;10;799
320350;439;34;18;14;12;11;8;28;15;22;11;14;3;629
320360;236;9;1;2;2;1;2;18;9;0;3;3;3;289
320370;455;21;25;14;27;38;13;14;13;18;7;15;11;671
320380;791;66;70;42;63;70;31;18;13;25;22;58;25;1294
320390;2630;200;151;140;148;242;169;191;138;197;164;147;123;4640
320400;736;96;84;68;21;35;55;14;27;28;26;20;54;1264
320405;88;18;9;16;29;26;6;13;12;15;3;11;1;247
320410;608;38;25;47;10;29;31;21;20;11;3;8;8;859
320420;217;26;24;13;4;20;6;11;9;10;8;6;17;371
320430;158;5;1;2;3;7;7;8;4;3;2;4;1;205
320435;36;2;4;0;2;2;0;2;25;3;11;8;3;98
320440;291;10;7;16;10;22;9;8;18;10;11;5;4;421
320450;524;20;13;25;10;18;22;21;20;12;32;6;7;730
320470;1558;88;100;88;82;105;97;101;93;107;96;70;115;2700
320480;435;13;6;11;18;33;25;11;5;7;7;9;5;585
320490;7026;354;385;442;333;436;349;425;660;557;578;482;334;12361
320500;27028;2286;2033;1919;1800;1778;2146;2350;2126;2596;2082;1728;1404;51276
320510;4814;188;160;149;142;163;225;187;201;265;294;312;260;7360
320520;21446;1634;1167;1481;1509;1302;1405;1914;1748;1754;2005;1544;1278;40187
320530;139256;5900;5546;5121;4955;5184;5784;5447;5406;5568;6263;5237;4498;204165
329999;2342;80;74;131;128;140;130;95;109;127;102;166;76;3700
330010;17600;1349;1157;967;1205;1069;822;1164;1028;748;818;772;487;29186
330020;4018;212;188;200;200;173;225;144;179;234;226;218;182;6399
330022;16;0;0;0;1;1;0;1;0;0;1;0;0;20
330025;220;4;13;0;3;6;8;19;23;16;13;8;8;341
330030;11435;799;564;727;803;633;815;690;698;699;647;687;404;19601
330040;22825;970;861;943;912;1172;1368;1367;1298;1521;1610;1338;934;37119
330045;9;1;0;0;1;0;0;0;0;0;1;1;0;13
330050;878;58;31;27;53;63;24;27;85;32;41;39;29;1387
330060;2397;90;73;86;122;126;128;125;102;103;99;111;89;3651
330070;10585;1320;867;771;749;672;611;678;637;875;826;826;743;20160
330080;2735;85;121;112;60;163;165;154;113;88;91;136;99;4122
330090;483;14;7;25;15;20;11;106;280;4;24;34;6;1029
330100;46088;3227;1728;1942;2193;2575;7088;3923;1755;2192;1984;1822;1225;77742
330110;2989;63;39;55;41;137;124;77;146;109;75;102;79;4036
330120;1435;56;74;58;62;100;54;53;83;57;46;30;29;2137
330130;1790;113;82;181;87;104;59;102;160;104;106;125;56;3069
330140;776;75;15;23;28;57;25;32;21;19;12;26;18;1127
330150;1059;64;72;58;47;38;43;38;60;56;99;56;49;1739
330160;211;9;5;4;6;11;3;5;7;11;6;5;2;285
330170;64049;3299;2935;3207;3329;3646;4105;4351;4824;4662;4268;4012;2798;109485
330180;877;16;14;24;30;55;27;40;64;49;46;33;11;1286
330185;6;0;0;0;1;0;0;1;0;0;0;2;1;11
330190;7289;481;326;408;424;500;486;471;450;470;478;525;351;12659
330200;7095;479;251;368;388;316;390;400;380;419;399;399;295;11579
330205;1;0;0;0;0;0;0;0;0;0;0;0;0;1
330210;1233;37;49;70;64;45;59;37;59;36;27;65;48;1829
330220;5350;236;177;165;246;242;246;288;299;245;250;242;215;8201
330230;260;31;4;3;2;3;4;8;2;0;1;2;0;320
330240;18663;1077;746;859;980;896;892;836;973;981;929;962;689;29483
330250;10341;443;293;378;472;438;411;475;512;484;549;556;323;15675
330260;2855;101;102;118;129;158;118;243;79;90;129;120;103;4345
330270;3225;193;164;114;173;229;108;142;129;110;151;151;145;5034
330280;1254;46;47;42;32;45;68;51;53;39;49;35;43;1804
330290;1079;33;15;40;41;54;42;40;44;44;40;39;44;1555
330300;1276;42;12;73;94;47;72;67;55;27;38;64;76;1943
330310;799;13;21;67;33;17;45;28;32;35;21;11;9;1131
330320;8528;362;324;639;521;540;352;410;547;478;471;485;282;13939
330330;106972;4594;3955;4693;5317;4343;4697;5896;5439;5923;6886;5924;3986;168625
330340;22042;921;760;1090;945;1275;1357;1557;1503;1454;1526;1324;988;36742
330350;62686;3170;2542;3273;3218;3248;3616;4370;4029;4125;3993;3961;2819;105050
330360;4236;183;103;110;159;115;138;129;111;146;162;132;134;5858
330370;2943;116;105;123;114;103;130;105;119;158;158;161;90;4425
330380;1291;93;62;86;79;77;71;69;91;69;95;82;52;2217
330390;44269;2267;1931;2172;2210;2532;2761;3279;3319;3378;3229;2962;1953;76262
330400;4728;155;166;186;166;266;186;163;125;183;155;165;111;6755
330410;1042;21;13;16;11;21;33;57;58;55;37;130;108;1602
330412;7;2;4;1;0;8;3;2;1;1;0;2;0;31
330414;1;0;0;0;0;0;0;0;0;0;2;0;0;3
330415;4;1;0;0;0;0;0;0;0;0;0;0;0;5
330420;16263;1059;1094;879;888;860;885;880;881;965;1040;963;678;27335
330430;3948;199;144;198;191;132;190;168;144;189;140;173;86;5902
330440;262;9;10;11;17;21;1;22;8;17;6;13;5;402
330450;269;12;5;25;6;9;12;5;9;4;5;6;1;368
330452;3;0;0;0;0;0;1;0;0;0;0;0;1;5
330455;1930307;79967;66808;73891;73124;77014;83001;90640;90788;91339;90409;87008;59655;2893951
330460;401;1;4;2;2;8;7;4;8;8;5;5;3;458
330470;2308;112;80;113;100;106;105;108;129;153;163;160;77;3714
330480;2162;84;92;48;100;97;110;146;89;104;63;54;37;3186
330490;41920;1932;1698;2001;2324;2446;2781;2306;2639;2507;2742;2652;1898;69846
330500;3077;73;45;69;76;112;236;62;67;75;55;43;54;4044
330510;28557;1863;1898;2882;2397;2837;1955;2041;1951;2270;1988;2030;1292;53961
330520;4042;165;198;115;208;131;218;269;125;167;150;160;109;6057
330530;104;2;2;0;4;2;0;0;2;10;2;3;1;132
330540;993;51;18;57;36;39;38;81;79;69;88;73;37;1659
330550;1341;66;39;57;91;103;100;58;80;71;76;78;46;2206
330560;747;50;40;65;58;33;57;30;24;39;21;25;12;1201
330570;403;7;1;13;12;12;12;4;5;7;12;18;5;511
330580;14066;777;883;936;783;932;971;1161;1110;1194;1020;937;581;25351
330590;277;4;2;10;3;22;16;0;4;1;3;2;2;346
330600;14765;724;727;656;615;736;614;698;923;748;688;750;488;23132
330610;7864;342;352;311;266;319;520;364;365;338;343;340;213;11937
330615;4;0;1;0;0;0;0;0;0;0;0;1;0;6
330620;3608;157;85;168;137;138;224;200;183;155;173;169;104;5501
330630;57459;2434;2402;2140;2011;2635;2100;2523;2340;2183;2303;2464;1883;84877
339999;49;2;1;1;4;6;0;2;0;5;4;3;2;79
350010;6039;320;311;520;425;304;429;371;423;433;369;265;317;10526
350020;130;12;5;2;14;17;2;27;2;14;3;16;5;249
350030;1958;100;85;89;145;91;166;158;126;127;129;104;64;3342
350040;580;26;38;28;10;15;24;26;24;32;87;41;23;954
350050;1580;194;92;85;76;110;106;114;97;97;98;95;98;2842
350055;410;11;15;29;33;19;19;12;23;30;19;14;14;648
350060;467;15;12;21;16;18;21;13;16;10;14;19;27;669
350070;3964;206;130;176;189;211;327;234;206;253;280;229;157;6562
350075;3;0;0;0;0;0;0;0;0;0;0;0;0;3
350080;110;4;9;5;5;2;2;3;4;13;1;0;1;159
350090;147;5;6;9;12;20;3;4;60;19;16;13;3;317
350100;845;31;54;21;46;44;71;26;26;16;13;25;13;1231
350110;115;4;7;1;7;5;5;2;2;2;0;0;0;150
350115;1;0;0;0;0;0;0;0;0;0;0;0;1;2
350120;87;8;1;3;3;0;0;2;0;2;4;0;0;110
350130;767;35;45;59;37;39;40;52;41;67;43;26;21;1272
350140;194;11;6;9;9;6;11;10;6;0;2;2;4;270
350150;106;1;2;3;2;0;1;3;2;1;4;0;0;125
350160;41603;3397;3056;2639;2545;2822;2951;3441;3456;3331;3586;2930;1637;77394
350170;4797;1009;510;301;205;296;1629;700;527;508;251;325;341;11399
350180;376;9;14;22;23;19;5;10;9;14;19;5;4;529
350190;10040;751;526;574;598;741;669;747;679;748;720;690;400;17883
350200;229;9;10;19;8;10;28;12;14;16;10;6;4;375
350210;6025;353;403;279;277;253;307;197;272;256;297;210;185;9314
350220;1510;75;132;59;148;116;58;59;151;192;108;57;78;2743
350230;244;13;2;9;10;10;14;21;24;12;21;23;14;417
350240;114;0;1;2;3;3;2;2;4;2;0;6;2;141
350250;3995;138;151;199;179;251;208;188;207;296;217;190;137;6356
350260;175;2;1;3;14;0;7;3;6;4;0;1;3;219
350270;1731;93;58;87;86;108;89;72;131;90;147;79;95;2866
350275;0;0;1;0;0;0;0;0;1;0;0;0;0;2
350280;25357;1569;1669;1466;1432;1717;3814;2094;1884;2018;2057;1604;1047;47728
350290;684;127;88;35;67;77;70;64;79;78;72;67;54;1562
350300;127;22;3;8;2;2;3;63;18;5;12;8;0;273
350310;165;15;6;9;12;13;13;4;5;0;1;1;2;246
350320;32516;2178;2182;2088;1836;2234;4258;3755;3010;2500;2326;2388;1647;62918
350330;17592;5513;1100;1028;736;4642;2032;1994;1734;1528;1275;1346;1418;41938
350340;196;7;4;5;10;8;6;6;5;10;8;6;5;276
350350;85;4;1;3;3;2;1;4;3;4;2;0;1;113
350360;276;52;18;24;18;13;22;14;22;60;49;21;17;606
350370;1748;565;179;53;45;264;940;237;155;281;104;92;58;4721
350380;2973;114;118;195;184;138;720;289;324;237;257;175;135;5859
350390;6020;590;432;333;406;508;625;516;536;514;620;411;276;11787
350400;12590;822;639;868;767;1751;1334;1058;816;733;740;594;425;23137
350410;9248;624;565;608;667;753;837;747;702;689;767;567;466;17240
350420;958;28;74;110;22;57;54;38;80;51;47;64;29;1612
350430;147;5;7;10;5;0;7;2;7;4;3;12;1;210
350440;466;74;24;29;40;34;40;35;36;33;37;60;38;946
350450;7031;520;372;456;425;465;512;614;543;475;607;562;329;12911
350460;192;9;5;2;37;13;27;19;10;14;28;28;13;397
350470;61;0;0;1;0;1;0;1;0;0;2;0;2;68
350480;241;16;5;5;4;34;4;19;20;32;23;34;19;456
350490;709;40;16;14;58;58;37;25;48;29;30;28;22;1114
350500;47;1;0;0;1;0;1;0;0;0;0;1;0;51
350510;286;8;10;13;16;23;12;7;13;8;4;3;4;407
350520;2797;215;118;112;97;106;184;90;132;154;169;153;70;4397
350530;6323;227;182;172;189;568;370;318;286;293;287;266;181;9662
350540;44;1;1;3;6;0;0;4;9;4;7;1;2;82
350550;11422;1210;1147;988;1241;886;1519;1861;1385;1118;958;1025;816;25576
350560;537;68;33;44;53;108;176;72;39;64;39;90;20;1343
350570;37256;2847;2115;2173;1870;2149;2275;2513;2706;2854;2786;2322;1841;65707
350580;3526;163;60;173;60;122;140;105;67;192;174;115;170;5067
350590;4658;254;219;331;275;413;303;331;642;323;510;334;210;8803
350600;46939;2171;2046;2187;2085;2267;2229;2557;2633;2908;2943;2842;1917;75724
350610;20283;1498;843;905;500;1858;1828;4090;4515;3138;2605;2768;1489;46320
350620;279;7;3;46;8;536;124;112;53;31;18;3;0;1220
350630;528;14;12;13;15;19;36;29;23;16;43;19;19;786
350635;0;0;0;0;3;2;0;0;0;0;1;0;0;6
350640;438;7;15;20;27;28;18;9;15;23;20;10;4;634
350650;14780;974;1171;1050;1136;1394;1398;1695;1586;1505;1468;1232;425;29814
350660;499;13;25;19;37;38;29;18;12;23;32;21;9;775
350670;1887;310;136;114;67;103;348;321;162;276;153;139;79;4095
350680;590;49;18;26;18;75;106;54;35;47;27;34;10;1089
350690;315;30;13;8;29;7;13;98;44;30;31;48;23;689
350700;3301;193;231;252;267;237;566;354;310;296;294;182;118;6601
350710;930;127;82;44;49;79;54;74;74;82;68;127;22;1812
350720;707;11;14;20;12;147;412;198;123;8;7;6;0;1665
350730;131;5;7;10;17;7;7;15;7;11;11;24;13;265
350740;411;44;37;19;18;27;16;15;41;24;22;23;8;705
350750;15641;968;848;823;778;990;1126;1094;921;791;849;852;544;26225
350760;13347;751;607;728;596;664;826;819;858;967;820;820;498;22301
350770;139;56;9;4;3;3;117;9;4;0;2;1;2;349
350780;833;55;49;27;29;41;16;50;45;58;39;31;31;1304
350790;1673;169;104;126;123;115;147;99;109;121;128;66;36;3016
350800;1685;60;66;73;95;41;93;76;72;173;87;84;78;2683
350810;651;37;17;34;46;50;23;26;34;27;32;46;14;1037
350820;72;0;2;2;10;1;23;15;9;9;1;3;1;148
350830;364;61;33;16;50;50;26;55;23;20;21;33;15;767
350840;3095;153;179;145;144;154;295;271;160;151;211;202;134;5294
350850;7313;321;287;330;474;444;404;368;406;425;339;374;235;11720
350860;2825;66;117;102;167;180;139;124;131;116;149;99;104;4319
350870;468;28;11;14;33;19;16;13;22;21;22;20;15;702
350880;931;33;17;24;33;35;23;52;40;66;57;60;25;1396
350890;441;27;238;16;14;28;148;46;34;67;31;16;5;1111
350900;6281;344;279;191;205;235;279;342;350;412;424;370;190;9902
350910;252;4;4;3;11;2;86;27;31;29;8;7;5;469
350920;18675;1927;1654;1852;1544;2097;2178;2261;1994;1815;1674;1849;1000;40520
350925;2;3;0;0;2;0;0;0;3;0;1;0;0;11
350930;380;4;6;9;18;5;15;14;13;14;8;12;6;504
350940;966;63;53;45;244;245;128;111;109;70;79;41;110;2264
350950;182448;12264;10734;10725;10768;12914;12423;12620;12544;13306;14347;12913;8182;326188
350960;5489;286;308;243;245;285;394;342;358;259;312;341;138;9000
350970;4851;321;344;334;305;348;331;345;325;331;353;323;238;8749
350980;30;0;1;0;0;0;2;0;1;12;0;5;3;54
350990;490;23;4;16;15;107;13;19;19;23;51;31;14;825
351000;1880;183;48;76;92;1114;401;246;88;85;86;55;47;4401
351010;100;3;3;3;14;1;9;10;6;8;6;9;5;177
351015;0;0;0;0;0;0;0;0;0;1;0;0;0;1
351020;3916;250;181;228;188;192;242;254;192;249;206;261;159;6518
351030;1187;29;25;26;51;278;103;171;97;56;22;11;26;2082
351040;6276;494;480;379;379;375;863;814;682;538;483;290;167;12220
351050;3087;306;151;233;239;220;285;209;256;264;328;237;244;6059
351060;10643;934;745;853;891;948;900;976;957;895;903;692;458;20795
351070;466;21;23;30;24;9;30;6;21;15;6;7;5;663
351080;2353;128;112;129;123;177;101;112;95;138;157;135;103;3863
351090;51;0;0;2;0;0;0;0;0;1;1;1;0;56
351100;1322;25;34;20;14;12;37;3;28;9;9;9;4;1526
351110;15563;1034;733;818;746;1124;1168;1077;1327;1221;1054;1063;640;27568
351120;222;14;5;6;5;19;13;12;15;13;14;11;5;354
351130;183;9;4;3;17;3;13;9;8;24;23;15;8;319
351140;788;43;36;23;39;27;52;46;47;52;88;38;19;1298
351150;3731;221;185;151;155;152;592;302;257;238;202;181;90;6457
351160;605;64;30;35;38;41;59;218;52;29;23;31;14;1239
351170;556;44;26;61;47;54;154;103;79;52;33;31;8;1248
351190;488;14;10;44;34;142;646;201;76;45;34;28;0;1762
351200;2147;154;107;81;66;60;81;306;186;161;166;231;90;3836
351210;469;28;7;6;2;34;10;40;7;17;19;23;16;678
351220;1461;187;467;135;131;427;371;135;135;120;85;146;67;3867
351230;761;32;64;45;29;43;30;120;62;59;82;45;29;1401
351240;2554;233;319;161;115;256;248;223;213;215;167;131;93;4928
351250;490;31;26;51;32;30;28;43;32;45;39;25;27;899
351260;133;3;2;2;1;0;3;1;3;2;2;1;1;154
351270;247;20;17;18;17;14;9;10;38;24;21;4;13;452
351280;3694;1196;255;226;228;230;2108;378;362;296;296;257;174;9700
351290;186;6;12;10;9;4;3;29;8;11;9;7;2;296
351300;21205;1580;1337;1333;1288;1447;1546;1685;1772;1828;1639;1483;881;39024
351310;1851;131;82;106;94;259;238;195;152;172;132;113;77;3602
351320;274;14;37;12;7;8;41;22;16;36;14;11;13;505
351330;428;21;30;59;36;36;27;24;37;33;23;37;28;819
351340;9642;367;537;388;326;359;401;459;413;486;450;556;243;14627
351350;41004;3080;2289;2419;2975;2647;2299;1935;2012;2307;2295;2445;1634;69341
351360;249;6;7;10;7;11;4;6;11;21;21;8;12;373
351370;4400;237;265;157;266;327;524;276;237;314;310;220;231;7764
351380;78178;6552;5348;5090;5022;5983;6314;7122;6867;6532;7298;6713;3941;150960
351390;307;14;11;12;6;10;10;7;18;12;5;7;5;424
351400;2572;1091;89;28;191;570;1408;745;613;406;477;748;473;9411
351410;3044;124;100;71;301;431;143;144;114;142;195;101;65;4975
351420;68;0;11;2;4;8;0;1;5;0;0;0;0;99
351430;417;64;47;50;42;17;62;57;37;28;70;50;84;1025
351440;4060;258;199;218;177;185;183;257;217;266;281;258;153;6712
351450;1154;41;65;76;66;59;35;107;52;35;52;28;22;1792
351460;612;137;51;166;55;471;66;135;39;41;56;23;356;2208
351470;221;8;2;9;3;7;17;6;5;9;9;2;7;305
351480;497;51;23;24;35;21;26;49;61;18;55;34;17;911
351490;1310;132;175;154;108;120;288;269;206;228;195;122;78;3385
351495;0;0;0;0;0;0;0;0;0;1;0;0;0;1
351500;36746;4584;3818;3986;3809;4276;4680;5016;4472;4581;4857;4242;2764;87831
351510;2614;286;366;376;237;276;304;308;345;294;257;216;196;6075
351518;6697;385;346;289;298;273;362;308;359;344;351;294;206;10512
351520;323;14;10;11;57;33;10;29;12;15;10;16;19;559
351530;102;11;2;3;5;3;6;5;9;4;4;5;2;161
351540;638;21;22;22;34;25;37;26;15;25;27;49;16;957
351550;6196;379;347;343;350;427;474;449;404;350;413;352;202;10686
351560;141;6;7;1;9;5;10;1;8;7;7;10;2;214
351570;9416;828;894;564;552;960;1230;1518;1267;1122;960;952;531;20794
351580;75;0;0;1;14;1;0;1;0;0;1;0;0;93
351590;162;8;10;7;3;2;2;4;10;3;1;2;3;217
351600;623;16;18;50;28;22;194;115;190;26;25;11;6;1324
351610;139;5;2;19;2;4;2;4;23;5;3;6;0;214
351620;50396;3622;3147;2927;2586;4874;4615;4748;4287;4070;3932;3305;1826;94335
351630;1214;83;91;78;83;87;89;85;54;70;74;62;48;2118
351640;3475;225;264;244;209;239;261;265;263;317;310;270;156;6498
351650;60;1;0;3;0;0;0;3;3;1;0;0;0;71
351660;484;15;20;20;23;27;19;40;16;33;31;34;18;780
351670;4429;238;302;241;202;220;228;247;267;261;260;220;112;7227
351680;111;6;3;8;5;1;3;2;2;0;3;1;1;146
351690;617;45;22;16;24;49;281;53;38;30;33;9;11;1228
351700;389;13;9;18;16;21;22;13;16;12;21;25;2;577
351710;180;6;9;2;1;16;12;12;21;30;11;7;3;310
351720;303;10;8;29;12;26;16;19;18;12;24;15;14;506
351730;491;39;11;24;36;166;107;66;58;57;39;19;5;1118
351740;2710;133;247;313;154;280;545;242;198;218;175;167;168;5550
351750;558;44;31;20;35;32;11;23;15;32;23;14;12;850
351760;701;38;36;66;23;28;16;49;34;43;23;27;39;1123
351770;841;44;73;112;73;34;47;59;41;24;32;39;15;1434
351780;493;25;11;17;29;12;17;20;26;11;24;28;14;727
351790;351;19;18;25;17;15;10;8;24;28;13;11;6;545
351800;109;1;4;8;5;2;8;3;8;3;6;3;1;161
351810;240;18;8;12;5;8;9;8;10;16;11;15;8;368
351820;2700;130;175;235;139;146;870;327;135;186;170;111;117;5441
351830;1342;67;56;59;60;87;72;80;90;97;148;97;76;2331
351840;16939;696;1325;632;711;819;796;1145;839;831;844;695;574;26846
351850;511;21;11;10;14;28;18;15;9;20;17;5;18;697
351860;4025;480;259;291;259;967;3353;333;317;250;167;543;316;11560
351870;19229;1559;1256;1286;1300;1317;1493;1629;1577;1340;1371;1431;1802;36590
351880;155716;10941;9894;9497;9820;10654;10577;12183;12866;12627;12571;11100;6683;285129
351890;89;3;1;2;0;2;5;4;1;4;0;1;0;112
351900;232;7;8;12;1;20;16;6;5;6;6;7;9;335
351905;47;4;1;5;0;6;1;9;6;4;8;1;7;99
351910;375;7;12;26;18;34;9;6;25;31;16;16;17;592
351920;402;17;10;6;23;26;8;8;9;19;9;12;3;552
351930;3324;547;315;111;103;235;1340;286;215;190;194;189;82;7131
351940;381;16;9;2;6;14;12;11;14;9;3;10;10;497
351950;438;37;12;60;46;32;89;76;89;99;104;135;82;1299
351960;2777;162;182;174;150;237;201;185;184;209;229;182;90;4962
351970;2161;110;132;96;96;122;119;137;106;109;122;91;61;3462
351980;351;54;95;75;57;75;76;51;113;117;42;39;13;1158
351990;479;14;12;17;21;8;39;28;23;13;10;24;8;696
352000;6124;78;60;38;61;93;268;471;245;153;175;129;78;7973
352010;3228;328;285;132;103;98;774;540;300;195;210;119;37;6349
352020;294;16;5;16;7;10;20;17;10;8;6;14;18;441
352030;1048;75;34;71;53;61;42;54;50;97;121;46;35;1787
352040;798;50;38;38;52;36;47;52;43;53;56;58;28;1349
352044;11;3;0;0;3;0;0;1;0;1;1;1;0;21
352050;15597;1012;883;742;834;912;1139;1078;1103;1157;1083;977;352;26869
352060;300;15;7;17;27;10;17;16;29;24;18;15;11;506
352070;205;3;6;1;5;7;11;18;17;11;3;3;2;292
352080;173;2;3;3;4;1;7;7;10;3;2;11;1;227
352090;1240;64;43;40;44;162;222;79;77;83;89;85;31;2259
352100;725;29;26;30;65;47;77;58;41;44;147;53;24;1366
352110;186;16;8;20;17;24;32;16;25;8;24;12;11;399
352120;146;7;3;4;3;10;6;1;4;6;2;4;1;197
352130;703;21;24;42;16;15;8;13;16;11;15;7;15;906
352140;5047;339;225;136;100;1327;552;411;230;192;142;89;46;8836
352150;110;2;0;0;4;3;1;5;3;8;3;0;0;139
352160;392;9;18;9;7;17;16;11;14;19;13;27;8;560
352170;738;30;40;29;41;32;29;28;21;49;48;39;23;1147
352180;681;62;36;18;25;18;30;74;39;29;38;33;16;1099
352190;1024;161;99;44;48;139;119;91;79;81;59;58;25;2027
352200;67;0;4;3;1;4;1;1;0;0;0;0;1;82
352210;4174;267;207;261;264;250;236;239;254;218;220;274;227;7091
352220;7112;519;437;475;434;576;479;505;547;597;519;485;275;12960
352230;12029;794;794;751;738;845;953;894;946;938;1068;867;681;22298
352240;7835;559;362;322;351;412;385;395;433;510;515;408;284;12771
352250;4395;528;338;689;329;378;389;388;330;395;432;572;294;9457
352260;9380;1552;674;516;545;512;3147;1192;819;903;661;820;317;21038
352270;3921;83;55;63;60;105;218;505;700;402;472;530;216;7330
352280;364;5;7;10;11;9;9;10;7;13;15;5;12;477
352290;974;41;66;54;31;55;84;158;87;84;69;94;31;1828
352300;94;1;19;5;5;2;4;2;1;4;11;1;10;159
352310;13694;1322;1083;1068;953;1107;1233;1219;1263;1520;1611;1569;827;28469
352320;3351;216;198;169;174;272;295;251;289;306;301;236;195;6253
352330;393;40;27;23;55;53;33;43;23;36;35;33;13;807
352340;12868;802;587;700;544;632;723;931;884;799;824;753;478;21525
352350;832;177;99;116;141;100;91;165;118;155;143;127;46;2310
352360;1202;83;91;102;89;95;79;103;101;76;73;79;73;2246
352370;147;5;3;3;7;0;4;2;4;0;2;6;3;186
352380;317;13;12;16;21;11;14;21;8;24;55;29;7;548
352390;21836;1723;1807;1544;1574;1655;1890;2009;2525;2689;2418;2024;1019;44713
352400;1625;183;139;138;116;201;182;226;176;173;160;129;70;3518
352410;2496;101;122;261;152;139;72;99;136;151;156;113;98;4096
352420;180;6;13;12;8;2;2;7;9;9;5;3;2;258
352430;11686;998;624;614;724;4953;1706;920;687;591;503;1450;1726;27182
352440;24987;1532;1144;1339;1300;1448;1443;1544;1425;1514;1416;1332;759;41183
352450;122;7;2;2;3;4;8;7;3;21;17;2;2;200
352460;3667;314;151;176;167;168;192;204;199;207;210;142;102;5899
352470;4492;198;167;157;199;267;328;403;364;330;281;246;147;7579
352480;3526;184;148;189;184;154;207;145;142;165;190;154;105;5493
352490;253;25;29;20;20;9;15;9;15;9;15;13;13;445
352500;5789;497;381;490;431;375;478;540;508;421;408;361;282;10961
352510;2575;133;109;160;98;147;340;169;178;187;202;150;82;4530
352520;402;16;10;31;25;65;51;40;38;41;31;31;42;823
352530;23439;1686;1407;1211;1180;2542;1859;1728;1631;1715;1742;1314;884;42338
352540;55;1;1;2;1;4;1;8;11;13;9;19;1;126
352550;679;31;34;50;37;69;56;64;65;47;55;55;43;1285
352560;69;4;2;2;2;2;4;3;2;2;1;1;6;100
352570;2441;138;93;107;96;215;226;176;196;242;154;167;83;4334
352580;291;58;5;2;8;5;5;1;0;2;0;1;1;379
352590;67316;4312;4087;3771;3757;4094;4614;5041;4458;5226;5181;4706;3063;119626
352600;1363;44;75;69;46;55;434;219;51;70;53;54;33;2566
352610;1223;47;160;91;252;58;77;95;69;75;61;44;25;2277
352620;591;20;29;22;35;42;61;38;33;44;28;34;24;1001
352630;140;5;1;0;1;0;0;1;0;1;0;0;0;149
352640;3161;185;191;206;195;243;252;262;241;224;222;216;92;5690
352650;256;9;5;11;7;11;2;6;2;3;3;2;2;319
352660;301;17;10;7;16;14;7;17;10;16;12;13;1;441
352670;7275;1369;400;583;527;1886;988;655;494;634;583;490;315;16199
352680;13197;626;518;741;1133;993;1071;1197;816;687;662;460;379;22480
352690;40274;2528;2316;2496;2493;2834;2964;3124;3043;2726;3110;2754;1669;72331
352700;581;74;18;12;32;53;20;25;67;47;43;31;20;1023
352710;7548;499;391;440;408;355;568;635;524;511;452;474;366;13171
352720;6005;432;302;402;312;302;329;318;373;384;394;405;250;10208
352730;2257;109;128;115;103;95;106;111;115;135;121;111;61;3567
352740;2049;83;113;155;112;99;201;205;165;88;182;87;66;3605
352750;60;1;0;7;2;0;0;0;3;1;2;1;0;77
352760;1042;159;70;68;46;110;132;61;121;58;109;89;30;2095
352770;84;1;3;3;0;3;3;5;0;1;6;2;0;111
352780;111;2;3;10;3;5;16;2;9;0;1;0;1;163
352790;110;4;6;5;7;15;9;8;0;5;3;5;3;180
352800;8969;240;341;857;637;885;254;250;223;290;149;106;106;13307
352810;196;14;0;15;8;2;8;16;10;5;16;8;2;300
352820;90;4;1;3;0;7;3;1;7;8;4;1;1;130
352830;286;31;5;8;5;7;2;6;6;13;8;13;7;397
352840;10351;484;411;417;314;461;571;639;633;589;545;483;280;16178
352850;5166;378;295;323;379;408;282;333;365;391;439;435;179;9373
352860;291;27;27;49;22;75;28;45;19;21;52;22;10;688
352870;181;12;3;5;5;10;3;9;11;1;1;1;0;242
352880;2979;740;466;114;289;553;176;193;94;136;51;57;52;5900
352890;102;5;2;2;5;1;3;4;7;1;3;0;1;136
352900;23997;1256;1411;1299;1274;1547;1521;1632;1801;1955;1711;1707;1096;42207
352910;54;1;2;2;0;3;0;0;3;0;1;0;0;66
352920;1075;67;82;180;50;88;45;38;53;33;43;51;23;1828
352930;15702;1508;1115;849;1141;1386;1643;2740;2422;1716;1511;1891;1243;34867
352940;27099;1492;1422;1495;1291;1344;2105;1598;1790;1743;1769;1372;976;45496
352950;86;2;0;0;1;2;4;3;6;1;3;1;0;109
352960;111;18;2;5;9;1;4;3;1;6;2;3;5;170
352970;524;19;11;23;28;25;21;7;19;19;23;10;4;733
352980;1637;246;267;312;236;277;592;548;362;359;275;313;242;5666
352990;742;54;37;91;30;41;57;51;44;60;57;49;41;1354
353000;57;1;3;2;1;3;1;0;1;3;0;0;0;72
353010;1711;95;73;209;91;116;633;120;110;125;52;41;39;3415
353020;630;17;11;19;31;25;13;13;34;13;13;16;12;847
353030;7276;310;367;326;306;350;537;624;497;583;601;438;262;12477
353040;75;0;0;2;1;2;5;3;2;0;1;1;0;92
353050;8889;478;418;434;409;572;994;700;578;671;620;553;316;15632
353060;40013;2136;2091;1944;2192;2187;2034;2428;2407;2430;2556;2487;1688;66593
353070;15976;734;742;757;804;803;1079;905;726;793;871;947;602;25739
353080;12815;654;703;494;603;756;823;859;799;1011;774;740;576;21607
353090;189;23;3;8;10;2;5;4;6;9;10;2;5;276
353100;29;2;1;0;0;1;0;0;0;0;2;0;2;37
353110;1384;217;251;250;226;218;218;305;319;183;224;279;195;4269
353120;552;39;25;47;36;51;141;36;43;53;30;25;35;1113
353130;5619;593;426;355;328;386;561;683;487;524;535;436;252;11185
353140;1338;63;53;57;100;108;184;92;73;69;103;132;101;2473
353150;1132;67;47;48;50;37;75;61;83;106;89;78;33;1906
353160;172;4;4;15;4;4;4;10;8;6;2;3;3;239
353170;76;1;3;0;2;6;7;2;8;5;1;3;3;117
353180;1513;94;79;114;69;80;72;106;93;95;76;79;52;2522
353190;1882;69;41;89;63;162;243;100;84;133;60;55;9;2990
353200;14664;1364;1190;1287;736;1052;868;1014;1139;1070;1152;779;623;26938
353205;5;0;0;0;0;0;31;12;3;0;0;0;0;51
353210;171;0;1;0;4;6;7;3;7;2;1;5;1;208
353220;247;11;9;12;28;97;83;48;38;37;9;2;2;623
353230;121;3;0;1;4;12;15;11;0;5;0;1;1;174
353240;315;43;106;55;65;52;123;85;77;96;37;62;13;1129
353250;976;15;14;8;13;11;17;25;141;85;38;68;76;1487
353260;539;13;8;16;9;10;11;15;11;23;26;11;7;699
353270;80;1;2;3;1;1;26;4;3;4;3;3;21;152
353280;178;8;8;6;4;5;8;3;11;11;6;4;1;253
353282;1;1;0;0;0;0;0;0;0;0;0;0;0;2
353290;1713;44;47;34;20;90;555;208;45;25;13;15;7;2816
353300;629;19;22;13;16;22;36;51;33;66;63;30;24;1024
353310;108;10;16;5;2;4;9;1;1;3;5;1;3;168
353320;74;2;2;4;1;0;3;0;0;0;0;2;0;88
353330;59;5;5;1;3;1;4;1;1;0;3;0;1;84
353340;6953;609;497;536;394;464;519;582;669;635;630;514;253;13255
353350;1926;75;73;79;113;54;261;301;121;75;52;47;31;3208
353360;480;24;22;18;25;25;11;30;7;26;15;8;6;697
353370;179;8;8;8;19;4;5;7;3;11;7;13;2;274
353380;104;2;4;0;2;0;8;1;2;0;0;0;2;125
353390;4934;225;182;262;226;235;231;266;436;527;417;388;363;8692
353400;453;24;10;35;61;126;472;60;49;51;46;79;13;1479
353410;1134;110;68;86;51;321;130;100;50;51;55;27;25;2208
353420;965;9;12;11;10;309;97;39;35;15;21;3;8;1534
353430;5802;294;314;571;259;227;399;323;286;256;260;345;140;9476
353440;104311;5972;5390;4876;4359;4797;6295;6148;5798;5263;6095;5503;3882;168689
353450;107;4;1;2;0;1;3;2;1;0;3;1;1;126
353460;3028;121;122;113;113;135;194;273;182;221;210;201;119;5032
353470;10183;735;565;608;538;799;753;777;792;821;868;832;498;18769
353480;141;3;12;4;6;4;9;1;3;6;1;4;1;195
353490;758;19;27;22;28;22;54;40;25;73;31;26;22;1147
353500;382;12;9;10;7;7;2;5;7;12;10;4;1;468
353510;135;2;4;14;3;59;74;19;40;9;8;7;7;381
353520;430;17;26;19;26;12;12;5;11;7;6;12;7;590
353540;475;34;29;36;26;33;20;35;49;63;46;58;39;943
353550;3387;248;323;372;328;486;361;313;248;188;292;166;99;6811
353560;325;30;16;32;20;24;10;12;11;10;12;15;9;526
353570;157;9;1;5;2;1;4;7;3;8;3;4;5;209
353580;1038;25;65;49;166;68;44;45;48;45;77;44;40;1754
353590;142;5;12;0;5;4;2;1;4;2;1;2;1;181
353600;777;19;12;11;24;26;29;16;24;17;16;14;8;993
353610;378;44;42;37;31;69;36;28;26;26;31;29;17;794
353620;729;48;39;71;80;25;28;29;35;54;59;64;39;1300
353630;644;77;38;29;34;26;80;65;66;59;73;48;19;1258
353640;151;8;4;11;7;1;9;6;7;8;10;6;8;236
353650;11641;705;526;535;587;623;624;548;628;580;655;550;458;18660
353660;284;14;3;25;21;12;31;7;8;12;8;10;5;440
353670;2748;187;180;196;140;228;257;230;273;202;215;122;84;5062
353680;125;0;4;0;2;2;4;1;0;2;1;0;3;144
353690;22;0;1;4;0;1;1;0;0;1;1;1;0;32
353700;897;31;25;45;34;46;52;24;60;41;81;55;20;1411
353710;6859;498;379;361;345;383;423;449;434;410;500;385;188;11614
353720;184;19;3;6;7;17;21;3;13;8;5;7;9;302
353730;5917;421;455;376;355;339;776;374;427;445;440;381;207;10913
353740;4631;97;123;162;107;159;221;107;147;158;178;167;96;6353
353750;253;12;19;11;14;10;9;7;16;11;11;14;7;394
353760;1899;154;146;192;161;170;193;155;180;188;160;166;133;3897
353770;124;5;8;1;3;3;1;1;2;4;4;1;4;161
353780;6253;607;539;584;523;470;552;460;601;532;573;479;437;12610
353790;18357;1766;2128;2242;2159;2530;2337;2838;2490;2332;3018;4095;2768;49060
353800;15221;842;1078;660;689;733;762;734;784;881;929;817;604;24734
353810;554;33;39;25;24;51;69;56;57;39;29;16;25;1017
353820;190;39;11;12;4;9;17;7;11;6;23;7;12;348
353830;105;5;2;16;2;5;8;2;3;4;7;2;3;164
353850;1579;42;40;36;24;83;54;49;39;108;48;66;44;2212
353860;1678;89;163;42;65;128;93;190;69;76;79;133;27;2832
353870;57727;3688;2965;2983;3029;3953;3712;4133;3769;3645;3775;3495;2092;98966
353880;2201;84;117;85;110;134;167;114;117;119;169;137;92;3646
353890;1855;124;139;90;91;105;140;74;98;125;106;96;61;3104
353900;466;10;16;63;16;50;35;28;35;68;17;33;19;856
353910;888;58;58;56;41;63;47;93;65;113;112;126;146;1866
353920;2025;148;192;197;100;117;283;188;113;261;141;133;105;4003
353930;10481;372;546;557;340;668;562;595;681;625;517;431;342;16717
353940;624;27;19;17;20;22;39;24;39;29;31;21;8;920
353950;2857;203;176;245;230;319;1262;781;308;231;182;264;118;7176
353960;135;35;8;1;1;2;4;3;5;0;12;3;4;213
353970;157;6;2;12;7;6;13;21;9;8;3;11;3;258
353980;6011;513;493;502;599;499;546;515;509;605;550;521;289;12152
353990;187;2;1;0;7;2;3;6;4;13;2;5;3;235
354000;2403;144;81;165;146;80;160;190;98;184;115;92;63;3921
354010;118;2;4;3;5;0;1;1;5;0;1;1;2;143
354020;2624;947;866;477;226;1918;2624;1211;453;406;237;132;89;12210
354025;0;0;0;0;0;0;0;0;0;1;0;0;0;1
354030;254;24;11;19;11;23;2;5;4;6;50;9;5;423
354040;122;2;0;6;1;0;3;0;2;3;2;4;2;147
354050;239;9;12;8;18;8;10;6;10;6;12;9;14;361
354060;4973;254;277;230;213;314;518;258;243;277;288;262;136;8243
354070;10240;1323;708;601;514;638;1053;1193;1028;907;907;916;551;20579
354080;382;19;7;13;7;14;7;10;16;9;14;14;5;517
354090;9535;188;124;307;197;6808;1947;1169;366;268;148;71;6201;27329
354100;7714;688;534;595;592;565;626;591;588;532;573;572;535;14705
354110;774;12;7;21;20;115;99;57;71;188;84;33;5;1486
354120;834;35;31;45;56;82;109;43;67;27;24;23;101;1477
354130;2778;124;145;146;285;204;370;196;285;198;309;161;107;5308
354140;28178;1720;1786;2123;1933;2476;2371;2159;2171;2311;2525;2284;1507;53544
354150;4403;246;494;569;506;489;599;327;343;316;348;255;180;9075
354160;2846;1349;507;315;265;215;1115;842;438;525;336;175;108;9036
354170;2709;36;41;43;53;197;362;129;73;49;68;66;13;3839
354180;89;4;0;2;1;4;0;0;1;0;0;0;0;101
354190;611;79;54;30;37;26;31;59;27;41;37;64;27;1123
354200;260;10;10;8;47;27;9;7;7;6;9;5;7;412
354210;1644;47;38;58;49;112;284;100;104;91;52;61;23;2663
354220;3194;193;268;595;322;522;322;263;211;249;210;226;161;6736
354230;134;8;2;4;3;0;3;5;7;1;0;0;0;167
354240;1299;110;93;154;119;74;193;418;238;213;161;122;59;3253
354250;199;23;15;5;13;6;7;1;3;3;7;12;5;299
354260;4313;220;213;264;193;246;220;257;277;325;321;264;194;7307
354270;192;2;1;5;10;11;12;12;38;44;35;28;10;400
354280;166;5;3;5;4;4;3;4;11;23;8;2;3;241
354290;939;76;39;64;44;94;105;110;99;65;75;48;30;1788
354300;287;14;9;22;12;13;15;10;26;11;20;14;18;471
354310;94;1;1;0;12;1;7;2;1;1;5;3;1;129
354320;115;5;3;3;3;3;3;7;5;5;1;4;4;161
354330;13409;860;700;584;686;848;767;1083;947;778;819;748;360;22589
354340;83753;6034;5068;4979;4855;5973;5514;5932;5691;6217;6705;6342;4058;151121
354350;156;6;4;11;5;5;9;3;3;2;5;2;0;211
354360;139;1;2;7;15;5;1;0;4;5;7;4;0;190
354370;912;161;114;94;38;52;211;232;97;117;61;47;76;2212
354380;561;14;16;18;17;17;11;17;18;19;11;18;12;749
354390;22890;1410;1203;1186;1335;1467;1662;1995;1617;1889;1816;1534;1145;41149
354400;3779;257;197;182;139;322;660;553;325;239;193;148;102;7096
354410;1653;110;86;95;129;100;113;104;127;136;165;120;66;3004
354420;196;13;11;11;6;10;2;8;5;12;11;14;3;302
354430;478;25;14;19;23;22;43;22;26;15;11;21;8;727
354440;73;1;2;0;0;2;0;3;0;1;0;4;0;86
354450;76;2;3;0;4;0;1;0;2;3;3;1;0;95
354460;108;0;0;1;0;2;1;3;2;1;2;2;8;130
354470;19;0;0;0;0;0;0;0;0;1;0;0;1;21
354480;101;1;2;2;1;0;0;3;2;4;2;6;2;126
354490;424;26;12;9;26;22;15;34;17;35;38;56;17;731
354500;570;49;56;50;55;30;22;54;46;42;40;46;35;1095
354510;180;5;3;4;14;3;2;3;5;6;8;3;6;242
354515;1;0;0;0;0;0;0;0;1;0;0;0;0;2
354520;16168;979;1029;717;739;844;1063;973;1056;1151;1151;930;532;27332
354530;2043;138;78;123;139;132;120;165;140;155;140;145;137;3655
354540;354;14;22;32;18;19;20;33;20;24;45;33;18;652
354550;1574;24;5;1;16;6;31;83;276;460;341;312;92;3221
354560;1330;162;249;84;93;127;504;259;188;79;220;74;30;3399
354570;182;2;8;2;9;5;4;3;4;3;4;1;7;234
354580;19634;1118;865;820;840;1746;1618;1459;1234;1331;1261;1140;536;33602
354600;1333;136;64;36;38;31;85;77;46;80;57;55;48;2086
354610;59;1;0;0;2;6;7;1;0;1;0;1;0;78
354620;167;11;9;8;15;11;10;10;4;5;10;4;5;269
354630;2196;762;188;112;81;1790;522;293;185;155;186;197;63;6730
354640;5005;949;426;288;264;872;745;673;701;598;446;300;148;11415
354650;114;4;2;8;11;5;4;3;2;1;4;0;0;158
354660;1602;63;60;70;92;63;62;76;76;79;104;95;46;2488
354670;6005;1316;132;117;94;219;150;1715;1171;561;412;415;632;12939
354680;4176;202;167;259;286;309;263;428;420;417;358;333;197;7815
354690;161;72;13;9;30;21;120;44;27;55;14;19;32;617
354700;131;5;6;6;8;4;2;1;6;4;8;3;3;187
354710;101;3;0;0;8;3;2;1;1;6;0;3;1;129
354720;122;0;13;21;6;0;3;2;0;0;0;2;0;169
354730;4508;360;271;370;273;342;426;405;408;490;439;346;182;8820
354740;77;6;2;2;2;2;3;1;1;1;0;1;0;98
354750;3136;408;346;319;230;1201;1215;466;358;336;325;193;647;9180
354760;3485;200;117;174;867;609;348;366;242;296;172;214;530;7620
354770;1853;42;195;283;131;73;162;163;114;50;64;53;60;3243
354780;120959;7153;6656;6170;6512;6679;7477;7295;7556;8018;8175;7739;4810;205199
354790;131;3;8;4;4;8;12;6;3;15;3;2;2;201
354800;689;97;46;33;56;46;158;89;66;40;56;31;55;1462
354805;3;2;1;4;1;0;0;2;0;0;1;1;0;15
354810;405;42;50;64;50;71;43;59;99;77;91;102;40;1193
354820;144;5;6;12;4;8;5;4;5;3;4;2;2;204
354830;63;1;1;0;2;3;0;0;0;0;2;0;1;73
354840;54;1;0;1;5;1;4;7;0;4;1;4;1;83
354850;116805;7338;6085;6249;6855;6708;6492;6530;6655;6527;6795;6495;5023;194557
354860;487;34;24;39;23;21;26;22;32;11;19;11;12;761
354870;203769;9577;8647;8015;7750;8309;9654;10959;10545;11176;10890;9314;6408;315013
354880;63980;3815;3493;3250;3244;3376;3451;3756;3827;3916;4186;3650;2452;106396
354890;33343;2239;1916;1768;1668;2157;2496;2293;2497;2534;2515;2290;1364;59080
354900;109;2;1;1;1;1;6;1;3;5;2;7;0;139
354910;10874;651;450;871;644;1180;664;722;690;646;679;694;481;19246
354920;14;0;0;2;0;2;0;0;0;0;1;0;0;19
354930;112;5;3;4;5;1;1;3;0;3;0;1;1;139
354940;4804;367;397;453;348;325;1003;449;311;197;461;233;205;9553
354950;175;5;2;2;5;1;2;1;5;9;7;8;4;226
354960;92;3;1;1;5;4;8;0;3;2;0;1;1;121
354970;4531;244;240;204;150;205;297;220;364;353;319;421;213;7761
354980;48034;3426;2994;3071;3182;3618;3367;4050;4059;3973;4210;3980;2483;90447
354990;95558;5249;4508;4290;4219;4128;4582;5110;6147;5233;5089;5364;3541;153018
355000;380;28;14;16;22;19;22;10;6;17;31;15;7;587
355010;6273;511;365;481;585;625;449;546;427;468;410;419;186;11745
355020;918;25;16;67;71;40;30;26;27;62;41;30;36;1389
355030;3164354;188943;161711;164908;164996;178328;179687;197205;199888;194630;191720;170263;117354;5273987
355040;1444;92;80;73;86;135;85;123;120;107;107;95;59;2606
355050;307;11;10;15;20;44;38;25;26;16;22;12;9;555
355060;9859;621;599;512;390;550;631;616;752;852;832;733;468;17415
355070;3576;207;138;276;162;170;240;197;189;207;219;222;160;5963
355080;692;25;38;35;33;25;14;22;31;37;29;17;17;1015
355090;1270;134;134;99;118;115;103;139;124;145;110;61;37;2589
355100;16666;1175;1091;1315;1540;1418;1203;1277;1458;1483;1593;1389;1213;32821
355110;256;16;6;20;9;13;16;8;47;29;9;25;11;465
355120;114;0;1;2;2;4;2;0;3;2;1;1;1;133
355130;56;1;0;0;0;1;8;1;1;2;0;2;2;74
355140;106;4;3;7;11;8;19;0;35;15;15;50;8;281
355150;5322;292;275;197;154;1420;556;326;265;218;175;153;838;10191
355160;2541;267;136;176;182;224;188;212;273;203;167;200;116;4885
355170;22492;2344;1106;1019;922;3091;3301;1529;1206;968;933;724;2414;42049
355180;334;18;22;29;17;14;13;20;24;31;32;28;9;591
355190;4865;930;247;209;224;428;1861;820;1152;474;407;472;332;12421
355200;158;5;30;10;26;12;19;5;24;15;12;10;4;330
355210;2838;299;196;175;159;237;218;228;252;313;216;222;193;5546
355220;73846;5309;4770;4364;4378;4693;5184;6010;5517;6763;6131;5629;3617;136211
355230;410;20;13;13;6;8;69;19;23;16;29;30;1;657
355240;26063;1426;1307;1263;979;1166;1407;1550;1379;1299;1340;1274;795;41248
355250;25454;1737;1220;1095;1142;1431;1619;1460;1452;1448;1525;1413;1045;42041
355260;397;19;14;14;14;14;6;13;19;24;23;14;9;580
355270;424;14;12;18;13;35;54;29;20;14;14;18;6;671
355280;25861;2188;1944;1765;1812;2204;1972;2505;2033;2315;2585;2149;1413;50746
355290;149;3;1;1;0;2;0;0;0;11;1;2;7;177
355300;217;12;2;7;12;14;5;35;18;16;10;11;10;369
355310;190;19;19;25;3;3;6;18;15;8;6;5;5;322
355320;225;20;9;18;20;9;5;21;31;12;16;12;4;402
355330;2731;173;176;174;164;160;258;162;183;170;183;134;113;4781
355340;1596;59;94;80;70;82;84;110;129;119;126;128;59;2736
355350;927;35;17;25;25;78;33;71;25;29;27;28;11;1331
355360;4020;145;70;84;138;386;235;126;129;104;187;175;121;5920
355370;4793;310;472;327;303;291;789;547;502;512;321;393;175;9735
355380;830;48;31;39;43;53;25;47;52;40;27;43;39;1317
355390;110;2;6;11;8;2;13;6;17;2;16;14;3;210
355395;37;15;29;59;14;49;74;56;52;24;12;6;0;427
355400;8647;522;481;499;450;519;672;1006;649;699;652;627;444;15867
355410;34064;1848;1762;1624;1698;2108;1930;1833;1969;2003;1912;1667;1062;55480
355420;74;6;5;4;3;2;0;2;0;6;2;1;0;105
355430;5040;150;312;146;239;239;516;390;378;379;419;387;369;8964
355440;314;29;9;30;10;17;13;11;9;13;10;9;11;485
355450;4390;714;484;323;381;352;620;582;525;425;348;304;219;9667
355460;74;4;1;1;2;2;2;3;2;3;2;2;1;99
355470;428;29;26;23;9;19;20;24;24;24;23;19;24;692
355480;1098;68;67;50;65;84;67;40;68;67;52;50;32;1808
355490;176;5;6;5;8;5;3;4;5;3;4;4;5;233
355500;7699;368;352;434;502;380;579;417;445;416;452;436;431;12911
355510;1100;43;51;88;56;37;44;41;42;50;41;35;34;1662
355520;114;3;1;1;1;5;0;3;1;0;1;1;0;131
355530;111;7;17;53;11;2;6;2;0;1;0;0;0;210
355540;3461;317;253;268;267;258;245;236;187;278;327;308;220;6625
355550;130;7;2;2;2;1;5;6;2;2;1;6;3;169
355560;359;3;1;15;15;4;10;10;13;55;8;4;8;505
355570;105;6;1;2;0;4;4;4;1;1;2;1;1;132
355580;416;11;32;48;28;16;20;21;29;20;23;17;4;685
355590;69;2;0;0;1;2;0;1;6;1;0;0;0;82
355600;536;20;11;8;9;18;8;7;8;16;10;8;2;661
355610;165;9;9;4;11;6;9;4;18;11;7;51;2;306
355620;16289;1004;886;735;664;915;1013;1119;926;1019;916;959;569;27014
355630;1399;82;30;67;496;415;745;308;172;293;94;37;10;4148
355640;2113;121;74;134;133;113;106;99;153;105;117;109;84;3461
355645;2576;199;139;92;90;226;157;121;127;160;181;128;99;4295
355650;6909;430;488;375;378;416;444;532;514;563;509;462;288;12308
355660;941;38;29;33;59;27;35;33;53;56;49;56;22;1431
355670;7898;401;520;449;365;458;547;627;690;566;532;510;286;13849
355680;567;25;23;26;16;35;40;46;50;47;34;29;51;989
355690;410;23;26;8;21;27;43;30;20;51;12;6;6;683
355700;8821;519;462;409;383;535;453;493;475;535;522;416;253;14276
355710;8538;484;499;517;518;522;501;624;731;689;729;701;367;15420
355720;1713;173;74;69;69;101;98;187;170;118;78;74;30;2954
359999;1265;41;33;37;55;52;38;121;49;70;43;32;40;1876
410010;219;2;4;38;22;5;1;6;9;3;5;0;2;316
410020;784;31;20;31;16;19;25;25;26;30;43;33;14;1097
410030;119;7;4;1;2;4;6;3;6;0;1;1;1;155
410040;2944;213;139;166;220;219;277;258;258;243;235;188;171;5531
410045;189;8;22;12;7;3;6;8;19;4;4;7;1;290
410050;1151;44;26;36;46;23;19;30;43;56;32;25;27;1558
410060;496;20;15;24;17;17;15;21;40;16;22;20;13;736
410070;701;25;53;34;25;13;16;13;13;12;7;13;4;929
410080;987;24;10;15;33;10;17;28;30;21;19;10;10;1214
410090;199;13;1;4;6;10;6;6;17;3;5;4;0;274
410100;503;6;32;19;22;32;11;32;23;38;11;28;10;767
410110;1746;86;138;172;259;146;211;285;175;86;163;105;75;3647
410120;1148;40;54;40;21;50;60;41;57;61;20;76;30;1698
410130;138;3;7;5;5;9;2;6;13;6;2;7;2;205
410140;13852;712;645;745;693;792;839;781;871;1060;1176;1025;646;23837
410150;10437;536;593;500;465;705;1175;983;1032;966;986;804;460;19642
410160;1040;53;48;43;68;34;17;27;32;35;29;22;42;1490
410170;576;14;15;26;49;41;30;25;40;34;32;20;7;909
410180;9852;571;530;625;486;494;541;499;654;700;772;786;391;16901
410190;1579;117;274;298;144;72;47;44;74;75;68;67;41;2900
410200;3335;157;143;222;139;194;127;205;227;167;166;162;111;5355
410210;1977;47;54;116;87;268;137;71;95;91;96;72;53;3164
410220;165;23;5;9;5;15;8;4;11;10;2;6;0;263
410230;950;124;57;68;65;40;51;25;43;39;22;39;28;1551
410240;4033;110;222;364;219;226;309;232;169;189;133;93;99;6398
410250;893;29;56;18;19;21;23;24;19;24;21;25;16;1188
410260;472;14;26;42;30;39;3;3;13;16;12;9;13;692
410270;154;2;5;9;5;3;2;1;5;1;1;2;1;191
410280;811;16;18;25;65;35;46;53;32;25;21;40;14;1201
410290;1003;49;55;49;75;72;84;96;75;130;101;137;51;1977
410300;290;7;12;69;16;15;6;2;14;8;8;9;3;459
410305;96;8;4;2;7;1;1;5;10;3;1;9;0;147
410310;471;14;25;61;20;15;40;25;26;50;15;10;7;779
410320;399;9;2;12;13;23;10;6;5;3;3;19;4;508
410330;594;23;40;28;13;18;10;15;22;26;24;51;42;906
410335;51;1;4;10;2;3;3;4;5;2;2;2;4;93
410340;101;3;3;3;3;0;3;2;3;2;3;2;0;128
410345;671;14;19;22;22;11;26;25;56;30;30;29;18;973
410350;320;7;11;19;13;11;5;24;13;9;14;15;7;468
410360;2383;102;77;254;170;122;220;151;106;128;99;120;56;3988
410370;5738;227;363;309;360;308;348;414;466;481;544;412;311;10281
410380;267;6;10;10;7;8;4;11;7;2;8;7;7;354
410390;814;45;38;43;39;21;27;25;90;30;27;29;27;1255
410400;5996;397;274;308;243;311;275;350;315;475;386;396;262;9988
410405;7;0;0;0;0;0;1;0;0;0;1;0;0;9
410410;293;24;20;45;21;23;9;14;21;23;24;21;22;560
410420;10360;547;455;404;377;747;684;782;1080;749;721;598;394;17898
410430;12216;623;780;1103;784;714;523;845;776;808;564;619;416;20771
410440;278;4;6;16;15;11;8;7;17;6;6;6;3;383
410445;169;4;6;9;13;10;23;25;31;31;19;25;23;388
410450;1206;63;112;92;68;68;76;64;88;57;59;61;47;2061
410460;862;34;33;63;34;23;20;14;36;20;14;14;13;1180
410470;476;5;7;47;24;10;17;13;6;8;14;17;8;652
410480;26682;2256;1707;1921;1792;1714;2187;2160;2433;2506;2726;2462;1513;52059
410490;7166;356;350;529;421;388;296;459;496;579;493;479;257;12269
410500;1398;52;121;95;75;91;56;64;64;52;50;74;29;2221
410510;777;35;106;133;74;20;41;24;38;24;12;22;25;1331
410520;593;43;39;38;40;67;46;53;45;42;31;22;22;1081
410530;1082;29;48;31;30;46;41;49;55;56;36;37;19;1559
410540;1061;57;31;50;40;45;40;57;59;41;99;65;37;1682
410550;5314;246;293;496;322;318;318;381;312;349;416;339;182;9286
410560;553;5;8;21;27;44;141;44;27;27;26;22;10;955
410570;1648;75;64;304;161;73;130;151;112;121;151;98;48;3136
410580;7255;430;338;436;415;527;566;611;685;732;632;583;379;13589
410590;1480;365;72;64;117;182;1637;198;181;241;172;90;31;4830
410600;231;6;14;26;4;15;16;6;6;5;4;7;0;340
410610;217;4;16;19;48;24;15;11;11;22;11;9;6;413
410620;563;49;20;26;21;51;35;31;22;39;35;36;38;966
410630;1362;49;60;73;81;71;52;80;96;75;39;20;20;2078
410640;7279;296;244;397;321;314;287;354;350;344;324;323;222;11055
410650;1399;46;102;103;64;73;73;72;129;69;86;72;33;2321
410660;1355;44;60;61;111;58;39;64;65;72;45;45;31;2050
410670;159;7;9;7;5;4;2;4;3;1;5;5;1;212
410680;552;13;34;26;21;32;20;39;31;43;25;26;7;869
410690;431697;24221;23634;22223;24915;24680;24448;26601;27811;26801;27677;25174;15906;725788
410700;1549;41;46;52;37;31;48;29;66;75;73;73;74;2194
410710;2975;194;118;110;83;65;288;385;276;499;420;110;17;5540
410720;3176;121;146;145;121;162;132;168;159;210;250;176;126;5092
410725;297;14;4;20;13;16;6;17;2;3;8;11;4;415
410730;293;6;23;34;5;5;10;6;30;16;11;2;5;446
410740;286;3;15;22;9;18;8;18;11;8;29;8;5;440
410750;1080;40;44;86;48;133;78;77;96;72;62;22;29;1867
410760;930;46;66;28;31;39;69;61;57;51;31;25;25;1459
410765;6;0;0;0;0;0;0;0;1;0;0;0;0;7
410770;240;32;5;29;6;8;1;4;25;14;0;3;1;368
410775;198;20;12;7;8;6;14;11;7;15;6;8;1;313
410780;364;13;8;11;15;13;10;9;18;6;14;4;4;489
410790;193;14;8;10;8;4;10;18;10;6;4;23;4;312
410800;232;6;18;16;20;16;103;29;16;36;18;16;1;527
410810;102;3;10;3;5;2;0;2;1;6;3;0;0;137
410820;618;18;32;27;26;7;20;22;40;21;12;14;6;863
410830;24888;1959;1729;1682;1756;1694;1647;1693;2043;1982;2417;2280;1544;47314
410832;305;14;9;9;15;16;10;2;10;3;5;8;1;407
410840;6356;371;399;535;474;422;501;590;529;580;538;647;379;12321
410850;1518;162;140;123;118;116;167;142;158;142;154;131;59;3130
410855;1;0;0;0;0;0;0;0;0;0;0;0;0;1
410860;2968;130;351;264;232;140;135;189;281;228;208;120;130;5376
410870;533;14;21;30;28;22;31;25;26;13;22;7;4;776
410880;3092;130;213;158;174;184;130;137;115;109;137;127;64;4770
410890;239;2;3;29;18;9;9;7;3;6;6;5;3;339
410900;362;20;45;24;11;21;48;34;22;45;32;54;22;740
410910;79;4;4;0;1;7;4;3;1;1;5;0;1;110
410920;241;14;5;9;3;5;9;3;8;8;3;3;6;317
410930;1171;31;65;70;44;64;45;61;65;53;86;27;37;1819
410940;16686;1118;1056;1012;891;915;922;1020;1049;1017;1198;1068;684;28636
410950;307;11;17;16;2;3;19;10;14;8;12;1;1;421
410960;928;80;33;52;46;54;31;44;65;45;58;52;116;1604
410970;2091;50;59;87;59;145;124;113;96;131;134;78;101;3268
410980;2230;65;106;231;244;136;130;266;190;134;202;160;104;4198
410990;569;5;15;14;12;19;8;13;4;13;6;13;5;696
411000;207;6;6;9;16;6;11;3;10;13;10;3;2;302
411010;1091;47;79;56;57;48;58;81;73;107;45;83;32;1857
411020;598;76;160;112;79;94;27;38;17;21;33;27;9;1291
411030;131;8;3;4;1;0;0;1;1;0;7;1;1;158
411040;314;7;9;11;4;3;6;8;4;10;3;2;4;385
411050;278;1;4;9;8;15;6;10;6;2;3;4;3;349
411060;1241;38;60;113;85;54;30;38;31;20;22;30;17;1779
411070;4681;182;165;259;190;247;206;215;280;251;283;236;150;7345
411080;502;12;17;31;39;14;16;22;21;28;27;14;21;764
411090;158;8;30;29;17;5;3;0;7;4;6;6;5;278
411100;271;12;5;20;5;2;2;0;1;8;1;8;2;337
411110;293;10;6;8;10;9;8;18;6;11;6;8;9;402
411120;299;10;18;4;12;18;31;13;10;22;10;12;5;464
411130;146;4;14;3;8;7;1;3;0;5;3;0;0;194
411140;345;16;19;9;11;13;6;7;6;9;6;5;4;456
411150;2972;113;74;266;111;161;121;177;105;123;129;91;58;4501
411160;161;10;8;7;0;6;2;3;3;7;3;3;1;214
411170;112;0;2;5;2;7;2;4;2;1;0;0;0;137
411180;8210;203;371;418;304;460;670;470;337;344;309;201;157;12454
411190;698;35;18;30;42;34;44;32;17;9;20;18;3;1000
411200;1816;81;72;63;123;71;68;64;57;171;104;69;90;2849
411210;2045;62;70;62;77;109;191;95;86;70;73;90;49;3079
411220;306;11;11;20;4;4;12;8;9;7;8;4;7;411
411230;148;2;4;1;4;5;5;4;8;0;6;0;1;188
411240;504;11;14;25;38;19;13;14;43;33;17;20;5;756
411250;743;13;15;54;17;13;20;34;14;23;26;6;8;986
411260;69;1;1;1;0;2;2;5;1;0;1;0;0;83
411270;748;38;153;285;133;73;65;51;42;33;47;141;93;1902
411275;439;22;30;27;34;30;36;12;33;28;34;36;9;770
411280;453;11;15;5;23;13;18;11;10;16;20;11;16;622
411290;283;11;5;3;10;11;5;8;4;6;6;3;0;355
411295;110;3;0;5;6;10;6;4;12;5;5;4;2;172
411300;1245;26;248;22;20;577;323;149;101;118;75;47;29;2980
411310;268;4;6;12;5;7;4;11;2;14;3;14;5;355
411320;2908;186;155;135;130;114;120;175;180;179;300;172;107;4861
411330;2505;141;150;115;201;111;168;147;149;159;145;155;87;4233
411340;206;1;11;31;18;2;0;3;25;7;2;1;0;307
411345;2;0;0;0;0;0;3;0;0;0;0;0;0;5
411350;965;42;33;48;40;31;42;24;36;63;66;132;28;1550
411360;194;5;4;4;4;7;9;5;3;4;8;3;5;255
411370;71041;4638;3971;5157;4986;4709;4998;5631;5778;5934;6213;5833;3741;132630
411373;44;1;1;0;1;0;3;1;0;1;2;0;1;55
411375;70;2;1;3;3;2;1;2;8;4;4;2;0;102
411380;153;16;3;15;4;19;8;26;27;11;3;2;1;288
411390;655;24;23;32;18;10;31;30;26;30;29;20;16;944
411400;572;27;21;85;44;32;32;28;50;43;41;29;17;1021
411410;517;26;12;18;16;6;28;33;35;33;18;11;28;781
411420;4703;290;204;336;282;313;806;672;391;433;335;273;223;9261
411430;984;57;72;73;74;61;48;59;86;113;121;93;55;1896
411440;1486;89;62;127;70;81;92;71;103;103;78;67;43;2472
411450;593;14;24;17;12;21;30;22;25;39;19;26;25;867
411460;5178;302;377;472;453;376;417;297;324;331;223;273;176;9199
411470;382;10;14;12;11;8;16;4;5;7;13;3;1;486
411480;1798;60;69;85;58;66;83;103;135;127;84;96;65;2829
411490;920;25;61;44;76;65;57;40;51;53;32;29;21;1474
411500;186;6;2;18;9;2;7;9;5;5;6;1;1;257
411510;478;18;49;32;20;22;17;15;12;7;3;20;6;699
411520;49782;3596;2653;3647;3241;3551;3863;4479;3997;4275;4567;4284;2987;94922
411530;491;21;16;20;21;15;11;11;20;34;35;15;20;730
411535;2;0;0;0;0;1;0;0;0;0;1;0;0;4
411540;721;39;57;57;40;43;52;41;55;27;40;35;32;1239
411550;250;1;2;6;7;10;10;3;5;6;3;4;5;312
411560;1154;50;57;61;52;48;45;49;47;55;27;49;28;1722
411570;925;86;27;35;30;23;39;47;50;70;57;93;63;1545
411580;5040;376;389;330;258;284;414;398;503;468;452;526;407;9845
411585;0;0;0;0;0;0;0;0;1;0;0;0;0;1
411590;80;1;9;4;4;1;6;2;1;0;1;1;0;110
411600;185;7;5;9;8;2;5;12;4;17;7;5;3;269
411605;254;10;6;16;8;22;23;19;34;30;33;17;13;485
411610;1080;15;30;27;36;48;50;21;23;24;25;18;14;1411
411620;935;39;55;23;31;44;47;38;40;25;32;42;24;1375
411630;145;5;7;4;6;3;2;11;5;7;12;4;2;213
411640;91;4;3;5;3;0;2;2;1;0;0;1;0;112
411650;55;13;1;0;0;0;0;9;1;0;0;0;0;79
411660;212;0;4;7;13;6;62;19;12;7;5;2;0;349
411670;881;20;21;29;41;23;30;29;20;25;19;14;16;1168
411680;276;6;20;25;6;6;4;8;15;11;6;4;5;392
411690;2107;121;112;131;129;133;127;96;101;112;163;166;63;3561
411700;535;4;23;8;11;23;15;20;15;14;15;6;4;693
411710;928;22;25;46;59;39;37;76;41;43;28;54;35;1433
411720;182;17;5;5;7;16;5;10;5;4;11;20;2;289
411722;325;17;11;13;26;13;13;20;31;18;11;8;21;527
411725;122;9;1;9;9;5;6;13;4;23;9;2;25;237
411729;1;1;0;0;0;0;0;0;0;0;0;1;0;3
411730;672;21;46;51;20;44;21;18;20;57;19;21;23;1033
411740;131;8;1;2;2;2;0;2;18;0;13;5;5;189
411745;0;0;0;2;0;0;0;0;0;0;0;0;0;2
411750;809;46;38;32;30;25;23;110;63;40;29;32;19;1296
411760;3090;336;262;367;167;211;196;288;241;243;242;284;165;6092
411770;2591;102;115;134;166;114;114;129;194;177;145;155;65;4201
411780;278;6;102;12;4;7;6;14;16;7;8;9;3;472
411790;3696;159;140;177;175;184;161;145;204;158;159;146;106;5610
411800;462;17;18;19;12;21;32;11;29;9;36;19;11;696
411810;519;14;37;40;14;23;26;72;44;26;26;21;9;871
411820;12729;586;883;634;733;729;751;919;718;871;1027;918;586;22084
411830;180;2;4;0;0;5;1;0;9;2;5;3;14;225
411840;7424;427;418;378;453;474;466;457;420;425;440;477;355;12614
411845;1;0;0;0;1;0;0;0;0;0;0;0;0;2
411850;7101;526;394;515;563;551;597;583;697;693;657;606;353;13836
411860;146;7;8;11;8;4;8;10;4;10;12;2;6;236
411870;146;8;8;2;8;6;29;17;14;13;1;13;4;269
411880;675;38;27;41;23;38;46;36;29;34;35;43;23;1088
411890;693;12;21;46;16;26;46;20;29;18;30;18;10;985
411900;479;30;13;62;33;15;27;16;20;10;17;12;11;745
411910;613;50;40;51;66;41;50;68;34;26;47;44;2;1132
411915;2;0;1;0;1;0;0;0;0;1;0;1;0;6
411920;193;3;13;8;4;4;3;2;1;4;1;1;8;245
411930;940;54;67;65;47;46;45;45;39;60;46;60;58;1572
411940;1419;59;44;63;41;49;65;45;57;58;60;72;58;2090
411950;8153;476;525;453;605;618;739;798;786;864;838;787;436;16078
411960;1995;87;31;131;107;85;67;50;85;179;84;80;36;3017
411970;114;0;1;6;2;1;3;3;3;3;5;2;1;144
411980;521;12;37;35;39;28;23;15;26;17;21;23;18;815
411990;31627;1655;1590;1875;1732;2160;2156;2178;2168;2323;2349;2245;1544;55602
412000;4535;247;252;103;96;155;662;295;248;187;119;86;47;7032
412010;608;54;22;35;39;14;52;49;31;59;73;62;24;1122
412020;162;4;10;2;5;3;5;3;6;3;9;5;1;218
412030;429;35;42;37;25;29;32;25;43;35;33;32;15;812
412035;295;18;15;28;10;16;12;11;14;22;26;17;10;494
412040;194;1;1;3;5;4;10;9;9;8;3;5;2;254
412050;718;23;6;9;23;44;30;17;22;13;21;13;7;946
412060;1733;79;52;114;35;79;71;42;93;59;64;36;24;2481
412070;275;11;6;7;12;4;10;6;11;16;7;8;2;375
412080;7998;781;784;492;455;559;681;747;836;743;591;572;422;15661
412085;0;0;0;0;0;0;0;0;0;0;1;0;0;1
412090;3650;288;194;151;116;136;191;247;318;156;193;149;106;5895
412100;284;11;22;7;8;5;9;9;18;9;6;5;4;397
412110;255;5;12;5;2;15;10;12;9;4;4;1;10;344
412120;266;15;22;23;6;9;16;12;13;16;8;6;1;413
412130;149;2;2;2;4;2;6;8;3;23;0;9;0;210
412140;1300;45;50;98;87;58;66;109;101;50;95;45;26;2130
412150;484;3;50;10;16;15;11;16;17;20;13;24;9;688
412160;381;26;8;22;18;13;10;11;15;11;16;7;16;554
412170;355;27;35;17;32;23;11;18;6;29;9;17;11;590
412180;492;8;14;32;13;14;8;15;33;25;8;22;15;699
412190;650;19;4;44;19;22;28;26;20;17;16;37;7;909
412200;356;28;23;16;26;12;17;8;16;17;9;7;3;538
412210;161;1;10;6;7;8;4;3;1;2;1;1;1;206
412220;2851;87;83;125;76;154;123;90;126;151;118;144;95;4223
412230;3520;825;381;228;171;199;202;276;187;238;245;272;159;6903
412240;5267;214;221;285;209;351;359;337;402;314;302;286;182;8729
412250;567;31;11;84;34;16;20;44;27;23;14;11;10;892
412260;396;4;17;11;21;4;6;8;19;18;14;4;8;530
412270;175;2;15;5;8;5;6;7;7;7;7;8;5;257
412280;277;2;19;23;11;14;9;11;14;10;14;4;6;414
412290;106;5;6;3;4;4;4;1;20;2;9;1;2;167
412300;548;30;15;27;18;16;12;13;16;21;21;23;6;766
412310;163;4;6;6;12;7;4;6;6;2;1;4;1;222
412320;263;6;4;8;3;16;18;10;8;4;5;2;9;356
412330;388;15;13;6;17;11;19;9;13;6;11;6;6;520
412340;402;13;34;35;13;20;13;16;45;8;6;7;6;618
412350;1052;38;143;34;40;48;47;44;50;35;54;52;28;1665
412360;110;19;2;1;1;1;4;1;1;2;4;0;14;160
412370;632;5;12;29;16;12;21;12;6;37;9;17;8;816
412380;420;20;14;35;14;50;20;17;12;24;16;14;22;678
412390;814;35;43;36;23;26;43;18;22;28;29;27;26;1170
412400;188;22;17;19;18;9;9;12;30;25;13;7;3;372
412402;4;0;0;0;1;1;1;1;0;0;0;0;0;8
412405;476;24;45;27;22;25;23;14;21;7;39;12;10;745
412410;3415;182;175;191;215;211;336;264;223;253;248;230;168;6111
412420;105;4;8;0;1;4;1;2;2;1;0;1;2;131
412430;115;0;6;5;1;2;1;0;1;0;2;1;0;134
412440;910;67;55;79;40;53;58;51;44;64;39;34;33;1527
412450;306;58;17;16;8;11;8;3;5;10;2;10;7;461
412460;254;7;7;7;1;85;85;15;14;14;12;7;7;515
412470;278;72;21;21;10;19;10;4;7;6;1;2;1;452
412480;770;27;18;32;37;57;20;28;37;34;31;28;17;1136
412490;245;5;3;11;5;8;7;5;8;3;7;4;2;313
412500;832;30;126;164;70;24;27;24;29;24;27;16;9;1402
412510;411;14;14;9;12;11;23;16;6;7;6;5;1;535
412520;384;20;22;27;14;15;10;16;10;18;14;18;7;575
412530;369;16;9;27;14;8;4;11;19;12;30;9;10;538
412535;84;4;0;3;7;3;3;3;5;3;5;2;0;122
412540;192;2;2;14;16;6;11;9;13;11;12;4;3;295
412545;27;0;0;1;1;2;1;0;1;0;0;0;0;33
412550;14355;988;1031;1062;938;1109;1281;1499;1453;1636;1465;1373;863;29053
412560;2558;168;158;150;129;147;160;121;108;125;113;84;91;4112
412570;1454;57;88;103;69;72;109;96;101;108;120;74;63;2514
412580;740;15;35;20;32;29;75;98;36;21;36;22;12;1171
412590;108;2;1;4;2;5;4;8;3;3;2;0;2;144
412600;315;32;6;5;3;16;3;3;5;9;5;7;3;412
412610;525;5;117;38;10;157;69;63;50;50;71;28;9;1192
412620;180;10;10;7;3;9;11;6;18;3;3;5;0;265
412625;1332;129;86;120;99;128;175;174;180;133;159;126;88;2929
412630;1331;61;85;70;72;81;103;141;81;96;85;76;47;2329
412640;442;6;10;8;9;23;15;16;11;35;26;23;18;642
412650;975;38;53;44;36;49;39;28;37;46;58;27;38;1468
412660;685;33;27;40;40;19;21;20;20;33;21;27;21;1007
412670;166;14;17;9;2;2;7;2;4;3;2;5;2;235
412680;771;18;21;27;44;12;89;50;41;28;29;17;19;1166
412690;255;8;14;8;5;4;4;6;4;16;4;1;1;330
412700;647;27;21;18;26;18;22;32;19;45;30;25;12;942
412710;11802;276;529;438;357;288;396;361;381;402;619;537;408;16794
412720;1574;45;75;69;62;42;28;44;41;43;85;48;16;2172
412730;585;15;8;14;23;15;15;19;21;9;17;22;10;773
412740;1155;52;47;53;36;58;48;46;59;53;42;55;38;1742
412750;846;31;49;27;26;47;22;41;24;34;45;36;21;1249
412760;360;23;16;17;32;12;26;11;20;24;15;12;8;576
412770;12769;488;598;610;562;607;611;617;805;789;730;699;509;20394
412780;289;5;4;16;8;2;5;6;15;3;4;4;7;368
412785;106;3;1;4;6;5;7;4;8;11;1;14;5;175
412790;480;25;20;20;5;8;6;14;8;0;5;10;1;602
412795;340;10;19;18;18;9;13;7;5;8;12;6;3;468
412796;81;12;3;6;9;4;9;23;8;7;12;13;11;198
412800;1963;111;141;193;222;157;78;77;75;82;58;79;40;3276
412810;12648;573;794;811;701;623;589;825;640;776;771;687;536;20974
412820;8593;503;430;495;474;539;546;705;712;708;591;645;444;15385
412830;46;6;1;1;2;1;4;0;1;0;1;1;0;64
412840;1146;36;83;192;91;45;39;25;34;30;40;66;27;1854
412850;891;34;26;31;37;27;37;32;33;37;30;25;19;1259
412855;432;21;23;31;18;7;21;15;7;11;34;13;7;640
412860;313;9;15;16;28;9;19;23;24;22;6;12;5;501
412862;3;0;1;0;0;0;0;0;0;0;1;0;0;5
412870;306;7;16;7;16;16;7;12;17;12;16;6;7;445
412880;338;4;18;12;10;11;12;10;15;3;2;4;1;440
420010;956;95;63;118;110;51;31;74;59;70;92;73;41;1833
420020;679;27;20;32;36;60;45;36;34;40;26;22;22;1079
420030;231;10;9;10;5;30;28;15;17;6;3;11;2;377
420040;513;32;42;34;46;30;33;36;43;25;32;26;30;922
420050;153;2;4;1;2;8;7;3;4;2;4;4;3;197
420060;186;4;8;3;16;6;4;7;14;7;9;6;9;279
420070;799;71;34;25;28;46;28;38;41;61;67;38;20;1296
420080;289;11;8;9;16;10;9;13;18;17;8;6;10;424
420090;205;3;9;10;2;7;3;5;22;5;5;5;0;281
420100;444;15;21;20;32;16;17;22;28;19;22;13;12;681
420110;140;3;5;2;8;12;3;7;11;3;7;8;1;210
420120;166;6;7;41;5;16;9;8;9;7;15;7;1;297
420130;805;50;46;46;45;63;62;63;58;77;68;87;45;1515
420140;6074;745;346;539;343;407;393;389;530;477;392;455;268;11358
420150;228;8;11;7;9;6;8;5;6;10;7;7;15;327
420160;160;13;10;6;15;7;13;12;10;16;19;8;4;293
420170;723;18;32;63;23;68;24;51;47;56;52;32;12;1201
420180;118;5;3;6;9;4;11;6;3;4;3;6;1;179
420190;145;5;4;3;10;4;8;8;15;5;9;4;1;221
420200;5598;839;396;443;420;398;440;564;567;675;741;813;1059;12953
420210;591;70;30;42;53;34;55;46;49;36;56;44;62;1168
420220;1068;55;72;55;56;79;115;85;176;138;186;114;29;2228
420230;1945;155;145;192;156;174;147;164;154;168;149;138;103;3790
420240;68085;4978;3698;3338;2980;3132;3274;4105;4617;4500;4486;3885;2182;113260
420250;475;21;18;19;13;11;23;6;10;11;12;11;0;630
420260;679;35;36;42;19;13;17;15;16;19;22;17;19;949
420270;199;19;15;9;14;55;19;18;11;15;13;24;4;415
420280;1429;106;75;85;85;59;83;94;95;51;104;70;35;2371
420290;15584;1024;718;887;622;855;827;864;854;901;981;1063;516;25696
420300;11744;1007;749;762;785;842;911;1126;1019;1028;1007;843;423;22246
420310;334;8;12;12;12;14;14;30;23;8;17;13;12;509
420320;754;76;57;64;57;67;75;104;86;62;78;104;42;1626
420330;912;51;56;46;35;105;70;66;65;81;64;64;10;1625
420340;652;26;30;40;35;42;34;30;39;26;32;33;32;1051
420350;651;34;112;99;56;67;72;45;52;27;52;42;16;1325
420360;4282;304;312;430;320;266;263;276;398;285;381;328;223;8068
420370;756;61;41;59;32;61;93;116;118;99;66;41;46;1589
420380;8753;555;442;457;452;532;518;500;575;509;562;454;346;14655
420390;3065;158;112;201;186;170;193;144;176;168;121;156;134;4984
420400;3340;188;136;151;140;119;167;164;205;187;179;122;147;5245
420410;214;8;10;8;6;3;25;11;8;6;4;4;4;311
420420;15497;918;841;903;998;994;1076;1242;1193;1180;1164;1214;805;28025
420430;9702;346;347;319;294;428;438;454;445;481;447;379;292;14372
420440;626;30;28;38;25;48;40;24;60;28;28;42;18;1035
420450;1256;65;82;83;59;76;92;81;124;72;73;54;16;2133
420455;2294;65;84;43;72;100;151;98;102;94;86;100;41;3330
420460;34318;1972;2023;2399;2180;2134;2688;2704;2771;3065;3019;2782;1993;64048
420470;958;49;34;55;48;59;46;57;47;32;35;38;26;1484
420480;5102;320;268;287;239;246;328;267;297;342;328;329;180;8533
420490;651;50;48;47;29;23;45;30;29;31;33;24;19;1059
420500;477;19;53;40;41;34;13;14;17;17;15;20;8;768
420510;184;13;11;10;12;7;14;10;6;10;7;1;3;288
420520;251;8;20;8;26;13;6;7;10;8;6;5;7;375
420530;1567;118;65;70;110;86;93;76;86;78;103;57;66;2575
420540;146998;7369;4789;6314;3801;4554;4990;4210;4217;3710;4253;3833;2850;201888
420550;5778;767;829;565;338;345;463;419;350;354;497;385;319;11409
420560;270;17;20;12;3;11;11;18;6;8;11;11;7;405
420570;240;41;4;8;7;6;17;16;29;58;30;36;39;531
420580;692;45;65;66;42;37;56;53;44;67;72;63;24;1326
420590;5851;385;405;289;278;273;375;443;489;425;450;338;225;10226
420600;337;17;115;9;31;36;19;44;28;30;16;20;6;708
420610;157;9;5;13;11;11;8;1;2;6;10;5;1;239
420620;584;22;16;35;21;24;31;21;35;27;27;43;25;911
420630;706;30;15;32;34;43;46;34;38;42;27;45;24;1116
420640;558;43;54;39;36;35;39;36;34;50;24;27;13;988
420650;2061;181;152;99;92;125;204;178;174;205;166;133;87;3857
420660;236;7;6;19;8;9;23;12;12;8;6;4;4;354
420670;1221;60;50;47;48;89;92;80;86;90;86;58;49;2056
420680;187;15;7;13;4;8;6;13;12;6;11;19;5;306
420690;3671;277;201;194;139;129;253;262;230;228;173;184;85;6026
420700;1699;172;156;224;180;176;174;168;218;188;168;103;95;3721
420710;1514;62;45;40;21;37;279;204;107;132;83;75;46;2645
420720;353;13;3;25;16;16;70;27;49;26;30;14;12;654
420730;3683;139;148;159;109;127;140;77;91;167;117;198;120;5275
420740;130;8;5;6;15;7;4;4;4;2;0;2;4;191
420750;6880;497;384;392;446;352;406;413;460;408;429;459;175;11701
420760;123;0;2;3;3;3;7;0;1;2;2;5;2;153
420765;1;0;0;0;0;1;0;0;0;0;0;0;0;2
420770;337;11;9;5;10;16;12;15;15;9;15;8;7;469
420780;171;9;13;8;9;19;10;7;9;12;21;12;7;307
420790;312;11;9;11;9;19;19;13;11;10;13;12;9;458
420800;227;13;14;13;14;9;13;6;17;15;18;10;6;375
420810;1069;90;58;45;48;87;48;84;65;48;52;45;33;1772
420820;21082;1555;1847;1800;1483;1655;1911;2049;1927;2050;1912;1965;1171;42407
420830;1097;70;29;45;29;52;56;46;62;117;109;80;138;1930
420840;2353;100;79;114;81;88;115;172;158;96;89;100;73;3618
420850;1358;91;90;72;64;68;71;98;81;118;81;68;46;2306
420860;213;3;4;19;7;15;4;11;3;7;5;4;23;318
420870;381;100;22;12;5;20;18;12;12;23;22;10;9;646
420880;709;38;35;43;30;26;26;39;36;24;82;83;22;1193
420890;21532;1565;1475;1287;1160;1298;1503;1686;1603;1460;1426;1131;541;37667
420900;6999;624;352;338;334;423;394;477;423;400;431;375;303;11873
420910;77692;4602;4394;4646;3931;4459;5219;6327;5952;6125;6260;5623;3090;138320
420920;138;4;2;7;12;5;14;6;2;9;4;9;9;221
420930;21275;1335;973;1328;1189;1191;1281;1381;1505;1597;1479;1473;927;36934
420940;2414;256;78;139;138;75;120;144;128;138;143;166;206;4145
420950;261;23;13;23;10;14;20;21;14;28;10;18;10;465
420960;1803;29;50;166;65;38;47;74;156;86;76;30;35;2655
420970;405;62;19;33;47;22;24;27;19;33;39;29;5;764
420980;101;2;1;7;3;2;2;1;0;5;1;1;0;126
420990;354;25;48;23;17;52;21;19;38;40;22;86;25;770
421000;600;22;34;29;30;26;26;44;20;23;41;21;4;920
421010;5252;385;311;291;297;331;426;358;486;405;409;399;210;9560
421020;53;1;4;3;1;1;3;0;1;3;3;0;0;73
421030;194;4;5;5;12;5;3;3;6;5;4;6;9;261
421040;267;49;27;15;18;20;18;21;21;15;41;13;27;552
421050;1206;134;67;91;91;78;94;116;134;117;142;125;66;2461
421060;991;61;46;68;53;49;57;70;51;49;44;34;17;1590
421070;386;13;11;27;10;18;15;34;21;18;26;16;13;608
421080;357;9;27;25;26;14;14;20;18;14;17;6;5;552
421085;1;0;0;0;0;0;0;0;0;0;0;0;0;1
421090;411;12;22;25;18;27;34;24;35;39;17;27;22;713
421100;1107;51;42;64;70;35;40;44;50;71;46;36;34;1690
421110;337;37;12;12;21;24;19;27;37;38;33;15;13;625
421120;2004;144;105;107;123;108;97;148;126;124;78;104;85;3353
421130;1478;1203;227;98;84;110;103;139;102;98;90;84;50;3866
421140;201;11;5;20;8;4;8;8;4;3;6;3;4;285
421150;1012;267;185;149;218;236;282;275;307;245;203;175;57;3611
421160;826;49;65;43;36;73;117;75;47;54;50;61;35;1531
421170;1534;77;98;119;144;171;145;152;99;161;129;97;58;2984
421175;2213;24;22;21;106;39;63;60;53;93;87;41;43;2865
421180;295;18;10;13;20;8;13;12;15;7;12;12;4;439
421190;2239;136;133;160;176;159;204;161;176;201;165;148;93;4151
421200;524;15;20;28;28;24;13;13;40;23;21;34;5;788
421210;1052;59;49;71;44;56;62;38;73;44;51;49;41;1689
421220;929;71;57;63;66;55;47;62;63;58;83;130;34;1718
421230;2175;127;95;89;99;73;50;81;129;116;175;130;76;3415
421240;322;26;4;14;6;10;12;4;9;8;23;12;7;457
421250;686;32;45;72;46;38;30;58;16;15;33;27;5;1103
421260;147;7;7;9;5;5;2;9;3;12;7;8;5;226
421270;223;21;7;10;205;34;13;5;4;3;4;0;3;532
421280;784;50;22;23;32;38;19;23;28;49;54;36;123;1281
421290;807;16;30;38;50;54;61;87;79;82;55;62;51;1472
421300;301;32;24;9;8;21;23;27;26;20;22;15;14;542
421310;162;18;7;13;6;8;3;12;7;6;6;6;2;256
421320;4752;253;212;186;154;146;201;273;296;218;258;173;111;7233
421330;236;9;13;19;9;10;12;13;3;8;9;19;13;373
421340;1378;155;82;63;108;101;119;83;76;65;112;84;55;2481
421350;503;26;22;30;17;12;21;18;22;24;24;25;15;759
421360;3026;222;204;184;163;197;190;259;223;225;219;234;131;5477
421370;653;42;52;65;68;53;48;132;88;32;45;36;35;1349
421380;303;14;10;18;13;12;29;9;11;4;7;10;10;450
421390;59;3;0;8;1;3;3;4;4;4;2;0;0;91
421400;1228;96;63;74;61;133;85;91;138;124;83;49;27;2252
421410;81;0;1;3;16;6;0;4;3;5;2;1;2;124
421420;547;28;33;23;24;39;34;24;53;43;27;35;18;928
421430;111;5;6;3;2;5;9;3;16;3;6;10;2;181
421440;256;28;15;4;13;10;13;13;15;27;19;12;10;435
421450;302;8;8;18;14;13;14;9;25;12;12;9;1;445
421460;342;21;27;24;24;15;18;34;32;22;18;20;11;608
421470;849;61;45;45;84;107;154;155;104;104;81;76;31;1896
421480;10315;875;756;712;612;797;774;844;892;823;812;698;396;19306
421490;120;3;4;3;2;5;5;1;2;1;13;3;10;172
421500;6239;354;578;361;335;384;345;467;377;512;496;352;105;10905
421510;2065;64;103;65;61;52;111;128;99;79;95;61;48;3031
421520;214;21;10;22;8;14;16;5;9;6;3;7;14;349
421530;870;92;33;76;39;30;42;41;47;49;55;49;36;1459
421540;358;14;8;11;14;13;16;13;14;17;16;16;10;520
421550;1962;152;133;107;96;165;123;84;229;172;168;146;86;3623
421560;69;1;2;5;2;5;6;7;4;1;2;1;2;107
421570;1065;65;56;77;43;57;65;51;69;41;69;87;40;1785
421580;15021;1117;907;742;758;1012;1143;1324;1214;1023;1113;777;233;26384
421590;146;1;11;6;4;7;4;9;3;0;6;5;5;207
421600;669;25;39;33;44;21;32;44;38;32;35;32;24;1068
421610;647;20;24;43;35;33;41;18;41;32;29;22;21;1006
421620;3036;122;94;150;115;93;180;127;122;132;147;159;107;4584
421630;1392;88;96;110;95;92;151;547;253;168;130;102;48;3272
421640;142;6;5;1;6;2;0;4;0;6;7;1;0;180
421650;1775;130;232;105;66;74;84;76;87;108;99;93;44;2973
421660;14228;1198;930;977;843;1085;1204;1139;1157;1349;1253;1225;794;27382
421670;855;27;27;60;29;52;35;46;51;41;36;37;25;1321
421680;176;1;24;3;9;6;9;7;14;9;13;6;12;289
421690;1279;60;37;59;54;113;119;104;113;100;127;105;55;2325
421700;357;51;30;40;15;20;33;22;21;25;32;23;13;682
421710;94;1;3;2;1;1;2;6;3;1;3;4;4;125
421720;4323;296;258;323;257;268;274;282;239;259;253;238;133;7403
421730;595;17;34;29;24;28;70;23;25;40;55;43;21;1004
421740;644;31;37;5;11;22;29;28;40;31;26;30;9;943
421750;1567;29;41;48;67;65;67;68;73;80;84;53;45;2287
421760;1708;49;73;76;50;49;45;68;98;85;64;115;66;2546
421770;2792;379;305;445;287;254;246;301;327;268;448;259;202;6513
421780;2100;100;111;146;109;148;118;132;127;131;117;108;60;3507
421790;828;44;42;38;31;26;53;48;55;43;45;40;26;1319
421800;2606;171;116;161;111;153;331;196;189;153;136;164;79;4566
421810;206;9;5;14;8;15;20;11;3;9;10;0;7;317
421820;6090;476;536;326;346;368;367;439;447;411;508;389;163;10866
421830;2325;137;138;120;118;134;115;127;87;110;103;118;77;3709
421840;308;6;12;15;24;23;21;9;13;15;17;8;9;480
421850;288;13;15;7;8;7;15;17;14;15;19;10;13;441
421860;1079;56;57;50;54;57;41;53;40;61;43;61;33;1685
421870;15425;1419;738;949;737;903;970;782;908;854;1009;887;655;26236
421880;599;94;49;39;25;19;31;24;30;38;32;28;14;1022
421890;547;22;25;23;32;19;27;43;26;12;17;10;8;811
421900;6191;348;367;327;323;365;372;482;414;421;354;395;337;10696
421910;150;3;3;9;7;4;10;15;13;8;10;9;3;244
421920;227;15;9;12;8;23;14;24;17;9;4;6;3;371
421930;7542;353;633;575;523;484;414;428;412;448;342;338;234;12726
421940;125;9;7;2;3;11;11;5;3;6;3;1;5;191
421950;4288;243;201;275;239;266;301;324;285;356;340;291;228;7637
421960;138;1;2;7;1;6;3;6;5;4;2;2;0;177
421970;2854;120;120;157;147;167;155;185;192;171;172;136;78;4654
430005;1;0;0;0;0;1;0;0;0;0;0;0;0;2
430010;694;48;22;35;22;39;37;29;32;24;17;34;14;1047
430030;315;5;11;16;17;9;9;7;6;6;3;4;1;409
430040;7921;388;403;1069;712;474;316;346;391;359;426;372;397;13574
430050;354;14;4;41;24;12;8;17;12;8;9;13;12;528
430060;4837;491;349;349;365;396;444;383;314;354;462;388;342;9474
430070;295;5;9;20;8;5;16;19;8;16;15;46;25;487
430080;1610;49;73;81;61;98;90;69;127;95;130;127;68;2678
430090;330;6;2;7;15;7;11;16;9;23;14;10;17;467
430100;3249;244;102;138;141;227;184;203;151;124;199;177;110;5249
430105;645;9;15;22;37;23;50;21;10;39;34;18;13;936
430110;7402;432;270;368;252;247;250;324;376;412;374;340;228;11275
430120;712;20;10;37;36;26;24;26;20;22;25;39;16;1013
430130;1378;52;40;100;64;30;36;41;32;58;57;48;37;1973
430140;557;7;13;21;20;13;9;16;11;9;22;16;7;721
430150;531;26;11;22;23;12;8;10;12;12;22;8;5;702
430160;15884;872;990;1451;984;882;790;796;632;674;850;925;656;26386
430170;266;12;7;15;14;19;16;5;9;8;8;6;10;395
430180;263;8;9;5;16;7;12;7;11;3;8;9;0;358
430190;1939;110;76;193;83;77;127;165;98;127;184;175;88;3442
430200;351;26;8;1;14;10;13;8;7;7;5;6;18;474
430210;19653;1853;1486;1197;1354;1624;1825;1910;1668;1634;1673;1268;807;37952
430220;530;21;16;37;41;24;18;24;17;15;31;87;65;926
430230;1515;59;45;79;69;48;91;86;92;69;114;77;64;2408
430235;1216;60;43;76;58;49;48;44;64;79;57;47;37;1878
430240;2405;137;65;87;94;113;183;86;53;121;160;116;140;3760
430250;456;7;8;35;29;12;6;15;10;3;17;12;6;616
430260;216;5;4;10;9;4;6;4;3;3;12;1;6;283
430265;1;0;0;0;0;0;0;0;0;0;0;0;0;1
430270;3232;76;131;163;144;130;125;147;117;103;131;128;76;4703
430280;4075;131;76;160;158;169;216;117;119;128;145;106;101;5701
430290;901;27;28;70;54;26;9;21;30;24;18;14;11;1233
430300;10747;396;423;553;455;411;511;403;463;450;498;436;393;16139
430310;10147;720;613;828;656;853;982;1076;999;1090;1175;946;594;20679
430320;162;0;0;6;3;1;0;7;5;2;4;9;2;201
430330;449;15;6;21;21;26;13;4;4;6;20;7;34;626
430340;190;1;3;17;8;5;8;5;1;4;2;2;5;251
430350;6268;350;256;538;307;293;328;403;427;302;361;331;334;10498
430360;1454;82;46;72;92;76;71;57;40;67;66;116;43;2282
430370;306;6;5;10;17;12;12;6;13;18;14;2;5;426
430380;430;26;9;20;9;25;16;6;18;15;13;11;11;609
430390;19991;1720;1308;1772;1452;1675;1701;1822;1604;1934;1489;1371;661;38500
430400;515;12;18;40;41;24;27;29;18;25;49;28;10;836
430420;1741;62;56;127;92;92;75;95;97;79;78;62;30;2686
430430;254;5;3;21;15;51;0;6;9;10;10;7;4;395
430440;4045;364;268;354;297;248;330;287;350;351;476;376;250;7996
430450;1802;182;63;80;71;102;70;86;99;80;75;84;126;2920
430460;40858;2163;1981;2401;2217;2324;2789;2968;2993;2961;3285;3057;2005;72002
430463;1271;458;72;137;64;101;120;37;79;67;112;107;190;2815
430466;1815;67;38;73;334;181;39;24;145;152;268;462;223;3821
430470;9008;359;305;542;501;389;464;457;473;502;564;495;353;14412
430480;3502;178;107;191;102;141;161;208;165;131;127;97;77;5187
430490;825;35;38;30;32;36;56;36;44;32;44;35;38;1281
430495;3;0;0;0;0;0;0;0;0;0;0;0;0;3
430500;853;41;50;57;74;23;27;14;34;26;48;24;25;1296
430510;71265;5287;4711;4441;4302;4681;5256;6234;5606;5933;6242;5121;3464;132543
430520;1756;67;54;80;139;88;85;87;108;106;132;102;67;2871
430530;461;14;8;29;19;16;40;14;8;25;42;33;9;718
430535;2857;55;26;76;62;52;83;155;123;158;124;170;153;4094
430540;396;4;4;14;34;19;9;2;18;15;22;4;7;548
430550;217;5;3;11;5;6;5;4;3;7;1;16;3;286
430560;282;11;10;7;39;8;9;6;3;7;15;8;2;407
430570;364;17;10;34;19;15;22;19;22;16;21;8;3;570
430580;562;24;19;24;34;20;11;29;24;28;34;27;15;851
430587;1;0;0;0;0;0;0;0;0;0;0;0;1;2
430590;478;13;1;8;4;9;21;20;11;10;32;13;8;628
430595;284;6;10;12;17;6;20;13;4;9;5;2;0;388
430600;913;26;26;48;50;14;33;28;24;31;27;25;65;1310
430610;7131;332;226;398;426;348;318;308;326;379;381;411;313;11297
430620;908;48;72;61;55;144;120;133;126;90;83;66;69;1975
430630;145;1;2;6;2;1;1;2;2;5;2;1;2;172
430640;6785;488;335;487;441;420;475;342;264;263;320;253;112;10985
430650;257;8;5;18;3;5;4;2;9;4;1;6;6;328
430660;3551;260;147;390;211;153;114;99;103;114;141;104;119;5506
430670;152;1;3;9;4;2;8;3;5;1;4;1;21;214
430673;2;0;0;0;0;0;0;0;0;0;0;0;0;2
430680;3320;206;133;212;166;163;161;172;201;177;178;198;188;5475
430690;1146;32;26;50;38;50;45;17;8;25;9;34;16;1496
430693;1;0;0;0;0;0;0;0;0;0;0;0;0;1
430700;12073;889;669;726;707;770;865;855;827;850;892;842;551;21516
430705;0;4;0;0;0;0;0;0;2;0;0;0;0;6
430710;317;12;6;20;5;11;2;4;2;5;2;7;7;400
430720;156;3;5;6;5;7;2;2;1;6;3;5;1;202
430730;450;11;5;14;44;11;13;9;14;10;9;4;4;598
430740;200;5;2;7;6;5;7;6;7;6;14;5;3;273
430750;1674;34;47;71;221;51;45;47;87;44;81;75;36;2513
430760;9223;976;849;702;791;956;899;961;994;826;858;625;429;19089
430770;12623;1273;937;849;840;1097;1115;928;948;1072;1238;1009;755;24684
430780;7317;391;286;414;469;431;356;358;382;445;371;349;261;11830
430790;12004;711;743;684;710;945;945;1092;1201;984;1067;844;503;22433
430800;644;21;17;32;27;24;29;15;23;16;13;25;11;897
430805;1;2;0;0;0;0;0;0;0;0;0;2;0;5
430810;3465;182;107;280;340;218;181;212;215;272;203;147;98;5920
430820;3262;181;159;134;118;118;155;167;217;243;186;136;104;5180
430830;443;17;11;20;23;15;29;29;16;9;11;16;11;650
430840;226;5;8;22;12;3;2;3;0;2;1;2;2;288
430845;131;6;2;10;9;4;5;5;4;3;7;1;6;193
430850;2852;116;81;132;209;127;144;145;135;167;153;145;97;4503
430860;3896;217;282;199;126;184;262;322;313;251;219;204;163;6638
430870;532;11;11;18;20;31;23;17;18;12;19;8;79;799
430880;530;34;32;42;54;40;32;37;41;34;32;24;15;947
430890;3361;152;117;180;264;174;237;177;183;277;188;174;309;5793
430900;1819;85;51;82;158;97;74;77;78;98;126;42;53;2840
430905;0;0;10;0;1;0;2;0;0;0;0;0;0;13
430910;5800;651;464;423;420;462;483;556;534;462;492;469;232;11448
430920;19201;813;781;905;880;906;992;1111;1210;1188;1286;1177;845;31295
430930;15109;868;739;816;644;917;954;1080;871;1131;1274;1433;865;26701
430940;3441;198;141;280;262;243;269;251;268;277;224;241;196;6291
430950;581;30;8;26;46;27;20;18;18;26;19;25;21;865
430960;2897;65;72;107;99;106;101;95;126;167;87;104;64;4090
430965;9;1;0;0;0;0;1;0;0;0;0;1;0;12
430970;462;14;12;28;40;13;15;10;24;15;28;10;16;687
430975;0;0;0;1;0;0;0;0;0;0;0;0;0;1
430980;255;6;3;12;6;6;5;5;2;9;1;8;2;320
430990;462;18;9;23;12;13;10;15;18;19;10;12;10;631
431000;2525;102;46;77;83;83;78;79;112;104;147;117;63;3616
431010;6517;701;609;648;634;648;653;641;691;712;645;532;243;13874
431020;10471;411;379;503;577;522;577;711;576;694;858;699;575;17553
431030;187;5;10;16;6;11;10;2;2;9;5;3;4;270
431033;1;0;0;0;0;0;0;0;0;0;0;0;0;1
431040;361;13;9;35;64;9;13;10;12;8;23;6;3;566
431050;537;30;21;59;18;17;23;19;16;19;41;20;41;861
431060;3491;265;247;415;237;260;150;185;167;130;160;169;130;6006
431070;171;8;3;10;9;5;3;3;7;12;6;2;6;245
431080;4786;348;359;400;308;353;375;367;314;239;286;222;110;8467
431090;217;2;6;19;12;3;6;5;3;9;13;7;4;306
431100;2713;178;118;346;90;95;84;82;69;138;161;116;124;4314
431110;1129;38;27;64;51;31;28;44;48;27;31;16;10;1544
431115;295;14;8;18;19;11;5;8;11;5;8;12;4;418
431120;2031;75;57;94;194;121;59;64;68;140;155;90;94;3242
431130;2809;138;89;149;180;186;191;223;175;190;224;199;156;4909
431140;11365;767;534;801;725;918;855;904;861;868;980;914;689;21181
431150;1292;5;8;23;17;6;11;11;11;6;1;21;8;1420
431160;193;5;3;12;16;3;4;4;9;3;6;7;4;269
431170;251;2;10;15;8;0;5;0;5;4;1;9;4;314
431177;1;0;0;0;0;0;0;0;0;0;0;0;0;1
431180;3330;179;149;206;253;236;150;181;191;214;158;150;112;5509
431190;458;13;8;12;14;11;15;16;11;11;24;17;16;626
431200;142;3;0;7;4;0;4;4;0;2;2;0;0;168
431210;192;8;1;7;11;4;0;1;5;5;3;11;1;249
431220;240;2;3;16;0;4;4;2;14;3;5;4;2;299
431230;314;9;5;2;6;1;1;26;3;2;0;0;1;370
431240;10213;403;302;447;454;401;376;499;624;605;692;679;593;16288
431245;8;0;0;2;0;0;0;0;0;0;1;0;0;11
431247;0;0;0;1;0;0;0;0;0;0;1;0;0;2
431250;356;6;4;48;9;10;6;6;5;8;3;5;9;475
431260;1143;49;35;53;21;21;37;40;22;24;14;40;73;1572
431265;2197;66;50;148;100;150;116;131;140;145;140;110;77;3570
431270;913;20;13;73;66;31;44;36;29;24;44;26;18;1337
431280;255;4;3;6;2;10;3;6;8;25;23;11;10;366
431290;831;44;22;59;43;64;68;47;49;70;45;50;35;1427
431300;167;4;4;6;3;4;3;3;4;1;2;3;5;209
431303;0;0;0;0;1;0;0;0;0;0;0;0;0;1
431310;338;4;8;13;5;7;7;1;15;9;5;11;11;434
431320;3669;271;127;188;175;150;193;171;140;109;147;122;72;5534
431330;2483;104;120;119;96;143;159;160;158;163;186;158;104;4153
431337;1;0;0;0;0;0;0;0;0;0;0;0;0;1
431340;66827;7211;5314;5487;5632;5838;6586;6701;6846;7647;7686;6202;3441;141418
431350;7182;764;297;403;365;377;431;375;435;355;434;468;667;12553
431360;293;6;4;13;7;8;8;5;3;10;4;5;9;375
431365;556;38;22;27;36;35;33;51;29;51;63;52;43;1036
431370;3592;139;134;311;254;184;161;170;166;170;269;227;128;5905
431380;285;5;5;14;8;8;4;6;4;2;1;4;1;347
431390;5292;261;156;215;204;259;416;435;409;495;440;401;320;9303
431400;473;24;10;24;21;23;47;24;34;31;37;45;5;798
431402;2;0;0;0;0;0;0;0;0;0;0;0;0;2
431403;1;0;0;0;1;0;0;0;0;0;0;0;0;2
431405;6813;415;404;788;603;578;720;713;619;633;936;597;577;14396
431410;24494;1212;1051;1364;1416;1340;1479;1503;1549;1770;1830;1602;1183;41793
431415;1;1;0;0;0;0;0;0;0;0;0;0;0;2
431420;1032;30;39;89;118;64;52;44;42;40;34;37;41;1662
431430;217;1;21;10;13;13;14;2;10;2;14;5;5;327
431440;56766;4379;2819;3365;3100;3259;2487;2790;2949;3552;5282;8128;9242;108118
431450;1512;38;19;35;47;26;23;45;27;62;128;72;52;2086
431460;1807;256;40;53;23;177;194;146;69;101;112;95;752;3825
431470;620;22;14;36;23;42;18;24;19;17;26;8;13;882
431475;1;0;0;0;0;0;0;0;0;0;0;0;0;1
431480;4633;509;406;489;410;416;453;523;423;523;490;379;173;9827
431490;556904;26377;17777;21727;20352;22078;23746;25704;26349;27355;27300;25966;19453;841088
431500;435;21;11;21;28;25;19;11;22;18;18;7;16;652
431510;465;30;20;55;39;24;30;24;43;35;30;17;15;827
431515;2;0;0;0;0;0;0;0;0;0;0;0;0;2
431520;181;5;3;17;4;5;5;3;1;0;4;6;2;236
431530;1684;135;67;147;87;65;81;51;79;57;91;80;58;2682
431540;277;10;6;9;9;9;9;7;4;1;12;14;5;372
431550;894;21;27;58;52;30;37;33;17;31;22;50;20;1292
431560;31209;2107;3833;2268;1513;1584;1354;1368;1153;1618;1740;1741;1304;52792
431570;4735;196;164;334;235;217;226;204;197;310;289;339;310;7756
431580;1764;175;90;190;109;116;126;75;112;104;76;66;19;3022
431590;347;11;6;14;16;10;9;7;9;9;6;17;22;483
431600;3618;224;117;279;180;237;272;196;219;230;247;171;106;6096
431610;815;54;39;45;58;23;25;42;51;36;55;55;12;1310
431620;250;9;2;7;9;4;5;6;9;9;8;6;6;330
431630;361;16;12;22;40;10;5;6;13;14;23;10;10;542
431640;3228;288;213;342;364;359;209;170;192;166;221;195;178;6125
431643;1;0;0;0;0;0;0;0;0;0;0;1;0;2
431645;527;5;5;27;45;20;21;2;1;6;7;17;2;685
431650;2029;121;70;58;140;124;97;134;131;122;98;70;95;3289
431660;1271;36;33;59;38;29;45;55;36;53;56;51;27;1789
431670;1283;36;47;74;137;110;53;23;47;58;70;60;44;2042
431680;20281;5237;4864;2262;1354;1356;1516;1639;1419;1316;1421;1496;1405;45566
431690;31421;1074;973;1266;1226;1192;1115;1317;1662;1588;2027;1888;1304;48053
431700;277;2;3;34;15;2;4;1;2;7;4;4;7;362
431710;13590;1645;936;1825;1147;1107;1230;1462;712;1349;949;1006;737;27695
431720;9833;465;391;533;826;629;694;584;722;794;744;701;420;17336
431730;4078;349;275;767;317;201;166;213;292;371;354;207;148;7738
431740;4582;148;90;137;187;179;163;138;147;222;207;279;158;6637
431750;10500;472;292;442;648;575;503;581;811;742;896;771;599;17832
431760;4018;200;260;426;277;334;285;288;345;371;320;315;162;7601
431770;503;5;7;3;11;18;18;15;8;14;24;6;3;635
431780;1587;84;38;181;212;86;53;84;112;94;201;106;111;2949
431790;974;25;41;44;70;49;40;49;67;42;47;42;25;1515
431800;5727;296;303;557;339;236;241;191;248;294;257;260;167;9116
431810;1269;24;18;124;79;39;15;33;26;14;24;26;13;1704
431820;2214;143;144;171;101;75;101;147;164;148;197;137;111;3853
431830;5061;193;164;340;384;208;160;158;159;164;201;171;204;7567
431840;3814;121;97;144;127;122;149;160;123;113;149;145;94;5358
431843;1;0;0;0;0;0;0;0;0;0;0;0;0;1
431846;1;0;0;0;0;0;0;0;0;0;0;0;0;1
431850;1277;48;67;65;42;40;35;40;32;35;49;30;23;1783
431860;708;16;14;19;23;12;18;11;10;15;14;15;14;889
431870;32551;2192;1790;2356;2044;2191;2576;2614;2749;2813;2985;2581;1739;61181
431880;2902;139;86;223;173;101;126;104;106;124;128;138;107;4457
431890;5087;162;139;139;207;243;150;132;134;145;321;191;120;7170
431900;3630;261;228;230;272;219;262;275;249;261;230;188;98;6403
431910;442;17;31;38;52;24;23;16;22;29;38;11;15;758
431920;399;10;3;29;16;11;13;4;4;2;14;3;3;511
431930;428;18;11;48;32;10;23;17;40;27;26;15;11;706
431937;2;0;0;0;0;0;0;0;1;1;0;0;0;4
431940;1093;31;24;108;87;32;26;33;35;34;25;21;15;1564
431950;3779;233;229;416;364;304;407;347;311;337;345;270;185;7527
431960;1885;65;33;147;79;70;73;59;68;84;56;90;45;2754
431970;411;7;4;15;12;22;2;9;6;5;5;3;11;512
431980;397;20;8;10;11;17;13;4;31;6;9;3;3;532
431990;22706;2484;1716;2039;1973;2266;2142;2664;2366;2108;2660;2041;1267;48432
432000;10963;639;640;588;669;682;758;791;886;923;876;746;477;19638
432010;2014;105;46;139;190;133;129;176;131;127;151;102;97;3540
432020;583;12;17;18;23;25;20;12;12;11;15;12;13;773
432030;309;3;1;10;34;11;15;12;21;19;17;12;8;472
432040;1373;59;42;48;52;48;37;60;53;98;56;61;74;2061
432050;581;22;6;29;35;6;11;10;3;17;22;49;4;795
432055;2;0;0;0;0;0;0;0;0;0;0;0;0;2
432060;234;16;5;11;16;8;6;3;5;9;5;9;8;335
432067;1;0;0;0;0;1;0;0;0;0;0;0;0;2
432070;1457;45;48;86;46;69;87;47;85;58;58;67;39;2192
432080;2731;120;77;175;135;110;114;126;151;127;170;160;138;4334
432090;1476;49;40;70;97;39;86;75;81;76;48;38;26;2201
432100;1746;37;58;51;115;85;49;39;70;54;77;87;41;2509
432110;1440;73;90;241;102;131;115;82;75;89;93;74;67;2672
432120;7830;834;695;826;776;865;816;919;892;777;935;782;499;17446
432130;3765;171;202;172;164;161;191;176;211;169;215;215;160;5972
432135;80;3;3;6;3;5;12;0;0;0;1;0;0;113
432140;1246;46;36;84;77;23;59;45;24;37;52;21;25;1775
432143;3;0;0;2;0;0;0;0;0;0;0;1;2;8
432145;2910;273;86;122;145;202;174;177;386;265;177;204;137;5258
432150;3200;1247;194;227;181;133;161;179;212;221;185;283;470;6893
432160;4775;1108;370;264;185;176;184;208;235;230;350;380;679;9144
432162;4;0;0;0;0;0;0;0;1;0;0;0;0;5
432170;4282;447;291;411;368;315;316;310;341;269;324;221;99;7994
432180;3051;169;108;192;191;139;132;130;121;166;196;137;107;4839
432190;3887;176;152;284;242;174;184;181;189;152;166;160;128;6075
432200;5074;180;130;271;274;122;105;134;170;199;136;138;157;7090
432210;713;20;24;48;68;30;21;10;34;62;28;34;23;1115
432220;1748;35;30;161;192;77;54;52;55;50;118;111;42;2725
432230;777;42;41;64;86;42;47;36;48;51;40;22;26;1322
432240;11682;738;730;995;820;692;742;711;849;726;810;781;614;20890
432250;7087;441;388;479;326;348;338;347;419;409;491;716;379;12168
432260;6883;1327;1476;877;511;461;460;427;460;410;471;472;434;14669
432270;1748;391;951;364;105;113;117;86;107;64;65;92;63;4266
432280;3979;200;199;154;135;231;224;153;241;248;224;182;128;6298
432290;224;2;9;22;8;4;11;3;9;8;1;4;2;307
432300;5598;260;247;337;367;392;320;333;338;390;421;415;270;9688
432310;157;5;3;16;11;5;1;0;0;0;0;0;0;198
432320;220;12;8;4;23;11;5;8;2;6;12;10;6;327
432340;1;0;0;0;0;0;0;0;0;0;0;0;0;1
432380;21;11;0;0;0;1;0;0;0;0;0;0;1;34
500020;2822;169;139;181;196;196;132;126;1602;184;174;114;65;6100
500060;1834;90;137;137;129;103;85;107;149;113;90;77;138;3189
500070;1052;76;66;93;167;91;67;49;35;64;35;38;25;1858
500080;218;14;12;9;15;8;20;6;7;6;13;6;5;339
500085;168;9;12;20;18;18;4;11;3;7;4;4;4;282
500090;107;19;12;6;4;1;3;1;3;1;4;2;0;163
500100;872;28;17;43;33;41;46;57;36;49;44;24;20;1310
500110;2126;102;78;82;117;115;111;67;75;73;93;76;60;3175
500124;178;14;9;28;12;8;16;9;8;6;7;10;1;306
500150;99;7;4;4;10;9;8;6;7;9;5;3;3;174
500190;453;26;29;55;36;97;62;39;46;27;32;34;37;973
500200;264;8;9;13;4;22;7;8;16;19;13;4;8;395
500210;879;61;92;95;46;40;69;18;49;37;53;21;16;1476
500215;196;9;9;7;19;19;16;21;17;9;5;4;2;333
500220;491;30;20;27;21;34;53;20;22;63;21;16;19;837
500230;1669;451;404;487;473;619;523;532;238;231;281;259;115;6282
500240;1111;25;58;84;65;30;77;56;68;46;43;52;35;1750
500260;497;39;29;18;50;37;35;21;24;24;8;12;12;806
500270;100244;4950;5302;5848;5109;6045;6714;5328;5266;5485;4997;4811;2959;163058
500280;112;4;2;9;10;0;3;3;2;4;0;0;0;149
500290;1284;75;64;99;103;51;60;60;74;101;103;88;73;2235
500310;95;3;3;3;3;2;0;2;9;6;2;0;0;128
500320;7355;387;447;499;410;386;350;394;356;435;392;341;346;12098
500325;336;28;24;37;38;8;13;21;20;31;38;23;22;639
500330;1185;44;49;38;60;102;40;106;61;55;65;53;83;1941
500345;269;19;13;50;11;9;6;7;14;7;10;7;6;428
500350;19;1;1;0;0;3;0;1;0;0;0;2;1;28
500370;14104;1002;858;1043;979;885;1258;1076;953;1108;1115;957;604;25942
500375;368;37;36;46;45;19;31;19;31;46;25;18;18;739
500380;1192;41;26;94;59;48;39;53;40;57;43;70;31;1793
500400;482;20;47;52;20;18;13;11;15;16;17;9;6;726
500410;257;11;9;10;12;9;21;20;61;40;12;6;62;530
500430;541;42;44;27;36;26;31;87;95;36;49;29;25;1068
500440;125;9;9;19;1;7;2;2;1;4;9;3;1;192
500450;586;35;14;27;26;12;25;72;54;48;32;29;24;984
500460;559;31;25;26;32;24;25;29;26;19;21;25;32;874
500470;1346;80;62;81;80;100;74;77;118;66;64;76;25;2249
500490;121;18;26;8;9;2;6;53;21;27;17;39;2;349
500500;664;25;36;15;49;27;33;30;44;31;28;28;33;1043
500510;89;1;1;3;0;3;1;5;1;11;2;1;2;120
500520;1751;21;52;42;14;6;56;22;6;19;8;13;9;2019
500540;1297;86;72;137;68;48;45;55;76;64;53;51;24;2076
500560;931;71;51;91;42;53;57;36;54;45;48;28;29;1536
500568;918;66;75;48;112;37;42;56;40;54;59;38;28;1573
500570;1909;144;154;155;163;82;177;103;62;98;104;64;61;3276
500580;177;4;4;2;2;1;0;1;3;3;1;1;5;204
500620;2154;150;122;178;128;150;281;137;131;110;88;89;79;3797
500630;1859;97;174;112;110;109;110;133;110;104;84;103;60;3165
500640;406;22;17;28;67;45;22;36;17;21;11;20;6;718
500660;5639;342;307;286;310;278;252;433;309;403;304;296;161;9320
500690;373;6;11;13;5;5;5;11;28;9;10;12;5;493
500710;1511;262;110;110;102;90;134;93;64;86;69;66;53;2750
500720;2598;311;261;409;250;375;359;532;374;215;131;152;121;6088
500730;93;4;1;3;11;1;2;1;2;3;1;2;0;124
500740;477;27;20;15;6;22;26;32;31;28;26;23;23;756
500750;23;2;0;0;2;2;2;1;1;5;3;1;1;43
500755;22;0;1;3;0;2;1;3;1;0;1;1;0;35
500769;655;36;64;70;102;42;41;60;56;60;74;47;38;1345
500770;358;32;24;32;30;20;29;63;32;35;19;25;11;710
500780;127;26;7;1;1;17;4;13;4;1;5;1;1;208
500790;979;28;26;70;103;113;41;40;52;62;31;32;27;1604
500795;83;15;0;10;4;15;11;11;18;8;7;25;11;218
500797;111;10;8;9;2;2;4;2;0;3;0;0;0;151
500800;315;44;18;21;19;27;10;13;14;17;29;14;10;551
500830;4431;302;263;276;286;267;310;275;328;367;324;307;246;7982
500840;37;6;0;7;5;2;3;3;4;2;4;1;1;75
510010;27;0;1;0;3;3;0;3;2;1;1;1;1;43
510020;471;23;30;86;38;24;19;19;26;47;27;28;20;858
510025;1842;90;98;162;125;155;200;204;127;164;183;128;83;3561
510030;711;45;48;55;58;41;46;60;51;63;49;60;30;1317
510040;239;14;5;24;9;8;13;4;4;10;6;23;4;363
510050;224;0;2;5;3;5;7;10;2;0;4;3;5;270
510120;7;0;0;0;0;0;1;0;0;0;0;0;0;8
510125;372;13;10;5;15;21;22;18;25;24;138;40;46;749
510130;350;18;10;13;19;37;23;17;12;25;22;16;17;579
510140;1861;100;34;86;95;122;118;119;159;140;105;115;78;3132
510160;9;4;1;2;0;0;0;0;0;0;1;0;0;17
510170;1505;163;129;72;200;347;183;308;152;112;98;55;48;3372
510180;3490;341;235;279;242;225;242;240;232;207;220;204;136;6293
510250;3607;194;203;291;239;183;176;177;272;238;231;286;172;6269
510267;2;0;0;0;0;0;0;0;0;0;0;0;0;2
510270;665;25;48;93;37;39;24;22;26;66;33;38;15;1131
510300;842;54;70;69;84;84;53;73;110;82;59;57;29;1666
510320;1096;89;62;74;146;159;101;96;165;95;118;49;60;2310
510340;78703;3706;2639;3189;3263;3641;4171;3514;3825;3564;3544;3277;1995;119031
510345;40;1;2;9;3;5;3;4;1;2;4;2;1;77
510350;2446;226;149;253;192;280;367;350;337;369;276;269;131;5645
510360;251;13;9;14;13;11;4;5;10;4;7;5;5;351
510380;4;0;0;0;0;0;0;0;0;0;0;0;0;4
510390;266;6;7;11;94;108;6;1;5;17;9;0;1;531
510420;596;11;19;23;124;66;48;49;96;87;20;11;5;1155
510460;1155;100;109;112;166;126;62;59;82;102;141;40;76;2330
510480;1925;109;64;69;112;333;492;159;304;295;199;91;56;4208
510500;133;8;5;1;0;9;6;5;3;3;0;3;0;176
510510;222;33;33;7;40;16;9;10;23;26;58;19;18;514
510515;459;61;53;34;53;61;54;88;158;72;57;64;51;1265
510520;312;20;25;15;10;5;5;4;17;18;20;18;7;476
510523;1;0;0;0;0;0;2;0;0;0;0;0;2;5
510530;263;15;26;34;4;24;28;23;15;31;15;17;2;497
510550;471;59;39;44;42;41;26;17;46;36;50;31;21;923
510558;0;0;0;1;0;0;0;0;0;0;0;0;0;1
510562;713;37;53;44;29;32;39;41;45;221;104;101;64;1523
510590;1264;335;295;271;122;107;129;103;166;244;95;157;108;3396
510600;310;23;31;30;24;32;20;28;17;30;17;17;8;587
510610;110;7;5;36;1;6;6;1;2;2;0;0;1;177
510620;230;8;5;6;9;7;2;5;5;9;3;1;4;294
510625;458;16;29;85;22;40;15;12;23;24;31;14;7;776
510630;518;68;89;83;132;156;74;55;85;60;30;20;14;1384
510637;305;17;17;20;17;28;17;13;15;9;9;12;12;491
510650;756;56;39;46;67;38;65;60;57;44;24;25;8;1285
510670;79;1;4;1;3;4;3;1;0;0;2;0;1;99
510675;520;28;19;65;30;76;51;28;18;32;58;33;26;984
510680;395;37;26;20;22;33;33;58;35;24;65;29;27;804
510700;887;71;56;62;85;43;36;58;78;34;64;54;20;1548
510710;464;67;24;55;39;32;21;35;32;58;24;84;22;957
510720;318;11;15;32;19;49;97;37;46;57;114;63;36;894
510729;2;2;0;0;0;0;0;0;0;0;0;0;0;4
510730;505;43;30;61;60;42;75;46;49;81;86;53;37;1168
510760;8703;546;628;782;743;722;572;755;711;764;838;625;451;16840
510770;465;32;16;22;17;22;23;23;17;23;16;27;25;728
510775;115;0;6;1;0;1;0;1;0;10;2;0;1;137
510777;517;61;41;41;65;40;67;70;89;65;122;117;122;1417
510780;81;6;5;7;7;3;8;4;10;8;16;18;9;182
510785;881;29;27;29;27;34;22;33;51;38;18;36;7;1232
510790;3509;368;270;349;380;603;580;535;579;559;537;409;263;8941
510792;2;0;0;0;0;0;0;0;0;0;0;0;0;2
510795;1021;67;79;85;83;110;139;164;138;94;129;94;62;2265
510810;7;0;0;0;0;0;0;0;0;8;0;0;0;15
510820;159;8;12;14;5;2;8;8;2;0;1;2;0;221
510840;9985;733;620;663;740;748;825;955;824;955;798;717;462;19025
520010;195;13;5;13;4;13;4;0;5;9;1;4;4;270
520013;565;37;37;68;38;102;73;43;181;110;41;28;12;1335
520020;44;4;1;1;2;1;0;0;0;0;0;1;0;54
520030;345;25;15;18;28;14;19;11;4;5;6;11;2;503
520050;41;0;0;0;0;0;0;2;0;0;0;0;0;43
520060;255;5;20;4;73;45;72;69;16;14;17;6;11;607
520080;54;0;2;2;1;0;2;1;2;0;0;2;2;68
520085;58;0;8;2;6;3;0;1;0;9;0;1;0;88
520090;117;2;2;0;0;1;0;0;1;0;1;0;1;125
520110;26885;1645;1593;1383;1646;1400;1966;1769;1964;1822;1790;1936;1360;47159
520120;60;5;2;6;0;1;4;1;0;0;0;0;3;82
520130;787;25;25;69;188;98;198;202;191;161;153;122;43;2262
520140;4331;671;529;475;560;643;537;591;573;741;645;547;257;11100
520150;27;1;6;9;2;0;1;4;5;0;0;0;1;56
520160;72;1;7;3;0;3;1;0;7;1;0;1;1;97
520170;433;9;7;2;2;6;7;3;51;2;4;0;0;526
520180;82;2;0;5;3;2;4;0;0;3;6;1;2;110
520215;29;0;2;0;0;5;0;7;3;1;1;6;2;56
520235;105;1;1;0;0;1;0;1;0;0;0;0;2;111
520250;74;1;5;4;7;8;3;2;0;1;2;0;2;109
520260;123;1;11;4;8;5;3;3;2;2;0;1;0;163
520280;62;0;0;9;0;1;0;0;0;0;0;0;0;72
520310;34;1;1;0;1;2;1;0;1;0;0;2;1;44
520320;217;12;18;7;9;26;2;4;1;1;2;0;0;299
520330;909;58;97;23;70;34;30;6;94;12;62;11;14;1420
520340;80;1;2;1;1;3;2;1;0;2;3;0;1;97
520350;639;19;84;64;39;27;65;44;35;47;61;39;31;1194
520360;32;2;0;1;0;0;0;0;2;1;0;1;0;39
520380;456;50;15;2;0;5;4;5;2;1;2;2;3;547
520390;369;18;10;7;10;17;4;7;3;12;4;7;6;474
520400;35;2;1;3;0;0;0;2;5;16;4;4;2;74
520410;255;6;2;15;4;14;14;0;4;4;6;1;3;328
520420;39;1;8;4;3;9;4;0;1;0;1;2;0;72
520425;1640;140;168;97;149;82;347;237;268;249;257;162;72;3868
520430;364;28;12;8;11;19;27;6;8;6;12;17;12;530
520440;488;11;18;16;6;13;18;16;9;7;22;17;16;657
520450;2016;170;133;87;131;243;133;170;143;197;217;259;179;4078
520460;75;5;3;0;11;5;7;15;2;18;9;4;3;157
520465;9;0;0;1;0;1;1;1;0;0;0;0;0;13
520470;142;4;4;3;5;0;3;6;5;3;3;6;1;185
520480;181;9;13;20;2;12;20;47;27;68;28;31;27;485
520490;237;8;17;2;3;1;3;4;6;3;25;2;4;315
520500;250;26;11;3;24;18;106;43;23;7;23;2;2;538
520510;3425;177;74;146;141;121;191;86;133;134;115;163;123;5029
520520;10;0;0;0;1;0;0;0;0;0;0;0;0;11
520530;155;0;8;3;0;6;7;2;2;3;11;99;136;432
520540;1442;67;58;47;53;66;60;50;73;64;39;46;26;2091
520570;68;7;2;0;4;2;1;0;2;0;0;0;1;87
520580;1102;27;36;146;190;68;144;162;113;96;35;22;12;2153
520590;104;10;0;0;0;11;1;0;0;1;1;1;1;130
520620;759;33;4;19;23;12;12;26;18;19;27;23;19;994
520630;49;3;6;2;2;1;4;0;1;2;1;4;0;75
520640;366;15;11;33;19;32;16;21;13;15;17;19;44;621
520650;52;6;9;1;1;1;0;1;2;1;2;0;0;76
520660;105;2;4;2;3;14;2;3;2;1;10;13;3;164
520670;34;0;0;0;0;0;0;0;0;0;0;2;0;36
520680;102;0;2;1;0;0;2;0;2;0;3;0;0;112
520690;83;11;1;4;4;3;7;0;1;0;2;3;1;120
520710;66;6;4;2;2;2;1;0;1;0;0;0;0;84
520725;95;0;15;8;2;4;4;0;0;0;1;0;1;130
520740;189;12;6;2;8;3;18;38;35;68;37;86;7;509
520750;89;0;6;3;1;2;3;0;0;6;0;0;0;110
520760;143;10;1;10;5;5;6;1;3;3;1;2;0;190
520780;232;15;13;5;12;3;1;1;0;1;2;1;1;287
520790;75;0;0;5;2;2;2;7;7;2;4;1;0;107
520800;2007;106;92;142;112;119;147;137;129;160;161;131;119;3562
520810;203;3;2;3;5;9;6;6;2;0;3;5;1;248
520830;67;8;0;2;2;2;6;2;1;12;3;2;0;107
520840;39;1;2;3;1;5;1;22;9;1;4;3;6;97
520850;212;11;4;2;0;1;1;3;1;0;3;4;1;243
520860;2639;92;67;99;116;360;176;148;150;153;125;117;53;4295
520870;255071;14295;14918;10785;10373;11186;12080;11498;11913;12265;11991;12148;7835;396358
520880;632;13;22;11;10;8;18;15;15;6;22;18;12;802
520890;1421;59;39;147;99;89;90;44;57;36;29;36;18;2164
520910;1949;94;107;111;137;169;153;80;75;152;96;105;103;3331
520920;287;16;14;25;34;27;30;27;16;19;10;28;4;537
520940;12;0;3;0;0;0;2;0;1;0;0;0;0;18
520960;55;10;2;4;3;4;0;0;1;1;0;1;1;82
520970;228;12;8;6;13;15;21;7;9;8;7;16;5;355
520980;99;3;1;1;1;3;2;0;1;0;0;0;0;111
520990;64;1;1;6;1;3;0;2;1;1;0;4;0;84
520995;90;3;0;1;0;2;2;2;2;9;1;24;6;142
521000;2254;143;58;132;136;129;229;132;175;139;212;167;103;4009
521010;1125;30;85;40;31;64;45;29;36;40;33;50;25;1633
521020;1514;57;59;69;60;46;64;63;26;54;71;43;28;2154
521030;58;0;4;3;2;1;0;0;0;0;0;0;0;68
521040;743;25;26;29;22;38;31;21;15;22;16;55;24;1067
521060;86;3;0;0;1;3;1;2;1;1;1;0;0;99
521080;170;8;6;15;7;5;21;3;2;4;2;3;7;253
521090;517;18;17;69;111;79;68;75;69;12;29;6;6;1076
521100;256;9;1;2;3;7;3;1;15;3;6;1;1;308
521120;620;13;15;29;48;32;134;46;45;22;53;89;29;1175
521130;128;9;0;3;2;3;2;1;0;0;0;0;5;153
521140;381;58;16;3;9;11;19;6;11;3;12;2;6;537
521150;6720;324;490;427;439;401;363;349;403;323;464;405;286;11394
521160;82;2;5;17;9;5;2;4;11;6;2;0;0;145
521170;675;29;51;48;187;201;272;163;143;106;56;28;6;1965
521180;931;42;40;12;38;30;25;20;17;13;21;40;23;1252
521190;4318;246;213;229;266;132;225;204;181;199;201;175;163;6752
521200;40;3;1;5;1;0;0;0;0;2;0;1;1;54
521210;196;8;4;29;5;31;4;3;0;9;2;2;9;302
521220;1013;53;33;58;53;38;34;20;53;24;35;26;15;1455
521230;146;7;10;6;5;7;6;7;2;4;12;7;13;232
521250;3070;254;222;425;243;246;318;215;222;271;224;276;193;6179
521260;122;0;4;0;0;3;0;0;0;3;0;0;2;134
521270;9;0;0;0;0;0;0;0;0;0;0;0;0;9
521280;264;13;7;5;9;19;10;4;8;8;3;9;5;364
521290;38;3;0;0;0;0;0;0;1;0;0;0;0;42
521300;203;9;11;28;10;16;17;22;9;81;17;4;7;434
521308;2144;39;34;38;43;26;42;83;98;68;93;92;69;2869
521310;2086;60;69;91;76;77;61;79;51;62;81;93;68;2954
521340;133;7;4;12;12;32;47;38;34;11;2;0;0;332
521350;70;1;2;1;0;0;0;1;0;0;0;1;0;76
521370;138;4;0;2;1;2;5;0;13;2;10;8;1;186
521380;1909;63;35;63;81;54;112;138;147;172;120;168;67;3129
521390;237;2;15;4;12;13;11;7;7;1;7;7;1;324
521400;28;2;1;2;4;3;6;4;4;1;6;2;11;74
521405;92;1;4;0;2;1;0;1;0;0;3;0;0;104
521410;92;9;12;7;3;4;5;1;0;0;0;1;1;135
521440;202;15;21;8;54;17;12;9;18;51;29;22;3;461
521450;339;16;21;10;19;46;13;15;18;19;19;32;7;574
521460;3417;95;128;113;96;97;136;86;102;125;135;96;88;4714
521470;71;5;2;1;3;2;2;0;0;0;0;0;0;86
521480;104;0;0;15;0;7;4;1;3;2;14;0;0;150
521483;149;3;4;17;17;8;22;3;6;7;7;4;5;252
521486;177;1;4;17;1;2;8;14;4;5;8;2;1;244
521490;119;15;6;6;11;23;1;4;1;0;0;0;0;186
521500;130;14;4;12;5;8;11;1;2;1;2;7;2;199
521520;106;5;0;2;4;0;1;2;0;0;0;0;4;124
521525;9;1;0;0;0;0;0;0;0;0;0;0;0;10
521530;301;10;6;17;9;7;14;5;9;12;9;2;4;405
521540;80;8;0;0;3;3;1;1;0;1;0;0;16;113
521550;1088;10;14;15;23;15;18;4;61;45;35;22;6;1356
521560;303;17;26;15;9;15;32;1;48;12;7;8;8;501
521570;1532;28;56;72;43;99;59;98;66;70;91;35;81;2330
521580;87;0;0;6;1;3;2;0;0;0;1;0;11;111
521590;121;8;1;0;4;5;0;3;0;4;2;3;2;153
521600;89;6;2;1;0;1;4;0;0;0;0;1;0;104
521630;252;7;19;7;6;7;7;8;9;1;5;4;1;333
521640;476;9;31;16;18;15;26;8;11;15;12;11;7;655
521680;148;3;3;1;4;1;7;0;6;2;0;5;4;184
521690;130;2;0;17;11;3;0;2;1;1;0;1;0;168
521710;966;56;14;22;25;10;7;20;11;16;12;48;20;1227
521720;355;7;13;27;24;5;92;9;13;12;8;10;5;580
521730;459;20;16;20;70;50;44;20;19;24;62;24;19;847
521740;1413;61;120;98;71;60;50;22;49;21;37;43;119;2164
521760;336;25;19;24;30;23;42;13;20;9;14;9;7;571
521770;545;23;9;18;29;69;132;71;74;114;56;23;8;1171
521800;2017;83;96;69;69;143;124;109;111;55;55;55;29;3015
521810;107;4;2;18;12;12;7;3;4;8;3;2;3;185
521830;466;48;10;27;90;44;17;14;23;30;9;14;26;818
521850;1818;83;113;57;77;55;104;83;95;118;153;162;68;2986
521860;432;34;23;12;8;15;17;7;14;16;21;8;19;626
521870;118;9;4;8;8;5;19;4;8;3;7;3;1;197
521880;6382;349;445;459;408;365;386;296;446;380;382;338;260;10896
521890;593;15;22;14;55;45;32;102;46;58;28;29;9;1048
521900;174;11;3;1;3;7;8;3;0;5;12;1;2;230
521910;339;1;1;0;4;8;7;12;9;15;7;9;6;418
521920;92;1;3;4;6;1;2;1;0;0;1;1;0;112
521930;1365;65;74;248;167;55;38;30;63;74;61;86;39;2365
521935;76;1;8;4;1;5;3;0;0;0;0;0;0;98
521940;120;5;3;1;23;5;1;0;1;6;2;2;3;172
521950;87;6;1;3;0;0;0;0;0;0;0;0;0;97
521960;142;7;4;4;6;11;5;24;19;28;13;2;0;265
521970;214;20;15;6;16;2;8;6;6;7;14;1;3;318
521975;46;3;0;0;3;1;0;2;0;6;9;7;1;78
521980;405;115;71;91;88;77;161;75;112;15;17;3;0;1230
521990;185;12;0;11;8;8;19;19;9;4;6;5;4;290
522000;577;26;39;49;52;37;21;33;28;41;25;8;2;938
522010;1174;60;72;62;32;41;121;31;44;43;29;38;23;1770
522020;859;38;64;57;42;32;35;20;28;18;21;29;20;1263
522026;5;0;0;0;0;0;0;0;0;0;0;0;0;5
522040;301;11;20;15;5;14;12;4;2;8;7;5;6;410
522050;191;6;6;13;1;7;6;33;33;20;15;52;32;415
522060;447;13;12;46;40;14;19;25;14;15;11;11;14;681
522070;31;0;0;1;0;0;0;0;0;0;0;0;0;32
522100;50;3;1;4;1;5;1;1;0;19;6;0;4;95
522130;67;3;2;1;1;0;1;0;0;4;0;0;0;79
522140;1104;46;48;61;78;46;54;41;68;61;51;36;38;1732
522150;123;3;9;5;2;5;0;2;0;1;1;2;4;157
522155;1;0;0;0;0;0;0;1;0;0;0;0;0;2
522160;1627;65;108;65;162;76;52;65;88;70;52;87;87;2604
522170;264;18;13;9;7;8;6;7;4;4;5;11;2;358
522180;99;1;4;6;3;7;5;0;0;2;4;0;0;131
522190;107;3;6;0;7;0;3;1;0;0;6;0;0;133
522200;166;5;5;10;12;20;38;67;50;62;27;5;9;476
522205;139;4;12;24;7;3;1;2;1;0;2;4;2;201
529999;14271;837;564;790;619;794;844;753;994;668;682;611;412;22839
530010;483138;15727;20513;15924;14859;15261;16180;15625;14876;14998;16274;13979;10630;667984
{ñ class};372870;33297;22702;28510;28671;30241;34176;35648;33982;36205;34625;29644;22045;742616
Total;20319856;1145513;958734;1010555;1003850;1105397;1169848;1193573;1190725;1207381;1202108;1095726;757272;33360538
